{"links": [{"op": "none", "target": 0, "source": 16}, {"op": "none", "target": 1, "source": 44}, {"op": "none", "target": 2, "source": 44}, {"op": "none", "target": 3, "source": 44}, {"op": "none", "target": 4, "source": 44}, {"op": "none", "target": 5, "source": 44}, {"op": "none", "target": 6, "source": 44}, {"op": "none", "target": 7, "source": 44}, {"op": "none", "target": 8, "source": 44}, {"op": "none", "target": 9, "source": 44}, {"op": "none", "target": 10, "source": 44}, {"op": "none", "target": 11, "source": 44}, {"op": "none", "target": 12, "source": 44}, {"op": "none", "target": 13, "source": 44}, {"op": "none", "target": 14, "source": 44}, {"op": "none", "target": 15, "source": 44}, {"op": "none", "target": 16, "source": 44}, {"op": "none", "target": 17, "source": 44}, {"op": "none", "target": 18, "source": 44}, {"op": "none", "target": 19, "source": 44}, {"op": "none", "target": 20, "source": 44}, {"op": "none", "target": 21, "source": 44}, {"op": "none", "target": 22, "source": 44}, {"op": "none", "target": 23, "source": 50}, {"op": "none", "target": 24, "source": 44}, {"op": "none", "target": 25, "source": 44}, {"op": "none", "target": 26, "source": 44}, {"op": "none", "target": 27, "source": 44}, {"op": "none", "target": 28, "source": 44}, {"op": "none", "target": 29, "source": 44}, {"op": "none", "target": 30, "source": 44}, {"op": "none", "target": 31, "source": 44}, {"op": "none", "target": 32, "source": 44}, {"op": "none", "target": 33, "source": 44}, {"op": "none", "target": 34, "source": 44}, {"op": "none", "target": 35, "source": 44}, {"op": "none", "target": 36, "source": 44}, {"op": "none", "target": 37, "source": 44}, {"op": "none", "target": 38, "source": 44}, {"op": "none", "target": 39, "source": 44}, {"op": "none", "target": 40, "source": 44}, {"op": "none", "target": 41, "source": 44}, {"op": "none", "target": 42, "source": 44}, {"op": "none", "target": 43, "source": 44}, {"op": "none", "target": 45, "source": 44}, {"op": "none", "target": 46, "source": 44}, {"op": "none", "target": 47, "source": 44}, {"op": "none", "target": 48, "source": 44}, {"op": "none", "target": 49, "source": 44}, {"op": "none", "target": 50, "source": 44}, {"op": "none", "target": 51, "source": 44}, {"op": "none", "target": 52, "source": 44}, {"op": "none", "target": 53, "source": 44}, {"op": "none", "target": 54, "source": 44}, {"op": "none", "target": 55, "source": 44}, {"op": "none", "target": 56, "source": 44}], "title": "_This_kid's_face_in_a_magnifying_plate", "nodes": [{"id": "g004_dg7sr34", "comment": "Pffft. Amateur.\n\n\n\n\n\n\n\n\n\n\n\n\n\n\n\n\n\n\n\n\n\n\n\n\n\n\n\n\nhttp://i.imgur.com/yCPswLB.png", "date": "2017-04-13 12:27:35", "seriesname": "g004_dg7sr34", "file": "/media/jbrogan4/scratch2/Reddit_Prov_Dataset_v5/_This_kid's_face_in_a_magnifying_plate/g004_dg7sr34.png", "URL": "http://i.imgur.com/yCPswLB.png", "fileid": "g004_dg7sr34.png"}, {"id": "g004_dg7vo07", "comment": "[The spice must flow...](http://imgur.com/Ej3Eobx)", "date": "2017-04-13 13:19:26", "seriesname": "g004_dg7vo07", "file": "/media/jbrogan4/scratch2/Reddit_Prov_Dataset_v5/_This_kid's_face_in_a_magnifying_plate/g004_dg7vo07.png", "URL": "http://i.imgur.com/Ej3Eobx.png", "fileid": "g004_dg7vo07.png"}, {"id": "g004_dg7hqxi", "comment": "http://i.imgur.com/wmi0XqF.jpg", "date": "2017-04-13 08:49:30", "seriesname": "g004_dg7hqxi", "file": "/media/jbrogan4/scratch2/Reddit_Prov_Dataset_v5/_This_kid's_face_in_a_magnifying_plate/g004_dg7hqxi.jpg", "URL": "http://i.imgur.com/wmi0XqF.jpg", "fileid": "g004_dg7hqxi.jpg"}, {"id": "g004_dg7iima", "comment": "Open your mind! http://i.imgur.com/XvHlSeu.jpg", "date": "2017-04-13 09:08:53", "seriesname": "g004_dg7iima", "file": "/media/jbrogan4/scratch2/Reddit_Prov_Dataset_v5/_This_kid's_face_in_a_magnifying_plate/g004_dg7iima.jpg", "URL": "http://i.imgur.com/XvHlSeu.jpg", "fileid": "g004_dg7iima.jpg"}, {"id": "g004_dg7gokf", "comment": "[They aren't going to GasTown](https://i.imgur.com/T9IA8JV.jpg) ", "date": "2017-04-13 08:19:56", "seriesname": "g004_dg7gokf", "file": "/media/jbrogan4/scratch2/Reddit_Prov_Dataset_v5/_This_kid's_face_in_a_magnifying_plate/g004_dg7gokf.jpg", "URL": "https://i.imgur.com/T9IA8JV.jpg", "fileid": "g004_dg7gokf.jpg"}, {"id": "g004_dg86fmn", "comment": "[4 8 15 16 23 42](http://i.imgur.com/oiChON7.jpg)", "date": "2017-04-13 16:33:01", "seriesname": "g004_dg86fmn", "file": "/media/jbrogan4/scratch2/Reddit_Prov_Dataset_v5/_This_kid's_face_in_a_magnifying_plate/g004_dg86fmn.jpg", "URL": "http://i.imgur.com/oiChON7.jpg", "fileid": "g004_dg86fmn.jpg"}, {"id": "g004_dg7ipn2", "comment": "[open your mind....](http://i.imgur.com/LHNDptY.jpg)", "date": "2017-04-13 09:13:36", "seriesname": "g004_dg7ipn2", "file": "/media/jbrogan4/scratch2/Reddit_Prov_Dataset_v5/_This_kid's_face_in_a_magnifying_plate/g004_dg7ipn2.jpg", "URL": "http://i.imgur.com/LHNDptY.jpg", "fileid": "g004_dg7ipn2.jpg"}, {"id": "g004_dg7enl3", "comment": "http://i.imgur.com/E3fyjir.jpg\n\n^^sorry. ^^/u/i_am_a_bot_ama/", "date": "2017-04-13 07:08:30", "seriesname": "g004_dg7enl3", "file": "/media/jbrogan4/scratch2/Reddit_Prov_Dataset_v5/_This_kid's_face_in_a_magnifying_plate/g004_dg7enl3.jpg", "URL": "http://i.imgur.com/E3fyjir.jpg", "fileid": "g004_dg7enl3.jpg"}, {"id": "g004_dg7ev48", "comment": "[Supermans greatest enemy, finally defeated.](http://i.imgur.com/WDImrbG.jpg) ", "date": "2017-04-13 07:16:52", "seriesname": "g004_dg7ev48", "file": "/media/jbrogan4/scratch2/Reddit_Prov_Dataset_v5/_This_kid's_face_in_a_magnifying_plate/g004_dg7ev48.jpg", "URL": "http://i.imgur.com/WDImrbG.jpg", "fileid": "g004_dg7ev48.jpg"}, {"id": "g004_dg7qnh5", "comment": "[Dr. Hector and the fantastic mirror](http://i.imgur.com/pxVh0rW.jpg)", "date": "2017-04-13 11:50:26", "seriesname": "g004_dg7qnh5", "file": "/media/jbrogan4/scratch2/Reddit_Prov_Dataset_v5/_This_kid's_face_in_a_magnifying_plate/g004_dg7qnh5.jpg", "URL": "http://i.imgur.com/pxVh0rW.jpg", "fileid": "g004_dg7qnh5.jpg"}, {"id": "g004_dg7qg76", "comment": "[I'll see you again..](http://i.imgur.com/NyaRBcp.png)", "date": "2017-04-13 11:46:51", "seriesname": "g004_dg7qg76", "file": "/media/jbrogan4/scratch2/Reddit_Prov_Dataset_v5/_This_kid's_face_in_a_magnifying_plate/g004_dg7qg76.png", "URL": "http://i.imgur.com/NyaRBcp.png", "fileid": "g004_dg7qg76.png"}, {"id": "g004_dg7dh68", "comment": "[Harry, I show not your face but your heart's desire](http://i.imgur.com/zaFEvYO.png)", "date": "2017-04-13 06:13:26", "seriesname": "g004_dg7dh68", "file": "/media/jbrogan4/scratch2/Reddit_Prov_Dataset_v5/_This_kid's_face_in_a_magnifying_plate/g004_dg7dh68.png", "URL": "http://i.imgur.com/zaFEvYO.png", "fileid": "g004_dg7dh68.png"}, {"id": "g004_dg7g6j8", "comment": "[Alex, the Not-So-Great](http://imgur.com/wENRKoU)", "date": "2017-04-13 08:04:30", "seriesname": "g004_dg7g6j8", "file": "/media/jbrogan4/scratch2/Reddit_Prov_Dataset_v5/_This_kid's_face_in_a_magnifying_plate/g004_dg7g6j8.png", "URL": "http://i.imgur.com/wENRKoU.png", "fileid": "g004_dg7g6j8.png"}, {"id": "g004_dg7yx4i", "comment": "[In the year 6565...](http://imgur.com/sey1LPu)", "date": "2017-04-13 14:17:00", "seriesname": "g004_dg7yx4i", "file": "/media/jbrogan4/scratch2/Reddit_Prov_Dataset_v5/_This_kid's_face_in_a_magnifying_plate/g004_dg7yx4i.png", "URL": "http://i.imgur.com/sey1LPu.png", "fileid": "g004_dg7yx4i.png"}, {"id": "g004_dg7q7fg", "comment": "[When Superman banishes you to the Phantom Zone](http://i.imgur.com/SxJyHrf.jpg)\n\nEdit: Late to the game I guess. /u/spoonsforeggs beat me to it.", "date": "2017-04-13 11:42:30", "seriesname": "g004_dg7q7fg", "file": "/media/jbrogan4/scratch2/Reddit_Prov_Dataset_v5/_This_kid's_face_in_a_magnifying_plate/g004_dg7q7fg.jpg", "URL": "http://i.imgur.com/SxJyHrf.jpg", "fileid": "g004_dg7q7fg.jpg"}, {"id": "g004_dg7q5vl", "comment": "[I'm not good at this.](http://i.imgur.com/0VYyLRe.jpg)", "date": "2017-04-13 11:41:45", "seriesname": "g004_dg7q5vl", "file": "/media/jbrogan4/scratch2/Reddit_Prov_Dataset_v5/_This_kid's_face_in_a_magnifying_plate/g004_dg7q5vl.jpg", "URL": "http://i.imgur.com/0VYyLRe.jpg", "fileid": "g004_dg7q5vl.jpg"}, {"id": "g004_dg7enqg", "comment": "[Toddler](http://imgur.com/84jOLgl)", "date": "2017-04-13 07:08:40", "seriesname": "g004_dg7enqg", "file": "/media/jbrogan4/scratch2/Reddit_Prov_Dataset_v5/_This_kid's_face_in_a_magnifying_plate/g004_dg7enqg.png", "URL": "http://i.imgur.com/84jOLgl.png", "fileid": "g004_dg7enqg.png"}, {"id": "g004_dg7g5k8", "comment": "[Not Penny's Boat](http://imgur.com/dB3Js12)", "date": "2017-04-13 08:03:36", "seriesname": "g004_dg7g5k8", "file": "/media/jbrogan4/scratch2/Reddit_Prov_Dataset_v5/_This_kid's_face_in_a_magnifying_plate/g004_dg7g5k8.png", "URL": "http://i.imgur.com/dB3Js12.png", "fileid": "g004_dg7g5k8.png"}, {"id": "g004_dg8872s", "comment": "[Cloud_BABY](http://i.imgur.com/Hr2OVSK.jpg) better late than never.", "date": "2017-04-13 17:06:40", "seriesname": "g004_dg8872s", "file": "/media/jbrogan4/scratch2/Reddit_Prov_Dataset_v5/_This_kid's_face_in_a_magnifying_plate/g004_dg8872s.jpg", "URL": "http://i.imgur.com/Hr2OVSK.jpg", "fileid": "g004_dg8872s.jpg"}, {"id": "g004_dg7gpx6", "comment": "[How come nobody made this yet?](http://i.imgur.com/U87gmWu.png)\n\nBe gentle, it's my first one.", "date": "2017-04-13 08:21:04", "seriesname": "g004_dg7gpx6", "file": "/media/jbrogan4/scratch2/Reddit_Prov_Dataset_v5/_This_kid's_face_in_a_magnifying_plate/g004_dg7gpx6.png", "URL": "http://i.imgur.com/U87gmWu.png", "fileid": "g004_dg7gpx6.png"}, {"id": "g004_dg7eur7", "comment": "http://imgur.com/iNnqXwD\nObviously...", "date": "2017-04-13 07:16:27", "seriesname": "g004_dg7eur7", "file": "/media/jbrogan4/scratch2/Reddit_Prov_Dataset_v5/_This_kid's_face_in_a_magnifying_plate/g004_dg7eur7.png", "URL": "http://i.imgur.com/iNnqXwD.png", "fileid": "g004_dg7eur7.png"}, {"id": "g004_dg7eyd3", "comment": "[My god, it's full of stars!](http://imgur.com/gIRnLTK)", "date": "2017-04-13 07:20:31", "seriesname": "g004_dg7eyd3", "file": "/media/jbrogan4/scratch2/Reddit_Prov_Dataset_v5/_This_kid's_face_in_a_magnifying_plate/g004_dg7eyd3.png", "URL": "http://i.imgur.com/gIRnLTK.png", "fileid": "g004_dg7eyd3.png"}, {"id": "g004_dg7iyuj", "comment": "[Now You See Me make the rain stop ](http://i.imgur.com/sFd7zox.jpg)", "date": "2017-04-13 09:19:45", "seriesname": "g004_dg7iyuj", "file": "/media/jbrogan4/scratch2/Reddit_Prov_Dataset_v5/_This_kid's_face_in_a_magnifying_plate/g004_dg7iyuj.jpg", "URL": "http://i.imgur.com/sFd7zox.jpg", "fileid": "g004_dg7iyuj.jpg"}, {"id": "g004_dg7h3ck", "comment": "Oh man I am [way late](http://i.imgur.com/hEFIhCv.jpg).", "date": "2017-04-13 08:31:45", "seriesname": "g004_dg7h3ck", "file": "/media/jbrogan4/scratch2/Reddit_Prov_Dataset_v5/_This_kid's_face_in_a_magnifying_plate/g004_dg7h3ck.jpg", "URL": "http://i.imgur.com/hEFIhCv.jpg).", "fileid": "g004_dg7h3ck."}, {"id": "g004_dg7d1n9", "comment": "[Coming to Netflix this summer!](https://i.imgur.com/KmFUyKl.jpg)", "date": "2017-04-13 05:51:50", "seriesname": "g004_dg7d1n9", "file": "/media/jbrogan4/scratch2/Reddit_Prov_Dataset_v5/_This_kid's_face_in_a_magnifying_plate/g004_dg7d1n9.jpg", "URL": "https://i.imgur.com/KmFUyKl.jpg", "fileid": "g004_dg7d1n9.jpg"}, {"id": "g004_dg8e6xw", "comment": "[TETSUO!!!](http://imgur.com/hA9LVCt)\n\nI'm really bad at this. Hopefully someone will take my idea and make it better. [Here is the picture I'm basing it on](http://imgur.com/JwVD3Wn).", "date": "2017-04-13 19:14:42", "seriesname": "g004_dg8e6xw", "file": "/media/jbrogan4/scratch2/Reddit_Prov_Dataset_v5/_This_kid's_face_in_a_magnifying_plate/g004_dg8e6xw.png", "URL": "http://i.imgur.com/JwVD3Wn)..png", "fileid": "g004_dg8e6xw.png"}, {"id": "g004_dg7mc2y", "comment": "[y tho](https://i.imgur.com/kRBKPtM.jpg)", "date": "2017-04-13 10:31:12", "seriesname": "g004_dg7mc2y", "file": "/media/jbrogan4/scratch2/Reddit_Prov_Dataset_v5/_This_kid's_face_in_a_magnifying_plate/g004_dg7mc2y.jpg", "URL": "https://i.imgur.com/kRBKPtM.jpg", "fileid": "g004_dg7mc2y.jpg"}, {"id": "g004_dg7ous4", "comment": "[This kid's Face of Boe in a magnifying plate](http://imgur.com/aQtJvhv)", "date": "2017-04-13 11:18:32", "seriesname": "g004_dg7ous4", "file": "/media/jbrogan4/scratch2/Reddit_Prov_Dataset_v5/_This_kid's_face_in_a_magnifying_plate/g004_dg7ous4.png", "URL": "http://i.imgur.com/aQtJvhv.png", "fileid": "g004_dg7ous4.png"}, {"id": "g004_dg7s2f7", "comment": "[The Espers](http://imgur.com/G2l06mi)", "date": "2017-04-13 12:15:32", "seriesname": "g004_dg7s2f7", "file": "/media/jbrogan4/scratch2/Reddit_Prov_Dataset_v5/_This_kid's_face_in_a_magnifying_plate/g004_dg7s2f7.png", "URL": "http://i.imgur.com/G2l06mi.png", "fileid": "g004_dg7s2f7.png"}, {"id": "g004_dg89w68", "comment": "Restored Painting.  http://imgur.com/tekEL2A", "date": "2017-04-13 17:41:07", "seriesname": "g004_dg89w68", "file": "/media/jbrogan4/scratch2/Reddit_Prov_Dataset_v5/_This_kid's_face_in_a_magnifying_plate/g004_dg89w68.png", "URL": "http://i.imgur.com/tekEL2A.png", "fileid": "g004_dg89w68.png"}, {"id": "g004_dg7ezae", "comment": "[\"STOP MAGNIFYING ME\"](http://imgur.com/HwzcHBS)", "date": "2017-04-13 07:21:32", "seriesname": "g004_dg7ezae", "file": "/media/jbrogan4/scratch2/Reddit_Prov_Dataset_v5/_This_kid's_face_in_a_magnifying_plate/g004_dg7ezae.png", "URL": "http://i.imgur.com/HwzcHBS.png", "fileid": "g004_dg7ezae.png"}, {"id": "g004_dg7ghyg", "comment": "http://i.imgur.com/kDKzG8W.jpg", "date": "2017-04-13 08:14:25", "seriesname": "g004_dg7ghyg", "file": "/media/jbrogan4/scratch2/Reddit_Prov_Dataset_v5/_This_kid's_face_in_a_magnifying_plate/g004_dg7ghyg.jpg", "URL": "http://i.imgur.com/kDKzG8W.jpg", "fileid": "g004_dg7ghyg.jpg"}, {"id": "g004_dg7jfej", "comment": "[The Spice must flow.](http://i.imgur.com/nb5l8S2.jpg)", "date": "2017-04-13 09:30:17", "seriesname": "g004_dg7jfej", "file": "/media/jbrogan4/scratch2/Reddit_Prov_Dataset_v5/_This_kid's_face_in_a_magnifying_plate/g004_dg7jfej.jpg", "URL": "http://i.imgur.com/nb5l8S2.jpg", "fileid": "g004_dg7jfej.jpg"}, {"id": "g004_dg7hnxp", "comment": "[I only have one question](http://i.imgur.com/7bdWOme.png)", "date": "2017-04-13 08:47:17", "seriesname": "g004_dg7hnxp", "file": "/media/jbrogan4/scratch2/Reddit_Prov_Dataset_v5/_This_kid's_face_in_a_magnifying_plate/g004_dg7hnxp.png", "URL": "http://i.imgur.com/7bdWOme.png", "fileid": "g004_dg7hnxp.png"}, {"id": "g004_dg7gs88", "comment": "[The Almighty Krang](http://i.imgur.com/KmorE2y.jpg)", "date": "2017-04-13 08:22:58", "seriesname": "g004_dg7gs88", "file": "/media/jbrogan4/scratch2/Reddit_Prov_Dataset_v5/_This_kid's_face_in_a_magnifying_plate/g004_dg7gs88.jpg", "URL": "http://i.imgur.com/KmorE2y.jpg", "fileid": "g004_dg7gs88.jpg"}, {"id": "g004_dg7kryq", "comment": "[You are what you do. A man is defined by his actions, not his memory. ](http://i.imgur.com/ZP8bW3b.png)", "date": "2017-04-13 09:59:39", "seriesname": "g004_dg7kryq", "file": "/media/jbrogan4/scratch2/Reddit_Prov_Dataset_v5/_This_kid's_face_in_a_magnifying_plate/g004_dg7kryq.png", "URL": "http://i.imgur.com/ZP8bW3b.png", "fileid": "g004_dg7kryq.png"}, {"id": "g004_dg7l4kg", "comment": "Luigi Help Me!!\n\nhttp://imgur.com/ekfnjL4", "date": "2017-04-13 10:07:04", "seriesname": "g004_dg7l4kg", "file": "/media/jbrogan4/scratch2/Reddit_Prov_Dataset_v5/_This_kid's_face_in_a_magnifying_plate/g004_dg7l4kg.png", "URL": "http://i.imgur.com/ekfnjL4.png", "fileid": "g004_dg7l4kg.png"}, {"id": "g004_dg7omnc", "comment": "[Not fully developed](http://i.imgur.com/wf6TRVa.jpg)", "date": "2017-04-13 11:14:21", "seriesname": "g004_dg7omnc", "file": "/media/jbrogan4/scratch2/Reddit_Prov_Dataset_v5/_This_kid's_face_in_a_magnifying_plate/g004_dg7omnc.jpg", "URL": "http://i.imgur.com/wf6TRVa.jpg", "fileid": "g004_dg7omnc.jpg"}, {"id": "g004_dg7gnej", "comment": "[The Creation of Adam](http://imgur.com/vAFHBIT)", "date": "2017-04-13 08:18:57", "seriesname": "g004_dg7gnej", "file": "/media/jbrogan4/scratch2/Reddit_Prov_Dataset_v5/_This_kid's_face_in_a_magnifying_plate/g004_dg7gnej.png", "URL": "http://i.imgur.com/vAFHBIT.png", "fileid": "g004_dg7gnej.png"}, {"id": "g004_dg7cajc", "comment": "[Mirror, mirror.](https://imgur.com/CfOSEWq)", "date": "2017-04-13 05:13:23", "seriesname": "g004_dg7cajc", "file": "/media/jbrogan4/scratch2/Reddit_Prov_Dataset_v5/_This_kid's_face_in_a_magnifying_plate/g004_dg7cajc.png", "URL": "http://i.imgur.com/CfOSEWq.png", "fileid": "g004_dg7cajc.png"}, {"id": "g004_dg7j6v2", "comment": "[TETSUUOOOOO](http://i.imgur.com/2CvVYEM.jpg)\n\nBe gentle, I don't do this much. :P", "date": "2017-04-13 09:24:55", "seriesname": "g004_dg7j6v2", "file": "/media/jbrogan4/scratch2/Reddit_Prov_Dataset_v5/_This_kid's_face_in_a_magnifying_plate/g004_dg7j6v2.jpg", "URL": "http://i.imgur.com/2CvVYEM.jpg", "fileid": "g004_dg7j6v2.jpg"}, {"id": "g004_dg8zyf4", "comment": "http://i.imgur.com/0EdZSKW.jpg", "date": "2017-04-14 06:44:56", "seriesname": "g004_dg8zyf4", "file": "/media/jbrogan4/scratch2/Reddit_Prov_Dataset_v5/_This_kid's_face_in_a_magnifying_plate/g004_dg8zyf4.jpg", "URL": "http://i.imgur.com/0EdZSKW.jpg", "fileid": "g004_dg8zyf4.jpg"}, {"id": "g004_dg7g6xo", "comment": "The *birth* of a new [meme.](http://imgur.com/PboPUgB)", "date": "2017-04-13 08:04:51", "seriesname": "g004_dg7g6xo", "file": "/media/jbrogan4/scratch2/Reddit_Prov_Dataset_v5/_This_kid's_face_in_a_magnifying_plate/g004_dg7g6xo.png", "URL": "http://i.imgur.com/PboPUgB.png", "fileid": "g004_dg7g6xo.png"}, {"id": "g004_dg7lwmr", "comment": "http://imgur.com/K1wii08", "date": "2017-04-13 10:22:47", "seriesname": "g004_dg7lwmr", "file": "/media/jbrogan4/scratch2/Reddit_Prov_Dataset_v5/_This_kid's_face_in_a_magnifying_plate/g004_dg7lwmr.png", "URL": "http://i.imgur.com/K1wii08.png", "fileid": "g004_dg7lwmr.png"}, {"id": "g004_root", "comment": "", "date": "2017-04-13 04:56:07", "seriesname": "g004_root", "file": "/media/jbrogan4/scratch2/Reddit_Prov_Dataset_v5/_This_kid's_face_in_a_magnifying_plate/g004_root.jpg", "URL": "http://i.imgur.com/AxyHtuV.jpg", "fileid": "g004_root.jpg"}, {"id": "g004_dg7gnju", "comment": "Sorry, you're right. [how's this?](http://imgur.com/A5CXoyU)", "date": "2017-04-13 08:19:05", "seriesname": "g004_dg7gnju", "file": "/media/jbrogan4/scratch2/Reddit_Prov_Dataset_v5/_This_kid's_face_in_a_magnifying_plate/g004_dg7gnju.png", "URL": "http://i.imgur.com/A5CXoyU.png", "fileid": "g004_dg7gnju.png"}, {"id": "g004_dg7f06u", "comment": "[Phantom Zone](http://imgur.com/xrmGncw)", "date": "2017-04-13 07:22:33", "seriesname": "g004_dg7f06u", "file": "/media/jbrogan4/scratch2/Reddit_Prov_Dataset_v5/_This_kid's_face_in_a_magnifying_plate/g004_dg7f06u.png", "URL": "http://i.imgur.com/xrmGncw.png", "fileid": "g004_dg7f06u.png"}, {"id": "g004_dg7njj3", "comment": "[\"Mister, will you play with us?\"](http://i.imgur.com/vb7iFfd.jpg)", "date": "2017-04-13 10:54:25", "seriesname": "g004_dg7njj3", "file": "/media/jbrogan4/scratch2/Reddit_Prov_Dataset_v5/_This_kid's_face_in_a_magnifying_plate/g004_dg7njj3.jpg", "URL": "http://i.imgur.com/vb7iFfd.jpg", "fileid": "g004_dg7njj3.jpg"}, {"id": "g004_dg7fwrw", "comment": "[When I was a little kid, my mother told me not to stare into the sun.  So once, when I was six, I did.](http://i.imgur.com/DQE90rH.jpg)", "date": "2017-04-13 07:55:31", "seriesname": "g004_dg7fwrw", "file": "/media/jbrogan4/scratch2/Reddit_Prov_Dataset_v5/_This_kid's_face_in_a_magnifying_plate/g004_dg7fwrw.jpg", "URL": "http://i.imgur.com/DQE90rH.jpg", "fileid": "g004_dg7fwrw.jpg"}, {"id": "g004_dg7mle9", "comment": "[\"A Masterpiece of Modern Horror by Stanley Kubrick\"](http://i.imgur.com/iQvTDPc.jpg)", "date": "2017-04-13 10:36:13", "seriesname": "g004_dg7mle9", "file": "/media/jbrogan4/scratch2/Reddit_Prov_Dataset_v5/_This_kid's_face_in_a_magnifying_plate/g004_dg7mle9.jpg", "URL": "http://i.imgur.com/iQvTDPc.jpg", "fileid": "g004_dg7mle9.jpg"}, {"id": "g004_dg7fqcf", "comment": "Popular idea:[Jor-El!!!](http://imgur.com/ocvzV5Z.gif)", "date": "2017-04-13 07:49:24", "seriesname": "g004_dg7fqcf", "file": "/media/jbrogan4/scratch2/Reddit_Prov_Dataset_v5/_This_kid's_face_in_a_magnifying_plate/g004_dg7fqcf.jpg", "URL": "http://imgur.com/ocvzV5Z.gif", "fileid": "g004_dg7fqcf.gif"}, {"id": "g004_dg7jh7m", "comment": "[Fixed](http://i.imgur.com/eIMeiVA.jpg)", "date": "2017-04-13 09:31:24", "seriesname": "g004_dg7jh7m", "file": "/media/jbrogan4/scratch2/Reddit_Prov_Dataset_v5/_This_kid's_face_in_a_magnifying_plate/g004_dg7jh7m.jpg", "URL": "http://i.imgur.com/eIMeiVA.jpg", "fileid": "g004_dg7jh7m.jpg"}, {"id": "g004_dg7o38l", "comment": "My first attempt at photoshopping an image: [Rubber Baby](http://imgur.com/Q6RbqgZ)", "date": "2017-04-13 11:04:28", "seriesname": "g004_dg7o38l", "file": "/media/jbrogan4/scratch2/Reddit_Prov_Dataset_v5/_This_kid's_face_in_a_magnifying_plate/g004_dg7o38l.png", "URL": "http://i.imgur.com/Q6RbqgZ.png", "fileid": "g004_dg7o38l.png"}, {"id": "g004_dg7fphe", "comment": " http://i.imgur.com/glYC5Ec.jpg ", "date": "2017-04-13 07:48:31", "seriesname": "g004_dg7fphe", "file": "/media/jbrogan4/scratch2/Reddit_Prov_Dataset_v5/_This_kid's_face_in_a_magnifying_plate/g004_dg7fphe.jpg", "URL": "http://i.imgur.com/glYC5Ec.jpg", "fileid": "g004_dg7fphe.jpg"}, {"id": "g004_dg7u09u", "comment": "[Trapped in the mirror dimension](http://i.imgur.com/R70hOU3.jpg)", "date": "2017-04-13 12:50:07", "seriesname": "g004_dg7u09u", "file": "/media/jbrogan4/scratch2/Reddit_Prov_Dataset_v5/_This_kid's_face_in_a_magnifying_plate/g004_dg7u09u.jpg", "URL": "http://i.imgur.com/R70hOU3.jpg", "fileid": "g004_dg7u09u.jpg"}, {"id": "g004_dg7ezk2", "comment": "http://i.imgur.com/93XdSHX.jpg\n\nCuuuuuuurse you Superman!!", "date": "2017-04-13 07:21:50", "seriesname": "g004_dg7ezk2", "file": "/media/jbrogan4/scratch2/Reddit_Prov_Dataset_v5/_This_kid's_face_in_a_magnifying_plate/g004_dg7ezk2.jpg", "URL": "http://i.imgur.com/93XdSHX.jpg", "fileid": "g004_dg7ezk2.jpg"}, {"id": "g004_dg7kwg1", "comment": "http://i.imgur.com/jEYVGBa.jpg\n\ny tho?", "date": "2017-04-13 10:02:20", "seriesname": "g004_dg7kwg1", "file": "/media/jbrogan4/scratch2/Reddit_Prov_Dataset_v5/_This_kid's_face_in_a_magnifying_plate/g004_dg7kwg1.jpg", "URL": "http://i.imgur.com/jEYVGBa.jpg", "fileid": "g004_dg7kwg1.jpg"}], "graph": {"name": "g004_root"}, "directed": true}