{"links": [{"op": "none", "target": 0, "source": 40}, {"op": "none", "target": 1, "source": 40}, {"op": "none", "target": 2, "source": 40}, {"op": "none", "target": 3, "source": 40}, {"op": "none", "target": 4, "source": 40}, {"op": "none", "target": 5, "source": 40}, {"op": "none", "target": 6, "source": 40}, {"op": "none", "target": 7, "source": 40}, {"op": "none", "target": 8, "source": 40}, {"op": "none", "target": 9, "source": 2}, {"op": "none", "target": 10, "source": 40}, {"op": "none", "target": 11, "source": 40}, {"op": "none", "target": 12, "source": 40}, {"op": "none", "target": 13, "source": 40}, {"op": "none", "target": 14, "source": 40}, {"op": "none", "target": 15, "source": 40}, {"op": "none", "target": 16, "source": 40}, {"op": "none", "target": 17, "source": 40}, {"op": "none", "target": 18, "source": 40}, {"op": "none", "target": 19, "source": 24}, {"op": "none", "target": 20, "source": 40}, {"op": "none", "target": 21, "source": 40}, {"op": "none", "target": 22, "source": 40}, {"op": "none", "target": 23, "source": 40}, {"op": "none", "target": 24, "source": 40}, {"op": "none", "target": 25, "source": 40}, {"op": "none", "target": 26, "source": 2}, {"op": "none", "target": 27, "source": 40}, {"op": "none", "target": 28, "source": 40}, {"op": "none", "target": 29, "source": 40}, {"op": "none", "target": 30, "source": 40}, {"op": "none", "target": 31, "source": 40}, {"op": "none", "target": 32, "source": 40}, {"op": "none", "target": 33, "source": 40}, {"op": "none", "target": 34, "source": 18}, {"op": "none", "target": 35, "source": 40}, {"op": "none", "target": 36, "source": 40}, {"op": "none", "target": 37, "source": 40}, {"op": "none", "target": 38, "source": 40}, {"op": "none", "target": 39, "source": 12}, {"op": "none", "target": 41, "source": 40}, {"op": "none", "target": 42, "source": 40}, {"op": "none", "target": 43, "source": 40}, {"op": "none", "target": 44, "source": 40}, {"op": "none", "target": 45, "source": 40}, {"op": "none", "target": 46, "source": 40}, {"op": "none", "target": 47, "source": 40}, {"op": "none", "target": 48, "source": 40}, {"op": "none", "target": 49, "source": 40}, {"op": "none", "target": 50, "source": 40}, {"op": "none", "target": 51, "source": 40}, {"op": "none", "target": 52, "source": 40}], "title": "_Man_in_T-Rex_costume_crying_out_in_rain", "nodes": [{"id": "g010_dhab1er", "comment": "[I will avenge my fallen comrade](http://imgur.com/GSBfyj3)", "date": "2017-05-08 11:00:55", "seriesname": "g010_dhab1er", "file": "/media/jbrogan4/scratch2/Reddit_Prov_Dataset_v5/_Man_in_T-Rex_costume_crying_out_in_rain/g010_dhab1er.png", "URL": "http://i.imgur.com/GSBfyj3.png", "fileid": "g010_dhab1er.png"}, {"id": "g010_dhabqm0", "comment": "[T-ReXing](https://i.imgur.com/INGTvTj.png) \n\n", "date": "2017-05-08 11:15:04", "seriesname": "g010_dhabqm0", "file": "/media/jbrogan4/scratch2/Reddit_Prov_Dataset_v5/_Man_in_T-Rex_costume_crying_out_in_rain/g010_dhabqm0.png", "URL": "https://i.imgur.com/INGTvTj.png", "fileid": "g010_dhabqm0.png"}, {"id": "g010_dha7ghv", "comment": "[idk...](http://imgur.com/TLvsWSS.jpg)", "date": "2017-05-08 09:43:55", "seriesname": "g010_dha7ghv", "file": "/media/jbrogan4/scratch2/Reddit_Prov_Dataset_v5/_Man_in_T-Rex_costume_crying_out_in_rain/g010_dha7ghv.jpg", "URL": "http://imgur.com/TLvsWSS.jpg", "fileid": "g010_dha7ghv.jpg"}, {"id": "g010_dhbgt1a", "comment": "[Get off the road!](http://i.imgur.com/Vbaxz0s.jpg)", "date": "2017-05-09 01:41:02", "seriesname": "g010_dhbgt1a", "file": "/media/jbrogan4/scratch2/Reddit_Prov_Dataset_v5/_Man_in_T-Rex_costume_crying_out_in_rain/g010_dhbgt1a.jpg", "URL": "http://i.imgur.com/Vbaxz0s.jpg", "fileid": "g010_dhbgt1a.jpg"}, {"id": "g010_dhbfo3v", "comment": "Predator becomes prey...\nhttp://imgur.com/ZBiMnIW", "date": "2017-05-09 01:01:18", "seriesname": "g010_dhbfo3v", "file": "/media/jbrogan4/scratch2/Reddit_Prov_Dataset_v5/_Man_in_T-Rex_costume_crying_out_in_rain/g010_dhbfo3v.png", "URL": "http://i.imgur.com/ZBiMnIW.png", "fileid": "g010_dhbfo3v.png"}, {"id": "g010_dhaa67t", "comment": "[Another version of the Jurassic Park scene](http://i.imgur.com/qZCaZmS.jpg)", "date": "2017-05-08 10:43:28", "seriesname": "g010_dhaa67t", "file": "/media/jbrogan4/scratch2/Reddit_Prov_Dataset_v5/_Man_in_T-Rex_costume_crying_out_in_rain/g010_dhaa67t.jpg", "URL": "http://i.imgur.com/qZCaZmS.jpg", "fileid": "g010_dhaa67t.jpg"}, {"id": "g010_dhadae8", "comment": "[what a glorious feeling i'm happy again](http://imgur.com/4o15jii)", "date": "2017-05-08 11:45:22", "seriesname": "g010_dhadae8", "file": "/media/jbrogan4/scratch2/Reddit_Prov_Dataset_v5/_Man_in_T-Rex_costume_crying_out_in_rain/g010_dhadae8.png", "URL": "http://i.imgur.com/4o15jii.png", "fileid": "g010_dhadae8.png"}, {"id": "g010_dha7t9i", "comment": "[Internet Hoax, circa 2001.](http://i.imgur.com/DcEYLU5.jpg)", "date": "2017-05-08 09:52:10", "seriesname": "g010_dha7t9i", "file": "/media/jbrogan4/scratch2/Reddit_Prov_Dataset_v5/_Man_in_T-Rex_costume_crying_out_in_rain/g010_dha7t9i.jpg", "URL": "http://i.imgur.com/DcEYLU5.jpg", "fileid": "g010_dha7t9i.jpg"}, {"id": "g010_dhad5jo", "comment": "[What I immediately thought of](http://i.imgur.com/vHwppKA.jpg)", "date": "2017-05-08 11:42:43", "seriesname": "g010_dhad5jo", "file": "/media/jbrogan4/scratch2/Reddit_Prov_Dataset_v5/_Man_in_T-Rex_costume_crying_out_in_rain/g010_dhad5jo.jpg", "URL": "http://i.imgur.com/vHwppKA.jpg", "fileid": "g010_dhad5jo.jpg"}, {"id": "g010_dhaahe7", "comment": "[Hmmm, I wonder where I got the idea from... ;\\)](http://imgur.com/OdqxzN9.jpg)", "date": "2017-05-08 10:49:50", "seriesname": "g010_dhaahe7", "file": "/media/jbrogan4/scratch2/Reddit_Prov_Dataset_v5/_Man_in_T-Rex_costume_crying_out_in_rain/g010_dhaahe7.jpg", "URL": "http://imgur.com/OdqxzN9.jpg", "fileid": "g010_dhaahe7.jpg"}, {"id": "g010_dhab8pf", "comment": "http://i.imgur.com/rwQ0xqo.jpg", "date": "2017-05-08 11:05:05", "seriesname": "g010_dhab8pf", "file": "/media/jbrogan4/scratch2/Reddit_Prov_Dataset_v5/_Man_in_T-Rex_costume_crying_out_in_rain/g010_dhab8pf.jpg", "URL": "http://i.imgur.com/rwQ0xqo.jpg", "fileid": "g010_dhab8pf.jpg"}, {"id": "g010_dhaawpy", "comment": "Had a similar idea but couldn't find an image big enough to fit the posting guidelines, so I'll just post it as a reply here instead\n\nhttps://i.imgur.com/ODAgGJ4.jpg", "date": "2017-05-08 10:58:20", "seriesname": "g010_dhaawpy", "file": "/media/jbrogan4/scratch2/Reddit_Prov_Dataset_v5/_Man_in_T-Rex_costume_crying_out_in_rain/g010_dhaawpy.jpg", "URL": "https://i.imgur.com/ODAgGJ4.jpg", "fileid": "g010_dhaawpy.jpg"}, {"id": "g010_dhagh2b", "comment": "[Platoon](http://i.imgur.com/JUne8nD.png)", "date": "2017-05-08 12:45:30", "seriesname": "g010_dhagh2b", "file": "/media/jbrogan4/scratch2/Reddit_Prov_Dataset_v5/_Man_in_T-Rex_costume_crying_out_in_rain/g010_dhagh2b.png", "URL": "http://i.imgur.com/JUne8nD.png", "fileid": "g010_dhagh2b.png"}, {"id": "g010_dhaea6r", "comment": "There was a [FIRE FIGHT](http://i.imgur.com/tErsEVp.png).", "date": "2017-05-08 12:04:23", "seriesname": "g010_dhaea6r", "file": "/media/jbrogan4/scratch2/Reddit_Prov_Dataset_v5/_Man_in_T-Rex_costume_crying_out_in_rain/g010_dhaea6r.jpg", "URL": "http://i.imgur.com/tErsEVp.png).", "fileid": "g010_dhaea6r."}, {"id": "g010_dhaalpg", "comment": "[Troll food](http://i.xomf.com/syzdz.png)", "date": "2017-05-08 10:52:11", "seriesname": "g010_dhaalpg", "file": "/media/jbrogan4/scratch2/Reddit_Prov_Dataset_v5/_Man_in_T-Rex_costume_crying_out_in_rain/g010_dhaalpg.png", "URL": "http://i.xomf.com/syzdz.png", "fileid": "g010_dhaalpg.png"}, {"id": "g010_dha6tzu", "comment": "[Starnivores.](http://i.imgur.com/VTx16vg.png)", "date": "2017-05-08 09:29:01", "seriesname": "g010_dha6tzu", "file": "/media/jbrogan4/scratch2/Reddit_Prov_Dataset_v5/_Man_in_T-Rex_costume_crying_out_in_rain/g010_dha6tzu.png", "URL": "http://i.imgur.com/VTx16vg.png", "fileid": "g010_dha6tzu.png"}, {"id": "g010_dha773g", "comment": "[T-Rex in a Man costume](http://i.imgur.com/IasrKy3.jpg)", "date": "2017-05-08 09:37:49", "seriesname": "g010_dha773g", "file": "/media/jbrogan4/scratch2/Reddit_Prov_Dataset_v5/_Man_in_T-Rex_costume_crying_out_in_rain/g010_dha773g.jpg", "URL": "http://i.imgur.com/IasrKy3.jpg", "fileid": "g010_dha773g.jpg"}, {"id": "g010_dhaptaf", "comment": "[c-c-c-c-combo-breaker](http://imgur.com/ONaQv2e)\n\nedit: missing layer, derp.", "date": "2017-05-08 15:38:12", "seriesname": "g010_dhaptaf", "file": "/media/jbrogan4/scratch2/Reddit_Prov_Dataset_v5/_Man_in_T-Rex_costume_crying_out_in_rain/g010_dhaptaf.png", "URL": "http://i.imgur.com/ONaQv2e.png", "fileid": "g010_dhaptaf.png"}, {"id": "g010_dha74vi", "comment": "[Can anyone out there play drums!?](http://i.imgur.com/RfM9IKg.png)", "date": "2017-05-08 09:36:21", "seriesname": "g010_dha74vi", "file": "/media/jbrogan4/scratch2/Reddit_Prov_Dataset_v5/_Man_in_T-Rex_costume_crying_out_in_rain/g010_dha74vi.png", "URL": "http://i.imgur.com/RfM9IKg.png", "fileid": "g010_dha74vi.png"}, {"id": "g010_dha6f3f", "comment": "[I just made the same thing =( You were 8 mins faster, good job ](http://i.imgur.com/Pkih1Qr.jpg)", "date": "2017-05-08 09:18:42", "seriesname": "g010_dha6f3f", "file": "/media/jbrogan4/scratch2/Reddit_Prov_Dataset_v5/_Man_in_T-Rex_costume_crying_out_in_rain/g010_dha6f3f.jpg", "URL": "http://i.imgur.com/Pkih1Qr.jpg", "fileid": "g010_dha6f3f.jpg"}, {"id": "g010_dhacva6", "comment": "[Singing in the shower](http://i.imgur.com/LZNPMUL.jpg)", "date": "2017-05-08 11:37:15", "seriesname": "g010_dhacva6", "file": "/media/jbrogan4/scratch2/Reddit_Prov_Dataset_v5/_Man_in_T-Rex_costume_crying_out_in_rain/g010_dhacva6.jpg", "URL": "http://i.imgur.com/LZNPMUL.jpg", "fileid": "g010_dhacva6.jpg"}, {"id": "g010_dhadtwg", "comment": "[Zihuatrexjo](http://i.imgur.com/5ALv1UV.jpg)", "date": "2017-05-08 11:55:42", "seriesname": "g010_dhadtwg", "file": "/media/jbrogan4/scratch2/Reddit_Prov_Dataset_v5/_Man_in_T-Rex_costume_crying_out_in_rain/g010_dhadtwg.jpg", "URL": "http://i.imgur.com/5ALv1UV.jpg", "fileid": "g010_dhadtwg.jpg"}, {"id": "g010_dha9cc2", "comment": "[Godzilla](http://i.imgur.com/n5U6WAn.jpg)", "date": "2017-05-08 10:26:04", "seriesname": "g010_dha9cc2", "file": "/media/jbrogan4/scratch2/Reddit_Prov_Dataset_v5/_Man_in_T-Rex_costume_crying_out_in_rain/g010_dha9cc2.jpg", "URL": "http://i.imgur.com/n5U6WAn.jpg", "fileid": "g010_dha9cc2.jpg"}, {"id": "g010_dhac8r7", "comment": "[Predators](http://imgur.com/LCS3ztb) ", "date": "2017-05-08 11:25:08", "seriesname": "g010_dhac8r7", "file": "/media/jbrogan4/scratch2/Reddit_Prov_Dataset_v5/_Man_in_T-Rex_costume_crying_out_in_rain/g010_dhac8r7.png", "URL": "http://i.imgur.com/LCS3ztb.png", "fileid": "g010_dhac8r7.png"}, {"id": "g010_dha5yh6", "comment": "[Get rid of the flare](http://i.imgur.com/aCofUMp.jpg)", "date": "2017-05-08 09:06:47", "seriesname": "g010_dha5yh6", "file": "/media/jbrogan4/scratch2/Reddit_Prov_Dataset_v5/_Man_in_T-Rex_costume_crying_out_in_rain/g010_dha5yh6.jpg", "URL": "http://i.imgur.com/aCofUMp.jpg", "fileid": "g010_dha5yh6.jpg"}, {"id": "g010_dhb1xk6", "comment": "http://imgur.com/3XX6ukz", "date": "2017-05-08 19:36:31", "seriesname": "g010_dhb1xk6", "file": "/media/jbrogan4/scratch2/Reddit_Prov_Dataset_v5/_Man_in_T-Rex_costume_crying_out_in_rain/g010_dhb1xk6.png", "URL": "http://i.imgur.com/3XX6ukz.png", "fileid": "g010_dhb1xk6.png"}, {"id": "g010_dha8skg", "comment": "http://imgur.com/EEKsQ4f.jpg", "date": "2017-05-08 10:14:14", "seriesname": "g010_dha8skg", "file": "/media/jbrogan4/scratch2/Reddit_Prov_Dataset_v5/_Man_in_T-Rex_costume_crying_out_in_rain/g010_dha8skg.jpg", "URL": "http://imgur.com/EEKsQ4f.jpg", "fileid": "g010_dha8skg.jpg"}, {"id": "g010_dhaqqni", "comment": "Based.. on a true story.. \n\nhttp://imgur.com/u5qe2DB", "date": "2017-05-08 15:54:46", "seriesname": "g010_dhaqqni", "file": "/media/jbrogan4/scratch2/Reddit_Prov_Dataset_v5/_Man_in_T-Rex_costume_crying_out_in_rain/g010_dhaqqni.png", "URL": "http://i.imgur.com/u5qe2DB.png", "fileid": "g010_dhaqqni.png"}, {"id": "g010_dhau6ih", "comment": "[A man riding a dinosaur](http://imgur.com/1iG9eMH)", "date": "2017-05-08 16:56:12", "seriesname": "g010_dhau6ih", "file": "/media/jbrogan4/scratch2/Reddit_Prov_Dataset_v5/_Man_in_T-Rex_costume_crying_out_in_rain/g010_dhau6ih.png", "URL": "http://i.imgur.com/1iG9eMH.png", "fileid": "g010_dhau6ih.png"}, {"id": "g010_dha4pcz", "comment": "[Nooooooooooo](http://i.imgur.com/skhC8Mp.jpg)", "date": "2017-05-08 08:31:10", "seriesname": "g010_dha4pcz", "file": "/media/jbrogan4/scratch2/Reddit_Prov_Dataset_v5/_Man_in_T-Rex_costume_crying_out_in_rain/g010_dha4pcz.jpg", "URL": "http://i.imgur.com/skhC8Mp.jpg", "fileid": "g010_dha4pcz.jpg"}, {"id": "g010_dha7uxv", "comment": "[Hazmat situation is no reason to not have fun](http://i.imgur.com/KT7PJRB.png)", "date": "2017-05-08 09:53:14", "seriesname": "g010_dha7uxv", "file": "/media/jbrogan4/scratch2/Reddit_Prov_Dataset_v5/_Man_in_T-Rex_costume_crying_out_in_rain/g010_dha7uxv.png", "URL": "http://i.imgur.com/KT7PJRB.png", "fileid": "g010_dha7uxv.png"}, {"id": "g010_dha78y9", "comment": "[horror of the forest](http://i.imgur.com/bTRcnFJ.jpg)", "date": "2017-05-08 09:39:04", "seriesname": "g010_dha78y9", "file": "/media/jbrogan4/scratch2/Reddit_Prov_Dataset_v5/_Man_in_T-Rex_costume_crying_out_in_rain/g010_dha78y9.jpg", "URL": "http://i.imgur.com/bTRcnFJ.jpg", "fileid": "g010_dha78y9.jpg"}, {"id": "g010_dhagkfg", "comment": "[Cretaceous Republic](http://i.imgur.com/LiGnUEZ.png)", "date": "2017-05-08 12:47:13", "seriesname": "g010_dhagkfg", "file": "/media/jbrogan4/scratch2/Reddit_Prov_Dataset_v5/_Man_in_T-Rex_costume_crying_out_in_rain/g010_dhagkfg.png", "URL": "http://i.imgur.com/LiGnUEZ.png", "fileid": "g010_dhagkfg.png"}, {"id": "g010_dhapdyh", "comment": "[Watch out, New York...](http://i.imgur.com/h6YQ6Hz.png)", "date": "2017-05-08 15:30:32", "seriesname": "g010_dhapdyh", "file": "/media/jbrogan4/scratch2/Reddit_Prov_Dataset_v5/_Man_in_T-Rex_costume_crying_out_in_rain/g010_dhapdyh.png", "URL": "http://i.imgur.com/h6YQ6Hz.png", "fileid": "g010_dhapdyh.png"}, {"id": "g010_dhavatb", "comment": "Whoever said he should be in t.rex, he's a fan that got pulled on stage\n\nbut [t.rex is one of his favorite bands](http://i.imgur.com/aE0bZNL.png)", "date": "2017-05-08 17:17:14", "seriesname": "g010_dhavatb", "file": "/media/jbrogan4/scratch2/Reddit_Prov_Dataset_v5/_Man_in_T-Rex_costume_crying_out_in_rain/g010_dhavatb.png", "URL": "http://i.imgur.com/aE0bZNL.png", "fileid": "g010_dhavatb.png"}, {"id": "g010_dha8ke4", "comment": "[Cutout](http://i.imgur.com/Ulvnqhf.png)\n\nWill update with imgur upload once imgur stops being down for me.", "date": "2017-05-08 10:09:12", "seriesname": "g010_dha8ke4", "file": "/media/jbrogan4/scratch2/Reddit_Prov_Dataset_v5/_Man_in_T-Rex_costume_crying_out_in_rain/g010_dha8ke4.png", "URL": "http://i.imgur.com/Ulvnqhf.png", "fileid": "g010_dha8ke4.png"}, {"id": "g010_dhaie3s", "comment": "[TREX:Legacy](http://imgur.com/CPQFHGd)\n\n(i hope im not too late)", "date": "2017-05-08 13:21:13", "seriesname": "g010_dhaie3s", "file": "/media/jbrogan4/scratch2/Reddit_Prov_Dataset_v5/_Man_in_T-Rex_costume_crying_out_in_rain/g010_dhaie3s.png", "URL": "http://i.imgur.com/CPQFHGd.png", "fileid": "g010_dhaie3s.png"}, {"id": "g010_dhadst9", "comment": "[T-Relax](http://i.imgur.com/SuKjWCn.jpg)", "date": "2017-05-08 11:55:07", "seriesname": "g010_dhadst9", "file": "/media/jbrogan4/scratch2/Reddit_Prov_Dataset_v5/_Man_in_T-Rex_costume_crying_out_in_rain/g010_dhadst9.jpg", "URL": "http://i.imgur.com/SuKjWCn.jpg", "fileid": "g010_dhadst9.jpg"}, {"id": "g010_dhai54e", "comment": "[The real reason the titanic sank so fast..](http://imgur.com/bNIKWYS) ", "date": "2017-05-08 13:16:36", "seriesname": "g010_dhai54e", "file": "/media/jbrogan4/scratch2/Reddit_Prov_Dataset_v5/_Man_in_T-Rex_costume_crying_out_in_rain/g010_dhai54e.png", "URL": "http://i.imgur.com/bNIKWYS.png", "fileid": "g010_dhai54e.png"}, {"id": "g010_dhahkhv", "comment": "[Jurassic Park](http://i.imgur.com/TndPXW4.png)", "date": "2017-05-08 13:05:57", "seriesname": "g010_dhahkhv", "file": "/media/jbrogan4/scratch2/Reddit_Prov_Dataset_v5/_Man_in_T-Rex_costume_crying_out_in_rain/g010_dhahkhv.png", "URL": "http://i.imgur.com/TndPXW4.png", "fileid": "g010_dhahkhv.png"}, {"id": "g010_root", "comment": "", "date": "2017-05-08 07:43:24", "seriesname": "g010_root", "file": "/media/jbrogan4/scratch2/Reddit_Prov_Dataset_v5/_Man_in_T-Rex_costume_crying_out_in_rain/g010_root.jpg", "URL": "https://i.redd.it/g6e73n1hk9wy.jpg", "fileid": "g010_root.jpg"}, {"id": "g010_dhabljl", "comment": "Oregon http://i.imgur.com/QKpsdnq.jpg ", "date": "2017-05-08 11:12:16", "seriesname": "g010_dhabljl", "file": "/media/jbrogan4/scratch2/Reddit_Prov_Dataset_v5/_Man_in_T-Rex_costume_crying_out_in_rain/g010_dhabljl.jpg", "URL": "http://i.imgur.com/QKpsdnq.jpg", "fileid": "g010_dhabljl.jpg"}, {"id": "g010_dha80i1", "comment": "http://imgur.com/X3bJwft\n\nmy little playtime photoshop", "date": "2017-05-08 09:56:43", "seriesname": "g010_dha80i1", "file": "/media/jbrogan4/scratch2/Reddit_Prov_Dataset_v5/_Man_in_T-Rex_costume_crying_out_in_rain/g010_dha80i1.png", "URL": "http://i.imgur.com/X3bJwft.png", "fileid": "g010_dha80i1.png"}, {"id": "g010_dhauh35", "comment": "[Platoon](http://i.imgur.com/5fxQGM8.png)", "date": "2017-05-08 17:01:26", "seriesname": "g010_dhauh35", "file": "/media/jbrogan4/scratch2/Reddit_Prov_Dataset_v5/_Man_in_T-Rex_costume_crying_out_in_rain/g010_dhauh35.png", "URL": "http://i.imgur.com/5fxQGM8.png", "fileid": "g010_dhauh35.png"}, {"id": "g010_dhajadv", "comment": "[SURVIVE!](http://i.imgur.com/8Tombbr.jpg)", "date": "2017-05-08 13:37:54", "seriesname": "g010_dhajadv", "file": "/media/jbrogan4/scratch2/Reddit_Prov_Dataset_v5/_Man_in_T-Rex_costume_crying_out_in_rain/g010_dhajadv.jpg", "URL": "http://i.imgur.com/8Tombbr.jpg", "fileid": "g010_dhajadv.jpg"}, {"id": "g010_dhb9c99", "comment": "Couldn't decide which one to do. So I did both.\nhttp://imgur.com/rboq0Av  or \nhttp://imgur.com/TjraaEn\n", "date": "2017-05-08 22:16:44", "seriesname": "g010_dhb9c99", "file": "/media/jbrogan4/scratch2/Reddit_Prov_Dataset_v5/_Man_in_T-Rex_costume_crying_out_in_rain/g010_dhb9c99.png", "URL": "http://i.imgur.com/TjraaEn.png", "fileid": "g010_dhb9c99.png"}, {"id": "g010_dhaa79m", "comment": "http://i.imgur.com/mWHz7rs.jpg", "date": "2017-05-08 10:44:05", "seriesname": "g010_dhaa79m", "file": "/media/jbrogan4/scratch2/Reddit_Prov_Dataset_v5/_Man_in_T-Rex_costume_crying_out_in_rain/g010_dhaa79m.jpg", "URL": "http://i.imgur.com/mWHz7rs.jpg", "fileid": "g010_dhaa79m.jpg"}, {"id": "g010_dhac2zm", "comment": "[The Great Ascension](http://imgur.com/8gTBn3x.jpg)", "date": "2017-05-08 11:21:56", "seriesname": "g010_dhac2zm", "file": "/media/jbrogan4/scratch2/Reddit_Prov_Dataset_v5/_Man_in_T-Rex_costume_crying_out_in_rain/g010_dhac2zm.jpg", "URL": "http://imgur.com/8gTBn3x.jpg", "fileid": "g010_dhac2zm.jpg"}, {"id": "g010_dha5a0s", "comment": "http://imgur.com/ztTubfi", "date": "2017-05-08 08:47:54", "seriesname": "g010_dha5a0s", "file": "/media/jbrogan4/scratch2/Reddit_Prov_Dataset_v5/_Man_in_T-Rex_costume_crying_out_in_rain/g010_dha5a0s.png", "URL": "http://i.imgur.com/ztTubfi.png", "fileid": "g010_dha5a0s.png"}, {"id": "g010_dhb79so", "comment": "[I used up the rest of my pixel allowance for you guys.](http://i.imgur.com/41tdyZs.jpg)", "date": "2017-05-08 21:33:46", "seriesname": "g010_dhb79so", "file": "/media/jbrogan4/scratch2/Reddit_Prov_Dataset_v5/_Man_in_T-Rex_costume_crying_out_in_rain/g010_dhb79so.jpg", "URL": "http://i.imgur.com/41tdyZs.jpg", "fileid": "g010_dhb79so.jpg"}, {"id": "g010_dha92m6", "comment": "[\"You maniacs! You blew it up!\"](http://i.imgur.com/Lf6eamp.png)", "date": "2017-05-08 10:20:18", "seriesname": "g010_dha92m6", "file": "/media/jbrogan4/scratch2/Reddit_Prov_Dataset_v5/_Man_in_T-Rex_costume_crying_out_in_rain/g010_dha92m6.png", "URL": "http://i.imgur.com/Lf6eamp.png", "fileid": "g010_dha92m6.png"}, {"id": "g010_dha9r9w", "comment": "[Again?!](http://i.imgur.com/9wcNeuu.jpg)", "date": "2017-05-08 10:34:47", "seriesname": "g010_dha9r9w", "file": "/media/jbrogan4/scratch2/Reddit_Prov_Dataset_v5/_Man_in_T-Rex_costume_crying_out_in_rain/g010_dha9r9w.jpg", "URL": "http://i.imgur.com/9wcNeuu.jpg", "fileid": "g010_dha9r9w.jpg"}, {"id": "g010_dha99dv", "comment": "[Carter's friend wanted some banana too](http://i.imgur.com/pxXYMZP.jpg)", "date": "2017-05-08 10:24:20", "seriesname": "g010_dha99dv", "file": "/media/jbrogan4/scratch2/Reddit_Prov_Dataset_v5/_Man_in_T-Rex_costume_crying_out_in_rain/g010_dha99dv.jpg", "URL": "http://i.imgur.com/pxXYMZP.jpg", "fileid": "g010_dha99dv.jpg"}], "graph": {"name": "g010_root"}, "directed": true}