{"links": [{"op": "none", "target": 0, "source": 19}, {"op": "none", "target": 1, "source": 19}, {"op": "none", "target": 2, "source": 19}, {"op": "none", "target": 3, "source": 19}, {"op": "none", "target": 4, "source": 19}, {"op": "none", "target": 5, "source": 19}, {"op": "none", "target": 6, "source": 19}, {"op": "none", "target": 7, "source": 19}, {"op": "none", "target": 8, "source": 19}, {"op": "none", "target": 9, "source": 19}, {"op": "none", "target": 10, "source": 19}, {"op": "none", "target": 11, "source": 19}, {"op": "none", "target": 12, "source": 19}, {"op": "none", "target": 13, "source": 19}, {"op": "none", "target": 14, "source": 19}, {"op": "none", "target": 15, "source": 19}, {"op": "none", "target": 16, "source": 19}, {"op": "none", "target": 17, "source": 19}, {"op": "none", "target": 18, "source": 19}, {"op": "none", "target": 20, "source": 19}, {"op": "none", "target": 21, "source": 12}, {"op": "none", "target": 22, "source": 55}, {"op": "none", "target": 23, "source": 19}, {"op": "none", "target": 24, "source": 12}, {"op": "none", "target": 25, "source": 19}, {"op": "none", "target": 26, "source": 19}, {"op": "none", "target": 27, "source": 19}, {"op": "none", "target": 28, "source": 19}, {"op": "none", "target": 29, "source": 19}, {"op": "none", "target": 30, "source": 19}, {"op": "none", "target": 31, "source": 43}, {"op": "none", "target": 32, "source": 53}, {"op": "none", "target": 33, "source": 19}, {"op": "none", "target": 34, "source": 19}, {"op": "none", "target": 35, "source": 19}, {"op": "none", "target": 36, "source": 19}, {"op": "none", "target": 37, "source": 19}, {"op": "none", "target": 38, "source": 19}, {"op": "none", "target": 39, "source": 19}, {"op": "none", "target": 40, "source": 19}, {"op": "none", "target": 41, "source": 19}, {"op": "none", "target": 42, "source": 19}, {"op": "none", "target": 43, "source": 19}, {"op": "none", "target": 44, "source": 19}, {"op": "none", "target": 45, "source": 19}, {"op": "none", "target": 46, "source": 19}, {"op": "none", "target": 47, "source": 19}, {"op": "none", "target": 48, "source": 19}, {"op": "none", "target": 49, "source": 19}, {"op": "none", "target": 50, "source": 19}, {"op": "none", "target": 51, "source": 19}, {"op": "none", "target": 52, "source": 19}, {"op": "none", "target": 53, "source": 19}, {"op": "none", "target": 54, "source": 55}, {"op": "none", "target": 55, "source": 19}, {"op": "none", "target": 56, "source": 19}, {"op": "none", "target": 57, "source": 19}, {"op": "none", "target": 58, "source": 19}, {"op": "none", "target": 59, "source": 19}, {"op": "none", "target": 60, "source": 19}], "title": "_A_Seemingly_Disembodied_Cat's_Head", "nodes": [{"id": "g026_didxh78", "comment": "&gt; Kathy Griffin decapitated cat head\n\n[like this?](http://i.imgur.com/1325dju.jpg)", "date": "2017-06-02 19:44:28", "seriesname": "g026_didxh78", "file": "/media/jbrogan4/scratch2/Reddit_Prov_Dataset_v5/_A_Seemingly_Disembodied_Cat's_Head/g026_didxh78.jpg", "URL": "http://i.imgur.com/1325dju.jpg", "fileid": "g026_didxh78.jpg"}, {"id": "g026_didu2hu", "comment": "https://i.imgur.com/MsMT9iA.jpg The Emperor", "date": "2017-06-02 18:27:49", "seriesname": "g026_didu2hu", "file": "/media/jbrogan4/scratch2/Reddit_Prov_Dataset_v5/_A_Seemingly_Disembodied_Cat's_Head/g026_didu2hu.jpg", "URL": "https://i.imgur.com/MsMT9iA.jpg", "fileid": "g026_didu2hu.jpg"}, {"id": "g026_die7t40", "comment": "Sorry I'm so late to the party!\n\n[Pew Pew Pew... Pew PEW PEW!!!](https://i.imgur.com/PMrjsaY.gifv)\n\nAnd another with \"Tub cat\"\n\n[Blazin' Lazin' Catz](https://i.imgur.com/SMOCTJZ.gif)", "date": "2017-06-03 00:06:50", "seriesname": "g026_die7t40", "file": "/media/jbrogan4/scratch2/Reddit_Prov_Dataset_v5/_A_Seemingly_Disembodied_Cat's_Head/g026_die7t40.jpg", "URL": "https://i.imgur.com/SMOCTJZ.gif", "fileid": "g026_die7t40.gif"}, {"id": "g026_diejkqq", "comment": "[The Watcher](http://i.imgur.com/ZPgnLuc.jpg)", "date": "2017-06-03 08:31:05", "seriesname": "g026_diejkqq", "file": "/media/jbrogan4/scratch2/Reddit_Prov_Dataset_v5/_A_Seemingly_Disembodied_Cat's_Head/g026_diejkqq.jpg", "URL": "http://i.imgur.com/ZPgnLuc.jpg", "fileid": "g026_diejkqq.jpg"}, {"id": "g026_didyrz5", "comment": "[Dawn of the first day](https://i.imgur.com/y1aanOy.png)", "date": "2017-06-02 20:14:51", "seriesname": "g026_didyrz5", "file": "/media/jbrogan4/scratch2/Reddit_Prov_Dataset_v5/_A_Seemingly_Disembodied_Cat's_Head/g026_didyrz5.png", "URL": "https://i.imgur.com/y1aanOy.png", "fileid": "g026_didyrz5.png"}, {"id": "g026_dieetkz", "comment": "Kitty Snacks\nhttp://i.imgur.com/HxHeriF.jpg", "date": "2017-06-03 04:39:50", "seriesname": "g026_dieetkz", "file": "/media/jbrogan4/scratch2/Reddit_Prov_Dataset_v5/_A_Seemingly_Disembodied_Cat's_Head/g026_dieetkz.jpg", "URL": "http://i.imgur.com/HxHeriF.jpg", "fileid": "g026_dieetkz.jpg"}, {"id": "g026_didtxmw", "comment": "[SHOW ME WHAT YOU GOT](http://imgur.com/aOQJqjm)", "date": "2017-06-02 18:24:54", "seriesname": "g026_didtxmw", "file": "/media/jbrogan4/scratch2/Reddit_Prov_Dataset_v5/_A_Seemingly_Disembodied_Cat's_Head/g026_didtxmw.png", "URL": "http://i.imgur.com/aOQJqjm.png", "fileid": "g026_didtxmw.png"}, {"id": "g026_didzkld", "comment": "[nightmare] (http://i.imgur.com/hBNtNMT.jpg)", "date": "2017-06-02 20:33:40", "seriesname": "g026_didzkld", "file": "/media/jbrogan4/scratch2/Reddit_Prov_Dataset_v5/_A_Seemingly_Disembodied_Cat's_Head/g026_didzkld.jpg", "URL": "http://i.imgur.com/hBNtNMT.jpg", "fileid": "g026_didzkld.jpg"}, {"id": "g026_die75u1", "comment": "[Oh, you think darkness is your ally?  \n But you merely adopted the dark;     \nI was born in it.](http://imgur.com/xzc6E0s.png)", "date": "2017-06-02 23:48:29", "seriesname": "g026_die75u1", "file": "/media/jbrogan4/scratch2/Reddit_Prov_Dataset_v5/_A_Seemingly_Disembodied_Cat's_Head/g026_die75u1.png", "URL": "http://imgur.com/xzc6E0s.png", "fileid": "g026_die75u1.png"}, {"id": "g026_die6vb0", "comment": "[SHOW ME WHAT YOU'VE GOT](http://i.imgur.com/9DqqZEm.png)", "date": "2017-06-02 23:40:19", "seriesname": "g026_die6vb0", "file": "/media/jbrogan4/scratch2/Reddit_Prov_Dataset_v5/_A_Seemingly_Disembodied_Cat's_Head/g026_die6vb0.png", "URL": "http://i.imgur.com/9DqqZEm.png", "fileid": "g026_die6vb0.png"}, {"id": "g026_die3fa5", "comment": "[IDK. It was the first place my brain went.](http://i.imgur.com/gasahmB.jpg) ", "date": "2017-06-02 22:08:52", "seriesname": "g026_die3fa5", "file": "/media/jbrogan4/scratch2/Reddit_Prov_Dataset_v5/_A_Seemingly_Disembodied_Cat's_Head/g026_die3fa5.jpg", "URL": "http://i.imgur.com/gasahmB.jpg", "fileid": "g026_die3fa5.jpg"}, {"id": "g026_die0083", "comment": "[The great and powerful Oz!](http://imgur.com/Ma9QLNg)", "date": "2017-06-02 20:44:03", "seriesname": "g026_die0083", "file": "/media/jbrogan4/scratch2/Reddit_Prov_Dataset_v5/_A_Seemingly_Disembodied_Cat's_Head/g026_die0083.png", "URL": "http://i.imgur.com/Ma9QLNg.png", "fileid": "g026_die0083.png"}, {"id": "g026_didt3lf", "comment": "[Gotcha!](https://i.imgur.com/5frLjSM.png)\n\nEdit: [Wallpaper size](https://i.imgur.com/lKFJxdJ.jpg)", "date": "2017-06-02 18:06:40", "seriesname": "g026_didt3lf", "file": "/media/jbrogan4/scratch2/Reddit_Prov_Dataset_v5/_A_Seemingly_Disembodied_Cat's_Head/g026_didt3lf.jpg", "URL": "https://i.imgur.com/lKFJxdJ.jpg", "fileid": "g026_didt3lf.jpg"}, {"id": "g026_didt4qv", "comment": "[For dramatic effect](http://i.imgur.com/g0dykDB.jpg)", "date": "2017-06-02 18:07:23", "seriesname": "g026_didt4qv", "file": "/media/jbrogan4/scratch2/Reddit_Prov_Dataset_v5/_A_Seemingly_Disembodied_Cat's_Head/g026_didt4qv.jpg", "URL": "http://i.imgur.com/g0dykDB.jpg", "fileid": "g026_didt4qv.jpg"}, {"id": "g026_die0gz4", "comment": "[infinkitty gems](https://i.imgur.com/EQgd3Z5.jpg) ", "date": "2017-06-02 20:55:24", "seriesname": "g026_die0gz4", "file": "/media/jbrogan4/scratch2/Reddit_Prov_Dataset_v5/_A_Seemingly_Disembodied_Cat's_Head/g026_die0gz4.jpg", "URL": "https://i.imgur.com/EQgd3Z5.jpg", "fileid": "g026_die0gz4.jpg"}, {"id": "g026_dieogd6", "comment": "[Morning walk.](http://i.imgur.com/snwq3Pk.jpg)", "date": "2017-06-03 11:04:10", "seriesname": "g026_dieogd6", "file": "/media/jbrogan4/scratch2/Reddit_Prov_Dataset_v5/_A_Seemingly_Disembodied_Cat's_Head/g026_dieogd6.jpg", "URL": "http://i.imgur.com/snwq3Pk.jpg", "fileid": "g026_dieogd6.jpg"}, {"id": "g026_didva9d", "comment": "[Meow Meow Power Rangers](http://i.imgur.com/xV3sRvD.jpg)", "date": "2017-06-02 18:54:39", "seriesname": "g026_didva9d", "file": "/media/jbrogan4/scratch2/Reddit_Prov_Dataset_v5/_A_Seemingly_Disembodied_Cat's_Head/g026_didva9d.jpg", "URL": "http://i.imgur.com/xV3sRvD.jpg", "fileid": "g026_didva9d.jpg"}, {"id": "g026_didzel6", "comment": "[You've met with a terrible fate, haven't you?](http://i.imgur.com/0D9UmZl.png)", "date": "2017-06-02 20:29:41", "seriesname": "g026_didzel6", "file": "/media/jbrogan4/scratch2/Reddit_Prov_Dataset_v5/_A_Seemingly_Disembodied_Cat's_Head/g026_didzel6.png", "URL": "http://i.imgur.com/0D9UmZl.png", "fileid": "g026_didzel6.png"}, {"id": "g026_didvfqi", "comment": "[I gave his nose back.](http://i.imgur.com/f1zhUne.jpg)", "date": "2017-06-02 18:58:04", "seriesname": "g026_didvfqi", "file": "/media/jbrogan4/scratch2/Reddit_Prov_Dataset_v5/_A_Seemingly_Disembodied_Cat's_Head/g026_didvfqi.jpg", "URL": "http://i.imgur.com/f1zhUne.jpg", "fileid": "g026_didvfqi.jpg"}, {"id": "g026_root", "comment": "", "date": "2017-06-02 16:44:42", "seriesname": "g026_root", "file": "/media/jbrogan4/scratch2/Reddit_Prov_Dataset_v5/_A_Seemingly_Disembodied_Cat's_Head/g026_root.jpg", "URL": "http://i.imgur.com/waE6jLF.jpg", "fileid": "g026_root.jpg"}, {"id": "g026_die46e4", "comment": "[Seemingly?](http://i.imgur.com/dv7Apb5.jpg)", "date": "2017-06-02 22:28:11", "seriesname": "g026_die46e4", "file": "/media/jbrogan4/scratch2/Reddit_Prov_Dataset_v5/_A_Seemingly_Disembodied_Cat's_Head/g026_die46e4.jpg", "URL": "http://i.imgur.com/dv7Apb5.jpg", "fileid": "g026_die46e4.jpg"}, {"id": "g026_die5jhd", "comment": "thought I'd help.\n\nhttp://i.imgur.com/f7Aw0KH.jpg", "date": "2017-06-02 23:04:05", "seriesname": "g026_die5jhd", "file": "/media/jbrogan4/scratch2/Reddit_Prov_Dataset_v5/_A_Seemingly_Disembodied_Cat's_Head/g026_die5jhd.jpg", "URL": "http://i.imgur.com/f7Aw0KH.jpg", "fileid": "g026_die5jhd.jpg"}, {"id": "g026_dieacqa", "comment": "I WANT TO [SEE](http://i.imgur.com/FcsSjKI.png) WHAT YOU GOT", "date": "2017-06-03 01:27:23", "seriesname": "g026_dieacqa", "file": "/media/jbrogan4/scratch2/Reddit_Prov_Dataset_v5/_A_Seemingly_Disembodied_Cat's_Head/g026_dieacqa.png", "URL": "http://i.imgur.com/FcsSjKI.png", "fileid": "g026_dieacqa.png"}, {"id": "g026_didxif0", "comment": "[Kathy Griffin decapitated cat head](http://i.imgur.com/1325dju.jpg)", "date": "2017-06-02 19:45:14", "seriesname": "g026_didxif0", "file": "/media/jbrogan4/scratch2/Reddit_Prov_Dataset_v5/_A_Seemingly_Disembodied_Cat's_Head/g026_didxif0.jpg", "URL": "http://i.imgur.com/1325dju.jpg", "fileid": "g026_didxif0.jpg"}, {"id": "g026_didw7zk", "comment": "https://i.imgur.com/lKFJxdJ.jpg", "date": "2017-06-02 19:15:49", "seriesname": "g026_didw7zk", "file": "/media/jbrogan4/scratch2/Reddit_Prov_Dataset_v5/_A_Seemingly_Disembodied_Cat's_Head/g026_didw7zk.jpg", "URL": "https://i.imgur.com/lKFJxdJ.jpg", "fileid": "g026_didw7zk.jpg"}, {"id": "g026_die37u4", "comment": "[Great and Powerful Mozz](http://i.imgur.com/MDejCV7.jpg)", "date": "2017-06-02 22:03:44", "seriesname": "g026_die37u4", "file": "/media/jbrogan4/scratch2/Reddit_Prov_Dataset_v5/_A_Seemingly_Disembodied_Cat's_Head/g026_die37u4.jpg", "URL": "http://i.imgur.com/MDejCV7.jpg", "fileid": "g026_die37u4.jpg"}, {"id": "g026_die4r76", "comment": "[I am Oz! The Great and Powerful!](http://i.imgur.com/ComvkC5.png)", "date": "2017-06-02 22:43:10", "seriesname": "g026_die4r76", "file": "/media/jbrogan4/scratch2/Reddit_Prov_Dataset_v5/_A_Seemingly_Disembodied_Cat's_Head/g026_die4r76.png", "URL": "http://i.imgur.com/ComvkC5.png", "fileid": "g026_die4r76.png"}, {"id": "g026_die8w9q", "comment": "[Cat Giant](http://i.imgur.com/8yVGWKC.png)", "date": "2017-06-03 00:39:36", "seriesname": "g026_die8w9q", "file": "/media/jbrogan4/scratch2/Reddit_Prov_Dataset_v5/_A_Seemingly_Disembodied_Cat's_Head/g026_die8w9q.png", "URL": "http://i.imgur.com/8yVGWKC.png", "fileid": "g026_die8w9q.png"}, {"id": "g026_die30ec", "comment": "[Mecca lecca hi, mecca hiney ho!](http://i.imgur.com/PgUPCTs.jpg)", "date": "2017-06-02 21:58:32", "seriesname": "g026_die30ec", "file": "/media/jbrogan4/scratch2/Reddit_Prov_Dataset_v5/_A_Seemingly_Disembodied_Cat's_Head/g026_die30ec.jpg", "URL": "http://i.imgur.com/PgUPCTs.jpg", "fileid": "g026_die30ec.jpg"}, {"id": "g026_die2lpz", "comment": "[the all-powerful cat orb](http://imgur.com/d50WpO0)", "date": "2017-06-02 21:48:06", "seriesname": "g026_die2lpz", "file": "/media/jbrogan4/scratch2/Reddit_Prov_Dataset_v5/_A_Seemingly_Disembodied_Cat's_Head/g026_die2lpz.png", "URL": "http://i.imgur.com/d50WpO0.png", "fileid": "g026_die2lpz.png"}, {"id": "g026_die4psj", "comment": "[Crawler](http://i.imgur.com/WRZmE92.jpg)", "date": "2017-06-02 22:42:09", "seriesname": "g026_die4psj", "file": "/media/jbrogan4/scratch2/Reddit_Prov_Dataset_v5/_A_Seemingly_Disembodied_Cat's_Head/g026_die4psj.jpg", "URL": "http://i.imgur.com/WRZmE92.jpg", "fileid": "g026_die4psj.jpg"}, {"id": "g026_diebjoc", "comment": "Here you go [Wallpaper sized](http://imgur.com/CbNEVym)", "date": "2017-06-03 02:12:15", "seriesname": "g026_diebjoc", "file": "/media/jbrogan4/scratch2/Reddit_Prov_Dataset_v5/_A_Seemingly_Disembodied_Cat's_Head/g026_diebjoc.png", "URL": "http://i.imgur.com/CbNEVym.png", "fileid": "g026_diebjoc.png"}, {"id": "g026_die0fox", "comment": "http://i.imgur.com/i5JgPQ3.png", "date": "2017-06-02 20:54:33", "seriesname": "g026_die0fox", "file": "/media/jbrogan4/scratch2/Reddit_Prov_Dataset_v5/_A_Seemingly_Disembodied_Cat's_Head/g026_die0fox.png", "URL": "http://i.imgur.com/i5JgPQ3.png", "fileid": "g026_die0fox.png"}, {"id": "g026_die43ry", "comment": "[Anglercat](http://imgur.com/cS8Smfj.jpg)", "date": "2017-06-02 22:26:19", "seriesname": "g026_die43ry", "file": "/media/jbrogan4/scratch2/Reddit_Prov_Dataset_v5/_A_Seemingly_Disembodied_Cat's_Head/g026_die43ry.jpg", "URL": "http://imgur.com/cS8Smfj.jpg", "fileid": "g026_die43ry.jpg"}, {"id": "g026_dieco4p", "comment": "[An old cave painting](http://i.imgur.com/WPazKrV.jpg)", "date": "2017-06-03 02:58:23", "seriesname": "g026_dieco4p", "file": "/media/jbrogan4/scratch2/Reddit_Prov_Dataset_v5/_A_Seemingly_Disembodied_Cat's_Head/g026_dieco4p.jpg", "URL": "http://i.imgur.com/WPazKrV.jpg", "fileid": "g026_dieco4p.jpg"}, {"id": "g026_die4711", "comment": "[trump cat](http://i.imgur.com/urJoZTU.png)", "date": "2017-06-02 22:28:38", "seriesname": "g026_die4711", "file": "/media/jbrogan4/scratch2/Reddit_Prov_Dataset_v5/_A_Seemingly_Disembodied_Cat's_Head/g026_die4711.png", "URL": "http://i.imgur.com/urJoZTU.png", "fileid": "g026_die4711.png"}, {"id": "g026_die4awo", "comment": "I immediately thought of Dune\nhttps://static2.stuff.co.nz/1462238972/544/14632544.jpg", "date": "2017-06-02 22:31:25", "seriesname": "g026_die4awo", "file": "/media/jbrogan4/scratch2/Reddit_Prov_Dataset_v5/_A_Seemingly_Disembodied_Cat's_Head/g026_die4awo.jpg", "URL": "https://static2.stuff.co.nz/1462238972/544/14632544.jpg", "fileid": "g026_die4awo.jpg"}, {"id": "g026_didy88b", "comment": "[BFG](http://i.imgur.com/ylMKLQh.jpg)", "date": "2017-06-02 20:01:57", "seriesname": "g026_didy88b", "file": "/media/jbrogan4/scratch2/Reddit_Prov_Dataset_v5/_A_Seemingly_Disembodied_Cat's_Head/g026_didy88b.jpg", "URL": "http://i.imgur.com/ylMKLQh.jpg", "fileid": "g026_didy88b.jpg"}, {"id": "g026_die4tx7", "comment": "This was my first thought too haha.\nDidn't realise someone had already done it [I am Oz! The Great and Powerful!](http://i.imgur.com/ComvkC5.png)", "date": "2017-06-02 22:45:11", "seriesname": "g026_die4tx7", "file": "/media/jbrogan4/scratch2/Reddit_Prov_Dataset_v5/_A_Seemingly_Disembodied_Cat's_Head/g026_die4tx7.png", "URL": "http://i.imgur.com/ComvkC5.png", "fileid": "g026_die4tx7.png"}, {"id": "g026_diejaqd", "comment": "[The origin of gamma ray bursts...](http://imgur.com/RftNLJV)", "date": "2017-06-03 08:20:03", "seriesname": "g026_diejaqd", "file": "/media/jbrogan4/scratch2/Reddit_Prov_Dataset_v5/_A_Seemingly_Disembodied_Cat's_Head/g026_diejaqd.png", "URL": "http://i.imgur.com/RftNLJV.png", "fileid": "g026_diejaqd.png"}, {"id": "g026_didyht9", "comment": "[Whiskers-In-Chief](http://i.imgur.com/PqOfspX.jpg)", "date": "2017-06-02 20:08:10", "seriesname": "g026_didyht9", "file": "/media/jbrogan4/scratch2/Reddit_Prov_Dataset_v5/_A_Seemingly_Disembodied_Cat's_Head/g026_didyht9.jpg", "URL": "http://i.imgur.com/PqOfspX.jpg", "fileid": "g026_didyht9.jpg"}, {"id": "g026_die2vtg", "comment": "http://i.imgur.com/LUu1ca2.jpg  \n\nGold!? I don't deserve that, ShowMeYourTiddles does for his amazing PS! I sat on my phone and made a gif from filters. Thank you kind stranger.", "date": "2017-06-02 21:55:17", "seriesname": "g026_die2vtg", "file": "/media/jbrogan4/scratch2/Reddit_Prov_Dataset_v5/_A_Seemingly_Disembodied_Cat's_Head/g026_die2vtg.jpg", "URL": "http://i.imgur.com/LUu1ca2.jpg", "fileid": "g026_die2vtg.jpg"}, {"id": "g026_didu5dp", "comment": "http://i.imgur.com/OsldLUJ.jpg", "date": "2017-06-02 18:29:32", "seriesname": "g026_didu5dp", "file": "/media/jbrogan4/scratch2/Reddit_Prov_Dataset_v5/_A_Seemingly_Disembodied_Cat's_Head/g026_didu5dp.jpg", "URL": "http://i.imgur.com/OsldLUJ.jpg", "fileid": "g026_didu5dp.jpg"}, {"id": "g026_didvn77", "comment": "[Very well, gentlemen. I shall return in eighty days!](http://i.imgur.com/3hKAxbb.jpg )\n", "date": "2017-06-02 19:02:42", "seriesname": "g026_didvn77", "file": "/media/jbrogan4/scratch2/Reddit_Prov_Dataset_v5/_A_Seemingly_Disembodied_Cat's_Head/g026_didvn77.jpg", "URL": "http://i.imgur.com/3hKAxbb.jpg", "fileid": "g026_didvn77.jpg"}, {"id": "g026_die926v", "comment": "https://i.imgur.com/WJ5uisk.jpg this is the best I could do with a fire tablet. ", "date": "2017-06-03 00:44:41", "seriesname": "g026_die926v", "file": "/media/jbrogan4/scratch2/Reddit_Prov_Dataset_v5/_A_Seemingly_Disembodied_Cat's_Head/g026_die926v.jpg", "URL": "https://i.imgur.com/WJ5uisk.jpg", "fileid": "g026_die926v.jpg"}, {"id": "g026_dif9atx", "comment": "[Gotta beam up those cateroids](https://i.imgur.com/t4BwO2p.jpg)", "date": "2017-06-03 19:15:37", "seriesname": "g026_dif9atx", "file": "/media/jbrogan4/scratch2/Reddit_Prov_Dataset_v5/_A_Seemingly_Disembodied_Cat's_Head/g026_dif9atx.jpg", "URL": "https://i.imgur.com/t4BwO2p.jpg", "fileid": "g026_dif9atx.jpg"}, {"id": "g026_didygpm", "comment": "[Slimer?](http://i.imgur.com/WtxVX6B.jpg)", "date": "2017-06-02 20:07:27", "seriesname": "g026_didygpm", "file": "/media/jbrogan4/scratch2/Reddit_Prov_Dataset_v5/_A_Seemingly_Disembodied_Cat's_Head/g026_didygpm.jpg", "URL": "http://i.imgur.com/WtxVX6B.jpg", "fileid": "g026_didygpm.jpg"}, {"id": "g026_dieem9w", "comment": "[SHOW ME WHAT YOU GOT](http://imgur.com/ukOU8PF)", "date": "2017-06-03 04:29:20", "seriesname": "g026_dieem9w", "file": "/media/jbrogan4/scratch2/Reddit_Prov_Dataset_v5/_A_Seemingly_Disembodied_Cat's_Head/g026_dieem9w.png", "URL": "http://i.imgur.com/ukOU8PF.png", "fileid": "g026_dieem9w.png"}, {"id": "g026_didzlql", "comment": "[Catjora's Mask.](https://i.imgur.com/4pVvanC.png)", "date": "2017-06-02 20:34:28", "seriesname": "g026_didzlql", "file": "/media/jbrogan4/scratch2/Reddit_Prov_Dataset_v5/_A_Seemingly_Disembodied_Cat's_Head/g026_didzlql.png", "URL": "https://i.imgur.com/4pVvanC.png", "fileid": "g026_didzlql.png"}, {"id": "g026_die0jwy", "comment": "Reminds me of [Alvina from Dark Souls](http://i.imgur.com/veBvUyv.jpg). She just wants you to help protect the forest.", "date": "2017-06-02 20:57:16", "seriesname": "g026_die0jwy", "file": "/media/jbrogan4/scratch2/Reddit_Prov_Dataset_v5/_A_Seemingly_Disembodied_Cat's_Head/g026_die0jwy.jpg", "URL": "http://i.imgur.com/veBvUyv.jpg).", "fileid": "g026_die0jwy."}, {"id": "g026_diegadj", "comment": "http://i.imgur.com/NygVpjz.jpg\nAs soon as I saw the thumbnail I had to rick and morty it", "date": "2017-06-03 05:55:36", "seriesname": "g026_diegadj", "file": "/media/jbrogan4/scratch2/Reddit_Prov_Dataset_v5/_A_Seemingly_Disembodied_Cat's_Head/g026_diegadj.jpg", "URL": "http://i.imgur.com/NygVpjz.jpg", "fileid": "g026_diegadj.jpg"}, {"id": "g026_die1zwy", "comment": "[~~ 72 Mrowrs Remain ~~](http://i.imgur.com/CUtpnjH.png)", "date": "2017-06-02 21:32:59", "seriesname": "g026_die1zwy", "file": "/media/jbrogan4/scratch2/Reddit_Prov_Dataset_v5/_A_Seemingly_Disembodied_Cat's_Head/g026_die1zwy.png", "URL": "http://i.imgur.com/CUtpnjH.png", "fileid": "g026_die1zwy.png"}, {"id": "g026_die1m41", "comment": "http://imgur.com/m8xIj6U\nFirst attempt, done with an online app (ipiccy), was the first thought that came to my head!\n\nEDIT: Well, turns out everybody has my sense of humour too, with the exception of being 3 hours earlier than me", "date": "2017-06-02 21:23:27", "seriesname": "g026_die1m41", "file": "/media/jbrogan4/scratch2/Reddit_Prov_Dataset_v5/_A_Seemingly_Disembodied_Cat's_Head/g026_die1m41.png", "URL": "http://i.imgur.com/m8xIj6U.png", "fileid": "g026_die1m41.png"}, {"id": "g026_didv5ov", "comment": "[Unzipped](http://i.imgur.com/RipEUuK.png)", "date": "2017-06-02 18:51:46", "seriesname": "g026_didv5ov", "file": "/media/jbrogan4/scratch2/Reddit_Prov_Dataset_v5/_A_Seemingly_Disembodied_Cat's_Head/g026_didv5ov.png", "URL": "http://i.imgur.com/RipEUuK.png", "fileid": "g026_didv5ov.png"}, {"id": "g026_diebsri", "comment": "[the real telegod](https://imgur.com/gallery/7zfQqJ5) ", "date": "2017-06-03 02:22:06", "seriesname": "g026_diebsri", "file": "/media/jbrogan4/scratch2/Reddit_Prov_Dataset_v5/_A_Seemingly_Disembodied_Cat's_Head/g026_diebsri.png", "URL": "http://i.imgur.com/7zfQqJ5.png", "fileid": "g026_diebsri.png"}, {"id": "g026_didqhja", "comment": "[TELEGOD](http://imgur.com/yJvRDk3)", "date": "2017-06-02 17:11:51", "seriesname": "g026_didqhja", "file": "/media/jbrogan4/scratch2/Reddit_Prov_Dataset_v5/_A_Seemingly_Disembodied_Cat's_Head/g026_didqhja.png", "URL": "http://i.imgur.com/yJvRDk3.png", "fileid": "g026_didqhja.png"}, {"id": "g026_die7n7t", "comment": "http://imgur.com/mBonF2O\n\n--Beefy cat", "date": "2017-06-03 00:02:06", "seriesname": "g026_die7n7t", "file": "/media/jbrogan4/scratch2/Reddit_Prov_Dataset_v5/_A_Seemingly_Disembodied_Cat's_Head/g026_die7n7t.png", "URL": "http://i.imgur.com/mBonF2O.png", "fileid": "g026_die7n7t.png"}, {"id": "g026_diedbzp", "comment": "[How does that look?](http://i.imgur.com/5PtU6uY.jpg)", "date": "2017-06-03 03:27:53", "seriesname": "g026_diedbzp", "file": "/media/jbrogan4/scratch2/Reddit_Prov_Dataset_v5/_A_Seemingly_Disembodied_Cat's_Head/g026_diedbzp.jpg", "URL": "http://i.imgur.com/5PtU6uY.jpg", "fileid": "g026_diedbzp.jpg"}, {"id": "g026_dieaigc", "comment": "SHOW ME WHAT YOU [GOT](http://i.imgur.com/FcsSjKI.png)", "date": "2017-06-03 01:33:01", "seriesname": "g026_dieaigc", "file": "/media/jbrogan4/scratch2/Reddit_Prov_Dataset_v5/_A_Seemingly_Disembodied_Cat's_Head/g026_dieaigc.png", "URL": "http://i.imgur.com/FcsSjKI.png", "fileid": "g026_dieaigc.png"}, {"id": "g026_die2e1s", "comment": "[http://i.imgur.com/7XcaPtA.png](http://i.imgur.com/7XcaPtA.png)", "date": "2017-06-02 21:42:45", "seriesname": "g026_die2e1s", "file": "/media/jbrogan4/scratch2/Reddit_Prov_Dataset_v5/_A_Seemingly_Disembodied_Cat's_Head/g026_die2e1s.png", "URL": "http://i.imgur.com/7XcaPtA.png](http://i.imgur.com/7XcaPtA.png", "fileid": "g026_die2e1s.png"}, {"id": "g026_dieo1kp", "comment": "[Five Hat Cat](http://i.imgur.com/4axEB1Z.jpg)", "date": "2017-06-03 10:53:22", "seriesname": "g026_dieo1kp", "file": "/media/jbrogan4/scratch2/Reddit_Prov_Dataset_v5/_A_Seemingly_Disembodied_Cat's_Head/g026_dieo1kp.jpg", "URL": "http://i.imgur.com/4axEB1Z.jpg", "fileid": "g026_dieo1kp.jpg"}], "graph": {"name": "g026_root"}, "directed": true}