{"links": [{"op": "none", "target": 0, "source": 46}, {"op": "none", "target": 1, "source": 46}, {"op": "none", "target": 2, "source": 46}, {"op": "none", "target": 3, "source": 46}, {"op": "none", "target": 4, "source": 46}, {"op": "none", "target": 5, "source": 46}, {"op": "none", "target": 6, "source": 46}, {"op": "none", "target": 7, "source": 46}, {"op": "none", "target": 8, "source": 46}, {"op": "none", "target": 9, "source": 46}, {"op": "none", "target": 10, "source": 46}, {"op": "none", "target": 11, "source": 46}, {"op": "none", "target": 12, "source": 46}, {"op": "none", "target": 13, "source": 46}, {"op": "none", "target": 14, "source": 46}, {"op": "none", "target": 15, "source": 46}, {"op": "none", "target": 16, "source": 46}, {"op": "none", "target": 17, "source": 46}, {"op": "none", "target": 18, "source": 59}, {"op": "none", "target": 19, "source": 46}, {"op": "none", "target": 20, "source": 46}, {"op": "none", "target": 21, "source": 62}, {"op": "none", "target": 22, "source": 46}, {"op": "none", "target": 23, "source": 46}, {"op": "none", "target": 24, "source": 46}, {"op": "none", "target": 25, "source": 46}, {"op": "none", "target": 26, "source": 46}, {"op": "none", "target": 27, "source": 46}, {"op": "none", "target": 28, "source": 46}, {"op": "none", "target": 29, "source": 46}, {"op": "none", "target": 30, "source": 46}, {"op": "none", "target": 31, "source": 46}, {"op": "none", "target": 32, "source": 46}, {"op": "none", "target": 33, "source": 46}, {"op": "none", "target": 34, "source": 46}, {"op": "none", "target": 35, "source": 46}, {"op": "none", "target": 36, "source": 46}, {"op": "none", "target": 37, "source": 46}, {"op": "none", "target": 38, "source": 46}, {"op": "none", "target": 39, "source": 46}, {"op": "none", "target": 40, "source": 46}, {"op": "none", "target": 41, "source": 46}, {"op": "none", "target": 42, "source": 62}, {"op": "none", "target": 43, "source": 46}, {"op": "none", "target": 44, "source": 46}, {"op": "none", "target": 45, "source": 46}, {"op": "none", "target": 47, "source": 46}, {"op": "none", "target": 48, "source": 46}, {"op": "none", "target": 49, "source": 46}, {"op": "none", "target": 50, "source": 18}, {"op": "none", "target": 51, "source": 46}, {"op": "none", "target": 52, "source": 36}, {"op": "none", "target": 53, "source": 46}, {"op": "none", "target": 54, "source": 46}, {"op": "none", "target": 55, "source": 46}, {"op": "none", "target": 56, "source": 46}, {"op": "none", "target": 57, "source": 46}, {"op": "none", "target": 58, "source": 46}, {"op": "none", "target": 59, "source": 46}, {"op": "none", "target": 60, "source": 46}, {"op": "none", "target": 61, "source": 46}, {"op": "none", "target": 62, "source": 46}], "title": "_No_chin_white_supremacist_at_a_rally", "nodes": [{"id": "g027_dhkn0s4", "comment": "[A POTATO](http://i.imgur.com/ev9DrJV.jpg)", "date": "2017-05-15 01:15:51", "seriesname": "g027_dhkn0s4", "file": "/media/jbrogan4/scratch2/Reddit_Prov_Dataset_v5/_No_chin_white_supremacist_at_a_rally/g027_dhkn0s4.jpg", "URL": "http://i.imgur.com/ev9DrJV.jpg", "fileid": "g027_dhkn0s4.jpg"}, {"id": "g027_dhkt7ux", "comment": "Spongebobbigotpants  [Imgur](http://i.imgur.com/tEFzFVf.jpg)", "date": "2017-05-15 05:57:01", "seriesname": "g027_dhkt7ux", "file": "/media/jbrogan4/scratch2/Reddit_Prov_Dataset_v5/_No_chin_white_supremacist_at_a_rally/g027_dhkt7ux.jpg", "URL": "http://i.imgur.com/tEFzFVf.jpg", "fileid": "g027_dhkt7ux.jpg"}, {"id": "g027_dhlb2fa", "comment": "[Late submission, he just barely made it in time for the photo.](http://i.imgur.com/xQXFntV.jpg)\n\nAlso, [a **very** stunning resemblance...](http://i.imgur.com/AntJ75c.jpg)", "date": "2017-05-15 13:33:27", "seriesname": "g027_dhlb2fa", "file": "/media/jbrogan4/scratch2/Reddit_Prov_Dataset_v5/_No_chin_white_supremacist_at_a_rally/g027_dhlb2fa.jpg", "URL": "http://i.imgur.com/AntJ75c.jpg", "fileid": "g027_dhlb2fa.jpg"}, {"id": "g027_dhkr76f", "comment": "[Obviously](http://imgur.com/fHvc5cc)", "date": "2017-05-15 04:10:49", "seriesname": "g027_dhkr76f", "file": "/media/jbrogan4/scratch2/Reddit_Prov_Dataset_v5/_No_chin_white_supremacist_at_a_rally/g027_dhkr76f.png", "URL": "http://i.imgur.com/fHvc5cc.png", "fileid": "g027_dhkr76f.png"}, {"id": "g027_dhkykfu", "comment": "[Hop hop hop](http://i.imgur.com/BtTWryu.gif)", "date": "2017-05-15 09:15:51", "seriesname": "g027_dhkykfu", "file": "/media/jbrogan4/scratch2/Reddit_Prov_Dataset_v5/_No_chin_white_supremacist_at_a_rally/g027_dhkykfu.jpg", "URL": "http://i.imgur.com/BtTWryu.gif", "fileid": "g027_dhkykfu.gif"}, {"id": "g027_dhkn7fo", "comment": "[Mr. Potato Head](http://i.imgur.com/OQZG0p8.png)", "date": "2017-05-15 01:22:27", "seriesname": "g027_dhkn7fo", "file": "/media/jbrogan4/scratch2/Reddit_Prov_Dataset_v5/_No_chin_white_supremacist_at_a_rally/g027_dhkn7fo.png", "URL": "http://i.imgur.com/OQZG0p8.png", "fileid": "g027_dhkn7fo.png"}, {"id": "g027_dhlwmlc", "comment": "The Timeless Art of Seduction\nhttp://i.imgur.com/JCPjd5Z.jpg", "date": "2017-05-15 20:48:02", "seriesname": "g027_dhlwmlc", "file": "/media/jbrogan4/scratch2/Reddit_Prov_Dataset_v5/_No_chin_white_supremacist_at_a_rally/g027_dhlwmlc.jpg", "URL": "http://i.imgur.com/JCPjd5Z.jpg", "fileid": "g027_dhlwmlc.jpg"}, {"id": "g027_dhl90jt", "comment": "[This is all I see](http://i.imgur.com/GDospUr.jpg)", "date": "2017-05-15 12:54:46", "seriesname": "g027_dhl90jt", "file": "/media/jbrogan4/scratch2/Reddit_Prov_Dataset_v5/_No_chin_white_supremacist_at_a_rally/g027_dhl90jt.jpg", "URL": "http://i.imgur.com/GDospUr.jpg", "fileid": "g027_dhl90jt.jpg"}, {"id": "g027_dhkmru2", "comment": "[Giddy Yup](https://imgur.com/q6f4dBb)", "date": "2017-05-15 01:07:19", "seriesname": "g027_dhkmru2", "file": "/media/jbrogan4/scratch2/Reddit_Prov_Dataset_v5/_No_chin_white_supremacist_at_a_rally/g027_dhkmru2.png", "URL": "http://i.imgur.com/q6f4dBb.png", "fileid": "g027_dhkmru2.png"}, {"id": "g027_dhkntxh", "comment": "[It's not very effective...](http://imgur.com/CNzCvHQ.jpg)", "date": "2017-05-15 01:45:30", "seriesname": "g027_dhkntxh", "file": "/media/jbrogan4/scratch2/Reddit_Prov_Dataset_v5/_No_chin_white_supremacist_at_a_rally/g027_dhkntxh.jpg", "URL": "http://imgur.com/CNzCvHQ.jpg", "fileid": "g027_dhkntxh.jpg"}, {"id": "g027_dhkpfmi", "comment": "[Lennie and Darius](http://i.imgur.com/VsK3GIy.jpg)", "date": "2017-05-15 02:49:36", "seriesname": "g027_dhkpfmi", "file": "/media/jbrogan4/scratch2/Reddit_Prov_Dataset_v5/_No_chin_white_supremacist_at_a_rally/g027_dhkpfmi.jpg", "URL": "http://i.imgur.com/VsK3GIy.jpg", "fileid": "g027_dhkpfmi.jpg"}, {"id": "g027_dhkwgee", "comment": "[Not only the Spanish get to be well-mannered](http://i.imgur.com/r9HjnxJ.jpg)", "date": "2017-05-15 08:13:41", "seriesname": "g027_dhkwgee", "file": "/media/jbrogan4/scratch2/Reddit_Prov_Dataset_v5/_No_chin_white_supremacist_at_a_rally/g027_dhkwgee.jpg", "URL": "http://i.imgur.com/r9HjnxJ.jpg", "fileid": "g027_dhkwgee.jpg"}, {"id": "g027_dhksvkf", "comment": "[First idea that came to me.](http://i.imgur.com/aX2qe6t.png) Sorry if it's a little rough.", "date": "2017-05-15 05:38:36", "seriesname": "g027_dhksvkf", "file": "/media/jbrogan4/scratch2/Reddit_Prov_Dataset_v5/_No_chin_white_supremacist_at_a_rally/g027_dhksvkf.png", "URL": "http://i.imgur.com/aX2qe6t.png", "fileid": "g027_dhksvkf.png"}, {"id": "g027_dhkv5kf", "comment": "[COD WWIII](http://i.imgur.com/3B8zAse.jpg)", "date": "2017-05-15 07:27:05", "seriesname": "g027_dhkv5kf", "file": "/media/jbrogan4/scratch2/Reddit_Prov_Dataset_v5/_No_chin_white_supremacist_at_a_rally/g027_dhkv5kf.jpg", "URL": "http://i.imgur.com/3B8zAse.jpg", "fileid": "g027_dhkv5kf.jpg"}, {"id": "g027_dhl9y7e", "comment": "[WHERE THE FUCK IS YOUR CHIN?!](https://s-media-cache-ak0.pinimg.com/564x/1d/b4/b3/1db4b374897f89a4fe686c269f1c67eb.jpg)", "date": "2017-05-15 13:12:35", "seriesname": "g027_dhl9y7e", "file": "/media/jbrogan4/scratch2/Reddit_Prov_Dataset_v5/_No_chin_white_supremacist_at_a_rally/g027_dhl9y7e.jpg", "URL": "https://s-media-cache-ak0.pinimg.com/564x/1d/b4/b3/1db4b374897f89a4fe686c269f1c67eb.jpg", "fileid": "g027_dhl9y7e.jpg"}, {"id": "g027_dhkmdwh", "comment": "[cutout](http://i.imgur.com/6RV7AOq.png)", "date": "2017-05-15 00:54:17", "seriesname": "g027_dhkmdwh", "file": "/media/jbrogan4/scratch2/Reddit_Prov_Dataset_v5/_No_chin_white_supremacist_at_a_rally/g027_dhkmdwh.png", "URL": "http://i.imgur.com/6RV7AOq.png", "fileid": "g027_dhkmdwh.png"}, {"id": "g027_dhks3l1", "comment": "[Keeping his 4 watchful eyes on dem immigrants.](http://i.imgur.com/d5RNXut.jpg)", "date": "2017-05-15 04:57:36", "seriesname": "g027_dhks3l1", "file": "/media/jbrogan4/scratch2/Reddit_Prov_Dataset_v5/_No_chin_white_supremacist_at_a_rally/g027_dhks3l1.jpg", "URL": "http://i.imgur.com/d5RNXut.jpg", "fileid": "g027_dhks3l1.jpg"}, {"id": "g027_dhlafjx", "comment": "This post reminds me of [this comic panel.](http://i.imgur.com/llJdDKV.jpg)", "date": "2017-05-15 13:21:37", "seriesname": "g027_dhlafjx", "file": "/media/jbrogan4/scratch2/Reddit_Prov_Dataset_v5/_No_chin_white_supremacist_at_a_rally/g027_dhlafjx.jpg", "URL": "http://i.imgur.com/llJdDKV.jpg", "fileid": "g027_dhlafjx.jpg"}, {"id": "g027_dhkolf2", "comment": "\n[I got ya buddy](http://i.imgur.com/nCVpeVk.png)", "date": "2017-05-15 02:15:03", "seriesname": "g027_dhkolf2", "file": "/media/jbrogan4/scratch2/Reddit_Prov_Dataset_v5/_No_chin_white_supremacist_at_a_rally/g027_dhkolf2.png", "URL": "http://i.imgur.com/nCVpeVk.png", "fileid": "g027_dhkolf2.png"}, {"id": "g027_dhlc8h3", "comment": "[That guy is a dick.](http://i.imgur.com/b3iixBY.jpg) (nsfw)", "date": "2017-05-15 13:55:11", "seriesname": "g027_dhlc8h3", "file": "/media/jbrogan4/scratch2/Reddit_Prov_Dataset_v5/_No_chin_white_supremacist_at_a_rally/g027_dhlc8h3.jpg", "URL": "http://i.imgur.com/b3iixBY.jpg", "fileid": "g027_dhlc8h3.jpg"}, {"id": "g027_dhkvtz3", "comment": "[Regenwurm JIM](http://i.imgur.com/bbnSNET.jpg)", "date": "2017-05-15 07:52:09", "seriesname": "g027_dhkvtz3", "file": "/media/jbrogan4/scratch2/Reddit_Prov_Dataset_v5/_No_chin_white_supremacist_at_a_rally/g027_dhkvtz3.jpg", "URL": "http://i.imgur.com/bbnSNET.jpg", "fileid": "g027_dhkvtz3.jpg"}, {"id": "g027_dhl0yju", "comment": "http://i.imgur.com/Ykq3Ze8.png", "date": "2017-05-15 10:14:14", "seriesname": "g027_dhl0yju", "file": "/media/jbrogan4/scratch2/Reddit_Prov_Dataset_v5/_No_chin_white_supremacist_at_a_rally/g027_dhl0yju.png", "URL": "http://i.imgur.com/Ykq3Ze8.png", "fileid": "g027_dhl0yju.png"}, {"id": "g027_dhkoyen", "comment": "http://imgur.com/EMv4aAA.jpg", "date": "2017-05-15 02:29:33", "seriesname": "g027_dhkoyen", "file": "/media/jbrogan4/scratch2/Reddit_Prov_Dataset_v5/_No_chin_white_supremacist_at_a_rally/g027_dhkoyen.jpg", "URL": "http://imgur.com/EMv4aAA.jpg", "fileid": "g027_dhkoyen.jpg"}, {"id": "g027_dhkmkwp", "comment": "[On the scene of an accident](https://i.imgur.com/hVROfWz.png)", "date": "2017-05-15 01:00:42", "seriesname": "g027_dhkmkwp", "file": "/media/jbrogan4/scratch2/Reddit_Prov_Dataset_v5/_No_chin_white_supremacist_at_a_rally/g027_dhkmkwp.png", "URL": "https://i.imgur.com/hVROfWz.png", "fileid": "g027_dhkmkwp.png"}, {"id": "g027_dhkrnnu", "comment": "http://i.imgur.com/oLeiLss.jpg", "date": "2017-05-15 04:34:34", "seriesname": "g027_dhkrnnu", "file": "/media/jbrogan4/scratch2/Reddit_Prov_Dataset_v5/_No_chin_white_supremacist_at_a_rally/g027_dhkrnnu.jpg", "URL": "http://i.imgur.com/oLeiLss.jpg", "fileid": "g027_dhkrnnu.jpg"}, {"id": "g027_dhl8t2g", "comment": "[We all wanted to know.](http://i.imgur.com/9xyWGvo.jpg)", "date": "2017-05-15 12:50:54", "seriesname": "g027_dhl8t2g", "file": "/media/jbrogan4/scratch2/Reddit_Prov_Dataset_v5/_No_chin_white_supremacist_at_a_rally/g027_dhl8t2g.jpg", "URL": "http://i.imgur.com/9xyWGvo.jpg", "fileid": "g027_dhl8t2g.jpg"}, {"id": "g027_dhkzmzm", "comment": "[White Sontaranist](http://i.imgur.com/K5Vt5pm.jpg)", "date": "2017-05-15 09:43:15", "seriesname": "g027_dhkzmzm", "file": "/media/jbrogan4/scratch2/Reddit_Prov_Dataset_v5/_No_chin_white_supremacist_at_a_rally/g027_dhkzmzm.jpg", "URL": "http://i.imgur.com/K5Vt5pm.jpg", "fileid": "g027_dhkzmzm.jpg"}, {"id": "g027_dhkwkbf", "comment": "[Thump](http://i.imgur.com/XHJr6UY.jpg)", "date": "2017-05-15 08:17:19", "seriesname": "g027_dhkwkbf", "file": "/media/jbrogan4/scratch2/Reddit_Prov_Dataset_v5/_No_chin_white_supremacist_at_a_rally/g027_dhkwkbf.jpg", "URL": "http://i.imgur.com/XHJr6UY.jpg", "fileid": "g027_dhkwkbf.jpg"}, {"id": "g027_dhksmit", "comment": "[Whote Sopromacy](http://i.imgur.com/JuPu1k5.jpg)", "date": "2017-05-15 05:25:28", "seriesname": "g027_dhksmit", "file": "/media/jbrogan4/scratch2/Reddit_Prov_Dataset_v5/_No_chin_white_supremacist_at_a_rally/g027_dhksmit.jpg", "URL": "http://i.imgur.com/JuPu1k5.jpg", "fileid": "g027_dhksmit.jpg"}, {"id": "g027_dhl36yk", "comment": "It makes me think of this Preacher scene. Can anyone rework it?\n\nhttps://m.imgur.com/7CcgLR0", "date": "2017-05-15 11:01:35", "seriesname": "g027_dhl36yk", "file": "/media/jbrogan4/scratch2/Reddit_Prov_Dataset_v5/_No_chin_white_supremacist_at_a_rally/g027_dhl36yk.png", "URL": "http://i.imgur.com/7CcgLR0.png", "fileid": "g027_dhl36yk.png"}, {"id": "g027_dhkywif", "comment": "http://i.imgur.com/0DeRtxG.png", "date": "2017-05-15 09:24:41", "seriesname": "g027_dhkywif", "file": "/media/jbrogan4/scratch2/Reddit_Prov_Dataset_v5/_No_chin_white_supremacist_at_a_rally/g027_dhkywif.png", "URL": "http://i.imgur.com/0DeRtxG.png", "fileid": "g027_dhkywif.png"}, {"id": "g027_dhkwi6c", "comment": "[Where the fuck is your chin!?](http://i.imgur.com/DEC4Vk3.png)\n\nedit: Sorry, didn't see the 2 or 3 of these that had already been posted ", "date": "2017-05-15 08:15:20", "seriesname": "g027_dhkwi6c", "file": "/media/jbrogan4/scratch2/Reddit_Prov_Dataset_v5/_No_chin_white_supremacist_at_a_rally/g027_dhkwi6c.png", "URL": "http://i.imgur.com/DEC4Vk3.png", "fileid": "g027_dhkwi6c.png"}, {"id": "g027_dhlicd9", "comment": "[Throbert Balzac (nsfw)](http://i.imgur.com/joAM88J.jpg)", "date": "2017-05-15 15:49:34", "seriesname": "g027_dhlicd9", "file": "/media/jbrogan4/scratch2/Reddit_Prov_Dataset_v5/_No_chin_white_supremacist_at_a_rally/g027_dhlicd9.jpg", "URL": "http://i.imgur.com/joAM88J.jpg", "fileid": "g027_dhlicd9.jpg"}, {"id": "g027_dhkzca6", "comment": "He joined the [Imperial Army](http://i.imgur.com/tbJyUzb.png).", "date": "2017-05-15 09:35:51", "seriesname": "g027_dhkzca6", "file": "/media/jbrogan4/scratch2/Reddit_Prov_Dataset_v5/_No_chin_white_supremacist_at_a_rally/g027_dhkzca6.jpg", "URL": "http://i.imgur.com/tbJyUzb.png).", "fileid": "g027_dhkzca6."}, {"id": "g027_dhlkv46", "comment": "[you little bitch](http://imgur.com/kbUPSTl)", "date": "2017-05-15 16:38:11", "seriesname": "g027_dhlkv46", "file": "/media/jbrogan4/scratch2/Reddit_Prov_Dataset_v5/_No_chin_white_supremacist_at_a_rally/g027_dhlkv46.png", "URL": "http://i.imgur.com/kbUPSTl.png", "fileid": "g027_dhlkv46.png"}, {"id": "g027_dhkldci", "comment": "[Obligatory](https://imgur.com/I2ZVFcC)", "date": "2017-05-15 00:21:31", "seriesname": "g027_dhkldci", "file": "/media/jbrogan4/scratch2/Reddit_Prov_Dataset_v5/_No_chin_white_supremacist_at_a_rally/g027_dhkldci.png", "URL": "http://i.imgur.com/I2ZVFcC.png", "fileid": "g027_dhkldci.png"}, {"id": "g027_dhknfxz", "comment": "[TITANIC](http://i.imgur.com/YCUywx2.jpg)\n\nAdd: [with him](http://i.imgur.com/DXkw1XC.jpg)\n\nEdit: Wow! Thank you for the gold kind stranger!", "date": "2017-05-15 01:30:58", "seriesname": "g027_dhknfxz", "file": "/media/jbrogan4/scratch2/Reddit_Prov_Dataset_v5/_No_chin_white_supremacist_at_a_rally/g027_dhknfxz.jpg", "URL": "http://i.imgur.com/DXkw1XC.jpg", "fileid": "g027_dhknfxz.jpg"}, {"id": "g027_dhkodst", "comment": "[1, 2, 3, 4, I declare a..](http://imgur.com/BbALJJW)", "date": "2017-05-15 02:06:44", "seriesname": "g027_dhkodst", "file": "/media/jbrogan4/scratch2/Reddit_Prov_Dataset_v5/_No_chin_white_supremacist_at_a_rally/g027_dhkodst.png", "URL": "http://i.imgur.com/BbALJJW.png", "fileid": "g027_dhkodst.png"}, {"id": "g027_dhko904", "comment": "[So sorry but I couldn't resist](http://i.imgur.com/87dKj1g.jpg)\n\nEDIT:[OK people, I fixed](http://i.imgur.com/GzHuwh4.jpg)", "date": "2017-05-15 02:01:32", "seriesname": "g027_dhko904", "file": "/media/jbrogan4/scratch2/Reddit_Prov_Dataset_v5/_No_chin_white_supremacist_at_a_rally/g027_dhko904.jpg", "URL": "http://i.imgur.com/GzHuwh4.jpg", "fileid": "g027_dhko904.jpg"}, {"id": "g027_dhl9yt2", "comment": "[What he lacks in chin, he makes up for in neck ](https://i.imgur.com/rnhNnzD.jpg) ", "date": "2017-05-15 13:12:52", "seriesname": "g027_dhl9yt2", "file": "/media/jbrogan4/scratch2/Reddit_Prov_Dataset_v5/_No_chin_white_supremacist_at_a_rally/g027_dhl9yt2.jpg", "URL": "https://i.imgur.com/rnhNnzD.jpg", "fileid": "g027_dhl9yt2.jpg"}, {"id": "g027_dhl97gd", "comment": "[Hooooooooogan!](http://i.imgur.com/GOG6MO7.jpg)", "date": "2017-05-15 12:58:23", "seriesname": "g027_dhl97gd", "file": "/media/jbrogan4/scratch2/Reddit_Prov_Dataset_v5/_No_chin_white_supremacist_at_a_rally/g027_dhl97gd.jpg", "URL": "http://i.imgur.com/GOG6MO7.jpg", "fileid": "g027_dhl97gd.jpg"}, {"id": "g027_dhl0xhp", "comment": "[A rare sight indeed](http://i.imgur.com/Ykq3Ze8.png)", "date": "2017-05-15 10:13:35", "seriesname": "g027_dhl0xhp", "file": "/media/jbrogan4/scratch2/Reddit_Prov_Dataset_v5/_No_chin_white_supremacist_at_a_rally/g027_dhl0xhp.png", "URL": "http://i.imgur.com/Ykq3Ze8.png", "fileid": "g027_dhl0xhp.png"}, {"id": "g027_dhl94g5", "comment": "HAHA. Just commented this on OP. [Great minds think alike](http://i.imgur.com/GDospUr.jpg)", "date": "2017-05-15 12:56:48", "seriesname": "g027_dhl94g5", "file": "/media/jbrogan4/scratch2/Reddit_Prov_Dataset_v5/_No_chin_white_supremacist_at_a_rally/g027_dhl94g5.jpg", "URL": "http://i.imgur.com/GDospUr.jpg", "fileid": "g027_dhl94g5.jpg"}, {"id": "g027_dhku20l", "comment": "[The Hero we need shall rise](http://i.imgur.com/ZdwiMyj.jpg)", "date": "2017-05-15 06:39:20", "seriesname": "g027_dhku20l", "file": "/media/jbrogan4/scratch2/Reddit_Prov_Dataset_v5/_No_chin_white_supremacist_at_a_rally/g027_dhku20l.jpg", "URL": "http://i.imgur.com/ZdwiMyj.jpg", "fileid": "g027_dhku20l.jpg"}, {"id": "g027_dhlkpgg", "comment": "[Liked Coachella this year.](https://i.imgur.com/uWDXeZM.jpg) ", "date": "2017-05-15 16:35:08", "seriesname": "g027_dhlkpgg", "file": "/media/jbrogan4/scratch2/Reddit_Prov_Dataset_v5/_No_chin_white_supremacist_at_a_rally/g027_dhlkpgg.jpg", "URL": "https://i.imgur.com/uWDXeZM.jpg", "fileid": "g027_dhlkpgg.jpg"}, {"id": "g027_dhkp3lw", "comment": "[Watcha thinking bout? Nothing. Just racist stuff I guess](http://i.imgur.com/G2DQZP1.jpg) \n\nNSFW tag added as requested", "date": "2017-05-15 02:35:29", "seriesname": "g027_dhkp3lw", "file": "/media/jbrogan4/scratch2/Reddit_Prov_Dataset_v5/_No_chin_white_supremacist_at_a_rally/g027_dhkp3lw.jpg", "URL": "http://i.imgur.com/G2DQZP1.jpg", "fileid": "g027_dhkp3lw.jpg"}, {"id": "g027_root", "comment": "", "date": "2017-05-14 23:36:06", "seriesname": "g027_root", "file": "/media/jbrogan4/scratch2/Reddit_Prov_Dataset_v5/_No_chin_white_supremacist_at_a_rally/g027_root.jpg", "URL": "https://i.redd.it/mku12pcx3lxy.jpg", "fileid": "g027_root.jpg"}, {"id": "g027_dhlc5q5", "comment": "[\"I suggest a full-frontal assault with automated laser monkeys, scalpel mines and acid.\"](http://imgur.com/P0u9wIL.jpg)", "date": "2017-05-15 13:53:48", "seriesname": "g027_dhlc5q5", "file": "/media/jbrogan4/scratch2/Reddit_Prov_Dataset_v5/_No_chin_white_supremacist_at_a_rally/g027_dhlc5q5.jpg", "URL": "http://imgur.com/P0u9wIL.jpg", "fileid": "g027_dhlc5q5.jpg"}, {"id": "g027_dhkqso5", "comment": "[white supremacy ob\u00e9lix](http://imgur.com/rKtRxX0)\n\nedit: [alternate skin](http://imgur.com/a/ZnXew)", "date": "2017-05-15 03:51:01", "seriesname": "g027_dhkqso5", "file": "/media/jbrogan4/scratch2/Reddit_Prov_Dataset_v5/_No_chin_white_supremacist_at_a_rally/g027_dhkqso5.png", "URL": "http://i.imgur.com/ZnXew.png", "fileid": "g027_dhkqso5.png"}, {"id": "g027_dhlgk1w", "comment": "My first PS battle attempt\n\nhttps://m.imgur.com/gallery/JypKGIY", "date": "2017-05-15 15:15:52", "seriesname": "g027_dhlgk1w", "file": "/media/jbrogan4/scratch2/Reddit_Prov_Dataset_v5/_No_chin_white_supremacist_at_a_rally/g027_dhlgk1w.png", "URL": "http://i.imgur.com/JypKGIY.png", "fileid": "g027_dhlgk1w.png"}, {"id": "g027_dhkr9ez", "comment": "[Getting cozy](http://i.imgur.com/cQzwNfG.png)", "date": "2017-05-15 04:14:03", "seriesname": "g027_dhkr9ez", "file": "/media/jbrogan4/scratch2/Reddit_Prov_Dataset_v5/_No_chin_white_supremacist_at_a_rally/g027_dhkr9ez.png", "URL": "http://i.imgur.com/cQzwNfG.png", "fileid": "g027_dhkr9ez.png"}, {"id": "g027_dhkplfu", "comment": "[*I know nothing!*](http://imgur.com/jCCQKPn)\n\nEdit: Wow, first gold, thanks stranger!", "date": "2017-05-15 02:56:29", "seriesname": "g027_dhkplfu", "file": "/media/jbrogan4/scratch2/Reddit_Prov_Dataset_v5/_No_chin_white_supremacist_at_a_rally/g027_dhkplfu.png", "URL": "http://i.imgur.com/jCCQKPn.png", "fileid": "g027_dhkplfu.png"}, {"id": "g027_dhkplo8", "comment": "[like this?](http://i.imgur.com/DXkw1XC.jpg)\n\nEdit: Wow!! Thank you for the gold kind stranger!", "date": "2017-05-15 02:56:45", "seriesname": "g027_dhkplo8", "file": "/media/jbrogan4/scratch2/Reddit_Prov_Dataset_v5/_No_chin_white_supremacist_at_a_rally/g027_dhkplo8.jpg", "URL": "http://i.imgur.com/DXkw1XC.jpg", "fileid": "g027_dhkplo8.jpg"}, {"id": "g027_dhktk1s", "comment": "[No master race like a mascot race](http://i.imgur.com/8BjVPa2.jpg)", "date": "2017-05-15 06:14:46", "seriesname": "g027_dhktk1s", "file": "/media/jbrogan4/scratch2/Reddit_Prov_Dataset_v5/_No_chin_white_supremacist_at_a_rally/g027_dhktk1s.jpg", "URL": "http://i.imgur.com/8BjVPa2.jpg", "fileid": "g027_dhktk1s.jpg"}, {"id": "g027_dhknlw0", "comment": "[[NSFW]On your knees you little piggie!](http://i.imgur.com/dwvT0jy.jpg)", "date": "2017-05-15 01:37:05", "seriesname": "g027_dhknlw0", "file": "/media/jbrogan4/scratch2/Reddit_Prov_Dataset_v5/_No_chin_white_supremacist_at_a_rally/g027_dhknlw0.jpg", "URL": "http://i.imgur.com/dwvT0jy.jpg", "fileid": "g027_dhknlw0.jpg"}, {"id": "g027_dhl8od9", "comment": "Fixed him!? [What about the strap!?](http://i.imgur.com/9xyWGvo.jpg)", "date": "2017-05-15 12:48:25", "seriesname": "g027_dhl8od9", "file": "/media/jbrogan4/scratch2/Reddit_Prov_Dataset_v5/_No_chin_white_supremacist_at_a_rally/g027_dhl8od9.jpg", "URL": "http://i.imgur.com/9xyWGvo.jpg", "fileid": "g027_dhl8od9.jpg"}, {"id": "g027_dhl02d3", "comment": "[What exactly were you fixing? Look at the original image, here. See? A chin. Giggidy giggidy giggidy goo.](http://i.imgur.com/ml3hebu.jpg)", "date": "2017-05-15 09:53:29", "seriesname": "g027_dhl02d3", "file": "/media/jbrogan4/scratch2/Reddit_Prov_Dataset_v5/_No_chin_white_supremacist_at_a_rally/g027_dhl02d3.jpg", "URL": "http://i.imgur.com/ml3hebu.jpg", "fileid": "g027_dhl02d3.jpg"}, {"id": "g027_dhkr4vm", "comment": "[Jesse Custer telling it like it is](http://i.imgur.com/5A0K21Y.jpg)", "date": "2017-05-15 04:07:34", "seriesname": "g027_dhkr4vm", "file": "/media/jbrogan4/scratch2/Reddit_Prov_Dataset_v5/_No_chin_white_supremacist_at_a_rally/g027_dhkr4vm.jpg", "URL": "http://i.imgur.com/5A0K21Y.jpg", "fileid": "g027_dhkr4vm.jpg"}, {"id": "g027_dhl9ay1", "comment": "it's him, RAM MAN! https://i.imgur.com/cbm5OVP.jpg", "date": "2017-05-15 13:00:16", "seriesname": "g027_dhl9ay1", "file": "/media/jbrogan4/scratch2/Reddit_Prov_Dataset_v5/_No_chin_white_supremacist_at_a_rally/g027_dhl9ay1.jpg", "URL": "https://i.imgur.com/cbm5OVP.jpg", "fileid": "g027_dhl9ay1.jpg"}, {"id": "g027_dhko5o9", "comment": "[Gotta catch em all!](http://i.imgur.com/KMwAPsp.png)", "date": "2017-05-15 01:58:02", "seriesname": "g027_dhko5o9", "file": "/media/jbrogan4/scratch2/Reddit_Prov_Dataset_v5/_No_chin_white_supremacist_at_a_rally/g027_dhko5o9.png", "URL": "http://i.imgur.com/KMwAPsp.png", "fileid": "g027_dhko5o9.png"}, {"id": "g027_dhkzrsk", "comment": "[fourth stooge](http://i.imgur.com/uARLkrN.jpg)", "date": "2017-05-15 09:46:28", "seriesname": "g027_dhkzrsk", "file": "/media/jbrogan4/scratch2/Reddit_Prov_Dataset_v5/_No_chin_white_supremacist_at_a_rally/g027_dhkzrsk.jpg", "URL": "http://i.imgur.com/uARLkrN.jpg", "fileid": "g027_dhkzrsk.jpg"}, {"id": "g027_dhl547l", "comment": "[RIP Steve Dillon](http://imgur.com/6bWVver)", "date": "2017-05-15 11:40:11", "seriesname": "g027_dhl547l", "file": "/media/jbrogan4/scratch2/Reddit_Prov_Dataset_v5/_No_chin_white_supremacist_at_a_rally/g027_dhl547l.png", "URL": "http://i.imgur.com/6bWVver.png", "fileid": "g027_dhl547l.png"}, {"id": "g027_dhkng86", "comment": "[Thumb-Thumb Gang](http://imgur.com/JvDWTfB)\n\nEdit: Whoa first gold, thanks stranger! I don't even know if it's fair because he looks more thumb than face! ", "date": "2017-05-15 01:31:15", "seriesname": "g027_dhkng86", "file": "/media/jbrogan4/scratch2/Reddit_Prov_Dataset_v5/_No_chin_white_supremacist_at_a_rally/g027_dhkng86.png", "URL": "http://i.imgur.com/JvDWTfB.png", "fileid": "g027_dhkng86.png"}], "graph": {"name": "g027_root"}, "directed": true}