{"links": [{"op": "none", "target": 0, "source": 48}, {"op": "none", "target": 1, "source": 48}, {"op": "none", "target": 2, "source": 48}, {"op": "none", "target": 3, "source": 48}, {"op": "none", "target": 4, "source": 48}, {"op": "none", "target": 5, "source": 45}, {"op": "none", "target": 6, "source": 48}, {"op": "none", "target": 7, "source": 14}, {"op": "none", "target": 8, "source": 48}, {"op": "none", "target": 9, "source": 48}, {"op": "none", "target": 10, "source": 48}, {"op": "none", "target": 11, "source": 43}, {"op": "none", "target": 12, "source": 48}, {"op": "none", "target": 13, "source": 48}, {"op": "none", "target": 14, "source": 48}, {"op": "none", "target": 15, "source": 48}, {"op": "none", "target": 16, "source": 48}, {"op": "none", "target": 17, "source": 48}, {"op": "none", "target": 18, "source": 48}, {"op": "none", "target": 19, "source": 48}, {"op": "none", "target": 20, "source": 48}, {"op": "none", "target": 21, "source": 48}, {"op": "none", "target": 22, "source": 48}, {"op": "none", "target": 23, "source": 48}, {"op": "none", "target": 24, "source": 48}, {"op": "none", "target": 25, "source": 48}, {"op": "none", "target": 26, "source": 48}, {"op": "none", "target": 27, "source": 48}, {"op": "none", "target": 28, "source": 48}, {"op": "none", "target": 29, "source": 48}, {"op": "none", "target": 30, "source": 48}, {"op": "none", "target": 31, "source": 0}, {"op": "none", "target": 32, "source": 48}, {"op": "none", "target": 33, "source": 48}, {"op": "none", "target": 34, "source": 48}, {"op": "none", "target": 35, "source": 48}, {"op": "none", "target": 36, "source": 48}, {"op": "none", "target": 37, "source": 48}, {"op": "none", "target": 38, "source": 48}, {"op": "none", "target": 39, "source": 14}, {"op": "none", "target": 40, "source": 7}, {"op": "none", "target": 41, "source": 48}, {"op": "none", "target": 42, "source": 48}, {"op": "none", "target": 43, "source": 48}, {"op": "none", "target": 44, "source": 48}, {"op": "none", "target": 45, "source": 48}, {"op": "none", "target": 46, "source": 48}, {"op": "none", "target": 47, "source": 7}, {"op": "none", "target": 49, "source": 34}, {"op": "none", "target": 50, "source": 48}, {"op": "none", "target": 51, "source": 48}, {"op": "none", "target": 52, "source": 48}, {"op": "none", "target": 53, "source": 48}, {"op": "none", "target": 54, "source": 48}, {"op": "none", "target": 55, "source": 48}, {"op": "none", "target": 56, "source": 48}, {"op": "none", "target": 57, "source": 40}, {"op": "none", "target": 58, "source": 48}, {"op": "none", "target": 59, "source": 48}, {"op": "none", "target": 60, "source": 48}, {"op": "none", "target": 61, "source": 48}, {"op": "none", "target": 62, "source": 7}, {"op": "none", "target": 63, "source": 48}, {"op": "none", "target": 64, "source": 48}], "title": "_Donald_Trump_in_a_Bathrobe", "nodes": [{"id": "g029_ddhrbk0", "comment": "[Sunday Night at the Whitehouse NSFW](http://i.imgur.com/jIllY7g.jpg)", "date": "2017-02-08 12:08:40", "seriesname": "g029_ddhrbk0", "file": "/media/jbrogan4/scratch2/Reddit_Prov_Dataset_v5/_Donald_Trump_in_a_Bathrobe/g029_ddhrbk0.jpg", "URL": "http://i.imgur.com/jIllY7g.jpg", "fileid": "g029_ddhrbk0.jpg"}, {"id": "g029_ddhzneb", "comment": "Museum...... http://i.imgur.com/kLZphqn.jpg ", "date": "2017-02-08 14:40:35", "seriesname": "g029_ddhzneb", "file": "/media/jbrogan4/scratch2/Reddit_Prov_Dataset_v5/_Donald_Trump_in_a_Bathrobe/g029_ddhzneb.jpg", "URL": "http://i.imgur.com/kLZphqn.jpg", "fileid": "g029_ddhzneb.jpg"}, {"id": "g029_ddi3uuw", "comment": "[That time Trump posed for GQ](http://i.imgur.com/jxhrZ1A.jpg)", "date": "2017-02-08 15:57:36", "seriesname": "g029_ddi3uuw", "file": "/media/jbrogan4/scratch2/Reddit_Prov_Dataset_v5/_Donald_Trump_in_a_Bathrobe/g029_ddi3uuw.jpg", "URL": "http://i.imgur.com/jxhrZ1A.jpg", "fileid": "g029_ddi3uuw.jpg"}, {"id": "g029_ddhz0wb", "comment": "[Trump today](https://i.imgur.com/zSagSxR.jpg)", "date": "2017-02-08 14:29:05", "seriesname": "g029_ddhz0wb", "file": "/media/jbrogan4/scratch2/Reddit_Prov_Dataset_v5/_Donald_Trump_in_a_Bathrobe/g029_ddhz0wb.jpg", "URL": "https://i.imgur.com/zSagSxR.jpg", "fileid": "g029_ddhz0wb.jpg"}, {"id": "g029_ddi8qca", "comment": "[Sexy time](http://i.imgur.com/9lOFr4A.jpg)", "date": "2017-02-08 17:29:27", "seriesname": "g029_ddi8qca", "file": "/media/jbrogan4/scratch2/Reddit_Prov_Dataset_v5/_Donald_Trump_in_a_Bathrobe/g029_ddi8qca.jpg", "URL": "http://i.imgur.com/9lOFr4A.jpg", "fileid": "g029_ddi8qca.jpg"}, {"id": "g029_ddiczoq", "comment": "He's going to need some of Uncle Jack's hands. http://i.imgur.com/dnXhsNv.jpg", "date": "2017-02-08 18:58:41", "seriesname": "g029_ddiczoq", "file": "/media/jbrogan4/scratch2/Reddit_Prov_Dataset_v5/_Donald_Trump_in_a_Bathrobe/g029_ddiczoq.jpg", "URL": "http://i.imgur.com/dnXhsNv.jpg", "fileid": "g029_ddiczoq.jpg"}, {"id": "g029_ddiaodc", "comment": "[Say no to drugs. Read a book instead](http://i.imgur.com/LHW1EDU.jpg)", "date": "2017-02-08 18:08:58", "seriesname": "g029_ddiaodc", "file": "/media/jbrogan4/scratch2/Reddit_Prov_Dataset_v5/_Donald_Trump_in_a_Bathrobe/g029_ddiaodc.jpg", "URL": "http://i.imgur.com/LHW1EDU.jpg", "fileid": "g029_ddiaodc.jpg"}, {"id": "g029_ddhu1ov", "comment": "[Added:  Putin the Hutt with Princess Trump](http://i.imgur.com/14c6rdr.png)\n\nEDIT:  Well I'm an idiot and deleted Bannon the Hutt accidentally, so here is [Bannon the Hutt with Princess Trump and slave dancer Kellyanne Oola](http://i.imgur.com/smluOx6.png)", "date": "2017-02-08 12:58:50", "seriesname": "g029_ddhu1ov", "file": "/media/jbrogan4/scratch2/Reddit_Prov_Dataset_v5/_Donald_Trump_in_a_Bathrobe/g029_ddhu1ov.png", "URL": "http://i.imgur.com/smluOx6.png", "fileid": "g029_ddhu1ov.png"}, {"id": "g029_ddi3q3v", "comment": "[Birdie](http://imgur.com/feavBHD) \n[Views](http://imgur.com/4trYYeX) ", "date": "2017-02-08 15:55:11", "seriesname": "g029_ddi3q3v", "file": "/media/jbrogan4/scratch2/Reddit_Prov_Dataset_v5/_Donald_Trump_in_a_Bathrobe/g029_ddi3q3v.png", "URL": "http://i.imgur.com/4trYYeX.png", "fileid": "g029_ddi3q3v.png"}, {"id": "g029_ddhsuca", "comment": "You really have to [hand](http://i.imgur.com/ajrvDHA.jpg) it to him", "date": "2017-02-08 12:36:47", "seriesname": "g029_ddhsuca", "file": "/media/jbrogan4/scratch2/Reddit_Prov_Dataset_v5/_Donald_Trump_in_a_Bathrobe/g029_ddhsuca.jpg", "URL": "http://i.imgur.com/ajrvDHA.jpg", "fileid": "g029_ddhsuca.jpg"}, {"id": "g029_ddi19u7", "comment": "[Trump is in bed with \"________\"](http://i.imgur.com/a69a4nU.jpg)\n\n[Trump is in bed with Bannon](http://i.imgur.com/RISR3eE.jpg)", "date": "2017-02-08 15:10:15", "seriesname": "g029_ddi19u7", "file": "/media/jbrogan4/scratch2/Reddit_Prov_Dataset_v5/_Donald_Trump_in_a_Bathrobe/g029_ddi19u7.jpg", "URL": "http://i.imgur.com/RISR3eE.jpg", "fileid": "g029_ddi19u7.jpg"}, {"id": "g029_ddi8jws", "comment": "You're welcome: http://i.imgur.com/uln8HBG.png\n\n#Edit: Thanks so much for my most-upvoted comment! ", "date": "2017-02-08 17:25:59", "seriesname": "g029_ddi8jws", "file": "/media/jbrogan4/scratch2/Reddit_Prov_Dataset_v5/_Donald_Trump_in_a_Bathrobe/g029_ddi8jws.png", "URL": "http://i.imgur.com/uln8HBG.png", "fileid": "g029_ddi8jws.png"}, {"id": "g029_ddicyyn", "comment": "[It was clearly on his mind...]( https://i.imgur.com/7QxV8gC.jpg)", "date": "2017-02-08 18:58:14", "seriesname": "g029_ddicyyn", "file": "/media/jbrogan4/scratch2/Reddit_Prov_Dataset_v5/_Donald_Trump_in_a_Bathrobe/g029_ddicyyn.jpg", "URL": "https://i.imgur.com/7QxV8gC.jpg", "fileid": "g029_ddicyyn.jpg"}, {"id": "g029_ddhtvj7", "comment": "[celebrity chef](http://imgur.com/KTy7tFf)", "date": "2017-02-08 12:55:42", "seriesname": "g029_ddhtvj7", "file": "/media/jbrogan4/scratch2/Reddit_Prov_Dataset_v5/_Donald_Trump_in_a_Bathrobe/g029_ddhtvj7.png", "URL": "http://i.imgur.com/KTy7tFf.png", "fileid": "g029_ddhtvj7.png"}, {"id": "g029_ddhsaqa", "comment": "I also went with a Jabba and Trump... [just a slightly different perspective.](http://i.imgur.com/smHi4JQ.png)\n\nEdit: Thank you so much for the gold!", "date": "2017-02-08 12:26:43", "seriesname": "g029_ddhsaqa", "file": "/media/jbrogan4/scratch2/Reddit_Prov_Dataset_v5/_Donald_Trump_in_a_Bathrobe/g029_ddhsaqa.png", "URL": "http://i.imgur.com/smHi4JQ.png", "fileid": "g029_ddhsaqa.png"}, {"id": "g029_ddhvfnw", "comment": "[William Murderface 1983](http://i.imgur.com/cK8V1xW.jpg)\n\nThanks to /u/Wilikersthegreat for the idea!", "date": "2017-02-08 13:24:04", "seriesname": "g029_ddhvfnw", "file": "/media/jbrogan4/scratch2/Reddit_Prov_Dataset_v5/_Donald_Trump_in_a_Bathrobe/g029_ddhvfnw.jpg", "URL": "http://i.imgur.com/cK8V1xW.jpg", "fileid": "g029_ddhvfnw.jpg"}, {"id": "g029_ddib8mp", "comment": "http://i.imgur.com/T4sDiAi.jpg", "date": "2017-02-08 18:20:50", "seriesname": "g029_ddib8mp", "file": "/media/jbrogan4/scratch2/Reddit_Prov_Dataset_v5/_Donald_Trump_in_a_Bathrobe/g029_ddib8mp.jpg", "URL": "http://i.imgur.com/T4sDiAi.jpg", "fileid": "g029_ddib8mp.jpg"}, {"id": "g029_ddi0qcr", "comment": "[Dawn](http://i.imgur.com/AyRyePq.jpg)", "date": "2017-02-08 15:00:14", "seriesname": "g029_ddi0qcr", "file": "/media/jbrogan4/scratch2/Reddit_Prov_Dataset_v5/_Donald_Trump_in_a_Bathrobe/g029_ddi0qcr.jpg", "URL": "http://i.imgur.com/AyRyePq.jpg", "fileid": "g029_ddi0qcr.jpg"}, {"id": "g029_ddia9k5", "comment": "[Putin Porn](http://i.imgur.com/AsJLplH.jpg)", "date": "2017-02-08 18:00:19", "seriesname": "g029_ddia9k5", "file": "/media/jbrogan4/scratch2/Reddit_Prov_Dataset_v5/_Donald_Trump_in_a_Bathrobe/g029_ddia9k5.jpg", "URL": "http://i.imgur.com/AsJLplH.jpg", "fileid": "g029_ddia9k5.jpg"}, {"id": "g029_ddhto7v", "comment": "[Crest whitening ass president](http://i.imgur.com/ka8d4w7.jpg)", "date": "2017-02-08 12:52:00", "seriesname": "g029_ddhto7v", "file": "/media/jbrogan4/scratch2/Reddit_Prov_Dataset_v5/_Donald_Trump_in_a_Bathrobe/g029_ddhto7v.jpg", "URL": "http://i.imgur.com/ka8d4w7.jpg", "fileid": "g029_ddhto7v.jpg"}, {"id": "g029_ddhvwj8", "comment": "I hear Russian bomber pilots have awesome nose art on their birds while they rain steel on ISIS: http://imgur.com/0doNN6w", "date": "2017-02-08 13:32:30", "seriesname": "g029_ddhvwj8", "file": "/media/jbrogan4/scratch2/Reddit_Prov_Dataset_v5/_Donald_Trump_in_a_Bathrobe/g029_ddhvwj8.png", "URL": "http://i.imgur.com/0doNN6w.png", "fileid": "g029_ddhvwj8.png"}, {"id": "g029_ddi2vmc", "comment": "http://i.imgur.com/vKahBdD.jpg", "date": "2017-02-08 15:39:26", "seriesname": "g029_ddi2vmc", "file": "/media/jbrogan4/scratch2/Reddit_Prov_Dataset_v5/_Donald_Trump_in_a_Bathrobe/g029_ddi2vmc.jpg", "URL": "http://i.imgur.com/vKahBdD.jpg", "fileid": "g029_ddi2vmc.jpg"}, {"id": "g029_ddjnogz", "comment": "Found the original\nhttp://i.imgur.com/wLgfA9E.jpg", "date": "2017-02-09 15:44:53", "seriesname": "g029_ddjnogz", "file": "/media/jbrogan4/scratch2/Reddit_Prov_Dataset_v5/_Donald_Trump_in_a_Bathrobe/g029_ddjnogz.jpg", "URL": "http://i.imgur.com/wLgfA9E.jpg", "fileid": "g029_ddjnogz.jpg"}, {"id": "g029_ddhu9ut", "comment": "[as if it you haven't](http://i.imgur.com/0FRFYzh.jpg)", "date": "2017-02-08 13:02:58", "seriesname": "g029_ddhu9ut", "file": "/media/jbrogan4/scratch2/Reddit_Prov_Dataset_v5/_Donald_Trump_in_a_Bathrobe/g029_ddhu9ut.jpg", "URL": "http://i.imgur.com/0FRFYzh.jpg", "fileid": "g029_ddhu9ut.jpg"}, {"id": "g029_ddhy4xb", "comment": "[Channeling Burt Reynolds' 1972 Cosmopolitan photo shoot.](http://imgur.com/KJL1bWX)", "date": "2017-02-08 14:12:55", "seriesname": "g029_ddhy4xb", "file": "/media/jbrogan4/scratch2/Reddit_Prov_Dataset_v5/_Donald_Trump_in_a_Bathrobe/g029_ddhy4xb.png", "URL": "http://i.imgur.com/KJL1bWX.png", "fileid": "g029_ddhy4xb.png"}, {"id": "g029_ddhzwlm", "comment": "[Even in his younger days he dreamed of building a wall](http://imgur.com/rH4MUr7.jpg)", "date": "2017-02-08 14:45:14", "seriesname": "g029_ddhzwlm", "file": "/media/jbrogan4/scratch2/Reddit_Prov_Dataset_v5/_Donald_Trump_in_a_Bathrobe/g029_ddhzwlm.jpg", "URL": "http://imgur.com/rH4MUr7.jpg", "fileid": "g029_ddhzwlm.jpg"}, {"id": "g029_ddhtkjd", "comment": "[The truth behind Donny and Rosie's relationship](http://i.imgur.com/KlAwOhw.jpg) ", "date": "2017-02-08 12:50:08", "seriesname": "g029_ddhtkjd", "file": "/media/jbrogan4/scratch2/Reddit_Prov_Dataset_v5/_Donald_Trump_in_a_Bathrobe/g029_ddhtkjd.jpg", "URL": "http://i.imgur.com/KlAwOhw.jpg", "fileid": "g029_ddhtkjd.jpg"}, {"id": "g029_ddhyc9w", "comment": "[Foul Play!](http://i.imgur.com/ufdTxM0.jpg)", "date": "2017-02-08 14:16:37", "seriesname": "g029_ddhyc9w", "file": "/media/jbrogan4/scratch2/Reddit_Prov_Dataset_v5/_Donald_Trump_in_a_Bathrobe/g029_ddhyc9w.jpg", "URL": "http://i.imgur.com/ufdTxM0.jpg", "fileid": "g029_ddhyc9w.jpg"}, {"id": "g029_ddhryim", "comment": "[Trumpy Ultra Fabric Softener](https://i.imgur.com/SINXK78.png)", "date": "2017-02-08 12:20:31", "seriesname": "g029_ddhryim", "file": "/media/jbrogan4/scratch2/Reddit_Prov_Dataset_v5/_Donald_Trump_in_a_Bathrobe/g029_ddhryim.png", "URL": "https://i.imgur.com/SINXK78.png", "fileid": "g029_ddhryim.png"}, {"id": "g029_dditz6o", "comment": "Has this been done yet?\n\nhttp://i.imgur.com/V3eqkA7.jpg", "date": "2017-02-09 02:19:19", "seriesname": "g029_dditz6o", "file": "/media/jbrogan4/scratch2/Reddit_Prov_Dataset_v5/_Donald_Trump_in_a_Bathrobe/g029_dditz6o.jpg", "URL": "http://i.imgur.com/V3eqkA7.jpg", "fileid": "g029_dditz6o.jpg"}, {"id": "g029_ddhshvr", "comment": "[Oval office](http://i.imgur.com/xzaGEd6.jpg)", "date": "2017-02-08 12:30:23", "seriesname": "g029_ddhshvr", "file": "/media/jbrogan4/scratch2/Reddit_Prov_Dataset_v5/_Donald_Trump_in_a_Bathrobe/g029_ddhshvr.jpg", "URL": "http://i.imgur.com/xzaGEd6.jpg", "fileid": "g029_ddhshvr.jpg"}, {"id": "g029_ddhtonw", "comment": "[I already started a Rosie one lol.](http://i.imgur.com/KlAwOhw.jpg)  Too good to pass up", "date": "2017-02-08 12:52:14", "seriesname": "g029_ddhtonw", "file": "/media/jbrogan4/scratch2/Reddit_Prov_Dataset_v5/_Donald_Trump_in_a_Bathrobe/g029_ddhtonw.jpg", "URL": "http://i.imgur.com/KlAwOhw.jpg", "fileid": "g029_ddhtonw.jpg"}, {"id": "g029_ddi6hlj", "comment": "Trying to come up with a good title, but it's all just [garbage](http://i.imgur.com/ezbNckB.jpg).", "date": "2017-02-08 16:46:37", "seriesname": "g029_ddi6hlj", "file": "/media/jbrogan4/scratch2/Reddit_Prov_Dataset_v5/_Donald_Trump_in_a_Bathrobe/g029_ddi6hlj.jpg", "URL": "http://i.imgur.com/ezbNckB.jpg).", "fileid": "g029_ddi6hlj."}, {"id": "g029_ddhw6r9", "comment": "Donnie and his bud\nhttp://i.imgur.com/JhvLVlw.jpg", "date": "2017-02-08 13:37:39", "seriesname": "g029_ddhw6r9", "file": "/media/jbrogan4/scratch2/Reddit_Prov_Dataset_v5/_Donald_Trump_in_a_Bathrobe/g029_ddhw6r9.jpg", "URL": "http://i.imgur.com/JhvLVlw.jpg", "fileid": "g029_ddhw6r9.jpg"}, {"id": "g029_ddhxbtx", "comment": "[The actual photograph](http://i.imgur.com/6Jycb9o.jpg)", "date": "2017-02-08 13:58:10", "seriesname": "g029_ddhxbtx", "file": "/media/jbrogan4/scratch2/Reddit_Prov_Dataset_v5/_Donald_Trump_in_a_Bathrobe/g029_ddhxbtx.jpg", "URL": "http://i.imgur.com/6Jycb9o.jpg", "fileid": "g029_ddhxbtx.jpg"}, {"id": "g029_ddi4fu4", "comment": "[Putin heart Trump](http://i.imgur.com/cLD4PpA.jpg)", "date": "2017-02-08 16:08:26", "seriesname": "g029_ddi4fu4", "file": "/media/jbrogan4/scratch2/Reddit_Prov_Dataset_v5/_Donald_Trump_in_a_Bathrobe/g029_ddi4fu4.jpg", "URL": "http://i.imgur.com/cLD4PpA.jpg", "fileid": "g029_ddi4fu4.jpg"}, {"id": "g029_ddhu3c9", "comment": "[They laughed at Louis Armstrong when he said he was gonna go to the moon](http://i.imgur.com/zOPEbOS.jpg)", "date": "2017-02-08 12:59:40", "seriesname": "g029_ddhu3c9", "file": "/media/jbrogan4/scratch2/Reddit_Prov_Dataset_v5/_Donald_Trump_in_a_Bathrobe/g029_ddhu3c9.jpg", "URL": "http://i.imgur.com/zOPEbOS.jpg", "fileid": "g029_ddhu3c9.jpg"}, {"id": "g029_ddhtdmr", "comment": "[Trump Crafts^TM](http://i.imgur.com/qvRI5BD.png)", "date": "2017-02-08 12:46:38", "seriesname": "g029_ddhtdmr", "file": "/media/jbrogan4/scratch2/Reddit_Prov_Dataset_v5/_Donald_Trump_in_a_Bathrobe/g029_ddhtdmr.png", "URL": "http://i.imgur.com/qvRI5BD.png", "fileid": "g029_ddhtdmr.png"}, {"id": "g029_ddi1x5e", "comment": "[When you forget to bleach your favorite bathrobe...](https://i.imgur.com/chn2nPU.jpg)", "date": "2017-02-08 15:22:02", "seriesname": "g029_ddi1x5e", "file": "/media/jbrogan4/scratch2/Reddit_Prov_Dataset_v5/_Donald_Trump_in_a_Bathrobe/g029_ddi1x5e.jpg", "URL": "https://i.imgur.com/chn2nPU.jpg", "fileid": "g029_ddi1x5e.jpg"}, {"id": "g029_ddhzp03", "comment": "[Here.](http://i.imgur.com/Vsy5qrn.jpg)", "date": "2017-02-08 14:41:25", "seriesname": "g029_ddhzp03", "file": "/media/jbrogan4/scratch2/Reddit_Prov_Dataset_v5/_Donald_Trump_in_a_Bathrobe/g029_ddhzp03.jpg", "URL": "http://i.imgur.com/Vsy5qrn.jpg", "fileid": "g029_ddhzp03.jpg"}, {"id": "g029_ddhv1za", "comment": "[You got it.](http://i.imgur.com/smHi4JQ.png)", "date": "2017-02-08 13:17:14", "seriesname": "g029_ddhv1za", "file": "/media/jbrogan4/scratch2/Reddit_Prov_Dataset_v5/_Donald_Trump_in_a_Bathrobe/g029_ddhv1za.png", "URL": "http://i.imgur.com/smHi4JQ.png", "fileid": "g029_ddhv1za.png"}, {"id": "g029_ddi2c6f", "comment": "[If you buy him some furniture...](http://i.imgur.com/WevAa8X.png)", "date": "2017-02-08 15:29:33", "seriesname": "g029_ddi2c6f", "file": "/media/jbrogan4/scratch2/Reddit_Prov_Dataset_v5/_Donald_Trump_in_a_Bathrobe/g029_ddi2c6f.png", "URL": "http://i.imgur.com/WevAa8X.png", "fileid": "g029_ddi2c6f.png"}, {"id": "g029_ddhsqmo", "comment": "[french girls](http://i.imgur.com/qFKkbTZ.png)", "date": "2017-02-08 12:34:55", "seriesname": "g029_ddhsqmo", "file": "/media/jbrogan4/scratch2/Reddit_Prov_Dataset_v5/_Donald_Trump_in_a_Bathrobe/g029_ddhsqmo.png", "URL": "http://i.imgur.com/qFKkbTZ.png", "fileid": "g029_ddhsqmo.png"}, {"id": "g029_ddhtixj", "comment": "[Paint me like one of your rich girls](http://i.imgur.com/fRZ3Fog.jpg)", "date": "2017-02-08 12:49:20", "seriesname": "g029_ddhtixj", "file": "/media/jbrogan4/scratch2/Reddit_Prov_Dataset_v5/_Donald_Trump_in_a_Bathrobe/g029_ddhtixj.jpg", "URL": "http://i.imgur.com/fRZ3Fog.jpg", "fileid": "g029_ddhtixj.jpg"}, {"id": "g029_ddhvtje", "comment": "[Who's a good lapdog?](http://i.imgur.com/OOX2xi8.jpg)", "date": "2017-02-08 13:31:01", "seriesname": "g029_ddhvtje", "file": "/media/jbrogan4/scratch2/Reddit_Prov_Dataset_v5/_Donald_Trump_in_a_Bathrobe/g029_ddhvtje.jpg", "URL": "http://i.imgur.com/OOX2xi8.jpg", "fileid": "g029_ddhvtje.jpg"}, {"id": "g029_ddhs3qw", "comment": "[He tried, but with his physical shortcomings it's a little hard to be seductive](http://i.imgur.com/Rdspq7v.png)", "date": "2017-02-08 12:23:08", "seriesname": "g029_ddhs3qw", "file": "/media/jbrogan4/scratch2/Reddit_Prov_Dataset_v5/_Donald_Trump_in_a_Bathrobe/g029_ddhs3qw.png", "URL": "http://i.imgur.com/Rdspq7v.png", "fileid": "g029_ddhs3qw.png"}, {"id": "g029_ddi0m4a", "comment": "[Dumb, Dumber and Dumbest](http://i.imgur.com/DrTdkjF.png) ", "date": "2017-02-08 14:58:04", "seriesname": "g029_ddi0m4a", "file": "/media/jbrogan4/scratch2/Reddit_Prov_Dataset_v5/_Donald_Trump_in_a_Bathrobe/g029_ddi0m4a.png", "URL": "http://i.imgur.com/DrTdkjF.png", "fileid": "g029_ddi0m4a.png"}, {"id": "g029_ddhzmxh", "comment": "I'm a bit late, but [here's my attempt.](http://i.imgur.com/Vsy5qrn.jpg)", "date": "2017-02-08 14:40:21", "seriesname": "g029_ddhzmxh", "file": "/media/jbrogan4/scratch2/Reddit_Prov_Dataset_v5/_Donald_Trump_in_a_Bathrobe/g029_ddhzmxh.jpg", "URL": "http://i.imgur.com/Vsy5qrn.jpg", "fileid": "g029_ddhzmxh.jpg"}, {"id": "g029_root", "comment": "", "date": "2017-02-08 11:16:02", "seriesname": "g029_root", "file": "/media/jbrogan4/scratch2/Reddit_Prov_Dataset_v5/_Donald_Trump_in_a_Bathrobe/g029_root.jpg", "URL": "http://i.imgur.com/vWcnOvH.jpg", "fileid": "g029_root.jpg"}, {"id": "g029_ddirs9b", "comment": "[Taken soon after that one.](http://i.imgur.com/9hsCZX8.jpg)", "date": "2017-02-09 00:58:29", "seriesname": "g029_ddirs9b", "file": "/media/jbrogan4/scratch2/Reddit_Prov_Dataset_v5/_Donald_Trump_in_a_Bathrobe/g029_ddirs9b.jpg", "URL": "http://i.imgur.com/9hsCZX8.jpg", "fileid": "g029_ddirs9b.jpg"}, {"id": "g029_ddi4y9o", "comment": "[The Creation of Trump. By Michelangelo c. 1512](http://i.imgur.com/2ihBlXo.jpg)", "date": "2017-02-08 16:17:58", "seriesname": "g029_ddi4y9o", "file": "/media/jbrogan4/scratch2/Reddit_Prov_Dataset_v5/_Donald_Trump_in_a_Bathrobe/g029_ddi4y9o.jpg", "URL": "http://i.imgur.com/2ihBlXo.jpg", "fileid": "g029_ddi4y9o.jpg"}, {"id": "g029_ddhz0fc", "comment": "[Nemesis](http://i.imgur.com/JzJfzOk.png)", "date": "2017-02-08 14:28:50", "seriesname": "g029_ddhz0fc", "file": "/media/jbrogan4/scratch2/Reddit_Prov_Dataset_v5/_Donald_Trump_in_a_Bathrobe/g029_ddhz0fc.png", "URL": "http://i.imgur.com/JzJfzOk.png", "fileid": "g029_ddhz0fc.png"}, {"id": "g029_ddhswgw", "comment": "[Dumb, Dumber and Dumbest](http://i.imgur.com/CYggoB6.jpg)", "date": "2017-02-08 12:37:52", "seriesname": "g029_ddhswgw", "file": "/media/jbrogan4/scratch2/Reddit_Prov_Dataset_v5/_Donald_Trump_in_a_Bathrobe/g029_ddhswgw.jpg", "URL": "http://i.imgur.com/CYggoB6.jpg", "fileid": "g029_ddhswgw.jpg"}, {"id": "g029_ddhshkm", "comment": "[Don't forget, Stevie. **I'm** the president.](http://i.imgur.com/NFBhsXF.jpg) ", "date": "2017-02-08 12:30:13", "seriesname": "g029_ddhshkm", "file": "/media/jbrogan4/scratch2/Reddit_Prov_Dataset_v5/_Donald_Trump_in_a_Bathrobe/g029_ddhshkm.jpg", "URL": "http://i.imgur.com/NFBhsXF.jpg", "fileid": "g029_ddhshkm.jpg"}, {"id": "g029_ddhyv3n", "comment": "[I guess he looks different](http://i.imgur.com/Z4ixfIs.jpg)", "date": "2017-02-08 14:26:07", "seriesname": "g029_ddhyv3n", "file": "/media/jbrogan4/scratch2/Reddit_Prov_Dataset_v5/_Donald_Trump_in_a_Bathrobe/g029_ddhyv3n.jpg", "URL": "http://i.imgur.com/Z4ixfIs.jpg", "fileid": "g029_ddhyv3n.jpg"}, {"id": "g029_ddhsvy6", "comment": "[When you said you're gonna build a wall, but Mexico ain't playing](http://i.imgur.com/3wpqlmx.jpg)", "date": "2017-02-08 12:37:38", "seriesname": "g029_ddhsvy6", "file": "/media/jbrogan4/scratch2/Reddit_Prov_Dataset_v5/_Donald_Trump_in_a_Bathrobe/g029_ddhsvy6.jpg", "URL": "http://i.imgur.com/3wpqlmx.jpg", "fileid": "g029_ddhsvy6.jpg"}, {"id": "g029_ddhsk7v", "comment": "[can I offer you some \"champag-ne\"](https://i.imgur.com/zA7OcaH.jpg) ", "date": "2017-02-08 12:31:35", "seriesname": "g029_ddhsk7v", "file": "/media/jbrogan4/scratch2/Reddit_Prov_Dataset_v5/_Donald_Trump_in_a_Bathrobe/g029_ddhsk7v.jpg", "URL": "https://i.imgur.com/zA7OcaH.jpg", "fileid": "g029_ddhsk7v.jpg"}, {"id": "g029_ddhyioo", "comment": "[OK, I did it myself.](http://i.imgur.com/4f3Ri9P.png)", "date": "2017-02-08 14:19:53", "seriesname": "g029_ddhyioo", "file": "/media/jbrogan4/scratch2/Reddit_Prov_Dataset_v5/_Donald_Trump_in_a_Bathrobe/g029_ddhyioo.png", "URL": "http://i.imgur.com/4f3Ri9P.png", "fileid": "g029_ddhyioo.png"}, {"id": "g029_ddhxas3", "comment": "[Give daddy a kiss, Ivanka. Yes.. yeesss...](https://i.imgur.com/bSSI0pZ.jpg)", "date": "2017-02-08 13:57:39", "seriesname": "g029_ddhxas3", "file": "/media/jbrogan4/scratch2/Reddit_Prov_Dataset_v5/_Donald_Trump_in_a_Bathrobe/g029_ddhxas3.jpg", "URL": "https://i.imgur.com/bSSI0pZ.jpg", "fileid": "g029_ddhxas3.jpg"}, {"id": "g029_ddi0tec", "comment": "LAWS terror of the deep.\nhttp://i.imgur.com/6VbAjom.jpg\n\n", "date": "2017-02-08 15:01:49", "seriesname": "g029_ddi0tec", "file": "/media/jbrogan4/scratch2/Reddit_Prov_Dataset_v5/_Donald_Trump_in_a_Bathrobe/g029_ddi0tec.jpg", "URL": "http://i.imgur.com/6VbAjom.jpg", "fileid": "g029_ddi0tec.jpg"}, {"id": "g029_ddihrzk", "comment": "Had the same [idea](http://i.imgur.com/uVUUFXn.jpg) but also did a seductive [face](http://i.imgur.com/dhI3rRB.jpg).", "date": "2017-02-08 20:45:57", "seriesname": "g029_ddihrzk", "file": "/media/jbrogan4/scratch2/Reddit_Prov_Dataset_v5/_Donald_Trump_in_a_Bathrobe/g029_ddihrzk.jpg", "URL": "http://i.imgur.com/dhI3rRB.jpg).", "fileid": "g029_ddihrzk."}, {"id": "g029_ddhrr7c", "comment": "[Portrait of Leonilla - Trump version](http://i.imgur.com/TWTIDSE.jpg)\n\n[Original](http://i.imgur.com/IcCPN0s.png)", "date": "2017-02-08 12:16:46", "seriesname": "g029_ddhrr7c", "file": "/media/jbrogan4/scratch2/Reddit_Prov_Dataset_v5/_Donald_Trump_in_a_Bathrobe/g029_ddhrr7c.png", "URL": "http://i.imgur.com/IcCPN0s.png", "fileid": "g029_ddhrr7c.png"}, {"id": "g029_ddhw8hg", "comment": "[Here you go](https://imgur.com/GBZfQ0t)\n\n", "date": "2017-02-08 13:38:31", "seriesname": "g029_ddhw8hg", "file": "/media/jbrogan4/scratch2/Reddit_Prov_Dataset_v5/_Donald_Trump_in_a_Bathrobe/g029_ddhw8hg.png", "URL": "http://i.imgur.com/GBZfQ0t.png", "fileid": "g029_ddhw8hg.png"}, {"id": "g029_ddi898i", "comment": "[&lt;3](http://i.imgur.com/bcYfgVk.png)", "date": "2017-02-08 17:20:09", "seriesname": "g029_ddi898i", "file": "/media/jbrogan4/scratch2/Reddit_Prov_Dataset_v5/_Donald_Trump_in_a_Bathrobe/g029_ddi898i.png", "URL": "http://i.imgur.com/bcYfgVk.png", "fileid": "g029_ddi898i.png"}, {"id": "g029_ddhw5ln", "comment": "[Trump and Newt welcome you to the White House master bedroom](http://imgur.com/MJADD9o) ", "date": "2017-02-08 13:37:05", "seriesname": "g029_ddhw5ln", "file": "/media/jbrogan4/scratch2/Reddit_Prov_Dataset_v5/_Donald_Trump_in_a_Bathrobe/g029_ddhw5ln.png", "URL": "http://i.imgur.com/MJADD9o.png", "fileid": "g029_ddhw5ln.png"}], "graph": {"name": "g029_root"}, "directed": true}