{"links": [{"op": "none", "target": 0, "source": 59}, {"op": "none", "target": 1, "source": 59}, {"op": "none", "target": 2, "source": 59}, {"op": "none", "target": 3, "source": 59}, {"op": "none", "target": 4, "source": 59}, {"op": "none", "target": 5, "source": 59}, {"op": "none", "target": 6, "source": 43}, {"op": "none", "target": 7, "source": 59}, {"op": "none", "target": 8, "source": 59}, {"op": "none", "target": 9, "source": 59}, {"op": "none", "target": 10, "source": 59}, {"op": "none", "target": 11, "source": 59}, {"op": "none", "target": 12, "source": 59}, {"op": "none", "target": 13, "source": 59}, {"op": "none", "target": 14, "source": 59}, {"op": "none", "target": 15, "source": 59}, {"op": "none", "target": 16, "source": 59}, {"op": "none", "target": 17, "source": 59}, {"op": "none", "target": 18, "source": 59}, {"op": "none", "target": 19, "source": 59}, {"op": "none", "target": 20, "source": 59}, {"op": "none", "target": 21, "source": 59}, {"op": "none", "target": 22, "source": 59}, {"op": "none", "target": 23, "source": 59}, {"op": "none", "target": 24, "source": 59}, {"op": "none", "target": 25, "source": 59}, {"op": "none", "target": 26, "source": 59}, {"op": "none", "target": 27, "source": 59}, {"op": "none", "target": 28, "source": 59}, {"op": "none", "target": 29, "source": 59}, {"op": "none", "target": 30, "source": 59}, {"op": "none", "target": 31, "source": 59}, {"op": "none", "target": 32, "source": 59}, {"op": "none", "target": 33, "source": 59}, {"op": "none", "target": 34, "source": 59}, {"op": "none", "target": 35, "source": 59}, {"op": "none", "target": 36, "source": 59}, {"op": "none", "target": 37, "source": 43}, {"op": "none", "target": 38, "source": 59}, {"op": "none", "target": 39, "source": 43}, {"op": "none", "target": 40, "source": 48}, {"op": "none", "target": 41, "source": 59}, {"op": "none", "target": 42, "source": 59}, {"op": "none", "target": 43, "source": 59}, {"op": "none", "target": 44, "source": 59}, {"op": "none", "target": 45, "source": 59}, {"op": "none", "target": 46, "source": 59}, {"op": "none", "target": 47, "source": 59}, {"op": "none", "target": 48, "source": 59}, {"op": "none", "target": 49, "source": 59}, {"op": "none", "target": 50, "source": 59}, {"op": "none", "target": 51, "source": 59}, {"op": "none", "target": 52, "source": 59}, {"op": "none", "target": 53, "source": 59}, {"op": "none", "target": 54, "source": 59}, {"op": "none", "target": 55, "source": 59}, {"op": "none", "target": 56, "source": 59}, {"op": "none", "target": 57, "source": 59}, {"op": "none", "target": 58, "source": 59}, {"op": "none", "target": 60, "source": 59}, {"op": "none", "target": 61, "source": 59}, {"op": "none", "target": 62, "source": 59}, {"op": "none", "target": 63, "source": 59}, {"op": "none", "target": 64, "source": 59}, {"op": "none", "target": 65, "source": 59}, {"op": "none", "target": 66, "source": 59}, {"op": "none", "target": 67, "source": 59}, {"op": "none", "target": 68, "source": 59}, {"op": "none", "target": 69, "source": 59}, {"op": "none", "target": 70, "source": 59}, {"op": "none", "target": 71, "source": 59}], "title": "_Canadian_PM_Justin_Trudeau_hesitating_to_shake_Donald_Trump's_hand", "nodes": [{"id": "g038_ddp861g", "comment": "[Leitch &amp; O'Leary in Palm of Trumps Hand](http://imgur.com/3LoGMwn)\n", "date": "2017-02-13 14:56:26", "seriesname": "g038_ddp861g", "file": "/media/jbrogan4/scratch2/Reddit_Prov_Dataset_v5/_Canadian_PM_Justin_Trudeau_hesitating_to_shake_Donald_Trump's_hand/g038_ddp861g.png", "URL": "http://i.imgur.com/3LoGMwn.png", "fileid": "g038_ddp861g.png"}, {"id": "g038_ddpr5ni", "comment": "A little late to this thread, but for you Sunny fans out there...\n\n[\"You remember me possibly as a man with small hands. You you think.. he had small hands. Do you remember that? WHAT YOU REMEMBER IS FALSE!\"](http://i.imgur.com/JxBNrhL.jpg)", "date": "2017-02-13 21:29:32", "seriesname": "g038_ddpr5ni", "file": "/media/jbrogan4/scratch2/Reddit_Prov_Dataset_v5/_Canadian_PM_Justin_Trudeau_hesitating_to_shake_Donald_Trump's_hand/g038_ddpr5ni.jpg", "URL": "http://i.imgur.com/JxBNrhL.jpg", "fileid": "g038_ddpr5ni.jpg"}, {"id": "g038_ddpwbjv", "comment": "[Ruth Ruth Ruth... Baby Ruth!](http://i.imgur.com/JpyYjWD.jpg)", "date": "2017-02-13 23:23:53", "seriesname": "g038_ddpwbjv", "file": "/media/jbrogan4/scratch2/Reddit_Prov_Dataset_v5/_Canadian_PM_Justin_Trudeau_hesitating_to_shake_Donald_Trump's_hand/g038_ddpwbjv.jpg", "URL": "http://i.imgur.com/JpyYjWD.jpg", "fileid": "g038_ddpwbjv.jpg"}, {"id": "g038_ddp7d4b", "comment": "[\"...and then he said, 'keep this with you and look at it when you miss me'\"](http://i.imgur.com/3sS3Bap.jpg)", "date": "2017-02-13 14:41:26", "seriesname": "g038_ddp7d4b", "file": "/media/jbrogan4/scratch2/Reddit_Prov_Dataset_v5/_Canadian_PM_Justin_Trudeau_hesitating_to_shake_Donald_Trump's_hand/g038_ddp7d4b.jpg", "URL": "http://i.imgur.com/3sS3Bap.jpg", "fileid": "g038_ddp7d4b.jpg"}, {"id": "g038_ddpbqxc", "comment": "Look what I built. http://i.imgur.com/pX2w8ee.jpg", "date": "2017-02-13 16:02:59", "seriesname": "g038_ddpbqxc", "file": "/media/jbrogan4/scratch2/Reddit_Prov_Dataset_v5/_Canadian_PM_Justin_Trudeau_hesitating_to_shake_Donald_Trump's_hand/g038_ddpbqxc.jpg", "URL": "http://i.imgur.com/pX2w8ee.jpg", "fileid": "g038_ddpbqxc.jpg"}, {"id": "g038_ddp8fk8", "comment": "This'll [blow your mind](http://i.imgur.com/MzDUHOL.jpg) NSFW", "date": "2017-02-13 15:01:24", "seriesname": "g038_ddp8fk8", "file": "/media/jbrogan4/scratch2/Reddit_Prov_Dataset_v5/_Canadian_PM_Justin_Trudeau_hesitating_to_shake_Donald_Trump's_hand/g038_ddp8fk8.jpg", "URL": "http://i.imgur.com/MzDUHOL.jpg", "fileid": "g038_ddp8fk8.jpg"}, {"id": "g038_ddpd9gb", "comment": "[Only if you take the red pill.](https://i.imgur.com/A1kx3Ji.jpg)", "date": "2017-02-13 16:31:20", "seriesname": "g038_ddpd9gb", "file": "/media/jbrogan4/scratch2/Reddit_Prov_Dataset_v5/_Canadian_PM_Justin_Trudeau_hesitating_to_shake_Donald_Trump's_hand/g038_ddpd9gb.jpg", "URL": "https://i.imgur.com/A1kx3Ji.jpg", "fileid": "g038_ddpd9gb.jpg"}, {"id": "g038_ddpm94s", "comment": "[\"They're really a great shoe. The best. Nordstrom's is so unfair. They're the worst. These are tremendous.\"](http://imgur.com/cKZvOqh)", "date": "2017-02-13 19:41:01", "seriesname": "g038_ddpm94s", "file": "/media/jbrogan4/scratch2/Reddit_Prov_Dataset_v5/_Canadian_PM_Justin_Trudeau_hesitating_to_shake_Donald_Trump's_hand/g038_ddpm94s.png", "URL": "http://i.imgur.com/cKZvOqh.png", "fileid": "g038_ddpm94s.png"}, {"id": "g038_ddpawxo", "comment": "http://imgur.com/vMC0YSJ\n\nIt's a Trap!", "date": "2017-02-13 15:47:31", "seriesname": "g038_ddpawxo", "file": "/media/jbrogan4/scratch2/Reddit_Prov_Dataset_v5/_Canadian_PM_Justin_Trudeau_hesitating_to_shake_Donald_Trump's_hand/g038_ddpawxo.png", "URL": "http://i.imgur.com/vMC0YSJ.png", "fileid": "g038_ddpawxo.png"}, {"id": "g038_ddpi50w", "comment": "[Dab on the US president](http://i.imgur.com/3zXz5bm.png)", "date": "2017-02-13 18:09:21", "seriesname": "g038_ddpi50w", "file": "/media/jbrogan4/scratch2/Reddit_Prov_Dataset_v5/_Canadian_PM_Justin_Trudeau_hesitating_to_shake_Donald_Trump's_hand/g038_ddpi50w.png", "URL": "http://i.imgur.com/3zXz5bm.png", "fileid": "g038_ddpi50w.png"}, {"id": "g038_ddpcbdi", "comment": "[Recommended Reading Mr. Prime Minister](http://i.imgur.com/aMqlDJD.jpg)", "date": "2017-02-13 16:13:38", "seriesname": "g038_ddpcbdi", "file": "/media/jbrogan4/scratch2/Reddit_Prov_Dataset_v5/_Canadian_PM_Justin_Trudeau_hesitating_to_shake_Donald_Trump's_hand/g038_ddpcbdi.jpg", "URL": "http://i.imgur.com/aMqlDJD.jpg", "fileid": "g038_ddpcbdi.jpg"}, {"id": "g038_ddp47gx", "comment": "[He will be my a new minister](http://i.imgur.com/CHCIqw3.jpg)", "date": "2017-02-13 13:41:51", "seriesname": "g038_ddp47gx", "file": "/media/jbrogan4/scratch2/Reddit_Prov_Dataset_v5/_Canadian_PM_Justin_Trudeau_hesitating_to_shake_Donald_Trump's_hand/g038_ddp47gx.jpg", "URL": "http://i.imgur.com/CHCIqw3.jpg", "fileid": "g038_ddp47gx.jpg"}, {"id": "g038_ddpb5xy", "comment": "[I tell you, these are life savers.](https://i.imgur.com/BzkDmKX.jpg)", "date": "2017-02-13 15:52:07", "seriesname": "g038_ddpb5xy", "file": "/media/jbrogan4/scratch2/Reddit_Prov_Dataset_v5/_Canadian_PM_Justin_Trudeau_hesitating_to_shake_Donald_Trump's_hand/g038_ddpb5xy.jpg", "URL": "https://i.imgur.com/BzkDmKX.jpg", "fileid": "g038_ddpb5xy.jpg"}, {"id": "g038_ddp8jcg", "comment": "[Gimme dat lollipop!](http://i.imgur.com/xmuDc90.jpg)", "date": "2017-02-13 15:03:27", "seriesname": "g038_ddp8jcg", "file": "/media/jbrogan4/scratch2/Reddit_Prov_Dataset_v5/_Canadian_PM_Justin_Trudeau_hesitating_to_shake_Donald_Trump's_hand/g038_ddp8jcg.jpg", "URL": "http://i.imgur.com/xmuDc90.jpg", "fileid": "g038_ddp8jcg.jpg"}, {"id": "g038_ddpxmk9", "comment": "http://i.imgur.com/Tg9baaW.jpg", "date": "2017-02-13 23:55:28", "seriesname": "g038_ddpxmk9", "file": "/media/jbrogan4/scratch2/Reddit_Prov_Dataset_v5/_Canadian_PM_Justin_Trudeau_hesitating_to_shake_Donald_Trump's_hand/g038_ddpxmk9.jpg", "URL": "http://i.imgur.com/Tg9baaW.jpg", "fileid": "g038_ddpxmk9.jpg"}, {"id": "g038_ddpg3oi", "comment": "[New official state gift](http://i.imgur.com/BkllECu.jpg)", "date": "2017-02-13 17:27:04", "seriesname": "g038_ddpg3oi", "file": "/media/jbrogan4/scratch2/Reddit_Prov_Dataset_v5/_Canadian_PM_Justin_Trudeau_hesitating_to_shake_Donald_Trump's_hand/g038_ddpg3oi.jpg", "URL": "http://i.imgur.com/BkllECu.jpg", "fileid": "g038_ddpg3oi.jpg"}, {"id": "g038_ddp6mjl", "comment": "[This is bogus, man](http://i.imgur.com/EKZFhYt.jpg)", "date": "2017-02-13 14:27:28", "seriesname": "g038_ddp6mjl", "file": "/media/jbrogan4/scratch2/Reddit_Prov_Dataset_v5/_Canadian_PM_Justin_Trudeau_hesitating_to_shake_Donald_Trump's_hand/g038_ddp6mjl.jpg", "URL": "http://i.imgur.com/EKZFhYt.jpg", "fileid": "g038_ddp6mjl.jpg"}, {"id": "g038_ddp8a38", "comment": "[The greatest gift](http://i.imgur.com/u34cnRk.jpg)", "date": "2017-02-13 14:58:35", "seriesname": "g038_ddp8a38", "file": "/media/jbrogan4/scratch2/Reddit_Prov_Dataset_v5/_Canadian_PM_Justin_Trudeau_hesitating_to_shake_Donald_Trump's_hand/g038_ddp8a38.jpg", "URL": "http://i.imgur.com/u34cnRk.jpg", "fileid": "g038_ddp8a38.jpg"}, {"id": "g038_ddp8dgt", "comment": "[It's not that tempting](https://i.imgur.com/CSNtGPk.jpg)", "date": "2017-02-13 15:00:20", "seriesname": "g038_ddp8dgt", "file": "/media/jbrogan4/scratch2/Reddit_Prov_Dataset_v5/_Canadian_PM_Justin_Trudeau_hesitating_to_shake_Donald_Trump's_hand/g038_ddp8dgt.jpg", "URL": "https://i.imgur.com/CSNtGPk.jpg", "fileid": "g038_ddp8dgt.jpg"}, {"id": "g038_ddpgrde", "comment": "\"Here you go, don't mention it\"\n\nhttp://imgur.com/QsPFYI1", "date": "2017-02-13 17:40:28", "seriesname": "g038_ddpgrde", "file": "/media/jbrogan4/scratch2/Reddit_Prov_Dataset_v5/_Canadian_PM_Justin_Trudeau_hesitating_to_shake_Donald_Trump's_hand/g038_ddpgrde.png", "URL": "http://i.imgur.com/QsPFYI1.png", "fileid": "g038_ddpgrde.png"}, {"id": "g038_ddp8y45", "comment": "[How WW3 was started](https://imgur.com/wNWQIce)\n\n\nEdit: Holy Crap!  2000+ likes?  That's like, all of Canada!\n\n\nEdit of Edit:  Gold?  *Gold*?  Surely I'm not so deserving!  But I shall endeavor to put it towards a worthy cause (a charity of some sort).  Thank you stranger!\n\n\nEdit Again:  Okay, over 8000?  I'm starting to worry...  what's the tax rate on Internet points?  What will I do with such power?  \n\n\nBut seriously Y'all, thanks. \n\n\nEdit:  [It's over 9000!!!](https://youtu.be/SiMHTK15Pik#t=08s)", "date": "2017-02-13 15:11:10", "seriesname": "g038_ddp8y45", "file": "/media/jbrogan4/scratch2/Reddit_Prov_Dataset_v5/_Canadian_PM_Justin_Trudeau_hesitating_to_shake_Donald_Trump's_hand/g038_ddp8y45.png", "URL": "http://i.imgur.com/wNWQIce.png", "fileid": "g038_ddp8y45.png"}, {"id": "g038_ddpw5zw", "comment": "[Psst, Hey Justin...](http://i.imgur.com/6h7zTfY.jpg)", "date": "2017-02-13 23:20:23", "seriesname": "g038_ddpw5zw", "file": "/media/jbrogan4/scratch2/Reddit_Prov_Dataset_v5/_Canadian_PM_Justin_Trudeau_hesitating_to_shake_Donald_Trump's_hand/g038_ddpw5zw.jpg", "URL": "http://i.imgur.com/6h7zTfY.jpg", "fileid": "g038_ddpw5zw.jpg"}, {"id": "g038_ddpzzbm", "comment": "[This was not photoshopped by the white house. Nothing was done to this image.](http://i.imgur.com/PJkAtb7.jpg)", "date": "2017-02-14 01:01:09", "seriesname": "g038_ddpzzbm", "file": "/media/jbrogan4/scratch2/Reddit_Prov_Dataset_v5/_Canadian_PM_Justin_Trudeau_hesitating_to_shake_Donald_Trump's_hand/g038_ddpzzbm.jpg", "URL": "http://i.imgur.com/PJkAtb7.jpg", "fileid": "g038_ddpzzbm.jpg"}, {"id": "g038_ddplh4e", "comment": "[Donald Trump introduces Justin to the star of the Grammys](http://imgur.com/6zhVmBI)", "date": "2017-02-13 19:23:30", "seriesname": "g038_ddplh4e", "file": "/media/jbrogan4/scratch2/Reddit_Prov_Dataset_v5/_Canadian_PM_Justin_Trudeau_hesitating_to_shake_Donald_Trump's_hand/g038_ddplh4e.png", "URL": "http://i.imgur.com/6zhVmBI.png", "fileid": "g038_ddplh4e.png"}, {"id": "g038_ddpjjj6", "comment": "[I LOVE TRUMP](http://i.imgur.com/kDrA7MY.png)", "date": "2017-02-13 18:40:11", "seriesname": "g038_ddpjjj6", "file": "/media/jbrogan4/scratch2/Reddit_Prov_Dataset_v5/_Canadian_PM_Justin_Trudeau_hesitating_to_shake_Donald_Trump's_hand/g038_ddpjjj6.png", "URL": "http://i.imgur.com/kDrA7MY.png", "fileid": "g038_ddpjjj6.png"}, {"id": "g038_ddp8q7o", "comment": "[Go on, grab it.](http://i.imgur.com/EB13Uqq.jpg)", "date": "2017-02-13 15:07:01", "seriesname": "g038_ddp8q7o", "file": "/media/jbrogan4/scratch2/Reddit_Prov_Dataset_v5/_Canadian_PM_Justin_Trudeau_hesitating_to_shake_Donald_Trump's_hand/g038_ddp8q7o.jpg", "URL": "http://i.imgur.com/EB13Uqq.jpg", "fileid": "g038_ddp8q7o.jpg"}, {"id": "g038_ddpzsv1", "comment": "[\"This One's My Favorite\"](http://i.imgur.com/sz12W1I.jpg)", "date": "2017-02-14 00:55:33", "seriesname": "g038_ddpzsv1", "file": "/media/jbrogan4/scratch2/Reddit_Prov_Dataset_v5/_Canadian_PM_Justin_Trudeau_hesitating_to_shake_Donald_Trump's_hand/g038_ddpzsv1.jpg", "URL": "http://i.imgur.com/sz12W1I.jpg", "fileid": "g038_ddpzsv1.jpg"}, {"id": "g038_ddp485t", "comment": "[bro check out this amazing toilet paper!](http://i.imgur.com/RJ4vDU5.png)", "date": "2017-02-13 13:42:13", "seriesname": "g038_ddp485t", "file": "/media/jbrogan4/scratch2/Reddit_Prov_Dataset_v5/_Canadian_PM_Justin_Trudeau_hesitating_to_shake_Donald_Trump's_hand/g038_ddp485t.png", "URL": "http://i.imgur.com/RJ4vDU5.png", "fileid": "g038_ddp485t.png"}, {"id": "g038_ddq23sw", "comment": "This bird is HUGE http://imgur.com/Ud8OgAP", "date": "2017-02-14 02:15:09", "seriesname": "g038_ddq23sw", "file": "/media/jbrogan4/scratch2/Reddit_Prov_Dataset_v5/_Canadian_PM_Justin_Trudeau_hesitating_to_shake_Donald_Trump's_hand/g038_ddq23sw.png", "URL": "http://i.imgur.com/Ud8OgAP.png", "fileid": "g038_ddq23sw.png"}, {"id": "g038_ddplf6v", "comment": "[How he makes his decisions](http://m.imgur.com/gallery/OIgthW7)", "date": "2017-02-13 19:22:15", "seriesname": "g038_ddplf6v", "file": "/media/jbrogan4/scratch2/Reddit_Prov_Dataset_v5/_Canadian_PM_Justin_Trudeau_hesitating_to_shake_Donald_Trump's_hand/g038_ddplf6v.png", "URL": "http://i.imgur.com/OIgthW7.png", "fileid": "g038_ddplf6v.png"}, {"id": "g038_ddpxns7", "comment": "http://i.imgur.com/qrxRBWc.jpg", "date": "2017-02-13 23:56:20", "seriesname": "g038_ddpxns7", "file": "/media/jbrogan4/scratch2/Reddit_Prov_Dataset_v5/_Canadian_PM_Justin_Trudeau_hesitating_to_shake_Donald_Trump's_hand/g038_ddpxns7.jpg", "URL": "http://i.imgur.com/qrxRBWc.jpg", "fileid": "g038_ddpxns7.jpg"}, {"id": "g038_ddpvr4o", "comment": "[GIF of the actual, unremarkable, handshake.](https://i.imgur.com/SUm93Ac.gif)\n\nNo matter your political opinion, the title is inaccurate and agenda driven.\n\nThere will be thousands of people now thinking \"hey, it's pretty funny Trudeau got one up on Trump\" but it literally didn't happen. This handshake is utterly not of note and it's sad that people can be so easily misled.\n\nThere's more than enough genuine contentious stuff regarding Trump to pick at, why do people feel a need to lie like this? This is the precise sort of crap that Sean Spicer and Trump can come out and go \"fake news, fake news!\" about and be entirely correct.\n\nThis *exact* type of \"don't let the truth get in the way of a good story\" hype is how he kept relevant and got elected in the first place.", "date": "2017-02-13 23:11:19", "seriesname": "g038_ddpvr4o", "file": "/media/jbrogan4/scratch2/Reddit_Prov_Dataset_v5/_Canadian_PM_Justin_Trudeau_hesitating_to_shake_Donald_Trump's_hand/g038_ddpvr4o.jpg", "URL": "https://i.imgur.com/SUm93Ac.gif", "fileid": "g038_ddpvr4o.gif"}, {"id": "g038_ddpk948", "comment": "yuge http://imgur.com/x6WHPG9", "date": "2017-02-13 18:55:53", "seriesname": "g038_ddpk948", "file": "/media/jbrogan4/scratch2/Reddit_Prov_Dataset_v5/_Canadian_PM_Justin_Trudeau_hesitating_to_shake_Donald_Trump's_hand/g038_ddpk948.png", "URL": "http://i.imgur.com/x6WHPG9.png", "fileid": "g038_ddpk948.png"}, {"id": "g038_ddpa4c8", "comment": "[\"Look at how big my crowd size is. They're saying it's the biggest crowd size in the history of the United States. It's tremendous.\"](http://i.imgur.com/MyZoVMc.jpg)", "date": "2017-02-13 15:32:54", "seriesname": "g038_ddpa4c8", "file": "/media/jbrogan4/scratch2/Reddit_Prov_Dataset_v5/_Canadian_PM_Justin_Trudeau_hesitating_to_shake_Donald_Trump's_hand/g038_ddpa4c8.jpg", "URL": "http://i.imgur.com/MyZoVMc.jpg", "fileid": "g038_ddpa4c8.jpg"}, {"id": "g038_ddq7w5r", "comment": "http://imgur.com/ICkGe9G", "date": "2017-02-14 06:57:41", "seriesname": "g038_ddq7w5r", "file": "/media/jbrogan4/scratch2/Reddit_Prov_Dataset_v5/_Canadian_PM_Justin_Trudeau_hesitating_to_shake_Donald_Trump's_hand/g038_ddq7w5r.png", "URL": "http://i.imgur.com/ICkGe9G.png", "fileid": "g038_ddq7w5r.png"}, {"id": "g038_ddpcsn1", "comment": "[Trump explains his methodology for catching illegal immigrants](http://imgur.com/P8nSMCJ)   \nedit: thank you kind redditor", "date": "2017-02-13 16:22:38", "seriesname": "g038_ddpcsn1", "file": "/media/jbrogan4/scratch2/Reddit_Prov_Dataset_v5/_Canadian_PM_Justin_Trudeau_hesitating_to_shake_Donald_Trump's_hand/g038_ddpcsn1.png", "URL": "http://i.imgur.com/P8nSMCJ.png", "fileid": "g038_ddpcsn1.png"}, {"id": "g038_ddpnh7i", "comment": "I have the biggest me. [Look at me, I am the most recursed.](http://i.imgur.com/yyAMt08.jpg) ", "date": "2017-02-13 20:08:39", "seriesname": "g038_ddpnh7i", "file": "/media/jbrogan4/scratch2/Reddit_Prov_Dataset_v5/_Canadian_PM_Justin_Trudeau_hesitating_to_shake_Donald_Trump's_hand/g038_ddpnh7i.jpg", "URL": "http://i.imgur.com/yyAMt08.jpg", "fileid": "g038_ddpnh7i.jpg"}, {"id": "g038_ddplj6m", "comment": "[This is how Trump fools the public.](http://i.imgur.com/l59IIyo.png) ", "date": "2017-02-13 19:24:48", "seriesname": "g038_ddplj6m", "file": "/media/jbrogan4/scratch2/Reddit_Prov_Dataset_v5/_Canadian_PM_Justin_Trudeau_hesitating_to_shake_Donald_Trump's_hand/g038_ddplj6m.png", "URL": "http://i.imgur.com/l59IIyo.png", "fileid": "g038_ddplj6m.png"}, {"id": "g038_ddpk0nd", "comment": "[Here, the secret of my success. Use this wisely... Don't you have a safe? **Get a safe!**](http://i.imgur.com/kD7xy3Q.jpg)", "date": "2017-02-13 18:50:43", "seriesname": "g038_ddpk0nd", "file": "/media/jbrogan4/scratch2/Reddit_Prov_Dataset_v5/_Canadian_PM_Justin_Trudeau_hesitating_to_shake_Donald_Trump's_hand/g038_ddpk0nd.jpg", "URL": "http://i.imgur.com/kD7xy3Q.jpg", "fileid": "g038_ddpk0nd.jpg"}, {"id": "g038_ddpdg1i", "comment": "Well I'm not on the PC I made it on, and this one doesn't have photoshop but it's a simple process. Only took me twenty minutes, so someone new to the process might take an hour or so?\n\n1: Use pen tool to draw around each hand. In the \"Paths\" panel (Another tab in the area that shows Layers), Right Click on the path with the hands do \"Make Selection\". \n\n2: In the layers panel, select the background, make sure it's rasterized, then copy and paste the hands onto a new layer. Then, use the selection from the Pen Tool again to delete the hands on the background layer (Hands should appear like a hole in the image now).\n\n3: Ctrl+T (Cmd+T on Mac) to resize each hand to whatever size you want, and move each hand to its sleeve. Clean up the edges however you'd like to make it seem \"natural\" (I just used Eraser tool because I was in a hurry).\n\n4: Now, to fill in the transparent parts. Use the Clone Stamp Tool. Set an area to copy from with Alt Click (On the chair fabric, for example, you'd take chair fabric from another part of the chair) then click and drag to \"Paint\" the texture into the missing areas. \n\n5: Just polish it up at this point. For example, [here](http://i.imgur.com/dvJeaOJ.png) is a slightly earlier version of my shop. I adjusted the size of his left hand, removed some leftovers of the big hand near his right wrist, changed a teensy bit of shading on the left hand, etc... If I had more time I would have fixed the ugliness near the fire, get rid of the 'square' under the left hand, etc...\n\nHope this helped. If you don't get something, just leave another comment. I might also be able to get a creation gif up tomorrow if you want it.", "date": "2017-02-13 16:34:48", "seriesname": "g038_ddpdg1i", "file": "/media/jbrogan4/scratch2/Reddit_Prov_Dataset_v5/_Canadian_PM_Justin_Trudeau_hesitating_to_shake_Donald_Trump's_hand/g038_ddpdg1i.png", "URL": "http://i.imgur.com/dvJeaOJ.png", "fileid": "g038_ddpdg1i.png"}, {"id": "g038_ddpbwy7", "comment": "I got [you](http://imgur.com/M1zL7ww)   /s", "date": "2017-02-13 16:06:09", "seriesname": "g038_ddpbwy7", "file": "/media/jbrogan4/scratch2/Reddit_Prov_Dataset_v5/_Canadian_PM_Justin_Trudeau_hesitating_to_shake_Donald_Trump's_hand/g038_ddpbwy7.png", "URL": "http://i.imgur.com/M1zL7ww.png", "fileid": "g038_ddpbwy7.png"}, {"id": "g038_ddp5c11", "comment": "[Justin, let me show you the secret behind my success.](http://i.imgur.com/SIIvXQ8.jpg)", "date": "2017-02-13 14:02:59", "seriesname": "g038_ddp5c11", "file": "/media/jbrogan4/scratch2/Reddit_Prov_Dataset_v5/_Canadian_PM_Justin_Trudeau_hesitating_to_shake_Donald_Trump's_hand/g038_ddp5c11.jpg", "URL": "http://i.imgur.com/SIIvXQ8.jpg", "fileid": "g038_ddp5c11.jpg"}, {"id": "g038_ddp6hoj", "comment": "[The episode we've been waiting for](http://i.imgur.com/HzKVhEk.jpg)", "date": "2017-02-13 14:24:57", "seriesname": "g038_ddp6hoj", "file": "/media/jbrogan4/scratch2/Reddit_Prov_Dataset_v5/_Canadian_PM_Justin_Trudeau_hesitating_to_shake_Donald_Trump's_hand/g038_ddp6hoj.jpg", "URL": "http://i.imgur.com/HzKVhEk.jpg", "fileid": "g038_ddp6hoj.jpg"}, {"id": "g038_ddp1lj6", "comment": "[Kinda hard to shake with hands like that](http://i.imgur.com/V96mNM6.png)\n\n ^^^^^^Thanks ^^^^^^for ^^^^^^my ^^^^^^first ^^^^^^gold ^^^^^^:)", "date": "2017-02-13 12:52:30", "seriesname": "g038_ddp1lj6", "file": "/media/jbrogan4/scratch2/Reddit_Prov_Dataset_v5/_Canadian_PM_Justin_Trudeau_hesitating_to_shake_Donald_Trump's_hand/g038_ddp1lj6.png", "URL": "http://i.imgur.com/V96mNM6.png", "fileid": "g038_ddp1lj6.png"}, {"id": "g038_ddp6gi0", "comment": "[Can we play Rock, Paper and Scissors?](http://i.imgur.com/T13EUHZ.gif)", "date": "2017-02-13 14:24:21", "seriesname": "g038_ddp6gi0", "file": "/media/jbrogan4/scratch2/Reddit_Prov_Dataset_v5/_Canadian_PM_Justin_Trudeau_hesitating_to_shake_Donald_Trump's_hand/g038_ddp6gi0.jpg", "URL": "http://i.imgur.com/T13EUHZ.gif", "fileid": "g038_ddp6gi0.gif"}, {"id": "g038_ddpdadh", "comment": "[The Art of the Deal](http://imgur.com/I0TGTHu)", "date": "2017-02-13 16:31:49", "seriesname": "g038_ddpdadh", "file": "/media/jbrogan4/scratch2/Reddit_Prov_Dataset_v5/_Canadian_PM_Justin_Trudeau_hesitating_to_shake_Donald_Trump's_hand/g038_ddpdadh.png", "URL": "http://i.imgur.com/I0TGTHu.png", "fileid": "g038_ddpdadh.png"}, {"id": "g038_ddp1raa", "comment": "[And this little fella tells me what to think...](http://i.imgur.com/qVKAY5c.jpg)", "date": "2017-02-13 12:55:34", "seriesname": "g038_ddp1raa", "file": "/media/jbrogan4/scratch2/Reddit_Prov_Dataset_v5/_Canadian_PM_Justin_Trudeau_hesitating_to_shake_Donald_Trump's_hand/g038_ddp1raa.jpg", "URL": "http://i.imgur.com/qVKAY5c.jpg", "fileid": "g038_ddp1raa.jpg"}, {"id": "g038_ddpci7t", "comment": "[We make a great team](http://i.imgur.com/ByIooJM.jpg)", "date": "2017-02-13 16:17:11", "seriesname": "g038_ddpci7t", "file": "/media/jbrogan4/scratch2/Reddit_Prov_Dataset_v5/_Canadian_PM_Justin_Trudeau_hesitating_to_shake_Donald_Trump's_hand/g038_ddpci7t.jpg", "URL": "http://i.imgur.com/ByIooJM.jpg", "fileid": "g038_ddpci7t.jpg"}, {"id": "g038_ddp5ej4", "comment": "[\"Kali Ma Shakti de!\"](http://imgur.com/6Uyzz0u.jpg)", "date": "2017-02-13 14:04:20", "seriesname": "g038_ddp5ej4", "file": "/media/jbrogan4/scratch2/Reddit_Prov_Dataset_v5/_Canadian_PM_Justin_Trudeau_hesitating_to_shake_Donald_Trump's_hand/g038_ddp5ej4.jpg", "URL": "http://imgur.com/6Uyzz0u.jpg", "fileid": "g038_ddp5ej4.jpg"}, {"id": "g038_ddpdqw2", "comment": "[Too slow for octotrump] (http://i.imgur.com/BmNEVRK.jpg)", "date": "2017-02-13 16:40:32", "seriesname": "g038_ddpdqw2", "file": "/media/jbrogan4/scratch2/Reddit_Prov_Dataset_v5/_Canadian_PM_Justin_Trudeau_hesitating_to_shake_Donald_Trump's_hand/g038_ddpdqw2.jpg", "URL": "http://i.imgur.com/BmNEVRK.jpg", "fileid": "g038_ddpdqw2.jpg"}, {"id": "g038_ddpedft", "comment": "[The Donald tempts Trudeau with his favorite treat, but Trudeau knows he shouldn't take it...](http://i.imgur.com/tMrtpg9.jpg)", "date": "2017-02-13 16:52:26", "seriesname": "g038_ddpedft", "file": "/media/jbrogan4/scratch2/Reddit_Prov_Dataset_v5/_Canadian_PM_Justin_Trudeau_hesitating_to_shake_Donald_Trump's_hand/g038_ddpedft.jpg", "URL": "http://i.imgur.com/tMrtpg9.jpg", "fileid": "g038_ddpedft.jpg"}, {"id": "g038_ddpq5n8", "comment": "[And I still have it to this day...](http://i.imgur.com/r06zB5y.png)", "date": "2017-02-13 21:07:51", "seriesname": "g038_ddpq5n8", "file": "/media/jbrogan4/scratch2/Reddit_Prov_Dataset_v5/_Canadian_PM_Justin_Trudeau_hesitating_to_shake_Donald_Trump's_hand/g038_ddpq5n8.png", "URL": "http://i.imgur.com/r06zB5y.png", "fileid": "g038_ddpq5n8.png"}, {"id": "g038_ddpfk1x", "comment": "[Uhhh, that's shit!](http://i.imgur.com/1V36HDW.jpg)", "date": "2017-02-13 17:15:58", "seriesname": "g038_ddpfk1x", "file": "/media/jbrogan4/scratch2/Reddit_Prov_Dataset_v5/_Canadian_PM_Justin_Trudeau_hesitating_to_shake_Donald_Trump's_hand/g038_ddpfk1x.jpg", "URL": "http://i.imgur.com/1V36HDW.jpg", "fileid": "g038_ddpfk1x.jpg"}, {"id": "g038_ddp3h1i", "comment": "The NSA gave me this golden snowcone for being the best at sometimes reading secret [stuff.](http://i.imgur.com/g3hD1is.jpg)", "date": "2017-02-13 13:28:05", "seriesname": "g038_ddp3h1i", "file": "/media/jbrogan4/scratch2/Reddit_Prov_Dataset_v5/_Canadian_PM_Justin_Trudeau_hesitating_to_shake_Donald_Trump's_hand/g038_ddp3h1i.jpg", "URL": "http://i.imgur.com/g3hD1is.jpg", "fileid": "g038_ddp3h1i.jpg"}, {"id": "g038_ddpea95", "comment": "@Diane_7A\n\n\"See? It is 100 percent my own hair. Touch it.\" http://i.imgur.com/Q3fwPpI.jpg ", "date": "2017-02-13 16:50:43", "seriesname": "g038_ddpea95", "file": "/media/jbrogan4/scratch2/Reddit_Prov_Dataset_v5/_Canadian_PM_Justin_Trudeau_hesitating_to_shake_Donald_Trump's_hand/g038_ddpea95.jpg", "URL": "http://i.imgur.com/Q3fwPpI.jpg", "fileid": "g038_ddpea95.jpg"}, {"id": "g038_ddpcgbb", "comment": "\"Perhaps if Ivanka wasn't my daughter, I'd be dating her\" \nhttps://imgur.com/zr7z7oe", "date": "2017-02-13 16:16:13", "seriesname": "g038_ddpcgbb", "file": "/media/jbrogan4/scratch2/Reddit_Prov_Dataset_v5/_Canadian_PM_Justin_Trudeau_hesitating_to_shake_Donald_Trump's_hand/g038_ddpcgbb.png", "URL": "http://i.imgur.com/zr7z7oe.png", "fileid": "g038_ddpcgbb.png"}, {"id": "g038_ddp2hgw", "comment": "[Grab them...](http://i.imgur.com/RAVpSSu.jpg)", "date": "2017-02-13 13:09:25", "seriesname": "g038_ddp2hgw", "file": "/media/jbrogan4/scratch2/Reddit_Prov_Dataset_v5/_Canadian_PM_Justin_Trudeau_hesitating_to_shake_Donald_Trump's_hand/g038_ddp2hgw.jpg", "URL": "http://i.imgur.com/RAVpSSu.jpg", "fileid": "g038_ddp2hgw.jpg"}, {"id": "g038_ddpqp0z", "comment": "http://imgur.com/FljV7fC\n\nClassic fathers approval", "date": "2017-02-13 21:19:28", "seriesname": "g038_ddpqp0z", "file": "/media/jbrogan4/scratch2/Reddit_Prov_Dataset_v5/_Canadian_PM_Justin_Trudeau_hesitating_to_shake_Donald_Trump's_hand/g038_ddpqp0z.png", "URL": "http://i.imgur.com/FljV7fC.png", "fileid": "g038_ddpqp0z.png"}, {"id": "g038_ddp9b47", "comment": "[\"And this is how we'll keep both the Mexicans AND the snow Mexicans out. It'll be tremendous. Believe me.\"](http://imgur.com/CdLmlUU)", "date": "2017-02-13 15:17:55", "seriesname": "g038_ddp9b47", "file": "/media/jbrogan4/scratch2/Reddit_Prov_Dataset_v5/_Canadian_PM_Justin_Trudeau_hesitating_to_shake_Donald_Trump's_hand/g038_ddp9b47.png", "URL": "http://i.imgur.com/CdLmlUU.png", "fileid": "g038_ddp9b47.png"}, {"id": "g038_root", "comment": "", "date": "2017-02-13 12:29:05", "seriesname": "g038_root", "file": "/media/jbrogan4/scratch2/Reddit_Prov_Dataset_v5/_Canadian_PM_Justin_Trudeau_hesitating_to_shake_Donald_Trump's_hand/g038_root.jpg", "URL": "https://i.redd.it/19fjmjnetnfy.jpg", "fileid": "g038_root.jpg"}, {"id": "g038_ddp7t1e", "comment": "http://imgur.com/66lOXSC Southpark", "date": "2017-02-13 14:49:38", "seriesname": "g038_ddp7t1e", "file": "/media/jbrogan4/scratch2/Reddit_Prov_Dataset_v5/_Canadian_PM_Justin_Trudeau_hesitating_to_shake_Donald_Trump's_hand/g038_ddp7t1e.png", "URL": "http://i.imgur.com/66lOXSC.png", "fileid": "g038_ddp7t1e.png"}, {"id": "g038_ddpe97c", "comment": "[I'll never wash this hand again](http://imgur.com/kg5LjzK)", "date": "2017-02-13 16:50:09", "seriesname": "g038_ddpe97c", "file": "/media/jbrogan4/scratch2/Reddit_Prov_Dataset_v5/_Canadian_PM_Justin_Trudeau_hesitating_to_shake_Donald_Trump's_hand/g038_ddpe97c.png", "URL": "http://i.imgur.com/kg5LjzK.png", "fileid": "g038_ddpe97c.png"}, {"id": "g038_ddp9rpw", "comment": "[**Take the red pill...**](http://i.imgur.com/RPoCVwr.jpg)", "date": "2017-02-13 15:26:27", "seriesname": "g038_ddp9rpw", "file": "/media/jbrogan4/scratch2/Reddit_Prov_Dataset_v5/_Canadian_PM_Justin_Trudeau_hesitating_to_shake_Donald_Trump's_hand/g038_ddp9rpw.jpg", "URL": "http://i.imgur.com/RPoCVwr.jpg", "fileid": "g038_ddp9rpw.jpg"}, {"id": "g038_ddpd88i", "comment": "[Take the red pill, Neo.](https://i.imgur.com/A1kx3Ji.jpg)", "date": "2017-02-13 16:30:43", "seriesname": "g038_ddpd88i", "file": "/media/jbrogan4/scratch2/Reddit_Prov_Dataset_v5/_Canadian_PM_Justin_Trudeau_hesitating_to_shake_Donald_Trump's_hand/g038_ddpd88i.jpg", "URL": "https://i.imgur.com/A1kx3Ji.jpg", "fileid": "g038_ddpd88i.jpg"}, {"id": "g038_ddpb32n", "comment": "[Make Justin Trump Again](http://i.imgur.com/yVT2Aft.jpg) ", "date": "2017-02-13 15:50:38", "seriesname": "g038_ddpb32n", "file": "/media/jbrogan4/scratch2/Reddit_Prov_Dataset_v5/_Canadian_PM_Justin_Trudeau_hesitating_to_shake_Donald_Trump's_hand/g038_ddpb32n.jpg", "URL": "http://i.imgur.com/yVT2Aft.jpg", "fileid": "g038_ddpb32n.jpg"}, {"id": "g038_ddpo97y", "comment": "[\"All I had to do was sign an executive order and my VERY SMART science people made me THIS.\"](http://imgur.com/0BtlS0f)", "date": "2017-02-13 20:26:02", "seriesname": "g038_ddpo97y", "file": "/media/jbrogan4/scratch2/Reddit_Prov_Dataset_v5/_Canadian_PM_Justin_Trudeau_hesitating_to_shake_Donald_Trump's_hand/g038_ddpo97y.png", "URL": "http://i.imgur.com/0BtlS0f.png", "fileid": "g038_ddpo97y.png"}, {"id": "g038_ddpkrmh", "comment": "http://i.imgur.com/BonIHcA.jpg", "date": "2017-02-13 19:07:18", "seriesname": "g038_ddpkrmh", "file": "/media/jbrogan4/scratch2/Reddit_Prov_Dataset_v5/_Canadian_PM_Justin_Trudeau_hesitating_to_shake_Donald_Trump's_hand/g038_ddpkrmh.jpg", "URL": "http://i.imgur.com/BonIHcA.jpg", "fileid": "g038_ddpkrmh.jpg"}, {"id": "g038_ddpegyj", "comment": "[...and that way I can't lose them!](http://i.imgur.com/Ylf9j64.jpg)", "date": "2017-02-13 16:54:24", "seriesname": "g038_ddpegyj", "file": "/media/jbrogan4/scratch2/Reddit_Prov_Dataset_v5/_Canadian_PM_Justin_Trudeau_hesitating_to_shake_Donald_Trump's_hand/g038_ddpegyj.jpg", "URL": "http://i.imgur.com/Ylf9j64.jpg", "fileid": "g038_ddpegyj.jpg"}, {"id": "g038_ddpa617", "comment": "[Trudeau and Trump talk trades](http://imgur.com/ryXeGFM)", "date": "2017-02-13 15:33:48", "seriesname": "g038_ddpa617", "file": "/media/jbrogan4/scratch2/Reddit_Prov_Dataset_v5/_Canadian_PM_Justin_Trudeau_hesitating_to_shake_Donald_Trump's_hand/g038_ddpa617.png", "URL": "http://i.imgur.com/ryXeGFM.png", "fileid": "g038_ddpa617.png"}, {"id": "g038_ddp8d6o", "comment": "[The emperor's new tool](http://i.imgur.com/VmOsbjy.jpg)", "date": "2017-02-13 15:00:11", "seriesname": "g038_ddp8d6o", "file": "/media/jbrogan4/scratch2/Reddit_Prov_Dataset_v5/_Canadian_PM_Justin_Trudeau_hesitating_to_shake_Donald_Trump's_hand/g038_ddp8d6o.jpg", "URL": "http://i.imgur.com/VmOsbjy.jpg", "fileid": "g038_ddp8d6o.jpg"}, {"id": "g038_ddp2rus", "comment": "[I found this hand buzzer inside Biden's drawer. Try it ](http://i.imgur.com/hstYcag.jpg)", "date": "2017-02-13 13:14:54", "seriesname": "g038_ddp2rus", "file": "/media/jbrogan4/scratch2/Reddit_Prov_Dataset_v5/_Canadian_PM_Justin_Trudeau_hesitating_to_shake_Donald_Trump's_hand/g038_ddp2rus.jpg", "URL": "http://i.imgur.com/hstYcag.jpg", "fileid": "g038_ddp2rus.jpg"}, {"id": "g038_ddpebla", "comment": "PM Trudeau meets Chief Strategist Bannon's [Minion #45](http://i.imgur.com/EgZV9Jg.jpg)", "date": "2017-02-13 16:51:28", "seriesname": "g038_ddpebla", "file": "/media/jbrogan4/scratch2/Reddit_Prov_Dataset_v5/_Canadian_PM_Justin_Trudeau_hesitating_to_shake_Donald_Trump's_hand/g038_ddpebla.jpg", "URL": "http://i.imgur.com/EgZV9Jg.jpg", "fileid": "g038_ddpebla.jpg"}], "graph": {"name": "g038_root"}, "directed": true}