{"links": [{"op": "none", "target": 0, "source": 47}, {"op": "none", "target": 1, "source": 47}, {"op": "none", "target": 2, "source": 47}, {"op": "none", "target": 3, "source": 47}, {"op": "none", "target": 4, "source": 47}, {"op": "none", "target": 5, "source": 47}, {"op": "none", "target": 6, "source": 47}, {"op": "none", "target": 7, "source": 47}, {"op": "none", "target": 8, "source": 47}, {"op": "none", "target": 9, "source": 47}, {"op": "none", "target": 10, "source": 13}, {"op": "none", "target": 11, "source": 18}, {"op": "none", "target": 12, "source": 47}, {"op": "none", "target": 13, "source": 47}, {"op": "none", "target": 14, "source": 47}, {"op": "none", "target": 15, "source": 12}, {"op": "none", "target": 16, "source": 47}, {"op": "none", "target": 17, "source": 47}, {"op": "none", "target": 18, "source": 47}, {"op": "none", "target": 19, "source": 47}, {"op": "none", "target": 20, "source": 43}, {"op": "none", "target": 21, "source": 47}, {"op": "none", "target": 22, "source": 47}, {"op": "none", "target": 23, "source": 47}, {"op": "none", "target": 24, "source": 47}, {"op": "none", "target": 25, "source": 47}, {"op": "none", "target": 26, "source": 47}, {"op": "none", "target": 27, "source": 47}, {"op": "none", "target": 28, "source": 47}, {"op": "none", "target": 29, "source": 47}, {"op": "none", "target": 30, "source": 1}, {"op": "none", "target": 31, "source": 47}, {"op": "none", "target": 32, "source": 47}, {"op": "none", "target": 33, "source": 47}, {"op": "none", "target": 34, "source": 47}, {"op": "none", "target": 35, "source": 47}, {"op": "none", "target": 36, "source": 47}, {"op": "none", "target": 37, "source": 47}, {"op": "none", "target": 38, "source": 47}, {"op": "none", "target": 39, "source": 47}, {"op": "none", "target": 40, "source": 47}, {"op": "none", "target": 41, "source": 47}, {"op": "none", "target": 42, "source": 47}, {"op": "none", "target": 43, "source": 47}, {"op": "none", "target": 44, "source": 47}, {"op": "none", "target": 45, "source": 47}, {"op": "none", "target": 46, "source": 47}, {"op": "none", "target": 48, "source": 47}], "title": "_A_basket_ball_that_has_been_sprayed_with_Vanta_black", "nodes": [{"id": "g044_dffow66", "comment": "[Science, bitch!](http://i.imgur.com/2saWgT1.png)", "date": "2017-03-26 14:07:16", "seriesname": "g044_dffow66", "file": "/media/jbrogan4/scratch2/Reddit_Prov_Dataset_v5/_A_basket_ball_that_has_been_sprayed_with_Vanta_black/g044_dffow66.png", "URL": "http://i.imgur.com/2saWgT1.png", "fileid": "g044_dffow66.png"}, {"id": "g044_dff8ki7", "comment": "[Vanta black? You mean Fanta black](http://imgur.com/0H2J25S)", "date": "2017-03-26 04:35:11", "seriesname": "g044_dff8ki7", "file": "/media/jbrogan4/scratch2/Reddit_Prov_Dataset_v5/_A_basket_ball_that_has_been_sprayed_with_Vanta_black/g044_dff8ki7.png", "URL": "http://i.imgur.com/0H2J25S.png", "fileid": "g044_dff8ki7.png"}, {"id": "g044_dffibs4", "comment": "[Holding Cap's Shield](http://i.imgur.com/Z9novcb.jpg)", "date": "2017-03-26 11:32:30", "seriesname": "g044_dffibs4", "file": "/media/jbrogan4/scratch2/Reddit_Prov_Dataset_v5/_A_basket_ball_that_has_been_sprayed_with_Vanta_black/g044_dffibs4.jpg", "URL": "http://i.imgur.com/Z9novcb.jpg", "fileid": "g044_dffibs4.jpg"}, {"id": "g044_dfffr2m", "comment": "Nine out of ten researchers can't tell [the difference between a Vanta black basketball and a circle made in MS Paint.](http://imgur.com/4QLtzW9)\n\n", "date": "2017-03-26 10:20:35", "seriesname": "g044_dfffr2m", "file": "/media/jbrogan4/scratch2/Reddit_Prov_Dataset_v5/_A_basket_ball_that_has_been_sprayed_with_Vanta_black/g044_dfffr2m.png", "URL": "http://i.imgur.com/4QLtzW9.png", "fileid": "g044_dfffr2m.png"}, {"id": "g044_dffbka8", "comment": "[The perfect censorship tool](https://i.imgur.com/OtTKFjs.png)", "date": "2017-03-26 07:30:30", "seriesname": "g044_dffbka8", "file": "/media/jbrogan4/scratch2/Reddit_Prov_Dataset_v5/_A_basket_ball_that_has_been_sprayed_with_Vanta_black/g044_dffbka8.png", "URL": "https://i.imgur.com/OtTKFjs.png", "fileid": "g044_dffbka8.png"}, {"id": "g044_dffd12h", "comment": "Want some bakalva? http://i.imgur.com/HcXFz5C.jpg", "date": "2017-03-26 08:42:25", "seriesname": "g044_dffd12h", "file": "/media/jbrogan4/scratch2/Reddit_Prov_Dataset_v5/_A_basket_ball_that_has_been_sprayed_with_Vanta_black/g044_dffd12h.jpg", "URL": "http://i.imgur.com/HcXFz5C.jpg", "fileid": "g044_dffd12h.jpg"}, {"id": "g044_dffbs9t", "comment": "[The pride of Sweden](http://i.imgur.com/hypIqzI.jpg)", "date": "2017-03-26 07:42:35", "seriesname": "g044_dffbs9t", "file": "/media/jbrogan4/scratch2/Reddit_Prov_Dataset_v5/_A_basket_ball_that_has_been_sprayed_with_Vanta_black/g044_dffbs9t.jpg", "URL": "http://i.imgur.com/hypIqzI.jpg", "fileid": "g044_dffbs9t.jpg"}, {"id": "g044_dffsgv6", "comment": "[RUDY'S GOT THE CHALK](https://i.imgur.com/2Tvbv2s.png)\n\nEdit: Fuck I'm late.", "date": "2017-03-26 15:26:44", "seriesname": "g044_dffsgv6", "file": "/media/jbrogan4/scratch2/Reddit_Prov_Dataset_v5/_A_basket_ball_that_has_been_sprayed_with_Vanta_black/g044_dffsgv6.png", "URL": "https://i.imgur.com/2Tvbv2s.png", "fileid": "g044_dffsgv6.png"}, {"id": "g044_dff28ps", "comment": "[Trial number 728, making great progress, ready for market soon..](http://i.imgur.com/wQlFIS6.jpg)", "date": "2017-03-26 00:24:22", "seriesname": "g044_dff28ps", "file": "/media/jbrogan4/scratch2/Reddit_Prov_Dataset_v5/_A_basket_ball_that_has_been_sprayed_with_Vanta_black/g044_dff28ps.jpg", "URL": "http://i.imgur.com/wQlFIS6.jpg", "fileid": "g044_dff28ps.jpg"}, {"id": "g044_dff9195", "comment": "[Hey](http://i.imgur.com/BcU4l4F.jpg)", "date": "2017-03-26 05:02:12", "seriesname": "g044_dff9195", "file": "/media/jbrogan4/scratch2/Reddit_Prov_Dataset_v5/_A_basket_ball_that_has_been_sprayed_with_Vanta_black/g044_dff9195.jpg", "URL": "http://i.imgur.com/BcU4l4F.jpg", "fileid": "g044_dff9195.jpg"}, {"id": "g044_dffcl4o", "comment": "[A new foe has appeared](http://imgur.com/GxV0CAW)", "date": "2017-03-26 08:22:36", "seriesname": "g044_dffcl4o", "file": "/media/jbrogan4/scratch2/Reddit_Prov_Dataset_v5/_A_basket_ball_that_has_been_sprayed_with_Vanta_black/g044_dffcl4o.png", "URL": "http://i.imgur.com/GxV0CAW.png", "fileid": "g044_dffcl4o.png"}, {"id": "g044_dffadii", "comment": "[HUD](http://i.imgur.com/ebxQCUE.jpg)", "date": "2017-03-26 06:21:57", "seriesname": "g044_dffadii", "file": "/media/jbrogan4/scratch2/Reddit_Prov_Dataset_v5/_A_basket_ball_that_has_been_sprayed_with_Vanta_black/g044_dffadii.jpg", "URL": "http://i.imgur.com/ebxQCUE.jpg", "fileid": "g044_dffadii.jpg"}, {"id": "g044_dff7qyg", "comment": "http://i.imgur.com/TGuvgDG.jpg\n\nEDIT: [cutout](http://i.imgur.com/0BZyKPl.png)", "date": "2017-03-26 03:51:18", "seriesname": "g044_dff7qyg", "file": "/media/jbrogan4/scratch2/Reddit_Prov_Dataset_v5/_A_basket_ball_that_has_been_sprayed_with_Vanta_black/g044_dff7qyg.png", "URL": "http://i.imgur.com/0BZyKPl.png", "fileid": "g044_dff7qyg.png"}, {"id": "g044_dff83th", "comment": "[In some bizarre alternate reality](http://i.imgur.com/OarMCeR.png)", "date": "2017-03-26 04:09:44", "seriesname": "g044_dff83th", "file": "/media/jbrogan4/scratch2/Reddit_Prov_Dataset_v5/_A_basket_ball_that_has_been_sprayed_with_Vanta_black/g044_dff83th.png", "URL": "http://i.imgur.com/OarMCeR.png", "fileid": "g044_dff83th.png"}, {"id": "g044_dffbdc9", "comment": "[Evangelion](http://imgur.com/QzftDSA) ", "date": "2017-03-26 07:19:33", "seriesname": "g044_dffbdc9", "file": "/media/jbrogan4/scratch2/Reddit_Prov_Dataset_v5/_A_basket_ball_that_has_been_sprayed_with_Vanta_black/g044_dffbdc9.png", "URL": "http://i.imgur.com/QzftDSA.png", "fileid": "g044_dffbdc9.png"}, {"id": "g044_dff9qcs", "comment": "[especially in night mode..](https://i.imgur.com/CCSImmr.png)", "date": "2017-03-26 05:43:28", "seriesname": "g044_dff9qcs", "file": "/media/jbrogan4/scratch2/Reddit_Prov_Dataset_v5/_A_basket_ball_that_has_been_sprayed_with_Vanta_black/g044_dff9qcs.png", "URL": "https://i.imgur.com/CCSImmr.png", "fileid": "g044_dff9qcs.png"}, {"id": "g044_dffsk4i", "comment": "[\"I did it for me\"](http://imgur.com/KXbRNmh)", "date": "2017-03-26 15:28:42", "seriesname": "g044_dffsk4i", "file": "/media/jbrogan4/scratch2/Reddit_Prov_Dataset_v5/_A_basket_ball_that_has_been_sprayed_with_Vanta_black/g044_dffsk4i.png", "URL": "http://i.imgur.com/KXbRNmh.png", "fileid": "g044_dffsk4i.png"}, {"id": "g044_dfffyan", "comment": "[A basket ball that has not been sprayed with Vanta black](https://i.imgur.com/wpRRRNn.png)\n\nBonus: [A soccer ball that has been sprayed with Vanta black](http://i.imgur.com/19YYs7h.jpg)", "date": "2017-03-26 10:26:46", "seriesname": "g044_dfffyan", "file": "/media/jbrogan4/scratch2/Reddit_Prov_Dataset_v5/_A_basket_ball_that_has_been_sprayed_with_Vanta_black/g044_dfffyan.jpg", "URL": "http://i.imgur.com/19YYs7h.jpg", "fileid": "g044_dfffyan.jpg"}, {"id": "g044_dff9of3", "comment": "[spooky](http://i.imgur.com/kyw9upG.jpg)", "date": "2017-03-26 05:40:14", "seriesname": "g044_dff9of3", "file": "/media/jbrogan4/scratch2/Reddit_Prov_Dataset_v5/_A_basket_ball_that_has_been_sprayed_with_Vanta_black/g044_dff9of3.jpg", "URL": "http://i.imgur.com/kyw9upG.jpg", "fileid": "g044_dff9of3.jpg"}, {"id": "g044_dff2ezm", "comment": "[fixed](http://i.imgur.com/wK4CssR.jpg)\n\n[left hand without ball](http://i.imgur.com/CjnS00j.jpg)", "date": "2017-03-26 00:29:26", "seriesname": "g044_dff2ezm", "file": "/media/jbrogan4/scratch2/Reddit_Prov_Dataset_v5/_A_basket_ball_that_has_been_sprayed_with_Vanta_black/g044_dff2ezm.jpg", "URL": "http://i.imgur.com/CjnS00j.jpg", "fileid": "g044_dff2ezm.jpg"}, {"id": "g044_dffogle", "comment": "http://imgur.com/TwAufI9.jpg", "date": "2017-03-26 13:57:36", "seriesname": "g044_dffogle", "file": "/media/jbrogan4/scratch2/Reddit_Prov_Dataset_v5/_A_basket_ball_that_has_been_sprayed_with_Vanta_black/g044_dffogle.jpg", "URL": "http://imgur.com/TwAufI9.jpg", "fileid": "g044_dffogle.jpg"}, {"id": "g044_dfffxok", "comment": "[Inception](http://imgur.com/2lWavC1)", "date": "2017-03-26 10:26:15", "seriesname": "g044_dfffxok", "file": "/media/jbrogan4/scratch2/Reddit_Prov_Dataset_v5/_A_basket_ball_that_has_been_sprayed_with_Vanta_black/g044_dfffxok.png", "URL": "http://i.imgur.com/2lWavC1.png", "fileid": "g044_dfffxok.png"}, {"id": "g044_dffdevs", "comment": "[Day 7](http://i.imgur.com/gq1CTly.jpg)", "date": "2017-03-26 08:58:47", "seriesname": "g044_dffdevs", "file": "/media/jbrogan4/scratch2/Reddit_Prov_Dataset_v5/_A_basket_ball_that_has_been_sprayed_with_Vanta_black/g044_dffdevs.jpg", "URL": "http://i.imgur.com/gq1CTly.jpg", "fileid": "g044_dffdevs.jpg"}, {"id": "g044_dff99bq", "comment": "Stretched the contrast: http://imgur.com/JMr9E0w.png", "date": "2017-03-26 05:15:33", "seriesname": "g044_dff99bq", "file": "/media/jbrogan4/scratch2/Reddit_Prov_Dataset_v5/_A_basket_ball_that_has_been_sprayed_with_Vanta_black/g044_dff99bq.png", "URL": "http://imgur.com/JMr9E0w.png", "fileid": "g044_dff99bq.png"}, {"id": "g044_dff89te", "comment": "sprayer malfunction http://i.imgur.com/Mt202Ke.jpg\n", "date": "2017-03-26 04:18:31", "seriesname": "g044_dff89te", "file": "/media/jbrogan4/scratch2/Reddit_Prov_Dataset_v5/_A_basket_ball_that_has_been_sprayed_with_Vanta_black/g044_dff89te.jpg", "URL": "http://i.imgur.com/Mt202Ke.jpg", "fileid": "g044_dff89te.jpg"}, {"id": "g044_dffdfiy", "comment": "Thanks for the incentive.  http://i.imgur.com/kOeq6YM.jpg ", "date": "2017-03-26 08:59:30", "seriesname": "g044_dffdfiy", "file": "/media/jbrogan4/scratch2/Reddit_Prov_Dataset_v5/_A_basket_ball_that_has_been_sprayed_with_Vanta_black/g044_dffdfiy.jpg", "URL": "http://i.imgur.com/kOeq6YM.jpg", "fileid": "g044_dffdfiy.jpg"}, {"id": "g044_dffb8rq", "comment": "[wicked avatar](http://i.imgur.com/KwuPSFn.jpg)", "date": "2017-03-26 07:12:29", "seriesname": "g044_dffb8rq", "file": "/media/jbrogan4/scratch2/Reddit_Prov_Dataset_v5/_A_basket_ball_that_has_been_sprayed_with_Vanta_black/g044_dffb8rq.jpg", "URL": "http://i.imgur.com/KwuPSFn.jpg", "fileid": "g044_dffb8rq.jpg"}, {"id": "g044_dff9gf4", "comment": "[Are you feeling it now Mr. Krabs?  ](http://imgur.com/Atf0LxG) photoshoped on mobile please be kind \u2639\ufe0f", "date": "2017-03-26 05:26:56", "seriesname": "g044_dff9gf4", "file": "/media/jbrogan4/scratch2/Reddit_Prov_Dataset_v5/_A_basket_ball_that_has_been_sprayed_with_Vanta_black/g044_dff9gf4.png", "URL": "http://i.imgur.com/Atf0LxG.png", "fileid": "g044_dff9gf4.png"}, {"id": "g044_dff92cg", "comment": "[No bat](http://i.imgur.com/TQVd4BY.jpg)", "date": "2017-03-26 05:04:01", "seriesname": "g044_dff92cg", "file": "/media/jbrogan4/scratch2/Reddit_Prov_Dataset_v5/_A_basket_ball_that_has_been_sprayed_with_Vanta_black/g044_dff92cg.jpg", "URL": "http://i.imgur.com/TQVd4BY.jpg", "fileid": "g044_dff92cg.jpg"}, {"id": "g044_dff7mk4", "comment": "[That's all folks!](http://i.imgur.com/mu7AopP.png)", "date": "2017-03-26 03:45:14", "seriesname": "g044_dff7mk4", "file": "/media/jbrogan4/scratch2/Reddit_Prov_Dataset_v5/_A_basket_ball_that_has_been_sprayed_with_Vanta_black/g044_dff7mk4.png", "URL": "http://i.imgur.com/mu7AopP.png", "fileid": "g044_dff7mk4.png"}, {"id": "g044_dfffcm6", "comment": "[par for the course](http://creativepool.com/marketing/images/photoshop-fail-fanta.jpg) when it comes to fanta ads though", "date": "2017-03-26 10:07:58", "seriesname": "g044_dfffcm6", "file": "/media/jbrogan4/scratch2/Reddit_Prov_Dataset_v5/_A_basket_ball_that_has_been_sprayed_with_Vanta_black/g044_dfffcm6.jpg", "URL": "http://creativepool.com/marketing/images/photoshop-fail-fanta.jpg", "fileid": "g044_dfffcm6.jpg"}, {"id": "g044_dffjugx", "comment": "How is he holding the ball, though?\nhttp://i.imgur.com/WmYxaMq.png", "date": "2017-03-26 12:10:37", "seriesname": "g044_dffjugx", "file": "/media/jbrogan4/scratch2/Reddit_Prov_Dataset_v5/_A_basket_ball_that_has_been_sprayed_with_Vanta_black/g044_dffjugx.png", "URL": "http://i.imgur.com/WmYxaMq.png", "fileid": "g044_dffjugx.png"}, {"id": "g044_dffbuwi", "comment": "[EXTRA EXTRA! THE REDDIT TIMES SIR, THE REEEEEEDDIT TIMES](http://i.imgur.com/1Qxe4cr.jpg)\n\nEdit: [Detailed version](http://i.imgur.com/Bszqbnt.jpg)", "date": "2017-03-26 07:46:26", "seriesname": "g044_dffbuwi", "file": "/media/jbrogan4/scratch2/Reddit_Prov_Dataset_v5/_A_basket_ball_that_has_been_sprayed_with_Vanta_black/g044_dffbuwi.jpg", "URL": "http://i.imgur.com/Bszqbnt.jpg", "fileid": "g044_dffbuwi.jpg"}, {"id": "g044_dffe019", "comment": "[A giant Oreo](http://i.imgur.com/SHKT4xE.jpg)", "date": "2017-03-26 09:22:00", "seriesname": "g044_dffe019", "file": "/media/jbrogan4/scratch2/Reddit_Prov_Dataset_v5/_A_basket_ball_that_has_been_sprayed_with_Vanta_black/g044_dffe019.jpg", "URL": "http://i.imgur.com/SHKT4xE.jpg", "fileid": "g044_dffe019.jpg"}, {"id": "g044_dffa5wd", "comment": "[many doors yes](http://i.imgur.com/ActGUZ9.png)", "date": "2017-03-26 06:09:02", "seriesname": "g044_dffa5wd", "file": "/media/jbrogan4/scratch2/Reddit_Prov_Dataset_v5/_A_basket_ball_that_has_been_sprayed_with_Vanta_black/g044_dffa5wd.png", "URL": "http://i.imgur.com/ActGUZ9.png", "fileid": "g044_dffa5wd.png"}, {"id": "g044_dffpemt", "comment": "[Damnation](http://i.imgur.com/lNLPonV.jpg)", "date": "2017-03-26 14:18:45", "seriesname": "g044_dffpemt", "file": "/media/jbrogan4/scratch2/Reddit_Prov_Dataset_v5/_A_basket_ball_that_has_been_sprayed_with_Vanta_black/g044_dffpemt.jpg", "URL": "http://i.imgur.com/lNLPonV.jpg", "fileid": "g044_dffpemt.jpg"}, {"id": "g044_dff85v0", "comment": "[The gecko](http://i.imgur.com/H9MTsSI.jpg)", "date": "2017-03-26 04:12:44", "seriesname": "g044_dff85v0", "file": "/media/jbrogan4/scratch2/Reddit_Prov_Dataset_v5/_A_basket_ball_that_has_been_sprayed_with_Vanta_black/g044_dff85v0.jpg", "URL": "http://i.imgur.com/H9MTsSI.jpg", "fileid": "g044_dff85v0.jpg"}, {"id": "g044_dff856s", "comment": "http://i.imgur.com/ER8y8jr.png", "date": "2017-03-26 04:11:44", "seriesname": "g044_dff856s", "file": "/media/jbrogan4/scratch2/Reddit_Prov_Dataset_v5/_A_basket_ball_that_has_been_sprayed_with_Vanta_black/g044_dff856s.png", "URL": "http://i.imgur.com/ER8y8jr.png", "fileid": "g044_dff856s.png"}, {"id": "g044_dff3g3o", "comment": "[The whole room painted with Vanta black](http://i.imgur.com/yIL3lCy.gif)\n~~I think I'm hilarious~~", "date": "2017-03-26 01:01:41", "seriesname": "g044_dff3g3o", "file": "/media/jbrogan4/scratch2/Reddit_Prov_Dataset_v5/_A_basket_ball_that_has_been_sprayed_with_Vanta_black/g044_dff3g3o.jpg", "URL": "http://i.imgur.com/yIL3lCy.gif", "fileid": "g044_dff3g3o.gif"}, {"id": "g044_dffgejv", "comment": "[Basketball you say...](http://i.imgur.com/IlQczQt.jpg)", "date": "2017-03-26 10:40:08", "seriesname": "g044_dffgejv", "file": "/media/jbrogan4/scratch2/Reddit_Prov_Dataset_v5/_A_basket_ball_that_has_been_sprayed_with_Vanta_black/g044_dffgejv.jpg", "URL": "http://i.imgur.com/IlQczQt.jpg", "fileid": "g044_dffgejv.jpg"}, {"id": "g044_dffhu4n", "comment": "[Who's that Pok\u00e9mon?](http://imgur.com/3y1NCYc) ", "date": "2017-03-26 11:19:39", "seriesname": "g044_dffhu4n", "file": "/media/jbrogan4/scratch2/Reddit_Prov_Dataset_v5/_A_basket_ball_that_has_been_sprayed_with_Vanta_black/g044_dffhu4n.png", "URL": "http://i.imgur.com/3y1NCYc.png", "fileid": "g044_dffhu4n.png"}, {"id": "g044_dff88t1", "comment": "A football ball that has been sprayed with Vanta black\nhttp://imgur.com/LBGXteR", "date": "2017-03-26 04:17:01", "seriesname": "g044_dff88t1", "file": "/media/jbrogan4/scratch2/Reddit_Prov_Dataset_v5/_A_basket_ball_that_has_been_sprayed_with_Vanta_black/g044_dff88t1.png", "URL": "http://i.imgur.com/LBGXteR.png", "fileid": "g044_dff88t1.png"}, {"id": "g044_dffden3", "comment": "Scientists instantly regret creating black hole.\n\nhttp://imgur.com/3EBpG0I", "date": "2017-03-26 08:58:29", "seriesname": "g044_dffden3", "file": "/media/jbrogan4/scratch2/Reddit_Prov_Dataset_v5/_A_basket_ball_that_has_been_sprayed_with_Vanta_black/g044_dffden3.png", "URL": "http://i.imgur.com/3EBpG0I.png", "fileid": "g044_dffden3.png"}, {"id": "g044_dff7xia", "comment": "[Vanta black hole](http://i.imgur.com/u8ZfhMd.png)", "date": "2017-03-26 04:00:32", "seriesname": "g044_dff7xia", "file": "/media/jbrogan4/scratch2/Reddit_Prov_Dataset_v5/_A_basket_ball_that_has_been_sprayed_with_Vanta_black/g044_dff7xia.png", "URL": "http://i.imgur.com/u8ZfhMd.png", "fileid": "g044_dff7xia.png"}, {"id": "g044_dfflpjc", "comment": "[WHO'S THAT POKEMON?](http://i.imgur.com/gjmu7Yk.png)", "date": "2017-03-26 12:54:48", "seriesname": "g044_dfflpjc", "file": "/media/jbrogan4/scratch2/Reddit_Prov_Dataset_v5/_A_basket_ball_that_has_been_sprayed_with_Vanta_black/g044_dfflpjc.png", "URL": "http://i.imgur.com/gjmu7Yk.png", "fileid": "g044_dfflpjc.png"}, {"id": "g044_dff8r5i", "comment": "http://i.cubeupload.com/laROkj.jpg", "date": "2017-03-26 04:45:43", "seriesname": "g044_dff8r5i", "file": "/media/jbrogan4/scratch2/Reddit_Prov_Dataset_v5/_A_basket_ball_that_has_been_sprayed_with_Vanta_black/g044_dff8r5i.jpg", "URL": "http://i.cubeupload.com/laROkj.jpg", "fileid": "g044_dff8r5i.jpg"}, {"id": "g044_dfftlcl", "comment": "[Cool Baskteball](http://i.imgur.com/tIlrOG3.png)", "date": "2017-03-26 15:52:00", "seriesname": "g044_dfftlcl", "file": "/media/jbrogan4/scratch2/Reddit_Prov_Dataset_v5/_A_basket_ball_that_has_been_sprayed_with_Vanta_black/g044_dfftlcl.png", "URL": "http://i.imgur.com/tIlrOG3.png", "fileid": "g044_dfftlcl.png"}, {"id": "g044_root", "comment": "", "date": "2017-03-25 23:01:23", "seriesname": "g044_root", "file": "/media/jbrogan4/scratch2/Reddit_Prov_Dataset_v5/_A_basket_ball_that_has_been_sprayed_with_Vanta_black/g044_root.jpg", "URL": "http://i.imgur.com/19YYs7h.jpg", "fileid": "g044_root.jpg"}, {"id": "g044_dffdt6h", "comment": "[Don't be so careless with your paint next time.](http://i.imgur.com/Qix898H.jpg)", "date": "2017-03-26 09:14:38", "seriesname": "g044_dffdt6h", "file": "/media/jbrogan4/scratch2/Reddit_Prov_Dataset_v5/_A_basket_ball_that_has_been_sprayed_with_Vanta_black/g044_dffdt6h.jpg", "URL": "http://i.imgur.com/Qix898H.jpg", "fileid": "g044_dffdt6h.jpg"}], "graph": {"name": "g044_root"}, "directed": true}