{"links": [{"op": "none", "target": 0, "source": 45}, {"op": "none", "target": 1, "source": 7}, {"op": "none", "target": 2, "source": 45}, {"op": "none", "target": 3, "source": 45}, {"op": "none", "target": 4, "source": 45}, {"op": "none", "target": 5, "source": 45}, {"op": "none", "target": 6, "source": 45}, {"op": "none", "target": 7, "source": 13}, {"op": "none", "target": 8, "source": 35}, {"op": "none", "target": 9, "source": 45}, {"op": "none", "target": 10, "source": 4}, {"op": "none", "target": 11, "source": 45}, {"op": "none", "target": 12, "source": 45}, {"op": "none", "target": 13, "source": 22}, {"op": "none", "target": 14, "source": 45}, {"op": "none", "target": 15, "source": 22}, {"op": "none", "target": 16, "source": 45}, {"op": "none", "target": 17, "source": 45}, {"op": "none", "target": 18, "source": 8}, {"op": "none", "target": 19, "source": 45}, {"op": "none", "target": 20, "source": 45}, {"op": "none", "target": 21, "source": 6}, {"op": "none", "target": 22, "source": 45}, {"op": "none", "target": 23, "source": 45}, {"op": "none", "target": 24, "source": 45}, {"op": "none", "target": 25, "source": 45}, {"op": "none", "target": 26, "source": 45}, {"op": "none", "target": 27, "source": 45}, {"op": "none", "target": 28, "source": 45}, {"op": "none", "target": 29, "source": 45}, {"op": "none", "target": 30, "source": 45}, {"op": "none", "target": 31, "source": 45}, {"op": "none", "target": 32, "source": 45}, {"op": "none", "target": 33, "source": 45}, {"op": "none", "target": 34, "source": 45}, {"op": "none", "target": 35, "source": 13}, {"op": "none", "target": 36, "source": 45}, {"op": "none", "target": 37, "source": 45}, {"op": "none", "target": 38, "source": 18}, {"op": "none", "target": 39, "source": 45}, {"op": "none", "target": 40, "source": 45}, {"op": "none", "target": 41, "source": 45}, {"op": "none", "target": 42, "source": 45}, {"op": "none", "target": 43, "source": 45}, {"op": "none", "target": 44, "source": 45}, {"op": "none", "target": 46, "source": 45}], "title": "_Cat_flowing_down_a_sofa", "nodes": [{"id": "g054_dgzbyq4", "comment": "[longcat is long](http://i.imgur.com/n2U1Y1L.png)", "date": "2017-05-01 07:33:02", "seriesname": "g054_dgzbyq4", "file": "/media/jbrogan4/scratch2/Reddit_Prov_Dataset_v5/_Cat_flowing_down_a_sofa/g054_dgzbyq4.png", "URL": "http://i.imgur.com/n2U1Y1L.png", "fileid": "g054_dgzbyq4.png"}, {"id": "g054_dgzgtd7", "comment": "Really Fantastic!\n\nhttp://i.imgur.com/HX0d4TG.jpg", "date": "2017-05-01 10:00:53", "seriesname": "g054_dgzgtd7", "file": "/media/jbrogan4/scratch2/Reddit_Prov_Dataset_v5/_Cat_flowing_down_a_sofa/g054_dgzgtd7.jpg", "URL": "http://i.imgur.com/HX0d4TG.jpg", "fileid": "g054_dgzgtd7.jpg"}, {"id": "g054_dh0djrp", "comment": "[Does This Count?](http://imgur.com/79QQtdK)", "date": "2017-05-01 20:56:17", "seriesname": "g054_dh0djrp", "file": "/media/jbrogan4/scratch2/Reddit_Prov_Dataset_v5/_Cat_flowing_down_a_sofa/g054_dh0djrp.png", "URL": "http://i.imgur.com/79QQtdK.png", "fileid": "g054_dh0djrp.png"}, {"id": "g054_dgzyo97", "comment": "[Natural Talent] (http://imgur.com/EyeuJ35)", "date": "2017-05-01 15:55:14", "seriesname": "g054_dgzyo97", "file": "/media/jbrogan4/scratch2/Reddit_Prov_Dataset_v5/_Cat_flowing_down_a_sofa/g054_dgzyo97.png", "URL": "http://i.imgur.com/EyeuJ35.png", "fileid": "g054_dgzyo97.png"}, {"id": "g054_dgzg3g2", "comment": "[Odell CATch](http://i.imgur.com/xYae6Fq.jpg)", "date": "2017-05-01 09:43:14", "seriesname": "g054_dgzg3g2", "file": "/media/jbrogan4/scratch2/Reddit_Prov_Dataset_v5/_Cat_flowing_down_a_sofa/g054_dgzg3g2.jpg", "URL": "http://i.imgur.com/xYae6Fq.jpg", "fileid": "g054_dgzg3g2.jpg"}, {"id": "g054_dgzaxjz", "comment": "http://i.imgur.com/6TvEJpA.jpg", "date": "2017-05-01 06:47:26", "seriesname": "g054_dgzaxjz", "file": "/media/jbrogan4/scratch2/Reddit_Prov_Dataset_v5/_Cat_flowing_down_a_sofa/g054_dgzaxjz.jpg", "URL": "http://i.imgur.com/6TvEJpA.jpg", "fileid": "g054_dgzaxjz.jpg"}, {"id": "g054_dgze11i", "comment": "[Breaking free](http://i.imgur.com/1fR9mGw.png)", "date": "2017-05-01 08:45:44", "seriesname": "g054_dgze11i", "file": "/media/jbrogan4/scratch2/Reddit_Prov_Dataset_v5/_Cat_flowing_down_a_sofa/g054_dgze11i.png", "URL": "http://i.imgur.com/1fR9mGw.png", "fileid": "g054_dgze11i.png"}, {"id": "g054_dgzg97e", "comment": "[Atomicats](https://i.imgur.com/Wfo6Svl.jpg)", "date": "2017-05-01 09:47:10", "seriesname": "g054_dgzg97e", "file": "/media/jbrogan4/scratch2/Reddit_Prov_Dataset_v5/_Cat_flowing_down_a_sofa/g054_dgzg97e.jpg", "URL": "https://i.imgur.com/Wfo6Svl.jpg", "fileid": "g054_dgzg97e.jpg"}, {"id": "g054_dgzg451", "comment": "Haha. Nice work!\n\nhttp://i.imgur.com/PVvawKt.jpg", "date": "2017-05-01 09:43:43", "seriesname": "g054_dgzg451", "file": "/media/jbrogan4/scratch2/Reddit_Prov_Dataset_v5/_Cat_flowing_down_a_sofa/g054_dgzg451.jpg", "URL": "http://i.imgur.com/PVvawKt.jpg", "fileid": "g054_dgzg451.jpg"}, {"id": "g054_dgzfexv", "comment": "Waterfall: http://i.imgur.com/749gotW.jpg", "date": "2017-05-01 09:25:27", "seriesname": "g054_dgzfexv", "file": "/media/jbrogan4/scratch2/Reddit_Prov_Dataset_v5/_Cat_flowing_down_a_sofa/g054_dgzfexv.jpg", "URL": "http://i.imgur.com/749gotW.jpg", "fileid": "g054_dgzfexv.jpg"}, {"id": "g054_dgzhtgu", "comment": "[CATch of the day](http://i.imgur.com/iYtzM1k.jpg)", "date": "2017-05-01 10:24:17", "seriesname": "g054_dgzhtgu", "file": "/media/jbrogan4/scratch2/Reddit_Prov_Dataset_v5/_Cat_flowing_down_a_sofa/g054_dgzhtgu.jpg", "URL": "http://i.imgur.com/iYtzM1k.jpg", "fileid": "g054_dgzhtgu.jpg"}, {"id": "g054_dgzbgf3", "comment": "[Scarf](http://imgur.com/fqX0set)", "date": "2017-05-01 07:11:53", "seriesname": "g054_dgzbgf3", "file": "/media/jbrogan4/scratch2/Reddit_Prov_Dataset_v5/_Cat_flowing_down_a_sofa/g054_dgzbgf3.png", "URL": "http://i.imgur.com/fqX0set.png", "fileid": "g054_dgzbgf3.png"}, {"id": "g054_dgzc1sv", "comment": "[Made for this!](http://i.imgur.com/v63XOjQ.jpg)", "date": "2017-05-01 07:36:28", "seriesname": "g054_dgzc1sv", "file": "/media/jbrogan4/scratch2/Reddit_Prov_Dataset_v5/_Cat_flowing_down_a_sofa/g054_dgzc1sv.jpg", "URL": "http://i.imgur.com/v63XOjQ.jpg", "fileid": "g054_dgzc1sv.jpg"}, {"id": "g054_dgzd6s8", "comment": "[The Persistence of Meow](http://i.imgur.com/aY7CQFe.jpg)", "date": "2017-05-01 08:18:42", "seriesname": "g054_dgzd6s8", "file": "/media/jbrogan4/scratch2/Reddit_Prov_Dataset_v5/_Cat_flowing_down_a_sofa/g054_dgzd6s8.jpg", "URL": "http://i.imgur.com/aY7CQFe.jpg", "fileid": "g054_dgzd6s8.jpg"}, {"id": "g054_dgzidn1", "comment": "http://imgur.com/nFcquTM\n", "date": "2017-05-01 10:36:50", "seriesname": "g054_dgzidn1", "file": "/media/jbrogan4/scratch2/Reddit_Prov_Dataset_v5/_Cat_flowing_down_a_sofa/g054_dgzidn1.png", "URL": "http://i.imgur.com/nFcquTM.png", "fileid": "g054_dgzidn1.png"}, {"id": "g054_dgzi4ym", "comment": "[Touched it up a bit](https://i.imgur.com/GmWaWKw.jpg)", "date": "2017-05-01 10:31:29", "seriesname": "g054_dgzi4ym", "file": "/media/jbrogan4/scratch2/Reddit_Prov_Dataset_v5/_Cat_flowing_down_a_sofa/g054_dgzi4ym.jpg", "URL": "https://i.imgur.com/GmWaWKw.jpg", "fileid": "g054_dgzi4ym.jpg"}, {"id": "g054_dh0b7ud", "comment": "[waterfall cat](http://i.imgur.com/PNy1leI.jpg)", "date": "2017-05-01 20:09:58", "seriesname": "g054_dh0b7ud", "file": "/media/jbrogan4/scratch2/Reddit_Prov_Dataset_v5/_Cat_flowing_down_a_sofa/g054_dh0b7ud.jpg", "URL": "http://i.imgur.com/PNy1leI.jpg", "fileid": "g054_dh0b7ud.jpg"}, {"id": "g054_dgzoaw3", "comment": "[The circle of life](http://imgur.com/CiqvZOU.jpg)", "date": "2017-05-01 12:38:16", "seriesname": "g054_dgzoaw3", "file": "/media/jbrogan4/scratch2/Reddit_Prov_Dataset_v5/_Cat_flowing_down_a_sofa/g054_dgzoaw3.jpg", "URL": "http://imgur.com/CiqvZOU.jpg", "fileid": "g054_dgzoaw3.jpg"}, {"id": "g054_dgzgoxl", "comment": "[Yeehaw!](https://i.imgur.com/hI2enx4.png)", "date": "2017-05-01 09:57:52", "seriesname": "g054_dgzgoxl", "file": "/media/jbrogan4/scratch2/Reddit_Prov_Dataset_v5/_Cat_flowing_down_a_sofa/g054_dgzgoxl.png", "URL": "https://i.imgur.com/hI2enx4.png", "fileid": "g054_dgzgoxl.png"}, {"id": "g054_dgzk4aq", "comment": "[An unlikely rescue](http://i.imgur.com/bSL2pMs.png)", "date": "2017-05-01 11:14:23", "seriesname": "g054_dgzk4aq", "file": "/media/jbrogan4/scratch2/Reddit_Prov_Dataset_v5/_Cat_flowing_down_a_sofa/g054_dgzk4aq.png", "URL": "http://i.imgur.com/bSL2pMs.png", "fileid": "g054_dgzk4aq.png"}, {"id": "g054_dgzevtg", "comment": "The legend of the Carp: http://i.imgur.com/sImTmUQ.jpg", "date": "2017-05-01 09:11:00", "seriesname": "g054_dgzevtg", "file": "/media/jbrogan4/scratch2/Reddit_Prov_Dataset_v5/_Cat_flowing_down_a_sofa/g054_dgzevtg.jpg", "URL": "http://i.imgur.com/sImTmUQ.jpg", "fileid": "g054_dgzevtg.jpg"}, {"id": "g054_dgzfrvk", "comment": "[Breaking free with purpose](https://i.imgur.com/LP6hhlo.jpg)", "date": "2017-05-01 09:34:59", "seriesname": "g054_dgzfrvk", "file": "/media/jbrogan4/scratch2/Reddit_Prov_Dataset_v5/_Cat_flowing_down_a_sofa/g054_dgzfrvk.jpg", "URL": "https://i.imgur.com/LP6hhlo.jpg", "fileid": "g054_dgzfrvk.jpg"}, {"id": "g054_dgzb67i", "comment": "[Dali The Persistence of Memory](http://i.imgur.com/xblKqNT.jpg)", "date": "2017-05-01 06:58:57", "seriesname": "g054_dgzb67i", "file": "/media/jbrogan4/scratch2/Reddit_Prov_Dataset_v5/_Cat_flowing_down_a_sofa/g054_dgzb67i.jpg", "URL": "http://i.imgur.com/xblKqNT.jpg", "fileid": "g054_dgzb67i.jpg"}, {"id": "g054_dgzhqrr", "comment": "[It is obvious that this contest cannot be decided by our knowledge of the Force... but by our skills with a lightsaber. ](http://i.imgur.com/NzayLwR.jpg )\n\n", "date": "2017-05-01 10:22:35", "seriesname": "g054_dgzhqrr", "file": "/media/jbrogan4/scratch2/Reddit_Prov_Dataset_v5/_Cat_flowing_down_a_sofa/g054_dgzhqrr.jpg", "URL": "http://i.imgur.com/NzayLwR.jpg", "fileid": "g054_dgzhqrr.jpg"}, {"id": "g054_dgznwcv", "comment": "[Free Kitty](http://i.imgur.com/VUjsJNf.png)", "date": "2017-05-01 12:30:26", "seriesname": "g054_dgznwcv", "file": "/media/jbrogan4/scratch2/Reddit_Prov_Dataset_v5/_Cat_flowing_down_a_sofa/g054_dgznwcv.png", "URL": "http://i.imgur.com/VUjsJNf.png", "fileid": "g054_dgznwcv.png"}, {"id": "g054_dgzb10e", "comment": "[cutout](http://i.imgur.com/sumjCQ0.png)", "date": "2017-05-01 06:52:07", "seriesname": "g054_dgzb10e", "file": "/media/jbrogan4/scratch2/Reddit_Prov_Dataset_v5/_Cat_flowing_down_a_sofa/g054_dgzb10e.png", "URL": "http://i.imgur.com/sumjCQ0.png", "fileid": "g054_dgzb10e.png"}, {"id": "g054_dgznhqf", "comment": "Mewsion: Impurrsible http://imgur.com/kD52B96", "date": "2017-05-01 12:22:34", "seriesname": "g054_dgznhqf", "file": "/media/jbrogan4/scratch2/Reddit_Prov_Dataset_v5/_Cat_flowing_down_a_sofa/g054_dgznhqf.png", "URL": "http://i.imgur.com/kD52B96.png", "fileid": "g054_dgznhqf.png"}, {"id": "g054_dgzn1pv", "comment": "long cat http://imgur.com/YZnfTjC", "date": "2017-05-01 12:13:48", "seriesname": "g054_dgzn1pv", "file": "/media/jbrogan4/scratch2/Reddit_Prov_Dataset_v5/_Cat_flowing_down_a_sofa/g054_dgzn1pv.png", "URL": "http://i.imgur.com/YZnfTjC.png", "fileid": "g054_dgzn1pv.png"}, {"id": "g054_dgzdnl4", "comment": "[Sadako](http://i.imgur.com/BEWCqjB.jpg)\n\nEdit: Wow! Thank you for the gold, kind stranger!", "date": "2017-05-01 08:34:10", "seriesname": "g054_dgzdnl4", "file": "/media/jbrogan4/scratch2/Reddit_Prov_Dataset_v5/_Cat_flowing_down_a_sofa/g054_dgzdnl4.jpg", "URL": "http://i.imgur.com/BEWCqjB.jpg", "fileid": "g054_dgzdnl4.jpg"}, {"id": "g054_dgzzlo0", "comment": "[Trying too keep warm](https://imgur.com/Qp4OcO4)", "date": "2017-05-01 16:12:29", "seriesname": "g054_dgzzlo0", "file": "/media/jbrogan4/scratch2/Reddit_Prov_Dataset_v5/_Cat_flowing_down_a_sofa/g054_dgzzlo0.png", "URL": "http://i.imgur.com/Qp4OcO4.png", "fileid": "g054_dgzzlo0.png"}, {"id": "g054_dgzb6kd", "comment": "[done!](http://i.imgur.com/xblKqNT.jpg)", "date": "2017-05-01 06:59:24", "seriesname": "g054_dgzb6kd", "file": "/media/jbrogan4/scratch2/Reddit_Prov_Dataset_v5/_Cat_flowing_down_a_sofa/g054_dgzb6kd.jpg", "URL": "http://i.imgur.com/xblKqNT.jpg", "fileid": "g054_dgzb6kd.jpg"}, {"id": "g054_dgzkpb9", "comment": "[... and we'll call him Simba](http://imgur.com/yRjHC2T)", "date": "2017-05-01 11:26:24", "seriesname": "g054_dgzkpb9", "file": "/media/jbrogan4/scratch2/Reddit_Prov_Dataset_v5/_Cat_flowing_down_a_sofa/g054_dgzkpb9.png", "URL": "http://i.imgur.com/yRjHC2T.png", "fileid": "g054_dgzkpb9.png"}, {"id": "g054_dgze3ux", "comment": "[Only feline](http://i.imgur.com/D6P03z0.png) ", "date": "2017-05-01 08:48:09", "seriesname": "g054_dgze3ux", "file": "/media/jbrogan4/scratch2/Reddit_Prov_Dataset_v5/_Cat_flowing_down_a_sofa/g054_dgze3ux.png", "URL": "http://i.imgur.com/D6P03z0.png", "fileid": "g054_dgze3ux.png"}, {"id": "g054_dgzv23l", "comment": "Late but I didn't see anyone do this yet\nhttps://imgur.com/oFPQ9Px", "date": "2017-05-01 14:47:33", "seriesname": "g054_dgzv23l", "file": "/media/jbrogan4/scratch2/Reddit_Prov_Dataset_v5/_Cat_flowing_down_a_sofa/g054_dgzv23l.png", "URL": "http://i.imgur.com/oFPQ9Px.png", "fileid": "g054_dgzv23l.png"}, {"id": "g054_dgzarub", "comment": "[Ballet is for everyone](http://i.imgur.com/vhja17Z.jpg)\nBtw im new here so tell me if the link worked please", "date": "2017-05-01 06:39:29", "seriesname": "g054_dgzarub", "file": "/media/jbrogan4/scratch2/Reddit_Prov_Dataset_v5/_Cat_flowing_down_a_sofa/g054_dgzarub.jpg", "URL": "http://i.imgur.com/vhja17Z.jpg", "fileid": "g054_dgzarub.jpg"}, {"id": "g054_dgzfafd", "comment": "[I always loved that iconic picture of him](https://i.imgur.com/QmEKqNF.png)", "date": "2017-05-01 09:22:10", "seriesname": "g054_dgzfafd", "file": "/media/jbrogan4/scratch2/Reddit_Prov_Dataset_v5/_Cat_flowing_down_a_sofa/g054_dgzfafd.png", "URL": "https://i.imgur.com/QmEKqNF.png", "fileid": "g054_dgzfafd.png"}, {"id": "g054_dgzg427", "comment": "[Rafiki your holding him wrong](http://imgur.com/bwRCZBP)\n", "date": "2017-05-01 09:43:40", "seriesname": "g054_dgzg427", "file": "/media/jbrogan4/scratch2/Reddit_Prov_Dataset_v5/_Cat_flowing_down_a_sofa/g054_dgzg427.png", "URL": "http://i.imgur.com/bwRCZBP.png", "fileid": "g054_dgzg427.png"}, {"id": "g054_dgzep67", "comment": "[He slimed me.](https://i.imgur.com/6r9Aiwh.jpg)", "date": "2017-05-01 09:05:44", "seriesname": "g054_dgzep67", "file": "/media/jbrogan4/scratch2/Reddit_Prov_Dataset_v5/_Cat_flowing_down_a_sofa/g054_dgzep67.jpg", "URL": "https://i.imgur.com/6r9Aiwh.jpg", "fileid": "g054_dgzep67.jpg"}, {"id": "g054_dgzh9ps", "comment": "Hats off to you!\n\nhttp://i.imgur.com/ULOQn4x.jpg", "date": "2017-05-01 10:11:38", "seriesname": "g054_dgzh9ps", "file": "/media/jbrogan4/scratch2/Reddit_Prov_Dataset_v5/_Cat_flowing_down_a_sofa/g054_dgzh9ps.jpg", "URL": "http://i.imgur.com/ULOQn4x.jpg", "fileid": "g054_dgzh9ps.jpg"}, {"id": "g054_dgzifhf", "comment": "[GOOOAAL!!](http://i.imgur.com/P1SFwu7.png)\n\n^^^\\(Please ^^^be ^^^nice, ^^^this ^^^is ^^^my ^^^first ^^^time...)", "date": "2017-05-01 10:37:59", "seriesname": "g054_dgzifhf", "file": "/media/jbrogan4/scratch2/Reddit_Prov_Dataset_v5/_Cat_flowing_down_a_sofa/g054_dgzifhf.png", "URL": "http://i.imgur.com/P1SFwu7.png", "fileid": "g054_dgzifhf.png"}, {"id": "g054_dgzd0fh", "comment": "[Kitten boomerang](http://i.imgur.com/1cPmDgp.jpg)", "date": "2017-05-01 08:12:39", "seriesname": "g054_dgzd0fh", "file": "/media/jbrogan4/scratch2/Reddit_Prov_Dataset_v5/_Cat_flowing_down_a_sofa/g054_dgzd0fh.jpg", "URL": "http://i.imgur.com/1cPmDgp.jpg", "fileid": "g054_dgzd0fh.jpg"}, {"id": "g054_dgzf05h", "comment": "[catfall](http://i.imgur.com/iQ7mpxd.png)", "date": "2017-05-01 09:14:20", "seriesname": "g054_dgzf05h", "file": "/media/jbrogan4/scratch2/Reddit_Prov_Dataset_v5/_Cat_flowing_down_a_sofa/g054_dgzf05h.png", "URL": "http://i.imgur.com/iQ7mpxd.png", "fileid": "g054_dgzf05h.png"}, {"id": "g054_dgzikzk", "comment": "https://i.imgur.com/hAxZzRS.jpg", "date": "2017-05-01 10:41:19", "seriesname": "g054_dgzikzk", "file": "/media/jbrogan4/scratch2/Reddit_Prov_Dataset_v5/_Cat_flowing_down_a_sofa/g054_dgzikzk.jpg", "URL": "https://i.imgur.com/hAxZzRS.jpg", "fileid": "g054_dgzikzk.jpg"}, {"id": "g054_dgzgh1s", "comment": "[Don't try it!](http://i.imgur.com/O1jq8xK.png)", "date": "2017-05-01 09:52:34", "seriesname": "g054_dgzgh1s", "file": "/media/jbrogan4/scratch2/Reddit_Prov_Dataset_v5/_Cat_flowing_down_a_sofa/g054_dgzgh1s.png", "URL": "http://i.imgur.com/O1jq8xK.png", "fileid": "g054_dgzgh1s.png"}, {"id": "g054_dgzchtz", "comment": "[That's quite the fall.](http://i.imgur.com/QUFa8Jd.png)", "date": "2017-05-01 07:53:58", "seriesname": "g054_dgzchtz", "file": "/media/jbrogan4/scratch2/Reddit_Prov_Dataset_v5/_Cat_flowing_down_a_sofa/g054_dgzchtz.png", "URL": "http://i.imgur.com/QUFa8Jd.png", "fileid": "g054_dgzchtz.png"}, {"id": "g054_root", "comment": "", "date": "2017-05-01 06:02:35", "seriesname": "g054_root", "file": "/media/jbrogan4/scratch2/Reddit_Prov_Dataset_v5/_Cat_flowing_down_a_sofa/g054_root.jpg", "URL": "https://i.redd.it/q4q567yv3vuy.jpg", "fileid": "g054_root.jpg"}, {"id": "g054_dh0ahk3", "comment": "Inspired by my son who wanted to see an Alf post here:\n\n[A quick snack while writing](http://i.imgur.com/yPbQVQj.jpg)", "date": "2017-05-01 19:55:12", "seriesname": "g054_dh0ahk3", "file": "/media/jbrogan4/scratch2/Reddit_Prov_Dataset_v5/_Cat_flowing_down_a_sofa/g054_dh0ahk3.jpg", "URL": "http://i.imgur.com/yPbQVQj.jpg", "fileid": "g054_dh0ahk3.jpg"}], "graph": {"name": "g054_root"}, "directed": true}