{"links": [{"op": "none", "target": 0, "source": 3}, {"op": "none", "target": 1, "source": 50}, {"op": "none", "target": 2, "source": 50}, {"op": "none", "target": 3, "source": 50}, {"op": "none", "target": 4, "source": 50}, {"op": "none", "target": 5, "source": 50}, {"op": "none", "target": 6, "source": 50}, {"op": "none", "target": 7, "source": 50}, {"op": "none", "target": 8, "source": 50}, {"op": "none", "target": 9, "source": 50}, {"op": "none", "target": 10, "source": 50}, {"op": "none", "target": 11, "source": 50}, {"op": "none", "target": 12, "source": 50}, {"op": "none", "target": 13, "source": 50}, {"op": "none", "target": 14, "source": 50}, {"op": "none", "target": 15, "source": 50}, {"op": "none", "target": 16, "source": 50}, {"op": "none", "target": 17, "source": 50}, {"op": "none", "target": 18, "source": 50}, {"op": "none", "target": 19, "source": 50}, {"op": "none", "target": 20, "source": 50}, {"op": "none", "target": 21, "source": 50}, {"op": "none", "target": 22, "source": 40}, {"op": "none", "target": 23, "source": 50}, {"op": "none", "target": 24, "source": 50}, {"op": "none", "target": 25, "source": 40}, {"op": "none", "target": 26, "source": 50}, {"op": "none", "target": 27, "source": 50}, {"op": "none", "target": 28, "source": 50}, {"op": "none", "target": 29, "source": 3}, {"op": "none", "target": 30, "source": 50}, {"op": "none", "target": 31, "source": 50}, {"op": "none", "target": 32, "source": 50}, {"op": "none", "target": 33, "source": 50}, {"op": "none", "target": 34, "source": 50}, {"op": "none", "target": 35, "source": 50}, {"op": "none", "target": 36, "source": 50}, {"op": "none", "target": 37, "source": 50}, {"op": "none", "target": 38, "source": 50}, {"op": "none", "target": 39, "source": 50}, {"op": "none", "target": 40, "source": 50}, {"op": "none", "target": 41, "source": 50}, {"op": "none", "target": 42, "source": 50}, {"op": "none", "target": 43, "source": 36}, {"op": "none", "target": 44, "source": 50}, {"op": "none", "target": 45, "source": 50}, {"op": "none", "target": 46, "source": 4}, {"op": "none", "target": 47, "source": 50}, {"op": "none", "target": 48, "source": 50}, {"op": "none", "target": 49, "source": 50}, {"op": "none", "target": 51, "source": 50}, {"op": "none", "target": 52, "source": 50}], "title": "_This_cheery_opossum", "nodes": [{"id": "g058_dcgghu2", "comment": "[Half-assed cutout.](http://i.imgur.com/moEH2E6.png)", "date": "2017-01-15 09:51:00", "seriesname": "g058_dcgghu2", "file": "/media/jbrogan4/scratch2/Reddit_Prov_Dataset_v5/_This_cheery_opossum/g058_dcgghu2.png", "URL": "http://i.imgur.com/moEH2E6.png", "fileid": "g058_dcgghu2.png"}, {"id": "g058_dcgdvpm", "comment": "[Before the fight] (https://imgur.com/UvAekoe)  \nI'm new to photoshop, advice is welcome!  \n\nEdit: Thank you, u/DrWankalot. You made my day! ", "date": "2017-01-15 08:11:58", "seriesname": "g058_dcgdvpm", "file": "/media/jbrogan4/scratch2/Reddit_Prov_Dataset_v5/_This_cheery_opossum/g058_dcgdvpm.png", "URL": "http://i.imgur.com/UvAekoe.png", "fileid": "g058_dcgdvpm.png"}, {"id": "g058_dcgtb3d", "comment": "[Help!](http://i.imgur.com/S3HGEJ7.jpg)", "date": "2017-01-15 14:53:11", "seriesname": "g058_dcgtb3d", "file": "/media/jbrogan4/scratch2/Reddit_Prov_Dataset_v5/_This_cheery_opossum/g058_dcgtb3d.jpg", "URL": "http://i.imgur.com/S3HGEJ7.jpg", "fileid": "g058_dcgtb3d.jpg"}, {"id": "g058_dcgg44u", "comment": "[First Day On The Internet Possum](http://i.imgur.com/Jya8mZC.png)", "date": "2017-01-15 09:38:36", "seriesname": "g058_dcgg44u", "file": "/media/jbrogan4/scratch2/Reddit_Prov_Dataset_v5/_This_cheery_opossum/g058_dcgg44u.png", "URL": "http://i.imgur.com/Jya8mZC.png", "fileid": "g058_dcgg44u.png"}, {"id": "g058_dcgi1ot", "comment": "[The full image they don't want you to see](http://i.imgur.com/7L7l5qy.png)\n\n[Ah, they found a use for him! His name is Mike.](http://i.imgur.com/1pJSrEB.jpg)", "date": "2017-01-15 10:35:26", "seriesname": "g058_dcgi1ot", "file": "/media/jbrogan4/scratch2/Reddit_Prov_Dataset_v5/_This_cheery_opossum/g058_dcgi1ot.jpg", "URL": "http://i.imgur.com/1pJSrEB.jpg", "fileid": "g058_dcgi1ot.jpg"}, {"id": "g058_dcgjha0", "comment": "[Steve Holt!](http://i.imgur.com/E9yXzzu.jpg)", "date": "2017-01-15 11:13:22", "seriesname": "g058_dcgjha0", "file": "/media/jbrogan4/scratch2/Reddit_Prov_Dataset_v5/_This_cheery_opossum/g058_dcgjha0.jpg", "URL": "http://i.imgur.com/E9yXzzu.jpg", "fileid": "g058_dcgjha0.jpg"}, {"id": "g058_dch23e2", "comment": "It's what I thought of seeing this...  http://imgur.com/tFX1p94", "date": "2017-01-15 17:52:19", "seriesname": "g058_dch23e2", "file": "/media/jbrogan4/scratch2/Reddit_Prov_Dataset_v5/_This_cheery_opossum/g058_dch23e2.png", "URL": "http://i.imgur.com/tFX1p94.png", "fileid": "g058_dch23e2.png"}, {"id": "g058_dcgii5e", "comment": "[Eye of the Possum!](http://i.imgur.com/1wJhvMz.png)", "date": "2017-01-15 10:47:56", "seriesname": "g058_dcgii5e", "file": "/media/jbrogan4/scratch2/Reddit_Prov_Dataset_v5/_This_cheery_opossum/g058_dcgii5e.png", "URL": "http://i.imgur.com/1wJhvMz.png", "fileid": "g058_dcgii5e.png"}, {"id": "g058_dcgfnmo", "comment": "[I smell varmint](http://i.imgur.com/y9u7qYo.jpg)", "date": "2017-01-15 09:22:54", "seriesname": "g058_dcgfnmo", "file": "/media/jbrogan4/scratch2/Reddit_Prov_Dataset_v5/_This_cheery_opossum/g058_dcgfnmo.jpg", "URL": "http://i.imgur.com/y9u7qYo.jpg", "fileid": "g058_dcgfnmo.jpg"}, {"id": "g058_dcghecs", "comment": "[Congratulations on your weight loss!](http://i.imgur.com/wXVNPk1.jpg)", "date": "2017-01-15 10:18:01", "seriesname": "g058_dcghecs", "file": "/media/jbrogan4/scratch2/Reddit_Prov_Dataset_v5/_This_cheery_opossum/g058_dcghecs.jpg", "URL": "http://i.imgur.com/wXVNPk1.jpg", "fileid": "g058_dcghecs.jpg"}, {"id": "g058_dcgg0wl", "comment": "[Mr. Opossum supports the local scene] (http://i.imgur.com/Psx7Q9K.png)", "date": "2017-01-15 09:35:38", "seriesname": "g058_dcgg0wl", "file": "/media/jbrogan4/scratch2/Reddit_Prov_Dataset_v5/_This_cheery_opossum/g058_dcgg0wl.png", "URL": "http://i.imgur.com/Psx7Q9K.png", "fileid": "g058_dcgg0wl.png"}, {"id": "g058_dcgi9qv", "comment": "[We did it Reddit!](http://i.imgur.com/08HAgZr.png)", "date": "2017-01-15 10:41:35", "seriesname": "g058_dcgi9qv", "file": "/media/jbrogan4/scratch2/Reddit_Prov_Dataset_v5/_This_cheery_opossum/g058_dcgi9qv.png", "URL": "http://i.imgur.com/08HAgZr.png", "fileid": "g058_dcgi9qv.png"}, {"id": "g058_dchc1k7", "comment": "[Imgur](http://i.imgur.com/WpPIp4i.png) Tried my best.\n", "date": "2017-01-15 21:16:01", "seriesname": "g058_dchc1k7", "file": "/media/jbrogan4/scratch2/Reddit_Prov_Dataset_v5/_This_cheery_opossum/g058_dchc1k7.png", "URL": "http://i.imgur.com/WpPIp4i.png", "fileid": "g058_dchc1k7.png"}, {"id": "g058_dcgmxl1", "comment": "I tried \ud83d\ude02 http://m.imgur.com/IcTselk ", "date": "2017-01-15 12:34:14", "seriesname": "g058_dcgmxl1", "file": "/media/jbrogan4/scratch2/Reddit_Prov_Dataset_v5/_This_cheery_opossum/g058_dcgmxl1.png", "URL": "http://i.imgur.com/IcTselk.png", "fileid": "g058_dcgmxl1.png"}, {"id": "g058_dcgwnx5", "comment": "[The deleted, original ending to Rogue One](http://i.imgur.com/2hpzTXd.jpg)", "date": "2017-01-15 16:05:38", "seriesname": "g058_dcgwnx5", "file": "/media/jbrogan4/scratch2/Reddit_Prov_Dataset_v5/_This_cheery_opossum/g058_dcgwnx5.jpg", "URL": "http://i.imgur.com/2hpzTXd.jpg", "fileid": "g058_dcgwnx5.jpg"}, {"id": "g058_dcguc87", "comment": "[Welcome 2017!](http://i.imgur.com/kVUYb5w.jpg)", "date": "2017-01-15 15:15:19", "seriesname": "g058_dcguc87", "file": "/media/jbrogan4/scratch2/Reddit_Prov_Dataset_v5/_This_cheery_opossum/g058_dcguc87.jpg", "URL": "http://i.imgur.com/kVUYb5w.jpg", "fileid": "g058_dcguc87.jpg"}, {"id": "g058_dcgl2vb", "comment": "[Octopossum](http://i.imgur.com/boJA0a0.jpg)", "date": "2017-01-15 11:51:50", "seriesname": "g058_dcgl2vb", "file": "/media/jbrogan4/scratch2/Reddit_Prov_Dataset_v5/_This_cheery_opossum/g058_dcgl2vb.jpg", "URL": "http://i.imgur.com/boJA0a0.jpg", "fileid": "g058_dcgl2vb.jpg"}, {"id": "g058_dcglz0s", "comment": "[Oh, I'm terribly sorry. I... I didn't mean to intrude. No, no, please don't get up. No!](http://i.imgur.com/WxIP7aF.png)", "date": "2017-01-15 12:12:23", "seriesname": "g058_dcglz0s", "file": "/media/jbrogan4/scratch2/Reddit_Prov_Dataset_v5/_This_cheery_opossum/g058_dcglz0s.png", "URL": "http://i.imgur.com/WxIP7aF.png", "fileid": "g058_dcglz0s.png"}, {"id": "g058_dch1khd", "comment": "[Kazakhstanian Weightlifter](http://i.imgur.com/JfFC4Xz.png)", "date": "2017-01-15 17:42:59", "seriesname": "g058_dch1khd", "file": "/media/jbrogan4/scratch2/Reddit_Prov_Dataset_v5/_This_cheery_opossum/g058_dch1khd.png", "URL": "http://i.imgur.com/JfFC4Xz.png", "fileid": "g058_dch1khd.png"}, {"id": "g058_dcgi35k", "comment": "[Perpetuating the only possum stereotype I know](http://i.imgur.com/6MC6HJz.jpg)", "date": "2017-01-15 10:36:33", "seriesname": "g058_dcgi35k", "file": "/media/jbrogan4/scratch2/Reddit_Prov_Dataset_v5/_This_cheery_opossum/g058_dcgi35k.jpg", "URL": "http://i.imgur.com/6MC6HJz.jpg", "fileid": "g058_dcgi35k.jpg"}, {"id": "g058_dcgg4ne", "comment": "[Trump winning!](http://i.imgur.com/rjO9C1e.jpg)", "date": "2017-01-15 09:39:04", "seriesname": "g058_dcgg4ne", "file": "/media/jbrogan4/scratch2/Reddit_Prov_Dataset_v5/_This_cheery_opossum/g058_dcgg4ne.jpg", "URL": "http://i.imgur.com/rjO9C1e.jpg", "fileid": "g058_dcgg4ne.jpg"}, {"id": "g058_dcgnfgw", "comment": "No, [THIS](https://i.imgur.com/5eMBhRC.jpg) is!", "date": "2017-01-15 12:45:05", "seriesname": "g058_dcgnfgw", "file": "/media/jbrogan4/scratch2/Reddit_Prov_Dataset_v5/_This_cheery_opossum/g058_dcgnfgw.jpg", "URL": "https://i.imgur.com/5eMBhRC.jpg", "fileid": "g058_dcgnfgw.jpg"}, {"id": "g058_dcgh45b", "comment": "[Done.](http://i.imgur.com/qJfUAKi.jpg)", "date": "2017-01-15 10:09:49", "seriesname": "g058_dcgh45b", "file": "/media/jbrogan4/scratch2/Reddit_Prov_Dataset_v5/_This_cheery_opossum/g058_dcgh45b.jpg", "URL": "http://i.imgur.com/qJfUAKi.jpg", "fileid": "g058_dcgh45b.jpg"}, {"id": "g058_dcgvboo", "comment": "[HANDS UP!](http://i.imgur.com/msmmVfx.png)\n\nCouldn't find a higher quality background...", "date": "2017-01-15 15:36:48", "seriesname": "g058_dcgvboo", "file": "/media/jbrogan4/scratch2/Reddit_Prov_Dataset_v5/_This_cheery_opossum/g058_dcgvboo.png", "URL": "http://i.imgur.com/msmmVfx.png", "fileid": "g058_dcgvboo.png"}, {"id": "g058_dch69g1", "comment": "http://i.imgur.com/cknJxjg.jpg\n", "date": "2017-01-15 19:17:24", "seriesname": "g058_dch69g1", "file": "/media/jbrogan4/scratch2/Reddit_Prov_Dataset_v5/_This_cheery_opossum/g058_dch69g1.jpg", "URL": "http://i.imgur.com/cknJxjg.jpg", "fileid": "g058_dch69g1.jpg"}, {"id": "g058_dcghw3d", "comment": "Go ahead man, this is usually the part where I would link a higher quality version, but this is all I got https://i.imgur.com/5eMBhRC.jpg", "date": "2017-01-15 10:31:12", "seriesname": "g058_dcghw3d", "file": "/media/jbrogan4/scratch2/Reddit_Prov_Dataset_v5/_This_cheery_opossum/g058_dcghw3d.jpg", "URL": "https://i.imgur.com/5eMBhRC.jpg", "fileid": "g058_dcghw3d.jpg"}, {"id": "g058_dcgiz57", "comment": "[Steve Holt!](http://imgur.com/0VwYNqI)", "date": "2017-01-15 11:00:24", "seriesname": "g058_dcgiz57", "file": "/media/jbrogan4/scratch2/Reddit_Prov_Dataset_v5/_This_cheery_opossum/g058_dcgiz57.png", "URL": "http://i.imgur.com/0VwYNqI.png", "fileid": "g058_dcgiz57.png"}, {"id": "g058_dcicgkt", "comment": "http://i.imgur.com/v2CziWr.jpg", "date": "2017-01-16 14:49:14", "seriesname": "g058_dcicgkt", "file": "/media/jbrogan4/scratch2/Reddit_Prov_Dataset_v5/_This_cheery_opossum/g058_dcicgkt.jpg", "URL": "http://i.imgur.com/v2CziWr.jpg", "fileid": "g058_dcicgkt.jpg"}, {"id": "g058_dcgh87g", "comment": "[Do you even lift?](http://i.imgur.com/u3gW6VT.png)", "date": "2017-01-15 10:13:03", "seriesname": "g058_dcgh87g", "file": "/media/jbrogan4/scratch2/Reddit_Prov_Dataset_v5/_This_cheery_opossum/g058_dcgh87g.png", "URL": "http://i.imgur.com/u3gW6VT.png", "fileid": "g058_dcgh87g.png"}, {"id": "g058_dcgggwr", "comment": "[Memefied](http://i.imgur.com/EM7p0dP.png)", "date": "2017-01-15 09:50:11", "seriesname": "g058_dcgggwr", "file": "/media/jbrogan4/scratch2/Reddit_Prov_Dataset_v5/_This_cheery_opossum/g058_dcgggwr.png", "URL": "http://i.imgur.com/EM7p0dP.png", "fileid": "g058_dcgggwr.png"}, {"id": "g058_dcgsolv", "comment": "[the wall worked...](https://i.imgur.com/L40ID2g.jpg) ", "date": "2017-01-15 14:39:32", "seriesname": "g058_dcgsolv", "file": "/media/jbrogan4/scratch2/Reddit_Prov_Dataset_v5/_This_cheery_opossum/g058_dcgsolv.jpg", "URL": "https://i.imgur.com/L40ID2g.jpg", "fileid": "g058_dcgsolv.jpg"}, {"id": "g058_dcgxtmu", "comment": "[Return of Possum](http://i.imgur.com/49cXCbQ.jpg)", "date": "2017-01-15 16:30:33", "seriesname": "g058_dcgxtmu", "file": "/media/jbrogan4/scratch2/Reddit_Prov_Dataset_v5/_This_cheery_opossum/g058_dcgxtmu.jpg", "URL": "http://i.imgur.com/49cXCbQ.jpg", "fileid": "g058_dcgxtmu.jpg"}, {"id": "g058_dcggt4i", "comment": "[The king](http://i.imgur.com/Lsb3b0E.jpg)", "date": "2017-01-15 10:00:47", "seriesname": "g058_dcggt4i", "file": "/media/jbrogan4/scratch2/Reddit_Prov_Dataset_v5/_This_cheery_opossum/g058_dcggt4i.jpg", "URL": "http://i.imgur.com/Lsb3b0E.jpg", "fileid": "g058_dcggt4i.jpg"}, {"id": "g058_dcgghm3", "comment": "[opodzilla](http://i.imgur.com/wqu5len.jpg)", "date": "2017-01-15 09:50:49", "seriesname": "g058_dcgghm3", "file": "/media/jbrogan4/scratch2/Reddit_Prov_Dataset_v5/_This_cheery_opossum/g058_dcgghm3.jpg", "URL": "http://i.imgur.com/wqu5len.jpg", "fileid": "g058_dcgghm3.jpg"}, {"id": "g058_dcgfu21", "comment": "[Playing Dead\\(pool\\)](http://i.imgur.com/tdEsBXK.jpg)\n\n*[Creation gif](http://i.imgur.com/OoWb4w3.gifv)*", "date": "2017-01-15 09:29:10", "seriesname": "g058_dcgfu21", "file": "/media/jbrogan4/scratch2/Reddit_Prov_Dataset_v5/_This_cheery_opossum/g058_dcgfu21.jpg", "URL": "http://i.imgur.com/tdEsBXK.jpg", "fileid": "g058_dcgfu21.jpg"}, {"id": "g058_dcgfzy0", "comment": "[**NINTENDO 64!!! OH MY GAAAAWDD!!1!**](http://i.imgur.com/a5xLwvb.jpg)", "date": "2017-01-15 09:34:43", "seriesname": "g058_dcgfzy0", "file": "/media/jbrogan4/scratch2/Reddit_Prov_Dataset_v5/_This_cheery_opossum/g058_dcgfzy0.jpg", "URL": "http://i.imgur.com/a5xLwvb.jpg", "fileid": "g058_dcgfzy0.jpg"}, {"id": "g058_dcgk4kb", "comment": "http://imgur.com/edkvBWf\n\nIt would be great if a good photoshop artist could make the eyes look hollow like they were ripped out.", "date": "2017-01-15 11:29:23", "seriesname": "g058_dcgk4kb", "file": "/media/jbrogan4/scratch2/Reddit_Prov_Dataset_v5/_This_cheery_opossum/g058_dcgk4kb.png", "URL": "http://i.imgur.com/edkvBWf.png", "fileid": "g058_dcgk4kb.png"}, {"id": "g058_dcgm27n", "comment": "[Personally, I'm pretty Oppositive about the situation.](https://imgur.com/Dz90svt)", "date": "2017-01-15 12:14:29", "seriesname": "g058_dcgm27n", "file": "/media/jbrogan4/scratch2/Reddit_Prov_Dataset_v5/_This_cheery_opossum/g058_dcgm27n.png", "URL": "http://i.imgur.com/Dz90svt.png", "fileid": "g058_dcgm27n.png"}, {"id": "g058_dcghhlt", "comment": "[Another one](http://i.imgur.com/z1BHfdK.png)", "date": "2017-01-15 10:20:34", "seriesname": "g058_dcghhlt", "file": "/media/jbrogan4/scratch2/Reddit_Prov_Dataset_v5/_This_cheery_opossum/g058_dcghhlt.png", "URL": "http://i.imgur.com/z1BHfdK.png", "fileid": "g058_dcghhlt.png"}, {"id": "g058_dcggc4d", "comment": "[Real Monsters](http://i.imgur.com/l843r21.jpg)\n\nEdit:  Thanks unknown philanthropic stranger!", "date": "2017-01-15 09:45:52", "seriesname": "g058_dcggc4d", "file": "/media/jbrogan4/scratch2/Reddit_Prov_Dataset_v5/_This_cheery_opossum/g058_dcggc4d.jpg", "URL": "http://i.imgur.com/l843r21.jpg", "fileid": "g058_dcggc4d.jpg"}, {"id": "g058_dcggbwk", "comment": "[Pow pow](http://i.imgur.com/0UWQMJI.jpg)\n\nEdit: [This is war](http://i.imgur.com/TdwgyFK.jpg)", "date": "2017-01-15 09:45:39", "seriesname": "g058_dcggbwk", "file": "/media/jbrogan4/scratch2/Reddit_Prov_Dataset_v5/_This_cheery_opossum/g058_dcggbwk.jpg", "URL": "http://i.imgur.com/TdwgyFK.jpg", "fileid": "g058_dcggbwk.jpg"}, {"id": "g058_dcgizhd", "comment": "[Wheeeeeeeee!](http://i.imgur.com/otg7v1q.jpg)\nu/StrongBow_ needed this in their life.", "date": "2017-01-15 11:00:38", "seriesname": "g058_dcgizhd", "file": "/media/jbrogan4/scratch2/Reddit_Prov_Dataset_v5/_This_cheery_opossum/g058_dcgizhd.jpg", "URL": "http://i.imgur.com/otg7v1q.jpg", "fileid": "g058_dcgizhd.jpg"}, {"id": "g058_dcgirq6", "comment": "[say anything](http://imgur.com/KwinrRu)", "date": "2017-01-15 10:54:56", "seriesname": "g058_dcgirq6", "file": "/media/jbrogan4/scratch2/Reddit_Prov_Dataset_v5/_This_cheery_opossum/g058_dcgirq6.png", "URL": "http://i.imgur.com/KwinrRu.png", "fileid": "g058_dcgirq6.png"}, {"id": "g058_dcgkxog", "comment": "[Like this?](http://i.imgur.com/UjPi7QL.jpg)", "date": "2017-01-15 11:48:36", "seriesname": "g058_dcgkxog", "file": "/media/jbrogan4/scratch2/Reddit_Prov_Dataset_v5/_This_cheery_opossum/g058_dcgkxog.jpg", "URL": "http://i.imgur.com/UjPi7QL.jpg", "fileid": "g058_dcgkxog.jpg"}, {"id": "g058_dcgjhpl", "comment": "[O'possum, I got a feeling your whole family is going down...](http://i.imgur.com/fAssZrd.jpg)", "date": "2017-01-15 11:13:40", "seriesname": "g058_dcgjhpl", "file": "/media/jbrogan4/scratch2/Reddit_Prov_Dataset_v5/_This_cheery_opossum/g058_dcgjhpl.jpg", "URL": "http://i.imgur.com/fAssZrd.jpg", "fileid": "g058_dcgjhpl.jpg"}, {"id": "g058_dcgkwgj", "comment": "[There's no need to feel down... ](http://i.imgur.com/9O4Qjeq.jpg)", "date": "2017-01-15 11:47:50", "seriesname": "g058_dcgkwgj", "file": "/media/jbrogan4/scratch2/Reddit_Prov_Dataset_v5/_This_cheery_opossum/g058_dcgkwgj.jpg", "URL": "http://i.imgur.com/9O4Qjeq.jpg", "fileid": "g058_dcgkwgj.jpg"}, {"id": "g058_dcgnsrd", "comment": "1. Add some filters to match the possum's fur to Bob's hair color.\n2. With a soft (blurry) eraser, erase some of the possum, like so: http://i.imgur.com/SKJD753.png\n\nIf the color matches, it will just blend in.", "date": "2017-01-15 12:53:05", "seriesname": "g058_dcgnsrd", "file": "/media/jbrogan4/scratch2/Reddit_Prov_Dataset_v5/_This_cheery_opossum/g058_dcgnsrd.png", "URL": "http://i.imgur.com/SKJD753.png", "fileid": "g058_dcgnsrd.png"}, {"id": "g058_dch1ign", "comment": "Snake after way to many surgeries...\n\nhttp://i.imgur.com/vWSW2Zb.jpg", "date": "2017-01-15 17:41:57", "seriesname": "g058_dch1ign", "file": "/media/jbrogan4/scratch2/Reddit_Prov_Dataset_v5/_This_cheery_opossum/g058_dch1ign.jpg", "URL": "http://i.imgur.com/vWSW2Zb.jpg", "fileid": "g058_dch1ign.jpg"}, {"id": "g058_dcgu8le", "comment": "[ewokpossum](http://i.imgur.com/mH6OGpE.png)", "date": "2017-01-15 15:13:10", "seriesname": "g058_dcgu8le", "file": "/media/jbrogan4/scratch2/Reddit_Prov_Dataset_v5/_This_cheery_opossum/g058_dcgu8le.png", "URL": "http://i.imgur.com/mH6OGpE.png", "fileid": "g058_dcgu8le.png"}, {"id": "g058_dch32ad", "comment": "[\"Elaine! Elaine!\"](https://pbs.twimg.com/media/C2P13IjW8AAwp2j.jpg:large) - The Graduate (1967)", "date": "2017-01-15 18:11:09", "seriesname": "g058_dch32ad", "file": "/media/jbrogan4/scratch2/Reddit_Prov_Dataset_v5/_This_cheery_opossum/g058_dch32ad.jpg", "URL": "https://pbs.twimg.com/media/C2P13IjW8AAwp2j.jpg:large", "fileid": "g058_dch32ad.jpg:large"}, {"id": "g058_root", "comment": "", "date": "2017-01-15 07:10:04", "seriesname": "g058_root", "file": "/media/jbrogan4/scratch2/Reddit_Prov_Dataset_v5/_This_cheery_opossum/g058_root.jpg", "URL": "https://i.redd.it/yx68vdo5av9y.jpg", "fileid": "g058_root.jpg"}, {"id": "g058_dcgwug9", "comment": "Here is my first ever quick job in this subreddit. Hi.  \nLittle guy bursting from the mountain and wildlife is scared, all running to safety.  \n^http://i.imgur.com/zQfKexF.jpg", "date": "2017-01-15 16:09:39", "seriesname": "g058_dcgwug9", "file": "/media/jbrogan4/scratch2/Reddit_Prov_Dataset_v5/_This_cheery_opossum/g058_dcgwug9.jpg", "URL": "http://i.imgur.com/zQfKexF.jpg", "fileid": "g058_dcgwug9.jpg"}, {"id": "g058_dcgp97u", "comment": "[aerography](http://i.imgur.com/XDgIhX8.jpg)", "date": "2017-01-15 13:24:04", "seriesname": "g058_dcgp97u", "file": "/media/jbrogan4/scratch2/Reddit_Prov_Dataset_v5/_This_cheery_opossum/g058_dcgp97u.jpg", "URL": "http://i.imgur.com/XDgIhX8.jpg", "fileid": "g058_dcgp97u.jpg"}], "graph": {"name": "g058_root"}, "directed": true}