{"links": [{"op": "none", "target": 0, "source": 55}, {"op": "none", "target": 1, "source": 43}, {"op": "none", "target": 2, "source": 55}, {"op": "none", "target": 3, "source": 55}, {"op": "none", "target": 4, "source": 55}, {"op": "none", "target": 5, "source": 55}, {"op": "none", "target": 6, "source": 55}, {"op": "none", "target": 7, "source": 55}, {"op": "none", "target": 8, "source": 55}, {"op": "none", "target": 9, "source": 55}, {"op": "none", "target": 10, "source": 55}, {"op": "none", "target": 11, "source": 55}, {"op": "none", "target": 12, "source": 55}, {"op": "none", "target": 13, "source": 51}, {"op": "none", "target": 14, "source": 55}, {"op": "none", "target": 15, "source": 55}, {"op": "none", "target": 16, "source": 55}, {"op": "none", "target": 17, "source": 55}, {"op": "none", "target": 18, "source": 55}, {"op": "none", "target": 19, "source": 55}, {"op": "none", "target": 20, "source": 55}, {"op": "none", "target": 21, "source": 55}, {"op": "none", "target": 22, "source": 55}, {"op": "none", "target": 23, "source": 55}, {"op": "none", "target": 24, "source": 55}, {"op": "none", "target": 25, "source": 55}, {"op": "none", "target": 26, "source": 55}, {"op": "none", "target": 27, "source": 55}, {"op": "none", "target": 28, "source": 55}, {"op": "none", "target": 29, "source": 57}, {"op": "none", "target": 30, "source": 55}, {"op": "none", "target": 31, "source": 55}, {"op": "none", "target": 32, "source": 55}, {"op": "none", "target": 33, "source": 55}, {"op": "none", "target": 34, "source": 55}, {"op": "none", "target": 35, "source": 55}, {"op": "none", "target": 36, "source": 65}, {"op": "none", "target": 37, "source": 55}, {"op": "none", "target": 38, "source": 55}, {"op": "none", "target": 39, "source": 55}, {"op": "none", "target": 40, "source": 55}, {"op": "none", "target": 41, "source": 55}, {"op": "none", "target": 42, "source": 55}, {"op": "none", "target": 43, "source": 55}, {"op": "none", "target": 44, "source": 55}, {"op": "none", "target": 45, "source": 55}, {"op": "none", "target": 46, "source": 55}, {"op": "none", "target": 47, "source": 55}, {"op": "none", "target": 48, "source": 55}, {"op": "none", "target": 49, "source": 55}, {"op": "none", "target": 50, "source": 55}, {"op": "none", "target": 51, "source": 55}, {"op": "none", "target": 52, "source": 43}, {"op": "none", "target": 53, "source": 66}, {"op": "none", "target": 54, "source": 55}, {"op": "none", "target": 56, "source": 55}, {"op": "none", "target": 57, "source": 55}, {"op": "none", "target": 58, "source": 55}, {"op": "none", "target": 59, "source": 55}, {"op": "none", "target": 60, "source": 55}, {"op": "none", "target": 61, "source": 55}, {"op": "none", "target": 62, "source": 55}, {"op": "none", "target": 63, "source": 55}, {"op": "none", "target": 64, "source": 55}, {"op": "none", "target": 65, "source": 55}, {"op": "none", "target": 66, "source": 55}, {"op": "none", "target": 67, "source": 55}, {"op": "none", "target": 68, "source": 55}], "title": "_This_man_dancing_at_a_wedding_(x-post_from__r_pics)", "nodes": [{"id": "g097_dclew8l", "comment": "[He wants to break free too.](http://i.imgur.com/xlgjP0u.jpg)", "date": "2017-01-18 13:58:16", "seriesname": "g097_dclew8l", "file": "/media/jbrogan4/scratch2/Reddit_Prov_Dataset_v5/_This_man_dancing_at_a_wedding_(x-post_from__r_pics)/g097_dclew8l.jpg", "URL": "http://i.imgur.com/xlgjP0u.jpg", "fileid": "g097_dclew8l.jpg"}, {"id": "g097_dcl6lfu", "comment": "[He likes rockets as well](http://i.imgur.com/5ae9YmH.jpg)", "date": "2017-01-18 11:22:41", "seriesname": "g097_dcl6lfu", "file": "/media/jbrogan4/scratch2/Reddit_Prov_Dataset_v5/_This_man_dancing_at_a_wedding_(x-post_from__r_pics)/g097_dcl6lfu.jpg", "URL": "http://i.imgur.com/5ae9YmH.jpg", "fileid": "g097_dcl6lfu.jpg"}, {"id": "g097_dcmdipd", "comment": "Pizza Party Man!\nhttp://i.imgur.com/4zEQ5P4.jpg", "date": "2017-01-19 03:07:21", "seriesname": "g097_dcmdipd", "file": "/media/jbrogan4/scratch2/Reddit_Prov_Dataset_v5/_This_man_dancing_at_a_wedding_(x-post_from__r_pics)/g097_dcmdipd.jpg", "URL": "http://i.imgur.com/4zEQ5P4.jpg", "fileid": "g097_dcmdipd.jpg"}, {"id": "g097_dclf5bc", "comment": "[You could call it \"I got punched in the nose for sticking my face in other people's business\"](http://i.imgur.com/8dd2ThX.jpg)", "date": "2017-01-18 14:02:46", "seriesname": "g097_dclf5bc", "file": "/media/jbrogan4/scratch2/Reddit_Prov_Dataset_v5/_This_man_dancing_at_a_wedding_(x-post_from__r_pics)/g097_dclf5bc.jpg", "URL": "http://i.imgur.com/8dd2ThX.jpg", "fileid": "g097_dclf5bc.jpg"}, {"id": "g097_dclaufw", "comment": "[Edgar? MIB? ](http://i.imgur.com/nGvH023.jpg)", "date": "2017-01-18 12:43:55", "seriesname": "g097_dclaufw", "file": "/media/jbrogan4/scratch2/Reddit_Prov_Dataset_v5/_This_man_dancing_at_a_wedding_(x-post_from__r_pics)/g097_dclaufw.jpg", "URL": "http://i.imgur.com/nGvH023.jpg", "fileid": "g097_dclaufw.jpg"}, {"id": "g097_dcl53y7", "comment": "[Partycus](http://i.imgur.com/EqZtryy.jpg)", "date": "2017-01-18 10:52:53", "seriesname": "g097_dcl53y7", "file": "/media/jbrogan4/scratch2/Reddit_Prov_Dataset_v5/_This_man_dancing_at_a_wedding_(x-post_from__r_pics)/g097_dcl53y7.jpg", "URL": "http://i.imgur.com/EqZtryy.jpg", "fileid": "g097_dcl53y7.jpg"}, {"id": "g097_dclhzqt", "comment": "[Damn Looters!](http://i.imgur.com/V2c7uIo.jpg)", "date": "2017-01-18 14:54:30", "seriesname": "g097_dclhzqt", "file": "/media/jbrogan4/scratch2/Reddit_Prov_Dataset_v5/_This_man_dancing_at_a_wedding_(x-post_from__r_pics)/g097_dclhzqt.jpg", "URL": "http://i.imgur.com/V2c7uIo.jpg", "fileid": "g097_dclhzqt.jpg"}, {"id": "g097_dclhz13", "comment": " [circa. 1939](http://i.imgur.com/jCM0x3O.jpg)", "date": "2017-01-18 14:54:08", "seriesname": "g097_dclhz13", "file": "/media/jbrogan4/scratch2/Reddit_Prov_Dataset_v5/_This_man_dancing_at_a_wedding_(x-post_from__r_pics)/g097_dclhz13.jpg", "URL": "http://i.imgur.com/jCM0x3O.jpg", "fileid": "g097_dclhz13.jpg"}, {"id": "g097_dclgbps", "comment": "[LEMONADE MUHFUKER](http://i.imgur.com/Kigg0nSh.jpg)", "date": "2017-01-18 14:24:10", "seriesname": "g097_dclgbps", "file": "/media/jbrogan4/scratch2/Reddit_Prov_Dataset_v5/_This_man_dancing_at_a_wedding_(x-post_from__r_pics)/g097_dclgbps.jpg", "URL": "http://i.imgur.com/Kigg0nSh.jpg", "fileid": "g097_dclgbps.jpg"}, {"id": "g097_dcl765f", "comment": "[Mario still looks weird next to 'real people'](http://i.imgur.com/lYFCB3C.jpg)", "date": "2017-01-18 11:33:55", "seriesname": "g097_dcl765f", "file": "/media/jbrogan4/scratch2/Reddit_Prov_Dataset_v5/_This_man_dancing_at_a_wedding_(x-post_from__r_pics)/g097_dcl765f.jpg", "URL": "http://i.imgur.com/lYFCB3C.jpg", "fileid": "g097_dcl765f.jpg"}, {"id": "g097_dclk1gw", "comment": "[dude easy win!!](http://i.imgur.com/w8wxTI6.png)\n", "date": "2017-01-18 15:31:37", "seriesname": "g097_dclk1gw", "file": "/media/jbrogan4/scratch2/Reddit_Prov_Dataset_v5/_This_man_dancing_at_a_wedding_(x-post_from__r_pics)/g097_dclk1gw.png", "URL": "http://i.imgur.com/w8wxTI6.png", "fileid": "g097_dclk1gw.png"}, {"id": "g097_dclggtu", "comment": "[Lord of the Dance](http://i.imgur.com/MabNqTPh.jpg)", "date": "2017-01-18 14:26:45", "seriesname": "g097_dclggtu", "file": "/media/jbrogan4/scratch2/Reddit_Prov_Dataset_v5/_This_man_dancing_at_a_wedding_(x-post_from__r_pics)/g097_dclggtu.jpg", "URL": "http://i.imgur.com/MabNqTPh.jpg", "fileid": "g097_dclggtu.jpg"}, {"id": "g097_dclbd4j", "comment": "[It's great for parties!](http://i.imgur.com/u7xnwHD.jpg)", "date": "2017-01-18 12:53:36", "seriesname": "g097_dclbd4j", "file": "/media/jbrogan4/scratch2/Reddit_Prov_Dataset_v5/_This_man_dancing_at_a_wedding_(x-post_from__r_pics)/g097_dclbd4j.jpg", "URL": "http://i.imgur.com/u7xnwHD.jpg", "fileid": "g097_dclbd4j.jpg"}, {"id": "g097_dclon49", "comment": "&gt;  Hurts Donuts\n\n[Like this?](https://i.imgur.com/p2bBekM.jpg)", "date": "2017-01-18 16:55:33", "seriesname": "g097_dclon49", "file": "/media/jbrogan4/scratch2/Reddit_Prov_Dataset_v5/_This_man_dancing_at_a_wedding_(x-post_from__r_pics)/g097_dclon49.jpg", "URL": "https://i.imgur.com/p2bBekM.jpg", "fileid": "g097_dclon49.jpg"}, {"id": "g097_dcl75al", "comment": "[Equal Opportunity Grabber](http://i.imgur.com/wc20Kr4.png)", "date": "2017-01-18 11:33:27", "seriesname": "g097_dcl75al", "file": "/media/jbrogan4/scratch2/Reddit_Prov_Dataset_v5/_This_man_dancing_at_a_wedding_(x-post_from__r_pics)/g097_dcl75al.png", "URL": "http://i.imgur.com/wc20Kr4.png", "fileid": "g097_dcl75al.png"}, {"id": "g097_dcltm3o", "comment": "[He's really not ready for this kind of experience](http://i.imgur.com/3DQ9WJI.png)", "date": "2017-01-18 18:34:54", "seriesname": "g097_dcltm3o", "file": "/media/jbrogan4/scratch2/Reddit_Prov_Dataset_v5/_This_man_dancing_at_a_wedding_(x-post_from__r_pics)/g097_dcltm3o.png", "URL": "http://i.imgur.com/3DQ9WJI.png", "fileid": "g097_dcltm3o.png"}, {"id": "g097_dclc5uw", "comment": "http://i.imgur.com/O0l7nrJ.jpg The Cross", "date": "2017-01-18 13:08:21", "seriesname": "g097_dclc5uw", "file": "/media/jbrogan4/scratch2/Reddit_Prov_Dataset_v5/_This_man_dancing_at_a_wedding_(x-post_from__r_pics)/g097_dclc5uw.jpg", "URL": "http://i.imgur.com/O0l7nrJ.jpg", "fileid": "g097_dclc5uw.jpg"}, {"id": "g097_dcl5hs2", "comment": "[Pulp Fiction](http://i.imgur.com/xv0uFOr.jpg)", "date": "2017-01-18 11:00:41", "seriesname": "g097_dcl5hs2", "file": "/media/jbrogan4/scratch2/Reddit_Prov_Dataset_v5/_This_man_dancing_at_a_wedding_(x-post_from__r_pics)/g097_dcl5hs2.jpg", "URL": "http://i.imgur.com/xv0uFOr.jpg", "fileid": "g097_dcl5hs2.jpg"}, {"id": "g097_dcl534g", "comment": "[Not sure what I was thinking](http://i.imgur.com/Pzpa08v.jpg)", "date": "2017-01-18 10:52:26", "seriesname": "g097_dcl534g", "file": "/media/jbrogan4/scratch2/Reddit_Prov_Dataset_v5/_This_man_dancing_at_a_wedding_(x-post_from__r_pics)/g097_dcl534g.jpg", "URL": "http://i.imgur.com/Pzpa08v.jpg", "fileid": "g097_dcl534g.jpg"}, {"id": "g097_dclbnez", "comment": "I have no idea why but [this...](http://i.imgur.com/stGJM8x.png)", "date": "2017-01-18 12:58:53", "seriesname": "g097_dclbnez", "file": "/media/jbrogan4/scratch2/Reddit_Prov_Dataset_v5/_This_man_dancing_at_a_wedding_(x-post_from__r_pics)/g097_dclbnez.png", "URL": "http://i.imgur.com/stGJM8x.png", "fileid": "g097_dclbnez.png"}, {"id": "g097_dcl3t3d", "comment": "[Best position in football.](http://imgur.com/EJKGYGn)", "date": "2017-01-18 10:25:42", "seriesname": "g097_dcl3t3d", "file": "/media/jbrogan4/scratch2/Reddit_Prov_Dataset_v5/_This_man_dancing_at_a_wedding_(x-post_from__r_pics)/g097_dcl3t3d.png", "URL": "http://i.imgur.com/EJKGYGn.png", "fileid": "g097_dcl3t3d.png"}, {"id": "g097_dcm4knd", "comment": "http://imgur.com/y2J2gGL  -  la la land uncut ", "date": "2017-01-18 22:37:40", "seriesname": "g097_dcm4knd", "file": "/media/jbrogan4/scratch2/Reddit_Prov_Dataset_v5/_This_man_dancing_at_a_wedding_(x-post_from__r_pics)/g097_dcm4knd.png", "URL": "http://i.imgur.com/y2J2gGL.png", "fileid": "g097_dcm4knd.png"}, {"id": "g097_dcl6j6r", "comment": "I FOUND MY FAVORITE FIGURINE!!!\n\nhttps://i.imgur.com/Kti9UTA.jpg", "date": "2017-01-18 11:21:28", "seriesname": "g097_dcl6j6r", "file": "/media/jbrogan4/scratch2/Reddit_Prov_Dataset_v5/_This_man_dancing_at_a_wedding_(x-post_from__r_pics)/g097_dcl6j6r.jpg", "URL": "https://i.imgur.com/Kti9UTA.jpg", "fileid": "g097_dcl6j6r.jpg"}, {"id": "g097_dclc8v2", "comment": "http://i.imgur.com/harPQP5.jpg", "date": "2017-01-18 13:09:55", "seriesname": "g097_dclc8v2", "file": "/media/jbrogan4/scratch2/Reddit_Prov_Dataset_v5/_This_man_dancing_at_a_wedding_(x-post_from__r_pics)/g097_dclc8v2.jpg", "URL": "http://i.imgur.com/harPQP5.jpg", "fileid": "g097_dclc8v2.jpg"}, {"id": "g097_dcliw1k", "comment": "[Packers Field Goal](http://imgur.com/2UF4nvG)", "date": "2017-01-18 15:10:42", "seriesname": "g097_dcliw1k", "file": "/media/jbrogan4/scratch2/Reddit_Prov_Dataset_v5/_This_man_dancing_at_a_wedding_(x-post_from__r_pics)/g097_dcliw1k.png", "URL": "http://i.imgur.com/2UF4nvG.png", "fileid": "g097_dcliw1k.png"}, {"id": "g097_dcl9nys", "comment": "[The faces just matched.](http://i.imgur.com/9aanJNj.png) ", "date": "2017-01-18 12:21:47", "seriesname": "g097_dcl9nys", "file": "/media/jbrogan4/scratch2/Reddit_Prov_Dataset_v5/_This_man_dancing_at_a_wedding_(x-post_from__r_pics)/g097_dcl9nys.png", "URL": "http://i.imgur.com/9aanJNj.png", "fileid": "g097_dcl9nys.png"}, {"id": "g097_dcm7jkt", "comment": "[If you lose your beer or fail to follow commands, you will be subject to immediate de-resolution.](http://i.imgur.com/F1fMw9i.png)   ", "date": "2017-01-18 23:49:37", "seriesname": "g097_dcm7jkt", "file": "/media/jbrogan4/scratch2/Reddit_Prov_Dataset_v5/_This_man_dancing_at_a_wedding_(x-post_from__r_pics)/g097_dcm7jkt.png", "URL": "http://i.imgur.com/F1fMw9i.png", "fileid": "g097_dcm7jkt.png"}, {"id": "g097_dcl70tu", "comment": "[King of the Party.](http://i.imgur.com/1tFaHFq.jpg)", "date": "2017-01-18 11:31:04", "seriesname": "g097_dcl70tu", "file": "/media/jbrogan4/scratch2/Reddit_Prov_Dataset_v5/_This_man_dancing_at_a_wedding_(x-post_from__r_pics)/g097_dcl70tu.jpg", "URL": "http://i.imgur.com/1tFaHFq.jpg", "fileid": "g097_dcl70tu.jpg"}, {"id": "g097_dclgmwr", "comment": "[The time of my life](http://i.imgur.com/WzG9xKBh.jpg)", "date": "2017-01-18 14:29:51", "seriesname": "g097_dclgmwr", "file": "/media/jbrogan4/scratch2/Reddit_Prov_Dataset_v5/_This_man_dancing_at_a_wedding_(x-post_from__r_pics)/g097_dclgmwr.jpg", "URL": "http://i.imgur.com/WzG9xKBh.jpg", "fileid": "g097_dclgmwr.jpg"}, {"id": "g097_dclyo1a", "comment": "[New home screen](http://i.imgur.com/svsKK15.png)", "date": "2017-01-18 20:24:43", "seriesname": "g097_dclyo1a", "file": "/media/jbrogan4/scratch2/Reddit_Prov_Dataset_v5/_This_man_dancing_at_a_wedding_(x-post_from__r_pics)/g097_dclyo1a.png", "URL": "http://i.imgur.com/svsKK15.png", "fileid": "g097_dclyo1a.png"}, {"id": "g097_dcl5cot", "comment": "[The Rave Crave!](http://imgur.com/Vq31o8C)", "date": "2017-01-18 10:57:49", "seriesname": "g097_dcl5cot", "file": "/media/jbrogan4/scratch2/Reddit_Prov_Dataset_v5/_This_man_dancing_at_a_wedding_(x-post_from__r_pics)/g097_dcl5cot.png", "URL": "http://i.imgur.com/Vq31o8C.png", "fileid": "g097_dcl5cot.png"}, {"id": "g097_dclbhsw", "comment": "http://i.imgur.com/7Sebw8X.jpg", "date": "2017-01-18 12:56:00", "seriesname": "g097_dclbhsw", "file": "/media/jbrogan4/scratch2/Reddit_Prov_Dataset_v5/_This_man_dancing_at_a_wedding_(x-post_from__r_pics)/g097_dclbhsw.jpg", "URL": "http://i.imgur.com/7Sebw8X.jpg", "fileid": "g097_dclbhsw.jpg"}, {"id": "g097_dcl89qd", "comment": "http://i.imgur.com/JHOUtSx.jpg", "date": "2017-01-18 11:55:10", "seriesname": "g097_dcl89qd", "file": "/media/jbrogan4/scratch2/Reddit_Prov_Dataset_v5/_This_man_dancing_at_a_wedding_(x-post_from__r_pics)/g097_dcl89qd.jpg", "URL": "http://i.imgur.com/JHOUtSx.jpg", "fileid": "g097_dcl89qd.jpg"}, {"id": "g097_dclbjjq", "comment": "Chad. \n\nhttp://imgur.com/gCp050U", "date": "2017-01-18 12:56:54", "seriesname": "g097_dclbjjq", "file": "/media/jbrogan4/scratch2/Reddit_Prov_Dataset_v5/_This_man_dancing_at_a_wedding_(x-post_from__r_pics)/g097_dclbjjq.png", "URL": "http://i.imgur.com/gCp050U.png", "fileid": "g097_dclbjjq.png"}, {"id": "g097_dcl2us6", "comment": "[Alternate universe](http://i.imgur.com/Ps32tZe.jpg)\n\nEdit: Someone just pointed out to me that the showroom is called \"Crashed car showroom.\" I didn't realise when I was making it. Looked them up and found this [video](https://www.youtube.com/watch?v=oHT8pMoro1I)", "date": "2017-01-18 10:04:21", "seriesname": "g097_dcl2us6", "file": "/media/jbrogan4/scratch2/Reddit_Prov_Dataset_v5/_This_man_dancing_at_a_wedding_(x-post_from__r_pics)/g097_dcl2us6.jpg", "URL": "http://i.imgur.com/Ps32tZe.jpg", "fileid": "g097_dcl2us6.jpg"}, {"id": "g097_dcle7fh", "comment": "http://i.imgur.com/9MX2ZZi.jpg", "date": "2017-01-18 13:45:50", "seriesname": "g097_dcle7fh", "file": "/media/jbrogan4/scratch2/Reddit_Prov_Dataset_v5/_This_man_dancing_at_a_wedding_(x-post_from__r_pics)/g097_dcle7fh.jpg", "URL": "http://i.imgur.com/9MX2ZZi.jpg", "fileid": "g097_dcle7fh.jpg"}, {"id": "g097_dcli7cy", "comment": "&gt;[moments later...](http://imgur.com/alLeU3x) \n\nBy chance, do you know of any tuts on how to do this or maybe give me names of the techniques you used so I can google it?", "date": "2017-01-18 14:58:20", "seriesname": "g097_dcli7cy", "file": "/media/jbrogan4/scratch2/Reddit_Prov_Dataset_v5/_This_man_dancing_at_a_wedding_(x-post_from__r_pics)/g097_dcli7cy.png", "URL": "http://i.imgur.com/alLeU3x.png", "fileid": "g097_dcli7cy.png"}, {"id": "g097_dcl46kv", "comment": "[sing your heart out](http://i.imgur.com/VkQxqOk.jpg)", "date": "2017-01-18 10:33:43", "seriesname": "g097_dcl46kv", "file": "/media/jbrogan4/scratch2/Reddit_Prov_Dataset_v5/_This_man_dancing_at_a_wedding_(x-post_from__r_pics)/g097_dcl46kv.jpg", "URL": "http://i.imgur.com/VkQxqOk.jpg", "fileid": "g097_dcl46kv.jpg"}, {"id": "g097_dcl4gcd", "comment": "A hero is born! http://i.imgur.com/e6MMbOR.jpg", "date": "2017-01-18 10:39:23", "seriesname": "g097_dcl4gcd", "file": "/media/jbrogan4/scratch2/Reddit_Prov_Dataset_v5/_This_man_dancing_at_a_wedding_(x-post_from__r_pics)/g097_dcl4gcd.jpg", "URL": "http://i.imgur.com/e6MMbOR.jpg", "fileid": "g097_dcl4gcd.jpg"}, {"id": "g097_dcl675y", "comment": "[Wigga 2017](http://imgur.com/clEr1dm)", "date": "2017-01-18 11:14:57", "seriesname": "g097_dcl675y", "file": "/media/jbrogan4/scratch2/Reddit_Prov_Dataset_v5/_This_man_dancing_at_a_wedding_(x-post_from__r_pics)/g097_dcl675y.png", "URL": "http://i.imgur.com/clEr1dm.png", "fileid": "g097_dcl675y.png"}, {"id": "g097_dclge1e", "comment": "[Dances With Africans](http://i.imgur.com/6SgWdqmh.jpg)", "date": "2017-01-18 14:25:20", "seriesname": "g097_dclge1e", "file": "/media/jbrogan4/scratch2/Reddit_Prov_Dataset_v5/_This_man_dancing_at_a_wedding_(x-post_from__r_pics)/g097_dclge1e.jpg", "URL": "http://i.imgur.com/6SgWdqmh.jpg", "fileid": "g097_dclge1e.jpg"}, {"id": "g097_dclna5w", "comment": "I'm at work, no time to check and see if someone puts these 2 together but here it is. Apologies if it's been done http://imgur.com/Ch99yB8", "date": "2017-01-18 16:30:30", "seriesname": "g097_dclna5w", "file": "/media/jbrogan4/scratch2/Reddit_Prov_Dataset_v5/_This_man_dancing_at_a_wedding_(x-post_from__r_pics)/g097_dclna5w.png", "URL": "http://i.imgur.com/Ch99yB8.png", "fileid": "g097_dclna5w.png"}, {"id": "g097_dclnigi", "comment": "[He means well, even if he's not much help](http://i.imgur.com/Wy7N6Za.jpg)", "date": "2017-01-18 16:34:47", "seriesname": "g097_dclnigi", "file": "/media/jbrogan4/scratch2/Reddit_Prov_Dataset_v5/_This_man_dancing_at_a_wedding_(x-post_from__r_pics)/g097_dclnigi.jpg", "URL": "http://i.imgur.com/Wy7N6Za.jpg", "fileid": "g097_dclnigi.jpg"}, {"id": "g097_dcl238v", "comment": "http://i.imgur.com/rNl7XR2.jpg", "date": "2017-01-18 09:46:44", "seriesname": "g097_dcl238v", "file": "/media/jbrogan4/scratch2/Reddit_Prov_Dataset_v5/_This_man_dancing_at_a_wedding_(x-post_from__r_pics)/g097_dcl238v.jpg", "URL": "http://i.imgur.com/rNl7XR2.jpg", "fileid": "g097_dcl238v.jpg"}, {"id": "g097_dcl76ds", "comment": "[just one more](http://i.imgur.com/dthL2Tk.jpg)", "date": "2017-01-18 11:34:03", "seriesname": "g097_dcl76ds", "file": "/media/jbrogan4/scratch2/Reddit_Prov_Dataset_v5/_This_man_dancing_at_a_wedding_(x-post_from__r_pics)/g097_dcl76ds.jpg", "URL": "http://i.imgur.com/dthL2Tk.jpg", "fileid": "g097_dcl76ds.jpg"}, {"id": "g097_dcl88ya", "comment": "[Drunk Weight](http://i.imgur.com/1wFET8r.jpg)", "date": "2017-01-18 11:54:45", "seriesname": "g097_dcl88ya", "file": "/media/jbrogan4/scratch2/Reddit_Prov_Dataset_v5/_This_man_dancing_at_a_wedding_(x-post_from__r_pics)/g097_dcl88ya.jpg", "URL": "http://i.imgur.com/1wFET8r.jpg", "fileid": "g097_dcl88ya.jpg"}, {"id": "g097_dclid39", "comment": "http://imgur.com/xBvFBWw - came here to see this. did not see this. so made it. ", "date": "2017-01-18 15:01:12", "seriesname": "g097_dclid39", "file": "/media/jbrogan4/scratch2/Reddit_Prov_Dataset_v5/_This_man_dancing_at_a_wedding_(x-post_from__r_pics)/g097_dclid39.png", "URL": "http://i.imgur.com/xBvFBWw.png", "fileid": "g097_dclid39.png"}, {"id": "g097_dcld1f5", "comment": "[Tonight we dine in Hell !!](http://i.imgur.com/XgXRht4.jpg)", "date": "2017-01-18 13:24:27", "seriesname": "g097_dcld1f5", "file": "/media/jbrogan4/scratch2/Reddit_Prov_Dataset_v5/_This_man_dancing_at_a_wedding_(x-post_from__r_pics)/g097_dcld1f5.jpg", "URL": "http://i.imgur.com/XgXRht4.jpg", "fileid": "g097_dcld1f5.jpg"}, {"id": "g097_dcl2b9w", "comment": "[Prepare for glory!](http://i.imgur.com/Xwz4gfZ.png)", "date": "2017-01-18 09:51:58", "seriesname": "g097_dcl2b9w", "file": "/media/jbrogan4/scratch2/Reddit_Prov_Dataset_v5/_This_man_dancing_at_a_wedding_(x-post_from__r_pics)/g097_dcl2b9w.png", "URL": "http://i.imgur.com/Xwz4gfZ.png", "fileid": "g097_dcl2b9w.png"}, {"id": "g097_dcl3ub2", "comment": "[Personal Best](http://i.imgur.com/2tUZVAD.jpg)", "date": "2017-01-18 10:26:27", "seriesname": "g097_dcl3ub2", "file": "/media/jbrogan4/scratch2/Reddit_Prov_Dataset_v5/_This_man_dancing_at_a_wedding_(x-post_from__r_pics)/g097_dcl3ub2.jpg", "URL": "http://i.imgur.com/2tUZVAD.jpg", "fileid": "g097_dcl3ub2.jpg"}, {"id": "g097_dclapdm", "comment": "[NOOOOOO!](http://i.imgur.com/OYQ5GAy.jpg)", "date": "2017-01-18 12:41:17", "seriesname": "g097_dclapdm", "file": "/media/jbrogan4/scratch2/Reddit_Prov_Dataset_v5/_This_man_dancing_at_a_wedding_(x-post_from__r_pics)/g097_dclapdm.jpg", "URL": "http://i.imgur.com/OYQ5GAy.jpg", "fileid": "g097_dclapdm.jpg"}, {"id": "g097_dcl3bnv", "comment": "http://i.imgur.com/xUC97HL.jpg", "date": "2017-01-18 10:15:00", "seriesname": "g097_dcl3bnv", "file": "/media/jbrogan4/scratch2/Reddit_Prov_Dataset_v5/_This_man_dancing_at_a_wedding_(x-post_from__r_pics)/g097_dcl3bnv.jpg", "URL": "http://i.imgur.com/xUC97HL.jpg", "fileid": "g097_dcl3bnv.jpg"}, {"id": "g097_dclb6xw", "comment": "Whoa.. He's human bender! http://i.imgur.com/aAAaoAg.jpg ", "date": "2017-01-18 12:50:26", "seriesname": "g097_dclb6xw", "file": "/media/jbrogan4/scratch2/Reddit_Prov_Dataset_v5/_This_man_dancing_at_a_wedding_(x-post_from__r_pics)/g097_dclb6xw.jpg", "URL": "http://i.imgur.com/aAAaoAg.jpg", "fileid": "g097_dclb6xw.jpg"}, {"id": "g097_dcl6zi2", "comment": "Dont worry, [he saved it.](http://i.imgur.com/NNIu3VV.jpg)", "date": "2017-01-18 11:30:22", "seriesname": "g097_dcl6zi2", "file": "/media/jbrogan4/scratch2/Reddit_Prov_Dataset_v5/_This_man_dancing_at_a_wedding_(x-post_from__r_pics)/g097_dcl6zi2.jpg", "URL": "http://i.imgur.com/NNIu3VV.jpg", "fileid": "g097_dcl6zi2.jpg"}, {"id": "g097_dclcouc", "comment": "[SAVE THE BEER!!!](http://i.imgur.com/sd1ajhH.jpg)", "date": "2017-01-18 13:18:04", "seriesname": "g097_dclcouc", "file": "/media/jbrogan4/scratch2/Reddit_Prov_Dataset_v5/_This_man_dancing_at_a_wedding_(x-post_from__r_pics)/g097_dclcouc.jpg", "URL": "http://i.imgur.com/sd1ajhH.jpg", "fileid": "g097_dclcouc.jpg"}, {"id": "g097_root", "comment": "", "date": "2017-01-18 08:52:22", "seriesname": "g097_root", "file": "/media/jbrogan4/scratch2/Reddit_Prov_Dataset_v5/_This_man_dancing_at_a_wedding_(x-post_from__r_pics)/g097_root.jpg", "URL": "https://i.redd.it/0u61gqyi0hay.jpg", "fileid": "g097_root.jpg"}, {"id": "g097_dclkbpo", "comment": "[CUT! Dammit, someone call Steves wife](http://i.imgur.com/Kh6iHYr.jpeg)", "date": "2017-01-18 15:36:45", "seriesname": "g097_dclkbpo", "file": "/media/jbrogan4/scratch2/Reddit_Prov_Dataset_v5/_This_man_dancing_at_a_wedding_(x-post_from__r_pics)/g097_dclkbpo.jpg", "URL": "http://i.imgur.com/Kh6iHYr.jpeg", "fileid": "g097_dclkbpo.jpeg"}, {"id": "g097_dcl6q28", "comment": "[The Scream](http://i.imgur.com/RB7exjF.jpg)\t", "date": "2017-01-18 11:25:17", "seriesname": "g097_dcl6q28", "file": "/media/jbrogan4/scratch2/Reddit_Prov_Dataset_v5/_This_man_dancing_at_a_wedding_(x-post_from__r_pics)/g097_dcl6q28.jpg", "URL": "http://i.imgur.com/RB7exjF.jpg", "fileid": "g097_dcl6q28.jpg"}, {"id": "g097_dclpdx6", "comment": "http://i.imgur.com/D5YEjxY.png - The Great Titan ", "date": "2017-01-18 17:09:49", "seriesname": "g097_dclpdx6", "file": "/media/jbrogan4/scratch2/Reddit_Prov_Dataset_v5/_This_man_dancing_at_a_wedding_(x-post_from__r_pics)/g097_dclpdx6.png", "URL": "http://i.imgur.com/D5YEjxY.png", "fileid": "g097_dclpdx6.png"}, {"id": "g097_dcl5d0g", "comment": "[Crab people](http://i.imgur.com/fbxEj02.jpg)", "date": "2017-01-18 10:58:00", "seriesname": "g097_dcl5d0g", "file": "/media/jbrogan4/scratch2/Reddit_Prov_Dataset_v5/_This_man_dancing_at_a_wedding_(x-post_from__r_pics)/g097_dcl5d0g.jpg", "URL": "http://i.imgur.com/fbxEj02.jpg", "fileid": "g097_dcl5d0g.jpg"}, {"id": "g097_dcli1r5", "comment": "Beyonce? http://i.imgur.com/Fdr3P1g.png", "date": "2017-01-18 14:55:30", "seriesname": "g097_dcli1r5", "file": "/media/jbrogan4/scratch2/Reddit_Prov_Dataset_v5/_This_man_dancing_at_a_wedding_(x-post_from__r_pics)/g097_dcli1r5.png", "URL": "http://i.imgur.com/Fdr3P1g.png", "fileid": "g097_dcli1r5.png"}, {"id": "g097_dcl8ead", "comment": "[he died of this](http://i.imgur.com/PPXlqyj.jpg)", "date": "2017-01-18 11:57:30", "seriesname": "g097_dcl8ead", "file": "/media/jbrogan4/scratch2/Reddit_Prov_Dataset_v5/_This_man_dancing_at_a_wedding_(x-post_from__r_pics)/g097_dcl8ead.jpg", "URL": "http://i.imgur.com/PPXlqyj.jpg", "fileid": "g097_dcl8ead.jpg"}, {"id": "g097_dcmaapa", "comment": "[Frozen in carbonite](http://imgur.com/vxUe6w7)", "date": "2017-01-19 01:06:09", "seriesname": "g097_dcmaapa", "file": "/media/jbrogan4/scratch2/Reddit_Prov_Dataset_v5/_This_man_dancing_at_a_wedding_(x-post_from__r_pics)/g097_dcmaapa.png", "URL": "http://i.imgur.com/vxUe6w7.png", "fileid": "g097_dcmaapa.png"}, {"id": "g097_dcl9gg4", "comment": "[PARTY IN THE WHITE HOUSE! Watch Trump Bump N' Grind](http://imgur.com/Sx2Ty2j)", "date": "2017-01-18 12:17:46", "seriesname": "g097_dcl9gg4", "file": "/media/jbrogan4/scratch2/Reddit_Prov_Dataset_v5/_This_man_dancing_at_a_wedding_(x-post_from__r_pics)/g097_dcl9gg4.png", "URL": "http://i.imgur.com/Sx2Ty2j.png", "fileid": "g097_dcl9gg4.png"}, {"id": "g097_dclhnmh", "comment": "Looks great with [stock images!](https://i.imgur.com/hqAqj7R.jpg)", "date": "2017-01-18 14:48:22", "seriesname": "g097_dclhnmh", "file": "/media/jbrogan4/scratch2/Reddit_Prov_Dataset_v5/_This_man_dancing_at_a_wedding_(x-post_from__r_pics)/g097_dclhnmh.jpg", "URL": "https://i.imgur.com/hqAqj7R.jpg", "fileid": "g097_dclhnmh.jpg"}, {"id": "g097_dcl5njy", "comment": "[moments later...](http://imgur.com/alLeU3x)", "date": "2017-01-18 11:03:56", "seriesname": "g097_dcl5njy", "file": "/media/jbrogan4/scratch2/Reddit_Prov_Dataset_v5/_This_man_dancing_at_a_wedding_(x-post_from__r_pics)/g097_dcl5njy.png", "URL": "http://i.imgur.com/alLeU3x.png", "fileid": "g097_dcl5njy.png"}, {"id": "g097_dcl4u0d", "comment": "[Saturday Night Fever](http://i.imgur.com/6cRnDwc.jpg)", "date": "2017-01-18 10:47:13", "seriesname": "g097_dcl4u0d", "file": "/media/jbrogan4/scratch2/Reddit_Prov_Dataset_v5/_This_man_dancing_at_a_wedding_(x-post_from__r_pics)/g097_dcl4u0d.jpg", "URL": "http://i.imgur.com/6cRnDwc.jpg", "fileid": "g097_dcl4u0d.jpg"}, {"id": "g097_dclmxcu", "comment": "Someone please for the love of God add my buddy to this..\n\nhttp://imgur.com/Bax6fQo", "date": "2017-01-18 16:24:01", "seriesname": "g097_dclmxcu", "file": "/media/jbrogan4/scratch2/Reddit_Prov_Dataset_v5/_This_man_dancing_at_a_wedding_(x-post_from__r_pics)/g097_dclmxcu.png", "URL": "http://i.imgur.com/Bax6fQo.png", "fileid": "g097_dclmxcu.png"}, {"id": "g097_dcl5ljv", "comment": "[Blizzard's been teasing this guy for a while.](http://i.imgur.com/KUESVmJ.jpg)", "date": "2017-01-18 11:02:49", "seriesname": "g097_dcl5ljv", "file": "/media/jbrogan4/scratch2/Reddit_Prov_Dataset_v5/_This_man_dancing_at_a_wedding_(x-post_from__r_pics)/g097_dcl5ljv.jpg", "URL": "http://i.imgur.com/KUESVmJ.jpg", "fileid": "g097_dcl5ljv.jpg"}], "graph": {"name": "g097_root"}, "directed": true}