{"links": [{"op": "none", "target": 0, "source": 52}, {"op": "none", "target": 1, "source": 52}, {"op": "none", "target": 2, "source": 52}, {"op": "none", "target": 3, "source": 52}, {"op": "none", "target": 4, "source": 52}, {"op": "none", "target": 5, "source": 52}, {"op": "none", "target": 6, "source": 52}, {"op": "none", "target": 7, "source": 52}, {"op": "none", "target": 8, "source": 52}, {"op": "none", "target": 9, "source": 52}, {"op": "none", "target": 10, "source": 52}, {"op": "none", "target": 11, "source": 52}, {"op": "none", "target": 12, "source": 52}, {"op": "none", "target": 13, "source": 52}, {"op": "none", "target": 14, "source": 52}, {"op": "none", "target": 15, "source": 52}, {"op": "none", "target": 16, "source": 52}, {"op": "none", "target": 17, "source": 52}, {"op": "none", "target": 18, "source": 6}, {"op": "none", "target": 19, "source": 52}, {"op": "none", "target": 20, "source": 53}, {"op": "none", "target": 21, "source": 52}, {"op": "none", "target": 22, "source": 52}, {"op": "none", "target": 23, "source": 52}, {"op": "none", "target": 24, "source": 52}, {"op": "none", "target": 25, "source": 52}, {"op": "none", "target": 26, "source": 52}, {"op": "none", "target": 27, "source": 52}, {"op": "none", "target": 28, "source": 52}, {"op": "none", "target": 29, "source": 52}, {"op": "none", "target": 30, "source": 52}, {"op": "none", "target": 31, "source": 52}, {"op": "none", "target": 32, "source": 52}, {"op": "none", "target": 33, "source": 61}, {"op": "none", "target": 34, "source": 52}, {"op": "none", "target": 35, "source": 52}, {"op": "none", "target": 36, "source": 52}, {"op": "none", "target": 37, "source": 52}, {"op": "none", "target": 38, "source": 52}, {"op": "none", "target": 39, "source": 52}, {"op": "none", "target": 40, "source": 52}, {"op": "none", "target": 41, "source": 52}, {"op": "none", "target": 42, "source": 52}, {"op": "none", "target": 43, "source": 52}, {"op": "none", "target": 44, "source": 52}, {"op": "none", "target": 45, "source": 52}, {"op": "none", "target": 46, "source": 52}, {"op": "none", "target": 47, "source": 52}, {"op": "none", "target": 48, "source": 52}, {"op": "none", "target": 49, "source": 52}, {"op": "none", "target": 50, "source": 52}, {"op": "none", "target": 51, "source": 52}, {"op": "none", "target": 53, "source": 52}, {"op": "none", "target": 54, "source": 52}, {"op": "none", "target": 55, "source": 52}, {"op": "none", "target": 56, "source": 52}, {"op": "none", "target": 57, "source": 52}, {"op": "none", "target": 58, "source": 52}, {"op": "none", "target": 59, "source": 52}, {"op": "none", "target": 60, "source": 52}, {"op": "none", "target": 61, "source": 52}, {"op": "none", "target": 62, "source": 52}, {"op": "none", "target": 63, "source": 52}, {"op": "none", "target": 64, "source": 52}, {"op": "none", "target": 65, "source": 52}, {"op": "none", "target": 66, "source": 52}, {"op": "none", "target": 67, "source": 52}, {"op": "none", "target": 68, "source": 52}, {"op": "none", "target": 69, "source": 52}, {"op": "none", "target": 70, "source": 52}, {"op": "none", "target": 71, "source": 52}, {"op": "none", "target": 72, "source": 52}], "title": "_This_eggplant_with_arms", "nodes": [{"id": "g099_dgj7igs", "comment": "[RIP Robin Williams](http://i.imgur.com/yzXcFuV.jpg)", "date": "2017-04-20 17:11:11", "seriesname": "g099_dgj7igs", "file": "/media/jbrogan4/scratch2/Reddit_Prov_Dataset_v5/_This_eggplant_with_arms/g099_dgj7igs.jpg", "URL": "http://i.imgur.com/yzXcFuV.jpg", "fileid": "g099_dgj7igs.jpg"}, {"id": "g099_dgiilvo", "comment": "[You'll never catch me Krabs, NOT WHEN I SHIFT INTO MAXIMUM OVERPLANT!](http://i.imgur.com/qSMvPe7.jpg)", "date": "2017-04-20 09:37:12", "seriesname": "g099_dgiilvo", "file": "/media/jbrogan4/scratch2/Reddit_Prov_Dataset_v5/_This_eggplant_with_arms/g099_dgiilvo.jpg", "URL": "http://i.imgur.com/qSMvPe7.jpg", "fileid": "g099_dgiilvo.jpg"}, {"id": "g099_dgiflad", "comment": "[A wild eggplant has appeared](http://i.imgur.com/RytIV0P.jpg) (first post here)", "date": "2017-04-20 08:21:20", "seriesname": "g099_dgiflad", "file": "/media/jbrogan4/scratch2/Reddit_Prov_Dataset_v5/_This_eggplant_with_arms/g099_dgiflad.jpg", "URL": "http://i.imgur.com/RytIV0P.jpg", "fileid": "g099_dgiflad.jpg"}, {"id": "g099_dgin0zl", "comment": "[Ghostbusters Eggplant](http://i.imgur.com/xXBGdEX.jpg)", "date": "2017-04-20 11:04:00", "seriesname": "g099_dgin0zl", "file": "/media/jbrogan4/scratch2/Reddit_Prov_Dataset_v5/_This_eggplant_with_arms/g099_dgin0zl.jpg", "URL": "http://i.imgur.com/xXBGdEX.jpg", "fileid": "g099_dgin0zl.jpg"}, {"id": "g099_dgiqs1i", "comment": "[Ayyyyyy](http://i.imgur.com/TTRzvCY.jpg) ", "date": "2017-04-20 12:11:57", "seriesname": "g099_dgiqs1i", "file": "/media/jbrogan4/scratch2/Reddit_Prov_Dataset_v5/_This_eggplant_with_arms/g099_dgiqs1i.jpg", "URL": "http://i.imgur.com/TTRzvCY.jpg", "fileid": "g099_dgiqs1i.jpg"}, {"id": "g099_dgigf1x", "comment": "http://i.imgur.com/CESr5T2.jpg", "date": "2017-04-20 08:44:22", "seriesname": "g099_dgigf1x", "file": "/media/jbrogan4/scratch2/Reddit_Prov_Dataset_v5/_This_eggplant_with_arms/g099_dgigf1x.jpg", "URL": "http://i.imgur.com/CESr5T2.jpg", "fileid": "g099_dgigf1x.jpg"}, {"id": "g099_dgievei", "comment": "[I'm flying. (First post, be gentle.)](http://imgur.com/w0Z2euV)\n\nIf anyone has any tips on how I can improve please tell me, I've only had photoshop for one month. \n\n*edit: Gold?? Really? Thank you anom. For you I'll make the change that u/DarkAeroblast suggested and try to fix the colour of the eggy.* \n\n[2nd Attempt](http://imgur.com/a/nXwif) Tried to get the eggplant to match the colour a little more as was suggested\n", "date": "2017-04-20 07:58:56", "seriesname": "g099_dgievei", "file": "/media/jbrogan4/scratch2/Reddit_Prov_Dataset_v5/_This_eggplant_with_arms/g099_dgievei.png", "URL": "http://i.imgur.com/nXwif.png", "fileid": "g099_dgievei.png"}, {"id": "g099_dgin7nk", "comment": "[We're gonna build a garden. It's gonna be yuge!](https://i.imgur.com/9x1anDN.png)", "date": "2017-04-20 11:07:22", "seriesname": "g099_dgin7nk", "file": "/media/jbrogan4/scratch2/Reddit_Prov_Dataset_v5/_This_eggplant_with_arms/g099_dgin7nk.png", "URL": "https://i.imgur.com/9x1anDN.png", "fileid": "g099_dgin7nk.png"}, {"id": "g099_dgim8tb", "comment": "[Ghostbusters Eggplant](http://i.imgur.com/xXBGdEX.jpg)", "date": "2017-04-20 10:49:39", "seriesname": "g099_dgim8tb", "file": "/media/jbrogan4/scratch2/Reddit_Prov_Dataset_v5/_This_eggplant_with_arms/g099_dgim8tb.jpg", "URL": "http://i.imgur.com/xXBGdEX.jpg", "fileid": "g099_dgim8tb.jpg"}, {"id": "g099_dgiftoo", "comment": "[Looked familiar](http://i.imgur.com/AKywz1h.jpg)", "date": "2017-04-20 08:28:04", "seriesname": "g099_dgiftoo", "file": "/media/jbrogan4/scratch2/Reddit_Prov_Dataset_v5/_This_eggplant_with_arms/g099_dgiftoo.jpg", "URL": "http://i.imgur.com/AKywz1h.jpg", "fileid": "g099_dgiftoo.jpg"}, {"id": "g099_dgikzpf", "comment": "[Eggplantiator](http://i.imgur.com/jtxPUbS.png)", "date": "2017-04-20 10:25:52", "seriesname": "g099_dgikzpf", "file": "/media/jbrogan4/scratch2/Reddit_Prov_Dataset_v5/_This_eggplant_with_arms/g099_dgikzpf.png", "URL": "http://i.imgur.com/jtxPUbS.png", "fileid": "g099_dgikzpf.png"}, {"id": "g099_dgit24k", "comment": "[Welp.](http://imgur.com/uL9Hfdd)", "date": "2017-04-20 12:52:00", "seriesname": "g099_dgit24k", "file": "/media/jbrogan4/scratch2/Reddit_Prov_Dataset_v5/_This_eggplant_with_arms/g099_dgit24k.png", "URL": "http://i.imgur.com/uL9Hfdd.png", "fileid": "g099_dgit24k.png"}, {"id": "g099_dgixzcr", "comment": "[PAPA](http://i.imgur.com/KuFxlgo.jpg)", "date": "2017-04-20 14:19:22", "seriesname": "g099_dgixzcr", "file": "/media/jbrogan4/scratch2/Reddit_Prov_Dataset_v5/_This_eggplant_with_arms/g099_dgixzcr.jpg", "URL": "http://i.imgur.com/KuFxlgo.jpg", "fileid": "g099_dgixzcr.jpg"}, {"id": "g099_dgikf85", "comment": "[ARE YOU NOT ENTERTAINED?](http://i.imgur.com/eIn6NLX.jpg)", "date": "2017-04-20 10:14:48", "seriesname": "g099_dgikf85", "file": "/media/jbrogan4/scratch2/Reddit_Prov_Dataset_v5/_This_eggplant_with_arms/g099_dgikf85.jpg", "URL": "http://i.imgur.com/eIn6NLX.jpg", "fileid": "g099_dgikf85.jpg"}, {"id": "g099_dgioqz5", "comment": "[Eggplant Wizard](http://i.imgur.com/GtTNDEI.jpg)", "date": "2017-04-20 11:35:41", "seriesname": "g099_dgioqz5", "file": "/media/jbrogan4/scratch2/Reddit_Prov_Dataset_v5/_This_eggplant_with_arms/g099_dgioqz5.jpg", "URL": "http://i.imgur.com/GtTNDEI.jpg", "fileid": "g099_dgioqz5.jpg"}, {"id": "g099_dgin6qs", "comment": "[Yahaha! You found me!](http://i.imgur.com/vC2Im2i.png)", "date": "2017-04-20 11:06:55", "seriesname": "g099_dgin6qs", "file": "/media/jbrogan4/scratch2/Reddit_Prov_Dataset_v5/_This_eggplant_with_arms/g099_dgin6qs.png", "URL": "http://i.imgur.com/vC2Im2i.png", "fileid": "g099_dgin6qs.png"}, {"id": "g099_dgie99k", "comment": "[My Neighbour Eggplant](http://i.imgur.com/7DyDtWs.jpg)", "date": "2017-04-20 07:37:38", "seriesname": "g099_dgie99k", "file": "/media/jbrogan4/scratch2/Reddit_Prov_Dataset_v5/_This_eggplant_with_arms/g099_dgie99k.jpg", "URL": "http://i.imgur.com/7DyDtWs.jpg", "fileid": "g099_dgie99k.jpg"}, {"id": "g099_dgifp5c", "comment": "[\"How would that even fit?\"](http://i.imgur.com/rWH5w6q.jpg)", "date": "2017-04-20 08:24:26", "seriesname": "g099_dgifp5c", "file": "/media/jbrogan4/scratch2/Reddit_Prov_Dataset_v5/_This_eggplant_with_arms/g099_dgifp5c.jpg", "URL": "http://i.imgur.com/rWH5w6q.jpg", "fileid": "g099_dgifp5c.jpg"}, {"id": "g099_dgihk3n", "comment": "[I had the same idea!](https://i.redd.it/8gq8yco3jpsy.jpg)", "date": "2017-04-20 09:13:10", "seriesname": "g099_dgihk3n", "file": "/media/jbrogan4/scratch2/Reddit_Prov_Dataset_v5/_This_eggplant_with_arms/g099_dgihk3n.jpg", "URL": "https://i.redd.it/8gq8yco3jpsy.jpg", "fileid": "g099_dgihk3n.jpg"}, {"id": "g099_dgikwyh", "comment": "[Well hello there](http://i.imgur.com/o4x9k81.jpg)", "date": "2017-04-20 10:24:24", "seriesname": "g099_dgikwyh", "file": "/media/jbrogan4/scratch2/Reddit_Prov_Dataset_v5/_This_eggplant_with_arms/g099_dgikwyh.jpg", "URL": "http://i.imgur.com/o4x9k81.jpg", "fileid": "g099_dgikwyh.jpg"}, {"id": "g099_dgienv5", "comment": "[fuck, i made one too but realized i put the zweihander in the wrong arm](http://i.imgur.com/xCAA0Pr.png)", "date": "2017-04-20 07:51:55", "seriesname": "g099_dgienv5", "file": "/media/jbrogan4/scratch2/Reddit_Prov_Dataset_v5/_This_eggplant_with_arms/g099_dgienv5.png", "URL": "http://i.imgur.com/xCAA0Pr.png", "fileid": "g099_dgienv5.png"}, {"id": "g099_dgire1n", "comment": "http://i.imgur.com/mLUqUkR.png\n\nI'm not real good at this.. and I don't have photoshop.. But this is what I did with GIMP while on my lunch break :)", "date": "2017-04-20 12:22:38", "seriesname": "g099_dgire1n", "file": "/media/jbrogan4/scratch2/Reddit_Prov_Dataset_v5/_This_eggplant_with_arms/g099_dgire1n.png", "URL": "http://i.imgur.com/mLUqUkR.png", "fileid": "g099_dgire1n.png"}, {"id": "g099_dgi9jqu", "comment": "[Welcome to VideoLand](http://i.imgur.com/OMZ8WdJ.jpg)", "date": "2017-04-20 03:52:22", "seriesname": "g099_dgi9jqu", "file": "/media/jbrogan4/scratch2/Reddit_Prov_Dataset_v5/_This_eggplant_with_arms/g099_dgi9jqu.jpg", "URL": "http://i.imgur.com/OMZ8WdJ.jpg", "fileid": "g099_dgi9jqu.jpg"}, {"id": "g099_dgifq55", "comment": "[Day of The Eggplant ](http://imgur.com/cGQKFDv) ", "date": "2017-04-20 08:25:15", "seriesname": "g099_dgifq55", "file": "/media/jbrogan4/scratch2/Reddit_Prov_Dataset_v5/_This_eggplant_with_arms/g099_dgifq55.png", "URL": "http://i.imgur.com/cGQKFDv.png", "fileid": "g099_dgifq55.png"}, {"id": "g099_dgil1fc", "comment": "[Eggplanting](http://imgur.com/lYnidgh)", "date": "2017-04-20 10:26:47", "seriesname": "g099_dgil1fc", "file": "/media/jbrogan4/scratch2/Reddit_Prov_Dataset_v5/_This_eggplant_with_arms/g099_dgil1fc.png", "URL": "http://i.imgur.com/lYnidgh.png", "fileid": "g099_dgil1fc.png"}, {"id": "g099_dgifo8b", "comment": "[Time for Teletubbies](http://i.imgur.com/uY0CXdN.jpg)", "date": "2017-04-20 08:23:42", "seriesname": "g099_dgifo8b", "file": "/media/jbrogan4/scratch2/Reddit_Prov_Dataset_v5/_This_eggplant_with_arms/g099_dgifo8b.jpg", "URL": "http://i.imgur.com/uY0CXdN.jpg", "fileid": "g099_dgifo8b.jpg"}, {"id": "g099_dgifqcy", "comment": "[Don't forget to clean up.](http://i.imgur.com/a72s46V.jpg) ", "date": "2017-04-20 08:25:25", "seriesname": "g099_dgifqcy", "file": "/media/jbrogan4/scratch2/Reddit_Prov_Dataset_v5/_This_eggplant_with_arms/g099_dgifqcy.jpg", "URL": "http://i.imgur.com/a72s46V.jpg", "fileid": "g099_dgifqcy.jpg"}, {"id": "g099_dgikb5p", "comment": "[I'M EGGPLANT RICK!!!](http://i.imgur.com/3nNnaVb.jpg)", "date": "2017-04-20 10:12:33", "seriesname": "g099_dgikb5p", "file": "/media/jbrogan4/scratch2/Reddit_Prov_Dataset_v5/_This_eggplant_with_arms/g099_dgikb5p.jpg", "URL": "http://i.imgur.com/3nNnaVb.jpg", "fileid": "g099_dgikb5p.jpg"}, {"id": "g099_dgis63x", "comment": "Ok kids! Say it with me!! [eggplant you..eggplant me](http://imgur.com/YF64TpM) ", "date": "2017-04-20 12:36:22", "seriesname": "g099_dgis63x", "file": "/media/jbrogan4/scratch2/Reddit_Prov_Dataset_v5/_This_eggplant_with_arms/g099_dgis63x.png", "URL": "http://i.imgur.com/YF64TpM.png", "fileid": "g099_dgis63x.png"}, {"id": "g099_dgio2k2", "comment": "[Can't Forget The Flying Eggplants...](http://i.imgur.com/tsi8qcH.jpg)", "date": "2017-04-20 11:23:11", "seriesname": "g099_dgio2k2", "file": "/media/jbrogan4/scratch2/Reddit_Prov_Dataset_v5/_This_eggplant_with_arms/g099_dgio2k2.jpg", "URL": "http://i.imgur.com/tsi8qcH.jpg", "fileid": "g099_dgio2k2.jpg"}, {"id": "g099_dgidq1y", "comment": "https://i.imgur.com/6iqZLHU.jpg", "date": "2017-04-20 07:17:27", "seriesname": "g099_dgidq1y", "file": "/media/jbrogan4/scratch2/Reddit_Prov_Dataset_v5/_This_eggplant_with_arms/g099_dgidq1y.jpg", "URL": "https://i.imgur.com/6iqZLHU.jpg", "fileid": "g099_dgidq1y.jpg"}, {"id": "g099_dgicktf", "comment": "[[NSFW] Old school cool: Grandma's Collection](http://i.imgur.com/etvb19d.jpg)", "date": "2017-04-20 06:28:03", "seriesname": "g099_dgicktf", "file": "/media/jbrogan4/scratch2/Reddit_Prov_Dataset_v5/_This_eggplant_with_arms/g099_dgicktf.jpg", "URL": "http://i.imgur.com/etvb19d.jpg", "fileid": "g099_dgicktf.jpg"}, {"id": "g099_dgihriz", "comment": "[that's all folks!](http://i.imgur.com/yDK9uas.jpg)", "date": "2017-04-20 09:18:05", "seriesname": "g099_dgihriz", "file": "/media/jbrogan4/scratch2/Reddit_Prov_Dataset_v5/_This_eggplant_with_arms/g099_dgihriz.jpg", "URL": "http://i.imgur.com/yDK9uas.jpg", "fileid": "g099_dgihriz.jpg"}, {"id": "g099_dgiov4t", "comment": "[420 Blaze it yo](https://i.imgur.com/g1vCWfM.jpg)", "date": "2017-04-20 11:37:46", "seriesname": "g099_dgiov4t", "file": "/media/jbrogan4/scratch2/Reddit_Prov_Dataset_v5/_This_eggplant_with_arms/g099_dgiov4t.jpg", "URL": "https://i.imgur.com/g1vCWfM.jpg", "fileid": "g099_dgiov4t.jpg"}, {"id": "g099_dgj3964", "comment": "This one was done for me. [e g g p l a n t b o y e](http://i.imgur.com/XcswKnQ.jpg)", "date": "2017-04-20 15:54:22", "seriesname": "g099_dgj3964", "file": "/media/jbrogan4/scratch2/Reddit_Prov_Dataset_v5/_This_eggplant_with_arms/g099_dgj3964.jpg", "URL": "http://i.imgur.com/XcswKnQ.jpg", "fileid": "g099_dgj3964.jpg"}, {"id": "g099_dgigo6v", "comment": "[Free Eggy](http://imgur.com/sWOJEop.jpg)", "date": "2017-04-20 08:51:01", "seriesname": "g099_dgigo6v", "file": "/media/jbrogan4/scratch2/Reddit_Prov_Dataset_v5/_This_eggplant_with_arms/g099_dgigo6v.jpg", "URL": "http://imgur.com/sWOJEop.jpg", "fileid": "g099_dgigo6v.jpg"}, {"id": "g099_dgidr9u", "comment": "[Americanized](http://imgur.com/BvmyXzA) ", "date": "2017-04-20 07:18:49", "seriesname": "g099_dgidr9u", "file": "/media/jbrogan4/scratch2/Reddit_Prov_Dataset_v5/_This_eggplant_with_arms/g099_dgidr9u.png", "URL": "http://i.imgur.com/BvmyXzA.png", "fileid": "g099_dgidr9u.png"}, {"id": "g099_dgijrzp", "comment": "Egg Plant Pong..... http://i.imgur.com/qMJcPfX.jpg ", "date": "2017-04-20 10:01:46", "seriesname": "g099_dgijrzp", "file": "/media/jbrogan4/scratch2/Reddit_Prov_Dataset_v5/_This_eggplant_with_arms/g099_dgijrzp.jpg", "URL": "http://i.imgur.com/qMJcPfX.jpg", "fileid": "g099_dgijrzp.jpg"}, {"id": "g099_dgic7vn", "comment": "[Ayyyyyyy!](http://i.imgur.com/wLpvAd0.png)", "date": "2017-04-20 06:10:28", "seriesname": "g099_dgic7vn", "file": "/media/jbrogan4/scratch2/Reddit_Prov_Dataset_v5/_This_eggplant_with_arms/g099_dgic7vn.png", "URL": "http://i.imgur.com/wLpvAd0.png", "fileid": "g099_dgic7vn.png"}, {"id": "g099_dgif6vz", "comment": "[A real grower.](http://i.imgur.com/4nk4X9e.jpg)", "date": "2017-04-20 08:09:21", "seriesname": "g099_dgif6vz", "file": "/media/jbrogan4/scratch2/Reddit_Prov_Dataset_v5/_This_eggplant_with_arms/g099_dgif6vz.jpg", "URL": "http://i.imgur.com/4nk4X9e.jpg", "fileid": "g099_dgif6vz.jpg"}, {"id": "g099_dgihbmx", "comment": "[Amazing log ride!](http://i.imgur.com/UZ1wajV.png)", "date": "2017-04-20 09:07:29", "seriesname": "g099_dgihbmx", "file": "/media/jbrogan4/scratch2/Reddit_Prov_Dataset_v5/_This_eggplant_with_arms/g099_dgihbmx.png", "URL": "http://i.imgur.com/UZ1wajV.png", "fileid": "g099_dgihbmx.png"}, {"id": "g099_dgjil3n", "comment": "Has anyone done this?\n[No Eggplant](http://imgur.com/rqThXwe)\nFirst time here!", "date": "2017-04-20 21:01:09", "seriesname": "g099_dgjil3n", "file": "/media/jbrogan4/scratch2/Reddit_Prov_Dataset_v5/_This_eggplant_with_arms/g099_dgjil3n.png", "URL": "http://i.imgur.com/rqThXwe.png", "fileid": "g099_dgjil3n.png"}, {"id": "g099_dgiea11", "comment": "[Eggplant Party](http://i.imgur.com/oXOJxJu.png)", "date": "2017-04-20 07:38:24", "seriesname": "g099_dgiea11", "file": "/media/jbrogan4/scratch2/Reddit_Prov_Dataset_v5/_This_eggplant_with_arms/g099_dgiea11.png", "URL": "http://i.imgur.com/oXOJxJu.png", "fileid": "g099_dgiea11.png"}, {"id": "g099_dgifadf", "comment": "[Oo-wee!](http://i.imgur.com/HgGVSU2.jpg)", "date": "2017-04-20 08:12:20", "seriesname": "g099_dgifadf", "file": "/media/jbrogan4/scratch2/Reddit_Prov_Dataset_v5/_This_eggplant_with_arms/g099_dgifadf.jpg", "URL": "http://i.imgur.com/HgGVSU2.jpg", "fileid": "g099_dgifadf.jpg"}, {"id": "g099_dgirw9f", "comment": "[^(i'm mr meeseeks! look at me!)](http://i.imgur.com/8nJNXFY.jpg)", "date": "2017-04-20 12:31:30", "seriesname": "g099_dgirw9f", "file": "/media/jbrogan4/scratch2/Reddit_Prov_Dataset_v5/_This_eggplant_with_arms/g099_dgirw9f.jpg", "URL": "http://i.imgur.com/8nJNXFY.jpg", "fileid": "g099_dgirw9f.jpg"}, {"id": "g099_dgif52m", "comment": "Now make it Frampt\n\nEdit: [Oh my god what have I done](http://imgur.com/s8lwgjx)", "date": "2017-04-20 08:07:42", "seriesname": "g099_dgif52m", "file": "/media/jbrogan4/scratch2/Reddit_Prov_Dataset_v5/_This_eggplant_with_arms/g099_dgif52m.png", "URL": "http://i.imgur.com/s8lwgjx.png", "fileid": "g099_dgif52m.png"}, {"id": "g099_dgifmo7", "comment": "[I am Lrrr, ruler of the planet Omicron Persei 8.](http://i.imgur.com/gt69TEQ.jpg)", "date": "2017-04-20 08:22:27", "seriesname": "g099_dgifmo7", "file": "/media/jbrogan4/scratch2/Reddit_Prov_Dataset_v5/_This_eggplant_with_arms/g099_dgifmo7.jpg", "URL": "http://i.imgur.com/gt69TEQ.jpg", "fileid": "g099_dgifmo7.jpg"}, {"id": "g099_dgikuyf", "comment": "[Kingdom Hearts Truffle](http://i.imgur.com/qFPZFPx.jpg)", "date": "2017-04-20 10:23:18", "seriesname": "g099_dgikuyf", "file": "/media/jbrogan4/scratch2/Reddit_Prov_Dataset_v5/_This_eggplant_with_arms/g099_dgikuyf.jpg", "URL": "http://i.imgur.com/qFPZFPx.jpg", "fileid": "g099_dgikuyf.jpg"}, {"id": "g099_dgihyih", "comment": "[Shaun and Friends](http://imgur.com/K97OaTJ.jpg)", "date": "2017-04-20 09:22:39", "seriesname": "g099_dgihyih", "file": "/media/jbrogan4/scratch2/Reddit_Prov_Dataset_v5/_This_eggplant_with_arms/g099_dgihyih.jpg", "URL": "http://imgur.com/K97OaTJ.jpg", "fileid": "g099_dgihyih.jpg"}, {"id": "g099_dgir4m8", "comment": "[He just wants a hug.](http://i.imgur.com/C9urKf0.png)", "date": "2017-04-20 12:18:06", "seriesname": "g099_dgir4m8", "file": "/media/jbrogan4/scratch2/Reddit_Prov_Dataset_v5/_This_eggplant_with_arms/g099_dgir4m8.png", "URL": "http://i.imgur.com/C9urKf0.png", "fileid": "g099_dgir4m8.png"}, {"id": "g099_dgiql12", "comment": "http://i.imgur.com/opPQdam.jpg \n\nFLASHING // First post ", "date": "2017-04-20 12:08:27", "seriesname": "g099_dgiql12", "file": "/media/jbrogan4/scratch2/Reddit_Prov_Dataset_v5/_This_eggplant_with_arms/g099_dgiql12.jpg", "URL": "http://i.imgur.com/opPQdam.jpg", "fileid": "g099_dgiql12.jpg"}, {"id": "g099_dgieuiy", "comment": "[It had to be done.](http://i.imgur.com/Ifbk4WB.png)", "date": "2017-04-20 07:58:09", "seriesname": "g099_dgieuiy", "file": "/media/jbrogan4/scratch2/Reddit_Prov_Dataset_v5/_This_eggplant_with_arms/g099_dgieuiy.png", "URL": "http://i.imgur.com/Ifbk4WB.png", "fileid": "g099_dgieuiy.png"}, {"id": "g099_root", "comment": "", "date": "2017-04-20 03:23:24", "seriesname": "g099_root", "file": "/media/jbrogan4/scratch2/Reddit_Prov_Dataset_v5/_This_eggplant_with_arms/g099_root.png", "URL": "http://i.imgur.com/JN7YhD5.png", "fileid": "g099_root.png"}, {"id": "g099_dgiehhe", "comment": "[what r u, CASUL?](http://i.imgur.com/7FTFlR0.png)", "date": "2017-04-20 07:45:50", "seriesname": "g099_dgiehhe", "file": "/media/jbrogan4/scratch2/Reddit_Prov_Dataset_v5/_This_eggplant_with_arms/g099_dgiehhe.png", "URL": "http://i.imgur.com/7FTFlR0.png", "fileid": "g099_dgiehhe.png"}, {"id": "g099_dgixxg4", "comment": "[Move over pussies, here comes the work of a true professional!](http://i.imgur.com/4j1EVEm.jpg)", "date": "2017-04-20 14:18:25", "seriesname": "g099_dgixxg4", "file": "/media/jbrogan4/scratch2/Reddit_Prov_Dataset_v5/_This_eggplant_with_arms/g099_dgixxg4.jpg", "URL": "http://i.imgur.com/4j1EVEm.jpg", "fileid": "g099_dgixxg4.jpg"}, {"id": "g099_dgiigfl", "comment": "[Oh hai eggplant!](http://i.imgur.com/s5FM8qQ.png)", "date": "2017-04-20 09:33:52", "seriesname": "g099_dgiigfl", "file": "/media/jbrogan4/scratch2/Reddit_Prov_Dataset_v5/_This_eggplant_with_arms/g099_dgiigfl.png", "URL": "http://i.imgur.com/s5FM8qQ.png", "fileid": "g099_dgiigfl.png"}, {"id": "g099_dgih5co", "comment": "[Yahaha! You found me!](https://i.imgur.com/RGnLOND.jpg)", "date": "2017-04-20 09:03:10", "seriesname": "g099_dgih5co", "file": "/media/jbrogan4/scratch2/Reddit_Prov_Dataset_v5/_This_eggplant_with_arms/g099_dgih5co.jpg", "URL": "https://i.imgur.com/RGnLOND.jpg", "fileid": "g099_dgih5co.jpg"}, {"id": "g099_dgikrcl", "comment": "Not Photoshop because i am at office, but....\n[I am the only one that sees Nixon in this eggplant?](http://i.imgur.com/fUJsU76.jpg)", "date": "2017-04-20 10:21:23", "seriesname": "g099_dgikrcl", "file": "/media/jbrogan4/scratch2/Reddit_Prov_Dataset_v5/_This_eggplant_with_arms/g099_dgikrcl.jpg", "URL": "http://i.imgur.com/fUJsU76.jpg", "fileid": "g099_dgikrcl.jpg"}, {"id": "g099_dgijf7a", "comment": "[Blue or red? Choose wisely.](http://i.imgur.com/U1j0ugc.jpg)", "date": "2017-04-20 09:54:22", "seriesname": "g099_dgijf7a", "file": "/media/jbrogan4/scratch2/Reddit_Prov_Dataset_v5/_This_eggplant_with_arms/g099_dgijf7a.jpg", "URL": "http://i.imgur.com/U1j0ugc.jpg", "fileid": "g099_dgijf7a.jpg"}, {"id": "g099_dgihc1k", "comment": "[Larry the Eggplant (Veggie Tales Parody)](http://i.imgur.com/WBDxHCS.png)  \n&amp;nbsp;\n\n[Original image as inspiration](http://i.imgur.com/EwNDn0z.jpg)", "date": "2017-04-20 09:07:46", "seriesname": "g099_dgihc1k", "file": "/media/jbrogan4/scratch2/Reddit_Prov_Dataset_v5/_This_eggplant_with_arms/g099_dgihc1k.jpg", "URL": "http://i.imgur.com/EwNDn0z.jpg", "fileid": "g099_dgihc1k.jpg"}, {"id": "g099_dgjd2zw", "comment": "No longer can be used as a penis. \nhttp://oi64.tinypic.com/2h84pc7.jpg", "date": "2017-04-20 19:03:00", "seriesname": "g099_dgjd2zw", "file": "/media/jbrogan4/scratch2/Reddit_Prov_Dataset_v5/_This_eggplant_with_arms/g099_dgjd2zw.jpg", "URL": "http://oi64.tinypic.com/2h84pc7.jpg", "fileid": "g099_dgjd2zw.jpg"}, {"id": "g099_dgie1yb", "comment": "[Here's Grimace](http://i.imgur.com/lpM127D.jpg)", "date": "2017-04-20 07:30:04", "seriesname": "g099_dgie1yb", "file": "/media/jbrogan4/scratch2/Reddit_Prov_Dataset_v5/_This_eggplant_with_arms/g099_dgie1yb.jpg", "URL": "http://i.imgur.com/lpM127D.jpg", "fileid": "g099_dgie1yb.jpg"}, {"id": "g099_dgij0s7", "comment": "http://imgur.com/lztArvF\nHitler The Eggplant", "date": "2017-04-20 09:46:00", "seriesname": "g099_dgij0s7", "file": "/media/jbrogan4/scratch2/Reddit_Prov_Dataset_v5/_This_eggplant_with_arms/g099_dgij0s7.png", "URL": "http://i.imgur.com/lztArvF.png", "fileid": "g099_dgij0s7.png"}, {"id": "g099_dgieh6r", "comment": "[It could be worse.  I'm not sure how, but it could be...](http://i.imgur.com/2Tj7L6X.jpg)", "date": "2017-04-20 07:45:34", "seriesname": "g099_dgieh6r", "file": "/media/jbrogan4/scratch2/Reddit_Prov_Dataset_v5/_This_eggplant_with_arms/g099_dgieh6r.jpg", "URL": "http://i.imgur.com/2Tj7L6X.jpg", "fileid": "g099_dgieh6r.jpg"}, {"id": "g099_dgifj11", "comment": "[So what's the deal with airplane food? Am I right?](http://i.imgur.com/HHKhwt0.jpg)", "date": "2017-04-20 08:19:31", "seriesname": "g099_dgifj11", "file": "/media/jbrogan4/scratch2/Reddit_Prov_Dataset_v5/_This_eggplant_with_arms/g099_dgifj11.jpg", "URL": "http://i.imgur.com/HHKhwt0.jpg", "fileid": "g099_dgifj11.jpg"}, {"id": "g099_dgiew3e", "comment": "The last ele-plant\nhttp://imgur.com/pVc5I77 \n", "date": "2017-04-20 07:59:34", "seriesname": "g099_dgiew3e", "file": "/media/jbrogan4/scratch2/Reddit_Prov_Dataset_v5/_This_eggplant_with_arms/g099_dgiew3e.png", "URL": "http://i.imgur.com/pVc5I77.png", "fileid": "g099_dgiew3e.png"}, {"id": "g099_dgif9r6", "comment": "[En face](http://i.imgur.com/6jQ0BEp.png)", "date": "2017-04-20 08:11:50", "seriesname": "g099_dgif9r6", "file": "/media/jbrogan4/scratch2/Reddit_Prov_Dataset_v5/_This_eggplant_with_arms/g099_dgif9r6.png", "URL": "http://i.imgur.com/6jQ0BEp.png", "fileid": "g099_dgif9r6.png"}, {"id": "g099_dgjf8fa", "comment": "[Shawshank Redemption](http://i.imgur.com/1lPsYOw.png)", "date": "2017-04-20 19:49:56", "seriesname": "g099_dgjf8fa", "file": "/media/jbrogan4/scratch2/Reddit_Prov_Dataset_v5/_This_eggplant_with_arms/g099_dgjf8fa.png", "URL": "http://i.imgur.com/1lPsYOw.png", "fileid": "g099_dgjf8fa.png"}, {"id": "g099_dgiter3", "comment": "[Attack of the Killer Eggplants](http://i.imgur.com/xmZYsF6.jpg)\n\nI sent the original to my wife, unbeknownst to her that it came from PSbattles... She sent this back from snapchat shortly after.", "date": "2017-04-20 12:58:18", "seriesname": "g099_dgiter3", "file": "/media/jbrogan4/scratch2/Reddit_Prov_Dataset_v5/_This_eggplant_with_arms/g099_dgiter3.jpg", "URL": "http://i.imgur.com/xmZYsF6.jpg", "fileid": "g099_dgiter3.jpg"}, {"id": "g099_dgif58s", "comment": "[I feel like I could...TAKE ON THE WORLD!!!!](https://i.imgur.com/jJOrV0Q.jpg)\n\nEDIT: [Cutout](https://i.imgur.com/7zM4ONV.png)", "date": "2017-04-20 08:07:52", "seriesname": "g099_dgif58s", "file": "/media/jbrogan4/scratch2/Reddit_Prov_Dataset_v5/_This_eggplant_with_arms/g099_dgif58s.png", "URL": "https://i.imgur.com/7zM4ONV.png", "fileid": "g099_dgif58s.png"}, {"id": "g099_dgivftq", "comment": "[Eggplanted away - No Face](http://i.imgur.com/j6GFK4M.jpg)", "date": "2017-04-20 13:34:09", "seriesname": "g099_dgivftq", "file": "/media/jbrogan4/scratch2/Reddit_Prov_Dataset_v5/_This_eggplant_with_arms/g099_dgivftq.jpg", "URL": "http://i.imgur.com/j6GFK4M.jpg", "fileid": "g099_dgivftq.jpg"}, {"id": "g099_dgifdj8", "comment": "[Wimmy wham wham wozzle!](http://i.imgur.com/U43jyR8.jpg)\n\n[Updated with branding](http://i.imgur.com/2ntqoiT.jpg)", "date": "2017-04-20 08:14:57", "seriesname": "g099_dgifdj8", "file": "/media/jbrogan4/scratch2/Reddit_Prov_Dataset_v5/_This_eggplant_with_arms/g099_dgifdj8.jpg", "URL": "http://i.imgur.com/2ntqoiT.jpg", "fileid": "g099_dgifdj8.jpg"}, {"id": "g099_dgj3nnf", "comment": "[Kawaii Plant](http://i.imgur.com/Opzw99W.jpg)", "date": "2017-04-20 16:01:29", "seriesname": "g099_dgj3nnf", "file": "/media/jbrogan4/scratch2/Reddit_Prov_Dataset_v5/_This_eggplant_with_arms/g099_dgj3nnf.jpg", "URL": "http://i.imgur.com/Opzw99W.jpg", "fileid": "g099_dgj3nnf.jpg"}], "graph": {"name": "g099_root"}, "directed": true}