{"links": [{"op": "none", "target": 0, "source": 44}, {"op": "none", "target": 1, "source": 44}, {"op": "none", "target": 2, "source": 44}, {"op": "none", "target": 3, "source": 44}, {"op": "none", "target": 4, "source": 44}, {"op": "none", "target": 5, "source": 44}, {"op": "none", "target": 6, "source": 44}, {"op": "none", "target": 7, "source": 44}, {"op": "none", "target": 8, "source": 44}, {"op": "none", "target": 9, "source": 44}, {"op": "none", "target": 10, "source": 44}, {"op": "none", "target": 11, "source": 23}, {"op": "none", "target": 12, "source": 44}, {"op": "none", "target": 13, "source": 44}, {"op": "none", "target": 14, "source": 44}, {"op": "none", "target": 15, "source": 44}, {"op": "none", "target": 16, "source": 44}, {"op": "none", "target": 17, "source": 44}, {"op": "none", "target": 18, "source": 44}, {"op": "none", "target": 19, "source": 44}, {"op": "none", "target": 20, "source": 44}, {"op": "none", "target": 21, "source": 44}, {"op": "none", "target": 22, "source": 44}, {"op": "none", "target": 23, "source": 44}, {"op": "none", "target": 24, "source": 44}, {"op": "none", "target": 25, "source": 44}, {"op": "none", "target": 26, "source": 9}, {"op": "none", "target": 27, "source": 44}, {"op": "none", "target": 28, "source": 41}, {"op": "none", "target": 29, "source": 32}, {"op": "none", "target": 30, "source": 44}, {"op": "none", "target": 31, "source": 44}, {"op": "none", "target": 32, "source": 44}, {"op": "none", "target": 33, "source": 44}, {"op": "none", "target": 34, "source": 44}, {"op": "none", "target": 35, "source": 44}, {"op": "none", "target": 36, "source": 41}, {"op": "none", "target": 37, "source": 44}, {"op": "none", "target": 38, "source": 44}, {"op": "none", "target": 39, "source": 44}, {"op": "none", "target": 40, "source": 44}, {"op": "none", "target": 41, "source": 44}, {"op": "none", "target": 42, "source": 44}, {"op": "none", "target": 43, "source": 32}, {"op": "none", "target": 45, "source": 44}, {"op": "none", "target": 46, "source": 44}, {"op": "none", "target": 47, "source": 44}], "title": "_The_amazing_Hala_fruit", "nodes": [{"id": "g1007_d5diq13", "comment": "[That's no moon...](http://i.imgur.com/peYWFPP.jpg)", "date": "2016-07-15 13:07:28", "seriesname": "g1007_d5diq13", "file": "/media/jbrogan4/scratch2/Reddit_Prov_Dataset_v6/_The_amazing_Hala_fruit/g1007_d5diq13.jpg", "URL": "http://i.imgur.com/peYWFPP.jpg", "fileid": "g1007_d5diq13.jpg"}, {"id": "g1007_d5dgzjr", "comment": "[Busey Fruit](http://i.imgur.com/nDHiJ4N.jpg)", "date": "2016-07-15 12:29:33", "seriesname": "g1007_d5dgzjr", "file": "/media/jbrogan4/scratch2/Reddit_Prov_Dataset_v6/_The_amazing_Hala_fruit/g1007_d5dgzjr.jpg", "URL": "http://i.imgur.com/nDHiJ4N.jpg", "fileid": "g1007_d5dgzjr.jpg"}, {"id": "g1007_d5dmfkd", "comment": "[Remember me, Eddie?](http://i.imgur.com/hz8FSwd.jpg)", "date": "2016-07-15 14:28:05", "seriesname": "g1007_d5dmfkd", "file": "/media/jbrogan4/scratch2/Reddit_Prov_Dataset_v6/_The_amazing_Hala_fruit/g1007_d5dmfkd.jpg", "URL": "http://i.imgur.com/hz8FSwd.jpg", "fileid": "g1007_d5dmfkd.jpg"}, {"id": "g1007_d5dohea", "comment": "[Fashion has changed a lot...](http://i.imgur.com/urZ3zPh.jpg)", "date": "2016-07-15 15:13:19", "seriesname": "g1007_d5dohea", "file": "/media/jbrogan4/scratch2/Reddit_Prov_Dataset_v6/_The_amazing_Hala_fruit/g1007_d5dohea.jpg", "URL": "http://i.imgur.com/urZ3zPh.jpg", "fileid": "g1007_d5dohea.jpg"}, {"id": "g1007_d5dm598", "comment": "[Deep Impact](http://i.imgur.com/w8lRfDN.png)", "date": "2016-07-15 14:21:52", "seriesname": "g1007_d5dm598", "file": "/media/jbrogan4/scratch2/Reddit_Prov_Dataset_v6/_The_amazing_Hala_fruit/g1007_d5dm598.png", "URL": "http://i.imgur.com/w8lRfDN.png", "fileid": "g1007_d5dm598.png"}, {"id": "g1007_d5dlfxs", "comment": "I think this one has gone [Hala bad.](http://i.imgur.com/kjg1QST.jpg)", "date": "2016-07-15 14:06:28", "seriesname": "g1007_d5dlfxs", "file": "/media/jbrogan4/scratch2/Reddit_Prov_Dataset_v6/_The_amazing_Hala_fruit/g1007_d5dlfxs.jpg", "URL": "http://i.imgur.com/kjg1QST.jpg", "fileid": "g1007_d5dlfxs.jpg"}, {"id": "g1007_d5dkwwx", "comment": "Superman is perplexed.\n\nhttp://i.imgur.com/v0I0rUM.jpg", "date": "2016-07-15 13:54:47", "seriesname": "g1007_d5dkwwx", "file": "/media/jbrogan4/scratch2/Reddit_Prov_Dataset_v6/_The_amazing_Hala_fruit/g1007_d5dkwwx.jpg", "URL": "http://i.imgur.com/v0I0rUM.jpg", "fileid": "g1007_d5dkwwx.jpg"}, {"id": "g1007_d5dn1mp", "comment": "[Hala hawk](http://i.imgur.com/xnrWrgw.jpg)", "date": "2016-07-15 14:41:30", "seriesname": "g1007_d5dn1mp", "file": "/media/jbrogan4/scratch2/Reddit_Prov_Dataset_v6/_The_amazing_Hala_fruit/g1007_d5dn1mp.jpg", "URL": "http://i.imgur.com/xnrWrgw.jpg", "fileid": "g1007_d5dn1mp.jpg"}, {"id": "g1007_d5dw884", "comment": "https://i.imgur.com/stE9QSd.jpg Pans Labriynth ", "date": "2016-07-15 18:19:13", "seriesname": "g1007_d5dw884", "file": "/media/jbrogan4/scratch2/Reddit_Prov_Dataset_v6/_The_amazing_Hala_fruit/g1007_d5dw884.jpg", "URL": "https://i.imgur.com/stE9QSd.jpg", "fileid": "g1007_d5dw884.jpg"}, {"id": "g1007_d5dcood", "comment": "[They should use it in schools](http://i.imgur.com/dsc8v6y.png)", "date": "2016-07-15 10:53:51", "seriesname": "g1007_d5dcood", "file": "/media/jbrogan4/scratch2/Reddit_Prov_Dataset_v6/_The_amazing_Hala_fruit/g1007_d5dcood.png", "URL": "http://i.imgur.com/dsc8v6y.png", "fileid": "g1007_d5dcood.png"}, {"id": "g1007_d5dxkpr", "comment": "EverHALAsting Gobstopper \nhttp://imgur.com/08cqkyW", "date": "2016-07-15 18:56:07", "seriesname": "g1007_d5dxkpr", "file": "/media/jbrogan4/scratch2/Reddit_Prov_Dataset_v6/_The_amazing_Hala_fruit/g1007_d5dxkpr.png", "URL": "http://i.imgur.com/08cqkyW.png", "fileid": "g1007_d5dxkpr.png"}, {"id": "g1007_d5djepo", "comment": "[Harry Potter and the Philosopher's Stone](https://i.imgur.com/YCEtmOe.png)\n  \nThanks for the cutout :)", "date": "2016-07-15 13:21:59", "seriesname": "g1007_d5djepo", "file": "/media/jbrogan4/scratch2/Reddit_Prov_Dataset_v6/_The_amazing_Hala_fruit/g1007_d5djepo.png", "URL": "https://i.imgur.com/YCEtmOe.png", "fileid": "g1007_d5djepo.png"}, {"id": "g1007_d5dkd7q", "comment": "[Hala Snackbar](http://i.imgur.com/KO2Liq3.png)", "date": "2016-07-15 13:42:50", "seriesname": "g1007_d5dkd7q", "file": "/media/jbrogan4/scratch2/Reddit_Prov_Dataset_v6/_The_amazing_Hala_fruit/g1007_d5dkd7q.png", "URL": "http://i.imgur.com/KO2Liq3.png", "fileid": "g1007_d5dkd7q.png"}, {"id": "g1007_d5dfwkv", "comment": "[It's still Summer, right?](http://i.imgur.com/jJ2tMa5.jpg)\n\n(NSFW)", "date": "2016-07-15 12:05:50", "seriesname": "g1007_d5dfwkv", "file": "/media/jbrogan4/scratch2/Reddit_Prov_Dataset_v6/_The_amazing_Hala_fruit/g1007_d5dfwkv.jpg", "URL": "http://i.imgur.com/jJ2tMa5.jpg", "fileid": "g1007_d5dfwkv.jpg"}, {"id": "g1007_d5dtncn", "comment": "[Am i late to the party? I guess Goku never is](http://i.imgur.com/aFANwYY.jpg)", "date": "2016-07-15 17:13:11", "seriesname": "g1007_d5dtncn", "file": "/media/jbrogan4/scratch2/Reddit_Prov_Dataset_v6/_The_amazing_Hala_fruit/g1007_d5dtncn.jpg", "URL": "http://i.imgur.com/aFANwYY.jpg", "fileid": "g1007_d5dtncn.jpg"}, {"id": "g1007_d5dtbl5", "comment": "[Leshrac's New Immortal Back](http://i.imgur.com/oM9s45U.png)", "date": "2016-07-15 17:05:12", "seriesname": "g1007_d5dtbl5", "file": "/media/jbrogan4/scratch2/Reddit_Prov_Dataset_v6/_The_amazing_Hala_fruit/g1007_d5dtbl5.png", "URL": "http://i.imgur.com/oM9s45U.png", "fileid": "g1007_d5dtbl5.png"}, {"id": "g1007_d5drjpj", "comment": "[Every household in America!](http://imgur.com/nLYydQO)", "date": "2016-07-15 16:22:33", "seriesname": "g1007_d5drjpj", "file": "/media/jbrogan4/scratch2/Reddit_Prov_Dataset_v6/_The_amazing_Hala_fruit/g1007_d5drjpj.png", "URL": "http://i.imgur.com/nLYydQO.png", "fileid": "g1007_d5drjpj.png"}, {"id": "g1007_d5dq7b2", "comment": "[How long are days on this planet?](http://imgur.com/6cOU3Ko)", "date": "2016-07-15 15:51:55", "seriesname": "g1007_d5dq7b2", "file": "/media/jbrogan4/scratch2/Reddit_Prov_Dataset_v6/_The_amazing_Hala_fruit/g1007_d5dq7b2.png", "URL": "http://i.imgur.com/6cOU3Ko.png", "fileid": "g1007_d5dq7b2.png"}, {"id": "g1007_d5dkpsm", "comment": "[Campfire Time](http://i.imgur.com/JH1g66N.jpg)", "date": "2016-07-15 13:50:30", "seriesname": "g1007_d5dkpsm", "file": "/media/jbrogan4/scratch2/Reddit_Prov_Dataset_v6/_The_amazing_Hala_fruit/g1007_d5dkpsm.jpg", "URL": "http://i.imgur.com/JH1g66N.jpg", "fileid": "g1007_d5dkpsm.jpg"}, {"id": "g1007_d5ea1zf", "comment": "[Best I got](http://i.imgur.com/bDtv0wK.jpg)", "date": "2016-07-16 01:38:43", "seriesname": "g1007_d5ea1zf", "file": "/media/jbrogan4/scratch2/Reddit_Prov_Dataset_v6/_The_amazing_Hala_fruit/g1007_d5ea1zf.jpg", "URL": "http://i.imgur.com/bDtv0wK.jpg", "fileid": "g1007_d5ea1zf.jpg"}, {"id": "g1007_d5dmcyi", "comment": "[\u266a When I'm calling yoooooOOOOOOUUU... \u266b](http://i.imgur.com/shatCQY.jpg) ", "date": "2016-07-15 14:26:32", "seriesname": "g1007_d5dmcyi", "file": "/media/jbrogan4/scratch2/Reddit_Prov_Dataset_v6/_The_amazing_Hala_fruit/g1007_d5dmcyi.jpg", "URL": "http://i.imgur.com/shatCQY.jpg", "fileid": "g1007_d5dmcyi.jpg"}, {"id": "g1007_d5dlnnc", "comment": "A bit beyond my abilities and I don't have time to selectively cut out all the foreground elements [but I gave it a shot](http://i.imgur.com/E55WHrh.png).", "date": "2016-07-15 14:11:14", "seriesname": "g1007_d5dlnnc", "file": "/media/jbrogan4/scratch2/Reddit_Prov_Dataset_v6/_The_amazing_Hala_fruit/g1007_d5dlnnc.jpg", "URL": "http://i.imgur.com/E55WHrh.png).", "fileid": "g1007_d5dlnnc."}, {"id": "g1007_d5dkrcl", "comment": "[Cage fruit](http://i.imgur.com/uryQuXN.png) (first shop, pls don't crucify me)", "date": "2016-07-15 13:51:29", "seriesname": "g1007_d5dkrcl", "file": "/media/jbrogan4/scratch2/Reddit_Prov_Dataset_v6/_The_amazing_Hala_fruit/g1007_d5dkrcl.png", "URL": "http://i.imgur.com/uryQuXN.png", "fileid": "g1007_d5dkrcl.png"}, {"id": "g1007_d5ddkaw", "comment": "[7th Infinity Stone](http://i.imgur.com/wPsptBf.jpg)\n\n[Cutout](http://i.imgur.com/Y1a4YjO.png)", "date": "2016-07-15 11:14:05", "seriesname": "g1007_d5ddkaw", "file": "/media/jbrogan4/scratch2/Reddit_Prov_Dataset_v6/_The_amazing_Hala_fruit/g1007_d5ddkaw.png", "URL": "http://i.imgur.com/Y1a4YjO.png", "fileid": "g1007_d5ddkaw.png"}, {"id": "g1007_d5ei07u", "comment": "[Inside a Pokeball](http://i.imgur.com/PgEvwI3.jpg)", "date": "2016-07-16 09:19:53", "seriesname": "g1007_d5ei07u", "file": "/media/jbrogan4/scratch2/Reddit_Prov_Dataset_v6/_The_amazing_Hala_fruit/g1007_d5ei07u.jpg", "URL": "http://i.imgur.com/PgEvwI3.jpg", "fileid": "g1007_d5ei07u.jpg"}, {"id": "g1007_d5dhk30", "comment": "http://i.imgur.com/w0weHA3.png\n\nv2:\n\nhttp://i.imgur.com/Mt7zn9m.png", "date": "2016-07-15 12:42:10", "seriesname": "g1007_d5dhk30", "file": "/media/jbrogan4/scratch2/Reddit_Prov_Dataset_v6/_The_amazing_Hala_fruit/g1007_d5dhk30.png", "URL": "http://i.imgur.com/Mt7zn9m.png", "fileid": "g1007_d5dhk30.png"}, {"id": "g1007_d5dnziy", "comment": "[similar](http://i.imgur.com/zzqFb4e.jpg)\n\nEdit: [centered pit](http://i.imgur.com/xVcDS4i.jpg)", "date": "2016-07-15 15:02:11", "seriesname": "g1007_d5dnziy", "file": "/media/jbrogan4/scratch2/Reddit_Prov_Dataset_v6/_The_amazing_Hala_fruit/g1007_d5dnziy.jpg", "URL": "http://i.imgur.com/xVcDS4i.jpg", "fileid": "g1007_d5dnziy.jpg"}, {"id": "g1007_d5do2ol", "comment": "[Fruit instead of flowers](https://i.redd.it/cxrao6ht6g9x.jpg)", "date": "2016-07-15 15:04:08", "seriesname": "g1007_d5do2ol", "file": "/media/jbrogan4/scratch2/Reddit_Prov_Dataset_v6/_The_amazing_Hala_fruit/g1007_d5do2ol.jpg", "URL": "https://i.redd.it/cxrao6ht6g9x.jpg", "fileid": "g1007_d5do2ol.jpg"}, {"id": "g1007_d5dlm59", "comment": "Or:\n\nhttps://i.imgur.com/grpR2l2.jpg", "date": "2016-07-15 14:10:19", "seriesname": "g1007_d5dlm59", "file": "/media/jbrogan4/scratch2/Reddit_Prov_Dataset_v6/_The_amazing_Hala_fruit/g1007_d5dlm59.jpg", "URL": "https://i.imgur.com/grpR2l2.jpg", "fileid": "g1007_d5dlm59.jpg"}, {"id": "g1007_d5dsh4i", "comment": "But it's already [a character!] (http://www.serebii.net/sunmoon/hala.jpg)", "date": "2016-07-15 16:44:58", "seriesname": "g1007_d5dsh4i", "file": "/media/jbrogan4/scratch2/Reddit_Prov_Dataset_v6/_The_amazing_Hala_fruit/g1007_d5dsh4i.jpg", "URL": "http://www.serebii.net/sunmoon/hala.jpg", "fileid": "g1007_d5dsh4i.jpg"}, {"id": "g1007_d5dkm9w", "comment": "my first submission, im a long time lurker [Get out of here stalker.](http://i.imgur.com/M3AMqyw.jpg) sadly i couldn't figure out how to get a proper glow effect in gimp.", "date": "2016-07-15 13:48:23", "seriesname": "g1007_d5dkm9w", "file": "/media/jbrogan4/scratch2/Reddit_Prov_Dataset_v6/_The_amazing_Hala_fruit/g1007_d5dkm9w.jpg", "URL": "http://i.imgur.com/M3AMqyw.jpg", "fileid": "g1007_d5dkm9w.jpg"}, {"id": "g1007_d5dni6x", "comment": "Hearthstone's [Jaina](http://imgur.com/Katk4LC)", "date": "2016-07-15 14:51:34", "seriesname": "g1007_d5dni6x", "file": "/media/jbrogan4/scratch2/Reddit_Prov_Dataset_v6/_The_amazing_Hala_fruit/g1007_d5dni6x.png", "URL": "http://i.imgur.com/Katk4LC.png", "fileid": "g1007_d5dni6x.png"}, {"id": "g1007_d5df9if", "comment": "[PoKeMoN GO](http://i.imgur.com/YQbMswn.jpg)", "date": "2016-07-15 11:51:42", "seriesname": "g1007_d5df9if", "file": "/media/jbrogan4/scratch2/Reddit_Prov_Dataset_v6/_The_amazing_Hala_fruit/g1007_d5df9if.jpg", "URL": "http://i.imgur.com/YQbMswn.jpg", "fileid": "g1007_d5df9if.jpg"}, {"id": "g1007_d5dil03", "comment": "[Fruit Ninja Hala Style](http://i.imgur.com/jufozy6.jpg) Yes thank you /u/spanxxxy for the cutout.", "date": "2016-07-15 13:04:26", "seriesname": "g1007_d5dil03", "file": "/media/jbrogan4/scratch2/Reddit_Prov_Dataset_v6/_The_amazing_Hala_fruit/g1007_d5dil03.jpg", "URL": "http://i.imgur.com/jufozy6.jpg", "fileid": "g1007_d5dil03.jpg"}, {"id": "g1007_d5e90rc", "comment": "[Who's That Pok\u00e9mon?](http://imgur.com/RwS88Sv)", "date": "2016-07-16 00:56:38", "seriesname": "g1007_d5e90rc", "file": "/media/jbrogan4/scratch2/Reddit_Prov_Dataset_v6/_The_amazing_Hala_fruit/g1007_d5e90rc.png", "URL": "http://i.imgur.com/RwS88Sv.png", "fileid": "g1007_d5e90rc.png"}, {"id": "g1007_d5df5n6", "comment": "[If there wasn't a ball](http://i.imgur.com/NRjo71h.jpg)", "date": "2016-07-15 11:49:22", "seriesname": "g1007_d5df5n6", "file": "/media/jbrogan4/scratch2/Reddit_Prov_Dataset_v6/_The_amazing_Hala_fruit/g1007_d5df5n6.jpg", "URL": "http://i.imgur.com/NRjo71h.jpg", "fileid": "g1007_d5df5n6.jpg"}, {"id": "g1007_d5dqk1i", "comment": "[Doomsday Machine](http://imgur.com/Yu6SEJ0)", "date": "2016-07-15 15:59:48", "seriesname": "g1007_d5dqk1i", "file": "/media/jbrogan4/scratch2/Reddit_Prov_Dataset_v6/_The_amazing_Hala_fruit/g1007_d5dqk1i.png", "URL": "http://i.imgur.com/Yu6SEJ0.png", "fileid": "g1007_d5dqk1i.png"}, {"id": "g1007_d5dl0xi", "comment": "[I'm afraid I can not let you fruit that, Dave.](http://imgur.com/dqczl8y)", "date": "2016-07-15 13:57:15", "seriesname": "g1007_d5dl0xi", "file": "/media/jbrogan4/scratch2/Reddit_Prov_Dataset_v6/_The_amazing_Hala_fruit/g1007_d5dl0xi.png", "URL": "http://i.imgur.com/dqczl8y.png", "fileid": "g1007_d5dl0xi.png"}, {"id": "g1007_d5dfvvl", "comment": "http://i.imgur.com/PKslol9.jpg", "date": "2016-07-15 12:05:24", "seriesname": "g1007_d5dfvvl", "file": "/media/jbrogan4/scratch2/Reddit_Prov_Dataset_v6/_The_amazing_Hala_fruit/g1007_d5dfvvl.jpg", "URL": "http://i.imgur.com/PKslol9.jpg", "fileid": "g1007_d5dfvvl.jpg"}, {"id": "g1007_d5dm317", "comment": "[Tetrisfruit](http://i.imgur.com/cFswYLZ.jpg)", "date": "2016-07-15 14:20:31", "seriesname": "g1007_d5dm317", "file": "/media/jbrogan4/scratch2/Reddit_Prov_Dataset_v6/_The_amazing_Hala_fruit/g1007_d5dm317.jpg", "URL": "http://i.imgur.com/cFswYLZ.jpg", "fileid": "g1007_d5dm317.jpg"}, {"id": "g1007_d5dkfw5", "comment": "Surprise!\n\nhttps://youtu.be/jw_5WCSmZhY\n\nhttps://media.giphy.com/media/SSzCDiIs5e0j6/200.gif", "date": "2016-07-15 13:44:29", "seriesname": "g1007_d5dkfw5", "file": "/media/jbrogan4/scratch2/Reddit_Prov_Dataset_v6/_The_amazing_Hala_fruit/g1007_d5dkfw5.jpg", "URL": "https://media.giphy.com/media/SSzCDiIs5e0j6/200.gif", "fileid": "g1007_d5dkfw5.gif"}, {"id": "g1007_d5dcqjb", "comment": "[BOLDLY](https://i.imgur.com/omfL12n.jpg)", "date": "2016-07-15 10:55:04", "seriesname": "g1007_d5dcqjb", "file": "/media/jbrogan4/scratch2/Reddit_Prov_Dataset_v6/_The_amazing_Hala_fruit/g1007_d5dcqjb.jpg", "URL": "https://i.imgur.com/omfL12n.jpg", "fileid": "g1007_d5dcqjb.jpg"}, {"id": "g1007_d5di0zx", "comment": "[the halaract](http://i.imgur.com/AJ2e40N.jpg)", "date": "2016-07-15 12:52:23", "seriesname": "g1007_d5di0zx", "file": "/media/jbrogan4/scratch2/Reddit_Prov_Dataset_v6/_The_amazing_Hala_fruit/g1007_d5di0zx.jpg", "URL": "http://i.imgur.com/AJ2e40N.jpg", "fileid": "g1007_d5di0zx.jpg"}, {"id": "g1007_d5e92sn", "comment": "[Who's that Pokemon?](http://imgur.com/RwS88Sv)", "date": "2016-07-16 00:58:47", "seriesname": "g1007_d5e92sn", "file": "/media/jbrogan4/scratch2/Reddit_Prov_Dataset_v6/_The_amazing_Hala_fruit/g1007_d5e92sn.png", "URL": "http://i.imgur.com/RwS88Sv.png", "fileid": "g1007_d5e92sn.png"}, {"id": "g1007_root", "comment": "", "date": "2016-07-15 10:28:23", "seriesname": "g1007_root", "file": "/media/jbrogan4/scratch2/Reddit_Prov_Dataset_v6/_The_amazing_Hala_fruit/g1007_root.jpg", "URL": "http://i.imgur.com/pfTFJ2x.jpg", "fileid": "g1007_root.jpg"}, {"id": "g1007_d5dphol", "comment": "[Hala - The Haunted Fruit](http://i.imgur.com/ecg3bPr.jpg)", "date": "2016-07-15 15:35:41", "seriesname": "g1007_d5dphol", "file": "/media/jbrogan4/scratch2/Reddit_Prov_Dataset_v6/_The_amazing_Hala_fruit/g1007_d5dphol.jpg", "URL": "http://i.imgur.com/ecg3bPr.jpg", "fileid": "g1007_d5dphol.jpg"}, {"id": "g1007_d5do3bn", "comment": "The Hala King of The Jungle http://i.imgur.com/rP0WE7I.png", "date": "2016-07-15 15:04:32", "seriesname": "g1007_d5do3bn", "file": "/media/jbrogan4/scratch2/Reddit_Prov_Dataset_v6/_The_amazing_Hala_fruit/g1007_d5do3bn.png", "URL": "http://i.imgur.com/rP0WE7I.png", "fileid": "g1007_d5do3bn.png"}, {"id": "g1007_d5djxaj", "comment": "[happy little trees? yeah i'm weird](http://i.imgur.com/7xQAmCl.jpg)", "date": "2016-07-15 13:33:04", "seriesname": "g1007_d5djxaj", "file": "/media/jbrogan4/scratch2/Reddit_Prov_Dataset_v6/_The_amazing_Hala_fruit/g1007_d5djxaj.jpg", "URL": "http://i.imgur.com/7xQAmCl.jpg", "fileid": "g1007_d5djxaj.jpg"}], "graph": {"name": "g1007_root"}, "directed": true}