{"links": [{"op": "none", "target": 0, "source": 47}, {"op": "none", "target": 1, "source": 47}, {"op": "none", "target": 2, "source": 47}, {"op": "none", "target": 3, "source": 47}, {"op": "none", "target": 4, "source": 47}, {"op": "none", "target": 5, "source": 47}, {"op": "none", "target": 6, "source": 47}, {"op": "none", "target": 7, "source": 47}, {"op": "none", "target": 8, "source": 47}, {"op": "none", "target": 9, "source": 47}, {"op": "none", "target": 10, "source": 47}, {"op": "none", "target": 11, "source": 47}, {"op": "none", "target": 12, "source": 47}, {"op": "none", "target": 13, "source": 47}, {"op": "none", "target": 14, "source": 47}, {"op": "none", "target": 15, "source": 47}, {"op": "none", "target": 16, "source": 10}, {"op": "none", "target": 17, "source": 47}, {"op": "none", "target": 18, "source": 47}, {"op": "none", "target": 19, "source": 47}, {"op": "none", "target": 20, "source": 47}, {"op": "none", "target": 21, "source": 15}, {"op": "none", "target": 22, "source": 47}, {"op": "none", "target": 23, "source": 47}, {"op": "none", "target": 24, "source": 47}, {"op": "none", "target": 25, "source": 47}, {"op": "none", "target": 26, "source": 47}, {"op": "none", "target": 27, "source": 47}, {"op": "none", "target": 28, "source": 47}, {"op": "none", "target": 29, "source": 47}, {"op": "none", "target": 30, "source": 10}, {"op": "none", "target": 31, "source": 37}, {"op": "none", "target": 32, "source": 47}, {"op": "none", "target": 33, "source": 47}, {"op": "none", "target": 34, "source": 47}, {"op": "none", "target": 35, "source": 47}, {"op": "none", "target": 36, "source": 19}, {"op": "none", "target": 37, "source": 47}, {"op": "none", "target": 38, "source": 47}, {"op": "none", "target": 39, "source": 47}, {"op": "none", "target": 40, "source": 47}, {"op": "none", "target": 41, "source": 47}, {"op": "none", "target": 42, "source": 47}, {"op": "none", "target": 43, "source": 33}, {"op": "none", "target": 44, "source": 47}, {"op": "none", "target": 45, "source": 47}, {"op": "none", "target": 46, "source": 47}], "title": "_Hand_of_God_over_Portugal", "nodes": [{"id": "g1009_d3ei25u", "comment": "[Some girls just can't contain...](http://i.imgur.com/XKGrGhT.jpg)", "date": "2016-05-21 17:05:18", "seriesname": "g1009_d3ei25u", "file": "/media/jbrogan4/scratch2/Reddit_Prov_Dataset_v6/_Hand_of_God_over_Portugal/g1009_d3ei25u.jpg", "URL": "http://i.imgur.com/XKGrGhT.jpg", "fileid": "g1009_d3ei25u.jpg"}, {"id": "g1009_d3elcqq", "comment": "[This is what I see.](http://i.imgur.com/v7l7XOj.jpg)", "date": "2016-05-21 18:44:37", "seriesname": "g1009_d3elcqq", "file": "/media/jbrogan4/scratch2/Reddit_Prov_Dataset_v6/_Hand_of_God_over_Portugal/g1009_d3elcqq.jpg", "URL": "http://i.imgur.com/v7l7XOj.jpg", "fileid": "g1009_d3elcqq.jpg"}, {"id": "g1009_d3f0ml3", "comment": "[I'm okay God](http://i.imgur.com/OT1kuLC.jpg)", "date": "2016-05-22 04:39:55", "seriesname": "g1009_d3f0ml3", "file": "/media/jbrogan4/scratch2/Reddit_Prov_Dataset_v6/_Hand_of_God_over_Portugal/g1009_d3f0ml3.jpg", "URL": "http://i.imgur.com/OT1kuLC.jpg", "fileid": "g1009_d3f0ml3.jpg"}, {"id": "g1009_d3evuvq", "comment": " http://i.imgur.com/7LPwIY7.jpg ", "date": "2016-05-22 00:31:00", "seriesname": "g1009_d3evuvq", "file": "/media/jbrogan4/scratch2/Reddit_Prov_Dataset_v6/_Hand_of_God_over_Portugal/g1009_d3evuvq.jpg", "URL": "http://i.imgur.com/7LPwIY7.jpg", "fileid": "g1009_d3evuvq.jpg"}, {"id": "g1009_d3em0qk", "comment": "Falcon \n\nhttp://i.imgur.com/zD2SBLY.jpg", "date": "2016-05-21 19:05:22", "seriesname": "g1009_d3em0qk", "file": "/media/jbrogan4/scratch2/Reddit_Prov_Dataset_v6/_Hand_of_God_over_Portugal/g1009_d3em0qk.jpg", "URL": "http://i.imgur.com/zD2SBLY.jpg", "fileid": "g1009_d3em0qk.jpg"}, {"id": "g1009_d3ennf8", "comment": "NSFW [How to fix a prolapsed uterus.](http://imgur.com/MfWcyCU)", "date": "2016-05-21 19:56:51", "seriesname": "g1009_d3ennf8", "file": "/media/jbrogan4/scratch2/Reddit_Prov_Dataset_v6/_Hand_of_God_over_Portugal/g1009_d3ennf8.png", "URL": "http://i.imgur.com/MfWcyCU.png", "fileid": "g1009_d3ennf8.png"}, {"id": "g1009_d3equ6i", "comment": "[not the time to say 'fuzzy pickles'](http://imgur.com/c4FUqKK)", "date": "2016-05-21 21:40:26", "seriesname": "g1009_d3equ6i", "file": "/media/jbrogan4/scratch2/Reddit_Prov_Dataset_v6/_Hand_of_God_over_Portugal/g1009_d3equ6i.png", "URL": "http://i.imgur.com/c4FUqKK.png", "fileid": "g1009_d3equ6i.png"}, {"id": "g1009_d3eqjhj", "comment": "[Rawr...](https://i.imgur.com/sBjhE5t.jpg) \nDo do do, do, do... do do do, do, do...", "date": "2016-05-21 21:31:28", "seriesname": "g1009_d3eqjhj", "file": "/media/jbrogan4/scratch2/Reddit_Prov_Dataset_v6/_Hand_of_God_over_Portugal/g1009_d3eqjhj.jpg", "URL": "https://i.imgur.com/sBjhE5t.jpg", "fileid": "g1009_d3eqjhj.jpg"}, {"id": "g1009_d3eic0f", "comment": "[\u00af\\\\_ (\u30c4) _/\u00af](http://i.imgur.com/TfEXLFb.jpg?1)", "date": "2016-05-21 17:13:15", "seriesname": "g1009_d3eic0f", "file": "/media/jbrogan4/scratch2/Reddit_Prov_Dataset_v6/_Hand_of_God_over_Portugal/g1009_d3eic0f.jpg", "URL": "http://i.imgur.com/TfEXLFb.jpg?1", "fileid": "g1009_d3eic0f.jpg"}, {"id": "g1009_d3eeoz3", "comment": "[Extinction](https://imgur.com/HcjtLIU)", "date": "2016-05-21 15:27:21", "seriesname": "g1009_d3eeoz3", "file": "/media/jbrogan4/scratch2/Reddit_Prov_Dataset_v6/_Hand_of_God_over_Portugal/g1009_d3eeoz3.png", "URL": "http://i.imgur.com/HcjtLIU.png", "fileid": "g1009_d3eeoz3.png"}, {"id": "g1009_d3eeubo", "comment": "That sounds like a fun new sub, I'll start http://i.imgur.com/sNEUXHF.jpg", "date": "2016-05-21 15:31:46", "seriesname": "g1009_d3eeubo", "file": "/media/jbrogan4/scratch2/Reddit_Prov_Dataset_v6/_Hand_of_God_over_Portugal/g1009_d3eeubo.jpg", "URL": "http://i.imgur.com/sNEUXHF.jpg", "fileid": "g1009_d3eeubo.jpg"}, {"id": "g1009_d3eifjo", "comment": "[so, god is doing this?](http://i.imgur.com/82T6o4c.jpg)", "date": "2016-05-21 17:16:09", "seriesname": "g1009_d3eifjo", "file": "/media/jbrogan4/scratch2/Reddit_Prov_Dataset_v6/_Hand_of_God_over_Portugal/g1009_d3eifjo.jpg", "URL": "http://i.imgur.com/82T6o4c.jpg", "fileid": "g1009_d3eifjo.jpg"}, {"id": "g1009_d3es3gd", "comment": "[Feel the Bern](http://i.imgur.com/JfyZWPP.jpg)", "date": "2016-05-21 22:19:36", "seriesname": "g1009_d3es3gd", "file": "/media/jbrogan4/scratch2/Reddit_Prov_Dataset_v6/_Hand_of_God_over_Portugal/g1009_d3es3gd.jpg", "URL": "http://i.imgur.com/JfyZWPP.jpg", "fileid": "g1009_d3es3gd.jpg"}, {"id": "g1009_d3egu90", "comment": "[coolfox?](https://imgur.com/MLqkbSM)", "date": "2016-05-21 16:29:48", "seriesname": "g1009_d3egu90", "file": "/media/jbrogan4/scratch2/Reddit_Prov_Dataset_v6/_Hand_of_God_over_Portugal/g1009_d3egu90.png", "URL": "http://i.imgur.com/MLqkbSM.png", "fileid": "g1009_d3egu90.png"}, {"id": "g1009_d3emv0p", "comment": "http://imgur.com/acwvgB4 (Surprised I didn't see this already)\n\nEdit: Thanks for the Gold u/CineArma!!\n", "date": "2016-05-21 19:31:53", "seriesname": "g1009_d3emv0p", "file": "/media/jbrogan4/scratch2/Reddit_Prov_Dataset_v6/_Hand_of_God_over_Portugal/g1009_d3emv0p.png", "URL": "http://i.imgur.com/acwvgB4.png", "fileid": "g1009_d3emv0p.png"}, {"id": "g1009_d3eetgz", "comment": "[Fire Mario](http://i.imgur.com/TQTKH6k.jpg)", "date": "2016-05-21 15:31:06", "seriesname": "g1009_d3eetgz", "file": "/media/jbrogan4/scratch2/Reddit_Prov_Dataset_v6/_Hand_of_God_over_Portugal/g1009_d3eetgz.jpg", "URL": "http://i.imgur.com/TQTKH6k.jpg", "fileid": "g1009_d3eetgz.jpg"}, {"id": "g1009_d3eey16", "comment": "[that's a great idea](https://digitalshortbread.files.wordpress.com/2013/12/jingle-all-the-way-ps.jpg)", "date": "2016-05-21 15:34:47", "seriesname": "g1009_d3eey16", "file": "/media/jbrogan4/scratch2/Reddit_Prov_Dataset_v6/_Hand_of_God_over_Portugal/g1009_d3eey16.jpg", "URL": "https://digitalshortbread.files.wordpress.com/2013/12/jingle-all-the-way-ps.jpg", "fileid": "g1009_d3eey16.jpg"}, {"id": "g1009_d3eks90", "comment": "[Magic Card](https://imgur.com/T1xE1zQ)", "date": "2016-05-21 18:27:05", "seriesname": "g1009_d3eks90", "file": "/media/jbrogan4/scratch2/Reddit_Prov_Dataset_v6/_Hand_of_God_over_Portugal/g1009_d3eks90.png", "URL": "http://i.imgur.com/T1xE1zQ.png", "fileid": "g1009_d3eks90.png"}, {"id": "g1009_d3eq767", "comment": "[Surprised I haven't seen this yet. ](http://m.imgur.com/sTeyzvG) ", "date": "2016-05-21 21:20:45", "seriesname": "g1009_d3eq767", "file": "/media/jbrogan4/scratch2/Reddit_Prov_Dataset_v6/_Hand_of_God_over_Portugal/g1009_d3eq767.png", "URL": "http://i.imgur.com/sTeyzvG.png", "fileid": "g1009_d3eq767.png"}, {"id": "g1009_d3emjtn", "comment": "[I disagree with the mods; I think your title was fine, OP.](http://i.imgur.com/mLGiGA3.jpg)", "date": "2016-05-21 19:22:06", "seriesname": "g1009_d3emjtn", "file": "/media/jbrogan4/scratch2/Reddit_Prov_Dataset_v6/_Hand_of_God_over_Portugal/g1009_d3emjtn.jpg", "URL": "http://i.imgur.com/mLGiGA3.jpg", "fileid": "g1009_d3emjtn.jpg"}, {"id": "g1009_d3ei9mt", "comment": "[Hand of God in Mexico.](http://www.fotos-hochladen.net/uploads/handofgod1r97ozgvhw.jpg)", "date": "2016-05-21 17:11:18", "seriesname": "g1009_d3ei9mt", "file": "/media/jbrogan4/scratch2/Reddit_Prov_Dataset_v6/_Hand_of_God_over_Portugal/g1009_d3ei9mt.jpg", "URL": "http://www.fotos-hochladen.net/uploads/handofgod1r97ozgvhw.jpg", "fileid": "g1009_d3ei9mt.jpg"}, {"id": "g1009_d3f1kj8", "comment": "I had a similar idea:\nhttp://i.imgur.com/74YCAMK.jpg", "date": "2016-05-22 05:45:03", "seriesname": "g1009_d3f1kj8", "file": "/media/jbrogan4/scratch2/Reddit_Prov_Dataset_v6/_Hand_of_God_over_Portugal/g1009_d3f1kj8.jpg", "URL": "http://i.imgur.com/74YCAMK.jpg", "fileid": "g1009_d3f1kj8.jpg"}, {"id": "g1009_d3ehw44", "comment": "\"Float like a cloud, sting like a bee!\"\nhttp://i.imgur.com/7H8PX3I.png", "date": "2016-05-21 17:00:20", "seriesname": "g1009_d3ehw44", "file": "/media/jbrogan4/scratch2/Reddit_Prov_Dataset_v6/_Hand_of_God_over_Portugal/g1009_d3ehw44.png", "URL": "http://i.imgur.com/7H8PX3I.png", "fileid": "g1009_d3ehw44.png"}, {"id": "g1009_d3es1tz", "comment": "[Boomshakalaka!](http://i.imgur.com/x5tIyML.jpg)", "date": "2016-05-21 22:18:10", "seriesname": "g1009_d3es1tz", "file": "/media/jbrogan4/scratch2/Reddit_Prov_Dataset_v6/_Hand_of_God_over_Portugal/g1009_d3es1tz.jpg", "URL": "http://i.imgur.com/x5tIyML.jpg", "fileid": "g1009_d3es1tz.jpg"}, {"id": "g1009_d3ewfa5", "comment": "[Must SAVE Tokyo] (http://imgur.com/XAXZXaB.jpg)", "date": "2016-05-22 00:54:24", "seriesname": "g1009_d3ewfa5", "file": "/media/jbrogan4/scratch2/Reddit_Prov_Dataset_v6/_Hand_of_God_over_Portugal/g1009_d3ewfa5.jpg", "URL": "http://imgur.com/XAXZXaB.jpg", "fileid": "g1009_d3ewfa5.jpg"}, {"id": "g1009_d3eydy0", "comment": "[sunse.cx](http://i.imgur.com/9RKITlH.jpg)\n\nI'm sorry.", "date": "2016-05-22 02:25:32", "seriesname": "g1009_d3eydy0", "file": "/media/jbrogan4/scratch2/Reddit_Prov_Dataset_v6/_Hand_of_God_over_Portugal/g1009_d3eydy0.jpg", "URL": "http://i.imgur.com/9RKITlH.jpg", "fileid": "g1009_d3eydy0.jpg"}, {"id": "g1009_d3ehqsb", "comment": "\"So I'm not pregnant, doctor?\"\n\n\"No, silly!  The medical term for what you're developing is a 'Chipotle Demon Shit'.  [See here?  This is gonna tear you wide open!](http://i.imgur.com/5TOcy1I.jpg)\"", "date": "2016-05-21 16:56:08", "seriesname": "g1009_d3ehqsb", "file": "/media/jbrogan4/scratch2/Reddit_Prov_Dataset_v6/_Hand_of_God_over_Portugal/g1009_d3ehqsb.jpg", "URL": "http://i.imgur.com/5TOcy1I.jpg", "fileid": "g1009_d3ehqsb.jpg"}, {"id": "g1009_d3f0ite", "comment": "First time around at this... \n\n[Hand of God scores!](http://i.imgur.com/8PcY7kt.jpg)", "date": "2016-05-22 04:32:47", "seriesname": "g1009_d3f0ite", "file": "/media/jbrogan4/scratch2/Reddit_Prov_Dataset_v6/_Hand_of_God_over_Portugal/g1009_d3f0ite.jpg", "URL": "http://i.imgur.com/8PcY7kt.jpg", "fileid": "g1009_d3f0ite.jpg"}, {"id": "g1009_d3exetl", "comment": "I know this game...\n\nhttp://i.imgur.com/kXZcs5O.jpg", "date": "2016-05-22 01:37:25", "seriesname": "g1009_d3exetl", "file": "/media/jbrogan4/scratch2/Reddit_Prov_Dataset_v6/_Hand_of_God_over_Portugal/g1009_d3exetl.jpg", "URL": "http://i.imgur.com/kXZcs5O.jpg", "fileid": "g1009_d3exetl.jpg"}, {"id": "g1009_d3etf5b", "comment": "[Hand job](http://i.imgur.com/jDUZKUs.jpg?1)\n\nNSFW", "date": "2016-05-21 23:02:30", "seriesname": "g1009_d3etf5b", "file": "/media/jbrogan4/scratch2/Reddit_Prov_Dataset_v6/_Hand_of_God_over_Portugal/g1009_d3etf5b.jpg", "URL": "http://i.imgur.com/jDUZKUs.jpg?1", "fileid": "g1009_d3etf5b.jpg"}, {"id": "g1009_d3eim54", "comment": "[This fucking guy](http://imgur.com/7Yg12kq.jpg)", "date": "2016-05-21 17:21:29", "seriesname": "g1009_d3eim54", "file": "/media/jbrogan4/scratch2/Reddit_Prov_Dataset_v6/_Hand_of_God_over_Portugal/g1009_d3eim54.jpg", "URL": "http://imgur.com/7Yg12kq.jpg", "fileid": "g1009_d3eim54.jpg"}, {"id": "g1009_d3efvtv", "comment": "[I made this when the image was posted a few months ago](http://i.imgur.com/xrqwj3r.jpg) on /r/pics. \n\nI didn't do such a great job on the edges though...", "date": "2016-05-21 16:02:12", "seriesname": "g1009_d3efvtv", "file": "/media/jbrogan4/scratch2/Reddit_Prov_Dataset_v6/_Hand_of_God_over_Portugal/g1009_d3efvtv.jpg", "URL": "http://i.imgur.com/xrqwj3r.jpg", "fileid": "g1009_d3efvtv.jpg"}, {"id": "g1009_d3eu5k1", "comment": "http://m.imgur.com/IKoT9I9", "date": "2016-05-21 23:27:48", "seriesname": "g1009_d3eu5k1", "file": "/media/jbrogan4/scratch2/Reddit_Prov_Dataset_v6/_Hand_of_God_over_Portugal/g1009_d3eu5k1.png", "URL": "http://i.imgur.com/IKoT9I9.png", "fileid": "g1009_d3eu5k1.png"}, {"id": "g1009_d3ebvsp", "comment": "[Fuck you, Portugal!](https://i.imgur.com/15LFa3R.png)", "date": "2016-05-21 14:08:14", "seriesname": "g1009_d3ebvsp", "file": "/media/jbrogan4/scratch2/Reddit_Prov_Dataset_v6/_Hand_of_God_over_Portugal/g1009_d3ebvsp.png", "URL": "https://i.imgur.com/15LFa3R.png", "fileid": "g1009_d3ebvsp.png"}, {"id": "g1009_d3f2zeh", "comment": "[I felt so unclean making this.](http://i.imgur.com/q0A7EVr.jpg)", "date": "2016-05-22 07:21:43", "seriesname": "g1009_d3f2zeh", "file": "/media/jbrogan4/scratch2/Reddit_Prov_Dataset_v6/_Hand_of_God_over_Portugal/g1009_d3f2zeh.jpg", "URL": "http://i.imgur.com/q0A7EVr.jpg", "fileid": "g1009_d3f2zeh.jpg"}, {"id": "g1009_d3eeum7", "comment": "[SHORYUKEN](http://i.imgur.com/Mr0KOIs.jpg)", "date": "2016-05-21 15:32:00", "seriesname": "g1009_d3eeum7", "file": "/media/jbrogan4/scratch2/Reddit_Prov_Dataset_v6/_Hand_of_God_over_Portugal/g1009_d3eeum7.jpg", "URL": "http://i.imgur.com/Mr0KOIs.jpg", "fileid": "g1009_d3eeum7.jpg"}, {"id": "g1009_d3en55e", "comment": "\u00b4\u00b4\u00b4\u00b4\u00b4\u00b4\u00b6\u00b6\u00b6\u00b6\n\n\u00b4\u00b4\u00b4\u00b4\u00b4\u00b6\u00b4\u00b4\u00b4\u00b4\u00b6\u00b6\n\n\u00b4\u00b4\u00b4\u00b4\u00b4\u00b6\u00b4\u00b4\u00b4\u00b4\u00b4\u00b6\n\n\u00b4\u00b4\u00b4\u00b4\u00b4\u00b4\u00b6\u00b4\u00b4\u00b4\u00b4\u00b6\n\n\u00b4\u00b4\u00b4\u00b4\u00b4\u00b4\u00b6\u00b4\u00b4\u00b4\u00b6\n\n\u00b4\u00b4\u00b4\u00b4\u00b6\u00b6\u00b6\u00b6\u00b6\u00b6\u00b6\u00b6\u00b6\u00b6\u00b6\u00b6\n\n\u00b4\u00b4\u00b4\u00b6\u00b4\u00b4\u00b4\u00b4\u00b4\u00b4\u00b4\u00b4\u00b4\u00b4\u00b4\u00b4\u00b6\n\n\u00b4\u00b4\u00b6\u00b4\u00b4\u00b4\u00b4\u00b4\u00b4\u00b4\u00b4\u00b4\u00b4\u00b4\u00b4\u00b6\n\n\u00b4\u00b6\u00b6\u00b4\u00b4\u00b4\u00b6\u00b6\u00b6\u00b6\u00b6\u00b6\u00b6\u00b6\u00b6\u00b6\u00b6\n\n\u00b4\u00b6\u00b4\u00b4\u00b4\u00b4\u00b4\u00b4\u00b4\u00b4\u00b4\u00b4\u00b4\u00b4\u00b4\u00b4\u00b4\u00b6\n\n\u00b4\u00b6\u00b4\u00b4\u00b4\u00b4\u00b4\u00b4\u00b4\u00b4\u00b4\u00b4\u00b4\u00b4\u00b4\u00b4\u00b4\u00b6\n\n\u00b4\u00b4\u00b6\u00b4\u00b4\u00b4\u00b6\u00b6\u00b6\u00b6\u00b6\u00b6\u00b6\u00b6\u00b6\u00b6\u00b6\n\n\u00b4\u00b4\u00b4\u00b6\u00b4\u00b4\u00b4\u00b4\u00b4\u00b4\u00b4\u00b4\u00b4\u00b4\u00b4\u00b6\n\n\u00b4\u00b4\u00b4\u00b4\u00b6\u00b6\u00b6\u00b6\u00b6\u00b6\u00b6\u00b6\u00b6\u00b6\u00b6\n\n[Thanks, dude.](http://imgur.com/GpS9kam)", "date": "2016-05-21 19:40:45", "seriesname": "g1009_d3en55e", "file": "/media/jbrogan4/scratch2/Reddit_Prov_Dataset_v6/_Hand_of_God_over_Portugal/g1009_d3en55e.png", "URL": "http://i.imgur.com/GpS9kam.png", "fileid": "g1009_d3en55e.png"}, {"id": "g1009_d3edi6e", "comment": "[Final Fantasy VII](http://i.imgur.com/DXVcdm0.png)", "date": "2016-05-21 14:53:29", "seriesname": "g1009_d3edi6e", "file": "/media/jbrogan4/scratch2/Reddit_Prov_Dataset_v6/_Hand_of_God_over_Portugal/g1009_d3edi6e.png", "URL": "http://i.imgur.com/DXVcdm0.png", "fileid": "g1009_d3edi6e.png"}, {"id": "g1009_d3ecwq6", "comment": "http://i.imgur.com/gMTHAS5.png (nsfw..ish)\n\nEdit.. thanks for the gold kind stranger!\n\nEdit again.. Thank you times two!", "date": "2016-05-21 14:36:43", "seriesname": "g1009_d3ecwq6", "file": "/media/jbrogan4/scratch2/Reddit_Prov_Dataset_v6/_Hand_of_God_over_Portugal/g1009_d3ecwq6.png", "URL": "http://i.imgur.com/gMTHAS5.png", "fileid": "g1009_d3ecwq6.png"}, {"id": "g1009_d3eptnc", "comment": "Soon the power will be yours...\nhttp://i.imgur.com/ZFSJFaT.jpg", "date": "2016-05-21 21:08:42", "seriesname": "g1009_d3eptnc", "file": "/media/jbrogan4/scratch2/Reddit_Prov_Dataset_v6/_Hand_of_God_over_Portugal/g1009_d3eptnc.jpg", "URL": "http://i.imgur.com/ZFSJFaT.jpg", "fileid": "g1009_d3eptnc.jpg"}, {"id": "g1009_d3eihsv", "comment": "[St. Anger 'round my neck...](http://i.imgur.com/M6O5Vzk.png)", "date": "2016-05-21 17:17:56", "seriesname": "g1009_d3eihsv", "file": "/media/jbrogan4/scratch2/Reddit_Prov_Dataset_v6/_Hand_of_God_over_Portugal/g1009_d3eihsv.png", "URL": "http://i.imgur.com/M6O5Vzk.png", "fileid": "g1009_d3eihsv.png"}, {"id": "g1009_d3ei8kd", "comment": "[It's Sozin's Comet](http://i.imgur.com/XfLxYZS.png) ", "date": "2016-05-21 17:10:26", "seriesname": "g1009_d3ei8kd", "file": "/media/jbrogan4/scratch2/Reddit_Prov_Dataset_v6/_Hand_of_God_over_Portugal/g1009_d3ei8kd.png", "URL": "http://i.imgur.com/XfLxYZS.png", "fileid": "g1009_d3ei8kd.png"}, {"id": "g1009_d3ecj62", "comment": "[Try my new flavour, is light and fluffy, like cloud!](https://i.imgur.com/0gEVJOB.jpg)", "date": "2016-05-21 14:26:05", "seriesname": "g1009_d3ecj62", "file": "/media/jbrogan4/scratch2/Reddit_Prov_Dataset_v6/_Hand_of_God_over_Portugal/g1009_d3ecj62.jpg", "URL": "https://i.imgur.com/0gEVJOB.jpg", "fileid": "g1009_d3ecj62.jpg"}, {"id": "g1009_d3ecpsu", "comment": "[Duck or Rabbit?](http://i.imgur.com/RQ2CQfK.jpg)", "date": "2016-05-21 14:31:20", "seriesname": "g1009_d3ecpsu", "file": "/media/jbrogan4/scratch2/Reddit_Prov_Dataset_v6/_Hand_of_God_over_Portugal/g1009_d3ecpsu.jpg", "URL": "http://i.imgur.com/RQ2CQfK.jpg", "fileid": "g1009_d3ecpsu.jpg"}, {"id": "g1009_d3et0vz", "comment": "[This was the first thing I thought of.](http://i.imgur.com/2P7eJ48.png)", "date": "2016-05-21 22:49:46", "seriesname": "g1009_d3et0vz", "file": "/media/jbrogan4/scratch2/Reddit_Prov_Dataset_v6/_Hand_of_God_over_Portugal/g1009_d3et0vz.png", "URL": "http://i.imgur.com/2P7eJ48.png", "fileid": "g1009_d3et0vz.png"}, {"id": "g1009_d3eupt0", "comment": "http://imgur.com/M7Q8X5X\n\nAnother FF7 one, got the shape good I think.", "date": "2016-05-21 23:48:07", "seriesname": "g1009_d3eupt0", "file": "/media/jbrogan4/scratch2/Reddit_Prov_Dataset_v6/_Hand_of_God_over_Portugal/g1009_d3eupt0.png", "URL": "http://i.imgur.com/M7Q8X5X.png", "fileid": "g1009_d3eupt0.png"}, {"id": "g1009_d3ejfcq", "comment": "http://imgur.com/LfVRFlt  (NSFW-ish, my first ever)\n", "date": "2016-05-21 17:45:47", "seriesname": "g1009_d3ejfcq", "file": "/media/jbrogan4/scratch2/Reddit_Prov_Dataset_v6/_Hand_of_God_over_Portugal/g1009_d3ejfcq.png", "URL": "http://i.imgur.com/LfVRFlt.png", "fileid": "g1009_d3ejfcq.png"}, {"id": "g1009_root", "comment": "", "date": "2016-05-21 13:46:58", "seriesname": "g1009_root", "file": "/media/jbrogan4/scratch2/Reddit_Prov_Dataset_v6/_Hand_of_God_over_Portugal/g1009_root.jpg", "URL": "http://i.imgur.com/6rnjNOj.jpg", "fileid": "g1009_root.jpg"}], "graph": {"name": "g1009_root"}, "directed": true}