{"links": [{"op": "none", "target": 0, "source": 50}, {"op": "none", "target": 1, "source": 50}, {"op": "none", "target": 2, "source": 50}, {"op": "none", "target": 3, "source": 50}, {"op": "none", "target": 4, "source": 50}, {"op": "none", "target": 5, "source": 13}, {"op": "none", "target": 6, "source": 50}, {"op": "none", "target": 7, "source": 10}, {"op": "none", "target": 8, "source": 50}, {"op": "none", "target": 9, "source": 50}, {"op": "none", "target": 10, "source": 50}, {"op": "none", "target": 11, "source": 24}, {"op": "none", "target": 12, "source": 50}, {"op": "none", "target": 13, "source": 50}, {"op": "none", "target": 14, "source": 50}, {"op": "none", "target": 15, "source": 50}, {"op": "none", "target": 16, "source": 20}, {"op": "none", "target": 17, "source": 50}, {"op": "none", "target": 18, "source": 42}, {"op": "none", "target": 19, "source": 50}, {"op": "none", "target": 20, "source": 50}, {"op": "none", "target": 21, "source": 50}, {"op": "none", "target": 22, "source": 50}, {"op": "none", "target": 23, "source": 50}, {"op": "none", "target": 24, "source": 50}, {"op": "none", "target": 25, "source": 50}, {"op": "none", "target": 26, "source": 43}, {"op": "none", "target": 27, "source": 50}, {"op": "none", "target": 28, "source": 40}, {"op": "none", "target": 29, "source": 50}, {"op": "none", "target": 30, "source": 25}, {"op": "none", "target": 31, "source": 50}, {"op": "none", "target": 32, "source": 50}, {"op": "none", "target": 33, "source": 50}, {"op": "none", "target": 34, "source": 28}, {"op": "none", "target": 35, "source": 50}, {"op": "none", "target": 36, "source": 50}, {"op": "none", "target": 37, "source": 44}, {"op": "none", "target": 38, "source": 50}, {"op": "none", "target": 39, "source": 50}, {"op": "none", "target": 40, "source": 49}, {"op": "none", "target": 41, "source": 50}, {"op": "none", "target": 42, "source": 30}, {"op": "none", "target": 43, "source": 20}, {"op": "none", "target": 44, "source": 9}, {"op": "none", "target": 45, "source": 50}, {"op": "none", "target": 46, "source": 50}, {"op": "none", "target": 47, "source": 50}, {"op": "none", "target": 48, "source": 50}, {"op": "none", "target": 49, "source": 42}, {"op": "none", "target": 51, "source": 25}], "title": "_Bernie_Sanders_holding_a_cat", "nodes": [{"id": "g1010_cz3biqw", "comment": "[Now it's my time to shine.](http://i.imgur.com/k8wO9bd.png)", "date": "2016-01-18 18:55:29", "seriesname": "g1010_cz3biqw", "file": "/media/jbrogan4/scratch2/Reddit_Prov_Dataset_v6/_Bernie_Sanders_holding_a_cat/g1010_cz3biqw.png", "URL": "http://i.imgur.com/k8wO9bd.png", "fileid": "g1010_cz3biqw.png"}, {"id": "g1010_cz34ggh", "comment": "[First time posting here](http://i.imgur.com/v6w5VK5.png)", "date": "2016-01-18 15:59:35", "seriesname": "g1010_cz34ggh", "file": "/media/jbrogan4/scratch2/Reddit_Prov_Dataset_v6/_Bernie_Sanders_holding_a_cat/g1010_cz34ggh.png", "URL": "http://i.imgur.com/v6w5VK5.png", "fileid": "g1010_cz34ggh.png"}, {"id": "g1010_cz3ct44", "comment": "[shh bby is ok](http://i.imgur.com/vLy19vx.jpg)", "date": "2016-01-18 19:32:06", "seriesname": "g1010_cz3ct44", "file": "/media/jbrogan4/scratch2/Reddit_Prov_Dataset_v6/_Bernie_Sanders_holding_a_cat/g1010_cz3ct44.jpg", "URL": "http://i.imgur.com/vLy19vx.jpg", "fileid": "g1010_cz3ct44.jpg"}, {"id": "g1010_cz37emg", "comment": "[My Meta one](http://i.imgur.com/I9SOIrU.jpg)\n\nEDIT: oh son of a.... /u/jskoker beat me to this one", "date": "2016-01-18 17:08:50", "seriesname": "g1010_cz37emg", "file": "/media/jbrogan4/scratch2/Reddit_Prov_Dataset_v6/_Bernie_Sanders_holding_a_cat/g1010_cz37emg.jpg", "URL": "http://i.imgur.com/I9SOIrU.jpg", "fileid": "g1010_cz37emg.jpg"}, {"id": "g1010_cz35xlu", "comment": "[Just cleaned it up because IMO this image is already amazing.](http://i.imgur.com/KtIAdwJ.png)", "date": "2016-01-18 16:33:50", "seriesname": "g1010_cz35xlu", "file": "/media/jbrogan4/scratch2/Reddit_Prov_Dataset_v6/_Bernie_Sanders_holding_a_cat/g1010_cz35xlu.png", "URL": "http://i.imgur.com/KtIAdwJ.png", "fileid": "g1010_cz35xlu.png"}, {"id": "g1010_cz37s8n", "comment": "[Thanks for the heads-up, anonymous reporter;](http://i.imgur.com/vn0plJX.png) this 'shop *is* hilarious!", "date": "2016-01-18 17:18:11", "seriesname": "g1010_cz37s8n", "file": "/media/jbrogan4/scratch2/Reddit_Prov_Dataset_v6/_Bernie_Sanders_holding_a_cat/g1010_cz37s8n.png", "URL": "http://i.imgur.com/vn0plJX.png", "fileid": "g1010_cz37s8n.png"}, {"id": "g1010_cz380n5", "comment": "There are 4 types of white people\nhttp://i.imgur.com/7Gh5XVf.jpg", "date": "2016-01-18 17:23:59", "seriesname": "g1010_cz380n5", "file": "/media/jbrogan4/scratch2/Reddit_Prov_Dataset_v6/_Bernie_Sanders_holding_a_cat/g1010_cz380n5.jpg", "URL": "http://i.imgur.com/7Gh5XVf.jpg", "fileid": "g1010_cz380n5.jpg"}, {"id": "g1010_cz3fsjy", "comment": "[Obligatory](http://i.imgur.com/sXNozWt.jpg)", "date": "2016-01-18 20:54:15", "seriesname": "g1010_cz3fsjy", "file": "/media/jbrogan4/scratch2/Reddit_Prov_Dataset_v6/_Bernie_Sanders_holding_a_cat/g1010_cz3fsjy.jpg", "URL": "http://i.imgur.com/sXNozWt.jpg", "fileid": "g1010_cz3fsjy.jpg"}, {"id": "g1010_cz36by1", "comment": "[You'll never leave me, will you, Bernie?](http://i.imgur.com/RUNzjj2.jpg)", "date": "2016-01-18 16:43:18", "seriesname": "g1010_cz36by1", "file": "/media/jbrogan4/scratch2/Reddit_Prov_Dataset_v6/_Bernie_Sanders_holding_a_cat/g1010_cz36by1.jpg", "URL": "http://i.imgur.com/RUNzjj2.jpg", "fileid": "g1010_cz36by1.jpg"}, {"id": "g1010_cz35oo0", "comment": "[In the oval office](http://i.imgur.com/QNDwCl2.jpg)\n\nEDIT: Obligatory thanks for the gold edit.", "date": "2016-01-18 16:28:05", "seriesname": "g1010_cz35oo0", "file": "/media/jbrogan4/scratch2/Reddit_Prov_Dataset_v6/_Bernie_Sanders_holding_a_cat/g1010_cz35oo0.jpg", "URL": "http://i.imgur.com/QNDwCl2.jpg", "fileid": "g1010_cz35oo0.jpg"}, {"id": "g1010_cz34voy", "comment": "http://i.imgur.com/rQ61ZQX.jpg", "date": "2016-01-18 16:09:30", "seriesname": "g1010_cz34voy", "file": "/media/jbrogan4/scratch2/Reddit_Prov_Dataset_v6/_Bernie_Sanders_holding_a_cat/g1010_cz34voy.jpg", "URL": "http://i.imgur.com/rQ61ZQX.jpg", "fileid": "g1010_cz34voy.jpg"}, {"id": "g1010_cz3bxb8", "comment": "[Well...](http://i.imgur.com/k8wO9bd.png)", "date": "2016-01-18 19:06:46", "seriesname": "g1010_cz3bxb8", "file": "/media/jbrogan4/scratch2/Reddit_Prov_Dataset_v6/_Bernie_Sanders_holding_a_cat/g1010_cz3bxb8.png", "URL": "http://i.imgur.com/k8wO9bd.png", "fileid": "g1010_cz3bxb8.png"}, {"id": "g1010_cz3bj0f", "comment": "Bernie loves his Subway\nhttp://imgur.com/7QPWUwW", "date": "2016-01-18 18:55:40", "seriesname": "g1010_cz3bj0f", "file": "/media/jbrogan4/scratch2/Reddit_Prov_Dataset_v6/_Bernie_Sanders_holding_a_cat/g1010_cz3bj0f.png", "URL": "http://i.imgur.com/7QPWUwW.png", "fileid": "g1010_cz3bj0f.png"}, {"id": "g1010_cz34ao4", "comment": "[My local humane society posts pictures of new adoptions. This one makes me so happy.](http://i.imgur.com/W8EdpYr.jpg)\n\n.\n\n.\n\n.\n\n^^^^^[Reference](https://www.reddit.com/r/aww/comments/zzg3k/my_local_humane_society_posts_pictures_of_new/)", "date": "2016-01-18 15:55:52", "seriesname": "g1010_cz34ao4", "file": "/media/jbrogan4/scratch2/Reddit_Prov_Dataset_v6/_Bernie_Sanders_holding_a_cat/g1010_cz34ao4.jpg", "URL": "http://i.imgur.com/W8EdpYr.jpg", "fileid": "g1010_cz34ao4.jpg"}, {"id": "g1010_cz33qd2", "comment": "[The GodSanders](https://imgur.com/bEz3Mdx)", "date": "2016-01-18 15:42:29", "seriesname": "g1010_cz33qd2", "file": "/media/jbrogan4/scratch2/Reddit_Prov_Dataset_v6/_Bernie_Sanders_holding_a_cat/g1010_cz33qd2.png", "URL": "http://i.imgur.com/bEz3Mdx.png", "fileid": "g1010_cz33qd2.png"}, {"id": "g1010_cz38l5c", "comment": "[Change we can count on.](http://i.imgur.com/uYoNEE4.png)", "date": "2016-01-18 17:38:04", "seriesname": "g1010_cz38l5c", "file": "/media/jbrogan4/scratch2/Reddit_Prov_Dataset_v6/_Bernie_Sanders_holding_a_cat/g1010_cz38l5c.png", "URL": "http://i.imgur.com/uYoNEE4.png", "fileid": "g1010_cz38l5c.png"}, {"id": "g1010_cz39a5p", "comment": "http://i.imgur.com/dYazhck.jpg", "date": "2016-01-18 17:55:30", "seriesname": "g1010_cz39a5p", "file": "/media/jbrogan4/scratch2/Reddit_Prov_Dataset_v6/_Bernie_Sanders_holding_a_cat/g1010_cz39a5p.jpg", "URL": "http://i.imgur.com/dYazhck.jpg", "fileid": "g1010_cz39a5p.jpg"}, {"id": "g1010_cz39cmg", "comment": "[Bernie 2016](https://i.imgur.com/oowp94M.jpg)\n\nEdit: [1920x1080 Version](https://i.imgur.com/Cbo2TKh.png)", "date": "2016-01-18 17:57:11", "seriesname": "g1010_cz39cmg", "file": "/media/jbrogan4/scratch2/Reddit_Prov_Dataset_v6/_Bernie_Sanders_holding_a_cat/g1010_cz39cmg.png", "URL": "https://i.imgur.com/Cbo2TKh.png", "fileid": "g1010_cz39cmg.png"}, {"id": "g1010_cz3ay9l", "comment": "[That's no moon...](http://i.imgur.com/qKKXxlb.jpg)", "date": "2016-01-18 18:39:46", "seriesname": "g1010_cz3ay9l", "file": "/media/jbrogan4/scratch2/Reddit_Prov_Dataset_v6/_Bernie_Sanders_holding_a_cat/g1010_cz3ay9l.jpg", "URL": "http://i.imgur.com/qKKXxlb.jpg", "fileid": "g1010_cz3ay9l.jpg"}, {"id": "g1010_cz3f598", "comment": "http://i.imgur.com/X0tkUmJ.jpg", "date": "2016-01-18 20:37:09", "seriesname": "g1010_cz3f598", "file": "/media/jbrogan4/scratch2/Reddit_Prov_Dataset_v6/_Bernie_Sanders_holding_a_cat/g1010_cz3f598.jpg", "URL": "http://i.imgur.com/X0tkUmJ.jpg", "fileid": "g1010_cz3f598.jpg"}, {"id": "g1010_cz33igx", "comment": "[http://i.imgur.com/xaxDRnK.png](http://i.imgur.com/xaxDRnK.png)", "date": "2016-01-18 15:37:17", "seriesname": "g1010_cz33igx", "file": "/media/jbrogan4/scratch2/Reddit_Prov_Dataset_v6/_Bernie_Sanders_holding_a_cat/g1010_cz33igx.png", "URL": "http://i.imgur.com/xaxDRnK.png](http://i.imgur.com/xaxDRnK.png", "fileid": "g1010_cz33igx.png"}, {"id": "g1010_cz388lh", "comment": "[Ernie 2016](http://imgur.com/wtplwjJ)", "date": "2016-01-18 17:29:24", "seriesname": "g1010_cz388lh", "file": "/media/jbrogan4/scratch2/Reddit_Prov_Dataset_v6/_Bernie_Sanders_holding_a_cat/g1010_cz388lh.png", "URL": "http://i.imgur.com/wtplwjJ.png", "fileid": "g1010_cz388lh.png"}, {"id": "g1010_cz37ks2", "comment": "[First thought that popped in my mind.](http://i.imgur.com/Yxmfneu.png)", "date": "2016-01-18 17:13:00", "seriesname": "g1010_cz37ks2", "file": "/media/jbrogan4/scratch2/Reddit_Prov_Dataset_v6/_Bernie_Sanders_holding_a_cat/g1010_cz37ks2.png", "URL": "http://i.imgur.com/Yxmfneu.png", "fileid": "g1010_cz37ks2.png"}, {"id": "g1010_cz39p5c", "comment": "[Breakfast in the White House](http://i.imgur.com/NK5VyYN.jpg)", "date": "2016-01-18 18:06:15", "seriesname": "g1010_cz39p5c", "file": "/media/jbrogan4/scratch2/Reddit_Prov_Dataset_v6/_Bernie_Sanders_holding_a_cat/g1010_cz39p5c.jpg", "URL": "http://i.imgur.com/NK5VyYN.jpg", "fileid": "g1010_cz39p5c.jpg"}, {"id": "g1010_cz32ati", "comment": "[Mine](http://i.imgur.com/Q5CW5zW.jpg)", "date": "2016-01-18 15:08:40", "seriesname": "g1010_cz32ati", "file": "/media/jbrogan4/scratch2/Reddit_Prov_Dataset_v6/_Bernie_Sanders_holding_a_cat/g1010_cz32ati.jpg", "URL": "http://i.imgur.com/Q5CW5zW.jpg", "fileid": "g1010_cz32ati.jpg"}, {"id": "g1010_cz34u07", "comment": "[I don't know where I was going with this.](http://i.imgur.com/wzGF8nV.png)", "date": "2016-01-18 16:08:23", "seriesname": "g1010_cz34u07", "file": "/media/jbrogan4/scratch2/Reddit_Prov_Dataset_v6/_Bernie_Sanders_holding_a_cat/g1010_cz34u07.png", "URL": "http://i.imgur.com/wzGF8nV.png", "fileid": "g1010_cz34u07.png"}, {"id": "g1010_cz36fd8", "comment": "[Purnie Sanders](http://i.imgur.com/JK0y8va.png) for president!", "date": "2016-01-18 16:45:30", "seriesname": "g1010_cz36fd8", "file": "/media/jbrogan4/scratch2/Reddit_Prov_Dataset_v6/_Bernie_Sanders_holding_a_cat/g1010_cz36fd8.png", "URL": "http://i.imgur.com/JK0y8va.png", "fileid": "g1010_cz36fd8.png"}, {"id": "g1010_cz3a29w", "comment": "[BERN](http://i.imgur.com/fKQIhqf.png)", "date": "2016-01-18 18:15:46", "seriesname": "g1010_cz3a29w", "file": "/media/jbrogan4/scratch2/Reddit_Prov_Dataset_v6/_Bernie_Sanders_holding_a_cat/g1010_cz3a29w.png", "URL": "http://i.imgur.com/fKQIhqf.png", "fileid": "g1010_cz3a29w.png"}, {"id": "g1010_cz398vz", "comment": "http://i.imgur.com/086KIjl.jpg", "date": "2016-01-18 17:54:36", "seriesname": "g1010_cz398vz", "file": "/media/jbrogan4/scratch2/Reddit_Prov_Dataset_v6/_Bernie_Sanders_holding_a_cat/g1010_cz398vz.jpg", "URL": "http://i.imgur.com/086KIjl.jpg", "fileid": "g1010_cz398vz.jpg"}, {"id": "g1010_cz35thm", "comment": "http://i.imgur.com/0Q3kEw6.jpg", "date": "2016-01-18 16:31:11", "seriesname": "g1010_cz35thm", "file": "/media/jbrogan4/scratch2/Reddit_Prov_Dataset_v6/_Bernie_Sanders_holding_a_cat/g1010_cz35thm.jpg", "URL": "http://i.imgur.com/0Q3kEw6.jpg", "fileid": "g1010_cz35thm.jpg"}, {"id": "g1010_cz35v1h", "comment": "http://i.imgur.com/Zlsuyn5.jpg", "date": "2016-01-18 16:32:11", "seriesname": "g1010_cz35v1h", "file": "/media/jbrogan4/scratch2/Reddit_Prov_Dataset_v6/_Bernie_Sanders_holding_a_cat/g1010_cz35v1h.jpg", "URL": "http://i.imgur.com/Zlsuyn5.jpg", "fileid": "g1010_cz35v1h.jpg"}, {"id": "g1010_cz3b6e8", "comment": "Bernfinger  \n1. [Clinton version](http://imgur.com/fRKnaJu)  \n2. [Trump version](http://imgur.com/HgFkQO6)\n\n\n", "date": "2016-01-18 18:45:55", "seriesname": "g1010_cz3b6e8", "file": "/media/jbrogan4/scratch2/Reddit_Prov_Dataset_v6/_Bernie_Sanders_holding_a_cat/g1010_cz3b6e8.png", "URL": "http://i.imgur.com/HgFkQO6.png", "fileid": "g1010_cz3b6e8.png"}, {"id": "g1010_cz3xc6q", "comment": "http://imgur.com/GD7AbcT", "date": "2016-01-19 09:18:53", "seriesname": "g1010_cz3xc6q", "file": "/media/jbrogan4/scratch2/Reddit_Prov_Dataset_v6/_Bernie_Sanders_holding_a_cat/g1010_cz3xc6q.png", "URL": "http://i.imgur.com/GD7AbcT.png", "fileid": "g1010_cz3xc6q.png"}, {"id": "g1010_cz3cso7", "comment": "http://imgur.com/3EMSeMB", "date": "2016-01-18 19:31:44", "seriesname": "g1010_cz3cso7", "file": "/media/jbrogan4/scratch2/Reddit_Prov_Dataset_v6/_Bernie_Sanders_holding_a_cat/g1010_cz3cso7.png", "URL": "http://i.imgur.com/3EMSeMB.png", "fileid": "g1010_cz3cso7.png"}, {"id": "g1010_cz3af6h", "comment": "http://i.imgur.com/ntixNMu.jpg", "date": "2016-01-18 18:25:21", "seriesname": "g1010_cz3af6h", "file": "/media/jbrogan4/scratch2/Reddit_Prov_Dataset_v6/_Bernie_Sanders_holding_a_cat/g1010_cz3af6h.jpg", "URL": "http://i.imgur.com/ntixNMu.jpg", "fileid": "g1010_cz3af6h.jpg"}, {"id": "g1010_cz34c25", "comment": "[The best pet a guy could ask for](http://imgur.com/mB0naf2)", "date": "2016-01-18 15:56:44", "seriesname": "g1010_cz34c25", "file": "/media/jbrogan4/scratch2/Reddit_Prov_Dataset_v6/_Bernie_Sanders_holding_a_cat/g1010_cz34c25.png", "URL": "http://i.imgur.com/mB0naf2.png", "fileid": "g1010_cz34c25.png"}, {"id": "g1010_cz3dhzu", "comment": "My nerual network (AI) painting in the style of Picaso: http://imgur.com/ycSbLM5", "date": "2016-01-18 19:51:42", "seriesname": "g1010_cz3dhzu", "file": "/media/jbrogan4/scratch2/Reddit_Prov_Dataset_v6/_Bernie_Sanders_holding_a_cat/g1010_cz3dhzu.png", "URL": "http://i.imgur.com/ycSbLM5.png", "fileid": "g1010_cz3dhzu.png"}, {"id": "g1010_cz3b7gm", "comment": "[With a few extra cats.](http://i.imgur.com/t4U9zPl.jpg)", "date": "2016-01-18 18:46:46", "seriesname": "g1010_cz3b7gm", "file": "/media/jbrogan4/scratch2/Reddit_Prov_Dataset_v6/_Bernie_Sanders_holding_a_cat/g1010_cz3b7gm.jpg", "URL": "http://i.imgur.com/t4U9zPl.jpg", "fileid": "g1010_cz3b7gm.jpg"}, {"id": "g1010_cz33pdf", "comment": "I didn't even realise this was a PSB, someone just sent me a link to the photo and I sent them back this:\n\nhttp://i.stack.imgur.com/ARkR1.png", "date": "2016-01-18 15:41:50", "seriesname": "g1010_cz33pdf", "file": "/media/jbrogan4/scratch2/Reddit_Prov_Dataset_v6/_Bernie_Sanders_holding_a_cat/g1010_cz33pdf.png", "URL": "http://i.stack.imgur.com/ARkR1.png", "fileid": "g1010_cz33pdf.png"}, {"id": "g1010_cz36gsk", "comment": "I didn't realize how terrible I am with Photoshop I am until [now](http://i.imgur.com/E1Vyzan.jpg).", "date": "2016-01-18 16:46:27", "seriesname": "g1010_cz36gsk", "file": "/media/jbrogan4/scratch2/Reddit_Prov_Dataset_v6/_Bernie_Sanders_holding_a_cat/g1010_cz36gsk.jpg", "URL": "http://i.imgur.com/E1Vyzan.jpg).", "fileid": "g1010_cz36gsk."}, {"id": "g1010_cz38ufy", "comment": "[http://i.imgur.com/vq7lZyU.png](http://i.imgur.com/vq7lZyU.png)", "date": "2016-01-18 17:44:28", "seriesname": "g1010_cz38ufy", "file": "/media/jbrogan4/scratch2/Reddit_Prov_Dataset_v6/_Bernie_Sanders_holding_a_cat/g1010_cz38ufy.png", "URL": "http://i.imgur.com/vq7lZyU.png](http://i.imgur.com/vq7lZyU.png", "fileid": "g1010_cz38ufy.png"}, {"id": "g1010_cz36v79", "comment": "[Album of the Year](http://imgur.com/e815nWp)", "date": "2016-01-18 16:55:50", "seriesname": "g1010_cz36v79", "file": "/media/jbrogan4/scratch2/Reddit_Prov_Dataset_v6/_Bernie_Sanders_holding_a_cat/g1010_cz36v79.png", "URL": "http://i.imgur.com/e815nWp.png", "fileid": "g1010_cz36v79.png"}, {"id": "g1010_cz36ztz", "comment": "[http://i.imgur.com/dTALELV.png](http://i.imgur.com/dTALELV.png)", "date": "2016-01-18 16:58:54", "seriesname": "g1010_cz36ztz", "file": "/media/jbrogan4/scratch2/Reddit_Prov_Dataset_v6/_Bernie_Sanders_holding_a_cat/g1010_cz36ztz.png", "URL": "http://i.imgur.com/dTALELV.png](http://i.imgur.com/dTALELV.png", "fileid": "g1010_cz36ztz.png"}, {"id": "g1010_cz34q6z", "comment": "http://i.imgur.com/LJYgnjh.jpg", "date": "2016-01-18 16:05:54", "seriesname": "g1010_cz34q6z", "file": "/media/jbrogan4/scratch2/Reddit_Prov_Dataset_v6/_Bernie_Sanders_holding_a_cat/g1010_cz34q6z.jpg", "URL": "http://i.imgur.com/LJYgnjh.jpg", "fileid": "g1010_cz34q6z.jpg"}, {"id": "g1010_cz38dmg", "comment": "[Added a scratching post for you.](http://i.imgur.com/LqKEHxO.jpg)", "date": "2016-01-18 17:32:51", "seriesname": "g1010_cz38dmg", "file": "/media/jbrogan4/scratch2/Reddit_Prov_Dataset_v6/_Bernie_Sanders_holding_a_cat/g1010_cz38dmg.jpg", "URL": "http://i.imgur.com/LqKEHxO.jpg", "fileid": "g1010_cz38dmg.jpg"}, {"id": "g1010_cz36x1z", "comment": "I thought that cat looked familiar...\n\nhttp://imgur.com/abVu6RB", "date": "2016-01-18 16:57:04", "seriesname": "g1010_cz36x1z", "file": "/media/jbrogan4/scratch2/Reddit_Prov_Dataset_v6/_Bernie_Sanders_holding_a_cat/g1010_cz36x1z.png", "URL": "http://i.imgur.com/abVu6RB.png", "fileid": "g1010_cz36x1z.png"}, {"id": "g1010_cz3donp", "comment": "Feel the Bern! The fire side chat [Bern.](http://imgur.com/gGlqoaW)", "date": "2016-01-18 19:57:02", "seriesname": "g1010_cz3donp", "file": "/media/jbrogan4/scratch2/Reddit_Prov_Dataset_v6/_Bernie_Sanders_holding_a_cat/g1010_cz3donp.png", "URL": "http://i.imgur.com/gGlqoaW.png", "fileid": "g1010_cz3donp.png"}, {"id": "g1010_cz355st", "comment": "[It'll be ok](http://i.imgur.com/sDCgCsZ.jpg)\n\nEdit: [Official Edition](http://i.imgur.com/P16Ggqb.jpg)", "date": "2016-01-18 16:15:58", "seriesname": "g1010_cz355st", "file": "/media/jbrogan4/scratch2/Reddit_Prov_Dataset_v6/_Bernie_Sanders_holding_a_cat/g1010_cz355st.jpg", "URL": "http://i.imgur.com/P16Ggqb.jpg", "fileid": "g1010_cz355st.jpg"}, {"id": "g1010_cz3actt", "comment": "[Aww, Who wants to be pwesident?](http://i.imgur.com/a7tgt20.png)", "date": "2016-01-18 18:23:36", "seriesname": "g1010_cz3actt", "file": "/media/jbrogan4/scratch2/Reddit_Prov_Dataset_v6/_Bernie_Sanders_holding_a_cat/g1010_cz3actt.png", "URL": "http://i.imgur.com/a7tgt20.png", "fileid": "g1010_cz3actt.png"}, {"id": "g1010_cz37r56", "comment": "http://i.imgur.com/wXSGKcg.jpg", "date": "2016-01-18 17:17:26", "seriesname": "g1010_cz37r56", "file": "/media/jbrogan4/scratch2/Reddit_Prov_Dataset_v6/_Bernie_Sanders_holding_a_cat/g1010_cz37r56.jpg", "URL": "http://i.imgur.com/wXSGKcg.jpg", "fileid": "g1010_cz37r56.jpg"}, {"id": "g1010_root", "comment": "", "date": "2016-01-18 14:31:41", "seriesname": "g1010_root", "file": "/media/jbrogan4/scratch2/Reddit_Prov_Dataset_v6/_Bernie_Sanders_holding_a_cat/g1010_root.jpg", "URL": "https://i.imgur.com/bLn7Hv1.jpg", "fileid": "g1010_root.jpg"}, {"id": "g1010_cz3al0p", "comment": "http://i.imgur.com/gxtjrGi.png  \n\n^I ^^claim ^^^copyright", "date": "2016-01-18 18:29:50", "seriesname": "g1010_cz3al0p", "file": "/media/jbrogan4/scratch2/Reddit_Prov_Dataset_v6/_Bernie_Sanders_holding_a_cat/g1010_cz3al0p.png", "URL": "http://i.imgur.com/gxtjrGi.png", "fileid": "g1010_cz3al0p.png"}], "graph": {"name": "g1010_root"}, "directed": true}