{"links": [{"op": "none", "target": 0, "source": 64}, {"op": "none", "target": 1, "source": 64}, {"op": "none", "target": 2, "source": 64}, {"op": "none", "target": 3, "source": 27}, {"op": "none", "target": 4, "source": 64}, {"op": "none", "target": 5, "source": 64}, {"op": "none", "target": 6, "source": 51}, {"op": "none", "target": 7, "source": 64}, {"op": "none", "target": 8, "source": 43}, {"op": "none", "target": 9, "source": 64}, {"op": "none", "target": 10, "source": 64}, {"op": "none", "target": 11, "source": 64}, {"op": "none", "target": 12, "source": 64}, {"op": "none", "target": 13, "source": 53}, {"op": "none", "target": 14, "source": 64}, {"op": "none", "target": 15, "source": 38}, {"op": "none", "target": 16, "source": 64}, {"op": "none", "target": 17, "source": 64}, {"op": "none", "target": 18, "source": 64}, {"op": "none", "target": 19, "source": 64}, {"op": "none", "target": 20, "source": 64}, {"op": "none", "target": 21, "source": 64}, {"op": "none", "target": 22, "source": 64}, {"op": "none", "target": 23, "source": 64}, {"op": "none", "target": 24, "source": 9}, {"op": "none", "target": 25, "source": 64}, {"op": "none", "target": 26, "source": 20}, {"op": "none", "target": 27, "source": 64}, {"op": "none", "target": 28, "source": 64}, {"op": "none", "target": 29, "source": 64}, {"op": "none", "target": 30, "source": 64}, {"op": "none", "target": 31, "source": 64}, {"op": "none", "target": 32, "source": 64}, {"op": "none", "target": 33, "source": 64}, {"op": "none", "target": 34, "source": 51}, {"op": "none", "target": 35, "source": 64}, {"op": "none", "target": 36, "source": 64}, {"op": "none", "target": 37, "source": 34}, {"op": "none", "target": 38, "source": 26}, {"op": "none", "target": 39, "source": 64}, {"op": "none", "target": 40, "source": 64}, {"op": "none", "target": 41, "source": 21}, {"op": "none", "target": 42, "source": 64}, {"op": "none", "target": 43, "source": 64}, {"op": "none", "target": 44, "source": 51}, {"op": "none", "target": 45, "source": 64}, {"op": "none", "target": 46, "source": 64}, {"op": "none", "target": 47, "source": 64}, {"op": "none", "target": 48, "source": 64}, {"op": "none", "target": 49, "source": 64}, {"op": "none", "target": 50, "source": 64}, {"op": "none", "target": 51, "source": 52}, {"op": "none", "target": 52, "source": 64}, {"op": "none", "target": 53, "source": 64}, {"op": "none", "target": 54, "source": 64}, {"op": "none", "target": 55, "source": 64}, {"op": "none", "target": 56, "source": 64}, {"op": "none", "target": 57, "source": 64}, {"op": "none", "target": 58, "source": 64}, {"op": "none", "target": 59, "source": 64}, {"op": "none", "target": 60, "source": 64}, {"op": "none", "target": 61, "source": 59}, {"op": "none", "target": 62, "source": 15}, {"op": "none", "target": 63, "source": 64}, {"op": "none", "target": 65, "source": 64}, {"op": "none", "target": 66, "source": 64}], "title": "_Pole_Vault_winner_in_the_air", "nodes": [{"id": "g1023_d17zexm", "comment": "[Turn Down For What](http://i.imgur.com/KUqf0BB.jpg)", "date": "2016-03-21 12:25:43", "seriesname": "g1023_d17zexm", "file": "/media/jbrogan4/scratch2/Reddit_Prov_Dataset_v6/_Pole_Vault_winner_in_the_air/g1023_d17zexm.jpg", "URL": "http://i.imgur.com/KUqf0BB.jpg", "fileid": "g1023_d17zexm.jpg"}, {"id": "g1023_d184plr", "comment": "[Wrryy!](http://imgur.com/RNw4fN8)", "date": "2016-03-21 14:26:39", "seriesname": "g1023_d184plr", "file": "/media/jbrogan4/scratch2/Reddit_Prov_Dataset_v6/_Pole_Vault_winner_in_the_air/g1023_d184plr.png", "URL": "http://i.imgur.com/RNw4fN8.png", "fileid": "g1023_d184plr.png"}, {"id": "g1023_d186p8q", "comment": "[FIGHT!](http://imgur.com/ApdcMEU)", "date": "2016-03-21 15:10:58", "seriesname": "g1023_d186p8q", "file": "/media/jbrogan4/scratch2/Reddit_Prov_Dataset_v6/_Pole_Vault_winner_in_the_air/g1023_d186p8q.png", "URL": "http://i.imgur.com/ApdcMEU.png", "fileid": "g1023_d186p8q.png"}, {"id": "g1023_d18pn54", "comment": "[Yeah now that you mention it...](http://i.imgur.com/UjC7MoO.jpg)", "date": "2016-03-21 22:58:29", "seriesname": "g1023_d18pn54", "file": "/media/jbrogan4/scratch2/Reddit_Prov_Dataset_v6/_Pole_Vault_winner_in_the_air/g1023_d18pn54.jpg", "URL": "http://i.imgur.com/UjC7MoO.jpg", "fileid": "g1023_d18pn54.jpg"}, {"id": "g1023_d185itn", "comment": " http://i.imgur.com/vAI3j2p.jpg ", "date": "2016-03-21 14:44:37", "seriesname": "g1023_d185itn", "file": "/media/jbrogan4/scratch2/Reddit_Prov_Dataset_v6/_Pole_Vault_winner_in_the_air/g1023_d185itn.jpg", "URL": "http://i.imgur.com/vAI3j2p.jpg", "fileid": "g1023_d185itn.jpg"}, {"id": "g1023_d180rfq", "comment": "http://i.imgur.com/KYYu1cH.png", "date": "2016-03-21 12:56:53", "seriesname": "g1023_d180rfq", "file": "/media/jbrogan4/scratch2/Reddit_Prov_Dataset_v6/_Pole_Vault_winner_in_the_air/g1023_d180rfq.png", "URL": "http://i.imgur.com/KYYu1cH.png", "fileid": "g1023_d180rfq.png"}, {"id": "g1023_d18cys7", "comment": "[Fixed the bullets for you, to add realism to the photo](http://imgur.com/S8wCH0V)", "date": "2016-03-21 17:33:02", "seriesname": "g1023_d18cys7", "file": "/media/jbrogan4/scratch2/Reddit_Prov_Dataset_v6/_Pole_Vault_winner_in_the_air/g1023_d18cys7.png", "URL": "http://i.imgur.com/S8wCH0V.png", "fileid": "g1023_d18cys7.png"}, {"id": "g1023_d18fvnu", "comment": "[\u00af\\_(\u30c4)_/\u00af](http://imgur.com/64yKr9W)", "date": "2016-03-21 18:45:22", "seriesname": "g1023_d18fvnu", "file": "/media/jbrogan4/scratch2/Reddit_Prov_Dataset_v6/_Pole_Vault_winner_in_the_air/g1023_d18fvnu.png", "URL": "http://i.imgur.com/64yKr9W.png", "fileid": "g1023_d18fvnu.png"}, {"id": "g1023_d18t2tn", "comment": "I made a [monochrome wallpaper](http://i.imgur.com/5eLompA.jpg?1) based on yours for my phone.", "date": "2016-03-22 00:55:38", "seriesname": "g1023_d18t2tn", "file": "/media/jbrogan4/scratch2/Reddit_Prov_Dataset_v6/_Pole_Vault_winner_in_the_air/g1023_d18t2tn.jpg", "URL": "http://i.imgur.com/5eLompA.jpg?1", "fileid": "g1023_d18t2tn.jpg"}, {"id": "g1023_d17zd0x", "comment": "[skater waiter!](http://imgur.com/Xa0rymV)", "date": "2016-03-21 12:24:31", "seriesname": "g1023_d17zd0x", "file": "/media/jbrogan4/scratch2/Reddit_Prov_Dataset_v6/_Pole_Vault_winner_in_the_air/g1023_d17zd0x.png", "URL": "http://i.imgur.com/Xa0rymV.png", "fileid": "g1023_d17zd0x.png"}, {"id": "g1023_d17yp11", "comment": "[The man can take a kick like he's been married for twenty years!](http://i.imgur.com/55LJiRW.jpg)", "date": "2016-03-21 12:08:53", "seriesname": "g1023_d17yp11", "file": "/media/jbrogan4/scratch2/Reddit_Prov_Dataset_v6/_Pole_Vault_winner_in_the_air/g1023_d17yp11.jpg", "URL": "http://i.imgur.com/55LJiRW.jpg", "fileid": "g1023_d17yp11.jpg"}, {"id": "g1023_d1838yb", "comment": "http://imgur.com/YvPpwEI\n\nThe Betrayal of Adam", "date": "2016-03-21 13:54:11", "seriesname": "g1023_d1838yb", "file": "/media/jbrogan4/scratch2/Reddit_Prov_Dataset_v6/_Pole_Vault_winner_in_the_air/g1023_d1838yb.png", "URL": "http://i.imgur.com/YvPpwEI.png", "fileid": "g1023_d1838yb.png"}, {"id": "g1023_d182vub", "comment": "[Cirque](http://i.imgur.com/XXIf3qY.jpg)", "date": "2016-03-21 13:46:08", "seriesname": "g1023_d182vub", "file": "/media/jbrogan4/scratch2/Reddit_Prov_Dataset_v6/_Pole_Vault_winner_in_the_air/g1023_d182vub.jpg", "URL": "http://i.imgur.com/XXIf3qY.jpg", "fileid": "g1023_d182vub.jpg"}, {"id": "g1023_d182bud", "comment": "[Here you go.](http://i.imgur.com/7SCJMLA.png)", "date": "2016-03-21 13:33:26", "seriesname": "g1023_d182bud", "file": "/media/jbrogan4/scratch2/Reddit_Prov_Dataset_v6/_Pole_Vault_winner_in_the_air/g1023_d182bud.png", "URL": "http://i.imgur.com/7SCJMLA.png", "fileid": "g1023_d182bud.png"}, {"id": "g1023_d1816e2", "comment": "[Mene mene takal. Mene mene. Satana, Satana!](http://imgur.com/IIf7pqh)", "date": "2016-03-21 13:06:38", "seriesname": "g1023_d1816e2", "file": "/media/jbrogan4/scratch2/Reddit_Prov_Dataset_v6/_Pole_Vault_winner_in_the_air/g1023_d1816e2.png", "URL": "http://i.imgur.com/IIf7pqh.png", "fileid": "g1023_d1816e2.png"}, {"id": "g1023_d189kdd", "comment": "[Deeper.](http://i.imgur.com/foETQia.png)", "date": "2016-03-21 16:14:27", "seriesname": "g1023_d189kdd", "file": "/media/jbrogan4/scratch2/Reddit_Prov_Dataset_v6/_Pole_Vault_winner_in_the_air/g1023_d189kdd.png", "URL": "http://i.imgur.com/foETQia.png", "fileid": "g1023_d189kdd.png"}, {"id": "g1023_d18zhdl", "comment": "[I dunno](http://imgur.com/O3U13lU)", "date": "2016-03-22 07:04:14", "seriesname": "g1023_d18zhdl", "file": "/media/jbrogan4/scratch2/Reddit_Prov_Dataset_v6/_Pole_Vault_winner_in_the_air/g1023_d18zhdl.png", "URL": "http://i.imgur.com/O3U13lU.png", "fileid": "g1023_d18zhdl.png"}, {"id": "g1023_d182ow5", "comment": "[Blasting off again!](https://i.imgur.com/ZPHn9lL.gif)", "date": "2016-03-21 13:41:42", "seriesname": "g1023_d182ow5", "file": "/media/jbrogan4/scratch2/Reddit_Prov_Dataset_v6/_Pole_Vault_winner_in_the_air/g1023_d182ow5.jpg", "URL": "https://i.imgur.com/ZPHn9lL.gif", "fileid": "g1023_d182ow5.gif"}, {"id": "g1023_d184k51", "comment": "[Twist And Shout](http://i.imgur.com/D5QBXDq.jpg)", "date": "2016-03-21 14:23:14", "seriesname": "g1023_d184k51", "file": "/media/jbrogan4/scratch2/Reddit_Prov_Dataset_v6/_Pole_Vault_winner_in_the_air/g1023_d184k51.jpg", "URL": "http://i.imgur.com/D5QBXDq.jpg", "fileid": "g1023_d184k51.jpg"}, {"id": "g1023_d17y2wx", "comment": "[Fuck that guy](http://i.imgur.com/za4wSWP.png)", "date": "2016-03-21 11:54:14", "seriesname": "g1023_d17y2wx", "file": "/media/jbrogan4/scratch2/Reddit_Prov_Dataset_v6/_Pole_Vault_winner_in_the_air/g1023_d17y2wx.png", "URL": "http://i.imgur.com/za4wSWP.png", "fileid": "g1023_d17y2wx.png"}, {"id": "g1023_d183en1", "comment": "[http://i.imgur.com/CHUwwCR.png](http://i.imgur.com/CHUwwCR.png)", "date": "2016-03-21 13:57:40", "seriesname": "g1023_d183en1", "file": "/media/jbrogan4/scratch2/Reddit_Prov_Dataset_v6/_Pole_Vault_winner_in_the_air/g1023_d183en1.png", "URL": "http://i.imgur.com/CHUwwCR.png](http://i.imgur.com/CHUwwCR.png", "fileid": "g1023_d183en1.png"}, {"id": "g1023_d180gg2", "comment": "[http://i.imgur.com/qqpqRcD.jpg](http://i.imgur.com/qqpqRcD.jpg)", "date": "2016-03-21 12:49:56", "seriesname": "g1023_d180gg2", "file": "/media/jbrogan4/scratch2/Reddit_Prov_Dataset_v6/_Pole_Vault_winner_in_the_air/g1023_d180gg2.jpg", "URL": "http://i.imgur.com/qqpqRcD.jpg](http://i.imgur.com/qqpqRcD.jpg", "fileid": "g1023_d180gg2.jpg"}, {"id": "g1023_d18d1k7", "comment": "[Always a champion](http://i.imgur.com/O3OUpD3.jpg)", "date": "2016-03-21 17:34:55", "seriesname": "g1023_d18d1k7", "file": "/media/jbrogan4/scratch2/Reddit_Prov_Dataset_v6/_Pole_Vault_winner_in_the_air/g1023_d18d1k7.jpg", "URL": "http://i.imgur.com/O3OUpD3.jpg", "fileid": "g1023_d18d1k7.jpg"}, {"id": "g1023_d18lsr4", "comment": "[That one roommate who vapes](http://i.imgur.com/v9Cuey1.jpg)", "date": "2016-03-21 21:17:22", "seriesname": "g1023_d18lsr4", "file": "/media/jbrogan4/scratch2/Reddit_Prov_Dataset_v6/_Pole_Vault_winner_in_the_air/g1023_d18lsr4.jpg", "URL": "http://i.imgur.com/v9Cuey1.jpg", "fileid": "g1023_d18lsr4.jpg"}, {"id": "g1023_d189tdd", "comment": "[False](http://imgur.com/UPnNnBr)  \n  \nExcuse my quick and dirty shop.", "date": "2016-03-21 16:20:04", "seriesname": "g1023_d189tdd", "file": "/media/jbrogan4/scratch2/Reddit_Prov_Dataset_v6/_Pole_Vault_winner_in_the_air/g1023_d189tdd.png", "URL": "http://i.imgur.com/UPnNnBr.png", "fileid": "g1023_d189tdd.png"}, {"id": "g1023_d183l9i", "comment": "[reenacting](http://i.imgur.com/cRjtaN4.jpg)", "date": "2016-03-21 14:01:45", "seriesname": "g1023_d183l9i", "file": "/media/jbrogan4/scratch2/Reddit_Prov_Dataset_v6/_Pole_Vault_winner_in_the_air/g1023_d183l9i.jpg", "URL": "http://i.imgur.com/cRjtaN4.jpg", "fileid": "g1023_d183l9i.jpg"}, {"id": "g1023_d184bkk", "comment": "http://i.imgur.com/6GmoqXG.jpg", "date": "2016-03-21 14:17:56", "seriesname": "g1023_d184bkk", "file": "/media/jbrogan4/scratch2/Reddit_Prov_Dataset_v6/_Pole_Vault_winner_in_the_air/g1023_d184bkk.jpg", "URL": "http://i.imgur.com/6GmoqXG.jpg", "fileid": "g1023_d184bkk.jpg"}, {"id": "g1023_d1823gj", "comment": "[Closed 'em](http://i.imgur.com/IE7o8mA.jpg)\n\n", "date": "2016-03-21 13:28:03", "seriesname": "g1023_d1823gj", "file": "/media/jbrogan4/scratch2/Reddit_Prov_Dataset_v6/_Pole_Vault_winner_in_the_air/g1023_d1823gj.jpg", "URL": "http://i.imgur.com/IE7o8mA.jpg", "fileid": "g1023_d1823gj.jpg"}, {"id": "g1023_d18cilw", "comment": "[Football was never the same again](http://i.imgur.com/kLSdA3b.png)", "date": "2016-03-21 17:22:24", "seriesname": "g1023_d18cilw", "file": "/media/jbrogan4/scratch2/Reddit_Prov_Dataset_v6/_Pole_Vault_winner_in_the_air/g1023_d18cilw.png", "URL": "http://i.imgur.com/kLSdA3b.png", "fileid": "g1023_d18cilw.png"}, {"id": "g1023_d187ro7", "comment": "[Why do you gotta disrespect, bro?](http://imgur.com/CASdQn4)", "date": "2016-03-21 15:34:27", "seriesname": "g1023_d187ro7", "file": "/media/jbrogan4/scratch2/Reddit_Prov_Dataset_v6/_Pole_Vault_winner_in_the_air/g1023_d187ro7.png", "URL": "http://i.imgur.com/CASdQn4.png", "fileid": "g1023_d187ro7.png"}, {"id": "g1023_d17zohb", "comment": "[Taking surfing to the next level](http://i.imgur.com/I8rw5O4.jpg)", "date": "2016-03-21 12:31:55", "seriesname": "g1023_d17zohb", "file": "/media/jbrogan4/scratch2/Reddit_Prov_Dataset_v6/_Pole_Vault_winner_in_the_air/g1023_d17zohb.jpg", "URL": "http://i.imgur.com/I8rw5O4.jpg", "fileid": "g1023_d17zohb.jpg"}, {"id": "g1023_d180rxd", "comment": "http://imgur.com/EJjQIUw", "date": "2016-03-21 12:57:12", "seriesname": "g1023_d180rxd", "file": "/media/jbrogan4/scratch2/Reddit_Prov_Dataset_v6/_Pole_Vault_winner_in_the_air/g1023_d180rxd.png", "URL": "http://i.imgur.com/EJjQIUw.png", "fileid": "g1023_d180rxd.png"}, {"id": "g1023_d181pr5", "comment": "[Batman's getting angry!](http://i.imgur.com/eaYK5gi.jpg)", "date": "2016-03-21 13:19:15", "seriesname": "g1023_d181pr5", "file": "/media/jbrogan4/scratch2/Reddit_Prov_Dataset_v6/_Pole_Vault_winner_in_the_air/g1023_d181pr5.jpg", "URL": "http://i.imgur.com/eaYK5gi.jpg", "fileid": "g1023_d181pr5.jpg"}, {"id": "g1023_d185zb2", "comment": "http://i.imgur.com/3TM5O66.png", "date": "2016-03-21 14:54:47", "seriesname": "g1023_d185zb2", "file": "/media/jbrogan4/scratch2/Reddit_Prov_Dataset_v6/_Pole_Vault_winner_in_the_air/g1023_d185zb2.png", "URL": "http://i.imgur.com/3TM5O66.png", "fileid": "g1023_d185zb2.png"}, {"id": "g1023_d187knn", "comment": "[\"You get used to it, I don't even see the pixels\"](http://i.imgur.com/8IXQi4O.jpg)", "date": "2016-03-21 15:30:11", "seriesname": "g1023_d187knn", "file": "/media/jbrogan4/scratch2/Reddit_Prov_Dataset_v6/_Pole_Vault_winner_in_the_air/g1023_d187knn.jpg", "URL": "http://i.imgur.com/8IXQi4O.jpg", "fileid": "g1023_d187knn.jpg"}, {"id": "g1023_d17w3sx", "comment": "http://i.imgur.com/R6MGBrV.jpg", "date": "2016-03-21 11:05:31", "seriesname": "g1023_d17w3sx", "file": "/media/jbrogan4/scratch2/Reddit_Prov_Dataset_v6/_Pole_Vault_winner_in_the_air/g1023_d17w3sx.jpg", "URL": "http://i.imgur.com/R6MGBrV.jpg", "fileid": "g1023_d17w3sx.jpg"}, {"id": "g1023_d182vu6", "comment": "[He has his heart in it](http://i.imgur.com/2Y48Evc.jpg)", "date": "2016-03-21 13:46:08", "seriesname": "g1023_d182vu6", "file": "/media/jbrogan4/scratch2/Reddit_Prov_Dataset_v6/_Pole_Vault_winner_in_the_air/g1023_d182vu6.jpg", "URL": "http://i.imgur.com/2Y48Evc.jpg", "fileid": "g1023_d182vu6.jpg"}, {"id": "g1023_d188h07", "comment": "Sure man, It was also hard to get use to that [There was no spoon](http://i.imgur.com/vEVFPus.jpg)", "date": "2016-03-21 15:49:49", "seriesname": "g1023_d188h07", "file": "/media/jbrogan4/scratch2/Reddit_Prov_Dataset_v6/_Pole_Vault_winner_in_the_air/g1023_d188h07.jpg", "URL": "http://i.imgur.com/vEVFPus.jpg", "fileid": "g1023_d188h07.jpg"}, {"id": "g1023_d184me3", "comment": "[http://i.imgur.com/dYPlXds.png](http://i.imgur.com/dYPlXds.png)", "date": "2016-03-21 14:24:38", "seriesname": "g1023_d184me3", "file": "/media/jbrogan4/scratch2/Reddit_Prov_Dataset_v6/_Pole_Vault_winner_in_the_air/g1023_d184me3.png", "URL": "http://i.imgur.com/dYPlXds.png](http://i.imgur.com/dYPlXds.png", "fileid": "g1023_d184me3.png"}, {"id": "g1023_d1836hp", "comment": "[Learning from the master](http://i.imgur.com/NdDdBWZ.jpg)", "date": "2016-03-21 13:52:40", "seriesname": "g1023_d1836hp", "file": "/media/jbrogan4/scratch2/Reddit_Prov_Dataset_v6/_Pole_Vault_winner_in_the_air/g1023_d1836hp.jpg", "URL": "http://i.imgur.com/NdDdBWZ.jpg", "fileid": "g1023_d1836hp.jpg"}, {"id": "g1023_d183f4s", "comment": "[Lighter than air](http://i.imgur.com/dxvJNVv.png)", "date": "2016-03-21 13:57:57", "seriesname": "g1023_d183f4s", "file": "/media/jbrogan4/scratch2/Reddit_Prov_Dataset_v6/_Pole_Vault_winner_in_the_air/g1023_d183f4s.png", "URL": "http://i.imgur.com/dxvJNVv.png", "fileid": "g1023_d183f4s.png"}, {"id": "g1023_d1845si", "comment": "http://i.imgur.com/5X4U8VKg.png\n\n(sorry for the shitty crop. only had a few minutes to make this).", "date": "2016-03-21 14:14:27", "seriesname": "g1023_d1845si", "file": "/media/jbrogan4/scratch2/Reddit_Prov_Dataset_v6/_Pole_Vault_winner_in_the_air/g1023_d1845si.png", "URL": "http://i.imgur.com/5X4U8VKg.png", "fileid": "g1023_d1845si.png"}, {"id": "g1023_d18do5b", "comment": "[A True Visionary](http://i.imgur.com/IkH565a.jpg)", "date": "2016-03-21 17:50:12", "seriesname": "g1023_d18do5b", "file": "/media/jbrogan4/scratch2/Reddit_Prov_Dataset_v6/_Pole_Vault_winner_in_the_air/g1023_d18do5b.jpg", "URL": "http://i.imgur.com/IkH565a.jpg", "fileid": "g1023_d18do5b.jpg"}, {"id": "g1023_d18322c", "comment": "http://imgur.com/VQWyxt8.jpg", "date": "2016-03-21 13:49:58", "seriesname": "g1023_d18322c", "file": "/media/jbrogan4/scratch2/Reddit_Prov_Dataset_v6/_Pole_Vault_winner_in_the_air/g1023_d18322c.jpg", "URL": "http://imgur.com/VQWyxt8.jpg", "fileid": "g1023_d18322c.jpg"}, {"id": "g1023_d187xy9", "comment": "[This](http://i.dailymail.co.uk/i/pix/2013/09/17/article-2423377-1A23CCA4000005DC-273_634x286.jpg) is what a bullet looks like in a gun.\n\n[This](http://media.midwayusa.com/productimages/880x660/Primary/606/606778.jpg) is what a bullet looks like in the air", "date": "2016-03-21 15:38:13", "seriesname": "g1023_d187xy9", "file": "/media/jbrogan4/scratch2/Reddit_Prov_Dataset_v6/_Pole_Vault_winner_in_the_air/g1023_d187xy9.jpg", "URL": "http://media.midwayusa.com/productimages/880x660/Primary/606/606778.jpg", "fileid": "g1023_d187xy9.jpg"}, {"id": "g1023_d18kov8", "comment": "[Which one of you is fucking the sponge?!](http://imgur.com/3LSNzlD)", "date": "2016-03-21 20:48:56", "seriesname": "g1023_d18kov8", "file": "/media/jbrogan4/scratch2/Reddit_Prov_Dataset_v6/_Pole_Vault_winner_in_the_air/g1023_d18kov8.png", "URL": "http://i.imgur.com/3LSNzlD.png", "fileid": "g1023_d18kov8.png"}, {"id": "g1023_d181roo", "comment": "http://i.imgur.com/QvCIMqw.jpg", "date": "2016-03-21 13:20:30", "seriesname": "g1023_d181roo", "file": "/media/jbrogan4/scratch2/Reddit_Prov_Dataset_v6/_Pole_Vault_winner_in_the_air/g1023_d181roo.jpg", "URL": "http://i.imgur.com/QvCIMqw.jpg", "fileid": "g1023_d181roo.jpg"}, {"id": "g1023_d182r13", "comment": "The Black Swan\n\n[Imgur](http://i.imgur.com/gjigf7L.jpg)", "date": "2016-03-21 13:43:03", "seriesname": "g1023_d182r13", "file": "/media/jbrogan4/scratch2/Reddit_Prov_Dataset_v6/_Pole_Vault_winner_in_the_air/g1023_d182r13.jpg", "URL": "http://i.imgur.com/gjigf7L.jpg", "fileid": "g1023_d182r13.jpg"}, {"id": "g1023_d17vywt", "comment": "http://i.imgur.com/oQgwBDjg.jpg", "date": "2016-03-21 11:02:02", "seriesname": "g1023_d17vywt", "file": "/media/jbrogan4/scratch2/Reddit_Prov_Dataset_v6/_Pole_Vault_winner_in_the_air/g1023_d17vywt.jpg", "URL": "http://i.imgur.com/oQgwBDjg.jpg", "fileid": "g1023_d17vywt.jpg"}, {"id": "g1023_d1824iu", "comment": "[Dodged](http://i.imgur.com/3djAKjF.jpg)", "date": "2016-03-21 13:28:45", "seriesname": "g1023_d1824iu", "file": "/media/jbrogan4/scratch2/Reddit_Prov_Dataset_v6/_Pole_Vault_winner_in_the_air/g1023_d1824iu.jpg", "URL": "http://i.imgur.com/3djAKjF.jpg", "fileid": "g1023_d1824iu.jpg"}, {"id": "g1023_d187xlk", "comment": "[Darren Sharper HOLD MAH DICK](http://i.imgur.com/DdtPUS8.jpg)", "date": "2016-03-21 15:38:00", "seriesname": "g1023_d187xlk", "file": "/media/jbrogan4/scratch2/Reddit_Prov_Dataset_v6/_Pole_Vault_winner_in_the_air/g1023_d187xlk.jpg", "URL": "http://i.imgur.com/DdtPUS8.jpg", "fileid": "g1023_d187xlk.jpg"}, {"id": "g1023_d186fie", "comment": "[Too Easy!](http://i.imgur.com/TkxrCcw.jpg)", "date": "2016-03-21 15:04:50", "seriesname": "g1023_d186fie", "file": "/media/jbrogan4/scratch2/Reddit_Prov_Dataset_v6/_Pole_Vault_winner_in_the_air/g1023_d186fie.jpg", "URL": "http://i.imgur.com/TkxrCcw.jpg", "fileid": "g1023_d186fie.jpg"}, {"id": "g1023_d181z45", "comment": "[Easy!](http://i.imgur.com/wGzsUvm.png)", "date": "2016-03-21 13:25:18", "seriesname": "g1023_d181z45", "file": "/media/jbrogan4/scratch2/Reddit_Prov_Dataset_v6/_Pole_Vault_winner_in_the_air/g1023_d181z45.png", "URL": "http://i.imgur.com/wGzsUvm.png", "fileid": "g1023_d181z45.png"}, {"id": "g1023_d17wdb8", "comment": "http://imgur.com/8RUC8n9.jpg", "date": "2016-03-21 11:12:18", "seriesname": "g1023_d17wdb8", "file": "/media/jbrogan4/scratch2/Reddit_Prov_Dataset_v6/_Pole_Vault_winner_in_the_air/g1023_d17wdb8.jpg", "URL": "http://imgur.com/8RUC8n9.jpg", "fileid": "g1023_d17wdb8.jpg"}, {"id": "g1023_d181ewa", "comment": "[I believe i can fly](http://imgur.com/b9rrSC9)", "date": "2016-03-21 13:12:07", "seriesname": "g1023_d181ewa", "file": "/media/jbrogan4/scratch2/Reddit_Prov_Dataset_v6/_Pole_Vault_winner_in_the_air/g1023_d181ewa.png", "URL": "http://i.imgur.com/b9rrSC9.png", "fileid": "g1023_d181ewa.png"}, {"id": "g1023_d18d4uh", "comment": "[Break-dance Fighting](http://i.imgur.com/cvjMZ3R.jpg)", "date": "2016-03-21 17:37:07", "seriesname": "g1023_d18d4uh", "file": "/media/jbrogan4/scratch2/Reddit_Prov_Dataset_v6/_Pole_Vault_winner_in_the_air/g1023_d18d4uh.jpg", "URL": "http://i.imgur.com/cvjMZ3R.jpg", "fileid": "g1023_d18d4uh.jpg"}, {"id": "g1023_d18u3en", "comment": "[Sliding] (http://i.imgur.com/wqAs9SO.png)", "date": "2016-03-22 01:40:01", "seriesname": "g1023_d18u3en", "file": "/media/jbrogan4/scratch2/Reddit_Prov_Dataset_v6/_Pole_Vault_winner_in_the_air/g1023_d18u3en.png", "URL": "http://i.imgur.com/wqAs9SO.png", "fileid": "g1023_d18u3en.png"}, {"id": "g1023_d187s9c", "comment": "[I don't know why I made this.](http://i.imgur.com/2RNKDOo.jpg)\n\nEdit:title.", "date": "2016-03-21 15:34:48", "seriesname": "g1023_d187s9c", "file": "/media/jbrogan4/scratch2/Reddit_Prov_Dataset_v6/_Pole_Vault_winner_in_the_air/g1023_d187s9c.jpg", "URL": "http://i.imgur.com/2RNKDOo.jpg", "fileid": "g1023_d187s9c.jpg"}, {"id": "g1023_d18aw05", "comment": "[token swap](http://i.imgur.com/Mq2IG59.png)", "date": "2016-03-21 16:44:17", "seriesname": "g1023_d18aw05", "file": "/media/jbrogan4/scratch2/Reddit_Prov_Dataset_v6/_Pole_Vault_winner_in_the_air/g1023_d18aw05.png", "URL": "http://i.imgur.com/Mq2IG59.png", "fileid": "g1023_d18aw05.png"}, {"id": "g1023_d17z8hh", "comment": "http://i.imgur.com/h9cioYi.jpg", "date": "2016-03-21 12:21:33", "seriesname": "g1023_d17z8hh", "file": "/media/jbrogan4/scratch2/Reddit_Prov_Dataset_v6/_Pole_Vault_winner_in_the_air/g1023_d17z8hh.jpg", "URL": "http://i.imgur.com/h9cioYi.jpg", "fileid": "g1023_d17z8hh.jpg"}, {"id": "g1023_d1839e1", "comment": "[Man on a mission](http://i.imgur.com/8D6RN4H.jpg)", "date": "2016-03-21 13:54:26", "seriesname": "g1023_d1839e1", "file": "/media/jbrogan4/scratch2/Reddit_Prov_Dataset_v6/_Pole_Vault_winner_in_the_air/g1023_d1839e1.jpg", "URL": "http://i.imgur.com/8D6RN4H.jpg", "fileid": "g1023_d1839e1.jpg"}, {"id": "g1023_d1898u9", "comment": "here is the original http://imgur.com/3v9Oo0e if you look close enough you'll see that you're wrong and /u/Schleckenmiester is right.", "date": "2016-03-21 16:07:10", "seriesname": "g1023_d1898u9", "file": "/media/jbrogan4/scratch2/Reddit_Prov_Dataset_v6/_Pole_Vault_winner_in_the_air/g1023_d1898u9.png", "URL": "http://i.imgur.com/3v9Oo0e.png", "fileid": "g1023_d1898u9.png"}, {"id": "g1023_d18fz4p", "comment": "http://i.imgur.com/YREcNbC.gif", "date": "2016-03-21 18:47:50", "seriesname": "g1023_d18fz4p", "file": "/media/jbrogan4/scratch2/Reddit_Prov_Dataset_v6/_Pole_Vault_winner_in_the_air/g1023_d18fz4p.jpg", "URL": "http://i.imgur.com/YREcNbC.gif", "fileid": "g1023_d18fz4p.gif"}, {"id": "g1023_d18smwk", "comment": "[Mene Mene Tekal](http://imgur.com/5z7et3J)", "date": "2016-03-22 00:38:19", "seriesname": "g1023_d18smwk", "file": "/media/jbrogan4/scratch2/Reddit_Prov_Dataset_v6/_Pole_Vault_winner_in_the_air/g1023_d18smwk.png", "URL": "http://i.imgur.com/5z7et3J.png", "fileid": "g1023_d18smwk.png"}, {"id": "g1023_root", "comment": "", "date": "2016-03-21 10:28:15", "seriesname": "g1023_root", "file": "/media/jbrogan4/scratch2/Reddit_Prov_Dataset_v6/_Pole_Vault_winner_in_the_air/g1023_root.png", "URL": "http://i.imgur.com/hX6vEOb.png", "fileid": "g1023_root.png"}, {"id": "g1023_d17zq57", "comment": "[Party is about to get started](http://i.imgur.com/nyeAR8m.jpg)\n\n(Possibly NSFW)", "date": "2016-03-21 12:33:00", "seriesname": "g1023_d17zq57", "file": "/media/jbrogan4/scratch2/Reddit_Prov_Dataset_v6/_Pole_Vault_winner_in_the_air/g1023_d17zq57.jpg", "URL": "http://i.imgur.com/nyeAR8m.jpg", "fileid": "g1023_d17zq57.jpg"}, {"id": "g1023_d189x52", "comment": "[fire artist](http://imgur.com/Awd2QBc)", "date": "2016-03-21 16:22:26", "seriesname": "g1023_d189x52", "file": "/media/jbrogan4/scratch2/Reddit_Prov_Dataset_v6/_Pole_Vault_winner_in_the_air/g1023_d189x52.png", "URL": "http://i.imgur.com/Awd2QBc.png", "fileid": "g1023_d189x52.png"}], "graph": {"name": "g1023_root"}, "directed": true}