{"links": [{"op": "none", "target": 0, "source": 61}, {"op": "none", "target": 1, "source": 61}, {"op": "none", "target": 2, "source": 36}, {"op": "none", "target": 3, "source": 61}, {"op": "none", "target": 4, "source": 39}, {"op": "none", "target": 5, "source": 16}, {"op": "none", "target": 6, "source": 61}, {"op": "none", "target": 7, "source": 61}, {"op": "none", "target": 8, "source": 61}, {"op": "none", "target": 9, "source": 18}, {"op": "none", "target": 10, "source": 4}, {"op": "none", "target": 11, "source": 38}, {"op": "none", "target": 12, "source": 61}, {"op": "none", "target": 13, "source": 36}, {"op": "none", "target": 14, "source": 61}, {"op": "none", "target": 15, "source": 61}, {"op": "none", "target": 16, "source": 61}, {"op": "none", "target": 17, "source": 61}, {"op": "none", "target": 18, "source": 26}, {"op": "none", "target": 19, "source": 61}, {"op": "none", "target": 20, "source": 61}, {"op": "none", "target": 21, "source": 56}, {"op": "none", "target": 22, "source": 61}, {"op": "none", "target": 23, "source": 61}, {"op": "none", "target": 24, "source": 61}, {"op": "none", "target": 25, "source": 61}, {"op": "none", "target": 26, "source": 61}, {"op": "none", "target": 27, "source": 61}, {"op": "none", "target": 28, "source": 7}, {"op": "none", "target": 29, "source": 61}, {"op": "none", "target": 30, "source": 61}, {"op": "none", "target": 31, "source": 61}, {"op": "none", "target": 32, "source": 7}, {"op": "none", "target": 33, "source": 61}, {"op": "none", "target": 34, "source": 61}, {"op": "none", "target": 35, "source": 2}, {"op": "none", "target": 36, "source": 61}, {"op": "none", "target": 37, "source": 50}, {"op": "none", "target": 38, "source": 61}, {"op": "none", "target": 39, "source": 35}, {"op": "none", "target": 40, "source": 61}, {"op": "none", "target": 41, "source": 61}, {"op": "none", "target": 42, "source": 61}, {"op": "none", "target": 43, "source": 61}, {"op": "none", "target": 44, "source": 61}, {"op": "none", "target": 45, "source": 56}, {"op": "none", "target": 46, "source": 61}, {"op": "none", "target": 47, "source": 61}, {"op": "none", "target": 48, "source": 7}, {"op": "none", "target": 49, "source": 14}, {"op": "none", "target": 50, "source": 61}, {"op": "none", "target": 51, "source": 61}, {"op": "none", "target": 52, "source": 61}, {"op": "none", "target": 53, "source": 61}, {"op": "none", "target": 54, "source": 61}, {"op": "none", "target": 55, "source": 3}, {"op": "none", "target": 56, "source": 61}, {"op": "none", "target": 57, "source": 61}, {"op": "none", "target": 58, "source": 61}, {"op": "none", "target": 59, "source": 61}, {"op": "none", "target": 60, "source": 61}, {"op": "none", "target": 62, "source": 61}], "title": "_Joseph_Gordon-Levitt_dressed_as_Yoda_at_the_Star_Wars_premiere_in_LA", "nodes": [{"id": "g1026_cy06a40", "comment": "[it's not easy being green...](http://i.imgur.com/wtGtezA.jpg)", "date": "2015-12-15 15:49:33", "seriesname": "g1026_cy06a40", "file": "/media/jbrogan4/scratch2/Reddit_Prov_Dataset_v6/_Joseph_Gordon-Levitt_dressed_as_Yoda_at_the_Star_Wars_premiere_in_LA/g1026_cy06a40.jpg", "URL": "http://i.imgur.com/wtGtezA.jpg", "fileid": "g1026_cy06a40.jpg"}, {"id": "g1026_cxzrxql", "comment": "http://i.imgur.com/ezbHrr7.jpg", "date": "2015-12-15 10:07:56", "seriesname": "g1026_cxzrxql", "file": "/media/jbrogan4/scratch2/Reddit_Prov_Dataset_v6/_Joseph_Gordon-Levitt_dressed_as_Yoda_at_the_Star_Wars_premiere_in_LA/g1026_cxzrxql.jpg", "URL": "http://i.imgur.com/ezbHrr7.jpg", "fileid": "g1026_cxzrxql.jpg"}, {"id": "g1026_cxzravk", "comment": "http://i.imgur.com/wSq2q21.jpg", "date": "2015-12-15 09:49:08", "seriesname": "g1026_cxzravk", "file": "/media/jbrogan4/scratch2/Reddit_Prov_Dataset_v6/_Joseph_Gordon-Levitt_dressed_as_Yoda_at_the_Star_Wars_premiere_in_LA/g1026_cxzravk.jpg", "URL": "http://i.imgur.com/wSq2q21.jpg", "fileid": "g1026_cxzravk.jpg"}, {"id": "g1026_cxzrd56", "comment": "http://i.imgur.com/E9E1b2v.png", "date": "2015-12-15 09:51:02", "seriesname": "g1026_cxzrd56", "file": "/media/jbrogan4/scratch2/Reddit_Prov_Dataset_v6/_Joseph_Gordon-Levitt_dressed_as_Yoda_at_the_Star_Wars_premiere_in_LA/g1026_cxzrd56.png", "URL": "http://i.imgur.com/E9E1b2v.png", "fileid": "g1026_cxzrd56.png"}, {"id": "g1026_cxzw5sp", "comment": "http://i.imgur.com/8FTjIcE.png", "date": "2015-12-15 11:55:14", "seriesname": "g1026_cxzw5sp", "file": "/media/jbrogan4/scratch2/Reddit_Prov_Dataset_v6/_Joseph_Gordon-Levitt_dressed_as_Yoda_at_the_Star_Wars_premiere_in_LA/g1026_cxzw5sp.png", "URL": "http://i.imgur.com/8FTjIcE.png", "fileid": "g1026_cxzw5sp.png"}, {"id": "g1026_cxzvv2i", "comment": "That was the hardest shop I've ever done. \n\n[Frodo Gordon-Levitt](http://i.imgur.com/UCTUbQ0.png) \n\nEdit: Thanks for the gold.", "date": "2015-12-15 11:48:13", "seriesname": "g1026_cxzvv2i", "file": "/media/jbrogan4/scratch2/Reddit_Prov_Dataset_v6/_Joseph_Gordon-Levitt_dressed_as_Yoda_at_the_Star_Wars_premiere_in_LA/g1026_cxzvv2i.png", "URL": "http://i.imgur.com/UCTUbQ0.png", "fileid": "g1026_cxzvv2i.png"}, {"id": "g1026_cxzsc1v", "comment": "[For the DBZ fans out there](https://i.imgur.com/1Y61Tnf.jpg)", "date": "2015-12-15 10:19:10", "seriesname": "g1026_cxzsc1v", "file": "/media/jbrogan4/scratch2/Reddit_Prov_Dataset_v6/_Joseph_Gordon-Levitt_dressed_as_Yoda_at_the_Star_Wars_premiere_in_LA/g1026_cxzsc1v.jpg", "URL": "https://i.imgur.com/1Y61Tnf.jpg", "fileid": "g1026_cxzsc1v.jpg"}, {"id": "g1026_cxzs27h", "comment": "http://i.imgur.com/LpDO7rp.png", "date": "2015-12-15 10:11:34", "seriesname": "g1026_cxzs27h", "file": "/media/jbrogan4/scratch2/Reddit_Prov_Dataset_v6/_Joseph_Gordon-Levitt_dressed_as_Yoda_at_the_Star_Wars_premiere_in_LA/g1026_cxzs27h.png", "URL": "http://i.imgur.com/LpDO7rp.png", "fileid": "g1026_cxzs27h.png"}, {"id": "g1026_cxzpq8j", "comment": "[meh](http://i.imgur.com/GhjYYdX.jpg)", "date": "2015-12-15 08:56:52", "seriesname": "g1026_cxzpq8j", "file": "/media/jbrogan4/scratch2/Reddit_Prov_Dataset_v6/_Joseph_Gordon-Levitt_dressed_as_Yoda_at_the_Star_Wars_premiere_in_LA/g1026_cxzpq8j.jpg", "URL": "http://i.imgur.com/GhjYYdX.jpg", "fileid": "g1026_cxzpq8j.jpg"}, {"id": "g1026_cxzzfhd", "comment": "[Yeah, I can see that](http://i.imgur.com/1JfZNf0.jpg)", "date": "2015-12-15 13:12:34", "seriesname": "g1026_cxzzfhd", "file": "/media/jbrogan4/scratch2/Reddit_Prov_Dataset_v6/_Joseph_Gordon-Levitt_dressed_as_Yoda_at_the_Star_Wars_premiere_in_LA/g1026_cxzzfhd.jpg", "URL": "http://i.imgur.com/1JfZNf0.jpg", "fileid": "g1026_cxzzfhd.jpg"}, {"id": "g1026_cxzwx97", "comment": "http://i.imgur.com/2b47I3f.jpg", "date": "2015-12-15 12:13:40", "seriesname": "g1026_cxzwx97", "file": "/media/jbrogan4/scratch2/Reddit_Prov_Dataset_v6/_Joseph_Gordon-Levitt_dressed_as_Yoda_at_the_Star_Wars_premiere_in_LA/g1026_cxzwx97.jpg", "URL": "http://i.imgur.com/2b47I3f.jpg", "fileid": "g1026_cxzwx97.jpg"}, {"id": "g1026_cxztbox", "comment": "[maybe it needs the cap and ears](http://i.imgur.com/P5Rv52i.jpg)", "date": "2015-12-15 10:45:31", "seriesname": "g1026_cxztbox", "file": "/media/jbrogan4/scratch2/Reddit_Prov_Dataset_v6/_Joseph_Gordon-Levitt_dressed_as_Yoda_at_the_Star_Wars_premiere_in_LA/g1026_cxztbox.jpg", "URL": "http://i.imgur.com/P5Rv52i.jpg", "fileid": "g1026_cxztbox.jpg"}, {"id": "g1026_cxzsa6k", "comment": "http://i.imgur.com/J6HbvW4.gif", "date": "2015-12-15 10:17:42", "seriesname": "g1026_cxzsa6k", "file": "/media/jbrogan4/scratch2/Reddit_Prov_Dataset_v6/_Joseph_Gordon-Levitt_dressed_as_Yoda_at_the_Star_Wars_premiere_in_LA/g1026_cxzsa6k.jpg", "URL": "http://i.imgur.com/J6HbvW4.gif", "fileid": "g1026_cxzsa6k.gif"}, {"id": "g1026_cy019nh", "comment": "Ask and thou shalt receive\n[z00Hulk](http://i.imgur.com/Sdi08Zh.png)", "date": "2015-12-15 13:55:13", "seriesname": "g1026_cy019nh", "file": "/media/jbrogan4/scratch2/Reddit_Prov_Dataset_v6/_Joseph_Gordon-Levitt_dressed_as_Yoda_at_the_Star_Wars_premiere_in_LA/g1026_cy019nh.png", "URL": "http://i.imgur.com/Sdi08Zh.png", "fileid": "g1026_cy019nh.png"}, {"id": "g1026_cxzqc8n", "comment": "a facial I will have. http://i.imgur.com/fmTch9v.jpg\n", "date": "2015-12-15 09:18:33", "seriesname": "g1026_cxzqc8n", "file": "/media/jbrogan4/scratch2/Reddit_Prov_Dataset_v6/_Joseph_Gordon-Levitt_dressed_as_Yoda_at_the_Star_Wars_premiere_in_LA/g1026_cxzqc8n.jpg", "URL": "http://i.imgur.com/fmTch9v.jpg", "fileid": "g1026_cxzqc8n.jpg"}, {"id": "g1026_cxzqxip", "comment": "[It's Picollo!](https://imgur.com/9U9TqWm.png)", "date": "2015-12-15 09:37:46", "seriesname": "g1026_cxzqxip", "file": "/media/jbrogan4/scratch2/Reddit_Prov_Dataset_v6/_Joseph_Gordon-Levitt_dressed_as_Yoda_at_the_Star_Wars_premiere_in_LA/g1026_cxzqxip.png", "URL": "https://imgur.com/9U9TqWm.png", "fileid": "g1026_cxzqxip.png"}, {"id": "g1026_cxzqw1u", "comment": "[One Ring To Rule Them All!](http://imgur.com/BAD6Hbh)", "date": "2015-12-15 09:36:23", "seriesname": "g1026_cxzqw1u", "file": "/media/jbrogan4/scratch2/Reddit_Prov_Dataset_v6/_Joseph_Gordon-Levitt_dressed_as_Yoda_at_the_Star_Wars_premiere_in_LA/g1026_cxzqw1u.png", "URL": "http://i.imgur.com/BAD6Hbh.png", "fileid": "g1026_cxzqw1u.png"}, {"id": "g1026_cy00zxj", "comment": "[Joseph-Gordon Ninja Turtle](http://imgur.com/rlC0v0L)", "date": "2015-12-15 13:49:07", "seriesname": "g1026_cy00zxj", "file": "/media/jbrogan4/scratch2/Reddit_Prov_Dataset_v6/_Joseph_Gordon-Levitt_dressed_as_Yoda_at_the_Star_Wars_premiere_in_LA/g1026_cy00zxj.png", "URL": "http://i.imgur.com/rlC0v0L.png", "fileid": "g1026_cy00zxj.png"}, {"id": "g1026_cxzrkv9", "comment": "[Fashion statement, he made.](http://i.imgur.com/lb3DM78.jpg)", "date": "2015-12-15 09:57:23", "seriesname": "g1026_cxzrkv9", "file": "/media/jbrogan4/scratch2/Reddit_Prov_Dataset_v6/_Joseph_Gordon-Levitt_dressed_as_Yoda_at_the_Star_Wars_premiere_in_LA/g1026_cxzrkv9.jpg", "URL": "http://i.imgur.com/lb3DM78.jpg", "fileid": "g1026_cxzrkv9.jpg"}, {"id": "g1026_cxzrab1", "comment": "[Captain Kirk will f##k anything](http://i.imgur.com/khInqAU.jpg)", "date": "2015-12-15 09:48:41", "seriesname": "g1026_cxzrab1", "file": "/media/jbrogan4/scratch2/Reddit_Prov_Dataset_v6/_Joseph_Gordon-Levitt_dressed_as_Yoda_at_the_Star_Wars_premiere_in_LA/g1026_cxzrab1.jpg", "URL": "http://i.imgur.com/khInqAU.jpg", "fileid": "g1026_cxzrab1.jpg"}, {"id": "g1026_cxzrknr", "comment": "[Think it's time to revive a once glorious, now mostly dead sub](http://i.imgur.com/On8UCDL.jpg)\n\nShoutout to /r/JGLGiraffes", "date": "2015-12-15 09:57:13", "seriesname": "g1026_cxzrknr", "file": "/media/jbrogan4/scratch2/Reddit_Prov_Dataset_v6/_Joseph_Gordon-Levitt_dressed_as_Yoda_at_the_Star_Wars_premiere_in_LA/g1026_cxzrknr.jpg", "URL": "http://i.imgur.com/On8UCDL.jpg", "fileid": "g1026_cxzrknr.jpg"}, {"id": "g1026_cxzr0hl", "comment": "[http://imgur.com/jz2LJwC](http://imgur.com/jz2LJwC)", "date": "2015-12-15 09:40:16", "seriesname": "g1026_cxzr0hl", "file": "/media/jbrogan4/scratch2/Reddit_Prov_Dataset_v6/_Joseph_Gordon-Levitt_dressed_as_Yoda_at_the_Star_Wars_premiere_in_LA/g1026_cxzr0hl.png", "URL": "http://i.imgur.com/jz2LJwC.png", "fileid": "g1026_cxzr0hl.png"}, {"id": "g1026_cxzs4zn", "comment": "[Yoda? Take a better look](http://i.imgur.com/muZBnwI.jpg)", "date": "2015-12-15 10:13:40", "seriesname": "g1026_cxzs4zn", "file": "/media/jbrogan4/scratch2/Reddit_Prov_Dataset_v6/_Joseph_Gordon-Levitt_dressed_as_Yoda_at_the_Star_Wars_premiere_in_LA/g1026_cxzs4zn.jpg", "URL": "http://i.imgur.com/muZBnwI.jpg", "fileid": "g1026_cxzs4zn.jpg"}, {"id": "g1026_cxzxsbw", "comment": "[Correction](https://i.imgur.com/4KJuTvn.jpg)", "date": "2015-12-15 12:33:59", "seriesname": "g1026_cxzxsbw", "file": "/media/jbrogan4/scratch2/Reddit_Prov_Dataset_v6/_Joseph_Gordon-Levitt_dressed_as_Yoda_at_the_Star_Wars_premiere_in_LA/g1026_cxzxsbw.jpg", "URL": "https://i.imgur.com/4KJuTvn.jpg", "fileid": "g1026_cxzxsbw.jpg"}, {"id": "g1026_cxzxyqr", "comment": "[spud](http://imgur.com/1ujvbqC)", "date": "2015-12-15 12:38:05", "seriesname": "g1026_cxzxyqr", "file": "/media/jbrogan4/scratch2/Reddit_Prov_Dataset_v6/_Joseph_Gordon-Levitt_dressed_as_Yoda_at_the_Star_Wars_premiere_in_LA/g1026_cxzxyqr.png", "URL": "http://i.imgur.com/1ujvbqC.png", "fileid": "g1026_cxzxyqr.png"}, {"id": "g1026_cxztr7n", "comment": "http://i.imgur.com/uYVsj2W.jpg", "date": "2015-12-15 10:56:28", "seriesname": "g1026_cxztr7n", "file": "/media/jbrogan4/scratch2/Reddit_Prov_Dataset_v6/_Joseph_Gordon-Levitt_dressed_as_Yoda_at_the_Star_Wars_premiere_in_LA/g1026_cxztr7n.jpg", "URL": "http://i.imgur.com/uYVsj2W.jpg", "fileid": "g1026_cxztr7n.jpg"}, {"id": "g1026_cxznjps", "comment": "[Gordon-Levitt I have become](http://i.imgur.com/ydu6Yom.jpg)", "date": "2015-12-15 07:18:54", "seriesname": "g1026_cxznjps", "file": "/media/jbrogan4/scratch2/Reddit_Prov_Dataset_v6/_Joseph_Gordon-Levitt_dressed_as_Yoda_at_the_Star_Wars_premiere_in_LA/g1026_cxznjps.jpg", "URL": "http://i.imgur.com/ydu6Yom.jpg", "fileid": "g1026_cxznjps.jpg"}, {"id": "g1026_cy02npu", "comment": "http://i.imgur.com/MKDGlp0.jpg", "date": "2015-12-15 14:27:18", "seriesname": "g1026_cy02npu", "file": "/media/jbrogan4/scratch2/Reddit_Prov_Dataset_v6/_Joseph_Gordon-Levitt_dressed_as_Yoda_at_the_Star_Wars_premiere_in_LA/g1026_cy02npu.jpg", "URL": "http://i.imgur.com/MKDGlp0.jpg", "fileid": "g1026_cy02npu.jpg"}, {"id": "g1026_cy09iam", "comment": "I cant believe it....i'm on a photoshop battle!\nhttps://i.imgur.com/0HYmilz.jpg\n", "date": "2015-12-15 17:03:36", "seriesname": "g1026_cy09iam", "file": "/media/jbrogan4/scratch2/Reddit_Prov_Dataset_v6/_Joseph_Gordon-Levitt_dressed_as_Yoda_at_the_Star_Wars_premiere_in_LA/g1026_cy09iam.jpg", "URL": "https://i.imgur.com/0HYmilz.jpg", "fileid": "g1026_cy09iam.jpg"}, {"id": "g1026_cy01sle", "comment": "[That face is eerily similar to something else...](http://i.imgur.com/vRvq06N.jpg)", "date": "2015-12-15 14:07:22", "seriesname": "g1026_cy01sle", "file": "/media/jbrogan4/scratch2/Reddit_Prov_Dataset_v6/_Joseph_Gordon-Levitt_dressed_as_Yoda_at_the_Star_Wars_premiere_in_LA/g1026_cy01sle.jpg", "URL": "http://i.imgur.com/vRvq06N.jpg", "fileid": "g1026_cy01sle.jpg"}, {"id": "g1026_cxzr6ha", "comment": "Went to the wrong premiere\nhttp://i.imgur.com/CWdeYJ7.jpg", "date": "2015-12-15 09:45:26", "seriesname": "g1026_cxzr6ha", "file": "/media/jbrogan4/scratch2/Reddit_Prov_Dataset_v6/_Joseph_Gordon-Levitt_dressed_as_Yoda_at_the_Star_Wars_premiere_in_LA/g1026_cxzr6ha.jpg", "URL": "http://i.imgur.com/CWdeYJ7.jpg", "fileid": "g1026_cxzr6ha.jpg"}, {"id": "g1026_cxzxkuh", "comment": "http://imgur.com/1hsyQ40", "date": "2015-12-15 12:29:08", "seriesname": "g1026_cxzxkuh", "file": "/media/jbrogan4/scratch2/Reddit_Prov_Dataset_v6/_Joseph_Gordon-Levitt_dressed_as_Yoda_at_the_Star_Wars_premiere_in_LA/g1026_cxzxkuh.png", "URL": "http://i.imgur.com/1hsyQ40.png", "fileid": "g1026_cxzxkuh.png"}, {"id": "g1026_cy0awn7", "comment": "[Sequel?](http://imgur.com/ipZP6yq)", "date": "2015-12-15 17:37:18", "seriesname": "g1026_cy0awn7", "file": "/media/jbrogan4/scratch2/Reddit_Prov_Dataset_v6/_Joseph_Gordon-Levitt_dressed_as_Yoda_at_the_Star_Wars_premiere_in_LA/g1026_cy0awn7.png", "URL": "http://i.imgur.com/ipZP6yq.png", "fileid": "g1026_cy0awn7.png"}, {"id": "g1026_cxzs137", "comment": "https://imgur.com/7iXwt8E", "date": "2015-12-15 10:10:42", "seriesname": "g1026_cxzs137", "file": "/media/jbrogan4/scratch2/Reddit_Prov_Dataset_v6/_Joseph_Gordon-Levitt_dressed_as_Yoda_at_the_Star_Wars_premiere_in_LA/g1026_cxzs137.png", "URL": "http://i.imgur.com/7iXwt8E.png", "fileid": "g1026_cxzs137.png"}, {"id": "g1026_cxztgpd", "comment": "[Calm down Disney!](http://i.imgur.com/QB3xwLV.jpg)", "date": "2015-12-15 10:49:07", "seriesname": "g1026_cxztgpd", "file": "/media/jbrogan4/scratch2/Reddit_Prov_Dataset_v6/_Joseph_Gordon-Levitt_dressed_as_Yoda_at_the_Star_Wars_premiere_in_LA/g1026_cxztgpd.jpg", "URL": "http://i.imgur.com/QB3xwLV.jpg", "fileid": "g1026_cxztgpd.jpg"}, {"id": "g1026_cxzujt1", "comment": "http://i.imgur.com/NbBOrk2.jpg", "date": "2015-12-15 11:16:22", "seriesname": "g1026_cxzujt1", "file": "/media/jbrogan4/scratch2/Reddit_Prov_Dataset_v6/_Joseph_Gordon-Levitt_dressed_as_Yoda_at_the_Star_Wars_premiere_in_LA/g1026_cxzujt1.jpg", "URL": "http://i.imgur.com/NbBOrk2.jpg", "fileid": "g1026_cxzujt1.jpg"}, {"id": "g1026_cxzpu9d", "comment": "[You wouldn't like him when he's angry](http://i.imgur.com/ESLYIcj.jpg)", "date": "2015-12-15 09:00:54", "seriesname": "g1026_cxzpu9d", "file": "/media/jbrogan4/scratch2/Reddit_Prov_Dataset_v6/_Joseph_Gordon-Levitt_dressed_as_Yoda_at_the_Star_Wars_premiere_in_LA/g1026_cxzpu9d.jpg", "URL": "http://i.imgur.com/ESLYIcj.jpg", "fileid": "g1026_cxzpu9d.jpg"}, {"id": "g1026_cxzy4zn", "comment": "[Here you go](http://i.imgur.com/OGpZOo3.jpg)", "date": "2015-12-15 12:42:11", "seriesname": "g1026_cxzy4zn", "file": "/media/jbrogan4/scratch2/Reddit_Prov_Dataset_v6/_Joseph_Gordon-Levitt_dressed_as_Yoda_at_the_Star_Wars_premiere_in_LA/g1026_cxzy4zn.jpg", "URL": "http://i.imgur.com/OGpZOo3.jpg", "fileid": "g1026_cxzy4zn.jpg"}, {"id": "g1026_cxzra58", "comment": "[let's see if this works again...](http://i.imgur.com/AXP3fOV.jpg)", "date": "2015-12-15 09:48:33", "seriesname": "g1026_cxzra58", "file": "/media/jbrogan4/scratch2/Reddit_Prov_Dataset_v6/_Joseph_Gordon-Levitt_dressed_as_Yoda_at_the_Star_Wars_premiere_in_LA/g1026_cxzra58.jpg", "URL": "http://i.imgur.com/AXP3fOV.jpg", "fileid": "g1026_cxzra58.jpg"}, {"id": "g1026_cxzvl8c", "comment": "[Nicolas was always going to show up](http://i.imgur.com/uEgx4l1.jpg)", "date": "2015-12-15 11:41:42", "seriesname": "g1026_cxzvl8c", "file": "/media/jbrogan4/scratch2/Reddit_Prov_Dataset_v6/_Joseph_Gordon-Levitt_dressed_as_Yoda_at_the_Star_Wars_premiere_in_LA/g1026_cxzvl8c.jpg", "URL": "http://i.imgur.com/uEgx4l1.jpg", "fileid": "g1026_cxzvl8c.jpg"}, {"id": "g1026_cxzqjwj", "comment": "[\"JGL took you to see a Star Wars? You forgot to say \u201caway\u201d again.\"](http://i.imgur.com/yQMV4m0.jpg)", "date": "2015-12-15 09:25:29", "seriesname": "g1026_cxzqjwj", "file": "/media/jbrogan4/scratch2/Reddit_Prov_Dataset_v6/_Joseph_Gordon-Levitt_dressed_as_Yoda_at_the_Star_Wars_premiere_in_LA/g1026_cxzqjwj.jpg", "URL": "http://i.imgur.com/yQMV4m0.jpg", "fileid": "g1026_cxzqjwj.jpg"}, {"id": "g1026_cy029cu", "comment": "http://imgur.com/3wxu6BX", "date": "2015-12-15 14:18:16", "seriesname": "g1026_cy029cu", "file": "/media/jbrogan4/scratch2/Reddit_Prov_Dataset_v6/_Joseph_Gordon-Levitt_dressed_as_Yoda_at_the_Star_Wars_premiere_in_LA/g1026_cy029cu.png", "URL": "http://i.imgur.com/3wxu6BX.png", "fileid": "g1026_cy029cu.png"}, {"id": "g1026_cxzrxvt", "comment": "[Easy one!](https://imgur.com/Jk4SkBq)", "date": "2015-12-15 10:08:03", "seriesname": "g1026_cxzrxvt", "file": "/media/jbrogan4/scratch2/Reddit_Prov_Dataset_v6/_Joseph_Gordon-Levitt_dressed_as_Yoda_at_the_Star_Wars_premiere_in_LA/g1026_cxzrxvt.png", "URL": "http://i.imgur.com/Jk4SkBq.png", "fileid": "g1026_cxzrxvt.png"}, {"id": "g1026_cy031ws", "comment": "[Hanging out with Luke](http://i.imgur.com/oAW3epf.jpg?1)", "date": "2015-12-15 14:36:16", "seriesname": "g1026_cy031ws", "file": "/media/jbrogan4/scratch2/Reddit_Prov_Dataset_v6/_Joseph_Gordon-Levitt_dressed_as_Yoda_at_the_Star_Wars_premiere_in_LA/g1026_cy031ws.jpg", "URL": "http://i.imgur.com/oAW3epf.jpg?1", "fileid": "g1026_cy031ws.jpg"}, {"id": "g1026_cxzv5ut", "comment": "[Inception](http://i.imgur.com/BAfaBZA.jpg)", "date": "2015-12-15 11:31:26", "seriesname": "g1026_cxzv5ut", "file": "/media/jbrogan4/scratch2/Reddit_Prov_Dataset_v6/_Joseph_Gordon-Levitt_dressed_as_Yoda_at_the_Star_Wars_premiere_in_LA/g1026_cxzv5ut.jpg", "URL": "http://i.imgur.com/BAfaBZA.jpg", "fileid": "g1026_cxzv5ut.jpg"}, {"id": "g1026_cxzqu0o", "comment": "[Beat me to it](http://i.imgur.com/T8xHZde.jpg)", "date": "2015-12-15 09:34:37", "seriesname": "g1026_cxzqu0o", "file": "/media/jbrogan4/scratch2/Reddit_Prov_Dataset_v6/_Joseph_Gordon-Levitt_dressed_as_Yoda_at_the_Star_Wars_premiere_in_LA/g1026_cxzqu0o.jpg", "URL": "http://i.imgur.com/T8xHZde.jpg", "fileid": "g1026_cxzqu0o.jpg"}, {"id": "g1026_cy00kmi", "comment": "[Said to be one of the most sage creatures of the ancient oak forests.](http://i.imgur.com/kfghWxr.png)", "date": "2015-12-15 13:39:22", "seriesname": "g1026_cy00kmi", "file": "/media/jbrogan4/scratch2/Reddit_Prov_Dataset_v6/_Joseph_Gordon-Levitt_dressed_as_Yoda_at_the_Star_Wars_premiere_in_LA/g1026_cy00kmi.png", "URL": "http://i.imgur.com/kfghWxr.png", "fileid": "g1026_cy00kmi.png"}, {"id": "g1026_cy00tme", "comment": "[Oh! Greenman!](http://i.imgur.com/mD6Ywwo.png)\n\nKind of defeats the purpose with the face hole cut out...", "date": "2015-12-15 13:45:04", "seriesname": "g1026_cy00tme", "file": "/media/jbrogan4/scratch2/Reddit_Prov_Dataset_v6/_Joseph_Gordon-Levitt_dressed_as_Yoda_at_the_Star_Wars_premiere_in_LA/g1026_cy00tme.png", "URL": "http://i.imgur.com/mD6Ywwo.png", "fileid": "g1026_cy00tme.png"}, {"id": "g1026_cxzut9l", "comment": "[How about now?](http://i.imgur.com/udxmsDg.jpg)", "date": "2015-12-15 11:22:53", "seriesname": "g1026_cxzut9l", "file": "/media/jbrogan4/scratch2/Reddit_Prov_Dataset_v6/_Joseph_Gordon-Levitt_dressed_as_Yoda_at_the_Star_Wars_premiere_in_LA/g1026_cxzut9l.jpg", "URL": "http://i.imgur.com/udxmsDg.jpg", "fileid": "g1026_cxzut9l.jpg"}, {"id": "g1026_cxzqq29", "comment": "[Ah I was too slow](http://i.imgur.com/sHmJMdq.jpg)", "date": "2015-12-15 09:31:02", "seriesname": "g1026_cxzqq29", "file": "/media/jbrogan4/scratch2/Reddit_Prov_Dataset_v6/_Joseph_Gordon-Levitt_dressed_as_Yoda_at_the_Star_Wars_premiere_in_LA/g1026_cxzqq29.jpg", "URL": "http://i.imgur.com/sHmJMdq.jpg", "fileid": "g1026_cxzqq29.jpg"}, {"id": "g1026_cxzrogq", "comment": "[http://i.imgur.com/uwzRYfo.jpg](http://i.imgur.com/uwzRYfo.jpg)", "date": "2015-12-15 10:00:17", "seriesname": "g1026_cxzrogq", "file": "/media/jbrogan4/scratch2/Reddit_Prov_Dataset_v6/_Joseph_Gordon-Levitt_dressed_as_Yoda_at_the_Star_Wars_premiere_in_LA/g1026_cxzrogq.jpg", "URL": "http://i.imgur.com/uwzRYfo.jpg](http://i.imgur.com/uwzRYfo.jpg", "fileid": "g1026_cxzrogq.jpg"}, {"id": "g1026_cy0215o", "comment": "[surprise motherf**ker](http://i.imgur.com/WixcCMi.jpg)", "date": "2015-12-15 14:13:00", "seriesname": "g1026_cy0215o", "file": "/media/jbrogan4/scratch2/Reddit_Prov_Dataset_v6/_Joseph_Gordon-Levitt_dressed_as_Yoda_at_the_Star_Wars_premiere_in_LA/g1026_cy0215o.jpg", "URL": "http://i.imgur.com/WixcCMi.jpg", "fileid": "g1026_cy0215o.jpg"}, {"id": "g1026_cxzuw5k", "comment": "http://i.imgur.com/0S9S3u9.jpg", "date": "2015-12-15 11:24:48", "seriesname": "g1026_cxzuw5k", "file": "/media/jbrogan4/scratch2/Reddit_Prov_Dataset_v6/_Joseph_Gordon-Levitt_dressed_as_Yoda_at_the_Star_Wars_premiere_in_LA/g1026_cxzuw5k.jpg", "URL": "http://i.imgur.com/0S9S3u9.jpg", "fileid": "g1026_cxzuw5k.jpg"}, {"id": "g1026_cy0n1n5", "comment": "http://imgur.com/MbQy63h", "date": "2015-12-15 22:57:40", "seriesname": "g1026_cy0n1n5", "file": "/media/jbrogan4/scratch2/Reddit_Prov_Dataset_v6/_Joseph_Gordon-Levitt_dressed_as_Yoda_at_the_Star_Wars_premiere_in_LA/g1026_cy0n1n5.png", "URL": "http://i.imgur.com/MbQy63h.png", "fileid": "g1026_cy0n1n5.png"}, {"id": "g1026_cxzwamq", "comment": "[No. Try not. Do... or do not. There is no try. ](http://i.imgur.com/S4Ncjk4.jpg)", "date": "2015-12-15 11:58:26", "seriesname": "g1026_cxzwamq", "file": "/media/jbrogan4/scratch2/Reddit_Prov_Dataset_v6/_Joseph_Gordon-Levitt_dressed_as_Yoda_at_the_Star_Wars_premiere_in_LA/g1026_cxzwamq.jpg", "URL": "http://i.imgur.com/S4Ncjk4.jpg", "fileid": "g1026_cxzwamq.jpg"}, {"id": "g1026_cxzy2j7", "comment": "[Concept -&gt; Reality](http://i.imgur.com/BdolyGB.png)", "date": "2015-12-15 12:40:35", "seriesname": "g1026_cxzy2j7", "file": "/media/jbrogan4/scratch2/Reddit_Prov_Dataset_v6/_Joseph_Gordon-Levitt_dressed_as_Yoda_at_the_Star_Wars_premiere_in_LA/g1026_cxzy2j7.png", "URL": "http://i.imgur.com/BdolyGB.png", "fileid": "g1026_cxzy2j7.png"}, {"id": "g1026_cxzqmql", "comment": "[I think Gordon-Levitt has some plans for Donkey](http://imgur.com/yXJDS6M)", "date": "2015-12-15 09:28:04", "seriesname": "g1026_cxzqmql", "file": "/media/jbrogan4/scratch2/Reddit_Prov_Dataset_v6/_Joseph_Gordon-Levitt_dressed_as_Yoda_at_the_Star_Wars_premiere_in_LA/g1026_cxzqmql.png", "URL": "http://i.imgur.com/yXJDS6M.png", "fileid": "g1026_cxzqmql.png"}, {"id": "g1026_cxzqler", "comment": "[http://imgur.com/wOFubPy](http://imgur.com/wOFubPy)", "date": "2015-12-15 09:26:51", "seriesname": "g1026_cxzqler", "file": "/media/jbrogan4/scratch2/Reddit_Prov_Dataset_v6/_Joseph_Gordon-Levitt_dressed_as_Yoda_at_the_Star_Wars_premiere_in_LA/g1026_cxzqler.png", "URL": "http://i.imgur.com/wOFubPy.png", "fileid": "g1026_cxzqler.png"}, {"id": "g1026_cxzqtp5", "comment": "[Shrek](http://i.imgur.com/asnJc5i.png)", "date": "2015-12-15 09:34:20", "seriesname": "g1026_cxzqtp5", "file": "/media/jbrogan4/scratch2/Reddit_Prov_Dataset_v6/_Joseph_Gordon-Levitt_dressed_as_Yoda_at_the_Star_Wars_premiere_in_LA/g1026_cxzqtp5.png", "URL": "http://i.imgur.com/asnJc5i.png", "fileid": "g1026_cxzqtp5.png"}, {"id": "g1026_cy00tvs", "comment": "[You're a mean one...](http://i.imgur.com/7Dsl54R.png)", "date": "2015-12-15 13:45:13", "seriesname": "g1026_cy00tvs", "file": "/media/jbrogan4/scratch2/Reddit_Prov_Dataset_v6/_Joseph_Gordon-Levitt_dressed_as_Yoda_at_the_Star_Wars_premiere_in_LA/g1026_cy00tvs.png", "URL": "http://i.imgur.com/7Dsl54R.png", "fileid": "g1026_cy00tvs.png"}, {"id": "g1026_cxzxx9b", "comment": "[Joseph Gremlin-Levitt](http://i.imgur.com/NdqZx5B.jpg)", "date": "2015-12-15 12:37:07", "seriesname": "g1026_cxzxx9b", "file": "/media/jbrogan4/scratch2/Reddit_Prov_Dataset_v6/_Joseph_Gordon-Levitt_dressed_as_Yoda_at_the_Star_Wars_premiere_in_LA/g1026_cxzxx9b.jpg", "URL": "http://i.imgur.com/NdqZx5B.jpg", "fileid": "g1026_cxzxx9b.jpg"}, {"id": "g1026_root", "comment": "", "date": "2015-12-15 07:08:02", "seriesname": "g1026_root", "file": "/media/jbrogan4/scratch2/Reddit_Prov_Dataset_v6/_Joseph_Gordon-Levitt_dressed_as_Yoda_at_the_Star_Wars_premiere_in_LA/g1026_root.jpg", "URL": "https://i.imgur.com/d9Cw7Ja.jpg", "fileid": "g1026_root.jpg"}, {"id": "g1026_cxzr6xd", "comment": "[2015  best dressed winners](http://imgur.com/IzOhgrd)", "date": "2015-12-15 09:45:49", "seriesname": "g1026_cxzr6xd", "file": "/media/jbrogan4/scratch2/Reddit_Prov_Dataset_v6/_Joseph_Gordon-Levitt_dressed_as_Yoda_at_the_Star_Wars_premiere_in_LA/g1026_cxzr6xd.png", "URL": "http://i.imgur.com/IzOhgrd.png", "fileid": "g1026_cxzr6xd.png"}], "graph": {"name": "g1026_root"}, "directed": true}