{"links": [{"op": "none", "target": 0, "source": 48}, {"op": "none", "target": 1, "source": 48}, {"op": "none", "target": 2, "source": 48}, {"op": "none", "target": 3, "source": 48}, {"op": "none", "target": 4, "source": 48}, {"op": "none", "target": 5, "source": 48}, {"op": "none", "target": 6, "source": 48}, {"op": "none", "target": 7, "source": 48}, {"op": "none", "target": 8, "source": 23}, {"op": "none", "target": 9, "source": 48}, {"op": "none", "target": 10, "source": 48}, {"op": "none", "target": 11, "source": 48}, {"op": "none", "target": 12, "source": 48}, {"op": "none", "target": 13, "source": 48}, {"op": "none", "target": 14, "source": 48}, {"op": "none", "target": 15, "source": 48}, {"op": "none", "target": 16, "source": 26}, {"op": "none", "target": 17, "source": 48}, {"op": "none", "target": 18, "source": 48}, {"op": "none", "target": 19, "source": 13}, {"op": "none", "target": 20, "source": 48}, {"op": "none", "target": 21, "source": 48}, {"op": "none", "target": 22, "source": 48}, {"op": "none", "target": 23, "source": 48}, {"op": "none", "target": 24, "source": 48}, {"op": "none", "target": 25, "source": 48}, {"op": "none", "target": 26, "source": 48}, {"op": "none", "target": 27, "source": 48}, {"op": "none", "target": 28, "source": 48}, {"op": "none", "target": 29, "source": 48}, {"op": "none", "target": 30, "source": 48}, {"op": "none", "target": 31, "source": 48}, {"op": "none", "target": 32, "source": 48}, {"op": "none", "target": 33, "source": 48}, {"op": "none", "target": 34, "source": 48}, {"op": "none", "target": 35, "source": 48}, {"op": "none", "target": 36, "source": 48}, {"op": "none", "target": 37, "source": 48}, {"op": "none", "target": 38, "source": 48}, {"op": "none", "target": 39, "source": 48}, {"op": "none", "target": 40, "source": 34}, {"op": "none", "target": 41, "source": 48}, {"op": "none", "target": 42, "source": 48}, {"op": "none", "target": 43, "source": 48}, {"op": "none", "target": 44, "source": 48}, {"op": "none", "target": 45, "source": 48}, {"op": "none", "target": 46, "source": 48}, {"op": "none", "target": 47, "source": 48}, {"op": "none", "target": 49, "source": 48}, {"op": "none", "target": 50, "source": 48}], "title": "My_little_cousin_in_a_lawn_chair_bag", "nodes": [{"id": "g1024_cj5k2zb", "comment": "[Get the bags to the van guys!](http://imgur.com/mx4gPC4)", "date": "2014-07-23 12:11:46", "seriesname": "g1024_cj5k2zb", "file": "/media/jbrogan4/scratch2/Reddit_Prov_Dataset_v6/My_little_cousin_in_a_lawn_chair_bag/g1024_cj5k2zb.png", "URL": "http://i.imgur.com/mx4gPC4.png", "fileid": "g1024_cj5k2zb.png"}, {"id": "g1024_cj5ctts", "comment": "[BE FREE, LITTLE COUSIN](http://i.imgur.com/ax7ngO7.png)", "date": "2014-07-23 07:00:56", "seriesname": "g1024_cj5ctts", "file": "/media/jbrogan4/scratch2/Reddit_Prov_Dataset_v6/My_little_cousin_in_a_lawn_chair_bag/g1024_cj5ctts.png", "URL": "http://i.imgur.com/ax7ngO7.png", "fileid": "g1024_cj5ctts.png"}, {"id": "g1024_cj5jvy3", "comment": "[You guys feel that breeze?](http://imgur.com/OD8jOtr)", "date": "2014-07-23 12:05:51", "seriesname": "g1024_cj5jvy3", "file": "/media/jbrogan4/scratch2/Reddit_Prov_Dataset_v6/My_little_cousin_in_a_lawn_chair_bag/g1024_cj5jvy3.png", "URL": "http://i.imgur.com/OD8jOtr.png", "fileid": "g1024_cj5jvy3.png"}, {"id": "g1024_cj5gyxk", "comment": "[Go Metapod!](http://i.imgur.com/NEWKSlW.jpg)", "date": "2014-07-23 10:32:19", "seriesname": "g1024_cj5gyxk", "file": "/media/jbrogan4/scratch2/Reddit_Prov_Dataset_v6/My_little_cousin_in_a_lawn_chair_bag/g1024_cj5gyxk.jpg", "URL": "http://i.imgur.com/NEWKSlW.jpg", "fileid": "g1024_cj5gyxk.jpg"}, {"id": "g1024_cj5ewpv", "comment": "http://i.imgur.com/IRgKSaT.jpg", "date": "2014-07-23 09:11:07", "seriesname": "g1024_cj5ewpv", "file": "/media/jbrogan4/scratch2/Reddit_Prov_Dataset_v6/My_little_cousin_in_a_lawn_chair_bag/g1024_cj5ewpv.jpg", "URL": "http://i.imgur.com/IRgKSaT.jpg", "fileid": "g1024_cj5ewpv.jpg"}, {"id": "g1024_cjlkcmf", "comment": "I know I'm late, but... [New US Rocket Launcher!](http://i.imgur.com/gXfkwM1.jpg)", "date": "2014-08-09 14:21:19", "seriesname": "g1024_cjlkcmf", "file": "/media/jbrogan4/scratch2/Reddit_Prov_Dataset_v6/My_little_cousin_in_a_lawn_chair_bag/g1024_cjlkcmf.jpg", "URL": "http://i.imgur.com/gXfkwM1.jpg", "fileid": "g1024_cjlkcmf.jpg"}, {"id": "g1024_cj5s2fs", "comment": "[Burrito Boy](http://i.imgur.com/JSqa0oC.jpg)\n\n\nDidn't see the other burrito version when i decided to make this.  Lettuce decide whose is better.", "date": "2014-07-23 16:03:08", "seriesname": "g1024_cj5s2fs", "file": "/media/jbrogan4/scratch2/Reddit_Prov_Dataset_v6/My_little_cousin_in_a_lawn_chair_bag/g1024_cj5s2fs.jpg", "URL": "http://i.imgur.com/JSqa0oC.jpg", "fileid": "g1024_cj5s2fs.jpg"}, {"id": "g1024_cj570fn", "comment": "http://i.imgur.com/ugFjJtQ.jpg", "date": "2014-07-23 00:42:21", "seriesname": "g1024_cj570fn", "file": "/media/jbrogan4/scratch2/Reddit_Prov_Dataset_v6/My_little_cousin_in_a_lawn_chair_bag/g1024_cj570fn.jpg", "URL": "http://i.imgur.com/ugFjJtQ.jpg", "fileid": "g1024_cj570fn.jpg"}, {"id": "g1024_cj5j99e", "comment": "[There you go](http://imgur.com/wa7rRWD)", "date": "2014-07-23 11:46:26", "seriesname": "g1024_cj5j99e", "file": "/media/jbrogan4/scratch2/Reddit_Prov_Dataset_v6/My_little_cousin_in_a_lawn_chair_bag/g1024_cj5j99e.png", "URL": "http://i.imgur.com/wa7rRWD.png", "fileid": "g1024_cj5j99e.png"}, {"id": "g1024_cjavhp6", "comment": "[This](http://i.imgur.com/opCfvJV.jpg) is the first thing that came to mind when I saw it. (I know it's terrible but it's my first thing I've ever edited on a photoshop-type editor)", "date": "2014-07-29 06:23:15", "seriesname": "g1024_cjavhp6", "file": "/media/jbrogan4/scratch2/Reddit_Prov_Dataset_v6/My_little_cousin_in_a_lawn_chair_bag/g1024_cjavhp6.jpg", "URL": "http://i.imgur.com/opCfvJV.jpg", "fileid": "g1024_cjavhp6.jpg"}, {"id": "g1024_cj5fll5", "comment": "Rob Schneider is..... [A lawn chair!](http://imgur.com/30w9JED)", "date": "2014-07-23 09:41:13", "seriesname": "g1024_cj5fll5", "file": "/media/jbrogan4/scratch2/Reddit_Prov_Dataset_v6/My_little_cousin_in_a_lawn_chair_bag/g1024_cj5fll5.png", "URL": "http://i.imgur.com/30w9JED.png", "fileid": "g1024_cj5fll5.png"}, {"id": "g1024_cj5bp0l", "comment": "Seriously? All these caterpillars and no-one thought he looked *exactly* like [this one](http://i.imgur.com/MgKIRzR.png)?", "date": "2014-07-23 05:22:52", "seriesname": "g1024_cj5bp0l", "file": "/media/jbrogan4/scratch2/Reddit_Prov_Dataset_v6/My_little_cousin_in_a_lawn_chair_bag/g1024_cj5bp0l.png", "URL": "http://i.imgur.com/MgKIRzR.png)?", "fileid": "g1024_cj5bp0l.png"}, {"id": "g1024_cj599cv", "comment": "[Dressed up like a million dollar trooper](http://i.imgur.com/fHyW7Sd.jpg)", "date": "2014-07-23 02:31:10", "seriesname": "g1024_cj599cv", "file": "/media/jbrogan4/scratch2/Reddit_Prov_Dataset_v6/My_little_cousin_in_a_lawn_chair_bag/g1024_cj599cv.jpg", "URL": "http://i.imgur.com/fHyW7Sd.jpg", "fileid": "g1024_cj599cv.jpg"}, {"id": "g1024_cj56yvy", "comment": "[After his transformation] (http://i.imgur.com/fOXmKCs.jpg)", "date": "2014-07-23 00:40:40", "seriesname": "g1024_cj56yvy", "file": "/media/jbrogan4/scratch2/Reddit_Prov_Dataset_v6/My_little_cousin_in_a_lawn_chair_bag/g1024_cj56yvy.jpg", "URL": "http://i.imgur.com/fOXmKCs.jpg", "fileid": "g1024_cj56yvy.jpg"}, {"id": "g1024_cj5auyw", "comment": "[http://i.imgur.com/Bb7khmj.jpg](http://i.imgur.com/Bb7khmj.jpg)", "date": "2014-07-23 04:15:15", "seriesname": "g1024_cj5auyw", "file": "/media/jbrogan4/scratch2/Reddit_Prov_Dataset_v6/My_little_cousin_in_a_lawn_chair_bag/g1024_cj5auyw.jpg", "URL": "http://i.imgur.com/Bb7khmj.jpg](http://i.imgur.com/Bb7khmj.jpg", "fileid": "g1024_cj5auyw.jpg"}, {"id": "g1024_cj5ftwv", "comment": "[Now I guess we all know what was in the bag](http://i.imgur.com/ZYLdwY7.jpg)", "date": "2014-07-23 09:50:16", "seriesname": "g1024_cj5ftwv", "file": "/media/jbrogan4/scratch2/Reddit_Prov_Dataset_v6/My_little_cousin_in_a_lawn_chair_bag/g1024_cj5ftwv.jpg", "URL": "http://i.imgur.com/ZYLdwY7.jpg", "fileid": "g1024_cj5ftwv.jpg"}, {"id": "g1024_cj5g584", "comment": "[Alright](http://i.imgur.com/VzFrdl4.jpg)", "date": "2014-07-23 10:02:24", "seriesname": "g1024_cj5g584", "file": "/media/jbrogan4/scratch2/Reddit_Prov_Dataset_v6/My_little_cousin_in_a_lawn_chair_bag/g1024_cj5g584.jpg", "URL": "http://i.imgur.com/VzFrdl4.jpg", "fileid": "g1024_cj5g584.jpg"}, {"id": "g1024_cj5bygm", "comment": "[The sleeper has awakened! ](http://i.imgur.com/7trirGo.png)", "date": "2014-07-23 05:45:30", "seriesname": "g1024_cj5bygm", "file": "/media/jbrogan4/scratch2/Reddit_Prov_Dataset_v6/My_little_cousin_in_a_lawn_chair_bag/g1024_cj5bygm.png", "URL": "http://i.imgur.com/7trirGo.png", "fileid": "g1024_cj5bygm.png"}, {"id": "g1024_cjn0stl", "comment": "[the military has new weapons!](http://i.imgur.com/9D8BsrE.jpg)", "date": "2014-08-11 08:35:46", "seriesname": "g1024_cjn0stl", "file": "/media/jbrogan4/scratch2/Reddit_Prov_Dataset_v6/My_little_cousin_in_a_lawn_chair_bag/g1024_cjn0stl.jpg", "URL": "http://i.imgur.com/9D8BsrE.jpg", "fileid": "g1024_cjn0stl.jpg"}, {"id": "g1024_cj5i04i", "comment": "[Before his transformantion](http://i629.photobucket.com/albums/uu18/inkandpixelclub/James%20and%20the%20Giant%20Peach/jatgp05.jpg)", "date": "2014-07-23 11:07:07", "seriesname": "g1024_cj5i04i", "file": "/media/jbrogan4/scratch2/Reddit_Prov_Dataset_v6/My_little_cousin_in_a_lawn_chair_bag/g1024_cj5i04i.jpg", "URL": "http://i629.photobucket.com/albums/uu18/inkandpixelclub/James%20and%20the%20Giant%20Peach/jatgp05.jpg", "fileid": "g1024_cj5i04i.jpg"}, {"id": "g1024_cj597xq", "comment": "[Quiver, arrows...I don't know, guys](http://i.imgur.com/AMrWnBm.jpg)", "date": "2014-07-23 02:28:53", "seriesname": "g1024_cj597xq", "file": "/media/jbrogan4/scratch2/Reddit_Prov_Dataset_v6/My_little_cousin_in_a_lawn_chair_bag/g1024_cj597xq.jpg", "URL": "http://i.imgur.com/AMrWnBm.jpg", "fileid": "g1024_cj597xq.jpg"}, {"id": "g1024_cj5lt60", "comment": "[Slow and Steady](http://i.imgur.com/JwXtijL.jpg)", "date": "2014-07-23 13:03:55", "seriesname": "g1024_cj5lt60", "file": "/media/jbrogan4/scratch2/Reddit_Prov_Dataset_v6/My_little_cousin_in_a_lawn_chair_bag/g1024_cj5lt60.jpg", "URL": "http://i.imgur.com/JwXtijL.jpg", "fileid": "g1024_cj5lt60.jpg"}, {"id": "g1024_cj5nfgi", "comment": "[Who ordered this baby?](http://i.imgur.com/SWvGyj5.jpg)", "date": "2014-07-23 13:50:57", "seriesname": "g1024_cj5nfgi", "file": "/media/jbrogan4/scratch2/Reddit_Prov_Dataset_v6/My_little_cousin_in_a_lawn_chair_bag/g1024_cj5nfgi.jpg", "URL": "http://i.imgur.com/SWvGyj5.jpg", "fileid": "g1024_cj5nfgi.jpg"}, {"id": "g1024_cj5d1pj", "comment": "[Playing Worms](http://imgur.com/7xCiOuA)", "date": "2014-07-23 07:17:59", "seriesname": "g1024_cj5d1pj", "file": "/media/jbrogan4/scratch2/Reddit_Prov_Dataset_v6/My_little_cousin_in_a_lawn_chair_bag/g1024_cj5d1pj.png", "URL": "http://i.imgur.com/7xCiOuA.png", "fileid": "g1024_cj5d1pj.png"}, {"id": "g1024_cj5agyb", "comment": "[ET](http://i.imgur.com/2jntLt5.jpg)", "date": "2014-07-23 03:47:33", "seriesname": "g1024_cj5agyb", "file": "/media/jbrogan4/scratch2/Reddit_Prov_Dataset_v6/My_little_cousin_in_a_lawn_chair_bag/g1024_cj5agyb.jpg", "URL": "http://i.imgur.com/2jntLt5.jpg", "fileid": "g1024_cj5agyb.jpg"}, {"id": "g1024_cj5amu9", "comment": "Bad Stork: https://imgur.com/IZ3cE7k", "date": "2014-07-23 03:58:42", "seriesname": "g1024_cj5amu9", "file": "/media/jbrogan4/scratch2/Reddit_Prov_Dataset_v6/My_little_cousin_in_a_lawn_chair_bag/g1024_cj5amu9.png", "URL": "http://i.imgur.com/IZ3cE7k.png", "fileid": "g1024_cj5amu9.png"}, {"id": "g1024_cj5afd3", "comment": "[I'm not sure how to title this](http://i.imgur.com/ZneH7xd.jpg)", "date": "2014-07-23 03:44:36", "seriesname": "g1024_cj5afd3", "file": "/media/jbrogan4/scratch2/Reddit_Prov_Dataset_v6/My_little_cousin_in_a_lawn_chair_bag/g1024_cj5afd3.jpg", "URL": "http://i.imgur.com/ZneH7xd.jpg", "fileid": "g1024_cj5afd3.jpg"}, {"id": "g1024_cj5ttr6", "comment": "[Dwayne's Fanny Pack](http://i.imgur.com/ChFlfA8.jpg)", "date": "2014-07-23 16:53:26", "seriesname": "g1024_cj5ttr6", "file": "/media/jbrogan4/scratch2/Reddit_Prov_Dataset_v6/My_little_cousin_in_a_lawn_chair_bag/g1024_cj5ttr6.jpg", "URL": "http://i.imgur.com/ChFlfA8.jpg", "fileid": "g1024_cj5ttr6.jpg"}, {"id": "g1024_cj5x0y7", "comment": "[He emerges, his metamorphasis complete.](http://i.imgur.com/ynVipOX.jpg)", "date": "2014-07-23 18:33:26", "seriesname": "g1024_cj5x0y7", "file": "/media/jbrogan4/scratch2/Reddit_Prov_Dataset_v6/My_little_cousin_in_a_lawn_chair_bag/g1024_cj5x0y7.jpg", "URL": "http://i.imgur.com/ynVipOX.jpg", "fileid": "g1024_cj5x0y7.jpg"}, {"id": "g1024_cj5fk5b", "comment": "[It's-a me!](http://i.imgur.com/ZGFLIMx.jpg)", "date": "2014-07-23 09:39:36", "seriesname": "g1024_cj5fk5b", "file": "/media/jbrogan4/scratch2/Reddit_Prov_Dataset_v6/My_little_cousin_in_a_lawn_chair_bag/g1024_cj5fk5b.jpg", "URL": "http://i.imgur.com/ZGFLIMx.jpg", "fileid": "g1024_cj5fk5b.jpg"}, {"id": "g1024_cj5h4qp", "comment": "[Earning his tent-pitching badge.](http://i.imgur.com/AfCnIU0.jpg)", "date": "2014-07-23 10:38:02", "seriesname": "g1024_cj5h4qp", "file": "/media/jbrogan4/scratch2/Reddit_Prov_Dataset_v6/My_little_cousin_in_a_lawn_chair_bag/g1024_cj5h4qp.jpg", "URL": "http://i.imgur.com/AfCnIU0.jpg", "fileid": "g1024_cj5h4qp.jpg"}, {"id": "g1024_cj5myju", "comment": "[Hey what the hell... halp!](http://i.imgur.com/ZiZO95r.png)", "date": "2014-07-23 13:37:15", "seriesname": "g1024_cj5myju", "file": "/media/jbrogan4/scratch2/Reddit_Prov_Dataset_v6/My_little_cousin_in_a_lawn_chair_bag/g1024_cj5myju.png", "URL": "http://i.imgur.com/ZiZO95r.png", "fileid": "g1024_cj5myju.png"}, {"id": "g1024_cj5n9zm", "comment": "[Payday 2](http://imgur.com/pWDu1ZQ)", "date": "2014-07-23 13:46:22", "seriesname": "g1024_cj5n9zm", "file": "/media/jbrogan4/scratch2/Reddit_Prov_Dataset_v6/My_little_cousin_in_a_lawn_chair_bag/g1024_cj5n9zm.png", "URL": "http://i.imgur.com/pWDu1ZQ.png", "fileid": "g1024_cj5n9zm.png"}, {"id": "g1024_cj59g66", "comment": "[Many thanks to the Make-A-Wish Foundation](http://i.imgur.com/aXfeISl.png)", "date": "2014-07-23 02:42:21", "seriesname": "g1024_cj59g66", "file": "/media/jbrogan4/scratch2/Reddit_Prov_Dataset_v6/My_little_cousin_in_a_lawn_chair_bag/g1024_cj59g66.png", "URL": "http://i.imgur.com/aXfeISl.png", "fileid": "g1024_cj59g66.png"}, {"id": "g1024_cj59kve", "comment": "[It's the Circle of Life](http://i.imgur.com/twPrqMg.jpg)", "date": "2014-07-23 02:50:05", "seriesname": "g1024_cj59kve", "file": "/media/jbrogan4/scratch2/Reddit_Prov_Dataset_v6/My_little_cousin_in_a_lawn_chair_bag/g1024_cj59kve.jpg", "URL": "http://i.imgur.com/twPrqMg.jpg", "fileid": "g1024_cj59kve.jpg"}, {"id": "g1024_cj59j7a", "comment": "[boyritto](http://i.imgur.com/eevvf6p.jpg)", "date": "2014-07-23 02:47:20", "seriesname": "g1024_cj59j7a", "file": "/media/jbrogan4/scratch2/Reddit_Prov_Dataset_v6/My_little_cousin_in_a_lawn_chair_bag/g1024_cj59j7a.jpg", "URL": "http://i.imgur.com/eevvf6p.jpg", "fileid": "g1024_cj59j7a.jpg"}, {"id": "g1024_cj5h9gp", "comment": "[PATIENCE YOU MUST HAVE my young padawan](http://i.imgur.com/ILHmnok.gif)", "date": "2014-07-23 10:42:30", "seriesname": "g1024_cj5h9gp", "file": "/media/jbrogan4/scratch2/Reddit_Prov_Dataset_v6/My_little_cousin_in_a_lawn_chair_bag/g1024_cj5h9gp.jpg", "URL": "http://i.imgur.com/ILHmnok.gif", "fileid": "g1024_cj5h9gp.gif"}, {"id": "g1024_cj5b7yl", "comment": "[NOPE NOPE NOPE](http://i.imgur.com/i3o0Xqp.png)", "date": "2014-07-23 04:42:45", "seriesname": "g1024_cj5b7yl", "file": "/media/jbrogan4/scratch2/Reddit_Prov_Dataset_v6/My_little_cousin_in_a_lawn_chair_bag/g1024_cj5b7yl.png", "URL": "http://i.imgur.com/i3o0Xqp.png", "fileid": "g1024_cj5b7yl.png"}, {"id": "g1024_cj5g3i8", "comment": "[The Force is strong with this one](http://imgur.com/TAXMPYs)", "date": "2014-07-23 10:00:38", "seriesname": "g1024_cj5g3i8", "file": "/media/jbrogan4/scratch2/Reddit_Prov_Dataset_v6/My_little_cousin_in_a_lawn_chair_bag/g1024_cj5g3i8.png", "URL": "http://i.imgur.com/TAXMPYs.png", "fileid": "g1024_cj5g3i8.png"}, {"id": "g1024_cj58o2e", "comment": "[child's play](http://i.imgur.com/GZqktXf.jpg)", "date": "2014-07-23 01:58:50", "seriesname": "g1024_cj58o2e", "file": "/media/jbrogan4/scratch2/Reddit_Prov_Dataset_v6/My_little_cousin_in_a_lawn_chair_bag/g1024_cj58o2e.jpg", "URL": "http://i.imgur.com/GZqktXf.jpg", "fileid": "g1024_cj58o2e.jpg"}, {"id": "g1024_cj5dbdn", "comment": "[Timon will do it!](http://i.imgur.com/DErLfDO.jpg)", "date": "2014-07-23 07:38:02", "seriesname": "g1024_cj5dbdn", "file": "/media/jbrogan4/scratch2/Reddit_Prov_Dataset_v6/My_little_cousin_in_a_lawn_chair_bag/g1024_cj5dbdn.jpg", "URL": "http://i.imgur.com/DErLfDO.jpg", "fileid": "g1024_cj5dbdn.jpg"}, {"id": "g1024_cj5ek86", "comment": "[This isn't nearly as scary anymore.](http://i.imgur.com/95zSYzb.jpg)", "date": "2014-07-23 08:53:57", "seriesname": "g1024_cj5ek86", "file": "/media/jbrogan4/scratch2/Reddit_Prov_Dataset_v6/My_little_cousin_in_a_lawn_chair_bag/g1024_cj5ek86.jpg", "URL": "http://i.imgur.com/95zSYzb.jpg", "fileid": "g1024_cj5ek86.jpg"}, {"id": "g1024_cj5zk07", "comment": "I made this for you :) http://imgur.com/VACBRpD", "date": "2014-07-23 20:01:12", "seriesname": "g1024_cj5zk07", "file": "/media/jbrogan4/scratch2/Reddit_Prov_Dataset_v6/My_little_cousin_in_a_lawn_chair_bag/g1024_cj5zk07.png", "URL": "http://i.imgur.com/VACBRpD.png", "fileid": "g1024_cj5zk07.png"}, {"id": "g1024_cj584pl", "comment": "[PRESS **RB** TO BAG THE BODY](http://i.imgur.com/aa10FaV.jpg)", "date": "2014-07-23 01:32:11", "seriesname": "g1024_cj584pl", "file": "/media/jbrogan4/scratch2/Reddit_Prov_Dataset_v6/My_little_cousin_in_a_lawn_chair_bag/g1024_cj584pl.jpg", "URL": "http://i.imgur.com/aa10FaV.jpg", "fileid": "g1024_cj584pl.jpg"}, {"id": "g1024_cj5ff82", "comment": "[Mein wings!](http://i.imgur.com/LA9Wfs6.jpg)", "date": "2014-07-23 09:33:59", "seriesname": "g1024_cj5ff82", "file": "/media/jbrogan4/scratch2/Reddit_Prov_Dataset_v6/My_little_cousin_in_a_lawn_chair_bag/g1024_cj5ff82.jpg", "URL": "http://i.imgur.com/LA9Wfs6.jpg", "fileid": "g1024_cj5ff82.jpg"}, {"id": "g1024_cj5fbkl", "comment": "[annnnd out of the bag](http://i.imgur.com/zxQaTsG.jpg)", "date": "2014-07-23 09:29:35", "seriesname": "g1024_cj5fbkl", "file": "/media/jbrogan4/scratch2/Reddit_Prov_Dataset_v6/My_little_cousin_in_a_lawn_chair_bag/g1024_cj5fbkl.jpg", "URL": "http://i.imgur.com/zxQaTsG.jpg", "fileid": "g1024_cj5fbkl.jpg"}, {"id": "g1024_cj59r5j", "comment": "[Your cousin is into extreme sports.](http://i.imgur.com/TR2mcyH.jpg)", "date": "2014-07-23 03:00:44", "seriesname": "g1024_cj59r5j", "file": "/media/jbrogan4/scratch2/Reddit_Prov_Dataset_v6/My_little_cousin_in_a_lawn_chair_bag/g1024_cj59r5j.jpg", "URL": "http://i.imgur.com/TR2mcyH.jpg", "fileid": "g1024_cj59r5j.jpg"}, {"id": "g1024_cj5fjz4", "comment": "[He left his bag, and went back to Silent Hill...](http://i.imgur.com/EGErGIv.jpg)", "date": "2014-07-23 09:39:25", "seriesname": "g1024_cj5fjz4", "file": "/media/jbrogan4/scratch2/Reddit_Prov_Dataset_v6/My_little_cousin_in_a_lawn_chair_bag/g1024_cj5fjz4.jpg", "URL": "http://i.imgur.com/EGErGIv.jpg", "fileid": "g1024_cj5fjz4.jpg"}, {"id": "g1024_root", "comment": "", "date": "2014-07-22 23:55:59", "seriesname": "g1024_root", "file": "/media/jbrogan4/scratch2/Reddit_Prov_Dataset_v6/My_little_cousin_in_a_lawn_chair_bag/g1024_root.jpg", "URL": "http://i.imgur.com/U0tfdrj.jpg", "fileid": "g1024_root.jpg"}, {"id": "g1024_cj5bl8l", "comment": "[Hayato Muramasa never let his kid out of sight](http://i.imgur.com/dyeDevw.jpg)", "date": "2014-07-23 05:13:50", "seriesname": "g1024_cj5bl8l", "file": "/media/jbrogan4/scratch2/Reddit_Prov_Dataset_v6/My_little_cousin_in_a_lawn_chair_bag/g1024_cj5bl8l.jpg", "URL": "http://i.imgur.com/dyeDevw.jpg", "fileid": "g1024_cj5bl8l.jpg"}, {"id": "g1024_cj6vaph", "comment": "I know I'm a bit late but regardless\n\n[Rare new elephant species](http://i.imgur.com/SVTeiRJ.jpg)", "date": "2014-07-24 17:43:26", "seriesname": "g1024_cj6vaph", "file": "/media/jbrogan4/scratch2/Reddit_Prov_Dataset_v6/My_little_cousin_in_a_lawn_chair_bag/g1024_cj6vaph.jpg", "URL": "http://i.imgur.com/SVTeiRJ.jpg", "fileid": "g1024_cj6vaph.jpg"}], "graph": {"name": "g1024_root"}, "directed": true}