{"links": [{"op": "none", "target": 0, "source": 15}, {"op": "none", "target": 1, "source": 45}, {"op": "none", "target": 2, "source": 45}, {"op": "none", "target": 3, "source": 45}, {"op": "none", "target": 4, "source": 45}, {"op": "none", "target": 5, "source": 45}, {"op": "none", "target": 6, "source": 45}, {"op": "none", "target": 7, "source": 2}, {"op": "none", "target": 8, "source": 45}, {"op": "none", "target": 9, "source": 45}, {"op": "none", "target": 10, "source": 45}, {"op": "none", "target": 11, "source": 45}, {"op": "none", "target": 12, "source": 45}, {"op": "none", "target": 13, "source": 45}, {"op": "none", "target": 14, "source": 45}, {"op": "none", "target": 15, "source": 9}, {"op": "none", "target": 16, "source": 45}, {"op": "none", "target": 17, "source": 45}, {"op": "none", "target": 18, "source": 45}, {"op": "none", "target": 19, "source": 45}, {"op": "none", "target": 20, "source": 45}, {"op": "none", "target": 21, "source": 45}, {"op": "none", "target": 22, "source": 45}, {"op": "none", "target": 23, "source": 45}, {"op": "none", "target": 24, "source": 45}, {"op": "none", "target": 25, "source": 45}, {"op": "none", "target": 26, "source": 45}, {"op": "none", "target": 27, "source": 19}, {"op": "none", "target": 28, "source": 45}, {"op": "none", "target": 29, "source": 45}, {"op": "none", "target": 30, "source": 45}, {"op": "none", "target": 31, "source": 45}, {"op": "none", "target": 32, "source": 45}, {"op": "none", "target": 33, "source": 45}, {"op": "none", "target": 34, "source": 45}, {"op": "none", "target": 35, "source": 45}, {"op": "none", "target": 36, "source": 45}, {"op": "none", "target": 37, "source": 45}, {"op": "none", "target": 38, "source": 9}, {"op": "none", "target": 39, "source": 15}, {"op": "none", "target": 40, "source": 45}, {"op": "none", "target": 41, "source": 15}, {"op": "none", "target": 42, "source": 45}, {"op": "none", "target": 43, "source": 45}, {"op": "none", "target": 44, "source": 45}, {"op": "none", "target": 46, "source": 45}], "title": "_Ronald_Reagan_aiming_a_hunting_rifle_on_an_Air_Force_One", "nodes": [{"id": "g1027_d3wbavy", "comment": "[Fixed](http://imgur.com/ZMtpQ8s)", "date": "2016-06-04 20:52:29", "seriesname": "g1027_d3wbavy", "file": "/media/jbrogan4/scratch2/Reddit_Prov_Dataset_v6/_Ronald_Reagan_aiming_a_hunting_rifle_on_an_Air_Force_One/g1027_d3wbavy.png", "URL": "http://i.imgur.com/ZMtpQ8s.png", "fileid": "g1027_d3wbavy.png"}, {"id": "g1027_d3wkjn3", "comment": "These Rainbow Six Siege [DLC operators](http://i.imgur.com/eJw8aND.jpg) are starting to get pretty weird... At least now we have another operator that can shoot through the the plane windows tho.", "date": "2016-06-05 01:56:21", "seriesname": "g1027_d3wkjn3", "file": "/media/jbrogan4/scratch2/Reddit_Prov_Dataset_v6/_Ronald_Reagan_aiming_a_hunting_rifle_on_an_Air_Force_One/g1027_d3wkjn3.jpg", "URL": "http://i.imgur.com/eJw8aND.jpg", "fileid": "g1027_d3wkjn3.jpg"}, {"id": "g1027_d3w1u0e", "comment": "[Trust nobody](http://i.imgur.com/EO3jP6X.png)", "date": "2016-06-04 16:08:12", "seriesname": "g1027_d3w1u0e", "file": "/media/jbrogan4/scratch2/Reddit_Prov_Dataset_v6/_Ronald_Reagan_aiming_a_hunting_rifle_on_an_Air_Force_One/g1027_d3w1u0e.png", "URL": "http://i.imgur.com/EO3jP6X.png", "fileid": "g1027_d3w1u0e.png"}, {"id": "g1027_d3w9scx", "comment": "http://imgur.com/0iU8zyp", "date": "2016-06-04 20:07:24", "seriesname": "g1027_d3w9scx", "file": "/media/jbrogan4/scratch2/Reddit_Prov_Dataset_v6/_Ronald_Reagan_aiming_a_hunting_rifle_on_an_Air_Force_One/g1027_d3w9scx.png", "URL": "http://i.imgur.com/0iU8zyp.png", "fileid": "g1027_d3w9scx.png"}, {"id": "g1027_d3wgkuz", "comment": "My first photoshop\nhttp://imgur.com/J8Y0rQ9 ", "date": "2016-06-04 23:33:47", "seriesname": "g1027_d3wgkuz", "file": "/media/jbrogan4/scratch2/Reddit_Prov_Dataset_v6/_Ronald_Reagan_aiming_a_hunting_rifle_on_an_Air_Force_One/g1027_d3wgkuz.png", "URL": "http://i.imgur.com/J8Y0rQ9.png", "fileid": "g1027_d3wgkuz.png"}, {"id": "g1027_d3wihb8", "comment": "[Meet the Spy](http://imgur.com/Hh3xfVd)", "date": "2016-06-05 00:37:23", "seriesname": "g1027_d3wihb8", "file": "/media/jbrogan4/scratch2/Reddit_Prov_Dataset_v6/_Ronald_Reagan_aiming_a_hunting_rifle_on_an_Air_Force_One/g1027_d3wihb8.png", "URL": "http://i.imgur.com/Hh3xfVd.png", "fileid": "g1027_d3wihb8.png"}, {"id": "g1027_d3w026l", "comment": "[Ronald Reagan going on a hunting trip.](http://imgur.com/VVVkaJx)", "date": "2016-06-04 15:15:04", "seriesname": "g1027_d3w026l", "file": "/media/jbrogan4/scratch2/Reddit_Prov_Dataset_v6/_Ronald_Reagan_aiming_a_hunting_rifle_on_an_Air_Force_One/g1027_d3w026l.png", "URL": "http://i.imgur.com/VVVkaJx.png", "fileid": "g1027_d3w026l.png"}, {"id": "g1027_d3wabhb", "comment": "[Looper](http://i.imgur.com/UhQqxre.jpg) (crappy PS warning)\n\nEdit: Wow, thanks for my first guild.", "date": "2016-06-04 20:22:58", "seriesname": "g1027_d3wabhb", "file": "/media/jbrogan4/scratch2/Reddit_Prov_Dataset_v6/_Ronald_Reagan_aiming_a_hunting_rifle_on_an_Air_Force_One/g1027_d3wabhb.jpg", "URL": "http://i.imgur.com/UhQqxre.jpg", "fileid": "g1027_d3wabhb.jpg"}, {"id": "g1027_d3w6p5z", "comment": "[Silly intern, it's not even loaded!](http://i.imgur.com/a0ElAYf.jpg)", "date": "2016-06-04 18:34:45", "seriesname": "g1027_d3w6p5z", "file": "/media/jbrogan4/scratch2/Reddit_Prov_Dataset_v6/_Ronald_Reagan_aiming_a_hunting_rifle_on_an_Air_Force_One/g1027_d3w6p5z.jpg", "URL": "http://i.imgur.com/a0ElAYf.jpg", "fileid": "g1027_d3w6p5z.jpg"}, {"id": "g1027_d3w0mkb", "comment": "http://i.imgur.com/o0s51oE.png", "date": "2016-06-04 15:32:01", "seriesname": "g1027_d3w0mkb", "file": "/media/jbrogan4/scratch2/Reddit_Prov_Dataset_v6/_Ronald_Reagan_aiming_a_hunting_rifle_on_an_Air_Force_One/g1027_d3w0mkb.png", "URL": "http://i.imgur.com/o0s51oE.png", "fileid": "g1027_d3w0mkb.png"}, {"id": "g1027_d3w5vkl", "comment": "[Get outta my chair!](http://i.imgur.com/XmvSpWy.png)", "date": "2016-06-04 18:09:51", "seriesname": "g1027_d3w5vkl", "file": "/media/jbrogan4/scratch2/Reddit_Prov_Dataset_v6/_Ronald_Reagan_aiming_a_hunting_rifle_on_an_Air_Force_One/g1027_d3w5vkl.png", "URL": "http://i.imgur.com/XmvSpWy.png", "fileid": "g1027_d3w5vkl.png"}, {"id": "g1027_d3whrgh", "comment": "First thing I thought of:\n\nhttp://i.imgur.com/2PTViD7.png", "date": "2016-06-05 00:12:22", "seriesname": "g1027_d3whrgh", "file": "/media/jbrogan4/scratch2/Reddit_Prov_Dataset_v6/_Ronald_Reagan_aiming_a_hunting_rifle_on_an_Air_Force_One/g1027_d3whrgh.png", "URL": "http://i.imgur.com/2PTViD7.png", "fileid": "g1027_d3whrgh.png"}, {"id": "g1027_d3w0qru", "comment": "http://i.imgur.com/YKvCQTK.jpg", "date": "2016-06-04 15:35:27", "seriesname": "g1027_d3w0qru", "file": "/media/jbrogan4/scratch2/Reddit_Prov_Dataset_v6/_Ronald_Reagan_aiming_a_hunting_rifle_on_an_Air_Force_One/g1027_d3w0qru.jpg", "URL": "http://i.imgur.com/YKvCQTK.jpg", "fileid": "g1027_d3w0qru.jpg"}, {"id": "g1027_d3w78a7", "comment": "http://imgur.com/gMPFnXn - Will you make America great again?", "date": "2016-06-04 18:50:24", "seriesname": "g1027_d3w78a7", "file": "/media/jbrogan4/scratch2/Reddit_Prov_Dataset_v6/_Ronald_Reagan_aiming_a_hunting_rifle_on_an_Air_Force_One/g1027_d3w78a7.png", "URL": "http://i.imgur.com/gMPFnXn.png", "fileid": "g1027_d3w78a7.png"}, {"id": "g1027_d3w2wby", "comment": "[Trigger control, Mr.President!](http://i.imgur.com/4aN9anwl.jpg)", "date": "2016-06-04 16:39:43", "seriesname": "g1027_d3w2wby", "file": "/media/jbrogan4/scratch2/Reddit_Prov_Dataset_v6/_Ronald_Reagan_aiming_a_hunting_rifle_on_an_Air_Force_One/g1027_d3w2wby.jpg", "URL": "http://i.imgur.com/4aN9anwl.jpg", "fileid": "g1027_d3w2wby.jpg"}, {"id": "g1027_d3w1soh", "comment": "[I had a similar idea](http://imgur.com/VDOd4eT)", "date": "2016-06-04 16:07:06", "seriesname": "g1027_d3w1soh", "file": "/media/jbrogan4/scratch2/Reddit_Prov_Dataset_v6/_Ronald_Reagan_aiming_a_hunting_rifle_on_an_Air_Force_One/g1027_d3w1soh.png", "URL": "http://i.imgur.com/VDOd4eT.png", "fileid": "g1027_d3w1soh.png"}, {"id": "g1027_d3w9i3c", "comment": "[Double Agent](http://i.imgur.com/bwncQmL.png)", "date": "2016-06-04 19:59:16", "seriesname": "g1027_d3w9i3c", "file": "/media/jbrogan4/scratch2/Reddit_Prov_Dataset_v6/_Ronald_Reagan_aiming_a_hunting_rifle_on_an_Air_Force_One/g1027_d3w9i3c.png", "URL": "http://i.imgur.com/bwncQmL.png", "fileid": "g1027_d3w9i3c.png"}, {"id": "g1027_d3wdtow", "comment": "[Don't shoot Mr. President](http://i.imgur.com/aB6Nlve.jpg)", "date": "2016-06-04 22:09:21", "seriesname": "g1027_d3wdtow", "file": "/media/jbrogan4/scratch2/Reddit_Prov_Dataset_v6/_Ronald_Reagan_aiming_a_hunting_rifle_on_an_Air_Force_One/g1027_d3wdtow.jpg", "URL": "http://i.imgur.com/aB6Nlve.jpg", "fileid": "g1027_d3wdtow.jpg"}, {"id": "g1027_d3wag9v", "comment": "Just a little dream of mine -- and of the Gipper's\nhttp://i.imgur.com/ihptIGD.jpg", "date": "2016-06-04 20:26:50", "seriesname": "g1027_d3wag9v", "file": "/media/jbrogan4/scratch2/Reddit_Prov_Dataset_v6/_Ronald_Reagan_aiming_a_hunting_rifle_on_an_Air_Force_One/g1027_d3wag9v.jpg", "URL": "http://i.imgur.com/ihptIGD.jpg", "fileid": "g1027_d3wag9v.jpg"}, {"id": "g1027_d3w1yti", "comment": "[Doom Force One](http://i.imgur.com/Ml23i3B.jpg)", "date": "2016-06-04 16:12:07", "seriesname": "g1027_d3w1yti", "file": "/media/jbrogan4/scratch2/Reddit_Prov_Dataset_v6/_Ronald_Reagan_aiming_a_hunting_rifle_on_an_Air_Force_One/g1027_d3w1yti.jpg", "URL": "http://i.imgur.com/Ml23i3B.jpg", "fileid": "g1027_d3w1yti.jpg"}, {"id": "g1027_d3wc3jl", "comment": "[this came to mind](http://imgur.com/IVM2P8B) ", "date": "2016-06-04 21:16:51", "seriesname": "g1027_d3wc3jl", "file": "/media/jbrogan4/scratch2/Reddit_Prov_Dataset_v6/_Ronald_Reagan_aiming_a_hunting_rifle_on_an_Air_Force_One/g1027_d3wc3jl.png", "URL": "http://i.imgur.com/IVM2P8B.png", "fileid": "g1027_d3wc3jl.png"}, {"id": "g1027_d3wgfi1", "comment": "http://imgur.com/pptTMXM", "date": "2016-06-04 23:29:31", "seriesname": "g1027_d3wgfi1", "file": "/media/jbrogan4/scratch2/Reddit_Prov_Dataset_v6/_Ronald_Reagan_aiming_a_hunting_rifle_on_an_Air_Force_One/g1027_d3wgfi1.png", "URL": "http://i.imgur.com/pptTMXM.png", "fileid": "g1027_d3wgfi1.png"}, {"id": "g1027_d3w9zhi", "comment": "[surprise guest](https://i.imgur.com/XKAnNq5.jpg)", "date": "2016-06-04 20:13:15", "seriesname": "g1027_d3w9zhi", "file": "/media/jbrogan4/scratch2/Reddit_Prov_Dataset_v6/_Ronald_Reagan_aiming_a_hunting_rifle_on_an_Air_Force_One/g1027_d3w9zhi.jpg", "URL": "https://i.imgur.com/XKAnNq5.jpg", "fileid": "g1027_d3w9zhi.jpg"}, {"id": "g1027_d3wj8pw", "comment": "[DAT TRIGGER DISCIPLINE!](http://i.imgur.com/xCRny98.jpg)", "date": "2016-06-05 01:03:48", "seriesname": "g1027_d3wj8pw", "file": "/media/jbrogan4/scratch2/Reddit_Prov_Dataset_v6/_Ronald_Reagan_aiming_a_hunting_rifle_on_an_Air_Force_One/g1027_d3wj8pw.jpg", "URL": "http://i.imgur.com/xCRny98.jpg", "fileid": "g1027_d3wj8pw.jpg"}, {"id": "g1027_d3w53oz", "comment": "[The USSR has fallen](http://i.imgur.com/etk16II.jpg)", "date": "2016-06-04 17:46:14", "seriesname": "g1027_d3w53oz", "file": "/media/jbrogan4/scratch2/Reddit_Prov_Dataset_v6/_Ronald_Reagan_aiming_a_hunting_rifle_on_an_Air_Force_One/g1027_d3w53oz.jpg", "URL": "http://i.imgur.com/etk16II.jpg", "fileid": "g1027_d3w53oz.jpg"}, {"id": "g1027_d3w8yis", "comment": "[ How did you get in????](http://i.imgur.com/x1eYsdP.png)", "date": "2016-06-04 19:43:07", "seriesname": "g1027_d3w8yis", "file": "/media/jbrogan4/scratch2/Reddit_Prov_Dataset_v6/_Ronald_Reagan_aiming_a_hunting_rifle_on_an_Air_Force_One/g1027_d3w8yis.png", "URL": "http://i.imgur.com/x1eYsdP.png", "fileid": "g1027_d3w8yis.png"}, {"id": "g1027_d3wbk01", "comment": "[Where Reagan first learnt to use a rifle](http://i.imgur.com/gexL6lf.jpg)", "date": "2016-06-04 21:00:01", "seriesname": "g1027_d3wbk01", "file": "/media/jbrogan4/scratch2/Reddit_Prov_Dataset_v6/_Ronald_Reagan_aiming_a_hunting_rifle_on_an_Air_Force_One/g1027_d3wbk01.jpg", "URL": "http://i.imgur.com/gexL6lf.jpg", "fileid": "g1027_d3wbk01.jpg"}, {"id": "g1027_d3wihdz", "comment": "[I like the way you think](http://imgur.com/95UmgaS)", "date": "2016-06-05 00:37:28", "seriesname": "g1027_d3wihdz", "file": "/media/jbrogan4/scratch2/Reddit_Prov_Dataset_v6/_Ronald_Reagan_aiming_a_hunting_rifle_on_an_Air_Force_One/g1027_d3wihdz.png", "URL": "http://i.imgur.com/95UmgaS.png", "fileid": "g1027_d3wihdz.png"}, {"id": "g1027_d3w2gaj", "comment": "http://i.imgur.com/vheisAF.jpg?1", "date": "2016-06-04 16:26:45", "seriesname": "g1027_d3w2gaj", "file": "/media/jbrogan4/scratch2/Reddit_Prov_Dataset_v6/_Ronald_Reagan_aiming_a_hunting_rifle_on_an_Air_Force_One/g1027_d3w2gaj.jpg", "URL": "http://i.imgur.com/vheisAF.jpg?1", "fileid": "g1027_d3w2gaj.jpg"}, {"id": "g1027_d3w7jky", "comment": "[It's Rabbit Season](http://imgur.com/CQQXycc)", "date": "2016-06-04 18:59:43", "seriesname": "g1027_d3w7jky", "file": "/media/jbrogan4/scratch2/Reddit_Prov_Dataset_v6/_Ronald_Reagan_aiming_a_hunting_rifle_on_an_Air_Force_One/g1027_d3w7jky.png", "URL": "http://i.imgur.com/CQQXycc.png", "fileid": "g1027_d3w7jky.png"}, {"id": "g1027_d3wangj", "comment": "[Duck Hunt: Reagan Edition](http://imgur.com/ZGZcepB)  \nInspired by grass in [this comment](https://www.reddit.com/r/photoshopbattles/comments/4mjj7q/psbattle_ronald_reagan_aiming_a_hunting_rifle_on/d3w2dw9)", "date": "2016-06-04 20:32:49", "seriesname": "g1027_d3wangj", "file": "/media/jbrogan4/scratch2/Reddit_Prov_Dataset_v6/_Ronald_Reagan_aiming_a_hunting_rifle_on_an_Air_Force_One/g1027_d3wangj.png", "URL": "http://i.imgur.com/ZGZcepB.png", "fileid": "g1027_d3wangj.png"}, {"id": "g1027_d3w2dw9", "comment": "[Too soon?](http://imgur.com/PmjfgfJ)", "date": "2016-06-04 16:24:45", "seriesname": "g1027_d3w2dw9", "file": "/media/jbrogan4/scratch2/Reddit_Prov_Dataset_v6/_Ronald_Reagan_aiming_a_hunting_rifle_on_an_Air_Force_One/g1027_d3w2dw9.png", "URL": "http://i.imgur.com/PmjfgfJ.png", "fileid": "g1027_d3w2dw9.png"}, {"id": "g1027_d3w79sd", "comment": "[We meet at last](http://i.imgur.com/HqGBIbs.jpg)", "date": "2016-06-04 18:51:38", "seriesname": "g1027_d3w79sd", "file": "/media/jbrogan4/scratch2/Reddit_Prov_Dataset_v6/_Ronald_Reagan_aiming_a_hunting_rifle_on_an_Air_Force_One/g1027_d3w79sd.jpg", "URL": "http://i.imgur.com/HqGBIbs.jpg", "fileid": "g1027_d3w79sd.jpg"}, {"id": "g1027_d3w7fhy", "comment": "http://imgur.com/SfcOpLB OOOPS DOOM", "date": "2016-06-04 18:56:19", "seriesname": "g1027_d3w7fhy", "file": "/media/jbrogan4/scratch2/Reddit_Prov_Dataset_v6/_Ronald_Reagan_aiming_a_hunting_rifle_on_an_Air_Force_One/g1027_d3w7fhy.png", "URL": "http://i.imgur.com/SfcOpLB.png", "fileid": "g1027_d3w7fhy.png"}, {"id": "g1027_d3w0tiz", "comment": "[The hunter has become the hunted](http://i.imgur.com/dH2EHP6.jpg)", "date": "2016-06-04 15:37:43", "seriesname": "g1027_d3w0tiz", "file": "/media/jbrogan4/scratch2/Reddit_Prov_Dataset_v6/_Ronald_Reagan_aiming_a_hunting_rifle_on_an_Air_Force_One/g1027_d3w0tiz.jpg", "URL": "http://i.imgur.com/dH2EHP6.jpg", "fileid": "g1027_d3w0tiz.jpg"}, {"id": "g1027_d3wimxb", "comment": "[I have no words...](http://imgur.com/boC7VQK)", "date": "2016-06-05 00:43:08", "seriesname": "g1027_d3wimxb", "file": "/media/jbrogan4/scratch2/Reddit_Prov_Dataset_v6/_Ronald_Reagan_aiming_a_hunting_rifle_on_an_Air_Force_One/g1027_d3wimxb.png", "URL": "http://i.imgur.com/boC7VQK.png", "fileid": "g1027_d3wimxb.png"}, {"id": "g1027_d3wah2i", "comment": "[Where are you aiming that rifle, Mr Cheney?](https://i.imgur.com/AbJrNg6.jpg)", "date": "2016-06-04 20:27:31", "seriesname": "g1027_d3wah2i", "file": "/media/jbrogan4/scratch2/Reddit_Prov_Dataset_v6/_Ronald_Reagan_aiming_a_hunting_rifle_on_an_Air_Force_One/g1027_d3wah2i.jpg", "URL": "https://i.imgur.com/AbJrNg6.jpg", "fileid": "g1027_d3wah2i.jpg"}, {"id": "g1027_d3w9s3n", "comment": "[MOM, GET THE CAMERA!!!!!](http://imgur.com/x6l40OJ)", "date": "2016-06-04 20:07:13", "seriesname": "g1027_d3w9s3n", "file": "/media/jbrogan4/scratch2/Reddit_Prov_Dataset_v6/_Ronald_Reagan_aiming_a_hunting_rifle_on_an_Air_Force_One/g1027_d3w9s3n.png", "URL": "http://i.imgur.com/x6l40OJ.png", "fileid": "g1027_d3w9s3n.png"}, {"id": "g1027_d3whd2l", "comment": "Good to know I was late to the party \nhttps://imgur.com/U89ez7V", "date": "2016-06-04 23:58:45", "seriesname": "g1027_d3whd2l", "file": "/media/jbrogan4/scratch2/Reddit_Prov_Dataset_v6/_Ronald_Reagan_aiming_a_hunting_rifle_on_an_Air_Force_One/g1027_d3whd2l.png", "URL": "http://i.imgur.com/U89ez7V.png", "fileid": "g1027_d3whd2l.png"}, {"id": "g1027_d3wc89v", "comment": "[fixed](https://imgur.com/OYMITP6)", "date": "2016-06-04 21:20:46", "seriesname": "g1027_d3wc89v", "file": "/media/jbrogan4/scratch2/Reddit_Prov_Dataset_v6/_Ronald_Reagan_aiming_a_hunting_rifle_on_an_Air_Force_One/g1027_d3wc89v.png", "URL": "http://i.imgur.com/OYMITP6.png", "fileid": "g1027_d3wc89v.png"}, {"id": "g1027_d3w2e6e", "comment": "[American Sniper](http://i.imgur.com/Ja558Ox.jpg) ", "date": "2016-06-04 16:24:58", "seriesname": "g1027_d3w2e6e", "file": "/media/jbrogan4/scratch2/Reddit_Prov_Dataset_v6/_Ronald_Reagan_aiming_a_hunting_rifle_on_an_Air_Force_One/g1027_d3w2e6e.jpg", "URL": "http://i.imgur.com/Ja558Ox.jpg", "fileid": "g1027_d3w2e6e.jpg"}, {"id": "g1027_d3w9p4b", "comment": "http://i.imgur.com/DWZZvXf.jpg\n\nFIFY", "date": "2016-06-04 20:04:51", "seriesname": "g1027_d3w9p4b", "file": "/media/jbrogan4/scratch2/Reddit_Prov_Dataset_v6/_Ronald_Reagan_aiming_a_hunting_rifle_on_an_Air_Force_One/g1027_d3w9p4b.jpg", "URL": "http://i.imgur.com/DWZZvXf.jpg", "fileid": "g1027_d3w9p4b.jpg"}, {"id": "g1027_d3w2ltu", "comment": "http://imgur.com/9LRFDC4\n\nReagan kept some pretty interesting company after leaving office. ", "date": "2016-06-04 16:31:16", "seriesname": "g1027_d3w2ltu", "file": "/media/jbrogan4/scratch2/Reddit_Prov_Dataset_v6/_Ronald_Reagan_aiming_a_hunting_rifle_on_an_Air_Force_One/g1027_d3w2ltu.png", "URL": "http://i.imgur.com/9LRFDC4.png", "fileid": "g1027_d3w2ltu.png"}, {"id": "g1027_d3w9cke", "comment": "[Someone forgot to pick Pulse.](http://imgur.com/0VV0Vty)", "date": "2016-06-04 19:54:50", "seriesname": "g1027_d3w9cke", "file": "/media/jbrogan4/scratch2/Reddit_Prov_Dataset_v6/_Ronald_Reagan_aiming_a_hunting_rifle_on_an_Air_Force_One/g1027_d3w9cke.png", "URL": "http://i.imgur.com/0VV0Vty.png", "fileid": "g1027_d3w9cke.png"}, {"id": "g1027_d3wfaqb", "comment": "http://imgur.com/f67jZ1K", "date": "2016-06-04 22:54:11", "seriesname": "g1027_d3wfaqb", "file": "/media/jbrogan4/scratch2/Reddit_Prov_Dataset_v6/_Ronald_Reagan_aiming_a_hunting_rifle_on_an_Air_Force_One/g1027_d3wfaqb.png", "URL": "http://i.imgur.com/f67jZ1K.png", "fileid": "g1027_d3wfaqb.png"}, {"id": "g1027_root", "comment": "", "date": "2016-06-04 14:24:25", "seriesname": "g1027_root", "file": "/media/jbrogan4/scratch2/Reddit_Prov_Dataset_v6/_Ronald_Reagan_aiming_a_hunting_rifle_on_an_Air_Force_One/g1027_root.jpg", "URL": "http://i.imgur.com/gj0ZyoG.jpg", "fileid": "g1027_root.jpg"}, {"id": "g1027_d3w38ol", "comment": "PLAY Of The GAME:\nhttps://imgur.com/KMUoGHc\n", "date": "2016-06-04 16:49:49", "seriesname": "g1027_d3w38ol", "file": "/media/jbrogan4/scratch2/Reddit_Prov_Dataset_v6/_Ronald_Reagan_aiming_a_hunting_rifle_on_an_Air_Force_One/g1027_d3w38ol.png", "URL": "http://i.imgur.com/KMUoGHc.png", "fileid": "g1027_d3w38ol.png"}], "graph": {"name": "g1027_root"}, "directed": true}