{"links": [{"op": "none", "target": 0, "source": 47}, {"op": "none", "target": 1, "source": 47}, {"op": "none", "target": 2, "source": 33}, {"op": "none", "target": 3, "source": 47}, {"op": "none", "target": 4, "source": 47}, {"op": "none", "target": 5, "source": 47}, {"op": "none", "target": 6, "source": 47}, {"op": "none", "target": 7, "source": 47}, {"op": "none", "target": 8, "source": 47}, {"op": "none", "target": 9, "source": 47}, {"op": "none", "target": 10, "source": 47}, {"op": "none", "target": 11, "source": 47}, {"op": "none", "target": 12, "source": 47}, {"op": "none", "target": 13, "source": 47}, {"op": "none", "target": 14, "source": 47}, {"op": "none", "target": 15, "source": 47}, {"op": "none", "target": 16, "source": 47}, {"op": "none", "target": 17, "source": 47}, {"op": "none", "target": 18, "source": 47}, {"op": "none", "target": 19, "source": 2}, {"op": "none", "target": 20, "source": 47}, {"op": "none", "target": 21, "source": 47}, {"op": "none", "target": 22, "source": 47}, {"op": "none", "target": 23, "source": 47}, {"op": "none", "target": 24, "source": 6}, {"op": "none", "target": 25, "source": 47}, {"op": "none", "target": 26, "source": 47}, {"op": "none", "target": 27, "source": 32}, {"op": "none", "target": 28, "source": 47}, {"op": "none", "target": 29, "source": 47}, {"op": "none", "target": 30, "source": 47}, {"op": "none", "target": 31, "source": 47}, {"op": "none", "target": 32, "source": 47}, {"op": "none", "target": 33, "source": 47}, {"op": "none", "target": 34, "source": 47}, {"op": "none", "target": 35, "source": 47}, {"op": "none", "target": 36, "source": 27}, {"op": "none", "target": 37, "source": 47}, {"op": "none", "target": 38, "source": 47}, {"op": "none", "target": 39, "source": 23}, {"op": "none", "target": 40, "source": 47}, {"op": "none", "target": 41, "source": 47}, {"op": "none", "target": 42, "source": 47}, {"op": "none", "target": 43, "source": 47}, {"op": "none", "target": 44, "source": 36}, {"op": "none", "target": 45, "source": 47}, {"op": "none", "target": 46, "source": 47}], "title": "_Bernie_Sanders_browsing_reddit", "nodes": [{"id": "g1033_curjjwt", "comment": "http://imgur.com/a1NyqlL", "date": "2015-09-05 11:10:03", "seriesname": "g1033_curjjwt", "file": "/media/jbrogan4/scratch2/Reddit_Prov_Dataset_v6/_Bernie_Sanders_browsing_reddit/g1033_curjjwt.png", "URL": "http://i.imgur.com/a1NyqlL.png", "fileid": "g1033_curjjwt.png"}, {"id": "g1033_curjrbc", "comment": "[Andddd it crashed](http://i.imgur.com/q8TxWn8.jpg)\n", "date": "2015-09-05 11:17:25", "seriesname": "g1033_curjrbc", "file": "/media/jbrogan4/scratch2/Reddit_Prov_Dataset_v6/_Bernie_Sanders_browsing_reddit/g1033_curjrbc.jpg", "URL": "http://i.imgur.com/q8TxWn8.jpg", "fileid": "g1033_curjrbc.jpg"}, {"id": "g1033_curiwa9", "comment": "[Aww, I was too slow.](http://i.imgur.com/FQ4tCip.jpg)", "date": "2015-09-05 10:45:28", "seriesname": "g1033_curiwa9", "file": "/media/jbrogan4/scratch2/Reddit_Prov_Dataset_v6/_Bernie_Sanders_browsing_reddit/g1033_curiwa9.jpg", "URL": "http://i.imgur.com/FQ4tCip.jpg", "fileid": "g1033_curiwa9.jpg"}, {"id": "g1033_curj8oi", "comment": "[Bernie remembers](http://i.imgur.com/vB7Bidm.jpg)\n\n [windowed](http://i.imgur.com/rDHW7hE.jpg) ", "date": "2015-09-05 10:58:29", "seriesname": "g1033_curj8oi", "file": "/media/jbrogan4/scratch2/Reddit_Prov_Dataset_v6/_Bernie_Sanders_browsing_reddit/g1033_curj8oi.jpg", "URL": "http://i.imgur.com/rDHW7hE.jpg", "fileid": "g1033_curj8oi.jpg"}, {"id": "g1033_curpcc5", "comment": "[NWBZPWNR](http://i.imgur.com/qpZzBn2.png)", "date": "2015-09-05 14:18:55", "seriesname": "g1033_curpcc5", "file": "/media/jbrogan4/scratch2/Reddit_Prov_Dataset_v6/_Bernie_Sanders_browsing_reddit/g1033_curpcc5.png", "URL": "http://i.imgur.com/qpZzBn2.png", "fileid": "g1033_curpcc5.png"}, {"id": "g1033_curp8oh", "comment": "[Hatred is the best game eva!](http://i.imgur.com/73TqiPv.png)", "date": "2015-09-05 14:15:41", "seriesname": "g1033_curp8oh", "file": "/media/jbrogan4/scratch2/Reddit_Prov_Dataset_v6/_Bernie_Sanders_browsing_reddit/g1033_curp8oh.png", "URL": "http://i.imgur.com/73TqiPv.png", "fileid": "g1033_curp8oh.png"}, {"id": "g1033_curjya0", "comment": "http://imgur.com/o3TRQ47", "date": "2015-09-05 11:24:19", "seriesname": "g1033_curjya0", "file": "/media/jbrogan4/scratch2/Reddit_Prov_Dataset_v6/_Bernie_Sanders_browsing_reddit/g1033_curjya0.png", "URL": "http://i.imgur.com/o3TRQ47.png", "fileid": "g1033_curjya0.png"}, {"id": "g1033_curjalf", "comment": "[Bernie Sanders browsing /b/ for the dankest rare Pepes](http://i.imgur.com/MPvWnVy.jpg)", "date": "2015-09-05 11:00:28", "seriesname": "g1033_curjalf", "file": "/media/jbrogan4/scratch2/Reddit_Prov_Dataset_v6/_Bernie_Sanders_browsing_reddit/g1033_curjalf.jpg", "URL": "http://i.imgur.com/MPvWnVy.jpg", "fileid": "g1033_curjalf.jpg"}, {"id": "g1033_curo9y6", "comment": "[Opening an email from Hillary.](http://i.imgur.com/0sLC6q8.jpg)", "date": "2015-09-05 13:45:09", "seriesname": "g1033_curo9y6", "file": "/media/jbrogan4/scratch2/Reddit_Prov_Dataset_v6/_Bernie_Sanders_browsing_reddit/g1033_curo9y6.jpg", "URL": "http://i.imgur.com/0sLC6q8.jpg", "fileid": "g1033_curo9y6.jpg"}, {"id": "g1033_curn932", "comment": "[Bernie got spooked](http://i.imgur.com/PwHkm0X.jpg)", "date": "2015-09-05 13:13:24", "seriesname": "g1033_curn932", "file": "/media/jbrogan4/scratch2/Reddit_Prov_Dataset_v6/_Bernie_Sanders_browsing_reddit/g1033_curn932.jpg", "URL": "http://i.imgur.com/PwHkm0X.jpg", "fileid": "g1033_curn932.jpg"}, {"id": "g1033_curmk19", "comment": "[Bernie just researching this opponents' pasts...](http://imgur.com/CAJY8nq)", "date": "2015-09-05 12:51:43", "seriesname": "g1033_curmk19", "file": "/media/jbrogan4/scratch2/Reddit_Prov_Dataset_v6/_Bernie_Sanders_browsing_reddit/g1033_curmk19.png", "URL": "http://i.imgur.com/CAJY8nq.png", "fileid": "g1033_curmk19.png"}, {"id": "g1033_curpoeq", "comment": "But it's not responding...\nhttp://i.imgur.com/QFgjluk.jpg", "date": "2015-09-05 14:29:31", "seriesname": "g1033_curpoeq", "file": "/media/jbrogan4/scratch2/Reddit_Prov_Dataset_v6/_Bernie_Sanders_browsing_reddit/g1033_curpoeq.jpg", "URL": "http://i.imgur.com/QFgjluk.jpg", "fileid": "g1033_curpoeq.jpg"}, {"id": "g1033_curknjg", "comment": "[Pirate Bay](http://i.imgur.com/PeitRfJ.jpg)", "date": "2015-09-05 11:48:59", "seriesname": "g1033_curknjg", "file": "/media/jbrogan4/scratch2/Reddit_Prov_Dataset_v6/_Bernie_Sanders_browsing_reddit/g1033_curknjg.jpg", "URL": "http://i.imgur.com/PeitRfJ.jpg", "fileid": "g1033_curknjg.jpg"}, {"id": "g1033_curpdno", "comment": "[NSFW: Bernie relieving some stress](http://i.imgur.com/cdNXa2h.jpg)", "date": "2015-09-05 14:20:05", "seriesname": "g1033_curpdno", "file": "/media/jbrogan4/scratch2/Reddit_Prov_Dataset_v6/_Bernie_Sanders_browsing_reddit/g1033_curpdno.jpg", "URL": "http://i.imgur.com/cdNXa2h.jpg", "fileid": "g1033_curpdno.jpg"}, {"id": "g1033_curk3z9", "comment": "[Beat me :(](http://i.imgur.com/29ioLJL.png)", "date": "2015-09-05 11:29:59", "seriesname": "g1033_curk3z9", "file": "/media/jbrogan4/scratch2/Reddit_Prov_Dataset_v6/_Bernie_Sanders_browsing_reddit/g1033_curk3z9.png", "URL": "http://i.imgur.com/29ioLJL.png", "fileid": "g1033_curk3z9.png"}, {"id": "g1033_curlsdi", "comment": "[Have you tried turning it off and on again?](http://i.imgur.com/cAnFEqq.jpg)", "date": "2015-09-05 12:26:58", "seriesname": "g1033_curlsdi", "file": "/media/jbrogan4/scratch2/Reddit_Prov_Dataset_v6/_Bernie_Sanders_browsing_reddit/g1033_curlsdi.jpg", "URL": "http://i.imgur.com/cAnFEqq.jpg", "fileid": "g1033_curlsdi.jpg"}, {"id": "g1033_curjxdn", "comment": "[Photoshop master Bernie Sanders working on his latest profile pic](http://i.imgur.com/aU9rCEn.jpg)", "date": "2015-09-05 11:23:24", "seriesname": "g1033_curjxdn", "file": "/media/jbrogan4/scratch2/Reddit_Prov_Dataset_v6/_Bernie_Sanders_browsing_reddit/g1033_curjxdn.jpg", "URL": "http://i.imgur.com/aU9rCEn.jpg", "fileid": "g1033_curjxdn.jpg"}, {"id": "g1033_curr7yk", "comment": "FPS Bernie playin some Doom 2016\nhttp://i.imgur.com/AnMRSyq.png\n\nKinda hard to see so heres the \"in-game\" screenshot\nhttp://i.imgur.com/3Ni5Lcp.png", "date": "2015-09-05 15:18:28", "seriesname": "g1033_curr7yk", "file": "/media/jbrogan4/scratch2/Reddit_Prov_Dataset_v6/_Bernie_Sanders_browsing_reddit/g1033_curr7yk.png", "URL": "http://i.imgur.com/3Ni5Lcp.png", "fileid": "g1033_curr7yk.png"}, {"id": "g1033_curkj8l", "comment": "[No Bernie!](http://i.imgur.com/HS6LdIo.jpg)", "date": "2015-09-05 11:44:50", "seriesname": "g1033_curkj8l", "file": "/media/jbrogan4/scratch2/Reddit_Prov_Dataset_v6/_Bernie_Sanders_browsing_reddit/g1033_curkj8l.jpg", "URL": "http://i.imgur.com/HS6LdIo.jpg", "fileid": "g1033_curkj8l.jpg"}, {"id": "g1033_curj0rr", "comment": "[Me too :(](http://i.imgur.com/DKs28FU.jpg)", "date": "2015-09-05 10:50:15", "seriesname": "g1033_curj0rr", "file": "/media/jbrogan4/scratch2/Reddit_Prov_Dataset_v6/_Bernie_Sanders_browsing_reddit/g1033_curj0rr.jpg", "URL": "http://i.imgur.com/DKs28FU.jpg", "fileid": "g1033_curj0rr.jpg"}, {"id": "g1033_curre73", "comment": "http://i.imgur.com/RLKlI3a.jpg", "date": "2015-09-05 15:24:03", "seriesname": "g1033_curre73", "file": "/media/jbrogan4/scratch2/Reddit_Prov_Dataset_v6/_Bernie_Sanders_browsing_reddit/g1033_curre73.jpg", "URL": "http://i.imgur.com/RLKlI3a.jpg", "fileid": "g1033_curre73.jpg"}, {"id": "g1033_curlgoq", "comment": "[Bernie Visits /r/BearMemes](http://i.imgur.com/uQS5n5D.jpg)", "date": "2015-09-05 12:16:24", "seriesname": "g1033_curlgoq", "file": "/media/jbrogan4/scratch2/Reddit_Prov_Dataset_v6/_Bernie_Sanders_browsing_reddit/g1033_curlgoq.jpg", "URL": "http://i.imgur.com/uQS5n5D.jpg", "fileid": "g1033_curlgoq.jpg"}, {"id": "g1033_curjpwe", "comment": "[Our true hero.](http://imgur.com/GbmzNtt)", "date": "2015-09-05 11:16:01", "seriesname": "g1033_curjpwe", "file": "/media/jbrogan4/scratch2/Reddit_Prov_Dataset_v6/_Bernie_Sanders_browsing_reddit/g1033_curjpwe.png", "URL": "http://i.imgur.com/GbmzNtt.png", "fileid": "g1033_curjpwe.png"}, {"id": "g1033_curkdmd", "comment": "[Reddit is down.](http://i.imgur.com/xQWCI4v.gif)", "date": "2015-09-05 11:39:27", "seriesname": "g1033_curkdmd", "file": "/media/jbrogan4/scratch2/Reddit_Prov_Dataset_v6/_Bernie_Sanders_browsing_reddit/g1033_curkdmd.jpg", "URL": "http://i.imgur.com/xQWCI4v.gif", "fileid": "g1033_curkdmd.gif"}, {"id": "g1033_curl4u2", "comment": "[How's this?](http://imgur.com/3jNMjWQ)", "date": "2015-09-05 12:05:35", "seriesname": "g1033_curl4u2", "file": "/media/jbrogan4/scratch2/Reddit_Prov_Dataset_v6/_Bernie_Sanders_browsing_reddit/g1033_curl4u2.png", "URL": "http://i.imgur.com/3jNMjWQ.png", "fileid": "g1033_curl4u2.png"}, {"id": "g1033_curkz0g", "comment": "[A Glorious Brother](http://imgur.com/qHpTmCC)", "date": "2015-09-05 12:00:11", "seriesname": "g1033_curkz0g", "file": "/media/jbrogan4/scratch2/Reddit_Prov_Dataset_v6/_Bernie_Sanders_browsing_reddit/g1033_curkz0g.png", "URL": "http://i.imgur.com/qHpTmCC.png", "fileid": "g1033_curkz0g.png"}, {"id": "g1033_curo9c6", "comment": "[Bernie Sanders is Kira. L knows that!](http://i.imgur.com/UM97H7u.png)", "date": "2015-09-05 13:44:39", "seriesname": "g1033_curo9c6", "file": "/media/jbrogan4/scratch2/Reddit_Prov_Dataset_v6/_Bernie_Sanders_browsing_reddit/g1033_curo9c6.png", "URL": "http://i.imgur.com/UM97H7u.png", "fileid": "g1033_curo9c6.png"}, {"id": "g1033_curkbop", "comment": "[How I imagine people who install that amount of toolbars look.](http://i.imgur.com/BYpmGks.png)\n\nOr something like that.. I'm not sure where I went wrong..", "date": "2015-09-05 11:37:31", "seriesname": "g1033_curkbop", "file": "/media/jbrogan4/scratch2/Reddit_Prov_Dataset_v6/_Bernie_Sanders_browsing_reddit/g1033_curkbop.png", "URL": "http://i.imgur.com/BYpmGks.png", "fileid": "g1033_curkbop.png"}, {"id": "g1033_curjf0d", "comment": "http://imgur.com/J2GDzl0", "date": "2015-09-05 11:04:59", "seriesname": "g1033_curjf0d", "file": "/media/jbrogan4/scratch2/Reddit_Prov_Dataset_v6/_Bernie_Sanders_browsing_reddit/g1033_curjf0d.png", "URL": "http://i.imgur.com/J2GDzl0.png", "fileid": "g1033_curjf0d.png"}, {"id": "g1033_curnb11", "comment": "[Looking for inspiration](http://i.imgur.com/FBTWkl0.jpg?1)", "date": "2015-09-05 13:15:02", "seriesname": "g1033_curnb11", "file": "/media/jbrogan4/scratch2/Reddit_Prov_Dataset_v6/_Bernie_Sanders_browsing_reddit/g1033_curnb11.jpg", "URL": "http://i.imgur.com/FBTWkl0.jpg?1", "fileid": "g1033_curnb11.jpg"}, {"id": "g1033_curkcid", "comment": "[Portal](http://i.imgur.com/q96kLB9.jpg)", "date": "2015-09-05 11:38:21", "seriesname": "g1033_curkcid", "file": "/media/jbrogan4/scratch2/Reddit_Prov_Dataset_v6/_Bernie_Sanders_browsing_reddit/g1033_curkcid.jpg", "URL": "http://i.imgur.com/q96kLB9.jpg", "fileid": "g1033_curkcid.jpg"}, {"id": "g1033_curis6c", "comment": "[someone gotta do it!](http://i.imgur.com/dApKKcE.jpg)", "date": "2015-09-05 10:40:51", "seriesname": "g1033_curis6c", "file": "/media/jbrogan4/scratch2/Reddit_Prov_Dataset_v6/_Bernie_Sanders_browsing_reddit/g1033_curis6c.jpg", "URL": "http://i.imgur.com/dApKKcE.jpg", "fileid": "g1033_curis6c.jpg"}, {"id": "g1033_curjfi4", "comment": "[Sweet toolbars](http://i.imgur.com/nwtRnTg.jpg)\n\nEdit: Thank you for the gold!", "date": "2015-09-05 11:05:29", "seriesname": "g1033_curjfi4", "file": "/media/jbrogan4/scratch2/Reddit_Prov_Dataset_v6/_Bernie_Sanders_browsing_reddit/g1033_curjfi4.jpg", "URL": "http://i.imgur.com/nwtRnTg.jpg", "fileid": "g1033_curjfi4.jpg"}, {"id": "g1033_curip6e", "comment": "http://i.imgur.com/UbgJjnE.jpg", "date": "2015-09-05 10:37:30", "seriesname": "g1033_curip6e", "file": "/media/jbrogan4/scratch2/Reddit_Prov_Dataset_v6/_Bernie_Sanders_browsing_reddit/g1033_curip6e.jpg", "URL": "http://i.imgur.com/UbgJjnE.jpg", "fileid": "g1033_curip6e.jpg"}, {"id": "g1033_curysjs", "comment": "[Bernie \"GAMER\" Sanders](http://i.imgur.com/Fggx6IM.jpg)", "date": "2015-09-05 19:27:01", "seriesname": "g1033_curysjs", "file": "/media/jbrogan4/scratch2/Reddit_Prov_Dataset_v6/_Bernie_Sanders_browsing_reddit/g1033_curysjs.jpg", "URL": "http://i.imgur.com/Fggx6IM.jpg", "fileid": "g1033_curysjs.jpg"}, {"id": "g1033_curimv2", "comment": "[Doing some research](http://i.imgur.com/0AONLt4.jpg)", "date": "2015-09-05 10:34:52", "seriesname": "g1033_curimv2", "file": "/media/jbrogan4/scratch2/Reddit_Prov_Dataset_v6/_Bernie_Sanders_browsing_reddit/g1033_curimv2.jpg", "URL": "http://i.imgur.com/0AONLt4.jpg", "fileid": "g1033_curimv2.jpg"}, {"id": "g1033_curouy8", "comment": "[Nightmares you say?](http://i.imgur.com/6ga0eLS.png)\n\n^^^Disclaimer: ^^^I ^^^have ^^^nothing ^^^against ^^^this ^^^guy!", "date": "2015-09-05 14:03:30", "seriesname": "g1033_curouy8", "file": "/media/jbrogan4/scratch2/Reddit_Prov_Dataset_v6/_Bernie_Sanders_browsing_reddit/g1033_curouy8.png", "URL": "http://i.imgur.com/6ga0eLS.png", "fileid": "g1033_curouy8.png"}, {"id": "g1033_curp0cg", "comment": "[Glorious 4K gaming.](http://i.imgur.com/1E5hfTP.jpg)", "date": "2015-09-05 14:08:18", "seriesname": "g1033_curp0cg", "file": "/media/jbrogan4/scratch2/Reddit_Prov_Dataset_v6/_Bernie_Sanders_browsing_reddit/g1033_curp0cg.jpg", "URL": "http://i.imgur.com/1E5hfTP.jpg", "fileid": "g1033_curp0cg.jpg"}, {"id": "g1033_curj2jn", "comment": "[MRW first time opened /r/ooer](http://i.imgur.com/HCwPtCo.jpg)", "date": "2015-09-05 10:52:08", "seriesname": "g1033_curj2jn", "file": "/media/jbrogan4/scratch2/Reddit_Prov_Dataset_v6/_Bernie_Sanders_browsing_reddit/g1033_curj2jn.jpg", "URL": "http://i.imgur.com/HCwPtCo.jpg", "fileid": "g1033_curj2jn.jpg"}, {"id": "g1033_curvfwu", "comment": "&gt; WHAT?\n\n[Are you reacting to your own comment?](http://i.imgur.com/Eax58E6.jpg)", "date": "2015-09-05 17:35:09", "seriesname": "g1033_curvfwu", "file": "/media/jbrogan4/scratch2/Reddit_Prov_Dataset_v6/_Bernie_Sanders_browsing_reddit/g1033_curvfwu.jpg", "URL": "http://i.imgur.com/Eax58E6.jpg", "fileid": "g1033_curvfwu.jpg"}, {"id": "g1033_curog4h", "comment": "[Hillary just left, what'd I miss?!](http://imgur.com/PAlDeAM)", "date": "2015-09-05 13:50:29", "seriesname": "g1033_curog4h", "file": "/media/jbrogan4/scratch2/Reddit_Prov_Dataset_v6/_Bernie_Sanders_browsing_reddit/g1033_curog4h.png", "URL": "http://i.imgur.com/PAlDeAM.png", "fileid": "g1033_curog4h.png"}, {"id": "g1033_curjjo7", "comment": "[Beanie Sanders](http://i.imgur.com/b7WBucR.jpg)", "date": "2015-09-05 11:09:48", "seriesname": "g1033_curjjo7", "file": "/media/jbrogan4/scratch2/Reddit_Prov_Dataset_v6/_Bernie_Sanders_browsing_reddit/g1033_curjjo7.jpg", "URL": "http://i.imgur.com/b7WBucR.jpg", "fileid": "g1033_curjjo7.jpg"}, {"id": "g1033_curlajx", "comment": "[nice](http://imgur.com/XjwRa8j)", "date": "2015-09-05 12:10:50", "seriesname": "g1033_curlajx", "file": "/media/jbrogan4/scratch2/Reddit_Prov_Dataset_v6/_Bernie_Sanders_browsing_reddit/g1033_curlajx.png", "URL": "http://i.imgur.com/XjwRa8j.png", "fileid": "g1033_curlajx.png"}, {"id": "g1033_currwo6", "comment": "[Bernie, internet husband](http://i.imgur.com/AUWf0Qi.jpg)", "date": "2015-09-05 15:40:57", "seriesname": "g1033_currwo6", "file": "/media/jbrogan4/scratch2/Reddit_Prov_Dataset_v6/_Bernie_Sanders_browsing_reddit/g1033_currwo6.jpg", "URL": "http://i.imgur.com/AUWf0Qi.jpg", "fileid": "g1033_currwo6.jpg"}, {"id": "g1033_curzimn", "comment": "[What kind of Witchcraft is this?!(Bernie Looking at this thread)](http://i.imgur.com/YRJ6nRW.png)", "date": "2015-09-05 19:51:30", "seriesname": "g1033_curzimn", "file": "/media/jbrogan4/scratch2/Reddit_Prov_Dataset_v6/_Bernie_Sanders_browsing_reddit/g1033_curzimn.png", "URL": "http://i.imgur.com/YRJ6nRW.png", "fileid": "g1033_curzimn.png"}, {"id": "g1033_curzktt", "comment": "[Bernie stumbled across this thread](http://i.imgur.com/DIGRT6o.png)", "date": "2015-09-05 19:53:37", "seriesname": "g1033_curzktt", "file": "/media/jbrogan4/scratch2/Reddit_Prov_Dataset_v6/_Bernie_Sanders_browsing_reddit/g1033_curzktt.png", "URL": "http://i.imgur.com/DIGRT6o.png", "fileid": "g1033_curzktt.png"}, {"id": "g1033_curnmpo", "comment": "[Can't get this persnickety computer to work...](http://i.imgur.com/8cN8b1T.jpg)", "date": "2015-09-05 13:24:56", "seriesname": "g1033_curnmpo", "file": "/media/jbrogan4/scratch2/Reddit_Prov_Dataset_v6/_Bernie_Sanders_browsing_reddit/g1033_curnmpo.jpg", "URL": "http://i.imgur.com/8cN8b1T.jpg", "fileid": "g1033_curnmpo.jpg"}, {"id": "g1033_root", "comment": "", "date": "2015-09-05 10:08:20", "seriesname": "g1033_root", "file": "/media/jbrogan4/scratch2/Reddit_Prov_Dataset_v6/_Bernie_Sanders_browsing_reddit/g1033_root.jpg", "URL": "https://i.imgur.com/v71Z852.jpg", "fileid": "g1033_root.jpg"}], "graph": {"name": "g1033_root"}, "directed": true}