{"links": [{"op": "none", "target": 0, "source": 41}, {"op": "none", "target": 1, "source": 41}, {"op": "none", "target": 2, "source": 41}, {"op": "none", "target": 3, "source": 41}, {"op": "none", "target": 4, "source": 9}, {"op": "none", "target": 5, "source": 41}, {"op": "none", "target": 6, "source": 41}, {"op": "none", "target": 7, "source": 6}, {"op": "none", "target": 8, "source": 41}, {"op": "none", "target": 9, "source": 41}, {"op": "none", "target": 10, "source": 41}, {"op": "none", "target": 11, "source": 41}, {"op": "none", "target": 12, "source": 41}, {"op": "none", "target": 13, "source": 41}, {"op": "none", "target": 14, "source": 41}, {"op": "none", "target": 15, "source": 41}, {"op": "none", "target": 16, "source": 41}, {"op": "none", "target": 17, "source": 41}, {"op": "none", "target": 18, "source": 41}, {"op": "none", "target": 19, "source": 41}, {"op": "none", "target": 20, "source": 41}, {"op": "none", "target": 21, "source": 41}, {"op": "none", "target": 22, "source": 41}, {"op": "none", "target": 23, "source": 41}, {"op": "none", "target": 24, "source": 41}, {"op": "none", "target": 25, "source": 41}, {"op": "none", "target": 26, "source": 9}, {"op": "none", "target": 27, "source": 41}, {"op": "none", "target": 28, "source": 41}, {"op": "none", "target": 29, "source": 41}, {"op": "none", "target": 30, "source": 41}, {"op": "none", "target": 31, "source": 41}, {"op": "none", "target": 32, "source": 41}, {"op": "none", "target": 33, "source": 41}, {"op": "none", "target": 34, "source": 41}, {"op": "none", "target": 35, "source": 41}, {"op": "none", "target": 36, "source": 41}, {"op": "none", "target": 37, "source": 41}, {"op": "none", "target": 38, "source": 41}, {"op": "none", "target": 39, "source": 41}, {"op": "none", "target": 40, "source": 7}, {"op": "none", "target": 42, "source": 41}, {"op": "none", "target": 43, "source": 41}], "title": "_These_three_mannequins", "nodes": [{"id": "g1055_d5jhgpy", "comment": "[Original inspiration](http://i.imgur.com/fh3mLaJ.jpg)", "date": "2016-07-20 09:04:11", "seriesname": "g1055_d5jhgpy", "file": "/media/jbrogan4/scratch2/Reddit_Prov_Dataset_v6/_These_three_mannequins/g1055_d5jhgpy.jpg", "URL": "http://i.imgur.com/fh3mLaJ.jpg", "fileid": "g1055_d5jhgpy.jpg"}, {"id": "g1055_d5jgf1n", "comment": "[Learning to walk again](http://i.imgur.com/bcf0Ori.jpg)", "date": "2016-07-20 08:28:07", "seriesname": "g1055_d5jgf1n", "file": "/media/jbrogan4/scratch2/Reddit_Prov_Dataset_v6/_These_three_mannequins/g1055_d5jgf1n.jpg", "URL": "http://i.imgur.com/bcf0Ori.jpg", "fileid": "g1055_d5jgf1n.jpg"}, {"id": "g1055_d5jm1vt", "comment": "[dafuq?](http://i.imgur.com/Yehx2nh.jpg)", "date": "2016-07-20 11:04:59", "seriesname": "g1055_d5jm1vt", "file": "/media/jbrogan4/scratch2/Reddit_Prov_Dataset_v6/_These_three_mannequins/g1055_d5jm1vt.jpg", "URL": "http://i.imgur.com/Yehx2nh.jpg", "fileid": "g1055_d5jm1vt.jpg"}, {"id": "g1055_d5jlhgw", "comment": "[DAAAAAAAAAMMMMNN!](http://imgur.com/5JgBYVy)\n\n(my shitty attempt)", "date": "2016-07-20 10:51:39", "seriesname": "g1055_d5jlhgw", "file": "/media/jbrogan4/scratch2/Reddit_Prov_Dataset_v6/_These_three_mannequins/g1055_d5jlhgw.png", "URL": "http://i.imgur.com/5JgBYVy.png", "fileid": "g1055_d5jlhgw.png"}, {"id": "g1055_d5ki7gd", "comment": "I made this for my friends as a joke and never meant to share it anywhere, but given your name and the subject matter, I feel like it is my destiny to let it loose to the world. http://imgur.com/IoMb7yI", "date": "2016-07-20 23:16:07", "seriesname": "g1055_d5ki7gd", "file": "/media/jbrogan4/scratch2/Reddit_Prov_Dataset_v6/_These_three_mannequins/g1055_d5ki7gd.png", "URL": "http://i.imgur.com/IoMb7yI.png", "fileid": "g1055_d5ki7gd.png"}, {"id": "g1055_d5jhzpo", "comment": "[Michael Jackson](http://i.imgur.com/8b8Xk4e.jpg)", "date": "2016-07-20 09:20:37", "seriesname": "g1055_d5jhzpo", "file": "/media/jbrogan4/scratch2/Reddit_Prov_Dataset_v6/_These_three_mannequins/g1055_d5jhzpo.jpg", "URL": "http://i.imgur.com/8b8Xk4e.jpg", "fileid": "g1055_d5jhzpo.jpg"}, {"id": "g1055_d5jige5", "comment": "[It was a good night.](http://i.imgur.com/SZFrxF0.jpg)", "date": "2016-07-20 09:33:53", "seriesname": "g1055_d5jige5", "file": "/media/jbrogan4/scratch2/Reddit_Prov_Dataset_v6/_These_three_mannequins/g1055_d5jige5.jpg", "URL": "http://i.imgur.com/SZFrxF0.jpg", "fileid": "g1055_d5jige5.jpg"}, {"id": "g1055_d5jmmmv", "comment": "[Just for you, buddy.](http://i.imgur.com/xv62jYj.jpg)\n\nEdit: [Alternatively](http://i.imgur.com/AdyvKqP.jpg)", "date": "2016-07-20 11:18:12", "seriesname": "g1055_d5jmmmv", "file": "/media/jbrogan4/scratch2/Reddit_Prov_Dataset_v6/_These_three_mannequins/g1055_d5jmmmv.jpg", "URL": "http://i.imgur.com/AdyvKqP.jpg", "fileid": "g1055_d5jmmmv.jpg"}, {"id": "g1055_d5jjgdo", "comment": "[Ski Master](http://i.imgur.com/kgH5vVw.jpg)", "date": "2016-07-20 10:01:19", "seriesname": "g1055_d5jjgdo", "file": "/media/jbrogan4/scratch2/Reddit_Prov_Dataset_v6/_These_three_mannequins/g1055_d5jjgdo.jpg", "URL": "http://i.imgur.com/kgH5vVw.jpg", "fileid": "g1055_d5jjgdo.jpg"}, {"id": "g1055_d5jjjsc", "comment": "[Walking with John Lennon](http://i.imgur.com/1gTjB7r.png)", "date": "2016-07-20 10:03:50", "seriesname": "g1055_d5jjjsc", "file": "/media/jbrogan4/scratch2/Reddit_Prov_Dataset_v6/_These_three_mannequins/g1055_d5jjjsc.png", "URL": "http://i.imgur.com/1gTjB7r.png", "fileid": "g1055_d5jjjsc.png"}, {"id": "g1055_d5kiw54", "comment": "[\"You move like they do. I've never seen anyone move that fast.\"](http://i.imgur.com/m9KtZ4q.jpg)", "date": "2016-07-20 23:35:30", "seriesname": "g1055_d5kiw54", "file": "/media/jbrogan4/scratch2/Reddit_Prov_Dataset_v6/_These_three_mannequins/g1055_d5kiw54.jpg", "URL": "http://i.imgur.com/m9KtZ4q.jpg", "fileid": "g1055_d5kiw54.jpg"}, {"id": "g1055_d5k0asd", "comment": "[Genesis](http://i.imgur.com/ChwQRPZ.jpg)", "date": "2016-07-20 16:07:42", "seriesname": "g1055_d5k0asd", "file": "/media/jbrogan4/scratch2/Reddit_Prov_Dataset_v6/_These_three_mannequins/g1055_d5k0asd.jpg", "URL": "http://i.imgur.com/ChwQRPZ.jpg", "fileid": "g1055_d5k0asd.jpg"}, {"id": "g1055_d5k5nmx", "comment": "[Oh snap!](http://i.imgur.com/QZwHkHp.jpg)", "date": "2016-07-20 18:02:57", "seriesname": "g1055_d5k5nmx", "file": "/media/jbrogan4/scratch2/Reddit_Prov_Dataset_v6/_These_three_mannequins/g1055_d5k5nmx.jpg", "URL": "http://i.imgur.com/QZwHkHp.jpg", "fileid": "g1055_d5k5nmx.jpg"}, {"id": "g1055_d5jix85", "comment": "[Trying to Walk Like an Egyptian](http://i.imgur.com/RUpL6ma.jpg)\n\n&amp;\n\n[animated with music](http://loopnroll.com/p/FUlDR)", "date": "2016-07-20 09:46:55", "seriesname": "g1055_d5jix85", "file": "/media/jbrogan4/scratch2/Reddit_Prov_Dataset_v6/_These_three_mannequins/g1055_d5jix85.jpg", "URL": "http://i.imgur.com/RUpL6ma.jpg", "fileid": "g1055_d5jix85.jpg"}, {"id": "g1055_d5jjp09", "comment": "[Metal Crotch Mannequin](http://i.imgur.com/QX0pI8P.jpg)", "date": "2016-07-20 10:07:41", "seriesname": "g1055_d5jjp09", "file": "/media/jbrogan4/scratch2/Reddit_Prov_Dataset_v6/_These_three_mannequins/g1055_d5jjp09.jpg", "URL": "http://i.imgur.com/QX0pI8P.jpg", "fileid": "g1055_d5jjp09.jpg"}, {"id": "g1055_d5jmksd", "comment": "[AWAKEN MY MASTERS!](http://i.imgur.com/JvXVyHW.png)", "date": "2016-07-20 11:17:01", "seriesname": "g1055_d5jmksd", "file": "/media/jbrogan4/scratch2/Reddit_Prov_Dataset_v6/_These_three_mannequins/g1055_d5jmksd.png", "URL": "http://i.imgur.com/JvXVyHW.png", "fileid": "g1055_d5jmksd.png"}, {"id": "g1055_d5jjx3q", "comment": "[Leaning with Michael](http://imgur.com/caDzCVG.jpg)", "date": "2016-07-20 10:13:26", "seriesname": "g1055_d5jjx3q", "file": "/media/jbrogan4/scratch2/Reddit_Prov_Dataset_v6/_These_three_mannequins/g1055_d5jjx3q.jpg", "URL": "http://imgur.com/caDzCVG.jpg", "fileid": "g1055_d5jjx3q.jpg"}, {"id": "g1055_d5jhqpy", "comment": "Direct link:\n\nhttp://i.imgur.com/ky5MMn6.jpg", "date": "2016-07-20 09:13:03", "seriesname": "g1055_d5jhqpy", "file": "/media/jbrogan4/scratch2/Reddit_Prov_Dataset_v6/_These_three_mannequins/g1055_d5jhqpy.jpg", "URL": "http://i.imgur.com/ky5MMn6.jpg", "fileid": "g1055_d5jhqpy.jpg"}, {"id": "g1055_d5jji05", "comment": "[No mere mortal can resist the evil of the Thriller (My First Photoshop!!)](http://i.imgur.com/x1AkySK.jpg)", "date": "2016-07-20 10:02:29", "seriesname": "g1055_d5jji05", "file": "/media/jbrogan4/scratch2/Reddit_Prov_Dataset_v6/_These_three_mannequins/g1055_d5jji05.jpg", "URL": "http://i.imgur.com/x1AkySK.jpg", "fileid": "g1055_d5jji05.jpg"}, {"id": "g1055_d5jhzqe", "comment": "[You put your down, down. You thrust you pelvis *huh!* You thrust your pelvis *huh!*](http://i470.photobucket.com/albums/rr64/kumobear/Duckmanshop.png)\n\nCan't photoshop, but couldn't resist Duckman opportunity. ", "date": "2016-07-20 09:20:38", "seriesname": "g1055_d5jhzqe", "file": "/media/jbrogan4/scratch2/Reddit_Prov_Dataset_v6/_These_three_mannequins/g1055_d5jhzqe.png", "URL": "http://i470.photobucket.com/albums/rr64/kumobear/Duckmanshop.png", "fileid": "g1055_d5jhzqe.png"}, {"id": "g1055_d5jt6xg", "comment": "[Such a great game](http://i.imgur.com/WvZ9VL5.png)", "date": "2016-07-20 13:40:43", "seriesname": "g1055_d5jt6xg", "file": "/media/jbrogan4/scratch2/Reddit_Prov_Dataset_v6/_These_three_mannequins/g1055_d5jt6xg.png", "URL": "http://i.imgur.com/WvZ9VL5.png", "fileid": "g1055_d5jt6xg.png"}, {"id": "g1055_d5jpr13", "comment": "[Nothing's gonna stop us now](http://i.imgur.com/1L8rxFw.jpg)", "date": "2016-07-20 12:27:18", "seriesname": "g1055_d5jpr13", "file": "/media/jbrogan4/scratch2/Reddit_Prov_Dataset_v6/_These_three_mannequins/g1055_d5jpr13.jpg", "URL": "http://i.imgur.com/1L8rxFw.jpg", "fileid": "g1055_d5jpr13.jpg"}, {"id": "g1055_d5jnoey", "comment": "Easy as 1, 2, 3. \n\nhttp://imgur.com/CvpJs2H", "date": "2016-07-20 11:41:39", "seriesname": "g1055_d5jnoey", "file": "/media/jbrogan4/scratch2/Reddit_Prov_Dataset_v6/_These_three_mannequins/g1055_d5jnoey.png", "URL": "http://i.imgur.com/CvpJs2H.png", "fileid": "g1055_d5jnoey.png"}, {"id": "g1055_d5k4v99", "comment": "https://m.imgur.com/S1xCxQN\n\nStardust Crusaders", "date": "2016-07-20 17:45:04", "seriesname": "g1055_d5k4v99", "file": "/media/jbrogan4/scratch2/Reddit_Prov_Dataset_v6/_These_three_mannequins/g1055_d5k4v99.png", "URL": "http://i.imgur.com/S1xCxQN.png", "fileid": "g1055_d5k4v99.png"}, {"id": "g1055_d5jl4pa", "comment": "Not So Fast, Kaiba! [You just activated our trap card!](http://i.imgur.com/OiJviYQ.jpg)\n\n[original](http://i.imgur.com/IJUW6Jh.jpg)\n\n", "date": "2016-07-20 10:43:10", "seriesname": "g1055_d5jl4pa", "file": "/media/jbrogan4/scratch2/Reddit_Prov_Dataset_v6/_These_three_mannequins/g1055_d5jl4pa.jpg", "URL": "http://i.imgur.com/IJUW6Jh.jpg", "fileid": "g1055_d5jl4pa.jpg"}, {"id": "g1055_d5ji9yt", "comment": "[Giant jacking off Human Jacking off armless midget in a car park (gone sexual)](http://i.imgur.com/DDslMVb.jpg)\n\n\n*Suprisingly SFW*", "date": "2016-07-20 09:28:52", "seriesname": "g1055_d5ji9yt", "file": "/media/jbrogan4/scratch2/Reddit_Prov_Dataset_v6/_These_three_mannequins/g1055_d5ji9yt.jpg", "URL": "http://i.imgur.com/DDslMVb.jpg", "fileid": "g1055_d5ji9yt.jpg"}, {"id": "g1055_d5jrz9y", "comment": "[fixed](http://i.imgur.com/hIGWRZ0.png) :)", "date": "2016-07-20 13:15:12", "seriesname": "g1055_d5jrz9y", "file": "/media/jbrogan4/scratch2/Reddit_Prov_Dataset_v6/_These_three_mannequins/g1055_d5jrz9y.png", "URL": "http://i.imgur.com/hIGWRZ0.png", "fileid": "g1055_d5jrz9y.png"}, {"id": "g1055_d5jit6e", "comment": "[Good Shot!](http://i.imgur.com/jDCNNJm.jpg)", "date": "2016-07-20 09:43:47", "seriesname": "g1055_d5jit6e", "file": "/media/jbrogan4/scratch2/Reddit_Prov_Dataset_v6/_These_three_mannequins/g1055_d5jit6e.jpg", "URL": "http://i.imgur.com/jDCNNJm.jpg", "fileid": "g1055_d5jit6e.jpg"}, {"id": "g1055_d5jo35m", "comment": "[Cruisin'](http://i.imgur.com/03ZWokQ.jpg)", "date": "2016-07-20 11:50:40", "seriesname": "g1055_d5jo35m", "file": "/media/jbrogan4/scratch2/Reddit_Prov_Dataset_v6/_These_three_mannequins/g1055_d5jo35m.jpg", "URL": "http://i.imgur.com/03ZWokQ.jpg", "fileid": "g1055_d5jo35m.jpg"}, {"id": "g1055_d5jhokf", "comment": "http://i.imgur.com/kvuTzon.jpg\n\nAdd: [after that...](http://i.imgur.com/TojxtXm.jpg)", "date": "2016-07-20 09:11:09", "seriesname": "g1055_d5jhokf", "file": "/media/jbrogan4/scratch2/Reddit_Prov_Dataset_v6/_These_three_mannequins/g1055_d5jhokf.jpg", "URL": "http://i.imgur.com/TojxtXm.jpg", "fileid": "g1055_d5jhokf.jpg"}, {"id": "g1055_d5k09iw", "comment": "[This mannequin is simply irresistible!](http://i.imgur.com/4BXO0zL.png)", "date": "2016-07-20 16:07:00", "seriesname": "g1055_d5k09iw", "file": "/media/jbrogan4/scratch2/Reddit_Prov_Dataset_v6/_These_three_mannequins/g1055_d5k09iw.png", "URL": "http://i.imgur.com/4BXO0zL.png", "fileid": "g1055_d5k09iw.png"}, {"id": "g1055_d5jm3sj", "comment": "Shit, I had the same idea, and didn't see your version before finishing mine...\n[Here's my version](http://i.imgur.com/sn5F2ju.jpg)\n\n", "date": "2016-07-20 11:06:16", "seriesname": "g1055_d5jm3sj", "file": "/media/jbrogan4/scratch2/Reddit_Prov_Dataset_v6/_These_three_mannequins/g1055_d5jm3sj.jpg", "URL": "http://i.imgur.com/sn5F2ju.jpg", "fileid": "g1055_d5jm3sj.jpg"}, {"id": "g1055_d5k61up", "comment": "[n00bs](http://i.imgur.com/dSLep7G.jpg)", "date": "2016-07-20 18:12:23", "seriesname": "g1055_d5k61up", "file": "/media/jbrogan4/scratch2/Reddit_Prov_Dataset_v6/_These_three_mannequins/g1055_d5k61up.jpg", "URL": "http://i.imgur.com/dSLep7G.jpg", "fileid": "g1055_d5k61up.jpg"}, {"id": "g1055_d5jeh6e", "comment": "[Too close to tell](http://i.imgur.com/LjHXBGX.jpg)", "date": "2016-07-20 07:00:55", "seriesname": "g1055_d5jeh6e", "file": "/media/jbrogan4/scratch2/Reddit_Prov_Dataset_v6/_These_three_mannequins/g1055_d5jeh6e.jpg", "URL": "http://i.imgur.com/LjHXBGX.jpg", "fileid": "g1055_d5jeh6e.jpg"}, {"id": "g1055_d5jj4c7", "comment": "[MENACING](http://i.imgur.com/ABXATaO.png)", "date": "2016-07-20 09:52:22", "seriesname": "g1055_d5jj4c7", "file": "/media/jbrogan4/scratch2/Reddit_Prov_Dataset_v6/_These_three_mannequins/g1055_d5jj4c7.png", "URL": "http://i.imgur.com/ABXATaO.png", "fileid": "g1055_d5jj4c7.png"}, {"id": "g1055_d5jsb7t", "comment": "[Walk This Way](http://i.imgur.com/ueK6gCd.jpg)\n\nFirst thing I thought of", "date": "2016-07-20 13:22:05", "seriesname": "g1055_d5jsb7t", "file": "/media/jbrogan4/scratch2/Reddit_Prov_Dataset_v6/_These_three_mannequins/g1055_d5jsb7t.jpg", "URL": "http://i.imgur.com/ueK6gCd.jpg", "fileid": "g1055_d5jsb7t.jpg"}, {"id": "g1055_d5jhtde", "comment": "[A new Record!](http://i.imgur.com/Qnk4Hrk.jpg)", "date": "2016-07-20 09:15:17", "seriesname": "g1055_d5jhtde", "file": "/media/jbrogan4/scratch2/Reddit_Prov_Dataset_v6/_These_three_mannequins/g1055_d5jhtde.jpg", "URL": "http://i.imgur.com/Qnk4Hrk.jpg", "fileid": "g1055_d5jhtde.jpg"}, {"id": "g1055_d5jkryf", "comment": "[One Step Beyond !](http://i.imgur.com/sn5F2ju.jpg)", "date": "2016-07-20 10:34:42", "seriesname": "g1055_d5jkryf", "file": "/media/jbrogan4/scratch2/Reddit_Prov_Dataset_v6/_These_three_mannequins/g1055_d5jkryf.jpg", "URL": "http://i.imgur.com/sn5F2ju.jpg", "fileid": "g1055_d5jkryf.jpg"}, {"id": "g1055_d5jihm7", "comment": "[Looking for some hot stuff] (http://i.imgur.com/R8LOROD.png)", "date": "2016-07-20 09:34:52", "seriesname": "g1055_d5jihm7", "file": "/media/jbrogan4/scratch2/Reddit_Prov_Dataset_v6/_These_three_mannequins/g1055_d5jihm7.png", "URL": "http://i.imgur.com/R8LOROD.png", "fileid": "g1055_d5jihm7.png"}, {"id": "g1055_d5jwass", "comment": "[dammmmmmn kimberly](http://imgur.com/bFwROpu)", "date": "2016-07-20 14:45:51", "seriesname": "g1055_d5jwass", "file": "/media/jbrogan4/scratch2/Reddit_Prov_Dataset_v6/_These_three_mannequins/g1055_d5jwass.png", "URL": "http://i.imgur.com/bFwROpu.png", "fileid": "g1055_d5jwass.png"}, {"id": "g1055_d5jrdk7", "comment": "[*You mess with the bull, you get the horns.*](http://i.imgur.com/E0UC1ep.jpg)", "date": "2016-07-20 13:02:14", "seriesname": "g1055_d5jrdk7", "file": "/media/jbrogan4/scratch2/Reddit_Prov_Dataset_v6/_These_three_mannequins/g1055_d5jrdk7.jpg", "URL": "http://i.imgur.com/E0UC1ep.jpg", "fileid": "g1055_d5jrdk7.jpg"}, {"id": "g1055_root", "comment": "", "date": "2016-07-20 06:46:35", "seriesname": "g1055_root", "file": "/media/jbrogan4/scratch2/Reddit_Prov_Dataset_v6/_These_three_mannequins/g1055_root.jpg", "URL": "http://i.imgur.com/Mf5bmHz.jpg", "fileid": "g1055_root.jpg"}, {"id": "g1055_d5jlfd6", "comment": "[Stylish?](http://i.imgur.com/FM9Ysi1.jpg)", "date": "2016-07-20 10:50:14", "seriesname": "g1055_d5jlfd6", "file": "/media/jbrogan4/scratch2/Reddit_Prov_Dataset_v6/_These_three_mannequins/g1055_d5jlfd6.jpg", "URL": "http://i.imgur.com/FM9Ysi1.jpg", "fileid": "g1055_d5jlfd6.jpg"}, {"id": "g1055_d5jhpsx", "comment": "[Whoever did this...](http://i.imgur.com/rxsSjWm.jpg)", "date": "2016-07-20 09:12:16", "seriesname": "g1055_d5jhpsx", "file": "/media/jbrogan4/scratch2/Reddit_Prov_Dataset_v6/_These_three_mannequins/g1055_d5jhpsx.jpg", "URL": "http://i.imgur.com/rxsSjWm.jpg", "fileid": "g1055_d5jhpsx.jpg"}], "graph": {"name": "g1055_root"}, "directed": true}