{"links": [{"op": "none", "target": 0, "source": 36}, {"op": "none", "target": 1, "source": 36}, {"op": "none", "target": 2, "source": 36}, {"op": "none", "target": 3, "source": 36}, {"op": "none", "target": 4, "source": 2}, {"op": "none", "target": 5, "source": 36}, {"op": "none", "target": 6, "source": 40}, {"op": "none", "target": 7, "source": 36}, {"op": "none", "target": 8, "source": 2}, {"op": "none", "target": 9, "source": 38}, {"op": "none", "target": 10, "source": 36}, {"op": "none", "target": 11, "source": 36}, {"op": "none", "target": 12, "source": 36}, {"op": "none", "target": 13, "source": 24}, {"op": "none", "target": 14, "source": 36}, {"op": "none", "target": 15, "source": 36}, {"op": "none", "target": 16, "source": 36}, {"op": "none", "target": 17, "source": 36}, {"op": "none", "target": 18, "source": 36}, {"op": "none", "target": 19, "source": 36}, {"op": "none", "target": 20, "source": 36}, {"op": "none", "target": 21, "source": 36}, {"op": "none", "target": 22, "source": 36}, {"op": "none", "target": 23, "source": 36}, {"op": "none", "target": 24, "source": 36}, {"op": "none", "target": 25, "source": 36}, {"op": "none", "target": 26, "source": 2}, {"op": "none", "target": 27, "source": 36}, {"op": "none", "target": 28, "source": 36}, {"op": "none", "target": 29, "source": 9}, {"op": "none", "target": 30, "source": 36}, {"op": "none", "target": 31, "source": 36}, {"op": "none", "target": 32, "source": 36}, {"op": "none", "target": 33, "source": 36}, {"op": "none", "target": 34, "source": 36}, {"op": "none", "target": 35, "source": 36}, {"op": "none", "target": 37, "source": 36}, {"op": "none", "target": 38, "source": 36}, {"op": "none", "target": 39, "source": 36}, {"op": "none", "target": 40, "source": 36}, {"op": "none", "target": 41, "source": 36}, {"op": "none", "target": 42, "source": 36}, {"op": "none", "target": 43, "source": 36}, {"op": "none", "target": 44, "source": 36}, {"op": "none", "target": 45, "source": 24}, {"op": "none", "target": 46, "source": 36}, {"op": "none", "target": 47, "source": 26}, {"op": "none", "target": 48, "source": 36}, {"op": "none", "target": 49, "source": 36}, {"op": "none", "target": 50, "source": 36}], "title": "_Old_Lady_Riding_a_Fake_Surfboard", "nodes": [{"id": "g1053_d3dgwtc", "comment": "[Shit just got real!](https://imgur.com/etihQ2J)", "date": "2016-05-20 17:57:54", "seriesname": "g1053_d3dgwtc", "file": "/media/jbrogan4/scratch2/Reddit_Prov_Dataset_v6/_Old_Lady_Riding_a_Fake_Surfboard/g1053_d3dgwtc.png", "URL": "http://i.imgur.com/etihQ2J.png", "fileid": "g1053_d3dgwtc.png"}, {"id": "g1053_d3dfj4w", "comment": "[Move it lady, you're ruining the shoot!](http://i.imgur.com/mO3HsCn.jpg)", "date": "2016-05-20 17:21:37", "seriesname": "g1053_d3dfj4w", "file": "/media/jbrogan4/scratch2/Reddit_Prov_Dataset_v6/_Old_Lady_Riding_a_Fake_Surfboard/g1053_d3dfj4w.jpg", "URL": "http://i.imgur.com/mO3HsCn.jpg", "fileid": "g1053_d3dfj4w.jpg"}, {"id": "g1053_d3djr1q", "comment": "[Fake surfboards are the future](http://i.imgur.com/mbRXVpy.jpg)", "date": "2016-05-20 19:17:20", "seriesname": "g1053_d3djr1q", "file": "/media/jbrogan4/scratch2/Reddit_Prov_Dataset_v6/_Old_Lady_Riding_a_Fake_Surfboard/g1053_d3djr1q.jpg", "URL": "http://i.imgur.com/mbRXVpy.jpg", "fileid": "g1053_d3djr1q.jpg"}, {"id": "g1053_d3dj1mn", "comment": "[Granny gave up the surfboard long ago...](http://i.imgur.com/AOEQlKk.jpg)", "date": "2016-05-20 18:57:02", "seriesname": "g1053_d3dj1mn", "file": "/media/jbrogan4/scratch2/Reddit_Prov_Dataset_v6/_Old_Lady_Riding_a_Fake_Surfboard/g1053_d3dj1mn.jpg", "URL": "http://i.imgur.com/AOEQlKk.jpg", "fileid": "g1053_d3dj1mn.jpg"}, {"id": "g1053_d3dzn52", "comment": "[High res](http://i.imgur.com/5QLIK7v.png)", "date": "2016-05-21 06:27:16", "seriesname": "g1053_d3dzn52", "file": "/media/jbrogan4/scratch2/Reddit_Prov_Dataset_v6/_Old_Lady_Riding_a_Fake_Surfboard/g1053_d3dzn52.png", "URL": "http://i.imgur.com/5QLIK7v.png", "fileid": "g1053_d3dzn52.png"}, {"id": "g1053_d3dsseg", "comment": "[In an alternate universe...](http://i.imgur.com/gHnjvwL.jpg)", "date": "2016-05-21 00:05:15", "seriesname": "g1053_d3dsseg", "file": "/media/jbrogan4/scratch2/Reddit_Prov_Dataset_v6/_Old_Lady_Riding_a_Fake_Surfboard/g1053_d3dsseg.jpg", "URL": "http://i.imgur.com/gHnjvwL.jpg", "fileid": "g1053_d3dsseg.jpg"}, {"id": "g1053_d3dlcph", "comment": "Let him have some fun\n\nhttps://i.imgur.com/ln8KXdO.jpg", "date": "2016-05-20 20:05:02", "seriesname": "g1053_d3dlcph", "file": "/media/jbrogan4/scratch2/Reddit_Prov_Dataset_v6/_Old_Lady_Riding_a_Fake_Surfboard/g1053_d3dlcph.jpg", "URL": "https://i.imgur.com/ln8KXdO.jpg", "fileid": "g1053_d3dlcph.jpg"}, {"id": "g1053_d3ds972", "comment": "[Hang Four, Grandma!](http://i.imgur.com/PrBFScK.jpg?1)", "date": "2016-05-20 23:45:56", "seriesname": "g1053_d3ds972", "file": "/media/jbrogan4/scratch2/Reddit_Prov_Dataset_v6/_Old_Lady_Riding_a_Fake_Surfboard/g1053_d3ds972.jpg", "URL": "http://i.imgur.com/PrBFScK.jpg?1", "fileid": "g1053_d3ds972.jpg"}, {"id": "g1053_d3dyj1r", "comment": "Looks like the one from Kung Fury.\n\n[But yeqh, googling 80's landscape comes up with lots of thse](https://s-media-cache-ak0.pinimg.com/736x/0b/98/de/0b98de239fcb91ef0411dd0b6185e47e.jpg)", "date": "2016-05-21 05:06:10", "seriesname": "g1053_d3dyj1r", "file": "/media/jbrogan4/scratch2/Reddit_Prov_Dataset_v6/_Old_Lady_Riding_a_Fake_Surfboard/g1053_d3dyj1r.jpg", "URL": "https://s-media-cache-ak0.pinimg.com/736x/0b/98/de/0b98de239fcb91ef0411dd0b6185e47e.jpg", "fileid": "g1053_d3dyj1r.jpg"}, {"id": "g1053_d3dj9a6", "comment": "[Let her have some fun.](http://i.imgur.com/5FoU1AH.jpg)", "date": "2016-05-20 19:03:03", "seriesname": "g1053_d3dj9a6", "file": "/media/jbrogan4/scratch2/Reddit_Prov_Dataset_v6/_Old_Lady_Riding_a_Fake_Surfboard/g1053_d3dj9a6.jpg", "URL": "http://i.imgur.com/5FoU1AH.jpg", "fileid": "g1053_d3dj9a6.jpg"}, {"id": "g1053_d3dqim3", "comment": "[Rad!](http://i.imgur.com/ZVzdcv8.jpg)", "date": "2016-05-20 22:46:26", "seriesname": "g1053_d3dqim3", "file": "/media/jbrogan4/scratch2/Reddit_Prov_Dataset_v6/_Old_Lady_Riding_a_Fake_Surfboard/g1053_d3dqim3.jpg", "URL": "http://i.imgur.com/ZVzdcv8.jpg", "fileid": "g1053_d3dqim3.jpg"}, {"id": "g1053_d3dxd2w", "comment": "[Back off, Warchild. Seriously. ](http://imgur.com/vjHc4Wh)", "date": "2016-05-21 03:46:58", "seriesname": "g1053_d3dxd2w", "file": "/media/jbrogan4/scratch2/Reddit_Prov_Dataset_v6/_Old_Lady_Riding_a_Fake_Surfboard/g1053_d3dxd2w.png", "URL": "http://i.imgur.com/vjHc4Wh.png", "fileid": "g1053_d3dxd2w.png"}, {"id": "g1053_d3dsuwa", "comment": "http://imgur.com/mFMaBTX", "date": "2016-05-21 00:07:54", "seriesname": "g1053_d3dsuwa", "file": "/media/jbrogan4/scratch2/Reddit_Prov_Dataset_v6/_Old_Lady_Riding_a_Fake_Surfboard/g1053_d3dsuwa.png", "URL": "http://i.imgur.com/mFMaBTX.png", "fileid": "g1053_d3dsuwa.png"}, {"id": "g1053_d3e338t", "comment": "That's all I could find: http://i.imgur.com/fhsaj7r.jpg", "date": "2016-05-21 09:34:19", "seriesname": "g1053_d3e338t", "file": "/media/jbrogan4/scratch2/Reddit_Prov_Dataset_v6/_Old_Lady_Riding_a_Fake_Surfboard/g1053_d3e338t.jpg", "URL": "http://i.imgur.com/fhsaj7r.jpg", "fileid": "g1053_d3e338t.jpg"}, {"id": "g1053_d3dlygi", "comment": "[Grandma didn't believe you were full, so she cut you open to check](http://i.imgur.com/rQcHg73.jpg)", "date": "2016-05-20 20:23:19", "seriesname": "g1053_d3dlygi", "file": "/media/jbrogan4/scratch2/Reddit_Prov_Dataset_v6/_Old_Lady_Riding_a_Fake_Surfboard/g1053_d3dlygi.jpg", "URL": "http://i.imgur.com/rQcHg73.jpg", "fileid": "g1053_d3dlygi.jpg"}, {"id": "g1053_d3dmlrp", "comment": "[Two Mimosas](http://i.imgur.com/M08TnHt.jpg) and all hell broke out", "date": "2016-05-20 20:43:30", "seriesname": "g1053_d3dmlrp", "file": "/media/jbrogan4/scratch2/Reddit_Prov_Dataset_v6/_Old_Lady_Riding_a_Fake_Surfboard/g1053_d3dmlrp.jpg", "URL": "http://i.imgur.com/M08TnHt.jpg", "fileid": "g1053_d3dmlrp.jpg"}, {"id": "g1053_d3dop3g", "comment": "[I don't even know right now. LOL](http://i.imgur.com/Pn2YfxE.jpg)\n", "date": "2016-05-20 21:48:51", "seriesname": "g1053_d3dop3g", "file": "/media/jbrogan4/scratch2/Reddit_Prov_Dataset_v6/_Old_Lady_Riding_a_Fake_Surfboard/g1053_d3dop3g.jpg", "URL": "http://i.imgur.com/Pn2YfxE.jpg", "fileid": "g1053_d3dop3g.jpg"}, {"id": "g1053_d3dq0po", "comment": "[The 6th element](http://i.imgur.com/dud3ny0.jpg?1)", "date": "2016-05-20 22:30:37", "seriesname": "g1053_d3dq0po", "file": "/media/jbrogan4/scratch2/Reddit_Prov_Dataset_v6/_Old_Lady_Riding_a_Fake_Surfboard/g1053_d3dq0po.jpg", "URL": "http://i.imgur.com/dud3ny0.jpg?1", "fileid": "g1053_d3dq0po.jpg"}, {"id": "g1053_d3dizcx", "comment": "[Dat face tho](http://m.imgur.com/JXDsBt8.jpg)", "date": "2016-05-20 18:55:13", "seriesname": "g1053_d3dizcx", "file": "/media/jbrogan4/scratch2/Reddit_Prov_Dataset_v6/_Old_Lady_Riding_a_Fake_Surfboard/g1053_d3dizcx.jpg", "URL": "http://m.imgur.com/JXDsBt8.jpg", "fileid": "g1053_d3dizcx.jpg"}, {"id": "g1053_d3duy32", "comment": "[And if I don't see you...](http://i.imgur.com/cGPMEhm.jpg)", "date": "2016-05-21 01:35:01", "seriesname": "g1053_d3duy32", "file": "/media/jbrogan4/scratch2/Reddit_Prov_Dataset_v6/_Old_Lady_Riding_a_Fake_Surfboard/g1053_d3duy32.jpg", "URL": "http://i.imgur.com/cGPMEhm.jpg", "fileid": "g1053_d3duy32.jpg"}, {"id": "g1053_d3dpk8z", "comment": "*[Anything to catch the perfect wave](http://i.imgur.com/bE24HTW.png)*", "date": "2016-05-20 22:16:11", "seriesname": "g1053_d3dpk8z", "file": "/media/jbrogan4/scratch2/Reddit_Prov_Dataset_v6/_Old_Lady_Riding_a_Fake_Surfboard/g1053_d3dpk8z.jpg", "URL": "http://i.imgur.com/bE24HTW.png)*", "fileid": "g1053_d3dpk8z.png*"}, {"id": "g1053_d3dosmw", "comment": "Granny boosting out of the pit!\nhttp://m.imgur.com/gallery/6RVJv4x", "date": "2016-05-20 21:51:52", "seriesname": "g1053_d3dosmw", "file": "/media/jbrogan4/scratch2/Reddit_Prov_Dataset_v6/_Old_Lady_Riding_a_Fake_Surfboard/g1053_d3dosmw.png", "URL": "http://i.imgur.com/6RVJv4x.png", "fileid": "g1053_d3dosmw.png"}, {"id": "g1053_d3dme74", "comment": "[surf freak](http://i.imgur.com/DqCA1ve.jpg)", "date": "2016-05-20 20:36:59", "seriesname": "g1053_d3dme74", "file": "/media/jbrogan4/scratch2/Reddit_Prov_Dataset_v6/_Old_Lady_Riding_a_Fake_Surfboard/g1053_d3dme74.jpg", "URL": "http://i.imgur.com/DqCA1ve.jpg", "fileid": "g1053_d3dme74.jpg"}, {"id": "g1053_d3dtu3a", "comment": "[Beautiful Sunset](http://imgur.com/uEpSLS8)", "date": "2016-05-21 00:46:15", "seriesname": "g1053_d3dtu3a", "file": "/media/jbrogan4/scratch2/Reddit_Prov_Dataset_v6/_Old_Lady_Riding_a_Fake_Surfboard/g1053_d3dtu3a.png", "URL": "http://i.imgur.com/uEpSLS8.png", "fileid": "g1053_d3dtu3a.png"}, {"id": "g1053_d3dons2", "comment": "[A day at the beach with the old lady](http://i.imgur.com/lGi4o43.jpg).(big image)\n\nCan you find everyone that joined her?", "date": "2016-05-20 21:47:44", "seriesname": "g1053_d3dons2", "file": "/media/jbrogan4/scratch2/Reddit_Prov_Dataset_v6/_Old_Lady_Riding_a_Fake_Surfboard/g1053_d3dons2.jpg", "URL": "http://i.imgur.com/lGi4o43.jpg).(big", "fileid": "g1053_d3dons2.(big"}, {"id": "g1053_d3dodqj", "comment": "[Beyond the innocence of youth, and the wisdom of age, lies the wonder of...](http://i.imgur.com/GsrM7R6.jpg)", "date": "2016-05-20 21:39:05", "seriesname": "g1053_d3dodqj", "file": "/media/jbrogan4/scratch2/Reddit_Prov_Dataset_v6/_Old_Lady_Riding_a_Fake_Surfboard/g1053_d3dodqj.jpg", "URL": "http://i.imgur.com/GsrM7R6.jpg", "fileid": "g1053_d3dodqj.jpg"}, {"id": "g1053_d3dmdiv", "comment": "[But you do](http://i.imgur.com/H66shpY.png)\n\nEdit: For the record, I think you are better than [this.](http://i.imgur.com/JEl16xF.jpg)", "date": "2016-05-20 20:36:24", "seriesname": "g1053_d3dmdiv", "file": "/media/jbrogan4/scratch2/Reddit_Prov_Dataset_v6/_Old_Lady_Riding_a_Fake_Surfboard/g1053_d3dmdiv.jpg", "URL": "http://i.imgur.com/JEl16xF.jpg", "fileid": "g1053_d3dmdiv.jpg"}, {"id": "g1053_d3dom3f", "comment": "[She may be old, but she still got moves.](http://imgur.com/9qK0uHn)", "date": "2016-05-20 21:46:16", "seriesname": "g1053_d3dom3f", "file": "/media/jbrogan4/scratch2/Reddit_Prov_Dataset_v6/_Old_Lady_Riding_a_Fake_Surfboard/g1053_d3dom3f.png", "URL": "http://i.imgur.com/9qK0uHn.png", "fileid": "g1053_d3dom3f.png"}, {"id": "g1053_d3e26ct", "comment": "[She has a knack for finding the right waves](http://i.imgur.com/8pwZqPy.jpg)", "date": "2016-05-21 08:54:43", "seriesname": "g1053_d3e26ct", "file": "/media/jbrogan4/scratch2/Reddit_Prov_Dataset_v6/_Old_Lady_Riding_a_Fake_Surfboard/g1053_d3e26ct.jpg", "URL": "http://i.imgur.com/8pwZqPy.jpg", "fileid": "g1053_d3e26ct.jpg"}, {"id": "g1053_d3dnqvu", "comment": "http://i.imgur.com/3B7Xz7g.jpg", "date": "2016-05-20 21:19:07", "seriesname": "g1053_d3dnqvu", "file": "/media/jbrogan4/scratch2/Reddit_Prov_Dataset_v6/_Old_Lady_Riding_a_Fake_Surfboard/g1053_d3dnqvu.jpg", "URL": "http://i.imgur.com/3B7Xz7g.jpg", "fileid": "g1053_d3dnqvu.jpg"}, {"id": "g1053_d3dleuq", "comment": "[We're gonna need a bigger board](http://imgur.com/mpw2fxQ)", "date": "2016-05-20 20:06:46", "seriesname": "g1053_d3dleuq", "file": "/media/jbrogan4/scratch2/Reddit_Prov_Dataset_v6/_Old_Lady_Riding_a_Fake_Surfboard/g1053_d3dleuq.png", "URL": "http://i.imgur.com/mpw2fxQ.png", "fileid": "g1053_d3dleuq.png"}, {"id": "g1053_d3dermt", "comment": "[She must be like 65 million years old...](http://imgur.com/Ah5ZYVX)  \nEdit: fixed", "date": "2016-05-20 17:01:42", "seriesname": "g1053_d3dermt", "file": "/media/jbrogan4/scratch2/Reddit_Prov_Dataset_v6/_Old_Lady_Riding_a_Fake_Surfboard/g1053_d3dermt.png", "URL": "http://i.imgur.com/Ah5ZYVX.png", "fileid": "g1053_d3dermt.png"}, {"id": "g1053_d3dujhp", "comment": "[Back in my day.](https://imgur.com/IR7PYdO)\n", "date": "2016-05-21 01:16:22", "seriesname": "g1053_d3dujhp", "file": "/media/jbrogan4/scratch2/Reddit_Prov_Dataset_v6/_Old_Lady_Riding_a_Fake_Surfboard/g1053_d3dujhp.png", "URL": "http://i.imgur.com/IR7PYdO.png", "fileid": "g1053_d3dujhp.png"}, {"id": "g1053_d3fbzl9", "comment": "http://s018.radikal.ru/i528/1605/64/dd7c59572357.jpg YEEEHHAAA", "date": "2016-05-22 12:58:40", "seriesname": "g1053_d3fbzl9", "file": "/media/jbrogan4/scratch2/Reddit_Prov_Dataset_v6/_Old_Lady_Riding_a_Fake_Surfboard/g1053_d3fbzl9.jpg", "URL": "http://s018.radikal.ru/i528/1605/64/dd7c59572357.jpg", "fileid": "g1053_d3fbzl9.jpg"}, {"id": "g1053_d3duqql", "comment": "http://i.imgur.com/K6rvPS5.jpg Laird knows who was really riding the millennium wave. ", "date": "2016-05-21 01:25:30", "seriesname": "g1053_d3duqql", "file": "/media/jbrogan4/scratch2/Reddit_Prov_Dataset_v6/_Old_Lady_Riding_a_Fake_Surfboard/g1053_d3duqql.jpg", "URL": "http://i.imgur.com/K6rvPS5.jpg", "fileid": "g1053_d3duqql.jpg"}, {"id": "g1053_d3drher", "comment": "[Old lady riding the hasslehoff](http://imgur.com/JAcEJJ9)", "date": "2016-05-20 23:18:29", "seriesname": "g1053_d3drher", "file": "/media/jbrogan4/scratch2/Reddit_Prov_Dataset_v6/_Old_Lady_Riding_a_Fake_Surfboard/g1053_d3drher.png", "URL": "http://i.imgur.com/JAcEJJ9.png", "fileid": "g1053_d3drher.png"}, {"id": "g1053_root", "comment": "", "date": "2016-05-20 16:18:23", "seriesname": "g1053_root", "file": "/media/jbrogan4/scratch2/Reddit_Prov_Dataset_v6/_Old_Lady_Riding_a_Fake_Surfboard/g1053_root.jpg", "URL": "http://i.imgur.com/ye8iai3.jpg", "fileid": "g1053_root.jpg"}, {"id": "g1053_d3doemo", "comment": "[Good afternoon, good evening, and cowabunga?](http://i.imgur.com/RK8wzdD.jpg)", "date": "2016-05-20 21:39:52", "seriesname": "g1053_d3doemo", "file": "/media/jbrogan4/scratch2/Reddit_Prov_Dataset_v6/_Old_Lady_Riding_a_Fake_Surfboard/g1053_d3doemo.jpg", "URL": "http://i.imgur.com/RK8wzdD.jpg", "fileid": "g1053_d3doemo.jpg"}, {"id": "g1053_d3dfeu5", "comment": "[\"Hey Millennials! I'm chillin' on my board. Just me being me.\"](http://i.imgur.com/61ZZptc.jpg)", "date": "2016-05-20 17:18:29", "seriesname": "g1053_d3dfeu5", "file": "/media/jbrogan4/scratch2/Reddit_Prov_Dataset_v6/_Old_Lady_Riding_a_Fake_Surfboard/g1053_d3dfeu5.jpg", "URL": "http://i.imgur.com/61ZZptc.jpg", "fileid": "g1053_d3dfeu5.jpg"}, {"id": "g1053_d3dkj7r", "comment": "[Surfing to safety](http://imgur.com/gallery/KEp3Aww)", "date": "2016-05-20 19:40:37", "seriesname": "g1053_d3dkj7r", "file": "/media/jbrogan4/scratch2/Reddit_Prov_Dataset_v6/_Old_Lady_Riding_a_Fake_Surfboard/g1053_d3dkj7r.png", "URL": "http://i.imgur.com/KEp3Aww.png", "fileid": "g1053_d3dkj7r.png"}, {"id": "g1053_d3dg20a", "comment": "[Surfin Sanders](http://i.imgur.com/gXPmrN8.jpg)", "date": "2016-05-20 17:35:21", "seriesname": "g1053_d3dg20a", "file": "/media/jbrogan4/scratch2/Reddit_Prov_Dataset_v6/_Old_Lady_Riding_a_Fake_Surfboard/g1053_d3dg20a.jpg", "URL": "http://i.imgur.com/gXPmrN8.jpg", "fileid": "g1053_d3dg20a.jpg"}, {"id": "g1053_d3emnbu", "comment": "[The Internet](http://i.imgur.com/puaWL6s.jpg)", "date": "2016-05-21 19:25:07", "seriesname": "g1053_d3emnbu", "file": "/media/jbrogan4/scratch2/Reddit_Prov_Dataset_v6/_Old_Lady_Riding_a_Fake_Surfboard/g1053_d3emnbu.jpg", "URL": "http://i.imgur.com/puaWL6s.jpg", "fileid": "g1053_d3emnbu.jpg"}, {"id": "g1053_d3dhn2a", "comment": "[Silver Surfer](http://i.imgur.com/8bifuwH.png)", "date": "2016-05-20 18:17:49", "seriesname": "g1053_d3dhn2a", "file": "/media/jbrogan4/scratch2/Reddit_Prov_Dataset_v6/_Old_Lady_Riding_a_Fake_Surfboard/g1053_d3dhn2a.png", "URL": "http://i.imgur.com/8bifuwH.png", "fileid": "g1053_d3dhn2a.png"}, {"id": "g1053_d3e2664", "comment": "[Straight up pimpin'](http://imgur.com/M3zTKjs)", "date": "2016-05-21 08:54:28", "seriesname": "g1053_d3e2664", "file": "/media/jbrogan4/scratch2/Reddit_Prov_Dataset_v6/_Old_Lady_Riding_a_Fake_Surfboard/g1053_d3e2664.png", "URL": "http://i.imgur.com/M3zTKjs.png", "fileid": "g1053_d3e2664.png"}, {"id": "g1053_d3dj6yh", "comment": "[martianan](http://i.imgur.com/mOIg6GA.jpg)", "date": "2016-05-20 19:01:13", "seriesname": "g1053_d3dj6yh", "file": "/media/jbrogan4/scratch2/Reddit_Prov_Dataset_v6/_Old_Lady_Riding_a_Fake_Surfboard/g1053_d3dj6yh.jpg", "URL": "http://i.imgur.com/mOIg6GA.jpg", "fileid": "g1053_d3dj6yh.jpg"}, {"id": "g1053_d3e0uov", "comment": "[Spoiler](http://imgur.com/Z4Hkok7)", "date": "2016-05-21 07:45:58", "seriesname": "g1053_d3e0uov", "file": "/media/jbrogan4/scratch2/Reddit_Prov_Dataset_v6/_Old_Lady_Riding_a_Fake_Surfboard/g1053_d3e0uov.png", "URL": "http://i.imgur.com/Z4Hkok7.png", "fileid": "g1053_d3e0uov.png"}, {"id": "g1053_d3dst71", "comment": "[Step aside!](https://i.imgur.com/J9SzlfV.jpg)", "date": "2016-05-21 00:06:04", "seriesname": "g1053_d3dst71", "file": "/media/jbrogan4/scratch2/Reddit_Prov_Dataset_v6/_Old_Lady_Riding_a_Fake_Surfboard/g1053_d3dst71.jpg", "URL": "https://i.imgur.com/J9SzlfV.jpg", "fileid": "g1053_d3dst71.jpg"}, {"id": "g1053_d3e21k9", "comment": "[Is he better now?](http://i.imgur.com/oQ8cHnR.jpg)", "date": "2016-05-21 08:48:30", "seriesname": "g1053_d3e21k9", "file": "/media/jbrogan4/scratch2/Reddit_Prov_Dataset_v6/_Old_Lady_Riding_a_Fake_Surfboard/g1053_d3e21k9.jpg", "URL": "http://i.imgur.com/oQ8cHnR.jpg", "fileid": "g1053_d3e21k9.jpg"}, {"id": "g1053_d3dw86l", "comment": "[Who Will Stop Galactus?](http://imgur.com/DcSscoS)\n\nEdit: [Animated](http://imgur.com/FrfYTxq) because why is this not animated?", "date": "2016-05-21 02:39:45", "seriesname": "g1053_d3dw86l", "file": "/media/jbrogan4/scratch2/Reddit_Prov_Dataset_v6/_Old_Lady_Riding_a_Fake_Surfboard/g1053_d3dw86l.png", "URL": "http://i.imgur.com/FrfYTxq.png", "fileid": "g1053_d3dw86l.png"}, {"id": "g1053_d3dv0lr", "comment": "http://imgur.com/FdOKcbJ", "date": "2016-05-21 01:38:20", "seriesname": "g1053_d3dv0lr", "file": "/media/jbrogan4/scratch2/Reddit_Prov_Dataset_v6/_Old_Lady_Riding_a_Fake_Surfboard/g1053_d3dv0lr.png", "URL": "http://i.imgur.com/FdOKcbJ.png", "fileid": "g1053_d3dv0lr.png"}, {"id": "g1053_d3dt9km", "comment": "http://i.imgur.com/dcq6HDC.jpg", "date": "2016-05-21 00:23:20", "seriesname": "g1053_d3dt9km", "file": "/media/jbrogan4/scratch2/Reddit_Prov_Dataset_v6/_Old_Lady_Riding_a_Fake_Surfboard/g1053_d3dt9km.jpg", "URL": "http://i.imgur.com/dcq6HDC.jpg", "fileid": "g1053_d3dt9km.jpg"}], "graph": {"name": "g1053_root"}, "directed": true}