{"links": [{"op": "none", "target": 0, "source": 59}, {"op": "none", "target": 1, "source": 59}, {"op": "none", "target": 2, "source": 59}, {"op": "none", "target": 3, "source": 59}, {"op": "none", "target": 4, "source": 59}, {"op": "none", "target": 5, "source": 59}, {"op": "none", "target": 6, "source": 59}, {"op": "none", "target": 7, "source": 59}, {"op": "none", "target": 8, "source": 59}, {"op": "none", "target": 9, "source": 59}, {"op": "none", "target": 10, "source": 59}, {"op": "none", "target": 11, "source": 59}, {"op": "none", "target": 12, "source": 59}, {"op": "none", "target": 13, "source": 59}, {"op": "none", "target": 14, "source": 59}, {"op": "none", "target": 15, "source": 59}, {"op": "none", "target": 16, "source": 26}, {"op": "none", "target": 17, "source": 59}, {"op": "none", "target": 18, "source": 59}, {"op": "none", "target": 19, "source": 59}, {"op": "none", "target": 20, "source": 59}, {"op": "none", "target": 21, "source": 59}, {"op": "none", "target": 22, "source": 59}, {"op": "none", "target": 23, "source": 59}, {"op": "none", "target": 24, "source": 59}, {"op": "none", "target": 25, "source": 59}, {"op": "none", "target": 26, "source": 59}, {"op": "none", "target": 27, "source": 59}, {"op": "none", "target": 28, "source": 59}, {"op": "none", "target": 29, "source": 39}, {"op": "none", "target": 30, "source": 59}, {"op": "none", "target": 31, "source": 59}, {"op": "none", "target": 32, "source": 59}, {"op": "none", "target": 33, "source": 59}, {"op": "none", "target": 34, "source": 59}, {"op": "none", "target": 35, "source": 21}, {"op": "none", "target": 36, "source": 57}, {"op": "none", "target": 37, "source": 48}, {"op": "none", "target": 38, "source": 59}, {"op": "none", "target": 39, "source": 59}, {"op": "none", "target": 40, "source": 26}, {"op": "none", "target": 41, "source": 57}, {"op": "none", "target": 42, "source": 59}, {"op": "none", "target": 43, "source": 59}, {"op": "none", "target": 44, "source": 59}, {"op": "none", "target": 45, "source": 59}, {"op": "none", "target": 46, "source": 59}, {"op": "none", "target": 47, "source": 59}, {"op": "none", "target": 48, "source": 59}, {"op": "none", "target": 49, "source": 59}, {"op": "none", "target": 50, "source": 59}, {"op": "none", "target": 51, "source": 59}, {"op": "none", "target": 52, "source": 59}, {"op": "none", "target": 53, "source": 59}, {"op": "none", "target": 54, "source": 59}, {"op": "none", "target": 55, "source": 59}, {"op": "none", "target": 56, "source": 59}, {"op": "none", "target": 57, "source": 59}, {"op": "none", "target": 58, "source": 59}], "title": "_Mount_Etna_Eruption", "nodes": [{"id": "g1057_cxn5bks", "comment": "[Anger takes control](http://i.imgur.com/XaIrBwN.jpg)", "date": "2015-12-04 12:57:12", "seriesname": "g1057_cxn5bks", "file": "/media/jbrogan4/scratch2/Reddit_Prov_Dataset_v6/_Mount_Etna_Eruption/g1057_cxn5bks.jpg", "URL": "http://i.imgur.com/XaIrBwN.jpg", "fileid": "g1057_cxn5bks.jpg"}, {"id": "g1057_cxnadwk", "comment": "[Meowy MeowZers Oh Face](http://i.imgur.com/yUXNYdK.jpg)\n", "date": "2015-12-04 14:58:06", "seriesname": "g1057_cxnadwk", "file": "/media/jbrogan4/scratch2/Reddit_Prov_Dataset_v6/_Mount_Etna_Eruption/g1057_cxnadwk.jpg", "URL": "http://i.imgur.com/yUXNYdK.jpg", "fileid": "g1057_cxnadwk.jpg"}, {"id": "g1057_cxn49i0", "comment": "[Mario growing with rage after one too many \"Thank you Mario! But our princess is in another castle!\"s](http://i.imgur.com/6yaBiBo.jpg)", "date": "2015-12-04 12:32:11", "seriesname": "g1057_cxn49i0", "file": "/media/jbrogan4/scratch2/Reddit_Prov_Dataset_v6/_Mount_Etna_Eruption/g1057_cxn49i0.jpg", "URL": "http://i.imgur.com/6yaBiBo.jpg", "fileid": "g1057_cxn49i0.jpg"}, {"id": "g1057_cxnifer", "comment": "The only [Etna](http://i.imgur.com/LK7Wa5W.jpg) I know. ", "date": "2015-12-04 18:25:49", "seriesname": "g1057_cxnifer", "file": "/media/jbrogan4/scratch2/Reddit_Prov_Dataset_v6/_Mount_Etna_Eruption/g1057_cxnifer.jpg", "URL": "http://i.imgur.com/LK7Wa5W.jpg", "fileid": "g1057_cxnifer.jpg"}, {"id": "g1057_cxn5cxk", "comment": "[goku has landed](http://imgur.com/My09Bcd)", "date": "2015-12-04 12:58:07", "seriesname": "g1057_cxn5cxk", "file": "/media/jbrogan4/scratch2/Reddit_Prov_Dataset_v6/_Mount_Etna_Eruption/g1057_cxn5cxk.png", "URL": "http://i.imgur.com/My09Bcd.png", "fileid": "g1057_cxn5cxk.png"}, {"id": "g1057_cxnhj2i", "comment": "For all Magic: The Gathering fans, [here's a card](http://i.imgur.com/LfjKqmo.png)", "date": "2015-12-04 18:00:26", "seriesname": "g1057_cxnhj2i", "file": "/media/jbrogan4/scratch2/Reddit_Prov_Dataset_v6/_Mount_Etna_Eruption/g1057_cxnhj2i.png", "URL": "http://i.imgur.com/LfjKqmo.png", "fileid": "g1057_cxnhj2i.png"}, {"id": "g1057_cxng047", "comment": "[Done.](http://i.imgur.com/iEHcbGE.jpg)", "date": "2015-12-04 17:18:35", "seriesname": "g1057_cxng047", "file": "/media/jbrogan4/scratch2/Reddit_Prov_Dataset_v6/_Mount_Etna_Eruption/g1057_cxng047.jpg", "URL": "http://i.imgur.com/iEHcbGE.jpg", "fileid": "g1057_cxng047.jpg"}, {"id": "g1057_cxn5tfx", "comment": "[This one was pretty hard to pull off ](http://imgur.com/UviV0uq)", "date": "2015-12-04 13:09:09", "seriesname": "g1057_cxn5tfx", "file": "/media/jbrogan4/scratch2/Reddit_Prov_Dataset_v6/_Mount_Etna_Eruption/g1057_cxn5tfx.png", "URL": "http://i.imgur.com/UviV0uq.png", "fileid": "g1057_cxn5tfx.png"}, {"id": "g1057_cxn41jp", "comment": "[It's just baking soda and vinegar.](http://imgur.com/BIdl9Q4) ", "date": "2015-12-04 12:27:00", "seriesname": "g1057_cxn41jp", "file": "/media/jbrogan4/scratch2/Reddit_Prov_Dataset_v6/_Mount_Etna_Eruption/g1057_cxn41jp.png", "URL": "http://i.imgur.com/BIdl9Q4.png", "fileid": "g1057_cxn41jp.png"}, {"id": "g1057_cxnci6o", "comment": "[Close your eyes, Marion!](http://imgur.com/9vBdAe8)", "date": "2015-12-04 15:49:49", "seriesname": "g1057_cxnci6o", "file": "/media/jbrogan4/scratch2/Reddit_Prov_Dataset_v6/_Mount_Etna_Eruption/g1057_cxnci6o.png", "URL": "http://i.imgur.com/9vBdAe8.png", "fileid": "g1057_cxnci6o.png"}, {"id": "g1057_cxo1gfk", "comment": "[ITS COMING OUT OF ME LIKE LAVA](http://i.imgur.com/LrSSqIm.jpg)", "date": "2015-12-05 09:18:31", "seriesname": "g1057_cxo1gfk", "file": "/media/jbrogan4/scratch2/Reddit_Prov_Dataset_v6/_Mount_Etna_Eruption/g1057_cxo1gfk.jpg", "URL": "http://i.imgur.com/LrSSqIm.jpg", "fileid": "g1057_cxo1gfk.jpg"}, {"id": "g1057_cxndfsz", "comment": "[AAAAAaa](http://i.imgur.com/GUWYATe.jpg)", "date": "2015-12-04 16:12:49", "seriesname": "g1057_cxndfsz", "file": "/media/jbrogan4/scratch2/Reddit_Prov_Dataset_v6/_Mount_Etna_Eruption/g1057_cxndfsz.jpg", "URL": "http://i.imgur.com/GUWYATe.jpg", "fileid": "g1057_cxndfsz.jpg"}, {"id": "g1057_cxn2pk4", "comment": "[Scary? Kawaiiiiii](http://i.imgur.com/7qYPl7i.jpg)", "date": "2015-12-04 11:54:51", "seriesname": "g1057_cxn2pk4", "file": "/media/jbrogan4/scratch2/Reddit_Prov_Dataset_v6/_Mount_Etna_Eruption/g1057_cxn2pk4.jpg", "URL": "http://i.imgur.com/7qYPl7i.jpg", "fileid": "g1057_cxn2pk4.jpg"}, {"id": "g1057_cxn70of", "comment": "http://imgur.com/jfv2Q0V", "date": "2015-12-04 13:37:33", "seriesname": "g1057_cxn70of", "file": "/media/jbrogan4/scratch2/Reddit_Prov_Dataset_v6/_Mount_Etna_Eruption/g1057_cxn70of.png", "URL": "http://i.imgur.com/jfv2Q0V.png", "fileid": "g1057_cxn70of.png"}, {"id": "g1057_cxn8bw2", "comment": "[Ifrit Final Fantasy](http://imgur.com/7APrBo5)", "date": "2015-12-04 14:08:46", "seriesname": "g1057_cxn8bw2", "file": "/media/jbrogan4/scratch2/Reddit_Prov_Dataset_v6/_Mount_Etna_Eruption/g1057_cxn8bw2.png", "URL": "http://i.imgur.com/7APrBo5.png", "fileid": "g1057_cxn8bw2.png"}, {"id": "g1057_cxngg4x", "comment": "[Mount Shoop Etna Whoop](http://i.imgur.com/WYfcCD7.png)", "date": "2015-12-04 17:30:44", "seriesname": "g1057_cxngg4x", "file": "/media/jbrogan4/scratch2/Reddit_Prov_Dataset_v6/_Mount_Etna_Eruption/g1057_cxngg4x.png", "URL": "http://i.imgur.com/WYfcCD7.png", "fileid": "g1057_cxngg4x.png"}, {"id": "g1057_cxn59x5", "comment": "http://i.imgur.com/hWbD8pS.jpg", "date": "2015-12-04 12:56:06", "seriesname": "g1057_cxn59x5", "file": "/media/jbrogan4/scratch2/Reddit_Prov_Dataset_v6/_Mount_Etna_Eruption/g1057_cxn59x5.jpg", "URL": "http://i.imgur.com/hWbD8pS.jpg", "fileid": "g1057_cxn59x5.jpg"}, {"id": "g1057_cxn4fm0", "comment": "**[Here go hell come](http://i.imgur.com/8118JoJ.jpg)**", "date": "2015-12-04 12:36:13", "seriesname": "g1057_cxn4fm0", "file": "/media/jbrogan4/scratch2/Reddit_Prov_Dataset_v6/_Mount_Etna_Eruption/g1057_cxn4fm0.jpg", "URL": "http://i.imgur.com/8118JoJ.jpg)**", "fileid": "g1057_cxn4fm0.jpg**"}, {"id": "g1057_cxnbubc", "comment": "Praise [GabeN](http://i.imgur.com/NEUpK4R.jpg)", "date": "2015-12-04 15:33:44", "seriesname": "g1057_cxnbubc", "file": "/media/jbrogan4/scratch2/Reddit_Prov_Dataset_v6/_Mount_Etna_Eruption/g1057_cxnbubc.jpg", "URL": "http://i.imgur.com/NEUpK4R.jpg", "fileid": "g1057_cxnbubc.jpg"}, {"id": "g1057_cxn866p", "comment": "[uhhhhh](http://i.imgur.com/BhdcwHn.jpg) i had a completely different direction i was going to go with this...", "date": "2015-12-04 14:04:53", "seriesname": "g1057_cxn866p", "file": "/media/jbrogan4/scratch2/Reddit_Prov_Dataset_v6/_Mount_Etna_Eruption/g1057_cxn866p.jpg", "URL": "http://i.imgur.com/BhdcwHn.jpg", "fileid": "g1057_cxn866p.jpg"}, {"id": "g1057_cxne52r", "comment": "[I don't know why, but the cloud reminded me of Krang from TMNT.](http://i.imgur.com/rZcFVAx.jpg)", "date": "2015-12-04 16:30:12", "seriesname": "g1057_cxne52r", "file": "/media/jbrogan4/scratch2/Reddit_Prov_Dataset_v6/_Mount_Etna_Eruption/g1057_cxne52r.jpg", "URL": "http://i.imgur.com/rZcFVAx.jpg", "fileid": "g1057_cxne52r.jpg"}, {"id": "g1057_cxn8xpo", "comment": "[I BEEN TELLIN YALL FAM](http://i.imgur.com/uIIzPeH.jpg)", "date": "2015-12-04 14:23:23", "seriesname": "g1057_cxn8xpo", "file": "/media/jbrogan4/scratch2/Reddit_Prov_Dataset_v6/_Mount_Etna_Eruption/g1057_cxn8xpo.jpg", "URL": "http://i.imgur.com/uIIzPeH.jpg", "fileid": "g1057_cxn8xpo.jpg"}, {"id": "g1057_cxnc8p5", "comment": "[Who doesn't choose Charizard?](http://i.imgur.com/BB6zGE1.jpg)", "date": "2015-12-04 15:43:22", "seriesname": "g1057_cxnc8p5", "file": "/media/jbrogan4/scratch2/Reddit_Prov_Dataset_v6/_Mount_Etna_Eruption/g1057_cxnc8p5.jpg", "URL": "http://i.imgur.com/BB6zGE1.jpg", "fileid": "g1057_cxnc8p5.jpg"}, {"id": "g1057_cxncwbi", "comment": "Not again BP... http://imgur.com/gjiDt3Q", "date": "2015-12-04 15:59:23", "seriesname": "g1057_cxncwbi", "file": "/media/jbrogan4/scratch2/Reddit_Prov_Dataset_v6/_Mount_Etna_Eruption/g1057_cxncwbi.png", "URL": "http://i.imgur.com/gjiDt3Q.png", "fileid": "g1057_cxncwbi.png"}, {"id": "g1057_cxnb6gt", "comment": "[Cthulu Rises](http://i.imgur.com/ATJvK3P.jpg)", "date": "2015-12-04 15:17:36", "seriesname": "g1057_cxnb6gt", "file": "/media/jbrogan4/scratch2/Reddit_Prov_Dataset_v6/_Mount_Etna_Eruption/g1057_cxnb6gt.jpg", "URL": "http://i.imgur.com/ATJvK3P.jpg", "fileid": "g1057_cxnb6gt.jpg"}, {"id": "g1057_cxn5axo", "comment": "[Just a happy little volcano. There are no mistakes, only happy accidents :)] (http://imgur.com/o3lIIu3)", "date": "2015-12-04 12:56:47", "seriesname": "g1057_cxn5axo", "file": "/media/jbrogan4/scratch2/Reddit_Prov_Dataset_v6/_Mount_Etna_Eruption/g1057_cxn5axo.png", "URL": "http://i.imgur.com/o3lIIu3.png", "fileid": "g1057_cxn5axo.png"}, {"id": "g1057_cxn2xhp", "comment": "[Dem Lion King Feels](http://i.imgur.com/SMWRYy9.jpg)", "date": "2015-12-04 12:00:11", "seriesname": "g1057_cxn2xhp", "file": "/media/jbrogan4/scratch2/Reddit_Prov_Dataset_v6/_Mount_Etna_Eruption/g1057_cxn2xhp.jpg", "URL": "http://i.imgur.com/SMWRYy9.jpg", "fileid": "g1057_cxn2xhp.jpg"}, {"id": "g1057_cxn9219", "comment": "[TOO SOON!](http://imgur.com/zJSEU9X)", "date": "2015-12-04 14:26:15", "seriesname": "g1057_cxn9219", "file": "/media/jbrogan4/scratch2/Reddit_Prov_Dataset_v6/_Mount_Etna_Eruption/g1057_cxn9219.png", "URL": "http://i.imgur.com/zJSEU9X.png", "fileid": "g1057_cxn9219.png"}, {"id": "g1057_cxncdjw", "comment": "[KRAKATOA!](http://imgur.com/MBgat32)", "date": "2015-12-04 15:46:40", "seriesname": "g1057_cxncdjw", "file": "/media/jbrogan4/scratch2/Reddit_Prov_Dataset_v6/_Mount_Etna_Eruption/g1057_cxncdjw.png", "URL": "http://i.imgur.com/MBgat32.png", "fileid": "g1057_cxncdjw.png"}, {"id": "g1057_cxn6nzh", "comment": "[1280x800](http://i.imgur.com/Mu11Wvt.jpg)", "date": "2015-12-04 13:29:16", "seriesname": "g1057_cxn6nzh", "file": "/media/jbrogan4/scratch2/Reddit_Prov_Dataset_v6/_Mount_Etna_Eruption/g1057_cxn6nzh.jpg", "URL": "http://i.imgur.com/Mu11Wvt.jpg", "fileid": "g1057_cxn6nzh.jpg"}, {"id": "g1057_cxncjx2", "comment": "[Do we really need this man as our leader?] (http://imgur.com/udObJHi)", "date": "2015-12-04 15:50:57", "seriesname": "g1057_cxncjx2", "file": "/media/jbrogan4/scratch2/Reddit_Prov_Dataset_v6/_Mount_Etna_Eruption/g1057_cxncjx2.png", "URL": "http://i.imgur.com/udObJHi.png", "fileid": "g1057_cxncjx2.png"}, {"id": "g1057_cxn6lh5", "comment": "http://imgur.com/rUHJtyx", "date": "2015-12-04 13:27:36", "seriesname": "g1057_cxn6lh5", "file": "/media/jbrogan4/scratch2/Reddit_Prov_Dataset_v6/_Mount_Etna_Eruption/g1057_cxn6lh5.png", "URL": "http://i.imgur.com/rUHJtyx.png", "fileid": "g1057_cxn6lh5.png"}, {"id": "g1057_cxn60pb", "comment": "[An all-powerful genie](https://imgur.com/JwX3g8P)", "date": "2015-12-04 13:13:58", "seriesname": "g1057_cxn60pb", "file": "/media/jbrogan4/scratch2/Reddit_Prov_Dataset_v6/_Mount_Etna_Eruption/g1057_cxn60pb.png", "URL": "http://i.imgur.com/JwX3g8P.png", "fileid": "g1057_cxn60pb.png"}, {"id": "g1057_cxn7jcp", "comment": "[Seems like little cute monster](http://i.imgur.com/D5ncPk0.jpg)", "date": "2015-12-04 13:49:45", "seriesname": "g1057_cxn7jcp", "file": "/media/jbrogan4/scratch2/Reddit_Prov_Dataset_v6/_Mount_Etna_Eruption/g1057_cxn7jcp.jpg", "URL": "http://i.imgur.com/D5ncPk0.jpg", "fileid": "g1057_cxn7jcp.jpg"}, {"id": "g1057_cxn440s", "comment": "[Night on Mount Etna](http://i.imgur.com/TGEwMdQ.jpg)", "date": "2015-12-04 12:28:37", "seriesname": "g1057_cxn440s", "file": "/media/jbrogan4/scratch2/Reddit_Prov_Dataset_v6/_Mount_Etna_Eruption/g1057_cxn440s.jpg", "URL": "http://i.imgur.com/TGEwMdQ.jpg", "fileid": "g1057_cxn440s.jpg"}, {"id": "g1057_cxnf3q7", "comment": "I think the guy deleted his comment but I made this album cover for him http://i.imgur.com/l6x6WMl.jpg\n\nEdit: a word", "date": "2015-12-04 16:54:46", "seriesname": "g1057_cxnf3q7", "file": "/media/jbrogan4/scratch2/Reddit_Prov_Dataset_v6/_Mount_Etna_Eruption/g1057_cxnf3q7.jpg", "URL": "http://i.imgur.com/l6x6WMl.jpg", "fileid": "g1057_cxnf3q7.jpg"}, {"id": "g1057_cxn5fdo", "comment": "[Hope this works for ya.](http://i.imgur.com/To24Xqg.jpg)I'm glad you like it!", "date": "2015-12-04 12:59:43", "seriesname": "g1057_cxn5fdo", "file": "/media/jbrogan4/scratch2/Reddit_Prov_Dataset_v6/_Mount_Etna_Eruption/g1057_cxn5fdo.jpg", "URL": "http://i.imgur.com/To24Xqg.jpg)I'm", "fileid": "g1057_cxn5fdo.jpgI'm"}, {"id": "g1057_cxnbv6f", "comment": "http://i.imgur.com/YFgAzPz.jpg\n\nEdit: Thank you for the gold sweet stranger!\nEdit: http://i.imgur.com/dzCBd55.jpg Bonus van with u/2Thebreezes shop", "date": "2015-12-04 15:34:19", "seriesname": "g1057_cxnbv6f", "file": "/media/jbrogan4/scratch2/Reddit_Prov_Dataset_v6/_Mount_Etna_Eruption/g1057_cxnbv6f.jpg", "URL": "http://i.imgur.com/dzCBd55.jpg", "fileid": "g1057_cxnbv6f.jpg"}, {"id": "g1057_cxn4s2t", "comment": "Every Time I Try and Use The Stove.....\n\nhttp://i.imgur.com/jnuKt7R.jpg", "date": "2015-12-04 12:44:26", "seriesname": "g1057_cxn4s2t", "file": "/media/jbrogan4/scratch2/Reddit_Prov_Dataset_v6/_Mount_Etna_Eruption/g1057_cxn4s2t.jpg", "URL": "http://i.imgur.com/jnuKt7R.jpg", "fileid": "g1057_cxn4s2t.jpg"}, {"id": "g1057_cxn3g2v", "comment": "[Falcon Puuuunch](http://i.imgur.com/AzFdRAm.jpg)", "date": "2015-12-04 12:12:46", "seriesname": "g1057_cxn3g2v", "file": "/media/jbrogan4/scratch2/Reddit_Prov_Dataset_v6/_Mount_Etna_Eruption/g1057_cxn3g2v.jpg", "URL": "http://i.imgur.com/AzFdRAm.jpg", "fileid": "g1057_cxn3g2v.jpg"}, {"id": "g1057_cxn5yws", "comment": "Simba!\n\n[I am not Simba. I am the chosen one](http://i.imgur.com/mY8HtZR.jpg)\n\nCNN^CNN^CNN", "date": "2015-12-04 13:12:49", "seriesname": "g1057_cxn5yws", "file": "/media/jbrogan4/scratch2/Reddit_Prov_Dataset_v6/_Mount_Etna_Eruption/g1057_cxn5yws.jpg", "URL": "http://i.imgur.com/mY8HtZR.jpg", "fileid": "g1057_cxn5yws.jpg"}, {"id": "g1057_cxn988z", "comment": "[Fighting some not so happy little tree](http://i.imgur.com/uf2y9ud.jpg)\n\nEdit: Awesome work btw OP!", "date": "2015-12-04 14:30:29", "seriesname": "g1057_cxn988z", "file": "/media/jbrogan4/scratch2/Reddit_Prov_Dataset_v6/_Mount_Etna_Eruption/g1057_cxn988z.jpg", "URL": "http://i.imgur.com/uf2y9ud.jpg", "fileid": "g1057_cxn988z.jpg"}, {"id": "g1057_cxn9evz", "comment": "[Muthers of Nature](http://i.imgur.com/PYHk3Wl.jpg)", "date": "2015-12-04 14:35:04", "seriesname": "g1057_cxn9evz", "file": "/media/jbrogan4/scratch2/Reddit_Prov_Dataset_v6/_Mount_Etna_Eruption/g1057_cxn9evz.jpg", "URL": "http://i.imgur.com/PYHk3Wl.jpg", "fileid": "g1057_cxn9evz.jpg"}, {"id": "g1057_cxn3jc6", "comment": "[\u2020rump](http://imgur.com/cOs1SJw)", "date": "2015-12-04 12:14:58", "seriesname": "g1057_cxn3jc6", "file": "/media/jbrogan4/scratch2/Reddit_Prov_Dataset_v6/_Mount_Etna_Eruption/g1057_cxn3jc6.png", "URL": "http://i.imgur.com/cOs1SJw.png", "fileid": "g1057_cxn3jc6.png"}, {"id": "g1057_cxnlgjo", "comment": "Another Ragnaros\n\nhttp://imgur.com/Y6qYoW7", "date": "2015-12-04 19:58:59", "seriesname": "g1057_cxnlgjo", "file": "/media/jbrogan4/scratch2/Reddit_Prov_Dataset_v6/_Mount_Etna_Eruption/g1057_cxnlgjo.png", "URL": "http://i.imgur.com/Y6qYoW7.png", "fileid": "g1057_cxnlgjo.png"}, {"id": "g1057_cxn9c74", "comment": "[Everything is proceeding as I have foreseen.] (http://imgur.com/rGBsgeU)", "date": "2015-12-04 14:33:13", "seriesname": "g1057_cxn9c74", "file": "/media/jbrogan4/scratch2/Reddit_Prov_Dataset_v6/_Mount_Etna_Eruption/g1057_cxn9c74.png", "URL": "http://i.imgur.com/rGBsgeU.png", "fileid": "g1057_cxn9c74.png"}, {"id": "g1057_cxn30mt", "comment": "[One does not simply overclock a 480.](http://imgur.com/GXhBY1G)  \n\nEDIT: It seems that while jet fuel doesn't burn hot enough to melt ~~dank memes~~ steel beams, GTX 480s burn hot enough to melt reddit gold. ", "date": "2015-12-04 12:02:21", "seriesname": "g1057_cxn30mt", "file": "/media/jbrogan4/scratch2/Reddit_Prov_Dataset_v6/_Mount_Etna_Eruption/g1057_cxn30mt.png", "URL": "http://i.imgur.com/GXhBY1G.png", "fileid": "g1057_cxn30mt.png"}, {"id": "g1057_cxn7zri", "comment": "[Oh yissss....](https://i.imgur.com/s0GtMel.jpg)", "date": "2015-12-04 14:00:35", "seriesname": "g1057_cxn7zri", "file": "/media/jbrogan4/scratch2/Reddit_Prov_Dataset_v6/_Mount_Etna_Eruption/g1057_cxn7zri.jpg", "URL": "https://i.imgur.com/s0GtMel.jpg", "fileid": "g1057_cxn7zri.jpg"}, {"id": "g1057_cxn29vz", "comment": "[Gandalf vs The Balrog](https://imgur.com/9M4bfa4)", "date": "2015-12-04 11:44:25", "seriesname": "g1057_cxn29vz", "file": "/media/jbrogan4/scratch2/Reddit_Prov_Dataset_v6/_Mount_Etna_Eruption/g1057_cxn29vz.png", "URL": "http://i.imgur.com/9M4bfa4.png", "fileid": "g1057_cxn29vz.png"}, {"id": "g1057_cxnfi4l", "comment": "[Jafar](http://imgur.com/gGNItoq) has transformed...", "date": "2015-12-04 17:05:19", "seriesname": "g1057_cxnfi4l", "file": "/media/jbrogan4/scratch2/Reddit_Prov_Dataset_v6/_Mount_Etna_Eruption/g1057_cxnfi4l.png", "URL": "http://i.imgur.com/gGNItoq.png", "fileid": "g1057_cxnfi4l.png"}, {"id": "g1057_cxn760v", "comment": "[Meanwhile in Italy](http://i.imgur.com/nYU43jv.jpg)", "date": "2015-12-04 13:41:00", "seriesname": "g1057_cxn760v", "file": "/media/jbrogan4/scratch2/Reddit_Prov_Dataset_v6/_Mount_Etna_Eruption/g1057_cxn760v.jpg", "URL": "http://i.imgur.com/nYU43jv.jpg", "fileid": "g1057_cxn760v.jpg"}, {"id": "g1057_cxn62qh", "comment": "[The universe is mine to command!](http://i.imgur.com/pqOGdYm.png)", "date": "2015-12-04 13:15:19", "seriesname": "g1057_cxn62qh", "file": "/media/jbrogan4/scratch2/Reddit_Prov_Dataset_v6/_Mount_Etna_Eruption/g1057_cxn62qh.png", "URL": "http://i.imgur.com/pqOGdYm.png", "fileid": "g1057_cxn62qh.png"}, {"id": "g1057_cxndojx", "comment": "[Excuse me, Farting Sir...!](http://i.imgur.com/ueuhPlw.jpg)", "date": "2015-12-04 16:18:50", "seriesname": "g1057_cxndojx", "file": "/media/jbrogan4/scratch2/Reddit_Prov_Dataset_v6/_Mount_Etna_Eruption/g1057_cxndojx.jpg", "URL": "http://i.imgur.com/ueuhPlw.jpg", "fileid": "g1057_cxndojx.jpg"}, {"id": "g1057_cxn726w", "comment": "[Yum.](http://i.imgur.com/vnpdYLU.png)", "date": "2015-12-04 13:38:33", "seriesname": "g1057_cxn726w", "file": "/media/jbrogan4/scratch2/Reddit_Prov_Dataset_v6/_Mount_Etna_Eruption/g1057_cxn726w.png", "URL": "http://i.imgur.com/vnpdYLU.png", "fileid": "g1057_cxn726w.png"}, {"id": "g1057_cxn8sx1", "comment": "[Mordor](http://i.imgur.com/dgn2ytq.jpg)", "date": "2015-12-04 14:20:09", "seriesname": "g1057_cxn8sx1", "file": "/media/jbrogan4/scratch2/Reddit_Prov_Dataset_v6/_Mount_Etna_Eruption/g1057_cxn8sx1.jpg", "URL": "http://i.imgur.com/dgn2ytq.jpg", "fileid": "g1057_cxn8sx1.jpg"}, {"id": "g1057_cxn91p5", "comment": "[Mt. Edna](http://m.imgur.com/TtU2XQ5)", "date": "2015-12-04 14:26:02", "seriesname": "g1057_cxn91p5", "file": "/media/jbrogan4/scratch2/Reddit_Prov_Dataset_v6/_Mount_Etna_Eruption/g1057_cxn91p5.png", "URL": "http://i.imgur.com/TtU2XQ5.png", "fileid": "g1057_cxn91p5.png"}, {"id": "g1057_cxn559u", "comment": "[Where she goes, disaster follows](http://i.imgur.com/upCQh0H.jpg)", "date": "2015-12-04 12:53:04", "seriesname": "g1057_cxn559u", "file": "/media/jbrogan4/scratch2/Reddit_Prov_Dataset_v6/_Mount_Etna_Eruption/g1057_cxn559u.jpg", "URL": "http://i.imgur.com/upCQh0H.jpg", "fileid": "g1057_cxn559u.jpg"}, {"id": "g1057_cxn1bsg", "comment": "[Great Odin's Paintbrush](http://i.imgur.com/5JfDVUI.jpg)\n\n*edit - Thanks for the gold!", "date": "2015-12-04 11:21:09", "seriesname": "g1057_cxn1bsg", "file": "/media/jbrogan4/scratch2/Reddit_Prov_Dataset_v6/_Mount_Etna_Eruption/g1057_cxn1bsg.jpg", "URL": "http://i.imgur.com/5JfDVUI.jpg", "fileid": "g1057_cxn1bsg.jpg"}, {"id": "g1057_cxndxtz", "comment": "[Bow down to Emrakul!](http://i.imgur.com/7XAtLLX.png)", "date": "2015-12-04 16:25:12", "seriesname": "g1057_cxndxtz", "file": "/media/jbrogan4/scratch2/Reddit_Prov_Dataset_v6/_Mount_Etna_Eruption/g1057_cxndxtz.png", "URL": "http://i.imgur.com/7XAtLLX.png", "fileid": "g1057_cxndxtz.png"}, {"id": "g1057_root", "comment": "", "date": "2015-12-04 10:58:37", "seriesname": "g1057_root", "file": "/media/jbrogan4/scratch2/Reddit_Prov_Dataset_v6/_Mount_Etna_Eruption/g1057_root.jpg", "URL": "http://i.imgur.com/KBoIB2D.jpg", "fileid": "g1057_root.jpg"}], "graph": {"name": "g1057_root"}, "directed": true}