{"links": [{"op": "none", "target": 0, "source": 42}, {"op": "none", "target": 1, "source": 45}, {"op": "none", "target": 2, "source": 45}, {"op": "none", "target": 3, "source": 45}, {"op": "none", "target": 4, "source": 45}, {"op": "none", "target": 5, "source": 45}, {"op": "none", "target": 6, "source": 45}, {"op": "none", "target": 7, "source": 45}, {"op": "none", "target": 8, "source": 45}, {"op": "none", "target": 9, "source": 45}, {"op": "none", "target": 10, "source": 45}, {"op": "none", "target": 11, "source": 45}, {"op": "none", "target": 12, "source": 45}, {"op": "none", "target": 13, "source": 45}, {"op": "none", "target": 14, "source": 45}, {"op": "none", "target": 15, "source": 45}, {"op": "none", "target": 16, "source": 45}, {"op": "none", "target": 17, "source": 36}, {"op": "none", "target": 18, "source": 45}, {"op": "none", "target": 19, "source": 27}, {"op": "none", "target": 20, "source": 45}, {"op": "none", "target": 21, "source": 45}, {"op": "none", "target": 22, "source": 45}, {"op": "none", "target": 23, "source": 45}, {"op": "none", "target": 24, "source": 45}, {"op": "none", "target": 25, "source": 45}, {"op": "none", "target": 26, "source": 45}, {"op": "none", "target": 27, "source": 45}, {"op": "none", "target": 28, "source": 45}, {"op": "none", "target": 29, "source": 45}, {"op": "none", "target": 30, "source": 45}, {"op": "none", "target": 31, "source": 45}, {"op": "none", "target": 32, "source": 45}, {"op": "none", "target": 33, "source": 45}, {"op": "none", "target": 34, "source": 45}, {"op": "none", "target": 35, "source": 45}, {"op": "none", "target": 36, "source": 45}, {"op": "none", "target": 37, "source": 45}, {"op": "none", "target": 38, "source": 45}, {"op": "none", "target": 39, "source": 45}, {"op": "none", "target": 40, "source": 45}, {"op": "none", "target": 41, "source": 17}, {"op": "none", "target": 42, "source": 45}, {"op": "none", "target": 43, "source": 45}, {"op": "none", "target": 44, "source": 45}], "title": "_Vladimir_Putin_falls_on_ice_while_playing_hockey", "nodes": [{"id": "g1050_d3vfole", "comment": "like this?\n\nhttp://i.imgur.com/ZH9XIRh.jpg", "date": "2016-06-04 01:00:30", "seriesname": "g1050_d3vfole", "file": "/media/jbrogan4/scratch2/Reddit_Prov_Dataset_v6/_Vladimir_Putin_falls_on_ice_while_playing_hockey/g1050_d3vfole.jpg", "URL": "http://i.imgur.com/ZH9XIRh.jpg", "fileid": "g1050_d3vfole.jpg"}, {"id": "g1050_d3vdx8v", "comment": "[Kobe] (http://i.imgur.com/08zS8x6.png)", "date": "2016-06-03 23:58:41", "seriesname": "g1050_d3vdx8v", "file": "/media/jbrogan4/scratch2/Reddit_Prov_Dataset_v6/_Vladimir_Putin_falls_on_ice_while_playing_hockey/g1050_d3vdx8v.png", "URL": "http://i.imgur.com/08zS8x6.png", "fileid": "g1050_d3vdx8v.png"}, {"id": "g1050_d3vcs2g", "comment": "[Break it down!](http://i.imgur.com/wZwtmKj.png)", "date": "2016-06-03 23:21:21", "seriesname": "g1050_d3vcs2g", "file": "/media/jbrogan4/scratch2/Reddit_Prov_Dataset_v6/_Vladimir_Putin_falls_on_ice_while_playing_hockey/g1050_d3vcs2g.png", "URL": "http://i.imgur.com/wZwtmKj.png", "fileid": "g1050_d3vcs2g.png"}, {"id": "g1050_d3vti6w", "comment": "[Almost got it...](http://imgur.com/TxpvCZs)", "date": "2016-06-04 12:04:44", "seriesname": "g1050_d3vti6w", "file": "/media/jbrogan4/scratch2/Reddit_Prov_Dataset_v6/_Vladimir_Putin_falls_on_ice_while_playing_hockey/g1050_d3vti6w.png", "URL": "http://i.imgur.com/TxpvCZs.png", "fileid": "g1050_d3vti6w.png"}, {"id": "g1050_d3v6bsx", "comment": "[Amazing setup pass Vlad!](http://i.imgur.com/6Mw5xKB.jpg)", "date": "2016-06-03 20:13:44", "seriesname": "g1050_d3v6bsx", "file": "/media/jbrogan4/scratch2/Reddit_Prov_Dataset_v6/_Vladimir_Putin_falls_on_ice_while_playing_hockey/g1050_d3v6bsx.jpg", "URL": "http://i.imgur.com/6Mw5xKB.jpg", "fileid": "g1050_d3v6bsx.jpg"}, {"id": "g1050_d3vkxzq", "comment": "[Putinman] (http://i.imgur.com/uUfgcHS.png)", "date": "2016-06-04 05:44:32", "seriesname": "g1050_d3vkxzq", "file": "/media/jbrogan4/scratch2/Reddit_Prov_Dataset_v6/_Vladimir_Putin_falls_on_ice_while_playing_hockey/g1050_d3vkxzq.png", "URL": "http://i.imgur.com/uUfgcHS.png", "fileid": "g1050_d3vkxzq.png"}, {"id": "g1050_d3vk0fl", "comment": "[What you came to see](http://i.imgur.com/6902mkr.jpg)", "date": "2016-06-04 04:40:37", "seriesname": "g1050_d3vk0fl", "file": "/media/jbrogan4/scratch2/Reddit_Prov_Dataset_v6/_Vladimir_Putin_falls_on_ice_while_playing_hockey/g1050_d3vk0fl.jpg", "URL": "http://i.imgur.com/6902mkr.jpg", "fileid": "g1050_d3vk0fl.jpg"}, {"id": "g1050_d3v9arm", "comment": "[Get him out of there](http://imgur.com/IgE4hBT)", "date": "2016-06-03 21:39:17", "seriesname": "g1050_d3v9arm", "file": "/media/jbrogan4/scratch2/Reddit_Prov_Dataset_v6/_Vladimir_Putin_falls_on_ice_while_playing_hockey/g1050_d3v9arm.png", "URL": "http://i.imgur.com/IgE4hBT.png", "fileid": "g1050_d3v9arm.png"}, {"id": "g1050_d3vhv3h", "comment": "[Uh, everything looks fine to me](http://i.imgur.com/MwcrmHz.png)", "date": "2016-06-04 02:35:07", "seriesname": "g1050_d3vhv3h", "file": "/media/jbrogan4/scratch2/Reddit_Prov_Dataset_v6/_Vladimir_Putin_falls_on_ice_while_playing_hockey/g1050_d3vhv3h.png", "URL": "http://i.imgur.com/MwcrmHz.png", "fileid": "g1050_d3vhv3h.png"}, {"id": "g1050_d3v7cuq", "comment": "[Watching the Game](http://i.imgur.com/IrPJuMM.jpg)", "date": "2016-06-03 20:43:48", "seriesname": "g1050_d3v7cuq", "file": "/media/jbrogan4/scratch2/Reddit_Prov_Dataset_v6/_Vladimir_Putin_falls_on_ice_while_playing_hockey/g1050_d3v7cuq.jpg", "URL": "http://i.imgur.com/IrPJuMM.jpg", "fileid": "g1050_d3v7cuq.jpg"}, {"id": "g1050_d3vew8i", "comment": "[Learning to dance](http://imgur.com/j6tB5Ua)", "date": "2016-06-04 00:32:18", "seriesname": "g1050_d3vew8i", "file": "/media/jbrogan4/scratch2/Reddit_Prov_Dataset_v6/_Vladimir_Putin_falls_on_ice_while_playing_hockey/g1050_d3vew8i.png", "URL": "http://i.imgur.com/j6tB5Ua.png", "fileid": "g1050_d3vew8i.png"}, {"id": "g1050_d3vpb07", "comment": "Sandy Putin: http://imgur.com/3IA1ovV", "date": "2016-06-04 09:45:27", "seriesname": "g1050_d3vpb07", "file": "/media/jbrogan4/scratch2/Reddit_Prov_Dataset_v6/_Vladimir_Putin_falls_on_ice_while_playing_hockey/g1050_d3vpb07.png", "URL": "http://i.imgur.com/3IA1ovV.png", "fileid": "g1050_d3vpb07.png"}, {"id": "g1050_d3vkth4", "comment": "[First man on the Moon?](http://imgur.com/pC1gPng)", "date": "2016-06-04 05:35:45", "seriesname": "g1050_d3vkth4", "file": "/media/jbrogan4/scratch2/Reddit_Prov_Dataset_v6/_Vladimir_Putin_falls_on_ice_while_playing_hockey/g1050_d3vkth4.png", "URL": "http://i.imgur.com/pC1gPng.png", "fileid": "g1050_d3vkth4.png"}, {"id": "g1050_d3vbshl", "comment": "[Putin joins the Russian Space Program](http://i.imgur.com/16LDoQi.jpg)", "date": "2016-06-03 22:51:05", "seriesname": "g1050_d3vbshl", "file": "/media/jbrogan4/scratch2/Reddit_Prov_Dataset_v6/_Vladimir_Putin_falls_on_ice_while_playing_hockey/g1050_d3vbshl.jpg", "URL": "http://i.imgur.com/16LDoQi.jpg", "fileid": "g1050_d3vbshl.jpg"}, {"id": "g1050_d3visua", "comment": "[The Greatest Of All Time](http://i.imgur.com/Bbf6zI4.jpg)", "date": "2016-06-04 03:25:18", "seriesname": "g1050_d3visua", "file": "/media/jbrogan4/scratch2/Reddit_Prov_Dataset_v6/_Vladimir_Putin_falls_on_ice_while_playing_hockey/g1050_d3visua.jpg", "URL": "http://i.imgur.com/Bbf6zI4.jpg", "fileid": "g1050_d3visua.jpg"}, {"id": "g1050_d3v8fa4", "comment": "[Imgur](http://imgur.com/hSfn5ru)", "date": "2016-06-03 21:14:08", "seriesname": "g1050_d3v8fa4", "file": "/media/jbrogan4/scratch2/Reddit_Prov_Dataset_v6/_Vladimir_Putin_falls_on_ice_while_playing_hockey/g1050_d3v8fa4.png", "URL": "http://i.imgur.com/hSfn5ru.png", "fileid": "g1050_d3v8fa4.png"}, {"id": "g1050_d3veckw", "comment": "[I hope i'm not too late but this was the first thing i thought of](http://imgur.com/c37Laiz)", "date": "2016-06-04 00:13:24", "seriesname": "g1050_d3veckw", "file": "/media/jbrogan4/scratch2/Reddit_Prov_Dataset_v6/_Vladimir_Putin_falls_on_ice_while_playing_hockey/g1050_d3veckw.png", "URL": "http://i.imgur.com/c37Laiz.png", "fileid": "g1050_d3veckw.png"}, {"id": "g1050_d3vcue7", "comment": "[Someone is sad they weren't included](http://i.imgur.com/dyhVOwY.jpg)", "date": "2016-06-03 23:23:16", "seriesname": "g1050_d3vcue7", "file": "/media/jbrogan4/scratch2/Reddit_Prov_Dataset_v6/_Vladimir_Putin_falls_on_ice_while_playing_hockey/g1050_d3vcue7.jpg", "URL": "http://i.imgur.com/dyhVOwY.jpg", "fileid": "g1050_d3vcue7.jpg"}, {"id": "g1050_d3vgm5n", "comment": "I made this in 5 minutes on my phone.\n\n~~http://imgur.com/4Ru9qrT~~\n\nopened up Gimp on my computer and tried to make it look a little less shit\n\nhttps://imgur.com/wvycmQo.png\n", "date": "2016-06-04 01:37:44", "seriesname": "g1050_d3vgm5n", "file": "/media/jbrogan4/scratch2/Reddit_Prov_Dataset_v6/_Vladimir_Putin_falls_on_ice_while_playing_hockey/g1050_d3vgm5n.png", "URL": "https://imgur.com/wvycmQo.png", "fileid": "g1050_d3vgm5n.png"}, {"id": "g1050_d3vg1zr", "comment": "[Clooney to the rescue!](http://i.imgur.com/9r2ZGPp.jpg)", "date": "2016-06-04 01:14:57", "seriesname": "g1050_d3vg1zr", "file": "/media/jbrogan4/scratch2/Reddit_Prov_Dataset_v6/_Vladimir_Putin_falls_on_ice_while_playing_hockey/g1050_d3vg1zr.jpg", "URL": "http://i.imgur.com/9r2ZGPp.jpg", "fileid": "g1050_d3vg1zr.jpg"}, {"id": "g1050_d3vgzmw", "comment": "[He is my friend](http://i.imgur.com/oxanuGN.jpg)", "date": "2016-06-04 01:53:54", "seriesname": "g1050_d3vgzmw", "file": "/media/jbrogan4/scratch2/Reddit_Prov_Dataset_v6/_Vladimir_Putin_falls_on_ice_while_playing_hockey/g1050_d3vgzmw.jpg", "URL": "http://i.imgur.com/oxanuGN.jpg", "fileid": "g1050_d3vgzmw.jpg"}, {"id": "g1050_d3vda0y", "comment": "http://imgur.com/5mSOAyo", "date": "2016-06-03 23:37:06", "seriesname": "g1050_d3vda0y", "file": "/media/jbrogan4/scratch2/Reddit_Prov_Dataset_v6/_Vladimir_Putin_falls_on_ice_while_playing_hockey/g1050_d3vda0y.png", "URL": "http://i.imgur.com/5mSOAyo.png", "fileid": "g1050_d3vda0y.png"}, {"id": "g1050_d3vby20", "comment": "[Putin weighs the Gravity of the situation](http://i.imgur.com/QlwgUPM.jpg)", "date": "2016-06-03 22:55:45", "seriesname": "g1050_d3vby20", "file": "/media/jbrogan4/scratch2/Reddit_Prov_Dataset_v6/_Vladimir_Putin_falls_on_ice_while_playing_hockey/g1050_d3vby20.jpg", "URL": "http://i.imgur.com/QlwgUPM.jpg", "fileid": "g1050_d3vby20.jpg"}, {"id": "g1050_d3vf54c", "comment": "[Timing the faceoff](http://i.imgur.com/7S1uxPM.jpg)", "date": "2016-06-04 00:41:02", "seriesname": "g1050_d3vf54c", "file": "/media/jbrogan4/scratch2/Reddit_Prov_Dataset_v6/_Vladimir_Putin_falls_on_ice_while_playing_hockey/g1050_d3vf54c.jpg", "URL": "http://i.imgur.com/7S1uxPM.jpg", "fileid": "g1050_d3vf54c.jpg"}, {"id": "g1050_d3vgxqq", "comment": "I love this.  Maybe a few too many pixels, though...\n\nhttp://i.imgur.com/8ZFHCE1.png", "date": "2016-06-04 01:51:35", "seriesname": "g1050_d3vgxqq", "file": "/media/jbrogan4/scratch2/Reddit_Prov_Dataset_v6/_Vladimir_Putin_falls_on_ice_while_playing_hockey/g1050_d3vgxqq.png", "URL": "http://i.imgur.com/8ZFHCE1.png", "fileid": "g1050_d3vgxqq.png"}, {"id": "g1050_d3vbgnt", "comment": "[It all falls down](http://i.imgur.com/FnpB8wQ.jpg)", "date": "2016-06-03 22:41:01", "seriesname": "g1050_d3vbgnt", "file": "/media/jbrogan4/scratch2/Reddit_Prov_Dataset_v6/_Vladimir_Putin_falls_on_ice_while_playing_hockey/g1050_d3vbgnt.jpg", "URL": "http://i.imgur.com/FnpB8wQ.jpg", "fileid": "g1050_d3vbgnt.jpg"}, {"id": "g1050_d3vee8o", "comment": "[Fighting a giant squid](https://imgur.com/bSW7I0O)", "date": "2016-06-04 00:15:03", "seriesname": "g1050_d3vee8o", "file": "/media/jbrogan4/scratch2/Reddit_Prov_Dataset_v6/_Vladimir_Putin_falls_on_ice_while_playing_hockey/g1050_d3vee8o.png", "URL": "http://i.imgur.com/bSW7I0O.png", "fileid": "g1050_d3vee8o.png"}, {"id": "g1050_d3vbj4u", "comment": "[Hold on, Mr. President!](http://i.imgur.com/Sjrkmvx.jpg)", "date": "2016-06-03 22:43:07", "seriesname": "g1050_d3vbj4u", "file": "/media/jbrogan4/scratch2/Reddit_Prov_Dataset_v6/_Vladimir_Putin_falls_on_ice_while_playing_hockey/g1050_d3vbj4u.jpg", "URL": "http://i.imgur.com/Sjrkmvx.jpg", "fileid": "g1050_d3vbj4u.jpg"}, {"id": "g1050_d3w14bp", "comment": "[His even better at being a dj](http://i.imgur.com/iRH3jGI.jpg)", "date": "2016-06-04 15:46:43", "seriesname": "g1050_d3w14bp", "file": "/media/jbrogan4/scratch2/Reddit_Prov_Dataset_v6/_Vladimir_Putin_falls_on_ice_while_playing_hockey/g1050_d3w14bp.jpg", "URL": "http://i.imgur.com/iRH3jGI.jpg", "fileid": "g1050_d3w14bp.jpg"}, {"id": "g1050_d3vlv95", "comment": "[Putin' them in their place!](http://imgur.com/S6AaskE)", "date": "2016-06-04 06:47:38", "seriesname": "g1050_d3vlv95", "file": "/media/jbrogan4/scratch2/Reddit_Prov_Dataset_v6/_Vladimir_Putin_falls_on_ice_while_playing_hockey/g1050_d3vlv95.png", "URL": "http://i.imgur.com/S6AaskE.png", "fileid": "g1050_d3vlv95.png"}, {"id": "g1050_d3vts09", "comment": "[you're entering turkish airspace](http://i.imgur.com/OUvB1HM.png)", "date": "2016-06-04 12:12:50", "seriesname": "g1050_d3vts09", "file": "/media/jbrogan4/scratch2/Reddit_Prov_Dataset_v6/_Vladimir_Putin_falls_on_ice_while_playing_hockey/g1050_d3vts09.png", "URL": "http://i.imgur.com/OUvB1HM.png", "fileid": "g1050_d3vts09.png"}, {"id": "g1050_d3vb205", "comment": "[Putin on a show](https://i.imgur.com/b6dlaKr.png)", "date": "2016-06-03 22:29:07", "seriesname": "g1050_d3vb205", "file": "/media/jbrogan4/scratch2/Reddit_Prov_Dataset_v6/_Vladimir_Putin_falls_on_ice_while_playing_hockey/g1050_d3vb205.png", "URL": "https://i.imgur.com/b6dlaKr.png", "fileid": "g1050_d3vb205.png"}, {"id": "g1050_d3vqaj9", "comment": "The death star explosion tossed him away\nhttp://i.imgur.com/SeYLVBT.jpg", "date": "2016-06-04 10:22:27", "seriesname": "g1050_d3vqaj9", "file": "/media/jbrogan4/scratch2/Reddit_Prov_Dataset_v6/_Vladimir_Putin_falls_on_ice_while_playing_hockey/g1050_d3vqaj9.jpg", "URL": "http://i.imgur.com/SeYLVBT.jpg", "fileid": "g1050_d3vqaj9.jpg"}, {"id": "g1050_d3vekk1", "comment": "https://m.imgur.com/bJcygbK\n\nMade using \"Photo Editor\" app on Android. Sorry for the poor skill!!", "date": "2016-06-04 00:21:13", "seriesname": "g1050_d3vekk1", "file": "/media/jbrogan4/scratch2/Reddit_Prov_Dataset_v6/_Vladimir_Putin_falls_on_ice_while_playing_hockey/g1050_d3vekk1.png", "URL": "http://i.imgur.com/bJcygbK.png", "fileid": "g1050_d3vekk1.png"}, {"id": "g1050_d3vhrat", "comment": "[Why don't you go where fashion sits](http://i.imgur.com/ujZSIkZ.jpg)", "date": "2016-06-04 02:29:53", "seriesname": "g1050_d3vhrat", "file": "/media/jbrogan4/scratch2/Reddit_Prov_Dataset_v6/_Vladimir_Putin_falls_on_ice_while_playing_hockey/g1050_d3vhrat.jpg", "URL": "http://i.imgur.com/ujZSIkZ.jpg", "fileid": "g1050_d3vhrat.jpg"}, {"id": "g1050_d3vfjfh", "comment": "[Hold the door!](http://i.imgur.com/eOOgoqJ.jpg?1)", "date": "2016-06-04 00:55:18", "seriesname": "g1050_d3vfjfh", "file": "/media/jbrogan4/scratch2/Reddit_Prov_Dataset_v6/_Vladimir_Putin_falls_on_ice_while_playing_hockey/g1050_d3vfjfh.jpg", "URL": "http://i.imgur.com/eOOgoqJ.jpg?1", "fileid": "g1050_d3vfjfh.jpg"}, {"id": "g1050_d3v7yu4", "comment": "[His skills on the ice are unsurpassed](http://i.imgur.com/sxReyND.jpg)", "date": "2016-06-03 21:01:33", "seriesname": "g1050_d3v7yu4", "file": "/media/jbrogan4/scratch2/Reddit_Prov_Dataset_v6/_Vladimir_Putin_falls_on_ice_while_playing_hockey/g1050_d3v7yu4.jpg", "URL": "http://i.imgur.com/sxReyND.jpg", "fileid": "g1050_d3v7yu4.jpg"}, {"id": "g1050_d3va5fl", "comment": "[Safety first when training](http://i.imgur.com/A3Jkdz4.jpg)", "date": "2016-06-03 22:04:15", "seriesname": "g1050_d3va5fl", "file": "/media/jbrogan4/scratch2/Reddit_Prov_Dataset_v6/_Vladimir_Putin_falls_on_ice_while_playing_hockey/g1050_d3va5fl.jpg", "URL": "http://i.imgur.com/A3Jkdz4.jpg", "fileid": "g1050_d3va5fl.jpg"}, {"id": "g1050_d3vet8v", "comment": "[The coach is not 'Psy'ched] (http://imgur.com/Plp1Yia)", "date": "2016-06-04 00:29:25", "seriesname": "g1050_d3vet8v", "file": "/media/jbrogan4/scratch2/Reddit_Prov_Dataset_v6/_Vladimir_Putin_falls_on_ice_while_playing_hockey/g1050_d3vet8v.png", "URL": "http://i.imgur.com/Plp1Yia.png", "fileid": "g1050_d3vet8v.png"}, {"id": "g1050_d3vjb3l", "comment": "[I had to do it in light of the news today :'\\(](http://i.imgur.com/wXR0dDD.jpg)", "date": "2016-06-04 03:55:46", "seriesname": "g1050_d3vjb3l", "file": "/media/jbrogan4/scratch2/Reddit_Prov_Dataset_v6/_Vladimir_Putin_falls_on_ice_while_playing_hockey/g1050_d3vjb3l.jpg", "URL": "http://i.imgur.com/wXR0dDD.jpg", "fileid": "g1050_d3vjb3l.jpg"}, {"id": "g1050_d3vcntd", "comment": "[Can't believe he was strapped like that]\n(http://imgur.com/Qy0c7Qe)", "date": "2016-06-03 23:17:45", "seriesname": "g1050_d3vcntd", "file": "/media/jbrogan4/scratch2/Reddit_Prov_Dataset_v6/_Vladimir_Putin_falls_on_ice_while_playing_hockey/g1050_d3vcntd.png", "URL": "http://i.imgur.com/Qy0c7Qe.png", "fileid": "g1050_d3vcntd.png"}, {"id": "g1050_d3vdpq1", "comment": "http://i.imgur.com/yzFgn37.png", "date": "2016-06-03 23:51:33", "seriesname": "g1050_d3vdpq1", "file": "/media/jbrogan4/scratch2/Reddit_Prov_Dataset_v6/_Vladimir_Putin_falls_on_ice_while_playing_hockey/g1050_d3vdpq1.png", "URL": "http://i.imgur.com/yzFgn37.png", "fileid": "g1050_d3vdpq1.png"}, {"id": "g1050_d3vaju5", "comment": "http://i.imgur.com/nT1jpGP.jpg\n\nAdd: [another version](http://i.imgur.com/ZH9XIRh.jpg)", "date": "2016-06-03 22:15:10", "seriesname": "g1050_d3vaju5", "file": "/media/jbrogan4/scratch2/Reddit_Prov_Dataset_v6/_Vladimir_Putin_falls_on_ice_while_playing_hockey/g1050_d3vaju5.jpg", "URL": "http://i.imgur.com/ZH9XIRh.jpg", "fileid": "g1050_d3vaju5.jpg"}, {"id": "g1050_d3vekdl", "comment": "[PUUT](http://i.imgur.com/Bv5ePMv.jpg)", "date": "2016-06-04 00:21:03", "seriesname": "g1050_d3vekdl", "file": "/media/jbrogan4/scratch2/Reddit_Prov_Dataset_v6/_Vladimir_Putin_falls_on_ice_while_playing_hockey/g1050_d3vekdl.jpg", "URL": "http://i.imgur.com/Bv5ePMv.jpg", "fileid": "g1050_d3vekdl.jpg"}, {"id": "g1050_d3vc3e0", "comment": "[He has a very unique set of skills](http://imgur.com/tErhozN)", "date": "2016-06-03 23:00:15", "seriesname": "g1050_d3vc3e0", "file": "/media/jbrogan4/scratch2/Reddit_Prov_Dataset_v6/_Vladimir_Putin_falls_on_ice_while_playing_hockey/g1050_d3vc3e0.png", "URL": "http://i.imgur.com/tErhozN.png", "fileid": "g1050_d3vc3e0.png"}, {"id": "g1050_root", "comment": "", "date": "2016-06-03 18:43:03", "seriesname": "g1050_root", "file": "/media/jbrogan4/scratch2/Reddit_Prov_Dataset_v6/_Vladimir_Putin_falls_on_ice_while_playing_hockey/g1050_root.jpg", "URL": "http://i.imgur.com/sv0UFz4.jpg", "fileid": "g1050_root.jpg"}], "graph": {"name": "g1050_root"}, "directed": true}