{"links": [{"op": "none", "target": 0, "source": 56}, {"op": "none", "target": 1, "source": 61}, {"op": "none", "target": 2, "source": 61}, {"op": "none", "target": 3, "source": 48}, {"op": "none", "target": 4, "source": 61}, {"op": "none", "target": 5, "source": 61}, {"op": "none", "target": 6, "source": 48}, {"op": "none", "target": 7, "source": 31}, {"op": "none", "target": 8, "source": 21}, {"op": "none", "target": 9, "source": 50}, {"op": "none", "target": 10, "source": 61}, {"op": "none", "target": 11, "source": 0}, {"op": "none", "target": 12, "source": 47}, {"op": "none", "target": 13, "source": 61}, {"op": "none", "target": 14, "source": 61}, {"op": "none", "target": 15, "source": 61}, {"op": "none", "target": 16, "source": 61}, {"op": "none", "target": 17, "source": 61}, {"op": "none", "target": 18, "source": 61}, {"op": "none", "target": 19, "source": 61}, {"op": "none", "target": 20, "source": 61}, {"op": "none", "target": 21, "source": 61}, {"op": "none", "target": 22, "source": 61}, {"op": "none", "target": 23, "source": 61}, {"op": "none", "target": 24, "source": 61}, {"op": "none", "target": 25, "source": 61}, {"op": "none", "target": 26, "source": 61}, {"op": "none", "target": 27, "source": 61}, {"op": "none", "target": 28, "source": 31}, {"op": "none", "target": 29, "source": 61}, {"op": "none", "target": 30, "source": 61}, {"op": "none", "target": 31, "source": 61}, {"op": "none", "target": 32, "source": 61}, {"op": "none", "target": 33, "source": 61}, {"op": "none", "target": 34, "source": 61}, {"op": "none", "target": 35, "source": 61}, {"op": "none", "target": 36, "source": 61}, {"op": "none", "target": 37, "source": 0}, {"op": "none", "target": 38, "source": 61}, {"op": "none", "target": 39, "source": 61}, {"op": "none", "target": 40, "source": 61}, {"op": "none", "target": 41, "source": 61}, {"op": "none", "target": 42, "source": 54}, {"op": "none", "target": 43, "source": 61}, {"op": "none", "target": 44, "source": 61}, {"op": "none", "target": 45, "source": 61}, {"op": "none", "target": 46, "source": 61}, {"op": "none", "target": 47, "source": 21}, {"op": "none", "target": 48, "source": 61}, {"op": "none", "target": 49, "source": 46}, {"op": "none", "target": 50, "source": 61}, {"op": "none", "target": 51, "source": 61}, {"op": "none", "target": 52, "source": 61}, {"op": "none", "target": 53, "source": 61}, {"op": "none", "target": 54, "source": 44}, {"op": "none", "target": 55, "source": 32}, {"op": "none", "target": 56, "source": 3}, {"op": "none", "target": 57, "source": 61}, {"op": "none", "target": 58, "source": 61}, {"op": "none", "target": 59, "source": 61}, {"op": "none", "target": 60, "source": 31}, {"op": "none", "target": 62, "source": 61}, {"op": "none", "target": 63, "source": 61}], "title": "Finally,_I_found_a_sub_that_photoshops_battles_Can_someone_photoshop_a_battle_onto_this_epic_landscape?", "nodes": [{"id": "g1061_cpxq8gs", "comment": "Request - Someone shop that cutout of Pratt's face onto [every image on the album.](http://imgur.com/a/SjcgE)", "date": "2015-04-01 08:18:24", "seriesname": "g1061_cpxq8gs", "file": "/media/jbrogan4/scratch2/Reddit_Prov_Dataset_v6/Finally,_I_found_a_sub_that_photoshops_battles_Can_someone_photoshop_a_battle_onto_this_epic_landscape?/g1061_cpxq8gs.png", "URL": "http://i.imgur.com/SjcgE.png", "fileid": "g1061_cpxq8gs.png"}, {"id": "g1061_cpxuess", "comment": "[Command, Charlie the Chimp is riding Boskov](http://i.imgur.com/FCj5HPU.png?1)", "date": "2015-04-01 10:53:48", "seriesname": "g1061_cpxuess", "file": "/media/jbrogan4/scratch2/Reddit_Prov_Dataset_v6/Finally,_I_found_a_sub_that_photoshops_battles_Can_someone_photoshop_a_battle_onto_this_epic_landscape?/g1061_cpxuess.png", "URL": "http://i.imgur.com/FCj5HPU.png?1", "fileid": "g1061_cpxuess.png"}, {"id": "g1061_cpxstas", "comment": "Not my work but this has been my desktop since[ college.](http://imgur.com/Ji5lH5N)\n", "date": "2015-04-01 10:02:41", "seriesname": "g1061_cpxstas", "file": "/media/jbrogan4/scratch2/Reddit_Prov_Dataset_v6/Finally,_I_found_a_sub_that_photoshops_battles_Can_someone_photoshop_a_battle_onto_this_epic_landscape?/g1061_cpxstas.png", "URL": "http://i.imgur.com/Ji5lH5N.png", "fileid": "g1061_cpxstas.png"}, {"id": "g1061_cpxoths", "comment": "http://i.imgur.com/VbB20JQ.jpg", "date": "2015-04-01 06:51:34", "seriesname": "g1061_cpxoths", "file": "/media/jbrogan4/scratch2/Reddit_Prov_Dataset_v6/Finally,_I_found_a_sub_that_photoshops_battles_Can_someone_photoshop_a_battle_onto_this_epic_landscape?/g1061_cpxoths.jpg", "URL": "http://i.imgur.com/VbB20JQ.jpg", "fileid": "g1061_cpxoths.jpg"}, {"id": "g1061_cpxpctd", "comment": "[Batlee](http://i.imgur.com/pHLdc2O.jpg)", "date": "2015-04-01 07:28:07", "seriesname": "g1061_cpxpctd", "file": "/media/jbrogan4/scratch2/Reddit_Prov_Dataset_v6/Finally,_I_found_a_sub_that_photoshops_battles_Can_someone_photoshop_a_battle_onto_this_epic_landscape?/g1061_cpxpctd.jpg", "URL": "http://i.imgur.com/pHLdc2O.jpg", "fileid": "g1061_cpxpctd.jpg"}, {"id": "g1061_cpxqqcc", "comment": "http://imgur.com/u8chrL7", "date": "2015-04-01 08:42:12", "seriesname": "g1061_cpxqqcc", "file": "/media/jbrogan4/scratch2/Reddit_Prov_Dataset_v6/Finally,_I_found_a_sub_that_photoshops_battles_Can_someone_photoshop_a_battle_onto_this_epic_landscape?/g1061_cpxqqcc.png", "URL": "http://i.imgur.com/u8chrL7.png", "fileid": "g1061_cpxqqcc.png"}, {"id": "g1061_cpxqu35", "comment": "[IT WAS THE MOST BRUTAL THING IVE EVER SEEN! IT WAS PURE  CARNAGE!](http://i.imgur.com/l9if6fR.jpg)", "date": "2015-04-01 08:46:50", "seriesname": "g1061_cpxqu35", "file": "/media/jbrogan4/scratch2/Reddit_Prov_Dataset_v6/Finally,_I_found_a_sub_that_photoshops_battles_Can_someone_photoshop_a_battle_onto_this_epic_landscape?/g1061_cpxqu35.jpg", "URL": "http://i.imgur.com/l9if6fR.jpg", "fileid": "g1061_cpxqu35.jpg"}, {"id": "g1061_cpxpso0", "comment": "Take 2\n[Epic Nostalgia battle](http://i.imgur.com/XznrCfp.jpg)", "date": "2015-04-01 07:54:41", "seriesname": "g1061_cpxpso0", "file": "/media/jbrogan4/scratch2/Reddit_Prov_Dataset_v6/Finally,_I_found_a_sub_that_photoshops_battles_Can_someone_photoshop_a_battle_onto_this_epic_landscape?/g1061_cpxpso0.jpg", "URL": "http://i.imgur.com/XznrCfp.jpg", "fileid": "g1061_cpxpso0.jpg"}, {"id": "g1061_cpxql0p", "comment": "[Sure.](http://i.imgur.com/3cdj4Qm.jpg)", "date": "2015-04-01 08:35:16", "seriesname": "g1061_cpxql0p", "file": "/media/jbrogan4/scratch2/Reddit_Prov_Dataset_v6/Finally,_I_found_a_sub_that_photoshops_battles_Can_someone_photoshop_a_battle_onto_this_epic_landscape?/g1061_cpxql0p.jpg", "URL": "http://i.imgur.com/3cdj4Qm.jpg", "fileid": "g1061_cpxql0p.jpg"}, {"id": "g1061_cpxqdc4", "comment": "[there's no need to be upset](http://i.imgur.com/HpJmahM.gif)", "date": "2015-04-01 08:25:03", "seriesname": "g1061_cpxqdc4", "file": "/media/jbrogan4/scratch2/Reddit_Prov_Dataset_v6/Finally,_I_found_a_sub_that_photoshops_battles_Can_someone_photoshop_a_battle_onto_this_epic_landscape?/g1061_cpxqdc4.jpg", "URL": "http://i.imgur.com/HpJmahM.gif", "fileid": "g1061_cpxqdc4.gif"}, {"id": "g1061_cpxuqzl", "comment": "http://i.imgur.com/dj2aRq6.jpg", "date": "2015-04-01 11:03:53", "seriesname": "g1061_cpxuqzl", "file": "/media/jbrogan4/scratch2/Reddit_Prov_Dataset_v6/Finally,_I_found_a_sub_that_photoshops_battles_Can_someone_photoshop_a_battle_onto_this_epic_landscape?/g1061_cpxuqzl.jpg", "URL": "http://i.imgur.com/dj2aRq6.jpg", "fileid": "g1061_cpxuqzl.jpg"}, {"id": "g1061_cpxrf9x", "comment": "[4 in the 4th pic.](http://i.imgur.com/0EKdMVG.jpg)", "date": "2015-04-01 09:12:03", "seriesname": "g1061_cpxrf9x", "file": "/media/jbrogan4/scratch2/Reddit_Prov_Dataset_v6/Finally,_I_found_a_sub_that_photoshops_battles_Can_someone_photoshop_a_battle_onto_this_epic_landscape?/g1061_cpxrf9x.jpg", "URL": "http://i.imgur.com/0EKdMVG.jpg", "fileid": "g1061_cpxrf9x.jpg"}, {"id": "g1061_cpxu0cf", "comment": "Also [relevant](http://imgur.com/sinN5xf) (I did not make this).", "date": "2015-04-01 10:41:35", "seriesname": "g1061_cpxu0cf", "file": "/media/jbrogan4/scratch2/Reddit_Prov_Dataset_v6/Finally,_I_found_a_sub_that_photoshops_battles_Can_someone_photoshop_a_battle_onto_this_epic_landscape?/g1061_cpxu0cf.png", "URL": "http://i.imgur.com/sinN5xf.png", "fileid": "g1061_cpxu0cf.png"}, {"id": "g1061_cpxpgw1", "comment": "[Rock of the marne](http://i.imgur.com/BGoIc1o.jpg).", "date": "2015-04-01 07:35:02", "seriesname": "g1061_cpxpgw1", "file": "/media/jbrogan4/scratch2/Reddit_Prov_Dataset_v6/Finally,_I_found_a_sub_that_photoshops_battles_Can_someone_photoshop_a_battle_onto_this_epic_landscape?/g1061_cpxpgw1.jpg", "URL": "http://i.imgur.com/BGoIc1o.jpg).", "fileid": "g1061_cpxpgw1."}, {"id": "g1061_cpxnnej", "comment": "[epic battle](http://i.imgur.com/xdHgKQa.jpg)", "date": "2015-04-01 05:15:58", "seriesname": "g1061_cpxnnej", "file": "/media/jbrogan4/scratch2/Reddit_Prov_Dataset_v6/Finally,_I_found_a_sub_that_photoshops_battles_Can_someone_photoshop_a_battle_onto_this_epic_landscape?/g1061_cpxnnej.jpg", "URL": "http://i.imgur.com/xdHgKQa.jpg", "fileid": "g1061_cpxnnej.jpg"}, {"id": "g1061_cpxrlsx", "comment": "[The joys of Windows](http://i.imgur.com/HqlXUU8.jpg)", "date": "2015-04-01 09:19:13", "seriesname": "g1061_cpxrlsx", "file": "/media/jbrogan4/scratch2/Reddit_Prov_Dataset_v6/Finally,_I_found_a_sub_that_photoshops_battles_Can_someone_photoshop_a_battle_onto_this_epic_landscape?/g1061_cpxrlsx.jpg", "URL": "http://i.imgur.com/HqlXUU8.jpg", "fileid": "g1061_cpxrlsx.jpg"}, {"id": "g1061_cpxykgs", "comment": "[Thereafter](http://i.imgur.com/FU8dAWC.jpg)", "date": "2015-04-01 12:57:35", "seriesname": "g1061_cpxykgs", "file": "/media/jbrogan4/scratch2/Reddit_Prov_Dataset_v6/Finally,_I_found_a_sub_that_photoshops_battles_Can_someone_photoshop_a_battle_onto_this_epic_landscape?/g1061_cpxykgs.jpg", "URL": "http://i.imgur.com/FU8dAWC.jpg", "fileid": "g1061_cpxykgs.jpg"}, {"id": "g1061_cpxpyu6", "comment": "A battle http://i.imgur.com/K7z4Zfa.jpg", "date": "2015-04-01 08:04:12", "seriesname": "g1061_cpxpyu6", "file": "/media/jbrogan4/scratch2/Reddit_Prov_Dataset_v6/Finally,_I_found_a_sub_that_photoshops_battles_Can_someone_photoshop_a_battle_onto_this_epic_landscape?/g1061_cpxpyu6.jpg", "URL": "http://i.imgur.com/K7z4Zfa.jpg", "fileid": "g1061_cpxpyu6.jpg"}, {"id": "g1061_cpxtrfk", "comment": "Epic corgi battle http://i.imgur.com/RONvDNl.jpg", "date": "2015-04-01 10:33:42", "seriesname": "g1061_cpxtrfk", "file": "/media/jbrogan4/scratch2/Reddit_Prov_Dataset_v6/Finally,_I_found_a_sub_that_photoshops_battles_Can_someone_photoshop_a_battle_onto_this_epic_landscape?/g1061_cpxtrfk.jpg", "URL": "http://i.imgur.com/RONvDNl.jpg", "fileid": "g1061_cpxtrfk.jpg"}, {"id": "g1061_cpxrd4z", "comment": "[Windows of Might and Magic III](http://i.imgur.com/KyS4ur0.jpg)", "date": "2015-04-01 09:09:37", "seriesname": "g1061_cpxrd4z", "file": "/media/jbrogan4/scratch2/Reddit_Prov_Dataset_v6/Finally,_I_found_a_sub_that_photoshops_battles_Can_someone_photoshop_a_battle_onto_this_epic_landscape?/g1061_cpxrd4z.jpg", "URL": "http://i.imgur.com/KyS4ur0.jpg", "fileid": "g1061_cpxrd4z.jpg"}, {"id": "g1061_cpxnjrw", "comment": "[Half-ass flashback](http://i.imgur.com/w5qkhSs.jpg)", "date": "2015-04-01 05:07:14", "seriesname": "g1061_cpxnjrw", "file": "/media/jbrogan4/scratch2/Reddit_Prov_Dataset_v6/Finally,_I_found_a_sub_that_photoshops_battles_Can_someone_photoshop_a_battle_onto_this_epic_landscape?/g1061_cpxnjrw.jpg", "URL": "http://i.imgur.com/w5qkhSs.jpg", "fileid": "g1061_cpxnjrw.jpg"}, {"id": "g1061_cpxorro", "comment": "[attack on XP](http://i.imgur.com/DoB0fte.jpg?1)", "date": "2015-04-01 06:48:05", "seriesname": "g1061_cpxorro", "file": "/media/jbrogan4/scratch2/Reddit_Prov_Dataset_v6/Finally,_I_found_a_sub_that_photoshops_battles_Can_someone_photoshop_a_battle_onto_this_epic_landscape?/g1061_cpxorro.jpg", "URL": "http://i.imgur.com/DoB0fte.jpg?1", "fileid": "g1061_cpxorro.jpg"}, {"id": "g1061_cpxqkby", "comment": "[Done.](http://i.imgur.com/aEXlax8.jpg)", "date": "2015-04-01 08:34:20", "seriesname": "g1061_cpxqkby", "file": "/media/jbrogan4/scratch2/Reddit_Prov_Dataset_v6/Finally,_I_found_a_sub_that_photoshops_battles_Can_someone_photoshop_a_battle_onto_this_epic_landscape?/g1061_cpxqkby.jpg", "URL": "http://i.imgur.com/aEXlax8.jpg", "fileid": "g1061_cpxqkby.jpg"}, {"id": "g1061_cpxthyk", "comment": "[Gandhi has completed the Manhattan Project!](http://i.imgur.com/EVJD1qt.jpg)", "date": "2015-04-01 10:25:12", "seriesname": "g1061_cpxthyk", "file": "/media/jbrogan4/scratch2/Reddit_Prov_Dataset_v6/Finally,_I_found_a_sub_that_photoshops_battles_Can_someone_photoshop_a_battle_onto_this_epic_landscape?/g1061_cpxthyk.jpg", "URL": "http://i.imgur.com/EVJD1qt.jpg", "fileid": "g1061_cpxthyk.jpg"}, {"id": "g1061_cpxrgtf", "comment": "Romania: http://i.imgur.com/tIVo3lG.jpg\n\n(not my work)", "date": "2015-04-01 09:13:51", "seriesname": "g1061_cpxrgtf", "file": "/media/jbrogan4/scratch2/Reddit_Prov_Dataset_v6/Finally,_I_found_a_sub_that_photoshops_battles_Can_someone_photoshop_a_battle_onto_this_epic_landscape?/g1061_cpxrgtf.jpg", "URL": "http://i.imgur.com/tIVo3lG.jpg", "fileid": "g1061_cpxrgtf.jpg"}, {"id": "g1061_cpxs3yh", "comment": "[XP tries to protect the Bill Gates statue from the rampaging Vista hordes](http://i.imgur.com/ePvnYr9.png)", "date": "2015-04-01 09:38:04", "seriesname": "g1061_cpxs3yh", "file": "/media/jbrogan4/scratch2/Reddit_Prov_Dataset_v6/Finally,_I_found_a_sub_that_photoshops_battles_Can_someone_photoshop_a_battle_onto_this_epic_landscape?/g1061_cpxs3yh.png", "URL": "http://i.imgur.com/ePvnYr9.png", "fileid": "g1061_cpxs3yh.png"}, {"id": "g1061_cpxpjs1", "comment": "[Wololo](http://i.imgur.com/RpBbVgB.jpg)", "date": "2015-04-01 07:40:03", "seriesname": "g1061_cpxpjs1", "file": "/media/jbrogan4/scratch2/Reddit_Prov_Dataset_v6/Finally,_I_found_a_sub_that_photoshops_battles_Can_someone_photoshop_a_battle_onto_this_epic_landscape?/g1061_cpxpjs1.jpg", "URL": "http://i.imgur.com/RpBbVgB.jpg", "fileid": "g1061_cpxpjs1.jpg"}, {"id": "g1061_cq9m1j8", "comment": "[Fuck. Looks like this is getting buried...](http://imgur.com/bHmye3h)", "date": "2015-04-12 03:26:10", "seriesname": "g1061_cq9m1j8", "file": "/media/jbrogan4/scratch2/Reddit_Prov_Dataset_v6/Finally,_I_found_a_sub_that_photoshops_battles_Can_someone_photoshop_a_battle_onto_this_epic_landscape?/g1061_cq9m1j8.png", "URL": "http://i.imgur.com/bHmye3h.png", "fileid": "g1061_cq9m1j8.png"}, {"id": "g1061_cpxptlx", "comment": "[Don't mind me, just riding on the top comment.](http://i.imgur.com/TgBPiP9.jpg)", "date": "2015-04-01 07:56:12", "seriesname": "g1061_cpxptlx", "file": "/media/jbrogan4/scratch2/Reddit_Prov_Dataset_v6/Finally,_I_found_a_sub_that_photoshops_battles_Can_someone_photoshop_a_battle_onto_this_epic_landscape?/g1061_cpxptlx.jpg", "URL": "http://i.imgur.com/TgBPiP9.jpg", "fileid": "g1061_cpxptlx.jpg"}, {"id": "g1061_cpxrnsw", "comment": "CHUCK NORRIS ANTIETAM BATTLE\nhttp://i.imgur.com/6KOTgqz.jpg", "date": "2015-04-01 09:21:21", "seriesname": "g1061_cpxrnsw", "file": "/media/jbrogan4/scratch2/Reddit_Prov_Dataset_v6/Finally,_I_found_a_sub_that_photoshops_battles_Can_someone_photoshop_a_battle_onto_this_epic_landscape?/g1061_cpxrnsw.jpg", "URL": "http://i.imgur.com/6KOTgqz.jpg", "fileid": "g1061_cpxrnsw.jpg"}, {"id": "g1061_cpxurg6", "comment": "[Ninjas vs. Snipers](http://i.imgur.com/TesVBvE.jpg)", "date": "2015-04-01 11:04:15", "seriesname": "g1061_cpxurg6", "file": "/media/jbrogan4/scratch2/Reddit_Prov_Dataset_v6/Finally,_I_found_a_sub_that_photoshops_battles_Can_someone_photoshop_a_battle_onto_this_epic_landscape?/g1061_cpxurg6.jpg", "URL": "http://i.imgur.com/TesVBvE.jpg", "fileid": "g1061_cpxurg6.jpg"}, {"id": "g1061_cpxo3fx", "comment": "[Epic battle](http://i.imgur.com/MK6k8fC.jpg)", "date": "2015-04-01 05:53:53", "seriesname": "g1061_cpxo3fx", "file": "/media/jbrogan4/scratch2/Reddit_Prov_Dataset_v6/Finally,_I_found_a_sub_that_photoshops_battles_Can_someone_photoshop_a_battle_onto_this_epic_landscape?/g1061_cpxo3fx.jpg", "URL": "http://i.imgur.com/MK6k8fC.jpg", "fileid": "g1061_cpxo3fx.jpg"}, {"id": "g1061_cpxoisp", "comment": "Teletubbies http://i.imgur.com/3cdj4Qm.jpg", "date": "2015-04-01 06:28:58", "seriesname": "g1061_cpxoisp", "file": "/media/jbrogan4/scratch2/Reddit_Prov_Dataset_v6/Finally,_I_found_a_sub_that_photoshops_battles_Can_someone_photoshop_a_battle_onto_this_epic_landscape?/g1061_cpxoisp.jpg", "URL": "http://i.imgur.com/3cdj4Qm.jpg", "fileid": "g1061_cpxoisp.jpg"}, {"id": "g1061_cpy2gje", "comment": "[We're doomed](http://i.imgur.com/PoreeVU.jpg)\n\nAnd the progress gif: http://i.imgur.com/XZvL9ae.gif", "date": "2015-04-01 14:42:36", "seriesname": "g1061_cpy2gje", "file": "/media/jbrogan4/scratch2/Reddit_Prov_Dataset_v6/Finally,_I_found_a_sub_that_photoshops_battles_Can_someone_photoshop_a_battle_onto_this_epic_landscape?/g1061_cpy2gje.jpg", "URL": "http://i.imgur.com/XZvL9ae.gif", "fileid": "g1061_cpy2gje.gif"}, {"id": "g1061_cpxs52z", "comment": "[So i photoshopped Battle into the landscape.](http://imgur.com/zvrczUw)", "date": "2015-04-01 09:39:11", "seriesname": "g1061_cpxs52z", "file": "/media/jbrogan4/scratch2/Reddit_Prov_Dataset_v6/Finally,_I_found_a_sub_that_photoshops_battles_Can_someone_photoshop_a_battle_onto_this_epic_landscape?/g1061_cpxs52z.png", "URL": "http://i.imgur.com/zvrczUw.png", "fileid": "g1061_cpxs52z.png"}, {"id": "g1061_cpxwh5x", "comment": "[Desktop Battle?](http://i.imgur.com/OUOg82l.png)", "date": "2015-04-01 11:53:45", "seriesname": "g1061_cpxwh5x", "file": "/media/jbrogan4/scratch2/Reddit_Prov_Dataset_v6/Finally,_I_found_a_sub_that_photoshops_battles_Can_someone_photoshop_a_battle_onto_this_epic_landscape?/g1061_cpxwh5x.png", "URL": "http://i.imgur.com/OUOg82l.png", "fileid": "g1061_cpxwh5x.png"}, {"id": "g1061_cpxsb3u", "comment": "Man this was hard to do [all by myself.](http://imgur.com/EDbiS3o) ", "date": "2015-04-01 09:45:12", "seriesname": "g1061_cpxsb3u", "file": "/media/jbrogan4/scratch2/Reddit_Prov_Dataset_v6/Finally,_I_found_a_sub_that_photoshops_battles_Can_someone_photoshop_a_battle_onto_this_epic_landscape?/g1061_cpxsb3u.png", "URL": "http://i.imgur.com/EDbiS3o.png", "fileid": "g1061_cpxsb3u.png"}, {"id": "g1061_cpxuwaf", "comment": "[Here you go](http://imgur.com/a/cBK83)\n\n[cutout](http://imgur.com/VQxHxQo)\n\nedit. Love that people get so much out of my 10 minute shop :)", "date": "2015-04-01 11:08:14", "seriesname": "g1061_cpxuwaf", "file": "/media/jbrogan4/scratch2/Reddit_Prov_Dataset_v6/Finally,_I_found_a_sub_that_photoshops_battles_Can_someone_photoshop_a_battle_onto_this_epic_landscape?/g1061_cpxuwaf.png", "URL": "http://i.imgur.com/VQxHxQo.png", "fileid": "g1061_cpxuwaf.png"}, {"id": "g1061_cpxo3b8", "comment": "[That's the wrong number](http://i.imgur.com/w5LorBU.jpg)", "date": "2015-04-01 05:53:36", "seriesname": "g1061_cpxo3b8", "file": "/media/jbrogan4/scratch2/Reddit_Prov_Dataset_v6/Finally,_I_found_a_sub_that_photoshops_battles_Can_someone_photoshop_a_battle_onto_this_epic_landscape?/g1061_cpxo3b8.jpg", "URL": "http://i.imgur.com/w5LorBU.jpg", "fileid": "g1061_cpxo3b8.jpg"}, {"id": "g1061_cpxtgt7", "comment": "Lucas beat you to it: http://imgur.com/DJyMLla", "date": "2015-04-01 10:24:12", "seriesname": "g1061_cpxtgt7", "file": "/media/jbrogan4/scratch2/Reddit_Prov_Dataset_v6/Finally,_I_found_a_sub_that_photoshops_battles_Can_someone_photoshop_a_battle_onto_this_epic_landscape?/g1061_cpxtgt7.png", "URL": "http://i.imgur.com/DJyMLla.png", "fileid": "g1061_cpxtgt7.png"}, {"id": "g1061_cpxsdjf", "comment": "It feels like you're actually on Hoth: http://i.imgur.com/sbcqPK0.jpg", "date": "2015-04-01 09:47:31", "seriesname": "g1061_cpxsdjf", "file": "/media/jbrogan4/scratch2/Reddit_Prov_Dataset_v6/Finally,_I_found_a_sub_that_photoshops_battles_Can_someone_photoshop_a_battle_onto_this_epic_landscape?/g1061_cpxsdjf.jpg", "URL": "http://i.imgur.com/sbcqPK0.jpg", "fileid": "g1061_cpxsdjf.jpg"}, {"id": "g1061_cpxta77", "comment": "[Ozymandias](http://i.imgur.com/xAuM2hU.jpg)", "date": "2015-04-01 10:18:17", "seriesname": "g1061_cpxta77", "file": "/media/jbrogan4/scratch2/Reddit_Prov_Dataset_v6/Finally,_I_found_a_sub_that_photoshops_battles_Can_someone_photoshop_a_battle_onto_this_epic_landscape?/g1061_cpxta77.jpg", "URL": "http://i.imgur.com/xAuM2hU.jpg", "fileid": "g1061_cpxta77.jpg"}, {"id": "g1061_cpy5apm", "comment": "[sigh](http://i.imgur.com/r3ItOrk.gif)", "date": "2015-04-01 16:01:44", "seriesname": "g1061_cpy5apm", "file": "/media/jbrogan4/scratch2/Reddit_Prov_Dataset_v6/Finally,_I_found_a_sub_that_photoshops_battles_Can_someone_photoshop_a_battle_onto_this_epic_landscape?/g1061_cpy5apm.jpg", "URL": "http://i.imgur.com/r3ItOrk.gif", "fileid": "g1061_cpy5apm.gif"}, {"id": "g1061_cpxn7j0", "comment": "[Found the Original Photo](http://i.imgur.com/3I9ekgM.jpg)", "date": "2015-04-01 04:39:01", "seriesname": "g1061_cpxn7j0", "file": "/media/jbrogan4/scratch2/Reddit_Prov_Dataset_v6/Finally,_I_found_a_sub_that_photoshops_battles_Can_someone_photoshop_a_battle_onto_this_epic_landscape?/g1061_cpxn7j0.jpg", "URL": "http://i.imgur.com/3I9ekgM.jpg", "fileid": "g1061_cpxn7j0.jpg"}, {"id": "g1061_cpxrb7a", "comment": "[\"How come every time we Chinese build a wall, Mongolains gotta come knock it down?\"](http://i.imgur.com/BDaGWYl.png)", "date": "2015-04-01 09:07:24", "seriesname": "g1061_cpxrb7a", "file": "/media/jbrogan4/scratch2/Reddit_Prov_Dataset_v6/Finally,_I_found_a_sub_that_photoshops_battles_Can_someone_photoshop_a_battle_onto_this_epic_landscape?/g1061_cpxrb7a.png", "URL": "http://i.imgur.com/BDaGWYl.png", "fileid": "g1061_cpxrb7a.png"}, {"id": "g1061_cpxrc4g", "comment": "[The Reddit Classic](http://i.imgur.com/Xu5vhqd.jpg)\n\nEdit: [V2](http://i.imgur.com/OrJOvjI.jpg)", "date": "2015-04-01 09:08:29", "seriesname": "g1061_cpxrc4g", "file": "/media/jbrogan4/scratch2/Reddit_Prov_Dataset_v6/Finally,_I_found_a_sub_that_photoshops_battles_Can_someone_photoshop_a_battle_onto_this_epic_landscape?/g1061_cpxrc4g.jpg", "URL": "http://i.imgur.com/OrJOvjI.jpg", "fileid": "g1061_cpxrc4g.jpg"}, {"id": "g1061_cpxsywv", "comment": "[Mordor XP](http://i.imgur.com/XOHMi82.jpg)... not exactly a battle...\nEdit: [improved](http://i.imgur.com/2MS94zU.jpg)\n\nEdit: Thanks for the gold!!", "date": "2015-04-01 10:07:57", "seriesname": "g1061_cpxsywv", "file": "/media/jbrogan4/scratch2/Reddit_Prov_Dataset_v6/Finally,_I_found_a_sub_that_photoshops_battles_Can_someone_photoshop_a_battle_onto_this_epic_landscape?/g1061_cpxsywv.jpg", "URL": "http://i.imgur.com/2MS94zU.jpg", "fileid": "g1061_cpxsywv.jpg"}, {"id": "g1061_cpxqu3b", "comment": "[Relevant(?)](http://imgur.com/PGBT8iB)", "date": "2015-04-01 08:46:50", "seriesname": "g1061_cpxqu3b", "file": "/media/jbrogan4/scratch2/Reddit_Prov_Dataset_v6/Finally,_I_found_a_sub_that_photoshops_battles_Can_someone_photoshop_a_battle_onto_this_epic_landscape?/g1061_cpxqu3b.png", "URL": "http://i.imgur.com/PGBT8iB.png", "fileid": "g1061_cpxqu3b.png"}, {"id": "g1061_cpxn6r8", "comment": "[Tonight, we dine at Taco Bell](http://imgur.com/snViToD)", "date": "2015-04-01 04:37:20", "seriesname": "g1061_cpxn6r8", "file": "/media/jbrogan4/scratch2/Reddit_Prov_Dataset_v6/Finally,_I_found_a_sub_that_photoshops_battles_Can_someone_photoshop_a_battle_onto_this_epic_landscape?/g1061_cpxn6r8.png", "URL": "http://i.imgur.com/snViToD.png", "fileid": "g1061_cpxn6r8.png"}, {"id": "g1061_cpxv4ia", "comment": "[and here is your battle.... ](http://i.imgur.com/uC359AX.jpg)", "date": "2015-04-01 11:15:02", "seriesname": "g1061_cpxv4ia", "file": "/media/jbrogan4/scratch2/Reddit_Prov_Dataset_v6/Finally,_I_found_a_sub_that_photoshops_battles_Can_someone_photoshop_a_battle_onto_this_epic_landscape?/g1061_cpxv4ia.jpg", "URL": "http://i.imgur.com/uC359AX.jpg", "fileid": "g1061_cpxv4ia.jpg"}, {"id": "g1061_cpxnpcr", "comment": "Time for OP to mow the lawn\nhttp://i.imgur.com/oV5HFeB.jpg", "date": "2015-04-01 05:20:44", "seriesname": "g1061_cpxnpcr", "file": "/media/jbrogan4/scratch2/Reddit_Prov_Dataset_v6/Finally,_I_found_a_sub_that_photoshops_battles_Can_someone_photoshop_a_battle_onto_this_epic_landscape?/g1061_cpxnpcr.jpg", "URL": "http://i.imgur.com/oV5HFeB.jpg", "fileid": "g1061_cpxnpcr.jpg"}, {"id": "g1061_cpxn3of", "comment": "[here you go good sir] (http://upload.wikimedia.org/wikipedia/commons/1/11/Battle_of_Bosworth_Field_diorama.jpg)", "date": "2015-04-01 04:30:42", "seriesname": "g1061_cpxn3of", "file": "/media/jbrogan4/scratch2/Reddit_Prov_Dataset_v6/Finally,_I_found_a_sub_that_photoshops_battles_Can_someone_photoshop_a_battle_onto_this_epic_landscape?/g1061_cpxn3of.jpg", "URL": "http://upload.wikimedia.org/wikipedia/commons/1/11/Battle_of_Bosworth_Field_diorama.jpg", "fileid": "g1061_cpxn3of.jpg"}, {"id": "g1061_cpxu339", "comment": "the greatest battle ever seen, tis but a scratch\n\nhttp://imgur.com/mBAUh2a", "date": "2015-04-01 10:43:54", "seriesname": "g1061_cpxu339", "file": "/media/jbrogan4/scratch2/Reddit_Prov_Dataset_v6/Finally,_I_found_a_sub_that_photoshops_battles_Can_someone_photoshop_a_battle_onto_this_epic_landscape?/g1061_cpxu339.png", "URL": "http://i.imgur.com/mBAUh2a.png", "fileid": "g1061_cpxu339.png"}, {"id": "g1061_cpxu12h", "comment": "[It doesn't get more epic](http://i.imgur.com/6G1MeWN.jpg)", "date": "2015-04-01 10:42:12", "seriesname": "g1061_cpxu12h", "file": "/media/jbrogan4/scratch2/Reddit_Prov_Dataset_v6/Finally,_I_found_a_sub_that_photoshops_battles_Can_someone_photoshop_a_battle_onto_this_epic_landscape?/g1061_cpxu12h.jpg", "URL": "http://i.imgur.com/6G1MeWN.jpg", "fileid": "g1061_cpxu12h.jpg"}, {"id": "g1061_cpy45fw", "comment": "[Full size just for you!](http://i.imgur.com/rU78tS4.jpg)", "date": "2015-04-01 15:29:32", "seriesname": "g1061_cpy45fw", "file": "/media/jbrogan4/scratch2/Reddit_Prov_Dataset_v6/Finally,_I_found_a_sub_that_photoshops_battles_Can_someone_photoshop_a_battle_onto_this_epic_landscape?/g1061_cpy45fw.jpg", "URL": "http://i.imgur.com/rU78tS4.jpg", "fileid": "g1061_cpy45fw.jpg"}, {"id": "g1061_cpxrbko", "comment": "Hahaha, here she is now: http://i.imgur.com/l9UshK4.jpg\n", "date": "2015-04-01 09:07:51", "seriesname": "g1061_cpxrbko", "file": "/media/jbrogan4/scratch2/Reddit_Prov_Dataset_v6/Finally,_I_found_a_sub_that_photoshops_battles_Can_someone_photoshop_a_battle_onto_this_epic_landscape?/g1061_cpxrbko.jpg", "URL": "http://i.imgur.com/l9UshK4.jpg", "fileid": "g1061_cpxrbko.jpg"}, {"id": "g1061_cpxpnhs", "comment": "http://i.imgur.com/Qq1Pmbq.jpg", "date": "2015-04-01 07:46:21", "seriesname": "g1061_cpxpnhs", "file": "/media/jbrogan4/scratch2/Reddit_Prov_Dataset_v6/Finally,_I_found_a_sub_that_photoshops_battles_Can_someone_photoshop_a_battle_onto_this_epic_landscape?/g1061_cpxpnhs.jpg", "URL": "http://i.imgur.com/Qq1Pmbq.jpg", "fileid": "g1061_cpxpnhs.jpg"}, {"id": "g1061_cpxs0y0", "comment": "[The final battle.](http://imgur.com/vJMnwwO)", "date": "2015-04-01 09:35:01", "seriesname": "g1061_cpxs0y0", "file": "/media/jbrogan4/scratch2/Reddit_Prov_Dataset_v6/Finally,_I_found_a_sub_that_photoshops_battles_Can_someone_photoshop_a_battle_onto_this_epic_landscape?/g1061_cpxs0y0.png", "URL": "http://i.imgur.com/vJMnwwO.png", "fileid": "g1061_cpxs0y0.png"}, {"id": "g1061_cpy3co5", "comment": "[We fight. That is how we win, and that is how we die.](http://i.imgur.com/T3NzZsL.jpg)", "date": "2015-04-01 15:07:11", "seriesname": "g1061_cpy3co5", "file": "/media/jbrogan4/scratch2/Reddit_Prov_Dataset_v6/Finally,_I_found_a_sub_that_photoshops_battles_Can_someone_photoshop_a_battle_onto_this_epic_landscape?/g1061_cpy3co5.jpg", "URL": "http://i.imgur.com/T3NzZsL.jpg", "fileid": "g1061_cpy3co5.jpg"}, {"id": "g1061_cpy8oqt", "comment": "[It was a firefight!](http://i.imgur.com/FNn4nUn.jpg)", "date": "2015-04-01 17:38:44", "seriesname": "g1061_cpy8oqt", "file": "/media/jbrogan4/scratch2/Reddit_Prov_Dataset_v6/Finally,_I_found_a_sub_that_photoshops_battles_Can_someone_photoshop_a_battle_onto_this_epic_landscape?/g1061_cpy8oqt.jpg", "URL": "http://i.imgur.com/FNn4nUn.jpg", "fileid": "g1061_cpy8oqt.jpg"}, {"id": "g1061_cpxptn5", "comment": "http://i.imgur.com/U4doDVb.jpg", "date": "2015-04-01 07:56:14", "seriesname": "g1061_cpxptn5", "file": "/media/jbrogan4/scratch2/Reddit_Prov_Dataset_v6/Finally,_I_found_a_sub_that_photoshops_battles_Can_someone_photoshop_a_battle_onto_this_epic_landscape?/g1061_cpxptn5.jpg", "URL": "http://i.imgur.com/U4doDVb.jpg", "fileid": "g1061_cpxptn5.jpg"}, {"id": "g1061_root", "comment": "", "date": "2015-04-01 04:20:11", "seriesname": "g1061_root", "file": "/media/jbrogan4/scratch2/Reddit_Prov_Dataset_v6/Finally,_I_found_a_sub_that_photoshops_battles_Can_someone_photoshop_a_battle_onto_this_epic_landscape?/g1061_root.jpg", "URL": "http://i.imgur.com/TesVBvE.jpg", "fileid": "g1061_root.jpg"}, {"id": "g1061_cpxtvfe", "comment": "[Waka waka waka](http://i.imgur.com/7zTHah1.gif)", "date": "2015-04-01 10:37:12", "seriesname": "g1061_cpxtvfe", "file": "/media/jbrogan4/scratch2/Reddit_Prov_Dataset_v6/Finally,_I_found_a_sub_that_photoshops_battles_Can_someone_photoshop_a_battle_onto_this_epic_landscape?/g1061_cpxtvfe.jpg", "URL": "http://i.imgur.com/7zTHah1.gif", "fileid": "g1061_cpxtvfe.gif"}, {"id": "g1061_cpxseoh", "comment": "[The Battle of Abukir](http://i.imgur.com/N0dEGUX.jpg)", "date": "2015-04-01 09:48:41", "seriesname": "g1061_cpxseoh", "file": "/media/jbrogan4/scratch2/Reddit_Prov_Dataset_v6/Finally,_I_found_a_sub_that_photoshops_battles_Can_someone_photoshop_a_battle_onto_this_epic_landscape?/g1061_cpxseoh.jpg", "URL": "http://i.imgur.com/N0dEGUX.jpg", "fileid": "g1061_cpxseoh.jpg"}], "graph": {"name": "g1061_root"}, "directed": true}