{"links": [{"op": "none", "target": 0, "source": 72}, {"op": "none", "target": 1, "source": 72}, {"op": "none", "target": 2, "source": 72}, {"op": "none", "target": 3, "source": 72}, {"op": "none", "target": 4, "source": 72}, {"op": "none", "target": 5, "source": 72}, {"op": "none", "target": 6, "source": 72}, {"op": "none", "target": 7, "source": 72}, {"op": "none", "target": 8, "source": 72}, {"op": "none", "target": 9, "source": 72}, {"op": "none", "target": 10, "source": 72}, {"op": "none", "target": 11, "source": 72}, {"op": "none", "target": 12, "source": 72}, {"op": "none", "target": 13, "source": 72}, {"op": "none", "target": 14, "source": 72}, {"op": "none", "target": 15, "source": 72}, {"op": "none", "target": 16, "source": 72}, {"op": "none", "target": 17, "source": 72}, {"op": "none", "target": 18, "source": 72}, {"op": "none", "target": 19, "source": 72}, {"op": "none", "target": 20, "source": 72}, {"op": "none", "target": 21, "source": 72}, {"op": "none", "target": 22, "source": 72}, {"op": "none", "target": 23, "source": 72}, {"op": "none", "target": 24, "source": 72}, {"op": "none", "target": 25, "source": 72}, {"op": "none", "target": 26, "source": 72}, {"op": "none", "target": 27, "source": 72}, {"op": "none", "target": 28, "source": 38}, {"op": "none", "target": 29, "source": 72}, {"op": "none", "target": 30, "source": 72}, {"op": "none", "target": 31, "source": 72}, {"op": "none", "target": 32, "source": 72}, {"op": "none", "target": 33, "source": 72}, {"op": "none", "target": 34, "source": 72}, {"op": "none", "target": 35, "source": 72}, {"op": "none", "target": 36, "source": 72}, {"op": "none", "target": 37, "source": 72}, {"op": "none", "target": 38, "source": 72}, {"op": "none", "target": 39, "source": 9}, {"op": "none", "target": 40, "source": 72}, {"op": "none", "target": 41, "source": 72}, {"op": "none", "target": 42, "source": 72}, {"op": "none", "target": 43, "source": 39}, {"op": "none", "target": 44, "source": 72}, {"op": "none", "target": 45, "source": 72}, {"op": "none", "target": 46, "source": 72}, {"op": "none", "target": 47, "source": 29}, {"op": "none", "target": 48, "source": 72}, {"op": "none", "target": 49, "source": 72}, {"op": "none", "target": 50, "source": 72}, {"op": "none", "target": 51, "source": 72}, {"op": "none", "target": 52, "source": 72}, {"op": "none", "target": 53, "source": 72}, {"op": "none", "target": 54, "source": 72}, {"op": "none", "target": 55, "source": 72}, {"op": "none", "target": 56, "source": 72}, {"op": "none", "target": 57, "source": 72}, {"op": "none", "target": 58, "source": 72}, {"op": "none", "target": 59, "source": 72}, {"op": "none", "target": 60, "source": 72}, {"op": "none", "target": 61, "source": 72}, {"op": "none", "target": 62, "source": 72}, {"op": "none", "target": 63, "source": 72}, {"op": "none", "target": 64, "source": 74}, {"op": "none", "target": 65, "source": 72}, {"op": "none", "target": 66, "source": 72}, {"op": "none", "target": 67, "source": 72}, {"op": "none", "target": 68, "source": 15}, {"op": "none", "target": 69, "source": 72}, {"op": "none", "target": 70, "source": 72}, {"op": "none", "target": 71, "source": 72}, {"op": "none", "target": 73, "source": 72}, {"op": "none", "target": 74, "source": 72}], "title": "_Radical_hate_teacher,_Anjem_Choudary", "nodes": [{"id": "g1066_cnijh3h", "comment": "[Perhaps you refer to the imminent attack of your rebel fleet? Yes, I assure you, we are quite safe from your friends here.](http://i.imgur.com/91sOhdw.png)\n\n\n", "date": "2015-01-08 12:38:19", "seriesname": "g1066_cnijh3h", "file": "/media/jbrogan4/scratch2/Reddit_Prov_Dataset_v6/_Radical_hate_teacher,_Anjem_Choudary/g1066_cnijh3h.png", "URL": "http://i.imgur.com/91sOhdw.png", "fileid": "g1066_cnijh3h.png"}, {"id": "g1066_cnik8zx", "comment": "[Beyonchoudary wants this removed](http://imgur.com/fkxU7NP)", "date": "2015-01-08 12:59:04", "seriesname": "g1066_cnik8zx", "file": "/media/jbrogan4/scratch2/Reddit_Prov_Dataset_v6/_Radical_hate_teacher,_Anjem_Choudary/g1066_cnik8zx.png", "URL": "http://i.imgur.com/fkxU7NP.png", "fileid": "g1066_cnik8zx.png"}, {"id": "g1066_cniw1da", "comment": "[There's a NEW trucker conquering the Dalton highway this season on...](http://i.imgur.com/DQ6AAPS.jpg)", "date": "2015-01-08 18:21:34", "seriesname": "g1066_cniw1da", "file": "/media/jbrogan4/scratch2/Reddit_Prov_Dataset_v6/_Radical_hate_teacher,_Anjem_Choudary/g1066_cniw1da.jpg", "URL": "http://i.imgur.com/DQ6AAPS.jpg", "fileid": "g1066_cniw1da.jpg"}, {"id": "g1066_cnign64", "comment": "http://imgur.com/on81Pf0\nWith a penis nose for extra flavor.", "date": "2015-01-08 11:19:18", "seriesname": "g1066_cnign64", "file": "/media/jbrogan4/scratch2/Reddit_Prov_Dataset_v6/_Radical_hate_teacher,_Anjem_Choudary/g1066_cnign64.png", "URL": "http://i.imgur.com/on81Pf0.png", "fileid": "g1066_cnign64.png"}, {"id": "g1066_cniiijr", "comment": "http://i.imgur.com/2PSMI1U.jpg here", "date": "2015-01-08 12:12:16", "seriesname": "g1066_cniiijr", "file": "/media/jbrogan4/scratch2/Reddit_Prov_Dataset_v6/_Radical_hate_teacher,_Anjem_Choudary/g1066_cniiijr.jpg", "URL": "http://i.imgur.com/2PSMI1U.jpg", "fileid": "g1066_cniiijr.jpg"}, {"id": "g1066_cnimd5d", "comment": "[Hagrid...](http://imgur.com/QNeJKNo)", "date": "2015-01-08 13:55:59", "seriesname": "g1066_cnimd5d", "file": "/media/jbrogan4/scratch2/Reddit_Prov_Dataset_v6/_Radical_hate_teacher,_Anjem_Choudary/g1066_cnimd5d.png", "URL": "http://i.imgur.com/QNeJKNo.png", "fileid": "g1066_cnimd5d.png"}, {"id": "g1066_cnikgzr", "comment": "http://i.imgur.com/4vbPSG2.jpg", "date": "2015-01-08 13:05:18", "seriesname": "g1066_cnikgzr", "file": "/media/jbrogan4/scratch2/Reddit_Prov_Dataset_v6/_Radical_hate_teacher,_Anjem_Choudary/g1066_cnikgzr.jpg", "URL": "http://i.imgur.com/4vbPSG2.jpg", "fileid": "g1066_cnikgzr.jpg"}, {"id": "g1066_cnij2uk", "comment": "[The Windmill](http://i.imgur.com/qSehWsp.jpg)", "date": "2015-01-08 12:27:45", "seriesname": "g1066_cnij2uk", "file": "/media/jbrogan4/scratch2/Reddit_Prov_Dataset_v6/_Radical_hate_teacher,_Anjem_Choudary/g1066_cnij2uk.jpg", "URL": "http://i.imgur.com/qSehWsp.jpg", "fileid": "g1066_cnij2uk.jpg"}, {"id": "g1066_cnile3f", "comment": "[I feel like this facial hairstyle suits him a little better.](http://i.imgur.com/6lWIs5Q.jpg)", "date": "2015-01-08 13:29:58", "seriesname": "g1066_cnile3f", "file": "/media/jbrogan4/scratch2/Reddit_Prov_Dataset_v6/_Radical_hate_teacher,_Anjem_Choudary/g1066_cnile3f.jpg", "URL": "http://i.imgur.com/6lWIs5Q.jpg", "fileid": "g1066_cnile3f.jpg"}, {"id": "g1066_cnif6af", "comment": "[Shut the fuck up.](http://i.imgur.com/bJdwOYl.jpg)", "date": "2015-01-08 10:34:23", "seriesname": "g1066_cnif6af", "file": "/media/jbrogan4/scratch2/Reddit_Prov_Dataset_v6/_Radical_hate_teacher,_Anjem_Choudary/g1066_cnif6af.jpg", "URL": "http://i.imgur.com/bJdwOYl.jpg", "fileid": "g1066_cnif6af.jpg"}, {"id": "g1066_cnifo4u", "comment": "http://i.imgur.com/yovmHIN.jpg", "date": "2015-01-08 10:50:07", "seriesname": "g1066_cnifo4u", "file": "/media/jbrogan4/scratch2/Reddit_Prov_Dataset_v6/_Radical_hate_teacher,_Anjem_Choudary/g1066_cnifo4u.jpg", "URL": "http://i.imgur.com/yovmHIN.jpg", "fileid": "g1066_cnifo4u.jpg"}, {"id": "g1066_cnik7ne", "comment": "[dawwwww](http://i.imgur.com/Emu7ovY.jpg)", "date": "2015-01-08 12:58:04", "seriesname": "g1066_cnik7ne", "file": "/media/jbrogan4/scratch2/Reddit_Prov_Dataset_v6/_Radical_hate_teacher,_Anjem_Choudary/g1066_cnik7ne.jpg", "URL": "http://i.imgur.com/Emu7ovY.jpg", "fileid": "g1066_cnik7ne.jpg"}, {"id": "g1066_cnige0x", "comment": "[He's just joking around](http://i.imgur.com/KFF2pku.jpg)", "date": "2015-01-08 11:11:55", "seriesname": "g1066_cnige0x", "file": "/media/jbrogan4/scratch2/Reddit_Prov_Dataset_v6/_Radical_hate_teacher,_Anjem_Choudary/g1066_cnige0x.jpg", "URL": "http://i.imgur.com/KFF2pku.jpg", "fileid": "g1066_cnige0x.jpg"}, {"id": "g1066_cnihe9m", "comment": "[Just For Men](http://imgur.com/3a9gIS1)", "date": "2015-01-08 11:41:07", "seriesname": "g1066_cnihe9m", "file": "/media/jbrogan4/scratch2/Reddit_Prov_Dataset_v6/_Radical_hate_teacher,_Anjem_Choudary/g1066_cnihe9m.png", "URL": "http://i.imgur.com/3a9gIS1.png", "fileid": "g1066_cnihe9m.png"}, {"id": "g1066_cnift1t", "comment": "[Cunt](http://i.imgur.com/XbvHzkB.jpg)", "date": "2015-01-08 10:54:22", "seriesname": "g1066_cnift1t", "file": "/media/jbrogan4/scratch2/Reddit_Prov_Dataset_v6/_Radical_hate_teacher,_Anjem_Choudary/g1066_cnift1t.jpg", "URL": "http://i.imgur.com/XbvHzkB.jpg", "fileid": "g1066_cnift1t.jpg"}, {"id": "g1066_cnifmry", "comment": "http://i.imgur.com/ov1yzZV.jpg", "date": "2015-01-08 10:48:57", "seriesname": "g1066_cnifmry", "file": "/media/jbrogan4/scratch2/Reddit_Prov_Dataset_v6/_Radical_hate_teacher,_Anjem_Choudary/g1066_cnifmry.jpg", "URL": "http://i.imgur.com/ov1yzZV.jpg", "fileid": "g1066_cnifmry.jpg"}, {"id": "g1066_cnijh1j", "comment": "[*..senpai pls notice me*](http://i.imgur.com/jis6c2D.jpg) ", "date": "2015-01-08 12:38:17", "seriesname": "g1066_cnijh1j", "file": "/media/jbrogan4/scratch2/Reddit_Prov_Dataset_v6/_Radical_hate_teacher,_Anjem_Choudary/g1066_cnijh1j.jpg", "URL": "http://i.imgur.com/jis6c2D.jpg", "fileid": "g1066_cnijh1j.jpg"}, {"id": "g1066_cniiubu", "comment": "Sexy and he knows it: http://i.imgur.com/aNBLc5L.jpg", "date": "2015-01-08 12:21:22", "seriesname": "g1066_cniiubu", "file": "/media/jbrogan4/scratch2/Reddit_Prov_Dataset_v6/_Radical_hate_teacher,_Anjem_Choudary/g1066_cniiubu.jpg", "URL": "http://i.imgur.com/aNBLc5L.jpg", "fileid": "g1066_cniiubu.jpg"}, {"id": "g1066_cnihxfz", "comment": "[So pretty!](http://i.imgur.com/WjZWquB.jpg)", "date": "2015-01-08 11:55:55", "seriesname": "g1066_cnihxfz", "file": "/media/jbrogan4/scratch2/Reddit_Prov_Dataset_v6/_Radical_hate_teacher,_Anjem_Choudary/g1066_cnihxfz.jpg", "URL": "http://i.imgur.com/WjZWquB.jpg", "fileid": "g1066_cnihxfz.jpg"}, {"id": "g1066_cnivgoj", "comment": "[apparently he attended Burning Man](http://imgur.com/dvVww90)", "date": "2015-01-08 18:03:46", "seriesname": "g1066_cnivgoj", "file": "/media/jbrogan4/scratch2/Reddit_Prov_Dataset_v6/_Radical_hate_teacher,_Anjem_Choudary/g1066_cnivgoj.png", "URL": "http://i.imgur.com/dvVww90.png", "fileid": "g1066_cnivgoj.png"}, {"id": "g1066_cnij182", "comment": "[nsfw](http://i.imgur.com/GJY9mqZ.jpg)", "date": "2015-01-08 12:26:32", "seriesname": "g1066_cnij182", "file": "/media/jbrogan4/scratch2/Reddit_Prov_Dataset_v6/_Radical_hate_teacher,_Anjem_Choudary/g1066_cnij182.jpg", "URL": "http://i.imgur.com/GJY9mqZ.jpg", "fileid": "g1066_cnij182.jpg"}, {"id": "g1066_cniger0", "comment": "People like this have small brains, no vision, over sensitive ears and big giant mouths that never shut the fuck up.\n[Imgur](http://i.imgur.com/ypyMx8c.jpg)", "date": "2015-01-08 11:12:32", "seriesname": "g1066_cniger0", "file": "/media/jbrogan4/scratch2/Reddit_Prov_Dataset_v6/_Radical_hate_teacher,_Anjem_Choudary/g1066_cniger0.jpg", "URL": "http://i.imgur.com/ypyMx8c.jpg", "fileid": "g1066_cniger0.jpg"}, {"id": "g1066_cnij9kc", "comment": "Looks like someone is making new friends! \n\nhttp://i.imgur.com/xEgsa49.jpg (NSFW)", "date": "2015-01-08 12:32:42", "seriesname": "g1066_cnij9kc", "file": "/media/jbrogan4/scratch2/Reddit_Prov_Dataset_v6/_Radical_hate_teacher,_Anjem_Choudary/g1066_cnij9kc.jpg", "URL": "http://i.imgur.com/xEgsa49.jpg", "fileid": "g1066_cnij9kc.jpg"}, {"id": "g1066_cnimlhr", "comment": "[Party at the Casbar](http://i.imgur.com/ZB6ZEGr.jpg)", "date": "2015-01-08 14:02:10", "seriesname": "g1066_cnimlhr", "file": "/media/jbrogan4/scratch2/Reddit_Prov_Dataset_v6/_Radical_hate_teacher,_Anjem_Choudary/g1066_cnimlhr.jpg", "URL": "http://i.imgur.com/ZB6ZEGr.jpg", "fileid": "g1066_cnimlhr.jpg"}, {"id": "g1066_cnih6pc", "comment": "[Reminiscing over the good old days.](http://imgur.com/Treh0sH)\n\nEdit: Thought bubbles by request", "date": "2015-01-08 11:34:59", "seriesname": "g1066_cnih6pc", "file": "/media/jbrogan4/scratch2/Reddit_Prov_Dataset_v6/_Radical_hate_teacher,_Anjem_Choudary/g1066_cnih6pc.png", "URL": "http://i.imgur.com/Treh0sH.png", "fileid": "g1066_cnih6pc.png"}, {"id": "g1066_cnihhi7", "comment": "[A little dirty.](http://i.imgur.com/iVAaNy1.jpg)\n\nEDIT: NSFW!!!", "date": "2015-01-08 11:43:40", "seriesname": "g1066_cnihhi7", "file": "/media/jbrogan4/scratch2/Reddit_Prov_Dataset_v6/_Radical_hate_teacher,_Anjem_Choudary/g1066_cnihhi7.jpg", "URL": "http://i.imgur.com/iVAaNy1.jpg", "fileid": "g1066_cnihhi7.jpg"}, {"id": "g1066_cnihoc1", "comment": " [Not to make things worse, but i could not *not* think of this..](http://i.imgur.com/A5P5lme.jpg)", "date": "2015-01-08 11:48:50", "seriesname": "g1066_cnihoc1", "file": "/media/jbrogan4/scratch2/Reddit_Prov_Dataset_v6/_Radical_hate_teacher,_Anjem_Choudary/g1066_cnihoc1.jpg", "URL": "http://i.imgur.com/A5P5lme.jpg", "fileid": "g1066_cnihoc1.jpg"}, {"id": "g1066_cniiucd", "comment": "http://imgur.com/KDgPigA", "date": "2015-01-08 12:21:23", "seriesname": "g1066_cniiucd", "file": "/media/jbrogan4/scratch2/Reddit_Prov_Dataset_v6/_Radical_hate_teacher,_Anjem_Choudary/g1066_cniiucd.png", "URL": "http://i.imgur.com/KDgPigA.png", "fileid": "g1066_cniiucd.png"}, {"id": "g1066_cnigz74", "comment": "[unfortunately](http://i.imgur.com/WJKIJyE.jpg)", "date": "2015-01-08 11:29:03", "seriesname": "g1066_cnigz74", "file": "/media/jbrogan4/scratch2/Reddit_Prov_Dataset_v6/_Radical_hate_teacher,_Anjem_Choudary/g1066_cnigz74.jpg", "URL": "http://i.imgur.com/WJKIJyE.jpg", "fileid": "g1066_cnigz74.jpg"}, {"id": "g1066_cnigz98", "comment": "http://i.imgur.com/Vpx3EKS.png", "date": "2015-01-08 11:29:06", "seriesname": "g1066_cnigz98", "file": "/media/jbrogan4/scratch2/Reddit_Prov_Dataset_v6/_Radical_hate_teacher,_Anjem_Choudary/g1066_cnigz98.png", "URL": "http://i.imgur.com/Vpx3EKS.png", "fileid": "g1066_cnigz98.png"}, {"id": "g1066_cniji9o", "comment": "[Hipster version?](http://i.imgur.com/kNu1lHF.jpg)\n\nKind of a sloppy job, feel free to add to it :\\", "date": "2015-01-08 12:39:16", "seriesname": "g1066_cniji9o", "file": "/media/jbrogan4/scratch2/Reddit_Prov_Dataset_v6/_Radical_hate_teacher,_Anjem_Choudary/g1066_cniji9o.jpg", "URL": "http://i.imgur.com/kNu1lHF.jpg", "fileid": "g1066_cniji9o.jpg"}, {"id": "g1066_cnijkgl", "comment": "[As frum as he wants to be...](http://i.imgur.com/hTb1Sep.jpg)", "date": "2015-01-08 12:40:54", "seriesname": "g1066_cnijkgl", "file": "/media/jbrogan4/scratch2/Reddit_Prov_Dataset_v6/_Radical_hate_teacher,_Anjem_Choudary/g1066_cnijkgl.jpg", "URL": "http://i.imgur.com/hTb1Sep.jpg", "fileid": "g1066_cnijkgl.jpg"}, {"id": "g1066_cnimxjg", "comment": "[Get over it.](http://i.imgur.com/iGLBy3Y.jpg)", "date": "2015-01-08 14:11:24", "seriesname": "g1066_cnimxjg", "file": "/media/jbrogan4/scratch2/Reddit_Prov_Dataset_v6/_Radical_hate_teacher,_Anjem_Choudary/g1066_cnimxjg.jpg", "URL": "http://i.imgur.com/iGLBy3Y.jpg", "fileid": "g1066_cnimxjg.jpg"}, {"id": "g1066_cnixntm", "comment": "[Anjem Choudary reading the paper](http://i.imgur.com/f5veP0p.jpg)", "date": "2015-01-08 19:10:48", "seriesname": "g1066_cnixntm", "file": "/media/jbrogan4/scratch2/Reddit_Prov_Dataset_v6/_Radical_hate_teacher,_Anjem_Choudary/g1066_cnixntm.jpg", "URL": "http://i.imgur.com/f5veP0p.jpg", "fileid": "g1066_cnixntm.jpg"}, {"id": "g1066_cnihiqh", "comment": "[Extreme Makeover Idiot Edition](http://i.imgur.com/pLYcJKt.jpg)", "date": "2015-01-08 11:44:36", "seriesname": "g1066_cnihiqh", "file": "/media/jbrogan4/scratch2/Reddit_Prov_Dataset_v6/_Radical_hate_teacher,_Anjem_Choudary/g1066_cnihiqh.jpg", "URL": "http://i.imgur.com/pLYcJKt.jpg", "fileid": "g1066_cnihiqh.jpg"}, {"id": "g1066_cnin98n", "comment": "[Anjem Choudary.](http://i.imgur.com/w9DO2Oi.jpg) [NSFW] Lets make this the default image on google. ", "date": "2015-01-08 14:20:12", "seriesname": "g1066_cnin98n", "file": "/media/jbrogan4/scratch2/Reddit_Prov_Dataset_v6/_Radical_hate_teacher,_Anjem_Choudary/g1066_cnin98n.jpg", "URL": "http://i.imgur.com/w9DO2Oi.jpg", "fileid": "g1066_cnin98n.jpg"}, {"id": "g1066_cnijxq7", "comment": "[Rise of the planet of Jihadi Apes](http://imgur.com/eDLwfIM)", "date": "2015-01-08 12:50:47", "seriesname": "g1066_cnijxq7", "file": "/media/jbrogan4/scratch2/Reddit_Prov_Dataset_v6/_Radical_hate_teacher,_Anjem_Choudary/g1066_cnijxq7.png", "URL": "http://i.imgur.com/eDLwfIM.png", "fileid": "g1066_cnijxq7.png"}, {"id": "g1066_cnijtmr", "comment": "[Strange beard pattern.](http://imgur.com/F8B1Sps)", "date": "2015-01-08 12:47:46", "seriesname": "g1066_cnijtmr", "file": "/media/jbrogan4/scratch2/Reddit_Prov_Dataset_v6/_Radical_hate_teacher,_Anjem_Choudary/g1066_cnijtmr.png", "URL": "http://i.imgur.com/F8B1Sps.png", "fileid": "g1066_cnijtmr.png"}, {"id": "g1066_cnifqok", "comment": "[It happens to everyone.](http://i.imgur.com/JMu2TAP.png)", "date": "2015-01-08 10:52:20", "seriesname": "g1066_cnifqok", "file": "/media/jbrogan4/scratch2/Reddit_Prov_Dataset_v6/_Radical_hate_teacher,_Anjem_Choudary/g1066_cnifqok.png", "URL": "http://i.imgur.com/JMu2TAP.png", "fileid": "g1066_cnifqok.png"}, {"id": "g1066_cnifk13", "comment": "[Seriously though. Shut the fuck up.](http://i.imgur.com/P00lh4Z.jpg)", "date": "2015-01-08 10:46:34", "seriesname": "g1066_cnifk13", "file": "/media/jbrogan4/scratch2/Reddit_Prov_Dataset_v6/_Radical_hate_teacher,_Anjem_Choudary/g1066_cnifk13.jpg", "URL": "http://i.imgur.com/P00lh4Z.jpg", "fileid": "g1066_cnifk13.jpg"}, {"id": "g1066_cnifpvl", "comment": "[Perhaps he's angry because the shaving isn't going too well?](http://i.imgur.com/viakFyQ.jpg)", "date": "2015-01-08 10:51:39", "seriesname": "g1066_cnifpvl", "file": "/media/jbrogan4/scratch2/Reddit_Prov_Dataset_v6/_Radical_hate_teacher,_Anjem_Choudary/g1066_cnifpvl.jpg", "URL": "http://i.imgur.com/viakFyQ.jpg", "fileid": "g1066_cnifpvl.jpg"}, {"id": "g1066_cnijpmt", "comment": "[He's really changed for the better, recently.  Everything irie now.](http://i.imgur.com/9R5tk8E.jpg)", "date": "2015-01-08 12:44:45", "seriesname": "g1066_cnijpmt", "file": "/media/jbrogan4/scratch2/Reddit_Prov_Dataset_v6/_Radical_hate_teacher,_Anjem_Choudary/g1066_cnijpmt.jpg", "URL": "http://i.imgur.com/9R5tk8E.jpg", "fileid": "g1066_cnijpmt.jpg"}, {"id": "g1066_cnihras", "comment": "http://imgur.com/g4fWOu3", "date": "2015-01-08 11:51:12", "seriesname": "g1066_cnihras", "file": "/media/jbrogan4/scratch2/Reddit_Prov_Dataset_v6/_Radical_hate_teacher,_Anjem_Choudary/g1066_cnihras.png", "URL": "http://i.imgur.com/g4fWOu3.png", "fileid": "g1066_cnihras.png"}, {"id": "g1066_cnifwbj", "comment": "[Anjem pls](http://i.imgur.com/MS2gkRK.jpg)", "date": "2015-01-08 10:57:11", "seriesname": "g1066_cnifwbj", "file": "/media/jbrogan4/scratch2/Reddit_Prov_Dataset_v6/_Radical_hate_teacher,_Anjem_Choudary/g1066_cnifwbj.jpg", "URL": "http://i.imgur.com/MS2gkRK.jpg", "fileid": "g1066_cnifwbj.jpg"}, {"id": "g1066_cnim4re", "comment": "[\"fun times with my friends! lol!\"](http://imgur.com/isIGprd)", "date": "2015-01-08 13:49:37", "seriesname": "g1066_cnim4re", "file": "/media/jbrogan4/scratch2/Reddit_Prov_Dataset_v6/_Radical_hate_teacher,_Anjem_Choudary/g1066_cnim4re.png", "URL": "http://i.imgur.com/isIGprd.png", "fileid": "g1066_cnim4re.png"}, {"id": "g1066_cnijdvp", "comment": "[Glorious leader is everywhere](http://i.imgur.com/Yt4K9Tf.png)", "date": "2015-01-08 12:35:55", "seriesname": "g1066_cnijdvp", "file": "/media/jbrogan4/scratch2/Reddit_Prov_Dataset_v6/_Radical_hate_teacher,_Anjem_Choudary/g1066_cnijdvp.png", "URL": "http://i.imgur.com/Yt4K9Tf.png", "fileid": "g1066_cnijdvp.png"}, {"id": "g1066_cnihc7b", "comment": "[Imgur](http://i.imgur.com/GoAuWn4.jpg)\n\nfirst post ever.  Sorry if I do this wrong.", "date": "2015-01-08 11:39:26", "seriesname": "g1066_cnihc7b", "file": "/media/jbrogan4/scratch2/Reddit_Prov_Dataset_v6/_Radical_hate_teacher,_Anjem_Choudary/g1066_cnihc7b.jpg", "URL": "http://i.imgur.com/GoAuWn4.jpg", "fileid": "g1066_cnihc7b.jpg"}, {"id": "g1066_cnilakc", "comment": "[My skills are not good enough to make your dream wholly true](http://i.imgur.com/yN9Q8dL.jpg), but have an appetizer.", "date": "2015-01-08 13:27:23", "seriesname": "g1066_cnilakc", "file": "/media/jbrogan4/scratch2/Reddit_Prov_Dataset_v6/_Radical_hate_teacher,_Anjem_Choudary/g1066_cnilakc.jpg", "URL": "http://i.imgur.com/yN9Q8dL.jpg),", "fileid": "g1066_cnilakc.jpg,"}, {"id": "g1066_cnihumt", "comment": "[Obligatory](https://imgur.com/KFSO2yG)", "date": "2015-01-08 11:53:45", "seriesname": "g1066_cnihumt", "file": "/media/jbrogan4/scratch2/Reddit_Prov_Dataset_v6/_Radical_hate_teacher,_Anjem_Choudary/g1066_cnihumt.png", "URL": "http://i.imgur.com/KFSO2yG.png", "fileid": "g1066_cnihumt.png"}, {"id": "g1066_cninyti", "comment": "[RESPECT MY AUTHORITA](http://i.imgur.com/xmSHrtF.jpg)", "date": "2015-01-08 14:39:16", "seriesname": "g1066_cninyti", "file": "/media/jbrogan4/scratch2/Reddit_Prov_Dataset_v6/_Radical_hate_teacher,_Anjem_Choudary/g1066_cninyti.jpg", "URL": "http://i.imgur.com/xmSHrtF.jpg", "fileid": "g1066_cninyti.jpg"}, {"id": "g1066_cnioz8r", "comment": "[NSFW, who's the real turd on the image of mohammed?](http://i.imgur.com/Hg6eGOJ.gif)", "date": "2015-01-08 15:06:22", "seriesname": "g1066_cnioz8r", "file": "/media/jbrogan4/scratch2/Reddit_Prov_Dataset_v6/_Radical_hate_teacher,_Anjem_Choudary/g1066_cnioz8r.jpg", "URL": "http://i.imgur.com/Hg6eGOJ.gif", "fileid": "g1066_cnioz8r.gif"}, {"id": "g1066_cniich7", "comment": "http://imgur.com/X5FnAOy", "date": "2015-01-08 12:07:36", "seriesname": "g1066_cniich7", "file": "/media/jbrogan4/scratch2/Reddit_Prov_Dataset_v6/_Radical_hate_teacher,_Anjem_Choudary/g1066_cniich7.png", "URL": "http://i.imgur.com/X5FnAOy.png", "fileid": "g1066_cniich7.png"}, {"id": "g1066_cnifzgl", "comment": "[NSFW](http://i.imgur.com/8NCtOm6.jpg)", "date": "2015-01-08 10:59:49", "seriesname": "g1066_cnifzgl", "file": "/media/jbrogan4/scratch2/Reddit_Prov_Dataset_v6/_Radical_hate_teacher,_Anjem_Choudary/g1066_cnifzgl.jpg", "URL": "http://i.imgur.com/8NCtOm6.jpg", "fileid": "g1066_cnifzgl.jpg"}, {"id": "g1066_cnif7w8", "comment": "[I pity the fool](http://i.imgur.com/WFSTi3w.jpg)", "date": "2015-01-08 10:35:51", "seriesname": "g1066_cnif7w8", "file": "/media/jbrogan4/scratch2/Reddit_Prov_Dataset_v6/_Radical_hate_teacher,_Anjem_Choudary/g1066_cnif7w8.jpg", "URL": "http://i.imgur.com/WFSTi3w.jpg", "fileid": "g1066_cnif7w8.jpg"}, {"id": "g1066_cnixkth", "comment": "http://imgur.com/ESDxssI", "date": "2015-01-08 19:08:19", "seriesname": "g1066_cnixkth", "file": "/media/jbrogan4/scratch2/Reddit_Prov_Dataset_v6/_Radical_hate_teacher,_Anjem_Choudary/g1066_cnixkth.png", "URL": "http://i.imgur.com/ESDxssI.png", "fileid": "g1066_cnixkth.png"}, {"id": "g1066_cnih7lm", "comment": "[Thorin Choudenshield](http://i.imgur.com/29dkY5R.jpg)", "date": "2015-01-08 11:35:42", "seriesname": "g1066_cnih7lm", "file": "/media/jbrogan4/scratch2/Reddit_Prov_Dataset_v6/_Radical_hate_teacher,_Anjem_Choudary/g1066_cnih7lm.jpg", "URL": "http://i.imgur.com/29dkY5R.jpg", "fileid": "g1066_cnih7lm.jpg"}, {"id": "g1066_cnigv0v", "comment": "http://i.imgur.com/dfit4eq.jpg", "date": "2015-01-08 11:25:41", "seriesname": "g1066_cnigv0v", "file": "/media/jbrogan4/scratch2/Reddit_Prov_Dataset_v6/_Radical_hate_teacher,_Anjem_Choudary/g1066_cnigv0v.jpg", "URL": "http://i.imgur.com/dfit4eq.jpg", "fileid": "g1066_cnigv0v.jpg"}, {"id": "g1066_cnifr1y", "comment": "**NSFW**\n\nhttp://imgur.com/sRwRslf\n\n\n", "date": "2015-01-08 10:52:41", "seriesname": "g1066_cnifr1y", "file": "/media/jbrogan4/scratch2/Reddit_Prov_Dataset_v6/_Radical_hate_teacher,_Anjem_Choudary/g1066_cnifr1y.png", "URL": "http://i.imgur.com/sRwRslf.png", "fileid": "g1066_cnifr1y.png"}, {"id": "g1066_cnirwnx", "comment": "Who's a pretty princess?\n\nhttp://i.imgur.com/f2kn5LR.jpg", "date": "2015-01-08 16:24:14", "seriesname": "g1066_cnirwnx", "file": "/media/jbrogan4/scratch2/Reddit_Prov_Dataset_v6/_Radical_hate_teacher,_Anjem_Choudary/g1066_cnirwnx.jpg", "URL": "http://i.imgur.com/f2kn5LR.jpg", "fileid": "g1066_cnirwnx.jpg"}, {"id": "g1066_cnifc75", "comment": "[http://i.imgur.com/0ufVQ6D.gif](http://i.imgur.com/0ufVQ6D.gif)", "date": "2015-01-08 10:39:41", "seriesname": "g1066_cnifc75", "file": "/media/jbrogan4/scratch2/Reddit_Prov_Dataset_v6/_Radical_hate_teacher,_Anjem_Choudary/g1066_cnifc75.jpg", "URL": "http://i.imgur.com/0ufVQ6D.gif](http://i.imgur.com/0ufVQ6D.gif", "fileid": "g1066_cnifc75.gif"}, {"id": "g1066_cnim45t", "comment": "http://imgur.com/Fmqya1N", "date": "2015-01-08 13:49:10", "seriesname": "g1066_cnim45t", "file": "/media/jbrogan4/scratch2/Reddit_Prov_Dataset_v6/_Radical_hate_teacher,_Anjem_Choudary/g1066_cnim45t.png", "URL": "http://i.imgur.com/Fmqya1N.png", "fileid": "g1066_cnim45t.png"}, {"id": "g1066_cnilxn4", "comment": "[CENSOR NOTHING!](http://imgur.com/va1a4kY)\n\nedit: improved slightly", "date": "2015-01-08 13:44:25", "seriesname": "g1066_cnilxn4", "file": "/media/jbrogan4/scratch2/Reddit_Prov_Dataset_v6/_Radical_hate_teacher,_Anjem_Choudary/g1066_cnilxn4.png", "URL": "http://i.imgur.com/va1a4kY.png", "fileid": "g1066_cnilxn4.png"}, {"id": "g1066_cnihkeb", "comment": "[He couldn't make it as a French girl](http://i.imgur.com/wZWTr4O.jpg)", "date": "2015-01-08 11:45:51", "seriesname": "g1066_cnihkeb", "file": "/media/jbrogan4/scratch2/Reddit_Prov_Dataset_v6/_Radical_hate_teacher,_Anjem_Choudary/g1066_cnihkeb.jpg", "URL": "http://i.imgur.com/wZWTr4O.jpg", "fileid": "g1066_cnihkeb.jpg"}, {"id": "g1066_cnigf6i", "comment": "So throwaway account because...stuff...[True Form](http://i.imgur.com/QJGZTHl.jpg) cheers for the comments /u/That_Unknown_Guy  :D", "date": "2015-01-08 11:12:54", "seriesname": "g1066_cnigf6i", "file": "/media/jbrogan4/scratch2/Reddit_Prov_Dataset_v6/_Radical_hate_teacher,_Anjem_Choudary/g1066_cnigf6i.jpg", "URL": "http://i.imgur.com/QJGZTHl.jpg", "fileid": "g1066_cnigf6i.jpg"}, {"id": "g1066_cniiau2", "comment": "[Dammit!](http://i.imgur.com/DPNku85.jpg)", "date": "2015-01-08 12:06:20", "seriesname": "g1066_cniiau2", "file": "/media/jbrogan4/scratch2/Reddit_Prov_Dataset_v6/_Radical_hate_teacher,_Anjem_Choudary/g1066_cniiau2.jpg", "URL": "http://i.imgur.com/DPNku85.jpg", "fileid": "g1066_cniiau2.jpg"}, {"id": "g1066_cnii4io", "comment": "[Obligatory buggery picture \\(NSFW, of course\\)](http://i.imgur.com/DARhlEK.jpg).", "date": "2015-01-08 12:01:27", "seriesname": "g1066_cnii4io", "file": "/media/jbrogan4/scratch2/Reddit_Prov_Dataset_v6/_Radical_hate_teacher,_Anjem_Choudary/g1066_cnii4io.jpg", "URL": "http://i.imgur.com/DARhlEK.jpg).", "fileid": "g1066_cnii4io."}, {"id": "g1066_cnij0q9", "comment": "Don't fuck with artists. Je suis Charlie Hebdo.\n\n\nhttp://i.imgur.com/M9q7yoO.jpg\n\nHerpes Check, Syphilis check, Gay pride tat check, bisexual pride tat check (since they fear women), Furry Pride tat check (for something extra), jizzum check, Oink Boink tattoo of pregnant piggy giving birth (likely due to pigfucking) check.\n\nA bit on the moderate side I'd say, what can I say, I don't want to offend the sexy motherfucker.\n\nTHROWAWAY ACCOUNT -  You are free to repost this or share it however wherever you like. ", "date": "2015-01-08 12:26:10", "seriesname": "g1066_cnij0q9", "file": "/media/jbrogan4/scratch2/Reddit_Prov_Dataset_v6/_Radical_hate_teacher,_Anjem_Choudary/g1066_cnij0q9.jpg", "URL": "http://i.imgur.com/M9q7yoO.jpg", "fileid": "g1066_cnij0q9.jpg"}, {"id": "g1066_cnijimy", "comment": "[Offend All the People!](http://i.imgur.com/ZrmDZ8S.jpg)", "date": "2015-01-08 12:39:32", "seriesname": "g1066_cnijimy", "file": "/media/jbrogan4/scratch2/Reddit_Prov_Dataset_v6/_Radical_hate_teacher,_Anjem_Choudary/g1066_cnijimy.jpg", "URL": "http://i.imgur.com/ZrmDZ8S.jpg", "fileid": "g1066_cnijimy.jpg"}, {"id": "g1066_cniis4z", "comment": "He's missing the stereotypical amish hat.\n\nFixed (somewhat):\nhttps://i.imgur.com/mTcXaD6.jpg\n", "date": "2015-01-08 12:19:40", "seriesname": "g1066_cniis4z", "file": "/media/jbrogan4/scratch2/Reddit_Prov_Dataset_v6/_Radical_hate_teacher,_Anjem_Choudary/g1066_cniis4z.jpg", "URL": "https://i.imgur.com/mTcXaD6.jpg", "fileid": "g1066_cniis4z.jpg"}, {"id": "g1066_cnihr0w", "comment": "http://imgur.com/zsa8R9B", "date": "2015-01-08 11:51:00", "seriesname": "g1066_cnihr0w", "file": "/media/jbrogan4/scratch2/Reddit_Prov_Dataset_v6/_Radical_hate_teacher,_Anjem_Choudary/g1066_cnihr0w.png", "URL": "http://i.imgur.com/zsa8R9B.png", "fileid": "g1066_cnihr0w.png"}, {"id": "g1066_cnih2ez", "comment": "[He judges you...](http://i.imgur.com/xKnuMnJ.jpg)\n\n^^Props ^^to ^^/u/ghandpivot ^^for ^^original ^^frowny ^^face", "date": "2015-01-08 11:31:36", "seriesname": "g1066_cnih2ez", "file": "/media/jbrogan4/scratch2/Reddit_Prov_Dataset_v6/_Radical_hate_teacher,_Anjem_Choudary/g1066_cnih2ez.jpg", "URL": "http://i.imgur.com/xKnuMnJ.jpg", "fileid": "g1066_cnih2ez.jpg"}, {"id": "g1066_cnigfqz", "comment": "http://i.imgur.com/wrE65bc.jpg", "date": "2015-01-08 11:13:21", "seriesname": "g1066_cnigfqz", "file": "/media/jbrogan4/scratch2/Reddit_Prov_Dataset_v6/_Radical_hate_teacher,_Anjem_Choudary/g1066_cnigfqz.jpg", "URL": "http://i.imgur.com/wrE65bc.jpg", "fileid": "g1066_cnigfqz.jpg"}, {"id": "g1066_root", "comment": "", "date": "2015-01-08 09:40:22", "seriesname": "g1066_root", "file": "/media/jbrogan4/scratch2/Reddit_Prov_Dataset_v6/_Radical_hate_teacher,_Anjem_Choudary/g1066_root.jpg", "URL": "http://i.imgur.com/2PSMI1U.jpg", "fileid": "g1066_root.jpg"}, {"id": "g1066_cnigyu4", "comment": "[South Park style](http://i.imgur.com/wcvbKKc.jpg)", "date": "2015-01-08 11:28:45", "seriesname": "g1066_cnigyu4", "file": "/media/jbrogan4/scratch2/Reddit_Prov_Dataset_v6/_Radical_hate_teacher,_Anjem_Choudary/g1066_cnigyu4.jpg", "URL": "http://i.imgur.com/wcvbKKc.jpg", "fileid": "g1066_cnigyu4.jpg"}, {"id": "g1066_cnigy1j", "comment": "[Dat hair though](http://i.imgur.com/kSFaMp9.jpg)\n\nEdit: [He aged slightly](http://i.imgur.com/KPP2Yik.jpg)", "date": "2015-01-08 11:28:08", "seriesname": "g1066_cnigy1j", "file": "/media/jbrogan4/scratch2/Reddit_Prov_Dataset_v6/_Radical_hate_teacher,_Anjem_Choudary/g1066_cnigy1j.jpg", "URL": "http://i.imgur.com/KPP2Yik.jpg", "fileid": "g1066_cnigy1j.jpg"}], "graph": {"name": "g1066_root"}, "directed": true}