{"links": [{"op": "none", "target": 0, "source": 58}, {"op": "none", "target": 1, "source": 19}, {"op": "none", "target": 2, "source": 58}, {"op": "none", "target": 3, "source": 58}, {"op": "none", "target": 4, "source": 58}, {"op": "none", "target": 5, "source": 58}, {"op": "none", "target": 6, "source": 58}, {"op": "none", "target": 7, "source": 58}, {"op": "none", "target": 8, "source": 56}, {"op": "none", "target": 9, "source": 58}, {"op": "none", "target": 10, "source": 58}, {"op": "none", "target": 11, "source": 58}, {"op": "none", "target": 12, "source": 58}, {"op": "none", "target": 13, "source": 58}, {"op": "none", "target": 14, "source": 58}, {"op": "none", "target": 15, "source": 58}, {"op": "none", "target": 16, "source": 58}, {"op": "none", "target": 17, "source": 58}, {"op": "none", "target": 18, "source": 58}, {"op": "none", "target": 19, "source": 58}, {"op": "none", "target": 20, "source": 58}, {"op": "none", "target": 21, "source": 58}, {"op": "none", "target": 22, "source": 58}, {"op": "none", "target": 23, "source": 58}, {"op": "none", "target": 24, "source": 76}, {"op": "none", "target": 25, "source": 58}, {"op": "none", "target": 26, "source": 53}, {"op": "none", "target": 27, "source": 58}, {"op": "none", "target": 28, "source": 58}, {"op": "none", "target": 29, "source": 58}, {"op": "none", "target": 30, "source": 58}, {"op": "none", "target": 31, "source": 58}, {"op": "none", "target": 32, "source": 58}, {"op": "none", "target": 33, "source": 58}, {"op": "none", "target": 34, "source": 58}, {"op": "none", "target": 35, "source": 58}, {"op": "none", "target": 36, "source": 58}, {"op": "none", "target": 37, "source": 58}, {"op": "none", "target": 38, "source": 58}, {"op": "none", "target": 39, "source": 58}, {"op": "none", "target": 40, "source": 58}, {"op": "none", "target": 41, "source": 58}, {"op": "none", "target": 42, "source": 61}, {"op": "none", "target": 43, "source": 58}, {"op": "none", "target": 44, "source": 19}, {"op": "none", "target": 45, "source": 58}, {"op": "none", "target": 46, "source": 58}, {"op": "none", "target": 47, "source": 58}, {"op": "none", "target": 48, "source": 58}, {"op": "none", "target": 49, "source": 58}, {"op": "none", "target": 50, "source": 58}, {"op": "none", "target": 51, "source": 58}, {"op": "none", "target": 52, "source": 10}, {"op": "none", "target": 53, "source": 58}, {"op": "none", "target": 54, "source": 58}, {"op": "none", "target": 55, "source": 56}, {"op": "none", "target": 56, "source": 58}, {"op": "none", "target": 57, "source": 56}, {"op": "none", "target": 59, "source": 58}, {"op": "none", "target": 60, "source": 58}, {"op": "none", "target": 61, "source": 58}, {"op": "none", "target": 62, "source": 58}, {"op": "none", "target": 63, "source": 58}, {"op": "none", "target": 64, "source": 58}, {"op": "none", "target": 65, "source": 58}, {"op": "none", "target": 66, "source": 58}, {"op": "none", "target": 67, "source": 58}, {"op": "none", "target": 68, "source": 58}, {"op": "none", "target": 69, "source": 56}, {"op": "none", "target": 70, "source": 58}, {"op": "none", "target": 71, "source": 58}, {"op": "none", "target": 72, "source": 19}, {"op": "none", "target": 73, "source": 58}, {"op": "none", "target": 74, "source": 58}, {"op": "none", "target": 75, "source": 58}, {"op": "none", "target": 76, "source": 58}, {"op": "none", "target": 77, "source": 58}], "title": "_Kobe_Beef_Cube", "nodes": [{"id": "g1074_d4n5pqv", "comment": "[The Blob: Beef Edition, staring Steve McBeef](http://imgur.com/3XbrgYS)", "date": "2016-06-24 23:50:53", "seriesname": "g1074_d4n5pqv", "file": "/media/jbrogan4/scratch2/Reddit_Prov_Dataset_v6/_Kobe_Beef_Cube/g1074_d4n5pqv.png", "URL": "http://i.imgur.com/3XbrgYS.png", "fileid": "g1074_d4n5pqv.png"}, {"id": "g1074_d4n310d", "comment": "[Risotto is futile, you twat!](http://i.imgur.com/yTeGITb.jpg)", "date": "2016-06-24 22:25:20", "seriesname": "g1074_d4n310d", "file": "/media/jbrogan4/scratch2/Reddit_Prov_Dataset_v6/_Kobe_Beef_Cube/g1074_d4n310d.jpg", "URL": "http://i.imgur.com/yTeGITb.jpg", "fileid": "g1074_d4n310d.jpg"}, {"id": "g1074_d4n49c4", "comment": "[Kobe Beef Beefin' on Kobe Beef Cube](http://i.imgur.com/I8tE9Np.png)", "date": "2016-06-24 23:03:20", "seriesname": "g1074_d4n49c4", "file": "/media/jbrogan4/scratch2/Reddit_Prov_Dataset_v6/_Kobe_Beef_Cube/g1074_d4n49c4.png", "URL": "http://i.imgur.com/I8tE9Np.png", "fileid": "g1074_d4n49c4.png"}, {"id": "g1074_d4n0tut", "comment": "[Beefment Configuration](http://i.imgur.com/BK1RWvf.jpg)", "date": "2016-06-24 21:18:18", "seriesname": "g1074_d4n0tut", "file": "/media/jbrogan4/scratch2/Reddit_Prov_Dataset_v6/_Kobe_Beef_Cube/g1074_d4n0tut.jpg", "URL": "http://i.imgur.com/BK1RWvf.jpg", "fileid": "g1074_d4n0tut.jpg"}, {"id": "g1074_d4n32p0", "comment": "[Inside](http://i.imgur.com/zaWOMQ2.jpg)", "date": "2016-06-24 22:26:47", "seriesname": "g1074_d4n32p0", "file": "/media/jbrogan4/scratch2/Reddit_Prov_Dataset_v6/_Kobe_Beef_Cube/g1074_d4n32p0.jpg", "URL": "http://i.imgur.com/zaWOMQ2.jpg", "fileid": "g1074_d4n32p0.jpg"}, {"id": "g1074_d4n373o", "comment": "[Sam!  You must protect the steak!](http://i.imgur.com/PzrEQk7.png)", "date": "2016-06-24 22:30:37", "seriesname": "g1074_d4n373o", "file": "/media/jbrogan4/scratch2/Reddit_Prov_Dataset_v6/_Kobe_Beef_Cube/g1074_d4n373o.png", "URL": "http://i.imgur.com/PzrEQk7.png", "fileid": "g1074_d4n373o.png"}, {"id": "g1074_d4n0mlf", "comment": "[next gen graphics](https://i.imgur.com/WK5sdDv.jpg)", "date": "2016-06-24 21:12:35", "seriesname": "g1074_d4n0mlf", "file": "/media/jbrogan4/scratch2/Reddit_Prov_Dataset_v6/_Kobe_Beef_Cube/g1074_d4n0mlf.jpg", "URL": "https://i.imgur.com/WK5sdDv.jpg", "fileid": "g1074_d4n0mlf.jpg"}, {"id": "g1074_d4n2sw7", "comment": "[Spongebob, you look so yummy](http://i.imgur.com/x0wGpP7.jpg)", "date": "2016-06-24 22:18:19", "seriesname": "g1074_d4n2sw7", "file": "/media/jbrogan4/scratch2/Reddit_Prov_Dataset_v6/_Kobe_Beef_Cube/g1074_d4n2sw7.jpg", "URL": "http://i.imgur.com/x0wGpP7.jpg", "fileid": "g1074_d4n2sw7.jpg"}, {"id": "g1074_d4n4ly5", "comment": "http://imgur.com/aBgBzk0", "date": "2016-06-24 23:14:49", "seriesname": "g1074_d4n4ly5", "file": "/media/jbrogan4/scratch2/Reddit_Prov_Dataset_v6/_Kobe_Beef_Cube/g1074_d4n4ly5.png", "URL": "http://i.imgur.com/aBgBzk0.png", "fileid": "g1074_d4n4ly5.png"}, {"id": "g1074_d4n1qt3", "comment": "http://i.imgur.com/bo8QMZX.png", "date": "2016-06-24 21:45:38", "seriesname": "g1074_d4n1qt3", "file": "/media/jbrogan4/scratch2/Reddit_Prov_Dataset_v6/_Kobe_Beef_Cube/g1074_d4n1qt3.png", "URL": "http://i.imgur.com/bo8QMZX.png", "fileid": "g1074_d4n1qt3.png"}, {"id": "g1074_d4n02wp", "comment": "[I have no idea what I'm doing...](http://i.imgur.com/cAyYQ8c.jpg)", "date": "2016-06-24 20:56:40", "seriesname": "g1074_d4n02wp", "file": "/media/jbrogan4/scratch2/Reddit_Prov_Dataset_v6/_Kobe_Beef_Cube/g1074_d4n02wp.jpg", "URL": "http://i.imgur.com/cAyYQ8c.jpg", "fileid": "g1074_d4n02wp.jpg"}, {"id": "g1074_d4mxgx9", "comment": "http://i.imgur.com/XNHZjhY.jpg", "date": "2016-06-24 19:44:48", "seriesname": "g1074_d4mxgx9", "file": "/media/jbrogan4/scratch2/Reddit_Prov_Dataset_v6/_Kobe_Beef_Cube/g1074_d4mxgx9.jpg", "URL": "http://i.imgur.com/XNHZjhY.jpg", "fileid": "g1074_d4mxgx9.jpg"}, {"id": "g1074_d4mxws3", "comment": "Redrum http://imgur.com/oa9bAmz", "date": "2016-06-24 19:56:20", "seriesname": "g1074_d4mxws3", "file": "/media/jbrogan4/scratch2/Reddit_Prov_Dataset_v6/_Kobe_Beef_Cube/g1074_d4mxws3.png", "URL": "http://i.imgur.com/oa9bAmz.png", "fileid": "g1074_d4mxws3.png"}, {"id": "g1074_d4nmnk1", "comment": "[New planet](http://i.imgur.com/t5oyMQk.png)", "date": "2016-06-25 12:21:17", "seriesname": "g1074_d4nmnk1", "file": "/media/jbrogan4/scratch2/Reddit_Prov_Dataset_v6/_Kobe_Beef_Cube/g1074_d4nmnk1.png", "URL": "http://i.imgur.com/t5oyMQk.png", "fileid": "g1074_d4nmnk1.png"}, {"id": "g1074_d4nai4j", "comment": "My first entry ever.\n\nThe vegan kids could never come over and play smash bros with me:(\n\nhttp://i.imgur.com/IV2cu4h.png", "date": "2016-06-25 03:09:43", "seriesname": "g1074_d4nai4j", "file": "/media/jbrogan4/scratch2/Reddit_Prov_Dataset_v6/_Kobe_Beef_Cube/g1074_d4nai4j.png", "URL": "http://i.imgur.com/IV2cu4h.png", "fileid": "g1074_d4nai4j.png"}, {"id": "g1074_d4n0ejm", "comment": "[From the front page...](http://i.imgur.com/ASaHwiR.jpg)", "date": "2016-06-24 21:06:04", "seriesname": "g1074_d4n0ejm", "file": "/media/jbrogan4/scratch2/Reddit_Prov_Dataset_v6/_Kobe_Beef_Cube/g1074_d4n0ejm.jpg", "URL": "http://i.imgur.com/ASaHwiR.jpg", "fileid": "g1074_d4n0ejm.jpg"}, {"id": "g1074_d4n2z0a", "comment": "[I'LL FEED YOU MEAT, MEAT, MEAT!](http://imgur.com/LRHGrg1)\n\n(Warning: May contain copious amounts of Gimp, death, and broken dreams.)", "date": "2016-06-24 22:23:36", "seriesname": "g1074_d4n2z0a", "file": "/media/jbrogan4/scratch2/Reddit_Prov_Dataset_v6/_Kobe_Beef_Cube/g1074_d4n2z0a.png", "URL": "http://i.imgur.com/LRHGrg1.png", "fileid": "g1074_d4n2z0a.png"}, {"id": "g1074_d4n3q9m", "comment": "[\"You should have left it at the bottom of the ocean.\"](http://i.imgur.com/ChJW7bv.jpg)", "date": "2016-06-24 22:47:01", "seriesname": "g1074_d4n3q9m", "file": "/media/jbrogan4/scratch2/Reddit_Prov_Dataset_v6/_Kobe_Beef_Cube/g1074_d4n3q9m.jpg", "URL": "http://i.imgur.com/ChJW7bv.jpg", "fileid": "g1074_d4n3q9m.jpg"}, {"id": "g1074_d4n6ykw", "comment": "[3571](http://i.imgur.com/CR3Nhtp.png)", "date": "2016-06-25 00:34:15", "seriesname": "g1074_d4n6ykw", "file": "/media/jbrogan4/scratch2/Reddit_Prov_Dataset_v6/_Kobe_Beef_Cube/g1074_d4n6ykw.png", "URL": "http://i.imgur.com/CR3Nhtp.png", "fileid": "g1074_d4n6ykw.png"}, {"id": "g1074_d4mzear", "comment": "[We are the Beef. You will be assimilated.](http://i.imgur.com/87UkCBo.jpg)", "date": "2016-06-24 20:37:05", "seriesname": "g1074_d4mzear", "file": "/media/jbrogan4/scratch2/Reddit_Prov_Dataset_v6/_Kobe_Beef_Cube/g1074_d4mzear.jpg", "URL": "http://i.imgur.com/87UkCBo.jpg", "fileid": "g1074_d4mzear.jpg"}, {"id": "g1074_d4n6fgs", "comment": "[Transformers: The AllBeef](http://i.imgur.com/J7VoAYf.jpg)", "date": "2016-06-25 00:15:16", "seriesname": "g1074_d4n6fgs", "file": "/media/jbrogan4/scratch2/Reddit_Prov_Dataset_v6/_Kobe_Beef_Cube/g1074_d4n6fgs.jpg", "URL": "http://i.imgur.com/J7VoAYf.jpg", "fileid": "g1074_d4n6fgs.jpg"}, {"id": "g1074_d4nc8mr", "comment": "[The Forces of Hell bow before the Kobe Cube.](http://imgur.com/m27LINo)", "date": "2016-06-25 04:52:15", "seriesname": "g1074_d4nc8mr", "file": "/media/jbrogan4/scratch2/Reddit_Prov_Dataset_v6/_Kobe_Beef_Cube/g1074_d4nc8mr.png", "URL": "http://i.imgur.com/m27LINo.png", "fileid": "g1074_d4nc8mr.png"}, {"id": "g1074_d4npwd0", "comment": "[Before there was Super Meat Boy, there was SUPER MEAT BABY!!!](https://i.imgur.com/gLbNtlf.png)", "date": "2016-06-25 13:49:18", "seriesname": "g1074_d4npwd0", "file": "/media/jbrogan4/scratch2/Reddit_Prov_Dataset_v6/_Kobe_Beef_Cube/g1074_d4npwd0.png", "URL": "https://i.imgur.com/gLbNtlf.png", "fileid": "g1074_d4npwd0.png"}, {"id": "g1074_d4n6u9o", "comment": "[Evangelion was the first thing that came to mind for some reason?](http://imgur.com/LUCMUVR)", "date": "2016-06-25 00:29:52", "seriesname": "g1074_d4n6u9o", "file": "/media/jbrogan4/scratch2/Reddit_Prov_Dataset_v6/_Kobe_Beef_Cube/g1074_d4n6u9o.png", "URL": "http://i.imgur.com/LUCMUVR.png", "fileid": "g1074_d4n6u9o.png"}, {"id": "g1074_d4n90ii", "comment": "The stones made me think of Wolfenstein:\n\n[Wolf1](http://i.imgur.com/j81mdIH.jpg)\n\n[Wolf2](http://i.imgur.com/0vXrjml.png)", "date": "2016-06-25 01:55:14", "seriesname": "g1074_d4n90ii", "file": "/media/jbrogan4/scratch2/Reddit_Prov_Dataset_v6/_Kobe_Beef_Cube/g1074_d4n90ii.png", "URL": "http://i.imgur.com/0vXrjml.png", "fileid": "g1074_d4n90ii.png"}, {"id": "g1074_d4n5kib", "comment": "http://imgur.com/lrx65Th \n\nHoops", "date": "2016-06-24 23:45:59", "seriesname": "g1074_d4n5kib", "file": "/media/jbrogan4/scratch2/Reddit_Prov_Dataset_v6/_Kobe_Beef_Cube/g1074_d4n5kib.png", "URL": "http://i.imgur.com/lrx65Th.png", "fileid": "g1074_d4n5kib.png"}, {"id": "g1074_d4n1rnr", "comment": "[He got dem jean shorts. They show he's a prep but he'll still throw down wichu](http://i.imgur.com/v3UIz43.png)", "date": "2016-06-24 21:46:24", "seriesname": "g1074_d4n1rnr", "file": "/media/jbrogan4/scratch2/Reddit_Prov_Dataset_v6/_Kobe_Beef_Cube/g1074_d4n1rnr.png", "URL": "http://i.imgur.com/v3UIz43.png", "fileid": "g1074_d4n1rnr.png"}, {"id": "g1074_d4n4ram", "comment": "[Meatimorphs](http://i.imgur.com/HSWGg68.jpg)", "date": "2016-06-24 23:19:30", "seriesname": "g1074_d4n4ram", "file": "/media/jbrogan4/scratch2/Reddit_Prov_Dataset_v6/_Kobe_Beef_Cube/g1074_d4n4ram.jpg", "URL": "http://i.imgur.com/HSWGg68.jpg", "fileid": "g1074_d4n4ram.jpg"}, {"id": "g1074_d4n4qpg", "comment": "[Meatcraft](http://i.imgur.com/Q78Sojh.jpg)", "date": "2016-06-24 23:19:00", "seriesname": "g1074_d4n4qpg", "file": "/media/jbrogan4/scratch2/Reddit_Prov_Dataset_v6/_Kobe_Beef_Cube/g1074_d4n4qpg.jpg", "URL": "http://i.imgur.com/Q78Sojh.jpg", "fileid": "g1074_d4n4qpg.jpg"}, {"id": "g1074_d4ng03i", "comment": "[It's not a Beef Cube, it's the ALLSPORK](http://imgur.com/DqFTlxS)\n\nPhotoshop level : Photoshoptimus prime.", "date": "2016-06-25 08:40:08", "seriesname": "g1074_d4ng03i", "file": "/media/jbrogan4/scratch2/Reddit_Prov_Dataset_v6/_Kobe_Beef_Cube/g1074_d4ng03i.png", "URL": "http://i.imgur.com/DqFTlxS.png", "fileid": "g1074_d4ng03i.png"}, {"id": "g1074_d4n5nr8", "comment": "[Don't look too closely, it's pretty bad.](http://i.imgur.com/OzhceYI.jpg)", "date": "2016-06-24 23:49:03", "seriesname": "g1074_d4n5nr8", "file": "/media/jbrogan4/scratch2/Reddit_Prov_Dataset_v6/_Kobe_Beef_Cube/g1074_d4n5nr8.jpg", "URL": "http://i.imgur.com/OzhceYI.jpg", "fileid": "g1074_d4n5nr8.jpg"}, {"id": "g1074_d4n0cpf", "comment": "Still tender, even after retirement...\n\nhttp://i.imgur.com/8LAlo2C.jpg", "date": "2016-06-24 21:04:33", "seriesname": "g1074_d4n0cpf", "file": "/media/jbrogan4/scratch2/Reddit_Prov_Dataset_v6/_Kobe_Beef_Cube/g1074_d4n0cpf.jpg", "URL": "http://i.imgur.com/8LAlo2C.jpg", "fileid": "g1074_d4n0cpf.jpg"}, {"id": "g1074_d4n5p4h", "comment": "[...](http://i.imgur.com/mxHzmiH.jpg)", "date": "2016-06-24 23:50:20", "seriesname": "g1074_d4n5p4h", "file": "/media/jbrogan4/scratch2/Reddit_Prov_Dataset_v6/_Kobe_Beef_Cube/g1074_d4n5p4h.jpg", "URL": "http://i.imgur.com/mxHzmiH.jpg", "fileid": "g1074_d4n5p4h.jpg"}, {"id": "g1074_d4n1fto", "comment": "[Super Meat Boy!](http://i.imgur.com/2xo1pG4.jpg)", "date": "2016-06-24 21:36:19", "seriesname": "g1074_d4n1fto", "file": "/media/jbrogan4/scratch2/Reddit_Prov_Dataset_v6/_Kobe_Beef_Cube/g1074_d4n1fto.jpg", "URL": "http://i.imgur.com/2xo1pG4.jpg", "fileid": "g1074_d4n1fto.jpg"}, {"id": "g1074_d4nmsru", "comment": "[Tastes Waxy](http://i.imgur.com/4jB5qkT.jpg)", "date": "2016-06-25 12:25:21", "seriesname": "g1074_d4nmsru", "file": "/media/jbrogan4/scratch2/Reddit_Prov_Dataset_v6/_Kobe_Beef_Cube/g1074_d4nmsru.jpg", "URL": "http://i.imgur.com/4jB5qkT.jpg", "fileid": "g1074_d4nmsru.jpg"}, {"id": "g1074_d4n21la", "comment": "[Holy Cow](http://i.imgur.com/LNOdNBs.jpg)", "date": "2016-06-24 21:54:57", "seriesname": "g1074_d4n21la", "file": "/media/jbrogan4/scratch2/Reddit_Prov_Dataset_v6/_Kobe_Beef_Cube/g1074_d4n21la.jpg", "URL": "http://i.imgur.com/LNOdNBs.jpg", "fileid": "g1074_d4n21la.jpg"}, {"id": "g1074_d4n65e2", "comment": "That kobe meatball\nhttp://imgur.com/zhKfuCe", "date": "2016-06-25 00:05:36", "seriesname": "g1074_d4n65e2", "file": "/media/jbrogan4/scratch2/Reddit_Prov_Dataset_v6/_Kobe_Beef_Cube/g1074_d4n65e2.png", "URL": "http://i.imgur.com/zhKfuCe.png", "fileid": "g1074_d4n65e2.png"}, {"id": "g1074_d4n5y5x", "comment": "[Kobe Tesseract](http://imgur.com/gallery/rRSPUCj)", "date": "2016-06-24 23:58:51", "seriesname": "g1074_d4n5y5x", "file": "/media/jbrogan4/scratch2/Reddit_Prov_Dataset_v6/_Kobe_Beef_Cube/g1074_d4n5y5x.png", "URL": "http://i.imgur.com/rRSPUCj.png", "fileid": "g1074_d4n5y5x.png"}, {"id": "g1074_d4n1lmn", "comment": "[do not question why I have this picture](http://imgur.com/nbXOusc)", "date": "2016-06-24 21:41:11", "seriesname": "g1074_d4n1lmn", "file": "/media/jbrogan4/scratch2/Reddit_Prov_Dataset_v6/_Kobe_Beef_Cube/g1074_d4n1lmn.png", "URL": "http://i.imgur.com/nbXOusc.png", "fileid": "g1074_d4n1lmn.png"}, {"id": "g1074_d4n2a4s", "comment": "[http://i.imgur.com/RH4jKpb.png](http://i.imgur.com/RH4jKpb.png)", "date": "2016-06-24 22:02:07", "seriesname": "g1074_d4n2a4s", "file": "/media/jbrogan4/scratch2/Reddit_Prov_Dataset_v6/_Kobe_Beef_Cube/g1074_d4n2a4s.png", "URL": "http://i.imgur.com/RH4jKpb.png](http://i.imgur.com/RH4jKpb.png", "fileid": "g1074_d4n2a4s.png"}, {"id": "g1074_d4n3apr", "comment": "[Where's the Beef?](http://imgur.com/viEHJus)", "date": "2016-06-24 22:33:43", "seriesname": "g1074_d4n3apr", "file": "/media/jbrogan4/scratch2/Reddit_Prov_Dataset_v6/_Kobe_Beef_Cube/g1074_d4n3apr.png", "URL": "http://i.imgur.com/viEHJus.png", "fileid": "g1074_d4n3apr.png"}, {"id": "g1074_d4n49wb", "comment": "[The key to unlimited sustainable flavor.](http://i.imgur.com/04GTR5H.png)", "date": "2016-06-24 23:03:52", "seriesname": "g1074_d4n49wb", "file": "/media/jbrogan4/scratch2/Reddit_Prov_Dataset_v6/_Kobe_Beef_Cube/g1074_d4n49wb.png", "URL": "http://i.imgur.com/04GTR5H.png", "fileid": "g1074_d4n49wb.png"}, {"id": "g1074_d4ndlko", "comment": "[Mario Kart, huh](http://i.imgur.com/1WhSb1u.png)", "date": "2016-06-25 06:23:04", "seriesname": "g1074_d4ndlko", "file": "/media/jbrogan4/scratch2/Reddit_Prov_Dataset_v6/_Kobe_Beef_Cube/g1074_d4ndlko.png", "URL": "http://i.imgur.com/1WhSb1u.png", "fileid": "g1074_d4ndlko.png"}, {"id": "g1074_d4n4fx1", "comment": "[Cowbe!](http://i.imgur.com/24FIoYV.jpg)", "date": "2016-06-24 23:09:17", "seriesname": "g1074_d4n4fx1", "file": "/media/jbrogan4/scratch2/Reddit_Prov_Dataset_v6/_Kobe_Beef_Cube/g1074_d4n4fx1.jpg", "URL": "http://i.imgur.com/24FIoYV.jpg", "fileid": "g1074_d4n4fx1.jpg"}, {"id": "g1074_d4n47dz", "comment": "[Happy cake day rookie](http://i.imgur.com/Naxu85a.jpg)", "date": "2016-06-24 23:01:38", "seriesname": "g1074_d4n47dz", "file": "/media/jbrogan4/scratch2/Reddit_Prov_Dataset_v6/_Kobe_Beef_Cube/g1074_d4n47dz.jpg", "URL": "http://i.imgur.com/Naxu85a.jpg", "fileid": "g1074_d4n47dz.jpg"}, {"id": "g1074_d4n4mvy", "comment": "[Beefcraft](http://imgur.com/UzQidDV)", "date": "2016-06-24 23:15:40", "seriesname": "g1074_d4n4mvy", "file": "/media/jbrogan4/scratch2/Reddit_Prov_Dataset_v6/_Kobe_Beef_Cube/g1074_d4n4mvy.png", "URL": "http://i.imgur.com/UzQidDV.png", "fileid": "g1074_d4n4mvy.png"}, {"id": "g1074_d4n7doo", "comment": "[Resistance is futile](http://i.imgur.com/qNUfN4w.jpg)\n", "date": "2016-06-25 00:49:47", "seriesname": "g1074_d4n7doo", "file": "/media/jbrogan4/scratch2/Reddit_Prov_Dataset_v6/_Kobe_Beef_Cube/g1074_d4n7doo.jpg", "URL": "http://i.imgur.com/qNUfN4w.jpg", "fileid": "g1074_d4n7doo.jpg"}, {"id": "g1074_d4mxztt", "comment": "I heard Kobe Beef Blocks are in the next [Minecraft](http://i.imgur.com/92Gco2W.png) Patch", "date": "2016-06-24 19:58:38", "seriesname": "g1074_d4mxztt", "file": "/media/jbrogan4/scratch2/Reddit_Prov_Dataset_v6/_Kobe_Beef_Cube/g1074_d4mxztt.png", "URL": "http://i.imgur.com/92Gco2W.png", "fileid": "g1074_d4mxztt.png"}, {"id": "g1074_d4n6s46", "comment": "[I am the man who arranges the blocks...](http://imgur.com/S3bhrAr)", "date": "2016-06-25 00:27:41", "seriesname": "g1074_d4n6s46", "file": "/media/jbrogan4/scratch2/Reddit_Prov_Dataset_v6/_Kobe_Beef_Cube/g1074_d4n6s46.png", "URL": "http://i.imgur.com/S3bhrAr.png", "fileid": "g1074_d4n6s46.png"}, {"id": "g1074_d4n4w06", "comment": "90s kids...\n\nhttp://i.imgur.com/yZqjbfh.jpg", "date": "2016-06-24 23:23:43", "seriesname": "g1074_d4n4w06", "file": "/media/jbrogan4/scratch2/Reddit_Prov_Dataset_v6/_Kobe_Beef_Cube/g1074_d4n4w06.jpg", "URL": "http://i.imgur.com/yZqjbfh.jpg", "fileid": "g1074_d4n4w06.jpg"}, {"id": "g1074_d4nfcct", "comment": "http://imgur.com/YWlVTaR\n\n\nKobe Beef Cube", "date": "2016-06-25 08:07:09", "seriesname": "g1074_d4nfcct", "file": "/media/jbrogan4/scratch2/Reddit_Prov_Dataset_v6/_Kobe_Beef_Cube/g1074_d4nfcct.png", "URL": "http://i.imgur.com/YWlVTaR.png", "fileid": "g1074_d4nfcct.png"}, {"id": "g1074_d4n3oaw", "comment": "[Embrace the marble!](http://i.imgur.com/WCn6NY3.jpg)", "date": "2016-06-24 22:45:18", "seriesname": "g1074_d4n3oaw", "file": "/media/jbrogan4/scratch2/Reddit_Prov_Dataset_v6/_Kobe_Beef_Cube/g1074_d4n3oaw.jpg", "URL": "http://i.imgur.com/WCn6NY3.jpg", "fileid": "g1074_d4n3oaw.jpg"}, {"id": "g1074_d4n5s0f", "comment": "Not [Kobe Zenyatta](http://i.imgur.com/PDh64lm.jpg)?", "date": "2016-06-24 23:53:03", "seriesname": "g1074_d4n5s0f", "file": "/media/jbrogan4/scratch2/Reddit_Prov_Dataset_v6/_Kobe_Beef_Cube/g1074_d4n5s0f.jpg", "URL": "http://i.imgur.com/PDh64lm.jpg)?", "fileid": "g1074_d4n5s0f.jpg"}, {"id": "g1074_d4my60j", "comment": "[Before the world wore him down](http://i.imgur.com/D6dNXBp.gif)", "date": "2016-06-24 20:03:20", "seriesname": "g1074_d4my60j", "file": "/media/jbrogan4/scratch2/Reddit_Prov_Dataset_v6/_Kobe_Beef_Cube/g1074_d4my60j.jpg", "URL": "http://i.imgur.com/D6dNXBp.gif", "fileid": "g1074_d4my60j.gif"}, {"id": "g1074_d4n55hr", "comment": "Star Trek, the original series. The Kobemeat Maneuver...\n\nhttp://i.imgur.com/SXYgECT.jpg\n", "date": "2016-06-24 23:32:13", "seriesname": "g1074_d4n55hr", "file": "/media/jbrogan4/scratch2/Reddit_Prov_Dataset_v6/_Kobe_Beef_Cube/g1074_d4n55hr.jpg", "URL": "http://i.imgur.com/SXYgECT.jpg", "fileid": "g1074_d4n55hr.jpg"}, {"id": "g1074_d4n60oy", "comment": "[my first thought as well...](http://i.imgur.com/f0O6v0p.jpg)", "date": "2016-06-25 00:01:10", "seriesname": "g1074_d4n60oy", "file": "/media/jbrogan4/scratch2/Reddit_Prov_Dataset_v6/_Kobe_Beef_Cube/g1074_d4n60oy.jpg", "URL": "http://i.imgur.com/f0O6v0p.jpg", "fileid": "g1074_d4n60oy.jpg"}, {"id": "g1074_d4n15t4", "comment": "[The Koberact](https://i.imgur.com/fqsg4hQ.jpg)", "date": "2016-06-24 21:28:02", "seriesname": "g1074_d4n15t4", "file": "/media/jbrogan4/scratch2/Reddit_Prov_Dataset_v6/_Kobe_Beef_Cube/g1074_d4n15t4.jpg", "URL": "https://i.imgur.com/fqsg4hQ.jpg", "fileid": "g1074_d4n15t4.jpg"}, {"id": "g1074_d4n1htz", "comment": "[It's in safe hands now](http://imgur.com/xfkuO7U)", "date": "2016-06-24 21:37:58", "seriesname": "g1074_d4n1htz", "file": "/media/jbrogan4/scratch2/Reddit_Prov_Dataset_v6/_Kobe_Beef_Cube/g1074_d4n1htz.png", "URL": "http://i.imgur.com/xfkuO7U.png", "fileid": "g1074_d4n1htz.png"}, {"id": "g1074_root", "comment": "", "date": "2016-06-24 18:49:16", "seriesname": "g1074_root", "file": "/media/jbrogan4/scratch2/Reddit_Prov_Dataset_v6/_Kobe_Beef_Cube/g1074_root.jpg", "URL": "https://i.redd.it/2rxu44cbhb5x.jpg", "fileid": "g1074_root.jpg"}, {"id": "g1074_d4n648g", "comment": "[Complete](http://i.imgur.com/wlOJKvm.jpg)", "date": "2016-06-25 00:04:29", "seriesname": "g1074_d4n648g", "file": "/media/jbrogan4/scratch2/Reddit_Prov_Dataset_v6/_Kobe_Beef_Cube/g1074_d4n648g.jpg", "URL": "http://i.imgur.com/wlOJKvm.jpg", "fileid": "g1074_d4n648g.jpg"}, {"id": "g1074_d4n14zx", "comment": "[Posting from my shit posting account, just in case](http://i.imgur.com/J8AdoRK.jpg)", "date": "2016-06-24 21:27:23", "seriesname": "g1074_d4n14zx", "file": "/media/jbrogan4/scratch2/Reddit_Prov_Dataset_v6/_Kobe_Beef_Cube/g1074_d4n14zx.jpg", "URL": "http://i.imgur.com/J8AdoRK.jpg", "fileid": "g1074_d4n14zx.jpg"}, {"id": "g1074_d4n2780", "comment": "[Mario Kart, anyone?](http://i.imgur.com/M7IP0Jv.png)", "date": "2016-06-24 21:59:41", "seriesname": "g1074_d4n2780", "file": "/media/jbrogan4/scratch2/Reddit_Prov_Dataset_v6/_Kobe_Beef_Cube/g1074_d4n2780.png", "URL": "http://i.imgur.com/M7IP0Jv.png", "fileid": "g1074_d4n2780.png"}, {"id": "g1074_d4n6efv", "comment": "[Koberiel](http://imgur.com/7k3IwGC)", "date": "2016-06-25 00:14:17", "seriesname": "g1074_d4n6efv", "file": "/media/jbrogan4/scratch2/Reddit_Prov_Dataset_v6/_Kobe_Beef_Cube/g1074_d4n6efv.png", "URL": "http://i.imgur.com/7k3IwGC.png", "fileid": "g1074_d4n6efv.png"}, {"id": "g1074_d4n3cje", "comment": "[Incoming game](http://i.imgur.com/ZQaeDXK.png)", "date": "2016-06-24 22:35:20", "seriesname": "g1074_d4n3cje", "file": "/media/jbrogan4/scratch2/Reddit_Prov_Dataset_v6/_Kobe_Beef_Cube/g1074_d4n3cje.png", "URL": "http://i.imgur.com/ZQaeDXK.png", "fileid": "g1074_d4n3cje.png"}, {"id": "g1074_d4n3j2i", "comment": "For someone who doesn't really know how to use Photoshop i'm relatively proud of my [meat curtains](http://i.imgur.com/n2I2udM.jpg) ", "date": "2016-06-24 22:40:50", "seriesname": "g1074_d4n3j2i", "file": "/media/jbrogan4/scratch2/Reddit_Prov_Dataset_v6/_Kobe_Beef_Cube/g1074_d4n3j2i.jpg", "URL": "http://i.imgur.com/n2I2udM.jpg", "fileid": "g1074_d4n3j2i.jpg"}, {"id": "g1074_d4n70h9", "comment": "[Locutus of Burg-er] (http://m.imgur.com/SaKJBxt)", "date": "2016-06-25 00:36:11", "seriesname": "g1074_d4n70h9", "file": "/media/jbrogan4/scratch2/Reddit_Prov_Dataset_v6/_Kobe_Beef_Cube/g1074_d4n70h9.png", "URL": "http://i.imgur.com/SaKJBxt.png", "fileid": "g1074_d4n70h9.png"}, {"id": "g1074_d4n4fau", "comment": "[WE HAVE FOUND THE SPARK](http://imgur.com/aBgBzk0)", "date": "2016-06-24 23:08:44", "seriesname": "g1074_d4n4fau", "file": "/media/jbrogan4/scratch2/Reddit_Prov_Dataset_v6/_Kobe_Beef_Cube/g1074_d4n4fau.png", "URL": "http://i.imgur.com/aBgBzk0.png", "fileid": "g1074_d4n4fau.png"}, {"id": "g1074_d4nctmi", "comment": "http://m.imgur.com/ODl93bw", "date": "2016-06-25 05:30:45", "seriesname": "g1074_d4nctmi", "file": "/media/jbrogan4/scratch2/Reddit_Prov_Dataset_v6/_Kobe_Beef_Cube/g1074_d4nctmi.png", "URL": "http://i.imgur.com/ODl93bw.png", "fileid": "g1074_d4nctmi.png"}, {"id": "g1074_d4ng6r6", "comment": "[First time trying this... How'd I do?](http://imgur.com/sAC0YBi.jpg)\n\nEdit: just realized someone beat me to it. I give up.", "date": "2016-06-25 08:48:53", "seriesname": "g1074_d4ng6r6", "file": "/media/jbrogan4/scratch2/Reddit_Prov_Dataset_v6/_Kobe_Beef_Cube/g1074_d4ng6r6.jpg", "URL": "http://imgur.com/sAC0YBi.jpg", "fileid": "g1074_d4ng6r6.jpg"}, {"id": "g1074_d4n3wbh", "comment": "http://i.imgur.com/9qsvOAr.jpg", "date": "2016-06-24 22:52:13", "seriesname": "g1074_d4n3wbh", "file": "/media/jbrogan4/scratch2/Reddit_Prov_Dataset_v6/_Kobe_Beef_Cube/g1074_d4n3wbh.jpg", "URL": "http://i.imgur.com/9qsvOAr.jpg", "fileid": "g1074_d4n3wbh.jpg"}, {"id": "g1074_d4n5ztz", "comment": "[red meat skull and the tasty-ract](http://i.imgur.com/f0O6v0p.jpg)", "date": "2016-06-25 00:00:22", "seriesname": "g1074_d4n5ztz", "file": "/media/jbrogan4/scratch2/Reddit_Prov_Dataset_v6/_Kobe_Beef_Cube/g1074_d4n5ztz.jpg", "URL": "http://i.imgur.com/f0O6v0p.jpg", "fileid": "g1074_d4n5ztz.jpg"}, {"id": "g1074_d4n4qt2", "comment": "http://imgur.com/AzQC0VS Moisturize me", "date": "2016-06-24 23:19:05", "seriesname": "g1074_d4n4qt2", "file": "/media/jbrogan4/scratch2/Reddit_Prov_Dataset_v6/_Kobe_Beef_Cube/g1074_d4n4qt2.png", "URL": "http://i.imgur.com/AzQC0VS.png", "fileid": "g1074_d4n4qt2.png"}, {"id": "g1074_d4npo8a", "comment": "[It does...](http://i.imgur.com/b0aEsNC.jpg)", "date": "2016-06-25 13:43:02", "seriesname": "g1074_d4npo8a", "file": "/media/jbrogan4/scratch2/Reddit_Prov_Dataset_v6/_Kobe_Beef_Cube/g1074_d4npo8a.jpg", "URL": "http://i.imgur.com/b0aEsNC.jpg", "fileid": "g1074_d4npo8a.jpg"}, {"id": "g1074_d4n09th", "comment": "http://i.imgur.com/CswVCCA.jpg", "date": "2016-06-24 21:02:11", "seriesname": "g1074_d4n09th", "file": "/media/jbrogan4/scratch2/Reddit_Prov_Dataset_v6/_Kobe_Beef_Cube/g1074_d4n09th.jpg", "URL": "http://i.imgur.com/CswVCCA.jpg", "fileid": "g1074_d4n09th.jpg"}, {"id": "g1074_d4n0mj3", "comment": "http://i.imgur.com/AVTo0hJ.png", "date": "2016-06-24 21:12:31", "seriesname": "g1074_d4n0mj3", "file": "/media/jbrogan4/scratch2/Reddit_Prov_Dataset_v6/_Kobe_Beef_Cube/g1074_d4n0mj3.png", "URL": "http://i.imgur.com/AVTo0hJ.png", "fileid": "g1074_d4n0mj3.png"}, {"id": "g1074_d4nbevk", "comment": "[Kobe and Cube beefin over some Kobe Beef Cube](http://i.imgur.com/wWOQToZ.png)", "date": "2016-06-25 04:01:48", "seriesname": "g1074_d4nbevk", "file": "/media/jbrogan4/scratch2/Reddit_Prov_Dataset_v6/_Kobe_Beef_Cube/g1074_d4nbevk.png", "URL": "http://i.imgur.com/wWOQToZ.png", "fileid": "g1074_d4nbevk.png"}, {"id": "g1074_d4n2x3n", "comment": "[Windows 95](http://imgur.com/7bsBzLv)", "date": "2016-06-24 22:21:59", "seriesname": "g1074_d4n2x3n", "file": "/media/jbrogan4/scratch2/Reddit_Prov_Dataset_v6/_Kobe_Beef_Cube/g1074_d4n2x3n.png", "URL": "http://i.imgur.com/7bsBzLv.png", "fileid": "g1074_d4n2x3n.png"}, {"id": "g1074_d4mzzel", "comment": "[These Portal modes are getting a bit too realistic...](https://i.imgur.com/mdom4P1.jpg) (NSFW)", "date": "2016-06-24 20:53:58", "seriesname": "g1074_d4mzzel", "file": "/media/jbrogan4/scratch2/Reddit_Prov_Dataset_v6/_Kobe_Beef_Cube/g1074_d4mzzel.jpg", "URL": "https://i.imgur.com/mdom4P1.jpg", "fileid": "g1074_d4mzzel.jpg"}], "graph": {"name": "g1074_root"}, "directed": true}