{"links": [{"op": "none", "target": 0, "source": 66}, {"op": "none", "target": 1, "source": 66}, {"op": "none", "target": 2, "source": 66}, {"op": "none", "target": 3, "source": 50}, {"op": "none", "target": 4, "source": 59}, {"op": "none", "target": 5, "source": 66}, {"op": "none", "target": 6, "source": 66}, {"op": "none", "target": 7, "source": 66}, {"op": "none", "target": 8, "source": 66}, {"op": "none", "target": 9, "source": 66}, {"op": "none", "target": 10, "source": 66}, {"op": "none", "target": 11, "source": 5}, {"op": "none", "target": 12, "source": 29}, {"op": "none", "target": 13, "source": 66}, {"op": "none", "target": 14, "source": 38}, {"op": "none", "target": 15, "source": 66}, {"op": "none", "target": 16, "source": 66}, {"op": "none", "target": 17, "source": 66}, {"op": "none", "target": 18, "source": 66}, {"op": "none", "target": 19, "source": 38}, {"op": "none", "target": 20, "source": 66}, {"op": "none", "target": 21, "source": 3}, {"op": "none", "target": 22, "source": 66}, {"op": "none", "target": 23, "source": 47}, {"op": "none", "target": 24, "source": 66}, {"op": "none", "target": 25, "source": 66}, {"op": "none", "target": 26, "source": 66}, {"op": "none", "target": 27, "source": 52}, {"op": "none", "target": 28, "source": 66}, {"op": "none", "target": 29, "source": 66}, {"op": "none", "target": 30, "source": 66}, {"op": "none", "target": 31, "source": 66}, {"op": "none", "target": 32, "source": 66}, {"op": "none", "target": 33, "source": 23}, {"op": "none", "target": 34, "source": 66}, {"op": "none", "target": 35, "source": 66}, {"op": "none", "target": 36, "source": 66}, {"op": "none", "target": 37, "source": 66}, {"op": "none", "target": 38, "source": 66}, {"op": "none", "target": 39, "source": 66}, {"op": "none", "target": 40, "source": 66}, {"op": "none", "target": 41, "source": 66}, {"op": "none", "target": 42, "source": 66}, {"op": "none", "target": 43, "source": 66}, {"op": "none", "target": 44, "source": 66}, {"op": "none", "target": 45, "source": 2}, {"op": "none", "target": 46, "source": 66}, {"op": "none", "target": 47, "source": 53}, {"op": "none", "target": 48, "source": 66}, {"op": "none", "target": 49, "source": 66}, {"op": "none", "target": 50, "source": 66}, {"op": "none", "target": 51, "source": 66}, {"op": "none", "target": 52, "source": 6}, {"op": "none", "target": 53, "source": 66}, {"op": "none", "target": 54, "source": 66}, {"op": "none", "target": 55, "source": 66}, {"op": "none", "target": 56, "source": 66}, {"op": "none", "target": 57, "source": 66}, {"op": "none", "target": 58, "source": 4}, {"op": "none", "target": 59, "source": 33}, {"op": "none", "target": 60, "source": 66}, {"op": "none", "target": 61, "source": 66}, {"op": "none", "target": 62, "source": 66}, {"op": "none", "target": 63, "source": 66}, {"op": "none", "target": 64, "source": 66}, {"op": "none", "target": 65, "source": 66}, {"op": "none", "target": 67, "source": 66}], "title": "_Australia's_Immigration_minister_Peter_Dutton_wants_this_photo_removed", "nodes": [{"id": "g1082_d2r1v8z", "comment": "http://i.imgur.com/7YJO03K.jpg", "date": "2016-05-03 10:47:43", "seriesname": "g1082_d2r1v8z", "file": "/media/jbrogan4/scratch2/Reddit_Prov_Dataset_v6/_Australia's_Immigration_minister_Peter_Dutton_wants_this_photo_removed/g1082_d2r1v8z.jpg", "URL": "http://i.imgur.com/7YJO03K.jpg", "fileid": "g1082_d2r1v8z.jpg"}, {"id": "g1082_d2rjwvy", "comment": "[\"That day, humanity remembered... the terror being ruled by them.\nThe Humiliation of being kept in a cage.\"](http://imgur.com/AINCh5o)", "date": "2016-05-03 17:17:55", "seriesname": "g1082_d2rjwvy", "file": "/media/jbrogan4/scratch2/Reddit_Prov_Dataset_v6/_Australia's_Immigration_minister_Peter_Dutton_wants_this_photo_removed/g1082_d2rjwvy.png", "URL": "http://i.imgur.com/AINCh5o.png", "fileid": "g1082_d2rjwvy.png"}, {"id": "g1082_d2qxmhm", "comment": "[I'm scared to close my eyes... and I'm scared to open them.](http://i.imgur.com/Bq9dWaR.jpg?1)", "date": "2016-05-03 08:51:34", "seriesname": "g1082_d2qxmhm", "file": "/media/jbrogan4/scratch2/Reddit_Prov_Dataset_v6/_Australia's_Immigration_minister_Peter_Dutton_wants_this_photo_removed/g1082_d2qxmhm.jpg", "URL": "http://i.imgur.com/Bq9dWaR.jpg?1", "fileid": "g1082_d2qxmhm.jpg"}, {"id": "g1082_d2qytwk", "comment": "This is really well done!\n\n*Edit: http://i.imgur.com/xqXrurk.jpg*", "date": "2016-05-03 09:29:11", "seriesname": "g1082_d2qytwk", "file": "/media/jbrogan4/scratch2/Reddit_Prov_Dataset_v6/_Australia's_Immigration_minister_Peter_Dutton_wants_this_photo_removed/g1082_d2qytwk.jpg", "URL": "http://i.imgur.com/xqXrurk.jpg*", "fileid": "g1082_d2qytwk.jpg*"}, {"id": "g1082_d2rzy2m", "comment": "[...Dooku](http://i.imgur.com/e8qYHI7.png)", "date": "2016-05-03 23:32:36", "seriesname": "g1082_d2rzy2m", "file": "/media/jbrogan4/scratch2/Reddit_Prov_Dataset_v6/_Australia's_Immigration_minister_Peter_Dutton_wants_this_photo_removed/g1082_d2rzy2m.png", "URL": "http://i.imgur.com/e8qYHI7.png", "fileid": "g1082_d2rzy2m.png"}, {"id": "g1082_d2qzk8n", "comment": "[In the year 2000...](http://i.imgur.com/CMVCA3y.png)", "date": "2016-05-03 09:49:58", "seriesname": "g1082_d2qzk8n", "file": "/media/jbrogan4/scratch2/Reddit_Prov_Dataset_v6/_Australia's_Immigration_minister_Peter_Dutton_wants_this_photo_removed/g1082_d2qzk8n.png", "URL": "http://i.imgur.com/CMVCA3y.png", "fileid": "g1082_d2qzk8n.png"}, {"id": "g1082_d2qvtft", "comment": "[The hero we do not need. Ever.](http://i.imgur.com/IC0vShk.jpg)", "date": "2016-05-03 07:41:42", "seriesname": "g1082_d2qvtft", "file": "/media/jbrogan4/scratch2/Reddit_Prov_Dataset_v6/_Australia's_Immigration_minister_Peter_Dutton_wants_this_photo_removed/g1082_d2qvtft.jpg", "URL": "http://i.imgur.com/IC0vShk.jpg", "fileid": "g1082_d2qvtft.jpg"}, {"id": "g1082_d2qysmn", "comment": "http://i.imgur.com/y3A97FU.jpg", "date": "2016-05-03 09:28:10", "seriesname": "g1082_d2qysmn", "file": "/media/jbrogan4/scratch2/Reddit_Prov_Dataset_v6/_Australia's_Immigration_minister_Peter_Dutton_wants_this_photo_removed/g1082_d2qysmn.jpg", "URL": "http://i.imgur.com/y3A97FU.jpg", "fileid": "g1082_d2qysmn.jpg"}, {"id": "g1082_d2qxn3a", "comment": "[\"I do wish we could chat longer, but i'm having an old friend for dinner.\"](https://imgur.com/cYf5rav.jpg)", "date": "2016-05-03 08:52:08", "seriesname": "g1082_d2qxn3a", "file": "/media/jbrogan4/scratch2/Reddit_Prov_Dataset_v6/_Australia's_Immigration_minister_Peter_Dutton_wants_this_photo_removed/g1082_d2qxn3a.jpg", "URL": "https://imgur.com/cYf5rav.jpg", "fileid": "g1082_d2qxn3a.jpg"}, {"id": "g1082_d2r9lsn", "comment": "\n[Immigration minister Peter Dutton](http://i.imgur.com/fZB8PrM.jpg)", "date": "2016-05-03 13:38:30", "seriesname": "g1082_d2r9lsn", "file": "/media/jbrogan4/scratch2/Reddit_Prov_Dataset_v6/_Australia's_Immigration_minister_Peter_Dutton_wants_this_photo_removed/g1082_d2r9lsn.jpg", "URL": "http://i.imgur.com/fZB8PrM.jpg", "fileid": "g1082_d2r9lsn.jpg"}, {"id": "g1082_d2qyi51", "comment": "[Remove my photo or else](http://imgur.com/wyhq0LZ)", "date": "2016-05-03 09:19:40", "seriesname": "g1082_d2qyi51", "file": "/media/jbrogan4/scratch2/Reddit_Prov_Dataset_v6/_Australia's_Immigration_minister_Peter_Dutton_wants_this_photo_removed/g1082_d2qyi51.png", "URL": "http://i.imgur.com/wyhq0LZ.png", "fileid": "g1082_d2qyi51.png"}, {"id": "g1082_d2qzwyh", "comment": "Drat!! Just had the [same idea] (http://i.imgur.com/f8mkTcw.jpg)!", "date": "2016-05-03 09:59:30", "seriesname": "g1082_d2qzwyh", "file": "/media/jbrogan4/scratch2/Reddit_Prov_Dataset_v6/_Australia's_Immigration_minister_Peter_Dutton_wants_this_photo_removed/g1082_d2qzwyh.jpg", "URL": "http://i.imgur.com/f8mkTcw.jpg)!", "fileid": "g1082_d2qzwyh.jpg!"}, {"id": "g1082_d2qz99r", "comment": "here's a smaller version http://i.imgur.com/YLVN0WP.jpg", "date": "2016-05-03 09:41:32", "seriesname": "g1082_d2qz99r", "file": "/media/jbrogan4/scratch2/Reddit_Prov_Dataset_v6/_Australia's_Immigration_minister_Peter_Dutton_wants_this_photo_removed/g1082_d2qz99r.jpg", "URL": "http://i.imgur.com/YLVN0WP.jpg", "fileid": "g1082_d2qz99r.jpg"}, {"id": "g1082_d2r07d8", "comment": "Come out of the closet: \n[You're the One That I Want](http://loopnroll.com/p/qKhGi) (music)\n\nand \n[silent](http://i.imgur.com/kBppgSf.gif)", "date": "2016-05-03 10:07:00", "seriesname": "g1082_d2r07d8", "file": "/media/jbrogan4/scratch2/Reddit_Prov_Dataset_v6/_Australia's_Immigration_minister_Peter_Dutton_wants_this_photo_removed/g1082_d2r07d8.jpg", "URL": "http://i.imgur.com/kBppgSf.gif", "fileid": "g1082_d2r07d8.gif"}, {"id": "g1082_d2ru8ud", "comment": "[Never posted here, it looked like it fit, I tried](http://imgur.com/VOORz8q)", "date": "2016-05-03 21:19:33", "seriesname": "g1082_d2ru8ud", "file": "/media/jbrogan4/scratch2/Reddit_Prov_Dataset_v6/_Australia's_Immigration_minister_Peter_Dutton_wants_this_photo_removed/g1082_d2ru8ud.png", "URL": "http://i.imgur.com/VOORz8q.png", "fileid": "g1082_d2ru8ud.png"}, {"id": "g1082_d2r0l6d", "comment": "http://imgur.com/1eUCBn9", "date": "2016-05-03 10:16:38", "seriesname": "g1082_d2r0l6d", "file": "/media/jbrogan4/scratch2/Reddit_Prov_Dataset_v6/_Australia's_Immigration_minister_Peter_Dutton_wants_this_photo_removed/g1082_d2r0l6d.png", "URL": "http://i.imgur.com/1eUCBn9.png", "fileid": "g1082_d2r0l6d.png"}, {"id": "g1082_d2rfu63", "comment": "[No thread is safe.](http://i.imgur.com/V5WLrXv.jpg)", "date": "2016-05-03 15:52:17", "seriesname": "g1082_d2rfu63", "file": "/media/jbrogan4/scratch2/Reddit_Prov_Dataset_v6/_Australia's_Immigration_minister_Peter_Dutton_wants_this_photo_removed/g1082_d2rfu63.jpg", "URL": "http://i.imgur.com/V5WLrXv.jpg", "fileid": "g1082_d2rfu63.jpg"}, {"id": "g1082_d2r4v7e", "comment": "[The Dutton Effect](http://i.imgur.com/bQ80de2.jpg)", "date": "2016-05-03 11:55:09", "seriesname": "g1082_d2r4v7e", "file": "/media/jbrogan4/scratch2/Reddit_Prov_Dataset_v6/_Australia's_Immigration_minister_Peter_Dutton_wants_this_photo_removed/g1082_d2r4v7e.jpg", "URL": "http://i.imgur.com/bQ80de2.jpg", "fileid": "g1082_d2r4v7e.jpg"}, {"id": "g1082_d2r1lfi", "comment": "[\"im in ur photoshops stealin ur pixels\"](http://i.imgur.com/52xnrKA.jpg)\n\n*[creation gif](http://i.imgur.com/FNTyqNi.gifv)*", "date": "2016-05-03 10:41:12", "seriesname": "g1082_d2r1lfi", "file": "/media/jbrogan4/scratch2/Reddit_Prov_Dataset_v6/_Australia's_Immigration_minister_Peter_Dutton_wants_this_photo_removed/g1082_d2r1lfi.jpg", "URL": "http://i.imgur.com/52xnrKA.jpg", "fileid": "g1082_d2r1lfi.jpg"}, {"id": "g1082_d2r6ifn", "comment": "[Didn't see anyone else do it...](http://i.imgur.com/OU65FUQ.png)", "date": "2016-05-03 12:31:11", "seriesname": "g1082_d2r6ifn", "file": "/media/jbrogan4/scratch2/Reddit_Prov_Dataset_v6/_Australia's_Immigration_minister_Peter_Dutton_wants_this_photo_removed/g1082_d2r6ifn.png", "URL": "http://i.imgur.com/OU65FUQ.png", "fileid": "g1082_d2r6ifn.png"}, {"id": "g1082_d2r30y6", "comment": "[Anon Dutton](http://imgur.com/ipp6vrM)", "date": "2016-05-03 11:14:39", "seriesname": "g1082_d2r30y6", "file": "/media/jbrogan4/scratch2/Reddit_Prov_Dataset_v6/_Australia's_Immigration_minister_Peter_Dutton_wants_this_photo_removed/g1082_d2r30y6.png", "URL": "http://i.imgur.com/ipp6vrM.png", "fileid": "g1082_d2r30y6.png"}, {"id": "g1082_d2qyvby", "comment": "That's very nice of you!\n\nWow, amazing work! Haha! &lt; Edit: http://i.imgur.com/xqXrurk.jpg", "date": "2016-05-03 09:30:21", "seriesname": "g1082_d2qyvby", "file": "/media/jbrogan4/scratch2/Reddit_Prov_Dataset_v6/_Australia's_Immigration_minister_Peter_Dutton_wants_this_photo_removed/g1082_d2qyvby.jpg", "URL": "http://i.imgur.com/xqXrurk.jpg", "fileid": "g1082_d2qyvby.jpg"}, {"id": "g1082_d2rj8io", "comment": "Ha, I did [almost the same thing.](http://i.imgur.com/Fd3PosA.jpg)", "date": "2016-05-03 17:02:53", "seriesname": "g1082_d2rj8io", "file": "/media/jbrogan4/scratch2/Reddit_Prov_Dataset_v6/_Australia's_Immigration_minister_Peter_Dutton_wants_this_photo_removed/g1082_d2rj8io.jpg", "URL": "http://i.imgur.com/Fd3PosA.jpg", "fileid": "g1082_d2rj8io.jpg"}, {"id": "g1082_d2rngpr", "comment": "[...of Monte Cristo](http://i.imgur.com/O9kojJu.jpg)", "date": "2016-05-03 18:41:35", "seriesname": "g1082_d2rngpr", "file": "/media/jbrogan4/scratch2/Reddit_Prov_Dataset_v6/_Australia's_Immigration_minister_Peter_Dutton_wants_this_photo_removed/g1082_d2rngpr.jpg", "URL": "http://i.imgur.com/O9kojJu.jpg", "fileid": "g1082_d2rngpr.jpg"}, {"id": "g1082_d2r2d4c", "comment": "Just add gamma rays\n\nhttp://i.imgur.com/LlJmOFk.jpg", "date": "2016-05-03 10:59:24", "seriesname": "g1082_d2r2d4c", "file": "/media/jbrogan4/scratch2/Reddit_Prov_Dataset_v6/_Australia's_Immigration_minister_Peter_Dutton_wants_this_photo_removed/g1082_d2r2d4c.jpg", "URL": "http://i.imgur.com/LlJmOFk.jpg", "fileid": "g1082_d2r2d4c.jpg"}, {"id": "g1082_d2r9a91", "comment": "[creepy locker room guy](http://i.imgur.com/8TXrFsI.jpg)", "date": "2016-05-03 13:31:27", "seriesname": "g1082_d2r9a91", "file": "/media/jbrogan4/scratch2/Reddit_Prov_Dataset_v6/_Australia's_Immigration_minister_Peter_Dutton_wants_this_photo_removed/g1082_d2r9a91.jpg", "URL": "http://i.imgur.com/8TXrFsI.jpg", "fileid": "g1082_d2r9a91.jpg"}, {"id": "g1082_d2r2p4m", "comment": "[Tribal](http://i.imgur.com/GciO6Ff.jpg?1)", "date": "2016-05-03 11:07:14", "seriesname": "g1082_d2r2p4m", "file": "/media/jbrogan4/scratch2/Reddit_Prov_Dataset_v6/_Australia's_Immigration_minister_Peter_Dutton_wants_this_photo_removed/g1082_d2r2p4m.jpg", "URL": "http://i.imgur.com/GciO6Ff.jpg?1", "fileid": "g1082_d2r2p4m.jpg"}, {"id": "g1082_d2rba9i", "comment": "[Look! He's alive and well!](http://imgur.com/FXc8Te9)", "date": "2016-05-03 14:14:18", "seriesname": "g1082_d2rba9i", "file": "/media/jbrogan4/scratch2/Reddit_Prov_Dataset_v6/_Australia's_Immigration_minister_Peter_Dutton_wants_this_photo_removed/g1082_d2rba9i.png", "URL": "http://i.imgur.com/FXc8Te9.png", "fileid": "g1082_d2rba9i.png"}, {"id": "g1082_d2qxobc", "comment": "[...and that's when they realized that the call was coming from inside the house!](http://i.imgur.com/HoAfSJJ.jpg)", "date": "2016-05-03 08:53:16", "seriesname": "g1082_d2qxobc", "file": "/media/jbrogan4/scratch2/Reddit_Prov_Dataset_v6/_Australia's_Immigration_minister_Peter_Dutton_wants_this_photo_removed/g1082_d2qxobc.jpg", "URL": "http://i.imgur.com/HoAfSJJ.jpg", "fileid": "g1082_d2qxobc.jpg"}, {"id": "g1082_d2qxfyr", "comment": "[just fitted him.](http://i.imgur.com/nzFovxH.jpg)\n\n\nEDIT: made it smaller.\n\ndunno why it was so big.", "date": "2016-05-03 08:45:25", "seriesname": "g1082_d2qxfyr", "file": "/media/jbrogan4/scratch2/Reddit_Prov_Dataset_v6/_Australia's_Immigration_minister_Peter_Dutton_wants_this_photo_removed/g1082_d2qxfyr.jpg", "URL": "http://i.imgur.com/nzFovxH.jpg", "fileid": "g1082_d2qxfyr.jpg"}, {"id": "g1082_d2qx92y", "comment": "[Galileo Figaro](http://imgur.com/AZHi50U)", "date": "2016-05-03 08:38:51", "seriesname": "g1082_d2qx92y", "file": "/media/jbrogan4/scratch2/Reddit_Prov_Dataset_v6/_Australia's_Immigration_minister_Peter_Dutton_wants_this_photo_removed/g1082_d2qx92y.png", "URL": "http://i.imgur.com/AZHi50U.png", "fileid": "g1082_d2qx92y.png"}, {"id": "g1082_d2raq9q", "comment": "literally the first time I have ever used photoshop. Be gentle.\n\nhttp://imgur.com/M6Fum79", "date": "2016-05-03 14:02:20", "seriesname": "g1082_d2raq9q", "file": "/media/jbrogan4/scratch2/Reddit_Prov_Dataset_v6/_Australia's_Immigration_minister_Peter_Dutton_wants_this_photo_removed/g1082_d2raq9q.png", "URL": "http://i.imgur.com/M6Fum79.png", "fileid": "g1082_d2raq9q.png"}, {"id": "g1082_d2r0d3g", "comment": "[You Know His Name](http://i.imgur.com/ebDNtFD.jpg)", "date": "2016-05-03 10:11:03", "seriesname": "g1082_d2r0d3g", "file": "/media/jbrogan4/scratch2/Reddit_Prov_Dataset_v6/_Australia's_Immigration_minister_Peter_Dutton_wants_this_photo_removed/g1082_d2r0d3g.jpg", "URL": "http://i.imgur.com/ebDNtFD.jpg", "fileid": "g1082_d2r0d3g.jpg"}, {"id": "g1082_d2rqcuh", "comment": "[...von Count](http://i.imgur.com/w2uU82w.jpg)", "date": "2016-05-03 19:51:24", "seriesname": "g1082_d2rqcuh", "file": "/media/jbrogan4/scratch2/Reddit_Prov_Dataset_v6/_Australia's_Immigration_minister_Peter_Dutton_wants_this_photo_removed/g1082_d2rqcuh.jpg", "URL": "http://i.imgur.com/w2uU82w.jpg", "fileid": "g1082_d2rqcuh.jpg"}, {"id": "g1082_d2r3agx", "comment": "http://i.imgur.com/7Kme8px.png", "date": "2016-05-03 11:20:36", "seriesname": "g1082_d2r3agx", "file": "/media/jbrogan4/scratch2/Reddit_Prov_Dataset_v6/_Australia's_Immigration_minister_Peter_Dutton_wants_this_photo_removed/g1082_d2r3agx.png", "URL": "http://i.imgur.com/7Kme8px.png", "fileid": "g1082_d2r3agx.png"}, {"id": "g1082_d2r2rsb", "comment": "[Things have gotten much worse in Australia since Mad Peter started censoring the internet](http://i.imgur.com/p6hBZOV.jpg)", "date": "2016-05-03 11:08:54", "seriesname": "g1082_d2r2rsb", "file": "/media/jbrogan4/scratch2/Reddit_Prov_Dataset_v6/_Australia's_Immigration_minister_Peter_Dutton_wants_this_photo_removed/g1082_d2r2rsb.jpg", "URL": "http://i.imgur.com/p6hBZOV.jpg", "fileid": "g1082_d2r2rsb.jpg"}, {"id": "g1082_d2qyxha", "comment": "[Darth Dutton](http://i.imgur.com/A2raUPP.jpg)", "date": "2016-05-03 09:32:06", "seriesname": "g1082_d2qyxha", "file": "/media/jbrogan4/scratch2/Reddit_Prov_Dataset_v6/_Australia's_Immigration_minister_Peter_Dutton_wants_this_photo_removed/g1082_d2qyxha.jpg", "URL": "http://i.imgur.com/A2raUPP.jpg", "fileid": "g1082_d2qyxha.jpg"}, {"id": "g1082_d2r39s2", "comment": "[Tim the Toolman Taylor &amp; Wilson](http://imgur.com/1EoCETn)", "date": "2016-05-03 11:20:11", "seriesname": "g1082_d2r39s2", "file": "/media/jbrogan4/scratch2/Reddit_Prov_Dataset_v6/_Australia's_Immigration_minister_Peter_Dutton_wants_this_photo_removed/g1082_d2r39s2.png", "URL": "http://i.imgur.com/1EoCETn.png", "fileid": "g1082_d2r39s2.png"}, {"id": "g1082_d2qwvkc", "comment": "http://i.imgur.com/CPcQiIo.jpg\n\nEdit: [I promise I saw it mum, look i drew a picture](http://i.imgur.com/WI7Epoe.jpg)", "date": "2016-05-03 08:25:13", "seriesname": "g1082_d2qwvkc", "file": "/media/jbrogan4/scratch2/Reddit_Prov_Dataset_v6/_Australia's_Immigration_minister_Peter_Dutton_wants_this_photo_removed/g1082_d2qwvkc.jpg", "URL": "http://i.imgur.com/WI7Epoe.jpg", "fileid": "g1082_d2qwvkc.jpg"}, {"id": "g1082_d2r37tp", "comment": "http://i.imgur.com/wyADWnC.jpg", "date": "2016-05-03 11:18:56", "seriesname": "g1082_d2r37tp", "file": "/media/jbrogan4/scratch2/Reddit_Prov_Dataset_v6/_Australia's_Immigration_minister_Peter_Dutton_wants_this_photo_removed/g1082_d2r37tp.jpg", "URL": "http://i.imgur.com/wyADWnC.jpg", "fileid": "g1082_d2r37tp.jpg"}, {"id": "g1082_d2r2uhq", "comment": "[He Who Must Not Be Re-Elected](http://i.imgur.com/vvig1bG.jpg)", "date": "2016-05-03 11:10:38", "seriesname": "g1082_d2r2uhq", "file": "/media/jbrogan4/scratch2/Reddit_Prov_Dataset_v6/_Australia's_Immigration_minister_Peter_Dutton_wants_this_photo_removed/g1082_d2r2uhq.jpg", "URL": "http://i.imgur.com/vvig1bG.jpg", "fileid": "g1082_d2r2uhq.jpg"}, {"id": "g1082_d2r0tz2", "comment": "http://imgur.com/b7Y7LHM\nThe only way I could get him to appear to show any empathy was by turning the top half of his head upside down.", "date": "2016-05-03 10:22:47", "seriesname": "g1082_d2r0tz2", "file": "/media/jbrogan4/scratch2/Reddit_Prov_Dataset_v6/_Australia's_Immigration_minister_Peter_Dutton_wants_this_photo_removed/g1082_d2r0tz2.png", "URL": "http://i.imgur.com/b7Y7LHM.png", "fileid": "g1082_d2r0tz2.png"}, {"id": "g1082_d2r0ags", "comment": "[Rangers, you must act swiftly, Australia is in grave danger!](http://i.imgur.com/bly5Hez.jpg)", "date": "2016-05-03 10:09:12", "seriesname": "g1082_d2r0ags", "file": "/media/jbrogan4/scratch2/Reddit_Prov_Dataset_v6/_Australia's_Immigration_minister_Peter_Dutton_wants_this_photo_removed/g1082_d2r0ags.jpg", "URL": "http://i.imgur.com/bly5Hez.jpg", "fileid": "g1082_d2r0ags.jpg"}, {"id": "g1082_d2r00ig", "comment": "http://i.imgur.com/RdUnggk.jpg", "date": "2016-05-03 10:02:04", "seriesname": "g1082_d2r00ig", "file": "/media/jbrogan4/scratch2/Reddit_Prov_Dataset_v6/_Australia's_Immigration_minister_Peter_Dutton_wants_this_photo_removed/g1082_d2r00ig.jpg", "URL": "http://i.imgur.com/RdUnggk.jpg", "fileid": "g1082_d2r00ig.jpg"}, {"id": "g1082_d2r62wn", "comment": "[Koala, kree! Find where the Tau'ri are hiding!](http://i.imgur.com/nL1HiJs.jpg)", "date": "2016-05-03 12:21:48", "seriesname": "g1082_d2r62wn", "file": "/media/jbrogan4/scratch2/Reddit_Prov_Dataset_v6/_Australia's_Immigration_minister_Peter_Dutton_wants_this_photo_removed/g1082_d2r62wn.jpg", "URL": "http://i.imgur.com/nL1HiJs.jpg", "fileid": "g1082_d2r62wn.jpg"}, {"id": "g1082_d2rokh4", "comment": "[Spent two hours on it.](http://i.imgur.com/asmLk96.png)\n\nEDIT: Fixed because apparently I can't read.", "date": "2016-05-03 19:08:32", "seriesname": "g1082_d2rokh4", "file": "/media/jbrogan4/scratch2/Reddit_Prov_Dataset_v6/_Australia's_Immigration_minister_Peter_Dutton_wants_this_photo_removed/g1082_d2rokh4.png", "URL": "http://i.imgur.com/asmLk96.png", "fileid": "g1082_d2rokh4.png"}, {"id": "g1082_d2rw1if", "comment": "[Deporting Jo](http://i.imgur.com/JCrVNuG.jpg)", "date": "2016-05-03 22:00:17", "seriesname": "g1082_d2rw1if", "file": "/media/jbrogan4/scratch2/Reddit_Prov_Dataset_v6/_Australia's_Immigration_minister_Peter_Dutton_wants_this_photo_removed/g1082_d2rw1if.jpg", "URL": "http://i.imgur.com/JCrVNuG.jpg", "fileid": "g1082_d2rw1if.jpg"}, {"id": "g1082_d2qzzc8", "comment": "[...Chocula](http://i.imgur.com/RutzLng.jpg)", "date": "2016-05-03 10:01:12", "seriesname": "g1082_d2qzzc8", "file": "/media/jbrogan4/scratch2/Reddit_Prov_Dataset_v6/_Australia's_Immigration_minister_Peter_Dutton_wants_this_photo_removed/g1082_d2qzzc8.jpg", "URL": "http://i.imgur.com/RutzLng.jpg", "fileid": "g1082_d2qzzc8.jpg"}, {"id": "g1082_d2qw481", "comment": "[Lord Dutton](http://imgur.com/ZpucIBf)", "date": "2016-05-03 07:55:13", "seriesname": "g1082_d2qw481", "file": "/media/jbrogan4/scratch2/Reddit_Prov_Dataset_v6/_Australia's_Immigration_minister_Peter_Dutton_wants_this_photo_removed/g1082_d2qw481.png", "URL": "http://i.imgur.com/ZpucIBf.png", "fileid": "g1082_d2qw481.png"}, {"id": "g1082_d2r8i7z", "comment": "[*\"Use your aggressive feelings, boy...\"*](http://i.imgur.com/dzulUMN.png)", "date": "2016-05-03 13:14:43", "seriesname": "g1082_d2r8i7z", "file": "/media/jbrogan4/scratch2/Reddit_Prov_Dataset_v6/_Australia's_Immigration_minister_Peter_Dutton_wants_this_photo_removed/g1082_d2r8i7z.png", "URL": "http://i.imgur.com/dzulUMN.png", "fileid": "g1082_d2r8i7z.png"}, {"id": "g1082_d2qx2nu", "comment": "http://i.imgur.com/klyCAGT.jpg", "date": "2016-05-03 08:32:26", "seriesname": "g1082_d2qx2nu", "file": "/media/jbrogan4/scratch2/Reddit_Prov_Dataset_v6/_Australia's_Immigration_minister_Peter_Dutton_wants_this_photo_removed/g1082_d2qx2nu.jpg", "URL": "http://i.imgur.com/klyCAGT.jpg", "fileid": "g1082_d2qx2nu.jpg"}, {"id": "g1082_d2rf3al", "comment": "[I want everyone to remember WHY. THEY. NEED. US!](http://i.imgur.com/YBuFRfS.jpg)", "date": "2016-05-03 15:36:08", "seriesname": "g1082_d2rf3al", "file": "/media/jbrogan4/scratch2/Reddit_Prov_Dataset_v6/_Australia's_Immigration_minister_Peter_Dutton_wants_this_photo_removed/g1082_d2rf3al.jpg", "URL": "http://i.imgur.com/YBuFRfS.jpg", "fileid": "g1082_d2rf3al.jpg"}, {"id": "g1082_d2r0j8m", "comment": "[*I do not know what stones you talk about.*](http://i.imgur.com/qmUeD4b.jpg)", "date": "2016-05-03 10:15:19", "seriesname": "g1082_d2r0j8m", "file": "/media/jbrogan4/scratch2/Reddit_Prov_Dataset_v6/_Australia's_Immigration_minister_Peter_Dutton_wants_this_photo_removed/g1082_d2r0j8m.jpg", "URL": "http://i.imgur.com/qmUeD4b.jpg", "fileid": "g1082_d2r0j8m.jpg"}, {"id": "g1082_d2qw5py", "comment": "[The Count](http://i.imgur.com/gsK75B1.jpg)", "date": "2016-05-03 07:56:57", "seriesname": "g1082_d2qw5py", "file": "/media/jbrogan4/scratch2/Reddit_Prov_Dataset_v6/_Australia's_Immigration_minister_Peter_Dutton_wants_this_photo_removed/g1082_d2qw5py.jpg", "URL": "http://i.imgur.com/gsK75B1.jpg", "fileid": "g1082_d2qw5py.jpg"}, {"id": "g1082_d2qyxl7", "comment": "http://imgur.com/Kwta61Q", "date": "2016-05-03 09:32:10", "seriesname": "g1082_d2qyxl7", "file": "/media/jbrogan4/scratch2/Reddit_Prov_Dataset_v6/_Australia's_Immigration_minister_Peter_Dutton_wants_this_photo_removed/g1082_d2qyxl7.png", "URL": "http://i.imgur.com/Kwta61Q.png", "fileid": "g1082_d2qyxl7.png"}, {"id": "g1082_d2r4wd6", "comment": "[The child......](http://imgur.com/vBHtHcd)", "date": "2016-05-03 11:55:51", "seriesname": "g1082_d2r4wd6", "file": "/media/jbrogan4/scratch2/Reddit_Prov_Dataset_v6/_Australia's_Immigration_minister_Peter_Dutton_wants_this_photo_removed/g1082_d2r4wd6.png", "URL": "http://i.imgur.com/vBHtHcd.png", "fileid": "g1082_d2r4wd6.png"}, {"id": "g1082_d2r5ft1", "comment": "[I'm sorry I have no photoshop but I need this guys](http://imgur.com/pZuG1PF) oh man, what have I done", "date": "2016-05-03 12:07:41", "seriesname": "g1082_d2r5ft1", "file": "/media/jbrogan4/scratch2/Reddit_Prov_Dataset_v6/_Australia's_Immigration_minister_Peter_Dutton_wants_this_photo_removed/g1082_d2r5ft1.png", "URL": "http://i.imgur.com/pZuG1PF.png", "fileid": "g1082_d2r5ft1.png"}, {"id": "g1082_d2r1nmb", "comment": "http://i.imgur.com/6blCZHy.jpg\n\n\"would you f*ck me?.. i'd f*ck me so hard..\"", "date": "2016-05-03 10:42:43", "seriesname": "g1082_d2r1nmb", "file": "/media/jbrogan4/scratch2/Reddit_Prov_Dataset_v6/_Australia's_Immigration_minister_Peter_Dutton_wants_this_photo_removed/g1082_d2r1nmb.jpg", "URL": "http://i.imgur.com/6blCZHy.jpg", "fileid": "g1082_d2r1nmb.jpg"}, {"id": "g1082_d2s20q9", "comment": "[...ry Superstar](http://i.imgur.com/NTUpbST.jpg)", "date": "2016-05-04 00:32:03", "seriesname": "g1082_d2s20q9", "file": "/media/jbrogan4/scratch2/Reddit_Prov_Dataset_v6/_Australia's_Immigration_minister_Peter_Dutton_wants_this_photo_removed/g1082_d2s20q9.jpg", "URL": "http://i.imgur.com/NTUpbST.jpg", "fileid": "g1082_d2s20q9.jpg"}, {"id": "g1082_d2rtmnh", "comment": "[...er-Terrorists Win.](http://i.imgur.com/2k2IU7P.jpg)", "date": "2016-05-03 21:05:41", "seriesname": "g1082_d2rtmnh", "file": "/media/jbrogan4/scratch2/Reddit_Prov_Dataset_v6/_Australia's_Immigration_minister_Peter_Dutton_wants_this_photo_removed/g1082_d2rtmnh.jpg", "URL": "http://i.imgur.com/2k2IU7P.jpg", "fileid": "g1082_d2rtmnh.jpg"}, {"id": "g1082_d2qytef", "comment": "[There's someone standing at the window](http://imgur.com/rWHiw27)", "date": "2016-05-03 09:28:46", "seriesname": "g1082_d2qytef", "file": "/media/jbrogan4/scratch2/Reddit_Prov_Dataset_v6/_Australia's_Immigration_minister_Peter_Dutton_wants_this_photo_removed/g1082_d2qytef.png", "URL": "http://i.imgur.com/rWHiw27.png", "fileid": "g1082_d2qytef.png"}, {"id": "g1082_d2qz9bz", "comment": "[Nosferatu](http://i.imgur.com/fencbmQ.jpg)", "date": "2016-05-03 09:41:35", "seriesname": "g1082_d2qz9bz", "file": "/media/jbrogan4/scratch2/Reddit_Prov_Dataset_v6/_Australia's_Immigration_minister_Peter_Dutton_wants_this_photo_removed/g1082_d2qz9bz.jpg", "URL": "http://i.imgur.com/fencbmQ.jpg", "fileid": "g1082_d2qz9bz.jpg"}, {"id": "g1082_d2r0uol", "comment": "[His dirty secret](http://i.imgur.com/2TNhZ1a.png)", "date": "2016-05-03 10:23:16", "seriesname": "g1082_d2r0uol", "file": "/media/jbrogan4/scratch2/Reddit_Prov_Dataset_v6/_Australia's_Immigration_minister_Peter_Dutton_wants_this_photo_removed/g1082_d2r0uol.png", "URL": "http://i.imgur.com/2TNhZ1a.png", "fileid": "g1082_d2r0uol.png"}, {"id": "g1082_d2rorgl", "comment": "The [real reason](http://i.imgur.com/En8Qivh.jpg) for the bad lighting.", "date": "2016-05-03 19:13:12", "seriesname": "g1082_d2rorgl", "file": "/media/jbrogan4/scratch2/Reddit_Prov_Dataset_v6/_Australia's_Immigration_minister_Peter_Dutton_wants_this_photo_removed/g1082_d2rorgl.jpg", "URL": "http://i.imgur.com/En8Qivh.jpg", "fileid": "g1082_d2rorgl.jpg"}, {"id": "g1082_d2qzyvb", "comment": "http://ilsoe.org/r/Idontwannaclosemyeyes.jpg", "date": "2016-05-03 10:00:52", "seriesname": "g1082_d2qzyvb", "file": "/media/jbrogan4/scratch2/Reddit_Prov_Dataset_v6/_Australia's_Immigration_minister_Peter_Dutton_wants_this_photo_removed/g1082_d2qzyvb.jpg", "URL": "http://ilsoe.org/r/Idontwannaclosemyeyes.jpg", "fileid": "g1082_d2qzyvb.jpg"}, {"id": "g1082_d2r287z", "comment": "Just a quickie but It came to mind\n\nhttp://imgur.com/aWn3QS3", "date": "2016-05-03 10:56:14", "seriesname": "g1082_d2r287z", "file": "/media/jbrogan4/scratch2/Reddit_Prov_Dataset_v6/_Australia's_Immigration_minister_Peter_Dutton_wants_this_photo_removed/g1082_d2r287z.png", "URL": "http://i.imgur.com/aWn3QS3.png", "fileid": "g1082_d2r287z.png"}, {"id": "g1082_root", "comment": "", "date": "2016-05-03 07:10:28", "seriesname": "g1082_root", "file": "/media/jbrogan4/scratch2/Reddit_Prov_Dataset_v6/_Australia's_Immigration_minister_Peter_Dutton_wants_this_photo_removed/g1082_root.jpg", "URL": "http://i.imgur.com/8vViz1f.jpg", "fileid": "g1082_root.jpg"}, {"id": "g1082_d2qxxo8", "comment": "[Frank?](http://imgur.com/wBi7FyJ)\n\nFirst time ever messing around with image editing tools. I'm sure someone could do a better job of this. ", "date": "2016-05-03 09:01:52", "seriesname": "g1082_d2qxxo8", "file": "/media/jbrogan4/scratch2/Reddit_Prov_Dataset_v6/_Australia's_Immigration_minister_Peter_Dutton_wants_this_photo_removed/g1082_d2qxxo8.png", "URL": "http://i.imgur.com/wBi7FyJ.png", "fileid": "g1082_d2qxxo8.png"}], "graph": {"name": "g1082_root"}, "directed": true}