{"links": [{"op": "none", "target": 0, "source": 47}, {"op": "none", "target": 1, "source": 47}, {"op": "none", "target": 2, "source": 47}, {"op": "none", "target": 3, "source": 47}, {"op": "none", "target": 4, "source": 7}, {"op": "none", "target": 5, "source": 45}, {"op": "none", "target": 6, "source": 47}, {"op": "none", "target": 7, "source": 47}, {"op": "none", "target": 8, "source": 47}, {"op": "none", "target": 9, "source": 47}, {"op": "none", "target": 10, "source": 47}, {"op": "none", "target": 11, "source": 47}, {"op": "none", "target": 12, "source": 47}, {"op": "none", "target": 13, "source": 11}, {"op": "none", "target": 14, "source": 47}, {"op": "none", "target": 15, "source": 47}, {"op": "none", "target": 16, "source": 47}, {"op": "none", "target": 17, "source": 47}, {"op": "none", "target": 18, "source": 47}, {"op": "none", "target": 19, "source": 47}, {"op": "none", "target": 20, "source": 47}, {"op": "none", "target": 21, "source": 26}, {"op": "none", "target": 22, "source": 47}, {"op": "none", "target": 23, "source": 47}, {"op": "none", "target": 24, "source": 47}, {"op": "none", "target": 25, "source": 47}, {"op": "none", "target": 26, "source": 47}, {"op": "none", "target": 27, "source": 47}, {"op": "none", "target": 28, "source": 47}, {"op": "none", "target": 29, "source": 47}, {"op": "none", "target": 30, "source": 5}, {"op": "none", "target": 31, "source": 47}, {"op": "none", "target": 32, "source": 1}, {"op": "none", "target": 33, "source": 47}, {"op": "none", "target": 34, "source": 6}, {"op": "none", "target": 35, "source": 47}, {"op": "none", "target": 36, "source": 47}, {"op": "none", "target": 37, "source": 47}, {"op": "none", "target": 38, "source": 24}, {"op": "none", "target": 39, "source": 47}, {"op": "none", "target": 40, "source": 47}, {"op": "none", "target": 41, "source": 47}, {"op": "none", "target": 42, "source": 47}, {"op": "none", "target": 43, "source": 47}, {"op": "none", "target": 44, "source": 47}, {"op": "none", "target": 45, "source": 47}, {"op": "none", "target": 46, "source": 47}], "title": "_This_smiling_bear_enjoying_the_scenery", "nodes": [{"id": "g1084_cx7bbi6", "comment": "[Enjoying  a weird hot tub](http://i.imgur.com/hQECwMr.jpg)", "date": "2015-11-20 16:07:25", "seriesname": "g1084_cx7bbi6", "file": "/media/jbrogan4/scratch2/Reddit_Prov_Dataset_v6/_This_smiling_bear_enjoying_the_scenery/g1084_cx7bbi6.jpg", "URL": "http://i.imgur.com/hQECwMr.jpg", "fileid": "g1084_cx7bbi6.jpg"}, {"id": "g1084_cx76hwo", "comment": "[when the hunters go hunting...](http://imgur.com/gML2btx)", "date": "2015-11-20 14:03:24", "seriesname": "g1084_cx76hwo", "file": "/media/jbrogan4/scratch2/Reddit_Prov_Dataset_v6/_This_smiling_bear_enjoying_the_scenery/g1084_cx76hwo.png", "URL": "http://i.imgur.com/gML2btx.png", "fileid": "g1084_cx76hwo.png"}, {"id": "g1084_cx7r4y7", "comment": "http://imgur.com/XokGlFJ hopefully im not too late ", "date": "2015-11-21 01:06:57", "seriesname": "g1084_cx7r4y7", "file": "/media/jbrogan4/scratch2/Reddit_Prov_Dataset_v6/_This_smiling_bear_enjoying_the_scenery/g1084_cx7r4y7.png", "URL": "http://i.imgur.com/XokGlFJ.png", "fileid": "g1084_cx7r4y7.png"}, {"id": "g1084_cx7ev2r", "comment": "[Miley Bear](http://i.imgur.com/XJ6ujQ3.jpg)", "date": "2015-11-20 17:45:59", "seriesname": "g1084_cx7ev2r", "file": "/media/jbrogan4/scratch2/Reddit_Prov_Dataset_v6/_This_smiling_bear_enjoying_the_scenery/g1084_cx7ev2r.jpg", "URL": "http://i.imgur.com/XJ6ujQ3.jpg", "fileid": "g1084_cx7ev2r.jpg"}, {"id": "g1084_cx7ht6v", "comment": "[Your wish is my command.](http://imgur.com/fGNSxb4.jpg)", "date": "2015-11-20 19:18:35", "seriesname": "g1084_cx7ht6v", "file": "/media/jbrogan4/scratch2/Reddit_Prov_Dataset_v6/_This_smiling_bear_enjoying_the_scenery/g1084_cx7ht6v.jpg", "URL": "http://imgur.com/fGNSxb4.jpg", "fileid": "g1084_cx7ht6v.jpg"}, {"id": "g1084_cx7bk67", "comment": "[Seems legit](http://i.imgur.com/C6QDy8Z.jpg)", "date": "2015-11-20 16:13:57", "seriesname": "g1084_cx7bk67", "file": "/media/jbrogan4/scratch2/Reddit_Prov_Dataset_v6/_This_smiling_bear_enjoying_the_scenery/g1084_cx7bk67.jpg", "URL": "http://i.imgur.com/C6QDy8Z.jpg", "fileid": "g1084_cx7bk67.jpg"}, {"id": "g1084_cx77jqv", "comment": "[The new face of Charmin](http://i.imgur.com/tiWjCKl.jpg)", "date": "2015-11-20 14:30:18", "seriesname": "g1084_cx77jqv", "file": "/media/jbrogan4/scratch2/Reddit_Prov_Dataset_v6/_This_smiling_bear_enjoying_the_scenery/g1084_cx77jqv.jpg", "URL": "http://i.imgur.com/tiWjCKl.jpg", "fileid": "g1084_cx77jqv.jpg"}, {"id": "g1084_cx7cs60", "comment": "[The best bench he's ever sat on.](http://i.imgur.com/QqrWDAZ.jpg)", "date": "2015-11-20 16:46:53", "seriesname": "g1084_cx7cs60", "file": "/media/jbrogan4/scratch2/Reddit_Prov_Dataset_v6/_This_smiling_bear_enjoying_the_scenery/g1084_cx7cs60.jpg", "URL": "http://i.imgur.com/QqrWDAZ.jpg", "fileid": "g1084_cx7cs60.jpg"}, {"id": "g1084_cx7c3xo", "comment": "[You like bear?](http://i.imgur.com/nBlzbzq.jpg)", "date": "2015-11-20 16:28:30", "seriesname": "g1084_cx7c3xo", "file": "/media/jbrogan4/scratch2/Reddit_Prov_Dataset_v6/_This_smiling_bear_enjoying_the_scenery/g1084_cx7c3xo.jpg", "URL": "http://i.imgur.com/nBlzbzq.jpg", "fileid": "g1084_cx7c3xo.jpg"}, {"id": "g1084_cx7bob9", "comment": "[Third wheel bear](http://imgur.com/PzrCzqt)", "date": "2015-11-20 16:17:00", "seriesname": "g1084_cx7bob9", "file": "/media/jbrogan4/scratch2/Reddit_Prov_Dataset_v6/_This_smiling_bear_enjoying_the_scenery/g1084_cx7bob9.png", "URL": "http://i.imgur.com/PzrCzqt.png", "fileid": "g1084_cx7bob9.png"}, {"id": "g1084_cx7hpol", "comment": "[Phuc Dat Bear](http://imgur.com/dp5zTe9)", "date": "2015-11-20 19:15:23", "seriesname": "g1084_cx7hpol", "file": "/media/jbrogan4/scratch2/Reddit_Prov_Dataset_v6/_This_smiling_bear_enjoying_the_scenery/g1084_cx7hpol.png", "URL": "http://i.imgur.com/dp5zTe9.png", "fileid": "g1084_cx7hpol.png"}, {"id": "g1084_cx76h8e", "comment": "[we all know what he's doing under there](http://imgur.com/nclN11R)", "date": "2015-11-20 14:02:54", "seriesname": "g1084_cx76h8e", "file": "/media/jbrogan4/scratch2/Reddit_Prov_Dataset_v6/_This_smiling_bear_enjoying_the_scenery/g1084_cx76h8e.png", "URL": "http://i.imgur.com/nclN11R.png", "fileid": "g1084_cx76h8e.png"}, {"id": "g1084_cx79os1", "comment": "[Yeah I'm gonna need you to come in on Saturday](http://i.imgur.com/bkgo1w5.jpg)", "date": "2015-11-20 15:24:55", "seriesname": "g1084_cx79os1", "file": "/media/jbrogan4/scratch2/Reddit_Prov_Dataset_v6/_This_smiling_bear_enjoying_the_scenery/g1084_cx79os1.jpg", "URL": "http://i.imgur.com/bkgo1w5.jpg", "fileid": "g1084_cx79os1.jpg"}, {"id": "g1084_cx7gaxi", "comment": "http://i.imgur.com/B3dcH7B.jpg?1", "date": "2015-11-20 18:30:16", "seriesname": "g1084_cx7gaxi", "file": "/media/jbrogan4/scratch2/Reddit_Prov_Dataset_v6/_This_smiling_bear_enjoying_the_scenery/g1084_cx7gaxi.jpg", "URL": "http://i.imgur.com/B3dcH7B.jpg?1", "fileid": "g1084_cx7gaxi.jpg"}, {"id": "g1084_cx7hnvp", "comment": "[How about we skip the ticket and I just give you a hug?](http://i.imgur.com/JPDp4oU.jpg)", "date": "2015-11-20 19:13:45", "seriesname": "g1084_cx7hnvp", "file": "/media/jbrogan4/scratch2/Reddit_Prov_Dataset_v6/_This_smiling_bear_enjoying_the_scenery/g1084_cx7hnvp.jpg", "URL": "http://i.imgur.com/JPDp4oU.jpg", "fileid": "g1084_cx7hnvp.jpg"}, {"id": "g1084_cx7b53q", "comment": "http://i.imgur.com/WPSTyHC.jpg", "date": "2015-11-20 16:02:42", "seriesname": "g1084_cx7b53q", "file": "/media/jbrogan4/scratch2/Reddit_Prov_Dataset_v6/_This_smiling_bear_enjoying_the_scenery/g1084_cx7b53q.jpg", "URL": "http://i.imgur.com/WPSTyHC.jpg", "fileid": "g1084_cx7b53q.jpg"}, {"id": "g1084_cx7tts5", "comment": "[girls](http://imgur.com/Im739Ga)", "date": "2015-11-21 03:41:20", "seriesname": "g1084_cx7tts5", "file": "/media/jbrogan4/scratch2/Reddit_Prov_Dataset_v6/_This_smiling_bear_enjoying_the_scenery/g1084_cx7tts5.png", "URL": "http://i.imgur.com/Im739Ga.png", "fileid": "g1084_cx7tts5.png"}, {"id": "g1084_cx79yes", "comment": "[Survivorman: Master of disguise](http://i.imgur.com/eqCWqlW.jpg)", "date": "2015-11-20 15:31:52", "seriesname": "g1084_cx79yes", "file": "/media/jbrogan4/scratch2/Reddit_Prov_Dataset_v6/_This_smiling_bear_enjoying_the_scenery/g1084_cx79yes.jpg", "URL": "http://i.imgur.com/eqCWqlW.jpg", "fileid": "g1084_cx79yes.jpg"}, {"id": "g1084_cx79zlz", "comment": "Nicki Minaj loves bears - http://i.imgur.com/8SLEk6J.jpg", "date": "2015-11-20 15:32:44", "seriesname": "g1084_cx79zlz", "file": "/media/jbrogan4/scratch2/Reddit_Prov_Dataset_v6/_This_smiling_bear_enjoying_the_scenery/g1084_cx79zlz.jpg", "URL": "http://i.imgur.com/8SLEk6J.jpg", "fileid": "g1084_cx79zlz.jpg"}, {"id": "g1084_cx7ha6j", "comment": "[\"No, don't try and talk me out of it, I just can't...bear it anymore!\"](http://i.imgur.com/xNp3EPb.jpg)\n\n\"Dammit Ben, enough with the shitty bear puns!\"", "date": "2015-11-20 19:01:22", "seriesname": "g1084_cx7ha6j", "file": "/media/jbrogan4/scratch2/Reddit_Prov_Dataset_v6/_This_smiling_bear_enjoying_the_scenery/g1084_cx7ha6j.jpg", "URL": "http://i.imgur.com/xNp3EPb.jpg", "fileid": "g1084_cx7ha6j.jpg"}, {"id": "g1084_cx78xnd", "comment": "[Awww.. Cheer up Keanu!](http://imgur.com/mGr8TNH)", "date": "2015-11-20 15:05:36", "seriesname": "g1084_cx78xnd", "file": "/media/jbrogan4/scratch2/Reddit_Prov_Dataset_v6/_This_smiling_bear_enjoying_the_scenery/g1084_cx78xnd.png", "URL": "http://i.imgur.com/mGr8TNH.png", "fileid": "g1084_cx78xnd.png"}, {"id": "g1084_cx7b2p4", "comment": "[\"Ring bearer? Ya, ring bear\"](http://i.imgur.com/cIyB4hx.png)", "date": "2015-11-20 16:00:55", "seriesname": "g1084_cx7b2p4", "file": "/media/jbrogan4/scratch2/Reddit_Prov_Dataset_v6/_This_smiling_bear_enjoying_the_scenery/g1084_cx7b2p4.png", "URL": "http://i.imgur.com/cIyB4hx.png", "fileid": "g1084_cx7b2p4.png"}, {"id": "g1084_cx7clgt", "comment": "Bear with me Ok:\nhttp://i.imgur.com/DHmmc0t.jpg", "date": "2015-11-20 16:41:47", "seriesname": "g1084_cx7clgt", "file": "/media/jbrogan4/scratch2/Reddit_Prov_Dataset_v6/_This_smiling_bear_enjoying_the_scenery/g1084_cx7clgt.jpg", "URL": "http://i.imgur.com/DHmmc0t.jpg", "fileid": "g1084_cx7clgt.jpg"}, {"id": "g1084_cx7dryy", "comment": "[Driving the convertible](http://i.imgur.com/UKP3gJz.jpg)", "date": "2015-11-20 17:14:43", "seriesname": "g1084_cx7dryy", "file": "/media/jbrogan4/scratch2/Reddit_Prov_Dataset_v6/_This_smiling_bear_enjoying_the_scenery/g1084_cx7dryy.jpg", "URL": "http://i.imgur.com/UKP3gJz.jpg", "fileid": "g1084_cx7dryy.jpg"}, {"id": "g1084_cx75lr6", "comment": "[A man can only stay in a bear suit so long before having to go](https://i.imgur.com/ExeDBLb.jpg)", "date": "2015-11-20 13:40:53", "seriesname": "g1084_cx75lr6", "file": "/media/jbrogan4/scratch2/Reddit_Prov_Dataset_v6/_This_smiling_bear_enjoying_the_scenery/g1084_cx75lr6.jpg", "URL": "https://i.imgur.com/ExeDBLb.jpg", "fileid": "g1084_cx75lr6.jpg"}, {"id": "g1084_cx777tr", "comment": "[Happy Birthday](http://i.imgur.com/PcmnqAm.jpg?1)", "date": "2015-11-20 14:21:58", "seriesname": "g1084_cx777tr", "file": "/media/jbrogan4/scratch2/Reddit_Prov_Dataset_v6/_This_smiling_bear_enjoying_the_scenery/g1084_cx777tr.jpg", "URL": "http://i.imgur.com/PcmnqAm.jpg?1", "fileid": "g1084_cx777tr.jpg"}, {"id": "g1084_cx76rwf", "comment": "[A Beautiful Engagement](http://i.imgur.com/m51RI1n.png)", "date": "2015-11-20 14:10:33", "seriesname": "g1084_cx76rwf", "file": "/media/jbrogan4/scratch2/Reddit_Prov_Dataset_v6/_This_smiling_bear_enjoying_the_scenery/g1084_cx76rwf.png", "URL": "http://i.imgur.com/m51RI1n.png", "fileid": "g1084_cx76rwf.png"}, {"id": "g1084_cx7e21p", "comment": "A more natural environment...http://imgur.com/gallery/xnr1USH", "date": "2015-11-20 17:22:37", "seriesname": "g1084_cx7e21p", "file": "/media/jbrogan4/scratch2/Reddit_Prov_Dataset_v6/_This_smiling_bear_enjoying_the_scenery/g1084_cx7e21p.png", "URL": "http://i.imgur.com/xnr1USH.png", "fileid": "g1084_cx7e21p.png"}, {"id": "g1084_cx7a7jd", "comment": "[Berenstain? Berenstein?!](http://imgur.com/24vGbFd)", "date": "2015-11-20 15:38:20", "seriesname": "g1084_cx7a7jd", "file": "/media/jbrogan4/scratch2/Reddit_Prov_Dataset_v6/_This_smiling_bear_enjoying_the_scenery/g1084_cx7a7jd.png", "URL": "http://i.imgur.com/24vGbFd.png", "fileid": "g1084_cx7a7jd.png"}, {"id": "g1084_cx7gstq", "comment": "[Happy little bear](http://i.imgur.com/AbINPwk.jpg)", "date": "2015-11-20 18:46:08", "seriesname": "g1084_cx7gstq", "file": "/media/jbrogan4/scratch2/Reddit_Prov_Dataset_v6/_This_smiling_bear_enjoying_the_scenery/g1084_cx7gstq.jpg", "URL": "http://i.imgur.com/AbINPwk.jpg", "fileid": "g1084_cx7gstq.jpg"}, {"id": "g1084_cx7ft9c", "comment": "[Colorized](http://i.imgur.com/yaCpT9i.jpg?1) for realism", "date": "2015-11-20 18:14:40", "seriesname": "g1084_cx7ft9c", "file": "/media/jbrogan4/scratch2/Reddit_Prov_Dataset_v6/_This_smiling_bear_enjoying_the_scenery/g1084_cx7ft9c.jpg", "URL": "http://i.imgur.com/yaCpT9i.jpg?1", "fileid": "g1084_cx7ft9c.jpg"}, {"id": "g1084_cx7a5fn", "comment": "Is that bear *really* happy?\n\nhttp://imgur.com/DaGFUe9\n\n^I'm ^sorry ^for ^my ^skills", "date": "2015-11-20 15:36:50", "seriesname": "g1084_cx7a5fn", "file": "/media/jbrogan4/scratch2/Reddit_Prov_Dataset_v6/_This_smiling_bear_enjoying_the_scenery/g1084_cx7a5fn.png", "URL": "http://i.imgur.com/DaGFUe9.png", "fileid": "g1084_cx7a5fn.png"}, {"id": "g1084_cx7b8ou", "comment": "[Now its his lodge](http://i.imgur.com/PTgneAZ.png)", "date": "2015-11-20 16:05:20", "seriesname": "g1084_cx7b8ou", "file": "/media/jbrogan4/scratch2/Reddit_Prov_Dataset_v6/_This_smiling_bear_enjoying_the_scenery/g1084_cx7b8ou.png", "URL": "http://i.imgur.com/PTgneAZ.png", "fileid": "g1084_cx7b8ou.png"}, {"id": "g1084_cx7v63k", "comment": "[Life goes on](http://i.imgur.com/vycQxYR.png)  \n\n[Bonus gif](http://gfycat.com/HarshBlackandwhiteCondor)", "date": "2015-11-21 05:22:20", "seriesname": "g1084_cx7v63k", "file": "/media/jbrogan4/scratch2/Reddit_Prov_Dataset_v6/_This_smiling_bear_enjoying_the_scenery/g1084_cx7v63k.png", "URL": "http://i.imgur.com/vycQxYR.png", "fileid": "g1084_cx7v63k.png"}, {"id": "g1084_cx7i7iz", "comment": "[The new face of Charming](http://i.imgur.com/6XxxYwv.jpg)", "date": "2015-11-20 19:31:50", "seriesname": "g1084_cx7i7iz", "file": "/media/jbrogan4/scratch2/Reddit_Prov_Dataset_v6/_This_smiling_bear_enjoying_the_scenery/g1084_cx7i7iz.jpg", "URL": "http://i.imgur.com/6XxxYwv.jpg", "fileid": "g1084_cx7i7iz.jpg"}, {"id": "g1084_cx7c29n", "comment": "http://i.imgur.com/4kBHtmO.jpg\nBear vs Dog. Game Battle!!!", "date": "2015-11-20 16:27:18", "seriesname": "g1084_cx7c29n", "file": "/media/jbrogan4/scratch2/Reddit_Prov_Dataset_v6/_This_smiling_bear_enjoying_the_scenery/g1084_cx7c29n.jpg", "URL": "http://i.imgur.com/4kBHtmO.jpg", "fileid": "g1084_cx7c29n.jpg"}, {"id": "g1084_cx7erp9", "comment": "Honey Bear \nhttp://imgur.com/nM9sIWX", "date": "2015-11-20 17:43:13", "seriesname": "g1084_cx7erp9", "file": "/media/jbrogan4/scratch2/Reddit_Prov_Dataset_v6/_This_smiling_bear_enjoying_the_scenery/g1084_cx7erp9.png", "URL": "http://i.imgur.com/nM9sIWX.png", "fileid": "g1084_cx7erp9.png"}, {"id": "g1084_cx7f9fz", "comment": "[Putin's new ride](http://i.imgur.com/sRY4nqK.jpg)", "date": "2015-11-20 17:57:53", "seriesname": "g1084_cx7f9fz", "file": "/media/jbrogan4/scratch2/Reddit_Prov_Dataset_v6/_This_smiling_bear_enjoying_the_scenery/g1084_cx7f9fz.jpg", "URL": "http://i.imgur.com/sRY4nqK.jpg", "fileid": "g1084_cx7f9fz.jpg"}, {"id": "g1084_cx7ljqo", "comment": "http://m.imgur.com/hoPG6GL", "date": "2015-11-20 21:27:12", "seriesname": "g1084_cx7ljqo", "file": "/media/jbrogan4/scratch2/Reddit_Prov_Dataset_v6/_This_smiling_bear_enjoying_the_scenery/g1084_cx7ljqo.png", "URL": "http://i.imgur.com/hoPG6GL.png", "fileid": "g1084_cx7ljqo.png"}, {"id": "g1084_cx7c6ko", "comment": "[like this?](http://i.imgur.com/rcvOaGj.png)", "date": "2015-11-20 16:30:28", "seriesname": "g1084_cx7c6ko", "file": "/media/jbrogan4/scratch2/Reddit_Prov_Dataset_v6/_This_smiling_bear_enjoying_the_scenery/g1084_cx7c6ko.png", "URL": "http://i.imgur.com/rcvOaGj.png", "fileid": "g1084_cx7c6ko.png"}, {"id": "g1084_cx7i91v", "comment": "[Hammock Hot Tub Buddy](http://imgur.com/QDRRFFJ)", "date": "2015-11-20 19:33:19", "seriesname": "g1084_cx7i91v", "file": "/media/jbrogan4/scratch2/Reddit_Prov_Dataset_v6/_This_smiling_bear_enjoying_the_scenery/g1084_cx7i91v.png", "URL": "http://i.imgur.com/QDRRFFJ.png", "fileid": "g1084_cx7i91v.png"}, {"id": "g1084_cx79zvf", "comment": "[Winnie the Pooh HD Remake](https://imgur.com/hBXR3LE)\n\n\"As soon as I saw you, I knew an adventure was going to happen.\"", "date": "2015-11-20 15:32:55", "seriesname": "g1084_cx79zvf", "file": "/media/jbrogan4/scratch2/Reddit_Prov_Dataset_v6/_This_smiling_bear_enjoying_the_scenery/g1084_cx79zvf.png", "URL": "http://i.imgur.com/hBXR3LE.png", "fileid": "g1084_cx79zvf.png"}, {"id": "g1084_cx79cvs", "comment": "[He likes to spend his Sundays at Soldier Field](http://i.imgur.com/LG23Mmw.jpg)", "date": "2015-11-20 15:16:26", "seriesname": "g1084_cx79cvs", "file": "/media/jbrogan4/scratch2/Reddit_Prov_Dataset_v6/_This_smiling_bear_enjoying_the_scenery/g1084_cx79cvs.jpg", "URL": "http://i.imgur.com/LG23Mmw.jpg", "fileid": "g1084_cx79cvs.jpg"}, {"id": "g1084_cx7dfhd", "comment": "[He is on his break.](http://i.imgur.com/YviJyjj.jpg)", "date": "2015-11-20 17:04:49", "seriesname": "g1084_cx7dfhd", "file": "/media/jbrogan4/scratch2/Reddit_Prov_Dataset_v6/_This_smiling_bear_enjoying_the_scenery/g1084_cx7dfhd.jpg", "URL": "http://i.imgur.com/YviJyjj.jpg", "fileid": "g1084_cx7dfhd.jpg"}, {"id": "g1084_cx7iy0h", "comment": "[He's just chillaxin' with some friends](http://i.imgur.com/xCVtLFE.jpg).", "date": "2015-11-20 19:56:38", "seriesname": "g1084_cx7iy0h", "file": "/media/jbrogan4/scratch2/Reddit_Prov_Dataset_v6/_This_smiling_bear_enjoying_the_scenery/g1084_cx7iy0h.jpg", "URL": "http://i.imgur.com/xCVtLFE.jpg).", "fileid": "g1084_cx7iy0h."}, {"id": "g1084_cx795zq", "comment": "[Link](https://i.imgur.com/mxgQWwt.jpg)\n\nNo PS buut .. ", "date": "2015-11-20 15:11:34", "seriesname": "g1084_cx795zq", "file": "/media/jbrogan4/scratch2/Reddit_Prov_Dataset_v6/_This_smiling_bear_enjoying_the_scenery/g1084_cx795zq.jpg", "URL": "https://i.imgur.com/mxgQWwt.jpg", "fileid": "g1084_cx795zq.jpg"}, {"id": "g1084_cx7kg20", "comment": "http://imgur.com/sfxBi5x", "date": "2015-11-20 20:48:02", "seriesname": "g1084_cx7kg20", "file": "/media/jbrogan4/scratch2/Reddit_Prov_Dataset_v6/_This_smiling_bear_enjoying_the_scenery/g1084_cx7kg20.png", "URL": "http://i.imgur.com/sfxBi5x.png", "fileid": "g1084_cx7kg20.png"}, {"id": "g1084_root", "comment": "", "date": "2015-11-20 12:22:22", "seriesname": "g1084_root", "file": "/media/jbrogan4/scratch2/Reddit_Prov_Dataset_v6/_This_smiling_bear_enjoying_the_scenery/g1084_root.jpg", "URL": "http://i.imgur.com/xewKtB4.jpg", "fileid": "g1084_root.jpg"}], "graph": {"name": "g1084_root"}, "directed": true}