{"links": [{"op": "none", "target": 0, "source": 47}, {"op": "none", "target": 1, "source": 47}, {"op": "none", "target": 2, "source": 47}, {"op": "none", "target": 3, "source": 47}, {"op": "none", "target": 4, "source": 47}, {"op": "none", "target": 5, "source": 47}, {"op": "none", "target": 6, "source": 47}, {"op": "none", "target": 7, "source": 47}, {"op": "none", "target": 8, "source": 47}, {"op": "none", "target": 9, "source": 28}, {"op": "none", "target": 10, "source": 20}, {"op": "none", "target": 11, "source": 47}, {"op": "none", "target": 12, "source": 47}, {"op": "none", "target": 13, "source": 47}, {"op": "none", "target": 14, "source": 47}, {"op": "none", "target": 15, "source": 47}, {"op": "none", "target": 16, "source": 47}, {"op": "none", "target": 17, "source": 22}, {"op": "none", "target": 18, "source": 47}, {"op": "none", "target": 19, "source": 47}, {"op": "none", "target": 20, "source": 47}, {"op": "none", "target": 21, "source": 47}, {"op": "none", "target": 22, "source": 47}, {"op": "none", "target": 23, "source": 47}, {"op": "none", "target": 24, "source": 47}, {"op": "none", "target": 25, "source": 47}, {"op": "none", "target": 26, "source": 47}, {"op": "none", "target": 27, "source": 47}, {"op": "none", "target": 28, "source": 47}, {"op": "none", "target": 29, "source": 47}, {"op": "none", "target": 30, "source": 47}, {"op": "none", "target": 31, "source": 47}, {"op": "none", "target": 32, "source": 47}, {"op": "none", "target": 33, "source": 47}, {"op": "none", "target": 34, "source": 47}, {"op": "none", "target": 35, "source": 11}, {"op": "none", "target": 36, "source": 40}, {"op": "none", "target": 37, "source": 47}, {"op": "none", "target": 38, "source": 47}, {"op": "none", "target": 39, "source": 47}, {"op": "none", "target": 40, "source": 47}, {"op": "none", "target": 41, "source": 47}, {"op": "none", "target": 42, "source": 47}, {"op": "none", "target": 43, "source": 47}, {"op": "none", "target": 44, "source": 47}, {"op": "none", "target": 45, "source": 47}, {"op": "none", "target": 46, "source": 47}, {"op": "none", "target": 48, "source": 47}, {"op": "none", "target": 49, "source": 47}, {"op": "none", "target": 50, "source": 47}], "title": "_The_Supreme_Leader_wears_a_fedora_and_gives_a_dancing_lesson", "nodes": [{"id": "g1088_d2fcjld", "comment": "[Kim Jung Un's wet dream](http://i.imgur.com/03Usxkz.png)", "date": "2016-04-24 10:16:34", "seriesname": "g1088_d2fcjld", "file": "/media/jbrogan4/scratch2/Reddit_Prov_Dataset_v6/_The_Supreme_Leader_wears_a_fedora_and_gives_a_dancing_lesson/g1088_d2fcjld.png", "URL": "http://i.imgur.com/03Usxkz.png", "fileid": "g1088_d2fcjld.png"}, {"id": "g1088_d2fbzz6", "comment": "[Dance school day](http://i.imgur.com/Qn0geya.jpg)", "date": "2016-04-24 09:57:11", "seriesname": "g1088_d2fbzz6", "file": "/media/jbrogan4/scratch2/Reddit_Prov_Dataset_v6/_The_Supreme_Leader_wears_a_fedora_and_gives_a_dancing_lesson/g1088_d2fbzz6.jpg", "URL": "http://i.imgur.com/Qn0geya.jpg", "fileid": "g1088_d2fbzz6.jpg"}, {"id": "g1088_d2f9fj5", "comment": "[Never let go, Rose-san](http://i.imgur.com/ZbjW1Eq.png)", "date": "2016-04-24 07:53:59", "seriesname": "g1088_d2f9fj5", "file": "/media/jbrogan4/scratch2/Reddit_Prov_Dataset_v6/_The_Supreme_Leader_wears_a_fedora_and_gives_a_dancing_lesson/g1088_d2f9fj5.png", "URL": "http://i.imgur.com/ZbjW1Eq.png", "fileid": "g1088_d2f9fj5.png"}, {"id": "g1088_d2ff40n", "comment": " [Wanna hang?](https://imgur.com/tOmNyfF)", "date": "2016-04-24 11:38:21", "seriesname": "g1088_d2ff40n", "file": "/media/jbrogan4/scratch2/Reddit_Prov_Dataset_v6/_The_Supreme_Leader_wears_a_fedora_and_gives_a_dancing_lesson/g1088_d2ff40n.png", "URL": "http://i.imgur.com/tOmNyfF.png", "fileid": "g1088_d2ff40n.png"}, {"id": "g1088_d2fgsxd", "comment": "[The New Addition to the Mob](http://imgur.com/oWBveog)", "date": "2016-04-24 12:27:22", "seriesname": "g1088_d2fgsxd", "file": "/media/jbrogan4/scratch2/Reddit_Prov_Dataset_v6/_The_Supreme_Leader_wears_a_fedora_and_gives_a_dancing_lesson/g1088_d2fgsxd.png", "URL": "http://i.imgur.com/oWBveog.png", "fileid": "g1088_d2fgsxd.png"}, {"id": "g1088_d2fd42o", "comment": "[Going for that low hanging fruit](http://i.imgur.com/HYQyPIN.png)", "date": "2016-04-24 10:35:51", "seriesname": "g1088_d2fd42o", "file": "/media/jbrogan4/scratch2/Reddit_Prov_Dataset_v6/_The_Supreme_Leader_wears_a_fedora_and_gives_a_dancing_lesson/g1088_d2fd42o.png", "URL": "http://i.imgur.com/HYQyPIN.png", "fileid": "g1088_d2fd42o.png"}, {"id": "g1088_d2fc0xf", "comment": "[Who's next?](http://i.imgur.com/wQJNRro.jpg) (nsfw?)", "date": "2016-04-24 09:58:12", "seriesname": "g1088_d2fc0xf", "file": "/media/jbrogan4/scratch2/Reddit_Prov_Dataset_v6/_The_Supreme_Leader_wears_a_fedora_and_gives_a_dancing_lesson/g1088_d2fc0xf.jpg", "URL": "http://i.imgur.com/wQJNRro.jpg", "fileid": "g1088_d2fc0xf.jpg"}, {"id": "g1088_d2fjlqi", "comment": "[Scum](http://imgur.com/qMQ8eOU)", "date": "2016-04-24 13:43:34", "seriesname": "g1088_d2fjlqi", "file": "/media/jbrogan4/scratch2/Reddit_Prov_Dataset_v6/_The_Supreme_Leader_wears_a_fedora_and_gives_a_dancing_lesson/g1088_d2fjlqi.png", "URL": "http://i.imgur.com/qMQ8eOU.png", "fileid": "g1088_d2fjlqi.png"}, {"id": "g1088_d2fd2ng", "comment": "[Kim's secret found out](http://i.imgur.com/O4X0LbT.jpg)", "date": "2016-04-24 10:34:33", "seriesname": "g1088_d2fd2ng", "file": "/media/jbrogan4/scratch2/Reddit_Prov_Dataset_v6/_The_Supreme_Leader_wears_a_fedora_and_gives_a_dancing_lesson/g1088_d2fd2ng.jpg", "URL": "http://i.imgur.com/O4X0LbT.jpg", "fileid": "g1088_d2fd2ng.jpg"}, {"id": "g1088_d2fg3bh", "comment": "Was afraid you'd post something like this \n\n\nhttp://imgur.com/sJGFjIq\n\nEDIT: (apologies for the crap quality, done on my s7; i had to get this vision out of my head) ", "date": "2016-04-24 12:07:04", "seriesname": "g1088_d2fg3bh", "file": "/media/jbrogan4/scratch2/Reddit_Prov_Dataset_v6/_The_Supreme_Leader_wears_a_fedora_and_gives_a_dancing_lesson/g1088_d2fg3bh.png", "URL": "http://i.imgur.com/sJGFjIq.png", "fileid": "g1088_d2fg3bh.png"}, {"id": "g1088_d2fc4kr", "comment": "[Kim Jong Waif-Un](http://i.imgur.com/0RSIedW.png)", "date": "2016-04-24 10:01:48", "seriesname": "g1088_d2fc4kr", "file": "/media/jbrogan4/scratch2/Reddit_Prov_Dataset_v6/_The_Supreme_Leader_wears_a_fedora_and_gives_a_dancing_lesson/g1088_d2fc4kr.png", "URL": "http://i.imgur.com/0RSIedW.png", "fileid": "g1088_d2fc4kr.png"}, {"id": "g1088_d2fboc5", "comment": "[Recital](http://i.imgur.com/k7ZAGq8.jpg)", "date": "2016-04-24 09:44:42", "seriesname": "g1088_d2fboc5", "file": "/media/jbrogan4/scratch2/Reddit_Prov_Dataset_v6/_The_Supreme_Leader_wears_a_fedora_and_gives_a_dancing_lesson/g1088_d2fboc5.jpg", "URL": "http://i.imgur.com/k7ZAGq8.jpg", "fileid": "g1088_d2fboc5.jpg"}, {"id": "g1088_d2f7vtx", "comment": "I'll tell you more. The whole freaking world is afraid of you...\nhttp://imgur.com/8dlWbkN", "date": "2016-04-24 06:09:01", "seriesname": "g1088_d2f7vtx", "file": "/media/jbrogan4/scratch2/Reddit_Prov_Dataset_v6/_The_Supreme_Leader_wears_a_fedora_and_gives_a_dancing_lesson/g1088_d2f7vtx.png", "URL": "http://i.imgur.com/8dlWbkN.png", "fileid": "g1088_d2f7vtx.png"}, {"id": "g1088_d2f9ehj", "comment": "[DPRK Sex Education: Lesson 1](http://i.imgur.com/KIzHMx3.jpg)", "date": "2016-04-24 07:52:20", "seriesname": "g1088_d2f9ehj", "file": "/media/jbrogan4/scratch2/Reddit_Prov_Dataset_v6/_The_Supreme_Leader_wears_a_fedora_and_gives_a_dancing_lesson/g1088_d2f9ehj.jpg", "URL": "http://i.imgur.com/KIzHMx3.jpg", "fileid": "g1088_d2f9ehj.jpg"}, {"id": "g1088_d2fecua", "comment": "[\"Dancing on honeymoon with new Korean First Lady Brit-a-ney a-Spears.\"](http://i.imgur.com/7mnhvlx.jpg)", "date": "2016-04-24 11:15:30", "seriesname": "g1088_d2fecua", "file": "/media/jbrogan4/scratch2/Reddit_Prov_Dataset_v6/_The_Supreme_Leader_wears_a_fedora_and_gives_a_dancing_lesson/g1088_d2fecua.jpg", "URL": "http://i.imgur.com/7mnhvlx.jpg", "fileid": "g1088_d2fecua.jpg"}, {"id": "g1088_d2ffyqy", "comment": "[Supreme Leader](http://imgur.com/tilPsGx) ", "date": "2016-04-24 12:03:21", "seriesname": "g1088_d2ffyqy", "file": "/media/jbrogan4/scratch2/Reddit_Prov_Dataset_v6/_The_Supreme_Leader_wears_a_fedora_and_gives_a_dancing_lesson/g1088_d2ffyqy.png", "URL": "http://i.imgur.com/tilPsGx.png", "fileid": "g1088_d2ffyqy.png"}, {"id": "g1088_d2fgexo", "comment": "[Chinese Pandaring](http://i.imgur.com/LHzHh45.jpg)", "date": "2016-04-24 12:16:23", "seriesname": "g1088_d2fgexo", "file": "/media/jbrogan4/scratch2/Reddit_Prov_Dataset_v6/_The_Supreme_Leader_wears_a_fedora_and_gives_a_dancing_lesson/g1088_d2fgexo.jpg", "URL": "http://i.imgur.com/LHzHh45.jpg", "fileid": "g1088_d2fgexo.jpg"}, {"id": "g1088_d2flwyf", "comment": "http://i.imgur.com/5GizONv.jpg", "date": "2016-04-24 14:45:54", "seriesname": "g1088_d2flwyf", "file": "/media/jbrogan4/scratch2/Reddit_Prov_Dataset_v6/_The_Supreme_Leader_wears_a_fedora_and_gives_a_dancing_lesson/g1088_d2flwyf.jpg", "URL": "http://i.imgur.com/5GizONv.jpg", "fileid": "g1088_d2flwyf.jpg"}, {"id": "g1088_d2fj6ng", "comment": "http://i.imgur.com/4dzrotG.jpg", "date": "2016-04-24 13:32:27", "seriesname": "g1088_d2fj6ng", "file": "/media/jbrogan4/scratch2/Reddit_Prov_Dataset_v6/_The_Supreme_Leader_wears_a_fedora_and_gives_a_dancing_lesson/g1088_d2fj6ng.jpg", "URL": "http://i.imgur.com/4dzrotG.jpg", "fileid": "g1088_d2fj6ng.jpg"}, {"id": "g1088_d2fot92", "comment": "[The CIA's newest mole in North Korea, known only as \"Mr. F\"](http://i.imgur.com/BoPs4VK.jpg)", "date": "2016-04-24 16:03:59", "seriesname": "g1088_d2fot92", "file": "/media/jbrogan4/scratch2/Reddit_Prov_Dataset_v6/_The_Supreme_Leader_wears_a_fedora_and_gives_a_dancing_lesson/g1088_d2fot92.jpg", "URL": "http://i.imgur.com/BoPs4VK.jpg", "fileid": "g1088_d2fot92.jpg"}, {"id": "g1088_d2farb3", "comment": "[Kim Jong waifu] (http://imgur.com/E5kWBnN) ", "date": "2016-04-24 09:04:25", "seriesname": "g1088_d2farb3", "file": "/media/jbrogan4/scratch2/Reddit_Prov_Dataset_v6/_The_Supreme_Leader_wears_a_fedora_and_gives_a_dancing_lesson/g1088_d2farb3.png", "URL": "http://i.imgur.com/E5kWBnN.png", "fileid": "g1088_d2farb3.png"}, {"id": "g1088_d2fi4nn", "comment": "[This is Dancing with the Supreme Leader! Trio Night!](http://i.imgur.com/FHkuFzR.jpg)", "date": "2016-04-24 13:04:03", "seriesname": "g1088_d2fi4nn", "file": "/media/jbrogan4/scratch2/Reddit_Prov_Dataset_v6/_The_Supreme_Leader_wears_a_fedora_and_gives_a_dancing_lesson/g1088_d2fi4nn.jpg", "URL": "http://i.imgur.com/FHkuFzR.jpg", "fileid": "g1088_d2fi4nn.jpg"}, {"id": "g1088_d2fblro", "comment": "[Demonstrating new execution methods](http://i.imgur.com/OWVeN6o.jpg)", "date": "2016-04-24 09:41:53", "seriesname": "g1088_d2fblro", "file": "/media/jbrogan4/scratch2/Reddit_Prov_Dataset_v6/_The_Supreme_Leader_wears_a_fedora_and_gives_a_dancing_lesson/g1088_d2fblro.jpg", "URL": "http://i.imgur.com/OWVeN6o.jpg", "fileid": "g1088_d2fblro.jpg"}, {"id": "g1088_d2fe2yh", "comment": "[Nuclear smoking method](http://i.imgur.com/h7UIyhq.jpg)", "date": "2016-04-24 11:06:58", "seriesname": "g1088_d2fe2yh", "file": "/media/jbrogan4/scratch2/Reddit_Prov_Dataset_v6/_The_Supreme_Leader_wears_a_fedora_and_gives_a_dancing_lesson/g1088_d2fe2yh.jpg", "URL": "http://i.imgur.com/h7UIyhq.jpg", "fileid": "g1088_d2fe2yh.jpg"}, {"id": "g1088_d2fqpb2", "comment": "http://i.imgur.com/tGyxDaH.jpg\n", "date": "2016-04-24 16:53:23", "seriesname": "g1088_d2fqpb2", "file": "/media/jbrogan4/scratch2/Reddit_Prov_Dataset_v6/_The_Supreme_Leader_wears_a_fedora_and_gives_a_dancing_lesson/g1088_d2fqpb2.jpg", "URL": "http://i.imgur.com/tGyxDaH.jpg", "fileid": "g1088_d2fqpb2.jpg"}, {"id": "g1088_d2fb785", "comment": "[Notorious K.I.M](http://i.imgur.com/uuNJiPQ.jpg)", "date": "2016-04-24 09:24:49", "seriesname": "g1088_d2fb785", "file": "/media/jbrogan4/scratch2/Reddit_Prov_Dataset_v6/_The_Supreme_Leader_wears_a_fedora_and_gives_a_dancing_lesson/g1088_d2fb785.jpg", "URL": "http://i.imgur.com/uuNJiPQ.jpg", "fileid": "g1088_d2fb785.jpg"}, {"id": "g1088_d2fdmui", "comment": "[chaaaains, chaaaaaaains](http://i.imgur.com/IQZY0Cf.jpg)\n\nedit: [Different Market](http://i.imgur.com/5YVUmV4.jpg)", "date": "2016-04-24 10:53:02", "seriesname": "g1088_d2fdmui", "file": "/media/jbrogan4/scratch2/Reddit_Prov_Dataset_v6/_The_Supreme_Leader_wears_a_fedora_and_gives_a_dancing_lesson/g1088_d2fdmui.jpg", "URL": "http://i.imgur.com/5YVUmV4.jpg", "fileid": "g1088_d2fdmui.jpg"}, {"id": "g1088_d2fmxzg", "comment": "[Say my name](http://i.imgur.com/8ioBn3a.jpg)", "date": "2016-04-24 15:13:38", "seriesname": "g1088_d2fmxzg", "file": "/media/jbrogan4/scratch2/Reddit_Prov_Dataset_v6/_The_Supreme_Leader_wears_a_fedora_and_gives_a_dancing_lesson/g1088_d2fmxzg.jpg", "URL": "http://i.imgur.com/8ioBn3a.jpg", "fileid": "g1088_d2fmxzg.jpg"}, {"id": "g1088_d2fb3y5", "comment": "Lil Kim\n\nhttp://i.imgur.com/E7jsPMQ.jpg", "date": "2016-04-24 09:20:47", "seriesname": "g1088_d2fb3y5", "file": "/media/jbrogan4/scratch2/Reddit_Prov_Dataset_v6/_The_Supreme_Leader_wears_a_fedora_and_gives_a_dancing_lesson/g1088_d2fb3y5.jpg", "URL": "http://i.imgur.com/E7jsPMQ.jpg", "fileid": "g1088_d2fb3y5.jpg"}, {"id": "g1088_d2ft48z", "comment": "[The Supreme Leader does not want to share](http://imgur.com/qKsd4LK.jpg)", "date": "2016-04-24 17:55:08", "seriesname": "g1088_d2ft48z", "file": "/media/jbrogan4/scratch2/Reddit_Prov_Dataset_v6/_The_Supreme_Leader_wears_a_fedora_and_gives_a_dancing_lesson/g1088_d2ft48z.jpg", "URL": "http://imgur.com/qKsd4LK.jpg", "fileid": "g1088_d2ft48z.jpg"}, {"id": "g1088_d2fbmek", "comment": "http://imgur.com/OIW1VjJ\n\n\nNSFW", "date": "2016-04-24 09:42:34", "seriesname": "g1088_d2fbmek", "file": "/media/jbrogan4/scratch2/Reddit_Prov_Dataset_v6/_The_Supreme_Leader_wears_a_fedora_and_gives_a_dancing_lesson/g1088_d2fbmek.png", "URL": "http://i.imgur.com/OIW1VjJ.png", "fileid": "g1088_d2fbmek.png"}, {"id": "g1088_d2f8bjz", "comment": "[Kim Don Un](http://i.imgur.com/lRlVzoX.jpg).", "date": "2016-04-24 06:40:29", "seriesname": "g1088_d2f8bjz", "file": "/media/jbrogan4/scratch2/Reddit_Prov_Dataset_v6/_The_Supreme_Leader_wears_a_fedora_and_gives_a_dancing_lesson/g1088_d2f8bjz.jpg", "URL": "http://i.imgur.com/lRlVzoX.jpg).", "fileid": "g1088_d2f8bjz."}, {"id": "g1088_d2fjw1r", "comment": "Skimming through the comments, I was expecting \"[Oppa Pyongyang Style](http://i.imgur.com/UZRBUGG.png)\".\n\nI am dissapoint.", "date": "2016-04-24 13:51:08", "seriesname": "g1088_d2fjw1r", "file": "/media/jbrogan4/scratch2/Reddit_Prov_Dataset_v6/_The_Supreme_Leader_wears_a_fedora_and_gives_a_dancing_lesson/g1088_d2fjw1r.png", "URL": "http://i.imgur.com/UZRBUGG.png", "fileid": "g1088_d2fjw1r.png"}, {"id": "g1088_d2ffbhz", "comment": "[Building a communist dreamland](http://i.imgur.com/q0uUotB.png)", "date": "2016-04-24 11:44:31", "seriesname": "g1088_d2ffbhz", "file": "/media/jbrogan4/scratch2/Reddit_Prov_Dataset_v6/_The_Supreme_Leader_wears_a_fedora_and_gives_a_dancing_lesson/g1088_d2ffbhz.png", "URL": "http://i.imgur.com/q0uUotB.png", "fileid": "g1088_d2ffbhz.png"}, {"id": "g1088_d2fhueu", "comment": "[It's his favorite show](http://i.imgur.com/mmwBmOT.jpg)", "date": "2016-04-24 12:56:21", "seriesname": "g1088_d2fhueu", "file": "/media/jbrogan4/scratch2/Reddit_Prov_Dataset_v6/_The_Supreme_Leader_wears_a_fedora_and_gives_a_dancing_lesson/g1088_d2fhueu.jpg", "URL": "http://i.imgur.com/mmwBmOT.jpg", "fileid": "g1088_d2fhueu.jpg"}, {"id": "g1088_d2fpp4o", "comment": "[Lets play bitches](http://i.imgur.com/b1yxNe7.png)", "date": "2016-04-24 16:27:23", "seriesname": "g1088_d2fpp4o", "file": "/media/jbrogan4/scratch2/Reddit_Prov_Dataset_v6/_The_Supreme_Leader_wears_a_fedora_and_gives_a_dancing_lesson/g1088_d2fpp4o.png", "URL": "http://i.imgur.com/b1yxNe7.png", "fileid": "g1088_d2fpp4o.png"}, {"id": "g1088_d2fffnt", "comment": "I did two edits of this:\n\n[One with the flag under his arm, badly done.](http://i.imgur.com/W1u5Fyq.jpg)\n\n[And one with the flag tucked in his pocket, which I kind of like.](http://i.imgur.com/iSbAyx7.jpg)", "date": "2016-04-24 11:47:45", "seriesname": "g1088_d2fffnt", "file": "/media/jbrogan4/scratch2/Reddit_Prov_Dataset_v6/_The_Supreme_Leader_wears_a_fedora_and_gives_a_dancing_lesson/g1088_d2fffnt.jpg", "URL": "http://i.imgur.com/iSbAyx7.jpg", "fileid": "g1088_d2fffnt.jpg"}, {"id": "g1088_d2fbi44", "comment": "[Korea II confirmed](http://i.imgur.com/rrcnJmj.jpg)", "date": "2016-04-24 09:37:48", "seriesname": "g1088_d2fbi44", "file": "/media/jbrogan4/scratch2/Reddit_Prov_Dataset_v6/_The_Supreme_Leader_wears_a_fedora_and_gives_a_dancing_lesson/g1088_d2fbi44.jpg", "URL": "http://i.imgur.com/rrcnJmj.jpg", "fileid": "g1088_d2fbi44.jpg"}, {"id": "g1088_d2fch6y", "comment": "[Very instructive dance lesson](https://imgur.com/8DmwSwl)", "date": "2016-04-24 10:14:18", "seriesname": "g1088_d2fch6y", "file": "/media/jbrogan4/scratch2/Reddit_Prov_Dataset_v6/_The_Supreme_Leader_wears_a_fedora_and_gives_a_dancing_lesson/g1088_d2fch6y.png", "URL": "http://i.imgur.com/8DmwSwl.png", "fileid": "g1088_d2fch6y.png"}, {"id": "g1088_d2fbciv", "comment": "Kim Jong Boom https://imgur.com/FNCiZHY", "date": "2016-04-24 09:31:17", "seriesname": "g1088_d2fbciv", "file": "/media/jbrogan4/scratch2/Reddit_Prov_Dataset_v6/_The_Supreme_Leader_wears_a_fedora_and_gives_a_dancing_lesson/g1088_d2fbciv.png", "URL": "http://i.imgur.com/FNCiZHY.png", "fileid": "g1088_d2fbciv.png"}, {"id": "g1088_d2f8rsd", "comment": "[The first North Korean liberty day](http://imgur.com/OvfN1zB)", "date": "2016-04-24 07:12:49", "seriesname": "g1088_d2f8rsd", "file": "/media/jbrogan4/scratch2/Reddit_Prov_Dataset_v6/_The_Supreme_Leader_wears_a_fedora_and_gives_a_dancing_lesson/g1088_d2f8rsd.png", "URL": "http://i.imgur.com/OvfN1zB.png", "fileid": "g1088_d2f8rsd.png"}, {"id": "g1088_d2fcstt", "comment": "[legend of drunken supreme leader](http://i.imgur.com/fNrhTus.png)\n\nedit:\n[successful launch](http://i.imgur.com/i1adMbr.png)", "date": "2016-04-24 10:25:21", "seriesname": "g1088_d2fcstt", "file": "/media/jbrogan4/scratch2/Reddit_Prov_Dataset_v6/_The_Supreme_Leader_wears_a_fedora_and_gives_a_dancing_lesson/g1088_d2fcstt.png", "URL": "http://i.imgur.com/i1adMbr.png", "fileid": "g1088_d2fcstt.png"}, {"id": "g1088_d2fu7sy", "comment": "https://www.imgur.com/L1ml4hn.jpg supreme neckbeard ", "date": "2016-04-24 18:24:30", "seriesname": "g1088_d2fu7sy", "file": "/media/jbrogan4/scratch2/Reddit_Prov_Dataset_v6/_The_Supreme_Leader_wears_a_fedora_and_gives_a_dancing_lesson/g1088_d2fu7sy.jpg", "URL": "https://www.imgur.com/L1ml4hn.jpg", "fileid": "g1088_d2fu7sy.jpg"}, {"id": "g1088_d2foyn1", "comment": "[All he wanted was a hug...](http://i.imgur.com/yOzlVx3.jpg)", "date": "2016-04-24 16:08:03", "seriesname": "g1088_d2foyn1", "file": "/media/jbrogan4/scratch2/Reddit_Prov_Dataset_v6/_The_Supreme_Leader_wears_a_fedora_and_gives_a_dancing_lesson/g1088_d2foyn1.jpg", "URL": "http://i.imgur.com/yOzlVx3.jpg", "fileid": "g1088_d2foyn1.jpg"}, {"id": "g1088_d2g2zt1", "comment": "Really surprised i didnt find this in the thread [Run DMZ](http://imgur.com/wmIN7Vo)", "date": "2016-04-24 22:34:24", "seriesname": "g1088_d2g2zt1", "file": "/media/jbrogan4/scratch2/Reddit_Prov_Dataset_v6/_The_Supreme_Leader_wears_a_fedora_and_gives_a_dancing_lesson/g1088_d2g2zt1.png", "URL": "http://i.imgur.com/wmIN7Vo.png", "fileid": "g1088_d2g2zt1.png"}, {"id": "g1088_d2fbgw8", "comment": "[Supreme Lead Instructor](http://i.imgur.com/kICnAgv.jpg)", "date": "2016-04-24 09:36:25", "seriesname": "g1088_d2fbgw8", "file": "/media/jbrogan4/scratch2/Reddit_Prov_Dataset_v6/_The_Supreme_Leader_wears_a_fedora_and_gives_a_dancing_lesson/g1088_d2fbgw8.jpg", "URL": "http://i.imgur.com/kICnAgv.jpg", "fileid": "g1088_d2fbgw8.jpg"}, {"id": "g1088_d2fuyjt", "comment": "Action Bronson feat Kim - Baby Blue\n\n\nhttp://imgur.com/TRcm6Xh", "date": "2016-04-24 18:45:16", "seriesname": "g1088_d2fuyjt", "file": "/media/jbrogan4/scratch2/Reddit_Prov_Dataset_v6/_The_Supreme_Leader_wears_a_fedora_and_gives_a_dancing_lesson/g1088_d2fuyjt.png", "URL": "http://i.imgur.com/TRcm6Xh.png", "fileid": "g1088_d2fuyjt.png"}, {"id": "g1088_root", "comment": "", "date": "2016-04-24 05:34:10", "seriesname": "g1088_root", "file": "/media/jbrogan4/scratch2/Reddit_Prov_Dataset_v6/_The_Supreme_Leader_wears_a_fedora_and_gives_a_dancing_lesson/g1088_root.jpg", "URL": "http://i.imgur.com/5ycnUD5.jpg", "fileid": "g1088_root.jpg"}, {"id": "g1088_d2fitn8", "comment": "[Kim Jong Moon](http://imgur.com/oB6iODh)", "date": "2016-04-24 13:22:50", "seriesname": "g1088_d2fitn8", "file": "/media/jbrogan4/scratch2/Reddit_Prov_Dataset_v6/_The_Supreme_Leader_wears_a_fedora_and_gives_a_dancing_lesson/g1088_d2fitn8.png", "URL": "http://i.imgur.com/oB6iODh.png", "fileid": "g1088_d2fitn8.png"}, {"id": "g1088_d2fm7ty", "comment": "[M'Lady, * *Tips Fedora* *](http://i.imgur.com/vRwRHab.jpg)\n\nSorry if this has already been done.  I'm sure it has but here's another.", "date": "2016-04-24 14:53:54", "seriesname": "g1088_d2fm7ty", "file": "/media/jbrogan4/scratch2/Reddit_Prov_Dataset_v6/_The_Supreme_Leader_wears_a_fedora_and_gives_a_dancing_lesson/g1088_d2fm7ty.jpg", "URL": "http://i.imgur.com/vRwRHab.jpg", "fileid": "g1088_d2fm7ty.jpg"}, {"id": "g1088_d2fr93n", "comment": "[op..op..op..oppa gangnam style](http://i.imgur.com/SJiqhMl.jpg)", "date": "2016-04-24 17:07:14", "seriesname": "g1088_d2fr93n", "file": "/media/jbrogan4/scratch2/Reddit_Prov_Dataset_v6/_The_Supreme_Leader_wears_a_fedora_and_gives_a_dancing_lesson/g1088_d2fr93n.jpg", "URL": "http://i.imgur.com/SJiqhMl.jpg", "fileid": "g1088_d2fr93n.jpg"}], "graph": {"name": "g1088_root"}, "directed": true}