{"links": [{"op": "none", "target": 0, "source": 46}, {"op": "none", "target": 1, "source": 47}, {"op": "none", "target": 2, "source": 24}, {"op": "none", "target": 3, "source": 46}, {"op": "none", "target": 4, "source": 46}, {"op": "none", "target": 5, "source": 6}, {"op": "none", "target": 6, "source": 13}, {"op": "none", "target": 7, "source": 32}, {"op": "none", "target": 8, "source": 46}, {"op": "none", "target": 9, "source": 46}, {"op": "none", "target": 10, "source": 46}, {"op": "none", "target": 11, "source": 24}, {"op": "none", "target": 12, "source": 46}, {"op": "none", "target": 13, "source": 46}, {"op": "none", "target": 14, "source": 46}, {"op": "none", "target": 15, "source": 46}, {"op": "none", "target": 16, "source": 23}, {"op": "none", "target": 17, "source": 3}, {"op": "none", "target": 18, "source": 46}, {"op": "none", "target": 19, "source": 46}, {"op": "none", "target": 20, "source": 46}, {"op": "none", "target": 21, "source": 46}, {"op": "none", "target": 22, "source": 33}, {"op": "none", "target": 23, "source": 28}, {"op": "none", "target": 24, "source": 46}, {"op": "none", "target": 25, "source": 14}, {"op": "none", "target": 26, "source": 46}, {"op": "none", "target": 27, "source": 6}, {"op": "none", "target": 28, "source": 46}, {"op": "none", "target": 29, "source": 46}, {"op": "none", "target": 30, "source": 1}, {"op": "none", "target": 31, "source": 39}, {"op": "none", "target": 32, "source": 31}, {"op": "none", "target": 33, "source": 46}, {"op": "none", "target": 34, "source": 46}, {"op": "none", "target": 35, "source": 46}, {"op": "none", "target": 36, "source": 46}, {"op": "none", "target": 37, "source": 10}, {"op": "none", "target": 38, "source": 46}, {"op": "none", "target": 39, "source": 46}, {"op": "none", "target": 40, "source": 24}, {"op": "none", "target": 41, "source": 33}, {"op": "none", "target": 42, "source": 6}, {"op": "none", "target": 43, "source": 46}, {"op": "none", "target": 44, "source": 24}, {"op": "none", "target": 45, "source": 46}, {"op": "none", "target": 47, "source": 7}], "title": "_Streaker_stealing_the_show_at_a_Tennis_game", "nodes": [{"id": "g1081_csv5gzx", "comment": "[looks like an old Mentos commerical](http://i.imgur.com/0pXMZdk.jpg)", "date": "2015-07-07 13:06:05", "seriesname": "g1081_csv5gzx", "file": "/media/jbrogan4/scratch2/Reddit_Prov_Dataset_v6/_Streaker_stealing_the_show_at_a_Tennis_game/g1081_csv5gzx.jpg", "URL": "http://i.imgur.com/0pXMZdk.jpg", "fileid": "g1081_csv5gzx.jpg"}, {"id": "g1081_csvf365", "comment": "http://i.imgur.com/IvjpIah.jpg", "date": "2015-07-07 16:51:45", "seriesname": "g1081_csvf365", "file": "/media/jbrogan4/scratch2/Reddit_Prov_Dataset_v6/_Streaker_stealing_the_show_at_a_Tennis_game/g1081_csvf365.jpg", "URL": "http://i.imgur.com/IvjpIah.jpg", "fileid": "g1081_csvf365.jpg"}, {"id": "g1081_csvbodk", "comment": "Wait until you see the version he did where [everyone gets swapped](https://i.imgur.com/RhM6kyZ.jpg).", "date": "2015-07-07 15:31:38", "seriesname": "g1081_csvbodk", "file": "/media/jbrogan4/scratch2/Reddit_Prov_Dataset_v6/_Streaker_stealing_the_show_at_a_Tennis_game/g1081_csvbodk.jpg", "URL": "https://i.imgur.com/RhM6kyZ.jpg).", "fileid": "g1081_csvbodk."}, {"id": "g1081_csv0ggu", "comment": "[Awoooooga, awoooooga!](http://i.imgur.com/BcxJdqu.jpg)", "date": "2015-07-07 10:59:05", "seriesname": "g1081_csv0ggu", "file": "/media/jbrogan4/scratch2/Reddit_Prov_Dataset_v6/_Streaker_stealing_the_show_at_a_Tennis_game/g1081_csv0ggu.jpg", "URL": "http://i.imgur.com/BcxJdqu.jpg", "fileid": "g1081_csv0ggu.jpg"}, {"id": "g1081_csv1qrz", "comment": "[I said new balls, please!](https://i.imgur.com/y2LGDxu.jpg)", "date": "2015-07-07 11:33:37", "seriesname": "g1081_csv1qrz", "file": "/media/jbrogan4/scratch2/Reddit_Prov_Dataset_v6/_Streaker_stealing_the_show_at_a_Tennis_game/g1081_csv1qrz.jpg", "URL": "https://i.imgur.com/y2LGDxu.jpg", "fileid": "g1081_csv1qrz.jpg"}, {"id": "g1081_csv2kd5", "comment": "[I'm gonna need a bigger towel!](http://i.imgur.com/e66rP2V.jpg)", "date": "2015-07-07 11:54:35", "seriesname": "g1081_csv2kd5", "file": "/media/jbrogan4/scratch2/Reddit_Prov_Dataset_v6/_Streaker_stealing_the_show_at_a_Tennis_game/g1081_csv2kd5.jpg", "URL": "http://i.imgur.com/e66rP2V.jpg", "fileid": "g1081_csv2kd5.jpg"}, {"id": "g1081_csv0e9e", "comment": "[FTFY](http://i.imgur.com/XM8vYpU.jpg)", "date": "2015-07-07 10:57:21", "seriesname": "g1081_csv0e9e", "file": "/media/jbrogan4/scratch2/Reddit_Prov_Dataset_v6/_Streaker_stealing_the_show_at_a_Tennis_game/g1081_csv0e9e.jpg", "URL": "http://i.imgur.com/XM8vYpU.jpg", "fileid": "g1081_csv0e9e.jpg"}, {"id": "g1081_csv5al1", "comment": "http://imgur.com/jh2djdS", "date": "2015-07-07 13:01:49", "seriesname": "g1081_csv5al1", "file": "/media/jbrogan4/scratch2/Reddit_Prov_Dataset_v6/_Streaker_stealing_the_show_at_a_Tennis_game/g1081_csv5al1.png", "URL": "http://i.imgur.com/jh2djdS.png", "fileid": "g1081_csv5al1.png"}, {"id": "g1081_csv5bdm", "comment": "http://imgur.com/pu80fAi", "date": "2015-07-07 13:02:22", "seriesname": "g1081_csv5bdm", "file": "/media/jbrogan4/scratch2/Reddit_Prov_Dataset_v6/_Streaker_stealing_the_show_at_a_Tennis_game/g1081_csv5bdm.png", "URL": "http://i.imgur.com/pu80fAi.png", "fileid": "g1081_csv5bdm.png"}, {"id": "g1081_csv37t1", "comment": "[Real friendly, that tennis game](http://imgur.com/HmaA6gE)", "date": "2015-07-07 12:10:58", "seriesname": "g1081_csv37t1", "file": "/media/jbrogan4/scratch2/Reddit_Prov_Dataset_v6/_Streaker_stealing_the_show_at_a_Tennis_game/g1081_csv37t1.png", "URL": "http://i.imgur.com/HmaA6gE.png", "fileid": "g1081_csv37t1.png"}, {"id": "g1081_csv3f9v", "comment": "[Uncensored](http://i.imgur.com/xJlqCCD.jpg)", "date": "2015-07-07 12:16:10", "seriesname": "g1081_csv3f9v", "file": "/media/jbrogan4/scratch2/Reddit_Prov_Dataset_v6/_Streaker_stealing_the_show_at_a_Tennis_game/g1081_csv3f9v.jpg", "URL": "http://i.imgur.com/xJlqCCD.jpg", "fileid": "g1081_csv3f9v.jpg"}, {"id": "g1081_csv9od0", "comment": "[Are you happy now?](http://i.imgur.com/RhM6kyZ.jpg)", "date": "2015-07-07 14:44:44", "seriesname": "g1081_csv9od0", "file": "/media/jbrogan4/scratch2/Reddit_Prov_Dataset_v6/_Streaker_stealing_the_show_at_a_Tennis_game/g1081_csv9od0.jpg", "URL": "http://i.imgur.com/RhM6kyZ.jpg", "fileid": "g1081_csv9od0.jpg"}, {"id": "g1081_csuza3v", "comment": "This morning's heavy ISIS briefing at the Pentagon. [I tried.](http://i.imgur.com/pmDu5zr.jpg)", "date": "2015-07-07 10:25:42", "seriesname": "g1081_csuza3v", "file": "/media/jbrogan4/scratch2/Reddit_Prov_Dataset_v6/_Streaker_stealing_the_show_at_a_Tennis_game/g1081_csuza3v.jpg", "URL": "http://i.imgur.com/pmDu5zr.jpg", "fileid": "g1081_csuza3v.jpg"}, {"id": "g1081_csuzltb", "comment": "[No!](http://i.imgur.com/fEwDGSG.png)", "date": "2015-07-07 10:35:16", "seriesname": "g1081_csuzltb", "file": "/media/jbrogan4/scratch2/Reddit_Prov_Dataset_v6/_Streaker_stealing_the_show_at_a_Tennis_game/g1081_csuzltb.png", "URL": "http://i.imgur.com/fEwDGSG.png", "fileid": "g1081_csuzltb.png"}, {"id": "g1081_csuzrcc", "comment": "[ffs](http://i.imgur.com/oKN0kuc.jpg)", "date": "2015-07-07 10:39:38", "seriesname": "g1081_csuzrcc", "file": "/media/jbrogan4/scratch2/Reddit_Prov_Dataset_v6/_Streaker_stealing_the_show_at_a_Tennis_game/g1081_csuzrcc.jpg", "URL": "http://i.imgur.com/oKN0kuc.jpg", "fileid": "g1081_csuzrcc.jpg"}, {"id": "g1081_csv0ewl", "comment": "[Oh come on, not in front of the kids!](http://i.imgur.com/d3KqYyg.png)", "date": "2015-07-07 10:57:51", "seriesname": "g1081_csv0ewl", "file": "/media/jbrogan4/scratch2/Reddit_Prov_Dataset_v6/_Streaker_stealing_the_show_at_a_Tennis_game/g1081_csv0ewl.png", "URL": "http://i.imgur.com/d3KqYyg.png", "fileid": "g1081_csv0ewl.png"}, {"id": "g1081_csv1mkz", "comment": "[Not my idol!] (http://i.imgur.com/wckCJZ4.jpg)", "date": "2015-07-07 11:30:39", "seriesname": "g1081_csv1mkz", "file": "/media/jbrogan4/scratch2/Reddit_Prov_Dataset_v6/_Streaker_stealing_the_show_at_a_Tennis_game/g1081_csv1mkz.jpg", "URL": "http://i.imgur.com/wckCJZ4.jpg", "fileid": "g1081_csv1mkz.jpg"}, {"id": "g1081_csv5yyb", "comment": "[Avery's Big Bad Wolf.](http://i.imgur.com/rJkzC3M.jpg)", "date": "2015-07-07 13:17:51", "seriesname": "g1081_csv5yyb", "file": "/media/jbrogan4/scratch2/Reddit_Prov_Dataset_v6/_Streaker_stealing_the_show_at_a_Tennis_game/g1081_csv5yyb.jpg", "URL": "http://i.imgur.com/rJkzC3M.jpg", "fileid": "g1081_csv5yyb.jpg"}, {"id": "g1081_csv2556", "comment": "[Sexist players. If it were a man...](https://imgur.com/kftzGH8.jpeg)", "date": "2015-07-07 11:43:46", "seriesname": "g1081_csv2556", "file": "/media/jbrogan4/scratch2/Reddit_Prov_Dataset_v6/_Streaker_stealing_the_show_at_a_Tennis_game/g1081_csv2556.jpg", "URL": "https://imgur.com/kftzGH8.jpeg", "fileid": "g1081_csv2556.jpeg"}, {"id": "g1081_csv8mvd", "comment": "...Googling the necessary words to find an 'appropriate' image for this - **Bleaches eyes*.\n\nhttp://i.imgur.com/FmJcUmj.jpg\n\n", "date": "2015-07-07 14:20:39", "seriesname": "g1081_csv8mvd", "file": "/media/jbrogan4/scratch2/Reddit_Prov_Dataset_v6/_Streaker_stealing_the_show_at_a_Tennis_game/g1081_csv8mvd.jpg", "URL": "http://i.imgur.com/FmJcUmj.jpg", "fileid": "g1081_csv8mvd.jpg"}, {"id": "g1081_csv2myd", "comment": "[We can die in peace now](http://i.imgur.com/0YhGMR4.jpg)", "date": "2015-07-07 11:56:20", "seriesname": "g1081_csv2myd", "file": "/media/jbrogan4/scratch2/Reddit_Prov_Dataset_v6/_Streaker_stealing_the_show_at_a_Tennis_game/g1081_csv2myd.jpg", "URL": "http://i.imgur.com/0YhGMR4.jpg", "fileid": "g1081_csv2myd.jpg"}, {"id": "g1081_csv7m95", "comment": "[\u0414\u0430](http://imgur.com/vawwK5F)", "date": "2015-07-07 13:56:34", "seriesname": "g1081_csv7m95", "file": "/media/jbrogan4/scratch2/Reddit_Prov_Dataset_v6/_Streaker_stealing_the_show_at_a_Tennis_game/g1081_csv7m95.png", "URL": "http://i.imgur.com/vawwK5F.png", "fileid": "g1081_csv7m95.png"}, {"id": "g1081_csv4emp", "comment": "lol, shouldve read the comments before i started \n\nhttp://i.imgur.com/3vuLoQZ.png", "date": "2015-07-07 12:40:25", "seriesname": "g1081_csv4emp", "file": "/media/jbrogan4/scratch2/Reddit_Prov_Dataset_v6/_Streaker_stealing_the_show_at_a_Tennis_game/g1081_csv4emp.png", "URL": "http://i.imgur.com/3vuLoQZ.png", "fileid": "g1081_csv4emp.png"}, {"id": "g1081_csv138x", "comment": "[*Meeting your idol*](http://i.imgur.com/TCDj4KR.jpg)", "date": "2015-07-07 11:16:22", "seriesname": "g1081_csv138x", "file": "/media/jbrogan4/scratch2/Reddit_Prov_Dataset_v6/_Streaker_stealing_the_show_at_a_Tennis_game/g1081_csv138x.jpg", "URL": "http://i.imgur.com/TCDj4KR.jpg", "fileid": "g1081_csv138x.jpg"}, {"id": "g1081_csv2cnl", "comment": "[Swap](http://i.imgur.com/2L9EPjC.jpg)", "date": "2015-07-07 11:49:09", "seriesname": "g1081_csv2cnl", "file": "/media/jbrogan4/scratch2/Reddit_Prov_Dataset_v6/_Streaker_stealing_the_show_at_a_Tennis_game/g1081_csv2cnl.jpg", "URL": "http://i.imgur.com/2L9EPjC.jpg", "fileid": "g1081_csv2cnl.jpg"}, {"id": "g1081_csv0w38", "comment": "[Found it.](http://i.imgur.com/W4s3jYC.jpg) Thanks!", "date": "2015-07-07 11:11:05", "seriesname": "g1081_csv0w38", "file": "/media/jbrogan4/scratch2/Reddit_Prov_Dataset_v6/_Streaker_stealing_the_show_at_a_Tennis_game/g1081_csv0w38.jpg", "URL": "http://i.imgur.com/W4s3jYC.jpg", "fileid": "g1081_csv0w38.jpg"}, {"id": "g1081_csvh0db", "comment": "[The guy on the far left looks like Larry David, so I ran with it](http://i.imgur.com/quo0ybm.jpg)", "date": "2015-07-07 17:39:32", "seriesname": "g1081_csvh0db", "file": "/media/jbrogan4/scratch2/Reddit_Prov_Dataset_v6/_Streaker_stealing_the_show_at_a_Tennis_game/g1081_csvh0db.jpg", "URL": "http://i.imgur.com/quo0ybm.jpg", "fileid": "g1081_csvh0db.jpg"}, {"id": "g1081_csvay2c", "comment": "http://imgur.com/Epr7LTK", "date": "2015-07-07 15:14:24", "seriesname": "g1081_csvay2c", "file": "/media/jbrogan4/scratch2/Reddit_Prov_Dataset_v6/_Streaker_stealing_the_show_at_a_Tennis_game/g1081_csvay2c.png", "URL": "http://i.imgur.com/Epr7LTK.png", "fileid": "g1081_csvay2c.png"}, {"id": "g1081_csv05y6", "comment": "[Meeting your idol](http://i.imgur.com/6Qalhqz.jpg)", "date": "2015-07-07 10:50:58", "seriesname": "g1081_csv05y6", "file": "/media/jbrogan4/scratch2/Reddit_Prov_Dataset_v6/_Streaker_stealing_the_show_at_a_Tennis_game/g1081_csv05y6.jpg", "URL": "http://i.imgur.com/6Qalhqz.jpg", "fileid": "g1081_csv05y6.jpg"}, {"id": "g1081_csv2zm1", "comment": "[stealin' da show](http://i.imgur.com/2TzQldZ.jpg) NSFW", "date": "2015-07-07 12:05:19", "seriesname": "g1081_csv2zm1", "file": "/media/jbrogan4/scratch2/Reddit_Prov_Dataset_v6/_Streaker_stealing_the_show_at_a_Tennis_game/g1081_csv2zm1.jpg", "URL": "http://i.imgur.com/2TzQldZ.jpg", "fileid": "g1081_csv2zm1.jpg"}, {"id": "g1081_csvklvm", "comment": "[dee's nuts](http://i.imgur.com/KClUKnf.png)", "date": "2015-07-07 19:16:19", "seriesname": "g1081_csvklvm", "file": "/media/jbrogan4/scratch2/Reddit_Prov_Dataset_v6/_Streaker_stealing_the_show_at_a_Tennis_game/g1081_csvklvm.png", "URL": "http://i.imgur.com/KClUKnf.png", "fileid": "g1081_csvklvm.png"}, {"id": "g1081_csv1fu3", "comment": "http://i.imgur.com/6oZKrHN.jpg", "date": "2015-07-07 11:25:41", "seriesname": "g1081_csv1fu3", "file": "/media/jbrogan4/scratch2/Reddit_Prov_Dataset_v6/_Streaker_stealing_the_show_at_a_Tennis_game/g1081_csv1fu3.jpg", "URL": "http://i.imgur.com/6oZKrHN.jpg", "fileid": "g1081_csv1fu3.jpg"}, {"id": "g1081_csv3f90", "comment": "http://i.imgur.com/QGXSkUA.jpg", "date": "2015-07-07 12:16:09", "seriesname": "g1081_csv3f90", "file": "/media/jbrogan4/scratch2/Reddit_Prov_Dataset_v6/_Streaker_stealing_the_show_at_a_Tennis_game/g1081_csv3f90.jpg", "URL": "http://i.imgur.com/QGXSkUA.jpg", "fileid": "g1081_csv3f90.jpg"}, {"id": "g1081_csv19d6", "comment": "[Mr. President approves](http://i.imgur.com/jhIKMJ0.jpg?1)", "date": "2015-07-07 11:20:55", "seriesname": "g1081_csv19d6", "file": "/media/jbrogan4/scratch2/Reddit_Prov_Dataset_v6/_Streaker_stealing_the_show_at_a_Tennis_game/g1081_csv19d6.jpg", "URL": "http://i.imgur.com/jhIKMJ0.jpg?1", "fileid": "g1081_csv19d6.jpg"}, {"id": "g1081_csv1uw0", "comment": "[Meanwhile, in Victorian times...](http://i.imgur.com/KHKCW7N.jpg)", "date": "2015-07-07 11:36:30", "seriesname": "g1081_csv1uw0", "file": "/media/jbrogan4/scratch2/Reddit_Prov_Dataset_v6/_Streaker_stealing_the_show_at_a_Tennis_game/g1081_csv1uw0.jpg", "URL": "http://i.imgur.com/KHKCW7N.jpg", "fileid": "g1081_csv1uw0.jpg"}, {"id": "g1081_csv69pp", "comment": "[Fluffy is traumatised](http://i.imgur.com/x98tfFX.jpg)\n\n\nAnd yes, I have used this cutout before.", "date": "2015-07-07 13:24:57", "seriesname": "g1081_csv69pp", "file": "/media/jbrogan4/scratch2/Reddit_Prov_Dataset_v6/_Streaker_stealing_the_show_at_a_Tennis_game/g1081_csv69pp.jpg", "URL": "http://i.imgur.com/x98tfFX.jpg", "fileid": "g1081_csv69pp.jpg"}, {"id": "g1081_csv10yt", "comment": "[So many possibilites, yet I did this...](http://i.imgur.com/Z8DAZ3y.jpg)", "date": "2015-07-07 11:14:38", "seriesname": "g1081_csv10yt", "file": "/media/jbrogan4/scratch2/Reddit_Prov_Dataset_v6/_Streaker_stealing_the_show_at_a_Tennis_game/g1081_csv10yt.jpg", "URL": "http://i.imgur.com/Z8DAZ3y.jpg", "fileid": "g1081_csv10yt.jpg"}, {"id": "g1081_csvh37a", "comment": "http://i.imgur.com/MlHm0Zg.gif", "date": "2015-07-07 17:41:33", "seriesname": "g1081_csvh37a", "file": "/media/jbrogan4/scratch2/Reddit_Prov_Dataset_v6/_Streaker_stealing_the_show_at_a_Tennis_game/g1081_csvh37a.jpg", "URL": "http://i.imgur.com/MlHm0Zg.gif", "fileid": "g1081_csvh37a.gif"}, {"id": "g1081_csv2g82", "comment": "[Meanwhile, on the other side of London...](http://i.imgur.com/dLGyN1n.jpg)", "date": "2015-07-07 11:51:40", "seriesname": "g1081_csv2g82", "file": "/media/jbrogan4/scratch2/Reddit_Prov_Dataset_v6/_Streaker_stealing_the_show_at_a_Tennis_game/g1081_csv2g82.jpg", "URL": "http://i.imgur.com/dLGyN1n.jpg", "fileid": "g1081_csv2g82.jpg"}, {"id": "g1081_csv0r9s", "comment": "[Taking the celebration too far](http://i.imgur.com/EBpyIl9.jpg)", "date": "2015-07-07 11:07:26", "seriesname": "g1081_csv0r9s", "file": "/media/jbrogan4/scratch2/Reddit_Prov_Dataset_v6/_Streaker_stealing_the_show_at_a_Tennis_game/g1081_csv0r9s.jpg", "URL": "http://i.imgur.com/EBpyIl9.jpg", "fileid": "g1081_csv0r9s.jpg"}, {"id": "g1081_csvb7dh", "comment": "That **is** a great tutorial about how to use the clone stamp tool.\n\nI just wanted to add, at least for the image in your example, there is an easier way.\n\n[Content-aware fill](http://imgur.com/a/65rv2)\n\n\nAfter you're done, you probably would still want to use the clone stamp tool to clean up some of the areas that obviously repeat, such as the stains and cracks in the concrete, but there's a lot less work to do.\n\n", "date": "2015-07-07 15:20:39", "seriesname": "g1081_csvb7dh", "file": "/media/jbrogan4/scratch2/Reddit_Prov_Dataset_v6/_Streaker_stealing_the_show_at_a_Tennis_game/g1081_csvb7dh.png", "URL": "http://i.imgur.com/65rv2.png", "fileid": "g1081_csvb7dh.png"}, {"id": "g1081_csv7sa5", "comment": "[Couldn't let this opportunity pass](http://i.imgur.com/JVqxLEE.jpg)", "date": "2015-07-07 14:00:33", "seriesname": "g1081_csv7sa5", "file": "/media/jbrogan4/scratch2/Reddit_Prov_Dataset_v6/_Streaker_stealing_the_show_at_a_Tennis_game/g1081_csv7sa5.jpg", "URL": "http://i.imgur.com/JVqxLEE.jpg", "fileid": "g1081_csv7sa5.jpg"}, {"id": "g1081_csv3nj6", "comment": "http://i.imgur.com/5FKupQS.jpg", "date": "2015-07-07 12:21:48", "seriesname": "g1081_csv3nj6", "file": "/media/jbrogan4/scratch2/Reddit_Prov_Dataset_v6/_Streaker_stealing_the_show_at_a_Tennis_game/g1081_csv3nj6.jpg", "URL": "http://i.imgur.com/5FKupQS.jpg", "fileid": "g1081_csv3nj6.jpg"}, {"id": "g1081_csuzu6n", "comment": "[There's always time.](http://i.imgur.com/qOoihbi.jpg)", "date": "2015-07-07 10:41:50", "seriesname": "g1081_csuzu6n", "file": "/media/jbrogan4/scratch2/Reddit_Prov_Dataset_v6/_Streaker_stealing_the_show_at_a_Tennis_game/g1081_csuzu6n.jpg", "URL": "http://i.imgur.com/qOoihbi.jpg", "fileid": "g1081_csuzu6n.jpg"}, {"id": "g1081_csva0l9", "comment": "http://i.imgur.com/s4Yzc0D.gif\n\nEdit: [Wanna get a room?](http://i.imgur.com/sM7acIa.gif) ", "date": "2015-07-07 14:52:30", "seriesname": "g1081_csva0l9", "file": "/media/jbrogan4/scratch2/Reddit_Prov_Dataset_v6/_Streaker_stealing_the_show_at_a_Tennis_game/g1081_csva0l9.jpg", "URL": "http://i.imgur.com/sM7acIa.gif", "fileid": "g1081_csva0l9.gif"}, {"id": "g1081_csv1j49", "comment": "[Everybody! Everybody!](http://i.imgur.com/N8I7Y5Y.jpg)", "date": "2015-07-07 11:28:05", "seriesname": "g1081_csv1j49", "file": "/media/jbrogan4/scratch2/Reddit_Prov_Dataset_v6/_Streaker_stealing_the_show_at_a_Tennis_game/g1081_csv1j49.jpg", "URL": "http://i.imgur.com/N8I7Y5Y.jpg", "fileid": "g1081_csv1j49.jpg"}, {"id": "g1081_root", "comment": "", "date": "2015-07-07 09:35:36", "seriesname": "g1081_root", "file": "/media/jbrogan4/scratch2/Reddit_Prov_Dataset_v6/_Streaker_stealing_the_show_at_a_Tennis_game/g1081_root.jpg", "URL": "http://i.imgur.com/To8ipbo.jpg", "fileid": "g1081_root.jpg"}, {"id": "g1081_csveuw9", "comment": "http://i.imgur.com/4RdNTiM.jpg", "date": "2015-07-07 16:46:20", "seriesname": "g1081_csveuw9", "file": "/media/jbrogan4/scratch2/Reddit_Prov_Dataset_v6/_Streaker_stealing_the_show_at_a_Tennis_game/g1081_csveuw9.jpg", "URL": "http://i.imgur.com/4RdNTiM.jpg", "fileid": "g1081_csveuw9.jpg"}], "graph": {"name": "g1081_root"}, "directed": true}