{"links": [{"op": "none", "target": 0, "source": 42}, {"op": "none", "target": 1, "source": 42}, {"op": "none", "target": 2, "source": 29}, {"op": "none", "target": 3, "source": 42}, {"op": "none", "target": 4, "source": 42}, {"op": "none", "target": 5, "source": 42}, {"op": "none", "target": 6, "source": 42}, {"op": "none", "target": 7, "source": 42}, {"op": "none", "target": 8, "source": 42}, {"op": "none", "target": 9, "source": 16}, {"op": "none", "target": 10, "source": 42}, {"op": "none", "target": 11, "source": 42}, {"op": "none", "target": 12, "source": 42}, {"op": "none", "target": 13, "source": 24}, {"op": "none", "target": 14, "source": 42}, {"op": "none", "target": 15, "source": 42}, {"op": "none", "target": 16, "source": 22}, {"op": "none", "target": 17, "source": 43}, {"op": "none", "target": 18, "source": 42}, {"op": "none", "target": 19, "source": 42}, {"op": "none", "target": 20, "source": 42}, {"op": "none", "target": 21, "source": 42}, {"op": "none", "target": 22, "source": 26}, {"op": "none", "target": 23, "source": 42}, {"op": "none", "target": 24, "source": 31}, {"op": "none", "target": 25, "source": 42}, {"op": "none", "target": 26, "source": 42}, {"op": "none", "target": 27, "source": 44}, {"op": "none", "target": 28, "source": 45}, {"op": "none", "target": 29, "source": 18}, {"op": "none", "target": 30, "source": 42}, {"op": "none", "target": 31, "source": 42}, {"op": "none", "target": 32, "source": 42}, {"op": "none", "target": 33, "source": 42}, {"op": "none", "target": 34, "source": 42}, {"op": "none", "target": 35, "source": 42}, {"op": "none", "target": 36, "source": 42}, {"op": "none", "target": 37, "source": 42}, {"op": "none", "target": 38, "source": 27}, {"op": "none", "target": 39, "source": 42}, {"op": "none", "target": 40, "source": 42}, {"op": "none", "target": 41, "source": 42}, {"op": "none", "target": 43, "source": 42}, {"op": "none", "target": 44, "source": 15}, {"op": "none", "target": 45, "source": 16}], "title": "_A_selfie_from_the_driver_of_the_Pope", "nodes": [{"id": "g1086_ct195i8", "comment": "[Oscars Selfie](http://i.imgur.com/DQonycv.png)", "date": "2015-07-12 21:39:17", "seriesname": "g1086_ct195i8", "file": "/media/jbrogan4/scratch2/Reddit_Prov_Dataset_v6/_A_selfie_from_the_driver_of_the_Pope/g1086_ct195i8.png", "URL": "http://i.imgur.com/DQonycv.png", "fileid": "g1086_ct195i8.png"}, {"id": "g1086_ct0my3n", "comment": "[The Da Vinci Code: Part 3](http://i.imgur.com/VPOiaUn.png)\n\nEdit: Since their's some confusion on whether or not their's a part 2, Google Angels &amp; Demons.", "date": "2015-07-12 09:29:33", "seriesname": "g1086_ct0my3n", "file": "/media/jbrogan4/scratch2/Reddit_Prov_Dataset_v6/_A_selfie_from_the_driver_of_the_Pope/g1086_ct0my3n.png", "URL": "http://i.imgur.com/VPOiaUn.png", "fileid": "g1086_ct0my3n.png"}, {"id": "g1086_ct1k4vc", "comment": "[Ultra Pride](http://i.imgur.com/nUfsEzE.jpg)", "date": "2015-07-13 05:45:22", "seriesname": "g1086_ct1k4vc", "file": "/media/jbrogan4/scratch2/Reddit_Prov_Dataset_v6/_A_selfie_from_the_driver_of_the_Pope/g1086_ct1k4vc.jpg", "URL": "http://i.imgur.com/nUfsEzE.jpg", "fileid": "g1086_ct1k4vc.jpg"}, {"id": "g1086_ct0op4d", "comment": "[Shame!](http://i.imgur.com/Tj0hFap.png)", "date": "2015-07-12 10:46:43", "seriesname": "g1086_ct0op4d", "file": "/media/jbrogan4/scratch2/Reddit_Prov_Dataset_v6/_A_selfie_from_the_driver_of_the_Pope/g1086_ct0op4d.png", "URL": "http://i.imgur.com/Tj0hFap.png", "fileid": "g1086_ct0op4d.png"}, {"id": "g1086_ct0px0o", "comment": "[You've been rooting for the wrong guy](http://i.imgur.com/grS79Ui.jpg)", "date": "2015-07-12 11:32:15", "seriesname": "g1086_ct0px0o", "file": "/media/jbrogan4/scratch2/Reddit_Prov_Dataset_v6/_A_selfie_from_the_driver_of_the_Pope/g1086_ct0px0o.jpg", "URL": "http://i.imgur.com/grS79Ui.jpg", "fileid": "g1086_ct0px0o.jpg"}, {"id": "g1086_ct0oueu", "comment": "[Roller Coaster Selfie :D](http://i.imgur.com/cyXlAtB.jpg)", "date": "2015-07-12 10:52:29", "seriesname": "g1086_ct0oueu", "file": "/media/jbrogan4/scratch2/Reddit_Prov_Dataset_v6/_A_selfie_from_the_driver_of_the_Pope/g1086_ct0oueu.jpg", "URL": "http://i.imgur.com/cyXlAtB.jpg", "fileid": "g1086_ct0oueu.jpg"}, {"id": "g1086_ct12ruv", "comment": "[Terribly sorry](http://i.imgur.com/DicdXJm.jpg) Excuse me for stating the bleeding obvious but most of the original is gone im afraid. ", "date": "2015-07-12 18:16:49", "seriesname": "g1086_ct12ruv", "file": "/media/jbrogan4/scratch2/Reddit_Prov_Dataset_v6/_A_selfie_from_the_driver_of_the_Pope/g1086_ct12ruv.jpg", "URL": "http://i.imgur.com/DicdXJm.jpg", "fileid": "g1086_ct12ruv.jpg"}, {"id": "g1086_ct0obnk", "comment": "[Here's a better driver](http://i.imgur.com/eWueDye.jpg)", "date": "2015-07-12 10:31:48", "seriesname": "g1086_ct0obnk", "file": "/media/jbrogan4/scratch2/Reddit_Prov_Dataset_v6/_A_selfie_from_the_driver_of_the_Pope/g1086_ct0obnk.jpg", "URL": "http://i.imgur.com/eWueDye.jpg", "fileid": "g1086_ct0obnk.jpg"}, {"id": "g1086_ct0qcej", "comment": "[\"WHAT A LOVELY DAY!\"](http://i.imgur.com/B6a4tqc.jpg)\n\n\n\n\n", "date": "2015-07-12 11:47:17", "seriesname": "g1086_ct0qcej", "file": "/media/jbrogan4/scratch2/Reddit_Prov_Dataset_v6/_A_selfie_from_the_driver_of_the_Pope/g1086_ct0qcej.jpg", "URL": "http://i.imgur.com/B6a4tqc.jpg", "fileid": "g1086_ct0qcej.jpg"}, {"id": "g1086_ct0o3au", "comment": "[Let me teach you the meaning of fear](http://i.imgur.com/UhERCW2.jpg)", "date": "2015-07-12 10:22:04", "seriesname": "g1086_ct0o3au", "file": "/media/jbrogan4/scratch2/Reddit_Prov_Dataset_v6/_A_selfie_from_the_driver_of_the_Pope/g1086_ct0o3au.jpg", "URL": "http://i.imgur.com/UhERCW2.jpg", "fileid": "g1086_ct0o3au.jpg"}, {"id": "g1086_ct0xjsd", "comment": "[Malcolm really shouldn't be driving](http://i.imgur.com/y3vvfz5.png)", "date": "2015-07-12 15:38:20", "seriesname": "g1086_ct0xjsd", "file": "/media/jbrogan4/scratch2/Reddit_Prov_Dataset_v6/_A_selfie_from_the_driver_of_the_Pope/g1086_ct0xjsd.png", "URL": "http://i.imgur.com/y3vvfz5.png", "fileid": "g1086_ct0xjsd.png"}, {"id": "g1086_ct0np2m", "comment": "[Driver roll up the partition please](http://i.imgur.com/FtrUvCo.png)", "date": "2015-07-12 10:04:51", "seriesname": "g1086_ct0np2m", "file": "/media/jbrogan4/scratch2/Reddit_Prov_Dataset_v6/_A_selfie_from_the_driver_of_the_Pope/g1086_ct0np2m.png", "URL": "http://i.imgur.com/FtrUvCo.png", "fileid": "g1086_ct0np2m.png"}, {"id": "g1086_ct1comp", "comment": "My first time doing something like this, I hope you guys like it\nhttp://i.imgur.com/WkAyOwt.png", "date": "2015-07-12 23:33:09", "seriesname": "g1086_ct1comp", "file": "/media/jbrogan4/scratch2/Reddit_Prov_Dataset_v6/_A_selfie_from_the_driver_of_the_Pope/g1086_ct1comp.png", "URL": "http://i.imgur.com/WkAyOwt.png", "fileid": "g1086_ct1comp.png"}, {"id": "g1086_ct0ofs9", "comment": "[Imgur](http://i.imgur.com/v2dIaUj.jpg)", "date": "2015-07-12 10:36:26", "seriesname": "g1086_ct0ofs9", "file": "/media/jbrogan4/scratch2/Reddit_Prov_Dataset_v6/_A_selfie_from_the_driver_of_the_Pope/g1086_ct0ofs9.jpg", "URL": "http://i.imgur.com/v2dIaUj.jpg", "fileid": "g1086_ct0ofs9.jpg"}, {"id": "g1086_ct0ql9m", "comment": "[Oh what a day! What a lovely day!](https://i.imgur.com/Q2Blr4P.jpg)", "date": "2015-07-12 11:55:32", "seriesname": "g1086_ct0ql9m", "file": "/media/jbrogan4/scratch2/Reddit_Prov_Dataset_v6/_A_selfie_from_the_driver_of_the_Pope/g1086_ct0ql9m.jpg", "URL": "https://i.imgur.com/Q2Blr4P.jpg", "fileid": "g1086_ct0ql9m.jpg"}, {"id": "g1086_ct0njim", "comment": "[Constant heavy guard](http://i.imgur.com/tJpBTSt.jpg)", "date": "2015-07-12 09:57:46", "seriesname": "g1086_ct0njim", "file": "/media/jbrogan4/scratch2/Reddit_Prov_Dataset_v6/_A_selfie_from_the_driver_of_the_Pope/g1086_ct0njim.jpg", "URL": "http://i.imgur.com/tJpBTSt.jpg", "fileid": "g1086_ct0njim.jpg"}, {"id": "g1086_ct0njpn", "comment": "[Robin also made it to the party](http://i.imgur.com/D1jsNk9.jpg)", "date": "2015-07-12 09:58:01", "seriesname": "g1086_ct0njpn", "file": "/media/jbrogan4/scratch2/Reddit_Prov_Dataset_v6/_A_selfie_from_the_driver_of_the_Pope/g1086_ct0njpn.jpg", "URL": "http://i.imgur.com/D1jsNk9.jpg", "fileid": "g1086_ct0njpn.jpg"}, {"id": "g1086_ct1hprt", "comment": "He left out [the Pope](https://i.imgur.com/JoEo1oa.gif)!", "date": "2015-07-13 03:05:44", "seriesname": "g1086_ct1hprt", "file": "/media/jbrogan4/scratch2/Reddit_Prov_Dataset_v6/_A_selfie_from_the_driver_of_the_Pope/g1086_ct1hprt.jpg", "URL": "https://i.imgur.com/JoEo1oa.gif)!", "fileid": "g1086_ct1hprt.gif!"}, {"id": "g1086_ct0puf0", "comment": "[Pride](http://i.imgur.com/fD43ufG.jpg)", "date": "2015-07-12 11:29:43", "seriesname": "g1086_ct0puf0", "file": "/media/jbrogan4/scratch2/Reddit_Prov_Dataset_v6/_A_selfie_from_the_driver_of_the_Pope/g1086_ct0puf0.jpg", "URL": "http://i.imgur.com/fD43ufG.jpg", "fileid": "g1086_ct0puf0.jpg"}, {"id": "g1086_ct0pxd4", "comment": "[He's so cool!](http://i.imgur.com/HVXNCmV.png)", "date": "2015-07-12 11:32:35", "seriesname": "g1086_ct0pxd4", "file": "/media/jbrogan4/scratch2/Reddit_Prov_Dataset_v6/_A_selfie_from_the_driver_of_the_Pope/g1086_ct0pxd4.png", "URL": "http://i.imgur.com/HVXNCmV.png", "fileid": "g1086_ct0pxd4.png"}, {"id": "g1086_ct0r8js", "comment": "[Is nowhere sacred?](http://i.imgur.com/HzrWFcp.jpg)", "date": "2015-07-12 12:17:13", "seriesname": "g1086_ct0r8js", "file": "/media/jbrogan4/scratch2/Reddit_Prov_Dataset_v6/_A_selfie_from_the_driver_of_the_Pope/g1086_ct0r8js.jpg", "URL": "http://i.imgur.com/HzrWFcp.jpg", "fileid": "g1086_ct0r8js.jpg"}, {"id": "g1086_ct0vzwy", "comment": "http://imgur.com/DbiQn0S", "date": "2015-07-12 14:49:16", "seriesname": "g1086_ct0vzwy", "file": "/media/jbrogan4/scratch2/Reddit_Prov_Dataset_v6/_A_selfie_from_the_driver_of_the_Pope/g1086_ct0vzwy.png", "URL": "http://i.imgur.com/DbiQn0S.png", "fileid": "g1086_ct0vzwy.png"}, {"id": "g1086_ct0nbhc", "comment": "[Batman isn't too far behind.](http://i.imgur.com/9xWRiTB.png)", "date": "2015-07-12 09:47:34", "seriesname": "g1086_ct0nbhc", "file": "/media/jbrogan4/scratch2/Reddit_Prov_Dataset_v6/_A_selfie_from_the_driver_of_the_Pope/g1086_ct0nbhc.png", "URL": "http://i.imgur.com/9xWRiTB.png", "fileid": "g1086_ct0nbhc.png"}, {"id": "g1086_ct19nkl", "comment": "[I'm a dentist.](http://imgur.com/8hmDYk3)", "date": "2015-07-12 21:55:33", "seriesname": "g1086_ct19nkl", "file": "/media/jbrogan4/scratch2/Reddit_Prov_Dataset_v6/_A_selfie_from_the_driver_of_the_Pope/g1086_ct19nkl.png", "URL": "http://i.imgur.com/8hmDYk3.png", "fileid": "g1086_ct19nkl.png"}, {"id": "g1086_ct0o3pi", "comment": "The flipped cross... I see it. \n\n*edit - [FTFY](http://i.imgur.com/TUIsOQQ.jpg)*", "date": "2015-07-12 10:22:33", "seriesname": "g1086_ct0o3pi", "file": "/media/jbrogan4/scratch2/Reddit_Prov_Dataset_v6/_A_selfie_from_the_driver_of_the_Pope/g1086_ct0o3pi.jpg", "URL": "http://i.imgur.com/TUIsOQQ.jpg)*", "fileid": "g1086_ct0o3pi.jpg*"}, {"id": "g1086_ct0ntih", "comment": "[Do you need a transporter?](http://i.imgur.com/1uVwKH8.jpg)", "date": "2015-07-12 10:10:13", "seriesname": "g1086_ct0ntih", "file": "/media/jbrogan4/scratch2/Reddit_Prov_Dataset_v6/_A_selfie_from_the_driver_of_the_Pope/g1086_ct0ntih.jpg", "URL": "http://i.imgur.com/1uVwKH8.jpg", "fileid": "g1086_ct0ntih.jpg"}, {"id": "g1086_ct0mfw7", "comment": "[Another diabolical scheme](http://i.imgur.com/2DTErF0.png)", "date": "2015-07-12 09:03:03", "seriesname": "g1086_ct0mfw7", "file": "/media/jbrogan4/scratch2/Reddit_Prov_Dataset_v6/_A_selfie_from_the_driver_of_the_Pope/g1086_ct0mfw7.png", "URL": "http://i.imgur.com/2DTErF0.png", "fileid": "g1086_ct0mfw7.png"}, {"id": "g1086_ct0nu84", "comment": "[Something ain't right...](http://i.imgur.com/BobKeqU.jpg)", "date": "2015-07-12 10:11:07", "seriesname": "g1086_ct0nu84", "file": "/media/jbrogan4/scratch2/Reddit_Prov_Dataset_v6/_A_selfie_from_the_driver_of_the_Pope/g1086_ct0nu84.jpg", "URL": "http://i.imgur.com/BobKeqU.jpg", "fileid": "g1086_ct0nu84.jpg"}, {"id": "g1086_ct0qdtr", "comment": "[He's heading for the tower!](http://i.imgur.com/CysYa5d.png)", "date": "2015-07-12 11:48:39", "seriesname": "g1086_ct0qdtr", "file": "/media/jbrogan4/scratch2/Reddit_Prov_Dataset_v6/_A_selfie_from_the_driver_of_the_Pope/g1086_ct0qdtr.png", "URL": "http://i.imgur.com/CysYa5d.png", "fileid": "g1086_ct0qdtr.png"}, {"id": "g1086_ct0rzl6", "comment": "[Pride](http://i.imgur.com/7Q6maJE.jpg)", "date": "2015-07-12 12:42:21", "seriesname": "g1086_ct0rzl6", "file": "/media/jbrogan4/scratch2/Reddit_Prov_Dataset_v6/_A_selfie_from_the_driver_of_the_Pope/g1086_ct0rzl6.jpg", "URL": "http://i.imgur.com/7Q6maJE.jpg", "fileid": "g1086_ct0rzl6.jpg"}, {"id": "g1086_ct0ni9c", "comment": "[toecutter](http://i.imgur.com/CnkEGXs.jpg)", "date": "2015-07-12 09:56:14", "seriesname": "g1086_ct0ni9c", "file": "/media/jbrogan4/scratch2/Reddit_Prov_Dataset_v6/_A_selfie_from_the_driver_of_the_Pope/g1086_ct0ni9c.jpg", "URL": "http://i.imgur.com/CnkEGXs.jpg", "fileid": "g1086_ct0ni9c.jpg"}, {"id": "g1086_ct0ne5f", "comment": "[Oh shit!](http://i.imgur.com/6UpLr83.jpg)", "date": "2015-07-12 09:50:58", "seriesname": "g1086_ct0ne5f", "file": "/media/jbrogan4/scratch2/Reddit_Prov_Dataset_v6/_A_selfie_from_the_driver_of_the_Pope/g1086_ct0ne5f.jpg", "URL": "http://i.imgur.com/6UpLr83.jpg", "fileid": "g1086_ct0ne5f.jpg"}, {"id": "g1086_ct0umda", "comment": "http://imgur.com/LewGoZz", "date": "2015-07-12 14:06:39", "seriesname": "g1086_ct0umda", "file": "/media/jbrogan4/scratch2/Reddit_Prov_Dataset_v6/_A_selfie_from_the_driver_of_the_Pope/g1086_ct0umda.png", "URL": "http://i.imgur.com/LewGoZz.png", "fileid": "g1086_ct0umda.png"}, {"id": "g1086_ct0nl8v", "comment": "[Don't selfie and drive.](http://i.imgur.com/IQI91E1.png)\n\nEDIT: TRIGGER WARNING FOR BRITS", "date": "2015-07-12 09:59:58", "seriesname": "g1086_ct0nl8v", "file": "/media/jbrogan4/scratch2/Reddit_Prov_Dataset_v6/_A_selfie_from_the_driver_of_the_Pope/g1086_ct0nl8v.png", "URL": "http://i.imgur.com/IQI91E1.png", "fileid": "g1086_ct0nl8v.png"}, {"id": "g1086_ct0v2vi", "comment": "[SO SHINY SO CHROME! TO VALHALA!!!](http://imgur.com/lX8buLc)", "date": "2015-07-12 14:20:54", "seriesname": "g1086_ct0v2vi", "file": "/media/jbrogan4/scratch2/Reddit_Prov_Dataset_v6/_A_selfie_from_the_driver_of_the_Pope/g1086_ct0v2vi.png", "URL": "http://i.imgur.com/lX8buLc.png", "fileid": "g1086_ct0v2vi.png"}, {"id": "g1086_ct0zrn7", "comment": "[Empire version](http://imgur.com/FWSHkuc)", "date": "2015-07-12 16:45:53", "seriesname": "g1086_ct0zrn7", "file": "/media/jbrogan4/scratch2/Reddit_Prov_Dataset_v6/_A_selfie_from_the_driver_of_the_Pope/g1086_ct0zrn7.png", "URL": "http://i.imgur.com/FWSHkuc.png", "fileid": "g1086_ct0zrn7.png"}, {"id": "g1086_ct10aj7", "comment": "[Please be kind](http://imgur.com/ny3qzby) ... my first PsBattle, and I'm not even using real Photoshop. \n\n\"There's 100,000 streets in Vatican City. You don't need to know the route. You give me a time and a place, I give you a five minute window. Anything happens in that five minutes and I'm yours. No matter what. Anything happens a minute either side of that and you're on your own. Do you understand?\"", "date": "2015-07-12 17:01:29", "seriesname": "g1086_ct10aj7", "file": "/media/jbrogan4/scratch2/Reddit_Prov_Dataset_v6/_A_selfie_from_the_driver_of_the_Pope/g1086_ct10aj7.png", "URL": "http://i.imgur.com/ny3qzby.png", "fileid": "g1086_ct10aj7.png"}, {"id": "g1086_ct0unyq", "comment": "[The Pope's Swiss Guard](http://i.imgur.com/DBoIhdj.png)", "date": "2015-07-12 14:08:05", "seriesname": "g1086_ct0unyq", "file": "/media/jbrogan4/scratch2/Reddit_Prov_Dataset_v6/_A_selfie_from_the_driver_of_the_Pope/g1086_ct0unyq.png", "URL": "http://i.imgur.com/DBoIhdj.png", "fileid": "g1086_ct0unyq.png"}, {"id": "g1086_ct0nyy7", "comment": "[The Illuminati or just Jar Jar.](http://i.imgur.com/jsc27bL.png)", "date": "2015-07-12 10:16:56", "seriesname": "g1086_ct0nyy7", "file": "/media/jbrogan4/scratch2/Reddit_Prov_Dataset_v6/_A_selfie_from_the_driver_of_the_Pope/g1086_ct0nyy7.png", "URL": "http://i.imgur.com/jsc27bL.png", "fileid": "g1086_ct0nyy7.png"}, {"id": "g1086_ct0nx2b", "comment": "[\"You're my only hope!\"](http://i.imgur.com/Y3taoDv.jpg)", "date": "2015-07-12 10:14:42", "seriesname": "g1086_ct0nx2b", "file": "/media/jbrogan4/scratch2/Reddit_Prov_Dataset_v6/_A_selfie_from_the_driver_of_the_Pope/g1086_ct0nx2b.jpg", "URL": "http://i.imgur.com/Y3taoDv.jpg", "fileid": "g1086_ct0nx2b.jpg"}, {"id": "g1086_ct0rvpz", "comment": "[The master of disguise](http://i.imgur.com/Qcfgzyk.png)", "date": "2015-07-12 12:38:46", "seriesname": "g1086_ct0rvpz", "file": "/media/jbrogan4/scratch2/Reddit_Prov_Dataset_v6/_A_selfie_from_the_driver_of_the_Pope/g1086_ct0rvpz.png", "URL": "http://i.imgur.com/Qcfgzyk.png", "fileid": "g1086_ct0rvpz.png"}, {"id": "g1086_ct0oam8", "comment": "[Imgur](http://i.imgur.com/C3uxtmD.jpg)", "date": "2015-07-12 10:30:38", "seriesname": "g1086_ct0oam8", "file": "/media/jbrogan4/scratch2/Reddit_Prov_Dataset_v6/_A_selfie_from_the_driver_of_the_Pope/g1086_ct0oam8.jpg", "URL": "http://i.imgur.com/C3uxtmD.jpg", "fileid": "g1086_ct0oam8.jpg"}, {"id": "g1086_root", "comment": "", "date": "2015-07-12 08:19:26", "seriesname": "g1086_root", "file": "/media/jbrogan4/scratch2/Reddit_Prov_Dataset_v6/_A_selfie_from_the_driver_of_the_Pope/g1086_root.jpg", "URL": "http://i.imgur.com/r9pUbBM.jpg", "fileid": "g1086_root.jpg"}, {"id": "g1086_ct0ouir", "comment": "[roxbury](http://i.imgur.com/504woy8.gif)", "date": "2015-07-12 10:52:37", "seriesname": "g1086_ct0ouir", "file": "/media/jbrogan4/scratch2/Reddit_Prov_Dataset_v6/_A_selfie_from_the_driver_of_the_Pope/g1086_ct0ouir.jpg", "URL": "http://i.imgur.com/504woy8.gif", "fileid": "g1086_ct0ouir.gif"}, {"id": "g1086_ct0nkea", "comment": "[The moment when you realize the pope is on the wrong team.](http://i.imgur.com/z2kLiIk.png)", "date": "2015-07-12 09:58:53", "seriesname": "g1086_ct0nkea", "file": "/media/jbrogan4/scratch2/Reddit_Prov_Dataset_v6/_A_selfie_from_the_driver_of_the_Pope/g1086_ct0nkea.png", "URL": "http://i.imgur.com/z2kLiIk.png", "fileid": "g1086_ct0nkea.png"}, {"id": "g1086_ct0o4xz", "comment": "[Joker, you have failed this (Vatican) City!](http://i.imgur.com/IugLveo.jpg)", "date": "2015-07-12 10:24:06", "seriesname": "g1086_ct0o4xz", "file": "/media/jbrogan4/scratch2/Reddit_Prov_Dataset_v6/_A_selfie_from_the_driver_of_the_Pope/g1086_ct0o4xz.jpg", "URL": "http://i.imgur.com/IugLveo.jpg", "fileid": "g1086_ct0o4xz.jpg"}], "graph": {"name": "g1086_root"}, "directed": true}