{"links": [{"op": "none", "target": 0, "source": 5}, {"op": "none", "target": 1, "source": 44}, {"op": "none", "target": 2, "source": 44}, {"op": "none", "target": 3, "source": 44}, {"op": "none", "target": 4, "source": 44}, {"op": "none", "target": 5, "source": 44}, {"op": "none", "target": 6, "source": 44}, {"op": "none", "target": 7, "source": 44}, {"op": "none", "target": 8, "source": 44}, {"op": "none", "target": 9, "source": 44}, {"op": "none", "target": 10, "source": 1}, {"op": "none", "target": 11, "source": 7}, {"op": "none", "target": 12, "source": 44}, {"op": "none", "target": 13, "source": 44}, {"op": "none", "target": 14, "source": 44}, {"op": "none", "target": 15, "source": 44}, {"op": "none", "target": 16, "source": 21}, {"op": "none", "target": 17, "source": 44}, {"op": "none", "target": 18, "source": 42}, {"op": "none", "target": 19, "source": 30}, {"op": "none", "target": 20, "source": 44}, {"op": "none", "target": 21, "source": 33}, {"op": "none", "target": 22, "source": 44}, {"op": "none", "target": 23, "source": 42}, {"op": "none", "target": 24, "source": 38}, {"op": "none", "target": 25, "source": 27}, {"op": "none", "target": 26, "source": 44}, {"op": "none", "target": 27, "source": 44}, {"op": "none", "target": 28, "source": 44}, {"op": "none", "target": 29, "source": 36}, {"op": "none", "target": 30, "source": 21}, {"op": "none", "target": 31, "source": 44}, {"op": "none", "target": 32, "source": 44}, {"op": "none", "target": 33, "source": 38}, {"op": "none", "target": 34, "source": 6}, {"op": "none", "target": 35, "source": 44}, {"op": "none", "target": 36, "source": 23}, {"op": "none", "target": 37, "source": 42}, {"op": "none", "target": 38, "source": 0}, {"op": "none", "target": 39, "source": 33}, {"op": "none", "target": 40, "source": 44}, {"op": "none", "target": 41, "source": 6}, {"op": "none", "target": 42, "source": 44}, {"op": "none", "target": 43, "source": 33}, {"op": "none", "target": 45, "source": 44}], "title": "_Swedens_prime_minister_is_sad_and_left_out_while_other_party_leaders_having_fun_during_congress", "nodes": [{"id": "g1097_cyrtc5y", "comment": "http://imgur.com/BWpg0BS", "date": "2016-01-09 10:13:55", "seriesname": "g1097_cyrtc5y", "file": "/media/jbrogan4/scratch2/Reddit_Prov_Dataset_v6/_Swedens_prime_minister_is_sad_and_left_out_while_other_party_leaders_having_fun_during_congress/g1097_cyrtc5y.png", "URL": "http://i.imgur.com/BWpg0BS.png", "fileid": "g1097_cyrtc5y.png"}, {"id": "g1097_cyrwpys", "comment": "http://imgur.com/lsW6iuM", "date": "2016-01-09 12:07:02", "seriesname": "g1097_cyrwpys", "file": "/media/jbrogan4/scratch2/Reddit_Prov_Dataset_v6/_Swedens_prime_minister_is_sad_and_left_out_while_other_party_leaders_having_fun_during_congress/g1097_cyrwpys.png", "URL": "http://i.imgur.com/lsW6iuM.png", "fileid": "g1097_cyrwpys.png"}, {"id": "g1097_cyrrmh0", "comment": "[oh..she's... so... pretty...](http://imgur.com/PLiOId1)", "date": "2016-01-09 08:56:24", "seriesname": "g1097_cyrrmh0", "file": "/media/jbrogan4/scratch2/Reddit_Prov_Dataset_v6/_Swedens_prime_minister_is_sad_and_left_out_while_other_party_leaders_having_fun_during_congress/g1097_cyrrmh0.png", "URL": "http://i.imgur.com/PLiOId1.png", "fileid": "g1097_cyrrmh0.png"}, {"id": "g1097_cyrt0yh", "comment": "[Note to self: no more beans](http://i.imgur.com/n87rya5.png)", "date": "2016-01-09 10:01:04", "seriesname": "g1097_cyrt0yh", "file": "/media/jbrogan4/scratch2/Reddit_Prov_Dataset_v6/_Swedens_prime_minister_is_sad_and_left_out_while_other_party_leaders_having_fun_during_congress/g1097_cyrt0yh.png", "URL": "http://i.imgur.com/n87rya5.png", "fileid": "g1097_cyrt0yh.png"}, {"id": "g1097_cyrrjn3", "comment": "[Time Out Mister](http://imgur.com/vqTSREn)", "date": "2016-01-09 08:52:14", "seriesname": "g1097_cyrrjn3", "file": "/media/jbrogan4/scratch2/Reddit_Prov_Dataset_v6/_Swedens_prime_minister_is_sad_and_left_out_while_other_party_leaders_having_fun_during_congress/g1097_cyrrjn3.png", "URL": "http://i.imgur.com/vqTSREn.png", "fileid": "g1097_cyrrjn3.png"}, {"id": "g1097_cyrrl23", "comment": "[http://i.imgur.com/wxtjCSY.png](http://i.imgur.com/wxtjCSY.png)", "date": "2016-01-09 08:54:21", "seriesname": "g1097_cyrrl23", "file": "/media/jbrogan4/scratch2/Reddit_Prov_Dataset_v6/_Swedens_prime_minister_is_sad_and_left_out_while_other_party_leaders_having_fun_during_congress/g1097_cyrrl23.png", "URL": "http://i.imgur.com/wxtjCSY.png](http://i.imgur.com/wxtjCSY.png", "fileid": "g1097_cyrrl23.png"}, {"id": "g1097_cyrsgdp", "comment": "http://i.imgur.com/uJ4OLEm.jpg", "date": "2016-01-09 09:36:31", "seriesname": "g1097_cyrsgdp", "file": "/media/jbrogan4/scratch2/Reddit_Prov_Dataset_v6/_Swedens_prime_minister_is_sad_and_left_out_while_other_party_leaders_having_fun_during_congress/g1097_cyrsgdp.jpg", "URL": "http://i.imgur.com/uJ4OLEm.jpg", "fileid": "g1097_cyrsgdp.jpg"}, {"id": "g1097_cyrsibi", "comment": "[My highschool years in a nutshell](http://i.imgur.com/ZCK9K6r.jpg)", "date": "2016-01-09 09:38:56", "seriesname": "g1097_cyrsibi", "file": "/media/jbrogan4/scratch2/Reddit_Prov_Dataset_v6/_Swedens_prime_minister_is_sad_and_left_out_while_other_party_leaders_having_fun_during_congress/g1097_cyrsibi.jpg", "URL": "http://i.imgur.com/ZCK9K6r.jpg", "fileid": "g1097_cyrsibi.jpg"}, {"id": "g1097_cys7ikg", "comment": "[The Swedish people decided to elect a more responsible PM](http://imgur.com/FqaNbM4)", "date": "2016-01-09 17:15:21", "seriesname": "g1097_cys7ikg", "file": "/media/jbrogan4/scratch2/Reddit_Prov_Dataset_v6/_Swedens_prime_minister_is_sad_and_left_out_while_other_party_leaders_having_fun_during_congress/g1097_cys7ikg.png", "URL": "http://i.imgur.com/FqaNbM4.png", "fileid": "g1097_cys7ikg.png"}, {"id": "g1097_cys6hpr", "comment": "http://i.imgur.com/6lJ9Pr6.jpg", "date": "2016-01-09 16:47:41", "seriesname": "g1097_cys6hpr", "file": "/media/jbrogan4/scratch2/Reddit_Prov_Dataset_v6/_Swedens_prime_minister_is_sad_and_left_out_while_other_party_leaders_having_fun_during_congress/g1097_cys6hpr.jpg", "URL": "http://i.imgur.com/6lJ9Pr6.jpg", "fileid": "g1097_cys6hpr.jpg"}, {"id": "g1097_cyry9uu", "comment": "http://imgur.com/coyPATm", "date": "2016-01-09 12:53:06", "seriesname": "g1097_cyry9uu", "file": "/media/jbrogan4/scratch2/Reddit_Prov_Dataset_v6/_Swedens_prime_minister_is_sad_and_left_out_while_other_party_leaders_having_fun_during_congress/g1097_cyry9uu.png", "URL": "http://i.imgur.com/coyPATm.png", "fileid": "g1097_cyry9uu.png"}, {"id": "g1097_cyrt9t7", "comment": "[Blending in](http://i.imgur.com/Dou9QUs.png)", "date": "2016-01-09 10:11:18", "seriesname": "g1097_cyrt9t7", "file": "/media/jbrogan4/scratch2/Reddit_Prov_Dataset_v6/_Swedens_prime_minister_is_sad_and_left_out_while_other_party_leaders_having_fun_during_congress/g1097_cyrt9t7.png", "URL": "http://i.imgur.com/Dou9QUs.png", "fileid": "g1097_cyrt9t7.png"}, {"id": "g1097_cyrt1ye", "comment": "[Great aim](https://imgur.com/gPukGmR)", "date": "2016-01-09 10:02:10", "seriesname": "g1097_cyrt1ye", "file": "/media/jbrogan4/scratch2/Reddit_Prov_Dataset_v6/_Swedens_prime_minister_is_sad_and_left_out_while_other_party_leaders_having_fun_during_congress/g1097_cyrt1ye.png", "URL": "http://i.imgur.com/gPukGmR.png", "fileid": "g1097_cyrt1ye.png"}, {"id": "g1097_cyrteh3", "comment": "[\u201cThe one who has dipped his hand into the bowl with me will betray me.\"](http://i.imgur.com/whKmc5M.png)", "date": "2016-01-09 10:16:28", "seriesname": "g1097_cyrteh3", "file": "/media/jbrogan4/scratch2/Reddit_Prov_Dataset_v6/_Swedens_prime_minister_is_sad_and_left_out_while_other_party_leaders_having_fun_during_congress/g1097_cyrteh3.png", "URL": "http://i.imgur.com/whKmc5M.png", "fileid": "g1097_cyrteh3.png"}, {"id": "g1097_cys7jnv", "comment": "[Chinese democracy](http://imgur.com/uZOrZWL) ", "date": "2016-01-09 17:16:12", "seriesname": "g1097_cys7jnv", "file": "/media/jbrogan4/scratch2/Reddit_Prov_Dataset_v6/_Swedens_prime_minister_is_sad_and_left_out_while_other_party_leaders_having_fun_during_congress/g1097_cys7jnv.png", "URL": "http://i.imgur.com/uZOrZWL.png", "fileid": "g1097_cys7jnv.png"}, {"id": "g1097_cyspewb", "comment": "[You can call me Al](http://i.imgur.com/6jk4O19.png)", "date": "2016-01-10 02:49:11", "seriesname": "g1097_cyspewb", "file": "/media/jbrogan4/scratch2/Reddit_Prov_Dataset_v6/_Swedens_prime_minister_is_sad_and_left_out_while_other_party_leaders_having_fun_during_congress/g1097_cyspewb.png", "URL": "http://i.imgur.com/6jk4O19.png", "fileid": "g1097_cyspewb.png"}, {"id": "g1097_cyrxj92", "comment": "[Does this count?](https://i.imgur.com/1jTolGy.png)", "date": "2016-01-09 12:31:18", "seriesname": "g1097_cyrxj92", "file": "/media/jbrogan4/scratch2/Reddit_Prov_Dataset_v6/_Swedens_prime_minister_is_sad_and_left_out_while_other_party_leaders_having_fun_during_congress/g1097_cyrxj92.png", "URL": "https://i.imgur.com/1jTolGy.png", "fileid": "g1097_cyrxj92.png"}, {"id": "g1097_cysgkc1", "comment": "[Alone, together](http://imgur.com/tGiQK3R) (someone's probably already done this).", "date": "2016-01-09 21:30:35", "seriesname": "g1097_cysgkc1", "file": "/media/jbrogan4/scratch2/Reddit_Prov_Dataset_v6/_Swedens_prime_minister_is_sad_and_left_out_while_other_party_leaders_having_fun_during_congress/g1097_cysgkc1.png", "URL": "http://i.imgur.com/tGiQK3R.png", "fileid": "g1097_cysgkc1.png"}, {"id": "g1097_cyrvbz1", "comment": "Thanks! Yup. I adjusted the contrast and threshold in Photoshop then auto traced it in Illustrator and cleaned up the lines. [Expanded view of the layers.](http://i.imgur.com/WHDI14O.png)", "date": "2016-01-09 11:24:51", "seriesname": "g1097_cyrvbz1", "file": "/media/jbrogan4/scratch2/Reddit_Prov_Dataset_v6/_Swedens_prime_minister_is_sad_and_left_out_while_other_party_leaders_having_fun_during_congress/g1097_cyrvbz1.png", "URL": "http://i.imgur.com/WHDI14O.png", "fileid": "g1097_cyrvbz1.png"}, {"id": "g1097_cyrxlly", "comment": "http://i.imgur.com/v5QwXIj.jpg", "date": "2016-01-09 12:33:13", "seriesname": "g1097_cyrxlly", "file": "/media/jbrogan4/scratch2/Reddit_Prov_Dataset_v6/_Swedens_prime_minister_is_sad_and_left_out_while_other_party_leaders_having_fun_during_congress/g1097_cyrxlly.jpg", "URL": "http://i.imgur.com/v5QwXIj.jpg", "fileid": "g1097_cyrxlly.jpg"}, {"id": "g1097_cys4xt4", "comment": "[Reddit meetup](http://i.imgur.com/JD2XwFC.png)", "date": "2016-01-09 16:04:08", "seriesname": "g1097_cys4xt4", "file": "/media/jbrogan4/scratch2/Reddit_Prov_Dataset_v6/_Swedens_prime_minister_is_sad_and_left_out_while_other_party_leaders_having_fun_during_congress/g1097_cys4xt4.png", "URL": "http://i.imgur.com/JD2XwFC.png", "fileid": "g1097_cys4xt4.png"}, {"id": "g1097_cyrwm88", "comment": "http://imgur.com/KajBoeC", "date": "2016-01-09 12:03:57", "seriesname": "g1097_cyrwm88", "file": "/media/jbrogan4/scratch2/Reddit_Prov_Dataset_v6/_Swedens_prime_minister_is_sad_and_left_out_while_other_party_leaders_having_fun_during_congress/g1097_cyrwm88.png", "URL": "http://i.imgur.com/KajBoeC.png", "fileid": "g1097_cyrwm88.png"}, {"id": "g1097_cyryc3x", "comment": "[Fishing For Friends](http://i.imgur.com/WFHjRK3.jpg)", "date": "2016-01-09 12:54:59", "seriesname": "g1097_cyryc3x", "file": "/media/jbrogan4/scratch2/Reddit_Prov_Dataset_v6/_Swedens_prime_minister_is_sad_and_left_out_while_other_party_leaders_having_fun_during_congress/g1097_cyryc3x.jpg", "URL": "http://i.imgur.com/WFHjRK3.jpg", "fileid": "g1097_cyryc3x.jpg"}, {"id": "g1097_cyrtmt7", "comment": "[Help](http://i.imgur.com/dbFjhEH.png)", "date": "2016-01-09 10:25:10", "seriesname": "g1097_cyrtmt7", "file": "/media/jbrogan4/scratch2/Reddit_Prov_Dataset_v6/_Swedens_prime_minister_is_sad_and_left_out_while_other_party_leaders_having_fun_during_congress/g1097_cyrtmt7.png", "URL": "http://i.imgur.com/dbFjhEH.png", "fileid": "g1097_cyrtmt7.png"}, {"id": "g1097_cyrwxg1", "comment": "http://i.imgur.com/zbXKJeeh.jpg", "date": "2016-01-09 12:13:06", "seriesname": "g1097_cyrwxg1", "file": "/media/jbrogan4/scratch2/Reddit_Prov_Dataset_v6/_Swedens_prime_minister_is_sad_and_left_out_while_other_party_leaders_having_fun_during_congress/g1097_cyrwxg1.jpg", "URL": "http://i.imgur.com/zbXKJeeh.jpg", "fileid": "g1097_cyrwxg1.jpg"}, {"id": "g1097_cyrz3kx", "comment": "Do not despair, [someone has come to help!](http://i.imgur.com/6v4AFOi.jpg)", "date": "2016-01-09 13:17:02", "seriesname": "g1097_cyrz3kx", "file": "/media/jbrogan4/scratch2/Reddit_Prov_Dataset_v6/_Swedens_prime_minister_is_sad_and_left_out_while_other_party_leaders_having_fun_during_congress/g1097_cyrz3kx.jpg", "URL": "http://i.imgur.com/6v4AFOi.jpg", "fileid": "g1097_cyrz3kx.jpg"}, {"id": "g1097_cyrsjvq", "comment": "[I don't need you guys, the party is over here suckers](http://i.imgur.com/xCl24Do.png)", "date": "2016-01-09 09:40:50", "seriesname": "g1097_cyrsjvq", "file": "/media/jbrogan4/scratch2/Reddit_Prov_Dataset_v6/_Swedens_prime_minister_is_sad_and_left_out_while_other_party_leaders_having_fun_during_congress/g1097_cyrsjvq.png", "URL": "http://i.imgur.com/xCl24Do.png", "fileid": "g1097_cyrsjvq.png"}, {"id": "g1097_cyrtpzg", "comment": "[Palpatine's up to his old tricks again.](http://i.imgur.com/VlnDO6X.jpg)", "date": "2016-01-09 10:28:24", "seriesname": "g1097_cyrtpzg", "file": "/media/jbrogan4/scratch2/Reddit_Prov_Dataset_v6/_Swedens_prime_minister_is_sad_and_left_out_while_other_party_leaders_having_fun_during_congress/g1097_cyrtpzg.jpg", "URL": "http://i.imgur.com/VlnDO6X.jpg", "fileid": "g1097_cyrtpzg.jpg"}, {"id": "g1097_cyruwhs", "comment": "Sweden's Prime Minister?\n\nhttp://i.imgur.com/MPtuH5B.jpg", "date": "2016-01-09 11:10:30", "seriesname": "g1097_cyruwhs", "file": "/media/jbrogan4/scratch2/Reddit_Prov_Dataset_v6/_Swedens_prime_minister_is_sad_and_left_out_while_other_party_leaders_having_fun_during_congress/g1097_cyruwhs.jpg", "URL": "http://i.imgur.com/MPtuH5B.jpg", "fileid": "g1097_cyruwhs.jpg"}, {"id": "g1097_cysdmmh", "comment": "http://i.imgur.com/gpb50h9.png", "date": "2016-01-09 20:04:52", "seriesname": "g1097_cysdmmh", "file": "/media/jbrogan4/scratch2/Reddit_Prov_Dataset_v6/_Swedens_prime_minister_is_sad_and_left_out_while_other_party_leaders_having_fun_during_congress/g1097_cysdmmh.png", "URL": "http://i.imgur.com/gpb50h9.png", "fileid": "g1097_cysdmmh.png"}, {"id": "g1097_cyrwy1s", "comment": "http://i.imgur.com/Q6sFCBv.png", "date": "2016-01-09 12:13:34", "seriesname": "g1097_cyrwy1s", "file": "/media/jbrogan4/scratch2/Reddit_Prov_Dataset_v6/_Swedens_prime_minister_is_sad_and_left_out_while_other_party_leaders_having_fun_during_congress/g1097_cyrwy1s.png", "URL": "http://i.imgur.com/Q6sFCBv.png", "fileid": "g1097_cyrwy1s.png"}, {"id": "g1097_cysbaoq", "comment": "[The temptations](http://imgur.com/uVUo1ir)", "date": "2016-01-09 18:58:36", "seriesname": "g1097_cysbaoq", "file": "/media/jbrogan4/scratch2/Reddit_Prov_Dataset_v6/_Swedens_prime_minister_is_sad_and_left_out_while_other_party_leaders_having_fun_during_congress/g1097_cysbaoq.png", "URL": "http://i.imgur.com/uVUo1ir.png", "fileid": "g1097_cysbaoq.png"}, {"id": "g1097_cys0ryk", "comment": "[ahh, that's what he is looking at](http://i.imgur.com/Qid50lE.png)", "date": "2016-01-09 14:05:23", "seriesname": "g1097_cys0ryk", "file": "/media/jbrogan4/scratch2/Reddit_Prov_Dataset_v6/_Swedens_prime_minister_is_sad_and_left_out_while_other_party_leaders_having_fun_during_congress/g1097_cys0ryk.png", "URL": "http://i.imgur.com/Qid50lE.png", "fileid": "g1097_cys0ryk.png"}, {"id": "g1097_cyru3ok", "comment": "http://i.imgur.com/GoD962u.jpg", "date": "2016-01-09 10:42:33", "seriesname": "g1097_cyru3ok", "file": "/media/jbrogan4/scratch2/Reddit_Prov_Dataset_v6/_Swedens_prime_minister_is_sad_and_left_out_while_other_party_leaders_having_fun_during_congress/g1097_cyru3ok.jpg", "URL": "http://i.imgur.com/GoD962u.jpg", "fileid": "g1097_cyru3ok.jpg"}, {"id": "g1097_cyrzaei", "comment": "[like this?](http://i.imgur.com/5xnVMs0.jpg)", "date": "2016-01-09 13:22:31", "seriesname": "g1097_cyrzaei", "file": "/media/jbrogan4/scratch2/Reddit_Prov_Dataset_v6/_Swedens_prime_minister_is_sad_and_left_out_while_other_party_leaders_having_fun_during_congress/g1097_cyrzaei.jpg", "URL": "http://i.imgur.com/5xnVMs0.jpg", "fileid": "g1097_cyrzaei.jpg"}, {"id": "g1097_cys3f5b", "comment": "[Really surprised nobody did this yet.](http://imgur.com/u5ekZry)", "date": "2016-01-09 15:20:33", "seriesname": "g1097_cys3f5b", "file": "/media/jbrogan4/scratch2/Reddit_Prov_Dataset_v6/_Swedens_prime_minister_is_sad_and_left_out_while_other_party_leaders_having_fun_during_congress/g1097_cys3f5b.png", "URL": "http://i.imgur.com/u5ekZry.png", "fileid": "g1097_cys3f5b.png"}, {"id": "g1097_cyrunrf", "comment": "http://i.imgur.com/JvzAv6b.jpg", "date": "2016-01-09 11:02:15", "seriesname": "g1097_cyrunrf", "file": "/media/jbrogan4/scratch2/Reddit_Prov_Dataset_v6/_Swedens_prime_minister_is_sad_and_left_out_while_other_party_leaders_having_fun_during_congress/g1097_cyrunrf.jpg", "URL": "http://i.imgur.com/JvzAv6b.jpg", "fileid": "g1097_cyrunrf.jpg"}, {"id": "g1097_cyryo0p", "comment": "Thank you. It's partly done with Illustrator:\n\n1. Cutout PM and furniture\n2. Desaturate &gt; adjust levels to get maximum contrast &gt; threshold\n3. Open up image in Illustrator and use auto trace to vectorise it\n4. Clean up and smoothen chairs and PM's suit\n5. Use pen tool to draw clean lines for the furniture \n6. Import to PS &gt; add logo and text &gt; add paper texture (blending mode: multiply)\n\n[Here's an expanded view of the main layers involved.](https://i.imgur.com/WHDI14O.png)", "date": "2016-01-09 13:04:39", "seriesname": "g1097_cyryo0p", "file": "/media/jbrogan4/scratch2/Reddit_Prov_Dataset_v6/_Swedens_prime_minister_is_sad_and_left_out_while_other_party_leaders_having_fun_during_congress/g1097_cyryo0p.png", "URL": "https://i.imgur.com/WHDI14O.png", "fileid": "g1097_cyryo0p.png"}, {"id": "g1097_cyrtu3d", "comment": "http://i.imgur.com/6qO3GPX.jpg", "date": "2016-01-09 10:32:38", "seriesname": "g1097_cyrtu3d", "file": "/media/jbrogan4/scratch2/Reddit_Prov_Dataset_v6/_Swedens_prime_minister_is_sad_and_left_out_while_other_party_leaders_having_fun_during_congress/g1097_cyrtu3d.jpg", "URL": "http://i.imgur.com/6qO3GPX.jpg", "fileid": "g1097_cyrtu3d.jpg"}, {"id": "g1097_cyrzfas", "comment": "[Disclaimer: I'm not good at photoshop.](http://i.imgur.com/PT49Iq0.jpg)", "date": "2016-01-09 13:26:25", "seriesname": "g1097_cyrzfas", "file": "/media/jbrogan4/scratch2/Reddit_Prov_Dataset_v6/_Swedens_prime_minister_is_sad_and_left_out_while_other_party_leaders_having_fun_during_congress/g1097_cyrzfas.jpg", "URL": "http://i.imgur.com/PT49Iq0.jpg", "fileid": "g1097_cyrzfas.jpg"}, {"id": "g1097_cysf7xw", "comment": "http://i.imgur.com/09sQqZn.png", "date": "2016-01-09 20:51:29", "seriesname": "g1097_cysf7xw", "file": "/media/jbrogan4/scratch2/Reddit_Prov_Dataset_v6/_Swedens_prime_minister_is_sad_and_left_out_while_other_party_leaders_having_fun_during_congress/g1097_cysf7xw.png", "URL": "http://i.imgur.com/09sQqZn.png", "fileid": "g1097_cysf7xw.png"}, {"id": "g1097_cyrvc23", "comment": "http://i.imgur.com/md7J5K1.jpg", "date": "2016-01-09 11:24:55", "seriesname": "g1097_cyrvc23", "file": "/media/jbrogan4/scratch2/Reddit_Prov_Dataset_v6/_Swedens_prime_minister_is_sad_and_left_out_while_other_party_leaders_having_fun_during_congress/g1097_cyrvc23.jpg", "URL": "http://i.imgur.com/md7J5K1.jpg", "fileid": "g1097_cyrvc23.jpg"}, {"id": "g1097_cyrt5ue", "comment": "[Parliamentary Assembly is notoriously difficult in Sweden.](http://i.imgur.com/fpA1dro.jpg)", "date": "2016-01-09 10:06:44", "seriesname": "g1097_cyrt5ue", "file": "/media/jbrogan4/scratch2/Reddit_Prov_Dataset_v6/_Swedens_prime_minister_is_sad_and_left_out_while_other_party_leaders_having_fun_during_congress/g1097_cyrt5ue.jpg", "URL": "http://i.imgur.com/fpA1dro.jpg", "fileid": "g1097_cyrt5ue.jpg"}, {"id": "g1097_cyrvvqv", "comment": "http://imgur.com/7PGn4rw", "date": "2016-01-09 11:42:02", "seriesname": "g1097_cyrvvqv", "file": "/media/jbrogan4/scratch2/Reddit_Prov_Dataset_v6/_Swedens_prime_minister_is_sad_and_left_out_while_other_party_leaders_having_fun_during_congress/g1097_cyrvvqv.png", "URL": "http://i.imgur.com/7PGn4rw.png", "fileid": "g1097_cyrvvqv.png"}, {"id": "g1097_root", "comment": "", "date": "2016-01-09 08:24:08", "seriesname": "g1097_root", "file": "/media/jbrogan4/scratch2/Reddit_Prov_Dataset_v6/_Swedens_prime_minister_is_sad_and_left_out_while_other_party_leaders_having_fun_during_congress/g1097_root.jpg", "URL": "http://i.imgur.com/EqVQmh7.jpg", "fileid": "g1097_root.jpg"}, {"id": "g1097_cyrua1r", "comment": "[Imgur](http://i.imgur.com/MhBjPs7.jpg)", "date": "2016-01-09 10:48:53", "seriesname": "g1097_cyrua1r", "file": "/media/jbrogan4/scratch2/Reddit_Prov_Dataset_v6/_Swedens_prime_minister_is_sad_and_left_out_while_other_party_leaders_having_fun_during_congress/g1097_cyrua1r.jpg", "URL": "http://i.imgur.com/MhBjPs7.jpg", "fileid": "g1097_cyrua1r.jpg"}], "graph": {"name": "g1097_root"}, "directed": true}