{"links": [{"op": "none", "target": 0, "source": 54}, {"op": "none", "target": 1, "source": 49}, {"op": "none", "target": 2, "source": 54}, {"op": "none", "target": 3, "source": 54}, {"op": "none", "target": 4, "source": 54}, {"op": "none", "target": 5, "source": 54}, {"op": "none", "target": 6, "source": 54}, {"op": "none", "target": 7, "source": 54}, {"op": "none", "target": 8, "source": 54}, {"op": "none", "target": 9, "source": 54}, {"op": "none", "target": 10, "source": 54}, {"op": "none", "target": 11, "source": 31}, {"op": "none", "target": 12, "source": 31}, {"op": "none", "target": 13, "source": 54}, {"op": "none", "target": 14, "source": 54}, {"op": "none", "target": 15, "source": 11}, {"op": "none", "target": 16, "source": 54}, {"op": "none", "target": 17, "source": 54}, {"op": "none", "target": 18, "source": 54}, {"op": "none", "target": 19, "source": 54}, {"op": "none", "target": 20, "source": 54}, {"op": "none", "target": 21, "source": 54}, {"op": "none", "target": 22, "source": 54}, {"op": "none", "target": 23, "source": 54}, {"op": "none", "target": 24, "source": 15}, {"op": "none", "target": 25, "source": 54}, {"op": "none", "target": 26, "source": 54}, {"op": "none", "target": 27, "source": 54}, {"op": "none", "target": 28, "source": 54}, {"op": "none", "target": 29, "source": 28}, {"op": "none", "target": 30, "source": 54}, {"op": "none", "target": 31, "source": 54}, {"op": "none", "target": 32, "source": 17}, {"op": "none", "target": 33, "source": 54}, {"op": "none", "target": 34, "source": 54}, {"op": "none", "target": 35, "source": 54}, {"op": "none", "target": 36, "source": 54}, {"op": "none", "target": 37, "source": 54}, {"op": "none", "target": 38, "source": 54}, {"op": "none", "target": 39, "source": 54}, {"op": "none", "target": 40, "source": 54}, {"op": "none", "target": 41, "source": 54}, {"op": "none", "target": 42, "source": 54}, {"op": "none", "target": 43, "source": 9}, {"op": "none", "target": 44, "source": 54}, {"op": "none", "target": 45, "source": 54}, {"op": "none", "target": 46, "source": 15}, {"op": "none", "target": 47, "source": 54}, {"op": "none", "target": 48, "source": 54}, {"op": "none", "target": 49, "source": 15}, {"op": "none", "target": 50, "source": 54}, {"op": "none", "target": 51, "source": 54}, {"op": "none", "target": 52, "source": 15}, {"op": "none", "target": 53, "source": 54}, {"op": "none", "target": 55, "source": 45}], "title": "_Palestinian_man_taking_selfie_while_Israeli_police_chase_him", "nodes": [{"id": "g1096_co9y9xg", "comment": "[Do not trust on OP title!!! It's just bad press and a bad photoshop to make Israel look bad! Original](http://i.imgur.com/jwOLuWG.jpg)", "date": "2015-02-03 12:16:29", "seriesname": "g1096_co9y9xg", "file": "/media/jbrogan4/scratch2/Reddit_Prov_Dataset_v6/_Palestinian_man_taking_selfie_while_Israeli_police_chase_him/g1096_co9y9xg.jpg", "URL": "http://i.imgur.com/jwOLuWG.jpg", "fileid": "g1096_co9y9xg.jpg"}, {"id": "g1096_coaj4y9", "comment": "[This is what happened when opening the cutout on my phone](http://i.imgur.com/D789HPo.jpg)", "date": "2015-02-03 22:05:17", "seriesname": "g1096_coaj4y9", "file": "/media/jbrogan4/scratch2/Reddit_Prov_Dataset_v6/_Palestinian_man_taking_selfie_while_Israeli_police_chase_him/g1096_coaj4y9.jpg", "URL": "http://i.imgur.com/D789HPo.jpg", "fileid": "g1096_coaj4y9.jpg"}, {"id": "g1096_coa0c1i", "comment": "Enjoying the [show.](http://imgur.com/Z4ddrxt)  \n  \nI'm not good at this by the way.", "date": "2015-02-03 13:13:33", "seriesname": "g1096_coa0c1i", "file": "/media/jbrogan4/scratch2/Reddit_Prov_Dataset_v6/_Palestinian_man_taking_selfie_while_Israeli_police_chase_him/g1096_coa0c1i.png", "URL": "http://i.imgur.com/Z4ddrxt.png", "fileid": "g1096_coa0c1i.png"}, {"id": "g1096_co9xqi4", "comment": "[Running of the bulls](http://i.imgur.com/6yqzdHZ.png)\n\nEdit: cleaned up the image a bit", "date": "2015-02-03 12:01:05", "seriesname": "g1096_co9xqi4", "file": "/media/jbrogan4/scratch2/Reddit_Prov_Dataset_v6/_Palestinian_man_taking_selfie_while_Israeli_police_chase_him/g1096_co9xqi4.png", "URL": "http://i.imgur.com/6yqzdHZ.png", "fileid": "g1096_co9xqi4.png"}, {"id": "g1096_co9y3e7", "comment": "[He shot the wrong cop](http://i.imgur.com/7DhNbj4.jpg)", "date": "2015-02-03 12:11:24", "seriesname": "g1096_co9y3e7", "file": "/media/jbrogan4/scratch2/Reddit_Prov_Dataset_v6/_Palestinian_man_taking_selfie_while_Israeli_police_chase_him/g1096_co9y3e7.jpg", "URL": "http://i.imgur.com/7DhNbj4.jpg", "fileid": "g1096_co9y3e7.jpg"}, {"id": "g1096_coadrnh", "comment": "[Trevor - is that you??](http://i.imgur.com/lAckT1k.jpg)", "date": "2015-02-03 19:23:37", "seriesname": "g1096_coadrnh", "file": "/media/jbrogan4/scratch2/Reddit_Prov_Dataset_v6/_Palestinian_man_taking_selfie_while_Israeli_police_chase_him/g1096_coadrnh.jpg", "URL": "http://i.imgur.com/lAckT1k.jpg", "fileid": "g1096_coadrnh.jpg"}, {"id": "g1096_coa5vob", "comment": "[Guys i'm just a tourist!] (http://i.imgur.com/RXaiPGK.jpg)", "date": "2015-02-03 15:42:53", "seriesname": "g1096_coa5vob", "file": "/media/jbrogan4/scratch2/Reddit_Prov_Dataset_v6/_Palestinian_man_taking_selfie_while_Israeli_police_chase_him/g1096_coa5vob.jpg", "URL": "http://i.imgur.com/RXaiPGK.jpg", "fileid": "g1096_coa5vob.jpg"}, {"id": "g1096_co9wepz", "comment": "How about [this](http://i.imgur.com/CwCVgyG.gif) one?", "date": "2015-02-03 11:22:54", "seriesname": "g1096_co9wepz", "file": "/media/jbrogan4/scratch2/Reddit_Prov_Dataset_v6/_Palestinian_man_taking_selfie_while_Israeli_police_chase_him/g1096_co9wepz.jpg", "URL": "http://i.imgur.com/CwCVgyG.gif", "fileid": "g1096_co9wepz.gif"}, {"id": "g1096_co9vdau", "comment": "[YOLO](http://i.imgur.com/T5zwgF4.png)", "date": "2015-02-03 10:51:13", "seriesname": "g1096_co9vdau", "file": "/media/jbrogan4/scratch2/Reddit_Prov_Dataset_v6/_Palestinian_man_taking_selfie_while_Israeli_police_chase_him/g1096_co9vdau.png", "URL": "http://i.imgur.com/T5zwgF4.png", "fileid": "g1096_co9vdau.png"}, {"id": "g1096_co9xp9j", "comment": "[I should really have made more of an effort....](http://i.imgur.com/bkLJo8L.jpg)", "date": "2015-02-03 12:00:07", "seriesname": "g1096_co9xp9j", "file": "/media/jbrogan4/scratch2/Reddit_Prov_Dataset_v6/_Palestinian_man_taking_selfie_while_Israeli_police_chase_him/g1096_co9xp9j.jpg", "URL": "http://i.imgur.com/bkLJo8L.jpg", "fileid": "g1096_co9xp9j.jpg"}, {"id": "g1096_coa8q93", "comment": "[We didn't start the fire](http://i.imgur.com/JO8jJYW.jpg)", "date": "2015-02-03 16:57:28", "seriesname": "g1096_coa8q93", "file": "/media/jbrogan4/scratch2/Reddit_Prov_Dataset_v6/_Palestinian_man_taking_selfie_while_Israeli_police_chase_him/g1096_coa8q93.jpg", "URL": "http://i.imgur.com/JO8jJYW.jpg", "fileid": "g1096_coa8q93.jpg"}, {"id": "g1096_co9w7jb", "comment": "[whoops](http://i.imgur.com/azKE6MG.jpg)", "date": "2015-02-03 11:16:55", "seriesname": "g1096_co9w7jb", "file": "/media/jbrogan4/scratch2/Reddit_Prov_Dataset_v6/_Palestinian_man_taking_selfie_while_Israeli_police_chase_him/g1096_co9w7jb.jpg", "URL": "http://i.imgur.com/azKE6MG.jpg", "fileid": "g1096_co9w7jb.jpg"}, {"id": "g1096_coa0x6a", "comment": "I thought you were going to go with a [different classic](http://i.imgur.com/d6u4k83.jpg).", "date": "2015-02-03 13:29:39", "seriesname": "g1096_coa0x6a", "file": "/media/jbrogan4/scratch2/Reddit_Prov_Dataset_v6/_Palestinian_man_taking_selfie_while_Israeli_police_chase_him/g1096_coa0x6a.jpg", "URL": "http://i.imgur.com/d6u4k83.jpg).", "fileid": "g1096_coa0x6a."}, {"id": "g1096_co9wgqa", "comment": "[Moo](http://i.imgur.com/5l3irbe.jpg)", "date": "2015-02-03 11:24:27", "seriesname": "g1096_co9wgqa", "file": "/media/jbrogan4/scratch2/Reddit_Prov_Dataset_v6/_Palestinian_man_taking_selfie_while_Israeli_police_chase_him/g1096_co9wgqa.jpg", "URL": "http://i.imgur.com/5l3irbe.jpg", "fileid": "g1096_co9wgqa.jpg"}, {"id": "g1096_co9xntl", "comment": "[Catch!](http://i.imgur.com/6MOFQHS.jpg)", "date": "2015-02-03 11:58:57", "seriesname": "g1096_co9xntl", "file": "/media/jbrogan4/scratch2/Reddit_Prov_Dataset_v6/_Palestinian_man_taking_selfie_while_Israeli_police_chase_him/g1096_co9xntl.jpg", "URL": "http://i.imgur.com/6MOFQHS.jpg", "fileid": "g1096_co9xntl.jpg"}, {"id": "g1096_coa04v7", "comment": "[Look out!](http://i.imgur.com/x4Ga5a7.jpg)", "date": "2015-02-03 13:08:10", "seriesname": "g1096_coa04v7", "file": "/media/jbrogan4/scratch2/Reddit_Prov_Dataset_v6/_Palestinian_man_taking_selfie_while_Israeli_police_chase_him/g1096_coa04v7.jpg", "URL": "http://i.imgur.com/x4Ga5a7.jpg", "fileid": "g1096_coa04v7.jpg"}, {"id": "g1096_coakayw", "comment": "[Israel Strikes Back](https://imgur.com/Sk7wz9O)", "date": "2015-02-03 22:40:04", "seriesname": "g1096_coakayw", "file": "/media/jbrogan4/scratch2/Reddit_Prov_Dataset_v6/_Palestinian_man_taking_selfie_while_Israeli_police_chase_him/g1096_coakayw.png", "URL": "http://i.imgur.com/Sk7wz9O.png", "fileid": "g1096_coakayw.png"}, {"id": "g1096_co9v4hp", "comment": "[http://i.imgur.com/KQM2C17.png](http://i.imgur.com/KQM2C17.png)", "date": "2015-02-03 10:43:31", "seriesname": "g1096_co9v4hp", "file": "/media/jbrogan4/scratch2/Reddit_Prov_Dataset_v6/_Palestinian_man_taking_selfie_while_Israeli_police_chase_him/g1096_co9v4hp.png", "URL": "http://i.imgur.com/KQM2C17.png](http://i.imgur.com/KQM2C17.png", "fileid": "g1096_co9v4hp.png"}, {"id": "g1096_co9ylai", "comment": "[Daje Roma!](http://i.imgur.com/shKoZy0.jpg)\n\n([Context](https://www.youtube.com/watch?v=vFGGB1aHh1s#t=14))", "date": "2015-02-03 12:25:17", "seriesname": "g1096_co9ylai", "file": "/media/jbrogan4/scratch2/Reddit_Prov_Dataset_v6/_Palestinian_man_taking_selfie_while_Israeli_police_chase_him/g1096_co9ylai.jpg", "URL": "http://i.imgur.com/shKoZy0.jpg", "fileid": "g1096_co9ylai.jpg"}, {"id": "g1096_co9uy0j", "comment": "[#oscars](http://i.imgur.com/YhzZSsE.jpg)", "date": "2015-02-03 10:37:51", "seriesname": "g1096_co9uy0j", "file": "/media/jbrogan4/scratch2/Reddit_Prov_Dataset_v6/_Palestinian_man_taking_selfie_while_Israeli_police_chase_him/g1096_co9uy0j.jpg", "URL": "http://i.imgur.com/YhzZSsE.jpg", "fileid": "g1096_co9uy0j.jpg"}, {"id": "g1096_coalbqg", "comment": "[Oh no, Nazis!](http://i.imgur.com/aYAzzcG.png)", "date": "2015-02-03 23:11:50", "seriesname": "g1096_coalbqg", "file": "/media/jbrogan4/scratch2/Reddit_Prov_Dataset_v6/_Palestinian_man_taking_selfie_while_Israeli_police_chase_him/g1096_coalbqg.png", "URL": "http://i.imgur.com/aYAzzcG.png", "fileid": "g1096_coalbqg.png"}, {"id": "g1096_coagcf5", "comment": "[BRAAAAINS!](http://imgur.com/5apCTyy)\n\nI looked for this, but didn't see it so I made it.", "date": "2015-02-03 20:41:56", "seriesname": "g1096_coagcf5", "file": "/media/jbrogan4/scratch2/Reddit_Prov_Dataset_v6/_Palestinian_man_taking_selfie_while_Israeli_police_chase_him/g1096_coagcf5.png", "URL": "http://i.imgur.com/5apCTyy.png", "fileid": "g1096_coagcf5.png"}, {"id": "g1096_co9y9zj", "comment": "http://i.imgur.com/6HTDif9.png", "date": "2015-02-03 12:16:32", "seriesname": "g1096_co9y9zj", "file": "/media/jbrogan4/scratch2/Reddit_Prov_Dataset_v6/_Palestinian_man_taking_selfie_while_Israeli_police_chase_him/g1096_co9y9zj.png", "URL": "http://i.imgur.com/6HTDif9.png", "fileid": "g1096_co9y9zj.png"}, {"id": "g1096_coaltbg", "comment": "[Shit dude its kanye!](http://imgur.com/xBYUeEA) Hope im not too late to the party :)", "date": "2015-02-03 23:27:45", "seriesname": "g1096_coaltbg", "file": "/media/jbrogan4/scratch2/Reddit_Prov_Dataset_v6/_Palestinian_man_taking_selfie_while_Israeli_police_chase_him/g1096_coaltbg.png", "URL": "http://i.imgur.com/xBYUeEA.png", "fileid": "g1096_coaltbg.png"}, {"id": "g1096_coa8o3z", "comment": "**http://i.imgur.com/eiC3PRu.jpg**", "date": "2015-02-03 16:55:56", "seriesname": "g1096_coa8o3z", "file": "/media/jbrogan4/scratch2/Reddit_Prov_Dataset_v6/_Palestinian_man_taking_selfie_while_Israeli_police_chase_him/g1096_coa8o3z.jpg", "URL": "http://i.imgur.com/eiC3PRu.jpg**", "fileid": "g1096_coa8o3z.jpg**"}, {"id": "g1096_coa6s5u", "comment": "[He no nuts, he's crazy!](http://i.imgur.com/kkoky21.jpg)", "date": "2015-02-03 16:06:25", "seriesname": "g1096_coa6s5u", "file": "/media/jbrogan4/scratch2/Reddit_Prov_Dataset_v6/_Palestinian_man_taking_selfie_while_Israeli_police_chase_him/g1096_coa6s5u.jpg", "URL": "http://i.imgur.com/kkoky21.jpg", "fileid": "g1096_coa6s5u.jpg"}, {"id": "g1096_co9zrg2", "comment": "[hope they skipped leg day](http://i.imgur.com/CVmonp0.jpg?1)", "date": "2015-02-03 12:57:48", "seriesname": "g1096_co9zrg2", "file": "/media/jbrogan4/scratch2/Reddit_Prov_Dataset_v6/_Palestinian_man_taking_selfie_while_Israeli_police_chase_him/g1096_co9zrg2.jpg", "URL": "http://i.imgur.com/CVmonp0.jpg?1", "fileid": "g1096_co9zrg2.jpg"}, {"id": "g1096_coa57oe", "comment": "[GTA V Selfie](http://i.imgur.com/SQJXU8y.png)", "date": "2015-02-03 15:25:24", "seriesname": "g1096_coa57oe", "file": "/media/jbrogan4/scratch2/Reddit_Prov_Dataset_v6/_Palestinian_man_taking_selfie_while_Israeli_police_chase_him/g1096_coa57oe.png", "URL": "http://i.imgur.com/SQJXU8y.png", "fileid": "g1096_coa57oe.png"}, {"id": "g1096_co9vgyx", "comment": "http://i.imgur.com/KZJhjVE.jpg", "date": "2015-02-03 10:54:16", "seriesname": "g1096_co9vgyx", "file": "/media/jbrogan4/scratch2/Reddit_Prov_Dataset_v6/_Palestinian_man_taking_selfie_while_Israeli_police_chase_him/g1096_co9vgyx.jpg", "URL": "http://i.imgur.com/KZJhjVE.jpg", "fileid": "g1096_co9vgyx.jpg"}, {"id": "g1096_co9w11o", "comment": "[You beat me to it](http://i.imgur.com/QUxsD1W.png)", "date": "2015-02-03 11:11:28", "seriesname": "g1096_co9w11o", "file": "/media/jbrogan4/scratch2/Reddit_Prov_Dataset_v6/_Palestinian_man_taking_selfie_while_Israeli_police_chase_him/g1096_co9w11o.png", "URL": "http://i.imgur.com/QUxsD1W.png", "fileid": "g1096_co9w11o.png"}, {"id": "g1096_coa0ear", "comment": "[Mordor Selfie](http://i.imgur.com/YAKJg2R.jpg)", "date": "2015-02-03 13:15:12", "seriesname": "g1096_coa0ear", "file": "/media/jbrogan4/scratch2/Reddit_Prov_Dataset_v6/_Palestinian_man_taking_selfie_while_Israeli_police_chase_him/g1096_coa0ear.jpg", "URL": "http://i.imgur.com/YAKJg2R.jpg", "fileid": "g1096_coa0ear.jpg"}, {"id": "g1096_co9tw7l", "comment": "[Obviously](http://imgur.com/0r1ZFVD)", "date": "2015-02-03 10:02:14", "seriesname": "g1096_co9tw7l", "file": "/media/jbrogan4/scratch2/Reddit_Prov_Dataset_v6/_Palestinian_man_taking_selfie_while_Israeli_police_chase_him/g1096_co9tw7l.png", "URL": "http://i.imgur.com/0r1ZFVD.png", "fileid": "g1096_co9tw7l.png"}, {"id": "g1096_coa9eqz", "comment": "[But Lenny, it's so hot outside!](http://i.imgur.com/W2XloqR.jpg)", "date": "2015-02-03 17:15:49", "seriesname": "g1096_coa9eqz", "file": "/media/jbrogan4/scratch2/Reddit_Prov_Dataset_v6/_Palestinian_man_taking_selfie_while_Israeli_police_chase_him/g1096_coa9eqz.jpg", "URL": "http://i.imgur.com/W2XloqR.jpg", "fileid": "g1096_coa9eqz.jpg"}, {"id": "g1096_coab7ke", "comment": "It's late, I'm tired, and I officially don't even: http://imgur.com/cfwERkw", "date": "2015-02-03 18:06:48", "seriesname": "g1096_coab7ke", "file": "/media/jbrogan4/scratch2/Reddit_Prov_Dataset_v6/_Palestinian_man_taking_selfie_while_Israeli_police_chase_him/g1096_coab7ke.png", "URL": "http://i.imgur.com/cfwERkw.png", "fileid": "g1096_coab7ke.png"}, {"id": "g1096_co9yfj0", "comment": "Too obvious?\nhttp://imgur.com/8DMIIYV", "date": "2015-02-03 12:20:53", "seriesname": "g1096_co9yfj0", "file": "/media/jbrogan4/scratch2/Reddit_Prov_Dataset_v6/_Palestinian_man_taking_selfie_while_Israeli_police_chase_him/g1096_co9yfj0.png", "URL": "http://i.imgur.com/8DMIIYV.png", "fileid": "g1096_co9yfj0.png"}, {"id": "g1096_coa4q6k", "comment": "[The One to Rule them All...](http://i.imgur.com/lCvJddX.png)", "date": "2015-02-03 15:12:14", "seriesname": "g1096_coa4q6k", "file": "/media/jbrogan4/scratch2/Reddit_Prov_Dataset_v6/_Palestinian_man_taking_selfie_while_Israeli_police_chase_him/g1096_coa4q6k.png", "URL": "http://i.imgur.com/lCvJddX.png", "fileid": "g1096_coa4q6k.png"}, {"id": "g1096_co9y677", "comment": " [well... the obvious](http://i.imgur.com/za2QMjE.jpg)\t", "date": "2015-02-03 12:13:35", "seriesname": "g1096_co9y677", "file": "/media/jbrogan4/scratch2/Reddit_Prov_Dataset_v6/_Palestinian_man_taking_selfie_while_Israeli_police_chase_him/g1096_co9y677.jpg", "URL": "http://i.imgur.com/za2QMjE.jpg", "fileid": "g1096_co9y677.jpg"}, {"id": "g1096_co9wgrb", "comment": "http://i.imgur.com/LQ5DcOm.gif", "date": "2015-02-03 11:24:29", "seriesname": "g1096_co9wgrb", "file": "/media/jbrogan4/scratch2/Reddit_Prov_Dataset_v6/_Palestinian_man_taking_selfie_while_Israeli_police_chase_him/g1096_co9wgrb.jpg", "URL": "http://i.imgur.com/LQ5DcOm.gif", "fileid": "g1096_co9wgrb.gif"}, {"id": "g1096_coa133e", "comment": "[Just pretend I photoshopped in a real chain and let's get on with our lives, ok?](http://imgur.com/BuSfSlo)", "date": "2015-02-03 13:34:08", "seriesname": "g1096_coa133e", "file": "/media/jbrogan4/scratch2/Reddit_Prov_Dataset_v6/_Palestinian_man_taking_selfie_while_Israeli_police_chase_him/g1096_coa133e.png", "URL": "http://i.imgur.com/BuSfSlo.png", "fileid": "g1096_coa133e.png"}, {"id": "g1096_coa4617", "comment": "[GTA 6 leaked screenshot - *omg it has selfie mode!*](http://i.imgur.com/Wpen549.jpg)", "date": "2015-02-03 14:57:03", "seriesname": "g1096_coa4617", "file": "/media/jbrogan4/scratch2/Reddit_Prov_Dataset_v6/_Palestinian_man_taking_selfie_while_Israeli_police_chase_him/g1096_coa4617.jpg", "URL": "http://i.imgur.com/Wpen549.jpg", "fileid": "g1096_coa4617.jpg"}, {"id": "g1096_coa2c5f", "comment": "[They're all actually running from the Zombies... and Leo Dicaprio?](http://i.imgur.com/GM5QPso.jpg)\n\nEdit: Extra zombie, and tweaked the levels to make them blend in better.", "date": "2015-02-03 14:07:37", "seriesname": "g1096_coa2c5f", "file": "/media/jbrogan4/scratch2/Reddit_Prov_Dataset_v6/_Palestinian_man_taking_selfie_while_Israeli_police_chase_him/g1096_coa2c5f.jpg", "URL": "http://i.imgur.com/GM5QPso.jpg", "fileid": "g1096_coa2c5f.jpg"}, {"id": "g1096_coadrl4", "comment": "[5 stars](http://i.imgur.com/3zYaZzK.jpg)", "date": "2015-02-03 19:23:34", "seriesname": "g1096_coadrl4", "file": "/media/jbrogan4/scratch2/Reddit_Prov_Dataset_v6/_Palestinian_man_taking_selfie_while_Israeli_police_chase_him/g1096_coadrl4.jpg", "URL": "http://i.imgur.com/3zYaZzK.jpg", "fileid": "g1096_coadrl4.jpg"}, {"id": "g1096_coa9sry", "comment": "http://i.imgur.com/UtYxRAc.jpg", "date": "2015-02-03 17:26:38", "seriesname": "g1096_coa9sry", "file": "/media/jbrogan4/scratch2/Reddit_Prov_Dataset_v6/_Palestinian_man_taking_selfie_while_Israeli_police_chase_him/g1096_coa9sry.jpg", "URL": "http://i.imgur.com/UtYxRAc.jpg", "fileid": "g1096_coa9sry.jpg"}, {"id": "g1096_co9z6sj", "comment": "[Say ahhh](http://i.imgur.com/t7FGy98.png)", "date": "2015-02-03 12:41:53", "seriesname": "g1096_co9z6sj", "file": "/media/jbrogan4/scratch2/Reddit_Prov_Dataset_v6/_Palestinian_man_taking_selfie_while_Israeli_police_chase_him/g1096_co9z6sj.png", "URL": "http://i.imgur.com/t7FGy98.png", "fileid": "g1096_co9z6sj.png"}, {"id": "g1096_co9w5oi", "comment": "[He's armed!](http://i.imgur.com/d4w1QzG.jpg)", "date": "2015-02-03 11:15:21", "seriesname": "g1096_co9w5oi", "file": "/media/jbrogan4/scratch2/Reddit_Prov_Dataset_v6/_Palestinian_man_taking_selfie_while_Israeli_police_chase_him/g1096_co9w5oi.jpg", "URL": "http://i.imgur.com/d4w1QzG.jpg", "fileid": "g1096_co9w5oi.jpg"}, {"id": "g1096_co9y4ds", "comment": "[Henrik Larsson celebrating](http://imgur.com/uEGcYwF)", "date": "2015-02-03 12:12:12", "seriesname": "g1096_co9y4ds", "file": "/media/jbrogan4/scratch2/Reddit_Prov_Dataset_v6/_Palestinian_man_taking_selfie_while_Israeli_police_chase_him/g1096_co9y4ds.png", "URL": "http://i.imgur.com/uEGcYwF.png", "fileid": "g1096_co9y4ds.png"}, {"id": "g1096_coaa9ou", "comment": "[...for the whole gang](http://i.imgur.com/Q9SeCui.jpg)", "date": "2015-02-03 17:39:51", "seriesname": "g1096_coaa9ou", "file": "/media/jbrogan4/scratch2/Reddit_Prov_Dataset_v6/_Palestinian_man_taking_selfie_while_Israeli_police_chase_him/g1096_coaa9ou.jpg", "URL": "http://i.imgur.com/Q9SeCui.jpg", "fileid": "g1096_coaa9ou.jpg"}, {"id": "g1096_coabmgy", "comment": "[Must go faster...](http://i.imgur.com/g6OJ4zd.jpg)", "date": "2015-02-03 18:19:11", "seriesname": "g1096_coabmgy", "file": "/media/jbrogan4/scratch2/Reddit_Prov_Dataset_v6/_Palestinian_man_taking_selfie_while_Israeli_police_chase_him/g1096_coabmgy.jpg", "URL": "http://i.imgur.com/g6OJ4zd.jpg", "fileid": "g1096_coabmgy.jpg"}, {"id": "g1096_coa0y5w", "comment": "[So i gave it a go...](http://i.imgur.com/Rl8bwfZ.png)", "date": "2015-02-03 13:30:23", "seriesname": "g1096_coa0y5w", "file": "/media/jbrogan4/scratch2/Reddit_Prov_Dataset_v6/_Palestinian_man_taking_selfie_while_Israeli_police_chase_him/g1096_coa0y5w.png", "URL": "http://i.imgur.com/Rl8bwfZ.png", "fileid": "g1096_coa0y5w.png"}, {"id": "g1096_coa69ra", "comment": "*Let's do this.* [cutout](http://i.imgur.com/s3CjyQB.png)", "date": "2015-02-03 15:52:58", "seriesname": "g1096_coa69ra", "file": "/media/jbrogan4/scratch2/Reddit_Prov_Dataset_v6/_Palestinian_man_taking_selfie_while_Israeli_police_chase_him/g1096_coa69ra.png", "URL": "http://i.imgur.com/s3CjyQB.png", "fileid": "g1096_coa69ra.png"}, {"id": "g1096_coa00n8", "comment": "[Do you want to see some street magic??](http://i.imgur.com/08i7MzW.png)", "date": "2015-02-03 13:04:50", "seriesname": "g1096_coa00n8", "file": "/media/jbrogan4/scratch2/Reddit_Prov_Dataset_v6/_Palestinian_man_taking_selfie_while_Israeli_police_chase_him/g1096_coa00n8.png", "URL": "http://i.imgur.com/08i7MzW.png", "fileid": "g1096_coa00n8.png"}, {"id": "g1096_coake2p", "comment": "http://i.imgur.com/3OAXyFM.jpg gonna drop the hottest album of the year", "date": "2015-02-03 22:42:37", "seriesname": "g1096_coake2p", "file": "/media/jbrogan4/scratch2/Reddit_Prov_Dataset_v6/_Palestinian_man_taking_selfie_while_Israeli_police_chase_him/g1096_coake2p.jpg", "URL": "http://i.imgur.com/3OAXyFM.jpg", "fileid": "g1096_coake2p.jpg"}, {"id": "g1096_coabiew", "comment": "http://imgur.com/lboNmUM", "date": "2015-02-03 18:15:49", "seriesname": "g1096_coabiew", "file": "/media/jbrogan4/scratch2/Reddit_Prov_Dataset_v6/_Palestinian_man_taking_selfie_while_Israeli_police_chase_him/g1096_coabiew.png", "URL": "http://i.imgur.com/lboNmUM.png", "fileid": "g1096_coabiew.png"}, {"id": "g1096_co9vq4e", "comment": "[haalp!](http://i.imgur.com/vSZjQot.jpg)", "date": "2015-02-03 11:02:04", "seriesname": "g1096_co9vq4e", "file": "/media/jbrogan4/scratch2/Reddit_Prov_Dataset_v6/_Palestinian_man_taking_selfie_while_Israeli_police_chase_him/g1096_co9vq4e.jpg", "URL": "http://i.imgur.com/vSZjQot.jpg", "fileid": "g1096_co9vq4e.jpg"}, {"id": "g1096_root", "comment": "", "date": "2015-02-03 07:27:02", "seriesname": "g1096_root", "file": "/media/jbrogan4/scratch2/Reddit_Prov_Dataset_v6/_Palestinian_man_taking_selfie_while_Israeli_police_chase_him/g1096_root.jpg", "URL": "http://i.imgur.com/jsnDdn0.jpg", "fileid": "g1096_root.jpg"}, {"id": "g1096_coa7bqa", "comment": "[How the Israeli police eventually caught him] (http://imgur.com/fxDmNps)\n\nEdit: [Bonus ultra gory NSFL video of the action] ( http://youtu.be/1Ry3L1Ou9GM)", "date": "2015-02-03 16:20:43", "seriesname": "g1096_coa7bqa", "file": "/media/jbrogan4/scratch2/Reddit_Prov_Dataset_v6/_Palestinian_man_taking_selfie_while_Israeli_police_chase_him/g1096_coa7bqa.png", "URL": "http://i.imgur.com/fxDmNps.png", "fileid": "g1096_coa7bqa.png"}], "graph": {"name": "g1096_root"}, "directed": true}