{"links": [{"op": "none", "target": 0, "source": 37}, {"op": "none", "target": 1, "source": 59}, {"op": "none", "target": 2, "source": 59}, {"op": "none", "target": 3, "source": 59}, {"op": "none", "target": 4, "source": 37}, {"op": "none", "target": 5, "source": 27}, {"op": "none", "target": 6, "source": 59}, {"op": "none", "target": 7, "source": 59}, {"op": "none", "target": 8, "source": 59}, {"op": "none", "target": 9, "source": 59}, {"op": "none", "target": 10, "source": 59}, {"op": "none", "target": 11, "source": 59}, {"op": "none", "target": 12, "source": 59}, {"op": "none", "target": 13, "source": 59}, {"op": "none", "target": 14, "source": 59}, {"op": "none", "target": 15, "source": 59}, {"op": "none", "target": 16, "source": 59}, {"op": "none", "target": 17, "source": 59}, {"op": "none", "target": 18, "source": 35}, {"op": "none", "target": 19, "source": 59}, {"op": "none", "target": 20, "source": 59}, {"op": "none", "target": 21, "source": 59}, {"op": "none", "target": 22, "source": 59}, {"op": "none", "target": 23, "source": 59}, {"op": "none", "target": 24, "source": 59}, {"op": "none", "target": 25, "source": 59}, {"op": "none", "target": 26, "source": 59}, {"op": "none", "target": 27, "source": 59}, {"op": "none", "target": 28, "source": 59}, {"op": "none", "target": 29, "source": 27}, {"op": "none", "target": 30, "source": 57}, {"op": "none", "target": 31, "source": 60}, {"op": "none", "target": 32, "source": 59}, {"op": "none", "target": 33, "source": 59}, {"op": "none", "target": 34, "source": 59}, {"op": "none", "target": 35, "source": 59}, {"op": "none", "target": 36, "source": 59}, {"op": "none", "target": 37, "source": 38}, {"op": "none", "target": 38, "source": 59}, {"op": "none", "target": 39, "source": 59}, {"op": "none", "target": 40, "source": 59}, {"op": "none", "target": 41, "source": 0}, {"op": "none", "target": 42, "source": 59}, {"op": "none", "target": 43, "source": 59}, {"op": "none", "target": 44, "source": 59}, {"op": "none", "target": 45, "source": 59}, {"op": "none", "target": 46, "source": 59}, {"op": "none", "target": 47, "source": 59}, {"op": "none", "target": 48, "source": 59}, {"op": "none", "target": 49, "source": 59}, {"op": "none", "target": 50, "source": 12}, {"op": "none", "target": 51, "source": 59}, {"op": "none", "target": 52, "source": 38}, {"op": "none", "target": 53, "source": 59}, {"op": "none", "target": 54, "source": 59}, {"op": "none", "target": 55, "source": 59}, {"op": "none", "target": 56, "source": 27}, {"op": "none", "target": 57, "source": 59}, {"op": "none", "target": 58, "source": 59}, {"op": "none", "target": 60, "source": 59}, {"op": "none", "target": 61, "source": 14}, {"op": "none", "target": 62, "source": 59}], "title": "_Jeb_Bush_Getting_Felt-Up_at_a_Rally", "nodes": [{"id": "g1108_cxui503", "comment": "[We have to go deeper!](http://i.imgur.com/kvwpZ3r.jpg)", "date": "2015-12-10 15:33:46", "seriesname": "g1108_cxui503", "file": "/media/jbrogan4/scratch2/Reddit_Prov_Dataset_v6/_Jeb_Bush_Getting_Felt-Up_at_a_Rally/g1108_cxui503.jpg", "URL": "http://i.imgur.com/kvwpZ3r.jpg", "fileid": "g1108_cxui503.jpg"}, {"id": "g1108_cxupicl", "comment": "[Jeb makes his own luck] (http://i.imgur.com/ggMM362.jpg)", "date": "2015-12-10 18:34:50", "seriesname": "g1108_cxupicl", "file": "/media/jbrogan4/scratch2/Reddit_Prov_Dataset_v6/_Jeb_Bush_Getting_Felt-Up_at_a_Rally/g1108_cxupicl.jpg", "URL": "http://i.imgur.com/ggMM362.jpg", "fileid": "g1108_cxupicl.jpg"}, {"id": "g1108_cxut6w4", "comment": "[SIKE] (http://i.imgur.com/HX6VptX.gif)", "date": "2015-12-10 20:19:59", "seriesname": "g1108_cxut6w4", "file": "/media/jbrogan4/scratch2/Reddit_Prov_Dataset_v6/_Jeb_Bush_Getting_Felt-Up_at_a_Rally/g1108_cxut6w4.jpg", "URL": "http://i.imgur.com/HX6VptX.gif", "fileid": "g1108_cxut6w4.gif"}, {"id": "g1108_cxufely", "comment": "[In the cluuuub](http://i.imgur.com/RsbPpJw.jpg)", "date": "2015-12-10 14:29:53", "seriesname": "g1108_cxufely", "file": "/media/jbrogan4/scratch2/Reddit_Prov_Dataset_v6/_Jeb_Bush_Getting_Felt-Up_at_a_Rally/g1108_cxufely.jpg", "URL": "http://i.imgur.com/RsbPpJw.jpg", "fileid": "g1108_cxufely.jpg"}, {"id": "g1108_cxut3zh", "comment": "[this is how I get people to  remember](http://i.imgur.com/7MufUSS.jpg)", "date": "2015-12-10 20:17:44", "seriesname": "g1108_cxut3zh", "file": "/media/jbrogan4/scratch2/Reddit_Prov_Dataset_v6/_Jeb_Bush_Getting_Felt-Up_at_a_Rally/g1108_cxut3zh.jpg", "URL": "http://i.imgur.com/7MufUSS.jpg", "fileid": "g1108_cxut3zh.jpg"}, {"id": "g1108_cxub6br", "comment": "[Best I could do,](http://i.imgur.com/JndWbfJ.jpg) hard to find a whispering Cheney!", "date": "2015-12-10 12:51:14", "seriesname": "g1108_cxub6br", "file": "/media/jbrogan4/scratch2/Reddit_Prov_Dataset_v6/_Jeb_Bush_Getting_Felt-Up_at_a_Rally/g1108_cxub6br.jpg", "URL": "http://i.imgur.com/JndWbfJ.jpg", "fileid": "g1108_cxub6br.jpg"}, {"id": "g1108_cxuenc4", "comment": "[Kendrick and Jeb go way back] (http://i.imgur.com/oCYKotU.jpg) ", "date": "2015-12-10 14:12:11", "seriesname": "g1108_cxuenc4", "file": "/media/jbrogan4/scratch2/Reddit_Prov_Dataset_v6/_Jeb_Bush_Getting_Felt-Up_at_a_Rally/g1108_cxuenc4.jpg", "URL": "http://i.imgur.com/oCYKotU.jpg", "fileid": "g1108_cxuenc4.jpg"}, {"id": "g1108_cxuiy06", "comment": "I know this is late:\n\n[The Bush Awakens](http://i.imgur.com/cgK2hw9.png)", "date": "2015-12-10 15:52:00", "seriesname": "g1108_cxuiy06", "file": "/media/jbrogan4/scratch2/Reddit_Prov_Dataset_v6/_Jeb_Bush_Getting_Felt-Up_at_a_Rally/g1108_cxuiy06.png", "URL": "http://i.imgur.com/cgK2hw9.png", "fileid": "g1108_cxuiy06.png"}, {"id": "g1108_cxufqph", "comment": "[Candidate of the year](http://imgur.com/gallery/QdtMdIF)", "date": "2015-12-10 14:37:47", "seriesname": "g1108_cxufqph", "file": "/media/jbrogan4/scratch2/Reddit_Prov_Dataset_v6/_Jeb_Bush_Getting_Felt-Up_at_a_Rally/g1108_cxufqph.png", "URL": "http://i.imgur.com/QdtMdIF.png", "fileid": "g1108_cxufqph.png"}, {"id": "g1108_cxuc2rc", "comment": "[Pistol](http://imgur.com/FaWT9d9)", "date": "2015-12-10 13:12:21", "seriesname": "g1108_cxuc2rc", "file": "/media/jbrogan4/scratch2/Reddit_Prov_Dataset_v6/_Jeb_Bush_Getting_Felt-Up_at_a_Rally/g1108_cxuc2rc.png", "URL": "http://i.imgur.com/FaWT9d9.png", "fileid": "g1108_cxuc2rc.png"}, {"id": "g1108_cxucr65", "comment": "[It's a hard knock life](http://i.imgur.com/3TUQIgZ.jpg)", "date": "2015-12-10 13:28:09", "seriesname": "g1108_cxucr65", "file": "/media/jbrogan4/scratch2/Reddit_Prov_Dataset_v6/_Jeb_Bush_Getting_Felt-Up_at_a_Rally/g1108_cxucr65.jpg", "URL": "http://i.imgur.com/3TUQIgZ.jpg", "fileid": "g1108_cxucr65.jpg"}, {"id": "g1108_cxuoh3f", "comment": "[I'll get the seven digits from your mother for a dollar tomorrow.](http://i.imgur.com/vsqX1QO.jpg)", "date": "2015-12-10 18:06:21", "seriesname": "g1108_cxuoh3f", "file": "/media/jbrogan4/scratch2/Reddit_Prov_Dataset_v6/_Jeb_Bush_Getting_Felt-Up_at_a_Rally/g1108_cxuoh3f.jpg", "URL": "http://i.imgur.com/vsqX1QO.jpg", "fileid": "g1108_cxuoh3f.jpg"}, {"id": "g1108_cxu8zkf", "comment": "[Felt up by a professional](http://i.imgur.com/AmwjrH1.jpg)", "date": "2015-12-10 11:59:37", "seriesname": "g1108_cxu8zkf", "file": "/media/jbrogan4/scratch2/Reddit_Prov_Dataset_v6/_Jeb_Bush_Getting_Felt-Up_at_a_Rally/g1108_cxu8zkf.jpg", "URL": "http://i.imgur.com/AmwjrH1.jpg", "fileid": "g1108_cxu8zkf.jpg"}, {"id": "g1108_cxuqq19", "comment": "[Air Head Jeb](http://imgur.com/EZTsmdk)", "date": "2015-12-10 19:08:54", "seriesname": "g1108_cxuqq19", "file": "/media/jbrogan4/scratch2/Reddit_Prov_Dataset_v6/_Jeb_Bush_Getting_Felt-Up_at_a_Rally/g1108_cxuqq19.png", "URL": "http://i.imgur.com/EZTsmdk.png", "fileid": "g1108_cxuqq19.png"}, {"id": "g1108_cxu8gbj", "comment": "[What's up, yo?](http://i.imgur.com/AFccldg.jpg)", "date": "2015-12-10 11:47:11", "seriesname": "g1108_cxu8gbj", "file": "/media/jbrogan4/scratch2/Reddit_Prov_Dataset_v6/_Jeb_Bush_Getting_Felt-Up_at_a_Rally/g1108_cxu8gbj.jpg", "URL": "http://i.imgur.com/AFccldg.jpg", "fileid": "g1108_cxu8gbj.jpg"}, {"id": "g1108_cxubo07", "comment": "http://i.imgur.com/nsP3RkI.jpg", "date": "2015-12-10 13:02:42", "seriesname": "g1108_cxubo07", "file": "/media/jbrogan4/scratch2/Reddit_Prov_Dataset_v6/_Jeb_Bush_Getting_Felt-Up_at_a_Rally/g1108_cxubo07.jpg", "URL": "http://i.imgur.com/nsP3RkI.jpg", "fileid": "g1108_cxubo07.jpg"}, {"id": "g1108_cxuh0z9", "comment": "Did someone order a [pizza](http://i.imgur.com/nyVGDfe.jpg?1)? **mildly nsfw**", "date": "2015-12-10 15:07:50", "seriesname": "g1108_cxuh0z9", "file": "/media/jbrogan4/scratch2/Reddit_Prov_Dataset_v6/_Jeb_Bush_Getting_Felt-Up_at_a_Rally/g1108_cxuh0z9.jpg", "URL": "http://i.imgur.com/nyVGDfe.jpg?1)?", "fileid": "g1108_cxuh0z9.jpg"}, {"id": "g1108_cxujg4n", "comment": "[Emperor Bush] (http://i.imgur.com/tTy669C.png)", "date": "2015-12-10 16:03:36", "seriesname": "g1108_cxujg4n", "file": "/media/jbrogan4/scratch2/Reddit_Prov_Dataset_v6/_Jeb_Bush_Getting_Felt-Up_at_a_Rally/g1108_cxujg4n.png", "URL": "http://i.imgur.com/tTy669C.png", "fileid": "g1108_cxujg4n.png"}, {"id": "g1108_cxuemwi", "comment": "[Mark II](http://i.imgur.com/rSFb5RF.png)", "date": "2015-12-10 14:11:55", "seriesname": "g1108_cxuemwi", "file": "/media/jbrogan4/scratch2/Reddit_Prov_Dataset_v6/_Jeb_Bush_Getting_Felt-Up_at_a_Rally/g1108_cxuemwi.png", "URL": "http://i.imgur.com/rSFb5RF.png", "fileid": "g1108_cxuemwi.png"}, {"id": "g1108_cxucjri", "comment": "[Jebediah](https://imgur.com/5AHZNXF)", "date": "2015-12-10 13:23:23", "seriesname": "g1108_cxucjri", "file": "/media/jbrogan4/scratch2/Reddit_Prov_Dataset_v6/_Jeb_Bush_Getting_Felt-Up_at_a_Rally/g1108_cxucjri.png", "URL": "http://i.imgur.com/5AHZNXF.png", "fileid": "g1108_cxucjri.png"}, {"id": "g1108_cxucd8a", "comment": "[Hood Politics](http://i.imgur.com/dacBZq4.jpg)", "date": "2015-12-10 13:19:11", "seriesname": "g1108_cxucd8a", "file": "/media/jbrogan4/scratch2/Reddit_Prov_Dataset_v6/_Jeb_Bush_Getting_Felt-Up_at_a_Rally/g1108_cxucd8a.jpg", "URL": "http://i.imgur.com/dacBZq4.jpg", "fileid": "g1108_cxucd8a.jpg"}, {"id": "g1108_cxud6bu", "comment": "[Leather Bush](http://imgur.com/5x8xBfQ)", "date": "2015-12-10 13:37:52", "seriesname": "g1108_cxud6bu", "file": "/media/jbrogan4/scratch2/Reddit_Prov_Dataset_v6/_Jeb_Bush_Getting_Felt-Up_at_a_Rally/g1108_cxud6bu.png", "URL": "http://i.imgur.com/5x8xBfQ.png", "fileid": "g1108_cxud6bu.png"}, {"id": "g1108_cxucwr4", "comment": "Buffalo Jeb (disturbing imagery) http://i.imgur.com/AvNMWi7.jpg", "date": "2015-12-10 13:31:44", "seriesname": "g1108_cxucwr4", "file": "/media/jbrogan4/scratch2/Reddit_Prov_Dataset_v6/_Jeb_Bush_Getting_Felt-Up_at_a_Rally/g1108_cxucwr4.jpg", "URL": "http://i.imgur.com/AvNMWi7.jpg", "fileid": "g1108_cxucwr4.jpg"}, {"id": "g1108_cxufvca", "comment": "[just out with the waifu](http://i.imgur.com/HRDC7v8.jpg)", "date": "2015-12-10 14:40:49", "seriesname": "g1108_cxufvca", "file": "/media/jbrogan4/scratch2/Reddit_Prov_Dataset_v6/_Jeb_Bush_Getting_Felt-Up_at_a_Rally/g1108_cxufvca.jpg", "URL": "http://i.imgur.com/HRDC7v8.jpg", "fileid": "g1108_cxufvca.jpg"}, {"id": "g1108_cxud2nq", "comment": "http://i.imgur.com/jgCdHp1.jpg?1", "date": "2015-12-10 13:35:31", "seriesname": "g1108_cxud2nq", "file": "/media/jbrogan4/scratch2/Reddit_Prov_Dataset_v6/_Jeb_Bush_Getting_Felt-Up_at_a_Rally/g1108_cxud2nq.jpg", "URL": "http://i.imgur.com/jgCdHp1.jpg?1", "fileid": "g1108_cxud2nq.jpg"}, {"id": "g1108_cxudska", "comment": "[Jeb, our Savior!](http://i.imgur.com/Ou261V6.jpg)", "date": "2015-12-10 13:52:05", "seriesname": "g1108_cxudska", "file": "/media/jbrogan4/scratch2/Reddit_Prov_Dataset_v6/_Jeb_Bush_Getting_Felt-Up_at_a_Rally/g1108_cxudska.jpg", "URL": "http://i.imgur.com/Ou261V6.jpg", "fileid": "g1108_cxudska.jpg"}, {"id": "g1108_cxu98av", "comment": "[Sorry Ma'am, I don't like holding ugly babies!](http://i.imgur.com/44unyRi.jpg)", "date": "2015-12-10 12:05:21", "seriesname": "g1108_cxu98av", "file": "/media/jbrogan4/scratch2/Reddit_Prov_Dataset_v6/_Jeb_Bush_Getting_Felt-Up_at_a_Rally/g1108_cxu98av.jpg", "URL": "http://i.imgur.com/44unyRi.jpg", "fileid": "g1108_cxu98av.jpg"}, {"id": "g1108_cxua4to", "comment": "[Psst hey how ya doin lil daddy lemme whisper in yo ear](http://i.imgur.com/p5Wf6WI.jpg)", "date": "2015-12-10 12:26:42", "seriesname": "g1108_cxua4to", "file": "/media/jbrogan4/scratch2/Reddit_Prov_Dataset_v6/_Jeb_Bush_Getting_Felt-Up_at_a_Rally/g1108_cxua4to.jpg", "URL": "http://i.imgur.com/p5Wf6WI.jpg", "fileid": "g1108_cxua4to.jpg"}, {"id": "g1108_cxud3r2", "comment": "[After years of being dominated by his idiot brother George, Jeb finally snapped and started to like the feeling of being dominated and humiliated on a constant basis.](http://i.imgur.com/spQ4ny2.jpg)", "date": "2015-12-10 13:36:12", "seriesname": "g1108_cxud3r2", "file": "/media/jbrogan4/scratch2/Reddit_Prov_Dataset_v6/_Jeb_Bush_Getting_Felt-Up_at_a_Rally/g1108_cxud3r2.jpg", "URL": "http://i.imgur.com/spQ4ny2.jpg", "fileid": "g1108_cxud3r2.jpg"}, {"id": "g1108_cxucc86", "comment": "[What it really feels like](http://i.imgur.com/m8pzYXx.jpg)", "date": "2015-12-10 13:18:31", "seriesname": "g1108_cxucc86", "file": "/media/jbrogan4/scratch2/Reddit_Prov_Dataset_v6/_Jeb_Bush_Getting_Felt-Up_at_a_Rally/g1108_cxucc86.jpg", "URL": "http://i.imgur.com/m8pzYXx.jpg", "fileid": "g1108_cxucc86.jpg"}, {"id": "g1108_cxud237", "comment": "[DEEPER](http://i.imgur.com/TouVVHy.jpg)", "date": "2015-12-10 13:35:09", "seriesname": "g1108_cxud237", "file": "/media/jbrogan4/scratch2/Reddit_Prov_Dataset_v6/_Jeb_Bush_Getting_Felt-Up_at_a_Rally/g1108_cxud237.jpg", "URL": "http://i.imgur.com/TouVVHy.jpg", "fileid": "g1108_cxud237.jpg"}, {"id": "g1108_cxukdip", "comment": "http://i.imgur.com/uy2trcU.jpg", "date": "2015-12-10 16:25:20", "seriesname": "g1108_cxukdip", "file": "/media/jbrogan4/scratch2/Reddit_Prov_Dataset_v6/_Jeb_Bush_Getting_Felt-Up_at_a_Rally/g1108_cxukdip.jpg", "URL": "http://i.imgur.com/uy2trcU.jpg", "fileid": "g1108_cxukdip.jpg"}, {"id": "g1108_cxud3ui", "comment": "[Republicans all look the same to me](http://i.imgur.com/hiFWkCw.jpg)", "date": "2015-12-10 13:36:16", "seriesname": "g1108_cxud3ui", "file": "/media/jbrogan4/scratch2/Reddit_Prov_Dataset_v6/_Jeb_Bush_Getting_Felt-Up_at_a_Rally/g1108_cxud3ui.jpg", "URL": "http://i.imgur.com/hiFWkCw.jpg", "fileid": "g1108_cxud3ui.jpg"}, {"id": "g1108_cxuafbg", "comment": "[It's good to see he's finally coming out of his shell.](http://imgur.com/Docu45U)", "date": "2015-12-10 12:33:39", "seriesname": "g1108_cxuafbg", "file": "/media/jbrogan4/scratch2/Reddit_Prov_Dataset_v6/_Jeb_Bush_Getting_Felt-Up_at_a_Rally/g1108_cxuafbg.png", "URL": "http://i.imgur.com/Docu45U.png", "fileid": "g1108_cxuafbg.png"}, {"id": "g1108_cxud2jv", "comment": "[Old Man Jeb](http://i.imgur.com/sT9ISKH.jpg \"Old Man Jeb\")", "date": "2015-12-10 13:35:27", "seriesname": "g1108_cxud2jv", "file": "/media/jbrogan4/scratch2/Reddit_Prov_Dataset_v6/_Jeb_Bush_Getting_Felt-Up_at_a_Rally/g1108_cxud2jv.jpg", "URL": "http://i.imgur.com/sT9ISKH.jpg", "fileid": "g1108_cxud2jv.jpg"}, {"id": "g1108_cxue2xt", "comment": "*[R.I.N.O.](http://i.imgur.com/VHbFTcm.png)*", "date": "2015-12-10 13:58:49", "seriesname": "g1108_cxue2xt", "file": "/media/jbrogan4/scratch2/Reddit_Prov_Dataset_v6/_Jeb_Bush_Getting_Felt-Up_at_a_Rally/g1108_cxue2xt.jpg", "URL": "http://i.imgur.com/VHbFTcm.png)*", "fileid": "g1108_cxue2xt.png*"}, {"id": "g1108_cxua192", "comment": "[Jeb style](http://i.imgur.com/OyVSBXO.png)\n\nEdit: bling\n\n[](/u/facklestix)", "date": "2015-12-10 12:24:23", "seriesname": "g1108_cxua192", "file": "/media/jbrogan4/scratch2/Reddit_Prov_Dataset_v6/_Jeb_Bush_Getting_Felt-Up_at_a_Rally/g1108_cxua192.png", "URL": "http://i.imgur.com/OyVSBXO.png", "fileid": "g1108_cxua192.png"}, {"id": "g1108_cxubqhj", "comment": "http://i.imgur.com/16RJ2P4.png", "date": "2015-12-10 13:04:17", "seriesname": "g1108_cxubqhj", "file": "/media/jbrogan4/scratch2/Reddit_Prov_Dataset_v6/_Jeb_Bush_Getting_Felt-Up_at_a_Rally/g1108_cxubqhj.png", "URL": "http://i.imgur.com/16RJ2P4.png", "fileid": "g1108_cxubqhj.png"}, {"id": "g1108_cxu93ly", "comment": "[Moshington](https://imgur.com/hcc4rMb)", "date": "2015-12-10 12:02:14", "seriesname": "g1108_cxu93ly", "file": "/media/jbrogan4/scratch2/Reddit_Prov_Dataset_v6/_Jeb_Bush_Getting_Felt-Up_at_a_Rally/g1108_cxu93ly.png", "URL": "http://i.imgur.com/hcc4rMb.png", "fileid": "g1108_cxu93ly.png"}, {"id": "g1108_cxua9wz", "comment": "[Bush Claw](http://imgur.com/U6WpCoL)", "date": "2015-12-10 12:30:04", "seriesname": "g1108_cxua9wz", "file": "/media/jbrogan4/scratch2/Reddit_Prov_Dataset_v6/_Jeb_Bush_Getting_Felt-Up_at_a_Rally/g1108_cxua9wz.png", "URL": "http://i.imgur.com/U6WpCoL.png", "fileid": "g1108_cxua9wz.png"}, {"id": "g1108_cxunhwz", "comment": "With the homies in front of the white house http://i.imgur.com/baS0q2x.jpg", "date": "2015-12-10 17:41:06", "seriesname": "g1108_cxunhwz", "file": "/media/jbrogan4/scratch2/Reddit_Prov_Dataset_v6/_Jeb_Bush_Getting_Felt-Up_at_a_Rally/g1108_cxunhwz.jpg", "URL": "http://i.imgur.com/baS0q2x.jpg", "fileid": "g1108_cxunhwz.jpg"}, {"id": "g1108_cxumk57", "comment": "http://i.imgur.com/geg70JB.jpg", "date": "2015-12-10 17:17:44", "seriesname": "g1108_cxumk57", "file": "/media/jbrogan4/scratch2/Reddit_Prov_Dataset_v6/_Jeb_Bush_Getting_Felt-Up_at_a_Rally/g1108_cxumk57.jpg", "URL": "http://i.imgur.com/geg70JB.jpg", "fileid": "g1108_cxumk57.jpg"}, {"id": "g1108_cxuku9x", "comment": "All you ever did was wreck me [Imgur](http://i.imgur.com/SzYoVub.png)", "date": "2015-12-10 16:36:14", "seriesname": "g1108_cxuku9x", "file": "/media/jbrogan4/scratch2/Reddit_Prov_Dataset_v6/_Jeb_Bush_Getting_Felt-Up_at_a_Rally/g1108_cxuku9x.png", "URL": "http://i.imgur.com/SzYoVub.png", "fileid": "g1108_cxuku9x.png"}, {"id": "g1108_cxud8o3", "comment": "http://i.imgur.com/mD5H66O.jpg", "date": "2015-12-10 13:39:23", "seriesname": "g1108_cxud8o3", "file": "/media/jbrogan4/scratch2/Reddit_Prov_Dataset_v6/_Jeb_Bush_Getting_Felt-Up_at_a_Rally/g1108_cxud8o3.jpg", "URL": "http://i.imgur.com/mD5H66O.jpg", "fileid": "g1108_cxud8o3.jpg"}, {"id": "g1108_cxuavn4", "comment": "[They drew first blood, not me](http://imgur.com/xeBhPFS)", "date": "2015-12-10 12:44:17", "seriesname": "g1108_cxuavn4", "file": "/media/jbrogan4/scratch2/Reddit_Prov_Dataset_v6/_Jeb_Bush_Getting_Felt-Up_at_a_Rally/g1108_cxuavn4.png", "URL": "http://i.imgur.com/xeBhPFS.png", "fileid": "g1108_cxuavn4.png"}, {"id": "g1108_cxugtw8", "comment": "drush\n\nhttp://imgur.com/kgjUF1o", "date": "2015-12-10 15:03:06", "seriesname": "g1108_cxugtw8", "file": "/media/jbrogan4/scratch2/Reddit_Prov_Dataset_v6/_Jeb_Bush_Getting_Felt-Up_at_a_Rally/g1108_cxugtw8.png", "URL": "http://i.imgur.com/kgjUF1o.png", "fileid": "g1108_cxugtw8.png"}, {"id": "g1108_cxucuey", "comment": "[nsfw](http://i.imgur.com/m0Biy4D.png)", "date": "2015-12-10 13:30:14", "seriesname": "g1108_cxucuey", "file": "/media/jbrogan4/scratch2/Reddit_Prov_Dataset_v6/_Jeb_Bush_Getting_Felt-Up_at_a_Rally/g1108_cxucuey.png", "URL": "http://i.imgur.com/m0Biy4D.png", "fileid": "g1108_cxucuey.png"}, {"id": "g1108_cxuaq18", "comment": "[Gator's bitches better be wearing jimmies.](http://i.imgur.com/Geb4CHZ.png)\n\nedit: touched up the shadow under the hat a little bit.\n", "date": "2015-12-10 12:40:37", "seriesname": "g1108_cxuaq18", "file": "/media/jbrogan4/scratch2/Reddit_Prov_Dataset_v6/_Jeb_Bush_Getting_Felt-Up_at_a_Rally/g1108_cxuaq18.png", "URL": "http://i.imgur.com/Geb4CHZ.png", "fileid": "g1108_cxuaq18.png"}, {"id": "g1108_cxup004", "comment": "http://imgur.com/8LsPeeJ\n\nFirst reddit post ever, was waiting for the right moment", "date": "2015-12-10 18:20:38", "seriesname": "g1108_cxup004", "file": "/media/jbrogan4/scratch2/Reddit_Prov_Dataset_v6/_Jeb_Bush_Getting_Felt-Up_at_a_Rally/g1108_cxup004.png", "URL": "http://i.imgur.com/8LsPeeJ.png", "fileid": "g1108_cxup004.png"}, {"id": "g1108_cxuid1p", "comment": "[We have camera phones nowadays, get a room Jeb.](http://i.imgur.com/Ia5Euoh.jpg)", "date": "2015-12-10 15:38:56", "seriesname": "g1108_cxuid1p", "file": "/media/jbrogan4/scratch2/Reddit_Prov_Dataset_v6/_Jeb_Bush_Getting_Felt-Up_at_a_Rally/g1108_cxuid1p.jpg", "URL": "http://i.imgur.com/Ia5Euoh.jpg", "fileid": "g1108_cxuid1p.jpg"}, {"id": "g1108_cxuasda", "comment": "[I think he like it](http://i.imgur.com/jgCM639.jpg)", "date": "2015-12-10 12:42:09", "seriesname": "g1108_cxuasda", "file": "/media/jbrogan4/scratch2/Reddit_Prov_Dataset_v6/_Jeb_Bush_Getting_Felt-Up_at_a_Rally/g1108_cxuasda.jpg", "URL": "http://i.imgur.com/jgCM639.jpg", "fileid": "g1108_cxuasda.jpg"}, {"id": "g1108_cxuk1a7", "comment": "[Fight some crime, full penetration. Crime, penetration, crime, penetration... and the it just sort of ends.](http://imgur.com/Ln5FafK.png)", "date": "2015-12-10 16:17:24", "seriesname": "g1108_cxuk1a7", "file": "/media/jbrogan4/scratch2/Reddit_Prov_Dataset_v6/_Jeb_Bush_Getting_Felt-Up_at_a_Rally/g1108_cxuk1a7.png", "URL": "http://imgur.com/Ln5FafK.png", "fileid": "g1108_cxuk1a7.png"}, {"id": "g1108_cxuagph", "comment": "[Outta nowhere](http://i.imgur.com/dEdVRQl.jpg)", "date": "2015-12-10 12:34:32", "seriesname": "g1108_cxuagph", "file": "/media/jbrogan4/scratch2/Reddit_Prov_Dataset_v6/_Jeb_Bush_Getting_Felt-Up_at_a_Rally/g1108_cxuagph.jpg", "URL": "http://i.imgur.com/dEdVRQl.jpg", "fileid": "g1108_cxuagph.jpg"}, {"id": "g1108_cxu9in7", "comment": "[About to drop that hot shit.](http://imgur.com/CMFX9At)", "date": "2015-12-10 12:12:07", "seriesname": "g1108_cxu9in7", "file": "/media/jbrogan4/scratch2/Reddit_Prov_Dataset_v6/_Jeb_Bush_Getting_Felt-Up_at_a_Rally/g1108_cxu9in7.png", "URL": "http://i.imgur.com/CMFX9At.png", "fileid": "g1108_cxu9in7.png"}, {"id": "g1108_cxucf2i", "comment": "[A late night, double feature, picture show](https://imgur.com/ZIVpODy.jpg)", "date": "2015-12-10 13:20:22", "seriesname": "g1108_cxucf2i", "file": "/media/jbrogan4/scratch2/Reddit_Prov_Dataset_v6/_Jeb_Bush_Getting_Felt-Up_at_a_Rally/g1108_cxucf2i.jpg", "URL": "https://imgur.com/ZIVpODy.jpg", "fileid": "g1108_cxucf2i.jpg"}, {"id": "g1108_cxujh4l", "comment": "My first PsBattle submission, I present to you... Supa Hot Jeb\nhttp://imgur.com/GE9xpYv", "date": "2015-12-10 16:04:14", "seriesname": "g1108_cxujh4l", "file": "/media/jbrogan4/scratch2/Reddit_Prov_Dataset_v6/_Jeb_Bush_Getting_Felt-Up_at_a_Rally/g1108_cxujh4l.png", "URL": "http://i.imgur.com/GE9xpYv.png", "fileid": "g1108_cxujh4l.png"}, {"id": "g1108_cxubj1b", "comment": "http://i.imgur.com/uZa5DeG.gif", "date": "2015-12-10 12:59:28", "seriesname": "g1108_cxubj1b", "file": "/media/jbrogan4/scratch2/Reddit_Prov_Dataset_v6/_Jeb_Bush_Getting_Felt-Up_at_a_Rally/g1108_cxubj1b.jpg", "URL": "http://i.imgur.com/uZa5DeG.gif", "fileid": "g1108_cxubj1b.gif"}, {"id": "g1108_cxub4b9", "comment": "http://imgur.com/4ZvCZQE", "date": "2015-12-10 12:49:58", "seriesname": "g1108_cxub4b9", "file": "/media/jbrogan4/scratch2/Reddit_Prov_Dataset_v6/_Jeb_Bush_Getting_Felt-Up_at_a_Rally/g1108_cxub4b9.png", "URL": "http://i.imgur.com/4ZvCZQE.png", "fileid": "g1108_cxub4b9.png"}, {"id": "g1108_cxuqyp8", "comment": "[Thug Life](http://i.imgur.com/JX6PvCV.jpg?1)", "date": "2015-12-10 19:15:47", "seriesname": "g1108_cxuqyp8", "file": "/media/jbrogan4/scratch2/Reddit_Prov_Dataset_v6/_Jeb_Bush_Getting_Felt-Up_at_a_Rally/g1108_cxuqyp8.jpg", "URL": "http://i.imgur.com/JX6PvCV.jpg?1", "fileid": "g1108_cxuqyp8.jpg"}, {"id": "g1108_root", "comment": "", "date": "2015-12-10 10:50:46", "seriesname": "g1108_root", "file": "/media/jbrogan4/scratch2/Reddit_Prov_Dataset_v6/_Jeb_Bush_Getting_Felt-Up_at_a_Rally/g1108_root.jpg", "URL": "http://i2.cdn.turner.com/cnnnext/dam/assets/151208182156-76-year-in-politics-2015-super-169.jpg", "fileid": "g1108_root.jpg"}, {"id": "g1108_cxuc566", "comment": "[Going after that hispanic vote hard](http://i.imgur.com/OzC6Nqw.jpg)", "date": "2015-12-10 13:13:54", "seriesname": "g1108_cxuc566", "file": "/media/jbrogan4/scratch2/Reddit_Prov_Dataset_v6/_Jeb_Bush_Getting_Felt-Up_at_a_Rally/g1108_cxuc566.jpg", "URL": "http://i.imgur.com/OzC6Nqw.jpg", "fileid": "g1108_cxuc566.jpg"}, {"id": "g1108_cxue6a1", "comment": "http://i.imgur.com/rmwTQSg.jpg", "date": "2015-12-10 14:00:57", "seriesname": "g1108_cxue6a1", "file": "/media/jbrogan4/scratch2/Reddit_Prov_Dataset_v6/_Jeb_Bush_Getting_Felt-Up_at_a_Rally/g1108_cxue6a1.jpg", "URL": "http://i.imgur.com/rmwTQSg.jpg", "fileid": "g1108_cxue6a1.jpg"}, {"id": "g1108_cxucr5z", "comment": "[The unseen truth](http://i.imgur.com/KvMesfy.jpg)", "date": "2015-12-10 13:28:09", "seriesname": "g1108_cxucr5z", "file": "/media/jbrogan4/scratch2/Reddit_Prov_Dataset_v6/_Jeb_Bush_Getting_Felt-Up_at_a_Rally/g1108_cxucr5z.jpg", "URL": "http://i.imgur.com/KvMesfy.jpg", "fileid": "g1108_cxucr5z.jpg"}], "graph": {"name": "g1108_root"}, "directed": true}