{"links": [{"op": "none", "target": 0, "source": 64}, {"op": "none", "target": 1, "source": 64}, {"op": "none", "target": 2, "source": 64}, {"op": "none", "target": 3, "source": 64}, {"op": "none", "target": 4, "source": 25}, {"op": "none", "target": 5, "source": 15}, {"op": "none", "target": 6, "source": 64}, {"op": "none", "target": 7, "source": 64}, {"op": "none", "target": 8, "source": 64}, {"op": "none", "target": 9, "source": 64}, {"op": "none", "target": 10, "source": 64}, {"op": "none", "target": 11, "source": 64}, {"op": "none", "target": 12, "source": 37}, {"op": "none", "target": 13, "source": 64}, {"op": "none", "target": 14, "source": 64}, {"op": "none", "target": 15, "source": 64}, {"op": "none", "target": 16, "source": 64}, {"op": "none", "target": 17, "source": 0}, {"op": "none", "target": 18, "source": 3}, {"op": "none", "target": 19, "source": 64}, {"op": "none", "target": 20, "source": 64}, {"op": "none", "target": 21, "source": 64}, {"op": "none", "target": 22, "source": 64}, {"op": "none", "target": 23, "source": 49}, {"op": "none", "target": 24, "source": 4}, {"op": "none", "target": 25, "source": 64}, {"op": "none", "target": 26, "source": 64}, {"op": "none", "target": 27, "source": 64}, {"op": "none", "target": 28, "source": 64}, {"op": "none", "target": 29, "source": 64}, {"op": "none", "target": 30, "source": 64}, {"op": "none", "target": 31, "source": 64}, {"op": "none", "target": 32, "source": 64}, {"op": "none", "target": 33, "source": 64}, {"op": "none", "target": 34, "source": 64}, {"op": "none", "target": 35, "source": 64}, {"op": "none", "target": 36, "source": 30}, {"op": "none", "target": 37, "source": 64}, {"op": "none", "target": 38, "source": 64}, {"op": "none", "target": 39, "source": 64}, {"op": "none", "target": 40, "source": 64}, {"op": "none", "target": 41, "source": 64}, {"op": "none", "target": 42, "source": 64}, {"op": "none", "target": 43, "source": 64}, {"op": "none", "target": 44, "source": 64}, {"op": "none", "target": 45, "source": 64}, {"op": "none", "target": 46, "source": 64}, {"op": "none", "target": 47, "source": 64}, {"op": "none", "target": 48, "source": 64}, {"op": "none", "target": 49, "source": 4}, {"op": "none", "target": 50, "source": 64}, {"op": "none", "target": 51, "source": 4}, {"op": "none", "target": 52, "source": 64}, {"op": "none", "target": 53, "source": 45}, {"op": "none", "target": 54, "source": 64}, {"op": "none", "target": 55, "source": 64}, {"op": "none", "target": 56, "source": 64}, {"op": "none", "target": 57, "source": 64}, {"op": "none", "target": 58, "source": 64}, {"op": "none", "target": 59, "source": 64}, {"op": "none", "target": 60, "source": 6}, {"op": "none", "target": 61, "source": 49}, {"op": "none", "target": 62, "source": 64}, {"op": "none", "target": 63, "source": 64}, {"op": "none", "target": 65, "source": 64}, {"op": "none", "target": 66, "source": 4}, {"op": "none", "target": 67, "source": 64}], "title": "_Man_holding_confused_dog", "nodes": [{"id": "g1103_d2zvi7d", "comment": "http://i.imgur.com/FumgKup.jpg", "date": "2016-05-10 09:24:56", "seriesname": "g1103_d2zvi7d", "file": "/media/jbrogan4/scratch2/Reddit_Prov_Dataset_v6/_Man_holding_confused_dog/g1103_d2zvi7d.jpg", "URL": "http://i.imgur.com/FumgKup.jpg", "fileid": "g1103_d2zvi7d.jpg"}, {"id": "g1103_d3041uc", "comment": "http://i.imgur.com/BRXTYpo.jpg", "date": "2016-05-10 12:46:56", "seriesname": "g1103_d3041uc", "file": "/media/jbrogan4/scratch2/Reddit_Prov_Dataset_v6/_Man_holding_confused_dog/g1103_d3041uc.jpg", "URL": "http://i.imgur.com/BRXTYpo.jpg", "fileid": "g1103_d3041uc.jpg"}, {"id": "g1103_d304lgk", "comment": "[what?](http://imgur.com/BWxIoVA)", "date": "2016-05-10 12:58:32", "seriesname": "g1103_d304lgk", "file": "/media/jbrogan4/scratch2/Reddit_Prov_Dataset_v6/_Man_holding_confused_dog/g1103_d304lgk.png", "URL": "http://i.imgur.com/BWxIoVA.png", "fileid": "g1103_d304lgk.png"}, {"id": "g1103_d2zufhk", "comment": "[Buscemi](http://i.imgur.com/2y5NLqx.jpg)", "date": "2016-05-10 08:51:46", "seriesname": "g1103_d2zufhk", "file": "/media/jbrogan4/scratch2/Reddit_Prov_Dataset_v6/_Man_holding_confused_dog/g1103_d2zufhk.jpg", "URL": "http://i.imgur.com/2y5NLqx.jpg", "fileid": "g1103_d2zufhk.jpg"}, {"id": "g1103_d2zuv1x", "comment": "[beat me to it](http://i.imgur.com/ocM9Vos.jpg)", "date": "2016-05-10 09:05:35", "seriesname": "g1103_d2zuv1x", "file": "/media/jbrogan4/scratch2/Reddit_Prov_Dataset_v6/_Man_holding_confused_dog/g1103_d2zuv1x.jpg", "URL": "http://i.imgur.com/ocM9Vos.jpg", "fileid": "g1103_d2zuv1x.jpg"}, {"id": "g1103_d2zw309", "comment": "http://imgur.com/pHw3Udi", "date": "2016-05-10 09:41:19", "seriesname": "g1103_d2zw309", "file": "/media/jbrogan4/scratch2/Reddit_Prov_Dataset_v6/_Man_holding_confused_dog/g1103_d2zw309.png", "URL": "http://i.imgur.com/pHw3Udi.png", "fileid": "g1103_d2zw309.png"}, {"id": "g1103_d2zwsqt", "comment": "[Confused Wampa on Hoth](http://i.imgur.com/T79RZNv.jpg)", "date": "2016-05-10 10:00:48", "seriesname": "g1103_d2zwsqt", "file": "/media/jbrogan4/scratch2/Reddit_Prov_Dataset_v6/_Man_holding_confused_dog/g1103_d2zwsqt.jpg", "URL": "http://i.imgur.com/T79RZNv.jpg", "fileid": "g1103_d2zwsqt.jpg"}, {"id": "g1103_d2zxpdt", "comment": "[Join the club](http://i.imgur.com/jolzrEU.png)", "date": "2016-05-10 10:24:17", "seriesname": "g1103_d2zxpdt", "file": "/media/jbrogan4/scratch2/Reddit_Prov_Dataset_v6/_Man_holding_confused_dog/g1103_d2zxpdt.png", "URL": "http://i.imgur.com/jolzrEU.png", "fileid": "g1103_d2zxpdt.png"}, {"id": "g1103_d2zvhoy", "comment": "http://i.imgur.com/RsrL23T.jpg", "date": "2016-05-10 09:24:31", "seriesname": "g1103_d2zvhoy", "file": "/media/jbrogan4/scratch2/Reddit_Prov_Dataset_v6/_Man_holding_confused_dog/g1103_d2zvhoy.jpg", "URL": "http://i.imgur.com/RsrL23T.jpg", "fileid": "g1103_d2zvhoy.jpg"}, {"id": "g1103_d3085tn", "comment": "http://imgur.com/qeJmRCq.jpg", "date": "2016-05-10 14:14:46", "seriesname": "g1103_d3085tn", "file": "/media/jbrogan4/scratch2/Reddit_Prov_Dataset_v6/_Man_holding_confused_dog/g1103_d3085tn.jpg", "URL": "http://imgur.com/qeJmRCq.jpg", "fileid": "g1103_d3085tn.jpg"}, {"id": "g1103_d309iu2", "comment": "http://i.imgur.com/fslqOb1.gif", "date": "2016-05-10 14:43:43", "seriesname": "g1103_d309iu2", "file": "/media/jbrogan4/scratch2/Reddit_Prov_Dataset_v6/_Man_holding_confused_dog/g1103_d309iu2.jpg", "URL": "http://i.imgur.com/fslqOb1.gif", "fileid": "g1103_d309iu2.gif"}, {"id": "g1103_d2zu8w3", "comment": "http://i.imgur.com/kI3NJKK.jpg\n\nNSFW", "date": "2016-05-10 08:45:41", "seriesname": "g1103_d2zu8w3", "file": "/media/jbrogan4/scratch2/Reddit_Prov_Dataset_v6/_Man_holding_confused_dog/g1103_d2zu8w3.jpg", "URL": "http://i.imgur.com/kI3NJKK.jpg", "fileid": "g1103_d2zu8w3.jpg"}, {"id": "g1103_d2zzaou", "comment": "\n\n[original](http://i.imgur.com/i3tq64X.gif)", "date": "2016-05-10 11:02:30", "seriesname": "g1103_d2zzaou", "file": "/media/jbrogan4/scratch2/Reddit_Prov_Dataset_v6/_Man_holding_confused_dog/g1103_d2zzaou.jpg", "URL": "http://i.imgur.com/i3tq64X.gif", "fileid": "g1103_d2zzaou.gif"}, {"id": "g1103_d3062n5", "comment": "[Those eyes](https://i.imgur.com/dKUj5Mv.gif)", "date": "2016-05-10 13:30:17", "seriesname": "g1103_d3062n5", "file": "/media/jbrogan4/scratch2/Reddit_Prov_Dataset_v6/_Man_holding_confused_dog/g1103_d3062n5.jpg", "URL": "https://i.imgur.com/dKUj5Mv.gif", "fileid": "g1103_d3062n5.gif"}, {"id": "g1103_d2zy8nt", "comment": "[letmeinletmeinletmein](http://i.imgur.com/ARmRqcy.jpg)", "date": "2016-05-10 10:37:37", "seriesname": "g1103_d2zy8nt", "file": "/media/jbrogan4/scratch2/Reddit_Prov_Dataset_v6/_Man_holding_confused_dog/g1103_d2zy8nt.jpg", "URL": "http://i.imgur.com/ARmRqcy.jpg", "fileid": "g1103_d2zy8nt.jpg"}, {"id": "g1103_d2zvui4", "comment": "http://i.imgur.com/FaEAiBb.jpg", "date": "2016-05-10 09:34:46", "seriesname": "g1103_d2zvui4", "file": "/media/jbrogan4/scratch2/Reddit_Prov_Dataset_v6/_Man_holding_confused_dog/g1103_d2zvui4.jpg", "URL": "http://i.imgur.com/FaEAiBb.jpg", "fileid": "g1103_d2zvui4.jpg"}, {"id": "g1103_d30ez1o", "comment": "http://imgur.com/IsZht8u", "date": "2016-05-10 16:36:34", "seriesname": "g1103_d30ez1o", "file": "/media/jbrogan4/scratch2/Reddit_Prov_Dataset_v6/_Man_holding_confused_dog/g1103_d30ez1o.png", "URL": "http://i.imgur.com/IsZht8u.png", "fileid": "g1103_d30ez1o.png"}, {"id": "g1103_d309yoi", "comment": "[Every soldier has a story](http://i.imgur.com/75RmgnT.png)", "date": "2016-05-10 14:52:57", "seriesname": "g1103_d309yoi", "file": "/media/jbrogan4/scratch2/Reddit_Prov_Dataset_v6/_Man_holding_confused_dog/g1103_d309yoi.png", "URL": "http://i.imgur.com/75RmgnT.png", "fileid": "g1103_d309yoi.png"}, {"id": "g1103_d2zwutv", "comment": "[Verified](http://i.imgur.com/Sbw922A.jpg)", "date": "2016-05-10 10:02:21", "seriesname": "g1103_d2zwutv", "file": "/media/jbrogan4/scratch2/Reddit_Prov_Dataset_v6/_Man_holding_confused_dog/g1103_d2zwutv.jpg", "URL": "http://i.imgur.com/Sbw922A.jpg", "fileid": "g1103_d2zwutv.jpg"}, {"id": "g1103_d2zuqv3", "comment": "[snap](http://i.imgur.com/RQP1XLU.jpg)", "date": "2016-05-10 09:02:00", "seriesname": "g1103_d2zuqv3", "file": "/media/jbrogan4/scratch2/Reddit_Prov_Dataset_v6/_Man_holding_confused_dog/g1103_d2zuqv3.jpg", "URL": "http://i.imgur.com/RQP1XLU.jpg", "fileid": "g1103_d2zuqv3.jpg"}, {"id": "g1103_d2zvklc", "comment": "[Thug dog with confused human?](http://imgur.com/Xo3p7t2)\n", "date": "2016-05-10 09:26:52", "seriesname": "g1103_d2zvklc", "file": "/media/jbrogan4/scratch2/Reddit_Prov_Dataset_v6/_Man_holding_confused_dog/g1103_d2zvklc.png", "URL": "http://i.imgur.com/Xo3p7t2.png", "fileid": "g1103_d2zvklc.png"}, {"id": "g1103_d2zvpds", "comment": "[Turned out a lot scarier than I expected](http://i.imgur.com/agbV7Yr.jpg)", "date": "2016-05-10 09:30:41", "seriesname": "g1103_d2zvpds", "file": "/media/jbrogan4/scratch2/Reddit_Prov_Dataset_v6/_Man_holding_confused_dog/g1103_d2zvpds.jpg", "URL": "http://i.imgur.com/agbV7Yr.jpg", "fileid": "g1103_d2zvpds.jpg"}, {"id": "g1103_d308wsd", "comment": "Ghost and Jon Snow's Weird Cousins\n\nhttp://imgur.com/Etb255s", "date": "2016-05-10 14:30:37", "seriesname": "g1103_d308wsd", "file": "/media/jbrogan4/scratch2/Reddit_Prov_Dataset_v6/_Man_holding_confused_dog/g1103_d308wsd.png", "URL": "http://i.imgur.com/Etb255s.png", "fileid": "g1103_d308wsd.png"}, {"id": "g1103_d300jq6", "comment": "I'm more a fan of the [other](http://i.imgur.com/snkaq5r.jpg?1) iteration of your names.", "date": "2016-05-10 11:30:50", "seriesname": "g1103_d300jq6", "file": "/media/jbrogan4/scratch2/Reddit_Prov_Dataset_v6/_Man_holding_confused_dog/g1103_d300jq6.jpg", "URL": "http://i.imgur.com/snkaq5r.jpg?1", "fileid": "g1103_d300jq6.jpg"}, {"id": "g1103_d30eq50", "comment": "Goddamn you.  [Obligatory](http://i.imgur.com/QZKI8zu.jpg?1)", "date": "2016-05-10 16:31:16", "seriesname": "g1103_d30eq50", "file": "/media/jbrogan4/scratch2/Reddit_Prov_Dataset_v6/_Man_holding_confused_dog/g1103_d30eq50.jpg", "URL": "http://i.imgur.com/QZKI8zu.jpg?1", "fileid": "g1103_d30eq50.jpg"}, {"id": "g1103_d2zui0x", "comment": "http://i.imgur.com/Syybv11.jpg\n\nhttp://i.imgur.com/1fdIR3l.jpg", "date": "2016-05-10 08:54:05", "seriesname": "g1103_d2zui0x", "file": "/media/jbrogan4/scratch2/Reddit_Prov_Dataset_v6/_Man_holding_confused_dog/g1103_d2zui0x.jpg", "URL": "http://i.imgur.com/1fdIR3l.jpg", "fileid": "g1103_d2zui0x.jpg"}, {"id": "g1103_d3000sn", "comment": "[eyeswitch](http://i.imgur.com/gf0qlzT.jpg)", "date": "2016-05-10 11:19:08", "seriesname": "g1103_d3000sn", "file": "/media/jbrogan4/scratch2/Reddit_Prov_Dataset_v6/_Man_holding_confused_dog/g1103_d3000sn.jpg", "URL": "http://i.imgur.com/gf0qlzT.jpg", "fileid": "g1103_d3000sn.jpg"}, {"id": "g1103_d2zz256", "comment": "[Uncle Joe is over](http://i.imgur.com/K4oTwYu.jpg)", "date": "2016-05-10 10:57:00", "seriesname": "g1103_d2zz256", "file": "/media/jbrogan4/scratch2/Reddit_Prov_Dataset_v6/_Man_holding_confused_dog/g1103_d2zz256.jpg", "URL": "http://i.imgur.com/K4oTwYu.jpg", "fileid": "g1103_d2zz256.jpg"}, {"id": "g1103_d307297", "comment": "[it's pronounced EYE-gore](http://i.imgur.com/9FwyQ7i.jpg)", "date": "2016-05-10 13:51:22", "seriesname": "g1103_d307297", "file": "/media/jbrogan4/scratch2/Reddit_Prov_Dataset_v6/_Man_holding_confused_dog/g1103_d307297.jpg", "URL": "http://i.imgur.com/9FwyQ7i.jpg", "fileid": "g1103_d307297.jpg"}, {"id": "g1103_d2zwzoy", "comment": "[Quite the resemblance](http://i.imgur.com/rAMqSvx.jpg)", "date": "2016-05-10 10:06:02", "seriesname": "g1103_d2zwzoy", "file": "/media/jbrogan4/scratch2/Reddit_Prov_Dataset_v6/_Man_holding_confused_dog/g1103_d2zwzoy.jpg", "URL": "http://i.imgur.com/rAMqSvx.jpg", "fileid": "g1103_d2zwzoy.jpg"}, {"id": "g1103_d2zvqjl", "comment": "http://i.imgur.com/G4PDDyf.jpg", "date": "2016-05-10 09:31:37", "seriesname": "g1103_d2zvqjl", "file": "/media/jbrogan4/scratch2/Reddit_Prov_Dataset_v6/_Man_holding_confused_dog/g1103_d2zvqjl.jpg", "URL": "http://i.imgur.com/G4PDDyf.jpg", "fileid": "g1103_d2zvqjl.jpg"}, {"id": "g1103_d30412j", "comment": "What's for dinner?\nhttp://imgur.com/RJ2HoSo", "date": "2016-05-10 12:46:27", "seriesname": "g1103_d30412j", "file": "/media/jbrogan4/scratch2/Reddit_Prov_Dataset_v6/_Man_holding_confused_dog/g1103_d30412j.png", "URL": "http://i.imgur.com/RJ2HoSo.png", "fileid": "g1103_d30412j.png"}, {"id": "g1103_d2zyg6f", "comment": "[Man holding ~~confused~~ dog](http://i.imgur.com/SZSdHTr.jpg)", "date": "2016-05-10 10:42:40", "seriesname": "g1103_d2zyg6f", "file": "/media/jbrogan4/scratch2/Reddit_Prov_Dataset_v6/_Man_holding_confused_dog/g1103_d2zyg6f.jpg", "URL": "http://i.imgur.com/SZSdHTr.jpg", "fileid": "g1103_d2zyg6f.jpg"}, {"id": "g1103_d303obj", "comment": "\n\n[First time on the Internetz](http://i.imgur.com/YeiJaoC.gif) \n \n&amp;\n\n[First time on the Internetz]( http://loopnroll.com/p/A24OT) with sound &amp; longer\n\n\n", "date": "2016-05-10 12:38:47", "seriesname": "g1103_d303obj", "file": "/media/jbrogan4/scratch2/Reddit_Prov_Dataset_v6/_Man_holding_confused_dog/g1103_d303obj.jpg", "URL": "http://i.imgur.com/YeiJaoC.gif", "fileid": "g1103_d303obj.gif"}, {"id": "g1103_d2zxabp", "comment": "Dat face. \nhttp://m.imgur.com/1fH3FJD", "date": "2016-05-10 10:13:42", "seriesname": "g1103_d2zxabp", "file": "/media/jbrogan4/scratch2/Reddit_Prov_Dataset_v6/_Man_holding_confused_dog/g1103_d2zxabp.png", "URL": "http://i.imgur.com/1fH3FJD.png", "fileid": "g1103_d2zxabp.png"}, {"id": "g1103_d301ahd", "comment": "Florida Dog https://imgur.com/C7vL8nx", "date": "2016-05-10 11:47:19", "seriesname": "g1103_d301ahd", "file": "/media/jbrogan4/scratch2/Reddit_Prov_Dataset_v6/_Man_holding_confused_dog/g1103_d301ahd.png", "URL": "http://i.imgur.com/C7vL8nx.png", "fileid": "g1103_d301ahd.png"}, {"id": "g1103_d307nku", "comment": "[He's not fooling anyone.](http://i.imgur.com/Ocl1HEZ.png) Get the labor camps going!", "date": "2016-05-10 14:04:00", "seriesname": "g1103_d307nku", "file": "/media/jbrogan4/scratch2/Reddit_Prov_Dataset_v6/_Man_holding_confused_dog/g1103_d307nku.png", "URL": "http://i.imgur.com/Ocl1HEZ.png", "fileid": "g1103_d307nku.png"}, {"id": "g1103_d2zwiac", "comment": "\n\n[You Dog](http://i.imgur.com/EbXAVg9.jpg)\n\n&amp;\n[Who, Who, Who...animated-sound](http://loopnroll.com/p/oTS7w)\n", "date": "2016-05-10 09:52:58", "seriesname": "g1103_d2zwiac", "file": "/media/jbrogan4/scratch2/Reddit_Prov_Dataset_v6/_Man_holding_confused_dog/g1103_d2zwiac.jpg", "URL": "http://i.imgur.com/EbXAVg9.jpg", "fileid": "g1103_d2zwiac.jpg"}, {"id": "g1103_d30dbs4", "comment": "At least i tried \n\nhttp://imgur.com/sVJOns7", "date": "2016-05-10 16:02:38", "seriesname": "g1103_d30dbs4", "file": "/media/jbrogan4/scratch2/Reddit_Prov_Dataset_v6/_Man_holding_confused_dog/g1103_d30dbs4.png", "URL": "http://i.imgur.com/sVJOns7.png", "fileid": "g1103_d30dbs4.png"}, {"id": "g1103_d30pjk4", "comment": "[Confused man holding dog.](http://i.imgur.com/e2FquzN.jpg)", "date": "2016-05-10 20:53:21", "seriesname": "g1103_d30pjk4", "file": "/media/jbrogan4/scratch2/Reddit_Prov_Dataset_v6/_Man_holding_confused_dog/g1103_d30pjk4.jpg", "URL": "http://i.imgur.com/e2FquzN.jpg", "fileid": "g1103_d30pjk4.jpg"}, {"id": "g1103_d2zvmnf", "comment": "[Thats Better](http://imgur.com/lKJh8eR)", "date": "2016-05-10 09:28:30", "seriesname": "g1103_d2zvmnf", "file": "/media/jbrogan4/scratch2/Reddit_Prov_Dataset_v6/_Man_holding_confused_dog/g1103_d2zvmnf.png", "URL": "http://i.imgur.com/lKJh8eR.png", "fileid": "g1103_d2zvmnf.png"}, {"id": "g1103_d307yrk", "comment": "Straight chillin' with my dawg\nhttp://imgur.com/KcQlKEh", "date": "2016-05-10 14:10:40", "seriesname": "g1103_d307yrk", "file": "/media/jbrogan4/scratch2/Reddit_Prov_Dataset_v6/_Man_holding_confused_dog/g1103_d307yrk.png", "URL": "http://i.imgur.com/KcQlKEh.png", "fileid": "g1103_d307yrk.png"}, {"id": "g1103_d30flfk", "comment": "[Vote for me, or else.](http://i.imgur.com/8AnBjxN.jpg)", "date": "2016-05-10 16:49:37", "seriesname": "g1103_d30flfk", "file": "/media/jbrogan4/scratch2/Reddit_Prov_Dataset_v6/_Man_holding_confused_dog/g1103_d30flfk.jpg", "URL": "http://i.imgur.com/8AnBjxN.jpg", "fileid": "g1103_d30flfk.jpg"}, {"id": "g1103_d30di21", "comment": "[Fixed](http://i.imgur.com/y4bbhss.jpg)", "date": "2016-05-10 16:06:13", "seriesname": "g1103_d30di21", "file": "/media/jbrogan4/scratch2/Reddit_Prov_Dataset_v6/_Man_holding_confused_dog/g1103_d30di21.jpg", "URL": "http://i.imgur.com/y4bbhss.jpg", "fileid": "g1103_d30di21.jpg"}, {"id": "g1103_d303wgx", "comment": "http://imgur.com/MZ1RWX4\n\nsorry if its sloppy, quick job at work ", "date": "2016-05-10 12:43:40", "seriesname": "g1103_d303wgx", "file": "/media/jbrogan4/scratch2/Reddit_Prov_Dataset_v6/_Man_holding_confused_dog/g1103_d303wgx.png", "URL": "http://i.imgur.com/MZ1RWX4.png", "fileid": "g1103_d303wgx.png"}, {"id": "g1103_d2zww6s", "comment": "[Last season's Game of Thrones spoiler. Be warned...](http://imgur.com/zyXs47h)", "date": "2016-05-10 10:03:24", "seriesname": "g1103_d2zww6s", "file": "/media/jbrogan4/scratch2/Reddit_Prov_Dataset_v6/_Man_holding_confused_dog/g1103_d2zww6s.png", "URL": "http://i.imgur.com/zyXs47h.png", "fileid": "g1103_d2zww6s.png"}, {"id": "g1103_d304s0x", "comment": "[You're never too young](http://imgur.com/tQlqyL7)", "date": "2016-05-10 13:02:28", "seriesname": "g1103_d304s0x", "file": "/media/jbrogan4/scratch2/Reddit_Prov_Dataset_v6/_Man_holding_confused_dog/g1103_d304s0x.png", "URL": "http://i.imgur.com/tQlqyL7.png", "fileid": "g1103_d304s0x.png"}, {"id": "g1103_d2zwtp6", "comment": "http://i.imgur.com/gtyMIrg.jpg", "date": "2016-05-10 10:01:32", "seriesname": "g1103_d2zwtp6", "file": "/media/jbrogan4/scratch2/Reddit_Prov_Dataset_v6/_Man_holding_confused_dog/g1103_d2zwtp6.jpg", "URL": "http://i.imgur.com/gtyMIrg.jpg", "fileid": "g1103_d2zwtp6.jpg"}, {"id": "g1103_d30b3c8", "comment": "[Confused man holding dog](http://i.imgur.com/ECNOuSy.jpg)", "date": "2016-05-10 15:16:48", "seriesname": "g1103_d30b3c8", "file": "/media/jbrogan4/scratch2/Reddit_Prov_Dataset_v6/_Man_holding_confused_dog/g1103_d30b3c8.jpg", "URL": "http://i.imgur.com/ECNOuSy.jpg", "fileid": "g1103_d30b3c8.jpg"}, {"id": "g1103_d2zwnke", "comment": "Thanks and I agree, I like GB's rendition: \n\nSo let's combine'em: [SpookyBoob](http://i.imgur.com/yF6VOCo.png) ", "date": "2016-05-10 09:56:58", "seriesname": "g1103_d2zwnke", "file": "/media/jbrogan4/scratch2/Reddit_Prov_Dataset_v6/_Man_holding_confused_dog/g1103_d2zwnke.png", "URL": "http://i.imgur.com/yF6VOCo.png", "fileid": "g1103_d2zwnke.png"}, {"id": "g1103_d2zvlp4", "comment": "http://i.imgur.com/UzWXHY1.jpg?1", "date": "2016-05-10 09:27:45", "seriesname": "g1103_d2zvlp4", "file": "/media/jbrogan4/scratch2/Reddit_Prov_Dataset_v6/_Man_holding_confused_dog/g1103_d2zvlp4.jpg", "URL": "http://i.imgur.com/UzWXHY1.jpg?1", "fileid": "g1103_d2zvlp4.jpg"}, {"id": "g1103_d2zwufy", "comment": "http://i.imgur.com/UJf04q7.png", "date": "2016-05-10 10:02:05", "seriesname": "g1103_d2zwufy", "file": "/media/jbrogan4/scratch2/Reddit_Prov_Dataset_v6/_Man_holding_confused_dog/g1103_d2zwufy.png", "URL": "http://i.imgur.com/UJf04q7.png", "fileid": "g1103_d2zwufy.png"}, {"id": "g1103_d2zxcsq", "comment": "You thought I was an Asian man, didn't you?\n\n[Acting.](https://i.imgur.com/veI0bQ2.png)", "date": "2016-05-10 10:15:27", "seriesname": "g1103_d2zxcsq", "file": "/media/jbrogan4/scratch2/Reddit_Prov_Dataset_v6/_Man_holding_confused_dog/g1103_d2zxcsq.png", "URL": "https://i.imgur.com/veI0bQ2.png", "fileid": "g1103_d2zxcsq.png"}, {"id": "g1103_d2zxm6m", "comment": "NOOOOOoooo....\n\n[You warned me, but I clicked anyway.](http://imgur.com/DUVZ2CP)", "date": "2016-05-10 10:22:04", "seriesname": "g1103_d2zxm6m", "file": "/media/jbrogan4/scratch2/Reddit_Prov_Dataset_v6/_Man_holding_confused_dog/g1103_d2zxm6m.png", "URL": "http://i.imgur.com/DUVZ2CP.png", "fileid": "g1103_d2zxm6m.png"}, {"id": "g1103_d30418u", "comment": "Obligatory [Rule 34 Submission](http://i.imgur.com/CX1F0h7.jpg)", "date": "2016-05-10 12:46:33", "seriesname": "g1103_d30418u", "file": "/media/jbrogan4/scratch2/Reddit_Prov_Dataset_v6/_Man_holding_confused_dog/g1103_d30418u.jpg", "URL": "http://i.imgur.com/CX1F0h7.jpg", "fileid": "g1103_d30418u.jpg"}, {"id": "g1103_d300qak", "comment": "[Don't you roll your eyes at me](http://imgur.com/CqYp8df)", "date": "2016-05-10 11:34:54", "seriesname": "g1103_d300qak", "file": "/media/jbrogan4/scratch2/Reddit_Prov_Dataset_v6/_Man_holding_confused_dog/g1103_d300qak.png", "URL": "http://i.imgur.com/CqYp8df.png", "fileid": "g1103_d300qak.png"}, {"id": "g1103_d301keh", "comment": "[This looks more terrifying than expected!](http://i.imgur.com/vPUA7oA.jpg)\t", "date": "2016-05-10 11:53:22", "seriesname": "g1103_d301keh", "file": "/media/jbrogan4/scratch2/Reddit_Prov_Dataset_v6/_Man_holding_confused_dog/g1103_d301keh.jpg", "URL": "http://i.imgur.com/vPUA7oA.jpg", "fileid": "g1103_d301keh.jpg"}, {"id": "g1103_d30yf55", "comment": "[Gorilla glasses](http://i.imgur.com/C0SWd2k.png)", "date": "2016-05-11 00:57:58", "seriesname": "g1103_d30yf55", "file": "/media/jbrogan4/scratch2/Reddit_Prov_Dataset_v6/_Man_holding_confused_dog/g1103_d30yf55.png", "URL": "http://i.imgur.com/C0SWd2k.png", "fileid": "g1103_d30yf55.png"}, {"id": "g1103_d30a5a1", "comment": "[A portrait from just before the end of the war.](http://imgur.com/1cKwBaq)", "date": "2016-05-10 14:56:55", "seriesname": "g1103_d30a5a1", "file": "/media/jbrogan4/scratch2/Reddit_Prov_Dataset_v6/_Man_holding_confused_dog/g1103_d30a5a1.png", "URL": "http://i.imgur.com/1cKwBaq.png", "fileid": "g1103_d30a5a1.png"}, {"id": "g1103_d2zvcyg", "comment": "[seems like a better match.](http://i.imgur.com/CmyTtxO.jpg)", "date": "2016-05-10 09:20:42", "seriesname": "g1103_d2zvcyg", "file": "/media/jbrogan4/scratch2/Reddit_Prov_Dataset_v6/_Man_holding_confused_dog/g1103_d2zvcyg.jpg", "URL": "http://i.imgur.com/CmyTtxO.jpg", "fileid": "g1103_d2zvcyg.jpg"}, {"id": "g1103_d302fi5", "comment": "[here you go](http://i.imgur.com/W1E5UaK.jpg)\n\nEdit: Thanks for the gold! ", "date": "2016-05-10 12:12:09", "seriesname": "g1103_d302fi5", "file": "/media/jbrogan4/scratch2/Reddit_Prov_Dataset_v6/_Man_holding_confused_dog/g1103_d302fi5.jpg", "URL": "http://i.imgur.com/W1E5UaK.jpg", "fileid": "g1103_d302fi5.jpg"}, {"id": "g1103_d2zxnwa", "comment": "\ud83d\udc4f\ud83d\udc4f\ud83d\udc4f and [...perhaps](http://i.imgur.com/SMdL3bV.gif)", "date": "2016-05-10 10:23:13", "seriesname": "g1103_d2zxnwa", "file": "/media/jbrogan4/scratch2/Reddit_Prov_Dataset_v6/_Man_holding_confused_dog/g1103_d2zxnwa.jpg", "URL": "http://i.imgur.com/SMdL3bV.gif", "fileid": "g1103_d2zxnwa.gif"}, {"id": "g1103_d30efzh", "comment": "[Fetty Wap](http://i.imgur.com/bOhFIXv.jpg)", "date": "2016-05-10 16:25:24", "seriesname": "g1103_d30efzh", "file": "/media/jbrogan4/scratch2/Reddit_Prov_Dataset_v6/_Man_holding_confused_dog/g1103_d30efzh.jpg", "URL": "http://i.imgur.com/bOhFIXv.jpg", "fileid": "g1103_d30efzh.jpg"}, {"id": "g1103_d2zy08g", "comment": "[snoops paranoid dog](http://i.imgur.com/lYl5Y25.jpg)", "date": "2016-05-10 10:31:48", "seriesname": "g1103_d2zy08g", "file": "/media/jbrogan4/scratch2/Reddit_Prov_Dataset_v6/_Man_holding_confused_dog/g1103_d2zy08g.jpg", "URL": "http://i.imgur.com/lYl5Y25.jpg", "fileid": "g1103_d2zy08g.jpg"}, {"id": "g1103_root", "comment": "", "date": "2016-05-10 07:25:44", "seriesname": "g1103_root", "file": "/media/jbrogan4/scratch2/Reddit_Prov_Dataset_v6/_Man_holding_confused_dog/g1103_root.jpg", "URL": "http://i.imgur.com/tEGTL9E.jpg", "fileid": "g1103_root.jpg"}, {"id": "g1103_d302rtt", "comment": "[Am I too late for this one?](http://i.imgur.com/5PZKGQx.jpg)", "date": "2016-05-10 12:19:33", "seriesname": "g1103_d302rtt", "file": "/media/jbrogan4/scratch2/Reddit_Prov_Dataset_v6/_Man_holding_confused_dog/g1103_d302rtt.jpg", "URL": "http://i.imgur.com/5PZKGQx.jpg", "fileid": "g1103_d302rtt.jpg"}, {"id": "g1103_d300o03", "comment": "[or beat me to it](http://i.imgur.com/8uRPxrE.jpg)", "date": "2016-05-10 11:33:28", "seriesname": "g1103_d300o03", "file": "/media/jbrogan4/scratch2/Reddit_Prov_Dataset_v6/_Man_holding_confused_dog/g1103_d300o03.jpg", "URL": "http://i.imgur.com/8uRPxrE.jpg", "fileid": "g1103_d300o03.jpg"}, {"id": "g1103_d2zwgk5", "comment": "[Confused Ben Sadleck](http://i.imgur.com/M5bdKwI.jpg)", "date": "2016-05-10 09:51:37", "seriesname": "g1103_d2zwgk5", "file": "/media/jbrogan4/scratch2/Reddit_Prov_Dataset_v6/_Man_holding_confused_dog/g1103_d2zwgk5.jpg", "URL": "http://i.imgur.com/M5bdKwI.jpg", "fileid": "g1103_d2zwgk5.jpg"}], "graph": {"name": "g1103_root"}, "directed": true}