{"links": [{"op": "none", "target": 0, "source": 14}, {"op": "none", "target": 1, "source": 14}, {"op": "none", "target": 2, "source": 14}, {"op": "none", "target": 3, "source": 14}, {"op": "none", "target": 4, "source": 14}, {"op": "none", "target": 5, "source": 14}, {"op": "none", "target": 6, "source": 14}, {"op": "none", "target": 7, "source": 14}, {"op": "none", "target": 8, "source": 14}, {"op": "none", "target": 9, "source": 14}, {"op": "none", "target": 10, "source": 14}, {"op": "none", "target": 11, "source": 14}, {"op": "none", "target": 12, "source": 14}, {"op": "none", "target": 13, "source": 14}, {"op": "none", "target": 15, "source": 14}, {"op": "none", "target": 16, "source": 14}, {"op": "none", "target": 17, "source": 14}, {"op": "none", "target": 18, "source": 14}, {"op": "none", "target": 19, "source": 14}, {"op": "none", "target": 20, "source": 14}, {"op": "none", "target": 21, "source": 45}, {"op": "none", "target": 22, "source": 14}, {"op": "none", "target": 23, "source": 14}, {"op": "none", "target": 24, "source": 14}, {"op": "none", "target": 25, "source": 14}, {"op": "none", "target": 26, "source": 14}, {"op": "none", "target": 27, "source": 14}, {"op": "none", "target": 28, "source": 14}, {"op": "none", "target": 29, "source": 24}, {"op": "none", "target": 30, "source": 14}, {"op": "none", "target": 31, "source": 14}, {"op": "none", "target": 32, "source": 14}, {"op": "none", "target": 33, "source": 14}, {"op": "none", "target": 34, "source": 14}, {"op": "none", "target": 35, "source": 14}, {"op": "none", "target": 36, "source": 14}, {"op": "none", "target": 37, "source": 14}, {"op": "none", "target": 38, "source": 14}, {"op": "none", "target": 39, "source": 14}, {"op": "none", "target": 40, "source": 14}, {"op": "none", "target": 41, "source": 14}, {"op": "none", "target": 42, "source": 32}, {"op": "none", "target": 43, "source": 14}, {"op": "none", "target": 44, "source": 40}, {"op": "none", "target": 45, "source": 8}, {"op": "none", "target": 46, "source": 14}, {"op": "none", "target": 47, "source": 14}, {"op": "none", "target": 48, "source": 14}, {"op": "none", "target": 49, "source": 14}, {"op": "none", "target": 50, "source": 14}, {"op": "none", "target": 51, "source": 14}, {"op": "none", "target": 52, "source": 14}, {"op": "none", "target": 53, "source": 14}], "title": "_These_piles_of_spice_at_a_market_in_Marrakesh", "nodes": [{"id": "g1117_cxcqblk", "comment": "[What happens when the spices get old](http://imgur.com/lOOJ2G0)", "date": "2015-11-25 11:53:44", "seriesname": "g1117_cxcqblk", "file": "/media/jbrogan4/scratch2/Reddit_Prov_Dataset_v6/_These_piles_of_spice_at_a_market_in_Marrakesh/g1117_cxcqblk.png", "URL": "http://i.imgur.com/lOOJ2G0.png", "fileid": "g1117_cxcqblk.png"}, {"id": "g1117_cxcrgwy", "comment": "[Nom nom nom](http://i.imgur.com/LXGJBKK.png)", "date": "2015-11-25 12:22:40", "seriesname": "g1117_cxcrgwy", "file": "/media/jbrogan4/scratch2/Reddit_Prov_Dataset_v6/_These_piles_of_spice_at_a_market_in_Marrakesh/g1117_cxcrgwy.png", "URL": "http://i.imgur.com/LXGJBKK.png", "fileid": "g1117_cxcrgwy.png"}, {"id": "g1117_cxcul61", "comment": "[Dank memes](http://imgur.com/VMyDFzT)", "date": "2015-11-25 13:39:11", "seriesname": "g1117_cxcul61", "file": "/media/jbrogan4/scratch2/Reddit_Prov_Dataset_v6/_These_piles_of_spice_at_a_market_in_Marrakesh/g1117_cxcul61.png", "URL": "http://i.imgur.com/VMyDFzT.png", "fileid": "g1117_cxcul61.png"}, {"id": "g1117_cxcql17", "comment": "Leave the Paprika!\n\nhttp://imgur.com/pQqacKE", "date": "2015-11-25 12:00:20", "seriesname": "g1117_cxcql17", "file": "/media/jbrogan4/scratch2/Reddit_Prov_Dataset_v6/_These_piles_of_spice_at_a_market_in_Marrakesh/g1117_cxcql17.png", "URL": "http://i.imgur.com/pQqacKE.png", "fileid": "g1117_cxcql17.png"}, {"id": "g1117_cxd5i94", "comment": "[The spice must flow ...](http://i.imgur.com/vhmP3CQ.jpg)", "date": "2015-11-25 18:32:37", "seriesname": "g1117_cxd5i94", "file": "/media/jbrogan4/scratch2/Reddit_Prov_Dataset_v6/_These_piles_of_spice_at_a_market_in_Marrakesh/g1117_cxd5i94.jpg", "URL": "http://i.imgur.com/vhmP3CQ.jpg", "fileid": "g1117_cxd5i94.jpg"}, {"id": "g1117_cxcp9z2", "comment": "[NARFTLE THE GARTHOK!](http://imgur.com/QsOZPCx)", "date": "2015-11-25 11:27:43", "seriesname": "g1117_cxcp9z2", "file": "/media/jbrogan4/scratch2/Reddit_Prov_Dataset_v6/_These_piles_of_spice_at_a_market_in_Marrakesh/g1117_cxcp9z2.png", "URL": "http://i.imgur.com/QsOZPCx.png", "fileid": "g1117_cxcp9z2.png"}, {"id": "g1117_cxcqz96", "comment": "Circle of Life http://i.imgur.com/hbWZACm.jpg", "date": "2015-11-25 12:10:27", "seriesname": "g1117_cxcqz96", "file": "/media/jbrogan4/scratch2/Reddit_Prov_Dataset_v6/_These_piles_of_spice_at_a_market_in_Marrakesh/g1117_cxcqz96.jpg", "URL": "http://i.imgur.com/hbWZACm.jpg", "fileid": "g1117_cxcqz96.jpg"}, {"id": "g1117_cxcu1r3", "comment": "[Watch out dude!](http://i.imgur.com/B7pB21z.jpg)", "date": "2015-11-25 13:25:56", "seriesname": "g1117_cxcu1r3", "file": "/media/jbrogan4/scratch2/Reddit_Prov_Dataset_v6/_These_piles_of_spice_at_a_market_in_Marrakesh/g1117_cxcu1r3.jpg", "URL": "http://i.imgur.com/B7pB21z.jpg", "fileid": "g1117_cxcu1r3.jpg"}, {"id": "g1117_cxcpbkm", "comment": "[You forgot the essence of the game...  The Cones!](http://i.imgur.com/sGrkaEk.jpg)", "date": "2015-11-25 11:28:50", "seriesname": "g1117_cxcpbkm", "file": "/media/jbrogan4/scratch2/Reddit_Prov_Dataset_v6/_These_piles_of_spice_at_a_market_in_Marrakesh/g1117_cxcpbkm.jpg", "URL": "http://i.imgur.com/sGrkaEk.jpg", "fileid": "g1117_cxcpbkm.jpg"}, {"id": "g1117_cxcrh43", "comment": "The [spice](http://imgur.com/SudFXsD) must flow", "date": "2015-11-25 12:22:47", "seriesname": "g1117_cxcrh43", "file": "/media/jbrogan4/scratch2/Reddit_Prov_Dataset_v6/_These_piles_of_spice_at_a_market_in_Marrakesh/g1117_cxcrh43.png", "URL": "http://i.imgur.com/SudFXsD.png", "fileid": "g1117_cxcrh43.png"}, {"id": "g1117_cxcqkk1", "comment": "[Spicy Gnome](http://i.imgur.com/5CnEIT6.jpg)\n\nBONUS: [Presidential Candidate Vermin Supreme](http://i.imgur.com/3n6OVNE.jpg)", "date": "2015-11-25 12:00:00", "seriesname": "g1117_cxcqkk1", "file": "/media/jbrogan4/scratch2/Reddit_Prov_Dataset_v6/_These_piles_of_spice_at_a_market_in_Marrakesh/g1117_cxcqkk1.jpg", "URL": "http://i.imgur.com/3n6OVNE.jpg", "fileid": "g1117_cxcqkk1.jpg"}, {"id": "g1117_cxcomlb", "comment": "[Spices of Giza](http://i.imgur.com/grUQTk4.png)", "date": "2015-11-25 11:11:25", "seriesname": "g1117_cxcomlb", "file": "/media/jbrogan4/scratch2/Reddit_Prov_Dataset_v6/_These_piles_of_spice_at_a_market_in_Marrakesh/g1117_cxcomlb.png", "URL": "http://i.imgur.com/grUQTk4.png", "fileid": "g1117_cxcomlb.png"}, {"id": "g1117_cxd1oof", "comment": "[Spice](http://i.imgur.com/2vBnVKl.jpg)", "date": "2015-11-25 16:41:46", "seriesname": "g1117_cxd1oof", "file": "/media/jbrogan4/scratch2/Reddit_Prov_Dataset_v6/_These_piles_of_spice_at_a_market_in_Marrakesh/g1117_cxd1oof.jpg", "URL": "http://i.imgur.com/2vBnVKl.jpg", "fileid": "g1117_cxd1oof.jpg"}, {"id": "g1117_cxcpvpe", "comment": "[So much spice!](http://i.imgur.com/v4GGcqa.jpg)", "date": "2015-11-25 11:42:45", "seriesname": "g1117_cxcpvpe", "file": "/media/jbrogan4/scratch2/Reddit_Prov_Dataset_v6/_These_piles_of_spice_at_a_market_in_Marrakesh/g1117_cxcpvpe.jpg", "URL": "http://i.imgur.com/v4GGcqa.jpg", "fileid": "g1117_cxcpvpe.jpg"}, {"id": "g1117_root", "comment": "", "date": "2015-11-25 09:52:07", "seriesname": "g1117_root", "file": "/media/jbrogan4/scratch2/Reddit_Prov_Dataset_v6/_These_piles_of_spice_at_a_market_in_Marrakesh/g1117_root.jpg", "URL": "https://i.imgur.com/9QawVw1.jpg", "fileid": "g1117_root.jpg"}, {"id": "g1117_cxcz1ql", "comment": "[The Spices are dank now](http://i.imgur.com/Xv98xcT.jpg)", "date": "2015-11-25 15:32:17", "seriesname": "g1117_cxcz1ql", "file": "/media/jbrogan4/scratch2/Reddit_Prov_Dataset_v6/_These_piles_of_spice_at_a_market_in_Marrakesh/g1117_cxcz1ql.jpg", "URL": "http://i.imgur.com/Xv98xcT.jpg", "fileid": "g1117_cxcz1ql.jpg"}, {"id": "g1117_cxctpte", "comment": "http://imgur.com/zLkpHJ0", "date": "2015-11-25 13:17:53", "seriesname": "g1117_cxctpte", "file": "/media/jbrogan4/scratch2/Reddit_Prov_Dataset_v6/_These_piles_of_spice_at_a_market_in_Marrakesh/g1117_cxctpte.png", "URL": "http://i.imgur.com/zLkpHJ0.png", "fileid": "g1117_cxctpte.png"}, {"id": "g1117_cxcvhur", "comment": "[They were cones!!!](http://i.imgur.com/sVqappj.jpg)", "date": "2015-11-25 14:01:31", "seriesname": "g1117_cxcvhur", "file": "/media/jbrogan4/scratch2/Reddit_Prov_Dataset_v6/_These_piles_of_spice_at_a_market_in_Marrakesh/g1117_cxcvhur.jpg", "URL": "http://i.imgur.com/sVqappj.jpg", "fileid": "g1117_cxcvhur.jpg"}, {"id": "g1117_cxcw8u8", "comment": "http://i.imgur.com/eazeN3D.jpg\n\nStarted this earlier but ran out of time, so here's a more finished version .", "date": "2015-11-25 14:20:21", "seriesname": "g1117_cxcw8u8", "file": "/media/jbrogan4/scratch2/Reddit_Prov_Dataset_v6/_These_piles_of_spice_at_a_market_in_Marrakesh/g1117_cxcw8u8.jpg", "URL": "http://i.imgur.com/eazeN3D.jpg", "fileid": "g1117_cxcw8u8.jpg"}, {"id": "g1117_cxcw2qd", "comment": "Dune http://i.imgur.com/Wuaaq7J.jpg", "date": "2015-11-25 14:16:05", "seriesname": "g1117_cxcw2qd", "file": "/media/jbrogan4/scratch2/Reddit_Prov_Dataset_v6/_These_piles_of_spice_at_a_market_in_Marrakesh/g1117_cxcw2qd.jpg", "URL": "http://i.imgur.com/Wuaaq7J.jpg", "fileid": "g1117_cxcw2qd.jpg"}, {"id": "g1117_cxczwlr", "comment": "Our favorite kind of spice is gunpowder!\nhttp://imgur.com/TwYQ1cj", "date": "2015-11-25 15:54:51", "seriesname": "g1117_cxczwlr", "file": "/media/jbrogan4/scratch2/Reddit_Prov_Dataset_v6/_These_piles_of_spice_at_a_market_in_Marrakesh/g1117_cxczwlr.png", "URL": "http://i.imgur.com/TwYQ1cj.png", "fileid": "g1117_cxczwlr.png"}, {"id": "g1117_cxcta7d", "comment": "me too...\n\nhttp://imgur.com/xFzQWFP", "date": "2015-11-25 13:07:06", "seriesname": "g1117_cxcta7d", "file": "/media/jbrogan4/scratch2/Reddit_Prov_Dataset_v6/_These_piles_of_spice_at_a_market_in_Marrakesh/g1117_cxcta7d.png", "URL": "http://i.imgur.com/xFzQWFP.png", "fileid": "g1117_cxcta7d.png"}, {"id": "g1117_cxcsshi", "comment": "[Don't forget your hat!](http://i.imgur.com/I219ytD.png)", "date": "2015-11-25 12:54:56", "seriesname": "g1117_cxcsshi", "file": "/media/jbrogan4/scratch2/Reddit_Prov_Dataset_v6/_These_piles_of_spice_at_a_market_in_Marrakesh/g1117_cxcsshi.png", "URL": "http://i.imgur.com/I219ytD.png", "fileid": "g1117_cxcsshi.png"}, {"id": "g1117_cxcqif7", "comment": "[Madonna](http://i.imgur.com/t3klVh3.png)", "date": "2015-11-25 11:58:31", "seriesname": "g1117_cxcqif7", "file": "/media/jbrogan4/scratch2/Reddit_Prov_Dataset_v6/_These_piles_of_spice_at_a_market_in_Marrakesh/g1117_cxcqif7.png", "URL": "http://i.imgur.com/t3klVh3.png", "fileid": "g1117_cxcqif7.png"}, {"id": "g1117_cxcn59b", "comment": "can't think of a title\n\nhttp://imgur.com/gallery/XIfNmBc", "date": "2015-11-25 10:32:36", "seriesname": "g1117_cxcn59b", "file": "/media/jbrogan4/scratch2/Reddit_Prov_Dataset_v6/_These_piles_of_spice_at_a_market_in_Marrakesh/g1117_cxcn59b.png", "URL": "http://i.imgur.com/XIfNmBc.png", "fileid": "g1117_cxcn59b.png"}, {"id": "g1117_cxcoz6r", "comment": "Colorful: http://i.imgur.com/fdtfWh8.jpg", "date": "2015-11-25 11:20:16", "seriesname": "g1117_cxcoz6r", "file": "/media/jbrogan4/scratch2/Reddit_Prov_Dataset_v6/_These_piles_of_spice_at_a_market_in_Marrakesh/g1117_cxcoz6r.jpg", "URL": "http://i.imgur.com/fdtfWh8.jpg", "fileid": "g1117_cxcoz6r.jpg"}, {"id": "g1117_cxcvj0r", "comment": "[Kanye West - Tan, Yellow and Red Skinhead](http://i.imgur.com/Tsp7VcQ.jpg)", "date": "2015-11-25 14:02:20", "seriesname": "g1117_cxcvj0r", "file": "/media/jbrogan4/scratch2/Reddit_Prov_Dataset_v6/_These_piles_of_spice_at_a_market_in_Marrakesh/g1117_cxcvj0r.jpg", "URL": "http://i.imgur.com/Tsp7VcQ.jpg", "fileid": "g1117_cxcvj0r.jpg"}, {"id": "g1117_cxct0n5", "comment": "[Maybe someone wants to continue?](http://i.imgur.com/rxy4T8U.jpg)", "date": "2015-11-25 13:00:31", "seriesname": "g1117_cxct0n5", "file": "/media/jbrogan4/scratch2/Reddit_Prov_Dataset_v6/_These_piles_of_spice_at_a_market_in_Marrakesh/g1117_cxct0n5.jpg", "URL": "http://i.imgur.com/rxy4T8U.jpg", "fileid": "g1117_cxct0n5.jpg"}, {"id": "g1117_cxcrsq2", "comment": "[The store owner is gonna get pissed](http://i.imgur.com/OnLdUfA.png)", "date": "2015-11-25 12:30:40", "seriesname": "g1117_cxcrsq2", "file": "/media/jbrogan4/scratch2/Reddit_Prov_Dataset_v6/_These_piles_of_spice_at_a_market_in_Marrakesh/g1117_cxcrsq2.png", "URL": "http://i.imgur.com/OnLdUfA.png", "fileid": "g1117_cxcrsq2.png"}, {"id": "g1117_cxcr1ja", "comment": "[beat me to it :(](http://i.imgur.com/ElvVUgD.png)", "date": "2015-11-25 12:12:06", "seriesname": "g1117_cxcr1ja", "file": "/media/jbrogan4/scratch2/Reddit_Prov_Dataset_v6/_These_piles_of_spice_at_a_market_in_Marrakesh/g1117_cxcr1ja.png", "URL": "http://i.imgur.com/ElvVUgD.png", "fileid": "g1117_cxcr1ja.png"}, {"id": "g1117_cxcu8f8", "comment": "[I'm supposed to be cleaning for Thanksgiving right now](http://imgur.com/RqsXbsm)", "date": "2015-11-25 13:30:28", "seriesname": "g1117_cxcu8f8", "file": "/media/jbrogan4/scratch2/Reddit_Prov_Dataset_v6/_These_piles_of_spice_at_a_market_in_Marrakesh/g1117_cxcu8f8.png", "URL": "http://i.imgur.com/RqsXbsm.png", "fileid": "g1117_cxcu8f8.png"}, {"id": "g1117_cxcvhtg", "comment": "Different kind of fresh powder\n\nhttp://imgur.com/6pP0cjF\n", "date": "2015-11-25 14:01:30", "seriesname": "g1117_cxcvhtg", "file": "/media/jbrogan4/scratch2/Reddit_Prov_Dataset_v6/_These_piles_of_spice_at_a_market_in_Marrakesh/g1117_cxcvhtg.png", "URL": "http://i.imgur.com/6pP0cjF.png", "fileid": "g1117_cxcvhtg.png"}, {"id": "g1117_cxcqhxg", "comment": "[Gesundheit!](http://i.imgur.com/9WNThtq.jpg)", "date": "2015-11-25 11:58:11", "seriesname": "g1117_cxcqhxg", "file": "/media/jbrogan4/scratch2/Reddit_Prov_Dataset_v6/_These_piles_of_spice_at_a_market_in_Marrakesh/g1117_cxcqhxg.jpg", "URL": "http://i.imgur.com/9WNThtq.jpg", "fileid": "g1117_cxcqhxg.jpg"}, {"id": "g1117_cxd6so9", "comment": "[dark spice of the moon](http://imgur.com/HJuLjtZ)\n\n[edit](http://imgur.com/plCDYY2)", "date": "2015-11-25 19:13:25", "seriesname": "g1117_cxd6so9", "file": "/media/jbrogan4/scratch2/Reddit_Prov_Dataset_v6/_These_piles_of_spice_at_a_market_in_Marrakesh/g1117_cxd6so9.png", "URL": "http://i.imgur.com/plCDYY2.png", "fileid": "g1117_cxd6so9.png"}, {"id": "g1117_cxcxiq3", "comment": "Now you're just somebody that I used to know .... http://i.imgur.com/em6RkID.png\n\nA bit late to the party, but couldn't let a post about my favorite city in my own country go without contributing", "date": "2015-11-25 14:52:39", "seriesname": "g1117_cxcxiq3", "file": "/media/jbrogan4/scratch2/Reddit_Prov_Dataset_v6/_These_piles_of_spice_at_a_market_in_Marrakesh/g1117_cxcxiq3.png", "URL": "http://i.imgur.com/em6RkID.png", "fileid": "g1117_cxcxiq3.png"}, {"id": "g1117_cxcw8hs", "comment": "[Oooh, so that's how spices are grown](http://i.imgur.com/E88SuQT.jpg) NSFW maybe?", "date": "2015-11-25 14:20:07", "seriesname": "g1117_cxcw8hs", "file": "/media/jbrogan4/scratch2/Reddit_Prov_Dataset_v6/_These_piles_of_spice_at_a_market_in_Marrakesh/g1117_cxcw8hs.jpg", "URL": "http://i.imgur.com/E88SuQT.jpg", "fileid": "g1117_cxcw8hs.jpg"}, {"id": "g1117_cxcs9gy", "comment": "[The Cones of Dunshire](http://imgur.com/xFzQWFP)\n\nEdit: very minorly improved", "date": "2015-11-25 12:42:06", "seriesname": "g1117_cxcs9gy", "file": "/media/jbrogan4/scratch2/Reddit_Prov_Dataset_v6/_These_piles_of_spice_at_a_market_in_Marrakesh/g1117_cxcs9gy.png", "URL": "http://i.imgur.com/xFzQWFP.png", "fileid": "g1117_cxcs9gy.png"}, {"id": "g1117_cxcylsg", "comment": "[Tell me what you want...](http://imgur.com/OVl6ezx)", "date": "2015-11-25 15:20:38", "seriesname": "g1117_cxcylsg", "file": "/media/jbrogan4/scratch2/Reddit_Prov_Dataset_v6/_These_piles_of_spice_at_a_market_in_Marrakesh/g1117_cxcylsg.png", "URL": "http://i.imgur.com/OVl6ezx.png", "fileid": "g1117_cxcylsg.png"}, {"id": "g1117_cxcxnxl", "comment": "The Spice of Dunshire  http://i.imgur.com/fKunDDU.jpg", "date": "2015-11-25 14:56:17", "seriesname": "g1117_cxcxnxl", "file": "/media/jbrogan4/scratch2/Reddit_Prov_Dataset_v6/_These_piles_of_spice_at_a_market_in_Marrakesh/g1117_cxcxnxl.jpg", "URL": "http://i.imgur.com/fKunDDU.jpg", "fileid": "g1117_cxcxnxl.jpg"}, {"id": "g1117_cxcpxn9", "comment": "I know someone else already beat me to it. But screw it. Submitting it anyway.\n\nhttp://i.imgur.com/zwdYzKm.png", "date": "2015-11-25 11:44:10", "seriesname": "g1117_cxcpxn9", "file": "/media/jbrogan4/scratch2/Reddit_Prov_Dataset_v6/_These_piles_of_spice_at_a_market_in_Marrakesh/g1117_cxcpxn9.png", "URL": "http://i.imgur.com/zwdYzKm.png", "fileid": "g1117_cxcpxn9.png"}, {"id": "g1117_cxcqbgb", "comment": "http://i.imgur.com/rJgfDge.png", "date": "2015-11-25 11:53:38", "seriesname": "g1117_cxcqbgb", "file": "/media/jbrogan4/scratch2/Reddit_Prov_Dataset_v6/_These_piles_of_spice_at_a_market_in_Marrakesh/g1117_cxcqbgb.png", "URL": "http://i.imgur.com/rJgfDge.png", "fileid": "g1117_cxcqbgb.png"}, {"id": "g1117_cxcqqe4", "comment": "[Spiceface](http://imgur.com/Y0YU5Bd)", "date": "2015-11-25 12:04:06", "seriesname": "g1117_cxcqqe4", "file": "/media/jbrogan4/scratch2/Reddit_Prov_Dataset_v6/_These_piles_of_spice_at_a_market_in_Marrakesh/g1117_cxcqqe4.png", "URL": "http://i.imgur.com/Y0YU5Bd.png", "fileid": "g1117_cxcqqe4.png"}, {"id": "g1117_cxcv7pq", "comment": "Damn!  I had the same idea, just an hour late and a dollar sho...eh screw it...[here it is](http://i.imgur.com/zFirJmq.jpg).   Same guy too!", "date": "2015-11-25 13:54:30", "seriesname": "g1117_cxcv7pq", "file": "/media/jbrogan4/scratch2/Reddit_Prov_Dataset_v6/_These_piles_of_spice_at_a_market_in_Marrakesh/g1117_cxcv7pq.jpg", "URL": "http://i.imgur.com/zFirJmq.jpg).", "fileid": "g1117_cxcv7pq."}, {"id": "g1117_cxcqgrq", "comment": "[The spice must flow!](http://imgur.com/gallery/CiHum9W)", "date": "2015-11-25 11:57:23", "seriesname": "g1117_cxcqgrq", "file": "/media/jbrogan4/scratch2/Reddit_Prov_Dataset_v6/_These_piles_of_spice_at_a_market_in_Marrakesh/g1117_cxcqgrq.png", "URL": "http://i.imgur.com/CiHum9W.png", "fileid": "g1117_cxcqgrq.png"}, {"id": "g1117_cxcvhxk", "comment": "http://i.imgur.com/zrrTfRm.png", "date": "2015-11-25 14:01:35", "seriesname": "g1117_cxcvhxk", "file": "/media/jbrogan4/scratch2/Reddit_Prov_Dataset_v6/_These_piles_of_spice_at_a_market_in_Marrakesh/g1117_cxcvhxk.png", "URL": "http://i.imgur.com/zrrTfRm.png", "fileid": "g1117_cxcvhxk.png"}, {"id": "g1117_cxcphf2", "comment": "[Beat me by 4 minutes!](http://i.imgur.com/98N2nYX.jpg)", "date": "2015-11-25 11:32:51", "seriesname": "g1117_cxcphf2", "file": "/media/jbrogan4/scratch2/Reddit_Prov_Dataset_v6/_These_piles_of_spice_at_a_market_in_Marrakesh/g1117_cxcphf2.jpg", "URL": "http://i.imgur.com/98N2nYX.jpg", "fileid": "g1117_cxcphf2.jpg"}, {"id": "g1117_cxcuql5", "comment": "[Alright Ainsley, that's enough.](http://i.imgur.com/kufiwfP.png)", "date": "2015-11-25 13:42:56", "seriesname": "g1117_cxcuql5", "file": "/media/jbrogan4/scratch2/Reddit_Prov_Dataset_v6/_These_piles_of_spice_at_a_market_in_Marrakesh/g1117_cxcuql5.png", "URL": "http://i.imgur.com/kufiwfP.png", "fileid": "g1117_cxcuql5.png"}, {"id": "g1117_cxcy9lj", "comment": "[Heisenberg!](http://i.imgur.com/GD4dHjN.jpg)", "date": "2015-11-25 15:11:47", "seriesname": "g1117_cxcy9lj", "file": "/media/jbrogan4/scratch2/Reddit_Prov_Dataset_v6/_These_piles_of_spice_at_a_market_in_Marrakesh/g1117_cxcy9lj.jpg", "URL": "http://i.imgur.com/GD4dHjN.jpg", "fileid": "g1117_cxcy9lj.jpg"}, {"id": "g1117_cxdjipm", "comment": "[stupid sexy flanders] (http://imgur.com/njkzMyT.jpg)", "date": "2015-11-26 03:07:59", "seriesname": "g1117_cxdjipm", "file": "/media/jbrogan4/scratch2/Reddit_Prov_Dataset_v6/_These_piles_of_spice_at_a_market_in_Marrakesh/g1117_cxdjipm.jpg", "URL": "http://imgur.com/njkzMyT.jpg", "fileid": "g1117_cxdjipm.jpg"}, {"id": "g1117_cxd7pds", "comment": "[Under here Scoobs!](http://i.imgur.com/ZpmUkTr.jpg)", "date": "2015-11-25 19:42:14", "seriesname": "g1117_cxd7pds", "file": "/media/jbrogan4/scratch2/Reddit_Prov_Dataset_v6/_These_piles_of_spice_at_a_market_in_Marrakesh/g1117_cxd7pds.jpg", "URL": "http://i.imgur.com/ZpmUkTr.jpg", "fileid": "g1117_cxd7pds.jpg"}, {"id": "g1117_cxdjieu", "comment": "http://i.imgur.com/zdebWbl.jpg", "date": "2015-11-26 03:07:33", "seriesname": "g1117_cxdjieu", "file": "/media/jbrogan4/scratch2/Reddit_Prov_Dataset_v6/_These_piles_of_spice_at_a_market_in_Marrakesh/g1117_cxdjieu.jpg", "URL": "http://i.imgur.com/zdebWbl.jpg", "fileid": "g1117_cxdjieu.jpg"}, {"id": "g1117_cxcuxfv", "comment": "http://i.imgur.com/v1o2DTy.jpg", "date": "2015-11-25 13:47:32", "seriesname": "g1117_cxcuxfv", "file": "/media/jbrogan4/scratch2/Reddit_Prov_Dataset_v6/_These_piles_of_spice_at_a_market_in_Marrakesh/g1117_cxcuxfv.jpg", "URL": "http://i.imgur.com/v1o2DTy.jpg", "fileid": "g1117_cxcuxfv.jpg"}, {"id": "g1117_cxd2xdb", "comment": "[The horror.](http://i.imgur.com/caIIGBr.png)", "date": "2015-11-25 17:16:02", "seriesname": "g1117_cxd2xdb", "file": "/media/jbrogan4/scratch2/Reddit_Prov_Dataset_v6/_These_piles_of_spice_at_a_market_in_Marrakesh/g1117_cxd2xdb.png", "URL": "http://i.imgur.com/caIIGBr.png", "fileid": "g1117_cxd2xdb.png"}, {"id": "g1117_cxcs2jh", "comment": "[Stillgar, do we have wormsign?](http://i.imgur.com/sg0tdGU.png)", "date": "2015-11-25 12:37:22", "seriesname": "g1117_cxcs2jh", "file": "/media/jbrogan4/scratch2/Reddit_Prov_Dataset_v6/_These_piles_of_spice_at_a_market_in_Marrakesh/g1117_cxcs2jh.png", "URL": "http://i.imgur.com/sg0tdGU.png", "fileid": "g1117_cxcs2jh.png"}], "graph": {"name": "g1117_root"}, "directed": true}