{"links": [{"op": "none", "target": 0, "source": 50}, {"op": "none", "target": 1, "source": 55}, {"op": "none", "target": 2, "source": 55}, {"op": "none", "target": 3, "source": 55}, {"op": "none", "target": 4, "source": 55}, {"op": "none", "target": 5, "source": 56}, {"op": "none", "target": 6, "source": 55}, {"op": "none", "target": 7, "source": 55}, {"op": "none", "target": 8, "source": 55}, {"op": "none", "target": 9, "source": 55}, {"op": "none", "target": 10, "source": 55}, {"op": "none", "target": 11, "source": 55}, {"op": "none", "target": 12, "source": 37}, {"op": "none", "target": 13, "source": 55}, {"op": "none", "target": 14, "source": 55}, {"op": "none", "target": 15, "source": 55}, {"op": "none", "target": 16, "source": 55}, {"op": "none", "target": 17, "source": 55}, {"op": "none", "target": 18, "source": 55}, {"op": "none", "target": 19, "source": 55}, {"op": "none", "target": 20, "source": 55}, {"op": "none", "target": 21, "source": 55}, {"op": "none", "target": 22, "source": 55}, {"op": "none", "target": 23, "source": 16}, {"op": "none", "target": 24, "source": 55}, {"op": "none", "target": 25, "source": 51}, {"op": "none", "target": 26, "source": 50}, {"op": "none", "target": 27, "source": 55}, {"op": "none", "target": 28, "source": 55}, {"op": "none", "target": 29, "source": 55}, {"op": "none", "target": 30, "source": 55}, {"op": "none", "target": 31, "source": 55}, {"op": "none", "target": 32, "source": 55}, {"op": "none", "target": 33, "source": 5}, {"op": "none", "target": 34, "source": 55}, {"op": "none", "target": 35, "source": 55}, {"op": "none", "target": 36, "source": 55}, {"op": "none", "target": 37, "source": 55}, {"op": "none", "target": 38, "source": 55}, {"op": "none", "target": 39, "source": 55}, {"op": "none", "target": 40, "source": 55}, {"op": "none", "target": 41, "source": 55}, {"op": "none", "target": 42, "source": 55}, {"op": "none", "target": 43, "source": 55}, {"op": "none", "target": 44, "source": 55}, {"op": "none", "target": 45, "source": 36}, {"op": "none", "target": 46, "source": 55}, {"op": "none", "target": 47, "source": 55}, {"op": "none", "target": 48, "source": 55}, {"op": "none", "target": 49, "source": 55}, {"op": "none", "target": 50, "source": 55}, {"op": "none", "target": 51, "source": 55}, {"op": "none", "target": 52, "source": 55}, {"op": "none", "target": 53, "source": 55}, {"op": "none", "target": 54, "source": 55}, {"op": "none", "target": 56, "source": 55}], "title": "_Weightlifter_jumping_up_after_a_successful_lift", "nodes": [{"id": "g1125_cu1kzmj", "comment": "Because I'm old, [this](http://static.rogerebert.com/uploads/movie/movie_poster/tron-1982/large_cTF8lpXvAwT1SLH9kVFZZl0AO0D.jpg) was what I thought of instead.", "date": "2015-08-13 10:17:11", "seriesname": "g1125_cu1kzmj", "file": "/media/jbrogan4/scratch2/Reddit_Prov_Dataset_v6/_Weightlifter_jumping_up_after_a_successful_lift/g1125_cu1kzmj.jpg", "URL": "http://static.rogerebert.com/uploads/movie/movie_poster/tron-1982/large_cTF8lpXvAwT1SLH9kVFZZl0AO0D.jpg", "fileid": "g1125_cu1kzmj.jpg"}, {"id": "g1125_cu22ptk", "comment": "http://imgur.com/fUyXboQ just taking a shower", "date": "2015-08-13 17:40:17", "seriesname": "g1125_cu22ptk", "file": "/media/jbrogan4/scratch2/Reddit_Prov_Dataset_v6/_Weightlifter_jumping_up_after_a_successful_lift/g1125_cu22ptk.png", "URL": "http://i.imgur.com/fUyXboQ.png", "fileid": "g1125_cu22ptk.png"}, {"id": "g1125_cu1lsba", "comment": "http://i.imgur.com/45Owp9E.jpg\n\nhttp://i.imgur.com/R7trMvZ.gif", "date": "2015-08-13 10:40:00", "seriesname": "g1125_cu1lsba", "file": "/media/jbrogan4/scratch2/Reddit_Prov_Dataset_v6/_Weightlifter_jumping_up_after_a_successful_lift/g1125_cu1lsba.jpg", "URL": "http://i.imgur.com/R7trMvZ.gif", "fileid": "g1125_cu1lsba.gif"}, {"id": "g1125_cu1jc0p", "comment": "[You're sure you're not a cop, right?](http://i.imgur.com/GzwYp55.jpg)\n\nEDIT:  kinda NSFW", "date": "2015-08-13 09:24:15", "seriesname": "g1125_cu1jc0p", "file": "/media/jbrogan4/scratch2/Reddit_Prov_Dataset_v6/_Weightlifter_jumping_up_after_a_successful_lift/g1125_cu1jc0p.jpg", "URL": "http://i.imgur.com/GzwYp55.jpg", "fileid": "g1125_cu1jc0p.jpg"}, {"id": "g1125_cu25u0p", "comment": "http://i.imgur.com/NofXbZC.jpg", "date": "2015-08-13 19:08:40", "seriesname": "g1125_cu25u0p", "file": "/media/jbrogan4/scratch2/Reddit_Prov_Dataset_v6/_Weightlifter_jumping_up_after_a_successful_lift/g1125_cu25u0p.jpg", "URL": "http://i.imgur.com/NofXbZC.jpg", "fileid": "g1125_cu25u0p.jpg"}, {"id": "g1125_cu1kpyi", "comment": "[Just a little bit of help with the weights](http://i.imgur.com/vOGXIdI.jpg)\n\nEDIT:  Hey thanks for the gold!!", "date": "2015-08-13 10:09:08", "seriesname": "g1125_cu1kpyi", "file": "/media/jbrogan4/scratch2/Reddit_Prov_Dataset_v6/_Weightlifter_jumping_up_after_a_successful_lift/g1125_cu1kpyi.jpg", "URL": "http://i.imgur.com/vOGXIdI.jpg", "fileid": "g1125_cu1kpyi.jpg"}, {"id": "g1125_cu5rlzp", "comment": "http://i.imgur.com/PgB8pjN.jpg\nBlackstoise", "date": "2015-08-17 07:22:40", "seriesname": "g1125_cu5rlzp", "file": "/media/jbrogan4/scratch2/Reddit_Prov_Dataset_v6/_Weightlifter_jumping_up_after_a_successful_lift/g1125_cu5rlzp.jpg", "URL": "http://i.imgur.com/PgB8pjN.jpg", "fileid": "g1125_cu5rlzp.jpg"}, {"id": "g1125_cu2gril", "comment": "[MegaLift Prime] (http://i.imgur.com/gF8Q3yt.jpg)", "date": "2015-08-14 00:45:40", "seriesname": "g1125_cu2gril", "file": "/media/jbrogan4/scratch2/Reddit_Prov_Dataset_v6/_Weightlifter_jumping_up_after_a_successful_lift/g1125_cu2gril.jpg", "URL": "http://i.imgur.com/gF8Q3yt.jpg", "fileid": "g1125_cu2gril.jpg"}, {"id": "g1125_cu2bv0s", "comment": "This has been a PS Battle before, but here's my entry again... [Tyrael Lifts Big](http://i.imgur.com/OlB7dxD.jpg)", "date": "2015-08-13 22:07:02", "seriesname": "g1125_cu2bv0s", "file": "/media/jbrogan4/scratch2/Reddit_Prov_Dataset_v6/_Weightlifter_jumping_up_after_a_successful_lift/g1125_cu2bv0s.jpg", "URL": "http://i.imgur.com/OlB7dxD.jpg", "fileid": "g1125_cu2bv0s.jpg"}, {"id": "g1125_cu2jlxb", "comment": "[Are you sure?](http://i.imgur.com/XLBPkSr.png)", "date": "2015-08-14 02:59:08", "seriesname": "g1125_cu2jlxb", "file": "/media/jbrogan4/scratch2/Reddit_Prov_Dataset_v6/_Weightlifter_jumping_up_after_a_successful_lift/g1125_cu2jlxb.png", "URL": "http://i.imgur.com/XLBPkSr.png", "fileid": "g1125_cu2jlxb.png"}, {"id": "g1125_cu1n7et", "comment": "[Just saiyan](http://imgur.com/9zGiO6X)\nEdit: Missed that this was already done. [Also added some effects.](http://i.imgur.com/3DW0bvh.jpg)", "date": "2015-08-13 11:18:57", "seriesname": "g1125_cu1n7et", "file": "/media/jbrogan4/scratch2/Reddit_Prov_Dataset_v6/_Weightlifter_jumping_up_after_a_successful_lift/g1125_cu1n7et.jpg", "URL": "http://i.imgur.com/3DW0bvh.jpg", "fileid": "g1125_cu1n7et.jpg"}, {"id": "g1125_cu1ihby", "comment": "[Your lack of weights is disturbing](http://imgur.com/kmb4cTB)", "date": "2015-08-13 08:52:39", "seriesname": "g1125_cu1ihby", "file": "/media/jbrogan4/scratch2/Reddit_Prov_Dataset_v6/_Weightlifter_jumping_up_after_a_successful_lift/g1125_cu1ihby.png", "URL": "http://i.imgur.com/kmb4cTB.png", "fileid": "g1125_cu1ihby.png"}, {"id": "g1125_cu1id6f", "comment": "http://i.imgur.com/FDKpVpV.gif\n\nSecond thing I thought of..", "date": "2015-08-13 08:48:01", "seriesname": "g1125_cu1id6f", "file": "/media/jbrogan4/scratch2/Reddit_Prov_Dataset_v6/_Weightlifter_jumping_up_after_a_successful_lift/g1125_cu1id6f.jpg", "URL": "http://i.imgur.com/FDKpVpV.gif", "fileid": "g1125_cu1id6f.gif"}, {"id": "g1125_cu1lfn0", "comment": "[Big Show goes for the slap!](http://i.imgur.com/GQh9UXf.jpg)", "date": "2015-08-13 10:30:01", "seriesname": "g1125_cu1lfn0", "file": "/media/jbrogan4/scratch2/Reddit_Prov_Dataset_v6/_Weightlifter_jumping_up_after_a_successful_lift/g1125_cu1lfn0.jpg", "URL": "http://i.imgur.com/GQh9UXf.jpg", "fileid": "g1125_cu1lfn0.jpg"}, {"id": "g1125_cu20p2h", "comment": "http://imgur.com/NYusAxL ..... Shit Just Got REALLLLLLLLL..... First ever attempt would love some feedback\n\n", "date": "2015-08-13 16:48:31", "seriesname": "g1125_cu20p2h", "file": "/media/jbrogan4/scratch2/Reddit_Prov_Dataset_v6/_Weightlifter_jumping_up_after_a_successful_lift/g1125_cu20p2h.png", "URL": "http://i.imgur.com/NYusAxL.png", "fileid": "g1125_cu20p2h.png"}, {"id": "g1125_cu222c8", "comment": "[HEYYEYAAEYAAAEYAEYAA](http://i.imgur.com/wyvYcOH.jpg)", "date": "2015-08-13 17:23:19", "seriesname": "g1125_cu222c8", "file": "/media/jbrogan4/scratch2/Reddit_Prov_Dataset_v6/_Weightlifter_jumping_up_after_a_successful_lift/g1125_cu222c8.jpg", "URL": "http://i.imgur.com/wyvYcOH.jpg", "fileid": "g1125_cu222c8.jpg"}, {"id": "g1125_cu1k29k", "comment": "[Good night sweet prince.](http://i.imgur.com/CqmPXYo.jpg)", "date": "2015-08-13 09:48:40", "seriesname": "g1125_cu1k29k", "file": "/media/jbrogan4/scratch2/Reddit_Prov_Dataset_v6/_Weightlifter_jumping_up_after_a_successful_lift/g1125_cu1k29k.jpg", "URL": "http://i.imgur.com/CqmPXYo.jpg", "fileid": "g1125_cu1k29k.jpg"}, {"id": "g1125_cu1xoid", "comment": "[He's passed on...](http://i.imgur.com/J79GHme.jpg)", "date": "2015-08-13 15:34:34", "seriesname": "g1125_cu1xoid", "file": "/media/jbrogan4/scratch2/Reddit_Prov_Dataset_v6/_Weightlifter_jumping_up_after_a_successful_lift/g1125_cu1xoid.jpg", "URL": "http://i.imgur.com/J79GHme.jpg", "fileid": "g1125_cu1xoid.jpg"}, {"id": "g1125_cu1qsyi", "comment": "\"Y'all ain't up on this!\": http://i.imgur.com/6lb5CVY.jpg", "date": "2015-08-13 12:49:34", "seriesname": "g1125_cu1qsyi", "file": "/media/jbrogan4/scratch2/Reddit_Prov_Dataset_v6/_Weightlifter_jumping_up_after_a_successful_lift/g1125_cu1qsyi.jpg", "URL": "http://i.imgur.com/6lb5CVY.jpg", "fileid": "g1125_cu1qsyi.jpg"}, {"id": "g1125_cu1m7vo", "comment": "[feels good man](http://i.imgur.com/dd8a5QA.jpg) ", "date": "2015-08-13 10:51:55", "seriesname": "g1125_cu1m7vo", "file": "/media/jbrogan4/scratch2/Reddit_Prov_Dataset_v6/_Weightlifter_jumping_up_after_a_successful_lift/g1125_cu1m7vo.jpg", "URL": "http://i.imgur.com/dd8a5QA.jpg", "fileid": "g1125_cu1m7vo.jpg"}, {"id": "g1125_cul8fk8", "comment": "http://i.imgur.com/ZMKKsYH.jpg?1 Late Entry :/\n\nThanks for gold!", "date": "2015-08-30 19:13:03", "seriesname": "g1125_cul8fk8", "file": "/media/jbrogan4/scratch2/Reddit_Prov_Dataset_v6/_Weightlifter_jumping_up_after_a_successful_lift/g1125_cul8fk8.jpg", "URL": "http://i.imgur.com/ZMKKsYH.jpg?1", "fileid": "g1125_cul8fk8.jpg"}, {"id": "g1125_cy11gy1", "comment": " [Super Saiyan-GYM](http://imgur.com/rWF9igW)", "date": "2015-12-16 10:09:18", "seriesname": "g1125_cy11gy1", "file": "/media/jbrogan4/scratch2/Reddit_Prov_Dataset_v6/_Weightlifter_jumping_up_after_a_successful_lift/g1125_cy11gy1.png", "URL": "http://i.imgur.com/rWF9igW.png", "fileid": "g1125_cy11gy1.png"}, {"id": "g1125_cu1j34u", "comment": "[Ooooh, what a wonderful feeling](http://i.imgur.com/KGAJjNs.jpg)", "date": "2015-08-13 09:15:37", "seriesname": "g1125_cu1j34u", "file": "/media/jbrogan4/scratch2/Reddit_Prov_Dataset_v6/_Weightlifter_jumping_up_after_a_successful_lift/g1125_cu1j34u.jpg", "URL": "http://i.imgur.com/KGAJjNs.jpg", "fileid": "g1125_cu1j34u.jpg"}, {"id": "g1125_cu1kvtz", "comment": "[Sweet dreams indeed, oh boy!](http://i.imgur.com/5hezzHC.gif)", "date": "2015-08-13 10:14:00", "seriesname": "g1125_cu1kvtz", "file": "/media/jbrogan4/scratch2/Reddit_Prov_Dataset_v6/_Weightlifter_jumping_up_after_a_successful_lift/g1125_cu1kvtz.jpg", "URL": "http://i.imgur.com/5hezzHC.gif", "fileid": "g1125_cu1kvtz.gif"}, {"id": "g1125_cu1oo1g", "comment": "[Raptured](http://i.imgur.com/TcFfwch.jpg)\n\nI had to! :D", "date": "2015-08-13 11:56:32", "seriesname": "g1125_cu1oo1g", "file": "/media/jbrogan4/scratch2/Reddit_Prov_Dataset_v6/_Weightlifter_jumping_up_after_a_successful_lift/g1125_cu1oo1g.jpg", "URL": "http://i.imgur.com/TcFfwch.jpg", "fileid": "g1125_cu1oo1g.jpg"}, {"id": "g1125_cu1shct", "comment": "[Shia Le Rock.](http://i.imgur.com/xEltSL7.jpg)", "date": "2015-08-13 13:30:09", "seriesname": "g1125_cu1shct", "file": "/media/jbrogan4/scratch2/Reddit_Prov_Dataset_v6/_Weightlifter_jumping_up_after_a_successful_lift/g1125_cu1shct.jpg", "URL": "http://i.imgur.com/xEltSL7.jpg", "fileid": "g1125_cu1shct.jpg"}, {"id": "g1125_cu1hf62", "comment": "http://i.imgur.com/3vHVQio.gif\n\nFirst thing I thought of..", "date": "2015-08-13 08:06:06", "seriesname": "g1125_cu1hf62", "file": "/media/jbrogan4/scratch2/Reddit_Prov_Dataset_v6/_Weightlifter_jumping_up_after_a_successful_lift/g1125_cu1hf62.jpg", "URL": "http://i.imgur.com/3vHVQio.gif", "fileid": "g1125_cu1hf62.gif"}, {"id": "g1125_cu20j0a", "comment": "[I guess I'll just go META on this post](http://i.imgur.com/VHv1nhl.png)", "date": "2015-08-13 16:44:18", "seriesname": "g1125_cu20j0a", "file": "/media/jbrogan4/scratch2/Reddit_Prov_Dataset_v6/_Weightlifter_jumping_up_after_a_successful_lift/g1125_cu20j0a.png", "URL": "http://i.imgur.com/VHv1nhl.png", "fileid": "g1125_cu20j0a.png"}, {"id": "g1125_cu1ktr6", "comment": "[Too Soon?](http://imgur.com/Bo1R73S)", "date": "2015-08-13 10:12:15", "seriesname": "g1125_cu1ktr6", "file": "/media/jbrogan4/scratch2/Reddit_Prov_Dataset_v6/_Weightlifter_jumping_up_after_a_successful_lift/g1125_cu1ktr6.png", "URL": "http://i.imgur.com/Bo1R73S.png", "fileid": "g1125_cu1ktr6.png"}, {"id": "g1125_cu1i79e", "comment": "[Get busy lifting, or get busy dying](http://imgur.com/m5KJq3o)", "date": "2015-08-13 08:41:15", "seriesname": "g1125_cu1i79e", "file": "/media/jbrogan4/scratch2/Reddit_Prov_Dataset_v6/_Weightlifter_jumping_up_after_a_successful_lift/g1125_cu1i79e.png", "URL": "http://i.imgur.com/m5KJq3o.png", "fileid": "g1125_cu1i79e.png"}, {"id": "g1125_cu1ly3l", "comment": "[\"Go to hell, McBride!\"](http://i.imgur.com/Fc6aKdb.jpg)", "date": "2015-08-13 10:44:25", "seriesname": "g1125_cu1ly3l", "file": "/media/jbrogan4/scratch2/Reddit_Prov_Dataset_v6/_Weightlifter_jumping_up_after_a_successful_lift/g1125_cu1ly3l.jpg", "URL": "http://i.imgur.com/Fc6aKdb.jpg", "fileid": "g1125_cu1ly3l.jpg"}, {"id": "g1125_cu1j01g", "comment": "[**HELLO!!**](http://i.imgur.com/PJTHlIK.png)", "date": "2015-08-13 09:12:32", "seriesname": "g1125_cu1j01g", "file": "/media/jbrogan4/scratch2/Reddit_Prov_Dataset_v6/_Weightlifter_jumping_up_after_a_successful_lift/g1125_cu1j01g.png", "URL": "http://i.imgur.com/PJTHlIK.png", "fileid": "g1125_cu1j01g.png"}, {"id": "g1125_cu1om2n", "comment": "http://i.imgur.com/91Ij7WN.jpg", "date": "2015-08-13 11:55:07", "seriesname": "g1125_cu1om2n", "file": "/media/jbrogan4/scratch2/Reddit_Prov_Dataset_v6/_Weightlifter_jumping_up_after_a_successful_lift/g1125_cu1om2n.jpg", "URL": "http://i.imgur.com/91Ij7WN.jpg", "fileid": "g1125_cu1om2n.jpg"}, {"id": "g1125_cu1p1c5", "comment": "[and then they were all shitty prom dates](http://i.imgur.com/EPrbpkt.jpg)", "date": "2015-08-13 12:05:52", "seriesname": "g1125_cu1p1c5", "file": "/media/jbrogan4/scratch2/Reddit_Prov_Dataset_v6/_Weightlifter_jumping_up_after_a_successful_lift/g1125_cu1p1c5.jpg", "URL": "http://i.imgur.com/EPrbpkt.jpg", "fileid": "g1125_cu1p1c5.jpg"}, {"id": "g1125_cu1zh3m", "comment": "The Little Weightlifter: http://i.imgur.com/DQ6PLdf.jpg ", "date": "2015-08-13 16:18:22", "seriesname": "g1125_cu1zh3m", "file": "/media/jbrogan4/scratch2/Reddit_Prov_Dataset_v6/_Weightlifter_jumping_up_after_a_successful_lift/g1125_cu1zh3m.jpg", "URL": "http://i.imgur.com/DQ6PLdf.jpg", "fileid": "g1125_cu1zh3m.jpg"}, {"id": "g1125_cu2ubpu", "comment": "[](http://imgur.com/oGLXTLX) He's pretty buff, just saiyan...\n(my first entry :D)", "date": "2015-08-14 11:18:49", "seriesname": "g1125_cu2ubpu", "file": "/media/jbrogan4/scratch2/Reddit_Prov_Dataset_v6/_Weightlifter_jumping_up_after_a_successful_lift/g1125_cu2ubpu.png", "URL": "http://i.imgur.com/oGLXTLX.png", "fileid": "g1125_cu2ubpu.png"}, {"id": "g1125_cu1nflv", "comment": "[And so it begins.](https://imgur.com/6t8de3e)", "date": "2015-08-13 11:24:54", "seriesname": "g1125_cu1nflv", "file": "/media/jbrogan4/scratch2/Reddit_Prov_Dataset_v6/_Weightlifter_jumping_up_after_a_successful_lift/g1125_cu1nflv.png", "URL": "http://i.imgur.com/6t8de3e.png", "fileid": "g1125_cu1nflv.png"}, {"id": "g1125_cu1f1r7", "comment": "[Street Musicians](http://i.imgur.com/V2wCG5o.png)", "date": "2015-08-13 05:41:13", "seriesname": "g1125_cu1f1r7", "file": "/media/jbrogan4/scratch2/Reddit_Prov_Dataset_v6/_Weightlifter_jumping_up_after_a_successful_lift/g1125_cu1f1r7.png", "URL": "http://i.imgur.com/V2wCG5o.png", "fileid": "g1125_cu1f1r7.png"}, {"id": "g1125_cu2cji8", "comment": "[WITNESS ME!!!] (http://i.imgur.com/J6XbAXN.jpg)", "date": "2015-08-13 22:26:59", "seriesname": "g1125_cu2cji8", "file": "/media/jbrogan4/scratch2/Reddit_Prov_Dataset_v6/_Weightlifter_jumping_up_after_a_successful_lift/g1125_cu2cji8.jpg", "URL": "http://i.imgur.com/J6XbAXN.jpg", "fileid": "g1125_cu2cji8.jpg"}, {"id": "g1125_cu1qfyz", "comment": "Look! Up in the sky!!\n\nhttp://imgur.com/I1BGm0Z", "date": "2015-08-13 12:40:50", "seriesname": "g1125_cu1qfyz", "file": "/media/jbrogan4/scratch2/Reddit_Prov_Dataset_v6/_Weightlifter_jumping_up_after_a_successful_lift/g1125_cu1qfyz.png", "URL": "http://i.imgur.com/I1BGm0Z.png", "fileid": "g1125_cu1qfyz.png"}, {"id": "g1125_cu1t97w", "comment": "[Its the power!!..THE POWER OF CHRIST COMPELS YOU!!](http://i.imgur.com/giQG63x.jpg)", "date": "2015-08-13 13:48:41", "seriesname": "g1125_cu1t97w", "file": "/media/jbrogan4/scratch2/Reddit_Prov_Dataset_v6/_Weightlifter_jumping_up_after_a_successful_lift/g1125_cu1t97w.jpg", "URL": "http://i.imgur.com/giQG63x.jpg", "fileid": "g1125_cu1t97w.jpg"}, {"id": "g1125_cu1p7ep", "comment": "[Just Did It.](http://imgur.com/IrOsM74)", "date": "2015-08-13 12:10:09", "seriesname": "g1125_cu1p7ep", "file": "/media/jbrogan4/scratch2/Reddit_Prov_Dataset_v6/_Weightlifter_jumping_up_after_a_successful_lift/g1125_cu1p7ep.png", "URL": "http://i.imgur.com/IrOsM74.png", "fileid": "g1125_cu1p7ep.png"}, {"id": "g1125_cu1oljj", "comment": "http://i.imgur.com/JzxoSS4.jpg\n", "date": "2015-08-13 11:54:45", "seriesname": "g1125_cu1oljj", "file": "/media/jbrogan4/scratch2/Reddit_Prov_Dataset_v6/_Weightlifter_jumping_up_after_a_successful_lift/g1125_cu1oljj.jpg", "URL": "http://i.imgur.com/JzxoSS4.jpg", "fileid": "g1125_cu1oljj.jpg"}, {"id": "g1125_cu1iwxh", "comment": "[Fixed. \\[Fixed.\\]](http://i.imgur.com/bPdTBvr.png)", "date": "2015-08-13 09:09:26", "seriesname": "g1125_cu1iwxh", "file": "/media/jbrogan4/scratch2/Reddit_Prov_Dataset_v6/_Weightlifter_jumping_up_after_a_successful_lift/g1125_cu1iwxh.png", "URL": "http://i.imgur.com/bPdTBvr.png", "fileid": "g1125_cu1iwxh.png"}, {"id": "g1125_cu251oe", "comment": "[Now with custom wheels.](http://i.imgur.com/7uBCMJK.jpg)", "date": "2015-08-13 18:44:54", "seriesname": "g1125_cu251oe", "file": "/media/jbrogan4/scratch2/Reddit_Prov_Dataset_v6/_Weightlifter_jumping_up_after_a_successful_lift/g1125_cu251oe.jpg", "URL": "http://i.imgur.com/7uBCMJK.jpg", "fileid": "g1125_cu251oe.jpg"}, {"id": "g1125_cu2179c", "comment": "[I love that you put Sad Keanu in your photo.  Nice Easter egg](http://i.imgur.com/XcTLUug.jpg)", "date": "2015-08-13 17:01:10", "seriesname": "g1125_cu2179c", "file": "/media/jbrogan4/scratch2/Reddit_Prov_Dataset_v6/_Weightlifter_jumping_up_after_a_successful_lift/g1125_cu2179c.jpg", "URL": "http://i.imgur.com/XcTLUug.jpg", "fileid": "g1125_cu2179c.jpg"}, {"id": "g1125_cu1y602", "comment": "[Kong Loves Man](http://i.imgur.com/bg1obW5.png)", "date": "2015-08-13 15:46:19", "seriesname": "g1125_cu1y602", "file": "/media/jbrogan4/scratch2/Reddit_Prov_Dataset_v6/_Weightlifter_jumping_up_after_a_successful_lift/g1125_cu1y602.png", "URL": "http://i.imgur.com/bg1obW5.png", "fileid": "g1125_cu1y602.png"}, {"id": "g1125_cu1fxua", "comment": "http://i.imgur.com/EtOiNWY.png", "date": "2015-08-13 06:42:22", "seriesname": "g1125_cu1fxua", "file": "/media/jbrogan4/scratch2/Reddit_Prov_Dataset_v6/_Weightlifter_jumping_up_after_a_successful_lift/g1125_cu1fxua.png", "URL": "http://i.imgur.com/EtOiNWY.png", "fileid": "g1125_cu1fxua.png"}, {"id": "g1125_cu2iuwb", "comment": "[What the fuck is wrong with me?](http://imgur.com/GoVhvDu)", "date": "2015-08-14 02:19:22", "seriesname": "g1125_cu2iuwb", "file": "/media/jbrogan4/scratch2/Reddit_Prov_Dataset_v6/_Weightlifter_jumping_up_after_a_successful_lift/g1125_cu2iuwb.png", "URL": "http://i.imgur.com/GoVhvDu.png", "fileid": "g1125_cu2iuwb.png"}, {"id": "g1125_cu2jyrd", "comment": "[**hold me jack**](http://imgur.com/UIAcCDn.jpg)\n\ni'd be more meticulous if i wasn't so damn drunk.", "date": "2015-08-14 03:20:24", "seriesname": "g1125_cu2jyrd", "file": "/media/jbrogan4/scratch2/Reddit_Prov_Dataset_v6/_Weightlifter_jumping_up_after_a_successful_lift/g1125_cu2jyrd.jpg", "URL": "http://imgur.com/UIAcCDn.jpg", "fileid": "g1125_cu2jyrd.jpg"}, {"id": "g1125_cu1f22k", "comment": "[_/^\\_](http://imgur.com/hXYrzoo)", "date": "2015-08-13 05:41:48", "seriesname": "g1125_cu1f22k", "file": "/media/jbrogan4/scratch2/Reddit_Prov_Dataset_v6/_Weightlifter_jumping_up_after_a_successful_lift/g1125_cu1f22k.png", "URL": "http://i.imgur.com/hXYrzoo.png", "fileid": "g1125_cu1f22k.png"}, {"id": "g1125_cu1i1k9", "comment": "http://imgur.com/x5aug77", "date": "2015-08-13 08:34:31", "seriesname": "g1125_cu1i1k9", "file": "/media/jbrogan4/scratch2/Reddit_Prov_Dataset_v6/_Weightlifter_jumping_up_after_a_successful_lift/g1125_cu1i1k9.png", "URL": "http://i.imgur.com/x5aug77.png", "fileid": "g1125_cu1i1k9.png"}, {"id": "g1125_cumzosf", "comment": "[GET OVER HERE!](https://imgur.com/84jH14W)", "date": "2015-09-01 10:03:50", "seriesname": "g1125_cumzosf", "file": "/media/jbrogan4/scratch2/Reddit_Prov_Dataset_v6/_Weightlifter_jumping_up_after_a_successful_lift/g1125_cumzosf.png", "URL": "http://i.imgur.com/84jH14W.png", "fileid": "g1125_cumzosf.png"}, {"id": "g1125_cu1o6eh", "comment": "[SWEET CHIN MUSIC!!!!](http://i.imgur.com/kl6Iaxd.png)", "date": "2015-08-13 11:43:59", "seriesname": "g1125_cu1o6eh", "file": "/media/jbrogan4/scratch2/Reddit_Prov_Dataset_v6/_Weightlifter_jumping_up_after_a_successful_lift/g1125_cu1o6eh.png", "URL": "http://i.imgur.com/kl6Iaxd.png", "fileid": "g1125_cu1o6eh.png"}, {"id": "g1125_cu1xobh", "comment": "http://i.imgur.com/Wbr9NTS.jpg Shoryuken!", "date": "2015-08-13 15:34:26", "seriesname": "g1125_cu1xobh", "file": "/media/jbrogan4/scratch2/Reddit_Prov_Dataset_v6/_Weightlifter_jumping_up_after_a_successful_lift/g1125_cu1xobh.jpg", "URL": "http://i.imgur.com/Wbr9NTS.jpg", "fileid": "g1125_cu1xobh.jpg"}, {"id": "g1125_root", "comment": "", "date": "2015-08-13 04:21:51", "seriesname": "g1125_root", "file": "/media/jbrogan4/scratch2/Reddit_Prov_Dataset_v6/_Weightlifter_jumping_up_after_a_successful_lift/g1125_root.jpg", "URL": "http://i.imgur.com/j0YAV7v.jpg", "fileid": "g1125_root.jpg"}, {"id": "g1125_cu1jygw", "comment": "http://i.imgur.com/n45Hxiy.jpg\nYou have failed me for the last time.", "date": "2015-08-13 09:45:19", "seriesname": "g1125_cu1jygw", "file": "/media/jbrogan4/scratch2/Reddit_Prov_Dataset_v6/_Weightlifter_jumping_up_after_a_successful_lift/g1125_cu1jygw.jpg", "URL": "http://i.imgur.com/n45Hxiy.jpg", "fileid": "g1125_cu1jygw.jpg"}], "graph": {"name": "g1125_root"}, "directed": true}