{"links": [{"op": "none", "target": 0, "source": 53}, {"op": "none", "target": 1, "source": 21}, {"op": "none", "target": 2, "source": 53}, {"op": "none", "target": 3, "source": 53}, {"op": "none", "target": 4, "source": 10}, {"op": "none", "target": 5, "source": 53}, {"op": "none", "target": 6, "source": 53}, {"op": "none", "target": 7, "source": 17}, {"op": "none", "target": 8, "source": 53}, {"op": "none", "target": 9, "source": 19}, {"op": "none", "target": 10, "source": 53}, {"op": "none", "target": 11, "source": 53}, {"op": "none", "target": 12, "source": 3}, {"op": "none", "target": 13, "source": 53}, {"op": "none", "target": 14, "source": 53}, {"op": "none", "target": 15, "source": 45}, {"op": "none", "target": 16, "source": 17}, {"op": "none", "target": 17, "source": 53}, {"op": "none", "target": 18, "source": 53}, {"op": "none", "target": 19, "source": 32}, {"op": "none", "target": 20, "source": 43}, {"op": "none", "target": 21, "source": 7}, {"op": "none", "target": 22, "source": 53}, {"op": "none", "target": 23, "source": 12}, {"op": "none", "target": 24, "source": 53}, {"op": "none", "target": 25, "source": 53}, {"op": "none", "target": 26, "source": 53}, {"op": "none", "target": 27, "source": 53}, {"op": "none", "target": 28, "source": 53}, {"op": "none", "target": 29, "source": 53}, {"op": "none", "target": 30, "source": 53}, {"op": "none", "target": 31, "source": 14}, {"op": "none", "target": 32, "source": 14}, {"op": "none", "target": 33, "source": 39}, {"op": "none", "target": 34, "source": 53}, {"op": "none", "target": 35, "source": 53}, {"op": "none", "target": 36, "source": 1}, {"op": "none", "target": 37, "source": 53}, {"op": "none", "target": 38, "source": 53}, {"op": "none", "target": 39, "source": 45}, {"op": "none", "target": 40, "source": 32}, {"op": "none", "target": 41, "source": 53}, {"op": "none", "target": 42, "source": 53}, {"op": "none", "target": 43, "source": 53}, {"op": "none", "target": 44, "source": 19}, {"op": "none", "target": 45, "source": 44}, {"op": "none", "target": 46, "source": 53}, {"op": "none", "target": 47, "source": 53}, {"op": "none", "target": 48, "source": 53}, {"op": "none", "target": 49, "source": 53}, {"op": "none", "target": 50, "source": 19}, {"op": "none", "target": 51, "source": 53}, {"op": "none", "target": 52, "source": 36}], "title": "_Dog_wearing_a_mask_at_a_dino_park", "nodes": [{"id": "g1124_crsyqy3", "comment": "[Coming this summer...](http://i.imgur.com/W0CaSA7.jpg)", "date": "2015-06-02 09:58:13", "seriesname": "g1124_crsyqy3", "file": "/media/jbrogan4/scratch2/Reddit_Prov_Dataset_v6/_Dog_wearing_a_mask_at_a_dino_park/g1124_crsyqy3.jpg", "URL": "http://i.imgur.com/W0CaSA7.jpg", "fileid": "g1124_crsyqy3.jpg"}, {"id": "g1124_crsyzoe", "comment": "[What are you talking about, that's He-mans ride.](http://i.imgur.com/fOihqDd.png)", "date": "2015-06-02 10:05:56", "seriesname": "g1124_crsyzoe", "file": "/media/jbrogan4/scratch2/Reddit_Prov_Dataset_v6/_Dog_wearing_a_mask_at_a_dino_park/g1124_crsyzoe.png", "URL": "http://i.imgur.com/fOihqDd.png", "fileid": "g1124_crsyzoe.png"}, {"id": "g1124_crtfcb0", "comment": "Budget cuts leads to Rex 2.0...http://i.imgur.com/cArE9Nj.jpg", "date": "2015-06-02 17:01:02", "seriesname": "g1124_crtfcb0", "file": "/media/jbrogan4/scratch2/Reddit_Prov_Dataset_v6/_Dog_wearing_a_mask_at_a_dino_park/g1124_crtfcb0.jpg", "URL": "http://i.imgur.com/cArE9Nj.jpg", "fileid": "g1124_crtfcb0.jpg"}, {"id": "g1124_crsy32c", "comment": "[Clever girl](http://i.imgur.com/A8Vpl2g.png)", "date": "2015-06-02 09:36:17", "seriesname": "g1124_crsy32c", "file": "/media/jbrogan4/scratch2/Reddit_Prov_Dataset_v6/_Dog_wearing_a_mask_at_a_dino_park/g1124_crsy32c.png", "URL": "http://i.imgur.com/A8Vpl2g.png", "fileid": "g1124_crsy32c.png"}, {"id": "g1124_crt0oqq", "comment": "[and here he is in action](http://i.imgur.com/NAPXP40.gif)", "date": "2015-06-02 10:55:51", "seriesname": "g1124_crt0oqq", "file": "/media/jbrogan4/scratch2/Reddit_Prov_Dataset_v6/_Dog_wearing_a_mask_at_a_dino_park/g1124_crt0oqq.jpg", "URL": "http://i.imgur.com/NAPXP40.gif", "fileid": "g1124_crt0oqq.gif"}, {"id": "g1124_crsyk4a", "comment": "[:/](http://i.imgur.com/Sm0wA4J.jpg)", "date": "2015-06-02 09:52:14", "seriesname": "g1124_crsyk4a", "file": "/media/jbrogan4/scratch2/Reddit_Prov_Dataset_v6/_Dog_wearing_a_mask_at_a_dino_park/g1124_crsyk4a.jpg", "URL": "http://i.imgur.com/Sm0wA4J.jpg", "fileid": "g1124_crsyk4a.jpg"}, {"id": "g1124_crsxoai", "comment": "[Wild CUBONE appeared!](http://i.imgur.com/H2J5cLJ.png)", "date": "2015-06-02 09:21:42", "seriesname": "g1124_crsxoai", "file": "/media/jbrogan4/scratch2/Reddit_Prov_Dataset_v6/_Dog_wearing_a_mask_at_a_dino_park/g1124_crsxoai.png", "URL": "http://i.imgur.com/H2J5cLJ.png", "fileid": "g1124_crsxoai.png"}, {"id": "g1124_crsyazw", "comment": "[Let's make it weird.](http://i.imgur.com/OFwRTUI.png)", "date": "2015-06-02 09:43:51", "seriesname": "g1124_crsyazw", "file": "/media/jbrogan4/scratch2/Reddit_Prov_Dataset_v6/_Dog_wearing_a_mask_at_a_dino_park/g1124_crsyazw.png", "URL": "http://i.imgur.com/OFwRTUI.png", "fileid": "g1124_crsyazw.png"}, {"id": "g1124_crt0v1u", "comment": "[Jurassic Dog](http://i.imgur.com/KOvIYbD.jpg)", "date": "2015-06-02 11:00:37", "seriesname": "g1124_crt0v1u", "file": "/media/jbrogan4/scratch2/Reddit_Prov_Dataset_v6/_Dog_wearing_a_mask_at_a_dino_park/g1124_crt0v1u.jpg", "URL": "http://i.imgur.com/KOvIYbD.jpg", "fileid": "g1124_crt0v1u.jpg"}, {"id": "g1124_crsznu2", "comment": "[D:](http://i.imgur.com/SVPkFAH.png)", "date": "2015-06-02 10:26:40", "seriesname": "g1124_crsznu2", "file": "/media/jbrogan4/scratch2/Reddit_Prov_Dataset_v6/_Dog_wearing_a_mask_at_a_dino_park/g1124_crsznu2.png", "URL": "http://i.imgur.com/SVPkFAH.png", "fileid": "g1124_crsznu2.png"}, {"id": "g1124_crszzpo", "comment": "[that's not the only place he tries to fit in](http://i.imgur.com/btHebiC.jpg)", "date": "2015-06-02 10:36:23", "seriesname": "g1124_crszzpo", "file": "/media/jbrogan4/scratch2/Reddit_Prov_Dataset_v6/_Dog_wearing_a_mask_at_a_dino_park/g1124_crszzpo.jpg", "URL": "http://i.imgur.com/btHebiC.jpg", "fileid": "g1124_crszzpo.jpg"}, {"id": "g1124_crt9xxc", "comment": "Do [shitty gifs](http://i.imgur.com/KN8QbHF.gif) count as photoshop", "date": "2015-06-02 14:47:16", "seriesname": "g1124_crt9xxc", "file": "/media/jbrogan4/scratch2/Reddit_Prov_Dataset_v6/_Dog_wearing_a_mask_at_a_dino_park/g1124_crt9xxc.jpg", "URL": "http://i.imgur.com/KN8QbHF.gif", "fileid": "g1124_crt9xxc.gif"}, {"id": "g1124_crt4uio", "comment": "[What would be in place of the Dinos?](http://i.imgur.com/uE2zhhY.png)", "date": "2015-06-02 12:42:57", "seriesname": "g1124_crt4uio", "file": "/media/jbrogan4/scratch2/Reddit_Prov_Dataset_v6/_Dog_wearing_a_mask_at_a_dino_park/g1124_crt4uio.png", "URL": "http://i.imgur.com/uE2zhhY.png", "fileid": "g1124_crt4uio.png"}, {"id": "g1124_crt0tsw", "comment": "[Swim Away!](http://i.imgur.com/H2Ezwla.jpg)", "date": "2015-06-02 10:59:41", "seriesname": "g1124_crt0tsw", "file": "/media/jbrogan4/scratch2/Reddit_Prov_Dataset_v6/_Dog_wearing_a_mask_at_a_dino_park/g1124_crt0tsw.jpg", "URL": "http://i.imgur.com/H2Ezwla.jpg", "fileid": "g1124_crt0tsw.jpg"}, {"id": "g1124_crsy0kj", "comment": "[**Disgraceful photo of recreational hunter happily posing next to a triceratops he just slaughtered. Please share so the world can name and shame this despicable dog**.](http://i.imgur.com/VeGYU2U.jpg)\n\n[Original](http://i.imgur.com/StNDD7q.jpg)", "date": "2015-06-02 09:33:51", "seriesname": "g1124_crsy0kj", "file": "/media/jbrogan4/scratch2/Reddit_Prov_Dataset_v6/_Dog_wearing_a_mask_at_a_dino_park/g1124_crsy0kj.jpg", "URL": "http://i.imgur.com/StNDD7q.jpg", "fileid": "g1124_crsy0kj.jpg"}, {"id": "g1124_crt0816", "comment": "[I finally understand](http://i.imgur.com/fzNGDnz.png)", "date": "2015-06-02 10:42:59", "seriesname": "g1124_crt0816", "file": "/media/jbrogan4/scratch2/Reddit_Prov_Dataset_v6/_Dog_wearing_a_mask_at_a_dino_park/g1124_crt0816.png", "URL": "http://i.imgur.com/fzNGDnz.png", "fileid": "g1124_crt0816.png"}, {"id": "g1124_crsyf7y", "comment": "http://i.imgur.com/42DJwR8.png", "date": "2015-06-02 09:47:46", "seriesname": "g1124_crsyf7y", "file": "/media/jbrogan4/scratch2/Reddit_Prov_Dataset_v6/_Dog_wearing_a_mask_at_a_dino_park/g1124_crsyf7y.png", "URL": "http://i.imgur.com/42DJwR8.png", "fileid": "g1124_crsyf7y.png"}, {"id": "g1124_crsxwkr", "comment": "[Fkin' troll](http://i.imgur.com/AdyVxaw.jpg)", "date": "2015-06-02 09:29:55", "seriesname": "g1124_crsxwkr", "file": "/media/jbrogan4/scratch2/Reddit_Prov_Dataset_v6/_Dog_wearing_a_mask_at_a_dino_park/g1124_crsxwkr.jpg", "URL": "http://i.imgur.com/AdyVxaw.jpg", "fileid": "g1124_crsxwkr.jpg"}, {"id": "g1124_crsxzjm", "comment": "[Get this damn thing off! You're embarrassing me in front of the Triceratops!](http://imgur.com/LuaxB0U)", "date": "2015-06-02 09:32:50", "seriesname": "g1124_crsxzjm", "file": "/media/jbrogan4/scratch2/Reddit_Prov_Dataset_v6/_Dog_wearing_a_mask_at_a_dino_park/g1124_crsxzjm.png", "URL": "http://i.imgur.com/LuaxB0U.png", "fileid": "g1124_crsxzjm.png"}, {"id": "g1124_crszbeg", "comment": "[You know who](http://i.imgur.com/nY9MKXt.jpg)", "date": "2015-06-02 10:16:12", "seriesname": "g1124_crszbeg", "file": "/media/jbrogan4/scratch2/Reddit_Prov_Dataset_v6/_Dog_wearing_a_mask_at_a_dino_park/g1124_crszbeg.jpg", "URL": "http://i.imgur.com/nY9MKXt.jpg", "fileid": "g1124_crszbeg.jpg"}, {"id": "g1124_crsz602", "comment": "[Always read the fine print. ^*May ^not ^be ^used ^as ^protection ^during ^meteor ^showers.](http://i.imgur.com/h4B7wtA.png)", "date": "2015-06-02 10:11:32", "seriesname": "g1124_crsz602", "file": "/media/jbrogan4/scratch2/Reddit_Prov_Dataset_v6/_Dog_wearing_a_mask_at_a_dino_park/g1124_crsz602.png", "URL": "http://i.imgur.com/h4B7wtA.png", "fileid": "g1124_crsz602.png"}, {"id": "g1124_crsyiq8", "comment": "[He's lonely](http://i.imgur.com/CTELzoJ.png)", "date": "2015-06-02 09:51:00", "seriesname": "g1124_crsyiq8", "file": "/media/jbrogan4/scratch2/Reddit_Prov_Dataset_v6/_Dog_wearing_a_mask_at_a_dino_park/g1124_crsyiq8.png", "URL": "http://i.imgur.com/CTELzoJ.png", "fileid": "g1124_crsyiq8.png"}, {"id": "g1124_crtx81n", "comment": "[Shh cat and dino dog](http://i.imgur.com/LVHAc2V.jpg)", "date": "2015-06-03 03:03:22", "seriesname": "g1124_crtx81n", "file": "/media/jbrogan4/scratch2/Reddit_Prov_Dataset_v6/_Dog_wearing_a_mask_at_a_dino_park/g1124_crtx81n.jpg", "URL": "http://i.imgur.com/LVHAc2V.jpg", "fileid": "g1124_crtx81n.jpg"}, {"id": "g1124_crt6ngc", "comment": "[Of course](http://i.imgur.com/2dP7xeo.png)", "date": "2015-06-02 13:26:33", "seriesname": "g1124_crt6ngc", "file": "/media/jbrogan4/scratch2/Reddit_Prov_Dataset_v6/_Dog_wearing_a_mask_at_a_dino_park/g1124_crt6ngc.png", "URL": "http://i.imgur.com/2dP7xeo.png", "fileid": "g1124_crt6ngc.png"}, {"id": "g1124_crt222n", "comment": "http://imgur.com/makbLWm The dogzilla!", "date": "2015-06-02 11:32:35", "seriesname": "g1124_crt222n", "file": "/media/jbrogan4/scratch2/Reddit_Prov_Dataset_v6/_Dog_wearing_a_mask_at_a_dino_park/g1124_crt222n.png", "URL": "http://i.imgur.com/makbLWm.png", "fileid": "g1124_crt222n.png"}, {"id": "g1124_crt61gc", "comment": "http://i.imgur.com/uerhCsn.png", "date": "2015-06-02 13:11:42", "seriesname": "g1124_crt61gc", "file": "/media/jbrogan4/scratch2/Reddit_Prov_Dataset_v6/_Dog_wearing_a_mask_at_a_dino_park/g1124_crt61gc.png", "URL": "http://i.imgur.com/uerhCsn.png", "fileid": "g1124_crt61gc.png"}, {"id": "g1124_crtncjl", "comment": "Dunno if its been done yet but uhh\n[Duh nuh na naa nuh](http://imgur.com/pQTeii9)\n\u266a\u266bJurrasic park music continues in background\u266a\u266b", "date": "2015-06-02 20:51:29", "seriesname": "g1124_crtncjl", "file": "/media/jbrogan4/scratch2/Reddit_Prov_Dataset_v6/_Dog_wearing_a_mask_at_a_dino_park/g1124_crtncjl.png", "URL": "http://i.imgur.com/pQTeii9.png", "fileid": "g1124_crtncjl.png"}, {"id": "g1124_crsy1mz", "comment": "http://i.imgur.com/1sSy7D7.jpg", "date": "2015-06-02 09:34:54", "seriesname": "g1124_crsy1mz", "file": "/media/jbrogan4/scratch2/Reddit_Prov_Dataset_v6/_Dog_wearing_a_mask_at_a_dino_park/g1124_crsy1mz.jpg", "URL": "http://i.imgur.com/1sSy7D7.jpg", "fileid": "g1124_crsy1mz.jpg"}, {"id": "g1124_crsyqog", "comment": " [Jurassic Bark](http://i.imgur.com/h6rzWQS.png)", "date": "2015-06-02 09:58:00", "seriesname": "g1124_crsyqog", "file": "/media/jbrogan4/scratch2/Reddit_Prov_Dataset_v6/_Dog_wearing_a_mask_at_a_dino_park/g1124_crsyqog.png", "URL": "http://i.imgur.com/h6rzWQS.png", "fileid": "g1124_crsyqog.png"}, {"id": "g1124_crszjir", "comment": "[Holy Shit that thing's scary, Quick Shine this torch in its eyes!](http://imgur.com/yRZ3Fl8)", "date": "2015-06-02 10:23:08", "seriesname": "g1124_crszjir", "file": "/media/jbrogan4/scratch2/Reddit_Prov_Dataset_v6/_Dog_wearing_a_mask_at_a_dino_park/g1124_crszjir.png", "URL": "http://i.imgur.com/yRZ3Fl8.png", "fileid": "g1124_crszjir.png"}, {"id": "g1124_crt06al", "comment": "[Watch out for the 'crocodile'!](http://i.imgur.com/d0MmV0j.jpg)", "date": "2015-06-02 10:41:40", "seriesname": "g1124_crt06al", "file": "/media/jbrogan4/scratch2/Reddit_Prov_Dataset_v6/_Dog_wearing_a_mask_at_a_dino_park/g1124_crt06al.jpg", "URL": "http://i.imgur.com/d0MmV0j.jpg", "fileid": "g1124_crt06al.jpg"}, {"id": "g1124_crt1zut", "comment": "[\"Now, her bleeding heart comment is on point.\"](http://i.imgur.com/L8Zokiy.png)", "date": "2015-06-02 11:30:57", "seriesname": "g1124_crt1zut", "file": "/media/jbrogan4/scratch2/Reddit_Prov_Dataset_v6/_Dog_wearing_a_mask_at_a_dino_park/g1124_crt1zut.png", "URL": "http://i.imgur.com/L8Zokiy.png", "fileid": "g1124_crt1zut.png"}, {"id": "g1124_crsyrqc", "comment": "[Wait a second, who's under that mask?](http://i.imgur.com/Hv7st6F.png)", "date": "2015-06-02 09:58:55", "seriesname": "g1124_crsyrqc", "file": "/media/jbrogan4/scratch2/Reddit_Prov_Dataset_v6/_Dog_wearing_a_mask_at_a_dino_park/g1124_crsyrqc.png", "URL": "http://i.imgur.com/Hv7st6F.png", "fileid": "g1124_crsyrqc.png"}, {"id": "g1124_crt1idd", "comment": "[No idea what you call this](http://i.imgur.com/ZFSXlYu.jpg)", "date": "2015-06-02 11:18:11", "seriesname": "g1124_crt1idd", "file": "/media/jbrogan4/scratch2/Reddit_Prov_Dataset_v6/_Dog_wearing_a_mask_at_a_dino_park/g1124_crt1idd.jpg", "URL": "http://i.imgur.com/ZFSXlYu.jpg", "fileid": "g1124_crt1idd.jpg"}, {"id": "g1124_crt1w9e", "comment": "[No one knew he had fooled everyone with his true identity](http://i.imgur.com/dPs7woY.jpg)", "date": "2015-06-02 11:28:21", "seriesname": "g1124_crt1w9e", "file": "/media/jbrogan4/scratch2/Reddit_Prov_Dataset_v6/_Dog_wearing_a_mask_at_a_dino_park/g1124_crt1w9e.jpg", "URL": "http://i.imgur.com/dPs7woY.jpg", "fileid": "g1124_crt1w9e.jpg"}, {"id": "g1124_crt84a5", "comment": "[Fuck! That's a Laser-Raptor-Dog, I thought they were extinct thousands of years ago](http://i.imgur.com/0nngLOp.png)", "date": "2015-06-02 14:02:09", "seriesname": "g1124_crt84a5", "file": "/media/jbrogan4/scratch2/Reddit_Prov_Dataset_v6/_Dog_wearing_a_mask_at_a_dino_park/g1124_crt84a5.png", "URL": "http://i.imgur.com/0nngLOp.png", "fileid": "g1124_crt84a5.png"}, {"id": "g1124_crt0b0z", "comment": "He-man? More like... [someone else](http://i.imgur.com/jnqCLUd.jpg)!", "date": "2015-06-02 10:45:21", "seriesname": "g1124_crt0b0z", "file": "/media/jbrogan4/scratch2/Reddit_Prov_Dataset_v6/_Dog_wearing_a_mask_at_a_dino_park/g1124_crt0b0z.jpg", "URL": "http://i.imgur.com/jnqCLUd.jpg)!", "fileid": "g1124_crt0b0z.jpg!"}, {"id": "g1124_crt6zon", "comment": "http://imgur.com/GLZmI2Y", "date": "2015-06-02 13:34:51", "seriesname": "g1124_crt6zon", "file": "/media/jbrogan4/scratch2/Reddit_Prov_Dataset_v6/_Dog_wearing_a_mask_at_a_dino_park/g1124_crt6zon.png", "URL": "http://i.imgur.com/GLZmI2Y.png", "fileid": "g1124_crt6zon.png"}, {"id": "g1124_csi8d6d", "comment": "[Dorassic dog](https://imgur.com/V0iDj1D)\n", "date": "2015-06-25 10:13:07", "seriesname": "g1124_csi8d6d", "file": "/media/jbrogan4/scratch2/Reddit_Prov_Dataset_v6/_Dog_wearing_a_mask_at_a_dino_park/g1124_csi8d6d.png", "URL": "http://i.imgur.com/V0iDj1D.png", "fileid": "g1124_csi8d6d.png"}, {"id": "g1124_crt091q", "comment": "[Never understood this until now.](http://i.imgur.com/5M8nNmo.png)", "date": "2015-06-02 10:43:47", "seriesname": "g1124_crt091q", "file": "/media/jbrogan4/scratch2/Reddit_Prov_Dataset_v6/_Dog_wearing_a_mask_at_a_dino_park/g1124_crt091q.png", "URL": "http://i.imgur.com/5M8nNmo.png", "fileid": "g1124_crt091q.png"}, {"id": "g1124_crszbbc", "comment": "http://i.imgur.com/JyZk1sG.png", "date": "2015-06-02 10:16:08", "seriesname": "g1124_crszbbc", "file": "/media/jbrogan4/scratch2/Reddit_Prov_Dataset_v6/_Dog_wearing_a_mask_at_a_dino_park/g1124_crszbbc.png", "URL": "http://i.imgur.com/JyZk1sG.png", "fileid": "g1124_crszbbc.png"}, {"id": "g1124_crt2lyw", "comment": "[Dogzilla.](http://i.imgur.com/KmyDBhZ.jpg)", "date": "2015-06-02 11:46:43", "seriesname": "g1124_crt2lyw", "file": "/media/jbrogan4/scratch2/Reddit_Prov_Dataset_v6/_Dog_wearing_a_mask_at_a_dino_park/g1124_crt2lyw.jpg", "URL": "http://i.imgur.com/KmyDBhZ.jpg", "fileid": "g1124_crt2lyw.jpg"}, {"id": "g1124_crt3njw", "comment": "[Quickly!  We must free my captive bretheren!](http://i.imgur.com/ARxbr55.jpg)", "date": "2015-06-02 12:13:03", "seriesname": "g1124_crt3njw", "file": "/media/jbrogan4/scratch2/Reddit_Prov_Dataset_v6/_Dog_wearing_a_mask_at_a_dino_park/g1124_crt3njw.jpg", "URL": "http://i.imgur.com/ARxbr55.jpg", "fileid": "g1124_crt3njw.jpg"}, {"id": "g1124_crsysgj", "comment": "[**BUY NOW!!!** - Protect yourself from PREDATORS while also protecting yourself from the SUN!](http://i.imgur.com/52xIols.jpg)", "date": "2015-06-02 09:59:35", "seriesname": "g1124_crsysgj", "file": "/media/jbrogan4/scratch2/Reddit_Prov_Dataset_v6/_Dog_wearing_a_mask_at_a_dino_park/g1124_crsysgj.jpg", "URL": "http://i.imgur.com/52xIols.jpg", "fileid": "g1124_crsysgj.jpg"}, {"id": "g1124_crszrlq", "comment": "[They're at their old tricks again.](http://i.imgur.com/IGr0kt1.png)", "date": "2015-06-02 10:29:47", "seriesname": "g1124_crszrlq", "file": "/media/jbrogan4/scratch2/Reddit_Prov_Dataset_v6/_Dog_wearing_a_mask_at_a_dino_park/g1124_crszrlq.png", "URL": "http://i.imgur.com/IGr0kt1.png", "fileid": "g1124_crszrlq.png"}, {"id": "g1124_crszyw9", "comment": "[Now it's starting to make sense](http://i.imgur.com/oXydOK4.jpg)", "date": "2015-06-02 10:35:41", "seriesname": "g1124_crszyw9", "file": "/media/jbrogan4/scratch2/Reddit_Prov_Dataset_v6/_Dog_wearing_a_mask_at_a_dino_park/g1124_crszyw9.jpg", "URL": "http://i.imgur.com/oXydOK4.jpg", "fileid": "g1124_crszyw9.jpg"}, {"id": "g1124_crt61t8", "comment": "[T\u031b\u0333\u0330\u0325\u0349\u032b\u034ee\u033c\u033aa\u032c\u0319\u0330\u0323r\u0327\u034d\u0354\u032f\u0353\u0326\u0349s\u032f\u031d\u0359\u0356\u0320\u0339\u0324 \u034f\u0317\u0333\u035a\u032b\u031e\u034d\u031do\u0338f\u0330\u0345\u0325\u032f \u0315\u032d\u032f\u033c\u032a\u0316\u032e\u032ao\u0335u\u032d\u0331\u0317\u0320r\u035f\u0359\u0318 \u0361\u0332\u0329\u034da\u0339\u032d\u0320\u0319\u0317\u032dn\u035f\u0331\u0320\u0356\u0333c\u034e\u033a\u0349\u0348\u0347\u0318e\u035f\u0329\u0329\u0332\u034e\u0359\u0318s\u0328\u0326\u0348\u032f\u032at\u0339\u0320\u0354\u0349\u0349\u0333\u0347o\u031e\u0325r\u0356\u033c\u0320\u0324\u031d\u034es\u0335.](http://i.imgur.com/LEmS01h.jpg)", "date": "2015-06-02 13:11:57", "seriesname": "g1124_crt61t8", "file": "/media/jbrogan4/scratch2/Reddit_Prov_Dataset_v6/_Dog_wearing_a_mask_at_a_dino_park/g1124_crt61t8.jpg", "URL": "http://i.imgur.com/LEmS01h.jpg", "fileid": "g1124_crt61t8.jpg"}, {"id": "g1124_crsyk5p", "comment": "[Poor guy doesn't stand a chance.](http://i.imgur.com/81t7lrw.jpg)", "date": "2015-06-02 09:52:16", "seriesname": "g1124_crsyk5p", "file": "/media/jbrogan4/scratch2/Reddit_Prov_Dataset_v6/_Dog_wearing_a_mask_at_a_dino_park/g1124_crsyk5p.jpg", "URL": "http://i.imgur.com/81t7lrw.jpg", "fileid": "g1124_crsyk5p.jpg"}, {"id": "g1124_crt25gq", "comment": "[Nessie EXPOSED!](http://i.imgur.com/8ogcn12.jpg)", "date": "2015-06-02 11:35:02", "seriesname": "g1124_crt25gq", "file": "/media/jbrogan4/scratch2/Reddit_Prov_Dataset_v6/_Dog_wearing_a_mask_at_a_dino_park/g1124_crt25gq.jpg", "URL": "http://i.imgur.com/8ogcn12.jpg", "fileid": "g1124_crt25gq.jpg"}, {"id": "g1124_cwdqe9n", "comment": "[Final Form](http://i.imgur.com/9LSVUlc.jpg)\n", "date": "2015-10-26 15:54:37", "seriesname": "g1124_cwdqe9n", "file": "/media/jbrogan4/scratch2/Reddit_Prov_Dataset_v6/_Dog_wearing_a_mask_at_a_dino_park/g1124_cwdqe9n.jpg", "URL": "http://i.imgur.com/9LSVUlc.jpg", "fileid": "g1124_cwdqe9n.jpg"}, {"id": "g1124_crt4qx8", "comment": "[I think you mean...](http://i.imgur.com/7yvbFFH.jpg)", "date": "2015-06-02 12:40:30", "seriesname": "g1124_crt4qx8", "file": "/media/jbrogan4/scratch2/Reddit_Prov_Dataset_v6/_Dog_wearing_a_mask_at_a_dino_park/g1124_crt4qx8.jpg", "URL": "http://i.imgur.com/7yvbFFH.jpg", "fileid": "g1124_crt4qx8.jpg"}, {"id": "g1124_crtgjwh", "comment": "[breaking jurassic](http://i.imgur.com/TbyOF4j.jpg)", "date": "2015-06-02 17:32:19", "seriesname": "g1124_crtgjwh", "file": "/media/jbrogan4/scratch2/Reddit_Prov_Dataset_v6/_Dog_wearing_a_mask_at_a_dino_park/g1124_crtgjwh.jpg", "URL": "http://i.imgur.com/TbyOF4j.jpg", "fileid": "g1124_crtgjwh.jpg"}, {"id": "g1124_crt9x60", "comment": "[Yes, but he's actually wearing two masks, for this is the real he-im](http://i.imgur.com/jWW3Bmw.jpg)\n\n[From](http://www.reddit.com/r/photoshopbattles/comments/383bhp/psbattle_this_woman_ecstatically_catching_the/crsb8d5)", "date": "2015-06-02 14:46:47", "seriesname": "g1124_crt9x60", "file": "/media/jbrogan4/scratch2/Reddit_Prov_Dataset_v6/_Dog_wearing_a_mask_at_a_dino_park/g1124_crt9x60.jpg", "URL": "http://i.imgur.com/jWW3Bmw.jpg", "fileid": "g1124_crt9x60.jpg"}, {"id": "g1124_root", "comment": "", "date": "2015-06-02 08:26:15", "seriesname": "g1124_root", "file": "/media/jbrogan4/scratch2/Reddit_Prov_Dataset_v6/_Dog_wearing_a_mask_at_a_dino_park/g1124_root.jpg", "URL": "https://i.imgur.com/deNmknS.jpg", "fileid": "g1124_root.jpg"}], "graph": {"name": "g1124_root"}, "directed": true}