{"links": [{"op": "none", "target": 0, "source": 45}, {"op": "none", "target": 1, "source": 45}, {"op": "none", "target": 2, "source": 45}, {"op": "none", "target": 3, "source": 45}, {"op": "none", "target": 4, "source": 45}, {"op": "none", "target": 5, "source": 45}, {"op": "none", "target": 6, "source": 40}, {"op": "none", "target": 7, "source": 1}, {"op": "none", "target": 8, "source": 45}, {"op": "none", "target": 9, "source": 45}, {"op": "none", "target": 10, "source": 45}, {"op": "none", "target": 11, "source": 45}, {"op": "none", "target": 12, "source": 45}, {"op": "none", "target": 13, "source": 45}, {"op": "none", "target": 14, "source": 45}, {"op": "none", "target": 15, "source": 46}, {"op": "none", "target": 16, "source": 45}, {"op": "none", "target": 17, "source": 45}, {"op": "none", "target": 18, "source": 1}, {"op": "none", "target": 19, "source": 45}, {"op": "none", "target": 20, "source": 45}, {"op": "none", "target": 21, "source": 45}, {"op": "none", "target": 22, "source": 45}, {"op": "none", "target": 23, "source": 45}, {"op": "none", "target": 24, "source": 45}, {"op": "none", "target": 25, "source": 45}, {"op": "none", "target": 26, "source": 45}, {"op": "none", "target": 27, "source": 36}, {"op": "none", "target": 28, "source": 45}, {"op": "none", "target": 29, "source": 45}, {"op": "none", "target": 30, "source": 45}, {"op": "none", "target": 31, "source": 45}, {"op": "none", "target": 32, "source": 45}, {"op": "none", "target": 33, "source": 45}, {"op": "none", "target": 34, "source": 45}, {"op": "none", "target": 35, "source": 45}, {"op": "none", "target": 36, "source": 45}, {"op": "none", "target": 37, "source": 45}, {"op": "none", "target": 38, "source": 45}, {"op": "none", "target": 39, "source": 45}, {"op": "none", "target": 40, "source": 45}, {"op": "none", "target": 41, "source": 45}, {"op": "none", "target": 42, "source": 45}, {"op": "none", "target": 43, "source": 45}, {"op": "none", "target": 44, "source": 45}, {"op": "none", "target": 46, "source": 45}], "title": "_Meerkats_under_a_heating_lamp", "nodes": [{"id": "g1132_d1a2535", "comment": "[Bad part of Meerkat City](http://i.imgur.com/cX2PLE1.jpg)", "date": "2016-03-22 23:35:33", "seriesname": "g1132_d1a2535", "file": "/media/jbrogan4/scratch2/Reddit_Prov_Dataset_v6/_Meerkats_under_a_heating_lamp/g1132_d1a2535.jpg", "URL": "http://i.imgur.com/cX2PLE1.jpg", "fileid": "g1132_d1a2535.jpg"}, {"id": "g1132_d19wuqe", "comment": "[Dark Ritual](http://imgur.com/UN0MOuU)\n", "date": "2016-03-22 21:13:16", "seriesname": "g1132_d19wuqe", "file": "/media/jbrogan4/scratch2/Reddit_Prov_Dataset_v6/_Meerkats_under_a_heating_lamp/g1132_d19wuqe.png", "URL": "http://i.imgur.com/UN0MOuU.png", "fileid": "g1132_d19wuqe.png"}, {"id": "g1132_d1a2v8q", "comment": "[That's not fair!](http://i.imgur.com/wjDXsnY.jpg)", "date": "2016-03-22 23:55:48", "seriesname": "g1132_d1a2v8q", "file": "/media/jbrogan4/scratch2/Reddit_Prov_Dataset_v6/_Meerkats_under_a_heating_lamp/g1132_d1a2v8q.jpg", "URL": "http://i.imgur.com/wjDXsnY.jpg", "fileid": "g1132_d1a2v8q.jpg"}, {"id": "g1132_d19ypdv", "comment": "[Ripley, Newt, and Meerkats](http://imgur.com/NmrV8ky)", "date": "2016-03-22 22:00:13", "seriesname": "g1132_d19ypdv", "file": "/media/jbrogan4/scratch2/Reddit_Prov_Dataset_v6/_Meerkats_under_a_heating_lamp/g1132_d19ypdv.png", "URL": "http://i.imgur.com/NmrV8ky.png", "fileid": "g1132_d19ypdv.png"}, {"id": "g1132_d1af2nb", "comment": "[Ohhhh now you've done it](http://i.imgur.com/1EA7rWA.jpg)", "date": "2016-03-23 09:23:27", "seriesname": "g1132_d1af2nb", "file": "/media/jbrogan4/scratch2/Reddit_Prov_Dataset_v6/_Meerkats_under_a_heating_lamp/g1132_d1af2nb.jpg", "URL": "http://i.imgur.com/1EA7rWA.jpg", "fileid": "g1132_d1af2nb.jpg"}, {"id": "g1132_d1a9zvx", "comment": "[The beasts of Arrakis.](http://i.imgur.com/KbRBB5e.jpg)", "date": "2016-03-23 05:20:09", "seriesname": "g1132_d1a9zvx", "file": "/media/jbrogan4/scratch2/Reddit_Prov_Dataset_v6/_Meerkats_under_a_heating_lamp/g1132_d1a9zvx.jpg", "URL": "http://i.imgur.com/KbRBB5e.jpg", "fileid": "g1132_d1a9zvx.jpg"}, {"id": "g1132_d1a76z8", "comment": "[Exactly what I was thinking](http://i.imgur.com/lpLMReQ.jpg).", "date": "2016-03-23 02:31:33", "seriesname": "g1132_d1a76z8", "file": "/media/jbrogan4/scratch2/Reddit_Prov_Dataset_v6/_Meerkats_under_a_heating_lamp/g1132_d1a76z8.jpg", "URL": "http://i.imgur.com/lpLMReQ.jpg).", "fileid": "g1132_d1a76z8."}, {"id": "g1132_d19xffx", "comment": "[Beat me to it](http://i.imgur.com/1jPd2yf.jpg)", "date": "2016-03-22 21:27:37", "seriesname": "g1132_d19xffx", "file": "/media/jbrogan4/scratch2/Reddit_Prov_Dataset_v6/_Meerkats_under_a_heating_lamp/g1132_d19xffx.jpg", "URL": "http://i.imgur.com/1jPd2yf.jpg", "fileid": "g1132_d19xffx.jpg"}, {"id": "g1132_d1ae1xd", "comment": "[We call upon the Dark Lord!](http://i.imgur.com/tJgpduu.jpg)", "date": "2016-03-23 08:49:48", "seriesname": "g1132_d1ae1xd", "file": "/media/jbrogan4/scratch2/Reddit_Prov_Dataset_v6/_Meerkats_under_a_heating_lamp/g1132_d1ae1xd.jpg", "URL": "http://i.imgur.com/tJgpduu.jpg", "fileid": "g1132_d1ae1xd.jpg"}, {"id": "g1132_d1a1k0t", "comment": "[He is at it again....](http://i.imgur.com/iXWwA6g.jpg)", "date": "2016-03-22 23:19:23", "seriesname": "g1132_d1a1k0t", "file": "/media/jbrogan4/scratch2/Reddit_Prov_Dataset_v6/_Meerkats_under_a_heating_lamp/g1132_d1a1k0t.jpg", "URL": "http://i.imgur.com/iXWwA6g.jpg", "fileid": "g1132_d1a1k0t.jpg"}, {"id": "g1132_d19z0wa", "comment": "[space the final frontier](http://i.imgur.com/BL6hakO.jpg)", "date": "2016-03-22 22:08:14", "seriesname": "g1132_d19z0wa", "file": "/media/jbrogan4/scratch2/Reddit_Prov_Dataset_v6/_Meerkats_under_a_heating_lamp/g1132_d19z0wa.jpg", "URL": "http://i.imgur.com/BL6hakO.jpg", "fileid": "g1132_d19z0wa.jpg"}, {"id": "g1132_d1a5c35", "comment": "Lu-meerkat Bros  http://imgur.com/4fgqK3M", "date": "2016-03-23 01:14:19", "seriesname": "g1132_d1a5c35", "file": "/media/jbrogan4/scratch2/Reddit_Prov_Dataset_v6/_Meerkats_under_a_heating_lamp/g1132_d1a5c35.png", "URL": "http://i.imgur.com/4fgqK3M.png", "fileid": "g1132_d1a5c35.png"}, {"id": "g1132_d1aubvf", "comment": " \n[\"We're not gonna give it to them.\"](http://i.imgur.com/vjtPGAs.jpg)", "date": "2016-03-23 15:09:20", "seriesname": "g1132_d1aubvf", "file": "/media/jbrogan4/scratch2/Reddit_Prov_Dataset_v6/_Meerkats_under_a_heating_lamp/g1132_d1aubvf.jpg", "URL": "http://i.imgur.com/vjtPGAs.jpg", "fileid": "g1132_d1aubvf.jpg"}, {"id": "g1132_d1a0fmy", "comment": "[mere cats](http://i.imgur.com/DXkunbA.png)", "date": "2016-03-22 22:44:50", "seriesname": "g1132_d1a0fmy", "file": "/media/jbrogan4/scratch2/Reddit_Prov_Dataset_v6/_Meerkats_under_a_heating_lamp/g1132_d1a0fmy.png", "URL": "http://i.imgur.com/DXkunbA.png", "fileid": "g1132_d1a0fmy.png"}, {"id": "g1132_d1aexrr", "comment": "http://imgur.com/49AJaH7", "date": "2016-03-23 09:19:09", "seriesname": "g1132_d1aexrr", "file": "/media/jbrogan4/scratch2/Reddit_Prov_Dataset_v6/_Meerkats_under_a_heating_lamp/g1132_d1aexrr.png", "URL": "http://i.imgur.com/49AJaH7.png", "fileid": "g1132_d1aexrr.png"}, {"id": "g1132_d1a0kb3", "comment": "[Xenomurf Tung](http://imgur.com/dsCxAW5)   \nChoo choo.", "date": "2016-03-22 22:48:16", "seriesname": "g1132_d1a0kb3", "file": "/media/jbrogan4/scratch2/Reddit_Prov_Dataset_v6/_Meerkats_under_a_heating_lamp/g1132_d1a0kb3.png", "URL": "http://i.imgur.com/dsCxAW5.png", "fileid": "g1132_d1a0kb3.png"}, {"id": "g1132_d1a6iij", "comment": "[The boys getting together for the weekly game](http://i.imgur.com/o3dgzuL.jpg)", "date": "2016-03-23 02:00:47", "seriesname": "g1132_d1a6iij", "file": "/media/jbrogan4/scratch2/Reddit_Prov_Dataset_v6/_Meerkats_under_a_heating_lamp/g1132_d1a6iij.jpg", "URL": "http://i.imgur.com/o3dgzuL.jpg", "fileid": "g1132_d1a6iij.jpg"}, {"id": "g1132_d1aargw", "comment": "\nC'mon Dude, pass it:\n\nhttp://i.imgur.com/PJY9CN1.gif", "date": "2016-03-23 06:10:46", "seriesname": "g1132_d1aargw", "file": "/media/jbrogan4/scratch2/Reddit_Prov_Dataset_v6/_Meerkats_under_a_heating_lamp/g1132_d1aargw.jpg", "URL": "http://i.imgur.com/PJY9CN1.gif", "fileid": "g1132_d1aargw.gif"}, {"id": "g1132_d1aneqi", "comment": "the grand convergeance. http://imgur.com/gallery/vyUkUbY\n", "date": "2016-03-23 12:43:49", "seriesname": "g1132_d1aneqi", "file": "/media/jbrogan4/scratch2/Reddit_Prov_Dataset_v6/_Meerkats_under_a_heating_lamp/g1132_d1aneqi.png", "URL": "http://i.imgur.com/vyUkUbY.png", "fileid": "g1132_d1aneqi.png"}, {"id": "g1132_d1as6at", "comment": "[Hatching an escape plan from meerkat prison.](http://i.imgur.com/8JMEyHd.jpg)", "date": "2016-03-23 14:23:58", "seriesname": "g1132_d1as6at", "file": "/media/jbrogan4/scratch2/Reddit_Prov_Dataset_v6/_Meerkats_under_a_heating_lamp/g1132_d1as6at.jpg", "URL": "http://i.imgur.com/8JMEyHd.jpg", "fileid": "g1132_d1as6at.jpg"}, {"id": "g1132_d1a4reb", "comment": "Dat face\nhttp://imgur.com/xCnF37J", "date": "2016-03-23 00:53:58", "seriesname": "g1132_d1a4reb", "file": "/media/jbrogan4/scratch2/Reddit_Prov_Dataset_v6/_Meerkats_under_a_heating_lamp/g1132_d1a4reb.png", "URL": "http://i.imgur.com/xCnF37J.png", "fileid": "g1132_d1a4reb.png"}, {"id": "g1132_d1amp91", "comment": "http://i.imgur.com/3DckRSW.jpg", "date": "2016-03-23 12:28:38", "seriesname": "g1132_d1amp91", "file": "/media/jbrogan4/scratch2/Reddit_Prov_Dataset_v6/_Meerkats_under_a_heating_lamp/g1132_d1amp91.jpg", "URL": "http://i.imgur.com/3DckRSW.jpg", "fileid": "g1132_d1amp91.jpg"}, {"id": "g1132_d1a3f7b", "comment": "Sorry, had 2 ideas!!\n[Not just a meer cat.](http://i.imgur.com/jtvY370.jpg)", "date": "2016-03-23 00:11:32", "seriesname": "g1132_d1a3f7b", "file": "/media/jbrogan4/scratch2/Reddit_Prov_Dataset_v6/_Meerkats_under_a_heating_lamp/g1132_d1a3f7b.jpg", "URL": "http://i.imgur.com/jtvY370.jpg", "fileid": "g1132_d1a3f7b.jpg"}, {"id": "g1132_d1al1nz", "comment": "[24th century hijinks](http://imgur.com/q4SHxZ3)", "date": "2016-03-23 11:52:13", "seriesname": "g1132_d1al1nz", "file": "/media/jbrogan4/scratch2/Reddit_Prov_Dataset_v6/_Meerkats_under_a_heating_lamp/g1132_d1al1nz.png", "URL": "http://i.imgur.com/q4SHxZ3.png", "fileid": "g1132_d1al1nz.png"}, {"id": "g1132_d1a4hkz", "comment": "[It was us the whole time!](https://imgur.com/4Y4A67n)", "date": "2016-03-23 00:44:38", "seriesname": "g1132_d1a4hkz", "file": "/media/jbrogan4/scratch2/Reddit_Prov_Dataset_v6/_Meerkats_under_a_heating_lamp/g1132_d1a4hkz.png", "URL": "http://i.imgur.com/4Y4A67n.png", "fileid": "g1132_d1a4hkz.png"}, {"id": "g1132_d1anuxb", "comment": "[Let's go have some fun.](http://i.imgur.com/u6Mq62B.jpg)", "date": "2016-03-23 12:53:14", "seriesname": "g1132_d1anuxb", "file": "/media/jbrogan4/scratch2/Reddit_Prov_Dataset_v6/_Meerkats_under_a_heating_lamp/g1132_d1anuxb.jpg", "URL": "http://i.imgur.com/u6Mq62B.jpg", "fileid": "g1132_d1anuxb.jpg"}, {"id": "g1132_d1a7yvl", "comment": "For those of you who played Fable 1 and Fable 2...\nThe Chapel of Skorm http://imgur.com/KjhBzE6\nThe Shadow Court http://imgur.com/rnuXmmi", "date": "2016-03-23 03:11:46", "seriesname": "g1132_d1a7yvl", "file": "/media/jbrogan4/scratch2/Reddit_Prov_Dataset_v6/_Meerkats_under_a_heating_lamp/g1132_d1a7yvl.png", "URL": "http://i.imgur.com/rnuXmmi.png", "fileid": "g1132_d1a7yvl.png"}, {"id": "g1132_d1a44iv", "comment": "[Coming Soon](http://i.imgur.com/1lJ3WUa.png)", "date": "2016-03-23 00:32:43", "seriesname": "g1132_d1a44iv", "file": "/media/jbrogan4/scratch2/Reddit_Prov_Dataset_v6/_Meerkats_under_a_heating_lamp/g1132_d1a44iv.png", "URL": "http://i.imgur.com/1lJ3WUa.png", "fileid": "g1132_d1a44iv.png"}, {"id": "g1132_d1a3ik9", "comment": "[First thing I thought of](http://i.imgur.com/k5VTqFv.png) (sorry for the low image quality)", "date": "2016-03-23 00:14:19", "seriesname": "g1132_d1a3ik9", "file": "/media/jbrogan4/scratch2/Reddit_Prov_Dataset_v6/_Meerkats_under_a_heating_lamp/g1132_d1a3ik9.png", "URL": "http://i.imgur.com/k5VTqFv.png", "fileid": "g1132_d1a3ik9.png"}, {"id": "g1132_d1aqbyl", "comment": "[Do you still have the \"blue stuff\"](http://i.imgur.com/IWD6wFk.png)", "date": "2016-03-23 13:45:20", "seriesname": "g1132_d1aqbyl", "file": "/media/jbrogan4/scratch2/Reddit_Prov_Dataset_v6/_Meerkats_under_a_heating_lamp/g1132_d1aqbyl.png", "URL": "http://i.imgur.com/IWD6wFk.png", "fileid": "g1132_d1aqbyl.png"}, {"id": "g1132_d19xz7w", "comment": "[meerkats demoralizing sad cat](http://i.imgur.com/GOSpGqG.jpg)  \nfirst time, go easy pls", "date": "2016-03-22 21:41:43", "seriesname": "g1132_d19xz7w", "file": "/media/jbrogan4/scratch2/Reddit_Prov_Dataset_v6/_Meerkats_under_a_heating_lamp/g1132_d19xz7w.jpg", "URL": "http://i.imgur.com/GOSpGqG.jpg", "fileid": "g1132_d19xz7w.jpg"}, {"id": "g1132_d1a324y", "comment": "[No one will ever believe you](http://i.imgur.com/qUVZ0PW.gif)", "date": "2016-03-23 00:01:03", "seriesname": "g1132_d1a324y", "file": "/media/jbrogan4/scratch2/Reddit_Prov_Dataset_v6/_Meerkats_under_a_heating_lamp/g1132_d1a324y.jpg", "URL": "http://i.imgur.com/qUVZ0PW.gif", "fileid": "g1132_d1a324y.gif"}, {"id": "g1132_d1a25ih", "comment": "[Ultra series - Meerkats](http://i.imgur.com/56gQcpL.jpg)", "date": "2016-03-22 23:35:53", "seriesname": "g1132_d1a25ih", "file": "/media/jbrogan4/scratch2/Reddit_Prov_Dataset_v6/_Meerkats_under_a_heating_lamp/g1132_d1a25ih.jpg", "URL": "http://i.imgur.com/56gQcpL.jpg", "fileid": "g1132_d1a25ih.jpg"}, {"id": "g1132_d1ac8n8", "comment": "[Welcome brother Sharkbait](http://imgur.com/W4jZkPd)", "date": "2016-03-23 07:34:50", "seriesname": "g1132_d1ac8n8", "file": "/media/jbrogan4/scratch2/Reddit_Prov_Dataset_v6/_Meerkats_under_a_heating_lamp/g1132_d1ac8n8.png", "URL": "http://i.imgur.com/W4jZkPd.png", "fileid": "g1132_d1ac8n8.png"}, {"id": "g1132_d1a6331", "comment": "DAT FACE! http://i.imgur.com/xCnF37J.jpg", "date": "2016-03-23 01:42:58", "seriesname": "g1132_d1a6331", "file": "/media/jbrogan4/scratch2/Reddit_Prov_Dataset_v6/_Meerkats_under_a_heating_lamp/g1132_d1a6331.jpg", "URL": "http://i.imgur.com/xCnF37J.jpg", "fileid": "g1132_d1a6331.jpg"}, {"id": "g1132_d19s9k8", "comment": "Meermurs\n\nhttp://imgur.com/ix2Ojzs", "date": "2016-03-22 19:16:04", "seriesname": "g1132_d19s9k8", "file": "/media/jbrogan4/scratch2/Reddit_Prov_Dataset_v6/_Meerkats_under_a_heating_lamp/g1132_d19s9k8.png", "URL": "http://i.imgur.com/ix2Ojzs.png", "fileid": "g1132_d19s9k8.png"}, {"id": "g1132_d19t40e", "comment": "[Guy's be careful](http://imgur.com/YJjK7m4)", "date": "2016-03-22 19:37:12", "seriesname": "g1132_d19t40e", "file": "/media/jbrogan4/scratch2/Reddit_Prov_Dataset_v6/_Meerkats_under_a_heating_lamp/g1132_d19t40e.png", "URL": "http://i.imgur.com/YJjK7m4.png", "fileid": "g1132_d19t40e.png"}, {"id": "g1132_d19zdqn", "comment": "[The Covenant have upgraded their guns in unorthodox ways.](http://i.imgur.com/mpxH6f2.jpg)", "date": "2016-03-22 22:17:15", "seriesname": "g1132_d19zdqn", "file": "/media/jbrogan4/scratch2/Reddit_Prov_Dataset_v6/_Meerkats_under_a_heating_lamp/g1132_d19zdqn.jpg", "URL": "http://i.imgur.com/mpxH6f2.jpg", "fileid": "g1132_d19zdqn.jpg"}, {"id": "g1132_d19z66d", "comment": "[I was hungry.](http://i.imgur.com/cyYplzV.jpg)", "date": "2016-03-22 22:11:54", "seriesname": "g1132_d19z66d", "file": "/media/jbrogan4/scratch2/Reddit_Prov_Dataset_v6/_Meerkats_under_a_heating_lamp/g1132_d19z66d.jpg", "URL": "http://i.imgur.com/cyYplzV.jpg", "fileid": "g1132_d19z66d.jpg"}, {"id": "g1132_d1auytv", "comment": "[Arrived Early](http://imgur.com/c6ijaBw)", "date": "2016-03-23 15:22:50", "seriesname": "g1132_d1auytv", "file": "/media/jbrogan4/scratch2/Reddit_Prov_Dataset_v6/_Meerkats_under_a_heating_lamp/g1132_d1auytv.png", "URL": "http://i.imgur.com/c6ijaBw.png", "fileid": "g1132_d1auytv.png"}, {"id": "g1132_d1a6e9c", "comment": "[grilled food](http://i.imgur.com/Ez2RMed.jpg)", "date": "2016-03-23 01:55:41", "seriesname": "g1132_d1a6e9c", "file": "/media/jbrogan4/scratch2/Reddit_Prov_Dataset_v6/_Meerkats_under_a_heating_lamp/g1132_d1a6e9c.jpg", "URL": "http://i.imgur.com/Ez2RMed.jpg", "fileid": "g1132_d1a6e9c.jpg"}, {"id": "g1132_d1amz1h", "comment": "The Convergence is upon us, The Dark Meercats! http://imgur.com/gallery/vyUkUbY", "date": "2016-03-23 12:34:29", "seriesname": "g1132_d1amz1h", "file": "/media/jbrogan4/scratch2/Reddit_Prov_Dataset_v6/_Meerkats_under_a_heating_lamp/g1132_d1amz1h.png", "URL": "http://i.imgur.com/vyUkUbY.png", "fileid": "g1132_d1amz1h.png"}, {"id": "g1132_d19x1bn", "comment": "[He Went Pantsless](http://i.imgur.com/MKRxVIN.jpg)", "date": "2016-03-22 21:17:48", "seriesname": "g1132_d19x1bn", "file": "/media/jbrogan4/scratch2/Reddit_Prov_Dataset_v6/_Meerkats_under_a_heating_lamp/g1132_d19x1bn.jpg", "URL": "http://i.imgur.com/MKRxVIN.jpg", "fileid": "g1132_d19x1bn.jpg"}, {"id": "g1132_d1aonif", "comment": "New breed of flower discovered.\n\nhttp://imgur.com/9V92ap6", "date": "2016-03-23 13:09:50", "seriesname": "g1132_d1aonif", "file": "/media/jbrogan4/scratch2/Reddit_Prov_Dataset_v6/_Meerkats_under_a_heating_lamp/g1132_d1aonif.png", "URL": "http://i.imgur.com/9V92ap6.png", "fileid": "g1132_d1aonif.png"}, {"id": "g1132_d1acy7t", "comment": "Finally, what I was looking for. Reddit: http://i.imgur.com/ix2Ojzs.jpg?1", "date": "2016-03-23 08:07:21", "seriesname": "g1132_d1acy7t", "file": "/media/jbrogan4/scratch2/Reddit_Prov_Dataset_v6/_Meerkats_under_a_heating_lamp/g1132_d1acy7t.jpg", "URL": "http://i.imgur.com/ix2Ojzs.jpg?1", "fileid": "g1132_d1acy7t.jpg"}, {"id": "g1132_root", "comment": "", "date": "2016-03-22 17:50:16", "seriesname": "g1132_root", "file": "/media/jbrogan4/scratch2/Reddit_Prov_Dataset_v6/_Meerkats_under_a_heating_lamp/g1132_root.jpg", "URL": "http://i.imgur.com/JjUGw9G.jpg", "fileid": "g1132_root.jpg"}, {"id": "g1132_d19ylpw", "comment": "[xenomeerph egg](http://imgur.com/Wce1IFi)", "date": "2016-03-22 21:57:40", "seriesname": "g1132_d19ylpw", "file": "/media/jbrogan4/scratch2/Reddit_Prov_Dataset_v6/_Meerkats_under_a_heating_lamp/g1132_d19ylpw.png", "URL": "http://i.imgur.com/Wce1IFi.png", "fileid": "g1132_d19ylpw.png"}], "graph": {"name": "g1132_root"}, "directed": true}