{"links": [{"op": "none", "target": 0, "source": 57}, {"op": "none", "target": 1, "source": 57}, {"op": "none", "target": 2, "source": 57}, {"op": "none", "target": 3, "source": 57}, {"op": "none", "target": 4, "source": 55}, {"op": "none", "target": 5, "source": 57}, {"op": "none", "target": 6, "source": 57}, {"op": "none", "target": 7, "source": 57}, {"op": "none", "target": 8, "source": 53}, {"op": "none", "target": 9, "source": 57}, {"op": "none", "target": 10, "source": 11}, {"op": "none", "target": 11, "source": 57}, {"op": "none", "target": 12, "source": 57}, {"op": "none", "target": 13, "source": 57}, {"op": "none", "target": 14, "source": 55}, {"op": "none", "target": 15, "source": 55}, {"op": "none", "target": 16, "source": 57}, {"op": "none", "target": 17, "source": 57}, {"op": "none", "target": 18, "source": 58}, {"op": "none", "target": 19, "source": 35}, {"op": "none", "target": 20, "source": 57}, {"op": "none", "target": 21, "source": 57}, {"op": "none", "target": 22, "source": 57}, {"op": "none", "target": 23, "source": 4}, {"op": "none", "target": 24, "source": 57}, {"op": "none", "target": 25, "source": 19}, {"op": "none", "target": 26, "source": 36}, {"op": "none", "target": 27, "source": 57}, {"op": "none", "target": 28, "source": 57}, {"op": "none", "target": 29, "source": 57}, {"op": "none", "target": 30, "source": 57}, {"op": "none", "target": 31, "source": 57}, {"op": "none", "target": 32, "source": 57}, {"op": "none", "target": 33, "source": 57}, {"op": "none", "target": 34, "source": 57}, {"op": "none", "target": 35, "source": 45}, {"op": "none", "target": 36, "source": 52}, {"op": "none", "target": 37, "source": 57}, {"op": "none", "target": 38, "source": 57}, {"op": "none", "target": 39, "source": 57}, {"op": "none", "target": 40, "source": 0}, {"op": "none", "target": 41, "source": 42}, {"op": "none", "target": 42, "source": 57}, {"op": "none", "target": 43, "source": 57}, {"op": "none", "target": 44, "source": 57}, {"op": "none", "target": 45, "source": 4}, {"op": "none", "target": 46, "source": 57}, {"op": "none", "target": 47, "source": 57}, {"op": "none", "target": 48, "source": 57}, {"op": "none", "target": 49, "source": 57}, {"op": "none", "target": 50, "source": 57}, {"op": "none", "target": 51, "source": 57}, {"op": "none", "target": 52, "source": 57}, {"op": "none", "target": 53, "source": 23}, {"op": "none", "target": 54, "source": 57}, {"op": "none", "target": 55, "source": 57}, {"op": "none", "target": 56, "source": 57}, {"op": "none", "target": 58, "source": 57}, {"op": "none", "target": 59, "source": 57}], "title": "_Hi-res,_non-watermarked_image_of_Harold_the_stock_photo_model_giving_a_thumbs_up", "nodes": [{"id": "g1139_cwrccpu", "comment": "http://i.imgur.com/YGKphDz.jpg", "date": "2015-11-06 20:11:37", "seriesname": "g1139_cwrccpu", "file": "/media/jbrogan4/scratch2/Reddit_Prov_Dataset_v6/_Hi-res,_non-watermarked_image_of_Harold_the_stock_photo_model_giving_a_thumbs_up/g1139_cwrccpu.jpg", "URL": "http://i.imgur.com/YGKphDz.jpg", "fileid": "g1139_cwrccpu.jpg"}, {"id": "g1139_cwre5wt", "comment": "[Some men just want to watch the world burn](http://imgur.com/GEI8ZD8) ", "date": "2015-11-06 21:08:43", "seriesname": "g1139_cwre5wt", "file": "/media/jbrogan4/scratch2/Reddit_Prov_Dataset_v6/_Hi-res,_non-watermarked_image_of_Harold_the_stock_photo_model_giving_a_thumbs_up/g1139_cwre5wt.png", "URL": "http://i.imgur.com/GEI8ZD8.png", "fileid": "g1139_cwre5wt.png"}, {"id": "g1139_cwrkzu7", "comment": "[Who's ready for fallout?](http://i.imgur.com/v6BflQn.png)", "date": "2015-11-07 01:18:35", "seriesname": "g1139_cwrkzu7", "file": "/media/jbrogan4/scratch2/Reddit_Prov_Dataset_v6/_Hi-res,_non-watermarked_image_of_Harold_the_stock_photo_model_giving_a_thumbs_up/g1139_cwrkzu7.png", "URL": "http://i.imgur.com/v6BflQn.png", "fileid": "g1139_cwrkzu7.png"}, {"id": "g1139_cwrc5sf", "comment": "I used to love this game as a kid.\n\nhttp://i.imgur.com/Rt4sR8e.jpg", "date": "2015-11-06 20:05:31", "seriesname": "g1139_cwrc5sf", "file": "/media/jbrogan4/scratch2/Reddit_Prov_Dataset_v6/_Hi-res,_non-watermarked_image_of_Harold_the_stock_photo_model_giving_a_thumbs_up/g1139_cwrc5sf.jpg", "URL": "http://i.imgur.com/Rt4sR8e.jpg", "fileid": "g1139_cwrc5sf.jpg"}, {"id": "g1139_cwrbaks", "comment": "http://i.imgur.com/yTzaSld.jpg", "date": "2015-11-06 19:38:58", "seriesname": "g1139_cwrbaks", "file": "/media/jbrogan4/scratch2/Reddit_Prov_Dataset_v6/_Hi-res,_non-watermarked_image_of_Harold_the_stock_photo_model_giving_a_thumbs_up/g1139_cwrbaks.jpg", "URL": "http://i.imgur.com/yTzaSld.jpg", "fileid": "g1139_cwrbaks.jpg"}, {"id": "g1139_cwrkie3", "comment": "Don't end up like Harold, wear [sun screen](http://i.imgur.com/KxpDubU.jpg)", "date": "2015-11-07 00:56:14", "seriesname": "g1139_cwrkie3", "file": "/media/jbrogan4/scratch2/Reddit_Prov_Dataset_v6/_Hi-res,_non-watermarked_image_of_Harold_the_stock_photo_model_giving_a_thumbs_up/g1139_cwrkie3.jpg", "URL": "http://i.imgur.com/KxpDubU.jpg", "fileid": "g1139_cwrkie3.jpg"}, {"id": "g1139_cwrkpyl", "comment": "Harold's troubled past http://i.imgur.com/2eFcInsh.jpg", "date": "2015-11-07 01:05:40", "seriesname": "g1139_cwrkpyl", "file": "/media/jbrogan4/scratch2/Reddit_Prov_Dataset_v6/_Hi-res,_non-watermarked_image_of_Harold_the_stock_photo_model_giving_a_thumbs_up/g1139_cwrkpyl.jpg", "URL": "http://i.imgur.com/2eFcInsh.jpg", "fileid": "g1139_cwrkpyl.jpg"}, {"id": "g1139_cwrf9zp", "comment": "[classic harold](http://i.imgur.com/ZiqNIWV.png)", "date": "2015-11-06 21:43:47", "seriesname": "g1139_cwrf9zp", "file": "/media/jbrogan4/scratch2/Reddit_Prov_Dataset_v6/_Hi-res,_non-watermarked_image_of_Harold_the_stock_photo_model_giving_a_thumbs_up/g1139_cwrf9zp.png", "URL": "http://i.imgur.com/ZiqNIWV.png", "fileid": "g1139_cwrf9zp.png"}, {"id": "g1139_cwrn8ei", "comment": "http://i.imgur.com/8QQ84an.jpg", "date": "2015-11-07 03:23:41", "seriesname": "g1139_cwrn8ei", "file": "/media/jbrogan4/scratch2/Reddit_Prov_Dataset_v6/_Hi-res,_non-watermarked_image_of_Harold_the_stock_photo_model_giving_a_thumbs_up/g1139_cwrn8ei.jpg", "URL": "http://i.imgur.com/8QQ84an.jpg", "fileid": "g1139_cwrn8ei.jpg"}, {"id": "g1139_cwrfoye", "comment": "[\"Check out my clouds bro\"](http://i.imgur.com/UgAzVTx.jpg)", "date": "2015-11-06 21:57:03", "seriesname": "g1139_cwrfoye", "file": "/media/jbrogan4/scratch2/Reddit_Prov_Dataset_v6/_Hi-res,_non-watermarked_image_of_Harold_the_stock_photo_model_giving_a_thumbs_up/g1139_cwrfoye.jpg", "URL": "http://i.imgur.com/UgAzVTx.jpg", "fileid": "g1139_cwrfoye.jpg"}, {"id": "g1139_cwrc2ev", "comment": "[CEASAR!](http://i.imgur.com/KAskVyz.jpg)", "date": "2015-11-06 20:02:24", "seriesname": "g1139_cwrc2ev", "file": "/media/jbrogan4/scratch2/Reddit_Prov_Dataset_v6/_Hi-res,_non-watermarked_image_of_Harold_the_stock_photo_model_giving_a_thumbs_up/g1139_cwrc2ev.jpg", "URL": "http://i.imgur.com/KAskVyz.jpg", "fileid": "g1139_cwrc2ev.jpg"}, {"id": "g1139_cwrahxb", "comment": "[Ceasar!](http://imgur.com/831uAPI)", "date": "2015-11-06 19:14:47", "seriesname": "g1139_cwrahxb", "file": "/media/jbrogan4/scratch2/Reddit_Prov_Dataset_v6/_Hi-res,_non-watermarked_image_of_Harold_the_stock_photo_model_giving_a_thumbs_up/g1139_cwrahxb.png", "URL": "http://i.imgur.com/831uAPI.png", "fileid": "g1139_cwrahxb.png"}, {"id": "g1139_cwrbzue", "comment": "https://imgur.com/CjrQ3Pz", "date": "2015-11-06 20:00:11", "seriesname": "g1139_cwrbzue", "file": "/media/jbrogan4/scratch2/Reddit_Prov_Dataset_v6/_Hi-res,_non-watermarked_image_of_Harold_the_stock_photo_model_giving_a_thumbs_up/g1139_cwrbzue.png", "URL": "http://i.imgur.com/CjrQ3Pz.png", "fileid": "g1139_cwrbzue.png"}, {"id": "g1139_cwrbft9", "comment": "http://i.imgur.com/aImSXa2.jpg", "date": "2015-11-06 19:43:21", "seriesname": "g1139_cwrbft9", "file": "/media/jbrogan4/scratch2/Reddit_Prov_Dataset_v6/_Hi-res,_non-watermarked_image_of_Harold_the_stock_photo_model_giving_a_thumbs_up/g1139_cwrbft9.jpg", "URL": "http://i.imgur.com/aImSXa2.jpg", "fileid": "g1139_cwrbft9.jpg"}, {"id": "g1139_cwrc7hf", "comment": "http://i.imgur.com/2mdhcos.png", "date": "2015-11-06 20:07:02", "seriesname": "g1139_cwrc7hf", "file": "/media/jbrogan4/scratch2/Reddit_Prov_Dataset_v6/_Hi-res,_non-watermarked_image_of_Harold_the_stock_photo_model_giving_a_thumbs_up/g1139_cwrc7hf.png", "URL": "http://i.imgur.com/2mdhcos.png", "fileid": "g1139_cwrc7hf.png"}, {"id": "g1139_cwrdf2v", "comment": "http://i.imgur.com/ljAlnVt.png", "date": "2015-11-06 20:45:10", "seriesname": "g1139_cwrdf2v", "file": "/media/jbrogan4/scratch2/Reddit_Prov_Dataset_v6/_Hi-res,_non-watermarked_image_of_Harold_the_stock_photo_model_giving_a_thumbs_up/g1139_cwrdf2v.png", "URL": "http://i.imgur.com/ljAlnVt.png", "fileid": "g1139_cwrdf2v.png"}, {"id": "g1139_cwrcc24", "comment": "[Harold and Jules](http://i.imgur.com/KH5jNyf.jpg?1)", "date": "2015-11-06 20:11:03", "seriesname": "g1139_cwrcc24", "file": "/media/jbrogan4/scratch2/Reddit_Prov_Dataset_v6/_Hi-res,_non-watermarked_image_of_Harold_the_stock_photo_model_giving_a_thumbs_up/g1139_cwrcc24.jpg", "URL": "http://i.imgur.com/KH5jNyf.jpg?1", "fileid": "g1139_cwrcc24.jpg"}, {"id": "g1139_cwrg8og", "comment": "[Harolds pain has taken him on a dark path.](http://i.imgur.com/5XkkTTx.jpg)", "date": "2015-11-06 22:15:16", "seriesname": "g1139_cwrg8og", "file": "/media/jbrogan4/scratch2/Reddit_Prov_Dataset_v6/_Hi-res,_non-watermarked_image_of_Harold_the_stock_photo_model_giving_a_thumbs_up/g1139_cwrg8og.jpg", "URL": "http://i.imgur.com/5XkkTTx.jpg", "fileid": "g1139_cwrg8og.jpg"}, {"id": "g1139_cwrfkxg", "comment": "http://imgur.com/tjIJkeO", "date": "2015-11-06 21:53:26", "seriesname": "g1139_cwrfkxg", "file": "/media/jbrogan4/scratch2/Reddit_Prov_Dataset_v6/_Hi-res,_non-watermarked_image_of_Harold_the_stock_photo_model_giving_a_thumbs_up/g1139_cwrfkxg.png", "URL": "http://i.imgur.com/tjIJkeO.png", "fileid": "g1139_cwrfkxg.png"}, {"id": "g1139_cwrm1om", "comment": "[Fine](http://i.imgur.com/ykeIts1.jpg)", "date": "2015-11-07 02:13:12", "seriesname": "g1139_cwrm1om", "file": "/media/jbrogan4/scratch2/Reddit_Prov_Dataset_v6/_Hi-res,_non-watermarked_image_of_Harold_the_stock_photo_model_giving_a_thumbs_up/g1139_cwrm1om.jpg", "URL": "http://i.imgur.com/ykeIts1.jpg", "fileid": "g1139_cwrm1om.jpg"}, {"id": "g1139_cwratz4", "comment": "Harold disapproves.\nhttp://i.imgur.com/ObBgbIO.jpg", "date": "2015-11-06 19:25:06", "seriesname": "g1139_cwratz4", "file": "/media/jbrogan4/scratch2/Reddit_Prov_Dataset_v6/_Hi-res,_non-watermarked_image_of_Harold_the_stock_photo_model_giving_a_thumbs_up/g1139_cwratz4.jpg", "URL": "http://i.imgur.com/ObBgbIO.jpg", "fileid": "g1139_cwratz4.jpg"}, {"id": "g1139_cwrex40", "comment": "[Rectum, damn near killed em!](http://i.imgur.com/Ws99uxF.jpg)", "date": "2015-11-06 21:32:12", "seriesname": "g1139_cwrex40", "file": "/media/jbrogan4/scratch2/Reddit_Prov_Dataset_v6/_Hi-res,_non-watermarked_image_of_Harold_the_stock_photo_model_giving_a_thumbs_up/g1139_cwrex40.jpg", "URL": "http://i.imgur.com/Ws99uxF.jpg", "fileid": "g1139_cwrex40.jpg"}, {"id": "g1139_cwrfhbq", "comment": "[They just keep making them](http://i.imgur.com/QLNmdhz.jpg)", "date": "2015-11-06 21:50:18", "seriesname": "g1139_cwrfhbq", "file": "/media/jbrogan4/scratch2/Reddit_Prov_Dataset_v6/_Hi-res,_non-watermarked_image_of_Harold_the_stock_photo_model_giving_a_thumbs_up/g1139_cwrfhbq.jpg", "URL": "http://i.imgur.com/QLNmdhz.jpg", "fileid": "g1139_cwrfhbq.jpg"}, {"id": "g1139_cwrdqqo", "comment": "WE MUST GO DEEPER!!! http://imgur.com/BugdpiN", "date": "2015-11-06 20:55:19", "seriesname": "g1139_cwrdqqo", "file": "/media/jbrogan4/scratch2/Reddit_Prov_Dataset_v6/_Hi-res,_non-watermarked_image_of_Harold_the_stock_photo_model_giving_a_thumbs_up/g1139_cwrdqqo.png", "URL": "http://i.imgur.com/BugdpiN.png", "fileid": "g1139_cwrdqqo.png"}, {"id": "g1139_cwret6u", "comment": "http://i.imgur.com/otYImv0.jpg", "date": "2015-11-06 21:28:54", "seriesname": "g1139_cwret6u", "file": "/media/jbrogan4/scratch2/Reddit_Prov_Dataset_v6/_Hi-res,_non-watermarked_image_of_Harold_the_stock_photo_model_giving_a_thumbs_up/g1139_cwret6u.jpg", "URL": "http://i.imgur.com/otYImv0.jpg", "fileid": "g1139_cwret6u.jpg"}, {"id": "g1139_cwro17w", "comment": "http://imgur.com/UpBgsFO", "date": "2015-11-07 04:20:20", "seriesname": "g1139_cwro17w", "file": "/media/jbrogan4/scratch2/Reddit_Prov_Dataset_v6/_Hi-res,_non-watermarked_image_of_Harold_the_stock_photo_model_giving_a_thumbs_up/g1139_cwro17w.png", "URL": "http://i.imgur.com/UpBgsFO.png", "fileid": "g1139_cwro17w.png"}, {"id": "g1139_cwresut", "comment": "[Better?](http://imgur.com/4pVd9cv)", "date": "2015-11-06 21:28:36", "seriesname": "g1139_cwresut", "file": "/media/jbrogan4/scratch2/Reddit_Prov_Dataset_v6/_Hi-res,_non-watermarked_image_of_Harold_the_stock_photo_model_giving_a_thumbs_up/g1139_cwresut.png", "URL": "http://i.imgur.com/4pVd9cv.png", "fileid": "g1139_cwresut.png"}, {"id": "g1139_cwrd3vp", "comment": "[Knitted full bodysuit](https://imgur.com/4CnZkPP)", "date": "2015-11-06 20:35:35", "seriesname": "g1139_cwrd3vp", "file": "/media/jbrogan4/scratch2/Reddit_Prov_Dataset_v6/_Hi-res,_non-watermarked_image_of_Harold_the_stock_photo_model_giving_a_thumbs_up/g1139_cwrd3vp.png", "URL": "http://i.imgur.com/4CnZkPP.png", "fileid": "g1139_cwrd3vp.png"}, {"id": "g1139_cwrfwlf", "comment": "[Thumb Fiction](http://i.imgur.com/lvXrlKF.jpg)\n\nPS. My first. Please be gentle. [Originals here.](http://thumbsandammo.blogspot.com)", "date": "2015-11-06 22:04:02", "seriesname": "g1139_cwrfwlf", "file": "/media/jbrogan4/scratch2/Reddit_Prov_Dataset_v6/_Hi-res,_non-watermarked_image_of_Harold_the_stock_photo_model_giving_a_thumbs_up/g1139_cwrfwlf.jpg", "URL": "http://i.imgur.com/lvXrlKF.jpg", "fileid": "g1139_cwrfwlf.jpg"}, {"id": "g1139_cwrfo0x", "comment": "http://i.imgur.com/TUof4C3.jpg\nspacey", "date": "2015-11-06 21:56:13", "seriesname": "g1139_cwrfo0x", "file": "/media/jbrogan4/scratch2/Reddit_Prov_Dataset_v6/_Hi-res,_non-watermarked_image_of_Harold_the_stock_photo_model_giving_a_thumbs_up/g1139_cwrfo0x.jpg", "URL": "http://i.imgur.com/TUof4C3.jpg", "fileid": "g1139_cwrfo0x.jpg"}, {"id": "g1139_cwr5x3l", "comment": "[He likes what he sees.](http://i.imgur.com/glvaek3.jpg)", "date": "2015-11-06 17:05:26", "seriesname": "g1139_cwr5x3l", "file": "/media/jbrogan4/scratch2/Reddit_Prov_Dataset_v6/_Hi-res,_non-watermarked_image_of_Harold_the_stock_photo_model_giving_a_thumbs_up/g1139_cwr5x3l.jpg", "URL": "http://i.imgur.com/glvaek3.jpg", "fileid": "g1139_cwr5x3l.jpg"}, {"id": "g1139_cwrdc85", "comment": "http://i.imgur.com/XHdEH2A.jpg", "date": "2015-11-06 20:42:39", "seriesname": "g1139_cwrdc85", "file": "/media/jbrogan4/scratch2/Reddit_Prov_Dataset_v6/_Hi-res,_non-watermarked_image_of_Harold_the_stock_photo_model_giving_a_thumbs_up/g1139_cwrdc85.jpg", "URL": "http://i.imgur.com/XHdEH2A.jpg", "fileid": "g1139_cwrdc85.jpg"}, {"id": "g1139_cwr9zxs", "comment": "[Everything is A-~~O~~K!](http://imgur.com/nonq7XV)", "date": "2015-11-06 18:59:33", "seriesname": "g1139_cwr9zxs", "file": "/media/jbrogan4/scratch2/Reddit_Prov_Dataset_v6/_Hi-res,_non-watermarked_image_of_Harold_the_stock_photo_model_giving_a_thumbs_up/g1139_cwr9zxs.png", "URL": "http://i.imgur.com/nonq7XV.png", "fileid": "g1139_cwr9zxs.png"}, {"id": "g1139_cwr9ury", "comment": "http://i.imgur.com/0gIdLi1.jpg", "date": "2015-11-06 18:55:17", "seriesname": "g1139_cwr9ury", "file": "/media/jbrogan4/scratch2/Reddit_Prov_Dataset_v6/_Hi-res,_non-watermarked_image_of_Harold_the_stock_photo_model_giving_a_thumbs_up/g1139_cwr9ury.jpg", "URL": "http://i.imgur.com/0gIdLi1.jpg", "fileid": "g1139_cwr9ury.jpg"}, {"id": "g1139_cwrego7", "comment": "[Most Epic Harold you will ever see](http://i.imgur.com/uQple9D.jpg)", "date": "2015-11-06 21:18:02", "seriesname": "g1139_cwrego7", "file": "/media/jbrogan4/scratch2/Reddit_Prov_Dataset_v6/_Hi-res,_non-watermarked_image_of_Harold_the_stock_photo_model_giving_a_thumbs_up/g1139_cwrego7.jpg", "URL": "http://i.imgur.com/uQple9D.jpg", "fileid": "g1139_cwrego7.jpg"}, {"id": "g1139_cwrk1x5", "comment": "http://i.imgur.com/Xu7Mkr1.jpg", "date": "2015-11-07 00:36:06", "seriesname": "g1139_cwrk1x5", "file": "/media/jbrogan4/scratch2/Reddit_Prov_Dataset_v6/_Hi-res,_non-watermarked_image_of_Harold_the_stock_photo_model_giving_a_thumbs_up/g1139_cwrk1x5.jpg", "URL": "http://i.imgur.com/Xu7Mkr1.jpg", "fileid": "g1139_cwrk1x5.jpg"}, {"id": "g1139_cwrdccv", "comment": "[Like this?](http://imgur.com/MzoZGNM)", "date": "2015-11-06 20:42:45", "seriesname": "g1139_cwrdccv", "file": "/media/jbrogan4/scratch2/Reddit_Prov_Dataset_v6/_Hi-res,_non-watermarked_image_of_Harold_the_stock_photo_model_giving_a_thumbs_up/g1139_cwrdccv.png", "URL": "http://i.imgur.com/MzoZGNM.png", "fileid": "g1139_cwrdccv.png"}, {"id": "g1139_cwrcyib", "comment": "[Sculpture](http://i.imgur.com/ouVTo8R.jpg)", "date": "2015-11-06 20:30:51", "seriesname": "g1139_cwrcyib", "file": "/media/jbrogan4/scratch2/Reddit_Prov_Dataset_v6/_Hi-res,_non-watermarked_image_of_Harold_the_stock_photo_model_giving_a_thumbs_up/g1139_cwrcyib.jpg", "URL": "http://i.imgur.com/ouVTo8R.jpg", "fileid": "g1139_cwrcyib.jpg"}, {"id": "g1139_cwra3ex", "comment": "[Hide The Pain Harold](http://i.imgur.com/JItqwmS.jpg)", "date": "2015-11-06 19:02:29", "seriesname": "g1139_cwra3ex", "file": "/media/jbrogan4/scratch2/Reddit_Prov_Dataset_v6/_Hi-res,_non-watermarked_image_of_Harold_the_stock_photo_model_giving_a_thumbs_up/g1139_cwra3ex.jpg", "URL": "http://i.imgur.com/JItqwmS.jpg", "fileid": "g1139_cwra3ex.jpg"}, {"id": "g1139_cwrg255", "comment": "[sick of wearing whatever you tell me to!!](http://imgur.com/rYWRVez)", "date": "2015-11-06 22:09:13", "seriesname": "g1139_cwrg255", "file": "/media/jbrogan4/scratch2/Reddit_Prov_Dataset_v6/_Hi-res,_non-watermarked_image_of_Harold_the_stock_photo_model_giving_a_thumbs_up/g1139_cwrg255.png", "URL": "http://i.imgur.com/rYWRVez.png", "fileid": "g1139_cwrg255.png"}, {"id": "g1139_cwreyta", "comment": "[Is this better?](http://i.imgur.com/bjGb4P2.jpg)", "date": "2015-11-06 21:33:47", "seriesname": "g1139_cwreyta", "file": "/media/jbrogan4/scratch2/Reddit_Prov_Dataset_v6/_Hi-res,_non-watermarked_image_of_Harold_the_stock_photo_model_giving_a_thumbs_up/g1139_cwreyta.jpg", "URL": "http://i.imgur.com/bjGb4P2.jpg", "fileid": "g1139_cwreyta.jpg"}, {"id": "g1139_cwrlyih", "comment": "[Can confirm.](http://i.imgur.com/rheVywv.jpg)", "date": "2015-11-07 02:08:20", "seriesname": "g1139_cwrlyih", "file": "/media/jbrogan4/scratch2/Reddit_Prov_Dataset_v6/_Hi-res,_non-watermarked_image_of_Harold_the_stock_photo_model_giving_a_thumbs_up/g1139_cwrlyih.jpg", "URL": "http://i.imgur.com/rheVywv.jpg", "fileid": "g1139_cwrlyih.jpg"}, {"id": "g1139_cwrdul0", "comment": "This guy has been a top model for decades. Here's some of his earlier work.\n\nhttp://i.imgur.com/OZ50g5a.png", "date": "2015-11-06 20:58:39", "seriesname": "g1139_cwrdul0", "file": "/media/jbrogan4/scratch2/Reddit_Prov_Dataset_v6/_Hi-res,_non-watermarked_image_of_Harold_the_stock_photo_model_giving_a_thumbs_up/g1139_cwrdul0.png", "URL": "http://i.imgur.com/OZ50g5a.png", "fileid": "g1139_cwrdul0.png"}, {"id": "g1139_cwrarm0", "comment": "[With fallout 4 coming out in 3 days i though \"eh, why the hell not?\"](http://i.imgur.com/oGhmW3x.png)", "date": "2015-11-06 19:23:05", "seriesname": "g1139_cwrarm0", "file": "/media/jbrogan4/scratch2/Reddit_Prov_Dataset_v6/_Hi-res,_non-watermarked_image_of_Harold_the_stock_photo_model_giving_a_thumbs_up/g1139_cwrarm0.png", "URL": "http://i.imgur.com/oGhmW3x.png", "fileid": "g1139_cwrarm0.png"}, {"id": "g1139_cwrhf2w", "comment": "http://i.imgur.com/Ka0L0u4.jpg", "date": "2015-11-06 22:55:40", "seriesname": "g1139_cwrhf2w", "file": "/media/jbrogan4/scratch2/Reddit_Prov_Dataset_v6/_Hi-res,_non-watermarked_image_of_Harold_the_stock_photo_model_giving_a_thumbs_up/g1139_cwrhf2w.jpg", "URL": "http://i.imgur.com/Ka0L0u4.jpg", "fileid": "g1139_cwrhf2w.jpg"}, {"id": "g1139_cwreq2d", "comment": "[Just for you](http://i.imgur.com/gjIYaDV.png)", "date": "2015-11-06 21:26:15", "seriesname": "g1139_cwreq2d", "file": "/media/jbrogan4/scratch2/Reddit_Prov_Dataset_v6/_Hi-res,_non-watermarked_image_of_Harold_the_stock_photo_model_giving_a_thumbs_up/g1139_cwreq2d.png", "URL": "http://i.imgur.com/gjIYaDV.png", "fileid": "g1139_cwreq2d.png"}, {"id": "g1139_cwra3va", "comment": "[Fixed*](http://i.imgur.com/34vQcpZ.png?1)\nEdit: First time gilded, thanks! :3", "date": "2015-11-06 19:02:52", "seriesname": "g1139_cwra3va", "file": "/media/jbrogan4/scratch2/Reddit_Prov_Dataset_v6/_Hi-res,_non-watermarked_image_of_Harold_the_stock_photo_model_giving_a_thumbs_up/g1139_cwra3va.png", "URL": "http://i.imgur.com/34vQcpZ.png?1", "fileid": "g1139_cwra3va.png"}, {"id": "g1139_cwrci76", "comment": "[Someone's ready for Star Wars](http://i.imgur.com/qvAVoVb.jpg)", "date": "2015-11-06 20:16:22", "seriesname": "g1139_cwrci76", "file": "/media/jbrogan4/scratch2/Reddit_Prov_Dataset_v6/_Hi-res,_non-watermarked_image_of_Harold_the_stock_photo_model_giving_a_thumbs_up/g1139_cwrci76.jpg", "URL": "http://i.imgur.com/qvAVoVb.jpg", "fileid": "g1139_cwrci76.jpg"}, {"id": "g1139_cwrctb2", "comment": "[With the stock image business in decline, Harold had to turn to the streets.](http://i.imgur.com/OaFQNxn.jpg)", "date": "2015-11-06 20:26:12", "seriesname": "g1139_cwrctb2", "file": "/media/jbrogan4/scratch2/Reddit_Prov_Dataset_v6/_Hi-res,_non-watermarked_image_of_Harold_the_stock_photo_model_giving_a_thumbs_up/g1139_cwrctb2.jpg", "URL": "http://i.imgur.com/OaFQNxn.jpg", "fileid": "g1139_cwrctb2.jpg"}, {"id": "g1139_cwrbkwa", "comment": "http://i.imgur.com/PtgL9zk.jpg", "date": "2015-11-06 19:47:32", "seriesname": "g1139_cwrbkwa", "file": "/media/jbrogan4/scratch2/Reddit_Prov_Dataset_v6/_Hi-res,_non-watermarked_image_of_Harold_the_stock_photo_model_giving_a_thumbs_up/g1139_cwrbkwa.jpg", "URL": "http://i.imgur.com/PtgL9zk.jpg", "fileid": "g1139_cwrbkwa.jpg"}, {"id": "g1139_cwrqieq", "comment": "[50 years from now!](http://i.imgur.com/8hf4PhL.jpg)", "date": "2015-11-07 07:26:52", "seriesname": "g1139_cwrqieq", "file": "/media/jbrogan4/scratch2/Reddit_Prov_Dataset_v6/_Hi-res,_non-watermarked_image_of_Harold_the_stock_photo_model_giving_a_thumbs_up/g1139_cwrqieq.jpg", "URL": "http://i.imgur.com/8hf4PhL.jpg", "fileid": "g1139_cwrqieq.jpg"}, {"id": "g1139_cwrc7ys", "comment": "[After a trip to the dentist, I feel great!!](http://i.imgur.com/HrkZlcZ.jpg)", "date": "2015-11-06 20:07:27", "seriesname": "g1139_cwrc7ys", "file": "/media/jbrogan4/scratch2/Reddit_Prov_Dataset_v6/_Hi-res,_non-watermarked_image_of_Harold_the_stock_photo_model_giving_a_thumbs_up/g1139_cwrc7ys.jpg", "URL": "http://i.imgur.com/HrkZlcZ.jpg", "fileid": "g1139_cwrc7ys.jpg"}, {"id": "g1139_cwrc16t", "comment": "[Just messing around](https://imgur.com/SJlgKFQ) ", "date": "2015-11-06 20:01:20", "seriesname": "g1139_cwrc16t", "file": "/media/jbrogan4/scratch2/Reddit_Prov_Dataset_v6/_Hi-res,_non-watermarked_image_of_Harold_the_stock_photo_model_giving_a_thumbs_up/g1139_cwrc16t.png", "URL": "http://i.imgur.com/SJlgKFQ.png", "fileid": "g1139_cwrc16t.png"}, {"id": "g1139_cwrjpy4", "comment": "DEEEEEEEEEEEEEPER!!!!!!! http://imgur.com/jKFBcF2", "date": "2015-11-07 00:21:40", "seriesname": "g1139_cwrjpy4", "file": "/media/jbrogan4/scratch2/Reddit_Prov_Dataset_v6/_Hi-res,_non-watermarked_image_of_Harold_the_stock_photo_model_giving_a_thumbs_up/g1139_cwrjpy4.png", "URL": "http://i.imgur.com/jKFBcF2.png", "fileid": "g1139_cwrjpy4.png"}, {"id": "g1139_cwrdvnk", "comment": "[Modern Living](http://i.imgur.com/e1lNPoq.jpg)", "date": "2015-11-06 20:59:37", "seriesname": "g1139_cwrdvnk", "file": "/media/jbrogan4/scratch2/Reddit_Prov_Dataset_v6/_Hi-res,_non-watermarked_image_of_Harold_the_stock_photo_model_giving_a_thumbs_up/g1139_cwrdvnk.jpg", "URL": "http://i.imgur.com/e1lNPoq.jpg", "fileid": "g1139_cwrdvnk.jpg"}, {"id": "g1139_cwraahr", "comment": "[HQ as fuck](http://i.imgur.com/x16uR0p.png)\n\nEdit 1: now full screen.\n\n[Edit 2:](https://youtu.be/BKBJ39sL6yA) as requested by /u/VagueSomething", "date": "2015-11-06 19:08:27", "seriesname": "g1139_cwraahr", "file": "/media/jbrogan4/scratch2/Reddit_Prov_Dataset_v6/_Hi-res,_non-watermarked_image_of_Harold_the_stock_photo_model_giving_a_thumbs_up/g1139_cwraahr.png", "URL": "http://i.imgur.com/x16uR0p.png", "fileid": "g1139_cwraahr.png"}, {"id": "g1139_cwranul", "comment": "http://imgur.com/XAclQ3h", "date": "2015-11-06 19:19:50", "seriesname": "g1139_cwranul", "file": "/media/jbrogan4/scratch2/Reddit_Prov_Dataset_v6/_Hi-res,_non-watermarked_image_of_Harold_the_stock_photo_model_giving_a_thumbs_up/g1139_cwranul.png", "URL": "http://i.imgur.com/XAclQ3h.png", "fileid": "g1139_cwranul.png"}, {"id": "g1139_root", "comment": "", "date": "2015-11-06 16:51:14", "seriesname": "g1139_root", "file": "/media/jbrogan4/scratch2/Reddit_Prov_Dataset_v6/_Hi-res,_non-watermarked_image_of_Harold_the_stock_photo_model_giving_a_thumbs_up/g1139_root.jpg", "URL": "https://i.imgur.com/iZiMcGZ.jpg", "fileid": "g1139_root.jpg"}, {"id": "g1139_cwrbr0v", "comment": "[When you're fucked up but you want to look like everything's alright](http://i.imgur.com/pk5dXyH.jpg)", "date": "2015-11-06 19:52:46", "seriesname": "g1139_cwrbr0v", "file": "/media/jbrogan4/scratch2/Reddit_Prov_Dataset_v6/_Hi-res,_non-watermarked_image_of_Harold_the_stock_photo_model_giving_a_thumbs_up/g1139_cwrbr0v.jpg", "URL": "http://i.imgur.com/pk5dXyH.jpg", "fileid": "g1139_cwrbr0v.jpg"}, {"id": "g1139_cwrgxox", "comment": "Had no idea what I was doing, but this happened.\nhttp://i.imgur.com/V9mlDuI.jpg", "date": "2015-11-06 22:38:49", "seriesname": "g1139_cwrgxox", "file": "/media/jbrogan4/scratch2/Reddit_Prov_Dataset_v6/_Hi-res,_non-watermarked_image_of_Harold_the_stock_photo_model_giving_a_thumbs_up/g1139_cwrgxox.jpg", "URL": "http://i.imgur.com/V9mlDuI.jpg", "fileid": "g1139_cwrgxox.jpg"}], "graph": {"name": "g1139_root"}, "directed": true}