{"links": [{"op": "none", "target": 0, "source": 48}, {"op": "none", "target": 1, "source": 48}, {"op": "none", "target": 2, "source": 48}, {"op": "none", "target": 3, "source": 48}, {"op": "none", "target": 4, "source": 26}, {"op": "none", "target": 5, "source": 48}, {"op": "none", "target": 6, "source": 48}, {"op": "none", "target": 7, "source": 48}, {"op": "none", "target": 8, "source": 48}, {"op": "none", "target": 9, "source": 31}, {"op": "none", "target": 10, "source": 48}, {"op": "none", "target": 11, "source": 48}, {"op": "none", "target": 12, "source": 48}, {"op": "none", "target": 13, "source": 48}, {"op": "none", "target": 14, "source": 48}, {"op": "none", "target": 15, "source": 48}, {"op": "none", "target": 16, "source": 48}, {"op": "none", "target": 17, "source": 48}, {"op": "none", "target": 18, "source": 45}, {"op": "none", "target": 19, "source": 48}, {"op": "none", "target": 20, "source": 48}, {"op": "none", "target": 21, "source": 48}, {"op": "none", "target": 22, "source": 48}, {"op": "none", "target": 23, "source": 25}, {"op": "none", "target": 24, "source": 48}, {"op": "none", "target": 25, "source": 48}, {"op": "none", "target": 26, "source": 48}, {"op": "none", "target": 27, "source": 48}, {"op": "none", "target": 28, "source": 48}, {"op": "none", "target": 29, "source": 13}, {"op": "none", "target": 30, "source": 48}, {"op": "none", "target": 31, "source": 48}, {"op": "none", "target": 32, "source": 48}, {"op": "none", "target": 33, "source": 48}, {"op": "none", "target": 34, "source": 48}, {"op": "none", "target": 35, "source": 48}, {"op": "none", "target": 36, "source": 48}, {"op": "none", "target": 37, "source": 19}, {"op": "none", "target": 38, "source": 48}, {"op": "none", "target": 39, "source": 48}, {"op": "none", "target": 40, "source": 18}, {"op": "none", "target": 41, "source": 48}, {"op": "none", "target": 42, "source": 29}, {"op": "none", "target": 43, "source": 31}, {"op": "none", "target": 44, "source": 48}, {"op": "none", "target": 45, "source": 48}, {"op": "none", "target": 46, "source": 48}, {"op": "none", "target": 47, "source": 23}, {"op": "none", "target": 49, "source": 48}, {"op": "none", "target": 50, "source": 48}], "title": "_Hotel_in_Japan_uses_dinosaur_robots_at_reception", "nodes": [{"id": "g1133_cttu667", "comment": "[after years of searching, Jim the Bell Dino finally finds his soulmate](http://i.imgur.com/09J39ed.jpg)", "date": "2015-08-06 14:11:02", "seriesname": "g1133_cttu667", "file": "/media/jbrogan4/scratch2/Reddit_Prov_Dataset_v6/_Hotel_in_Japan_uses_dinosaur_robots_at_reception/g1133_cttu667.jpg", "URL": "http://i.imgur.com/09J39ed.jpg", "fileid": "g1133_cttu667.jpg"}, {"id": "g1133_ctttbej", "comment": "[Grand Dinopest Hotel](http://i.imgur.com/RKyN2DM.jpg)", "date": "2015-08-06 13:52:11", "seriesname": "g1133_ctttbej", "file": "/media/jbrogan4/scratch2/Reddit_Prov_Dataset_v6/_Hotel_in_Japan_uses_dinosaur_robots_at_reception/g1133_ctttbej.jpg", "URL": "http://i.imgur.com/RKyN2DM.jpg", "fileid": "g1133_ctttbej.jpg"}, {"id": "g1133_ctttap5", "comment": "[someone lost his job](http://i.imgur.com/7d0Iw3X.jpg)\n", "date": "2015-08-06 13:51:47", "seriesname": "g1133_ctttap5", "file": "/media/jbrogan4/scratch2/Reddit_Prov_Dataset_v6/_Hotel_in_Japan_uses_dinosaur_robots_at_reception/g1133_ctttap5.jpg", "URL": "http://i.imgur.com/7d0Iw3X.jpg", "fileid": "g1133_ctttap5.jpg"}, {"id": "g1133_cttpu4k", "comment": "[Selfie](http://imgur.com/KPNUNpn)", "date": "2015-08-06 12:33:21", "seriesname": "g1133_cttpu4k", "file": "/media/jbrogan4/scratch2/Reddit_Prov_Dataset_v6/_Hotel_in_Japan_uses_dinosaur_robots_at_reception/g1133_cttpu4k.png", "URL": "http://i.imgur.com/KPNUNpn.png", "fileid": "g1133_cttpu4k.png"}, {"id": "g1133_cttmn5y", "comment": "http://i.imgur.com/3amexrN.jpg", "date": "2015-08-06 11:16:11", "seriesname": "g1133_cttmn5y", "file": "/media/jbrogan4/scratch2/Reddit_Prov_Dataset_v6/_Hotel_in_Japan_uses_dinosaur_robots_at_reception/g1133_cttmn5y.jpg", "URL": "http://i.imgur.com/3amexrN.jpg", "fileid": "g1133_cttmn5y.jpg"}, {"id": "g1133_ctto3oj", "comment": "[\"What have we done...?\"](http://imgur.com/smUQT84)", "date": "2015-08-06 11:51:52", "seriesname": "g1133_ctto3oj", "file": "/media/jbrogan4/scratch2/Reddit_Prov_Dataset_v6/_Hotel_in_Japan_uses_dinosaur_robots_at_reception/g1133_ctto3oj.png", "URL": "http://i.imgur.com/smUQT84.png", "fileid": "g1133_ctto3oj.png"}, {"id": "g1133_cttw3pk", "comment": "Rick and Morty [multiple realities TV](http://i.imgur.com/A1YVxZM.jpg)", "date": "2015-08-06 14:55:02", "seriesname": "g1133_cttw3pk", "file": "/media/jbrogan4/scratch2/Reddit_Prov_Dataset_v6/_Hotel_in_Japan_uses_dinosaur_robots_at_reception/g1133_cttw3pk.jpg", "URL": "http://i.imgur.com/A1YVxZM.jpg", "fileid": "g1133_cttw3pk.jpg"}, {"id": "g1133_cttny9a", "comment": "[\"Is this the Dinosaur Hotel? Yes I would like to have a room for two people. And don't mind my boy, he's kinda shy.\"](http://i.imgur.com/Lqod5kT.jpg)", "date": "2015-08-06 11:48:13", "seriesname": "g1133_cttny9a", "file": "/media/jbrogan4/scratch2/Reddit_Prov_Dataset_v6/_Hotel_in_Japan_uses_dinosaur_robots_at_reception/g1133_cttny9a.jpg", "URL": "http://i.imgur.com/Lqod5kT.jpg", "fileid": "g1133_cttny9a.jpg"}, {"id": "g1133_cttql8o", "comment": "[\"paging mr. herman...\"](http://i.imgur.com/W2JGkig.jpg)", "date": "2015-08-06 12:51:01", "seriesname": "g1133_cttql8o", "file": "/media/jbrogan4/scratch2/Reddit_Prov_Dataset_v6/_Hotel_in_Japan_uses_dinosaur_robots_at_reception/g1133_cttql8o.jpg", "URL": "http://i.imgur.com/W2JGkig.jpg", "fileid": "g1133_cttql8o.jpg"}, {"id": "g1133_ctu0l7g", "comment": "http://i.imgur.com/7M98fuw.png", "date": "2015-08-06 16:39:56", "seriesname": "g1133_ctu0l7g", "file": "/media/jbrogan4/scratch2/Reddit_Prov_Dataset_v6/_Hotel_in_Japan_uses_dinosaur_robots_at_reception/g1133_ctu0l7g.png", "URL": "http://i.imgur.com/7M98fuw.png", "fileid": "g1133_ctu0l7g.png"}, {"id": "g1133_ctu7563", "comment": "[The fat cobbler](http://i.imgur.com/MoR5nZr.jpg)", "date": "2015-08-06 19:30:33", "seriesname": "g1133_ctu7563", "file": "/media/jbrogan4/scratch2/Reddit_Prov_Dataset_v6/_Hotel_in_Japan_uses_dinosaur_robots_at_reception/g1133_ctu7563.jpg", "URL": "http://i.imgur.com/MoR5nZr.jpg", "fileid": "g1133_ctu7563.jpg"}, {"id": "g1133_cttsezo", "comment": "[That time of the year again](http://imgur.com/ehmyDCi)", "date": "2015-08-06 13:32:55", "seriesname": "g1133_cttsezo", "file": "/media/jbrogan4/scratch2/Reddit_Prov_Dataset_v6/_Hotel_in_Japan_uses_dinosaur_robots_at_reception/g1133_cttsezo.png", "URL": "http://i.imgur.com/ehmyDCi.png", "fileid": "g1133_cttsezo.png"}, {"id": "g1133_ctty5rm", "comment": "http://i.imgur.com/FYBf8VY.jpg", "date": "2015-08-06 15:42:53", "seriesname": "g1133_ctty5rm", "file": "/media/jbrogan4/scratch2/Reddit_Prov_Dataset_v6/_Hotel_in_Japan_uses_dinosaur_robots_at_reception/g1133_ctty5rm.jpg", "URL": "http://i.imgur.com/FYBf8VY.jpg", "fileid": "g1133_ctty5rm.jpg"}, {"id": "g1133_cttmbqh", "comment": "[Can I help you?](http://i.imgur.com/68xlTcZ.jpg)\n\nEdit: I'm getting a lot of comments about 'improving her arse', so I thought I'd explain - I just extended her legs so she'd fit in the frame a bit better. I had to do so by finding a different set.", "date": "2015-08-06 11:08:11", "seriesname": "g1133_cttmbqh", "file": "/media/jbrogan4/scratch2/Reddit_Prov_Dataset_v6/_Hotel_in_Japan_uses_dinosaur_robots_at_reception/g1133_cttmbqh.jpg", "URL": "http://i.imgur.com/68xlTcZ.jpg", "fileid": "g1133_cttmbqh.jpg"}, {"id": "g1133_cttvbby", "comment": "http://i.imgur.com/LjEE8kX.jpg", "date": "2015-08-06 14:37:02", "seriesname": "g1133_cttvbby", "file": "/media/jbrogan4/scratch2/Reddit_Prov_Dataset_v6/_Hotel_in_Japan_uses_dinosaur_robots_at_reception/g1133_cttvbby.jpg", "URL": "http://i.imgur.com/LjEE8kX.jpg", "fileid": "g1133_cttvbby.jpg"}, {"id": "g1133_cttnqvm", "comment": "http://i.imgur.com/qHV94z0.jpg", "date": "2015-08-06 11:43:12", "seriesname": "g1133_cttnqvm", "file": "/media/jbrogan4/scratch2/Reddit_Prov_Dataset_v6/_Hotel_in_Japan_uses_dinosaur_robots_at_reception/g1133_cttnqvm.jpg", "URL": "http://i.imgur.com/qHV94z0.jpg", "fileid": "g1133_cttnqvm.jpg"}, {"id": "g1133_cttnlp1", "comment": "[Ministrosaurus doesn't want to be fed. He wants to serve. Can't just suppress 65 million years of gut instinct.](http://i.imgur.com/N5mRWkc.jpg)", "date": "2015-08-06 11:39:42", "seriesname": "g1133_cttnlp1", "file": "/media/jbrogan4/scratch2/Reddit_Prov_Dataset_v6/_Hotel_in_Japan_uses_dinosaur_robots_at_reception/g1133_cttnlp1.jpg", "URL": "http://i.imgur.com/N5mRWkc.jpg", "fileid": "g1133_cttnlp1.jpg"}, {"id": "g1133_ctu9ocr", "comment": "[Flinstones bbq](http://imgur.com/dSVw7RT)", "date": "2015-08-06 20:44:55", "seriesname": "g1133_ctu9ocr", "file": "/media/jbrogan4/scratch2/Reddit_Prov_Dataset_v6/_Hotel_in_Japan_uses_dinosaur_robots_at_reception/g1133_ctu9ocr.png", "URL": "http://i.imgur.com/dSVw7RT.png", "fileid": "g1133_ctu9ocr.png"}, {"id": "g1133_cttv8ol", "comment": "[I only have $3.50](http://i.imgur.com/ADQjOVY.jpg)", "date": "2015-08-06 14:35:22", "seriesname": "g1133_cttv8ol", "file": "/media/jbrogan4/scratch2/Reddit_Prov_Dataset_v6/_Hotel_in_Japan_uses_dinosaur_robots_at_reception/g1133_cttv8ol.jpg", "URL": "http://i.imgur.com/ADQjOVY.jpg", "fileid": "g1133_cttv8ol.jpg"}, {"id": "g1133_cttqitn", "comment": "In honor of tonight's impending circus.\nhttp://i.imgur.com/0yhfL79.jpg", "date": "2015-08-06 12:49:29", "seriesname": "g1133_cttqitn", "file": "/media/jbrogan4/scratch2/Reddit_Prov_Dataset_v6/_Hotel_in_Japan_uses_dinosaur_robots_at_reception/g1133_cttqitn.jpg", "URL": "http://i.imgur.com/0yhfL79.jpg", "fileid": "g1133_cttqitn.jpg"}, {"id": "g1133_cttmcmo", "comment": "[nsfw](http://i.imgur.com/gehTna2.jpg)", "date": "2015-08-06 11:08:48", "seriesname": "g1133_cttmcmo", "file": "/media/jbrogan4/scratch2/Reddit_Prov_Dataset_v6/_Hotel_in_Japan_uses_dinosaur_robots_at_reception/g1133_cttmcmo.jpg", "URL": "http://i.imgur.com/gehTna2.jpg", "fileid": "g1133_cttmcmo.jpg"}, {"id": "g1133_cttsmvn", "comment": "[Clever girl!](http://imgur.com/JKNwPDH)", "date": "2015-08-06 13:37:37", "seriesname": "g1133_cttsmvn", "file": "/media/jbrogan4/scratch2/Reddit_Prov_Dataset_v6/_Hotel_in_Japan_uses_dinosaur_robots_at_reception/g1133_cttsmvn.png", "URL": "http://i.imgur.com/JKNwPDH.png", "fileid": "g1133_cttsmvn.png"}, {"id": "g1133_cttomoo", "comment": "[\"The dinosaur is off tonight. We are Ghidorah. Can we help you?\"](http://i.imgur.com/vBuuL0a.jpg)", "date": "2015-08-06 12:04:28", "seriesname": "g1133_cttomoo", "file": "/media/jbrogan4/scratch2/Reddit_Prov_Dataset_v6/_Hotel_in_Japan_uses_dinosaur_robots_at_reception/g1133_cttomoo.jpg", "URL": "http://i.imgur.com/vBuuL0a.jpg", "fileid": "g1133_cttomoo.jpg"}, {"id": "g1133_ctulcar", "comment": "I wanted Johnny Depp to be photoshopped in the original picture and all I got is this... Anyway, good work, [have an upvote](http://i.imgur.com/UEA7p4r.gif).", "date": "2015-08-07 04:03:48", "seriesname": "g1133_ctulcar", "file": "/media/jbrogan4/scratch2/Reddit_Prov_Dataset_v6/_Hotel_in_Japan_uses_dinosaur_robots_at_reception/g1133_ctulcar.jpg", "URL": "http://i.imgur.com/UEA7p4r.gif).", "fileid": "g1133_ctulcar."}, {"id": "g1133_cttpvhb", "comment": "[May I have this dance?](http://i.imgur.com/L6DFLxF.png)", "date": "2015-08-06 12:34:15", "seriesname": "g1133_cttpvhb", "file": "/media/jbrogan4/scratch2/Reddit_Prov_Dataset_v6/_Hotel_in_Japan_uses_dinosaur_robots_at_reception/g1133_cttpvhb.png", "URL": "http://i.imgur.com/L6DFLxF.png", "fileid": "g1133_cttpvhb.png"}, {"id": "g1133_cttwzxv", "comment": "[Fear and Loathing in Japan](http://imgur.com/rfePPq1)", "date": "2015-08-06 15:15:43", "seriesname": "g1133_cttwzxv", "file": "/media/jbrogan4/scratch2/Reddit_Prov_Dataset_v6/_Hotel_in_Japan_uses_dinosaur_robots_at_reception/g1133_cttwzxv.png", "URL": "http://i.imgur.com/rfePPq1.png", "fileid": "g1133_cttwzxv.png"}, {"id": "g1133_cttm1mr", "comment": "http://i.imgur.com/Y43INVT.jpg", "date": "2015-08-06 11:00:59", "seriesname": "g1133_cttm1mr", "file": "/media/jbrogan4/scratch2/Reddit_Prov_Dataset_v6/_Hotel_in_Japan_uses_dinosaur_robots_at_reception/g1133_cttm1mr.jpg", "URL": "http://i.imgur.com/Y43INVT.jpg", "fileid": "g1133_cttm1mr.jpg"}, {"id": "g1133_ctu1aly", "comment": "http://imgur.com/a0AKrEF", "date": "2015-08-06 16:56:51", "seriesname": "g1133_ctu1aly", "file": "/media/jbrogan4/scratch2/Reddit_Prov_Dataset_v6/_Hotel_in_Japan_uses_dinosaur_robots_at_reception/g1133_ctu1aly.png", "URL": "http://i.imgur.com/a0AKrEF.png", "fileid": "g1133_ctu1aly.png"}, {"id": "g1133_cttugtu", "comment": "Welcome to the [Overlook Hotel](http://i.imgur.com/jxqIae8.jpg)", "date": "2015-08-06 14:17:40", "seriesname": "g1133_cttugtu", "file": "/media/jbrogan4/scratch2/Reddit_Prov_Dataset_v6/_Hotel_in_Japan_uses_dinosaur_robots_at_reception/g1133_cttugtu.jpg", "URL": "http://i.imgur.com/jxqIae8.jpg", "fileid": "g1133_cttugtu.jpg"}, {"id": "g1133_cttmxje", "comment": "[FTFY](http://i.imgur.com/UTYpWhS.jpg)", "date": "2015-08-06 11:23:23", "seriesname": "g1133_cttmxje", "file": "/media/jbrogan4/scratch2/Reddit_Prov_Dataset_v6/_Hotel_in_Japan_uses_dinosaur_robots_at_reception/g1133_cttmxje.jpg", "URL": "http://i.imgur.com/UTYpWhS.jpg", "fileid": "g1133_cttmxje.jpg"}, {"id": "g1133_ctu4kkq", "comment": "http://i.imgur.com/m9CTePZ.jpg", "date": "2015-08-06 18:20:04", "seriesname": "g1133_ctu4kkq", "file": "/media/jbrogan4/scratch2/Reddit_Prov_Dataset_v6/_Hotel_in_Japan_uses_dinosaur_robots_at_reception/g1133_ctu4kkq.jpg", "URL": "http://i.imgur.com/m9CTePZ.jpg", "fileid": "g1133_ctu4kkq.jpg"}, {"id": "g1133_cttobv3", "comment": "[http://i.imgur.com/6FTCwXa.jpg](http://i.imgur.com/6FTCwXa.jpg)", "date": "2015-08-06 11:57:18", "seriesname": "g1133_cttobv3", "file": "/media/jbrogan4/scratch2/Reddit_Prov_Dataset_v6/_Hotel_in_Japan_uses_dinosaur_robots_at_reception/g1133_cttobv3.jpg", "URL": "http://i.imgur.com/6FTCwXa.jpg](http://i.imgur.com/6FTCwXa.jpg", "fileid": "g1133_cttobv3.jpg"}, {"id": "g1133_cttm6ch", "comment": "[Did they misbehave?](http://i.imgur.com/CM1qWvQ.jpg)", "date": "2015-08-06 11:04:24", "seriesname": "g1133_cttm6ch", "file": "/media/jbrogan4/scratch2/Reddit_Prov_Dataset_v6/_Hotel_in_Japan_uses_dinosaur_robots_at_reception/g1133_cttm6ch.jpg", "URL": "http://i.imgur.com/CM1qWvQ.jpg", "fileid": "g1133_cttm6ch.jpg"}, {"id": "g1133_ctu2m0y", "comment": "[Excuse me, can I get some quarters?](http://i.imgur.com/c0kVH2X.jpg)", "date": "2015-08-06 17:29:28", "seriesname": "g1133_ctu2m0y", "file": "/media/jbrogan4/scratch2/Reddit_Prov_Dataset_v6/_Hotel_in_Japan_uses_dinosaur_robots_at_reception/g1133_ctu2m0y.jpg", "URL": "http://i.imgur.com/c0kVH2X.jpg", "fileid": "g1133_ctu2m0y.jpg"}, {"id": "g1133_cttoyzz", "comment": "[we donna spoop dis guy so bad wen i get him](http://i.imgur.com/o5oq9mL.jpg)", "date": "2015-08-06 12:12:47", "seriesname": "g1133_cttoyzz", "file": "/media/jbrogan4/scratch2/Reddit_Prov_Dataset_v6/_Hotel_in_Japan_uses_dinosaur_robots_at_reception/g1133_cttoyzz.jpg", "URL": "http://i.imgur.com/o5oq9mL.jpg", "fileid": "g1133_cttoyzz.jpg"}, {"id": "g1133_ctucmv9", "comment": "[The Suite Life of Velociraptor Mongoliensis and Cody](http://imgur.com/r5YBqtU)", "date": "2015-08-06 22:13:14", "seriesname": "g1133_ctucmv9", "file": "/media/jbrogan4/scratch2/Reddit_Prov_Dataset_v6/_Hotel_in_Japan_uses_dinosaur_robots_at_reception/g1133_ctucmv9.png", "URL": "http://i.imgur.com/r5YBqtU.png", "fileid": "g1133_ctucmv9.png"}, {"id": "g1133_cttu4s3", "comment": "[Something something chris pratt riding a dinosaur.](http://i.imgur.com/CC79Hxv.png)", "date": "2015-08-06 14:10:12", "seriesname": "g1133_cttu4s3", "file": "/media/jbrogan4/scratch2/Reddit_Prov_Dataset_v6/_Hotel_in_Japan_uses_dinosaur_robots_at_reception/g1133_cttu4s3.png", "URL": "http://i.imgur.com/CC79Hxv.png", "fileid": "g1133_cttu4s3.png"}, {"id": "g1133_ctu614r", "comment": "Where is Ron Paul? Did he eat him and take his place?!  \n\nThey used to make such a great team:  http://i.imgur.com/5tbTOQq.jpg", "date": "2015-08-06 19:00:06", "seriesname": "g1133_ctu614r", "file": "/media/jbrogan4/scratch2/Reddit_Prov_Dataset_v6/_Hotel_in_Japan_uses_dinosaur_robots_at_reception/g1133_ctu614r.jpg", "URL": "http://i.imgur.com/5tbTOQq.jpg", "fileid": "g1133_ctu614r.jpg"}, {"id": "g1133_ctvp5hy", "comment": "[\"Hold up I'm eating\"](http://i.imgur.com/BqKakP6.jpg)", "date": "2015-08-08 02:23:08", "seriesname": "g1133_ctvp5hy", "file": "/media/jbrogan4/scratch2/Reddit_Prov_Dataset_v6/_Hotel_in_Japan_uses_dinosaur_robots_at_reception/g1133_ctvp5hy.jpg", "URL": "http://i.imgur.com/BqKakP6.jpg", "fileid": "g1133_ctvp5hy.jpg"}, {"id": "g1133_ctu2qvh", "comment": "[So I says to Mr Rex, \"I didn't say you were harmless, I said you were ARMLESS\"](http://i.imgur.com/FpseTvD.jpg)", "date": "2015-08-06 17:32:53", "seriesname": "g1133_ctu2qvh", "file": "/media/jbrogan4/scratch2/Reddit_Prov_Dataset_v6/_Hotel_in_Japan_uses_dinosaur_robots_at_reception/g1133_ctu2qvh.jpg", "URL": "http://i.imgur.com/FpseTvD.jpg", "fileid": "g1133_ctu2qvh.jpg"}, {"id": "g1133_ctubygp", "comment": "[It was about that time I noticed...](http://imgur.com/Lfu3goG)", "date": "2015-08-06 21:53:05", "seriesname": "g1133_ctubygp", "file": "/media/jbrogan4/scratch2/Reddit_Prov_Dataset_v6/_Hotel_in_Japan_uses_dinosaur_robots_at_reception/g1133_ctubygp.png", "URL": "http://i.imgur.com/Lfu3goG.png", "fileid": "g1133_ctubygp.png"}, {"id": "g1133_cttq1sh", "comment": "[Dank](http://i.imgur.com/uTMmSvc.jpg)", "date": "2015-08-06 12:38:24", "seriesname": "g1133_cttq1sh", "file": "/media/jbrogan4/scratch2/Reddit_Prov_Dataset_v6/_Hotel_in_Japan_uses_dinosaur_robots_at_reception/g1133_cttq1sh.jpg", "URL": "http://i.imgur.com/uTMmSvc.jpg", "fileid": "g1133_cttq1sh.jpg"}, {"id": "g1133_ctup90m", "comment": "aaaand [FTFY (linguistically)](http://i.imgur.com/arg1hsH.jpg)", "date": "2015-08-07 08:18:59", "seriesname": "g1133_ctup90m", "file": "/media/jbrogan4/scratch2/Reddit_Prov_Dataset_v6/_Hotel_in_Japan_uses_dinosaur_robots_at_reception/g1133_ctup90m.jpg", "URL": "http://i.imgur.com/arg1hsH.jpg", "fileid": "g1133_ctup90m.jpg"}, {"id": "g1133_cttrh2a", "comment": "Heresy! Raptor-Pope recognizes Raptor-Jesus as the true son of Raptor-God\n\nhttp://i.imgur.com/lNy66EB.png", "date": "2015-08-06 13:11:39", "seriesname": "g1133_cttrh2a", "file": "/media/jbrogan4/scratch2/Reddit_Prov_Dataset_v6/_Hotel_in_Japan_uses_dinosaur_robots_at_reception/g1133_cttrh2a.png", "URL": "http://i.imgur.com/lNy66EB.png", "fileid": "g1133_cttrh2a.png"}, {"id": "g1133_ctuprbb", "comment": "[DinoMan] (http://i.imgur.com/qTX3qVb.png?1) got a [NewJob] (http://i.imgur.com/4PX2V2f.png)", "date": "2015-08-07 08:41:47", "seriesname": "g1133_ctuprbb", "file": "/media/jbrogan4/scratch2/Reddit_Prov_Dataset_v6/_Hotel_in_Japan_uses_dinosaur_robots_at_reception/g1133_ctuprbb.png", "URL": "http://i.imgur.com/4PX2V2f.png", "fileid": "g1133_ctuprbb.png"}, {"id": "g1133_ctto2ww", "comment": "[Here you go ma'am, that will be $2.80](http://i.imgur.com/5LX4QQF.jpg)", "date": "2015-08-06 11:51:21", "seriesname": "g1133_ctto2ww", "file": "/media/jbrogan4/scratch2/Reddit_Prov_Dataset_v6/_Hotel_in_Japan_uses_dinosaur_robots_at_reception/g1133_ctto2ww.jpg", "URL": "http://i.imgur.com/5LX4QQF.jpg", "fileid": "g1133_ctto2ww.jpg"}, {"id": "g1133_ctud8y6", "comment": "[Strrraawrrrr-berry fields forever](http://imgur.com/InwvwdF)", "date": "2015-08-06 22:31:41", "seriesname": "g1133_ctud8y6", "file": "/media/jbrogan4/scratch2/Reddit_Prov_Dataset_v6/_Hotel_in_Japan_uses_dinosaur_robots_at_reception/g1133_ctud8y6.png", "URL": "http://i.imgur.com/InwvwdF.png", "fileid": "g1133_ctud8y6.png"}, {"id": "g1133_ctumjuo", "comment": "[just for you, dude](http://imgur.com/79lovhG)", "date": "2015-08-07 05:33:30", "seriesname": "g1133_ctumjuo", "file": "/media/jbrogan4/scratch2/Reddit_Prov_Dataset_v6/_Hotel_in_Japan_uses_dinosaur_robots_at_reception/g1133_ctumjuo.png", "URL": "http://i.imgur.com/79lovhG.png", "fileid": "g1133_ctumjuo.png"}, {"id": "g1133_root", "comment": "", "date": "2015-08-06 10:20:29", "seriesname": "g1133_root", "file": "/media/jbrogan4/scratch2/Reddit_Prov_Dataset_v6/_Hotel_in_Japan_uses_dinosaur_robots_at_reception/g1133_root.jpg", "URL": "http://i.imgur.com/SEdSLdK.jpg", "fileid": "g1133_root.jpg"}, {"id": "g1133_ctu1cd4", "comment": "[Nothing wrong here](http://i.imgur.com/KJbOXIP.jpg?1)", "date": "2015-08-06 16:58:03", "seriesname": "g1133_ctu1cd4", "file": "/media/jbrogan4/scratch2/Reddit_Prov_Dataset_v6/_Hotel_in_Japan_uses_dinosaur_robots_at_reception/g1133_ctu1cd4.jpg", "URL": "http://i.imgur.com/KJbOXIP.jpg?1", "fileid": "g1133_ctu1cd4.jpg"}, {"id": "g1133_cttopzl", "comment": "[Demoted](http://i.imgur.com/At4qY3u.jpg)", "date": "2015-08-06 12:06:43", "seriesname": "g1133_cttopzl", "file": "/media/jbrogan4/scratch2/Reddit_Prov_Dataset_v6/_Hotel_in_Japan_uses_dinosaur_robots_at_reception/g1133_cttopzl.jpg", "URL": "http://i.imgur.com/At4qY3u.jpg", "fileid": "g1133_cttopzl.jpg"}], "graph": {"name": "g1133_root"}, "directed": true}