{"links": [{"op": "none", "target": 0, "source": 77}, {"op": "none", "target": 1, "source": 77}, {"op": "none", "target": 2, "source": 77}, {"op": "none", "target": 3, "source": 23}, {"op": "none", "target": 4, "source": 77}, {"op": "none", "target": 5, "source": 77}, {"op": "none", "target": 6, "source": 77}, {"op": "none", "target": 7, "source": 77}, {"op": "none", "target": 8, "source": 77}, {"op": "none", "target": 9, "source": 77}, {"op": "none", "target": 10, "source": 77}, {"op": "none", "target": 11, "source": 77}, {"op": "none", "target": 12, "source": 77}, {"op": "none", "target": 13, "source": 77}, {"op": "none", "target": 14, "source": 77}, {"op": "none", "target": 15, "source": 77}, {"op": "none", "target": 16, "source": 77}, {"op": "none", "target": 17, "source": 77}, {"op": "none", "target": 18, "source": 77}, {"op": "none", "target": 19, "source": 77}, {"op": "none", "target": 20, "source": 77}, {"op": "none", "target": 21, "source": 77}, {"op": "none", "target": 22, "source": 77}, {"op": "none", "target": 23, "source": 77}, {"op": "none", "target": 24, "source": 77}, {"op": "none", "target": 25, "source": 77}, {"op": "none", "target": 26, "source": 77}, {"op": "none", "target": 27, "source": 77}, {"op": "none", "target": 28, "source": 77}, {"op": "none", "target": 29, "source": 77}, {"op": "none", "target": 30, "source": 77}, {"op": "none", "target": 31, "source": 77}, {"op": "none", "target": 32, "source": 77}, {"op": "none", "target": 33, "source": 77}, {"op": "none", "target": 34, "source": 77}, {"op": "none", "target": 35, "source": 77}, {"op": "none", "target": 36, "source": 77}, {"op": "none", "target": 37, "source": 77}, {"op": "none", "target": 38, "source": 51}, {"op": "none", "target": 39, "source": 77}, {"op": "none", "target": 40, "source": 77}, {"op": "none", "target": 41, "source": 77}, {"op": "none", "target": 42, "source": 77}, {"op": "none", "target": 43, "source": 34}, {"op": "none", "target": 44, "source": 77}, {"op": "none", "target": 45, "source": 77}, {"op": "none", "target": 46, "source": 77}, {"op": "none", "target": 47, "source": 77}, {"op": "none", "target": 48, "source": 77}, {"op": "none", "target": 49, "source": 77}, {"op": "none", "target": 50, "source": 77}, {"op": "none", "target": 51, "source": 77}, {"op": "none", "target": 52, "source": 77}, {"op": "none", "target": 53, "source": 77}, {"op": "none", "target": 54, "source": 77}, {"op": "none", "target": 55, "source": 77}, {"op": "none", "target": 56, "source": 77}, {"op": "none", "target": 57, "source": 77}, {"op": "none", "target": 58, "source": 77}, {"op": "none", "target": 59, "source": 7}, {"op": "none", "target": 60, "source": 77}, {"op": "none", "target": 61, "source": 77}, {"op": "none", "target": 62, "source": 77}, {"op": "none", "target": 63, "source": 41}, {"op": "none", "target": 64, "source": 77}, {"op": "none", "target": 65, "source": 77}, {"op": "none", "target": 66, "source": 77}, {"op": "none", "target": 67, "source": 77}, {"op": "none", "target": 68, "source": 26}, {"op": "none", "target": 69, "source": 77}, {"op": "none", "target": 70, "source": 77}, {"op": "none", "target": 71, "source": 77}, {"op": "none", "target": 72, "source": 77}, {"op": "none", "target": 73, "source": 77}, {"op": "none", "target": 74, "source": 77}, {"op": "none", "target": 75, "source": 77}, {"op": "none", "target": 76, "source": 77}, {"op": "none", "target": 78, "source": 77}, {"op": "none", "target": 79, "source": 77}], "title": "_Robert_Mugabe_falling_from_his_podium", "nodes": [{"id": "g1142_cocem88", "comment": "[Breakin' 3: Electric Mugabe](http://i.imgur.com/oSvEOTx.jpg)", "date": "2015-02-05 16:22:25", "seriesname": "g1142_cocem88", "file": "/media/jbrogan4/scratch2/Reddit_Prov_Dataset_v6/_Robert_Mugabe_falling_from_his_podium/g1142_cocem88.jpg", "URL": "http://i.imgur.com/oSvEOTx.jpg", "fileid": "g1142_cocem88.jpg"}, {"id": "g1142_cocdf52", "comment": "[R&amp;M Surf Designs now available for the NES!](http://i.imgur.com/2hi6gAG.jpg)\n\nEdit: Thanks for the gold!", "date": "2015-02-05 15:42:26", "seriesname": "g1142_cocdf52", "file": "/media/jbrogan4/scratch2/Reddit_Prov_Dataset_v6/_Robert_Mugabe_falling_from_his_podium/g1142_cocdf52.jpg", "URL": "http://i.imgur.com/2hi6gAG.jpg", "fileid": "g1142_cocdf52.jpg"}, {"id": "g1142_cocccds", "comment": "[Radical!](http://imgur.com/7nTV4Bn)", "date": "2015-02-05 15:13:45", "seriesname": "g1142_cocccds", "file": "/media/jbrogan4/scratch2/Reddit_Prov_Dataset_v6/_Robert_Mugabe_falling_from_his_podium/g1142_cocccds.png", "URL": "http://i.imgur.com/7nTV4Bn.png", "fileid": "g1142_cocccds.png"}, {"id": "g1142_cocex6y", "comment": "[He who smelt it dealt it.](http://i.imgur.com/zbuH0GR.jpg)", "date": "2015-02-05 16:35:30", "seriesname": "g1142_cocex6y", "file": "/media/jbrogan4/scratch2/Reddit_Prov_Dataset_v6/_Robert_Mugabe_falling_from_his_podium/g1142_cocex6y.jpg", "URL": "http://i.imgur.com/zbuH0GR.jpg", "fileid": "g1142_cocex6y.jpg"}, {"id": "g1142_coclevz", "comment": "[Mugabe's Big Adventure](http://imgur.com/SwoINX1)", "date": "2015-02-05 19:45:51", "seriesname": "g1142_coclevz", "file": "/media/jbrogan4/scratch2/Reddit_Prov_Dataset_v6/_Robert_Mugabe_falling_from_his_podium/g1142_coclevz.png", "URL": "http://i.imgur.com/SwoINX1.png", "fileid": "g1142_coclevz.png"}, {"id": "g1142_cocfryu", "comment": "[It's something.](http://i.imgur.com/Qy9jT5f.jpg)", "date": "2015-02-05 16:59:04", "seriesname": "g1142_cocfryu", "file": "/media/jbrogan4/scratch2/Reddit_Prov_Dataset_v6/_Robert_Mugabe_falling_from_his_podium/g1142_cocfryu.jpg", "URL": "http://i.imgur.com/Qy9jT5f.jpg", "fileid": "g1142_cocfryu.jpg"}, {"id": "g1142_coce5gl", "comment": "[Creation of Mugabe](http://imgur.com/ixCx7aG)", "date": "2015-02-05 16:01:42", "seriesname": "g1142_coce5gl", "file": "/media/jbrogan4/scratch2/Reddit_Prov_Dataset_v6/_Robert_Mugabe_falling_from_his_podium/g1142_coce5gl.png", "URL": "http://i.imgur.com/ixCx7aG.png", "fileid": "g1142_coce5gl.png"}, {"id": "g1142_coce3cx", "comment": "[Yeah swagga boi, it all about that pimp walk](http://i.imgur.com/ea5aygG.png)\n\nEdit: [even deeper](http://i.imgur.com/WcS69dL.png)", "date": "2015-02-05 16:00:07", "seriesname": "g1142_coce3cx", "file": "/media/jbrogan4/scratch2/Reddit_Prov_Dataset_v6/_Robert_Mugabe_falling_from_his_podium/g1142_coce3cx.png", "URL": "http://i.imgur.com/WcS69dL.png", "fileid": "g1142_coce3cx.png"}, {"id": "g1142_cocjg4f", "comment": "[Lose your blues, everybody cut footloose](http://imgur.com/vD9MOv3)", "date": "2015-02-05 18:44:47", "seriesname": "g1142_cocjg4f", "file": "/media/jbrogan4/scratch2/Reddit_Prov_Dataset_v6/_Robert_Mugabe_falling_from_his_podium/g1142_cocjg4f.png", "URL": "http://i.imgur.com/vD9MOv3.png", "fileid": "g1142_cocjg4f.png"}, {"id": "g1142_cocc3e1", "comment": "[Pulling some sweet moves](http://i.imgur.com/H76CtHR.jpg)", "date": "2015-02-05 15:06:53", "seriesname": "g1142_cocc3e1", "file": "/media/jbrogan4/scratch2/Reddit_Prov_Dataset_v6/_Robert_Mugabe_falling_from_his_podium/g1142_cocc3e1.jpg", "URL": "http://i.imgur.com/H76CtHR.jpg", "fileid": "g1142_cocc3e1.jpg"}, {"id": "g1142_cocfte8", "comment": "[Robert Mugabe to the rescue](https://i.imgur.com/bd2mdQm.jpg)", "date": "2015-02-05 17:00:09", "seriesname": "g1142_cocfte8", "file": "/media/jbrogan4/scratch2/Reddit_Prov_Dataset_v6/_Robert_Mugabe_falling_from_his_podium/g1142_cocfte8.jpg", "URL": "https://i.imgur.com/bd2mdQm.jpg", "fileid": "g1142_cocfte8.jpg"}, {"id": "g1142_cocg3dj", "comment": "[Straight Masterpiece](http://i.imgur.com/kmnuIuj.jpg)", "date": "2015-02-05 17:07:58", "seriesname": "g1142_cocg3dj", "file": "/media/jbrogan4/scratch2/Reddit_Prov_Dataset_v6/_Robert_Mugabe_falling_from_his_podium/g1142_cocg3dj.jpg", "URL": "http://i.imgur.com/kmnuIuj.jpg", "fileid": "g1142_cocg3dj.jpg"}, {"id": "g1142_cocrobi", "comment": "[Does anyone remember this movie? Here's an old poster from my collection.](http://i.imgur.com/y4SNMb1.png)", "date": "2015-02-05 23:11:20", "seriesname": "g1142_cocrobi", "file": "/media/jbrogan4/scratch2/Reddit_Prov_Dataset_v6/_Robert_Mugabe_falling_from_his_podium/g1142_cocrobi.png", "URL": "http://i.imgur.com/y4SNMb1.png", "fileid": "g1142_cocrobi.png"}, {"id": "g1142_cocdcez", "comment": "[embarrassed bodyguards](http://imgur.com/yJDBth7)\n", "date": "2015-02-05 15:40:24", "seriesname": "g1142_cocdcez", "file": "/media/jbrogan4/scratch2/Reddit_Prov_Dataset_v6/_Robert_Mugabe_falling_from_his_podium/g1142_cocdcez.png", "URL": "http://i.imgur.com/yJDBth7.png", "fileid": "g1142_cocdcez.png"}, {"id": "g1142_coch9kt", "comment": "[SKA!](http://i.imgur.com/NxldPUA.png)", "date": "2015-02-05 17:41:10", "seriesname": "g1142_coch9kt", "file": "/media/jbrogan4/scratch2/Reddit_Prov_Dataset_v6/_Robert_Mugabe_falling_from_his_podium/g1142_coch9kt.png", "URL": "http://i.imgur.com/NxldPUA.png", "fileid": "g1142_coch9kt.png"}, {"id": "g1142_cocex76", "comment": "[Anyone for Quidditch?](http://i.imgur.com/B0vUyXu.jpg)", "date": "2015-02-05 16:35:30", "seriesname": "g1142_cocex76", "file": "/media/jbrogan4/scratch2/Reddit_Prov_Dataset_v6/_Robert_Mugabe_falling_from_his_podium/g1142_cocex76.jpg", "URL": "http://i.imgur.com/B0vUyXu.jpg", "fileid": "g1142_cocex76.jpg"}, {"id": "g1142_cocfd4g", "comment": "[I hear he likes to rock out](http://i.imgur.com/3mJgBVE.jpg)", "date": "2015-02-05 16:47:51", "seriesname": "g1142_cocfd4g", "file": "/media/jbrogan4/scratch2/Reddit_Prov_Dataset_v6/_Robert_Mugabe_falling_from_his_podium/g1142_cocfd4g.jpg", "URL": "http://i.imgur.com/3mJgBVE.jpg", "fileid": "g1142_cocfd4g.jpg"}, {"id": "g1142_cocetg4", "comment": "[\"With great power comes great responsibility.\"](http://i.imgur.com/0DPSGly.jpg)", "date": "2015-02-05 16:32:24", "seriesname": "g1142_cocetg4", "file": "/media/jbrogan4/scratch2/Reddit_Prov_Dataset_v6/_Robert_Mugabe_falling_from_his_podium/g1142_cocetg4.jpg", "URL": "http://i.imgur.com/0DPSGly.jpg", "fileid": "g1142_cocetg4.jpg"}, {"id": "g1142_cocfk5c", "comment": "[Oops, sorry!](http://i.imgur.com/aJ5PSnb.jpg) ", "date": "2015-02-05 16:53:09", "seriesname": "g1142_cocfk5c", "file": "/media/jbrogan4/scratch2/Reddit_Prov_Dataset_v6/_Robert_Mugabe_falling_from_his_podium/g1142_cocfk5c.jpg", "URL": "http://i.imgur.com/aJ5PSnb.jpg", "fileid": "g1142_cocfk5c.jpg"}, {"id": "g1142_cocqnwk", "comment": "[BRB just gonna tight rope on my unicycle to go use the sun to re-light my jugglin torches and shit bitch] (http://imgur.com/Kxd5frL)", "date": "2015-02-05 22:36:04", "seriesname": "g1142_cocqnwk", "file": "/media/jbrogan4/scratch2/Reddit_Prov_Dataset_v6/_Robert_Mugabe_falling_from_his_podium/g1142_cocqnwk.png", "URL": "http://i.imgur.com/Kxd5frL.png", "fileid": "g1142_cocqnwk.png"}, {"id": "g1142_cocep06", "comment": "[He is also in the Zimbabwe Curling Team](http://imgur.com/qpyA1za)", "date": "2015-02-05 16:28:22", "seriesname": "g1142_cocep06", "file": "/media/jbrogan4/scratch2/Reddit_Prov_Dataset_v6/_Robert_Mugabe_falling_from_his_podium/g1142_cocep06.png", "URL": "http://i.imgur.com/qpyA1za.png", "fileid": "g1142_cocep06.png"}, {"id": "g1142_cocm30c", "comment": "[*Man, he's pretty high*](http://imgur.com/TBstzkt)", "date": "2015-02-05 20:07:25", "seriesname": "g1142_cocm30c", "file": "/media/jbrogan4/scratch2/Reddit_Prov_Dataset_v6/_Robert_Mugabe_falling_from_his_podium/g1142_cocm30c.png", "URL": "http://i.imgur.com/TBstzkt.png", "fileid": "g1142_cocm30c.png"}, {"id": "g1142_cocerkq", "comment": "The [*Mugabe Discobulus*](http://i.imgur.com/piV3xM7.png), photographed in the British Museum", "date": "2015-02-05 16:30:46", "seriesname": "g1142_cocerkq", "file": "/media/jbrogan4/scratch2/Reddit_Prov_Dataset_v6/_Robert_Mugabe_falling_from_his_podium/g1142_cocerkq.jpg", "URL": "http://i.imgur.com/piV3xM7.png),", "fileid": "g1142_cocerkq.png,"}, {"id": "g1142_coccca3", "comment": "\"Dare.\"\n\n\"Pet a lion.\"\n\n\"[Should have chosen truth!](http://i.imgur.com/GzzHa8K.jpg)\"", "date": "2015-02-05 15:13:40", "seriesname": "g1142_coccca3", "file": "/media/jbrogan4/scratch2/Reddit_Prov_Dataset_v6/_Robert_Mugabe_falling_from_his_podium/g1142_coccca3.jpg", "URL": "http://i.imgur.com/GzzHa8K.jpg", "fileid": "g1142_coccca3.jpg"}, {"id": "g1142_cocedg2", "comment": "[One day he'll get that football.](http://i.imgur.com/iAwjJzX.jpg)", "date": "2015-02-05 16:07:35", "seriesname": "g1142_cocedg2", "file": "/media/jbrogan4/scratch2/Reddit_Prov_Dataset_v6/_Robert_Mugabe_falling_from_his_podium/g1142_cocedg2.jpg", "URL": "http://i.imgur.com/iAwjJzX.jpg", "fileid": "g1142_cocedg2.jpg"}, {"id": "g1142_cocennu", "comment": "[more like the SICKEST KING EVER of ZimRADawe](http://imgur.com/Mu6YstP)", "date": "2015-02-05 16:26:20", "seriesname": "g1142_cocennu", "file": "/media/jbrogan4/scratch2/Reddit_Prov_Dataset_v6/_Robert_Mugabe_falling_from_his_podium/g1142_cocennu.png", "URL": "http://i.imgur.com/Mu6YstP.png", "fileid": "g1142_cocennu.png"}, {"id": "g1142_coce66t", "comment": "[Homeboy can SPIN.](http://i.imgur.com/sCMMhqV.jpg)", "date": "2015-02-05 16:02:16", "seriesname": "g1142_coce66t", "file": "/media/jbrogan4/scratch2/Reddit_Prov_Dataset_v6/_Robert_Mugabe_falling_from_his_podium/g1142_coce66t.jpg", "URL": "http://i.imgur.com/sCMMhqV.jpg", "fileid": "g1142_coce66t.jpg"}, {"id": "g1142_coceuav", "comment": "[Even a dictator can use some coin on the side entertaining the crowds.](http://i.imgur.com/cJk8stL.jpg)", "date": "2015-02-05 16:33:05", "seriesname": "g1142_coceuav", "file": "/media/jbrogan4/scratch2/Reddit_Prov_Dataset_v6/_Robert_Mugabe_falling_from_his_podium/g1142_coceuav.jpg", "URL": "http://i.imgur.com/cJk8stL.jpg", "fileid": "g1142_coceuav.jpg"}, {"id": "g1142_cocgarx", "comment": "[You're standing on my neck] (http://imgur.com/ES67n9t)", "date": "2015-02-05 17:13:41", "seriesname": "g1142_cocgarx", "file": "/media/jbrogan4/scratch2/Reddit_Prov_Dataset_v6/_Robert_Mugabe_falling_from_his_podium/g1142_cocgarx.png", "URL": "http://i.imgur.com/ES67n9t.png", "fileid": "g1142_cocgarx.png"}, {"id": "g1142_cockqaq", "comment": "[High School BULLY](http://i.imgur.com/WUXKs3A.png)\n", "date": "2015-02-05 19:24:15", "seriesname": "g1142_cockqaq", "file": "/media/jbrogan4/scratch2/Reddit_Prov_Dataset_v6/_Robert_Mugabe_falling_from_his_podium/g1142_cockqaq.png", "URL": "http://i.imgur.com/WUXKs3A.png", "fileid": "g1142_cockqaq.png"}, {"id": "g1142_cocen2w", "comment": "[Creepin in the club](http://i.imgur.com/c3cAXeT.jpg) Nts Nts Nts Nts Nts Nts Nts", "date": "2015-02-05 16:24:57", "seriesname": "g1142_cocen2w", "file": "/media/jbrogan4/scratch2/Reddit_Prov_Dataset_v6/_Robert_Mugabe_falling_from_his_podium/g1142_cocen2w.jpg", "URL": "http://i.imgur.com/c3cAXeT.jpg", "fileid": "g1142_cocen2w.jpg"}, {"id": "g1142_cochs9l", "comment": "[Ooh, and that's a bad miss](http://imgur.com/4KWxajz)", "date": "2015-02-05 17:56:13", "seriesname": "g1142_cochs9l", "file": "/media/jbrogan4/scratch2/Reddit_Prov_Dataset_v6/_Robert_Mugabe_falling_from_his_podium/g1142_cochs9l.png", "URL": "http://i.imgur.com/4KWxajz.png", "fileid": "g1142_cochs9l.png"}, {"id": "g1142_coceofq", "comment": "[Oooh a piece of candy](http://i.imgur.com/yl7jNtS.jpg)", "date": "2015-02-05 16:27:44", "seriesname": "g1142_coceofq", "file": "/media/jbrogan4/scratch2/Reddit_Prov_Dataset_v6/_Robert_Mugabe_falling_from_his_podium/g1142_coceofq.jpg", "URL": "http://i.imgur.com/yl7jNtS.jpg", "fileid": "g1142_coceofq.jpg"}, {"id": "g1142_cocj576", "comment": "[imgur](http://i.imgur.com/ssartZI.jpg)", "date": "2015-02-05 18:35:42", "seriesname": "g1142_cocj576", "file": "/media/jbrogan4/scratch2/Reddit_Prov_Dataset_v6/_Robert_Mugabe_falling_from_his_podium/g1142_cocj576.jpg", "URL": "http://i.imgur.com/ssartZI.jpg", "fileid": "g1142_cocj576.jpg"}, {"id": "g1142_cocdvc1", "comment": "[Uganda catch this wave with me!](http://i.imgur.com/KqehXiH.jpg)\n\nEdit: fixed phantom surfers vestigial foot.", "date": "2015-02-05 15:54:18", "seriesname": "g1142_cocdvc1", "file": "/media/jbrogan4/scratch2/Reddit_Prov_Dataset_v6/_Robert_Mugabe_falling_from_his_podium/g1142_cocdvc1.jpg", "URL": "http://i.imgur.com/KqehXiH.jpg", "fileid": "g1142_cocdvc1.jpg"}, {"id": "g1142_cochpmw", "comment": "[Seems like Marvel picked Mugabe up....](http://i.imgur.com/0dx2Yqw.jpg?1)", "date": "2015-02-05 17:54:06", "seriesname": "g1142_cochpmw", "file": "/media/jbrogan4/scratch2/Reddit_Prov_Dataset_v6/_Robert_Mugabe_falling_from_his_podium/g1142_cochpmw.jpg", "URL": "http://i.imgur.com/0dx2Yqw.jpg?1", "fileid": "g1142_cochpmw.jpg"}, {"id": "g1142_cocr0hk", "comment": "[Robert Mugabe hanging out with his friend Adolf Hitler](http://i.imgur.com/mWVY7u1.png)", "date": "2015-02-05 22:48:01", "seriesname": "g1142_cocr0hk", "file": "/media/jbrogan4/scratch2/Reddit_Prov_Dataset_v6/_Robert_Mugabe_falling_from_his_podium/g1142_cocr0hk.png", "URL": "http://i.imgur.com/mWVY7u1.png", "fileid": "g1142_cocr0hk.png"}, {"id": "g1142_cocdhxf", "comment": "[BADASS](http://i.imgur.com/54K40M0.jpg)\n\nEdit: Thank you very much for the gold", "date": "2015-02-05 15:44:28", "seriesname": "g1142_cocdhxf", "file": "/media/jbrogan4/scratch2/Reddit_Prov_Dataset_v6/_Robert_Mugabe_falling_from_his_podium/g1142_cocdhxf.jpg", "URL": "http://i.imgur.com/54K40M0.jpg", "fileid": "g1142_cocdhxf.jpg"}, {"id": "g1142_cocj9vy", "comment": "[The Crossover is now complete](http://i.imgur.com/I0Gv3MF.png)", "date": "2015-02-05 18:39:40", "seriesname": "g1142_cocj9vy", "file": "/media/jbrogan4/scratch2/Reddit_Prov_Dataset_v6/_Robert_Mugabe_falling_from_his_podium/g1142_cocj9vy.png", "URL": "http://i.imgur.com/I0Gv3MF.png", "fileid": "g1142_cocj9vy.png"}, {"id": "g1142_cochdnt", "comment": "[Guys, show some respect...](http://i.imgur.com/8Hgc55w.jpg)", "date": "2015-02-05 17:44:25", "seriesname": "g1142_cochdnt", "file": "/media/jbrogan4/scratch2/Reddit_Prov_Dataset_v6/_Robert_Mugabe_falling_from_his_podium/g1142_cochdnt.jpg", "URL": "http://i.imgur.com/8Hgc55w.jpg", "fileid": "g1142_cochdnt.jpg"}, {"id": "g1142_coci652", "comment": "[Best of three Mugabe?](http://i.imgur.com/HYeqAml.jpg)", "date": "2015-02-05 18:07:15", "seriesname": "g1142_coci652", "file": "/media/jbrogan4/scratch2/Reddit_Prov_Dataset_v6/_Robert_Mugabe_falling_from_his_podium/g1142_coci652.jpg", "URL": "http://i.imgur.com/HYeqAml.jpg", "fileid": "g1142_coci652.jpg"}, {"id": "g1142_cocg4ar", "comment": "Ministry of Silly Walks Africa Edition \nhttp://i.imgur.com/Z1L4iLk.jpg", "date": "2015-02-05 17:08:42", "seriesname": "g1142_cocg4ar", "file": "/media/jbrogan4/scratch2/Reddit_Prov_Dataset_v6/_Robert_Mugabe_falling_from_his_podium/g1142_cocg4ar.jpg", "URL": "http://i.imgur.com/Z1L4iLk.jpg", "fileid": "g1142_cocg4ar.jpg"}, {"id": "g1142_cocl7zo", "comment": "[Times New Mugabe Sans](http://imgur.com/gallery/aMYtyVM)", "date": "2015-02-05 19:39:51", "seriesname": "g1142_cocl7zo", "file": "/media/jbrogan4/scratch2/Reddit_Prov_Dataset_v6/_Robert_Mugabe_falling_from_his_podium/g1142_cocl7zo.png", "URL": "http://i.imgur.com/aMYtyVM.png", "fileid": "g1142_cocl7zo.png"}, {"id": "g1142_coclubl", "comment": "Bloody http://i.imgur.com/CHT4xXf.jpg", "date": "2015-02-05 19:59:39", "seriesname": "g1142_coclubl", "file": "/media/jbrogan4/scratch2/Reddit_Prov_Dataset_v6/_Robert_Mugabe_falling_from_his_podium/g1142_coclubl.jpg", "URL": "http://i.imgur.com/CHT4xXf.jpg", "fileid": "g1142_coclubl.jpg"}, {"id": "g1142_coced81", "comment": "[Into the wild!](https://imgur.com/FBD0UeP)", "date": "2015-02-05 16:07:25", "seriesname": "g1142_coced81", "file": "/media/jbrogan4/scratch2/Reddit_Prov_Dataset_v6/_Robert_Mugabe_falling_from_his_podium/g1142_coced81.png", "URL": "http://i.imgur.com/FBD0UeP.png", "fileid": "g1142_coced81.png"}, {"id": "g1142_coceqkz", "comment": "[Pulp Mugabe](http://i.imgur.com/HHAnmu7.jpg)", "date": "2015-02-05 16:29:53", "seriesname": "g1142_coceqkz", "file": "/media/jbrogan4/scratch2/Reddit_Prov_Dataset_v6/_Robert_Mugabe_falling_from_his_podium/g1142_coceqkz.jpg", "URL": "http://i.imgur.com/HHAnmu7.jpg", "fileid": "g1142_coceqkz.jpg"}, {"id": "g1142_cocgisa", "comment": "[Ryu wins](http://i.imgur.com/QVpJAss.png)", "date": "2015-02-05 17:19:54", "seriesname": "g1142_cocgisa", "file": "/media/jbrogan4/scratch2/Reddit_Prov_Dataset_v6/_Robert_Mugabe_falling_from_his_podium/g1142_cocgisa.png", "URL": "http://i.imgur.com/QVpJAss.png", "fileid": "g1142_cocgisa.png"}, {"id": "g1142_cocgs7d", "comment": "[Err... Bob? That's the wrong way.](http://i.imgur.com/zktc39l.png)", "date": "2015-02-05 17:27:16", "seriesname": "g1142_cocgs7d", "file": "/media/jbrogan4/scratch2/Reddit_Prov_Dataset_v6/_Robert_Mugabe_falling_from_his_podium/g1142_cocgs7d.png", "URL": "http://i.imgur.com/zktc39l.png", "fileid": "g1142_cocgs7d.png"}, {"id": "g1142_cocfyw0", "comment": "[I feel good!](http://imgur.com/HCvJumw)", "date": "2015-02-05 17:04:28", "seriesname": "g1142_cocfyw0", "file": "/media/jbrogan4/scratch2/Reddit_Prov_Dataset_v6/_Robert_Mugabe_falling_from_his_podium/g1142_cocfyw0.png", "URL": "http://i.imgur.com/HCvJumw.png", "fileid": "g1142_cocfyw0.png"}, {"id": "g1142_cocep99", "comment": "[Im going to hell for this](http://i.imgur.com/sIxTNqs.png)", "date": "2015-02-05 16:28:39", "seriesname": "g1142_cocep99", "file": "/media/jbrogan4/scratch2/Reddit_Prov_Dataset_v6/_Robert_Mugabe_falling_from_his_podium/g1142_cocep99.png", "URL": "http://i.imgur.com/sIxTNqs.png", "fileid": "g1142_cocep99.png"}, {"id": "g1142_cocgso4", "comment": "[Tricarrotops](http://imgur.com/gtSKvEB)", "date": "2015-02-05 17:27:37", "seriesname": "g1142_cocgso4", "file": "/media/jbrogan4/scratch2/Reddit_Prov_Dataset_v6/_Robert_Mugabe_falling_from_his_podium/g1142_cocgso4.png", "URL": "http://i.imgur.com/gtSKvEB.png", "fileid": "g1142_cocgso4.png"}, {"id": "g1142_cocegfj", "comment": "['scuse us, pardon us.](http://imgur.com/MHXFqhk)", "date": "2015-02-05 16:09:48", "seriesname": "g1142_cocegfj", "file": "/media/jbrogan4/scratch2/Reddit_Prov_Dataset_v6/_Robert_Mugabe_falling_from_his_podium/g1142_cocegfj.png", "URL": "http://i.imgur.com/MHXFqhk.png", "fileid": "g1142_cocegfj.png"}, {"id": "g1142_cocftih", "comment": "[Hittin' the dance floor](http://imgur.com/Fs9mS8H) \n\n(Hope I'm not too late)", "date": "2015-02-05 17:00:14", "seriesname": "g1142_cocftih", "file": "/media/jbrogan4/scratch2/Reddit_Prov_Dataset_v6/_Robert_Mugabe_falling_from_his_podium/g1142_cocftih.png", "URL": "http://i.imgur.com/Fs9mS8H.png", "fileid": "g1142_cocftih.png"}, {"id": "g1142_coccsze", "comment": "[Shit, you're right, that IS high](http://i.imgur.com/g35Isxa.jpg)", "date": "2015-02-05 15:26:08", "seriesname": "g1142_coccsze", "file": "/media/jbrogan4/scratch2/Reddit_Prov_Dataset_v6/_Robert_Mugabe_falling_from_his_podium/g1142_coccsze.jpg", "URL": "http://i.imgur.com/g35Isxa.jpg", "fileid": "g1142_coccsze.jpg"}, {"id": "g1142_cocicul", "comment": "[NSFW] [Mugabe tries to cop a feel](https://i.imgur.com/XjDzq8W.jpg)", "date": "2015-02-05 18:12:44", "seriesname": "g1142_cocicul", "file": "/media/jbrogan4/scratch2/Reddit_Prov_Dataset_v6/_Robert_Mugabe_falling_from_his_podium/g1142_cocicul.jpg", "URL": "https://i.imgur.com/XjDzq8W.jpg", "fileid": "g1142_cocicul.jpg"}, {"id": "g1142_coceose", "comment": "[One handed super-can.](http://i.imgur.com/NxAXLR7.jpg)\n\nTravis Pastrana is no match.", "date": "2015-02-05 16:28:09", "seriesname": "g1142_coceose", "file": "/media/jbrogan4/scratch2/Reddit_Prov_Dataset_v6/_Robert_Mugabe_falling_from_his_podium/g1142_coceose.jpg", "URL": "http://i.imgur.com/NxAXLR7.jpg", "fileid": "g1142_coceose.jpg"}, {"id": "g1142_coceoy8", "comment": "[Minnie the Moocher](http://i.imgur.com/jeZi78G.jpg)", "date": "2015-02-05 16:28:19", "seriesname": "g1142_coceoy8", "file": "/media/jbrogan4/scratch2/Reddit_Prov_Dataset_v6/_Robert_Mugabe_falling_from_his_podium/g1142_coceoy8.jpg", "URL": "http://i.imgur.com/jeZi78G.jpg", "fileid": "g1142_coceoy8.jpg"}, {"id": "g1142_cocf2v6", "comment": "[Uh oh....Apparently he heard us making fun of him....](http://imgur.com/LAJgSsX)", "date": "2015-02-05 16:40:03", "seriesname": "g1142_cocf2v6", "file": "/media/jbrogan4/scratch2/Reddit_Prov_Dataset_v6/_Robert_Mugabe_falling_from_his_podium/g1142_cocf2v6.png", "URL": "http://i.imgur.com/LAJgSsX.png", "fileid": "g1142_cocf2v6.png"}, {"id": "g1142_cocemoe", "comment": "[Y'all niggaz gon' get schooled](http://imgur.com/zsxHKAR)", "date": "2015-02-05 16:23:59", "seriesname": "g1142_cocemoe", "file": "/media/jbrogan4/scratch2/Reddit_Prov_Dataset_v6/_Robert_Mugabe_falling_from_his_podium/g1142_cocemoe.png", "URL": "http://i.imgur.com/zsxHKAR.png", "fileid": "g1142_cocemoe.png"}, {"id": "g1142_cocemim", "comment": "[even deeper](http://i.imgur.com/WcS69dL.png)", "date": "2015-02-05 16:23:33", "seriesname": "g1142_cocemim", "file": "/media/jbrogan4/scratch2/Reddit_Prov_Dataset_v6/_Robert_Mugabe_falling_from_his_podium/g1142_cocemim.png", "URL": "http://i.imgur.com/WcS69dL.png", "fileid": "g1142_cocemim.png"}, {"id": "g1142_cocengh", "comment": "[That's not how you hide](http://i.imgur.com/9EX70m8.jpg)", "date": "2015-02-05 16:25:49", "seriesname": "g1142_cocengh", "file": "/media/jbrogan4/scratch2/Reddit_Prov_Dataset_v6/_Robert_Mugabe_falling_from_his_podium/g1142_cocengh.jpg", "URL": "http://i.imgur.com/9EX70m8.jpg", "fileid": "g1142_cocengh.jpg"}, {"id": "g1142_cocdknl", "comment": "[Steal'in the show](http://i.imgur.com/fdJcooS.jpg)", "date": "2015-02-05 15:46:28", "seriesname": "g1142_cocdknl", "file": "/media/jbrogan4/scratch2/Reddit_Prov_Dataset_v6/_Robert_Mugabe_falling_from_his_podium/g1142_cocdknl.jpg", "URL": "http://i.imgur.com/fdJcooS.jpg", "fileid": "g1142_cocdknl.jpg"}, {"id": "g1142_cocdz86", "comment": "[Mugabe had a little accident while out playing with his pogo stick.](http://i.imgur.com/9z7bcG7.png)", "date": "2015-02-05 15:57:08", "seriesname": "g1142_cocdz86", "file": "/media/jbrogan4/scratch2/Reddit_Prov_Dataset_v6/_Robert_Mugabe_falling_from_his_podium/g1142_cocdz86.png", "URL": "http://i.imgur.com/9z7bcG7.png", "fileid": "g1142_cocdz86.png"}, {"id": "g1142_cocxsbr", "comment": "Less lazy version of [Ministry of Silly Walks](http://i.imgur.com/ozDyIpz.jpg)", "date": "2015-02-06 04:30:11", "seriesname": "g1142_cocxsbr", "file": "/media/jbrogan4/scratch2/Reddit_Prov_Dataset_v6/_Robert_Mugabe_falling_from_his_podium/g1142_cocxsbr.jpg", "URL": "http://i.imgur.com/ozDyIpz.jpg", "fileid": "g1142_cocxsbr.jpg"}, {"id": "g1142_cochbae", "comment": "[Keith Haring](http://imgur.com/KSCHqXV)", "date": "2015-02-05 17:42:31", "seriesname": "g1142_cochbae", "file": "/media/jbrogan4/scratch2/Reddit_Prov_Dataset_v6/_Robert_Mugabe_falling_from_his_podium/g1142_cochbae.png", "URL": "http://i.imgur.com/KSCHqXV.png", "fileid": "g1142_cochbae.png"}, {"id": "g1142_cocemil", "comment": "[He never could get the hang of the duck walk.](http://imgur.com/mdEV8ee)", "date": "2015-02-05 16:23:33", "seriesname": "g1142_cocemil", "file": "/media/jbrogan4/scratch2/Reddit_Prov_Dataset_v6/_Robert_Mugabe_falling_from_his_podium/g1142_cocemil.png", "URL": "http://i.imgur.com/mdEV8ee.png", "fileid": "g1142_cocemil.png"}, {"id": "g1142_cocdgw9", "comment": "[man, did this game get a graphics update?](http://i.imgur.com/1wPtgc2.jpg)\n\nedit: thank you for the gold!", "date": "2015-02-05 15:43:43", "seriesname": "g1142_cocdgw9", "file": "/media/jbrogan4/scratch2/Reddit_Prov_Dataset_v6/_Robert_Mugabe_falling_from_his_podium/g1142_cocdgw9.jpg", "URL": "http://i.imgur.com/1wPtgc2.jpg", "fileid": "g1142_cocdgw9.jpg"}, {"id": "g1142_cocf7cy", "comment": "Tip Toeing in My Jordans\nhttp://i.imgur.com/IZkLda7.jpg\n", "date": "2015-02-05 16:43:31", "seriesname": "g1142_cocf7cy", "file": "/media/jbrogan4/scratch2/Reddit_Prov_Dataset_v6/_Robert_Mugabe_falling_from_his_podium/g1142_cocf7cy.jpg", "URL": "http://i.imgur.com/IZkLda7.jpg", "fileid": "g1142_cocf7cy.jpg"}, {"id": "g1142_coceid9", "comment": "[Haha, I was few minutes behind you](http://i.imgur.com/YAez0v3.png)", "date": "2015-02-05 16:11:17", "seriesname": "g1142_coceid9", "file": "/media/jbrogan4/scratch2/Reddit_Prov_Dataset_v6/_Robert_Mugabe_falling_from_his_podium/g1142_coceid9.png", "URL": "http://i.imgur.com/YAez0v3.png", "fileid": "g1142_coceid9.png"}, {"id": "g1142_cocjcnr", "comment": "[Robert sharing his stunt skills, YOLO](http://imgur.com/vq7p7pn)", "date": "2015-02-05 18:41:59", "seriesname": "g1142_cocjcnr", "file": "/media/jbrogan4/scratch2/Reddit_Prov_Dataset_v6/_Robert_Mugabe_falling_from_his_podium/g1142_cocjcnr.png", "URL": "http://i.imgur.com/vq7p7pn.png", "fileid": "g1142_cocjcnr.png"}, {"id": "g1142_cocgo7s", "comment": "[Good form this year from Robert, real potential for the Gold Medal!](http://i.imgur.com/1TFsITD.jpg)", "date": "2015-02-05 17:24:13", "seriesname": "g1142_cocgo7s", "file": "/media/jbrogan4/scratch2/Reddit_Prov_Dataset_v6/_Robert_Mugabe_falling_from_his_podium/g1142_cocgo7s.jpg", "URL": "http://i.imgur.com/1TFsITD.jpg", "fileid": "g1142_cocgo7s.jpg"}, {"id": "g1142_cochafy", "comment": "[This cool cat's hep to the jive](http://i.imgur.com/buYUYTE.png)", "date": "2015-02-05 17:41:50", "seriesname": "g1142_cochafy", "file": "/media/jbrogan4/scratch2/Reddit_Prov_Dataset_v6/_Robert_Mugabe_falling_from_his_podium/g1142_cochafy.png", "URL": "http://i.imgur.com/buYUYTE.png", "fileid": "g1142_cochafy.png"}, {"id": "g1142_cochuy1", "comment": "[Strike!](http://i.imgur.com/E5Gt6na.jpg)", "date": "2015-02-05 17:58:24", "seriesname": "g1142_cochuy1", "file": "/media/jbrogan4/scratch2/Reddit_Prov_Dataset_v6/_Robert_Mugabe_falling_from_his_podium/g1142_cochuy1.jpg", "URL": "http://i.imgur.com/E5Gt6na.jpg", "fileid": "g1142_cochuy1.jpg"}, {"id": "g1142_cocd4lb", "comment": "[Run Away!](http://i.imgur.com/nDrokep.png)", "date": "2015-02-05 15:34:39", "seriesname": "g1142_cocd4lb", "file": "/media/jbrogan4/scratch2/Reddit_Prov_Dataset_v6/_Robert_Mugabe_falling_from_his_podium/g1142_cocd4lb.png", "URL": "http://i.imgur.com/nDrokep.png", "fileid": "g1142_cocd4lb.png"}, {"id": "g1142_cocfopd", "comment": "[Breakdancing](http://i.imgur.com/mHGwN43.png)", "date": "2015-02-05 16:56:38", "seriesname": "g1142_cocfopd", "file": "/media/jbrogan4/scratch2/Reddit_Prov_Dataset_v6/_Robert_Mugabe_falling_from_his_podium/g1142_cocfopd.png", "URL": "http://i.imgur.com/mHGwN43.png", "fileid": "g1142_cocfopd.png"}, {"id": "g1142_cocgtb3", "comment": "[Seems like a pretty cool guy to me...](http://i.imgur.com/XA6ygA8.png)", "date": "2015-02-05 17:28:08", "seriesname": "g1142_cocgtb3", "file": "/media/jbrogan4/scratch2/Reddit_Prov_Dataset_v6/_Robert_Mugabe_falling_from_his_podium/g1142_cocgtb3.png", "URL": "http://i.imgur.com/XA6ygA8.png", "fileid": "g1142_cocgtb3.png"}, {"id": "g1142_coct81h", "comment": "[Cat riding!](http://i.imgur.com/uuvw8NF.gif)", "date": "2015-02-06 00:07:24", "seriesname": "g1142_coct81h", "file": "/media/jbrogan4/scratch2/Reddit_Prov_Dataset_v6/_Robert_Mugabe_falling_from_his_podium/g1142_coct81h.jpg", "URL": "http://i.imgur.com/uuvw8NF.gif", "fileid": "g1142_coct81h.gif"}, {"id": "g1142_root", "comment": "", "date": "2015-02-05 14:16:24", "seriesname": "g1142_root", "file": "/media/jbrogan4/scratch2/Reddit_Prov_Dataset_v6/_Robert_Mugabe_falling_from_his_podium/g1142_root.jpg", "URL": "https://i.imgur.com/tmxwdAP.jpg", "fileid": "g1142_root.jpg"}, {"id": "g1142_coces0s", "comment": "[Mugabe Fiction](http://i.imgur.com/1h628q3.jpg)", "date": "2015-02-05 16:31:09", "seriesname": "g1142_coces0s", "file": "/media/jbrogan4/scratch2/Reddit_Prov_Dataset_v6/_Robert_Mugabe_falling_from_his_podium/g1142_coces0s.jpg", "URL": "http://i.imgur.com/1h628q3.jpg", "fileid": "g1142_coces0s.jpg"}, {"id": "g1142_cocf6yl", "comment": "[Robert Mugabe doing a sick kickflip](http://i.imgur.com/GErfv5e.jpg)\n\nEdit: forgot to mention that this is my first submission here. Sorry the background's kinda shitty, I suck at shopping people entirely out of images. ", "date": "2015-02-05 16:43:12", "seriesname": "g1142_cocf6yl", "file": "/media/jbrogan4/scratch2/Reddit_Prov_Dataset_v6/_Robert_Mugabe_falling_from_his_podium/g1142_cocf6yl.jpg", "URL": "http://i.imgur.com/GErfv5e.jpg", "fileid": "g1142_cocf6yl.jpg"}], "graph": {"name": "g1142_root"}, "directed": true}