{"links": [{"op": "none", "target": 0, "source": 48}, {"op": "none", "target": 1, "source": 48}, {"op": "none", "target": 2, "source": 33}, {"op": "none", "target": 3, "source": 48}, {"op": "none", "target": 4, "source": 5}, {"op": "none", "target": 5, "source": 36}, {"op": "none", "target": 6, "source": 48}, {"op": "none", "target": 7, "source": 48}, {"op": "none", "target": 8, "source": 48}, {"op": "none", "target": 9, "source": 33}, {"op": "none", "target": 10, "source": 22}, {"op": "none", "target": 11, "source": 48}, {"op": "none", "target": 12, "source": 48}, {"op": "none", "target": 13, "source": 48}, {"op": "none", "target": 14, "source": 48}, {"op": "none", "target": 15, "source": 48}, {"op": "none", "target": 16, "source": 48}, {"op": "none", "target": 17, "source": 48}, {"op": "none", "target": 18, "source": 29}, {"op": "none", "target": 19, "source": 2}, {"op": "none", "target": 20, "source": 48}, {"op": "none", "target": 21, "source": 48}, {"op": "none", "target": 22, "source": 33}, {"op": "none", "target": 23, "source": 48}, {"op": "none", "target": 24, "source": 48}, {"op": "none", "target": 25, "source": 48}, {"op": "none", "target": 26, "source": 48}, {"op": "none", "target": 27, "source": 48}, {"op": "none", "target": 28, "source": 48}, {"op": "none", "target": 29, "source": 48}, {"op": "none", "target": 30, "source": 33}, {"op": "none", "target": 31, "source": 48}, {"op": "none", "target": 32, "source": 48}, {"op": "none", "target": 33, "source": 48}, {"op": "none", "target": 34, "source": 48}, {"op": "none", "target": 35, "source": 48}, {"op": "none", "target": 36, "source": 48}, {"op": "none", "target": 37, "source": 25}, {"op": "none", "target": 38, "source": 29}, {"op": "none", "target": 39, "source": 48}, {"op": "none", "target": 40, "source": 48}, {"op": "none", "target": 41, "source": 48}, {"op": "none", "target": 42, "source": 48}, {"op": "none", "target": 43, "source": 1}, {"op": "none", "target": 44, "source": 39}, {"op": "none", "target": 45, "source": 48}, {"op": "none", "target": 46, "source": 29}, {"op": "none", "target": 47, "source": 48}, {"op": "none", "target": 49, "source": 48}], "title": "_Jennifer_Lawrence_holding_a_tape_measure", "nodes": [{"id": "g1144_d15nax8", "comment": "[A Katniss Story](http://imgur.com/vgySLeu)", "date": "2016-03-19 09:43:44", "seriesname": "g1144_d15nax8", "file": "/media/jbrogan4/scratch2/Reddit_Prov_Dataset_v6/_Jennifer_Lawrence_holding_a_tape_measure/g1144_d15nax8.png", "URL": "http://i.imgur.com/vgySLeu.png", "fileid": "g1144_d15nax8.png"}, {"id": "g1144_d15nuz3", "comment": "[[f]rench ;)](http://i.imgur.com/0BwD8CX.jpg)", "date": "2016-03-19 10:08:24", "seriesname": "g1144_d15nuz3", "file": "/media/jbrogan4/scratch2/Reddit_Prov_Dataset_v6/_Jennifer_Lawrence_holding_a_tape_measure/g1144_d15nuz3.jpg", "URL": "http://i.imgur.com/0BwD8CX.jpg", "fileid": "g1144_d15nuz3.jpg"}, {"id": "g1144_d15ucna", "comment": "http://i.imgur.com/PswXi3p.jpg", "date": "2016-03-19 13:40:03", "seriesname": "g1144_d15ucna", "file": "/media/jbrogan4/scratch2/Reddit_Prov_Dataset_v6/_Jennifer_Lawrence_holding_a_tape_measure/g1144_d15ucna.jpg", "URL": "http://i.imgur.com/PswXi3p.jpg", "fileid": "g1144_d15ucna.jpg"}, {"id": "g1144_d16fm3r", "comment": "[Havin' trouble holding that one in there, cheif?](http://i.imgur.com/VPwmrzS.png)", "date": "2016-03-20 00:39:10", "seriesname": "g1144_d16fm3r", "file": "/media/jbrogan4/scratch2/Reddit_Prov_Dataset_v6/_Jennifer_Lawrence_holding_a_tape_measure/g1144_d16fm3r.png", "URL": "http://i.imgur.com/VPwmrzS.png", "fileid": "g1144_d16fm3r.png"}, {"id": "g1144_d15p2rj", "comment": "[http://i.imgur.com/SwH1hes.jpg](http://i.imgur.com/SwH1hes.jpg)", "date": "2016-03-19 10:55:07", "seriesname": "g1144_d15p2rj", "file": "/media/jbrogan4/scratch2/Reddit_Prov_Dataset_v6/_Jennifer_Lawrence_holding_a_tape_measure/g1144_d15p2rj.jpg", "URL": "http://i.imgur.com/SwH1hes.jpg](http://i.imgur.com/SwH1hes.jpg", "fileid": "g1144_d15p2rj.jpg"}, {"id": "g1144_d15n96t", "comment": "http://i.imgur.com/efF1xrB.png", "date": "2016-03-19 09:41:32", "seriesname": "g1144_d15n96t", "file": "/media/jbrogan4/scratch2/Reddit_Prov_Dataset_v6/_Jennifer_Lawrence_holding_a_tape_measure/g1144_d15n96t.png", "URL": "http://i.imgur.com/efF1xrB.png", "fileid": "g1144_d15n96t.png"}, {"id": "g1144_d15pplk", "comment": "[Jennga](http://i.imgur.com/bKZ8OWA.jpg).", "date": "2016-03-19 11:17:14", "seriesname": "g1144_d15pplk", "file": "/media/jbrogan4/scratch2/Reddit_Prov_Dataset_v6/_Jennifer_Lawrence_holding_a_tape_measure/g1144_d15pplk.jpg", "URL": "http://i.imgur.com/bKZ8OWA.jpg).", "fileid": "g1144_d15pplk."}, {"id": "g1144_d15q2jd", "comment": "Jennifer auditioning for The Force Awakens \nhttp://i.imgur.com/zZLxwXk.jpg", "date": "2016-03-19 11:29:20", "seriesname": "g1144_d15q2jd", "file": "/media/jbrogan4/scratch2/Reddit_Prov_Dataset_v6/_Jennifer_Lawrence_holding_a_tape_measure/g1144_d15q2jd.jpg", "URL": "http://i.imgur.com/zZLxwXk.jpg", "fileid": "g1144_d15q2jd.jpg"}, {"id": "g1144_d15ovgu", "comment": "http://i.imgur.com/XTHmapc.jpg", "date": "2016-03-19 10:47:47", "seriesname": "g1144_d15ovgu", "file": "/media/jbrogan4/scratch2/Reddit_Prov_Dataset_v6/_Jennifer_Lawrence_holding_a_tape_measure/g1144_d15ovgu.jpg", "URL": "http://i.imgur.com/XTHmapc.jpg", "fileid": "g1144_d15ovgu.jpg"}, {"id": "g1144_d15q5wq", "comment": "The gif was made by taking screenshots after each key step, so it's sped up by quite a bit. Make a selection by drawing as close as possible to the edge with the pen tool. Then use \"Refine edge\" to get a clean outline of the hair (I used a dark background preview to make sure that stray background pixels won't show up on the poster).\n\nhttp://i.imgur.com/waJisVX.gif", "date": "2016-03-19 11:32:20", "seriesname": "g1144_d15q5wq", "file": "/media/jbrogan4/scratch2/Reddit_Prov_Dataset_v6/_Jennifer_Lawrence_holding_a_tape_measure/g1144_d15q5wq.jpg", "URL": "http://i.imgur.com/waJisVX.gif", "fileid": "g1144_d15q5wq.gif"}, {"id": "g1144_d15vj9t", "comment": "I knew about the \"r\" overlapping with \"o\" because the path I typed on dipped where her hand met her leg... I thought nobody would notice it. Damn you, /u/pointlessvoice, for making a point.\n\n[Fixed it just for you :\\)](http://i.imgur.com/ckMrvHd.jpg)", "date": "2016-03-19 14:14:48", "seriesname": "g1144_d15vj9t", "file": "/media/jbrogan4/scratch2/Reddit_Prov_Dataset_v6/_Jennifer_Lawrence_holding_a_tape_measure/g1144_d15vj9t.jpg", "URL": "http://i.imgur.com/ckMrvHd.jpg", "fileid": "g1144_d15vj9t.jpg"}, {"id": "g1144_d15m5p4", "comment": "[Whole Lotta Love](https://imgur.com/7FefJyX.jpg)", "date": "2016-03-19 08:47:25", "seriesname": "g1144_d15m5p4", "file": "/media/jbrogan4/scratch2/Reddit_Prov_Dataset_v6/_Jennifer_Lawrence_holding_a_tape_measure/g1144_d15m5p4.jpg", "URL": "https://imgur.com/7FefJyX.jpg", "fileid": "g1144_d15m5p4.jpg"}, {"id": "g1144_d15ntg5", "comment": "[Star Wars](http://i.imgur.com/NMTdBYC.jpg)", "date": "2016-03-19 10:06:38", "seriesname": "g1144_d15ntg5", "file": "/media/jbrogan4/scratch2/Reddit_Prov_Dataset_v6/_Jennifer_Lawrence_holding_a_tape_measure/g1144_d15ntg5.jpg", "URL": "http://i.imgur.com/NMTdBYC.jpg", "fileid": "g1144_d15ntg5.jpg"}, {"id": "g1144_d15tbwy", "comment": "[Bumming a light.](http://i.imgur.com/0XMsEgn.png)", "date": "2016-03-19 13:10:10", "seriesname": "g1144_d15tbwy", "file": "/media/jbrogan4/scratch2/Reddit_Prov_Dataset_v6/_Jennifer_Lawrence_holding_a_tape_measure/g1144_d15tbwy.png", "URL": "http://i.imgur.com/0XMsEgn.png", "fileid": "g1144_d15tbwy.png"}, {"id": "g1144_d168k1z", "comment": "Extremely NSFW - [J-Law at a strip club \\(sex show\\)](http://i.imgur.com/4SknWBd.jpg) - Incredibly NSFW\n\nThis image shouldn't be viewed by anyone except the truly perverse, did I mention it's fucking NSFW.", "date": "2016-03-19 20:49:59", "seriesname": "g1144_d168k1z", "file": "/media/jbrogan4/scratch2/Reddit_Prov_Dataset_v6/_Jennifer_Lawrence_holding_a_tape_measure/g1144_d168k1z.jpg", "URL": "http://i.imgur.com/4SknWBd.jpg", "fileid": "g1144_d168k1z.jpg"}, {"id": "g1144_d15njr0", "comment": "it had to be done\nhttp://i.imgur.com/2SkmJTT.jpg", "date": "2016-03-19 09:54:50", "seriesname": "g1144_d15njr0", "file": "/media/jbrogan4/scratch2/Reddit_Prov_Dataset_v6/_Jennifer_Lawrence_holding_a_tape_measure/g1144_d15njr0.jpg", "URL": "http://i.imgur.com/2SkmJTT.jpg", "fileid": "g1144_d15njr0.jpg"}, {"id": "g1144_d15o1if", "comment": "[Her wet dreams came true](http://i.imgur.com/IPHKMKx.jpg)", "date": "2016-03-19 10:15:46", "seriesname": "g1144_d15o1if", "file": "/media/jbrogan4/scratch2/Reddit_Prov_Dataset_v6/_Jennifer_Lawrence_holding_a_tape_measure/g1144_d15o1if.jpg", "URL": "http://i.imgur.com/IPHKMKx.jpg", "fileid": "g1144_d15o1if.jpg"}, {"id": "g1144_d15rafq", "comment": "[MRW I accidentally bomb North Korea.](http://i.imgur.com/qm67c2Z.png)", "date": "2016-03-19 12:08:22", "seriesname": "g1144_d15rafq", "file": "/media/jbrogan4/scratch2/Reddit_Prov_Dataset_v6/_Jennifer_Lawrence_holding_a_tape_measure/g1144_d15rafq.png", "URL": "http://i.imgur.com/qm67c2Z.png", "fileid": "g1144_d15rafq.png"}, {"id": "g1144_d15oqv8", "comment": "&gt; I really expected way more docks in this thread.\n\n[https://i.imgur.com/8lf5XMC.jpg](https://i.imgur.com/8lf5XMC.jpg)", "date": "2016-03-19 10:43:07", "seriesname": "g1144_d15oqv8", "file": "/media/jbrogan4/scratch2/Reddit_Prov_Dataset_v6/_Jennifer_Lawrence_holding_a_tape_measure/g1144_d15oqv8.jpg", "URL": "https://i.imgur.com/8lf5XMC.jpg](https://i.imgur.com/8lf5XMC.jpg", "fileid": "g1144_d15oqv8.jpg"}, {"id": "g1144_d15w14y", "comment": "Pardon the shameless plug\u2014[I ran out of ideas for what to put there.](http://i.imgur.com/ySFrwhu.jpg)", "date": "2016-03-19 14:29:28", "seriesname": "g1144_d15w14y", "file": "/media/jbrogan4/scratch2/Reddit_Prov_Dataset_v6/_Jennifer_Lawrence_holding_a_tape_measure/g1144_d15w14y.jpg", "URL": "http://i.imgur.com/ySFrwhu.jpg", "fileid": "g1144_d15w14y.jpg"}, {"id": "g1144_d15nq9h", "comment": "[Flashbacks](http://i.imgur.com/XR8xAS9.jpg)", "date": "2016-03-19 10:02:52", "seriesname": "g1144_d15nq9h", "file": "/media/jbrogan4/scratch2/Reddit_Prov_Dataset_v6/_Jennifer_Lawrence_holding_a_tape_measure/g1144_d15nq9h.jpg", "URL": "http://i.imgur.com/XR8xAS9.jpg", "fileid": "g1144_d15nq9h.jpg"}, {"id": "g1144_d15nzyp", "comment": "[Please welcome Conductor Jennifer Lawrence](http://i.imgur.com/ZLQv3rn.jpg)", "date": "2016-03-19 10:14:01", "seriesname": "g1144_d15nzyp", "file": "/media/jbrogan4/scratch2/Reddit_Prov_Dataset_v6/_Jennifer_Lawrence_holding_a_tape_measure/g1144_d15nzyp.jpg", "URL": "http://i.imgur.com/ZLQv3rn.jpg", "fileid": "g1144_d15nzyp.jpg"}, {"id": "g1144_d15uve0", "comment": "You are a master of art. These are masterpieces. Therefore, just in case you hadn't caught it yet and/or assuming it wasn't intentional, i was compelled to let you know that a letter (r) is missing from the word \"for\" in the sentence following the curves of her bend, *just* to the left of her right hand/knee. https://i.imgur.com/COJlk28.jpg\n\nYou are amazing; these are truly a feat of talent.", "date": "2016-03-19 13:55:03", "seriesname": "g1144_d15uve0", "file": "/media/jbrogan4/scratch2/Reddit_Prov_Dataset_v6/_Jennifer_Lawrence_holding_a_tape_measure/g1144_d15uve0.jpg", "URL": "https://i.imgur.com/COJlk28.jpg", "fileid": "g1144_d15uve0.jpg"}, {"id": "g1144_d15r1fw", "comment": "[We'll handle this.](http://imgur.com/A0AFj7Z)", "date": "2016-03-19 12:00:22", "seriesname": "g1144_d15r1fw", "file": "/media/jbrogan4/scratch2/Reddit_Prov_Dataset_v6/_Jennifer_Lawrence_holding_a_tape_measure/g1144_d15r1fw.png", "URL": "http://i.imgur.com/A0AFj7Z.png", "fileid": "g1144_d15r1fw.png"}, {"id": "g1144_d15pe52", "comment": "[Festivus](http://i.imgur.com/m3I3dA9.jpg)", "date": "2016-03-19 11:06:21", "seriesname": "g1144_d15pe52", "file": "/media/jbrogan4/scratch2/Reddit_Prov_Dataset_v6/_Jennifer_Lawrence_holding_a_tape_measure/g1144_d15pe52.jpg", "URL": "http://i.imgur.com/m3I3dA9.jpg", "fileid": "g1144_d15pe52.jpg"}, {"id": "g1144_d15oohm", "comment": "[Swap](http://i.imgur.com/J0SYoje.jpg)", "date": "2016-03-19 10:40:40", "seriesname": "g1144_d15oohm", "file": "/media/jbrogan4/scratch2/Reddit_Prov_Dataset_v6/_Jennifer_Lawrence_holding_a_tape_measure/g1144_d15oohm.jpg", "URL": "http://i.imgur.com/J0SYoje.jpg", "fileid": "g1144_d15oohm.jpg"}, {"id": "g1144_d16go7e", "comment": "[All she could say was 'whoah'.](http://i.imgur.com/QgdvI06.jpg)", "date": "2016-03-20 01:19:30", "seriesname": "g1144_d16go7e", "file": "/media/jbrogan4/scratch2/Reddit_Prov_Dataset_v6/_Jennifer_Lawrence_holding_a_tape_measure/g1144_d16go7e.jpg", "URL": "http://i.imgur.com/QgdvI06.jpg", "fileid": "g1144_d16go7e.jpg"}, {"id": "g1144_d15s64w", "comment": "After reading through all the comments, I was disappointed to see noone had the courage to actually make the picture we all really want... So here you go guys the, the Jennifer Lawrence holding a giant cock picture we were all waiting for. Obviously NSFW. Hope i dont get banned :(\n\nhttp://i.imgur.com/nOfHpOe.jpg", "date": "2016-03-19 12:35:39", "seriesname": "g1144_d15s64w", "file": "/media/jbrogan4/scratch2/Reddit_Prov_Dataset_v6/_Jennifer_Lawrence_holding_a_tape_measure/g1144_d15s64w.jpg", "URL": "http://i.imgur.com/nOfHpOe.jpg", "fileid": "g1144_d15s64w.jpg"}, {"id": "g1144_d15ojxx", "comment": "[\"It was, like, right there in front of my face.   And yes, it frightened me...  But I felt curious, as well.\"](http://imgur.com/2iBOMDp)", "date": "2016-03-19 10:35:51", "seriesname": "g1144_d15ojxx", "file": "/media/jbrogan4/scratch2/Reddit_Prov_Dataset_v6/_Jennifer_Lawrence_holding_a_tape_measure/g1144_d15ojxx.png", "URL": "http://i.imgur.com/2iBOMDp.png", "fileid": "g1144_d15ojxx.png"}, {"id": "g1144_d15n3z1", "comment": "[Jenga-fer Lawrence](http://i.imgur.com/EMJhiu2.jpg)", "date": "2016-03-19 09:34:47", "seriesname": "g1144_d15n3z1", "file": "/media/jbrogan4/scratch2/Reddit_Prov_Dataset_v6/_Jennifer_Lawrence_holding_a_tape_measure/g1144_d15n3z1.jpg", "URL": "http://i.imgur.com/EMJhiu2.jpg", "fileid": "g1144_d15n3z1.jpg"}, {"id": "g1144_d15q6cc", "comment": "[MRW I see gold like this.](http://i.imgur.com/I7CpAJS.png)", "date": "2016-03-19 11:32:46", "seriesname": "g1144_d15q6cc", "file": "/media/jbrogan4/scratch2/Reddit_Prov_Dataset_v6/_Jennifer_Lawrence_holding_a_tape_measure/g1144_d15q6cc.png", "URL": "http://i.imgur.com/I7CpAJS.png", "fileid": "g1144_d15q6cc.png"}, {"id": "g1144_d15n0k3", "comment": "[Charles, you got something in your head](http://i.imgur.com/Vt28YZz.jpg)", "date": "2016-03-19 09:30:29", "seriesname": "g1144_d15n0k3", "file": "/media/jbrogan4/scratch2/Reddit_Prov_Dataset_v6/_Jennifer_Lawrence_holding_a_tape_measure/g1144_d15n0k3.jpg", "URL": "http://i.imgur.com/Vt28YZz.jpg", "fileid": "g1144_d15n0k3.jpg"}, {"id": "g1144_d16kxkk", "comment": "[When Trump met Jennifer](http://i.imgur.com/f2wARvI.jpg)\n\nSlightly Not safe for work ", "date": "2016-03-20 05:29:04", "seriesname": "g1144_d16kxkk", "file": "/media/jbrogan4/scratch2/Reddit_Prov_Dataset_v6/_Jennifer_Lawrence_holding_a_tape_measure/g1144_d16kxkk.jpg", "URL": "http://i.imgur.com/f2wARvI.jpg", "fileid": "g1144_d16kxkk.jpg"}, {"id": "g1144_d15ntf1", "comment": "Come'on, you knew this would show up here:\n\n[NSFW Expectations 10](http://i.imgur.com/NHMZOpI.jpg)\n\nFull album [here.](http://imgur.com/a/6pVmX)\n\n*Meta: Hello /r/bestof! I'm so happy that you found my work. Do stick around and check out other talented photoshoppers' works by clicking \"load more comments\" or \"sort by new\"\u2014a lot of great work tend to get buried by the default view in popular threads like this.*", "date": "2016-03-19 10:06:36", "seriesname": "g1144_d15ntf1", "file": "/media/jbrogan4/scratch2/Reddit_Prov_Dataset_v6/_Jennifer_Lawrence_holding_a_tape_measure/g1144_d15ntf1.png", "URL": "http://i.imgur.com/6pVmX.png", "fileid": "g1144_d15ntf1.png"}, {"id": "g1144_d15ndy1", "comment": "[Everyone...](http://i.imgur.com/FrYjoYG.jpg)", "date": "2016-03-19 09:47:27", "seriesname": "g1144_d15ndy1", "file": "/media/jbrogan4/scratch2/Reddit_Prov_Dataset_v6/_Jennifer_Lawrence_holding_a_tape_measure/g1144_d15ndy1.jpg", "URL": "http://i.imgur.com/FrYjoYG.jpg", "fileid": "g1144_d15ndy1.jpg"}, {"id": "g1144_d15ndfe", "comment": "[JLaw surprised by the size of the dick she's holding](http://i.imgur.com/eKUvzWD.jpg)", "date": "2016-03-19 09:46:48", "seriesname": "g1144_d15ndfe", "file": "/media/jbrogan4/scratch2/Reddit_Prov_Dataset_v6/_Jennifer_Lawrence_holding_a_tape_measure/g1144_d15ndfe.jpg", "URL": "http://i.imgur.com/eKUvzWD.jpg", "fileid": "g1144_d15ndfe.jpg"}, {"id": "g1144_d15mb6l", "comment": "http://i.imgur.com/0rBhKlI.jpg\n\nhttp://i.imgur.com/UFOWOdN.jpg", "date": "2016-03-19 08:55:33", "seriesname": "g1144_d15mb6l", "file": "/media/jbrogan4/scratch2/Reddit_Prov_Dataset_v6/_Jennifer_Lawrence_holding_a_tape_measure/g1144_d15mb6l.jpg", "URL": "http://i.imgur.com/UFOWOdN.jpg", "fileid": "g1144_d15mb6l.jpg"}, {"id": "g1144_d15xzlx", "comment": "https://i.imgur.com/ApXZUAT.png", "date": "2016-03-19 15:27:20", "seriesname": "g1144_d15xzlx", "file": "/media/jbrogan4/scratch2/Reddit_Prov_Dataset_v6/_Jennifer_Lawrence_holding_a_tape_measure/g1144_d15xzlx.png", "URL": "https://i.imgur.com/ApXZUAT.png", "fileid": "g1144_d15xzlx.png"}, {"id": "g1144_d15na35", "comment": "[The Jenga Games](https://i.imgur.com/WnSSovz.jpg)", "date": "2016-03-19 09:42:42", "seriesname": "g1144_d15na35", "file": "/media/jbrogan4/scratch2/Reddit_Prov_Dataset_v6/_Jennifer_Lawrence_holding_a_tape_measure/g1144_d15na35.jpg", "URL": "https://i.imgur.com/WnSSovz.jpg", "fileid": "g1144_d15na35.jpg"}, {"id": "g1144_d15mvzg", "comment": "http://i.imgur.com/QnxbxvP.jpg\n\nEDIT: http://i.imgur.com/iF3Tc88.jpg\n\nEDIT 2: http://i.imgur.com/Coo96Gp.jpg", "date": "2016-03-19 09:24:37", "seriesname": "g1144_d15mvzg", "file": "/media/jbrogan4/scratch2/Reddit_Prov_Dataset_v6/_Jennifer_Lawrence_holding_a_tape_measure/g1144_d15mvzg.jpg", "URL": "http://i.imgur.com/Coo96Gp.jpg", "fileid": "g1144_d15mvzg.jpg"}, {"id": "g1144_d15nu7r", "comment": "[Ohhhh](http://i.imgur.com/fABJpLD.jpg)", "date": "2016-03-19 10:07:31", "seriesname": "g1144_d15nu7r", "file": "/media/jbrogan4/scratch2/Reddit_Prov_Dataset_v6/_Jennifer_Lawrence_holding_a_tape_measure/g1144_d15nu7r.jpg", "URL": "http://i.imgur.com/fABJpLD.jpg", "fileid": "g1144_d15nu7r.jpg"}, {"id": "g1144_d15nynj", "comment": "[American Gothic] (http://i.imgur.com/pSiEp9L.png)\n\nEdit: tried to match the texture better, I'm still pretty new to this. ", "date": "2016-03-19 10:12:30", "seriesname": "g1144_d15nynj", "file": "/media/jbrogan4/scratch2/Reddit_Prov_Dataset_v6/_Jennifer_Lawrence_holding_a_tape_measure/g1144_d15nynj.png", "URL": "http://i.imgur.com/pSiEp9L.png", "fileid": "g1144_d15nynj.png"}, {"id": "g1144_d162rp5", "comment": "NSFW!!! Inspecting Kim Jong-un's [weapons of mass destruction](http://i.imgur.com/JHLaqy9.jpg)  (I took this from one of my other posts... hope it's not too explicit)", "date": "2016-03-19 17:53:48", "seriesname": "g1144_d162rp5", "file": "/media/jbrogan4/scratch2/Reddit_Prov_Dataset_v6/_Jennifer_Lawrence_holding_a_tape_measure/g1144_d162rp5.jpg", "URL": "http://i.imgur.com/JHLaqy9.jpg", "fileid": "g1144_d162rp5.jpg"}, {"id": "g1144_d15op4h", "comment": "same idea but I'm just too slow: https://i.imgur.com/zUr6spN.jpg", "date": "2016-03-19 10:41:21", "seriesname": "g1144_d15op4h", "file": "/media/jbrogan4/scratch2/Reddit_Prov_Dataset_v6/_Jennifer_Lawrence_holding_a_tape_measure/g1144_d15op4h.jpg", "URL": "https://i.imgur.com/zUr6spN.jpg", "fileid": "g1144_d15op4h.jpg"}, {"id": "g1144_d15nzpq", "comment": "Have you recently watched *[Mars Attacks](http://i.imgur.com/kH9k1Xk.jpg)*?", "date": "2016-03-19 10:13:43", "seriesname": "g1144_d15nzpq", "file": "/media/jbrogan4/scratch2/Reddit_Prov_Dataset_v6/_Jennifer_Lawrence_holding_a_tape_measure/g1144_d15nzpq.jpg", "URL": "http://i.imgur.com/kH9k1Xk.jpg)*?", "fileid": "g1144_d15nzpq.jpg*"}, {"id": "g1144_d16cjta", "comment": "[Obie wan has not taught her well](http://i.imgur.com/t5PqdRG.jpg)", "date": "2016-03-19 22:54:04", "seriesname": "g1144_d16cjta", "file": "/media/jbrogan4/scratch2/Reddit_Prov_Dataset_v6/_Jennifer_Lawrence_holding_a_tape_measure/g1144_d16cjta.jpg", "URL": "http://i.imgur.com/t5PqdRG.jpg", "fileid": "g1144_d16cjta.jpg"}, {"id": "g1144_d15opua", "comment": "[Gotta join in with my Jengafer from last time this was posted :)](http://imgur.com/1ui5fhA.jpg)", "date": "2016-03-19 10:42:04", "seriesname": "g1144_d15opua", "file": "/media/jbrogan4/scratch2/Reddit_Prov_Dataset_v6/_Jennifer_Lawrence_holding_a_tape_measure/g1144_d15opua.jpg", "URL": "http://imgur.com/1ui5fhA.jpg", "fileid": "g1144_d15opua.jpg"}, {"id": "g1144_d15mxzk", "comment": "[Step away from the Cake](http://imgur.com/J4SGvVz)", "date": "2016-03-19 09:27:13", "seriesname": "g1144_d15mxzk", "file": "/media/jbrogan4/scratch2/Reddit_Prov_Dataset_v6/_Jennifer_Lawrence_holding_a_tape_measure/g1144_d15mxzk.png", "URL": "http://i.imgur.com/J4SGvVz.png", "fileid": "g1144_d15mxzk.png"}, {"id": "g1144_root", "comment": "", "date": "2016-03-19 07:54:54", "seriesname": "g1144_root", "file": "/media/jbrogan4/scratch2/Reddit_Prov_Dataset_v6/_Jennifer_Lawrence_holding_a_tape_measure/g1144_root.jpg", "URL": "http://i.imgur.com/XAh1Fwm.jpg", "fileid": "g1144_root.jpg"}, {"id": "g1144_d15paul", "comment": "[...Heavy...](http://i.imgur.com/E3YiyPt.jpg)", "date": "2016-03-19 11:03:04", "seriesname": "g1144_d15paul", "file": "/media/jbrogan4/scratch2/Reddit_Prov_Dataset_v6/_Jennifer_Lawrence_holding_a_tape_measure/g1144_d15paul.jpg", "URL": "http://i.imgur.com/E3YiyPt.jpg", "fileid": "g1144_d15paul.jpg"}], "graph": {"name": "g1144_root"}, "directed": true}