{"links": [{"op": "none", "target": 0, "source": 68}, {"op": "none", "target": 1, "source": 11}, {"op": "none", "target": 2, "source": 59}, {"op": "none", "target": 3, "source": 6}, {"op": "none", "target": 4, "source": 68}, {"op": "none", "target": 5, "source": 68}, {"op": "none", "target": 6, "source": 68}, {"op": "none", "target": 7, "source": 68}, {"op": "none", "target": 8, "source": 68}, {"op": "none", "target": 9, "source": 68}, {"op": "none", "target": 10, "source": 46}, {"op": "none", "target": 11, "source": 68}, {"op": "none", "target": 12, "source": 68}, {"op": "none", "target": 13, "source": 68}, {"op": "none", "target": 14, "source": 68}, {"op": "none", "target": 15, "source": 68}, {"op": "none", "target": 16, "source": 68}, {"op": "none", "target": 17, "source": 68}, {"op": "none", "target": 18, "source": 68}, {"op": "none", "target": 19, "source": 68}, {"op": "none", "target": 20, "source": 2}, {"op": "none", "target": 21, "source": 24}, {"op": "none", "target": 22, "source": 79}, {"op": "none", "target": 23, "source": 68}, {"op": "none", "target": 24, "source": 68}, {"op": "none", "target": 25, "source": 68}, {"op": "none", "target": 26, "source": 17}, {"op": "none", "target": 27, "source": 68}, {"op": "none", "target": 28, "source": 68}, {"op": "none", "target": 29, "source": 68}, {"op": "none", "target": 30, "source": 68}, {"op": "none", "target": 31, "source": 68}, {"op": "none", "target": 32, "source": 28}, {"op": "none", "target": 33, "source": 48}, {"op": "none", "target": 34, "source": 10}, {"op": "none", "target": 35, "source": 24}, {"op": "none", "target": 36, "source": 68}, {"op": "none", "target": 37, "source": 68}, {"op": "none", "target": 38, "source": 68}, {"op": "none", "target": 39, "source": 50}, {"op": "none", "target": 40, "source": 76}, {"op": "none", "target": 41, "source": 68}, {"op": "none", "target": 42, "source": 68}, {"op": "none", "target": 43, "source": 68}, {"op": "none", "target": 44, "source": 68}, {"op": "none", "target": 45, "source": 68}, {"op": "none", "target": 46, "source": 68}, {"op": "none", "target": 47, "source": 60}, {"op": "none", "target": 48, "source": 21}, {"op": "none", "target": 49, "source": 68}, {"op": "none", "target": 50, "source": 68}, {"op": "none", "target": 51, "source": 68}, {"op": "none", "target": 52, "source": 68}, {"op": "none", "target": 53, "source": 40}, {"op": "none", "target": 54, "source": 68}, {"op": "none", "target": 55, "source": 48}, {"op": "none", "target": 56, "source": 68}, {"op": "none", "target": 57, "source": 68}, {"op": "none", "target": 58, "source": 68}, {"op": "none", "target": 59, "source": 68}, {"op": "none", "target": 60, "source": 68}, {"op": "none", "target": 61, "source": 68}, {"op": "none", "target": 62, "source": 68}, {"op": "none", "target": 63, "source": 68}, {"op": "none", "target": 64, "source": 68}, {"op": "none", "target": 65, "source": 68}, {"op": "none", "target": 66, "source": 24}, {"op": "none", "target": 67, "source": 17}, {"op": "none", "target": 69, "source": 68}, {"op": "none", "target": 70, "source": 68}, {"op": "none", "target": 71, "source": 68}, {"op": "none", "target": 72, "source": 68}, {"op": "none", "target": 73, "source": 68}, {"op": "none", "target": 74, "source": 68}, {"op": "none", "target": 75, "source": 68}, {"op": "none", "target": 76, "source": 79}, {"op": "none", "target": 77, "source": 17}, {"op": "none", "target": 78, "source": 68}, {"op": "none", "target": 79, "source": 83}, {"op": "none", "target": 80, "source": 68}, {"op": "none", "target": 81, "source": 76}, {"op": "none", "target": 82, "source": 68}, {"op": "none", "target": 83, "source": 11}, {"op": "none", "target": 84, "source": 76}, {"op": "none", "target": 85, "source": 23}, {"op": "none", "target": 86, "source": 68}, {"op": "none", "target": 87, "source": 68}], "title": "_This_picture_of_Hillary_Clinton_and_Barack_Obama", "nodes": [{"id": "g1145_d5ukn1u", "comment": "Congrats  http://imgur.com/N5RjWYN", "date": "2016-07-28 11:57:04", "seriesname": "g1145_d5ukn1u", "file": "/media/jbrogan4/scratch2/Reddit_Prov_Dataset_v6/_This_picture_of_Hillary_Clinton_and_Barack_Obama/g1145_d5ukn1u.png", "URL": "http://i.imgur.com/N5RjWYN.png", "fileid": "g1145_d5ukn1u.png"}, {"id": "g1145_d5ujioh", "comment": "http://imgur.com/xXe8W22", "date": "2016-07-28 11:34:03", "seriesname": "g1145_d5ujioh", "file": "/media/jbrogan4/scratch2/Reddit_Prov_Dataset_v6/_This_picture_of_Hillary_Clinton_and_Barack_Obama/g1145_d5ujioh.png", "URL": "http://i.imgur.com/xXe8W22.png", "fileid": "g1145_d5ujioh.png"}, {"id": "g1145_d5uoe4d", "comment": "Screenshot from your work. Love this! http://imgur.com/e3kO4KD", "date": "2016-07-28 13:12:46", "seriesname": "g1145_d5uoe4d", "file": "/media/jbrogan4/scratch2/Reddit_Prov_Dataset_v6/_This_picture_of_Hillary_Clinton_and_Barack_Obama/g1145_d5uoe4d.png", "URL": "http://i.imgur.com/e3kO4KD.png", "fileid": "g1145_d5uoe4d.png"}, {"id": "g1145_d5udhly", "comment": "[just for you:) picture](http://i.imgur.com/EbF5xK1.jpg)\n\n&amp;\n\n[animation with imagine dragons - radioactive - MUSIC- **!!!headphones users lower the volume!!!**](http://loopnroll.com/p/ZUuUp)", "date": "2016-07-28 09:14:17", "seriesname": "g1145_d5udhly", "file": "/media/jbrogan4/scratch2/Reddit_Prov_Dataset_v6/_This_picture_of_Hillary_Clinton_and_Barack_Obama/g1145_d5udhly.jpg", "URL": "http://i.imgur.com/EbF5xK1.jpg", "fileid": "g1145_d5udhly.jpg"}, {"id": "g1145_d5udwgd", "comment": "[Michelle is watching](http://i.imgur.com/g5y1jEq.jpg)", "date": "2016-07-28 09:25:33", "seriesname": "g1145_d5udwgd", "file": "/media/jbrogan4/scratch2/Reddit_Prov_Dataset_v6/_This_picture_of_Hillary_Clinton_and_Barack_Obama/g1145_d5udwgd.jpg", "URL": "http://i.imgur.com/g5y1jEq.jpg", "fileid": "g1145_d5udwgd.jpg"}, {"id": "g1145_d5usiv0", "comment": "[I think we did it Hillary] (http://imgur.com/U9AZGQW.jpg)", "date": "2016-07-28 14:35:23", "seriesname": "g1145_d5usiv0", "file": "/media/jbrogan4/scratch2/Reddit_Prov_Dataset_v6/_This_picture_of_Hillary_Clinton_and_Barack_Obama/g1145_d5usiv0.jpg", "URL": "http://imgur.com/U9AZGQW.jpg", "fileid": "g1145_d5usiv0.jpg"}, {"id": "g1145_d5uaole", "comment": "[And I... will always love you](http://i.imgur.com/g7BJ3hL.jpg)\n\n&amp;\n\n[Animated with Sound](http://loopnroll.com/p/Pgt5h)", "date": "2016-07-28 07:36:55", "seriesname": "g1145_d5uaole", "file": "/media/jbrogan4/scratch2/Reddit_Prov_Dataset_v6/_This_picture_of_Hillary_Clinton_and_Barack_Obama/g1145_d5uaole.jpg", "URL": "http://i.imgur.com/g7BJ3hL.jpg", "fileid": "g1145_d5uaole.jpg"}, {"id": "g1145_d5uzfzw", "comment": "[End of days](http://i.imgur.com/xWfl1e5.jpg)", "date": "2016-07-28 16:58:21", "seriesname": "g1145_d5uzfzw", "file": "/media/jbrogan4/scratch2/Reddit_Prov_Dataset_v6/_This_picture_of_Hillary_Clinton_and_Barack_Obama/g1145_d5uzfzw.jpg", "URL": "http://i.imgur.com/xWfl1e5.jpg", "fileid": "g1145_d5uzfzw.jpg"}, {"id": "g1145_d5ujbsy", "comment": "This is my first PSB entry. [Enjoy!](http://i.imgur.com/jTGMpH3g.png)", "date": "2016-07-28 11:30:08", "seriesname": "g1145_d5ujbsy", "file": "/media/jbrogan4/scratch2/Reddit_Prov_Dataset_v6/_This_picture_of_Hillary_Clinton_and_Barack_Obama/g1145_d5ujbsy.png", "URL": "http://i.imgur.com/jTGMpH3g.png", "fileid": "g1145_d5ujbsy.png"}, {"id": "g1145_d5ultuw", "comment": "[Obama and his one true love.](http://i.imgur.com/wIcfcRg.jpg)", "date": "2016-07-28 12:21:24", "seriesname": "g1145_d5ultuw", "file": "/media/jbrogan4/scratch2/Reddit_Prov_Dataset_v6/_This_picture_of_Hillary_Clinton_and_Barack_Obama/g1145_d5ultuw.jpg", "URL": "http://i.imgur.com/wIcfcRg.jpg", "fileid": "g1145_d5ultuw.jpg"}, {"id": "g1145_d5udgvz", "comment": "[Dumpster lovers](http://i.imgur.com/i81Eaue.jpg)", "date": "2016-07-28 09:13:43", "seriesname": "g1145_d5udgvz", "file": "/media/jbrogan4/scratch2/Reddit_Prov_Dataset_v6/_This_picture_of_Hillary_Clinton_and_Barack_Obama/g1145_d5udgvz.jpg", "URL": "http://i.imgur.com/i81Eaue.jpg", "fileid": "g1145_d5udgvz.jpg"}, {"id": "g1145_d5u9wvc", "comment": "[Little squeeze](http://imgur.com/Paj1IHp)", "date": "2016-07-28 07:02:05", "seriesname": "g1145_d5u9wvc", "file": "/media/jbrogan4/scratch2/Reddit_Prov_Dataset_v6/_This_picture_of_Hillary_Clinton_and_Barack_Obama/g1145_d5u9wvc.png", "URL": "http://i.imgur.com/Paj1IHp.png", "fileid": "g1145_d5u9wvc.png"}, {"id": "g1145_d5uekqs", "comment": "[quick n dirty](http://imgur.com/4xyqBnw)", "date": "2016-07-28 09:43:11", "seriesname": "g1145_d5uekqs", "file": "/media/jbrogan4/scratch2/Reddit_Prov_Dataset_v6/_This_picture_of_Hillary_Clinton_and_Barack_Obama/g1145_d5uekqs.png", "URL": "http://i.imgur.com/4xyqBnw.png", "fileid": "g1145_d5uekqs.png"}, {"id": "g1145_d5uib30", "comment": "[All wrapped up](http://i.imgur.com/vdwcMij.jpg)", "date": "2016-07-28 11:08:35", "seriesname": "g1145_d5uib30", "file": "/media/jbrogan4/scratch2/Reddit_Prov_Dataset_v6/_This_picture_of_Hillary_Clinton_and_Barack_Obama/g1145_d5uib30.jpg", "URL": "http://i.imgur.com/vdwcMij.jpg", "fileid": "g1145_d5uib30.jpg"}, {"id": "g1145_d5va1av", "comment": "Putin jumps in !\n\nA Wild Putin Appears(http://i.imgur.com/TUyCVj5.jpg)", "date": "2016-07-28 21:13:18", "seriesname": "g1145_d5va1av", "file": "/media/jbrogan4/scratch2/Reddit_Prov_Dataset_v6/_This_picture_of_Hillary_Clinton_and_Barack_Obama/g1145_d5va1av.jpg", "URL": "http://i.imgur.com/TUyCVj5.jpg", "fileid": "g1145_d5va1av.jpg"}, {"id": "g1145_d5uf36l", "comment": "  http://imgur.com/Br2xZSQ\n\nCan't go hidin' from Biden.", "date": "2016-07-28 09:55:49", "seriesname": "g1145_d5uf36l", "file": "/media/jbrogan4/scratch2/Reddit_Prov_Dataset_v6/_This_picture_of_Hillary_Clinton_and_Barack_Obama/g1145_d5uf36l.png", "URL": "http://i.imgur.com/Br2xZSQ.png", "fileid": "g1145_d5uf36l.png"}, {"id": "g1145_d5upe7s", "comment": "[The obvious enhancement](http://i.imgur.com/fNQdMN0.jpg).", "date": "2016-07-28 13:32:53", "seriesname": "g1145_d5upe7s", "file": "/media/jbrogan4/scratch2/Reddit_Prov_Dataset_v6/_This_picture_of_Hillary_Clinton_and_Barack_Obama/g1145_d5upe7s.jpg", "URL": "http://i.imgur.com/fNQdMN0.jpg).", "fileid": "g1145_d5upe7s."}, {"id": "g1145_d5ucgi7", "comment": "[Meanwhile, in a parallel universe...](http://i.imgur.com/01kCIov.jpg)", "date": "2016-07-28 08:42:43", "seriesname": "g1145_d5ucgi7", "file": "/media/jbrogan4/scratch2/Reddit_Prov_Dataset_v6/_This_picture_of_Hillary_Clinton_and_Barack_Obama/g1145_d5ucgi7.jpg", "URL": "http://i.imgur.com/01kCIov.jpg", "fileid": "g1145_d5ucgi7.jpg"}, {"id": "g1145_d5w5w1y", "comment": "[Driving Miss Hillary](http://i.imgur.com/zyGMhRj.jpg)", "date": "2016-07-29 13:48:13", "seriesname": "g1145_d5w5w1y", "file": "/media/jbrogan4/scratch2/Reddit_Prov_Dataset_v6/_This_picture_of_Hillary_Clinton_and_Barack_Obama/g1145_d5w5w1y.jpg", "URL": "http://i.imgur.com/zyGMhRj.jpg", "fileid": "g1145_d5w5w1y.jpg"}, {"id": "g1145_d5uh81m", "comment": "[so stupid I know](http://i.imgur.com/bWIMny7.jpg)", "date": "2016-07-28 10:45:14", "seriesname": "g1145_d5uh81m", "file": "/media/jbrogan4/scratch2/Reddit_Prov_Dataset_v6/_This_picture_of_Hillary_Clinton_and_Barack_Obama/g1145_d5uh81m.jpg", "URL": "http://i.imgur.com/bWIMny7.jpg", "fileid": "g1145_d5uh81m.jpg"}, {"id": "g1145_d5v46oy", "comment": "Screenshot from your work. Love this! http://imgur.com/3nek74I", "date": "2016-07-28 18:47:45", "seriesname": "g1145_d5v46oy", "file": "/media/jbrogan4/scratch2/Reddit_Prov_Dataset_v6/_This_picture_of_Hillary_Clinton_and_Barack_Obama/g1145_d5v46oy.png", "URL": "http://i.imgur.com/3nek74I.png", "fileid": "g1145_d5v46oy.png"}, {"id": "g1145_d5uggpn", "comment": "[And a kiss too?](http://i.imgur.com/NloXeUo.png)", "date": "2016-07-28 10:28:20", "seriesname": "g1145_d5uggpn", "file": "/media/jbrogan4/scratch2/Reddit_Prov_Dataset_v6/_This_picture_of_Hillary_Clinton_and_Barack_Obama/g1145_d5uggpn.png", "URL": "http://i.imgur.com/NloXeUo.png", "fileid": "g1145_d5uggpn.png"}, {"id": "g1145_d5v08m2", "comment": "[Hope](http://i.imgur.com/ZEr2rIh.jpg)", "date": "2016-07-28 17:16:03", "seriesname": "g1145_d5v08m2", "file": "/media/jbrogan4/scratch2/Reddit_Prov_Dataset_v6/_This_picture_of_Hillary_Clinton_and_Barack_Obama/g1145_d5v08m2.jpg", "URL": "http://i.imgur.com/ZEr2rIh.jpg", "fileid": "g1145_d5v08m2.jpg"}, {"id": "g1145_d5udsoh", "comment": "[Kim Jong-Hillary](http://i.imgur.com/Q7SzyJb.jpg)", "date": "2016-07-28 09:22:42", "seriesname": "g1145_d5udsoh", "file": "/media/jbrogan4/scratch2/Reddit_Prov_Dataset_v6/_This_picture_of_Hillary_Clinton_and_Barack_Obama/g1145_d5udsoh.jpg", "URL": "http://i.imgur.com/Q7SzyJb.jpg", "fileid": "g1145_d5udsoh.jpg"}, {"id": "g1145_d5ubufa", "comment": "[Bigger hug](http://i.imgur.com/LEzsekv.jpg)", "date": "2016-07-28 08:22:04", "seriesname": "g1145_d5ubufa", "file": "/media/jbrogan4/scratch2/Reddit_Prov_Dataset_v6/_This_picture_of_Hillary_Clinton_and_Barack_Obama/g1145_d5ubufa.jpg", "URL": "http://i.imgur.com/LEzsekv.jpg", "fileid": "g1145_d5ubufa.jpg"}, {"id": "g1145_d5ugcwf", "comment": "[A new era in foreign relationships](http://i.imgur.com/wmCjdc4.jpg)", "date": "2016-07-28 10:25:52", "seriesname": "g1145_d5ugcwf", "file": "/media/jbrogan4/scratch2/Reddit_Prov_Dataset_v6/_This_picture_of_Hillary_Clinton_and_Barack_Obama/g1145_d5ugcwf.jpg", "URL": "http://i.imgur.com/wmCjdc4.jpg", "fileid": "g1145_d5ugcwf.jpg"}, {"id": "g1145_d5uh871", "comment": "[She's tall and likes suits](http://i.imgur.com/qYvPFp5.jpg)", "date": "2016-07-28 10:45:20", "seriesname": "g1145_d5uh871", "file": "/media/jbrogan4/scratch2/Reddit_Prov_Dataset_v6/_This_picture_of_Hillary_Clinton_and_Barack_Obama/g1145_d5uh871.jpg", "URL": "http://i.imgur.com/qYvPFp5.jpg", "fileid": "g1145_d5uh871.jpg"}, {"id": "g1145_d5ugoib", "comment": "[You met me at a very strange time in my life...](http://i.imgur.com/2H9qsug.jpg)", "date": "2016-07-28 10:33:13", "seriesname": "g1145_d5ugoib", "file": "/media/jbrogan4/scratch2/Reddit_Prov_Dataset_v6/_This_picture_of_Hillary_Clinton_and_Barack_Obama/g1145_d5ugoib.jpg", "URL": "http://i.imgur.com/2H9qsug.jpg", "fileid": "g1145_d5ugoib.jpg"}, {"id": "g1145_d5ud0at", "comment": "[I immediately regret my decision to make this.](http://i.imgur.com/qOSS5Af.jpg)", "date": "2016-07-28 08:59:57", "seriesname": "g1145_d5ud0at", "file": "/media/jbrogan4/scratch2/Reddit_Prov_Dataset_v6/_This_picture_of_Hillary_Clinton_and_Barack_Obama/g1145_d5ud0at.jpg", "URL": "http://i.imgur.com/qOSS5Af.jpg", "fileid": "g1145_d5ud0at.jpg"}, {"id": "g1145_d5ucrbo", "comment": "[Who does she think she is?](http://imgur.com/jRTVwh5)", "date": "2016-07-28 08:52:17", "seriesname": "g1145_d5ucrbo", "file": "/media/jbrogan4/scratch2/Reddit_Prov_Dataset_v6/_This_picture_of_Hillary_Clinton_and_Barack_Obama/g1145_d5ucrbo.png", "URL": "http://i.imgur.com/jRTVwh5.png", "fileid": "g1145_d5ucrbo.png"}, {"id": "g1145_d5uc647", "comment": "[They were sworn enemies, only one thing could bring them together.]( http://i.imgur.com/LieSuofl.jpg)", "date": "2016-07-28 08:33:12", "seriesname": "g1145_d5uc647", "file": "/media/jbrogan4/scratch2/Reddit_Prov_Dataset_v6/_This_picture_of_Hillary_Clinton_and_Barack_Obama/g1145_d5uc647.jpg", "URL": "http://i.imgur.com/LieSuofl.jpg", "fileid": "g1145_d5uc647.jpg"}, {"id": "g1145_d5uegvq", "comment": "[Group hug!](http://i.imgur.com/npVSmTV.jpg)", "date": "2016-07-28 09:40:28", "seriesname": "g1145_d5uegvq", "file": "/media/jbrogan4/scratch2/Reddit_Prov_Dataset_v6/_This_picture_of_Hillary_Clinton_and_Barack_Obama/g1145_d5uegvq.jpg", "URL": "http://i.imgur.com/npVSmTV.jpg", "fileid": "g1145_d5uegvq.jpg"}, {"id": "g1145_d5uiqd1", "comment": "http://imgur.com/2PxGEWr", "date": "2016-07-28 11:17:39", "seriesname": "g1145_d5uiqd1", "file": "/media/jbrogan4/scratch2/Reddit_Prov_Dataset_v6/_This_picture_of_Hillary_Clinton_and_Barack_Obama/g1145_d5uiqd1.png", "URL": "http://i.imgur.com/2PxGEWr.png", "fileid": "g1145_d5uiqd1.png"}, {"id": "g1145_d5un0km", "comment": "[What you again?!?](http://i.imgur.com/RmvIrdD.jpg)", "date": "2016-07-28 12:45:14", "seriesname": "g1145_d5un0km", "file": "/media/jbrogan4/scratch2/Reddit_Prov_Dataset_v6/_This_picture_of_Hillary_Clinton_and_Barack_Obama/g1145_d5un0km.jpg", "URL": "http://i.imgur.com/RmvIrdD.jpg", "fileid": "g1145_d5un0km.jpg"}, {"id": "g1145_d5uo6fy", "comment": "[Here i went ahead and did everything](http://i.imgur.com/CUIyGou.jpg)", "date": "2016-07-28 13:08:32", "seriesname": "g1145_d5uo6fy", "file": "/media/jbrogan4/scratch2/Reddit_Prov_Dataset_v6/_This_picture_of_Hillary_Clinton_and_Barack_Obama/g1145_d5uo6fy.jpg", "URL": "http://i.imgur.com/CUIyGou.jpg", "fileid": "g1145_d5uo6fy.jpg"}, {"id": "g1145_d5uo9l5", "comment": "[Stranger things have happened...](http://i.imgur.com/VCdQ5sb.jpg)", "date": "2016-07-28 13:10:17", "seriesname": "g1145_d5uo9l5", "file": "/media/jbrogan4/scratch2/Reddit_Prov_Dataset_v6/_This_picture_of_Hillary_Clinton_and_Barack_Obama/g1145_d5uo9l5.jpg", "URL": "http://i.imgur.com/VCdQ5sb.jpg", "fileid": "g1145_d5uo9l5.jpg"}, {"id": "g1145_d5uaqoe", "comment": "[We all know how's it gonna end](http://i.imgur.com/zQkchcV.jpg)", "date": "2016-07-28 07:39:20", "seriesname": "g1145_d5uaqoe", "file": "/media/jbrogan4/scratch2/Reddit_Prov_Dataset_v6/_This_picture_of_Hillary_Clinton_and_Barack_Obama/g1145_d5uaqoe.jpg", "URL": "http://i.imgur.com/zQkchcV.jpg", "fileid": "g1145_d5uaqoe.jpg"}, {"id": "g1145_d5uheru", "comment": "[Oh boy!](http://imgur.com/S2Vh9kW)", "date": "2016-07-28 10:49:17", "seriesname": "g1145_d5uheru", "file": "/media/jbrogan4/scratch2/Reddit_Prov_Dataset_v6/_This_picture_of_Hillary_Clinton_and_Barack_Obama/g1145_d5uheru.png", "URL": "http://i.imgur.com/S2Vh9kW.png", "fileid": "g1145_d5uheru.png"}, {"id": "g1145_d5uvo5l", "comment": "[The ooold Switcheroo](http://i.imgur.com/2gg5v7i.jpg)", "date": "2016-07-28 15:39:53", "seriesname": "g1145_d5uvo5l", "file": "/media/jbrogan4/scratch2/Reddit_Prov_Dataset_v6/_This_picture_of_Hillary_Clinton_and_Barack_Obama/g1145_d5uvo5l.jpg", "URL": "http://i.imgur.com/2gg5v7i.jpg", "fileid": "g1145_d5uvo5l.jpg"}, {"id": "g1145_d5uccii", "comment": "[Jeb likes what he sees!](http://i.imgur.com/eWNbXwz.jpg)  \n[^^^Horrible ^^^Bonus ^^^Image](http://i.imgur.com/SfnjpfV.jpg)", "date": "2016-07-28 08:39:08", "seriesname": "g1145_d5uccii", "file": "/media/jbrogan4/scratch2/Reddit_Prov_Dataset_v6/_This_picture_of_Hillary_Clinton_and_Barack_Obama/g1145_d5uccii.jpg", "URL": "http://i.imgur.com/SfnjpfV.jpg", "fileid": "g1145_d5uccii.jpg"}, {"id": "g1145_d5uqpci", "comment": "http://i.imgur.com/SY7hySv.jpg", "date": "2016-07-28 13:58:57", "seriesname": "g1145_d5uqpci", "file": "/media/jbrogan4/scratch2/Reddit_Prov_Dataset_v6/_This_picture_of_Hillary_Clinton_and_Barack_Obama/g1145_d5uqpci.jpg", "URL": "http://i.imgur.com/SY7hySv.jpg", "fileid": "g1145_d5uqpci.jpg"}, {"id": "g1145_d5ucfrz", "comment": "[3, 2, 1...](http://i.imgur.com/1Klfo5I.jpg)", "date": "2016-07-28 08:42:04", "seriesname": "g1145_d5ucfrz", "file": "/media/jbrogan4/scratch2/Reddit_Prov_Dataset_v6/_This_picture_of_Hillary_Clinton_and_Barack_Obama/g1145_d5ucfrz.jpg", "URL": "http://i.imgur.com/1Klfo5I.jpg", "fileid": "g1145_d5ucfrz.jpg"}, {"id": "g1145_d5uxcgx", "comment": "[\"Together we are unsinkable!\"](http://i.imgur.com/IkYYVJV.jpg)", "date": "2016-07-28 16:14:22", "seriesname": "g1145_d5uxcgx", "file": "/media/jbrogan4/scratch2/Reddit_Prov_Dataset_v6/_This_picture_of_Hillary_Clinton_and_Barack_Obama/g1145_d5uxcgx.jpg", "URL": "http://i.imgur.com/IkYYVJV.jpg", "fileid": "g1145_d5uxcgx.jpg"}, {"id": "g1145_d5uvnnl", "comment": "[From producer Debbie Wasserman Schultz Bay and the studio that brought you \"*Dude, where's my ballot?\"*](http://i.imgur.com/4O6xGH0.png)", "date": "2016-07-28 15:39:37", "seriesname": "g1145_d5uvnnl", "file": "/media/jbrogan4/scratch2/Reddit_Prov_Dataset_v6/_This_picture_of_Hillary_Clinton_and_Barack_Obama/g1145_d5uvnnl.png", "URL": "http://i.imgur.com/4O6xGH0.png", "fileid": "g1145_d5uvnnl.png"}, {"id": "g1145_d5uppnh", "comment": "[Final Fantasy X - The Spring](http://i.imgur.com/UhY24bJ.jpg)", "date": "2016-07-28 13:39:11", "seriesname": "g1145_d5uppnh", "file": "/media/jbrogan4/scratch2/Reddit_Prov_Dataset_v6/_This_picture_of_Hillary_Clinton_and_Barack_Obama/g1145_d5uppnh.jpg", "URL": "http://i.imgur.com/UhY24bJ.jpg", "fileid": "g1145_d5uppnh.jpg"}, {"id": "g1145_d5ucg96", "comment": "[#SHEISWITHHER](http://i.imgur.com/G2bcHpg.jpg)", "date": "2016-07-28 08:42:29", "seriesname": "g1145_d5ucg96", "file": "/media/jbrogan4/scratch2/Reddit_Prov_Dataset_v6/_This_picture_of_Hillary_Clinton_and_Barack_Obama/g1145_d5ucg96.jpg", "URL": "http://i.imgur.com/G2bcHpg.jpg", "fileid": "g1145_d5ucg96.jpg"}, {"id": "g1145_d5uc9uf", "comment": "[Current DNC Status](http://i.imgur.com/UU3YZXG.jpg)", "date": "2016-07-28 08:36:39", "seriesname": "g1145_d5uc9uf", "file": "/media/jbrogan4/scratch2/Reddit_Prov_Dataset_v6/_This_picture_of_Hillary_Clinton_and_Barack_Obama/g1145_d5uc9uf.jpg", "URL": "http://i.imgur.com/UU3YZXG.jpg", "fileid": "g1145_d5uc9uf.jpg"}, {"id": "g1145_d5ukjch", "comment": "For anyone that hasn't seen the original comic: http://i.imgur.com/aqm2oWB.png", "date": "2016-07-28 11:55:00", "seriesname": "g1145_d5ukjch", "file": "/media/jbrogan4/scratch2/Reddit_Prov_Dataset_v6/_This_picture_of_Hillary_Clinton_and_Barack_Obama/g1145_d5ukjch.png", "URL": "http://i.imgur.com/aqm2oWB.png", "fileid": "g1145_d5ukjch.png"}, {"id": "g1145_d5ujufj", "comment": "[Weirdness ensues](http://i.imgur.com/qyqQQGB.jpg)", "date": "2016-07-28 11:40:50", "seriesname": "g1145_d5ujufj", "file": "/media/jbrogan4/scratch2/Reddit_Prov_Dataset_v6/_This_picture_of_Hillary_Clinton_and_Barack_Obama/g1145_d5ujufj.jpg", "URL": "http://i.imgur.com/qyqQQGB.jpg", "fileid": "g1145_d5ujufj.jpg"}, {"id": "g1145_d5ulb4g", "comment": "[Some people just want to watch the world burn.](http://imgur.com/NnLzss0)", "date": "2016-07-28 12:10:46", "seriesname": "g1145_d5ulb4g", "file": "/media/jbrogan4/scratch2/Reddit_Prov_Dataset_v6/_This_picture_of_Hillary_Clinton_and_Barack_Obama/g1145_d5ulb4g.png", "URL": "http://i.imgur.com/NnLzss0.png", "fileid": "g1145_d5ulb4g.png"}, {"id": "g1145_d5ubfky", "comment": "[Big hug!](http://i.imgur.com/YLZTACv.jpg)", "date": "2016-07-28 08:07:10", "seriesname": "g1145_d5ubfky", "file": "/media/jbrogan4/scratch2/Reddit_Prov_Dataset_v6/_This_picture_of_Hillary_Clinton_and_Barack_Obama/g1145_d5ubfky.jpg", "URL": "http://i.imgur.com/YLZTACv.jpg", "fileid": "g1145_d5ubfky.jpg"}, {"id": "g1145_d5uq81w", "comment": "[Zoidberg for America](http://i.imgur.com/UE1Nlvv.jpg)", "date": "2016-07-28 13:49:29", "seriesname": "g1145_d5uq81w", "file": "/media/jbrogan4/scratch2/Reddit_Prov_Dataset_v6/_This_picture_of_Hillary_Clinton_and_Barack_Obama/g1145_d5uq81w.jpg", "URL": "http://i.imgur.com/UE1Nlvv.jpg", "fileid": "g1145_d5uq81w.jpg"}, {"id": "g1145_d5uf321", "comment": "[It's all yours now.](http://imgur.com/sJ06MMP)", "date": "2016-07-28 09:55:44", "seriesname": "g1145_d5uf321", "file": "/media/jbrogan4/scratch2/Reddit_Prov_Dataset_v6/_This_picture_of_Hillary_Clinton_and_Barack_Obama/g1145_d5uf321.png", "URL": "http://i.imgur.com/sJ06MMP.png", "fileid": "g1145_d5uf321.png"}, {"id": "g1145_d5v2afi", "comment": "http://i.imgur.com/J2Qs6.png", "date": "2016-07-28 18:02:48", "seriesname": "g1145_d5v2afi", "file": "/media/jbrogan4/scratch2/Reddit_Prov_Dataset_v6/_This_picture_of_Hillary_Clinton_and_Barack_Obama/g1145_d5v2afi.png", "URL": "http://i.imgur.com/J2Qs6.png", "fileid": "g1145_d5v2afi.png"}, {"id": "g1145_d5uj1pm", "comment": "Gone with the wind..... http://i.imgur.com/X8a85bW.jpg ", "date": "2016-07-28 11:24:19", "seriesname": "g1145_d5uj1pm", "file": "/media/jbrogan4/scratch2/Reddit_Prov_Dataset_v6/_This_picture_of_Hillary_Clinton_and_Barack_Obama/g1145_d5uj1pm.jpg", "URL": "http://i.imgur.com/X8a85bW.jpg", "fileid": "g1145_d5uj1pm.jpg"}, {"id": "g1145_d5utjic", "comment": "Combined yours and /u/mybro4sale's: http://i.imgur.com/HeowZep.png", "date": "2016-07-28 14:56:14", "seriesname": "g1145_d5utjic", "file": "/media/jbrogan4/scratch2/Reddit_Prov_Dataset_v6/_This_picture_of_Hillary_Clinton_and_Barack_Obama/g1145_d5utjic.png", "URL": "http://i.imgur.com/HeowZep.png", "fileid": "g1145_d5utjic.png"}, {"id": "g1145_d5uv0eq", "comment": "making a deep impact at the polls. \n[Imgur](http://imgur.com/7zUpWBE)", "date": "2016-07-28 15:26:21", "seriesname": "g1145_d5uv0eq", "file": "/media/jbrogan4/scratch2/Reddit_Prov_Dataset_v6/_This_picture_of_Hillary_Clinton_and_Barack_Obama/g1145_d5uv0eq.png", "URL": "http://i.imgur.com/7zUpWBE.png", "fileid": "g1145_d5uv0eq.png"}, {"id": "g1145_d5urxa1", "comment": "[Wardrobe mixup backstage](http://imgur.com/1WcdYi5)", "date": "2016-07-28 14:23:21", "seriesname": "g1145_d5urxa1", "file": "/media/jbrogan4/scratch2/Reddit_Prov_Dataset_v6/_This_picture_of_Hillary_Clinton_and_Barack_Obama/g1145_d5urxa1.png", "URL": "http://i.imgur.com/1WcdYi5.png", "fileid": "g1145_d5urxa1.png"}, {"id": "g1145_d5ukhjy", "comment": "Good one! \n\nI'll post [mine](http://imgur.com/kdGhf0D) as a reply here since mine is really low effort.", "date": "2016-07-28 11:53:59", "seriesname": "g1145_d5ukhjy", "file": "/media/jbrogan4/scratch2/Reddit_Prov_Dataset_v6/_This_picture_of_Hillary_Clinton_and_Barack_Obama/g1145_d5ukhjy.png", "URL": "http://i.imgur.com/kdGhf0D.png", "fileid": "g1145_d5ukhjy.png"}, {"id": "g1145_d5udjtx", "comment": "[High school dance](http://imgur.com/C1BcAey.jpg)", "date": "2016-07-28 09:16:03", "seriesname": "g1145_d5udjtx", "file": "/media/jbrogan4/scratch2/Reddit_Prov_Dataset_v6/_This_picture_of_Hillary_Clinton_and_Barack_Obama/g1145_d5udjtx.jpg", "URL": "http://imgur.com/C1BcAey.jpg", "fileid": "g1145_d5udjtx.jpg"}, {"id": "g1145_d5uhdy1", "comment": "http://i.imgur.com/Xc47hql.jpg", "date": "2016-07-28 10:48:48", "seriesname": "g1145_d5uhdy1", "file": "/media/jbrogan4/scratch2/Reddit_Prov_Dataset_v6/_This_picture_of_Hillary_Clinton_and_Barack_Obama/g1145_d5uhdy1.jpg", "URL": "http://i.imgur.com/Xc47hql.jpg", "fileid": "g1145_d5uhdy1.jpg"}, {"id": "g1145_d5ujj6r", "comment": "[He's loving it](http://i.imgur.com/npYxlgc.png)", "date": "2016-07-28 11:34:20", "seriesname": "g1145_d5ujj6r", "file": "/media/jbrogan4/scratch2/Reddit_Prov_Dataset_v6/_This_picture_of_Hillary_Clinton_and_Barack_Obama/g1145_d5ujj6r.png", "URL": "http://i.imgur.com/npYxlgc.png", "fileid": "g1145_d5ujj6r.png"}, {"id": "g1145_d5uk71n", "comment": "[Cheeky little squeeze](http://i.imgur.com/iMuEbzZ.jpg)", "date": "2016-07-28 11:48:02", "seriesname": "g1145_d5uk71n", "file": "/media/jbrogan4/scratch2/Reddit_Prov_Dataset_v6/_This_picture_of_Hillary_Clinton_and_Barack_Obama/g1145_d5uk71n.jpg", "URL": "http://i.imgur.com/iMuEbzZ.jpg", "fileid": "g1145_d5uk71n.jpg"}, {"id": "g1145_d5ucuf3", "comment": "[Backstabber](http://i.imgur.com/ObCJeXb.png)", "date": "2016-07-28 08:54:53", "seriesname": "g1145_d5ucuf3", "file": "/media/jbrogan4/scratch2/Reddit_Prov_Dataset_v6/_This_picture_of_Hillary_Clinton_and_Barack_Obama/g1145_d5ucuf3.png", "URL": "http://i.imgur.com/ObCJeXb.png", "fileid": "g1145_d5ucuf3.png"}, {"id": "g1145_d5ug2e1", "comment": "And now, for their first dance as husband and wife...\n\n[Barack and Hillary!](http://imgur.com/XS2nU2F)", "date": "2016-07-28 10:19:07", "seriesname": "g1145_d5ug2e1", "file": "/media/jbrogan4/scratch2/Reddit_Prov_Dataset_v6/_This_picture_of_Hillary_Clinton_and_Barack_Obama/g1145_d5ug2e1.png", "URL": "http://i.imgur.com/XS2nU2F.png", "fileid": "g1145_d5ug2e1.png"}, {"id": "g1145_d5ug029", "comment": "Is obama feeling the bern? http://i.imgur.com/9t98VIw.jpg", "date": "2016-07-28 10:17:37", "seriesname": "g1145_d5ug029", "file": "/media/jbrogan4/scratch2/Reddit_Prov_Dataset_v6/_This_picture_of_Hillary_Clinton_and_Barack_Obama/g1145_d5ug029.jpg", "URL": "http://i.imgur.com/9t98VIw.jpg", "fileid": "g1145_d5ug029.jpg"}, {"id": "g1145_d5ut9p3", "comment": "how this progressed:\nhttp://i.imgur.com/DnqJ3yw.jpg", "date": "2016-07-28 14:50:44", "seriesname": "g1145_d5ut9p3", "file": "/media/jbrogan4/scratch2/Reddit_Prov_Dataset_v6/_This_picture_of_Hillary_Clinton_and_Barack_Obama/g1145_d5ut9p3.jpg", "URL": "http://i.imgur.com/DnqJ3yw.jpg", "fileid": "g1145_d5ut9p3.jpg"}, {"id": "g1145_d5ufo2f", "comment": "[Javert protects](http://i.imgur.com/nPpRTMU.jpg)", "date": "2016-07-28 10:09:46", "seriesname": "g1145_d5ufo2f", "file": "/media/jbrogan4/scratch2/Reddit_Prov_Dataset_v6/_This_picture_of_Hillary_Clinton_and_Barack_Obama/g1145_d5ufo2f.jpg", "URL": "http://i.imgur.com/nPpRTMU.jpg", "fileid": "g1145_d5ufo2f.jpg"}, {"id": "g1145_root", "comment": "", "date": "2016-07-28 05:44:59", "seriesname": "g1145_root", "file": "/media/jbrogan4/scratch2/Reddit_Prov_Dataset_v6/_This_picture_of_Hillary_Clinton_and_Barack_Obama/g1145_root.jpg", "URL": "https://i.redd.it/l4xj2s5a8ybx.jpg", "fileid": "g1145_root.jpg"}, {"id": "g1145_d5u9tru", "comment": "https://m.imgur.com/OYGwGIu ... all the proof I need.", "date": "2016-07-28 06:57:51", "seriesname": "g1145_d5u9tru", "file": "/media/jbrogan4/scratch2/Reddit_Prov_Dataset_v6/_This_picture_of_Hillary_Clinton_and_Barack_Obama/g1145_d5u9tru.png", "URL": "http://i.imgur.com/OYGwGIu.png", "fileid": "g1145_d5u9tru.png"}, {"id": "g1145_d5uddtl", "comment": "[So you can be ready when the moment is right](http://i.imgur.com/NInB8OB.jpg)", "date": "2016-07-28 09:11:18", "seriesname": "g1145_d5uddtl", "file": "/media/jbrogan4/scratch2/Reddit_Prov_Dataset_v6/_This_picture_of_Hillary_Clinton_and_Barack_Obama/g1145_d5uddtl.jpg", "URL": "http://i.imgur.com/NInB8OB.jpg", "fileid": "g1145_d5uddtl.jpg"}, {"id": "g1145_d5vbh9b", "comment": "[This is my first PsBattle, be nice](http://imgur.com/viMNbGP)", "date": "2016-07-28 21:49:19", "seriesname": "g1145_d5vbh9b", "file": "/media/jbrogan4/scratch2/Reddit_Prov_Dataset_v6/_This_picture_of_Hillary_Clinton_and_Barack_Obama/g1145_d5vbh9b.png", "URL": "http://i.imgur.com/viMNbGP.png", "fileid": "g1145_d5vbh9b.png"}, {"id": "g1145_d5ue3pp", "comment": "THE epic love story... http://i.imgur.com/lqD8dsH.jpg\n", "date": "2016-07-28 09:30:57", "seriesname": "g1145_d5ue3pp", "file": "/media/jbrogan4/scratch2/Reddit_Prov_Dataset_v6/_This_picture_of_Hillary_Clinton_and_Barack_Obama/g1145_d5ue3pp.jpg", "URL": "http://i.imgur.com/lqD8dsH.jpg", "fileid": "g1145_d5ue3pp.jpg"}, {"id": "g1145_d5usb74", "comment": "[Giant Meteor 2016 Won!!](http://i.imgur.com/K2HCFUk.jpg)", "date": "2016-07-28 14:31:07", "seriesname": "g1145_d5usb74", "file": "/media/jbrogan4/scratch2/Reddit_Prov_Dataset_v6/_This_picture_of_Hillary_Clinton_and_Barack_Obama/g1145_d5usb74.jpg", "URL": "http://i.imgur.com/K2HCFUk.jpg", "fileid": "g1145_d5usb74.jpg"}, {"id": "g1145_d5ui5gc", "comment": "[All we need is love](http://i.imgur.com/pwIYz6f.jpg)", "date": "2016-07-28 11:05:15", "seriesname": "g1145_d5ui5gc", "file": "/media/jbrogan4/scratch2/Reddit_Prov_Dataset_v6/_This_picture_of_Hillary_Clinton_and_Barack_Obama/g1145_d5ui5gc.jpg", "URL": "http://i.imgur.com/pwIYz6f.jpg", "fileid": "g1145_d5ui5gc.jpg"}, {"id": "g1145_d5uehkj", "comment": "[Shhh...Bernie's been brought to heel, we're safe now.]( http://i.imgur.com/WWkMEFEl.jpg)", "date": "2016-07-28 09:40:57", "seriesname": "g1145_d5uehkj", "file": "/media/jbrogan4/scratch2/Reddit_Prov_Dataset_v6/_This_picture_of_Hillary_Clinton_and_Barack_Obama/g1145_d5uehkj.jpg", "URL": "http://i.imgur.com/WWkMEFEl.jpg", "fileid": "g1145_d5uehkj.jpg"}, {"id": "g1145_d5um9l4", "comment": "http://i.imgur.com/eBjlByN.png", "date": "2016-07-28 12:30:18", "seriesname": "g1145_d5um9l4", "file": "/media/jbrogan4/scratch2/Reddit_Prov_Dataset_v6/_This_picture_of_Hillary_Clinton_and_Barack_Obama/g1145_d5um9l4.png", "URL": "http://i.imgur.com/eBjlByN.png", "fileid": "g1145_d5um9l4.png"}, {"id": "g1145_d5ueom7", "comment": "[N...no...](http://i.imgur.com/qTgkX95.jpg)", "date": "2016-07-28 09:45:52", "seriesname": "g1145_d5ueom7", "file": "/media/jbrogan4/scratch2/Reddit_Prov_Dataset_v6/_This_picture_of_Hillary_Clinton_and_Barack_Obama/g1145_d5ueom7.jpg", "URL": "http://i.imgur.com/qTgkX95.jpg", "fileid": "g1145_d5ueom7.jpg"}, {"id": "g1145_d5vakj6", "comment": "[THE MF'ING PRESIDENT](http://i.imgur.com/JxaG8Sl.jpg)", "date": "2016-07-28 21:26:51", "seriesname": "g1145_d5vakj6", "file": "/media/jbrogan4/scratch2/Reddit_Prov_Dataset_v6/_This_picture_of_Hillary_Clinton_and_Barack_Obama/g1145_d5vakj6.jpg", "URL": "http://i.imgur.com/JxaG8Sl.jpg", "fileid": "g1145_d5vakj6.jpg"}, {"id": "g1145_d5uiqog", "comment": "http://i.imgur.com/LBpnsWa.jpg", "date": "2016-07-28 11:17:50", "seriesname": "g1145_d5uiqog", "file": "/media/jbrogan4/scratch2/Reddit_Prov_Dataset_v6/_This_picture_of_Hillary_Clinton_and_Barack_Obama/g1145_d5uiqog.jpg", "URL": "http://i.imgur.com/LBpnsWa.jpg", "fileid": "g1145_d5uiqog.jpg"}, {"id": "g1145_d5uez8u", "comment": "[Berning with love.](http://i.imgur.com/ccVgSes.png)", "date": "2016-07-28 09:53:13", "seriesname": "g1145_d5uez8u", "file": "/media/jbrogan4/scratch2/Reddit_Prov_Dataset_v6/_This_picture_of_Hillary_Clinton_and_Barack_Obama/g1145_d5uez8u.png", "URL": "http://i.imgur.com/ccVgSes.png", "fileid": "g1145_d5uez8u.png"}, {"id": "g1145_d5uwkop", "comment": "http://i.imgur.com/0T3BXmj.jpg", "date": "2016-07-28 15:58:19", "seriesname": "g1145_d5uwkop", "file": "/media/jbrogan4/scratch2/Reddit_Prov_Dataset_v6/_This_picture_of_Hillary_Clinton_and_Barack_Obama/g1145_d5uwkop.jpg", "URL": "http://i.imgur.com/0T3BXmj.jpg", "fileid": "g1145_d5uwkop.jpg"}, {"id": "g1145_d5ucv1t", "comment": "The obvious edit... http://i.imgur.com/vDVCPJg.jpg ", "date": "2016-07-28 08:55:25", "seriesname": "g1145_d5ucv1t", "file": "/media/jbrogan4/scratch2/Reddit_Prov_Dataset_v6/_This_picture_of_Hillary_Clinton_and_Barack_Obama/g1145_d5ucv1t.jpg", "URL": "http://i.imgur.com/vDVCPJg.jpg", "fileid": "g1145_d5ucv1t.jpg"}, {"id": "g1145_d5uh9pk", "comment": "[I see...](http://i.imgur.com/2PHmXJZ.png)", "date": "2016-07-28 10:46:15", "seriesname": "g1145_d5uh9pk", "file": "/media/jbrogan4/scratch2/Reddit_Prov_Dataset_v6/_This_picture_of_Hillary_Clinton_and_Barack_Obama/g1145_d5uh9pk.png", "URL": "http://i.imgur.com/2PHmXJZ.png", "fileid": "g1145_d5uh9pk.png"}, {"id": "g1145_d5up52v", "comment": "[Illuminati Confirmed](http://i.imgur.com/JeLAebn.png)", "date": "2016-07-28 13:27:47", "seriesname": "g1145_d5up52v", "file": "/media/jbrogan4/scratch2/Reddit_Prov_Dataset_v6/_This_picture_of_Hillary_Clinton_and_Barack_Obama/g1145_d5up52v.png", "URL": "http://i.imgur.com/JeLAebn.png", "fileid": "g1145_d5up52v.png"}, {"id": "g1145_d5uf0k5", "comment": "[Now with a change of scenery](http://i.imgur.com/QSmQeMP.jpg)", "date": "2016-07-28 09:54:04", "seriesname": "g1145_d5uf0k5", "file": "/media/jbrogan4/scratch2/Reddit_Prov_Dataset_v6/_This_picture_of_Hillary_Clinton_and_Barack_Obama/g1145_d5uf0k5.jpg", "URL": "http://i.imgur.com/QSmQeMP.jpg", "fileid": "g1145_d5uf0k5.jpg"}, {"id": "g1145_d5ua6kd", "comment": "[They needed a little rest](http://imgur.com/ufGnu4n)", "date": "2016-07-28 07:14:42", "seriesname": "g1145_d5ua6kd", "file": "/media/jbrogan4/scratch2/Reddit_Prov_Dataset_v6/_This_picture_of_Hillary_Clinton_and_Barack_Obama/g1145_d5ua6kd.png", "URL": "http://i.imgur.com/ufGnu4n.png", "fileid": "g1145_d5ua6kd.png"}, {"id": "g1145_d5ud1rb", "comment": "http://i.imgur.com/Da2QvMl.jpg twilight ", "date": "2016-07-28 09:01:14", "seriesname": "g1145_d5ud1rb", "file": "/media/jbrogan4/scratch2/Reddit_Prov_Dataset_v6/_This_picture_of_Hillary_Clinton_and_Barack_Obama/g1145_d5ud1rb.jpg", "URL": "http://i.imgur.com/Da2QvMl.jpg", "fileid": "g1145_d5ud1rb.jpg"}], "graph": {"name": "g1145_root"}, "directed": true}