{"links": [{"op": "none", "target": 0, "source": 9}, {"op": "none", "target": 1, "source": 46}, {"op": "none", "target": 2, "source": 46}, {"op": "none", "target": 3, "source": 46}, {"op": "none", "target": 4, "source": 46}, {"op": "none", "target": 5, "source": 46}, {"op": "none", "target": 6, "source": 46}, {"op": "none", "target": 7, "source": 46}, {"op": "none", "target": 8, "source": 46}, {"op": "none", "target": 9, "source": 46}, {"op": "none", "target": 10, "source": 46}, {"op": "none", "target": 11, "source": 46}, {"op": "none", "target": 12, "source": 46}, {"op": "none", "target": 13, "source": 36}, {"op": "none", "target": 14, "source": 46}, {"op": "none", "target": 15, "source": 46}, {"op": "none", "target": 16, "source": 46}, {"op": "none", "target": 17, "source": 5}, {"op": "none", "target": 18, "source": 46}, {"op": "none", "target": 19, "source": 46}, {"op": "none", "target": 20, "source": 46}, {"op": "none", "target": 21, "source": 46}, {"op": "none", "target": 22, "source": 46}, {"op": "none", "target": 23, "source": 46}, {"op": "none", "target": 24, "source": 46}, {"op": "none", "target": 25, "source": 46}, {"op": "none", "target": 26, "source": 46}, {"op": "none", "target": 27, "source": 46}, {"op": "none", "target": 28, "source": 46}, {"op": "none", "target": 29, "source": 46}, {"op": "none", "target": 30, "source": 46}, {"op": "none", "target": 31, "source": 46}, {"op": "none", "target": 32, "source": 46}, {"op": "none", "target": 33, "source": 46}, {"op": "none", "target": 34, "source": 46}, {"op": "none", "target": 35, "source": 46}, {"op": "none", "target": 36, "source": 46}, {"op": "none", "target": 37, "source": 8}, {"op": "none", "target": 38, "source": 46}, {"op": "none", "target": 39, "source": 46}, {"op": "none", "target": 40, "source": 46}, {"op": "none", "target": 41, "source": 46}, {"op": "none", "target": 42, "source": 46}, {"op": "none", "target": 43, "source": 46}, {"op": "none", "target": 44, "source": 46}, {"op": "none", "target": 45, "source": 46}, {"op": "none", "target": 47, "source": 46}], "title": "_Keanu_Reeves_sitting_awkwardly_on_a_rock_in_the_middle_of_a_swamp", "nodes": [{"id": "g1156_d1urz57", "comment": "[The next perspective](http://i.imgur.com/o4XbC6m.jpg)", "date": "2016-04-08 07:29:13", "seriesname": "g1156_d1urz57", "file": "/media/jbrogan4/scratch2/Reddit_Prov_Dataset_v6/_Keanu_Reeves_sitting_awkwardly_on_a_rock_in_the_middle_of_a_swamp/g1156_d1urz57.jpg", "URL": "http://i.imgur.com/o4XbC6m.jpg", "fileid": "g1156_d1urz57.jpg"}, {"id": "g1156_d1uh88e", "comment": "[Neo... there's a difference between knowing the path and walking the path.](http://i.imgur.com/eUJCSog.jpg)", "date": "2016-04-07 23:09:50", "seriesname": "g1156_d1uh88e", "file": "/media/jbrogan4/scratch2/Reddit_Prov_Dataset_v6/_Keanu_Reeves_sitting_awkwardly_on_a_rock_in_the_middle_of_a_swamp/g1156_d1uh88e.jpg", "URL": "http://i.imgur.com/eUJCSog.jpg", "fileid": "g1156_d1uh88e.jpg"}, {"id": "g1156_d1uxky3", "comment": "http://imgur.com/jqgB796", "date": "2016-04-08 10:27:34", "seriesname": "g1156_d1uxky3", "file": "/media/jbrogan4/scratch2/Reddit_Prov_Dataset_v6/_Keanu_Reeves_sitting_awkwardly_on_a_rock_in_the_middle_of_a_swamp/g1156_d1uxky3.png", "URL": "http://i.imgur.com/jqgB796.png", "fileid": "g1156_d1uxky3.png"}, {"id": "g1156_d1u9bsa", "comment": "[Gollum Reaves](http://imgur.com/tMBIHfE)", "date": "2016-04-07 19:43:29", "seriesname": "g1156_d1u9bsa", "file": "/media/jbrogan4/scratch2/Reddit_Prov_Dataset_v6/_Keanu_Reeves_sitting_awkwardly_on_a_rock_in_the_middle_of_a_swamp/g1156_d1u9bsa.png", "URL": "http://i.imgur.com/tMBIHfE.png", "fileid": "g1156_d1u9bsa.png"}, {"id": "g1156_d1uixl3", "comment": "[Matrix Prequel](http://i.imgur.com/2lFlcVD.jpg)", "date": "2016-04-08 00:00:05", "seriesname": "g1156_d1uixl3", "file": "/media/jbrogan4/scratch2/Reddit_Prov_Dataset_v6/_Keanu_Reeves_sitting_awkwardly_on_a_rock_in_the_middle_of_a_swamp/g1156_d1uixl3.jpg", "URL": "http://i.imgur.com/2lFlcVD.jpg", "fileid": "g1156_d1uixl3.jpg"}, {"id": "g1156_d1ufbup", "comment": "[Ribbit](http://i.imgur.com/w0ZsdEt.jpg)", "date": "2016-04-07 22:18:07", "seriesname": "g1156_d1ufbup", "file": "/media/jbrogan4/scratch2/Reddit_Prov_Dataset_v6/_Keanu_Reeves_sitting_awkwardly_on_a_rock_in_the_middle_of_a_swamp/g1156_d1ufbup.jpg", "URL": "http://i.imgur.com/w0ZsdEt.jpg", "fileid": "g1156_d1ufbup.jpg"}, {"id": "g1156_d1ufq2k", "comment": "[Keanu Kardashian](http://imgur.com/hsP0XAM)", "date": "2016-04-07 22:28:43", "seriesname": "g1156_d1ufq2k", "file": "/media/jbrogan4/scratch2/Reddit_Prov_Dataset_v6/_Keanu_Reeves_sitting_awkwardly_on_a_rock_in_the_middle_of_a_swamp/g1156_d1ufq2k.png", "URL": "http://i.imgur.com/hsP0XAM.png", "fileid": "g1156_d1ufq2k.png"}, {"id": "g1156_d1uhi3y", "comment": "[Goodbye Keanu](http://i.imgur.com/qrqoWxy.jpg)", "date": "2016-04-07 23:17:34", "seriesname": "g1156_d1uhi3y", "file": "/media/jbrogan4/scratch2/Reddit_Prov_Dataset_v6/_Keanu_Reeves_sitting_awkwardly_on_a_rock_in_the_middle_of_a_swamp/g1156_d1uhi3y.jpg", "URL": "http://i.imgur.com/qrqoWxy.jpg", "fileid": "g1156_d1uhi3y.jpg"}, {"id": "g1156_d1ubzo1", "comment": "http://i.imgur.com/5kL9UNK.jpg", "date": "2016-04-07 20:51:38", "seriesname": "g1156_d1ubzo1", "file": "/media/jbrogan4/scratch2/Reddit_Prov_Dataset_v6/_Keanu_Reeves_sitting_awkwardly_on_a_rock_in_the_middle_of_a_swamp/g1156_d1ubzo1.jpg", "URL": "http://i.imgur.com/5kL9UNK.jpg", "fileid": "g1156_d1ubzo1.jpg"}, {"id": "g1156_d1ugr5a", "comment": "[Perspective](http://imgur.com/X7iwEs9)", "date": "2016-04-07 22:56:34", "seriesname": "g1156_d1ugr5a", "file": "/media/jbrogan4/scratch2/Reddit_Prov_Dataset_v6/_Keanu_Reeves_sitting_awkwardly_on_a_rock_in_the_middle_of_a_swamp/g1156_d1ugr5a.png", "URL": "http://i.imgur.com/X7iwEs9.png", "fileid": "g1156_d1ugr5a.png"}, {"id": "g1156_d1utouj", "comment": "[turns out Keanu is Goku irl](http://imgur.com/pPFOfbZ)", "date": "2016-04-08 08:38:46", "seriesname": "g1156_d1utouj", "file": "/media/jbrogan4/scratch2/Reddit_Prov_Dataset_v6/_Keanu_Reeves_sitting_awkwardly_on_a_rock_in_the_middle_of_a_swamp/g1156_d1utouj.png", "URL": "http://i.imgur.com/pPFOfbZ.png", "fileid": "g1156_d1utouj.png"}, {"id": "g1156_d1usj14", "comment": "I thought this would have been obvious, but I didn't see it.\n[Keanu Reeves on his recent goodwill trip through the slums of Mumbai](http://imgur.com/qB1h7oc)", "date": "2016-04-08 07:54:00", "seriesname": "g1156_d1usj14", "file": "/media/jbrogan4/scratch2/Reddit_Prov_Dataset_v6/_Keanu_Reeves_sitting_awkwardly_on_a_rock_in_the_middle_of_a_swamp/g1156_d1usj14.png", "URL": "http://i.imgur.com/qB1h7oc.png", "fileid": "g1156_d1usj14.png"}, {"id": "g1156_d1ujwlb", "comment": "[Keanu Love](http://www.romthirty.com/images/Keanu_Love.jpg)", "date": "2016-04-08 00:31:19", "seriesname": "g1156_d1ujwlb", "file": "/media/jbrogan4/scratch2/Reddit_Prov_Dataset_v6/_Keanu_Reeves_sitting_awkwardly_on_a_rock_in_the_middle_of_a_swamp/g1156_d1ujwlb.jpg", "URL": "http://www.romthirty.com/images/Keanu_Love.jpg", "fileid": "g1156_d1ujwlb.jpg"}, {"id": "g1156_d1uu7xj", "comment": "http://imgur.com/3IaBXRa", "date": "2016-04-08 08:56:16", "seriesname": "g1156_d1uu7xj", "file": "/media/jbrogan4/scratch2/Reddit_Prov_Dataset_v6/_Keanu_Reeves_sitting_awkwardly_on_a_rock_in_the_middle_of_a_swamp/g1156_d1uu7xj.png", "URL": "http://i.imgur.com/3IaBXRa.png", "fileid": "g1156_d1uu7xj.png"}, {"id": "g1156_d1uznfo", "comment": "[Russian Dancer](http://imgur.com/u8JTfBw)", "date": "2016-04-08 11:15:03", "seriesname": "g1156_d1uznfo", "file": "/media/jbrogan4/scratch2/Reddit_Prov_Dataset_v6/_Keanu_Reeves_sitting_awkwardly_on_a_rock_in_the_middle_of_a_swamp/g1156_d1uznfo.png", "URL": "http://i.imgur.com/u8JTfBw.png", "fileid": "g1156_d1uznfo.png"}, {"id": "g1156_d1ud3f3", "comment": "http://imgur.com/zRYqadQ.jpg", "date": "2016-04-07 21:20:23", "seriesname": "g1156_d1ud3f3", "file": "/media/jbrogan4/scratch2/Reddit_Prov_Dataset_v6/_Keanu_Reeves_sitting_awkwardly_on_a_rock_in_the_middle_of_a_swamp/g1156_d1ud3f3.jpg", "URL": "http://imgur.com/zRYqadQ.jpg", "fileid": "g1156_d1ud3f3.jpg"}, {"id": "g1156_d1uigou", "comment": "[The Waiting](http://i.imgur.com/JPOM34A.jpg)", "date": "2016-04-07 23:45:44", "seriesname": "g1156_d1uigou", "file": "/media/jbrogan4/scratch2/Reddit_Prov_Dataset_v6/_Keanu_Reeves_sitting_awkwardly_on_a_rock_in_the_middle_of_a_swamp/g1156_d1uigou.jpg", "URL": "http://i.imgur.com/JPOM34A.jpg", "fileid": "g1156_d1uigou.jpg"}, {"id": "g1156_d1ui7cc", "comment": "[FTFY] (http://i.imgur.com/XO3Clnn.jpg)", "date": "2016-04-07 23:38:04", "seriesname": "g1156_d1ui7cc", "file": "/media/jbrogan4/scratch2/Reddit_Prov_Dataset_v6/_Keanu_Reeves_sitting_awkwardly_on_a_rock_in_the_middle_of_a_swamp/g1156_d1ui7cc.jpg", "URL": "http://i.imgur.com/XO3Clnn.jpg", "fileid": "g1156_d1ui7cc.jpg"}, {"id": "g1156_d1uqua0", "comment": "http://imgur.com/QmfmB7x", "date": "2016-04-08 06:29:13", "seriesname": "g1156_d1uqua0", "file": "/media/jbrogan4/scratch2/Reddit_Prov_Dataset_v6/_Keanu_Reeves_sitting_awkwardly_on_a_rock_in_the_middle_of_a_swamp/g1156_d1uqua0.png", "URL": "http://i.imgur.com/QmfmB7x.png", "fileid": "g1156_d1uqua0.png"}, {"id": "g1156_d1udqly", "comment": "[At the Magic: The Gathering Tournament](http://i.imgur.com/QC5Rc9L.png)", "date": "2016-04-07 21:37:05", "seriesname": "g1156_d1udqly", "file": "/media/jbrogan4/scratch2/Reddit_Prov_Dataset_v6/_Keanu_Reeves_sitting_awkwardly_on_a_rock_in_the_middle_of_a_swamp/g1156_d1udqly.png", "URL": "http://i.imgur.com/QC5Rc9L.png", "fileid": "g1156_d1udqly.png"}, {"id": "g1156_d1uurao", "comment": "A bit late to the party but here's my ultra rare: http://i.imgur.com/serQGDy.jpg", "date": "2016-04-08 09:13:05", "seriesname": "g1156_d1uurao", "file": "/media/jbrogan4/scratch2/Reddit_Prov_Dataset_v6/_Keanu_Reeves_sitting_awkwardly_on_a_rock_in_the_middle_of_a_swamp/g1156_d1uurao.jpg", "URL": "http://i.imgur.com/serQGDy.jpg", "fileid": "g1156_d1uurao.jpg"}, {"id": "g1156_d1unlna", "comment": "[Kappa.](http://i.imgur.com/fCahbt9.jpg)", "date": "2016-04-08 03:08:49", "seriesname": "g1156_d1unlna", "file": "/media/jbrogan4/scratch2/Reddit_Prov_Dataset_v6/_Keanu_Reeves_sitting_awkwardly_on_a_rock_in_the_middle_of_a_swamp/g1156_d1unlna.jpg", "URL": "http://i.imgur.com/fCahbt9.jpg", "fileid": "g1156_d1unlna.jpg"}, {"id": "g1156_d1ui89g", "comment": "[The 5th beetle.](http://i.imgur.com/a3nPAEz.png)", "date": "2016-04-07 23:38:49", "seriesname": "g1156_d1ui89g", "file": "/media/jbrogan4/scratch2/Reddit_Prov_Dataset_v6/_Keanu_Reeves_sitting_awkwardly_on_a_rock_in_the_middle_of_a_swamp/g1156_d1ui89g.png", "URL": "http://i.imgur.com/a3nPAEz.png", "fileid": "g1156_d1ui89g.png"}, {"id": "g1156_d1uo3qo", "comment": "[The rock standing on Keanu Reeves in the middle of a swamp](http://i.imgur.com/WmqSuUo.png)", "date": "2016-04-08 03:36:40", "seriesname": "g1156_d1uo3qo", "file": "/media/jbrogan4/scratch2/Reddit_Prov_Dataset_v6/_Keanu_Reeves_sitting_awkwardly_on_a_rock_in_the_middle_of_a_swamp/g1156_d1uo3qo.png", "URL": "http://i.imgur.com/WmqSuUo.png", "fileid": "g1156_d1uo3qo.png"}, {"id": "g1156_d1ug6q8", "comment": "[Keanu Reeves riding awkwardly](http://i.imgur.com/C6KHZ9J.jpg)", "date": "2016-04-07 22:40:57", "seriesname": "g1156_d1ug6q8", "file": "/media/jbrogan4/scratch2/Reddit_Prov_Dataset_v6/_Keanu_Reeves_sitting_awkwardly_on_a_rock_in_the_middle_of_a_swamp/g1156_d1ug6q8.jpg", "URL": "http://i.imgur.com/C6KHZ9J.jpg", "fileid": "g1156_d1ug6q8.jpg"}, {"id": "g1156_d1ukwnk", "comment": "[http://i.imgur.com/4eSAWHn.png](http://i.imgur.com/4eSAWHn.png)", "date": "2016-04-08 01:06:04", "seriesname": "g1156_d1ukwnk", "file": "/media/jbrogan4/scratch2/Reddit_Prov_Dataset_v6/_Keanu_Reeves_sitting_awkwardly_on_a_rock_in_the_middle_of_a_swamp/g1156_d1ukwnk.png", "URL": "http://i.imgur.com/4eSAWHn.png](http://i.imgur.com/4eSAWHn.png", "fileid": "g1156_d1ukwnk.png"}, {"id": "g1156_d1utb9u", "comment": "[He sure loves sitting](http://imgur.com/8CPm5Q6)", "date": "2016-04-08 08:25:19", "seriesname": "g1156_d1utb9u", "file": "/media/jbrogan4/scratch2/Reddit_Prov_Dataset_v6/_Keanu_Reeves_sitting_awkwardly_on_a_rock_in_the_middle_of_a_swamp/g1156_d1utb9u.png", "URL": "http://i.imgur.com/8CPm5Q6.png", "fileid": "g1156_d1utb9u.png"}, {"id": "g1156_d1uc978", "comment": "[He's beginning to believe...](http://www.romthirty.com/images/Keanu_romthirty.jpg)", "date": "2016-04-07 20:58:32", "seriesname": "g1156_d1uc978", "file": "/media/jbrogan4/scratch2/Reddit_Prov_Dataset_v6/_Keanu_Reeves_sitting_awkwardly_on_a_rock_in_the_middle_of_a_swamp/g1156_d1uc978.jpg", "URL": "http://www.romthirty.com/images/Keanu_romthirty.jpg", "fileid": "g1156_d1uc978.jpg"}, {"id": "g1156_d1uqp5r", "comment": "Keanunited\n\nhttp://imgur.com/JbK9HQO\n", "date": "2016-04-08 06:20:57", "seriesname": "g1156_d1uqp5r", "file": "/media/jbrogan4/scratch2/Reddit_Prov_Dataset_v6/_Keanu_Reeves_sitting_awkwardly_on_a_rock_in_the_middle_of_a_swamp/g1156_d1uqp5r.png", "URL": "http://i.imgur.com/JbK9HQO.png", "fileid": "g1156_d1uqp5r.png"}, {"id": "g1156_d1uilj7", "comment": "[Keanu in Hogwarts School](http://i.imgur.com/Op5Gwr6.jpg)", "date": "2016-04-07 23:49:47", "seriesname": "g1156_d1uilj7", "file": "/media/jbrogan4/scratch2/Reddit_Prov_Dataset_v6/_Keanu_Reeves_sitting_awkwardly_on_a_rock_in_the_middle_of_a_swamp/g1156_d1uilj7.jpg", "URL": "http://i.imgur.com/Op5Gwr6.jpg", "fileid": "g1156_d1uilj7.jpg"}, {"id": "g1156_d1ulky9", "comment": "[icarus](http://imgur.com/sZmmKbd)", "date": "2016-04-08 01:32:03", "seriesname": "g1156_d1ulky9", "file": "/media/jbrogan4/scratch2/Reddit_Prov_Dataset_v6/_Keanu_Reeves_sitting_awkwardly_on_a_rock_in_the_middle_of_a_swamp/g1156_d1ulky9.png", "URL": "http://i.imgur.com/sZmmKbd.png", "fileid": "g1156_d1ulky9.png"}, {"id": "g1156_d1ucc3l", "comment": "[Keanunball Dookie](http://imgur.com/rZVkQZk)", "date": "2016-04-07 21:00:41", "seriesname": "g1156_d1ucc3l", "file": "/media/jbrogan4/scratch2/Reddit_Prov_Dataset_v6/_Keanu_Reeves_sitting_awkwardly_on_a_rock_in_the_middle_of_a_swamp/g1156_d1ucc3l.png", "URL": "http://i.imgur.com/rZVkQZk.png", "fileid": "g1156_d1ucc3l.png"}, {"id": "g1156_d1ufbu1", "comment": "[Obligatory](http://imgur.com/36VDDAD)", "date": "2016-04-07 22:18:07", "seriesname": "g1156_d1ufbu1", "file": "/media/jbrogan4/scratch2/Reddit_Prov_Dataset_v6/_Keanu_Reeves_sitting_awkwardly_on_a_rock_in_the_middle_of_a_swamp/g1156_d1ufbu1.png", "URL": "http://i.imgur.com/36VDDAD.png", "fileid": "g1156_d1ufbu1.png"}, {"id": "g1156_d1uraqe", "comment": "Bring him home\nhttp://i.imgur.com/mbPu2m1.jpg", "date": "2016-04-08 06:54:52", "seriesname": "g1156_d1uraqe", "file": "/media/jbrogan4/scratch2/Reddit_Prov_Dataset_v6/_Keanu_Reeves_sitting_awkwardly_on_a_rock_in_the_middle_of_a_swamp/g1156_d1uraqe.jpg", "URL": "http://i.imgur.com/mbPu2m1.jpg", "fileid": "g1156_d1uraqe.jpg"}, {"id": "g1156_d1ue1yf", "comment": "[Morpheus offers yet another choice.](http://i.imgur.com/1y6Cgu5.png)", "date": "2016-04-07 21:45:08", "seriesname": "g1156_d1ue1yf", "file": "/media/jbrogan4/scratch2/Reddit_Prov_Dataset_v6/_Keanu_Reeves_sitting_awkwardly_on_a_rock_in_the_middle_of_a_swamp/g1156_d1ue1yf.png", "URL": "http://i.imgur.com/1y6Cgu5.png", "fileid": "g1156_d1ue1yf.png"}, {"id": "g1156_d1ug6vo", "comment": "http://imgur.com/k0BaAKq", "date": "2016-04-07 22:41:04", "seriesname": "g1156_d1ug6vo", "file": "/media/jbrogan4/scratch2/Reddit_Prov_Dataset_v6/_Keanu_Reeves_sitting_awkwardly_on_a_rock_in_the_middle_of_a_swamp/g1156_d1ug6vo.png", "URL": "http://i.imgur.com/k0BaAKq.png", "fileid": "g1156_d1ug6vo.png"}, {"id": "g1156_d1ugj76", "comment": "A little late but here is [mine](https://imgur.com/CkAwMu1) \n\nfirst post :)", "date": "2016-04-07 22:50:28", "seriesname": "g1156_d1ugj76", "file": "/media/jbrogan4/scratch2/Reddit_Prov_Dataset_v6/_Keanu_Reeves_sitting_awkwardly_on_a_rock_in_the_middle_of_a_swamp/g1156_d1ugj76.png", "URL": "http://i.imgur.com/CkAwMu1.png", "fileid": "g1156_d1ugj76.png"}, {"id": "g1156_d1ugoxk", "comment": "http://imgur.com/5KDMtGO", "date": "2016-04-07 22:54:55", "seriesname": "g1156_d1ugoxk", "file": "/media/jbrogan4/scratch2/Reddit_Prov_Dataset_v6/_Keanu_Reeves_sitting_awkwardly_on_a_rock_in_the_middle_of_a_swamp/g1156_d1ugoxk.png", "URL": "http://i.imgur.com/5KDMtGO.png", "fileid": "g1156_d1ugoxk.png"}, {"id": "g1156_d1ueooc", "comment": "http://i.imgur.com/rhE4i3y.png", "date": "2016-04-07 22:01:05", "seriesname": "g1156_d1ueooc", "file": "/media/jbrogan4/scratch2/Reddit_Prov_Dataset_v6/_Keanu_Reeves_sitting_awkwardly_on_a_rock_in_the_middle_of_a_swamp/g1156_d1ueooc.png", "URL": "http://i.imgur.com/rhE4i3y.png", "fileid": "g1156_d1ueooc.png"}, {"id": "g1156_d1uxohi", "comment": "[Imagination has no limits](https://i.imgur.com/Aesodh6.jpg)", "date": "2016-04-08 10:29:53", "seriesname": "g1156_d1uxohi", "file": "/media/jbrogan4/scratch2/Reddit_Prov_Dataset_v6/_Keanu_Reeves_sitting_awkwardly_on_a_rock_in_the_middle_of_a_swamp/g1156_d1uxohi.jpg", "URL": "https://i.imgur.com/Aesodh6.jpg", "fileid": "g1156_d1uxohi.jpg"}, {"id": "g1156_d1uputi", "comment": "[Keanu Hawk](http://i.imgur.com/GhL7L6r.jpg)", "date": "2016-04-08 05:27:11", "seriesname": "g1156_d1uputi", "file": "/media/jbrogan4/scratch2/Reddit_Prov_Dataset_v6/_Keanu_Reeves_sitting_awkwardly_on_a_rock_in_the_middle_of_a_swamp/g1156_d1uputi.jpg", "URL": "http://i.imgur.com/GhL7L6r.jpg", "fileid": "g1156_d1uputi.jpg"}, {"id": "g1156_d1uh6ty", "comment": "[A Reeves Turtle (Seriously, there is such a thing)](http://i.imgur.com/X5ooW1G.jpg)", "date": "2016-04-07 23:08:43", "seriesname": "g1156_d1uh6ty", "file": "/media/jbrogan4/scratch2/Reddit_Prov_Dataset_v6/_Keanu_Reeves_sitting_awkwardly_on_a_rock_in_the_middle_of_a_swamp/g1156_d1uh6ty.jpg", "URL": "http://i.imgur.com/X5ooW1G.jpg", "fileid": "g1156_d1uh6ty.jpg"}, {"id": "g1156_d1umoby", "comment": "[keanu made a mess](http://i.imgur.com/nWBxrB9.png?1)", "date": "2016-04-08 02:21:21", "seriesname": "g1156_d1umoby", "file": "/media/jbrogan4/scratch2/Reddit_Prov_Dataset_v6/_Keanu_Reeves_sitting_awkwardly_on_a_rock_in_the_middle_of_a_swamp/g1156_d1umoby.png", "URL": "http://i.imgur.com/nWBxrB9.png?1", "fileid": "g1156_d1umoby.png"}, {"id": "g1156_d1uzo3k", "comment": "First attempt: http://imgur.com/9NHU5PU", "date": "2016-04-08 11:15:27", "seriesname": "g1156_d1uzo3k", "file": "/media/jbrogan4/scratch2/Reddit_Prov_Dataset_v6/_Keanu_Reeves_sitting_awkwardly_on_a_rock_in_the_middle_of_a_swamp/g1156_d1uzo3k.png", "URL": "http://i.imgur.com/9NHU5PU.png", "fileid": "g1156_d1uzo3k.png"}, {"id": "g1156_d1ugww6", "comment": "[born to ride] (http://i.imgur.com/2iVMzKs.png)", "date": "2016-04-07 23:01:00", "seriesname": "g1156_d1ugww6", "file": "/media/jbrogan4/scratch2/Reddit_Prov_Dataset_v6/_Keanu_Reeves_sitting_awkwardly_on_a_rock_in_the_middle_of_a_swamp/g1156_d1ugww6.png", "URL": "http://i.imgur.com/2iVMzKs.png", "fileid": "g1156_d1ugww6.png"}, {"id": "g1156_d1uevj6", "comment": "[sponsored by adidas](http://i.imgur.com/kpVQAxu.jpg)", "date": "2016-04-07 22:06:04", "seriesname": "g1156_d1uevj6", "file": "/media/jbrogan4/scratch2/Reddit_Prov_Dataset_v6/_Keanu_Reeves_sitting_awkwardly_on_a_rock_in_the_middle_of_a_swamp/g1156_d1uevj6.jpg", "URL": "http://i.imgur.com/kpVQAxu.jpg", "fileid": "g1156_d1uevj6.jpg"}, {"id": "g1156_root", "comment": "", "date": "2016-04-07 16:44:29", "seriesname": "g1156_root", "file": "/media/jbrogan4/scratch2/Reddit_Prov_Dataset_v6/_Keanu_Reeves_sitting_awkwardly_on_a_rock_in_the_middle_of_a_swamp/g1156_root.png", "URL": "http://40.media.tumblr.com/910afb04a16d9890374c7f59e1568353/tumblr_mx44hnzoFW1t144d3o1_1280.png", "fileid": "g1156_root.png"}, {"id": "g1156_d1ulchg", "comment": "[Point break remake](http://i.imgur.com/4Vzw09t.jpg)\n", "date": "2016-04-08 01:22:34", "seriesname": "g1156_d1ulchg", "file": "/media/jbrogan4/scratch2/Reddit_Prov_Dataset_v6/_Keanu_Reeves_sitting_awkwardly_on_a_rock_in_the_middle_of_a_swamp/g1156_d1ulchg.jpg", "URL": "http://i.imgur.com/4Vzw09t.jpg", "fileid": "g1156_d1ulchg.jpg"}], "graph": {"name": "g1156_root"}, "directed": true}