{"links": [{"op": "none", "target": 0, "source": 22}, {"op": "none", "target": 1, "source": 67}, {"op": "none", "target": 2, "source": 67}, {"op": "none", "target": 3, "source": 67}, {"op": "none", "target": 4, "source": 67}, {"op": "none", "target": 5, "source": 67}, {"op": "none", "target": 6, "source": 67}, {"op": "none", "target": 7, "source": 67}, {"op": "none", "target": 8, "source": 19}, {"op": "none", "target": 9, "source": 67}, {"op": "none", "target": 10, "source": 67}, {"op": "none", "target": 11, "source": 50}, {"op": "none", "target": 12, "source": 67}, {"op": "none", "target": 13, "source": 67}, {"op": "none", "target": 14, "source": 67}, {"op": "none", "target": 15, "source": 8}, {"op": "none", "target": 16, "source": 20}, {"op": "none", "target": 17, "source": 67}, {"op": "none", "target": 18, "source": 19}, {"op": "none", "target": 19, "source": 67}, {"op": "none", "target": 20, "source": 67}, {"op": "none", "target": 21, "source": 67}, {"op": "none", "target": 22, "source": 67}, {"op": "none", "target": 23, "source": 16}, {"op": "none", "target": 24, "source": 67}, {"op": "none", "target": 25, "source": 67}, {"op": "none", "target": 26, "source": 67}, {"op": "none", "target": 27, "source": 67}, {"op": "none", "target": 28, "source": 29}, {"op": "none", "target": 29, "source": 11}, {"op": "none", "target": 30, "source": 28}, {"op": "none", "target": 31, "source": 46}, {"op": "none", "target": 32, "source": 67}, {"op": "none", "target": 33, "source": 39}, {"op": "none", "target": 34, "source": 67}, {"op": "none", "target": 35, "source": 67}, {"op": "none", "target": 36, "source": 67}, {"op": "none", "target": 37, "source": 67}, {"op": "none", "target": 38, "source": 36}, {"op": "none", "target": 39, "source": 67}, {"op": "none", "target": 40, "source": 67}, {"op": "none", "target": 41, "source": 18}, {"op": "none", "target": 42, "source": 67}, {"op": "none", "target": 43, "source": 39}, {"op": "none", "target": 44, "source": 67}, {"op": "none", "target": 45, "source": 67}, {"op": "none", "target": 46, "source": 67}, {"op": "none", "target": 47, "source": 67}, {"op": "none", "target": 48, "source": 67}, {"op": "none", "target": 49, "source": 67}, {"op": "none", "target": 50, "source": 23}, {"op": "none", "target": 51, "source": 67}, {"op": "none", "target": 52, "source": 67}, {"op": "none", "target": 53, "source": 67}, {"op": "none", "target": 54, "source": 67}, {"op": "none", "target": 55, "source": 5}, {"op": "none", "target": 56, "source": 67}, {"op": "none", "target": 57, "source": 67}, {"op": "none", "target": 58, "source": 67}, {"op": "none", "target": 59, "source": 67}, {"op": "none", "target": 60, "source": 67}, {"op": "none", "target": 61, "source": 67}, {"op": "none", "target": 62, "source": 67}, {"op": "none", "target": 63, "source": 65}, {"op": "none", "target": 64, "source": 67}, {"op": "none", "target": 65, "source": 30}, {"op": "none", "target": 66, "source": 67}, {"op": "none", "target": 68, "source": 67}, {"op": "none", "target": 69, "source": 67}], "title": "_This_guy_dancing", "nodes": [{"id": "g1163_crhgppc", "comment": "[I wonder if Beaver Boy will be in the next Avengers?](http://i.imgur.com/NA9hmS8.png)", "date": "2015-05-22 10:38:07", "seriesname": "g1163_crhgppc", "file": "/media/jbrogan4/scratch2/Reddit_Prov_Dataset_v6/_This_guy_dancing/g1163_crhgppc.png", "URL": "http://i.imgur.com/NA9hmS8.png", "fileid": "g1163_crhgppc.png"}, {"id": "g1163_crhfp3e", "comment": "[He doesn't look too good..](https://i.imgur.com/ZwNQxpG.png)", "date": "2015-05-22 10:06:35", "seriesname": "g1163_crhfp3e", "file": "/media/jbrogan4/scratch2/Reddit_Prov_Dataset_v6/_This_guy_dancing/g1163_crhfp3e.png", "URL": "https://i.imgur.com/ZwNQxpG.png", "fileid": "g1163_crhfp3e.png"}, {"id": "g1163_crhk15v", "comment": "[Sup.](http://i.imgur.com/erLpWCR.jpg)", "date": "2015-05-22 12:41:31", "seriesname": "g1163_crhk15v", "file": "/media/jbrogan4/scratch2/Reddit_Prov_Dataset_v6/_This_guy_dancing/g1163_crhk15v.jpg", "URL": "http://i.imgur.com/erLpWCR.jpg", "fileid": "g1163_crhk15v.jpg"}, {"id": "g1163_cri5ivf", "comment": "[Chew Chew, motherfucker](http://i.imgur.com/XQP0dhi.png)", "date": "2015-05-22 23:55:47", "seriesname": "g1163_cri5ivf", "file": "/media/jbrogan4/scratch2/Reddit_Prov_Dataset_v6/_This_guy_dancing/g1163_cri5ivf.png", "URL": "http://i.imgur.com/XQP0dhi.png", "fileid": "g1163_cri5ivf.png"}, {"id": "g1163_crhujy5", "comment": "http://i.imgur.com/On97QaA.jpg", "date": "2015-05-22 17:32:49", "seriesname": "g1163_crhujy5", "file": "/media/jbrogan4/scratch2/Reddit_Prov_Dataset_v6/_This_guy_dancing/g1163_crhujy5.jpg", "URL": "http://i.imgur.com/On97QaA.jpg", "fileid": "g1163_crhujy5.jpg"}, {"id": "g1163_crhf47a", "comment": "[It's all in the eyes](http://i.imgur.com/EbciUrR.jpg)", "date": "2015-05-22 09:47:50", "seriesname": "g1163_crhf47a", "file": "/media/jbrogan4/scratch2/Reddit_Prov_Dataset_v6/_This_guy_dancing/g1163_crhf47a.jpg", "URL": "http://i.imgur.com/EbciUrR.jpg", "fileid": "g1163_crhf47a.jpg"}, {"id": "g1163_crhtj13", "comment": "[I have a raging clue.](http://i.imgur.com/wZYMhvd.jpg)", "date": "2015-05-22 17:01:26", "seriesname": "g1163_crhtj13", "file": "/media/jbrogan4/scratch2/Reddit_Prov_Dataset_v6/_This_guy_dancing/g1163_crhtj13.jpg", "URL": "http://i.imgur.com/wZYMhvd.jpg", "fileid": "g1163_crhtj13.jpg"}, {"id": "g1163_crhlu6y", "comment": "[Travolta really gets around.](http://imgur.com/B3oDY2H.jpg)", "date": "2015-05-22 13:29:34", "seriesname": "g1163_crhlu6y", "file": "/media/jbrogan4/scratch2/Reddit_Prov_Dataset_v6/_This_guy_dancing/g1163_crhlu6y.jpg", "URL": "http://imgur.com/B3oDY2H.jpg", "fileid": "g1163_crhlu6y.jpg"}, {"id": "g1163_crhls9r", "comment": "http://i.imgur.com/szooCHI.jpg", "date": "2015-05-22 13:28:05", "seriesname": "g1163_crhls9r", "file": "/media/jbrogan4/scratch2/Reddit_Prov_Dataset_v6/_This_guy_dancing/g1163_crhls9r.jpg", "URL": "http://i.imgur.com/szooCHI.jpg", "fileid": "g1163_crhls9r.jpg"}, {"id": "g1163_crhg4ck", "comment": "[Could you not?](http://i.imgur.com/wsuw0LZ.jpg)\n\n[Could you not? *reversed*](http://i.imgur.com/1AFz5N8.jpg)", "date": "2015-05-22 10:21:01", "seriesname": "g1163_crhg4ck", "file": "/media/jbrogan4/scratch2/Reddit_Prov_Dataset_v6/_This_guy_dancing/g1163_crhg4ck.jpg", "URL": "http://i.imgur.com/1AFz5N8.jpg", "fileid": "g1163_crhg4ck.jpg"}, {"id": "g1163_crhk21e", "comment": "[wait.. what?](http://i.imgur.com/V5sfrrO.jpg?1)", "date": "2015-05-22 12:42:12", "seriesname": "g1163_crhk21e", "file": "/media/jbrogan4/scratch2/Reddit_Prov_Dataset_v6/_This_guy_dancing/g1163_crhk21e.jpg", "URL": "http://i.imgur.com/V5sfrrO.jpg?1", "fileid": "g1163_crhk21e.jpg"}, {"id": "g1163_crhh7hh", "comment": "[I can go all day](http://i.imgur.com/BD4Yurb.jpg)", "date": "2015-05-22 10:52:05", "seriesname": "g1163_crhh7hh", "file": "/media/jbrogan4/scratch2/Reddit_Prov_Dataset_v6/_This_guy_dancing/g1163_crhh7hh.jpg", "URL": "http://i.imgur.com/BD4Yurb.jpg", "fileid": "g1163_crhh7hh.jpg"}, {"id": "g1163_crhk51i", "comment": "[I don't know why this came to mind...](http://i.imgur.com/dPpK4zt.jpg)", "date": "2015-05-22 12:44:28", "seriesname": "g1163_crhk51i", "file": "/media/jbrogan4/scratch2/Reddit_Prov_Dataset_v6/_This_guy_dancing/g1163_crhk51i.jpg", "URL": "http://i.imgur.com/dPpK4zt.jpg", "fileid": "g1163_crhk51i.jpg"}, {"id": "g1163_crhiqk6", "comment": "I have no [idea](http://imgur.com/jAuisfr)", "date": "2015-05-22 11:40:09", "seriesname": "g1163_crhiqk6", "file": "/media/jbrogan4/scratch2/Reddit_Prov_Dataset_v6/_This_guy_dancing/g1163_crhiqk6.png", "URL": "http://i.imgur.com/jAuisfr.png", "fileid": "g1163_crhiqk6.png"}, {"id": "g1163_crhe3ag", "comment": "[http://i.imgur.com/O8P6H84.png](http://i.imgur.com/O8P6H84.png)", "date": "2015-05-22 09:12:22", "seriesname": "g1163_crhe3ag", "file": "/media/jbrogan4/scratch2/Reddit_Prov_Dataset_v6/_This_guy_dancing/g1163_crhe3ag.png", "URL": "http://i.imgur.com/O8P6H84.png](http://i.imgur.com/O8P6H84.png", "fileid": "g1163_crhe3ag.png"}, {"id": "g1163_crhov19", "comment": "[I made him happier](http://i.imgur.com/2tTSmwu.jpg)", "date": "2015-05-22 14:50:56", "seriesname": "g1163_crhov19", "file": "/media/jbrogan4/scratch2/Reddit_Prov_Dataset_v6/_This_guy_dancing/g1163_crhov19.jpg", "URL": "http://i.imgur.com/2tTSmwu.jpg", "fileid": "g1163_crhov19.jpg"}, {"id": "g1163_crhfw2e", "comment": "[Looking back, he did play a lot of roles in that movie.](http://i.imgur.com/c9kwQ9i.png)", "date": "2015-05-22 10:12:32", "seriesname": "g1163_crhfw2e", "file": "/media/jbrogan4/scratch2/Reddit_Prov_Dataset_v6/_This_guy_dancing/g1163_crhfw2e.png", "URL": "http://i.imgur.com/c9kwQ9i.png", "fileid": "g1163_crhfw2e.png"}, {"id": "g1163_crht89r", "comment": "[Nobody fucks with the Jesus](http://i.imgur.com/A1oNp5v.jpg)", "date": "2015-05-22 16:52:34", "seriesname": "g1163_crht89r", "file": "/media/jbrogan4/scratch2/Reddit_Prov_Dataset_v6/_This_guy_dancing/g1163_crht89r.jpg", "URL": "http://i.imgur.com/A1oNp5v.jpg", "fileid": "g1163_crht89r.jpg"}, {"id": "g1163_crhjgb6", "comment": "http://i.imgur.com/Sy8PMus.png", "date": "2015-05-22 12:24:55", "seriesname": "g1163_crhjgb6", "file": "/media/jbrogan4/scratch2/Reddit_Prov_Dataset_v6/_This_guy_dancing/g1163_crhjgb6.png", "URL": "http://i.imgur.com/Sy8PMus.png", "fileid": "g1163_crhjgb6.png"}, {"id": "g1163_crhhg8z", "comment": "http://imgur.com/tr9YG34", "date": "2015-05-22 10:59:55", "seriesname": "g1163_crhhg8z", "file": "/media/jbrogan4/scratch2/Reddit_Prov_Dataset_v6/_This_guy_dancing/g1163_crhhg8z.png", "URL": "http://i.imgur.com/tr9YG34.png", "fileid": "g1163_crhhg8z.png"}, {"id": "g1163_crhe5hv", "comment": "http://i.imgur.com/y45qflU.jpg", "date": "2015-05-22 09:14:33", "seriesname": "g1163_crhe5hv", "file": "/media/jbrogan4/scratch2/Reddit_Prov_Dataset_v6/_This_guy_dancing/g1163_crhe5hv.jpg", "URL": "http://i.imgur.com/y45qflU.jpg", "fileid": "g1163_crhe5hv.jpg"}, {"id": "g1163_crhh3yr", "comment": "[That dude reminds me of someone](http://imgur.com/lgwFiph)", "date": "2015-05-22 10:49:22", "seriesname": "g1163_crhh3yr", "file": "/media/jbrogan4/scratch2/Reddit_Prov_Dataset_v6/_This_guy_dancing/g1163_crhh3yr.png", "URL": "http://i.imgur.com/lgwFiph.png", "fileid": "g1163_crhh3yr.png"}, {"id": "g1163_crhdcpx", "comment": "[Beaver Boy](http://i.imgur.com/V2igMpN.jpg)", "date": "2015-05-22 08:43:01", "seriesname": "g1163_crhdcpx", "file": "/media/jbrogan4/scratch2/Reddit_Prov_Dataset_v6/_This_guy_dancing/g1163_crhdcpx.jpg", "URL": "http://i.imgur.com/V2igMpN.jpg", "fileid": "g1163_crhdcpx.jpg"}, {"id": "g1163_crhgc9q", "comment": "[There was much to look back on](http://i.imgur.com/Axn2Wh5.jpg)", "date": "2015-05-22 10:27:20", "seriesname": "g1163_crhgc9q", "file": "/media/jbrogan4/scratch2/Reddit_Prov_Dataset_v6/_This_guy_dancing/g1163_crhgc9q.jpg", "URL": "http://i.imgur.com/Axn2Wh5.jpg", "fileid": "g1163_crhgc9q.jpg"}, {"id": "g1163_crhgjqc", "comment": "[I'm on a Steve Buscemi kick for whatever reason.](http://imgur.com/SlRFcsx.jpg)", "date": "2015-05-22 10:33:21", "seriesname": "g1163_crhgjqc", "file": "/media/jbrogan4/scratch2/Reddit_Prov_Dataset_v6/_This_guy_dancing/g1163_crhgjqc.jpg", "URL": "http://imgur.com/SlRFcsx.jpg", "fileid": "g1163_crhgjqc.jpg"}, {"id": "g1163_crhmhfi", "comment": "[Here comes Peter Creepytail,](http://i.imgur.com/kutu5d9.jpg)", "date": "2015-05-22 13:46:54", "seriesname": "g1163_crhmhfi", "file": "/media/jbrogan4/scratch2/Reddit_Prov_Dataset_v6/_This_guy_dancing/g1163_crhmhfi.jpg", "URL": "http://i.imgur.com/kutu5d9.jpg", "fileid": "g1163_crhmhfi.jpg"}, {"id": "g1163_crhcn4r", "comment": "[These guys dancing](http://i.imgur.com/O0oaDRr.jpg)", "date": "2015-05-22 08:11:03", "seriesname": "g1163_crhcn4r", "file": "/media/jbrogan4/scratch2/Reddit_Prov_Dataset_v6/_This_guy_dancing/g1163_crhcn4r.jpg", "URL": "http://i.imgur.com/O0oaDRr.jpg", "fileid": "g1163_crhcn4r.jpg"}, {"id": "g1163_crhyrc2", "comment": "[Meanwhile at Bikini Bottom](http://imgur.com/0VTlvDk)", "date": "2015-05-22 19:51:00", "seriesname": "g1163_crhyrc2", "file": "/media/jbrogan4/scratch2/Reddit_Prov_Dataset_v6/_This_guy_dancing/g1163_crhyrc2.png", "URL": "http://i.imgur.com/0VTlvDk.png", "fileid": "g1163_crhyrc2.png"}, {"id": "g1163_crhhtql", "comment": "[**I BROKE THE TREND! SUE ME!**](https://i.imgur.com/PHzFqvx.jpg)", "date": "2015-05-22 11:11:12", "seriesname": "g1163_crhhtql", "file": "/media/jbrogan4/scratch2/Reddit_Prov_Dataset_v6/_This_guy_dancing/g1163_crhhtql.jpg", "URL": "https://i.imgur.com/PHzFqvx.jpg", "fileid": "g1163_crhhtql.jpg"}, {"id": "g1163_crhhsrh", "comment": "[So his eyes and teeth fit really well with the troll.](http://i.imgur.com/E90podR.png)", "date": "2015-05-22 11:10:29", "seriesname": "g1163_crhhsrh", "file": "/media/jbrogan4/scratch2/Reddit_Prov_Dataset_v6/_This_guy_dancing/g1163_crhhsrh.png", "URL": "http://i.imgur.com/E90podR.png", "fileid": "g1163_crhhsrh.png"}, {"id": "g1163_crhhzik", "comment": "[So we're just going to throw it onto any old meme now?](http://i.imgur.com/82NXbmb.png)", "date": "2015-05-22 11:15:31", "seriesname": "g1163_crhhzik", "file": "/media/jbrogan4/scratch2/Reddit_Prov_Dataset_v6/_This_guy_dancing/g1163_crhhzik.png", "URL": "http://i.imgur.com/82NXbmb.png", "fileid": "g1163_crhhzik.png"}, {"id": "g1163_cri6eyv", "comment": "[As you wish.](http://i.imgur.com/tTocr19.jpg)", "date": "2015-05-23 00:34:25", "seriesname": "g1163_cri6eyv", "file": "/media/jbrogan4/scratch2/Reddit_Prov_Dataset_v6/_This_guy_dancing/g1163_cri6eyv.jpg", "URL": "http://i.imgur.com/tTocr19.jpg", "fileid": "g1163_cri6eyv.jpg"}, {"id": "g1163_crhggjp", "comment": "Wonder whats on his mind...\n\nhttp://imgur.com/0WyED3T", "date": "2015-05-22 10:30:43", "seriesname": "g1163_crhggjp", "file": "/media/jbrogan4/scratch2/Reddit_Prov_Dataset_v6/_This_guy_dancing/g1163_crhggjp.png", "URL": "http://i.imgur.com/0WyED3T.png", "fileid": "g1163_crhggjp.png"}, {"id": "g1163_crhj4kl", "comment": "[\"Shaken not stirred.\"](http://i.imgur.com/alFEGc3.png)", "date": "2015-05-22 11:49:52", "seriesname": "g1163_crhj4kl", "file": "/media/jbrogan4/scratch2/Reddit_Prov_Dataset_v6/_This_guy_dancing/g1163_crhj4kl.png", "URL": "http://i.imgur.com/alFEGc3.png", "fileid": "g1163_crhj4kl.png"}, {"id": "g1163_crhl23c", "comment": "[Caught with his pants down.](http://i.imgur.com/45WugBy.jpg)", "date": "2015-05-22 13:08:49", "seriesname": "g1163_crhl23c", "file": "/media/jbrogan4/scratch2/Reddit_Prov_Dataset_v6/_This_guy_dancing/g1163_crhl23c.jpg", "URL": "http://i.imgur.com/45WugBy.jpg", "fileid": "g1163_crhl23c.jpg"}, {"id": "g1163_crhgj98", "comment": "[first thing I thought of](http://i.imgur.com/irqQZCJ.jpg)", "date": "2015-05-22 10:32:57", "seriesname": "g1163_crhgj98", "file": "/media/jbrogan4/scratch2/Reddit_Prov_Dataset_v6/_This_guy_dancing/g1163_crhgj98.jpg", "URL": "http://i.imgur.com/irqQZCJ.jpg", "fileid": "g1163_crhgj98.jpg"}, {"id": "g1163_crhf03m", "comment": "[The Godfather](http://i.imgur.com/ZI0f5xw.png?1)", "date": "2015-05-22 09:44:13", "seriesname": "g1163_crhf03m", "file": "/media/jbrogan4/scratch2/Reddit_Prov_Dataset_v6/_This_guy_dancing/g1163_crhf03m.png", "URL": "http://i.imgur.com/ZI0f5xw.png?1", "fileid": "g1163_crhf03m.png"}, {"id": "g1163_crhgvxa", "comment": "[Nice strut.](http://i.imgur.com/xhqGrZy.jpg)", "date": "2015-05-22 10:43:07", "seriesname": "g1163_crhgvxa", "file": "/media/jbrogan4/scratch2/Reddit_Prov_Dataset_v6/_This_guy_dancing/g1163_crhgvxa.jpg", "URL": "http://i.imgur.com/xhqGrZy.jpg", "fileid": "g1163_crhgvxa.jpg"}, {"id": "g1163_crhlb8g", "comment": "[Made me think of this](http://i.imgur.com/bQevipt.png)", "date": "2015-05-22 13:15:33", "seriesname": "g1163_crhlb8g", "file": "/media/jbrogan4/scratch2/Reddit_Prov_Dataset_v6/_This_guy_dancing/g1163_crhlb8g.png", "URL": "http://i.imgur.com/bQevipt.png", "fileid": "g1163_crhlb8g.png"}, {"id": "g1163_crhd1k5", "comment": "[Imgur](http://i.imgur.com/48OnWSB.jpg)", "date": "2015-05-22 08:29:39", "seriesname": "g1163_crhd1k5", "file": "/media/jbrogan4/scratch2/Reddit_Prov_Dataset_v6/_This_guy_dancing/g1163_crhd1k5.jpg", "URL": "http://i.imgur.com/48OnWSB.jpg", "fileid": "g1163_crhd1k5.jpg"}, {"id": "g1163_crhd8sr", "comment": "[I tried.](http://i.imgur.com/nY7LLbr.png)", "date": "2015-05-22 08:38:27", "seriesname": "g1163_crhd8sr", "file": "/media/jbrogan4/scratch2/Reddit_Prov_Dataset_v6/_This_guy_dancing/g1163_crhd8sr.png", "URL": "http://i.imgur.com/nY7LLbr.png", "fileid": "g1163_crhd8sr.png"}, {"id": "g1163_crhqszr", "comment": "http://i.imgur.com/8jXFBJ4.png", "date": "2015-05-22 15:44:33", "seriesname": "g1163_crhqszr", "file": "/media/jbrogan4/scratch2/Reddit_Prov_Dataset_v6/_This_guy_dancing/g1163_crhqszr.png", "URL": "http://i.imgur.com/8jXFBJ4.png", "fileid": "g1163_crhqszr.png"}, {"id": "g1163_crhgtv5", "comment": "[Joffrey the Retard ](http://imgur.com/RlmALv7)", "date": "2015-05-22 10:41:26", "seriesname": "g1163_crhgtv5", "file": "/media/jbrogan4/scratch2/Reddit_Prov_Dataset_v6/_This_guy_dancing/g1163_crhgtv5.png", "URL": "http://i.imgur.com/RlmALv7.png", "fileid": "g1163_crhgtv5.png"}, {"id": "g1163_crhkmqs", "comment": "[If you didn't, you will now..](http://i.imgur.com/8JozLtB.jpg)", "date": "2015-05-22 12:57:35", "seriesname": "g1163_crhkmqs", "file": "/media/jbrogan4/scratch2/Reddit_Prov_Dataset_v6/_This_guy_dancing/g1163_crhkmqs.jpg", "URL": "http://i.imgur.com/8JozLtB.jpg", "fileid": "g1163_crhkmqs.jpg"}, {"id": "g1163_crhz9uf", "comment": "[Do You Want To Build A Snowman?](http://i.imgur.com/wMGq4hW.jpg)", "date": "2015-05-22 20:08:54", "seriesname": "g1163_crhz9uf", "file": "/media/jbrogan4/scratch2/Reddit_Prov_Dataset_v6/_This_guy_dancing/g1163_crhz9uf.jpg", "URL": "http://i.imgur.com/wMGq4hW.jpg", "fileid": "g1163_crhz9uf.jpg"}, {"id": "g1163_crhg9u8", "comment": "[I got you, Lois](http://i.imgur.com/QVJJDxA.jpg)", "date": "2015-05-22 10:25:22", "seriesname": "g1163_crhg9u8", "file": "/media/jbrogan4/scratch2/Reddit_Prov_Dataset_v6/_This_guy_dancing/g1163_crhg9u8.jpg", "URL": "http://i.imgur.com/QVJJDxA.jpg", "fileid": "g1163_crhg9u8.jpg"}, {"id": "g1163_crhfizm", "comment": "[Dat ass](http://i.imgur.com/FNhric8.jpg)", "date": "2015-05-22 10:01:25", "seriesname": "g1163_crhfizm", "file": "/media/jbrogan4/scratch2/Reddit_Prov_Dataset_v6/_This_guy_dancing/g1163_crhfizm.jpg", "URL": "http://i.imgur.com/FNhric8.jpg", "fileid": "g1163_crhfizm.jpg"}, {"id": "g1163_crhsvhj", "comment": "[Oh Hai Denny!](http://i.imgur.com/TZiIjPO.jpg)", "date": "2015-05-22 16:42:21", "seriesname": "g1163_crhsvhj", "file": "/media/jbrogan4/scratch2/Reddit_Prov_Dataset_v6/_This_guy_dancing/g1163_crhsvhj.jpg", "URL": "http://i.imgur.com/TZiIjPO.jpg", "fileid": "g1163_crhsvhj.jpg"}, {"id": "g1163_crhn3m6", "comment": "[\"So, you want to be a... ... Meh... I have a candy factory, I don't have to listen to your shit.\"](http://i.imgur.com/ZLBmNve.png)", "date": "2015-05-22 14:03:17", "seriesname": "g1163_crhn3m6", "file": "/media/jbrogan4/scratch2/Reddit_Prov_Dataset_v6/_This_guy_dancing/g1163_crhn3m6.png", "URL": "http://i.imgur.com/ZLBmNve.png", "fileid": "g1163_crhn3m6.png"}, {"id": "g1163_crhfcop", "comment": "Sorry, but I [had to do it](http://i.imgur.com/QjUwJWH.jpg)...", "date": "2015-05-22 09:55:23", "seriesname": "g1163_crhfcop", "file": "/media/jbrogan4/scratch2/Reddit_Prov_Dataset_v6/_This_guy_dancing/g1163_crhfcop.jpg", "URL": "http://i.imgur.com/QjUwJWH.jpg)...", "fileid": "g1163_crhfcop."}, {"id": "g1163_crhh0pv", "comment": "[We might be taking this too far.](http://i.imgur.com/W0oYxdM.png)", "date": "2015-05-22 10:46:48", "seriesname": "g1163_crhh0pv", "file": "/media/jbrogan4/scratch2/Reddit_Prov_Dataset_v6/_This_guy_dancing/g1163_crhh0pv.png", "URL": "http://i.imgur.com/W0oYxdM.png", "fileid": "g1163_crhh0pv.png"}, {"id": "g1163_crhht0m", "comment": "sorry did not have much time to do it http://i.imgur.com/YZfvhgd.png", "date": "2015-05-22 11:10:41", "seriesname": "g1163_crhht0m", "file": "/media/jbrogan4/scratch2/Reddit_Prov_Dataset_v6/_This_guy_dancing/g1163_crhht0m.png", "URL": "http://i.imgur.com/YZfvhgd.png", "fileid": "g1163_crhht0m.png"}, {"id": "g1163_crhkcll", "comment": "[Gimmie Gimmie Gimmie](http://i.imgur.com/DvznD7f.jpg)", "date": "2015-05-22 12:50:04", "seriesname": "g1163_crhkcll", "file": "/media/jbrogan4/scratch2/Reddit_Prov_Dataset_v6/_This_guy_dancing/g1163_crhkcll.jpg", "URL": "http://i.imgur.com/DvznD7f.jpg", "fileid": "g1163_crhkcll.jpg"}, {"id": "g1163_crhgjka", "comment": "[This is my rifle this is my gun](http://i.imgur.com/5rNHNLY.jpg)", "date": "2015-05-22 10:33:13", "seriesname": "g1163_crhgjka", "file": "/media/jbrogan4/scratch2/Reddit_Prov_Dataset_v6/_This_guy_dancing/g1163_crhgjka.jpg", "URL": "http://i.imgur.com/5rNHNLY.jpg", "fileid": "g1163_crhgjka.jpg"}, {"id": "g1163_crhf52m", "comment": "[\"I got me a score of 12. BEAT THAT!\"](http://i.imgur.com/gPesBCn.jpg)", "date": "2015-05-22 09:48:37", "seriesname": "g1163_crhf52m", "file": "/media/jbrogan4/scratch2/Reddit_Prov_Dataset_v6/_This_guy_dancing/g1163_crhf52m.jpg", "URL": "http://i.imgur.com/gPesBCn.jpg", "fileid": "g1163_crhf52m.jpg"}, {"id": "g1163_crhgwqc", "comment": "[It goes both ways](http://i.imgur.com/12Ud6ky.jpg)", "date": "2015-05-22 10:43:44", "seriesname": "g1163_crhgwqc", "file": "/media/jbrogan4/scratch2/Reddit_Prov_Dataset_v6/_This_guy_dancing/g1163_crhgwqc.jpg", "URL": "http://i.imgur.com/12Ud6ky.jpg", "fileid": "g1163_crhgwqc.jpg"}, {"id": "g1163_crhjx21", "comment": "[Copy That](http://i.imgur.com/6AvEosr.png)", "date": "2015-05-22 12:38:20", "seriesname": "g1163_crhjx21", "file": "/media/jbrogan4/scratch2/Reddit_Prov_Dataset_v6/_This_guy_dancing/g1163_crhjx21.png", "URL": "http://i.imgur.com/6AvEosr.png", "fileid": "g1163_crhjx21.png"}, {"id": "g1163_crhul8e", "comment": "I fixed his face so he's much better looking.\nhttp://imgur.com/yyT8Cqj", "date": "2015-05-22 17:33:57", "seriesname": "g1163_crhul8e", "file": "/media/jbrogan4/scratch2/Reddit_Prov_Dataset_v6/_This_guy_dancing/g1163_crhul8e.png", "URL": "http://i.imgur.com/yyT8Cqj.png", "fileid": "g1163_crhul8e.png"}, {"id": "g1163_crhhwzc", "comment": "[Could you not?](http://i.imgur.com/LQIjy5K.jpg)", "date": "2015-05-22 11:13:39", "seriesname": "g1163_crhhwzc", "file": "/media/jbrogan4/scratch2/Reddit_Prov_Dataset_v6/_This_guy_dancing/g1163_crhhwzc.jpg", "URL": "http://i.imgur.com/LQIjy5K.jpg", "fileid": "g1163_crhhwzc.jpg"}, {"id": "g1163_crhvqoo", "comment": "I have a RAGING clue\nhttp://imgur.com/m4xQEhI", "date": "2015-05-22 18:10:18", "seriesname": "g1163_crhvqoo", "file": "/media/jbrogan4/scratch2/Reddit_Prov_Dataset_v6/_This_guy_dancing/g1163_crhvqoo.png", "URL": "http://i.imgur.com/m4xQEhI.png", "fileid": "g1163_crhvqoo.png"}, {"id": "g1163_crhhk1s", "comment": "Greasy...\nhttp://i.imgur.com/6MjX2x7.jpg?1\n", "date": "2015-05-22 11:02:53", "seriesname": "g1163_crhhk1s", "file": "/media/jbrogan4/scratch2/Reddit_Prov_Dataset_v6/_This_guy_dancing/g1163_crhhk1s.jpg", "URL": "http://i.imgur.com/6MjX2x7.jpg?1", "fileid": "g1163_crhhk1s.jpg"}, {"id": "g1163_crhmcos", "comment": "['Dat Ass](http://i.imgur.com/ADDbIjA.gif)", "date": "2015-05-22 13:43:22", "seriesname": "g1163_crhmcos", "file": "/media/jbrogan4/scratch2/Reddit_Prov_Dataset_v6/_This_guy_dancing/g1163_crhmcos.jpg", "URL": "http://i.imgur.com/ADDbIjA.gif", "fileid": "g1163_crhmcos.gif"}, {"id": "g1163_crhetnm", "comment": "http://i.imgur.com/NDGai3L.jpg", "date": "2015-05-22 09:37:51", "seriesname": "g1163_crhetnm", "file": "/media/jbrogan4/scratch2/Reddit_Prov_Dataset_v6/_This_guy_dancing/g1163_crhetnm.jpg", "URL": "http://i.imgur.com/NDGai3L.jpg", "fileid": "g1163_crhetnm.jpg"}, {"id": "g1163_crhim2i", "comment": "[Memes are so yesterday, it's all about that fantasy now.](http://i.imgur.com/eDcD1nb.png)", "date": "2015-05-22 11:33:43", "seriesname": "g1163_crhim2i", "file": "/media/jbrogan4/scratch2/Reddit_Prov_Dataset_v6/_This_guy_dancing/g1163_crhim2i.png", "URL": "http://i.imgur.com/eDcD1nb.png", "fileid": "g1163_crhim2i.png"}, {"id": "g1163_crhn6or", "comment": "[Beautiful Couple](http://imgur.com/xJ4b1BO)", "date": "2015-05-22 14:05:37", "seriesname": "g1163_crhn6or", "file": "/media/jbrogan4/scratch2/Reddit_Prov_Dataset_v6/_This_guy_dancing/g1163_crhn6or.png", "URL": "http://i.imgur.com/xJ4b1BO.png", "fileid": "g1163_crhn6or.png"}, {"id": "g1163_crhi1bh", "comment": "[Don't tempt me m8, oldest meme to date](https://i.imgur.com/avDPkT0.jpg)", "date": "2015-05-22 11:16:53", "seriesname": "g1163_crhi1bh", "file": "/media/jbrogan4/scratch2/Reddit_Prov_Dataset_v6/_This_guy_dancing/g1163_crhi1bh.jpg", "URL": "https://i.imgur.com/avDPkT0.jpg", "fileid": "g1163_crhi1bh.jpg"}, {"id": "g1163_crhfisw", "comment": "[Silence of the lambs](http://i.imgur.com/IeUDamJ.jpg)", "date": "2015-05-22 10:01:16", "seriesname": "g1163_crhfisw", "file": "/media/jbrogan4/scratch2/Reddit_Prov_Dataset_v6/_This_guy_dancing/g1163_crhfisw.jpg", "URL": "http://i.imgur.com/IeUDamJ.jpg", "fileid": "g1163_crhfisw.jpg"}, {"id": "g1163_root", "comment": "", "date": "2015-05-22 07:30:59", "seriesname": "g1163_root", "file": "/media/jbrogan4/scratch2/Reddit_Prov_Dataset_v6/_This_guy_dancing/g1163_root.jpg", "URL": "http://i.imgur.com/D5xi3Em.jpg", "fileid": "g1163_root.jpg"}, {"id": "g1163_crhqvsk", "comment": "[sigh... Miley's really just phoning it in these days](http://i.imgur.com/NJGBlbT.jpg)", "date": "2015-05-22 15:46:41", "seriesname": "g1163_crhqvsk", "file": "/media/jbrogan4/scratch2/Reddit_Prov_Dataset_v6/_This_guy_dancing/g1163_crhqvsk.jpg", "URL": "http://i.imgur.com/NJGBlbT.jpg", "fileid": "g1163_crhqvsk.jpg"}, {"id": "g1163_crhjgbx", "comment": "[The Deer Hunter](http://imgur.com/Dc7m4dg)", "date": "2015-05-22 12:24:56", "seriesname": "g1163_crhjgbx", "file": "/media/jbrogan4/scratch2/Reddit_Prov_Dataset_v6/_This_guy_dancing/g1163_crhjgbx.png", "URL": "http://i.imgur.com/Dc7m4dg.png", "fileid": "g1163_crhjgbx.png"}], "graph": {"name": "g1163_root"}, "directed": true}