{"links": [{"op": "none", "target": 0, "source": 47}, {"op": "none", "target": 1, "source": 47}, {"op": "none", "target": 2, "source": 47}, {"op": "none", "target": 3, "source": 24}, {"op": "none", "target": 4, "source": 47}, {"op": "none", "target": 5, "source": 47}, {"op": "none", "target": 6, "source": 47}, {"op": "none", "target": 7, "source": 47}, {"op": "none", "target": 8, "source": 17}, {"op": "none", "target": 9, "source": 8}, {"op": "none", "target": 10, "source": 17}, {"op": "none", "target": 11, "source": 47}, {"op": "none", "target": 12, "source": 47}, {"op": "none", "target": 13, "source": 47}, {"op": "none", "target": 14, "source": 13}, {"op": "none", "target": 15, "source": 47}, {"op": "none", "target": 16, "source": 47}, {"op": "none", "target": 17, "source": 47}, {"op": "none", "target": 18, "source": 8}, {"op": "none", "target": 19, "source": 47}, {"op": "none", "target": 20, "source": 47}, {"op": "none", "target": 21, "source": 47}, {"op": "none", "target": 22, "source": 47}, {"op": "none", "target": 23, "source": 47}, {"op": "none", "target": 24, "source": 17}, {"op": "none", "target": 25, "source": 47}, {"op": "none", "target": 26, "source": 47}, {"op": "none", "target": 27, "source": 47}, {"op": "none", "target": 28, "source": 47}, {"op": "none", "target": 29, "source": 47}, {"op": "none", "target": 30, "source": 47}, {"op": "none", "target": 31, "source": 47}, {"op": "none", "target": 32, "source": 47}, {"op": "none", "target": 33, "source": 47}, {"op": "none", "target": 34, "source": 47}, {"op": "none", "target": 35, "source": 47}, {"op": "none", "target": 36, "source": 47}, {"op": "none", "target": 37, "source": 47}, {"op": "none", "target": 38, "source": 47}, {"op": "none", "target": 39, "source": 47}, {"op": "none", "target": 40, "source": 47}, {"op": "none", "target": 41, "source": 47}, {"op": "none", "target": 42, "source": 47}, {"op": "none", "target": 43, "source": 47}, {"op": "none", "target": 44, "source": 17}, {"op": "none", "target": 45, "source": 47}, {"op": "none", "target": 46, "source": 47}, {"op": "none", "target": 48, "source": 47}], "title": "_This_ominous_clown_in_his_headquarters", "nodes": [{"id": "g1167_cyf20ce", "comment": "Not ominous enough.\nhttp://i.imgur.com/719xRxK.jpg", "date": "2015-12-29 11:24:52", "seriesname": "g1167_cyf20ce", "file": "/media/jbrogan4/scratch2/Reddit_Prov_Dataset_v6/_This_ominous_clown_in_his_headquarters/g1167_cyf20ce.jpg", "URL": "http://i.imgur.com/719xRxK.jpg", "fileid": "g1167_cyf20ce.jpg"}, {"id": "g1167_cyf6vpk", "comment": "[Quick and dirty](http://i.imgur.com/CSqeYxB.png)", "date": "2015-12-29 13:31:14", "seriesname": "g1167_cyf6vpk", "file": "/media/jbrogan4/scratch2/Reddit_Prov_Dataset_v6/_This_ominous_clown_in_his_headquarters/g1167_cyf6vpk.png", "URL": "http://i.imgur.com/CSqeYxB.png", "fileid": "g1167_cyf6vpk.png"}, {"id": "g1167_cyf1kng", "comment": "[conference](http://i.imgur.com/ippyXXF.jpg)  \n[With shadows](http://i.imgur.com/yOFoLGT.jpg)", "date": "2015-12-29 11:12:53", "seriesname": "g1167_cyf1kng", "file": "/media/jbrogan4/scratch2/Reddit_Prov_Dataset_v6/_This_ominous_clown_in_his_headquarters/g1167_cyf1kng.jpg", "URL": "http://i.imgur.com/yOFoLGT.jpg", "fileid": "g1167_cyf1kng.jpg"}, {"id": "g1167_cyf28ms", "comment": "[And Shepherds we shall be For thee, fighting against corporate greed](http://imgur.com/ody3A77)", "date": "2015-12-29 11:31:13", "seriesname": "g1167_cyf28ms", "file": "/media/jbrogan4/scratch2/Reddit_Prov_Dataset_v6/_This_ominous_clown_in_his_headquarters/g1167_cyf28ms.png", "URL": "http://i.imgur.com/ody3A77.png", "fileid": "g1167_cyf28ms.png"}, {"id": "g1167_cyf12wk", "comment": "http://imgur.com/O6ZxRGb.png", "date": "2015-12-29 10:58:48", "seriesname": "g1167_cyf12wk", "file": "/media/jbrogan4/scratch2/Reddit_Prov_Dataset_v6/_This_ominous_clown_in_his_headquarters/g1167_cyf12wk.png", "URL": "http://imgur.com/O6ZxRGb.png", "fileid": "g1167_cyf12wk.png"}, {"id": "g1167_cyf9wwx", "comment": "Hail to the First Order!! (of the day)\nhttp://i.imgur.com/ArxbsKb.jpg", "date": "2015-12-29 14:46:25", "seriesname": "g1167_cyf9wwx", "file": "/media/jbrogan4/scratch2/Reddit_Prov_Dataset_v6/_This_ominous_clown_in_his_headquarters/g1167_cyf9wwx.jpg", "URL": "http://i.imgur.com/ArxbsKb.jpg", "fileid": "g1167_cyf9wwx.jpg"}, {"id": "g1167_cyfmjfm", "comment": "[Burnt Offering](http://imgur.com/gallery/waP3z9H)", "date": "2015-12-29 20:18:02", "seriesname": "g1167_cyfmjfm", "file": "/media/jbrogan4/scratch2/Reddit_Prov_Dataset_v6/_This_ominous_clown_in_his_headquarters/g1167_cyfmjfm.png", "URL": "http://i.imgur.com/waP3z9H.png", "fileid": "g1167_cyfmjfm.png"}, {"id": "g1167_cyfhs4i", "comment": "[Das McDolsche Reich](http://imgur.com/6hQRVpc)", "date": "2015-12-29 18:08:04", "seriesname": "g1167_cyfhs4i", "file": "/media/jbrogan4/scratch2/Reddit_Prov_Dataset_v6/_This_ominous_clown_in_his_headquarters/g1167_cyfhs4i.png", "URL": "http://i.imgur.com/6hQRVpc.png", "fileid": "g1167_cyfhs4i.png"}, {"id": "g1167_cyf3ofi", "comment": "[The Colonel enters the ring](http://i.imgur.com/41wP35d.jpg)", "date": "2015-12-29 12:10:05", "seriesname": "g1167_cyf3ofi", "file": "/media/jbrogan4/scratch2/Reddit_Prov_Dataset_v6/_This_ominous_clown_in_his_headquarters/g1167_cyf3ofi.jpg", "URL": "http://i.imgur.com/41wP35d.jpg", "fileid": "g1167_cyf3ofi.jpg"}, {"id": "g1167_cyf9j9c", "comment": "[done](http://imgur.com/BnccfXd) ", "date": "2015-12-29 14:37:10", "seriesname": "g1167_cyf9j9c", "file": "/media/jbrogan4/scratch2/Reddit_Prov_Dataset_v6/_This_ominous_clown_in_his_headquarters/g1167_cyf9j9c.png", "URL": "http://i.imgur.com/BnccfXd.png", "fileid": "g1167_cyf9j9c.png"}, {"id": "g1167_cyf1sbr", "comment": "http://imgur.com/LFXsowa.png", "date": "2015-12-29 11:18:46", "seriesname": "g1167_cyf1sbr", "file": "/media/jbrogan4/scratch2/Reddit_Prov_Dataset_v6/_This_ominous_clown_in_his_headquarters/g1167_cyf1sbr.png", "URL": "http://imgur.com/LFXsowa.png", "fileid": "g1167_cyf1sbr.png"}, {"id": "g1167_cyf1215", "comment": "[Ronald McDonald Trump and his Plan for Foreign Politics](http://i.imgur.com/A61Tze1.jpg)", "date": "2015-12-29 10:58:06", "seriesname": "g1167_cyf1215", "file": "/media/jbrogan4/scratch2/Reddit_Prov_Dataset_v6/_This_ominous_clown_in_his_headquarters/g1167_cyf1215.jpg", "URL": "http://i.imgur.com/A61Tze1.jpg", "fileid": "g1167_cyf1215.jpg"}, {"id": "g1167_cyfo3no", "comment": "[The Empire Business](http://imgur.com/gallery/zKyeaN3)", "date": "2015-12-29 21:02:37", "seriesname": "g1167_cyfo3no", "file": "/media/jbrogan4/scratch2/Reddit_Prov_Dataset_v6/_This_ominous_clown_in_his_headquarters/g1167_cyfo3no.png", "URL": "http://i.imgur.com/zKyeaN3.png", "fileid": "g1167_cyfo3no.png"}, {"id": "g1167_cyey4ki", "comment": "I'm lovin' [IT](http://i.imgur.com/RkORWTZ.jpg).", "date": "2015-12-29 09:18:13", "seriesname": "g1167_cyey4ki", "file": "/media/jbrogan4/scratch2/Reddit_Prov_Dataset_v6/_This_ominous_clown_in_his_headquarters/g1167_cyey4ki.jpg", "URL": "http://i.imgur.com/RkORWTZ.jpg).", "fileid": "g1167_cyey4ki."}, {"id": "g1167_cyeym26", "comment": "http://imgur.com/xz7BAbV\nWanna Big Mac", "date": "2015-12-29 09:37:21", "seriesname": "g1167_cyeym26", "file": "/media/jbrogan4/scratch2/Reddit_Prov_Dataset_v6/_This_ominous_clown_in_his_headquarters/g1167_cyeym26.png", "URL": "http://i.imgur.com/xz7BAbV.png", "fileid": "g1167_cyeym26.png"}, {"id": "g1167_cyf783z", "comment": "[MOTEL VACANCY](http://i.imgur.com/4NthTSC.gif)", "date": "2015-12-29 13:39:53", "seriesname": "g1167_cyf783z", "file": "/media/jbrogan4/scratch2/Reddit_Prov_Dataset_v6/_This_ominous_clown_in_his_headquarters/g1167_cyf783z.jpg", "URL": "http://i.imgur.com/4NthTSC.gif", "fileid": "g1167_cyf783z.gif"}, {"id": "g1167_cyfa4do", "comment": "[zilla](https://imgur.com/wo7WyFj)", "date": "2015-12-29 14:51:31", "seriesname": "g1167_cyfa4do", "file": "/media/jbrogan4/scratch2/Reddit_Prov_Dataset_v6/_This_ominous_clown_in_his_headquarters/g1167_cyfa4do.png", "URL": "http://i.imgur.com/wo7WyFj.png", "fileid": "g1167_cyfa4do.png"}, {"id": "g1167_cyez1b3", "comment": "http://i.imgur.com/Jp2EqSS.jpg", "date": "2015-12-29 09:53:07", "seriesname": "g1167_cyez1b3", "file": "/media/jbrogan4/scratch2/Reddit_Prov_Dataset_v6/_This_ominous_clown_in_his_headquarters/g1167_cyez1b3.jpg", "URL": "http://i.imgur.com/Jp2EqSS.jpg", "fileid": "g1167_cyez1b3.jpg"}, {"id": "g1167_cyg81kf", "comment": "[Enter Wendy](http://i.imgur.com/mQMBjSQ.jpg)", "date": "2015-12-30 11:10:01", "seriesname": "g1167_cyg81kf", "file": "/media/jbrogan4/scratch2/Reddit_Prov_Dataset_v6/_This_ominous_clown_in_his_headquarters/g1167_cyg81kf.jpg", "URL": "http://i.imgur.com/mQMBjSQ.jpg", "fileid": "g1167_cyg81kf.jpg"}, {"id": "g1167_cyf5zr4", "comment": "Quick and dirty, as I'll be amazed if I'm the only one to see [the Eye of SauRonald](http://imgur.com/IU0HqvO)", "date": "2015-12-29 13:09:13", "seriesname": "g1167_cyf5zr4", "file": "/media/jbrogan4/scratch2/Reddit_Prov_Dataset_v6/_This_ominous_clown_in_his_headquarters/g1167_cyf5zr4.png", "URL": "http://i.imgur.com/IU0HqvO.png", "fileid": "g1167_cyf5zr4.png"}, {"id": "g1167_cyg0rrm", "comment": "[Oh Ronald oh Ronald, let down your Big Macs](http://i.imgur.com/MuCiCqy.jpg) ", "date": "2015-12-30 05:37:09", "seriesname": "g1167_cyg0rrm", "file": "/media/jbrogan4/scratch2/Reddit_Prov_Dataset_v6/_This_ominous_clown_in_his_headquarters/g1167_cyg0rrm.jpg", "URL": "http://i.imgur.com/MuCiCqy.jpg", "fileid": "g1167_cyg0rrm.jpg"}, {"id": "g1167_cyf7e6n", "comment": "[Two all-beef patties...](http://imgur.com/oCzIHRt)", "date": "2015-12-29 13:44:06", "seriesname": "g1167_cyf7e6n", "file": "/media/jbrogan4/scratch2/Reddit_Prov_Dataset_v6/_This_ominous_clown_in_his_headquarters/g1167_cyf7e6n.png", "URL": "http://i.imgur.com/oCzIHRt.png", "fileid": "g1167_cyf7e6n.png"}, {"id": "g1167_cyezmib", "comment": "http://imgur.com/IFqACTz", "date": "2015-12-29 10:13:32", "seriesname": "g1167_cyezmib", "file": "/media/jbrogan4/scratch2/Reddit_Prov_Dataset_v6/_This_ominous_clown_in_his_headquarters/g1167_cyezmib.png", "URL": "http://i.imgur.com/IFqACTz.png", "fileid": "g1167_cyezmib.png"}, {"id": "g1167_cyf3ytn", "comment": "[meeting the parents](http://imgur.com/pxzq15v)", "date": "2015-12-29 12:17:39", "seriesname": "g1167_cyf3ytn", "file": "/media/jbrogan4/scratch2/Reddit_Prov_Dataset_v6/_This_ominous_clown_in_his_headquarters/g1167_cyf3ytn.png", "URL": "http://i.imgur.com/pxzq15v.png", "fileid": "g1167_cyf3ytn.png"}, {"id": "g1167_cyf1jok", "comment": "[takedown notice](http://i.imgur.com/xjheoYr.jpg)", "date": "2015-12-29 11:12:07", "seriesname": "g1167_cyf1jok", "file": "/media/jbrogan4/scratch2/Reddit_Prov_Dataset_v6/_This_ominous_clown_in_his_headquarters/g1167_cyf1jok.jpg", "URL": "http://i.imgur.com/xjheoYr.jpg", "fileid": "g1167_cyf1jok.jpg"}, {"id": "g1167_cyf95vf", "comment": "This abandoned hospital had a visitor last night\nhttp://i.imgur.com/1qJi7Cb.jpg\n", "date": "2015-12-29 14:28:02", "seriesname": "g1167_cyf95vf", "file": "/media/jbrogan4/scratch2/Reddit_Prov_Dataset_v6/_This_ominous_clown_in_his_headquarters/g1167_cyf95vf.jpg", "URL": "http://i.imgur.com/1qJi7Cb.jpg", "fileid": "g1167_cyf95vf.jpg"}, {"id": "g1167_cyf7noc", "comment": "[It puts the happy meal in the basket](http://imgur.com/PaysymS) (semi-NSFW)", "date": "2015-12-29 13:50:44", "seriesname": "g1167_cyf7noc", "file": "/media/jbrogan4/scratch2/Reddit_Prov_Dataset_v6/_This_ominous_clown_in_his_headquarters/g1167_cyf7noc.png", "URL": "http://i.imgur.com/PaysymS.png", "fileid": "g1167_cyf7noc.png"}, {"id": "g1167_cyf316e", "comment": "[I will finish, what you started...](http://i.imgur.com/980kj2K.jpg)\n\n*edited to remove spoiler.", "date": "2015-12-29 11:52:47", "seriesname": "g1167_cyf316e", "file": "/media/jbrogan4/scratch2/Reddit_Prov_Dataset_v6/_This_ominous_clown_in_his_headquarters/g1167_cyf316e.jpg", "URL": "http://i.imgur.com/980kj2K.jpg", "fileid": "g1167_cyf316e.jpg"}, {"id": "g1167_cyfpn8c", "comment": "First Post\nhttp://i.imgur.com/zBqGeej.jpg", "date": "2015-12-29 21:46:29", "seriesname": "g1167_cyfpn8c", "file": "/media/jbrogan4/scratch2/Reddit_Prov_Dataset_v6/_This_ominous_clown_in_his_headquarters/g1167_cyfpn8c.jpg", "URL": "http://i.imgur.com/zBqGeej.jpg", "fileid": "g1167_cyfpn8c.jpg"}, {"id": "g1167_cyf2ewi", "comment": "http://imgur.com/8PEr7RT\n\nFirst post :)", "date": "2015-12-29 11:36:02", "seriesname": "g1167_cyf2ewi", "file": "/media/jbrogan4/scratch2/Reddit_Prov_Dataset_v6/_This_ominous_clown_in_his_headquarters/g1167_cyf2ewi.png", "URL": "http://i.imgur.com/8PEr7RT.png", "fileid": "g1167_cyf2ewi.png"}, {"id": "g1167_cyf7kj2", "comment": "Truth in Advertising http://i.imgur.com/rPpE2Gc.jpg", "date": "2015-12-29 13:48:33", "seriesname": "g1167_cyf7kj2", "file": "/media/jbrogan4/scratch2/Reddit_Prov_Dataset_v6/_This_ominous_clown_in_his_headquarters/g1167_cyf7kj2.jpg", "URL": "http://i.imgur.com/rPpE2Gc.jpg", "fileid": "g1167_cyf7kj2.jpg"}, {"id": "g1167_cyf0guo", "comment": "[Imgur](http://i.imgur.com/uRcfyFQ.jpg)", "date": "2015-12-29 10:40:27", "seriesname": "g1167_cyf0guo", "file": "/media/jbrogan4/scratch2/Reddit_Prov_Dataset_v6/_This_ominous_clown_in_his_headquarters/g1167_cyf0guo.jpg", "URL": "http://i.imgur.com/uRcfyFQ.jpg", "fileid": "g1167_cyf0guo.jpg"}, {"id": "g1167_cyfkf0n", "comment": "[Partners in crime](http://imgur.com/7i9PJZU)", "date": "2015-12-29 19:20:53", "seriesname": "g1167_cyfkf0n", "file": "/media/jbrogan4/scratch2/Reddit_Prov_Dataset_v6/_This_ominous_clown_in_his_headquarters/g1167_cyfkf0n.png", "URL": "http://i.imgur.com/7i9PJZU.png", "fileid": "g1167_cyfkf0n.png"}, {"id": "g1167_cyf4354", "comment": "[Evil Clown HQ](http://i.imgur.com/o2drYA1.jpg)", "date": "2015-12-29 12:20:41", "seriesname": "g1167_cyf4354", "file": "/media/jbrogan4/scratch2/Reddit_Prov_Dataset_v6/_This_ominous_clown_in_his_headquarters/g1167_cyf4354.jpg", "URL": "http://i.imgur.com/o2drYA1.jpg", "fileid": "g1167_cyf4354.jpg"}, {"id": "g1167_cyfs80o", "comment": "[They all float down here](http://imgur.com/8XQw6sO)", "date": "2015-12-29 23:06:10", "seriesname": "g1167_cyfs80o", "file": "/media/jbrogan4/scratch2/Reddit_Prov_Dataset_v6/_This_ominous_clown_in_his_headquarters/g1167_cyfs80o.png", "URL": "http://i.imgur.com/8XQw6sO.png", "fileid": "g1167_cyfs80o.png"}, {"id": "g1167_cyf47a9", "comment": "[Big Macs weren't the only meat Ronald craved](http://i.imgur.com/ih1WGZL.png)", "date": "2015-12-29 12:23:36", "seriesname": "g1167_cyf47a9", "file": "/media/jbrogan4/scratch2/Reddit_Prov_Dataset_v6/_This_ominous_clown_in_his_headquarters/g1167_cyf47a9.png", "URL": "http://i.imgur.com/ih1WGZL.png", "fileid": "g1167_cyf47a9.png"}, {"id": "g1167_cyf0jmi", "comment": "[Excellent](http://i.imgur.com/XyGeWjI.jpg)", "date": "2015-12-29 10:42:52", "seriesname": "g1167_cyf0jmi", "file": "/media/jbrogan4/scratch2/Reddit_Prov_Dataset_v6/_This_ominous_clown_in_his_headquarters/g1167_cyf0jmi.jpg", "URL": "http://i.imgur.com/XyGeWjI.jpg", "fileid": "g1167_cyf0jmi.jpg"}, {"id": "g1167_cyf35ji", "comment": "[Tiptoee.. Through the tulips..](https://i.imgur.com/D1v2btk.jpg)", "date": "2015-12-29 11:56:07", "seriesname": "g1167_cyf35ji", "file": "/media/jbrogan4/scratch2/Reddit_Prov_Dataset_v6/_This_ominous_clown_in_his_headquarters/g1167_cyf35ji.jpg", "URL": "https://i.imgur.com/D1v2btk.jpg", "fileid": "g1167_cyf35ji.jpg"}, {"id": "g1167_cyf8l73", "comment": "[Cone me, I dare ya](http://i.imgur.com/QUwkbZH.jpg)", "date": "2015-12-29 14:13:47", "seriesname": "g1167_cyf8l73", "file": "/media/jbrogan4/scratch2/Reddit_Prov_Dataset_v6/_This_ominous_clown_in_his_headquarters/g1167_cyf8l73.jpg", "URL": "http://i.imgur.com/QUwkbZH.jpg", "fileid": "g1167_cyf8l73.jpg"}, {"id": "g1167_cyf78nz", "comment": "http://i.imgur.com/goxERD8.png", "date": "2015-12-29 13:40:16", "seriesname": "g1167_cyf78nz", "file": "/media/jbrogan4/scratch2/Reddit_Prov_Dataset_v6/_This_ominous_clown_in_his_headquarters/g1167_cyf78nz.png", "URL": "http://i.imgur.com/goxERD8.png", "fileid": "g1167_cyf78nz.png"}, {"id": "g1167_cyf32kr", "comment": "[Ronald McDonald] (http://imgur.com/dcGNoVy)", "date": "2015-12-29 11:53:52", "seriesname": "g1167_cyf32kr", "file": "/media/jbrogan4/scratch2/Reddit_Prov_Dataset_v6/_This_ominous_clown_in_his_headquarters/g1167_cyf32kr.png", "URL": "http://i.imgur.com/dcGNoVy.png", "fileid": "g1167_cyf32kr.png"}, {"id": "g1167_cyf8o3x", "comment": "[Finest food in the wasteland](http://i.imgur.com/WrrQ09q.png)\n\n(First time posting on this sub, so I know it's not amazing)", "date": "2015-12-29 14:15:49", "seriesname": "g1167_cyf8o3x", "file": "/media/jbrogan4/scratch2/Reddit_Prov_Dataset_v6/_This_ominous_clown_in_his_headquarters/g1167_cyf8o3x.png", "URL": "http://i.imgur.com/WrrQ09q.png", "fileid": "g1167_cyf8o3x.png"}, {"id": "g1167_cyf6m83", "comment": "[Adolf McDonald](http://i.imgur.com/vaq16kJ.jpg)", "date": "2015-12-29 13:24:38", "seriesname": "g1167_cyf6m83", "file": "/media/jbrogan4/scratch2/Reddit_Prov_Dataset_v6/_This_ominous_clown_in_his_headquarters/g1167_cyf6m83.jpg", "URL": "http://i.imgur.com/vaq16kJ.jpg", "fileid": "g1167_cyf6m83.jpg"}, {"id": "g1167_cyg2ibc", "comment": "[Shadow](http://i.imgur.com/GSSOZpJ.jpg)", "date": "2015-12-30 07:35:29", "seriesname": "g1167_cyg2ibc", "file": "/media/jbrogan4/scratch2/Reddit_Prov_Dataset_v6/_This_ominous_clown_in_his_headquarters/g1167_cyg2ibc.jpg", "URL": "http://i.imgur.com/GSSOZpJ.jpg", "fileid": "g1167_cyg2ibc.jpg"}, {"id": "g1167_cyf2etq", "comment": "http://imgur.com/VLM0qY4", "date": "2015-12-29 11:35:58", "seriesname": "g1167_cyf2etq", "file": "/media/jbrogan4/scratch2/Reddit_Prov_Dataset_v6/_This_ominous_clown_in_his_headquarters/g1167_cyf2etq.png", "URL": "http://i.imgur.com/VLM0qY4.png", "fileid": "g1167_cyf2etq.png"}, {"id": "g1167_cyf03fe", "comment": "http://i.imgur.com/vMRJAvw.jpg", "date": "2015-12-29 10:28:48", "seriesname": "g1167_cyf03fe", "file": "/media/jbrogan4/scratch2/Reddit_Prov_Dataset_v6/_This_ominous_clown_in_his_headquarters/g1167_cyf03fe.jpg", "URL": "http://i.imgur.com/vMRJAvw.jpg", "fileid": "g1167_cyf03fe.jpg"}, {"id": "g1167_cyf7cwu", "comment": "[Take him out, Han!](http://i.imgur.com/KcvrLAA.jpg)", "date": "2015-12-29 13:43:11", "seriesname": "g1167_cyf7cwu", "file": "/media/jbrogan4/scratch2/Reddit_Prov_Dataset_v6/_This_ominous_clown_in_his_headquarters/g1167_cyf7cwu.jpg", "URL": "http://i.imgur.com/KcvrLAA.jpg", "fileid": "g1167_cyf7cwu.jpg"}, {"id": "g1167_root", "comment": "", "date": "2015-12-29 08:29:38", "seriesname": "g1167_root", "file": "/media/jbrogan4/scratch2/Reddit_Prov_Dataset_v6/_This_ominous_clown_in_his_headquarters/g1167_root.jpg", "URL": "http://i.imgur.com/fOfC0Cw.jpg", "fileid": "g1167_root.jpg"}, {"id": "g1167_cyfbbi7", "comment": "http://i.imgur.com/gcERJUg.jpg\nAsh burger durbatul\u00fbk, ash burger gimbatul,\nash burger thrakatul\u00fbk agh burzum-ishi krimpatul.", "date": "2015-12-29 15:21:17", "seriesname": "g1167_cyfbbi7", "file": "/media/jbrogan4/scratch2/Reddit_Prov_Dataset_v6/_This_ominous_clown_in_his_headquarters/g1167_cyfbbi7.jpg", "URL": "http://i.imgur.com/gcERJUg.jpg", "fileid": "g1167_cyfbbi7.jpg"}], "graph": {"name": "g1167_root"}, "directed": true}