{"links": [{"op": "none", "target": 0, "source": 1}, {"op": "none", "target": 1, "source": 44}, {"op": "none", "target": 2, "source": 44}, {"op": "none", "target": 3, "source": 23}, {"op": "none", "target": 4, "source": 44}, {"op": "none", "target": 5, "source": 44}, {"op": "none", "target": 6, "source": 44}, {"op": "none", "target": 7, "source": 44}, {"op": "none", "target": 8, "source": 44}, {"op": "none", "target": 9, "source": 44}, {"op": "none", "target": 10, "source": 44}, {"op": "none", "target": 11, "source": 44}, {"op": "none", "target": 12, "source": 32}, {"op": "none", "target": 13, "source": 44}, {"op": "none", "target": 14, "source": 44}, {"op": "none", "target": 15, "source": 44}, {"op": "none", "target": 16, "source": 44}, {"op": "none", "target": 17, "source": 24}, {"op": "none", "target": 18, "source": 44}, {"op": "none", "target": 19, "source": 44}, {"op": "none", "target": 20, "source": 44}, {"op": "none", "target": 21, "source": 44}, {"op": "none", "target": 22, "source": 18}, {"op": "none", "target": 23, "source": 44}, {"op": "none", "target": 24, "source": 44}, {"op": "none", "target": 25, "source": 44}, {"op": "none", "target": 26, "source": 44}, {"op": "none", "target": 27, "source": 44}, {"op": "none", "target": 28, "source": 44}, {"op": "none", "target": 29, "source": 44}, {"op": "none", "target": 30, "source": 44}, {"op": "none", "target": 31, "source": 44}, {"op": "none", "target": 32, "source": 44}, {"op": "none", "target": 33, "source": 44}, {"op": "none", "target": 34, "source": 44}, {"op": "none", "target": 35, "source": 44}, {"op": "none", "target": 36, "source": 44}, {"op": "none", "target": 37, "source": 44}, {"op": "none", "target": 38, "source": 44}, {"op": "none", "target": 39, "source": 44}, {"op": "none", "target": 40, "source": 13}, {"op": "none", "target": 41, "source": 44}, {"op": "none", "target": 42, "source": 44}, {"op": "none", "target": 43, "source": 44}, {"op": "none", "target": 45, "source": 44}], "title": "_lunch_date_with_Lakers_girls_winner", "nodes": [{"id": "g1162_cmjp9oq", "comment": "[Slimer](http://i.imgur.com/OLv3448.jpg)", "date": "2014-12-03 01:19:00", "seriesname": "g1162_cmjp9oq", "file": "/media/jbrogan4/scratch2/Reddit_Prov_Dataset_v6/_lunch_date_with_Lakers_girls_winner/g1162_cmjp9oq.jpg", "URL": "http://i.imgur.com/OLv3448.jpg", "fileid": "g1162_cmjp9oq.jpg"}, {"id": "g1162_cmjmchv", "comment": "[Slimmer](http://i.imgur.com/2wwWDJq.jpg)", "date": "2014-12-02 23:19:57", "seriesname": "g1162_cmjmchv", "file": "/media/jbrogan4/scratch2/Reddit_Prov_Dataset_v6/_lunch_date_with_Lakers_girls_winner/g1162_cmjmchv.jpg", "URL": "http://i.imgur.com/2wwWDJq.jpg", "fileid": "g1162_cmjmchv.jpg"}, {"id": "g1162_cmjha0y", "comment": "[Dedicated fan](http://i.imgur.com/3J4mwLp.jpg)", "date": "2014-12-02 20:36:05", "seriesname": "g1162_cmjha0y", "file": "/media/jbrogan4/scratch2/Reddit_Prov_Dataset_v6/_lunch_date_with_Lakers_girls_winner/g1162_cmjha0y.jpg", "URL": "http://i.imgur.com/3J4mwLp.jpg", "fileid": "g1162_cmjha0y.jpg"}, {"id": "g1162_cmjr3gr", "comment": "Looks like he's trying to get into the [turtle club](http://i15.photobucket.com/albums/a353/guidobertoli/The%20Master%20of%20Disguise/carveyheader.jpg) to me.", "date": "2014-12-03 03:07:01", "seriesname": "g1162_cmjr3gr", "file": "/media/jbrogan4/scratch2/Reddit_Prov_Dataset_v6/_lunch_date_with_Lakers_girls_winner/g1162_cmjr3gr.jpg", "URL": "http://i15.photobucket.com/albums/a353/guidobertoli/The%20Master%20of%20Disguise/carveyheader.jpg", "fileid": "g1162_cmjr3gr.jpg"}, {"id": "g1162_cmjliy7", "comment": "[*I came in like a wrecking ball....*](http://i.imgur.com/wP0JUxS.jpg)", "date": "2014-12-02 22:52:02", "seriesname": "g1162_cmjliy7", "file": "/media/jbrogan4/scratch2/Reddit_Prov_Dataset_v6/_lunch_date_with_Lakers_girls_winner/g1162_cmjliy7.jpg", "URL": "http://i.imgur.com/wP0JUxS.jpg", "fileid": "g1162_cmjliy7.jpg"}, {"id": "g1162_cmjnaca", "comment": "[Got rid of the stains](http://i.imgur.com/meyT9cm.png)", "date": "2014-12-02 23:54:18", "seriesname": "g1162_cmjnaca", "file": "/media/jbrogan4/scratch2/Reddit_Prov_Dataset_v6/_lunch_date_with_Lakers_girls_winner/g1162_cmjnaca.png", "URL": "http://i.imgur.com/meyT9cm.png", "fileid": "g1162_cmjnaca.png"}, {"id": "g1162_cmjmeo3", "comment": "Sweet Potato Hoverburger.\n  \nhttp://i.imgur.com/IqDNJzK.jpg", "date": "2014-12-02 23:21:58", "seriesname": "g1162_cmjmeo3", "file": "/media/jbrogan4/scratch2/Reddit_Prov_Dataset_v6/_lunch_date_with_Lakers_girls_winner/g1162_cmjmeo3.jpg", "URL": "http://i.imgur.com/IqDNJzK.jpg", "fileid": "g1162_cmjmeo3.jpg"}, {"id": "g1162_cmjoa1d", "comment": "[Mai Waifu](http://imgur.com/ONWVldB)", "date": "2014-12-03 00:34:43", "seriesname": "g1162_cmjoa1d", "file": "/media/jbrogan4/scratch2/Reddit_Prov_Dataset_v6/_lunch_date_with_Lakers_girls_winner/g1162_cmjoa1d.png", "URL": "http://i.imgur.com/ONWVldB.png", "fileid": "g1162_cmjoa1d.png"}, {"id": "g1162_cmjoalp", "comment": "[untitled](https://i.imgur.com/tvHu2PK.jpg)", "date": "2014-12-03 00:35:23", "seriesname": "g1162_cmjoalp", "file": "/media/jbrogan4/scratch2/Reddit_Prov_Dataset_v6/_lunch_date_with_Lakers_girls_winner/g1162_cmjoalp.jpg", "URL": "https://i.imgur.com/tvHu2PK.jpg", "fileid": "g1162_cmjoalp.jpg"}, {"id": "g1162_cmjn3ll", "comment": "[This](http://i.imgur.com/2OSqUll.jpg) is the version he put on his dating profile.\n\nEdit: Here's [an attempt](http://i.imgur.com/jS8SNwj.jpg) to make him look less like Judge Doom in *Roger Rabbit*,", "date": "2014-12-02 23:47:23", "seriesname": "g1162_cmjn3ll", "file": "/media/jbrogan4/scratch2/Reddit_Prov_Dataset_v6/_lunch_date_with_Lakers_girls_winner/g1162_cmjn3ll.jpg", "URL": "http://i.imgur.com/jS8SNwj.jpg", "fileid": "g1162_cmjn3ll.jpg"}, {"id": "g1162_cmjhvpn", "comment": "[\"I can't wait until the cameras are turned off\"](http://i.imgur.com/iP49BBP.jpg)", "date": "2014-12-02 20:54:57", "seriesname": "g1162_cmjhvpn", "file": "/media/jbrogan4/scratch2/Reddit_Prov_Dataset_v6/_lunch_date_with_Lakers_girls_winner/g1162_cmjhvpn.jpg", "URL": "http://i.imgur.com/iP49BBP.jpg", "fileid": "g1162_cmjhvpn.jpg"}, {"id": "g1162_cmjmzqi", "comment": "http://i.imgur.com/0iSuC4K.jpg", "date": "2014-12-02 23:43:20", "seriesname": "g1162_cmjmzqi", "file": "/media/jbrogan4/scratch2/Reddit_Prov_Dataset_v6/_lunch_date_with_Lakers_girls_winner/g1162_cmjmzqi.jpg", "URL": "http://i.imgur.com/0iSuC4K.jpg", "fileid": "g1162_cmjmzqi.jpg"}, {"id": "g1162_cmjsnr2", "comment": "[Here you go.](http://i.imgur.com/vAVH8WI.jpg)", "date": "2014-12-03 05:15:08", "seriesname": "g1162_cmjsnr2", "file": "/media/jbrogan4/scratch2/Reddit_Prov_Dataset_v6/_lunch_date_with_Lakers_girls_winner/g1162_cmjsnr2.jpg", "URL": "http://i.imgur.com/vAVH8WI.jpg", "fileid": "g1162_cmjsnr2.jpg"}, {"id": "g1162_cmjm9nj", "comment": "[Men in black](http://i.imgur.com/q9ceSso.png)  \n[Men in blue](http://i.imgur.com/snKDQHU.png)", "date": "2014-12-02 23:17:16", "seriesname": "g1162_cmjm9nj", "file": "/media/jbrogan4/scratch2/Reddit_Prov_Dataset_v6/_lunch_date_with_Lakers_girls_winner/g1162_cmjm9nj.png", "URL": "http://i.imgur.com/snKDQHU.png", "fileid": "g1162_cmjm9nj.png"}, {"id": "g1162_cmjt12d", "comment": "[Worst contest ever!](http://i.imgur.com/yHH9Pyd.jpg)", "date": "2014-12-03 05:49:37", "seriesname": "g1162_cmjt12d", "file": "/media/jbrogan4/scratch2/Reddit_Prov_Dataset_v6/_lunch_date_with_Lakers_girls_winner/g1162_cmjt12d.jpg", "URL": "http://i.imgur.com/yHH9Pyd.jpg", "fileid": "g1162_cmjt12d.jpg"}, {"id": "g1162_cmjmxoi", "comment": "[He is eating for 2](http://imgur.com/37sRtgq)", "date": "2014-12-02 23:41:09", "seriesname": "g1162_cmjmxoi", "file": "/media/jbrogan4/scratch2/Reddit_Prov_Dataset_v6/_lunch_date_with_Lakers_girls_winner/g1162_cmjmxoi.png", "URL": "http://i.imgur.com/37sRtgq.png", "fileid": "g1162_cmjmxoi.png"}, {"id": "g1162_cmjk2iq", "comment": "[Face swap](http://i.imgur.com/HbKe9mS.png)", "date": "2014-12-02 22:04:32", "seriesname": "g1162_cmjk2iq", "file": "/media/jbrogan4/scratch2/Reddit_Prov_Dataset_v6/_lunch_date_with_Lakers_girls_winner/g1162_cmjk2iq.png", "URL": "http://i.imgur.com/HbKe9mS.png", "fileid": "g1162_cmjk2iq.png"}, {"id": "g1162_cmjri90", "comment": "&gt;Matt Damon\n \n\n\n[Myatt Damon](http://i.imgur.com/BVATt1O.gif?1)", "date": "2014-12-03 03:36:50", "seriesname": "g1162_cmjri90", "file": "/media/jbrogan4/scratch2/Reddit_Prov_Dataset_v6/_lunch_date_with_Lakers_girls_winner/g1162_cmjri90.jpg", "URL": "http://i.imgur.com/BVATt1O.gif?1", "fileid": "g1162_cmjri90.gif"}, {"id": "g1162_cmjipkm", "comment": "[Jabba](http://i.imgur.com/bPKks0w.jpg)", "date": "2014-12-02 21:21:15", "seriesname": "g1162_cmjipkm", "file": "/media/jbrogan4/scratch2/Reddit_Prov_Dataset_v6/_lunch_date_with_Lakers_girls_winner/g1162_cmjipkm.jpg", "URL": "http://i.imgur.com/bPKks0w.jpg", "fileid": "g1162_cmjipkm.jpg"}, {"id": "g1162_cmjkzfk", "comment": "[We could all be winners](http://imgur.com/e6EUhKa)", "date": "2014-12-02 22:34:06", "seriesname": "g1162_cmjkzfk", "file": "/media/jbrogan4/scratch2/Reddit_Prov_Dataset_v6/_lunch_date_with_Lakers_girls_winner/g1162_cmjkzfk.png", "URL": "http://i.imgur.com/e6EUhKa.png", "fileid": "g1162_cmjkzfk.png"}, {"id": "g1162_cmjq448", "comment": "I hope I'm not too late to the party. https://i.imgur.com/cqcyKVT.jpg ", "date": "2014-12-03 02:04:15", "seriesname": "g1162_cmjq448", "file": "/media/jbrogan4/scratch2/Reddit_Prov_Dataset_v6/_lunch_date_with_Lakers_girls_winner/g1162_cmjq448.jpg", "URL": "https://i.imgur.com/cqcyKVT.jpg", "fileid": "g1162_cmjq448.jpg"}, {"id": "g1162_cmk0tr9", "comment": "[kewwwl](http://i.imgur.com/Ag8BCun.png?1)", "date": "2014-12-03 11:56:34", "seriesname": "g1162_cmk0tr9", "file": "/media/jbrogan4/scratch2/Reddit_Prov_Dataset_v6/_lunch_date_with_Lakers_girls_winner/g1162_cmk0tr9.png", "URL": "http://i.imgur.com/Ag8BCun.png?1", "fileid": "g1162_cmk0tr9.png"}, {"id": "g1162_cmjk4fj", "comment": "You're a terrible person!\n\n\n[...and so am i](http://imgur.com/IDkYmgF)", "date": "2014-12-02 22:06:13", "seriesname": "g1162_cmjk4fj", "file": "/media/jbrogan4/scratch2/Reddit_Prov_Dataset_v6/_lunch_date_with_Lakers_girls_winner/g1162_cmjk4fj.png", "URL": "http://i.imgur.com/IDkYmgF.png", "fileid": "g1162_cmjk4fj.png"}, {"id": "g1162_cmjmnuv", "comment": "You guys are pretty judgemental. [I think he looks fine.](http://i.imgur.com/PfoxeJz.jpg)", "date": "2014-12-02 23:31:18", "seriesname": "g1162_cmjmnuv", "file": "/media/jbrogan4/scratch2/Reddit_Prov_Dataset_v6/_lunch_date_with_Lakers_girls_winner/g1162_cmjmnuv.jpg", "URL": "http://i.imgur.com/PfoxeJz.jpg", "fileid": "g1162_cmjmnuv.jpg"}, {"id": "g1162_cmjlrwn", "comment": "[better?](http://i.imgur.com/nzFTMce.jpg)", "date": "2014-12-02 23:00:17", "seriesname": "g1162_cmjlrwn", "file": "/media/jbrogan4/scratch2/Reddit_Prov_Dataset_v6/_lunch_date_with_Lakers_girls_winner/g1162_cmjlrwn.jpg", "URL": "http://i.imgur.com/nzFTMce.jpg", "fileid": "g1162_cmjlrwn.jpg"}, {"id": "g1162_cmjqw21", "comment": "Faceswap. I wanted to do so much more. http://imgur.com/KUkCdKl", "date": "2014-12-03 02:53:02", "seriesname": "g1162_cmjqw21", "file": "/media/jbrogan4/scratch2/Reddit_Prov_Dataset_v6/_lunch_date_with_Lakers_girls_winner/g1162_cmjqw21.png", "URL": "http://i.imgur.com/KUkCdKl.png", "fileid": "g1162_cmjqw21.png"}, {"id": "g1162_cmjjujq", "comment": "[after](http://i.imgur.com/iBTZvpH.jpg)\n\nedit: thanks for the gold and all the love!", "date": "2014-12-02 21:57:19", "seriesname": "g1162_cmjjujq", "file": "/media/jbrogan4/scratch2/Reddit_Prov_Dataset_v6/_lunch_date_with_Lakers_girls_winner/g1162_cmjjujq.jpg", "URL": "http://i.imgur.com/iBTZvpH.jpg", "fileid": "g1162_cmjjujq.jpg"}, {"id": "g1162_cmjlip4", "comment": "[like a boss](http://i.imgur.com/Bi0rZB7.jpg)", "date": "2014-12-02 22:51:47", "seriesname": "g1162_cmjlip4", "file": "/media/jbrogan4/scratch2/Reddit_Prov_Dataset_v6/_lunch_date_with_Lakers_girls_winner/g1162_cmjlip4.jpg", "URL": "http://i.imgur.com/Bi0rZB7.jpg", "fileid": "g1162_cmjlip4.jpg"}, {"id": "g1162_cmjmvk5", "comment": "[I'm very sorry](http://i.imgur.com/FSJnDPp.jpg)", "date": "2014-12-02 23:39:03", "seriesname": "g1162_cmjmvk5", "file": "/media/jbrogan4/scratch2/Reddit_Prov_Dataset_v6/_lunch_date_with_Lakers_girls_winner/g1162_cmjmvk5.jpg", "URL": "http://i.imgur.com/FSJnDPp.jpg", "fileid": "g1162_cmjmvk5.jpg"}, {"id": "g1162_cmjm3tr", "comment": "[the other way around](http://i.imgur.com/Ddj9TIg.jpg)\n\nsecond winner, taken from [here](http://www.reddit.com/r/photoshopbattles/comments/2o3q0m/psbattle_lunch_date_with_lakers_girls_winner/cmjfoit)", "date": "2014-12-02 23:11:27", "seriesname": "g1162_cmjm3tr", "file": "/media/jbrogan4/scratch2/Reddit_Prov_Dataset_v6/_lunch_date_with_Lakers_girls_winner/g1162_cmjm3tr.jpg", "URL": "http://i.imgur.com/Ddj9TIg.jpg", "fileid": "g1162_cmjm3tr.jpg"}, {"id": "g1162_cmjpaxv", "comment": "Fuck yo' couch.\nhttp://imgur.com/tQ95dPm", "date": "2014-12-03 01:20:45", "seriesname": "g1162_cmjpaxv", "file": "/media/jbrogan4/scratch2/Reddit_Prov_Dataset_v6/_lunch_date_with_Lakers_girls_winner/g1162_cmjpaxv.png", "URL": "http://i.imgur.com/tQ95dPm.png", "fileid": "g1162_cmjpaxv.png"}, {"id": "g1162_cmjmjj2", "comment": "[\u266aBada-bababa\u266a](http://imgur.com/AiL0S7a)", "date": "2014-12-02 23:26:49", "seriesname": "g1162_cmjmjj2", "file": "/media/jbrogan4/scratch2/Reddit_Prov_Dataset_v6/_lunch_date_with_Lakers_girls_winner/g1162_cmjmjj2.png", "URL": "http://i.imgur.com/AiL0S7a.png", "fileid": "g1162_cmjmjj2.png"}, {"id": "g1162_cmjm4ih", "comment": "I've got two of them:\n\nThe obvious one:\nhttp://i.imgur.com/xKERrns.jpg\n\nAnd the all grown up one (SNSFW language):\nhttp://i.imgur.com/LZExoww.jpg", "date": "2014-12-02 23:12:06", "seriesname": "g1162_cmjm4ih", "file": "/media/jbrogan4/scratch2/Reddit_Prov_Dataset_v6/_lunch_date_with_Lakers_girls_winner/g1162_cmjm4ih.jpg", "URL": "http://i.imgur.com/LZExoww.jpg", "fileid": "g1162_cmjm4ih.jpg"}, {"id": "g1162_cmjw9ww", "comment": "[Still unimpressed fisherman](http://i.imgur.com/L6ETkdV.jpg)", "date": "2014-12-03 09:20:57", "seriesname": "g1162_cmjw9ww", "file": "/media/jbrogan4/scratch2/Reddit_Prov_Dataset_v6/_lunch_date_with_Lakers_girls_winner/g1162_cmjw9ww.jpg", "URL": "http://i.imgur.com/L6ETkdV.jpg", "fileid": "g1162_cmjw9ww.jpg"}, {"id": "g1162_cmjn7xj", "comment": "http://i.imgur.com/ndUVwMZ.jpg", "date": "2014-12-02 23:51:49", "seriesname": "g1162_cmjn7xj", "file": "/media/jbrogan4/scratch2/Reddit_Prov_Dataset_v6/_lunch_date_with_Lakers_girls_winner/g1162_cmjn7xj.jpg", "URL": "http://i.imgur.com/ndUVwMZ.jpg", "fileid": "g1162_cmjn7xj.jpg"}, {"id": "g1162_cmjo51f", "comment": "http://i.imgur.com/OdF8pjM.jpg", "date": "2014-12-03 00:28:50", "seriesname": "g1162_cmjo51f", "file": "/media/jbrogan4/scratch2/Reddit_Prov_Dataset_v6/_lunch_date_with_Lakers_girls_winner/g1162_cmjo51f.jpg", "URL": "http://i.imgur.com/OdF8pjM.jpg", "fileid": "g1162_cmjo51f.jpg"}, {"id": "g1162_cmjptyl", "comment": "[Everyone has beauty inside of them](http://i.imgur.com/DzfRM1k.png)  Some of us just need a little photoshop to unlock it.", "date": "2014-12-03 01:48:17", "seriesname": "g1162_cmjptyl", "file": "/media/jbrogan4/scratch2/Reddit_Prov_Dataset_v6/_lunch_date_with_Lakers_girls_winner/g1162_cmjptyl.png", "URL": "http://i.imgur.com/DzfRM1k.png", "fileid": "g1162_cmjptyl.png"}, {"id": "g1162_cmjpdo4", "comment": "http://i.imgur.com/SXmulld.png", "date": "2014-12-03 01:24:27", "seriesname": "g1162_cmjpdo4", "file": "/media/jbrogan4/scratch2/Reddit_Prov_Dataset_v6/_lunch_date_with_Lakers_girls_winner/g1162_cmjpdo4.png", "URL": "http://i.imgur.com/SXmulld.png", "fileid": "g1162_cmjpdo4.png"}, {"id": "g1162_cmjx6fv", "comment": "[Ice King Anyone?](http://imgur.com/9CF2N3f)", "date": "2014-12-03 09:56:53", "seriesname": "g1162_cmjx6fv", "file": "/media/jbrogan4/scratch2/Reddit_Prov_Dataset_v6/_lunch_date_with_Lakers_girls_winner/g1162_cmjx6fv.png", "URL": "http://i.imgur.com/9CF2N3f.png", "fileid": "g1162_cmjx6fv.png"}, {"id": "g1162_cmjmxnj", "comment": "[Real reactions + bonus clean-up!](http://i.imgur.com/aBNqNgo.jpg)", "date": "2014-12-02 23:41:07", "seriesname": "g1162_cmjmxnj", "file": "/media/jbrogan4/scratch2/Reddit_Prov_Dataset_v6/_lunch_date_with_Lakers_girls_winner/g1162_cmjmxnj.jpg", "URL": "http://i.imgur.com/aBNqNgo.jpg", "fileid": "g1162_cmjmxnj.jpg"}, {"id": "g1162_cmjqn0g", "comment": "I believe it's another contest winner. http://i.imgur.com/72ZkAUE.jpg", "date": "2014-12-03 02:36:16", "seriesname": "g1162_cmjqn0g", "file": "/media/jbrogan4/scratch2/Reddit_Prov_Dataset_v6/_lunch_date_with_Lakers_girls_winner/g1162_cmjqn0g.jpg", "URL": "http://i.imgur.com/72ZkAUE.jpg", "fileid": "g1162_cmjqn0g.jpg"}, {"id": "g1162_cmjmyi8", "comment": "[Easy there, big guy!](http://i.imgur.com/HGRv0E3.jpg)", "date": "2014-12-02 23:42:00", "seriesname": "g1162_cmjmyi8", "file": "/media/jbrogan4/scratch2/Reddit_Prov_Dataset_v6/_lunch_date_with_Lakers_girls_winner/g1162_cmjmyi8.jpg", "URL": "http://i.imgur.com/HGRv0E3.jpg", "fileid": "g1162_cmjmyi8.jpg"}, {"id": "g1162_cmjo1nf", "comment": "He must've played those numbers to win again\n\n[4 8 15 16 23 42](http://i.imgur.com/7jc4Ej6.png)", "date": "2014-12-03 00:24:55", "seriesname": "g1162_cmjo1nf", "file": "/media/jbrogan4/scratch2/Reddit_Prov_Dataset_v6/_lunch_date_with_Lakers_girls_winner/g1162_cmjo1nf.png", "URL": "http://i.imgur.com/7jc4Ej6.png", "fileid": "g1162_cmjo1nf.png"}, {"id": "g1162_cmjii06", "comment": "[M'Gentlesir.](http://i.imgur.com/nsLI53u.jpg)", "date": "2014-12-02 21:14:38", "seriesname": "g1162_cmjii06", "file": "/media/jbrogan4/scratch2/Reddit_Prov_Dataset_v6/_lunch_date_with_Lakers_girls_winner/g1162_cmjii06.jpg", "URL": "http://i.imgur.com/nsLI53u.jpg", "fileid": "g1162_cmjii06.jpg"}, {"id": "g1162_root", "comment": "", "date": "2014-12-02 19:35:31", "seriesname": "g1162_root", "file": "/media/jbrogan4/scratch2/Reddit_Prov_Dataset_v6/_lunch_date_with_Lakers_girls_winner/g1162_root.jpg", "URL": "http://i.imgur.com/XfLGuJ4.jpg", "fileid": "g1162_root.jpg"}, {"id": "g1162_cmjmylz", "comment": "[So that's what they were handing out...](http://i.imgur.com/Q4SFlY3.png)", "date": "2014-12-02 23:42:07", "seriesname": "g1162_cmjmylz", "file": "/media/jbrogan4/scratch2/Reddit_Prov_Dataset_v6/_lunch_date_with_Lakers_girls_winner/g1162_cmjmylz.png", "URL": "http://i.imgur.com/Q4SFlY3.png", "fileid": "g1162_cmjmylz.png"}], "graph": {"name": "g1162_root"}, "directed": true}