{"links": [{"op": "none", "target": 0, "source": 10}, {"op": "none", "target": 1, "source": 45}, {"op": "none", "target": 2, "source": 45}, {"op": "none", "target": 3, "source": 21}, {"op": "none", "target": 4, "source": 45}, {"op": "none", "target": 5, "source": 45}, {"op": "none", "target": 6, "source": 45}, {"op": "none", "target": 7, "source": 41}, {"op": "none", "target": 8, "source": 45}, {"op": "none", "target": 9, "source": 45}, {"op": "none", "target": 10, "source": 45}, {"op": "none", "target": 11, "source": 45}, {"op": "none", "target": 12, "source": 45}, {"op": "none", "target": 13, "source": 45}, {"op": "none", "target": 14, "source": 45}, {"op": "none", "target": 15, "source": 0}, {"op": "none", "target": 16, "source": 45}, {"op": "none", "target": 17, "source": 7}, {"op": "none", "target": 18, "source": 45}, {"op": "none", "target": 19, "source": 45}, {"op": "none", "target": 20, "source": 45}, {"op": "none", "target": 21, "source": 45}, {"op": "none", "target": 22, "source": 45}, {"op": "none", "target": 23, "source": 45}, {"op": "none", "target": 24, "source": 45}, {"op": "none", "target": 25, "source": 30}, {"op": "none", "target": 26, "source": 30}, {"op": "none", "target": 27, "source": 45}, {"op": "none", "target": 28, "source": 45}, {"op": "none", "target": 29, "source": 45}, {"op": "none", "target": 30, "source": 45}, {"op": "none", "target": 31, "source": 45}, {"op": "none", "target": 32, "source": 45}, {"op": "none", "target": 33, "source": 45}, {"op": "none", "target": 34, "source": 45}, {"op": "none", "target": 35, "source": 15}, {"op": "none", "target": 36, "source": 45}, {"op": "none", "target": 37, "source": 45}, {"op": "none", "target": 38, "source": 45}, {"op": "none", "target": 39, "source": 45}, {"op": "none", "target": 40, "source": 45}, {"op": "none", "target": 41, "source": 45}, {"op": "none", "target": 42, "source": 41}, {"op": "none", "target": 43, "source": 9}, {"op": "none", "target": 44, "source": 2}, {"op": "none", "target": 46, "source": 45}], "title": "_Ridiculously_photogenic_volleyball_player", "nodes": [{"id": "g1164_ctpzqma", "comment": "[Rum Ham](http://imgur.com/pXdCNar)", "date": "2015-08-03 11:56:59", "seriesname": "g1164_ctpzqma", "file": "/media/jbrogan4/scratch2/Reddit_Prov_Dataset_v6/_Ridiculously_photogenic_volleyball_player/g1164_ctpzqma.png", "URL": "http://i.imgur.com/pXdCNar.png", "fileid": "g1164_ctpzqma.png"}, {"id": "g1164_ctpxfy9", "comment": "[He really had to go!](http://i.imgur.com/aLXDXue.jpg)", "date": "2015-08-03 10:53:39", "seriesname": "g1164_ctpxfy9", "file": "/media/jbrogan4/scratch2/Reddit_Prov_Dataset_v6/_Ridiculously_photogenic_volleyball_player/g1164_ctpxfy9.jpg", "URL": "http://i.imgur.com/aLXDXue.jpg", "fileid": "g1164_ctpxfy9.jpg"}, {"id": "g1164_ctpxl1d", "comment": "[The moment of impact](http://i.imgur.com/fkkJIvE.jpg)", "date": "2015-08-03 10:57:45", "seriesname": "g1164_ctpxl1d", "file": "/media/jbrogan4/scratch2/Reddit_Prov_Dataset_v6/_Ridiculously_photogenic_volleyball_player/g1164_ctpxl1d.jpg", "URL": "http://i.imgur.com/fkkJIvE.jpg", "fileid": "g1164_ctpxl1d.jpg"}, {"id": "g1164_ctpwje2", "comment": "[Rousey'd](http://i.imgur.com/JPGzLWK.jpg)", "date": "2015-08-03 10:26:19", "seriesname": "g1164_ctpwje2", "file": "/media/jbrogan4/scratch2/Reddit_Prov_Dataset_v6/_Ridiculously_photogenic_volleyball_player/g1164_ctpwje2.jpg", "URL": "http://i.imgur.com/JPGzLWK.jpg", "fileid": "g1164_ctpwje2.jpg"}, {"id": "g1164_ctpy8q3", "comment": "[summer fun](http://i.imgur.com/Bnyz0YO.jpg)", "date": "2015-08-03 11:16:33", "seriesname": "g1164_ctpy8q3", "file": "/media/jbrogan4/scratch2/Reddit_Prov_Dataset_v6/_Ridiculously_photogenic_volleyball_player/g1164_ctpy8q3.jpg", "URL": "http://i.imgur.com/Bnyz0YO.jpg", "fileid": "g1164_ctpy8q3.jpg"}, {"id": "g1164_ctpvk4m", "comment": "[Big problems](http://i.imgur.com/JzDpgrs.jpg)", "date": "2015-08-03 09:53:34", "seriesname": "g1164_ctpvk4m", "file": "/media/jbrogan4/scratch2/Reddit_Prov_Dataset_v6/_Ridiculously_photogenic_volleyball_player/g1164_ctpvk4m.jpg", "URL": "http://i.imgur.com/JzDpgrs.jpg", "fileid": "g1164_ctpvk4m.jpg"}, {"id": "g1164_ctpxl5d", "comment": "[too many balls!](http://i.imgur.com/r9QA2zH.jpg)", "date": "2015-08-03 10:57:51", "seriesname": "g1164_ctpxl5d", "file": "/media/jbrogan4/scratch2/Reddit_Prov_Dataset_v6/_Ridiculously_photogenic_volleyball_player/g1164_ctpxl5d.jpg", "URL": "http://i.imgur.com/r9QA2zH.jpg", "fileid": "g1164_ctpxl5d.jpg"}, {"id": "g1164_ctpxh13", "comment": "http://i.imgur.com/kMOqsI0.jpg", "date": "2015-08-03 10:54:28", "seriesname": "g1164_ctpxh13", "file": "/media/jbrogan4/scratch2/Reddit_Prov_Dataset_v6/_Ridiculously_photogenic_volleyball_player/g1164_ctpxh13.jpg", "URL": "http://i.imgur.com/kMOqsI0.jpg", "fileid": "g1164_ctpxh13.jpg"}, {"id": "g1164_ctqblq3", "comment": "http://imgur.com/b5VdfVW\n", "date": "2015-08-03 16:48:26", "seriesname": "g1164_ctqblq3", "file": "/media/jbrogan4/scratch2/Reddit_Prov_Dataset_v6/_Ridiculously_photogenic_volleyball_player/g1164_ctqblq3.png", "URL": "http://i.imgur.com/b5VdfVW.png", "fileid": "g1164_ctqblq3.png"}, {"id": "g1164_ctpy65i", "comment": "[Rodeo](http://i.imgur.com/NLzkyP9.jpg)", "date": "2015-08-03 11:14:32", "seriesname": "g1164_ctpy65i", "file": "/media/jbrogan4/scratch2/Reddit_Prov_Dataset_v6/_Ridiculously_photogenic_volleyball_player/g1164_ctpy65i.jpg", "URL": "http://i.imgur.com/NLzkyP9.jpg", "fileid": "g1164_ctpy65i.jpg"}, {"id": "g1164_ctpt9q2", "comment": "[reunited and it feels so good](http://imgur.com/0BcxmZP)", "date": "2015-08-03 08:19:00", "seriesname": "g1164_ctpt9q2", "file": "/media/jbrogan4/scratch2/Reddit_Prov_Dataset_v6/_Ridiculously_photogenic_volleyball_player/g1164_ctpt9q2.png", "URL": "http://i.imgur.com/0BcxmZP.png", "fileid": "g1164_ctpt9q2.png"}, {"id": "g1164_ctq1xfr", "comment": "http://i.imgur.com/JXu5vSc.jpg", "date": "2015-08-03 12:53:50", "seriesname": "g1164_ctq1xfr", "file": "/media/jbrogan4/scratch2/Reddit_Prov_Dataset_v6/_Ridiculously_photogenic_volleyball_player/g1164_ctq1xfr.jpg", "URL": "http://i.imgur.com/JXu5vSc.jpg", "fileid": "g1164_ctq1xfr.jpg"}, {"id": "g1164_ctq0pfy", "comment": "[When you try to catch the ball your friend throws at you, just as you jump off the diving board.](http://i.imgur.com/IuXf5gi.jpg)\n\n\nAlso sorry for shit shoop, I'm a newbie.", "date": "2015-08-03 12:22:20", "seriesname": "g1164_ctq0pfy", "file": "/media/jbrogan4/scratch2/Reddit_Prov_Dataset_v6/_Ridiculously_photogenic_volleyball_player/g1164_ctq0pfy.jpg", "URL": "http://i.imgur.com/IuXf5gi.jpg", "fileid": "g1164_ctq0pfy.jpg"}, {"id": "g1164_ctq9v5f", "comment": "[You're all so predictable...](http://ilsoe.org/r/Youre_all_so_predictable.JPG)", "date": "2015-08-03 16:06:42", "seriesname": "g1164_ctq9v5f", "file": "/media/jbrogan4/scratch2/Reddit_Prov_Dataset_v6/_Ridiculously_photogenic_volleyball_player/g1164_ctq9v5f.jpg", "URL": "http://ilsoe.org/r/Youre_all_so_predictable.JPG", "fileid": "g1164_ctq9v5f.JPG"}, {"id": "g1164_ctq1r00", "comment": "[...and stay out!](http://imgur.com/hxvhkN4)", "date": "2015-08-03 12:49:12", "seriesname": "g1164_ctq1r00", "file": "/media/jbrogan4/scratch2/Reddit_Prov_Dataset_v6/_Ridiculously_photogenic_volleyball_player/g1164_ctq1r00.png", "URL": "http://i.imgur.com/hxvhkN4.png", "fileid": "g1164_ctq1r00.png"}, {"id": "g1164_ctqdfuy", "comment": "http://i.imgur.com/XFkrdI9.png", "date": "2015-08-03 17:35:02", "seriesname": "g1164_ctqdfuy", "file": "/media/jbrogan4/scratch2/Reddit_Prov_Dataset_v6/_Ridiculously_photogenic_volleyball_player/g1164_ctqdfuy.png", "URL": "http://i.imgur.com/XFkrdI9.png", "fileid": "g1164_ctqdfuy.png"}, {"id": "g1164_ctpzhsz", "comment": "[Rodeo](http://i.imgur.com/MXYAGeW.jpg) ", "date": "2015-08-03 11:50:36", "seriesname": "g1164_ctpzhsz", "file": "/media/jbrogan4/scratch2/Reddit_Prov_Dataset_v6/_Ridiculously_photogenic_volleyball_player/g1164_ctpzhsz.jpg", "URL": "http://i.imgur.com/MXYAGeW.jpg", "fileid": "g1164_ctpzhsz.jpg"}, {"id": "g1164_ctpxpwm", "comment": "http://i.imgur.com/YQlOKFe.jpg", "date": "2015-08-03 11:01:42", "seriesname": "g1164_ctpxpwm", "file": "/media/jbrogan4/scratch2/Reddit_Prov_Dataset_v6/_Ridiculously_photogenic_volleyball_player/g1164_ctpxpwm.jpg", "URL": "http://i.imgur.com/YQlOKFe.jpg", "fileid": "g1164_ctpxpwm.jpg"}, {"id": "g1164_ctq4ezd", "comment": "[Volley X](http://imgur.com/DRDOs6k)", "date": "2015-08-03 13:55:08", "seriesname": "g1164_ctq4ezd", "file": "/media/jbrogan4/scratch2/Reddit_Prov_Dataset_v6/_Ridiculously_photogenic_volleyball_player/g1164_ctq4ezd.png", "URL": "http://i.imgur.com/DRDOs6k.png", "fileid": "g1164_ctq4ezd.png"}, {"id": "g1164_ctpyqo6", "comment": "[Sir Patrick photogenic volleyball player](https://i.imgur.com/QVnxE0i.png)", "date": "2015-08-03 11:30:14", "seriesname": "g1164_ctpyqo6", "file": "/media/jbrogan4/scratch2/Reddit_Prov_Dataset_v6/_Ridiculously_photogenic_volleyball_player/g1164_ctpyqo6.png", "URL": "https://i.imgur.com/QVnxE0i.png", "fileid": "g1164_ctpyqo6.png"}, {"id": "g1164_ctpwv8x", "comment": "[Here's my swisssh!](http://i.imgur.com/UySRttY.jpg)", "date": "2015-08-03 10:36:28", "seriesname": "g1164_ctpwv8x", "file": "/media/jbrogan4/scratch2/Reddit_Prov_Dataset_v6/_Ridiculously_photogenic_volleyball_player/g1164_ctpwv8x.jpg", "URL": "http://i.imgur.com/UySRttY.jpg", "fileid": "g1164_ctpwv8x.jpg"}, {"id": "g1164_ctpvbbg", "comment": "http://i.imgur.com/7PFlB0z.jpg", "date": "2015-08-03 09:45:07", "seriesname": "g1164_ctpvbbg", "file": "/media/jbrogan4/scratch2/Reddit_Prov_Dataset_v6/_Ridiculously_photogenic_volleyball_player/g1164_ctpvbbg.jpg", "URL": "http://i.imgur.com/7PFlB0z.jpg", "fileid": "g1164_ctpvbbg.jpg"}, {"id": "g1164_ctpyta8", "comment": "\n[Superman!](http://i.imgur.com/THtvHGT.png)", "date": "2015-08-03 11:32:15", "seriesname": "g1164_ctpyta8", "file": "/media/jbrogan4/scratch2/Reddit_Prov_Dataset_v6/_Ridiculously_photogenic_volleyball_player/g1164_ctpyta8.png", "URL": "http://i.imgur.com/THtvHGT.png", "fileid": "g1164_ctpyta8.png"}, {"id": "g1164_ctq9uiu", "comment": "[Uncle Phil was not happy](http://imgur.com/cGncM1J) this probably belongs in Paint battles...sorry", "date": "2015-08-03 16:06:16", "seriesname": "g1164_ctq9uiu", "file": "/media/jbrogan4/scratch2/Reddit_Prov_Dataset_v6/_Ridiculously_photogenic_volleyball_player/g1164_ctq9uiu.png", "URL": "http://i.imgur.com/cGncM1J.png", "fileid": "g1164_ctq9uiu.png"}, {"id": "g1164_ctpyg0a", "comment": "First go at this. [Semi-photogenic Wheelbarrow race](http://i.imgur.com/gCHitiW.jpg)", "date": "2015-08-03 11:22:06", "seriesname": "g1164_ctpyg0a", "file": "/media/jbrogan4/scratch2/Reddit_Prov_Dataset_v6/_Ridiculously_photogenic_volleyball_player/g1164_ctpyg0a.jpg", "URL": "http://i.imgur.com/gCHitiW.jpg", "fileid": "g1164_ctpyg0a.jpg"}, {"id": "g1164_ctq7zao", "comment": "[Nom nom nom](http://i.imgur.com/RdnQWyf.png)", "date": "2015-08-03 15:21:50", "seriesname": "g1164_ctq7zao", "file": "/media/jbrogan4/scratch2/Reddit_Prov_Dataset_v6/_Ridiculously_photogenic_volleyball_player/g1164_ctq7zao.png", "URL": "http://i.imgur.com/RdnQWyf.png", "fileid": "g1164_ctq7zao.png"}, {"id": "g1164_ctpyrdf", "comment": "[Fucking shark week...](http://i.imgur.com/Rx9UDjn.jpg)", "date": "2015-08-03 11:30:46", "seriesname": "g1164_ctpyrdf", "file": "/media/jbrogan4/scratch2/Reddit_Prov_Dataset_v6/_Ridiculously_photogenic_volleyball_player/g1164_ctpyrdf.jpg", "URL": "http://i.imgur.com/Rx9UDjn.jpg", "fileid": "g1164_ctpyrdf.jpg"}, {"id": "g1164_ctq4l65", "comment": "Please not my Kanye's ball \nhttp://imgur.com/xhW0Ox0", "date": "2015-08-03 13:59:12", "seriesname": "g1164_ctq4l65", "file": "/media/jbrogan4/scratch2/Reddit_Prov_Dataset_v6/_Ridiculously_photogenic_volleyball_player/g1164_ctq4l65.png", "URL": "http://i.imgur.com/xhW0Ox0.png", "fileid": "g1164_ctq4l65.png"}, {"id": "g1164_ctpx202", "comment": "http://i.imgur.com/5g6H9Sr.jpg", "date": "2015-08-03 10:42:13", "seriesname": "g1164_ctpx202", "file": "/media/jbrogan4/scratch2/Reddit_Prov_Dataset_v6/_Ridiculously_photogenic_volleyball_player/g1164_ctpx202.jpg", "URL": "http://i.imgur.com/5g6H9Sr.jpg", "fileid": "g1164_ctpx202.jpg"}, {"id": "g1164_ctq1y1k", "comment": "[I always knew they were perverts.](https://i.imgur.com/01bpfOc.jpg)", "date": "2015-08-03 12:54:14", "seriesname": "g1164_ctq1y1k", "file": "/media/jbrogan4/scratch2/Reddit_Prov_Dataset_v6/_Ridiculously_photogenic_volleyball_player/g1164_ctq1y1k.jpg", "URL": "https://i.imgur.com/01bpfOc.jpg", "fileid": "g1164_ctq1y1k.jpg"}, {"id": "g1164_ctpxqgt", "comment": "[Glub glub glub](http://i.imgur.com/vFR8JB3.png)", "date": "2015-08-03 11:02:09", "seriesname": "g1164_ctpxqgt", "file": "/media/jbrogan4/scratch2/Reddit_Prov_Dataset_v6/_Ridiculously_photogenic_volleyball_player/g1164_ctpxqgt.png", "URL": "http://i.imgur.com/vFR8JB3.png", "fileid": "g1164_ctpxqgt.png"}, {"id": "g1164_ctpyytp", "comment": "[That's no ball...](http://i.imgur.com/Fz0eCY4.jpg)", "date": "2015-08-03 11:36:26", "seriesname": "g1164_ctpyytp", "file": "/media/jbrogan4/scratch2/Reddit_Prov_Dataset_v6/_Ridiculously_photogenic_volleyball_player/g1164_ctpyytp.jpg", "URL": "http://i.imgur.com/Fz0eCY4.jpg", "fileid": "g1164_ctpyytp.jpg"}, {"id": "g1164_ctpx1id", "comment": "http://i.imgur.com/TG7kyh1.png", "date": "2015-08-03 10:41:50", "seriesname": "g1164_ctpx1id", "file": "/media/jbrogan4/scratch2/Reddit_Prov_Dataset_v6/_Ridiculously_photogenic_volleyball_player/g1164_ctpx1id.png", "URL": "http://i.imgur.com/TG7kyh1.png", "fileid": "g1164_ctpx1id.png"}, {"id": "g1164_ctqirsn", "comment": "[No! It doesn't have a case!](http://i.imgur.com/BBAS8XU.jpg) ", "date": "2015-08-03 20:04:14", "seriesname": "g1164_ctqirsn", "file": "/media/jbrogan4/scratch2/Reddit_Prov_Dataset_v6/_Ridiculously_photogenic_volleyball_player/g1164_ctqirsn.jpg", "URL": "http://i.imgur.com/BBAS8XU.jpg", "fileid": "g1164_ctqirsn.jpg"}, {"id": "g1164_ctq10v8", "comment": "[appreciating that ass](http://i.imgur.com/xDv6tNT.png)", "date": "2015-08-03 12:30:33", "seriesname": "g1164_ctq10v8", "file": "/media/jbrogan4/scratch2/Reddit_Prov_Dataset_v6/_Ridiculously_photogenic_volleyball_player/g1164_ctq10v8.png", "URL": "http://i.imgur.com/xDv6tNT.png", "fileid": "g1164_ctq10v8.png"}, {"id": "g1164_ctqfnn3", "comment": "[Saved by the guidos](http://imgur.com/LmODnsY)", "date": "2015-08-03 18:34:54", "seriesname": "g1164_ctqfnn3", "file": "/media/jbrogan4/scratch2/Reddit_Prov_Dataset_v6/_Ridiculously_photogenic_volleyball_player/g1164_ctqfnn3.png", "URL": "http://i.imgur.com/LmODnsY.png", "fileid": "g1164_ctqfnn3.png"}, {"id": "g1164_ctpy4kq", "comment": "[Just a ball](http://i.imgur.com/s9g3h6x.jpg)", "date": "2015-08-03 11:13:18", "seriesname": "g1164_ctpy4kq", "file": "/media/jbrogan4/scratch2/Reddit_Prov_Dataset_v6/_Ridiculously_photogenic_volleyball_player/g1164_ctpy4kq.jpg", "URL": "http://i.imgur.com/s9g3h6x.jpg", "fileid": "g1164_ctpy4kq.jpg"}, {"id": "g1164_ctpswcq", "comment": "[Playing, playing with the dogs!](http://imgur.com/XUB5Th8)", "date": "2015-08-03 07:59:15", "seriesname": "g1164_ctpswcq", "file": "/media/jbrogan4/scratch2/Reddit_Prov_Dataset_v6/_Ridiculously_photogenic_volleyball_player/g1164_ctpswcq.png", "URL": "http://i.imgur.com/XUB5Th8.png", "fileid": "g1164_ctpswcq.png"}, {"id": "g1164_ctq0ujp", "comment": "[OH MY GOD](http://i.imgur.com/uocDGc8.png)", "date": "2015-08-03 12:26:00", "seriesname": "g1164_ctq0ujp", "file": "/media/jbrogan4/scratch2/Reddit_Prov_Dataset_v6/_Ridiculously_photogenic_volleyball_player/g1164_ctq0ujp.png", "URL": "http://i.imgur.com/uocDGc8.png", "fileid": "g1164_ctq0ujp.png"}, {"id": "g1164_ctq0yts", "comment": "Are we still doing deepdream?\n[deepdream](http://i.imgur.com/hxPIGT8.jpg)", "date": "2015-08-03 12:29:03", "seriesname": "g1164_ctq0yts", "file": "/media/jbrogan4/scratch2/Reddit_Prov_Dataset_v6/_Ridiculously_photogenic_volleyball_player/g1164_ctq0yts.jpg", "URL": "http://i.imgur.com/hxPIGT8.jpg", "fileid": "g1164_ctq0yts.jpg"}, {"id": "g1164_ctq4jb1", "comment": "[One Volleyball to Rule them All](http://i.imgur.com/BizF0mx.jpg)", "date": "2015-08-03 13:58:00", "seriesname": "g1164_ctq4jb1", "file": "/media/jbrogan4/scratch2/Reddit_Prov_Dataset_v6/_Ridiculously_photogenic_volleyball_player/g1164_ctq4jb1.jpg", "URL": "http://i.imgur.com/BizF0mx.jpg", "fileid": "g1164_ctq4jb1.jpg"}, {"id": "g1164_ctpw9yy", "comment": "[I'm so confused!!](http://i.imgur.com/CtgVOvT.jpg)", "date": "2015-08-03 10:17:51", "seriesname": "g1164_ctpw9yy", "file": "/media/jbrogan4/scratch2/Reddit_Prov_Dataset_v6/_Ridiculously_photogenic_volleyball_player/g1164_ctpw9yy.jpg", "URL": "http://i.imgur.com/CtgVOvT.jpg", "fileid": "g1164_ctpw9yy.jpg"}, {"id": "g1164_ctqa5ph", "comment": "[Yeah, me too!](http://i.imgur.com/UNnvxHG.jpg)  \nEdit: this version is much better", "date": "2015-08-03 16:13:46", "seriesname": "g1164_ctqa5ph", "file": "/media/jbrogan4/scratch2/Reddit_Prov_Dataset_v6/_Ridiculously_photogenic_volleyball_player/g1164_ctqa5ph.jpg", "URL": "http://i.imgur.com/UNnvxHG.jpg", "fileid": "g1164_ctqa5ph.jpg"}, {"id": "g1164_ctqbc91", "comment": "[Slim Pickens](http://imgur.com/q6hCP6i)", "date": "2015-08-03 16:42:00", "seriesname": "g1164_ctqbc91", "file": "/media/jbrogan4/scratch2/Reddit_Prov_Dataset_v6/_Ridiculously_photogenic_volleyball_player/g1164_ctqbc91.png", "URL": "http://i.imgur.com/q6hCP6i.png", "fileid": "g1164_ctqbc91.png"}, {"id": "g1164_ctpxwlj", "comment": "http://i.imgur.com/jgYJhls.jpg", "date": "2015-08-03 11:07:05", "seriesname": "g1164_ctpxwlj", "file": "/media/jbrogan4/scratch2/Reddit_Prov_Dataset_v6/_Ridiculously_photogenic_volleyball_player/g1164_ctpxwlj.jpg", "URL": "http://i.imgur.com/jgYJhls.jpg", "fileid": "g1164_ctpxwlj.jpg"}, {"id": "g1164_root", "comment": "", "date": "2015-08-03 07:47:16", "seriesname": "g1164_root", "file": "/media/jbrogan4/scratch2/Reddit_Prov_Dataset_v6/_Ridiculously_photogenic_volleyball_player/g1164_root.jpg", "URL": "http://i.imgur.com/STAqpQ3.jpg", "fileid": "g1164_root.jpg"}, {"id": "g1164_ctqao6e", "comment": "[Aim fail](http://i.imgur.com/bqAfQp4.jpg)", "date": "2015-08-03 16:26:07", "seriesname": "g1164_ctqao6e", "file": "/media/jbrogan4/scratch2/Reddit_Prov_Dataset_v6/_Ridiculously_photogenic_volleyball_player/g1164_ctqao6e.jpg", "URL": "http://i.imgur.com/bqAfQp4.jpg", "fileid": "g1164_ctqao6e.jpg"}], "graph": {"name": "g1164_root"}, "directed": true}