{"links": [{"op": "none", "target": 0, "source": 66}, {"op": "none", "target": 1, "source": 66}, {"op": "none", "target": 2, "source": 66}, {"op": "none", "target": 3, "source": 66}, {"op": "none", "target": 4, "source": 66}, {"op": "none", "target": 5, "source": 61}, {"op": "none", "target": 6, "source": 66}, {"op": "none", "target": 7, "source": 66}, {"op": "none", "target": 8, "source": 66}, {"op": "none", "target": 9, "source": 5}, {"op": "none", "target": 10, "source": 66}, {"op": "none", "target": 11, "source": 66}, {"op": "none", "target": 12, "source": 66}, {"op": "none", "target": 13, "source": 18}, {"op": "none", "target": 14, "source": 66}, {"op": "none", "target": 15, "source": 66}, {"op": "none", "target": 16, "source": 66}, {"op": "none", "target": 17, "source": 66}, {"op": "none", "target": 18, "source": 66}, {"op": "none", "target": 19, "source": 66}, {"op": "none", "target": 20, "source": 66}, {"op": "none", "target": 21, "source": 66}, {"op": "none", "target": 22, "source": 66}, {"op": "none", "target": 23, "source": 66}, {"op": "none", "target": 24, "source": 66}, {"op": "none", "target": 25, "source": 66}, {"op": "none", "target": 26, "source": 66}, {"op": "none", "target": 27, "source": 66}, {"op": "none", "target": 28, "source": 36}, {"op": "none", "target": 29, "source": 66}, {"op": "none", "target": 30, "source": 66}, {"op": "none", "target": 31, "source": 66}, {"op": "none", "target": 32, "source": 66}, {"op": "none", "target": 33, "source": 66}, {"op": "none", "target": 34, "source": 66}, {"op": "none", "target": 35, "source": 66}, {"op": "none", "target": 36, "source": 66}, {"op": "none", "target": 37, "source": 66}, {"op": "none", "target": 38, "source": 66}, {"op": "none", "target": 39, "source": 66}, {"op": "none", "target": 40, "source": 66}, {"op": "none", "target": 41, "source": 66}, {"op": "none", "target": 42, "source": 66}, {"op": "none", "target": 43, "source": 66}, {"op": "none", "target": 44, "source": 66}, {"op": "none", "target": 45, "source": 66}, {"op": "none", "target": 46, "source": 66}, {"op": "none", "target": 47, "source": 66}, {"op": "none", "target": 48, "source": 66}, {"op": "none", "target": 49, "source": 66}, {"op": "none", "target": 50, "source": 66}, {"op": "none", "target": 51, "source": 66}, {"op": "none", "target": 52, "source": 66}, {"op": "none", "target": 53, "source": 66}, {"op": "none", "target": 54, "source": 66}, {"op": "none", "target": 55, "source": 66}, {"op": "none", "target": 56, "source": 66}, {"op": "none", "target": 57, "source": 66}, {"op": "none", "target": 58, "source": 66}, {"op": "none", "target": 59, "source": 66}, {"op": "none", "target": 60, "source": 66}, {"op": "none", "target": 61, "source": 66}, {"op": "none", "target": 62, "source": 66}, {"op": "none", "target": 63, "source": 66}, {"op": "none", "target": 64, "source": 66}, {"op": "none", "target": 65, "source": 66}, {"op": "none", "target": 67, "source": 66}], "title": "_My_friend_intense_drunk_dancing_at_a_wedding", "nodes": [{"id": "g1160_cnyh6vg", "comment": "[Yes, Drum Major!](http://i.imgur.com/Or80vgs.jpg)", "date": "2015-01-23 12:40:07", "seriesname": "g1160_cnyh6vg", "file": "/media/jbrogan4/scratch2/Reddit_Prov_Dataset_v6/_My_friend_intense_drunk_dancing_at_a_wedding/g1160_cnyh6vg.jpg", "URL": "http://i.imgur.com/Or80vgs.jpg", "fileid": "g1160_cnyh6vg.jpg"}, {"id": "g1160_cnydsmz", "comment": "[He's also from the Ministry](http://i.imgur.com/e3T4w0r.jpg)", "date": "2015-01-23 11:09:01", "seriesname": "g1160_cnydsmz", "file": "/media/jbrogan4/scratch2/Reddit_Prov_Dataset_v6/_My_friend_intense_drunk_dancing_at_a_wedding/g1160_cnydsmz.jpg", "URL": "http://i.imgur.com/e3T4w0r.jpg", "fileid": "g1160_cnydsmz.jpg"}, {"id": "g1160_cnynbec", "comment": "http://imgur.com/pKdBIiQ\ni was gonna do a moshpit... but then i felt inspired", "date": "2015-01-23 15:20:47", "seriesname": "g1160_cnynbec", "file": "/media/jbrogan4/scratch2/Reddit_Prov_Dataset_v6/_My_friend_intense_drunk_dancing_at_a_wedding/g1160_cnynbec.png", "URL": "http://i.imgur.com/pKdBIiQ.png", "fileid": "g1160_cnynbec.png"}, {"id": "g1160_cnyq9cw", "comment": "I had a lot of fun making this!!! The Evil Kick!!\n[Imgur](http://i.imgur.com/M8Wotw5.jpg)\n\nHere is the link to the image i used:\nhttp://guemblung.biz/wp-content/uploads/2014/07/boxing-punch-in-the-face-hd-how-not-to-pretend-youre-into-sports-awesome.jpg", "date": "2015-01-23 16:38:17", "seriesname": "g1160_cnyq9cw", "file": "/media/jbrogan4/scratch2/Reddit_Prov_Dataset_v6/_My_friend_intense_drunk_dancing_at_a_wedding/g1160_cnyq9cw.jpg", "URL": "http://guemblung.biz/wp-content/uploads/2014/07/boxing-punch-in-the-face-hd-how-not-to-pretend-youre-into-sports-awesome.jpg", "fileid": "g1160_cnyq9cw.jpg"}, {"id": "g1160_cnyosa3", "comment": "[Sharknado guy?](http://imgur.com/r54ve9e)", "date": "2015-01-23 15:59:24", "seriesname": "g1160_cnyosa3", "file": "/media/jbrogan4/scratch2/Reddit_Prov_Dataset_v6/_My_friend_intense_drunk_dancing_at_a_wedding/g1160_cnyosa3.png", "URL": "http://i.imgur.com/r54ve9e.png", "fileid": "g1160_cnyosa3.png"}, {"id": "g1160_cnyyl0c", "comment": "[Here you go!](http://imgur.com/VyNRgpI)\n\nSorry for the shoddy gif quality", "date": "2015-01-23 20:58:13", "seriesname": "g1160_cnyyl0c", "file": "/media/jbrogan4/scratch2/Reddit_Prov_Dataset_v6/_My_friend_intense_drunk_dancing_at_a_wedding/g1160_cnyyl0c.png", "URL": "http://i.imgur.com/VyNRgpI.png", "fileid": "g1160_cnyyl0c.png"}, {"id": "g1160_cnyys2w", "comment": "http://imgur.com/llwmxSQ\n\nKA-ME-HA-ME-HAAAAAAAAAAAA!!!!!!!!!!!!!!!!!!!!!", "date": "2015-01-23 21:05:05", "seriesname": "g1160_cnyys2w", "file": "/media/jbrogan4/scratch2/Reddit_Prov_Dataset_v6/_My_friend_intense_drunk_dancing_at_a_wedding/g1160_cnyys2w.png", "URL": "http://i.imgur.com/llwmxSQ.png", "fileid": "g1160_cnyys2w.png"}, {"id": "g1160_cnz9c3o", "comment": "[My very first attempt](http://imgur.com/fzjv9xG)", "date": "2015-01-24 06:21:16", "seriesname": "g1160_cnz9c3o", "file": "/media/jbrogan4/scratch2/Reddit_Prov_Dataset_v6/_My_friend_intense_drunk_dancing_at_a_wedding/g1160_cnz9c3o.png", "URL": "http://i.imgur.com/fzjv9xG.png", "fileid": "g1160_cnz9c3o.png"}, {"id": "g1160_cnyoim6", "comment": "[Foot Swap](http://i.imgur.com/RCi77oX.jpg)", "date": "2015-01-23 15:52:35", "seriesname": "g1160_cnyoim6", "file": "/media/jbrogan4/scratch2/Reddit_Prov_Dataset_v6/_My_friend_intense_drunk_dancing_at_a_wedding/g1160_cnyoim6.jpg", "URL": "http://i.imgur.com/RCi77oX.jpg", "fileid": "g1160_cnyoim6.jpg"}, {"id": "g1160_cnyzlyy", "comment": "Hey what did you use? Here's one with paint.net http://i.imgur.com/eApFXTr.gif", "date": "2015-01-23 21:34:10", "seriesname": "g1160_cnyzlyy", "file": "/media/jbrogan4/scratch2/Reddit_Prov_Dataset_v6/_My_friend_intense_drunk_dancing_at_a_wedding/g1160_cnyzlyy.jpg", "URL": "http://i.imgur.com/eApFXTr.gif", "fileid": "g1160_cnyzlyy.gif"}, {"id": "g1160_cnyyrvt", "comment": "[So I made some kind of imp](http://imgur.com/SvZpA6o)", "date": "2015-01-23 21:04:53", "seriesname": "g1160_cnyyrvt", "file": "/media/jbrogan4/scratch2/Reddit_Prov_Dataset_v6/_My_friend_intense_drunk_dancing_at_a_wedding/g1160_cnyyrvt.png", "URL": "http://i.imgur.com/SvZpA6o.png", "fileid": "g1160_cnyyrvt.png"}, {"id": "g1160_cnyijp0", "comment": "[He shoots, he scores!](http://i.imgur.com/hs1hCla.jpg)", "date": "2015-01-23 13:15:47", "seriesname": "g1160_cnyijp0", "file": "/media/jbrogan4/scratch2/Reddit_Prov_Dataset_v6/_My_friend_intense_drunk_dancing_at_a_wedding/g1160_cnyijp0.jpg", "URL": "http://i.imgur.com/hs1hCla.jpg", "fileid": "g1160_cnyijp0.jpg"}, {"id": "g1160_cnyd9un", "comment": "[Can-can](http://i.imgur.com/174Vyvi.jpg)", "date": "2015-01-23 10:53:54", "seriesname": "g1160_cnyd9un", "file": "/media/jbrogan4/scratch2/Reddit_Prov_Dataset_v6/_My_friend_intense_drunk_dancing_at_a_wedding/g1160_cnyd9un.jpg", "URL": "http://i.imgur.com/174Vyvi.jpg", "fileid": "g1160_cnyd9un.jpg"}, {"id": "g1160_cnydt2y", "comment": "[Beer shits](http://i.imgur.com/LvHuT2U.jpg)", "date": "2015-01-23 11:09:21", "seriesname": "g1160_cnydt2y", "file": "/media/jbrogan4/scratch2/Reddit_Prov_Dataset_v6/_My_friend_intense_drunk_dancing_at_a_wedding/g1160_cnydt2y.jpg", "URL": "http://i.imgur.com/LvHuT2U.jpg", "fileid": "g1160_cnydt2y.jpg"}, {"id": "g1160_cnz5ul6", "comment": "http://imgur.com/MXOPlne I took a shot... I'm still a newbie\n", "date": "2015-01-24 01:48:42", "seriesname": "g1160_cnz5ul6", "file": "/media/jbrogan4/scratch2/Reddit_Prov_Dataset_v6/_My_friend_intense_drunk_dancing_at_a_wedding/g1160_cnz5ul6.png", "URL": "http://i.imgur.com/MXOPlne.png", "fileid": "g1160_cnz5ul6.png"}, {"id": "g1160_cnye584", "comment": "[sparta](http://i.imgur.com/dzSDjJN.jpg)", "date": "2015-01-23 11:18:44", "seriesname": "g1160_cnye584", "file": "/media/jbrogan4/scratch2/Reddit_Prov_Dataset_v6/_My_friend_intense_drunk_dancing_at_a_wedding/g1160_cnye584.jpg", "URL": "http://i.imgur.com/dzSDjJN.jpg", "fileid": "g1160_cnye584.jpg"}, {"id": "g1160_cnyhru1", "comment": "[bath time](http://i.imgur.com/d2fa7Zr.jpg)\n\nedit \u2026sorry\u2026NSFW", "date": "2015-01-23 12:55:30", "seriesname": "g1160_cnyhru1", "file": "/media/jbrogan4/scratch2/Reddit_Prov_Dataset_v6/_My_friend_intense_drunk_dancing_at_a_wedding/g1160_cnyhru1.jpg", "URL": "http://i.imgur.com/d2fa7Zr.jpg", "fileid": "g1160_cnyhru1.jpg"}, {"id": "g1160_cnyhos0", "comment": "[Don't Push the Red Button](http://imgur.com/4ae1kBv)", "date": "2015-01-23 12:53:19", "seriesname": "g1160_cnyhos0", "file": "/media/jbrogan4/scratch2/Reddit_Prov_Dataset_v6/_My_friend_intense_drunk_dancing_at_a_wedding/g1160_cnyhos0.png", "URL": "http://i.imgur.com/4ae1kBv.png", "fileid": "g1160_cnyhos0.png"}, {"id": "g1160_cnyd8ec", "comment": "[I have no idea what i'm doing!](http://imgur.com/BsXEq66)", "date": "2015-01-23 10:52:44", "seriesname": "g1160_cnyd8ec", "file": "/media/jbrogan4/scratch2/Reddit_Prov_Dataset_v6/_My_friend_intense_drunk_dancing_at_a_wedding/g1160_cnyd8ec.png", "URL": "http://i.imgur.com/BsXEq66.png", "fileid": "g1160_cnyd8ec.png"}, {"id": "g1160_cnykh7s", "comment": "[Meanwhile on SmackDown!](http://i.imgur.com/jqsgerk.jpg)", "date": "2015-01-23 14:05:51", "seriesname": "g1160_cnykh7s", "file": "/media/jbrogan4/scratch2/Reddit_Prov_Dataset_v6/_My_friend_intense_drunk_dancing_at_a_wedding/g1160_cnykh7s.jpg", "URL": "http://i.imgur.com/jqsgerk.jpg", "fileid": "g1160_cnykh7s.jpg"}, {"id": "g1160_cnyxgr5", "comment": "[For the Win!!!] (http://imgur.com/2qodL3Z) ", "date": "2015-01-23 20:19:58", "seriesname": "g1160_cnyxgr5", "file": "/media/jbrogan4/scratch2/Reddit_Prov_Dataset_v6/_My_friend_intense_drunk_dancing_at_a_wedding/g1160_cnyxgr5.png", "URL": "http://i.imgur.com/2qodL3Z.png", "fileid": "g1160_cnyxgr5.png"}, {"id": "g1160_cnyhf6p", "comment": "[Office party](http://i.imgur.com/NKTgLAz.jpg)", "date": "2015-01-23 12:46:16", "seriesname": "g1160_cnyhf6p", "file": "/media/jbrogan4/scratch2/Reddit_Prov_Dataset_v6/_My_friend_intense_drunk_dancing_at_a_wedding/g1160_cnyhf6p.jpg", "URL": "http://i.imgur.com/NKTgLAz.jpg", "fileid": "g1160_cnyhf6p.jpg"}, {"id": "g1160_cnyegy5", "comment": "[Kung Foo wedding](http://i.imgur.com/cCAze9e.jpg)", "date": "2015-01-23 11:27:35", "seriesname": "g1160_cnyegy5", "file": "/media/jbrogan4/scratch2/Reddit_Prov_Dataset_v6/_My_friend_intense_drunk_dancing_at_a_wedding/g1160_cnyegy5.jpg", "URL": "http://i.imgur.com/cCAze9e.jpg", "fileid": "g1160_cnyegy5.jpg"}, {"id": "g1160_cnytns2", "comment": "[Lets mosh bro!](http://imgur.com/B5F0Rai)", "date": "2015-01-23 18:15:08", "seriesname": "g1160_cnytns2", "file": "/media/jbrogan4/scratch2/Reddit_Prov_Dataset_v6/_My_friend_intense_drunk_dancing_at_a_wedding/g1160_cnytns2.png", "URL": "http://i.imgur.com/B5F0Rai.png", "fileid": "g1160_cnytns2.png"}, {"id": "g1160_cnyk0aw", "comment": "[Halt!](http://imgur.com/AMDP582)", "date": "2015-01-23 13:53:37", "seriesname": "g1160_cnyk0aw", "file": "/media/jbrogan4/scratch2/Reddit_Prov_Dataset_v6/_My_friend_intense_drunk_dancing_at_a_wedding/g1160_cnyk0aw.png", "URL": "http://i.imgur.com/AMDP582.png", "fileid": "g1160_cnyk0aw.png"}, {"id": "g1160_cnyengt", "comment": "Drunk Midget on the way to his post http://i.imgur.com/gfOAKf8.jpg", "date": "2015-01-23 11:32:30", "seriesname": "g1160_cnyengt", "file": "/media/jbrogan4/scratch2/Reddit_Prov_Dataset_v6/_My_friend_intense_drunk_dancing_at_a_wedding/g1160_cnyengt.jpg", "URL": "http://i.imgur.com/gfOAKf8.jpg", "fileid": "g1160_cnyengt.jpg"}, {"id": "g1160_cnyhsp1", "comment": "http://i.imgur.com/ygRpOWR.jpg", "date": "2015-01-23 12:56:08", "seriesname": "g1160_cnyhsp1", "file": "/media/jbrogan4/scratch2/Reddit_Prov_Dataset_v6/_My_friend_intense_drunk_dancing_at_a_wedding/g1160_cnyhsp1.jpg", "URL": "http://i.imgur.com/ygRpOWR.jpg", "fileid": "g1160_cnyhsp1.jpg"}, {"id": "g1160_cnypwxl", "comment": "[Comrade](http://imgur.com/PEMEMt0) Ivan gets all the Women!", "date": "2015-01-23 16:29:12", "seriesname": "g1160_cnypwxl", "file": "/media/jbrogan4/scratch2/Reddit_Prov_Dataset_v6/_My_friend_intense_drunk_dancing_at_a_wedding/g1160_cnypwxl.png", "URL": "http://i.imgur.com/PEMEMt0.png", "fileid": "g1160_cnypwxl.png"}, {"id": "g1160_cnyrqn9", "comment": "Here's the original: http://i.imgur.com/mwm0u9J.jpg", "date": "2015-01-23 17:19:23", "seriesname": "g1160_cnyrqn9", "file": "/media/jbrogan4/scratch2/Reddit_Prov_Dataset_v6/_My_friend_intense_drunk_dancing_at_a_wedding/g1160_cnyrqn9.jpg", "URL": "http://i.imgur.com/mwm0u9J.jpg", "fileid": "g1160_cnyrqn9.jpg"}, {"id": "g1160_cnygy1x", "comment": "[Quailman?](http://i.imgur.com/QdKn4DK.jpg)", "date": "2015-01-23 12:33:38", "seriesname": "g1160_cnygy1x", "file": "/media/jbrogan4/scratch2/Reddit_Prov_Dataset_v6/_My_friend_intense_drunk_dancing_at_a_wedding/g1160_cnygy1x.jpg", "URL": "http://i.imgur.com/QdKn4DK.jpg", "fileid": "g1160_cnygy1x.jpg"}, {"id": "g1160_cnz7ijp", "comment": "[Super Secret Agent Kung Fu Master Sneak Attack Assassin American Hero!!!!](http://i.imgur.com/u5EvQVH.jpg)  ", "date": "2015-01-24 03:38:35", "seriesname": "g1160_cnz7ijp", "file": "/media/jbrogan4/scratch2/Reddit_Prov_Dataset_v6/_My_friend_intense_drunk_dancing_at_a_wedding/g1160_cnz7ijp.jpg", "URL": "http://i.imgur.com/u5EvQVH.jpg", "fileid": "g1160_cnz7ijp.jpg"}, {"id": "g1160_cnyo13n", "comment": "[one does not simply walk into mordor](http://imgur.com/KGbX38K)\n\nPS: sorry about the quality", "date": "2015-01-23 15:39:42", "seriesname": "g1160_cnyo13n", "file": "/media/jbrogan4/scratch2/Reddit_Prov_Dataset_v6/_My_friend_intense_drunk_dancing_at_a_wedding/g1160_cnyo13n.png", "URL": "http://i.imgur.com/KGbX38K.png", "fileid": "g1160_cnyo13n.png"}, {"id": "g1160_cnzwc60", "comment": "[Karate Kid](http://i.imgur.com/u5BlfsP.jpg?1)", "date": "2015-01-24 21:40:46", "seriesname": "g1160_cnzwc60", "file": "/media/jbrogan4/scratch2/Reddit_Prov_Dataset_v6/_My_friend_intense_drunk_dancing_at_a_wedding/g1160_cnzwc60.jpg", "URL": "http://i.imgur.com/u5BlfsP.jpg?1", "fileid": "g1160_cnzwc60.jpg"}, {"id": "g1160_cnymxo0", "comment": "[Worse than Elaine??](http://imgur.com/xi9Px4R)", "date": "2015-01-23 15:10:35", "seriesname": "g1160_cnymxo0", "file": "/media/jbrogan4/scratch2/Reddit_Prov_Dataset_v6/_My_friend_intense_drunk_dancing_at_a_wedding/g1160_cnymxo0.png", "URL": "http://i.imgur.com/xi9Px4R.png", "fileid": "g1160_cnymxo0.png"}, {"id": "g1160_cnz0rrv", "comment": "Drunken Friend's Holiday: http://i.imgur.com/4R3F2Kb.jpg", "date": "2015-01-23 22:16:33", "seriesname": "g1160_cnz0rrv", "file": "/media/jbrogan4/scratch2/Reddit_Prov_Dataset_v6/_My_friend_intense_drunk_dancing_at_a_wedding/g1160_cnz0rrv.jpg", "URL": "http://i.imgur.com/4R3F2Kb.jpg", "fileid": "g1160_cnz0rrv.jpg"}, {"id": "g1160_cnyf5ud", "comment": "[The ministry approves](http://i.imgur.com/ooZvVkl.png)", "date": "2015-01-23 11:46:15", "seriesname": "g1160_cnyf5ud", "file": "/media/jbrogan4/scratch2/Reddit_Prov_Dataset_v6/_My_friend_intense_drunk_dancing_at_a_wedding/g1160_cnyf5ud.png", "URL": "http://i.imgur.com/ooZvVkl.png", "fileid": "g1160_cnyf5ud.png"}, {"id": "g1160_cnyfyb3", "comment": "[Eh, big fucking deal](http://imgur.com/E2sTBZ3.jpg).", "date": "2015-01-23 12:07:29", "seriesname": "g1160_cnyfyb3", "file": "/media/jbrogan4/scratch2/Reddit_Prov_Dataset_v6/_My_friend_intense_drunk_dancing_at_a_wedding/g1160_cnyfyb3.jpg", "URL": "http://imgur.com/E2sTBZ3.jpg).", "fileid": "g1160_cnyfyb3."}, {"id": "g1160_cnyk3l2", "comment": "[this is silly](http://imgur.com/6ES0UKY)", "date": "2015-01-23 13:55:56", "seriesname": "g1160_cnyk3l2", "file": "/media/jbrogan4/scratch2/Reddit_Prov_Dataset_v6/_My_friend_intense_drunk_dancing_at_a_wedding/g1160_cnyk3l2.png", "URL": "http://i.imgur.com/6ES0UKY.png", "fileid": "g1160_cnyk3l2.png"}, {"id": "g1160_cnyh4je", "comment": "I know. I remember when I first saw this image (way back on my Fark days) I thought someone had photoshopped the same face on all the guys in the background, because everyone had the same horrified look. \n\nEDIT: To all the old Fark people, I give you my small contribution to that site:\n\nhttp://i.imgur.com/57WrnhT.jpg", "date": "2015-01-23 12:38:23", "seriesname": "g1160_cnyh4je", "file": "/media/jbrogan4/scratch2/Reddit_Prov_Dataset_v6/_My_friend_intense_drunk_dancing_at_a_wedding/g1160_cnyh4je.jpg", "URL": "http://i.imgur.com/57WrnhT.jpg", "fileid": "g1160_cnyh4je.jpg"}, {"id": "g1160_cnyea5s", "comment": "[GOOOOALLLLL!!!!] (http://i.imgur.com/Z1ZxiZa.jpg)", "date": "2015-01-23 11:22:32", "seriesname": "g1160_cnyea5s", "file": "/media/jbrogan4/scratch2/Reddit_Prov_Dataset_v6/_My_friend_intense_drunk_dancing_at_a_wedding/g1160_cnyea5s.jpg", "URL": "http://i.imgur.com/Z1ZxiZa.jpg", "fileid": "g1160_cnyea5s.jpg"}, {"id": "g1160_cnyfdbf", "comment": "[Karate Kid](http://imgur.com/tFVKXGq)", "date": "2015-01-23 11:51:49", "seriesname": "g1160_cnyfdbf", "file": "/media/jbrogan4/scratch2/Reddit_Prov_Dataset_v6/_My_friend_intense_drunk_dancing_at_a_wedding/g1160_cnyfdbf.png", "URL": "http://i.imgur.com/tFVKXGq.png", "fileid": "g1160_cnyfdbf.png"}, {"id": "g1160_cnydhz1", "comment": "[Joining in with the ceremony](http://imgur.com/2qvAv4R)", "date": "2015-01-23 11:00:33", "seriesname": "g1160_cnydhz1", "file": "/media/jbrogan4/scratch2/Reddit_Prov_Dataset_v6/_My_friend_intense_drunk_dancing_at_a_wedding/g1160_cnydhz1.png", "URL": "http://i.imgur.com/2qvAv4R.png", "fileid": "g1160_cnydhz1.png"}, {"id": "g1160_cnyvbvh", "comment": "[Freeze F.B.I.](http://i.imgur.com/UUgSPp8.png)", "date": "2015-01-23 19:08:25", "seriesname": "g1160_cnyvbvh", "file": "/media/jbrogan4/scratch2/Reddit_Prov_Dataset_v6/_My_friend_intense_drunk_dancing_at_a_wedding/g1160_cnyvbvh.png", "URL": "http://i.imgur.com/UUgSPp8.png", "fileid": "g1160_cnyvbvh.png"}, {"id": "g1160_cnym18f", "comment": "[Do I woot the shite brah?](http://imgur.com/1hXEHGs)", "date": "2015-01-23 14:46:47", "seriesname": "g1160_cnym18f", "file": "/media/jbrogan4/scratch2/Reddit_Prov_Dataset_v6/_My_friend_intense_drunk_dancing_at_a_wedding/g1160_cnym18f.png", "URL": "http://i.imgur.com/1hXEHGs.png", "fileid": "g1160_cnym18f.png"}, {"id": "g1160_cnyc0tc", "comment": "[The evil eye of disapproval](http://i.imgur.com/2Lulam5.jpg)", "date": "2015-01-23 10:16:04", "seriesname": "g1160_cnyc0tc", "file": "/media/jbrogan4/scratch2/Reddit_Prov_Dataset_v6/_My_friend_intense_drunk_dancing_at_a_wedding/g1160_cnyc0tc.jpg", "URL": "http://i.imgur.com/2Lulam5.jpg", "fileid": "g1160_cnyc0tc.jpg"}, {"id": "g1160_cnyre3c", "comment": "[How about those Patriots?](http://imgur.com/jUpIuEs)", "date": "2015-01-23 17:09:12", "seriesname": "g1160_cnyre3c", "file": "/media/jbrogan4/scratch2/Reddit_Prov_Dataset_v6/_My_friend_intense_drunk_dancing_at_a_wedding/g1160_cnyre3c.png", "URL": "http://i.imgur.com/jUpIuEs.png", "fileid": "g1160_cnyre3c.png"}, {"id": "g1160_cnytz8f", "comment": "[Marching for Glorious Leader Kim Jong Un](http://imgur.com/ODGB0IM)", "date": "2015-01-23 18:25:03", "seriesname": "g1160_cnytz8f", "file": "/media/jbrogan4/scratch2/Reddit_Prov_Dataset_v6/_My_friend_intense_drunk_dancing_at_a_wedding/g1160_cnytz8f.png", "URL": "http://i.imgur.com/ODGB0IM.png", "fileid": "g1160_cnytz8f.png"}, {"id": "g1160_cnyu0zn", "comment": "[It seems your friend is quite... well endowed?](http://imgur.com/FCTbTyu)", "date": "2015-01-23 18:26:36", "seriesname": "g1160_cnyu0zn", "file": "/media/jbrogan4/scratch2/Reddit_Prov_Dataset_v6/_My_friend_intense_drunk_dancing_at_a_wedding/g1160_cnyu0zn.png", "URL": "http://i.imgur.com/FCTbTyu.png", "fileid": "g1160_cnyu0zn.png"}, {"id": "g1160_cnyp5bn", "comment": "Laces out!\nhttp://imgur.com/AQLCBGo", "date": "2015-01-23 16:08:55", "seriesname": "g1160_cnyp5bn", "file": "/media/jbrogan4/scratch2/Reddit_Prov_Dataset_v6/_My_friend_intense_drunk_dancing_at_a_wedding/g1160_cnyp5bn.png", "URL": "http://i.imgur.com/AQLCBGo.png", "fileid": "g1160_cnyp5bn.png"}, {"id": "g1160_cnypiq6", "comment": "THIS! IS! MY! FRIENDS! WEEDDDDING! http://i.imgur.com/RypQiDX.png", "date": "2015-01-23 16:18:49", "seriesname": "g1160_cnypiq6", "file": "/media/jbrogan4/scratch2/Reddit_Prov_Dataset_v6/_My_friend_intense_drunk_dancing_at_a_wedding/g1160_cnypiq6.png", "URL": "http://i.imgur.com/RypQiDX.png", "fileid": "g1160_cnypiq6.png"}, {"id": "g1160_cnygra3", "comment": "[\"Don't look at us like that, Cat! We just wanted to have a boys night out.\"](http://i.imgur.com/pDOgHXb.jpg)", "date": "2015-01-23 12:28:41", "seriesname": "g1160_cnygra3", "file": "/media/jbrogan4/scratch2/Reddit_Prov_Dataset_v6/_My_friend_intense_drunk_dancing_at_a_wedding/g1160_cnygra3.jpg", "URL": "http://i.imgur.com/pDOgHXb.jpg", "fileid": "g1160_cnygra3.jpg"}, {"id": "g1160_cnz3tkb", "comment": "[SUPER ACTION OFFICE KUNG FU SHOWTIME! THE MOVIE. Coming to theatres near you in 2063!](http://imgur.com/mnYZDVe)", "date": "2015-01-24 00:13:49", "seriesname": "g1160_cnz3tkb", "file": "/media/jbrogan4/scratch2/Reddit_Prov_Dataset_v6/_My_friend_intense_drunk_dancing_at_a_wedding/g1160_cnz3tkb.png", "URL": "http://i.imgur.com/mnYZDVe.png", "fileid": "g1160_cnz3tkb.png"}, {"id": "g1160_cnydqu3", "comment": "[Unnecessary censorship.](http://i.imgur.com/wQbonv6.png)", "date": "2015-01-23 11:07:36", "seriesname": "g1160_cnydqu3", "file": "/media/jbrogan4/scratch2/Reddit_Prov_Dataset_v6/_My_friend_intense_drunk_dancing_at_a_wedding/g1160_cnydqu3.png", "URL": "http://i.imgur.com/wQbonv6.png", "fileid": "g1160_cnydqu3.png"}, {"id": "g1160_cnyethg", "comment": "[Who invited this guy? \"Hey Hitler high five\"](http://i.imgur.com/iDcYp4S.png)", "date": "2015-01-23 11:37:01", "seriesname": "g1160_cnyethg", "file": "/media/jbrogan4/scratch2/Reddit_Prov_Dataset_v6/_My_friend_intense_drunk_dancing_at_a_wedding/g1160_cnyethg.png", "URL": "http://i.imgur.com/iDcYp4S.png", "fileid": "g1160_cnyethg.png"}, {"id": "g1160_cnyfd48", "comment": "[a new challenger approaches](http://i.imgur.com/ry71swz.jpg)", "date": "2015-01-23 11:51:39", "seriesname": "g1160_cnyfd48", "file": "/media/jbrogan4/scratch2/Reddit_Prov_Dataset_v6/_My_friend_intense_drunk_dancing_at_a_wedding/g1160_cnyfd48.jpg", "URL": "http://i.imgur.com/ry71swz.jpg", "fileid": "g1160_cnyfd48.jpg"}, {"id": "g1160_cnyi9li", "comment": "[UHF Part Deux](http://i.imgur.com/RvwlPMp.jpg)", "date": "2015-01-23 13:08:28", "seriesname": "g1160_cnyi9li", "file": "/media/jbrogan4/scratch2/Reddit_Prov_Dataset_v6/_My_friend_intense_drunk_dancing_at_a_wedding/g1160_cnyi9li.jpg", "URL": "http://i.imgur.com/RvwlPMp.jpg", "fileid": "g1160_cnyi9li.jpg"}, {"id": "g1160_cnz8ut7", "comment": "http://imgur.com/7SygU8q i think they should do more in depth background checks on who is protecting the country.... ", "date": "2015-01-24 05:34:35", "seriesname": "g1160_cnz8ut7", "file": "/media/jbrogan4/scratch2/Reddit_Prov_Dataset_v6/_My_friend_intense_drunk_dancing_at_a_wedding/g1160_cnz8ut7.png", "URL": "http://i.imgur.com/7SygU8q.png", "fileid": "g1160_cnz8ut7.png"}, {"id": "g1160_cnybslx", "comment": "[UFC](http://i.imgur.com/H4YEY01.jpg)", "date": "2015-01-23 10:08:48", "seriesname": "g1160_cnybslx", "file": "/media/jbrogan4/scratch2/Reddit_Prov_Dataset_v6/_My_friend_intense_drunk_dancing_at_a_wedding/g1160_cnybslx.jpg", "URL": "http://i.imgur.com/H4YEY01.jpg", "fileid": "g1160_cnybslx.jpg"}, {"id": "g1160_cnymp61", "comment": "[Comin' at ya!](http://imgur.com/JaUfil9)", "date": "2015-01-23 15:04:18", "seriesname": "g1160_cnymp61", "file": "/media/jbrogan4/scratch2/Reddit_Prov_Dataset_v6/_My_friend_intense_drunk_dancing_at_a_wedding/g1160_cnymp61.png", "URL": "http://i.imgur.com/JaUfil9.png", "fileid": "g1160_cnymp61.png"}, {"id": "g1160_cnyjbn0", "comment": "[Hello, bitches!](https://i.imgur.com/IGnoctc.png)", "date": "2015-01-23 13:35:44", "seriesname": "g1160_cnyjbn0", "file": "/media/jbrogan4/scratch2/Reddit_Prov_Dataset_v6/_My_friend_intense_drunk_dancing_at_a_wedding/g1160_cnyjbn0.png", "URL": "https://i.imgur.com/IGnoctc.png", "fileid": "g1160_cnyjbn0.png"}, {"id": "g1160_cnyj1f4", "comment": "North Korean army tryouts?\nhttp://i.imgur.com/XDXvRxI.jpg", "date": "2015-01-23 13:28:28", "seriesname": "g1160_cnyj1f4", "file": "/media/jbrogan4/scratch2/Reddit_Prov_Dataset_v6/_My_friend_intense_drunk_dancing_at_a_wedding/g1160_cnyj1f4.jpg", "URL": "http://i.imgur.com/XDXvRxI.jpg", "fileid": "g1160_cnyj1f4.jpg"}, {"id": "g1160_cnyg7kc", "comment": "[Feelin' Gru-vy](http://imgur.com/XCQhbdJ)\n\nEdit: [Let there be lights](http://imgur.com/5rVW7qq)\n\nEdit2: I have had very little experience in making gifs but since people are calling for animation I thought I would give it a try.http://imgur.com/UIzqVU3", "date": "2015-01-23 12:14:18", "seriesname": "g1160_cnyg7kc", "file": "/media/jbrogan4/scratch2/Reddit_Prov_Dataset_v6/_My_friend_intense_drunk_dancing_at_a_wedding/g1160_cnyg7kc.png", "URL": "http://i.imgur.com/UIzqVU3.png", "fileid": "g1160_cnyg7kc.png"}, {"id": "g1160_cnyzh4y", "comment": "[What a deal!](http://imgur.com/qrF8C9d)", "date": "2015-01-23 21:29:23", "seriesname": "g1160_cnyzh4y", "file": "/media/jbrogan4/scratch2/Reddit_Prov_Dataset_v6/_My_friend_intense_drunk_dancing_at_a_wedding/g1160_cnyzh4y.png", "URL": "http://i.imgur.com/qrF8C9d.png", "fileid": "g1160_cnyzh4y.png"}, {"id": "g1160_cnykdhj", "comment": "[\"...and for my next trick...\"](http://i.imgur.com/CXO92TM.gif)", "date": "2015-01-23 14:03:07", "seriesname": "g1160_cnykdhj", "file": "/media/jbrogan4/scratch2/Reddit_Prov_Dataset_v6/_My_friend_intense_drunk_dancing_at_a_wedding/g1160_cnykdhj.jpg", "URL": "http://i.imgur.com/CXO92TM.gif", "fileid": "g1160_cnykdhj.gif"}, {"id": "g1160_cnzf4jb", "comment": "[Better Than Jordan] (http://imgur.com/m550aRR)", "date": "2015-01-24 11:51:11", "seriesname": "g1160_cnzf4jb", "file": "/media/jbrogan4/scratch2/Reddit_Prov_Dataset_v6/_My_friend_intense_drunk_dancing_at_a_wedding/g1160_cnzf4jb.png", "URL": "http://i.imgur.com/m550aRR.png", "fileid": "g1160_cnzf4jb.png"}, {"id": "g1160_cnynvtx", "comment": "[I've had enough of your shit, Dave!](http://imgur.com/lCDkDef)", "date": "2015-01-23 15:35:46", "seriesname": "g1160_cnynvtx", "file": "/media/jbrogan4/scratch2/Reddit_Prov_Dataset_v6/_My_friend_intense_drunk_dancing_at_a_wedding/g1160_cnynvtx.png", "URL": "http://i.imgur.com/lCDkDef.png", "fileid": "g1160_cnynvtx.png"}, {"id": "g1160_root", "comment": "", "date": "2015-01-23 09:30:06", "seriesname": "g1160_root", "file": "/media/jbrogan4/scratch2/Reddit_Prov_Dataset_v6/_My_friend_intense_drunk_dancing_at_a_wedding/g1160_root.jpg", "URL": "http://i.imgur.com/UbVIl1e.jpg", "fileid": "g1160_root.jpg"}, {"id": "g1160_cnyeqo1", "comment": "[Probably would have made the movie better](http://i.imgur.com/KSH60WD.jpg)", "date": "2015-01-23 11:34:54", "seriesname": "g1160_cnyeqo1", "file": "/media/jbrogan4/scratch2/Reddit_Prov_Dataset_v6/_My_friend_intense_drunk_dancing_at_a_wedding/g1160_cnyeqo1.jpg", "URL": "http://i.imgur.com/KSH60WD.jpg", "fileid": "g1160_cnyeqo1.jpg"}], "graph": {"name": "g1160_root"}, "directed": true}