{"links": [{"op": "none", "target": 0, "source": 43}, {"op": "none", "target": 1, "source": 35}, {"op": "none", "target": 2, "source": 35}, {"op": "none", "target": 3, "source": 35}, {"op": "none", "target": 4, "source": 27}, {"op": "none", "target": 5, "source": 29}, {"op": "none", "target": 6, "source": 35}, {"op": "none", "target": 7, "source": 35}, {"op": "none", "target": 8, "source": 35}, {"op": "none", "target": 9, "source": 35}, {"op": "none", "target": 10, "source": 0}, {"op": "none", "target": 11, "source": 35}, {"op": "none", "target": 12, "source": 35}, {"op": "none", "target": 13, "source": 6}, {"op": "none", "target": 14, "source": 31}, {"op": "none", "target": 15, "source": 18}, {"op": "none", "target": 16, "source": 35}, {"op": "none", "target": 17, "source": 0}, {"op": "none", "target": 18, "source": 6}, {"op": "none", "target": 19, "source": 35}, {"op": "none", "target": 20, "source": 35}, {"op": "none", "target": 21, "source": 35}, {"op": "none", "target": 22, "source": 31}, {"op": "none", "target": 23, "source": 35}, {"op": "none", "target": 24, "source": 6}, {"op": "none", "target": 25, "source": 35}, {"op": "none", "target": 26, "source": 35}, {"op": "none", "target": 27, "source": 35}, {"op": "none", "target": 28, "source": 39}, {"op": "none", "target": 29, "source": 2}, {"op": "none", "target": 30, "source": 35}, {"op": "none", "target": 31, "source": 35}, {"op": "none", "target": 32, "source": 39}, {"op": "none", "target": 33, "source": 3}, {"op": "none", "target": 34, "source": 35}, {"op": "none", "target": 36, "source": 35}, {"op": "none", "target": 37, "source": 35}, {"op": "none", "target": 38, "source": 9}, {"op": "none", "target": 39, "source": 35}, {"op": "none", "target": 40, "source": 35}, {"op": "none", "target": 41, "source": 15}, {"op": "none", "target": 42, "source": 0}, {"op": "none", "target": 43, "source": 41}, {"op": "none", "target": 44, "source": 5}, {"op": "none", "target": 45, "source": 35}], "title": "_Bride_cutting_through_her_chastity_belt", "nodes": [{"id": "g1168_cubuuyz", "comment": "**[FTFY^v2](http://i.imgur.com/cAg5glE.jpg)**", "date": "2015-08-22 11:34:20", "seriesname": "g1168_cubuuyz", "file": "/media/jbrogan4/scratch2/Reddit_Prov_Dataset_v6/_Bride_cutting_through_her_chastity_belt/g1168_cubuuyz.jpg", "URL": "http://i.imgur.com/cAg5glE.jpg)**", "fileid": "g1168_cubuuyz.jpg**"}, {"id": "g1168_cubtr3i", "comment": "[Hurr](http://i.imgur.com/0co4Isw.png)", "date": "2015-08-22 10:56:52", "seriesname": "g1168_cubtr3i", "file": "/media/jbrogan4/scratch2/Reddit_Prov_Dataset_v6/_Bride_cutting_through_her_chastity_belt/g1168_cubtr3i.png", "URL": "http://i.imgur.com/0co4Isw.png", "fileid": "g1168_cubtr3i.png"}, {"id": "g1168_cubrl3x", "comment": "[This is](http://i.imgur.com/vPiRW6u.png) really bad.\n\nI can't spend any more time\n\ndealing with this one.", "date": "2015-08-22 09:33:30", "seriesname": "g1168_cubrl3x", "file": "/media/jbrogan4/scratch2/Reddit_Prov_Dataset_v6/_Bride_cutting_through_her_chastity_belt/g1168_cubrl3x.png", "URL": "http://i.imgur.com/vPiRW6u.png", "fileid": "g1168_cubrl3x.png"}, {"id": "g1168_cubv6b8", "comment": "http://i.imgur.com/ladBjIX.jpg", "date": "2015-08-22 11:44:12", "seriesname": "g1168_cubv6b8", "file": "/media/jbrogan4/scratch2/Reddit_Prov_Dataset_v6/_Bride_cutting_through_her_chastity_belt/g1168_cubv6b8.jpg", "URL": "http://i.imgur.com/ladBjIX.jpg", "fileid": "g1168_cubv6b8.jpg"}, {"id": "g1168_cucjfq9", "comment": "[If we're really going to go there...](http://i.imgur.com/Z6DzXSh.jpg)", "date": "2015-08-23 00:49:13", "seriesname": "g1168_cucjfq9", "file": "/media/jbrogan4/scratch2/Reddit_Prov_Dataset_v6/_Bride_cutting_through_her_chastity_belt/g1168_cucjfq9.jpg", "URL": "http://i.imgur.com/Z6DzXSh.jpg", "fileid": "g1168_cucjfq9.jpg"}, {"id": "g1168_cubtifc", "comment": "[I dunno.](http://i.imgur.com/EhVtgrT.jpg)", "date": "2015-08-22 10:48:31", "seriesname": "g1168_cubtifc", "file": "/media/jbrogan4/scratch2/Reddit_Prov_Dataset_v6/_Bride_cutting_through_her_chastity_belt/g1168_cubtifc.jpg", "URL": "http://i.imgur.com/EhVtgrT.jpg", "fileid": "g1168_cubtifc.jpg"}, {"id": "g1168_cubssyu", "comment": "http://i.imgur.com/aXiVtBw.png", "date": "2015-08-22 10:22:19", "seriesname": "g1168_cubssyu", "file": "/media/jbrogan4/scratch2/Reddit_Prov_Dataset_v6/_Bride_cutting_through_her_chastity_belt/g1168_cubssyu.png", "URL": "http://i.imgur.com/aXiVtBw.png", "fileid": "g1168_cubssyu.png"}, {"id": "g1168_cucikyc", "comment": "[Music is my Bitch!](http://i.imgur.com/WjTAUFT.png)", "date": "2015-08-23 00:15:46", "seriesname": "g1168_cucikyc", "file": "/media/jbrogan4/scratch2/Reddit_Prov_Dataset_v6/_Bride_cutting_through_her_chastity_belt/g1168_cucikyc.png", "URL": "http://i.imgur.com/WjTAUFT.png", "fileid": "g1168_cucikyc.png"}, {"id": "g1168_cubwzv5", "comment": "[Safety first](http://i.imgur.com/bzUpICI.jpg).\n\n(But probably still not OSHA-approved.)\n\nEdit: [Slightly safer](http://i.imgur.com/JMckl5T.jpg).", "date": "2015-08-22 12:42:13", "seriesname": "g1168_cubwzv5", "file": "/media/jbrogan4/scratch2/Reddit_Prov_Dataset_v6/_Bride_cutting_through_her_chastity_belt/g1168_cubwzv5.jpg", "URL": "http://i.imgur.com/JMckl5T.jpg).", "fileid": "g1168_cubwzv5."}, {"id": "g1168_cubskku", "comment": "[Obligatory meta](http://i.imgur.com/moDGWHz.jpg)", "date": "2015-08-22 10:13:23", "seriesname": "g1168_cubskku", "file": "/media/jbrogan4/scratch2/Reddit_Prov_Dataset_v6/_Bride_cutting_through_her_chastity_belt/g1168_cubskku.jpg", "URL": "http://i.imgur.com/moDGWHz.jpg", "fileid": "g1168_cubskku.jpg"}, {"id": "g1168_cubxhfg", "comment": "[Animorphs](http://i.imgur.com/BcbuRLh.jpg)\n\n*edit: first gold, hot damn! Umm... do I have to report this on my taxes?*", "date": "2015-08-22 12:57:46", "seriesname": "g1168_cubxhfg", "file": "/media/jbrogan4/scratch2/Reddit_Prov_Dataset_v6/_Bride_cutting_through_her_chastity_belt/g1168_cubxhfg.jpg", "URL": "http://i.imgur.com/BcbuRLh.jpg", "fileid": "g1168_cubxhfg.jpg"}, {"id": "g1168_cubt4ri", "comment": "http://i.imgur.com/cphJSRx.jpg", "date": "2015-08-22 10:34:36", "seriesname": "g1168_cubt4ri", "file": "/media/jbrogan4/scratch2/Reddit_Prov_Dataset_v6/_Bride_cutting_through_her_chastity_belt/g1168_cubt4ri.jpg", "URL": "http://i.imgur.com/cphJSRx.jpg", "fileid": "g1168_cubt4ri.jpg"}, {"id": "g1168_cubwtvc", "comment": "http://i.imgur.com/7N8Ws4b.jpg", "date": "2015-08-22 12:36:53", "seriesname": "g1168_cubwtvc", "file": "/media/jbrogan4/scratch2/Reddit_Prov_Dataset_v6/_Bride_cutting_through_her_chastity_belt/g1168_cubwtvc.jpg", "URL": "http://i.imgur.com/7N8Ws4b.jpg", "fileid": "g1168_cubwtvc.jpg"}, {"id": "g1168_cubtgy4", "comment": "http://i.imgur.com/411S3rT.jpg", "date": "2015-08-22 10:47:05", "seriesname": "g1168_cubtgy4", "file": "/media/jbrogan4/scratch2/Reddit_Prov_Dataset_v6/_Bride_cutting_through_her_chastity_belt/g1168_cubtgy4.jpg", "URL": "http://i.imgur.com/411S3rT.jpg", "fileid": "g1168_cubtgy4.jpg"}, {"id": "g1168_cubtosr", "comment": "[DID I ASK FOR FUCKING WELL DONE!?](http://i.imgur.com/tcj3FTi.jpg)", "date": "2015-08-22 10:54:36", "seriesname": "g1168_cubtosr", "file": "/media/jbrogan4/scratch2/Reddit_Prov_Dataset_v6/_Bride_cutting_through_her_chastity_belt/g1168_cubtosr.jpg", "URL": "http://i.imgur.com/tcj3FTi.jpg", "fileid": "g1168_cubtosr.jpg"}, {"id": "g1168_cubtscy", "comment": "http://i.imgur.com/ra9awrD.jpg", "date": "2015-08-22 10:58:01", "seriesname": "g1168_cubtscy", "file": "/media/jbrogan4/scratch2/Reddit_Prov_Dataset_v6/_Bride_cutting_through_her_chastity_belt/g1168_cubtscy.jpg", "URL": "http://i.imgur.com/ra9awrD.jpg", "fileid": "g1168_cubtscy.jpg"}, {"id": "g1168_cuc4zqd", "comment": "[Mad Maxine](http://i.imgur.com/tFGZpQ9.jpg)", "date": "2015-08-22 16:55:00", "seriesname": "g1168_cuc4zqd", "file": "/media/jbrogan4/scratch2/Reddit_Prov_Dataset_v6/_Bride_cutting_through_her_chastity_belt/g1168_cuc4zqd.jpg", "URL": "http://i.imgur.com/tFGZpQ9.jpg", "fileid": "g1168_cuc4zqd.jpg"}, {"id": "g1168_cubxh01", "comment": "[Animorphs](http://i.imgur.com/BcbuRLh.jpg)", "date": "2015-08-22 12:57:25", "seriesname": "g1168_cubxh01", "file": "/media/jbrogan4/scratch2/Reddit_Prov_Dataset_v6/_Bride_cutting_through_her_chastity_belt/g1168_cubxh01.jpg", "URL": "http://i.imgur.com/BcbuRLh.jpg", "fileid": "g1168_cubxh01.jpg"}, {"id": "g1168_cubt897", "comment": "http://i.imgur.com/hhPSbsx.jpg", "date": "2015-08-22 10:38:13", "seriesname": "g1168_cubt897", "file": "/media/jbrogan4/scratch2/Reddit_Prov_Dataset_v6/_Bride_cutting_through_her_chastity_belt/g1168_cubt897.jpg", "URL": "http://i.imgur.com/hhPSbsx.jpg", "fileid": "g1168_cubt897.jpg"}, {"id": "g1168_cuc8i9y", "comment": "http://imgur.com/vsyqvEN", "date": "2015-08-22 18:47:21", "seriesname": "g1168_cuc8i9y", "file": "/media/jbrogan4/scratch2/Reddit_Prov_Dataset_v6/_Bride_cutting_through_her_chastity_belt/g1168_cuc8i9y.png", "URL": "http://i.imgur.com/vsyqvEN.png", "fileid": "g1168_cuc8i9y.png"}, {"id": "g1168_cubuyon", "comment": "[http://i.imgur.com/V26JY7g.jpg](http://i.imgur.com/V26JY7g.jpg)", "date": "2015-08-22 11:37:38", "seriesname": "g1168_cubuyon", "file": "/media/jbrogan4/scratch2/Reddit_Prov_Dataset_v6/_Bride_cutting_through_her_chastity_belt/g1168_cubuyon.jpg", "URL": "http://i.imgur.com/V26JY7g.jpg](http://i.imgur.com/V26JY7g.jpg", "fileid": "g1168_cubuyon.jpg"}, {"id": "g1168_cubv223", "comment": "[Imgur](http://i.imgur.com/vWHGiJG.png)\nI drew what I saw.\n", "date": "2015-08-22 11:40:24", "seriesname": "g1168_cubv223", "file": "/media/jbrogan4/scratch2/Reddit_Prov_Dataset_v6/_Bride_cutting_through_her_chastity_belt/g1168_cubv223.png", "URL": "http://i.imgur.com/vWHGiJG.png", "fileid": "g1168_cubv223.png"}, {"id": "g1168_cubtjxz", "comment": "[[F]REEDOM!!!](http://i.imgur.com/tFJ7uf0.jpg)", "date": "2015-08-22 10:49:58", "seriesname": "g1168_cubtjxz", "file": "/media/jbrogan4/scratch2/Reddit_Prov_Dataset_v6/_Bride_cutting_through_her_chastity_belt/g1168_cubtjxz.jpg", "URL": "http://i.imgur.com/tFJ7uf0.jpg", "fileid": "g1168_cubtjxz.jpg"}, {"id": "g1168_cubxdue", "comment": "[\\m/(&gt;.&lt;)\\m/](http://i.imgur.com/msySYof.jpg)", "date": "2015-08-22 12:54:42", "seriesname": "g1168_cubxdue", "file": "/media/jbrogan4/scratch2/Reddit_Prov_Dataset_v6/_Bride_cutting_through_her_chastity_belt/g1168_cubxdue.jpg", "URL": "http://i.imgur.com/msySYof.jpg", "fileid": "g1168_cubxdue.jpg"}, {"id": "g1168_cuby5gb", "comment": "http://i.imgur.com/9xK3T8N.png", "date": "2015-08-22 13:18:41", "seriesname": "g1168_cuby5gb", "file": "/media/jbrogan4/scratch2/Reddit_Prov_Dataset_v6/_Bride_cutting_through_her_chastity_belt/g1168_cuby5gb.png", "URL": "http://i.imgur.com/9xK3T8N.png", "fileid": "g1168_cuby5gb.png"}, {"id": "g1168_cuc7s4s", "comment": "[Mad Max deleted scenes](http://i.imgur.com/e3h9W9m.jpg)", "date": "2015-08-22 18:23:42", "seriesname": "g1168_cuc7s4s", "file": "/media/jbrogan4/scratch2/Reddit_Prov_Dataset_v6/_Bride_cutting_through_her_chastity_belt/g1168_cuc7s4s.jpg", "URL": "http://i.imgur.com/e3h9W9m.jpg", "fileid": "g1168_cuc7s4s.jpg"}, {"id": "g1168_cuc4v40", "comment": "[This belt is made of metal](http://i.imgur.com/Fkr9jRT.jpg)", "date": "2015-08-22 16:50:53", "seriesname": "g1168_cuc4v40", "file": "/media/jbrogan4/scratch2/Reddit_Prov_Dataset_v6/_Bride_cutting_through_her_chastity_belt/g1168_cuc4v40.jpg", "URL": "http://i.imgur.com/Fkr9jRT.jpg", "fileid": "g1168_cuc4v40.jpg"}, {"id": "g1168_cuc99oh", "comment": "http://i.imgur.com/ZkoNN0Q.jpg\n\n\"Mr. Cosby does not intend to dignify these allegations with any comment.\"", "date": "2015-08-22 19:12:16", "seriesname": "g1168_cuc99oh", "file": "/media/jbrogan4/scratch2/Reddit_Prov_Dataset_v6/_Bride_cutting_through_her_chastity_belt/g1168_cuc99oh.jpg", "URL": "http://i.imgur.com/ZkoNN0Q.jpg", "fileid": "g1168_cuc99oh.jpg"}, {"id": "g1168_cuc0x0y", "comment": "a little bit of [photoshop speech transcription magic tool](http://i.imgur.com/LEbzKex.png) usage to recapture the moment as it happened", "date": "2015-08-22 14:43:15", "seriesname": "g1168_cuc0x0y", "file": "/media/jbrogan4/scratch2/Reddit_Prov_Dataset_v6/_Bride_cutting_through_her_chastity_belt/g1168_cuc0x0y.png", "URL": "http://i.imgur.com/LEbzKex.png", "fileid": "g1168_cuc0x0y.png"}, {"id": "g1168_cubsjun", "comment": "[I had to...](http://i.imgur.com/apmQyr2.jpg)", "date": "2015-08-22 10:12:34", "seriesname": "g1168_cubsjun", "file": "/media/jbrogan4/scratch2/Reddit_Prov_Dataset_v6/_Bride_cutting_through_her_chastity_belt/g1168_cubsjun.jpg", "URL": "http://i.imgur.com/apmQyr2.jpg", "fileid": "g1168_cubsjun.jpg"}, {"id": "g1168_cubvght", "comment": "[That pose... I knew her](http://i.imgur.com/1lzCDhL.jpg)", "date": "2015-08-22 11:53:14", "seriesname": "g1168_cubvght", "file": "/media/jbrogan4/scratch2/Reddit_Prov_Dataset_v6/_Bride_cutting_through_her_chastity_belt/g1168_cubvght.jpg", "URL": "http://i.imgur.com/1lzCDhL.jpg", "fileid": "g1168_cubvght.jpg"}, {"id": "g1168_cubsjwo", "comment": "[FREEDOM!!!](http://i.imgur.com/Q6SwWtj.jpg)", "date": "2015-08-22 10:12:38", "seriesname": "g1168_cubsjwo", "file": "/media/jbrogan4/scratch2/Reddit_Prov_Dataset_v6/_Bride_cutting_through_her_chastity_belt/g1168_cubsjwo.jpg", "URL": "http://i.imgur.com/Q6SwWtj.jpg", "fileid": "g1168_cubsjwo.jpg"}, {"id": "g1168_cucict9", "comment": "[Damn! Wrong movie.](http://imgur.com/7mL9HAn)\n", "date": "2015-08-23 00:07:09", "seriesname": "g1168_cucict9", "file": "/media/jbrogan4/scratch2/Reddit_Prov_Dataset_v6/_Bride_cutting_through_her_chastity_belt/g1168_cucict9.png", "URL": "http://i.imgur.com/7mL9HAn.png", "fileid": "g1168_cucict9.png"}, {"id": "g1168_cuc1tl9", "comment": "[Well now I have to.](http://imgur.com/nU24Ilh)", "date": "2015-08-22 15:11:50", "seriesname": "g1168_cuc1tl9", "file": "/media/jbrogan4/scratch2/Reddit_Prov_Dataset_v6/_Bride_cutting_through_her_chastity_belt/g1168_cuc1tl9.png", "URL": "http://i.imgur.com/nU24Ilh.png", "fileid": "g1168_cuc1tl9.png"}, {"id": "g1168_cubsyyc", "comment": "[Red Wedding](http://i.imgur.com/G3p9KMS.jpg)", "date": "2015-08-22 10:28:37", "seriesname": "g1168_cubsyyc", "file": "/media/jbrogan4/scratch2/Reddit_Prov_Dataset_v6/_Bride_cutting_through_her_chastity_belt/g1168_cubsyyc.jpg", "URL": "http://i.imgur.com/G3p9KMS.jpg", "fileid": "g1168_cubsyyc.jpg"}, {"id": "g1168_root", "comment": "", "date": "2015-08-22 09:06:37", "seriesname": "g1168_root", "file": "/media/jbrogan4/scratch2/Reddit_Prov_Dataset_v6/_Bride_cutting_through_her_chastity_belt/g1168_root.jpg", "URL": "http://i.imgur.com/SNfBI3r.jpg", "fileid": "g1168_root.jpg"}, {"id": "g1168_cubtwk0", "comment": "[Cutting the cake](http://imgur.com/3cBNpTG)", "date": "2015-08-22 11:02:07", "seriesname": "g1168_cubtwk0", "file": "/media/jbrogan4/scratch2/Reddit_Prov_Dataset_v6/_Bride_cutting_through_her_chastity_belt/g1168_cubtwk0.png", "URL": "http://i.imgur.com/3cBNpTG.png", "fileid": "g1168_cubtwk0.png"}, {"id": "g1168_cubtxqv", "comment": "[Conjoined Twin Myslexia](http://i.imgur.com/4W7K0vu.jpg)", "date": "2015-08-22 11:03:13", "seriesname": "g1168_cubtxqv", "file": "/media/jbrogan4/scratch2/Reddit_Prov_Dataset_v6/_Bride_cutting_through_her_chastity_belt/g1168_cubtxqv.jpg", "URL": "http://i.imgur.com/4W7K0vu.jpg", "fileid": "g1168_cubtxqv.jpg"}, {"id": "g1168_cubsl6v", "comment": "[Fixed](http://i.imgur.com/4XYHTW7.jpg)", "date": "2015-08-22 10:14:03", "seriesname": "g1168_cubsl6v", "file": "/media/jbrogan4/scratch2/Reddit_Prov_Dataset_v6/_Bride_cutting_through_her_chastity_belt/g1168_cubsl6v.jpg", "URL": "http://i.imgur.com/4XYHTW7.jpg", "fileid": "g1168_cubsl6v.jpg"}, {"id": "g1168_cubspfd", "comment": "http://i.imgur.com/0FseIkQ.jpg", "date": "2015-08-22 10:18:32", "seriesname": "g1168_cubspfd", "file": "/media/jbrogan4/scratch2/Reddit_Prov_Dataset_v6/_Bride_cutting_through_her_chastity_belt/g1168_cubspfd.jpg", "URL": "http://i.imgur.com/0FseIkQ.jpg", "fileid": "g1168_cubspfd.jpg"}, {"id": "g1168_cubtd0q", "comment": "[You give a nun one beer.....](http://i.imgur.com/AXglHuw.png)", "date": "2015-08-22 10:43:08", "seriesname": "g1168_cubtd0q", "file": "/media/jbrogan4/scratch2/Reddit_Prov_Dataset_v6/_Bride_cutting_through_her_chastity_belt/g1168_cubtd0q.png", "URL": "http://i.imgur.com/AXglHuw.png", "fileid": "g1168_cubtd0q.png"}, {"id": "g1168_cubtxt8", "comment": "http://i.imgur.com/uKKj39h.png", "date": "2015-08-22 11:03:17", "seriesname": "g1168_cubtxt8", "file": "/media/jbrogan4/scratch2/Reddit_Prov_Dataset_v6/_Bride_cutting_through_her_chastity_belt/g1168_cubtxt8.png", "URL": "http://i.imgur.com/uKKj39h.png", "fileid": "g1168_cubtxt8.png"}, {"id": "g1168_cubxgqj", "comment": "http://i.imgur.com/qnHw3ic.gif", "date": "2015-08-22 12:57:12", "seriesname": "g1168_cubxgqj", "file": "/media/jbrogan4/scratch2/Reddit_Prov_Dataset_v6/_Bride_cutting_through_her_chastity_belt/g1168_cubxgqj.jpg", "URL": "http://i.imgur.com/qnHw3ic.gif", "fileid": "g1168_cubxgqj.gif"}, {"id": "g1168_cubu01y", "comment": "[**FTFY**](http://i.imgur.com/huAgFGG.jpg)", "date": "2015-08-22 11:05:25", "seriesname": "g1168_cubu01y", "file": "/media/jbrogan4/scratch2/Reddit_Prov_Dataset_v6/_Bride_cutting_through_her_chastity_belt/g1168_cubu01y.jpg", "URL": "http://i.imgur.com/huAgFGG.jpg", "fileid": "g1168_cubu01y.jpg"}, {"id": "g1168_cubuqss", "comment": "[I saw you what you did to that face.](http://i.imgur.com/XYVtksG.png)", "date": "2015-08-22 11:30:28", "seriesname": "g1168_cubuqss", "file": "/media/jbrogan4/scratch2/Reddit_Prov_Dataset_v6/_Bride_cutting_through_her_chastity_belt/g1168_cubuqss.png", "URL": "http://i.imgur.com/XYVtksG.png", "fileid": "g1168_cubuqss.png"}, {"id": "g1168_cubte10", "comment": "[this one again](http://i.imgur.com/ZLoCuZT.jpg)", "date": "2015-08-22 10:44:11", "seriesname": "g1168_cubte10", "file": "/media/jbrogan4/scratch2/Reddit_Prov_Dataset_v6/_Bride_cutting_through_her_chastity_belt/g1168_cubte10.jpg", "URL": "http://i.imgur.com/ZLoCuZT.jpg", "fileid": "g1168_cubte10.jpg"}], "graph": {"name": "g1168_root"}, "directed": true}