{"links": [{"op": "none", "target": 0, "source": "root"}, {"op": "none", "target": 1, "source": "root"}, {"op": "none", "target": 2, "source": "root"}, {"op": "none", "target": 3, "source": "root"}, {"op": "none", "target": 4, "source": "root"}, {"op": "none", "target": 5, "source": "root"}, {"op": "none", "target": 6, "source": "root"}, {"op": "none", "target": 7, "source": "root"}, {"op": "none", "target": 8, "source": "root"}, {"op": "none", "target": 9, "source": "root"}, {"op": "none", "target": 10, "source": "root"}, {"op": "none", "target": 11, "source": "root"}, {"op": "none", "target": 12, "source": "root"}, {"op": "none", "target": 13, "source": "root"}, {"op": "none", "target": 14, "source": "root"}, {"op": "none", "target": 15, "source": "root"}, {"op": "none", "target": 16, "source": "root"}, {"op": "none", "target": 17, "source": 39}, {"op": "none", "target": 18, "source": "root"}, {"op": "none", "target": 19, "source": "root"}, {"op": "none", "target": 20, "source": 48}, {"op": "none", "target": 21, "source": "root"}, {"op": "none", "target": 22, "source": "root"}, {"op": "none", "target": 23, "source": "root"}, {"op": "none", "target": 24, "source": "root"}, {"op": "none", "target": 25, "source": "root"}, {"op": "none", "target": 26, "source": "root"}, {"op": "none", "target": 27, "source": "root"}, {"op": "none", "target": 28, "source": "root"}, {"op": "none", "target": 29, "source": "root"}, {"op": "none", "target": 30, "source": "root"}, {"op": "none", "target": 31, "source": "root"}, {"op": "none", "target": 32, "source": "root"}, {"op": "none", "target": 33, "source": "root"}, {"op": "none", "target": 34, "source": "root"}, {"op": "none", "target": 35, "source": "root"}, {"op": "none", "target": 36, "source": 16}, {"op": "none", "target": 37, "source": "root"}, {"op": "none", "target": 38, "source": "root"}, {"op": "none", "target": 39, "source": "root"}, {"op": "none", "target": 40, "source": "root"}, {"op": "none", "target": 41, "source": "root"}, {"op": "none", "target": 42, "source": "root"}, {"op": "none", "target": 43, "source": "root"}, {"op": "none", "target": 44, "source": "root"}, {"op": "none", "target": 45, "source": "root"}, {"op": "none", "target": 46, "source": "root"}, {"op": "none", "target": 47, "source": "root"}, {"op": "none", "target": 48, "source": "root"}, {"op": "none", "target": 49, "source": "root"}, {"op": "none", "target": 50, "source": "root"}, {"op": "none", "target": 51, "source": "root"}, {"op": "none", "target": 52, "source": "root"}, {"op": "none", "target": 53, "source": "root"}, {"op": "none", "target": 54, "source": "root"}, {"op": "none", "target": 55, "source": "root"}, {"op": "none", "target": 56, "source": "root"}, {"op": "none", "target": 57, "source": "root"}, {"op": "none", "target": 58, "source": "root"}, {"op": "none", "target": 59, "source": "root"}, {"op": "none", "target": 60, "source": "root"}, {"op": "none", "target": 61, "source": "root"}, {"op": "none", "target": 62, "source": 39}, {"op": "none", "target": 63, "source": "root"}, {"op": "none", "target": 64, "source": "root"}, {"op": "none", "target": 65, "source": "root"}], "title": "_Monkey_holding_3_knives", "nodes": [{"id": "g1170_d3y8z5r", "comment": "[Gee monkey!](http://i.imgur.com/Zd60REj.png)", "date": "2016-06-06 12:52:44", "seriesname": "g1170_d3y8z5r", "file": "/media/jbrogan4/scratch2/Reddit_Prov_Dataset_v6/_Monkey_holding_3_knives/g1170_d3y8z5r.png", "URL": "http://i.imgur.com/Zd60REj.png", "fileid": "g1170_d3y8z5r.png"}, {"id": "g1170_d3y1w1t", "comment": "http://i.imgur.com/s5dYy0p.jpg", "date": "2016-06-06 10:05:19", "seriesname": "g1170_d3y1w1t", "file": "/media/jbrogan4/scratch2/Reddit_Prov_Dataset_v6/_Monkey_holding_3_knives/g1170_d3y1w1t.jpg", "URL": "http://i.imgur.com/s5dYy0p.jpg", "fileid": "g1170_d3y1w1t.jpg"}, {"id": "g1170_d3y6y5u", "comment": "[Claude Monket](http://i.imgur.com/Jz0Hfcs.png)", "date": "2016-06-06 12:07:21", "seriesname": "g1170_d3y6y5u", "file": "/media/jbrogan4/scratch2/Reddit_Prov_Dataset_v6/_Monkey_holding_3_knives/g1170_d3y6y5u.png", "URL": "http://i.imgur.com/Jz0Hfcs.png", "fileid": "g1170_d3y6y5u.png"}, {"id": "g1170_d3ybp4m", "comment": "[Tried my best](http://i.imgur.com/qfHfi6z.png)\n\nHope you like it /u/GallowBoob ", "date": "2016-06-06 13:51:06", "seriesname": "g1170_d3ybp4m", "file": "/media/jbrogan4/scratch2/Reddit_Prov_Dataset_v6/_Monkey_holding_3_knives/g1170_d3ybp4m.png", "URL": "http://i.imgur.com/qfHfi6z.png", "fileid": "g1170_d3ybp4m.png"}, {"id": "g1170_d3y88pt", "comment": "[How many times do I have to remind you....MASK!](http://i.imgur.com/mcyHVrb.jpg)", "date": "2016-06-06 12:36:31", "seriesname": "g1170_d3y88pt", "file": "/media/jbrogan4/scratch2/Reddit_Prov_Dataset_v6/_Monkey_holding_3_knives/g1170_d3y88pt.jpg", "URL": "http://i.imgur.com/mcyHVrb.jpg", "fileid": "g1170_d3y88pt.jpg"}, {"id": "g1170_d3y7590", "comment": "[Wrong neighborhood](http://i.imgur.com/HD2E34E.jpg)", "date": "2016-06-06 12:11:58", "seriesname": "g1170_d3y7590", "file": "/media/jbrogan4/scratch2/Reddit_Prov_Dataset_v6/_Monkey_holding_3_knives/g1170_d3y7590.jpg", "URL": "http://i.imgur.com/HD2E34E.jpg", "fileid": "g1170_d3y7590.jpg"}, {"id": "g1170_d3ygff2", "comment": "[Really getting into that Budget Cuts Demo](http://i.imgur.com/5ZwXnlB.jpg?1)", "date": "2016-06-06 15:31:27", "seriesname": "g1170_d3ygff2", "file": "/media/jbrogan4/scratch2/Reddit_Prov_Dataset_v6/_Monkey_holding_3_knives/g1170_d3ygff2.jpg", "URL": "http://i.imgur.com/5ZwXnlB.jpg?1", "fileid": "g1170_d3ygff2.jpg"}, {"id": "g1170_d3yg7ht", "comment": "[Never mind Psycho, he's gone Bananas!](http://imgur.com/BvIwKx4)", "date": "2016-06-06 15:26:44", "seriesname": "g1170_d3yg7ht", "file": "/media/jbrogan4/scratch2/Reddit_Prov_Dataset_v6/_Monkey_holding_3_knives/g1170_d3yg7ht.png", "URL": "http://i.imgur.com/BvIwKx4.png", "fileid": "g1170_d3yg7ht.png"}, {"id": "g1170_d3zbjm6", "comment": "[Monkey holding 3 knives](https://imgur.com/FGwPVsv)", "date": "2016-06-07 07:44:53", "seriesname": "g1170_d3zbjm6", "file": "/media/jbrogan4/scratch2/Reddit_Prov_Dataset_v6/_Monkey_holding_3_knives/g1170_d3zbjm6.png", "URL": "http://i.imgur.com/FGwPVsv.png", "fileid": "g1170_d3zbjm6.png"}, {"id": "g1170_d3y5pcc", "comment": "http://i.imgur.com/gKoLLXC.jpg", "date": "2016-06-06 11:39:04", "seriesname": "g1170_d3y5pcc", "file": "/media/jbrogan4/scratch2/Reddit_Prov_Dataset_v6/_Monkey_holding_3_knives/g1170_d3y5pcc.jpg", "URL": "http://i.imgur.com/gKoLLXC.jpg", "fileid": "g1170_d3y5pcc.jpg"}, {"id": "g1170_d3y8zd6", "comment": "[Machete](http://i.imgur.com/SilcasR.jpg)", "date": "2016-06-06 12:52:52", "seriesname": "g1170_d3y8zd6", "file": "/media/jbrogan4/scratch2/Reddit_Prov_Dataset_v6/_Monkey_holding_3_knives/g1170_d3y8zd6.jpg", "URL": "http://i.imgur.com/SilcasR.jpg", "fileid": "g1170_d3y8zd6.jpg"}, {"id": "g1170_d3yl0f0", "comment": "[To assassinate Colonel Kurtz, the US Army send their best monkey](http://i.imgur.com/z35xTdu.jpg)\n\n\nEdit: Changed the link to directly link the picture", "date": "2016-06-06 17:11:22", "seriesname": "g1170_d3yl0f0", "file": "/media/jbrogan4/scratch2/Reddit_Prov_Dataset_v6/_Monkey_holding_3_knives/g1170_d3yl0f0.jpg", "URL": "http://i.imgur.com/z35xTdu.jpg", "fileid": "g1170_d3yl0f0.jpg"}, {"id": "g1170_d3y8dh0", "comment": "[\"Gimmie the secret, mancub.\"](http://i.imgur.com/3iGkcQH.jpg)", "date": "2016-06-06 12:39:27", "seriesname": "g1170_d3y8dh0", "file": "/media/jbrogan4/scratch2/Reddit_Prov_Dataset_v6/_Monkey_holding_3_knives/g1170_d3y8dh0.jpg", "URL": "http://i.imgur.com/3iGkcQH.jpg", "fileid": "g1170_d3y8dh0.jpg"}, {"id": "g1170_d3y5npa", "comment": "[](http://imgur.com/wCQjezg)\n\nRoronoa Zoro", "date": "2016-06-06 11:38:03", "seriesname": "g1170_d3y5npa", "file": "/media/jbrogan4/scratch2/Reddit_Prov_Dataset_v6/_Monkey_holding_3_knives/g1170_d3y5npa.png", "URL": "http://i.imgur.com/wCQjezg.png", "fileid": "g1170_d3y5npa.png"}, {"id": "g1170_d3y9yv5", "comment": "[Monkey Knife Juggler](http://i.imgur.com/jnON9VD.jpg)\n(Hearthstone)", "date": "2016-06-06 13:14:21", "seriesname": "g1170_d3y9yv5", "file": "/media/jbrogan4/scratch2/Reddit_Prov_Dataset_v6/_Monkey_holding_3_knives/g1170_d3y9yv5.jpg", "URL": "http://i.imgur.com/jnON9VD.jpg", "fileid": "g1170_d3y9yv5.jpg"}, {"id": "g1170_d3y14gr", "comment": "Anyone else reminded of the monkey knife fight in The Simpsons?\n\nhttp://vignette3.wikia.nocookie.net/simpsons/images/d/d0/Monkeyknifefight.JPG/revision/latest?cb=20100716034957\n", "date": "2016-06-06 09:43:46", "seriesname": "g1170_d3y14gr", "file": "/media/jbrogan4/scratch2/Reddit_Prov_Dataset_v6/_Monkey_holding_3_knives/g1170_d3y14gr.jpg", "URL": "http://vignette3.wikia.nocookie.net/simpsons/images/d/d0/Monkeyknifefight.JPG/revision/latest?cb=20100716034957", "fileid": "g1170_d3y14gr.latest"}, {"id": "g1170_d3y0r2g", "comment": "[Knife throwing Monkey](http://imgur.com/VMwkLfD)", "date": "2016-06-06 09:32:49", "seriesname": "g1170_d3y0r2g", "file": "/media/jbrogan4/scratch2/Reddit_Prov_Dataset_v6/_Monkey_holding_3_knives/g1170_d3y0r2g.png", "URL": "http://i.imgur.com/VMwkLfD.png", "fileid": "g1170_d3y0r2g.png"}, {"id": "g1170_d3y7krq", "comment": "[Alternatively](http://i.imgur.com/hBas9QK.jpg)", "date": "2016-06-06 12:21:51", "seriesname": "g1170_d3y7krq", "file": "/media/jbrogan4/scratch2/Reddit_Prov_Dataset_v6/_Monkey_holding_3_knives/g1170_d3y7krq.jpg", "URL": "http://i.imgur.com/hBas9QK.jpg", "fileid": "g1170_d3y7krq.jpg"}, {"id": "g1170_d3y3gu3", "comment": "http://i.imgur.com/87WttUP.jpg", "date": "2016-06-06 10:46:29", "seriesname": "g1170_d3y3gu3", "file": "/media/jbrogan4/scratch2/Reddit_Prov_Dataset_v6/_Monkey_holding_3_knives/g1170_d3y3gu3.jpg", "URL": "http://i.imgur.com/87WttUP.jpg", "fileid": "g1170_d3y3gu3.jpg"}, {"id": "g1170_d3y4vck", "comment": "[Watchout, Bradley!](http://i.imgur.com/8oUr2vV.jpg)", "date": "2016-06-06 11:19:55", "seriesname": "g1170_d3y4vck", "file": "/media/jbrogan4/scratch2/Reddit_Prov_Dataset_v6/_Monkey_holding_3_knives/g1170_d3y4vck.jpg", "URL": "http://i.imgur.com/8oUr2vV.jpg", "fileid": "g1170_d3y4vck.jpg"}, {"id": "g1170_d3yqoa4", "comment": "Didn't HAVE to be risky. [SFW 3 dicks](http://i.imgur.com/rl6wI21.jpg)", "date": "2016-06-06 19:29:34", "seriesname": "g1170_d3yqoa4", "file": "/media/jbrogan4/scratch2/Reddit_Prov_Dataset_v6/_Monkey_holding_3_knives/g1170_d3yqoa4.jpg", "URL": "http://i.imgur.com/rl6wI21.jpg", "fileid": "g1170_d3yqoa4.jpg"}, {"id": "g1170_d3yrutp", "comment": "[The Bridge of Death - Monkey Python and the Holy Grail](http://i.imgur.com/09pio93.jpg?1)", "date": "2016-06-06 20:00:07", "seriesname": "g1170_d3yrutp", "file": "/media/jbrogan4/scratch2/Reddit_Prov_Dataset_v6/_Monkey_holding_3_knives/g1170_d3yrutp.jpg", "URL": "http://i.imgur.com/09pio93.jpg?1", "fileid": "g1170_d3yrutp.jpg"}, {"id": "g1170_d3yg0pd", "comment": "[this is my first.](http://imgur.com/Yq1Rm3v)", "date": "2016-06-06 15:22:51", "seriesname": "g1170_d3yg0pd", "file": "/media/jbrogan4/scratch2/Reddit_Prov_Dataset_v6/_Monkey_holding_3_knives/g1170_d3yg0pd.png", "URL": "http://i.imgur.com/Yq1Rm3v.png", "fileid": "g1170_d3yg0pd.png"}, {"id": "g1170_d3y6kxn", "comment": "[Subways solution to $15/hr minimum wage](http://i.imgur.com/XevPI8B.jpg)", "date": "2016-06-06 11:58:53", "seriesname": "g1170_d3y6kxn", "file": "/media/jbrogan4/scratch2/Reddit_Prov_Dataset_v6/_Monkey_holding_3_knives/g1170_d3y6kxn.jpg", "URL": "http://i.imgur.com/XevPI8B.jpg", "fileid": "g1170_d3y6kxn.jpg"}, {"id": "g1170_d3y8rpg", "comment": "http://i.imgur.com/uEERx0G.jpg?1", "date": "2016-06-06 12:48:12", "seriesname": "g1170_d3y8rpg", "file": "/media/jbrogan4/scratch2/Reddit_Prov_Dataset_v6/_Monkey_holding_3_knives/g1170_d3y8rpg.jpg", "URL": "http://i.imgur.com/uEERx0G.jpg?1", "fileid": "g1170_d3y8rpg.jpg"}, {"id": "g1170_d3y8oc8", "comment": "[Monkey Joker](http://i.imgur.com/0CquTKe.jpg?1)", "date": "2016-06-06 12:46:12", "seriesname": "g1170_d3y8oc8", "file": "/media/jbrogan4/scratch2/Reddit_Prov_Dataset_v6/_Monkey_holding_3_knives/g1170_d3y8oc8.jpg", "URL": "http://i.imgur.com/0CquTKe.jpg?1", "fileid": "g1170_d3y8oc8.jpg"}, {"id": "g1170_d3yevue", "comment": "[Fear not the weapon, but the hand that wields it](http://imgur.com/dj0VJmI)", "date": "2016-06-06 14:58:31", "seriesname": "g1170_d3yevue", "file": "/media/jbrogan4/scratch2/Reddit_Prov_Dataset_v6/_Monkey_holding_3_knives/g1170_d3yevue.png", "URL": "http://i.imgur.com/dj0VJmI.png", "fileid": "g1170_d3yevue.png"}, {"id": "g1170_d3yawqr", "comment": "[KNIFE GUYS!!](http://imgur.com/lbP8R5D)", "date": "2016-06-06 13:34:23", "seriesname": "g1170_d3yawqr", "file": "/media/jbrogan4/scratch2/Reddit_Prov_Dataset_v6/_Monkey_holding_3_knives/g1170_d3yawqr.png", "URL": "http://i.imgur.com/lbP8R5D.png", "fileid": "g1170_d3yawqr.png"}, {"id": "g1170_d3y9dns", "comment": "[Monkey Myers](http://i.imgur.com/3tP9YQP.jpg)", "date": "2016-06-06 13:01:33", "seriesname": "g1170_d3y9dns", "file": "/media/jbrogan4/scratch2/Reddit_Prov_Dataset_v6/_Monkey_holding_3_knives/g1170_d3y9dns.jpg", "URL": "http://i.imgur.com/3tP9YQP.jpg", "fileid": "g1170_d3y9dns.jpg"}, {"id": "g1170_d3y62up", "comment": "Got u covered [fam](http://i.imgur.com/0QAoeXb.jpg)", "date": "2016-06-06 11:47:36", "seriesname": "g1170_d3y62up", "file": "/media/jbrogan4/scratch2/Reddit_Prov_Dataset_v6/_Monkey_holding_3_knives/g1170_d3y62up.jpg", "URL": "http://i.imgur.com/0QAoeXb.jpg", "fileid": "g1170_d3y62up.jpg"}, {"id": "g1170_d3ya830", "comment": "[RAMBO PART 6](https://imgur.com/nXL0daW)", "date": "2016-06-06 13:19:53", "seriesname": "g1170_d3ya830", "file": "/media/jbrogan4/scratch2/Reddit_Prov_Dataset_v6/_Monkey_holding_3_knives/g1170_d3ya830.png", "URL": "http://i.imgur.com/nXL0daW.png", "fileid": "g1170_d3ya830.png"}, {"id": "g1170_d3ye1dw", "comment": "[Look behind you, a three-headed monkey!](http://i.imgur.com/B0Zf6ME.png)", "date": "2016-06-06 14:40:34", "seriesname": "g1170_d3ye1dw", "file": "/media/jbrogan4/scratch2/Reddit_Prov_Dataset_v6/_Monkey_holding_3_knives/g1170_d3ye1dw.png", "URL": "http://i.imgur.com/B0Zf6ME.png", "fileid": "g1170_d3ye1dw.png"}, {"id": "g1170_d3yab21", "comment": "[Joining the fun](http://imgur.com/AF9Hibk)", "date": "2016-06-06 13:21:36", "seriesname": "g1170_d3yab21", "file": "/media/jbrogan4/scratch2/Reddit_Prov_Dataset_v6/_Monkey_holding_3_knives/g1170_d3yab21.png", "URL": "http://i.imgur.com/AF9Hibk.png", "fileid": "g1170_d3yab21.png"}, {"id": "g1170_d3yd5ec", "comment": "[An assassin in the dark](http://i.imgur.com/OOcQwm7.jpg)", "date": "2016-06-06 14:21:44", "seriesname": "g1170_d3yd5ec", "file": "/media/jbrogan4/scratch2/Reddit_Prov_Dataset_v6/_Monkey_holding_3_knives/g1170_d3yd5ec.jpg", "URL": "http://i.imgur.com/OOcQwm7.jpg", "fileid": "g1170_d3yd5ec.jpg"}, {"id": "g1170_d3yh71v", "comment": " Quick and dirty John Snow Traitor Monkey Stabbing. http://imgur.com/ZuDVtTE", "date": "2016-06-06 15:47:52", "seriesname": "g1170_d3yh71v", "file": "/media/jbrogan4/scratch2/Reddit_Prov_Dataset_v6/_Monkey_holding_3_knives/g1170_d3yh71v.png", "URL": "http://i.imgur.com/ZuDVtTE.png", "fileid": "g1170_d3yh71v.png"}, {"id": "g1170_d3ystz3", "comment": "Super late - [Now, THAT'S a knife!](http://i.imgur.com/GuxnYYW.jpg)", "date": "2016-06-06 20:24:29", "seriesname": "g1170_d3ystz3", "file": "/media/jbrogan4/scratch2/Reddit_Prov_Dataset_v6/_Monkey_holding_3_knives/g1170_d3ystz3.jpg", "URL": "http://i.imgur.com/GuxnYYW.jpg", "fileid": "g1170_d3ystz3.jpg"}, {"id": "g1170_d3y859g", "comment": "[Monkey throwing Knife](http://i.imgur.com/3b07eqR.png)", "date": "2016-06-06 12:34:25", "seriesname": "g1170_d3y859g", "file": "/media/jbrogan4/scratch2/Reddit_Prov_Dataset_v6/_Monkey_holding_3_knives/g1170_d3y859g.png", "URL": "http://i.imgur.com/3b07eqR.png", "fileid": "g1170_d3y859g.png"}, {"id": "g1170_d3y6mzy", "comment": "[Put this apple on your head!](http://i.imgur.com/kgdfkAi.jpg)", "date": "2016-06-06 12:00:11", "seriesname": "g1170_d3y6mzy", "file": "/media/jbrogan4/scratch2/Reddit_Prov_Dataset_v6/_Monkey_holding_3_knives/g1170_d3y6mzy.jpg", "URL": "http://i.imgur.com/kgdfkAi.jpg", "fileid": "g1170_d3y6mzy.jpg"}, {"id": "g1170_d3y61hp", "comment": "[Monkey cutout](http://i.imgur.com/PDkrW0y.png)", "date": "2016-06-06 11:46:44", "seriesname": "g1170_d3y61hp", "file": "/media/jbrogan4/scratch2/Reddit_Prov_Dataset_v6/_Monkey_holding_3_knives/g1170_d3y61hp.png", "URL": "http://i.imgur.com/PDkrW0y.png", "fileid": "g1170_d3y61hp.png"}, {"id": "g1170_d3y61rc", "comment": "http://i.imgur.com/0QAoeXb.jpg", "date": "2016-06-06 11:46:55", "seriesname": "g1170_d3y61rc", "file": "/media/jbrogan4/scratch2/Reddit_Prov_Dataset_v6/_Monkey_holding_3_knives/g1170_d3y61rc.jpg", "URL": "http://i.imgur.com/0QAoeXb.jpg", "fileid": "g1170_d3y61rc.jpg"}, {"id": "g1170_d3ywp8g", "comment": "Apocalypse Monkey!\n\nhttp://imgur.com/lWgSy8U ", "date": "2016-06-06 21:57:10", "seriesname": "g1170_d3ywp8g", "file": "/media/jbrogan4/scratch2/Reddit_Prov_Dataset_v6/_Monkey_holding_3_knives/g1170_d3ywp8g.png", "URL": "http://i.imgur.com/lWgSy8U.png", "fileid": "g1170_d3ywp8g.png"}, {"id": "g1170_d3yan2w", "comment": "[Enter the sex dungeon](http://imgur.com/DbqtUst)", "date": "2016-06-06 13:28:40", "seriesname": "g1170_d3yan2w", "file": "/media/jbrogan4/scratch2/Reddit_Prov_Dataset_v6/_Monkey_holding_3_knives/g1170_d3yan2w.png", "URL": "http://i.imgur.com/DbqtUst.png", "fileid": "g1170_d3yan2w.png"}, {"id": "g1170_d3ympg2", "comment": "You know that time the Luffy crew got turned into monkey's. http://i.imgur.com/seInO9r.jpg", "date": "2016-06-06 17:51:07", "seriesname": "g1170_d3ympg2", "file": "/media/jbrogan4/scratch2/Reddit_Prov_Dataset_v6/_Monkey_holding_3_knives/g1170_d3ympg2.jpg", "URL": "http://i.imgur.com/seInO9r.jpg", "fileid": "g1170_d3ympg2.jpg"}, {"id": "g1170_d3y814o", "comment": "[Yes Chef! Sorry Chef!](http://imgur.com/hVvi4SU)", "date": "2016-06-06 12:31:56", "seriesname": "g1170_d3y814o", "file": "/media/jbrogan4/scratch2/Reddit_Prov_Dataset_v6/_Monkey_holding_3_knives/g1170_d3y814o.png", "URL": "http://i.imgur.com/hVvi4SU.png", "fileid": "g1170_d3y814o.png"}, {"id": "g1170_d3ymlrh", "comment": "[I haven't spent that much on the game...](http://i.imgur.com/UeskTAa.jpg?1)", "date": "2016-06-06 17:48:45", "seriesname": "g1170_d3ymlrh", "file": "/media/jbrogan4/scratch2/Reddit_Prov_Dataset_v6/_Monkey_holding_3_knives/g1170_d3ymlrh.jpg", "URL": "http://i.imgur.com/UeskTAa.jpg?1", "fileid": "g1170_d3ymlrh.jpg"}, {"id": "g1170_d3yfc0q", "comment": "[That's not a knife!](http://imgur.com/Hhlf9EU.jpg)", "date": "2016-06-06 15:08:16", "seriesname": "g1170_d3yfc0q", "file": "/media/jbrogan4/scratch2/Reddit_Prov_Dataset_v6/_Monkey_holding_3_knives/g1170_d3yfc0q.jpg", "URL": "http://imgur.com/Hhlf9EU.jpg", "fileid": "g1170_d3yfc0q.jpg"}, {"id": "g1170_d3yfhl4", "comment": "[I gotta tell you...](http://i.imgur.com/mPcIlg3.png)", "date": "2016-06-06 15:11:33", "seriesname": "g1170_d3yfhl4", "file": "/media/jbrogan4/scratch2/Reddit_Prov_Dataset_v6/_Monkey_holding_3_knives/g1170_d3yfhl4.png", "URL": "http://i.imgur.com/mPcIlg3.png", "fileid": "g1170_d3yfhl4.png"}, {"id": "g1170_d3yf13a", "comment": "[First thing I thought of when I saw the title](http://imgur.com/CT8UbYh)", "date": "2016-06-06 15:01:39", "seriesname": "g1170_d3yf13a", "file": "/media/jbrogan4/scratch2/Reddit_Prov_Dataset_v6/_Monkey_holding_3_knives/g1170_d3yf13a.png", "URL": "http://i.imgur.com/CT8UbYh.png", "fileid": "g1170_d3yf13a.png"}, {"id": "g1170_d3y71te", "comment": "[Monkey holding 3 dicks](http://i.imgur.com/7UuGZej.png)", "date": "2016-06-06 12:09:45", "seriesname": "g1170_d3y71te", "file": "/media/jbrogan4/scratch2/Reddit_Prov_Dataset_v6/_Monkey_holding_3_knives/g1170_d3y71te.png", "URL": "http://i.imgur.com/7UuGZej.png", "fileid": "g1170_d3y71te.png"}, {"id": "g1170_d3y756h", "comment": "One Piece Endboss\nhttp://imgur.com/5nB3Say", "date": "2016-06-06 12:11:55", "seriesname": "g1170_d3y756h", "file": "/media/jbrogan4/scratch2/Reddit_Prov_Dataset_v6/_Monkey_holding_3_knives/g1170_d3y756h.png", "URL": "http://i.imgur.com/5nB3Say.png", "fileid": "g1170_d3y756h.png"}, {"id": "g1170_d3y9k4z", "comment": "[If we're not back by dawn...call The President.](http://i.imgur.com/nN9i2u0.jpg)", "date": "2016-06-06 13:05:30", "seriesname": "g1170_d3y9k4z", "file": "/media/jbrogan4/scratch2/Reddit_Prov_Dataset_v6/_Monkey_holding_3_knives/g1170_d3y9k4z.jpg", "URL": "http://i.imgur.com/nN9i2u0.jpg", "fileid": "g1170_d3y9k4z.jpg"}, {"id": "g1170_d3ya0tr", "comment": "[Why so curious?](https://i.imgur.com/dV4AT6S.png)", "date": "2016-06-06 13:15:32", "seriesname": "g1170_d3ya0tr", "file": "/media/jbrogan4/scratch2/Reddit_Prov_Dataset_v6/_Monkey_holding_3_knives/g1170_d3ya0tr.png", "URL": "https://i.imgur.com/dV4AT6S.png", "fileid": "g1170_d3ya0tr.png"}, {"id": "g1170_d3y8c5n", "comment": "[Roronoa Zoro](http://imgur.com/VWbQkOb)", "date": "2016-06-06 12:38:39", "seriesname": "g1170_d3y8c5n", "file": "/media/jbrogan4/scratch2/Reddit_Prov_Dataset_v6/_Monkey_holding_3_knives/g1170_d3y8c5n.png", "URL": "http://i.imgur.com/VWbQkOb.png", "fileid": "g1170_d3y8c5n.png"}, {"id": "g1170_d3y85h6", "comment": "[Where the prequels finally lost me](http://i.imgur.com/0i7tAOx.jpg)", "date": "2016-06-06 12:34:34", "seriesname": "g1170_d3y85h6", "file": "/media/jbrogan4/scratch2/Reddit_Prov_Dataset_v6/_Monkey_holding_3_knives/g1170_d3y85h6.jpg", "URL": "http://i.imgur.com/0i7tAOx.jpg", "fileid": "g1170_d3y85h6.jpg"}, {"id": "g1170_d3ywfmt", "comment": "[He's got my vote.](http://i.imgur.com/vxHNFAQ.jpg)", "date": "2016-06-06 21:50:56", "seriesname": "g1170_d3ywfmt", "file": "/media/jbrogan4/scratch2/Reddit_Prov_Dataset_v6/_Monkey_holding_3_knives/g1170_d3ywfmt.jpg", "URL": "http://i.imgur.com/vxHNFAQ.jpg", "fileid": "g1170_d3ywfmt.jpg"}, {"id": "g1170_d3y9ysv", "comment": "[When you fall in the gorilla pit and everyone rooting for the gorilla](http://i.imgur.com/AfRGmNM.png)", "date": "2016-06-06 13:14:19", "seriesname": "g1170_d3y9ysv", "file": "/media/jbrogan4/scratch2/Reddit_Prov_Dataset_v6/_Monkey_holding_3_knives/g1170_d3y9ysv.png", "URL": "http://i.imgur.com/AfRGmNM.png", "fileid": "g1170_d3y9ysv.png"}, {"id": "g1170_d3y6oid", "comment": "[Trump's surprise running mate has a swift and brutal rebuttal for lyin' Hillary.](http://i.imgur.com/TIuDdhD.jpg)", "date": "2016-06-06 12:01:07", "seriesname": "g1170_d3y6oid", "file": "/media/jbrogan4/scratch2/Reddit_Prov_Dataset_v6/_Monkey_holding_3_knives/g1170_d3y6oid.jpg", "URL": "http://i.imgur.com/TIuDdhD.jpg", "fileid": "g1170_d3y6oid.jpg"}, {"id": "g1170_d3y74jx", "comment": "[Badass jungle monkey](http://i.imgur.com/g6KUf54.jpg)", "date": "2016-06-06 12:11:31", "seriesname": "g1170_d3y74jx", "file": "/media/jbrogan4/scratch2/Reddit_Prov_Dataset_v6/_Monkey_holding_3_knives/g1170_d3y74jx.jpg", "URL": "http://i.imgur.com/g6KUf54.jpg", "fileid": "g1170_d3y74jx.jpg"}, {"id": "g1170_d3y7y07", "comment": "[YOU RUN FAST WITH A KNIFE, EVERYONE RUNS FAST WITH A KNIFE](http://i.imgur.com/vJw7sMX.jpg?1)", "date": "2016-06-06 12:30:00", "seriesname": "g1170_d3y7y07", "file": "/media/jbrogan4/scratch2/Reddit_Prov_Dataset_v6/_Monkey_holding_3_knives/g1170_d3y7y07.jpg", "URL": "http://i.imgur.com/vJw7sMX.jpg?1", "fileid": "g1170_d3y7y07.jpg"}, {"id": "g1170_d3y8gui", "comment": "[Just happy to hold a balloon](http://i.imgur.com/ABMxSZg.jpg)", "date": "2016-06-06 12:41:32", "seriesname": "g1170_d3y8gui", "file": "/media/jbrogan4/scratch2/Reddit_Prov_Dataset_v6/_Monkey_holding_3_knives/g1170_d3y8gui.jpg", "URL": "http://i.imgur.com/ABMxSZg.jpg", "fileid": "g1170_d3y8gui.jpg"}, {"id": "g1170_d3y6oc0", "comment": "[selfie](http://i.imgur.com/dwAFaHT.jpg)", "date": "2016-06-06 12:01:00", "seriesname": "g1170_d3y6oc0", "file": "/media/jbrogan4/scratch2/Reddit_Prov_Dataset_v6/_Monkey_holding_3_knives/g1170_d3y6oc0.jpg", "URL": "http://i.imgur.com/dwAFaHT.jpg", "fileid": "g1170_d3y6oc0.jpg"}, {"id": "g1170_d3z7clw", "comment": "Guerrilla Ops\n\nhttp://img09.deviantart.net/97cc/i/2016/159/7/7/covertops_by_dabigdok-da5fg7c.jpg", "date": "2016-06-07 03:50:11", "seriesname": "g1170_d3z7clw", "file": "/media/jbrogan4/scratch2/Reddit_Prov_Dataset_v6/_Monkey_holding_3_knives/g1170_d3z7clw.jpg", "URL": "http://img09.deviantart.net/97cc/i/2016/159/7/7/covertops_by_dabigdok-da5fg7c.jpg", "fileid": "g1170_d3z7clw.jpg"}, {"id": "g1170_d3yvlxf", "comment": "also http://pm1.narvii.com/5941/0e002ffd3194b4e048c9a288b594362b598f1aaa_hq.jpg", "date": "2016-06-06 21:31:24", "seriesname": "g1170_d3yvlxf", "file": "/media/jbrogan4/scratch2/Reddit_Prov_Dataset_v6/_Monkey_holding_3_knives/g1170_d3yvlxf.jpg", "URL": "http://pm1.narvii.com/5941/0e002ffd3194b4e048c9a288b594362b598f1aaa_hq.jpg", "fileid": "g1170_d3yvlxf.jpg"}, {"id": "g1170_d3yb4qz", "comment": "[CHOOSE YOUR FIGHTER!](http://imgur.com/Sp9lShI)", "date": "2016-06-06 13:39:05", "seriesname": "g1170_d3yb4qz", "file": "/media/jbrogan4/scratch2/Reddit_Prov_Dataset_v6/_Monkey_holding_3_knives/g1170_d3yb4qz.png", "URL": "http://i.imgur.com/Sp9lShI.png", "fileid": "g1170_d3yb4qz.png"}, {"id": "g1170_d3z1j58", "comment": "http://imgur.com/odJ5V96", "date": "2016-06-06 23:58:46", "seriesname": "g1170_d3z1j58", "file": "/media/jbrogan4/scratch2/Reddit_Prov_Dataset_v6/_Monkey_holding_3_knives/g1170_d3z1j58.png", "URL": "http://i.imgur.com/odJ5V96.png", "fileid": "g1170_d3z1j58.png"}, {"id": "g1170_d3yerqg", "comment": "Must protect identity: http://i.imgur.com/kBoM76o.jpg", "date": "2016-06-06 14:56:05", "seriesname": "g1170_d3yerqg", "file": "/media/jbrogan4/scratch2/Reddit_Prov_Dataset_v6/_Monkey_holding_3_knives/g1170_d3yerqg.jpg", "URL": "http://i.imgur.com/kBoM76o.jpg", "fileid": "g1170_d3yerqg.jpg"}], "graph": {"name": "g1170_root"}, "directed": true}