{"links": [{"op": "none", "target": 0, "source": 1}, {"op": "none", "target": 1, "source": 4}, {"op": "none", "target": 2, "source": 38}, {"op": "none", "target": 3, "source": 38}, {"op": "none", "target": 4, "source": 38}, {"op": "none", "target": 5, "source": 38}, {"op": "none", "target": 6, "source": 29}, {"op": "none", "target": 7, "source": 38}, {"op": "none", "target": 8, "source": 38}, {"op": "none", "target": 9, "source": 38}, {"op": "none", "target": 10, "source": 38}, {"op": "none", "target": 11, "source": 38}, {"op": "none", "target": 12, "source": 38}, {"op": "none", "target": 13, "source": 38}, {"op": "none", "target": 14, "source": 38}, {"op": "none", "target": 15, "source": 38}, {"op": "none", "target": 16, "source": 9}, {"op": "none", "target": 17, "source": 38}, {"op": "none", "target": 18, "source": 38}, {"op": "none", "target": 19, "source": 38}, {"op": "none", "target": 20, "source": 38}, {"op": "none", "target": 21, "source": 38}, {"op": "none", "target": 22, "source": 38}, {"op": "none", "target": 23, "source": 38}, {"op": "none", "target": 24, "source": 38}, {"op": "none", "target": 25, "source": 38}, {"op": "none", "target": 26, "source": 38}, {"op": "none", "target": 27, "source": 40}, {"op": "none", "target": 28, "source": 38}, {"op": "none", "target": 29, "source": 38}, {"op": "none", "target": 30, "source": 38}, {"op": "none", "target": 31, "source": 42}, {"op": "none", "target": 32, "source": 38}, {"op": "none", "target": 33, "source": 38}, {"op": "none", "target": 34, "source": 38}, {"op": "none", "target": 35, "source": 38}, {"op": "none", "target": 36, "source": 38}, {"op": "none", "target": 37, "source": 39}, {"op": "none", "target": 39, "source": 29}, {"op": "none", "target": 40, "source": 31}, {"op": "none", "target": 41, "source": 38}, {"op": "none", "target": 42, "source": 29}, {"op": "none", "target": 43, "source": 29}, {"op": "none", "target": 44, "source": 46}, {"op": "none", "target": 45, "source": 38}, {"op": "none", "target": 46, "source": 38}, {"op": "none", "target": 47, "source": 0}, {"op": "none", "target": 48, "source": 38}], "title": "_Albino_squirrel_leaning_on_a_screw", "nodes": [{"id": "g1175_ctfl8h3", "comment": "A girl can\n\nhttp://imgur.com/NmiqLO6\n\n(edit: this is my second or third time using PS and I suck)", "date": "2015-07-25 06:58:48", "seriesname": "g1175_ctfl8h3", "file": "/media/jbrogan4/scratch2/Reddit_Prov_Dataset_v6/_Albino_squirrel_leaning_on_a_screw/g1175_ctfl8h3.png", "URL": "http://i.imgur.com/NmiqLO6.png", "fileid": "g1175_ctfl8h3.png"}, {"id": "g1175_ctepd4g", "comment": "[http://i.imgur.com/HpXxW6B.png](http://i.imgur.com/HpXxW6B.png)", "date": "2015-07-24 12:15:19", "seriesname": "g1175_ctepd4g", "file": "/media/jbrogan4/scratch2/Reddit_Prov_Dataset_v6/_Albino_squirrel_leaning_on_a_screw/g1175_ctepd4g.png", "URL": "http://i.imgur.com/HpXxW6B.png](http://i.imgur.com/HpXxW6B.png", "fileid": "g1175_ctepd4g.png"}, {"id": "g1175_ctepvpp", "comment": "[Splinter ?](http://imgur.com/cGIzhSx)", "date": "2015-07-24 12:27:50", "seriesname": "g1175_ctepvpp", "file": "/media/jbrogan4/scratch2/Reddit_Prov_Dataset_v6/_Albino_squirrel_leaning_on_a_screw/g1175_ctepvpp.png", "URL": "http://i.imgur.com/cGIzhSx.png", "fileid": "g1175_ctepvpp.png"}, {"id": "g1175_ctewlc3", "comment": "[Open your mind to me QUAID!!](http://i.imgur.com/u85zPCX.jpg)", "date": "2015-07-24 15:11:53", "seriesname": "g1175_ctewlc3", "file": "/media/jbrogan4/scratch2/Reddit_Prov_Dataset_v6/_Albino_squirrel_leaning_on_a_screw/g1175_ctewlc3.jpg", "URL": "http://i.imgur.com/u85zPCX.jpg", "fileid": "g1175_ctewlc3.jpg"}, {"id": "g1175_ctelu0a", "comment": "[Winter is coming](http://imgur.com/94935wa.jpg)", "date": "2015-07-24 10:46:27", "seriesname": "g1175_ctelu0a", "file": "/media/jbrogan4/scratch2/Reddit_Prov_Dataset_v6/_Albino_squirrel_leaning_on_a_screw/g1175_ctelu0a.jpg", "URL": "http://imgur.com/94935wa.jpg", "fileid": "g1175_ctelu0a.jpg"}, {"id": "g1175_cteq2np", "comment": "[Welcome... to Jurassic Park](http://i.imgur.com/LDrp2mx.jpg)", "date": "2015-07-24 12:32:35", "seriesname": "g1175_cteq2np", "file": "/media/jbrogan4/scratch2/Reddit_Prov_Dataset_v6/_Albino_squirrel_leaning_on_a_screw/g1175_cteq2np.jpg", "URL": "http://i.imgur.com/LDrp2mx.jpg", "fileid": "g1175_cteq2np.jpg"}, {"id": "g1175_cterhq7", "comment": "[He's not going down without a fight.](http://i.imgur.com/YcFIuFC.png)", "date": "2015-07-24 13:07:32", "seriesname": "g1175_cterhq7", "file": "/media/jbrogan4/scratch2/Reddit_Prov_Dataset_v6/_Albino_squirrel_leaning_on_a_screw/g1175_cterhq7.png", "URL": "http://i.imgur.com/YcFIuFC.png", "fileid": "g1175_cterhq7.png"}, {"id": "g1175_ctenrd3", "comment": "[This squirrel is a P.I.M.P](http://i.imgur.com/Qn45jCI.jpg)", "date": "2015-07-24 11:36:05", "seriesname": "g1175_ctenrd3", "file": "/media/jbrogan4/scratch2/Reddit_Prov_Dataset_v6/_Albino_squirrel_leaning_on_a_screw/g1175_ctenrd3.jpg", "URL": "http://i.imgur.com/Qn45jCI.jpg", "fileid": "g1175_ctenrd3.jpg"}, {"id": "g1175_ctemnb1", "comment": "[I've had it with these dapper squirrels showing up everywhere](http://i.imgur.com/FPEg3ej.jpg)", "date": "2015-07-24 11:07:59", "seriesname": "g1175_ctemnb1", "file": "/media/jbrogan4/scratch2/Reddit_Prov_Dataset_v6/_Albino_squirrel_leaning_on_a_screw/g1175_ctemnb1.jpg", "URL": "http://i.imgur.com/FPEg3ej.jpg", "fileid": "g1175_ctemnb1.jpg"}, {"id": "g1175_ctep1c4", "comment": "[Squirlie Chaplin](http://i.imgur.com/yZevkym.jpg)", "date": "2015-07-24 12:07:14", "seriesname": "g1175_ctep1c4", "file": "/media/jbrogan4/scratch2/Reddit_Prov_Dataset_v6/_Albino_squirrel_leaning_on_a_screw/g1175_ctep1c4.jpg", "URL": "http://i.imgur.com/yZevkym.jpg", "fileid": "g1175_ctep1c4.jpg"}, {"id": "g1175_ctf1l6q", "comment": "[Am I late to the party?](http://i.imgur.com/B7ftTb8.jpg)", "date": "2015-07-24 17:16:12", "seriesname": "g1175_ctf1l6q", "file": "/media/jbrogan4/scratch2/Reddit_Prov_Dataset_v6/_Albino_squirrel_leaning_on_a_screw/g1175_ctf1l6q.jpg", "URL": "http://i.imgur.com/B7ftTb8.jpg", "fileid": "g1175_ctf1l6q.jpg"}, {"id": "g1175_cten743", "comment": "[My latest novel](http://i.imgur.com/Xem4ASG.jpg)", "date": "2015-07-24 11:22:05", "seriesname": "g1175_cten743", "file": "/media/jbrogan4/scratch2/Reddit_Prov_Dataset_v6/_Albino_squirrel_leaning_on_a_screw/g1175_cten743.jpg", "URL": "http://i.imgur.com/Xem4ASG.jpg", "fileid": "g1175_cten743.jpg"}, {"id": "g1175_ctexb5u", "comment": "I thought he would fit in the Secret of Nimh\n\nhttp://imgur.com/xvt0kWd", "date": "2015-07-24 15:29:18", "seriesname": "g1175_ctexb5u", "file": "/media/jbrogan4/scratch2/Reddit_Prov_Dataset_v6/_Albino_squirrel_leaning_on_a_screw/g1175_ctexb5u.png", "URL": "http://i.imgur.com/xvt0kWd.png", "fileid": "g1175_ctexb5u.png"}, {"id": "g1175_ctemzo1", "comment": "[You must *unsquirrel* what you have *squirreled*.](http://i.imgur.com/rHpNTlA.jpg)", "date": "2015-07-24 11:16:56", "seriesname": "g1175_ctemzo1", "file": "/media/jbrogan4/scratch2/Reddit_Prov_Dataset_v6/_Albino_squirrel_leaning_on_a_screw/g1175_ctemzo1.jpg", "URL": "http://i.imgur.com/rHpNTlA.jpg", "fileid": "g1175_ctemzo1.jpg"}, {"id": "g1175_cten31y", "comment": "[Nicodemus](http://imgur.com/VxL2c4N) as requested", "date": "2015-07-24 11:19:20", "seriesname": "g1175_cten31y", "file": "/media/jbrogan4/scratch2/Reddit_Prov_Dataset_v6/_Albino_squirrel_leaning_on_a_screw/g1175_cten31y.png", "URL": "http://i.imgur.com/VxL2c4N.png", "fileid": "g1175_cten31y.png"}, {"id": "g1175_ctele9n", "comment": "[Like a Sir](http://i.imgur.com/Wxuf9ny.jpg)", "date": "2015-07-24 10:34:40", "seriesname": "g1175_ctele9n", "file": "/media/jbrogan4/scratch2/Reddit_Prov_Dataset_v6/_Albino_squirrel_leaning_on_a_screw/g1175_ctele9n.jpg", "URL": "http://i.imgur.com/Wxuf9ny.jpg", "fileid": "g1175_ctele9n.jpg"}, {"id": "g1175_ctfm4om", "comment": "http://i.imgur.com/rBUNwcw.gif", "date": "2015-07-25 08:02:56", "seriesname": "g1175_ctfm4om", "file": "/media/jbrogan4/scratch2/Reddit_Prov_Dataset_v6/_Albino_squirrel_leaning_on_a_screw/g1175_ctfm4om.jpg", "URL": "http://i.imgur.com/rBUNwcw.gif", "fileid": "g1175_ctfm4om.gif"}, {"id": "g1175_ctetbpo", "comment": "[I'm a white squirrel. It's my heritage!](http://i.imgur.com/QwlhuCR.jpg)", "date": "2015-07-24 13:50:54", "seriesname": "g1175_ctetbpo", "file": "/media/jbrogan4/scratch2/Reddit_Prov_Dataset_v6/_Albino_squirrel_leaning_on_a_screw/g1175_ctetbpo.jpg", "URL": "http://i.imgur.com/QwlhuCR.jpg", "fileid": "g1175_ctetbpo.jpg"}, {"id": "g1175_cteso33", "comment": "[You Shall Not Pass OWL!!!!!!!!](http://i.imgur.com/0MFDS9Y.jpg)", "date": "2015-07-24 13:35:18", "seriesname": "g1175_cteso33", "file": "/media/jbrogan4/scratch2/Reddit_Prov_Dataset_v6/_Albino_squirrel_leaning_on_a_screw/g1175_cteso33.jpg", "URL": "http://i.imgur.com/0MFDS9Y.jpg", "fileid": "g1175_cteso33.jpg"}, {"id": "g1175_cteza95", "comment": "[Danger Squirrel!](http://i.imgur.com/TF5K1Jw.jpg)", "date": "2015-07-24 16:18:33", "seriesname": "g1175_cteza95", "file": "/media/jbrogan4/scratch2/Reddit_Prov_Dataset_v6/_Albino_squirrel_leaning_on_a_screw/g1175_cteza95.jpg", "URL": "http://i.imgur.com/TF5K1Jw.jpg", "fileid": "g1175_cteza95.jpg"}, {"id": "g1175_cteoryb", "comment": "[Master Splinter called in sick](http://i.imgur.com/Sfvtf5A.jpg)", "date": "2015-07-24 12:00:48", "seriesname": "g1175_cteoryb", "file": "/media/jbrogan4/scratch2/Reddit_Prov_Dataset_v6/_Albino_squirrel_leaning_on_a_screw/g1175_cteoryb.jpg", "URL": "http://i.imgur.com/Sfvtf5A.jpg", "fileid": "g1175_cteoryb.jpg"}, {"id": "g1175_ctenk8b", "comment": "[\"Use the force Luke...\"](http://i.imgur.com/RZXrpSZ.jpg)", "date": "2015-07-24 11:31:08", "seriesname": "g1175_ctenk8b", "file": "/media/jbrogan4/scratch2/Reddit_Prov_Dataset_v6/_Albino_squirrel_leaning_on_a_screw/g1175_ctenk8b.jpg", "URL": "http://i.imgur.com/RZXrpSZ.jpg", "fileid": "g1175_ctenk8b.jpg"}, {"id": "g1175_ctetk9a", "comment": "[Forget about the dragon balls, we must find the dragon's nuts](http://i.imgur.com/ALeqgr5.jpg)\n\nedit: Already been done, should've read the comments first.", "date": "2015-07-24 13:56:44", "seriesname": "g1175_ctetk9a", "file": "/media/jbrogan4/scratch2/Reddit_Prov_Dataset_v6/_Albino_squirrel_leaning_on_a_screw/g1175_ctetk9a.jpg", "URL": "http://i.imgur.com/ALeqgr5.jpg", "fileid": "g1175_ctetk9a.jpg"}, {"id": "g1175_ctewlvk", "comment": "[Meatwad &amp; Squirrely](http://imgur.com/EQz4Sdb)", "date": "2015-07-24 15:12:14", "seriesname": "g1175_ctewlvk", "file": "/media/jbrogan4/scratch2/Reddit_Prov_Dataset_v6/_Albino_squirrel_leaning_on_a_screw/g1175_ctewlvk.png", "URL": "http://i.imgur.com/EQz4Sdb.png", "fileid": "g1175_ctewlvk.png"}, {"id": "g1175_cteoay0", "comment": "[Hm. Very good, Goku. You have learned that all I have to teach you.](http://i.imgur.com/seNYKHB.png)", "date": "2015-07-24 11:49:22", "seriesname": "g1175_cteoay0", "file": "/media/jbrogan4/scratch2/Reddit_Prov_Dataset_v6/_Albino_squirrel_leaning_on_a_screw/g1175_cteoay0.png", "URL": "http://i.imgur.com/seNYKHB.png", "fileid": "g1175_cteoay0.png"}, {"id": "g1175_ctezocb", "comment": "[A Harrowing Tail](http://imgur.com/DfIkdYF)", "date": "2015-07-24 16:27:58", "seriesname": "g1175_ctezocb", "file": "/media/jbrogan4/scratch2/Reddit_Prov_Dataset_v6/_Albino_squirrel_leaning_on_a_screw/g1175_ctezocb.png", "URL": "http://i.imgur.com/DfIkdYF.png", "fileid": "g1175_ctezocb.png"}, {"id": "g1175_ctfbf40", "comment": "[Harry Potter and the Slush-Blood Prince](http://i.imgur.com/5Db1oZc.jpg)", "date": "2015-07-24 22:25:32", "seriesname": "g1175_ctfbf40", "file": "/media/jbrogan4/scratch2/Reddit_Prov_Dataset_v6/_Albino_squirrel_leaning_on_a_screw/g1175_ctfbf40.jpg", "URL": "http://i.imgur.com/5Db1oZc.jpg", "fileid": "g1175_ctfbf40.jpg"}, {"id": "g1175_ctf2gj9", "comment": "[Well...](http://i.imgur.com/yZdFqGm.gif)", "date": "2015-07-24 17:39:11", "seriesname": "g1175_ctf2gj9", "file": "/media/jbrogan4/scratch2/Reddit_Prov_Dataset_v6/_Albino_squirrel_leaning_on_a_screw/g1175_ctf2gj9.jpg", "URL": "http://i.imgur.com/yZdFqGm.gif", "fileid": "g1175_ctf2gj9.gif"}, {"id": "g1175_ctes4o0", "comment": "[King Arthur The Albino Squirrel](http://i.imgur.com/SvPgHoG.jpg)", "date": "2015-07-24 13:22:36", "seriesname": "g1175_ctes4o0", "file": "/media/jbrogan4/scratch2/Reddit_Prov_Dataset_v6/_Albino_squirrel_leaning_on_a_screw/g1175_ctes4o0.jpg", "URL": "http://i.imgur.com/SvPgHoG.jpg", "fileid": "g1175_ctes4o0.jpg"}, {"id": "g1175_ctembl7", "comment": "[You shall not pass.](http://i.imgur.com/faqLOdE.jpg)", "date": "2015-07-24 10:59:25", "seriesname": "g1175_ctembl7", "file": "/media/jbrogan4/scratch2/Reddit_Prov_Dataset_v6/_Albino_squirrel_leaning_on_a_screw/g1175_ctembl7.jpg", "URL": "http://i.imgur.com/faqLOdE.jpg", "fileid": "g1175_ctembl7.jpg"}, {"id": "g1175_ctez7y4", "comment": "[I don't always...](http://i.imgur.com/VYxF44e.png)", "date": "2015-07-24 16:16:54", "seriesname": "g1175_ctez7y4", "file": "/media/jbrogan4/scratch2/Reddit_Prov_Dataset_v6/_Albino_squirrel_leaning_on_a_screw/g1175_ctez7y4.png", "URL": "http://i.imgur.com/VYxF44e.png", "fileid": "g1175_ctez7y4.png"}, {"id": "g1175_ctex8rs", "comment": "Yeah but now the flaming screw sword makes no sense\n\nEdit: Since no one else is stepping up to the plate, [here ya go.](http://i.imgur.com/NvbIj7g.jpg)", "date": "2015-07-24 15:27:44", "seriesname": "g1175_ctex8rs", "file": "/media/jbrogan4/scratch2/Reddit_Prov_Dataset_v6/_Albino_squirrel_leaning_on_a_screw/g1175_ctex8rs.jpg", "URL": "http://i.imgur.com/NvbIj7g.jpg", "fileid": "g1175_ctex8rs.jpg"}, {"id": "g1175_cten50k", "comment": "[Want some Bacon? No man, I don't eat pork.](http://i.imgur.com/qZVHVpb.jpg)", "date": "2015-07-24 11:20:39", "seriesname": "g1175_cten50k", "file": "/media/jbrogan4/scratch2/Reddit_Prov_Dataset_v6/_Albino_squirrel_leaning_on_a_screw/g1175_cten50k.jpg", "URL": "http://i.imgur.com/qZVHVpb.jpg", "fileid": "g1175_cten50k.jpg"}, {"id": "g1175_cteo1k4", "comment": "The eye is terrifying, but I tried. [Squirrel, M.D](http://imgur.com/WKinGc7)", "date": "2015-07-24 11:43:00", "seriesname": "g1175_cteo1k4", "file": "/media/jbrogan4/scratch2/Reddit_Prov_Dataset_v6/_Albino_squirrel_leaning_on_a_screw/g1175_cteo1k4.png", "URL": "http://i.imgur.com/WKinGc7.png", "fileid": "g1175_cteo1k4.png"}, {"id": "g1175_ctepnqv", "comment": "http://www.imgur.com/ixOZjwO.jpeg", "date": "2015-07-24 12:22:27", "seriesname": "g1175_ctepnqv", "file": "/media/jbrogan4/scratch2/Reddit_Prov_Dataset_v6/_Albino_squirrel_leaning_on_a_screw/g1175_ctepnqv.jpg", "URL": "http://www.imgur.com/ixOZjwO.jpeg", "fileid": "g1175_ctepnqv.jpeg"}, {"id": "g1175_ctenyvm", "comment": "[Squirreluman](https://imgur.com/LcP5rfn)", "date": "2015-07-24 11:41:09", "seriesname": "g1175_ctenyvm", "file": "/media/jbrogan4/scratch2/Reddit_Prov_Dataset_v6/_Albino_squirrel_leaning_on_a_screw/g1175_ctenyvm.png", "URL": "http://i.imgur.com/LcP5rfn.png", "fileid": "g1175_ctenyvm.png"}, {"id": "g1175_cteoh3k", "comment": "[To new adventures my fine furry friend!](http://i.imgur.com/VeGtycm.jpg)", "date": "2015-07-24 11:53:27", "seriesname": "g1175_cteoh3k", "file": "/media/jbrogan4/scratch2/Reddit_Prov_Dataset_v6/_Albino_squirrel_leaning_on_a_screw/g1175_cteoh3k.jpg", "URL": "http://i.imgur.com/VeGtycm.jpg", "fileid": "g1175_cteoh3k.jpg"}, {"id": "g1175_ctfbhj1", "comment": "http://imgur.com/voFucVP", "date": "2015-07-24 22:27:50", "seriesname": "g1175_ctfbhj1", "file": "/media/jbrogan4/scratch2/Reddit_Prov_Dataset_v6/_Albino_squirrel_leaning_on_a_screw/g1175_ctfbhj1.png", "URL": "http://i.imgur.com/voFucVP.png", "fileid": "g1175_ctfbhj1.png"}, {"id": "g1175_root", "comment": "", "date": "2015-07-24 10:07:59", "seriesname": "g1175_root", "file": "/media/jbrogan4/scratch2/Reddit_Prov_Dataset_v6/_Albino_squirrel_leaning_on_a_screw/g1175_root.jpg", "URL": "http://imgur.com/vrtrdpc.jpg", "fileid": "g1175_root.jpg"}, {"id": "g1175_ctesywr", "comment": "[I made it more realistic](http://i.imgur.com/0MFDS9Y.jpg)", "date": "2015-07-24 13:42:31", "seriesname": "g1175_ctesywr", "file": "/media/jbrogan4/scratch2/Reddit_Prov_Dataset_v6/_Albino_squirrel_leaning_on_a_screw/g1175_ctesywr.jpg", "URL": "http://i.imgur.com/0MFDS9Y.jpg", "fileid": "g1175_ctesywr.jpg"}, {"id": "g1175_cteylt3", "comment": "gimme a sec, downloading gimp.\n\nedit: way to be a dick man. I told you I was doing it. God. Couldn't just wait until I went to Staples and picked up some stamps. Kids have no patience these days. /s\n\nhttp://i.imgur.com/fJnB8ZI.png\n\nI hope you didnt get carpal tunnel from creating two layers and erasing that 1.5 inch screw. ", "date": "2015-07-24 16:01:14", "seriesname": "g1175_cteylt3", "file": "/media/jbrogan4/scratch2/Reddit_Prov_Dataset_v6/_Albino_squirrel_leaning_on_a_screw/g1175_cteylt3.png", "URL": "http://i.imgur.com/fJnB8ZI.png", "fileid": "g1175_cteylt3.png"}, {"id": "g1175_cteocwx", "comment": "[Finger Lickin' Good](http://i.imgur.com/gTIVRpZ.jpg)", "date": "2015-07-24 11:50:40", "seriesname": "g1175_cteocwx", "file": "/media/jbrogan4/scratch2/Reddit_Prov_Dataset_v6/_Albino_squirrel_leaning_on_a_screw/g1175_cteocwx.jpg", "URL": "http://i.imgur.com/gTIVRpZ.jpg", "fileid": "g1175_cteocwx.jpg"}, {"id": "g1175_ctetmil", "comment": "I took care of it for you.  Happy new facebook banner day.\n\nhttp://i.imgur.com/Cy2IKtW.jpg", "date": "2015-07-24 13:58:17", "seriesname": "g1175_ctetmil", "file": "/media/jbrogan4/scratch2/Reddit_Prov_Dataset_v6/_Albino_squirrel_leaning_on_a_screw/g1175_ctetmil.jpg", "URL": "http://i.imgur.com/Cy2IKtW.jpg", "fileid": "g1175_ctetmil.jpg"}, {"id": "g1175_ctetppe", "comment": "Like [this?](http://i.imgur.com/mNrcAsU.jpg)", "date": "2015-07-24 14:00:24", "seriesname": "g1175_ctetppe", "file": "/media/jbrogan4/scratch2/Reddit_Prov_Dataset_v6/_Albino_squirrel_leaning_on_a_screw/g1175_ctetppe.jpg", "URL": "http://i.imgur.com/mNrcAsU.jpg", "fileid": "g1175_ctetppe.jpg"}, {"id": "g1175_cteu9sx", "comment": "[Request Fulfilled](http://i.imgur.com/cclaS41.jpg)", "date": "2015-07-24 14:13:55", "seriesname": "g1175_cteu9sx", "file": "/media/jbrogan4/scratch2/Reddit_Prov_Dataset_v6/_Albino_squirrel_leaning_on_a_screw/g1175_cteu9sx.jpg", "URL": "http://i.imgur.com/cclaS41.jpg", "fileid": "g1175_cteu9sx.jpg"}, {"id": "g1175_ctev482", "comment": "[Someone is a little Grinchy](http://i.imgur.com/YtFgdiH.jpg)", "date": "2015-07-24 14:34:12", "seriesname": "g1175_ctev482", "file": "/media/jbrogan4/scratch2/Reddit_Prov_Dataset_v6/_Albino_squirrel_leaning_on_a_screw/g1175_ctev482.jpg", "URL": "http://i.imgur.com/YtFgdiH.jpg", "fileid": "g1175_ctev482.jpg"}, {"id": "g1175_cteoy2p", "comment": "[Lemmiwinks IRL](http://i.imgur.com/fyPvBer.jpg)", "date": "2015-07-24 12:04:59", "seriesname": "g1175_cteoy2p", "file": "/media/jbrogan4/scratch2/Reddit_Prov_Dataset_v6/_Albino_squirrel_leaning_on_a_screw/g1175_cteoy2p.jpg", "URL": "http://i.imgur.com/fyPvBer.jpg", "fileid": "g1175_cteoy2p.jpg"}, {"id": "g1175_ctft9g2", "comment": "I love it!! I made a poster from it, hope you like it! \n\nhttp://imgur.com/zUp7gJq\n\n", "date": "2015-07-25 12:55:55", "seriesname": "g1175_ctft9g2", "file": "/media/jbrogan4/scratch2/Reddit_Prov_Dataset_v6/_Albino_squirrel_leaning_on_a_screw/g1175_ctft9g2.png", "URL": "http://i.imgur.com/zUp7gJq.png", "fileid": "g1175_ctft9g2.png"}, {"id": "g1175_cten640", "comment": "[Walk this way.... This way!](http://i.imgur.com/SSqjprA.jpg)", "date": "2015-07-24 11:21:24", "seriesname": "g1175_cten640", "file": "/media/jbrogan4/scratch2/Reddit_Prov_Dataset_v6/_Albino_squirrel_leaning_on_a_screw/g1175_cten640.jpg", "URL": "http://i.imgur.com/SSqjprA.jpg", "fileid": "g1175_cten640.jpg"}], "graph": {"name": "g1175_root"}, "directed": true}