{"links": [{"op": "none", "target": 0, "source": 46}, {"op": "none", "target": 1, "source": 46}, {"op": "none", "target": 2, "source": 46}, {"op": "none", "target": 3, "source": 46}, {"op": "none", "target": 4, "source": 46}, {"op": "none", "target": 5, "source": 46}, {"op": "none", "target": 6, "source": 46}, {"op": "none", "target": 7, "source": 35}, {"op": "none", "target": 8, "source": 46}, {"op": "none", "target": 9, "source": 46}, {"op": "none", "target": 10, "source": 46}, {"op": "none", "target": 11, "source": 46}, {"op": "none", "target": 12, "source": 46}, {"op": "none", "target": 13, "source": 46}, {"op": "none", "target": 14, "source": 46}, {"op": "none", "target": 15, "source": 21}, {"op": "none", "target": 16, "source": 13}, {"op": "none", "target": 17, "source": 22}, {"op": "none", "target": 18, "source": 46}, {"op": "none", "target": 19, "source": 46}, {"op": "none", "target": 20, "source": 46}, {"op": "none", "target": 21, "source": 46}, {"op": "none", "target": 22, "source": 33}, {"op": "none", "target": 23, "source": 46}, {"op": "none", "target": 24, "source": 46}, {"op": "none", "target": 25, "source": 46}, {"op": "none", "target": 26, "source": 46}, {"op": "none", "target": 27, "source": 15}, {"op": "none", "target": 28, "source": 46}, {"op": "none", "target": 29, "source": 47}, {"op": "none", "target": 30, "source": 46}, {"op": "none", "target": 31, "source": 46}, {"op": "none", "target": 32, "source": 46}, {"op": "none", "target": 33, "source": 46}, {"op": "none", "target": 34, "source": 46}, {"op": "none", "target": 35, "source": 46}, {"op": "none", "target": 36, "source": 46}, {"op": "none", "target": 37, "source": 46}, {"op": "none", "target": 38, "source": 46}, {"op": "none", "target": 39, "source": 46}, {"op": "none", "target": 40, "source": 39}, {"op": "none", "target": 41, "source": 46}, {"op": "none", "target": 42, "source": 46}, {"op": "none", "target": 43, "source": 46}, {"op": "none", "target": 44, "source": 46}, {"op": "none", "target": 45, "source": 46}, {"op": "none", "target": 47, "source": 46}], "title": "A_seal_with_a_data-logger_on_its_head_(x-post_from_r_funny)", "nodes": [{"id": "g1171_ciu62fz", "comment": "[Statler and Waldorf ](http://i.imgur.com/yx7dg2Z.jpg)", "date": "2014-07-10 23:30:04", "seriesname": "g1171_ciu62fz", "file": "/media/jbrogan4/scratch2/Reddit_Prov_Dataset_v6/A_seal_with_a_data-logger_on_its_head_(x-post_from_r_funny)/g1171_ciu62fz.jpg", "URL": "http://i.imgur.com/yx7dg2Z.jpg", "fileid": "g1171_ciu62fz.jpg"}, {"id": "g1171_ciu7lye", "comment": "http://imgur.com/vbArVsx", "date": "2014-07-11 00:28:26", "seriesname": "g1171_ciu7lye", "file": "/media/jbrogan4/scratch2/Reddit_Prov_Dataset_v6/A_seal_with_a_data-logger_on_its_head_(x-post_from_r_funny)/g1171_ciu7lye.png", "URL": "http://i.imgur.com/vbArVsx.png", "fileid": "g1171_ciu7lye.png"}, {"id": "g1171_ciu6o72", "comment": "[US Navy SEALS](http://imgur.com/gdE5Eby)", "date": "2014-07-10 23:52:21", "seriesname": "g1171_ciu6o72", "file": "/media/jbrogan4/scratch2/Reddit_Prov_Dataset_v6/A_seal_with_a_data-logger_on_its_head_(x-post_from_r_funny)/g1171_ciu6o72.png", "URL": "http://i.imgur.com/gdE5Eby.png", "fileid": "g1171_ciu6o72.png"}, {"id": "g1171_ciucwaj", "comment": "[Three seal moon](http://i.imgur.com/6OBlNe4.jpg)\n\nMy first submission.", "date": "2014-07-11 05:47:03", "seriesname": "g1171_ciucwaj", "file": "/media/jbrogan4/scratch2/Reddit_Prov_Dataset_v6/A_seal_with_a_data-logger_on_its_head_(x-post_from_r_funny)/g1171_ciucwaj.jpg", "URL": "http://i.imgur.com/6OBlNe4.jpg", "fileid": "g1171_ciucwaj.jpg"}, {"id": "g1171_ciua9tt", "comment": "[Reddit gets drawn](http://i.imgur.com/sFk9rD2.jpg)", "date": "2014-07-11 02:31:51", "seriesname": "g1171_ciua9tt", "file": "/media/jbrogan4/scratch2/Reddit_Prov_Dataset_v6/A_seal_with_a_data-logger_on_its_head_(x-post_from_r_funny)/g1171_ciua9tt.jpg", "URL": "http://i.imgur.com/sFk9rD2.jpg", "fileid": "g1171_ciua9tt.jpg"}, {"id": "g1171_ciucgu8", "comment": "[Dinner with Obama](http://i.imgur.com/gl0N5T8.jpg)\n\n[(original)](http://michellepictures.com/files/2009/11/President-Barack-Obama-Speaker-Nancy-Pelosi-General-Colin-Powell-Gursharan-Kaur-India-State-Dinner.jpg)", "date": "2014-07-11 05:08:33", "seriesname": "g1171_ciucgu8", "file": "/media/jbrogan4/scratch2/Reddit_Prov_Dataset_v6/A_seal_with_a_data-logger_on_its_head_(x-post_from_r_funny)/g1171_ciucgu8.jpg", "URL": "http://michellepictures.com/files/2009/11/President-Barack-Obama-Speaker-Nancy-Pelosi-General-Colin-Powell-Gursharan-Kaur-India-State-Dinner.jpg", "fileid": "g1171_ciucgu8.jpg"}, {"id": "g1171_ciu9z98", "comment": "[\"Haha Tony is such an idiot. I'm glad we left that loser behind!\"](http://i.imgur.com/3xnqnWp.jpg)", "date": "2014-07-11 02:15:45", "seriesname": "g1171_ciu9z98", "file": "/media/jbrogan4/scratch2/Reddit_Prov_Dataset_v6/A_seal_with_a_data-logger_on_its_head_(x-post_from_r_funny)/g1171_ciu9z98.jpg", "URL": "http://i.imgur.com/3xnqnWp.jpg", "fileid": "g1171_ciu9z98.jpg"}, {"id": "g1171_ciu27h1", "comment": "[Damn beat me to it](http://i.imgur.com/zr0Ueyz.jpg) And with the same ball pic too!\n\nNice work, my caption would have been 'How the hell am I supposed to do the show now?'", "date": "2014-07-10 21:09:43", "seriesname": "g1171_ciu27h1", "file": "/media/jbrogan4/scratch2/Reddit_Prov_Dataset_v6/A_seal_with_a_data-logger_on_its_head_(x-post_from_r_funny)/g1171_ciu27h1.jpg", "URL": "http://i.imgur.com/zr0Ueyz.jpg", "fileid": "g1171_ciu27h1.jpg"}, {"id": "g1171_ciu46qd", "comment": "[Hanseal, he's so hot right now](http://i.imgur.com/9TPVc8H.jpg)\n\nEdit: Thanks for the gold!", "date": "2014-07-10 22:23:11", "seriesname": "g1171_ciu46qd", "file": "/media/jbrogan4/scratch2/Reddit_Prov_Dataset_v6/A_seal_with_a_data-logger_on_its_head_(x-post_from_r_funny)/g1171_ciu46qd.jpg", "URL": "http://i.imgur.com/9TPVc8H.jpg", "fileid": "g1171_ciu46qd.jpg"}, {"id": "g1171_ciu3k8y", "comment": "[this is rather seally](http://i.imgur.com/SeKV54a.jpg)", "date": "2014-07-10 22:00:11", "seriesname": "g1171_ciu3k8y", "file": "/media/jbrogan4/scratch2/Reddit_Prov_Dataset_v6/A_seal_with_a_data-logger_on_its_head_(x-post_from_r_funny)/g1171_ciu3k8y.jpg", "URL": "http://i.imgur.com/SeKV54a.jpg", "fileid": "g1171_ciu3k8y.jpg"}, {"id": "g1171_ciu25u5", "comment": "[they seal haven't gotten you the tvo...](http://i.imgur.com/nODJF1M.jpg)", "date": "2014-07-10 21:08:05", "seriesname": "g1171_ciu25u5", "file": "/media/jbrogan4/scratch2/Reddit_Prov_Dataset_v6/A_seal_with_a_data-logger_on_its_head_(x-post_from_r_funny)/g1171_ciu25u5.jpg", "URL": "http://i.imgur.com/nODJF1M.jpg", "fileid": "g1171_ciu25u5.jpg"}, {"id": "g1171_ciu48ah", "comment": "[Presidential Seals](http://i.imgur.com/AB5sqSe.jpg)", "date": "2014-07-10 22:24:50", "seriesname": "g1171_ciu48ah", "file": "/media/jbrogan4/scratch2/Reddit_Prov_Dataset_v6/A_seal_with_a_data-logger_on_its_head_(x-post_from_r_funny)/g1171_ciu48ah.jpg", "URL": "http://i.imgur.com/AB5sqSe.jpg", "fileid": "g1171_ciu48ah.jpg"}, {"id": "g1171_ciu2iir", "comment": "[Seal Class Attack Ships](http://i.imgur.com/H8kyMLB.jpg)", "date": "2014-07-10 21:21:22", "seriesname": "g1171_ciu2iir", "file": "/media/jbrogan4/scratch2/Reddit_Prov_Dataset_v6/A_seal_with_a_data-logger_on_its_head_(x-post_from_r_funny)/g1171_ciu2iir.jpg", "URL": "http://i.imgur.com/H8kyMLB.jpg", "fileid": "g1171_ciu2iir.jpg"}, {"id": "g1171_ciu2t7g", "comment": "[hey Carl...](http://i.imgur.com/L0kkLcz.jpg)", "date": "2014-07-10 21:32:30", "seriesname": "g1171_ciu2t7g", "file": "/media/jbrogan4/scratch2/Reddit_Prov_Dataset_v6/A_seal_with_a_data-logger_on_its_head_(x-post_from_r_funny)/g1171_ciu2t7g.jpg", "URL": "http://i.imgur.com/L0kkLcz.jpg", "fileid": "g1171_ciu2t7g.jpg"}, {"id": "g1171_ciua6n2", "comment": "http://imgur.com/DxAl2P3\n\nTIL the Phenomenauts are on the lookout for new band members.", "date": "2014-07-11 02:26:58", "seriesname": "g1171_ciua6n2", "file": "/media/jbrogan4/scratch2/Reddit_Prov_Dataset_v6/A_seal_with_a_data-logger_on_its_head_(x-post_from_r_funny)/g1171_ciua6n2.png", "URL": "http://i.imgur.com/DxAl2P3.png", "fileid": "g1171_ciua6n2.png"}, {"id": "g1171_ciu4llk", "comment": "[Let's go deeper.](http://i.imgur.com/oTf8R2C.png)", "date": "2014-07-10 22:38:12", "seriesname": "g1171_ciu4llk", "file": "/media/jbrogan4/scratch2/Reddit_Prov_Dataset_v6/A_seal_with_a_data-logger_on_its_head_(x-post_from_r_funny)/g1171_ciu4llk.png", "URL": "http://i.imgur.com/oTf8R2C.png", "fileid": "g1171_ciu4llk.png"}, {"id": "g1171_ciu9dr9", "comment": "[got stabbed in the chest 37 times doing this](http://i.imgur.com/uE6ijG9.jpg)", "date": "2014-07-11 01:45:19", "seriesname": "g1171_ciu9dr9", "file": "/media/jbrogan4/scratch2/Reddit_Prov_Dataset_v6/A_seal_with_a_data-logger_on_its_head_(x-post_from_r_funny)/g1171_ciu9dr9.jpg", "URL": "http://i.imgur.com/uE6ijG9.jpg", "fileid": "g1171_ciu9dr9.jpg"}, {"id": "g1171_cjk4ch3", "comment": "http://i.imgur.com/bKzMmJZ.jpg\n\nWhat he is really, really thinking...", "date": "2014-08-07 21:53:24", "seriesname": "g1171_cjk4ch3", "file": "/media/jbrogan4/scratch2/Reddit_Prov_Dataset_v6/A_seal_with_a_data-logger_on_its_head_(x-post_from_r_funny)/g1171_cjk4ch3.jpg", "URL": "http://i.imgur.com/bKzMmJZ.jpg", "fileid": "g1171_cjk4ch3.jpg"}, {"id": "g1171_ciu1mw5", "comment": "kabobb http://imgur.com/SipLgYn", "date": "2014-07-10 20:48:18", "seriesname": "g1171_ciu1mw5", "file": "/media/jbrogan4/scratch2/Reddit_Prov_Dataset_v6/A_seal_with_a_data-logger_on_its_head_(x-post_from_r_funny)/g1171_ciu1mw5.png", "URL": "http://i.imgur.com/SipLgYn.png", "fileid": "g1171_ciu1mw5.png"}, {"id": "g1171_ciui3uc", "comment": "[Clubbin' Seals](http://imgur.com/wVxcxZL)", "date": "2014-07-11 10:39:35", "seriesname": "g1171_ciui3uc", "file": "/media/jbrogan4/scratch2/Reddit_Prov_Dataset_v6/A_seal_with_a_data-logger_on_its_head_(x-post_from_r_funny)/g1171_ciui3uc.png", "URL": "http://i.imgur.com/wVxcxZL.png", "fileid": "g1171_ciui3uc.png"}, {"id": "g1171_ciu2d5k", "comment": "[Where's Waldo PSB-Edition #8](http://i.imgur.com/CCWphPK.jpg)\n\n**New this time: A Seal With His Tracker, A Bear With His Tongue Sticking Out, and everyone\u2019s favorite biter: Luis Suarez** *(plus new extras Pedobear and Troll Face)!*\n\nAlso look for things from other recent PSBs like the [Bad-ass Pakistani Boy](http://www.reddit.com/r/photoshopbattles/comments/2ablv2/a_bad_ass_looking_pakistani_boy_walking_in_front/)\u2026 [A Baby Wallaby](http://www.reddit.com/r/photoshopbattles/comments/2a9bq4/a_baby_wallaby_enjoying_the_beach/)\u2026 [Watermelon Dude](http://www.reddit.com/r/photoshopbattles/comments/29uy0p/watermelon_dude/)\u2026 [Sad Brazilian](http://www.reddit.com/r/photoshopbattles/comments/2a6rs0/old_man_with_a_mustache_hugging_a_world_cup_while/)\u2026 [Shaolin Monks (one in orange one in white)](http://www.reddit.com/r/photoshopbattles/comments/2a45rl/shaolin_monks_training/)... [The Expressive Hippo](http://www.reddit.com/r/photoshopbattles/comments/2a1heb/a_close_up_shot_of_an_expressive_hippo_10871200/)... [The Sneezing Cat](http://www.reddit.com/r/photoshopbattles/comments/29ysaz/a_cat_midsneeze/)... [The Jumping Otter](http://www.reddit.com/r/photoshopbattles/comments/29yr0z/otter_running_towards_camera/)... [The Tricolor Painted German Football Fan](http://www.reddit.com/r/photoshopbattles/comments/29wtx4/a_fan/)... [The German Flag Girl in Paris](http://www.reddit.com/r/photoshopbattles/comments/29wskc/one_girl_in_paris_xpost_from_rpics/)... Also fun extras like the horse mask guy, suspicious Fry, angry cat, strutting Leo, Snoo, and don't forget Wally!!\n\n[Here's the solution for the lazy and for those that don't care to search.](http://i.imgur.com/Yqp3MhC.jpg)", "date": "2014-07-10 21:15:43", "seriesname": "g1171_ciu2d5k", "file": "/media/jbrogan4/scratch2/Reddit_Prov_Dataset_v6/A_seal_with_a_data-logger_on_its_head_(x-post_from_r_funny)/g1171_ciu2d5k.jpg", "URL": "http://i.imgur.com/Yqp3MhC.jpg", "fileid": "g1171_ciu2d5k.jpg"}, {"id": "g1171_ciu332x", "comment": "[This makes no sense at all and I don't understand why I just spent so much time on it.](http://i.imgur.com/DP02rF6.png)", "date": "2014-07-10 21:42:45", "seriesname": "g1171_ciu332x", "file": "/media/jbrogan4/scratch2/Reddit_Prov_Dataset_v6/A_seal_with_a_data-logger_on_its_head_(x-post_from_r_funny)/g1171_ciu332x.png", "URL": "http://i.imgur.com/DP02rF6.png", "fileid": "g1171_ciu332x.png"}, {"id": "g1171_ciubvsk", "comment": "[What he really thinks...](http://i.imgur.com/CnWvo1I.jpg)", "date": "2014-07-11 04:19:36", "seriesname": "g1171_ciubvsk", "file": "/media/jbrogan4/scratch2/Reddit_Prov_Dataset_v6/A_seal_with_a_data-logger_on_its_head_(x-post_from_r_funny)/g1171_ciubvsk.jpg", "URL": "http://i.imgur.com/CnWvo1I.jpg", "fileid": "g1171_ciubvsk.jpg"}, {"id": "g1171_ciuks2y", "comment": "[You can't triple stamp a double stamp!](http://i.imgur.com/UZu3gie.jpg)", "date": "2014-07-11 12:04:08", "seriesname": "g1171_ciuks2y", "file": "/media/jbrogan4/scratch2/Reddit_Prov_Dataset_v6/A_seal_with_a_data-logger_on_its_head_(x-post_from_r_funny)/g1171_ciuks2y.jpg", "URL": "http://i.imgur.com/UZu3gie.jpg", "fileid": "g1171_ciuks2y.jpg"}, {"id": "g1171_ciu1x4g", "comment": "http://imgur.com/JUhbiH8", "date": "2014-07-10 20:59:00", "seriesname": "g1171_ciu1x4g", "file": "/media/jbrogan4/scratch2/Reddit_Prov_Dataset_v6/A_seal_with_a_data-logger_on_its_head_(x-post_from_r_funny)/g1171_ciu1x4g.png", "URL": "http://i.imgur.com/JUhbiH8.png", "fileid": "g1171_ciu1x4g.png"}, {"id": "g1171_ciu1j53", "comment": "[Hahahah! Business.](http://i.imgur.com/8rrdsKA.jpg)", "date": "2014-07-10 20:44:29", "seriesname": "g1171_ciu1j53", "file": "/media/jbrogan4/scratch2/Reddit_Prov_Dataset_v6/A_seal_with_a_data-logger_on_its_head_(x-post_from_r_funny)/g1171_ciu1j53.jpg", "URL": "http://i.imgur.com/8rrdsKA.jpg", "fileid": "g1171_ciu1j53.jpg"}, {"id": "g1171_ciu48t8", "comment": "[Fuckin' NSA man..](http://i.imgur.com/o0H0YFF.jpg)", "date": "2014-07-10 22:25:23", "seriesname": "g1171_ciu48t8", "file": "/media/jbrogan4/scratch2/Reddit_Prov_Dataset_v6/A_seal_with_a_data-logger_on_its_head_(x-post_from_r_funny)/g1171_ciu48t8.jpg", "URL": "http://i.imgur.com/o0H0YFF.jpg", "fileid": "g1171_ciu48t8.jpg"}, {"id": "g1171_ciu54v0", "comment": "[Lets go even deeper](http://i.imgur.com/7QQvpwz.jpg)", "date": "2014-07-10 22:57:36", "seriesname": "g1171_ciu54v0", "file": "/media/jbrogan4/scratch2/Reddit_Prov_Dataset_v6/A_seal_with_a_data-logger_on_its_head_(x-post_from_r_funny)/g1171_ciu54v0.jpg", "URL": "http://i.imgur.com/7QQvpwz.jpg", "fileid": "g1171_ciu54v0.jpg"}, {"id": "g1171_ciud6cp", "comment": "[Why are these humans not communicating with us?](http://i.imgur.com/bJF7K8w.png)", "date": "2014-07-11 06:11:59", "seriesname": "g1171_ciud6cp", "file": "/media/jbrogan4/scratch2/Reddit_Prov_Dataset_v6/A_seal_with_a_data-logger_on_its_head_(x-post_from_r_funny)/g1171_ciud6cp.png", "URL": "http://i.imgur.com/bJF7K8w.png", "fileid": "g1171_ciud6cp.png"}, {"id": "g1171_ciud7tm", "comment": "[(tried to) FTFY](http://i.imgur.com/q3kzK1Q.png)", "date": "2014-07-11 06:15:37", "seriesname": "g1171_ciud7tm", "file": "/media/jbrogan4/scratch2/Reddit_Prov_Dataset_v6/A_seal_with_a_data-logger_on_its_head_(x-post_from_r_funny)/g1171_ciud7tm.png", "URL": "http://i.imgur.com/q3kzK1Q.png", "fileid": "g1171_ciud7tm.png"}, {"id": "g1171_ciu44yz", "comment": "http://i.imgur.com/8KUnsZ2.jpg", "date": "2014-07-10 22:21:26", "seriesname": "g1171_ciu44yz", "file": "/media/jbrogan4/scratch2/Reddit_Prov_Dataset_v6/A_seal_with_a_data-logger_on_its_head_(x-post_from_r_funny)/g1171_ciu44yz.jpg", "URL": "http://i.imgur.com/8KUnsZ2.jpg", "fileid": "g1171_ciu44yz.jpg"}, {"id": "g1171_ciui9oa", "comment": "[MARINE TRAINING (http://i.imgur.com/erUqDKH.png)", "date": "2014-07-11 10:44:55", "seriesname": "g1171_ciui9oa", "file": "/media/jbrogan4/scratch2/Reddit_Prov_Dataset_v6/A_seal_with_a_data-logger_on_its_head_(x-post_from_r_funny)/g1171_ciui9oa.png", "URL": "http://i.imgur.com/erUqDKH.png", "fileid": "g1171_ciui9oa.png"}, {"id": "g1171_ciu26uh", "comment": "[Whac-A-Seal](http://imgur.com/nOCMDll)", "date": "2014-07-10 21:09:05", "seriesname": "g1171_ciu26uh", "file": "/media/jbrogan4/scratch2/Reddit_Prov_Dataset_v6/A_seal_with_a_data-logger_on_its_head_(x-post_from_r_funny)/g1171_ciu26uh.png", "URL": "http://i.imgur.com/nOCMDll.png", "fileid": "g1171_ciu26uh.png"}, {"id": "g1171_ciu3cgo", "comment": "[Ooh, I love the look of that hat.. Part Thirty](http://i.imgur.com/VI0nBe5.png)\n\n[Part Twenty-Nine](http://www.reddit.com/r/photoshopbattles/comments/2ablv2/a_bad_ass_looking_pakistani_boy_walking_in_front/citembf)\n\n[Part Thirty-One](http://www.reddit.com/r/photoshopbattles/comments/2ak42c/nihang_sikh/ciwpwv1)\n\nSee more at /r/HatCovetingPutin!", "date": "2014-07-10 21:52:26", "seriesname": "g1171_ciu3cgo", "file": "/media/jbrogan4/scratch2/Reddit_Prov_Dataset_v6/A_seal_with_a_data-logger_on_its_head_(x-post_from_r_funny)/g1171_ciu3cgo.png", "URL": "http://i.imgur.com/VI0nBe5.png", "fileid": "g1171_ciu3cgo.png"}, {"id": "g1171_ciud9ci", "comment": "[A new breed of Sontaran (Dr. Who)](http://i.imgur.com/tLCbLzV.jpg)", "date": "2014-07-11 06:19:25", "seriesname": "g1171_ciud9ci", "file": "/media/jbrogan4/scratch2/Reddit_Prov_Dataset_v6/A_seal_with_a_data-logger_on_its_head_(x-post_from_r_funny)/g1171_ciud9ci.jpg", "URL": "http://i.imgur.com/tLCbLzV.jpg", "fileid": "g1171_ciud9ci.jpg"}, {"id": "g1171_ciu25zc", "comment": "[poor data-seal can't play with his buddy](http://i.imgur.com/OmllGiC.png)", "date": "2014-07-10 21:08:13", "seriesname": "g1171_ciu25zc", "file": "/media/jbrogan4/scratch2/Reddit_Prov_Dataset_v6/A_seal_with_a_data-logger_on_its_head_(x-post_from_r_funny)/g1171_ciu25zc.png", "URL": "http://i.imgur.com/OmllGiC.png", "fileid": "g1171_ciu25zc.png"}, {"id": "g1171_ciu5wul", "comment": "[You.look.FAAAAABULOUS!](http://imgur.com/H4d568d)", "date": "2014-07-10 23:24:26", "seriesname": "g1171_ciu5wul", "file": "/media/jbrogan4/scratch2/Reddit_Prov_Dataset_v6/A_seal_with_a_data-logger_on_its_head_(x-post_from_r_funny)/g1171_ciu5wul.png", "URL": "http://i.imgur.com/H4d568d.png", "fileid": "g1171_ciu5wul.png"}, {"id": "g1171_ciueh86", "comment": "[Fabulous] (http://i.imgur.com/rMjsan1.jpg)", "date": "2014-07-11 07:57:08", "seriesname": "g1171_ciueh86", "file": "/media/jbrogan4/scratch2/Reddit_Prov_Dataset_v6/A_seal_with_a_data-logger_on_its_head_(x-post_from_r_funny)/g1171_ciueh86.jpg", "URL": "http://i.imgur.com/rMjsan1.jpg", "fileid": "g1171_ciueh86.jpg"}, {"id": "g1171_ciuq1vz", "comment": "[That awkward moment when you and your buddy both had the same hat](http://i.imgur.com/q5F7IyG.jpg)", "date": "2014-07-11 14:34:58", "seriesname": "g1171_ciuq1vz", "file": "/media/jbrogan4/scratch2/Reddit_Prov_Dataset_v6/A_seal_with_a_data-logger_on_its_head_(x-post_from_r_funny)/g1171_ciuq1vz.jpg", "URL": "http://i.imgur.com/q5F7IyG.jpg", "fileid": "g1171_ciuq1vz.jpg"}, {"id": "g1171_ciu1pnj", "comment": "[\"BAYBAAAY... nahmadahbahnahbah a kiss from a rose on damay.\"](http://i.imgur.com/J4P1KXk.jpg)", "date": "2014-07-10 20:51:11", "seriesname": "g1171_ciu1pnj", "file": "/media/jbrogan4/scratch2/Reddit_Prov_Dataset_v6/A_seal_with_a_data-logger_on_its_head_(x-post_from_r_funny)/g1171_ciu1pnj.jpg", "URL": "http://i.imgur.com/J4P1KXk.jpg", "fileid": "g1171_ciu1pnj.jpg"}, {"id": "g1171_ciu2eql", "comment": "[Beat me to it](http://i.imgur.com/ehuoY5E.jpg)", "date": "2014-07-10 21:17:21", "seriesname": "g1171_ciu2eql", "file": "/media/jbrogan4/scratch2/Reddit_Prov_Dataset_v6/A_seal_with_a_data-logger_on_its_head_(x-post_from_r_funny)/g1171_ciu2eql.jpg", "URL": "http://i.imgur.com/ehuoY5E.jpg", "fileid": "g1171_ciu2eql.jpg"}, {"id": "g1171_ciu3so6", "comment": "[The real next-gen.](http://imgur.com/nhTziwW)", "date": "2014-07-10 22:08:50", "seriesname": "g1171_ciu3so6", "file": "/media/jbrogan4/scratch2/Reddit_Prov_Dataset_v6/A_seal_with_a_data-logger_on_its_head_(x-post_from_r_funny)/g1171_ciu3so6.png", "URL": "http://i.imgur.com/nhTziwW.png", "fileid": "g1171_ciu3so6.png"}, {"id": "g1171_ciu89d5", "comment": "[I've been noticed by the robot! Requesting evac!](http://i.imgur.com/B71VAaU.jpg?1)", "date": "2014-07-11 00:54:56", "seriesname": "g1171_ciu89d5", "file": "/media/jbrogan4/scratch2/Reddit_Prov_Dataset_v6/A_seal_with_a_data-logger_on_its_head_(x-post_from_r_funny)/g1171_ciu89d5.jpg", "URL": "http://i.imgur.com/B71VAaU.jpg?1", "fileid": "g1171_ciu89d5.jpg"}, {"id": "g1171_ciu2ga2", "comment": "[Eagle photographed by a drone with a data-logger on its head](http://imgur.com/v351ufM)", "date": "2014-07-10 21:19:01", "seriesname": "g1171_ciu2ga2", "file": "/media/jbrogan4/scratch2/Reddit_Prov_Dataset_v6/A_seal_with_a_data-logger_on_its_head_(x-post_from_r_funny)/g1171_ciu2ga2.png", "URL": "http://i.imgur.com/v351ufM.png", "fileid": "g1171_ciu2ga2.png"}, {"id": "g1171_ciu3cvg", "comment": "\"Like on the Discovery [Channel](http://imgur.com/XZgkSAW)\" nsfw!", "date": "2014-07-10 21:52:53", "seriesname": "g1171_ciu3cvg", "file": "/media/jbrogan4/scratch2/Reddit_Prov_Dataset_v6/A_seal_with_a_data-logger_on_its_head_(x-post_from_r_funny)/g1171_ciu3cvg.png", "URL": "http://i.imgur.com/XZgkSAW.png", "fileid": "g1171_ciu3cvg.png"}, {"id": "g1171_ciu36wp", "comment": "[Huehue](http://imgur.com/FWhxRwV)", "date": "2014-07-10 21:46:40", "seriesname": "g1171_ciu36wp", "file": "/media/jbrogan4/scratch2/Reddit_Prov_Dataset_v6/A_seal_with_a_data-logger_on_its_head_(x-post_from_r_funny)/g1171_ciu36wp.png", "URL": "http://i.imgur.com/FWhxRwV.png", "fileid": "g1171_ciu36wp.png"}, {"id": "g1171_root", "comment": "", "date": "2014-07-10 19:57:37", "seriesname": "g1171_root", "file": "/media/jbrogan4/scratch2/Reddit_Prov_Dataset_v6/A_seal_with_a_data-logger_on_its_head_(x-post_from_r_funny)/g1171_root.jpg", "URL": "http://imgur.com/7QQvpwz.jpg", "fileid": "g1171_root.jpg"}, {"id": "g1171_ciu1w7x", "comment": "[Sealien](http://i.imgur.com/CDGevlE.jpg)", "date": "2014-07-10 20:58:00", "seriesname": "g1171_ciu1w7x", "file": "/media/jbrogan4/scratch2/Reddit_Prov_Dataset_v6/A_seal_with_a_data-logger_on_its_head_(x-post_from_r_funny)/g1171_ciu1w7x.jpg", "URL": "http://i.imgur.com/CDGevlE.jpg", "fileid": "g1171_ciu1w7x.jpg"}], "graph": {"name": "g1171_root"}, "directed": true}