{"links": [{"op": "none", "target": 0, "source": 46}, {"op": "none", "target": 1, "source": 18}, {"op": "none", "target": 2, "source": 46}, {"op": "none", "target": 3, "source": 46}, {"op": "none", "target": 4, "source": 46}, {"op": "none", "target": 5, "source": 46}, {"op": "none", "target": 6, "source": 46}, {"op": "none", "target": 7, "source": 46}, {"op": "none", "target": 8, "source": 3}, {"op": "none", "target": 9, "source": 35}, {"op": "none", "target": 10, "source": 38}, {"op": "none", "target": 11, "source": 46}, {"op": "none", "target": 12, "source": 46}, {"op": "none", "target": 13, "source": 46}, {"op": "none", "target": 14, "source": 18}, {"op": "none", "target": 15, "source": 46}, {"op": "none", "target": 16, "source": 3}, {"op": "none", "target": 17, "source": 46}, {"op": "none", "target": 18, "source": 39}, {"op": "none", "target": 19, "source": 46}, {"op": "none", "target": 20, "source": 40}, {"op": "none", "target": 21, "source": 46}, {"op": "none", "target": 22, "source": 37}, {"op": "none", "target": 23, "source": 40}, {"op": "none", "target": 24, "source": 46}, {"op": "none", "target": 25, "source": 14}, {"op": "none", "target": 26, "source": 46}, {"op": "none", "target": 27, "source": 46}, {"op": "none", "target": 28, "source": 46}, {"op": "none", "target": 29, "source": 46}, {"op": "none", "target": 30, "source": 46}, {"op": "none", "target": 31, "source": 46}, {"op": "none", "target": 32, "source": 46}, {"op": "none", "target": 33, "source": 46}, {"op": "none", "target": 34, "source": 46}, {"op": "none", "target": 35, "source": 46}, {"op": "none", "target": 36, "source": 46}, {"op": "none", "target": 37, "source": 46}, {"op": "none", "target": 38, "source": 46}, {"op": "none", "target": 39, "source": 45}, {"op": "none", "target": 40, "source": 25}, {"op": "none", "target": 41, "source": 46}, {"op": "none", "target": 42, "source": 35}, {"op": "none", "target": 43, "source": 20}, {"op": "none", "target": 44, "source": 46}, {"op": "none", "target": 45, "source": 46}, {"op": "none", "target": 47, "source": 46}], "title": "_Adam_Savage_after_his_morning_workout", "nodes": [{"id": "g1188_cvmd1y9", "comment": "Can You Hear Me Now? http://imgur.com/VMz2unM", "date": "2015-10-02 21:40:36", "seriesname": "g1188_cvmd1y9", "file": "/media/jbrogan4/scratch2/Reddit_Prov_Dataset_v6/_Adam_Savage_after_his_morning_workout/g1188_cvmd1y9.png", "URL": "http://i.imgur.com/VMz2unM.png", "fileid": "g1188_cvmd1y9.png"}, {"id": "g1188_cvmgcsl", "comment": "[Keeeyaw](http://i.imgur.com/NLrGwYA.jpg)", "date": "2015-10-02 23:45:05", "seriesname": "g1188_cvmgcsl", "file": "/media/jbrogan4/scratch2/Reddit_Prov_Dataset_v6/_Adam_Savage_after_his_morning_workout/g1188_cvmgcsl.jpg", "URL": "http://i.imgur.com/NLrGwYA.jpg", "fileid": "g1188_cvmgcsl.jpg"}, {"id": "g1188_cvmf5lv", "comment": "[Some guy with a cigar photobombed Adam Savage and a famous guy](http://i.imgur.com/YGTskLV.jpg). Someone posted this a few hours ago but deleted it. I thought it needed to be seen so I have reposted it.", "date": "2015-10-02 22:58:16", "seriesname": "g1188_cvmf5lv", "file": "/media/jbrogan4/scratch2/Reddit_Prov_Dataset_v6/_Adam_Savage_after_his_morning_workout/g1188_cvmf5lv.jpg", "URL": "http://i.imgur.com/YGTskLV.jpg).", "fileid": "g1188_cvmf5lv."}, {"id": "g1188_cvmdb6h", "comment": "[On the weekends he's Savage Adam](http://i.imgur.com/YVaBimS.jpg)", "date": "2015-10-02 21:50:00", "seriesname": "g1188_cvmdb6h", "file": "/media/jbrogan4/scratch2/Reddit_Prov_Dataset_v6/_Adam_Savage_after_his_morning_workout/g1188_cvmdb6h.jpg", "URL": "http://i.imgur.com/YVaBimS.jpg", "fileid": "g1188_cvmdb6h.jpg"}, {"id": "g1188_cvmi82h", "comment": "[George Michael Bluth, surprised at his muscle](http://i.imgur.com/lexqAzl.jpg)", "date": "2015-10-03 01:07:01", "seriesname": "g1188_cvmi82h", "file": "/media/jbrogan4/scratch2/Reddit_Prov_Dataset_v6/_Adam_Savage_after_his_morning_workout/g1188_cvmi82h.jpg", "URL": "http://i.imgur.com/lexqAzl.jpg", "fileid": "g1188_cvmi82h.jpg"}, {"id": "g1188_cvmgr8a", "comment": "[ITS... ITS! ... MACHO MAN ADAM SAVAGE](http://imgur.com/dHZDDbm)", "date": "2015-10-03 00:01:53", "seriesname": "g1188_cvmgr8a", "file": "/media/jbrogan4/scratch2/Reddit_Prov_Dataset_v6/_Adam_Savage_after_his_morning_workout/g1188_cvmgr8a.png", "URL": "http://i.imgur.com/dHZDDbm.png", "fileid": "g1188_cvmgr8a.png"}, {"id": "g1188_cvmgp42", "comment": "[Clearly Skips Leg Day](http://i.imgur.com/gkoXzyV.jpg)\n\n", "date": "2015-10-02 23:59:23", "seriesname": "g1188_cvmgp42", "file": "/media/jbrogan4/scratch2/Reddit_Prov_Dataset_v6/_Adam_Savage_after_his_morning_workout/g1188_cvmgp42.jpg", "URL": "http://i.imgur.com/gkoXzyV.jpg", "fileid": "g1188_cvmgp42.jpg"}, {"id": "g1188_cvnpr2k", "comment": "A quick [Adam XXL](http://i.imgur.com/bOfRFTl.jpg) ", "date": "2015-10-04 09:02:22", "seriesname": "g1188_cvnpr2k", "file": "/media/jbrogan4/scratch2/Reddit_Prov_Dataset_v6/_Adam_Savage_after_his_morning_workout/g1188_cvnpr2k.jpg", "URL": "http://i.imgur.com/bOfRFTl.jpg", "fileid": "g1188_cvnpr2k.jpg"}, {"id": "g1188_cvmovpm", "comment": "Thanks for this. I'm giving it a try!\n\nEdit: [Here's a quick try at turning him into Colonel Sanders.](http://i.imgur.com/pV8ISz8.png)", "date": "2015-10-03 09:02:18", "seriesname": "g1188_cvmovpm", "file": "/media/jbrogan4/scratch2/Reddit_Prov_Dataset_v6/_Adam_Savage_after_his_morning_workout/g1188_cvmovpm.png", "URL": "http://i.imgur.com/pV8ISz8.png", "fileid": "g1188_cvmovpm.png"}, {"id": "g1188_cvmz7xp", "comment": "[Adam and Arnold working out back in the day](http://i.imgur.com/svlq0b4.png)\n\nI'm sure /u/GovSchwarzenegger taught /u/mistersavage some tricks...", "date": "2015-10-03 14:46:11", "seriesname": "g1188_cvmz7xp", "file": "/media/jbrogan4/scratch2/Reddit_Prov_Dataset_v6/_Adam_Savage_after_his_morning_workout/g1188_cvmz7xp.png", "URL": "http://i.imgur.com/svlq0b4.png", "fileid": "g1188_cvmz7xp.png"}, {"id": "g1188_cvmm5ik", "comment": "It's fabulous, I need one pronto. I love how you paid attention to [these little details.](http://i.imgur.com/xAlybMU.jpg)", "date": "2015-10-03 05:35:19", "seriesname": "g1188_cvmm5ik", "file": "/media/jbrogan4/scratch2/Reddit_Prov_Dataset_v6/_Adam_Savage_after_his_morning_workout/g1188_cvmm5ik.jpg", "URL": "http://i.imgur.com/xAlybMU.jpg", "fileid": "g1188_cvmm5ik.jpg"}, {"id": "g1188_cvmiun8", "comment": "sure this will be this year's comic con: http://imgur.com/pot4Kt1", "date": "2015-10-03 01:38:08", "seriesname": "g1188_cvmiun8", "file": "/media/jbrogan4/scratch2/Reddit_Prov_Dataset_v6/_Adam_Savage_after_his_morning_workout/g1188_cvmiun8.png", "URL": "http://i.imgur.com/pot4Kt1.png", "fileid": "g1188_cvmiun8.png"}, {"id": "g1188_cvmgisd", "comment": "[What he sees](http://imgur.com/zS04Six)", "date": "2015-10-02 23:51:58", "seriesname": "g1188_cvmgisd", "file": "/media/jbrogan4/scratch2/Reddit_Prov_Dataset_v6/_Adam_Savage_after_his_morning_workout/g1188_cvmgisd.png", "URL": "http://i.imgur.com/zS04Six.png", "fileid": "g1188_cvmgisd.png"}, {"id": "g1188_cvn7qua", "comment": "http://imgur.com/bU3NJLl", "date": "2015-10-03 19:02:23", "seriesname": "g1188_cvn7qua", "file": "/media/jbrogan4/scratch2/Reddit_Prov_Dataset_v6/_Adam_Savage_after_his_morning_workout/g1188_cvn7qua.png", "URL": "http://i.imgur.com/bU3NJLl.png", "fileid": "g1188_cvn7qua.png"}, {"id": "g1188_cvmfrqt", "comment": "[http://i.imgur.com/LmrlwBX.jpg](http://i.imgur.com/LmrlwBX.jpg)", "date": "2015-10-02 23:21:55", "seriesname": "g1188_cvmfrqt", "file": "/media/jbrogan4/scratch2/Reddit_Prov_Dataset_v6/_Adam_Savage_after_his_morning_workout/g1188_cvmfrqt.jpg", "URL": "http://i.imgur.com/LmrlwBX.jpg](http://i.imgur.com/LmrlwBX.jpg", "fileid": "g1188_cvmfrqt.jpg"}, {"id": "g1188_cvmgeom", "comment": "[Adam was *really* excited about attending The Martian premiere.](http://i.imgur.com/a5GSnjI.jpg)\n\n(If you're reading this Mr Savage, that's actually Col. Hadfield's helmet!)", "date": "2015-10-02 23:47:14", "seriesname": "g1188_cvmgeom", "file": "/media/jbrogan4/scratch2/Reddit_Prov_Dataset_v6/_Adam_Savage_after_his_morning_workout/g1188_cvmgeom.jpg", "URL": "http://i.imgur.com/a5GSnjI.jpg", "fileid": "g1188_cvmgeom.jpg"}, {"id": "g1188_cvmeix1", "comment": "[Fixed it up a bit...gave it a bit more grit](http://i.imgur.com/d0XeQF7.jpg)", "date": "2015-10-02 22:34:50", "seriesname": "g1188_cvmeix1", "file": "/media/jbrogan4/scratch2/Reddit_Prov_Dataset_v6/_Adam_Savage_after_his_morning_workout/g1188_cvmeix1.jpg", "URL": "http://i.imgur.com/d0XeQF7.jpg", "fileid": "g1188_cvmeix1.jpg"}, {"id": "g1188_cvmo6b7", "comment": "http://i.imgur.com/LxjhHS3h.jpg\n\nHe's strong to the finish, 'cause he eats him Spinach! ", "date": "2015-10-03 08:19:25", "seriesname": "g1188_cvmo6b7", "file": "/media/jbrogan4/scratch2/Reddit_Prov_Dataset_v6/_Adam_Savage_after_his_morning_workout/g1188_cvmo6b7.jpg", "URL": "http://i.imgur.com/LxjhHS3h.jpg", "fileid": "g1188_cvmo6b7.jpg"}, {"id": "g1188_cvmf5uh", "comment": "http://i.imgur.com/9MaurRp.jpg", "date": "2015-10-02 22:58:31", "seriesname": "g1188_cvmf5uh", "file": "/media/jbrogan4/scratch2/Reddit_Prov_Dataset_v6/_Adam_Savage_after_his_morning_workout/g1188_cvmf5uh.jpg", "URL": "http://i.imgur.com/9MaurRp.jpg", "fileid": "g1188_cvmf5uh.jpg"}, {"id": "g1188_cvmn775", "comment": "The Avengers\nhttp://i.imgur.com/QaNRFrn.jpg", "date": "2015-10-03 07:06:13", "seriesname": "g1188_cvmn775", "file": "/media/jbrogan4/scratch2/Reddit_Prov_Dataset_v6/_Adam_Savage_after_his_morning_workout/g1188_cvmn775.jpg", "URL": "http://i.imgur.com/QaNRFrn.jpg", "fileid": "g1188_cvmn775.jpg"}, {"id": "g1188_cvmgr9w", "comment": "**http://i.imgur.com/2ZlbMWR.jpg**", "date": "2015-10-03 00:01:57", "seriesname": "g1188_cvmgr9w", "file": "/media/jbrogan4/scratch2/Reddit_Prov_Dataset_v6/_Adam_Savage_after_his_morning_workout/g1188_cvmgr9w.jpg", "URL": "http://i.imgur.com/2ZlbMWR.jpg**", "fileid": "g1188_cvmgr9w.jpg**"}, {"id": "g1188_cvmdix4", "comment": "[MuscleBob BuffPants](http://i.imgur.com/AFxmorC.jpg)\n\n\n", "date": "2015-10-02 21:57:38", "seriesname": "g1188_cvmdix4", "file": "/media/jbrogan4/scratch2/Reddit_Prov_Dataset_v6/_Adam_Savage_after_his_morning_workout/g1188_cvmdix4.jpg", "URL": "http://i.imgur.com/AFxmorC.jpg", "fileid": "g1188_cvmdix4.jpg"}, {"id": "g1188_cvmjvcg", "comment": "[Jamie Hyneman stretching for goatse.](http://i.imgur.com/8br7lrw.jpg) (NSFW!)", "date": "2015-10-03 02:38:01", "seriesname": "g1188_cvmjvcg", "file": "/media/jbrogan4/scratch2/Reddit_Prov_Dataset_v6/_Adam_Savage_after_his_morning_workout/g1188_cvmjvcg.jpg", "URL": "http://i.imgur.com/8br7lrw.jpg", "fileid": "g1188_cvmjvcg.jpg"}, {"id": "g1188_cvmh7uw", "comment": "[^^^http://i.imgur.com/43IiJ12.jpg](http://i.imgur.com/43IiJ12.jpg)", "date": "2015-10-03 00:21:32", "seriesname": "g1188_cvmh7uw", "file": "/media/jbrogan4/scratch2/Reddit_Prov_Dataset_v6/_Adam_Savage_after_his_morning_workout/g1188_cvmh7uw.jpg", "URL": "http://i.imgur.com/43IiJ12.jpg](http://i.imgur.com/43IiJ12.jpg", "fileid": "g1188_cvmh7uw.jpg"}, {"id": "g1188_cvmi729", "comment": "[Adam Gon' Give It To Ya!](http://i.imgur.com/5ypbaUI.jpg)", "date": "2015-10-03 01:05:40", "seriesname": "g1188_cvmi729", "file": "/media/jbrogan4/scratch2/Reddit_Prov_Dataset_v6/_Adam_Savage_after_his_morning_workout/g1188_cvmi729.jpg", "URL": "http://i.imgur.com/5ypbaUI.jpg", "fileid": "g1188_cvmi729.jpg"}, {"id": "g1188_cvmg2o7", "comment": "http://i.imgur.com/erRfDTk.jpg", "date": "2015-10-02 23:33:50", "seriesname": "g1188_cvmg2o7", "file": "/media/jbrogan4/scratch2/Reddit_Prov_Dataset_v6/_Adam_Savage_after_his_morning_workout/g1188_cvmg2o7.jpg", "URL": "http://i.imgur.com/erRfDTk.jpg", "fileid": "g1188_cvmg2o7.jpg"}, {"id": "g1188_cvmhwnn", "comment": "[#centaur](http://imgur.com/9dpZEeA)", "date": "2015-10-03 00:52:08", "seriesname": "g1188_cvmhwnn", "file": "/media/jbrogan4/scratch2/Reddit_Prov_Dataset_v6/_Adam_Savage_after_his_morning_workout/g1188_cvmhwnn.png", "URL": "http://i.imgur.com/9dpZEeA.png", "fileid": "g1188_cvmhwnn.png"}, {"id": "g1188_cvmcpnh", "comment": "[Always remember to replace](http://i.imgur.com/JxoObtx.jpg)", "date": "2015-10-02 21:28:15", "seriesname": "g1188_cvmcpnh", "file": "/media/jbrogan4/scratch2/Reddit_Prov_Dataset_v6/_Adam_Savage_after_his_morning_workout/g1188_cvmcpnh.jpg", "URL": "http://i.imgur.com/JxoObtx.jpg", "fileid": "g1188_cvmcpnh.jpg"}, {"id": "g1188_cvmdox6", "comment": "[Go ahead, try your worst!](http://i.imgur.com/HFObfKh.jpg)", "date": "2015-10-02 22:03:46", "seriesname": "g1188_cvmdox6", "file": "/media/jbrogan4/scratch2/Reddit_Prov_Dataset_v6/_Adam_Savage_after_his_morning_workout/g1188_cvmdox6.jpg", "URL": "http://i.imgur.com/HFObfKh.jpg", "fileid": "g1188_cvmdox6.jpg"}, {"id": "g1188_cvms2st", "comment": "[Fixed some irregularities](https://i.imgur.com/hPSwNu6.jpg)", "date": "2015-10-03 11:16:50", "seriesname": "g1188_cvms2st", "file": "/media/jbrogan4/scratch2/Reddit_Prov_Dataset_v6/_Adam_Savage_after_his_morning_workout/g1188_cvms2st.jpg", "URL": "https://i.imgur.com/hPSwNu6.jpg", "fileid": "g1188_cvms2st.jpg"}, {"id": "g1188_cvmjlzd", "comment": "Savenger. http://imgur.com/ORwKJSJ\n", "date": "2015-10-03 02:21:48", "seriesname": "g1188_cvmjlzd", "file": "/media/jbrogan4/scratch2/Reddit_Prov_Dataset_v6/_Adam_Savage_after_his_morning_workout/g1188_cvmjlzd.png", "URL": "http://i.imgur.com/ORwKJSJ.png", "fileid": "g1188_cvmjlzd.png"}, {"id": "g1188_cvmgeds", "comment": "http://i.imgur.com/tdBD7TP.jpg", "date": "2015-10-02 23:46:54", "seriesname": "g1188_cvmgeds", "file": "/media/jbrogan4/scratch2/Reddit_Prov_Dataset_v6/_Adam_Savage_after_his_morning_workout/g1188_cvmgeds.jpg", "URL": "http://i.imgur.com/tdBD7TP.jpg", "fileid": "g1188_cvmgeds.jpg"}, {"id": "g1188_cvnowmk", "comment": "[Cheezes, Adam!](http://i.imgur.com/OCpNFex.jpg)", "date": "2015-10-04 08:17:08", "seriesname": "g1188_cvnowmk", "file": "/media/jbrogan4/scratch2/Reddit_Prov_Dataset_v6/_Adam_Savage_after_his_morning_workout/g1188_cvnowmk.jpg", "URL": "http://i.imgur.com/OCpNFex.jpg", "fileid": "g1188_cvnowmk.jpg"}, {"id": "g1188_cvmjo49", "comment": "[It's over 9000!](http://imgur.com/rOBvWJK)", "date": "2015-10-03 02:25:29", "seriesname": "g1188_cvmjo49", "file": "/media/jbrogan4/scratch2/Reddit_Prov_Dataset_v6/_Adam_Savage_after_his_morning_workout/g1188_cvmjo49.png", "URL": "http://i.imgur.com/rOBvWJK.png", "fileid": "g1188_cvmjo49.png"}, {"id": "g1188_cvmk1ay", "comment": "[Savage is right!] (http://i.imgur.com/YmiLhT9.jpg)", "date": "2015-10-03 02:48:47", "seriesname": "g1188_cvmk1ay", "file": "/media/jbrogan4/scratch2/Reddit_Prov_Dataset_v6/_Adam_Savage_after_his_morning_workout/g1188_cvmk1ay.jpg", "URL": "http://i.imgur.com/YmiLhT9.jpg", "fileid": "g1188_cvmk1ay.jpg"}, {"id": "g1188_cvm89jc", "comment": "[Looking good](http://i.imgur.com/COderNw.jpg)\n\nEdit: Shout out to /r/retouching!", "date": "2015-10-02 18:57:59", "seriesname": "g1188_cvm89jc", "file": "/media/jbrogan4/scratch2/Reddit_Prov_Dataset_v6/_Adam_Savage_after_his_morning_workout/g1188_cvm89jc.jpg", "URL": "http://i.imgur.com/COderNw.jpg", "fileid": "g1188_cvm89jc.jpg"}, {"id": "g1188_cvm9iwd", "comment": "[He forgot the best part of the costume...](http://i.imgur.com/s9kY6UY.jpg)\n\n", "date": "2015-10-02 19:38:10", "seriesname": "g1188_cvm9iwd", "file": "/media/jbrogan4/scratch2/Reddit_Prov_Dataset_v6/_Adam_Savage_after_his_morning_workout/g1188_cvm9iwd.jpg", "URL": "http://i.imgur.com/s9kY6UY.jpg", "fileid": "g1188_cvm9iwd.jpg"}, {"id": "g1188_cvmgqg7", "comment": "[Mythbusters After Dark.](http://i.imgur.com/yrGmKTv.jpg)\n\n(NSFW, and sorry Adam &amp; Jamie!)", "date": "2015-10-03 00:00:57", "seriesname": "g1188_cvmgqg7", "file": "/media/jbrogan4/scratch2/Reddit_Prov_Dataset_v6/_Adam_Savage_after_his_morning_workout/g1188_cvmgqg7.jpg", "URL": "http://i.imgur.com/yrGmKTv.jpg", "fileid": "g1188_cvmgqg7.jpg"}, {"id": "g1188_cvmjap5", "comment": "[Last one in stock](http://i.imgur.com/QukQTRt.jpg)", "date": "2015-10-03 02:03:01", "seriesname": "g1188_cvmjap5", "file": "/media/jbrogan4/scratch2/Reddit_Prov_Dataset_v6/_Adam_Savage_after_his_morning_workout/g1188_cvmjap5.jpg", "URL": "http://i.imgur.com/QukQTRt.jpg", "fileid": "g1188_cvmjap5.jpg"}, {"id": "g1188_cvme3u3", "comment": "[http://i.imgur.com/nQAgbw1.jpg](http://i.imgur.com/nQAgbw1.jpg)", "date": "2015-10-02 22:19:03", "seriesname": "g1188_cvme3u3", "file": "/media/jbrogan4/scratch2/Reddit_Prov_Dataset_v6/_Adam_Savage_after_his_morning_workout/g1188_cvme3u3.jpg", "URL": "http://i.imgur.com/nQAgbw1.jpg](http://i.imgur.com/nQAgbw1.jpg", "fileid": "g1188_cvme3u3.jpg"}, {"id": "g1188_cvmgd6q", "comment": "[http://i.imgur.com/Ep6T5eG.jpg](http://i.imgur.com/Ep6T5eG.jpg)", "date": "2015-10-02 23:45:32", "seriesname": "g1188_cvmgd6q", "file": "/media/jbrogan4/scratch2/Reddit_Prov_Dataset_v6/_Adam_Savage_after_his_morning_workout/g1188_cvmgd6q.jpg", "URL": "http://i.imgur.com/Ep6T5eG.jpg](http://i.imgur.com/Ep6T5eG.jpg", "fileid": "g1188_cvmgd6q.jpg"}, {"id": "g1188_cvmh61m", "comment": "http://imgur.com/8NPK9ZP", "date": "2015-10-03 00:19:22", "seriesname": "g1188_cvmh61m", "file": "/media/jbrogan4/scratch2/Reddit_Prov_Dataset_v6/_Adam_Savage_after_his_morning_workout/g1188_cvmh61m.png", "URL": "http://i.imgur.com/8NPK9ZP.png", "fileid": "g1188_cvmh61m.png"}, {"id": "g1188_cvmay5t", "comment": "[So does his partner Big Busta'](http://i.imgur.com/5TH27Yl.jpg)", "date": "2015-10-02 20:26:07", "seriesname": "g1188_cvmay5t", "file": "/media/jbrogan4/scratch2/Reddit_Prov_Dataset_v6/_Adam_Savage_after_his_morning_workout/g1188_cvmay5t.jpg", "URL": "http://i.imgur.com/5TH27Yl.jpg", "fileid": "g1188_cvmay5t.jpg"}, {"id": "g1188_cvmh6i0", "comment": "[*http://i.imgur.com/KYbU2ej.jpg*](http://i.imgur.com/KYbU2ej.jpg)", "date": "2015-10-03 00:19:56", "seriesname": "g1188_cvmh6i0", "file": "/media/jbrogan4/scratch2/Reddit_Prov_Dataset_v6/_Adam_Savage_after_his_morning_workout/g1188_cvmh6i0.jpg", "URL": "http://i.imgur.com/KYbU2ej.jpg*](http://i.imgur.com/KYbU2ej.jpg", "fileid": "g1188_cvmh6i0.jpg"}, {"id": "g1188_cvmmbfc", "comment": "http://imgur.com/DqElJ5W\n\npump nusted", "date": "2015-10-03 05:49:49", "seriesname": "g1188_cvmmbfc", "file": "/media/jbrogan4/scratch2/Reddit_Prov_Dataset_v6/_Adam_Savage_after_his_morning_workout/g1188_cvmmbfc.png", "URL": "http://i.imgur.com/DqElJ5W.png", "fileid": "g1188_cvmmbfc.png"}, {"id": "g1188_cvmctly", "comment": "http://i.imgur.com/UDz0Lek.jpg", "date": "2015-10-02 21:32:14", "seriesname": "g1188_cvmctly", "file": "/media/jbrogan4/scratch2/Reddit_Prov_Dataset_v6/_Adam_Savage_after_his_morning_workout/g1188_cvmctly.jpg", "URL": "http://i.imgur.com/UDz0Lek.jpg", "fileid": "g1188_cvmctly.jpg"}, {"id": "g1188_root", "comment": "", "date": "2015-10-02 17:43:58", "seriesname": "g1188_root", "file": "/media/jbrogan4/scratch2/Reddit_Prov_Dataset_v6/_Adam_Savage_after_his_morning_workout/g1188_root.jpg", "URL": "http://i.imgur.com/kVvlNXV.jpg", "fileid": "g1188_root.jpg"}, {"id": "g1188_cvmi0ef", "comment": "I spent more time on this then I should have.\n\n[This is Savage!](http://i.imgur.com/PnzvLKJ.jpg)", "date": "2015-10-03 00:56:55", "seriesname": "g1188_cvmi0ef", "file": "/media/jbrogan4/scratch2/Reddit_Prov_Dataset_v6/_Adam_Savage_after_his_morning_workout/g1188_cvmi0ef.jpg", "URL": "http://i.imgur.com/PnzvLKJ.jpg", "fileid": "g1188_cvmi0ef.jpg"}], "graph": {"name": "g1188_root"}, "directed": true}