{"links": [{"op": "none", "target": 0, "source": 45}, {"op": "none", "target": 1, "source": 45}, {"op": "none", "target": 2, "source": 29}, {"op": "none", "target": 3, "source": 45}, {"op": "none", "target": 4, "source": 45}, {"op": "none", "target": 5, "source": 15}, {"op": "none", "target": 6, "source": 45}, {"op": "none", "target": 7, "source": 45}, {"op": "none", "target": 8, "source": 45}, {"op": "none", "target": 9, "source": 10}, {"op": "none", "target": 10, "source": 45}, {"op": "none", "target": 11, "source": 45}, {"op": "none", "target": 12, "source": 45}, {"op": "none", "target": 13, "source": 45}, {"op": "none", "target": 14, "source": 45}, {"op": "none", "target": 15, "source": 45}, {"op": "none", "target": 16, "source": 45}, {"op": "none", "target": 17, "source": 28}, {"op": "none", "target": 18, "source": 45}, {"op": "none", "target": 19, "source": 45}, {"op": "none", "target": 20, "source": 38}, {"op": "none", "target": 21, "source": 45}, {"op": "none", "target": 22, "source": 8}, {"op": "none", "target": 23, "source": 45}, {"op": "none", "target": 24, "source": 0}, {"op": "none", "target": 25, "source": 45}, {"op": "none", "target": 26, "source": 45}, {"op": "none", "target": 27, "source": 45}, {"op": "none", "target": 28, "source": 45}, {"op": "none", "target": 29, "source": 1}, {"op": "none", "target": 30, "source": 45}, {"op": "none", "target": 31, "source": 45}, {"op": "none", "target": 32, "source": 45}, {"op": "none", "target": 33, "source": 45}, {"op": "none", "target": 34, "source": 8}, {"op": "none", "target": 35, "source": 45}, {"op": "none", "target": 36, "source": 45}, {"op": "none", "target": 37, "source": 45}, {"op": "none", "target": 38, "source": 45}, {"op": "none", "target": 39, "source": 45}, {"op": "none", "target": 40, "source": 45}, {"op": "none", "target": 41, "source": 45}, {"op": "none", "target": 42, "source": 45}, {"op": "none", "target": 43, "source": 45}, {"op": "none", "target": 44, "source": 45}, {"op": "none", "target": 46, "source": 8}], "title": "_Kid_who_forgot_to_add_water_to_his_cup_noodles", "nodes": [{"id": "g1189_cl6x8zn", "comment": "[\\[FIXED\\]](http://imgur.com/PynfEvL) First submission here. You guys are awesome. ", "date": "2014-10-11 20:03:23", "seriesname": "g1189_cl6x8zn", "file": "/media/jbrogan4/scratch2/Reddit_Prov_Dataset_v6/_Kid_who_forgot_to_add_water_to_his_cup_noodles/g1189_cl6x8zn.png", "URL": "http://i.imgur.com/PynfEvL.png", "fileid": "g1189_cl6x8zn.png"}, {"id": "g1189_cl6tk21", "comment": "[Next day the kid forgot to add noodles to his water](http://i.imgur.com/0fer3kN.jpg)", "date": "2014-10-11 17:39:58", "seriesname": "g1189_cl6tk21", "file": "/media/jbrogan4/scratch2/Reddit_Prov_Dataset_v6/_Kid_who_forgot_to_add_water_to_his_cup_noodles/g1189_cl6tk21.jpg", "URL": "http://i.imgur.com/0fer3kN.jpg", "fileid": "g1189_cl6tk21.jpg"}, {"id": "g1189_cl7b5ch", "comment": "for the lazies http://i.imgur.com/t1GVKC9.jpg", "date": "2014-10-12 10:00:46", "seriesname": "g1189_cl7b5ch", "file": "/media/jbrogan4/scratch2/Reddit_Prov_Dataset_v6/_Kid_who_forgot_to_add_water_to_his_cup_noodles/g1189_cl7b5ch.jpg", "URL": "http://i.imgur.com/t1GVKC9.jpg", "fileid": "g1189_cl7b5ch.jpg"}, {"id": "g1189_cl6u1ee", "comment": "[\"Don't put metal in the science oven. Don't put metal in the science oven. He always treats me like a fucking child, I'll do whatever I want.\"](http://i.imgur.com/7bfCLGn.jpg)", "date": "2014-10-11 17:58:56", "seriesname": "g1189_cl6u1ee", "file": "/media/jbrogan4/scratch2/Reddit_Prov_Dataset_v6/_Kid_who_forgot_to_add_water_to_his_cup_noodles/g1189_cl6u1ee.jpg", "URL": "http://i.imgur.com/7bfCLGn.jpg", "fileid": "g1189_cl6u1ee.jpg"}, {"id": "g1189_cl6syru", "comment": "[Diff'rent Strokes](http://i.imgur.com/K2nSnYH.jpg)", "date": "2014-10-11 17:17:13", "seriesname": "g1189_cl6syru", "file": "/media/jbrogan4/scratch2/Reddit_Prov_Dataset_v6/_Kid_who_forgot_to_add_water_to_his_cup_noodles/g1189_cl6syru.jpg", "URL": "http://i.imgur.com/K2nSnYH.jpg", "fileid": "g1189_cl6syru.jpg"}, {"id": "g1189_cl6xmsx", "comment": "[Deeper](http://i.imgur.com/bbPM3pG.gif)", "date": "2014-10-11 20:17:40", "seriesname": "g1189_cl6xmsx", "file": "/media/jbrogan4/scratch2/Reddit_Prov_Dataset_v6/_Kid_who_forgot_to_add_water_to_his_cup_noodles/g1189_cl6xmsx.jpg", "URL": "http://i.imgur.com/bbPM3pG.gif", "fileid": "g1189_cl6xmsx.gif"}, {"id": "g1189_cl74cj1", "comment": "[I have a one track mind these days](http://i.imgur.com/mpnyGeW.png). ", "date": "2014-10-12 00:58:30", "seriesname": "g1189_cl74cj1", "file": "/media/jbrogan4/scratch2/Reddit_Prov_Dataset_v6/_Kid_who_forgot_to_add_water_to_his_cup_noodles/g1189_cl74cj1.jpg", "URL": "http://i.imgur.com/mpnyGeW.png).", "fileid": "g1189_cl74cj1."}, {"id": "g1189_cl72s8p", "comment": "[Due to a lack of information and assumptions drawn from Calvin's previous behavior, some readers may have overestimated the severity of the infamous \"noodle incident\".](http://imgur.com/AdeDcXm)", "date": "2014-10-11 23:43:29", "seriesname": "g1189_cl72s8p", "file": "/media/jbrogan4/scratch2/Reddit_Prov_Dataset_v6/_Kid_who_forgot_to_add_water_to_his_cup_noodles/g1189_cl72s8p.png", "URL": "http://i.imgur.com/AdeDcXm.png", "fileid": "g1189_cl72s8p.png"}, {"id": "g1189_cl6s4zv", "comment": "[The president first hears the news about the noodle incident.](http://i.imgur.com/BpiFgpO.jpg)", "date": "2014-10-11 16:45:57", "seriesname": "g1189_cl6s4zv", "file": "/media/jbrogan4/scratch2/Reddit_Prov_Dataset_v6/_Kid_who_forgot_to_add_water_to_his_cup_noodles/g1189_cl6s4zv.jpg", "URL": "http://i.imgur.com/BpiFgpO.jpg", "fileid": "g1189_cl6s4zv.jpg"}, {"id": "g1189_cl6u8wz", "comment": "https://imgur.com/3oocMbJ", "date": "2014-10-11 18:06:59", "seriesname": "g1189_cl6u8wz", "file": "/media/jbrogan4/scratch2/Reddit_Prov_Dataset_v6/_Kid_who_forgot_to_add_water_to_his_cup_noodles/g1189_cl6u8wz.png", "URL": "http://i.imgur.com/3oocMbJ.png", "fileid": "g1189_cl6u8wz.png"}, {"id": "g1189_cl6sk4a", "comment": "[Damn stoners](http://i.imgur.com/tkYLa8j.png)", "date": "2014-10-11 17:02:00", "seriesname": "g1189_cl6sk4a", "file": "/media/jbrogan4/scratch2/Reddit_Prov_Dataset_v6/_Kid_who_forgot_to_add_water_to_his_cup_noodles/g1189_cl6sk4a.png", "URL": "http://i.imgur.com/tkYLa8j.png", "fileid": "g1189_cl6sk4a.png"}, {"id": "g1189_cl6zgfd", "comment": "[It's Evil, Don't Touch It](http://imgur.com/QatiEAr)", "date": "2014-10-11 21:28:31", "seriesname": "g1189_cl6zgfd", "file": "/media/jbrogan4/scratch2/Reddit_Prov_Dataset_v6/_Kid_who_forgot_to_add_water_to_his_cup_noodles/g1189_cl6zgfd.png", "URL": "http://i.imgur.com/QatiEAr.png", "fileid": "g1189_cl6zgfd.png"}, {"id": "g1189_cl705pq", "comment": "http://i.imgur.com/4fd488a.jpg\n\nI'd like to tell him how many times I made Cup O' Coffee Ramen by forgetting the k-cups in the Keurig machine :(", "date": "2014-10-11 21:56:05", "seriesname": "g1189_cl705pq", "file": "/media/jbrogan4/scratch2/Reddit_Prov_Dataset_v6/_Kid_who_forgot_to_add_water_to_his_cup_noodles/g1189_cl705pq.jpg", "URL": "http://i.imgur.com/4fd488a.jpg", "fileid": "g1189_cl705pq.jpg"}, {"id": "g1189_cl70gf5", "comment": "[Ain't nobody got time for noodles!](http://i.imgur.com/xJS17l3.jpg)", "date": "2014-10-11 22:08:05", "seriesname": "g1189_cl70gf5", "file": "/media/jbrogan4/scratch2/Reddit_Prov_Dataset_v6/_Kid_who_forgot_to_add_water_to_his_cup_noodles/g1189_cl70gf5.jpg", "URL": "http://i.imgur.com/xJS17l3.jpg", "fileid": "g1189_cl70gf5.jpg"}, {"id": "g1189_cl6z95r", "comment": "[Did I grab the right bottle?](http://i.imgur.com/XND1NuO.png)", "date": "2014-10-11 21:20:42", "seriesname": "g1189_cl6z95r", "file": "/media/jbrogan4/scratch2/Reddit_Prov_Dataset_v6/_Kid_who_forgot_to_add_water_to_his_cup_noodles/g1189_cl6z95r.png", "URL": "http://i.imgur.com/XND1NuO.png", "fileid": "g1189_cl6z95r.png"}, {"id": "g1189_cl6utwy", "comment": "http://gfycat.com/LankyBiodegradableFlies\n\n[Imgur](http://i.imgur.com/h37YGqk.gif)", "date": "2014-10-11 18:30:08", "seriesname": "g1189_cl6utwy", "file": "/media/jbrogan4/scratch2/Reddit_Prov_Dataset_v6/_Kid_who_forgot_to_add_water_to_his_cup_noodles/g1189_cl6utwy.jpg", "URL": "http://i.imgur.com/h37YGqk.gif", "fileid": "g1189_cl6utwy.gif"}, {"id": "g1189_cl6s7zj", "comment": "[Headception](http://i.imgur.com/1FVrOVB.png)", "date": "2014-10-11 16:49:12", "seriesname": "g1189_cl6s7zj", "file": "/media/jbrogan4/scratch2/Reddit_Prov_Dataset_v6/_Kid_who_forgot_to_add_water_to_his_cup_noodles/g1189_cl6s7zj.png", "URL": "http://i.imgur.com/1FVrOVB.png", "fileid": "g1189_cl6s7zj.png"}, {"id": "g1189_cl72gb6", "comment": "[HHEEYY!!! I remember this battle!](http://www.reddit.com/r/photoshopbattles/comments/1ovlgm/woman_shocked_by_partying_cowboys/) I was even [involved](https://i.imgur.com/9No18fy.jpg) in it too!", "date": "2014-10-11 23:29:21", "seriesname": "g1189_cl72gb6", "file": "/media/jbrogan4/scratch2/Reddit_Prov_Dataset_v6/_Kid_who_forgot_to_add_water_to_his_cup_noodles/g1189_cl72gb6.jpg", "URL": "https://i.imgur.com/9No18fy.jpg", "fileid": "g1189_cl72gb6.jpg"}, {"id": "g1189_cl6zw7w", "comment": "[A dragon is not a slave!](http://i.imgur.com/Hp6XsG8.jpg)", "date": "2014-10-11 21:45:24", "seriesname": "g1189_cl6zw7w", "file": "/media/jbrogan4/scratch2/Reddit_Prov_Dataset_v6/_Kid_who_forgot_to_add_water_to_his_cup_noodles/g1189_cl6zw7w.jpg", "URL": "http://i.imgur.com/Hp6XsG8.jpg", "fileid": "g1189_cl6zw7w.jpg"}, {"id": "g1189_cl6t98x", "comment": "http://imgur.com/hFhgfNn\n", "date": "2014-10-11 17:28:25", "seriesname": "g1189_cl6t98x", "file": "/media/jbrogan4/scratch2/Reddit_Prov_Dataset_v6/_Kid_who_forgot_to_add_water_to_his_cup_noodles/g1189_cl6t98x.png", "URL": "http://i.imgur.com/hFhgfNn.png", "fileid": "g1189_cl6t98x.png"}, {"id": "g1189_cl72917", "comment": "Had to add them in...\n\nhttp://i.imgur.com/vQSDcJ4.gif", "date": "2014-10-11 23:20:34", "seriesname": "g1189_cl72917", "file": "/media/jbrogan4/scratch2/Reddit_Prov_Dataset_v6/_Kid_who_forgot_to_add_water_to_his_cup_noodles/g1189_cl72917.jpg", "URL": "http://i.imgur.com/vQSDcJ4.gif", "fileid": "g1189_cl72917.gif"}, {"id": "g1189_cl6y4j4", "comment": "[Gel Bananas](http://i.imgur.com/CWINz1J.png)", "date": "2014-10-11 20:36:31", "seriesname": "g1189_cl6y4j4", "file": "/media/jbrogan4/scratch2/Reddit_Prov_Dataset_v6/_Kid_who_forgot_to_add_water_to_his_cup_noodles/g1189_cl6y4j4.png", "URL": "http://i.imgur.com/CWINz1J.png", "fileid": "g1189_cl6y4j4.png"}, {"id": "g1189_cl71zpb", "comment": "[God dammit president!!!](http://i.imgur.com/vNW5Rgd.jpg)", "date": "2014-10-11 23:09:51", "seriesname": "g1189_cl71zpb", "file": "/media/jbrogan4/scratch2/Reddit_Prov_Dataset_v6/_Kid_who_forgot_to_add_water_to_his_cup_noodles/g1189_cl71zpb.jpg", "URL": "http://i.imgur.com/vNW5Rgd.jpg", "fileid": "g1189_cl71zpb.jpg"}, {"id": "g1189_cl721iv", "comment": "[I have a bad feeling about this ..](http://i.imgur.com/vWssM1D.jpg)", "date": "2014-10-11 23:11:56", "seriesname": "g1189_cl721iv", "file": "/media/jbrogan4/scratch2/Reddit_Prov_Dataset_v6/_Kid_who_forgot_to_add_water_to_his_cup_noodles/g1189_cl721iv.jpg", "URL": "http://i.imgur.com/vWssM1D.jpg", "fileid": "g1189_cl721iv.jpg"}, {"id": "g1189_cl771ej", "comment": "[Kinda happier?](http://i.imgur.com/8XzLv4L.png)", "date": "2014-10-12 03:59:43", "seriesname": "g1189_cl771ej", "file": "/media/jbrogan4/scratch2/Reddit_Prov_Dataset_v6/_Kid_who_forgot_to_add_water_to_his_cup_noodles/g1189_cl771ej.png", "URL": "http://i.imgur.com/8XzLv4L.png", "fileid": "g1189_cl771ej.png"}, {"id": "g1189_cl73yvb", "comment": "[http://imgur.com/DQlsRbx](http://imgur.com/DQlsRbx)", "date": "2014-10-12 00:38:55", "seriesname": "g1189_cl73yvb", "file": "/media/jbrogan4/scratch2/Reddit_Prov_Dataset_v6/_Kid_who_forgot_to_add_water_to_his_cup_noodles/g1189_cl73yvb.png", "URL": "http://i.imgur.com/DQlsRbx.png", "fileid": "g1189_cl73yvb.png"}, {"id": "g1189_cl795xi", "comment": "[Gettin' real tired of your shit, Dr. Freeman](http://i.imgur.com/v4Dlby6.jpg)", "date": "2014-10-12 07:34:54", "seriesname": "g1189_cl795xi", "file": "/media/jbrogan4/scratch2/Reddit_Prov_Dataset_v6/_Kid_who_forgot_to_add_water_to_his_cup_noodles/g1189_cl795xi.jpg", "URL": "http://i.imgur.com/v4Dlby6.jpg", "fileid": "g1189_cl795xi.jpg"}, {"id": "g1189_cl6xai7", "comment": "[Some people just want to watch the noodles burn](http://i.imgur.com/yLwjPfF.jpg)", "date": "2014-10-11 20:04:58", "seriesname": "g1189_cl6xai7", "file": "/media/jbrogan4/scratch2/Reddit_Prov_Dataset_v6/_Kid_who_forgot_to_add_water_to_his_cup_noodles/g1189_cl6xai7.jpg", "URL": "http://i.imgur.com/yLwjPfF.jpg", "fileid": "g1189_cl6xai7.jpg"}, {"id": "g1189_cl6ymsr", "comment": "http://i.imgur.com/SQwUzoa.jpg", "date": "2014-10-11 20:56:09", "seriesname": "g1189_cl6ymsr", "file": "/media/jbrogan4/scratch2/Reddit_Prov_Dataset_v6/_Kid_who_forgot_to_add_water_to_his_cup_noodles/g1189_cl6ymsr.jpg", "URL": "http://i.imgur.com/SQwUzoa.jpg", "fileid": "g1189_cl6ymsr.jpg"}, {"id": "g1189_cl705yc", "comment": "[When he finally got everything together](http://i.imgur.com/TM2ubUc.jpg) ", "date": "2014-10-11 21:56:23", "seriesname": "g1189_cl705yc", "file": "/media/jbrogan4/scratch2/Reddit_Prov_Dataset_v6/_Kid_who_forgot_to_add_water_to_his_cup_noodles/g1189_cl705yc.jpg", "URL": "http://i.imgur.com/TM2ubUc.jpg", "fileid": "g1189_cl705yc.jpg"}, {"id": "g1189_cl6wwov", "comment": "[The horror.](http://i.imgur.com/d5UuRmq.png)", "date": "2014-10-11 19:50:37", "seriesname": "g1189_cl6wwov", "file": "/media/jbrogan4/scratch2/Reddit_Prov_Dataset_v6/_Kid_who_forgot_to_add_water_to_his_cup_noodles/g1189_cl6wwov.png", "URL": "http://i.imgur.com/d5UuRmq.png", "fileid": "g1189_cl6wwov.png"}, {"id": "g1189_cl6t25w", "comment": "[deaddove.jpg](http://i.imgur.com/ry3wE6D.png)", "date": "2014-10-11 17:20:53", "seriesname": "g1189_cl6t25w", "file": "/media/jbrogan4/scratch2/Reddit_Prov_Dataset_v6/_Kid_who_forgot_to_add_water_to_his_cup_noodles/g1189_cl6t25w.png", "URL": "http://i.imgur.com/ry3wE6D.png", "fileid": "g1189_cl6t25w.png"}, {"id": "g1189_cl6s7st", "comment": "[but... they said it would charge my phone..](http://i.imgur.com/W6Ny1rb.jpg)\n\nedit: Got rid of the arrow on the left side", "date": "2014-10-11 16:49:00", "seriesname": "g1189_cl6s7st", "file": "/media/jbrogan4/scratch2/Reddit_Prov_Dataset_v6/_Kid_who_forgot_to_add_water_to_his_cup_noodles/g1189_cl6s7st.jpg", "URL": "http://i.imgur.com/W6Ny1rb.jpg", "fileid": "g1189_cl6s7st.jpg"}, {"id": "g1189_cl853m0", "comment": "[Who knew the noodle mishap would lead to this?](http://imgur.com/sHQTBdn)", "date": "2014-10-13 07:47:49", "seriesname": "g1189_cl853m0", "file": "/media/jbrogan4/scratch2/Reddit_Prov_Dataset_v6/_Kid_who_forgot_to_add_water_to_his_cup_noodles/g1189_cl853m0.png", "URL": "http://i.imgur.com/sHQTBdn.png", "fileid": "g1189_cl853m0.png"}, {"id": "g1189_cl6y0sx", "comment": "&gt; \" I am not cook! \"\n\nhttp://i.imgur.com/SASt23C.jpg\n", "date": "2014-10-11 20:32:32", "seriesname": "g1189_cl6y0sx", "file": "/media/jbrogan4/scratch2/Reddit_Prov_Dataset_v6/_Kid_who_forgot_to_add_water_to_his_cup_noodles/g1189_cl6y0sx.jpg", "URL": "http://i.imgur.com/SASt23C.jpg", "fileid": "g1189_cl6y0sx.jpg"}, {"id": "g1189_cl6z1i0", "comment": "[Unimpressed](http://i.imgur.com/kR2DxPW.jpg)", "date": "2014-10-11 21:12:11", "seriesname": "g1189_cl6z1i0", "file": "/media/jbrogan4/scratch2/Reddit_Prov_Dataset_v6/_Kid_who_forgot_to_add_water_to_his_cup_noodles/g1189_cl6z1i0.jpg", "URL": "http://i.imgur.com/kR2DxPW.jpg", "fileid": "g1189_cl6z1i0.jpg"}, {"id": "g1189_cl6sxa7", "comment": "[I hear the girl that made noodles after him set the whole school on fire.](http://i.imgur.com/T2gWMd0.jpg)", "date": "2014-10-11 17:15:43", "seriesname": "g1189_cl6sxa7", "file": "/media/jbrogan4/scratch2/Reddit_Prov_Dataset_v6/_Kid_who_forgot_to_add_water_to_his_cup_noodles/g1189_cl6sxa7.jpg", "URL": "http://i.imgur.com/T2gWMd0.jpg", "fileid": "g1189_cl6sxa7.jpg"}, {"id": "g1189_cl7622c", "comment": "[A Great Dishonor](http://i.imgur.com/RFD4Tdj.jpg)", "date": "2014-10-12 02:41:52", "seriesname": "g1189_cl7622c", "file": "/media/jbrogan4/scratch2/Reddit_Prov_Dataset_v6/_Kid_who_forgot_to_add_water_to_his_cup_noodles/g1189_cl7622c.jpg", "URL": "http://i.imgur.com/RFD4Tdj.jpg", "fileid": "g1189_cl7622c.jpg"}, {"id": "g1189_cl6u733", "comment": "[He's seen some shit](http://imgur.com/6L16SAI.gif)\n\n\nEDIT: just in case **flash warning**", "date": "2014-10-11 18:05:02", "seriesname": "g1189_cl6u733", "file": "/media/jbrogan4/scratch2/Reddit_Prov_Dataset_v6/_Kid_who_forgot_to_add_water_to_his_cup_noodles/g1189_cl6u733.jpg", "URL": "http://imgur.com/6L16SAI.gif", "fileid": "g1189_cl6u733.gif"}, {"id": "g1189_cl6tqii", "comment": "[It's a good day... for murder.](http://i.imgur.com/HNcOFVn.jpg)", "date": "2014-10-11 17:46:52", "seriesname": "g1189_cl6tqii", "file": "/media/jbrogan4/scratch2/Reddit_Prov_Dataset_v6/_Kid_who_forgot_to_add_water_to_his_cup_noodles/g1189_cl6tqii.jpg", "URL": "http://i.imgur.com/HNcOFVn.jpg", "fileid": "g1189_cl6tqii.jpg"}, {"id": "g1189_clevlxc", "comment": "http://imgur.com/MSgMk1Y", "date": "2014-10-20 15:48:45", "seriesname": "g1189_clevlxc", "file": "/media/jbrogan4/scratch2/Reddit_Prov_Dataset_v6/_Kid_who_forgot_to_add_water_to_his_cup_noodles/g1189_clevlxc.png", "URL": "http://i.imgur.com/MSgMk1Y.png", "fileid": "g1189_clevlxc.png"}, {"id": "g1189_cl6updb", "comment": "[No, it's probably nothing](http://i.imgur.com/wRfjKtI.jpg)", "date": "2014-10-11 18:25:09", "seriesname": "g1189_cl6updb", "file": "/media/jbrogan4/scratch2/Reddit_Prov_Dataset_v6/_Kid_who_forgot_to_add_water_to_his_cup_noodles/g1189_cl6updb.jpg", "URL": "http://i.imgur.com/wRfjKtI.jpg", "fileid": "g1189_cl6updb.jpg"}, {"id": "g1189_cl6sirf", "comment": "[How else would you cook it?!](http://imgur.com/CP4XWR9)", "date": "2014-10-11 17:00:34", "seriesname": "g1189_cl6sirf", "file": "/media/jbrogan4/scratch2/Reddit_Prov_Dataset_v6/_Kid_who_forgot_to_add_water_to_his_cup_noodles/g1189_cl6sirf.png", "URL": "http://i.imgur.com/CP4XWR9.png", "fileid": "g1189_cl6sirf.png"}, {"id": "g1189_cl6tyz6", "comment": "[Gordon's look of disappointment](http://imgur.com/oUZ6EuA) ", "date": "2014-10-11 17:56:15", "seriesname": "g1189_cl6tyz6", "file": "/media/jbrogan4/scratch2/Reddit_Prov_Dataset_v6/_Kid_who_forgot_to_add_water_to_his_cup_noodles/g1189_cl6tyz6.png", "URL": "http://i.imgur.com/oUZ6EuA.png", "fileid": "g1189_cl6tyz6.png"}, {"id": "g1189_cl6u0v6", "comment": "[I don't know. Sorry](http://i.imgur.com/hU2fCmf.png)", "date": "2014-10-11 17:58:19", "seriesname": "g1189_cl6u0v6", "file": "/media/jbrogan4/scratch2/Reddit_Prov_Dataset_v6/_Kid_who_forgot_to_add_water_to_his_cup_noodles/g1189_cl6u0v6.png", "URL": "http://i.imgur.com/hU2fCmf.png", "fileid": "g1189_cl6u0v6.png"}, {"id": "g1189_root", "comment": "", "date": "2014-10-11 16:05:25", "seriesname": "g1189_root", "file": "/media/jbrogan4/scratch2/Reddit_Prov_Dataset_v6/_Kid_who_forgot_to_add_water_to_his_cup_noodles/g1189_root.png", "URL": "http://i.imgur.com/qjujW6d.png", "fileid": "g1189_root.png"}, {"id": "g1189_cl794rg", "comment": "[The presidents advisor breaks the news to him](http://imgur.com/x0KMwBd)", "date": "2014-10-12 07:31:57", "seriesname": "g1189_cl794rg", "file": "/media/jbrogan4/scratch2/Reddit_Prov_Dataset_v6/_Kid_who_forgot_to_add_water_to_his_cup_noodles/g1189_cl794rg.png", "URL": "http://i.imgur.com/x0KMwBd.png", "fileid": "g1189_cl794rg.png"}], "graph": {"name": "g1189_root"}, "directed": true}