{"links": [{"op": "none", "target": 0, "source": 46}, {"op": "none", "target": 1, "source": 46}, {"op": "none", "target": 2, "source": 46}, {"op": "none", "target": 3, "source": 46}, {"op": "none", "target": 4, "source": 46}, {"op": "none", "target": 5, "source": 46}, {"op": "none", "target": 6, "source": 46}, {"op": "none", "target": 7, "source": 46}, {"op": "none", "target": 8, "source": 38}, {"op": "none", "target": 9, "source": 4}, {"op": "none", "target": 10, "source": 46}, {"op": "none", "target": 11, "source": 46}, {"op": "none", "target": 12, "source": 20}, {"op": "none", "target": 13, "source": 46}, {"op": "none", "target": 14, "source": 46}, {"op": "none", "target": 15, "source": 46}, {"op": "none", "target": 16, "source": 8}, {"op": "none", "target": 17, "source": 46}, {"op": "none", "target": 18, "source": 44}, {"op": "none", "target": 19, "source": 4}, {"op": "none", "target": 20, "source": 46}, {"op": "none", "target": 21, "source": 46}, {"op": "none", "target": 22, "source": 46}, {"op": "none", "target": 23, "source": 46}, {"op": "none", "target": 24, "source": 46}, {"op": "none", "target": 25, "source": 22}, {"op": "none", "target": 26, "source": 46}, {"op": "none", "target": 27, "source": 24}, {"op": "none", "target": 28, "source": 46}, {"op": "none", "target": 29, "source": 31}, {"op": "none", "target": 30, "source": 46}, {"op": "none", "target": 31, "source": 46}, {"op": "none", "target": 32, "source": 39}, {"op": "none", "target": 33, "source": 46}, {"op": "none", "target": 34, "source": 46}, {"op": "none", "target": 35, "source": 46}, {"op": "none", "target": 36, "source": 44}, {"op": "none", "target": 37, "source": 5}, {"op": "none", "target": 38, "source": 46}, {"op": "none", "target": 39, "source": 3}, {"op": "none", "target": 40, "source": 46}, {"op": "none", "target": 41, "source": 44}, {"op": "none", "target": 42, "source": 46}, {"op": "none", "target": 43, "source": 46}, {"op": "none", "target": 44, "source": 23}, {"op": "none", "target": 45, "source": 31}, {"op": "none", "target": 47, "source": 46}], "title": "_Poorly_Drawn_Wikihow_Family", "nodes": [{"id": "g1195_d2080ip", "comment": "[Smaller Faces = Even Better](http://i.imgur.com/TIxOil4.png)", "date": "2016-04-12 15:45:36", "seriesname": "g1195_d2080ip", "file": "/media/jbrogan4/scratch2/Reddit_Prov_Dataset_v6/_Poorly_Drawn_Wikihow_Family/g1195_d2080ip.png", "URL": "http://i.imgur.com/TIxOil4.png", "fileid": "g1195_d2080ip.png"}, {"id": "g1195_d1zrnpl", "comment": "[The real photo](http://i.imgur.com/RrNO8CB.jpg)", "date": "2016-04-12 09:43:23", "seriesname": "g1195_d1zrnpl", "file": "/media/jbrogan4/scratch2/Reddit_Prov_Dataset_v6/_Poorly_Drawn_Wikihow_Family/g1195_d1zrnpl.jpg", "URL": "http://i.imgur.com/RrNO8CB.jpg", "fileid": "g1195_d1zrnpl.jpg"}, {"id": "g1195_d1zriv3", "comment": "It reminds me of that guy from [The Island of Dr. Moreau](http://i.imgur.com/MXzvI3V.png).", "date": "2016-04-12 09:39:45", "seriesname": "g1195_d1zriv3", "file": "/media/jbrogan4/scratch2/Reddit_Prov_Dataset_v6/_Poorly_Drawn_Wikihow_Family/g1195_d1zriv3.jpg", "URL": "http://i.imgur.com/MXzvI3V.png).", "fileid": "g1195_d1zriv3."}, {"id": "g1195_d1zm2hj", "comment": "[They really do have a book for everything these days](http://i.imgur.com/kxLeSqg.jpg)\n\nEdit: My Goodness! I've been gilded! Thank you kind sister or brother.  \n\nEdit 2: Double Gilded!  Wow Thank you so much people.  A very happy fella I've become.", "date": "2016-04-12 05:53:10", "seriesname": "g1195_d1zm2hj", "file": "/media/jbrogan4/scratch2/Reddit_Prov_Dataset_v6/_Poorly_Drawn_Wikihow_Family/g1195_d1zm2hj.jpg", "URL": "http://i.imgur.com/kxLeSqg.jpg", "fileid": "g1195_d1zm2hj.jpg"}, {"id": "g1195_d1zpjnn", "comment": "[The Cages](http://i.imgur.com/vYB6tIF.jpg)", "date": "2016-04-12 08:40:38", "seriesname": "g1195_d1zpjnn", "file": "/media/jbrogan4/scratch2/Reddit_Prov_Dataset_v6/_Poorly_Drawn_Wikihow_Family/g1195_d1zpjnn.jpg", "URL": "http://i.imgur.com/vYB6tIF.jpg", "fileid": "g1195_d1zpjnn.jpg"}, {"id": "g1195_d1zwizc", "comment": "[They must be closely related somehow.](http://i.imgur.com/odH7xZl.png)", "date": "2016-04-12 11:38:57", "seriesname": "g1195_d1zwizc", "file": "/media/jbrogan4/scratch2/Reddit_Prov_Dataset_v6/_Poorly_Drawn_Wikihow_Family/g1195_d1zwizc.png", "URL": "http://i.imgur.com/odH7xZl.png", "fileid": "g1195_d1zwizc.png"}, {"id": "g1195_d203oz9", "comment": "http://i.imgur.com/8IpqEZu.jpg", "date": "2016-04-12 14:13:24", "seriesname": "g1195_d203oz9", "file": "/media/jbrogan4/scratch2/Reddit_Prov_Dataset_v6/_Poorly_Drawn_Wikihow_Family/g1195_d203oz9.jpg", "URL": "http://i.imgur.com/8IpqEZu.jpg", "fileid": "g1195_d203oz9.jpg"}, {"id": "g1195_d1zstmb", "comment": "[For your reaction face folders](https://imgur.com/aWIH9Zw)", "date": "2016-04-12 10:13:32", "seriesname": "g1195_d1zstmb", "file": "/media/jbrogan4/scratch2/Reddit_Prov_Dataset_v6/_Poorly_Drawn_Wikihow_Family/g1195_d1zstmb.png", "URL": "http://i.imgur.com/aWIH9Zw.png", "fileid": "g1195_d1zstmb.png"}, {"id": "g1195_d1zpahv", "comment": "[anyway](http://i.imgur.com/HFBXvcp.jpg)", "date": "2016-04-12 08:31:35", "seriesname": "g1195_d1zpahv", "file": "/media/jbrogan4/scratch2/Reddit_Prov_Dataset_v6/_Poorly_Drawn_Wikihow_Family/g1195_d1zpahv.jpg", "URL": "http://i.imgur.com/HFBXvcp.jpg", "fileid": "g1195_d1zpahv.jpg"}, {"id": "g1195_d1zxdy1", "comment": "[As you wish](http://i.imgur.com/ES3QefK.png)", "date": "2016-04-12 11:57:41", "seriesname": "g1195_d1zxdy1", "file": "/media/jbrogan4/scratch2/Reddit_Prov_Dataset_v6/_Poorly_Drawn_Wikihow_Family/g1195_d1zxdy1.png", "URL": "http://i.imgur.com/ES3QefK.png", "fileid": "g1195_d1zxdy1.png"}, {"id": "g1195_d1zwlmm", "comment": "http://imgur.com/BODt5Ao", "date": "2016-04-12 11:40:32", "seriesname": "g1195_d1zwlmm", "file": "/media/jbrogan4/scratch2/Reddit_Prov_Dataset_v6/_Poorly_Drawn_Wikihow_Family/g1195_d1zwlmm.png", "URL": "http://i.imgur.com/BODt5Ao.png", "fileid": "g1195_d1zwlmm.png"}, {"id": "g1195_d20iize", "comment": "[How to plan a **BRUTAL** vacation](http://i.imgur.com/XrbYS2Q.png)", "date": "2016-04-12 19:55:14", "seriesname": "g1195_d20iize", "file": "/media/jbrogan4/scratch2/Reddit_Prov_Dataset_v6/_Poorly_Drawn_Wikihow_Family/g1195_d20iize.png", "URL": "http://i.imgur.com/XrbYS2Q.png", "fileid": "g1195_d20iize.png"}, {"id": "g1195_d203e3q", "comment": "[Well, okay.](http://i.imgur.com/mopEsp1.jpg?1)", "date": "2016-04-12 14:06:51", "seriesname": "g1195_d203e3q", "file": "/media/jbrogan4/scratch2/Reddit_Prov_Dataset_v6/_Poorly_Drawn_Wikihow_Family/g1195_d203e3q.jpg", "URL": "http://i.imgur.com/mopEsp1.jpg?1", "fileid": "g1195_d203e3q.jpg"}, {"id": "g1195_d1zo2k4", "comment": "[Previous Wikihow searches include \"Fresco Restoration\"](http://i.imgur.com/kOqfbSr.jpg)", "date": "2016-04-12 07:42:50", "seriesname": "g1195_d1zo2k4", "file": "/media/jbrogan4/scratch2/Reddit_Prov_Dataset_v6/_Poorly_Drawn_Wikihow_Family/g1195_d1zo2k4.jpg", "URL": "http://i.imgur.com/kOqfbSr.jpg", "fileid": "g1195_d1zo2k4.jpg"}, {"id": "g1195_d205yxu", "comment": "\n[Finally!](http://i.imgur.com/N1pBwg0.jpg)\n\n\n ", "date": "2016-04-12 15:02:15", "seriesname": "g1195_d205yxu", "file": "/media/jbrogan4/scratch2/Reddit_Prov_Dataset_v6/_Poorly_Drawn_Wikihow_Family/g1195_d205yxu.jpg", "URL": "http://i.imgur.com/N1pBwg0.jpg", "fileid": "g1195_d205yxu.jpg"}, {"id": "g1195_d1zxrvx", "comment": "[Trump](http://i.imgur.com/8x46eRV.jpg)", "date": "2016-04-12 12:06:10", "seriesname": "g1195_d1zxrvx", "file": "/media/jbrogan4/scratch2/Reddit_Prov_Dataset_v6/_Poorly_Drawn_Wikihow_Family/g1195_d1zxrvx.jpg", "URL": "http://i.imgur.com/8x46eRV.jpg", "fileid": "g1195_d1zxrvx.jpg"}, {"id": "g1195_d1zv0iv", "comment": "[Nice guess, but the original word is \"Moist\".](http://i.imgur.com/Ukkv4cu.jpg)", "date": "2016-04-12 11:05:04", "seriesname": "g1195_d1zv0iv", "file": "/media/jbrogan4/scratch2/Reddit_Prov_Dataset_v6/_Poorly_Drawn_Wikihow_Family/g1195_d1zv0iv.jpg", "URL": "http://i.imgur.com/Ukkv4cu.jpg", "fileid": "g1195_d1zv0iv.jpg"}, {"id": "g1195_d1zv1q7", "comment": "\n[FATAL ERROR](http://i.imgur.com/ap2E54L.jpg)\n\n", "date": "2016-04-12 11:05:50", "seriesname": "g1195_d1zv1q7", "file": "/media/jbrogan4/scratch2/Reddit_Prov_Dataset_v6/_Poorly_Drawn_Wikihow_Family/g1195_d1zv1q7.jpg", "URL": "http://i.imgur.com/ap2E54L.jpg", "fileid": "g1195_d1zv1q7.jpg"}, {"id": "g1195_d1ztbp3", "comment": "[You're right.](http://i.imgur.com/Ir04u0s.png) ", "date": "2016-04-12 10:25:49", "seriesname": "g1195_d1ztbp3", "file": "/media/jbrogan4/scratch2/Reddit_Prov_Dataset_v6/_Poorly_Drawn_Wikihow_Family/g1195_d1ztbp3.png", "URL": "http://i.imgur.com/Ir04u0s.png", "fileid": "g1195_d1ztbp3.png"}, {"id": "g1195_d1zrxrj", "comment": "[The decoration of independence you say?](http://i.imgur.com/bGb6vqhh.jpg) ", "date": "2016-04-12 09:50:47", "seriesname": "g1195_d1zrxrj", "file": "/media/jbrogan4/scratch2/Reddit_Prov_Dataset_v6/_Poorly_Drawn_Wikihow_Family/g1195_d1zrxrj.jpg", "URL": "http://i.imgur.com/bGb6vqhh.jpg", "fileid": "g1195_d1zrxrj.jpg"}, {"id": "g1195_d1znuqj", "comment": "https://imgur.com/aF2UOE9", "date": "2016-04-12 07:33:07", "seriesname": "g1195_d1znuqj", "file": "/media/jbrogan4/scratch2/Reddit_Prov_Dataset_v6/_Poorly_Drawn_Wikihow_Family/g1195_d1znuqj.png", "URL": "http://i.imgur.com/aF2UOE9.png", "fileid": "g1195_d1znuqj.png"}, {"id": "g1195_d1zwbad", "comment": "[Poorly drawn, you say?](http://i.imgur.com/4xve1Eq.jpg)", "date": "2016-04-12 11:34:15", "seriesname": "g1195_d1zwbad", "file": "/media/jbrogan4/scratch2/Reddit_Prov_Dataset_v6/_Poorly_Drawn_Wikihow_Family/g1195_d1zwbad.jpg", "URL": "http://i.imgur.com/4xve1Eq.jpg", "fileid": "g1195_d1zwbad.jpg"}, {"id": "g1195_d1znmtm", "comment": "[Cannibalism you say?](http://i.imgur.com/RQakWvL.png)", "date": "2016-04-12 07:22:51", "seriesname": "g1195_d1znmtm", "file": "/media/jbrogan4/scratch2/Reddit_Prov_Dataset_v6/_Poorly_Drawn_Wikihow_Family/g1195_d1znmtm.png", "URL": "http://i.imgur.com/RQakWvL.png", "fileid": "g1195_d1znmtm.png"}, {"id": "g1195_d1zkwf0", "comment": "Tried to fix their faces. [Still terrifying.](http://i.imgur.com/f2vDJ5X.png)", "date": "2016-04-12 04:35:01", "seriesname": "g1195_d1zkwf0", "file": "/media/jbrogan4/scratch2/Reddit_Prov_Dataset_v6/_Poorly_Drawn_Wikihow_Family/g1195_d1zkwf0.png", "URL": "http://i.imgur.com/f2vDJ5X.png", "fileid": "g1195_d1zkwf0.png"}, {"id": "g1195_d1zqbrf", "comment": "\n[Problem solved:](http://i.imgur.com/P7OYev1.jpg)\n", "date": "2016-04-12 09:05:54", "seriesname": "g1195_d1zqbrf", "file": "/media/jbrogan4/scratch2/Reddit_Prov_Dataset_v6/_Poorly_Drawn_Wikihow_Family/g1195_d1zqbrf.jpg", "URL": "http://i.imgur.com/P7OYev1.jpg", "fileid": "g1195_d1zqbrf.jpg"}, {"id": "g1195_d1zzy0k", "comment": "[ha ha](http://i.imgur.com/3mCweul.gif?noredirect)", "date": "2016-04-12 12:53:22", "seriesname": "g1195_d1zzy0k", "file": "/media/jbrogan4/scratch2/Reddit_Prov_Dataset_v6/_Poorly_Drawn_Wikihow_Family/g1195_d1zzy0k.jpg", "URL": "http://i.imgur.com/3mCweul.gif?noredirect", "fileid": "g1195_d1zzy0k.gif"}, {"id": "g1195_d1zk1v3", "comment": "[Some people never change. Some do...](http://i.imgur.com/rOymevl.png)", "date": "2016-04-12 03:42:11", "seriesname": "g1195_d1zk1v3", "file": "/media/jbrogan4/scratch2/Reddit_Prov_Dataset_v6/_Poorly_Drawn_Wikihow_Family/g1195_d1zk1v3.png", "URL": "http://i.imgur.com/rOymevl.png", "fileid": "g1195_d1zk1v3.png"}, {"id": "g1195_d1zuccg", "comment": "[No Input Signal](http://i.imgur.com/SK5wrFc.jpg)", "date": "2016-04-12 10:49:38", "seriesname": "g1195_d1zuccg", "file": "/media/jbrogan4/scratch2/Reddit_Prov_Dataset_v6/_Poorly_Drawn_Wikihow_Family/g1195_d1zuccg.jpg", "URL": "http://i.imgur.com/SK5wrFc.jpg", "fileid": "g1195_d1zuccg.jpg"}, {"id": "g1195_d1zkera", "comment": "[They're still disappointed by Tomorrow Land](http://imgur.com/EDOWu0b)", "date": "2016-04-12 04:03:44", "seriesname": "g1195_d1zkera", "file": "/media/jbrogan4/scratch2/Reddit_Prov_Dataset_v6/_Poorly_Drawn_Wikihow_Family/g1195_d1zkera.png", "URL": "http://i.imgur.com/EDOWu0b.png", "fileid": "g1195_d1zkera.png"}, {"id": "g1195_d1zvm88", "comment": "[A new addition to the family](http://i.imgur.com/PwDVev3.jpg)\nnightmare fuel", "date": "2016-04-12 11:18:41", "seriesname": "g1195_d1zvm88", "file": "/media/jbrogan4/scratch2/Reddit_Prov_Dataset_v6/_Poorly_Drawn_Wikihow_Family/g1195_d1zvm88.jpg", "URL": "http://i.imgur.com/PwDVev3.jpg", "fileid": "g1195_d1zvm88.jpg"}, {"id": "g1195_d1zsr37", "comment": "[Imitation contest] (http://i.imgur.com/Rfu2L0i.jpg)", "date": "2016-04-12 10:11:47", "seriesname": "g1195_d1zsr37", "file": "/media/jbrogan4/scratch2/Reddit_Prov_Dataset_v6/_Poorly_Drawn_Wikihow_Family/g1195_d1zsr37.jpg", "URL": "http://i.imgur.com/Rfu2L0i.jpg", "fileid": "g1195_d1zsr37.jpg"}, {"id": "g1195_d1zq0pu", "comment": "[A new addition to the family](http://i.imgur.com/lvRSdCe.jpg)", "date": "2016-04-12 08:56:24", "seriesname": "g1195_d1zq0pu", "file": "/media/jbrogan4/scratch2/Reddit_Prov_Dataset_v6/_Poorly_Drawn_Wikihow_Family/g1195_d1zq0pu.jpg", "URL": "http://i.imgur.com/lvRSdCe.jpg", "fileid": "g1195_d1zq0pu.jpg"}, {"id": "g1195_d208kp7", "comment": "[Felt like it needed someone watching over the kid.](http://i.imgur.com/tl6DRNv.jpg)", "date": "2016-04-12 15:57:35", "seriesname": "g1195_d208kp7", "file": "/media/jbrogan4/scratch2/Reddit_Prov_Dataset_v6/_Poorly_Drawn_Wikihow_Family/g1195_d208kp7.jpg", "URL": "http://i.imgur.com/tl6DRNv.jpg", "fileid": "g1195_d208kp7.jpg"}, {"id": "g1195_d1zu883", "comment": "[A Grand Old Party](http://i.imgur.com/v2KDGIj.jpg)", "date": "2016-04-12 10:46:55", "seriesname": "g1195_d1zu883", "file": "/media/jbrogan4/scratch2/Reddit_Prov_Dataset_v6/_Poorly_Drawn_Wikihow_Family/g1195_d1zu883.jpg", "URL": "http://i.imgur.com/v2KDGIj.jpg", "fileid": "g1195_d1zu883.jpg"}, {"id": "g1195_d1zkgqi", "comment": "http://imgur.com/CgweBL8", "date": "2016-04-12 04:07:11", "seriesname": "g1195_d1zkgqi", "file": "/media/jbrogan4/scratch2/Reddit_Prov_Dataset_v6/_Poorly_Drawn_Wikihow_Family/g1195_d1zkgqi.png", "URL": "http://i.imgur.com/CgweBL8.png", "fileid": "g1195_d1zkgqi.png"}, {"id": "g1195_d1zpbdr", "comment": "Meanwhile in North Korea http://imgur.com/iiRbmMA", "date": "2016-04-12 08:32:28", "seriesname": "g1195_d1zpbdr", "file": "/media/jbrogan4/scratch2/Reddit_Prov_Dataset_v6/_Poorly_Drawn_Wikihow_Family/g1195_d1zpbdr.png", "URL": "http://i.imgur.com/iiRbmMA.png", "fileid": "g1195_d1zpbdr.png"}, {"id": "g1195_d1zvdx8", "comment": "For the little girl, did you inspire yourself of the [side eyeing Chloe](http://i.imgur.com/b68QiiD.jpg)?", "date": "2016-04-12 11:13:30", "seriesname": "g1195_d1zvdx8", "file": "/media/jbrogan4/scratch2/Reddit_Prov_Dataset_v6/_Poorly_Drawn_Wikihow_Family/g1195_d1zvdx8.jpg", "URL": "http://i.imgur.com/b68QiiD.jpg)?", "fileid": "g1195_d1zvdx8.jpg"}, {"id": "g1195_d203to9", "comment": "[I tried, I fucked up, No regrets](http://imgur.com/jxalsCf)", "date": "2016-04-12 14:16:16", "seriesname": "g1195_d203to9", "file": "/media/jbrogan4/scratch2/Reddit_Prov_Dataset_v6/_Poorly_Drawn_Wikihow_Family/g1195_d203to9.png", "URL": "http://i.imgur.com/jxalsCf.png", "fileid": "g1195_d203to9.png"}, {"id": "g1195_d1zlf0c", "comment": "[Same-Day Delivery. Endless Savings, ~~Endless~~ Fun.](http://i.imgur.com/cAdfvxg.jpg)", "date": "2016-04-12 05:09:45", "seriesname": "g1195_d1zlf0c", "file": "/media/jbrogan4/scratch2/Reddit_Prov_Dataset_v6/_Poorly_Drawn_Wikihow_Family/g1195_d1zlf0c.jpg", "URL": "http://i.imgur.com/cAdfvxg.jpg", "fileid": "g1195_d1zlf0c.jpg"}, {"id": "g1195_d1zm7ow", "comment": "[Oh so you know the series](http://i.imgur.com/6GTt89g.jpg)", "date": "2016-04-12 06:02:22", "seriesname": "g1195_d1zm7ow", "file": "/media/jbrogan4/scratch2/Reddit_Prov_Dataset_v6/_Poorly_Drawn_Wikihow_Family/g1195_d1zm7ow.jpg", "URL": "http://i.imgur.com/6GTt89g.jpg", "fileid": "g1195_d1zm7ow.jpg"}, {"id": "g1195_d1zsylc", "comment": "I fixed their faces. http://i.imgur.com/GvdXUqf.png", "date": "2016-04-12 10:16:56", "seriesname": "g1195_d1zsylc", "file": "/media/jbrogan4/scratch2/Reddit_Prov_Dataset_v6/_Poorly_Drawn_Wikihow_Family/g1195_d1zsylc.png", "URL": "http://i.imgur.com/GvdXUqf.png", "fileid": "g1195_d1zsylc.png"}, {"id": "g1195_d1zyw02", "comment": "fixed the most disturbing part http://imgur.com/Wwqwvut\n\n", "date": "2016-04-12 12:30:21", "seriesname": "g1195_d1zyw02", "file": "/media/jbrogan4/scratch2/Reddit_Prov_Dataset_v6/_Poorly_Drawn_Wikihow_Family/g1195_d1zyw02.png", "URL": "http://i.imgur.com/Wwqwvut.png", "fileid": "g1195_d1zyw02.png"}, {"id": "g1195_d1zs8rk", "comment": "[fixed - simplified](http://i.imgur.com/1xQ0m5V.jpg)", "date": "2016-04-12 09:58:46", "seriesname": "g1195_d1zs8rk", "file": "/media/jbrogan4/scratch2/Reddit_Prov_Dataset_v6/_Poorly_Drawn_Wikihow_Family/g1195_d1zs8rk.jpg", "URL": "http://i.imgur.com/1xQ0m5V.jpg", "fileid": "g1195_d1zs8rk.jpg"}, {"id": "g1195_d1zvo40", "comment": "What they're really googling.  http://i.imgur.com/p5uPOQM.jpg ", "date": "2016-04-12 11:19:51", "seriesname": "g1195_d1zvo40", "file": "/media/jbrogan4/scratch2/Reddit_Prov_Dataset_v6/_Poorly_Drawn_Wikihow_Family/g1195_d1zvo40.jpg", "URL": "http://i.imgur.com/p5uPOQM.jpg", "fileid": "g1195_d1zvo40.jpg"}, {"id": "g1195_d1zqupa", "comment": "[I worked yours a little bit more.](http://i.imgur.com/G1baWMu.jpg) Can't seem to completely liquify away the creepy though.", "date": "2016-04-12 09:21:11", "seriesname": "g1195_d1zqupa", "file": "/media/jbrogan4/scratch2/Reddit_Prov_Dataset_v6/_Poorly_Drawn_Wikihow_Family/g1195_d1zqupa.jpg", "URL": "http://i.imgur.com/G1baWMu.jpg", "fileid": "g1195_d1zqupa.jpg"}, {"id": "g1195_d20chud", "comment": "\nFamily strong\n\nhttp://i.imgur.com/iWXotSb.png\n", "date": "2016-04-12 17:22:29", "seriesname": "g1195_d20chud", "file": "/media/jbrogan4/scratch2/Reddit_Prov_Dataset_v6/_Poorly_Drawn_Wikihow_Family/g1195_d20chud.png", "URL": "http://i.imgur.com/iWXotSb.png", "fileid": "g1195_d20chud.png"}, {"id": "g1195_root", "comment": "", "date": "2016-04-12 02:16:37", "seriesname": "g1195_root", "file": "/media/jbrogan4/scratch2/Reddit_Prov_Dataset_v6/_Poorly_Drawn_Wikihow_Family/g1195_root.jpg", "URL": "http://imgur.com/zydK2nV.jpg", "fileid": "g1195_root.jpg"}, {"id": "g1195_d1zxm3s", "comment": "They re-did it for the wiki-how site. Still horrifying. http://imgur.com/UDqwkAD", "date": "2016-04-12 12:02:38", "seriesname": "g1195_d1zxm3s", "file": "/media/jbrogan4/scratch2/Reddit_Prov_Dataset_v6/_Poorly_Drawn_Wikihow_Family/g1195_d1zxm3s.png", "URL": "http://i.imgur.com/UDqwkAD.png", "fileid": "g1195_d1zxm3s.png"}], "graph": {"name": "g1195_root"}, "directed": true}