{"links": [{"op": "none", "target": 0, "source": 48}, {"op": "none", "target": 1, "source": 48}, {"op": "none", "target": 2, "source": 48}, {"op": "none", "target": 3, "source": 48}, {"op": "none", "target": 4, "source": 48}, {"op": "none", "target": 5, "source": 48}, {"op": "none", "target": 6, "source": 48}, {"op": "none", "target": 7, "source": 48}, {"op": "none", "target": 8, "source": 48}, {"op": "none", "target": 9, "source": 48}, {"op": "none", "target": 10, "source": 48}, {"op": "none", "target": 11, "source": 48}, {"op": "none", "target": 12, "source": 19}, {"op": "none", "target": 13, "source": 48}, {"op": "none", "target": 14, "source": 48}, {"op": "none", "target": 15, "source": 48}, {"op": "none", "target": 16, "source": 31}, {"op": "none", "target": 17, "source": 19}, {"op": "none", "target": 18, "source": 48}, {"op": "none", "target": 19, "source": 38}, {"op": "none", "target": 20, "source": 48}, {"op": "none", "target": 21, "source": 48}, {"op": "none", "target": 22, "source": 47}, {"op": "none", "target": 23, "source": 48}, {"op": "none", "target": 24, "source": 48}, {"op": "none", "target": 25, "source": 48}, {"op": "none", "target": 26, "source": 48}, {"op": "none", "target": 27, "source": 48}, {"op": "none", "target": 28, "source": 48}, {"op": "none", "target": 29, "source": 48}, {"op": "none", "target": 30, "source": 48}, {"op": "none", "target": 31, "source": 48}, {"op": "none", "target": 32, "source": 48}, {"op": "none", "target": 33, "source": 48}, {"op": "none", "target": 34, "source": 48}, {"op": "none", "target": 35, "source": 48}, {"op": "none", "target": 36, "source": 48}, {"op": "none", "target": 37, "source": 48}, {"op": "none", "target": 38, "source": 48}, {"op": "none", "target": 39, "source": 48}, {"op": "none", "target": 40, "source": 29}, {"op": "none", "target": 41, "source": 48}, {"op": "none", "target": 42, "source": 48}, {"op": "none", "target": 43, "source": 48}, {"op": "none", "target": 44, "source": 48}, {"op": "none", "target": 45, "source": 48}, {"op": "none", "target": 46, "source": 48}, {"op": "none", "target": 47, "source": 48}, {"op": "none", "target": 49, "source": 48}, {"op": "none", "target": 50, "source": 48}, {"op": "none", "target": 51, "source": 48}], "title": "_LeBron_James_holding_a_trophy", "nodes": [{"id": "g1199_d4gpl7u", "comment": "http://imgur.com/occrpJg", "date": "2016-06-20 11:23:08", "seriesname": "g1199_d4gpl7u", "file": "/media/jbrogan4/scratch2/Reddit_Prov_Dataset_v6/_LeBron_James_holding_a_trophy/g1199_d4gpl7u.png", "URL": "http://i.imgur.com/occrpJg.png", "fileid": "g1199_d4gpl7u.png"}, {"id": "g1199_d4h9xzs", "comment": "Winning that Badge http://imgur.com/GwW66Q9", "date": "2016-06-20 19:01:54", "seriesname": "g1199_d4h9xzs", "file": "/media/jbrogan4/scratch2/Reddit_Prov_Dataset_v6/_LeBron_James_holding_a_trophy/g1199_d4h9xzs.png", "URL": "http://i.imgur.com/GwW66Q9.png", "fileid": "g1199_d4h9xzs.png"}, {"id": "g1199_d4grp49", "comment": "[Happy Birthday LeBron!](http://i.imgur.com/N0ocxYp.jpg)", "date": "2016-06-20 12:11:21", "seriesname": "g1199_d4grp49", "file": "/media/jbrogan4/scratch2/Reddit_Prov_Dataset_v6/_LeBron_James_holding_a_trophy/g1199_d4grp49.jpg", "URL": "http://i.imgur.com/N0ocxYp.jpg", "fileid": "g1199_d4grp49.jpg"}, {"id": "g1199_d4gqh1c", "comment": "http://imgur.com/VlDyMEm\n\nfirst photoshop ever so pls dont roast me.", "date": "2016-06-20 11:43:34", "seriesname": "g1199_d4gqh1c", "file": "/media/jbrogan4/scratch2/Reddit_Prov_Dataset_v6/_LeBron_James_holding_a_trophy/g1199_d4gqh1c.png", "URL": "http://i.imgur.com/VlDyMEm.png", "fileid": "g1199_d4gqh1c.png"}, {"id": "g1199_d4gr64w", "comment": "[Proud](http://i.imgur.com/PALMAVT.jpg)", "date": "2016-06-20 11:59:20", "seriesname": "g1199_d4gr64w", "file": "/media/jbrogan4/scratch2/Reddit_Prov_Dataset_v6/_LeBron_James_holding_a_trophy/g1199_d4gr64w.jpg", "URL": "http://i.imgur.com/PALMAVT.jpg", "fileid": "g1199_d4gr64w.jpg"}, {"id": "g1199_d4h9y0f", "comment": "http://m.imgur.com/4w6wnz0", "date": "2016-06-20 19:01:55", "seriesname": "g1199_d4h9y0f", "file": "/media/jbrogan4/scratch2/Reddit_Prov_Dataset_v6/_LeBron_James_holding_a_trophy/g1199_d4h9y0f.png", "URL": "http://i.imgur.com/4w6wnz0.png", "fileid": "g1199_d4h9y0f.png"}, {"id": "g1199_d4gywwq", "comment": "[It's gone full circle](http://i.imgur.com/gtU6QPt.jpg)", "date": "2016-06-20 14:49:29", "seriesname": "g1199_d4gywwq", "file": "/media/jbrogan4/scratch2/Reddit_Prov_Dataset_v6/_LeBron_James_holding_a_trophy/g1199_d4gywwq.jpg", "URL": "http://i.imgur.com/gtU6QPt.jpg", "fileid": "g1199_d4gywwq.jpg"}, {"id": "g1199_d4i7ney", "comment": "[Onions](http://imgur.com/6K4u2rA)", "date": "2016-06-21 13:18:41", "seriesname": "g1199_d4i7ney", "file": "/media/jbrogan4/scratch2/Reddit_Prov_Dataset_v6/_LeBron_James_holding_a_trophy/g1199_d4i7ney.png", "URL": "http://i.imgur.com/6K4u2rA.png", "fileid": "g1199_d4i7ney.png"}, {"id": "g1199_d4gu9rk", "comment": "[Sad LeBron James Giving Hall Of Fame Speech After Game 7](http://imgur.com/IjMZhSa)", "date": "2016-06-20 13:08:23", "seriesname": "g1199_d4gu9rk", "file": "/media/jbrogan4/scratch2/Reddit_Prov_Dataset_v6/_LeBron_James_holding_a_trophy/g1199_d4gu9rk.png", "URL": "http://i.imgur.com/IjMZhSa.png", "fileid": "g1199_d4gu9rk.png"}, {"id": "g1199_d4gycr6", "comment": "[Don't act like you've never taken a painful shit before](http://i.imgur.com/yxAre7W.png)\n\nSFW version", "date": "2016-06-20 14:37:21", "seriesname": "g1199_d4gycr6", "file": "/media/jbrogan4/scratch2/Reddit_Prov_Dataset_v6/_LeBron_James_holding_a_trophy/g1199_d4gycr6.png", "URL": "http://i.imgur.com/yxAre7W.png", "fileid": "g1199_d4gycr6.png"}, {"id": "g1199_d4gvyav", "comment": "http://m.imgur.com/Af6NLQC\n\nThey love me, they really love me!", "date": "2016-06-20 13:45:17", "seriesname": "g1199_d4gvyav", "file": "/media/jbrogan4/scratch2/Reddit_Prov_Dataset_v6/_LeBron_James_holding_a_trophy/g1199_d4gvyav.png", "URL": "http://i.imgur.com/Af6NLQC.png", "fileid": "g1199_d4gvyav.png"}, {"id": "g1199_d4hb5tb", "comment": "It's OVER, Anakin.... LeBron has the high ground.  http://i.imgur.com/cczJdyd.jpg \n\nEdit: spelling", "date": "2016-06-20 19:33:53", "seriesname": "g1199_d4hb5tb", "file": "/media/jbrogan4/scratch2/Reddit_Prov_Dataset_v6/_LeBron_James_holding_a_trophy/g1199_d4hb5tb.jpg", "URL": "http://i.imgur.com/cczJdyd.jpg", "fileid": "g1199_d4hb5tb.jpg"}, {"id": "g1199_d4h6ya1", "comment": "[Color correction?][1]\n\n  [1]: http://i.imgur.com/n1lIYY7.jpg", "date": "2016-06-20 17:48:03", "seriesname": "g1199_d4h6ya1", "file": "/media/jbrogan4/scratch2/Reddit_Prov_Dataset_v6/_LeBron_James_holding_a_trophy/g1199_d4h6ya1.jpg", "URL": "http://i.imgur.com/n1lIYY7.jpg", "fileid": "g1199_d4h6ya1.jpg"}, {"id": "g1199_d4godio", "comment": "http://imgur.com/UkJ2YAM", "date": "2016-06-20 10:54:08", "seriesname": "g1199_d4godio", "file": "/media/jbrogan4/scratch2/Reddit_Prov_Dataset_v6/_LeBron_James_holding_a_trophy/g1199_d4godio.png", "URL": "http://i.imgur.com/UkJ2YAM.png", "fileid": "g1199_d4godio.png"}, {"id": "g1199_d4gq4u3", "comment": "Hart Feelings\n\nhttp://i.imgur.com/usymh4d.jpg", "date": "2016-06-20 11:35:48", "seriesname": "g1199_d4gq4u3", "file": "/media/jbrogan4/scratch2/Reddit_Prov_Dataset_v6/_LeBron_James_holding_a_trophy/g1199_d4gq4u3.jpg", "URL": "http://i.imgur.com/usymh4d.jpg", "fileid": "g1199_d4gq4u3.jpg"}, {"id": "g1199_d4kef5j", "comment": "[King in the North](http://i.imgur.com/3LlOEVf.jpg?1)", "date": "2016-06-23 00:22:04", "seriesname": "g1199_d4kef5j", "file": "/media/jbrogan4/scratch2/Reddit_Prov_Dataset_v6/_LeBron_James_holding_a_trophy/g1199_d4kef5j.jpg", "URL": "http://i.imgur.com/3LlOEVf.jpg?1", "fileid": "g1199_d4kef5j.jpg"}, {"id": "g1199_d4h419k", "comment": "Sure, it's nothing fancy.\n\nI used Paint.NET for everything. (Didn't save the .pdn though so I'll make quick examples that won't look exactly like the original)\n\n* First I found [this picture](https://i.ytimg.com/vi/LF0HZVTfBXQ/maxresdefault.jpg) on Google and crudely erased the background with the wand and eraser. [Pic](http://i.imgur.com/2te47kJ.jpg)\n\n* Then I pasted it on top of the picture of LeBron in a new layer, shrank it down to a size that made sense to me, and erased some of the shoulders. [Pic](http://i.imgur.com/DOLQMHJ.jpg)\n\n* I used the Bulge effect (Effects&gt;Distort&gt;Bulge) as well as simple horizontal compression to make Curry's face more round like it was really being reflected by a spherical mirror. [Pic](http://i.imgur.com/rryHGpb.jpg)\n\n* Next I messed with the colour curves (Adjustments&gt;Curves) to make Curry more yellow (by increasing red and green) as well as Brightness/Contrast to try to match him with the other things reflected in the cup. [Pic](http://i.imgur.com/O7trec6.jpg)\n\n* Finally, I made everything behind Curry in the layer below a [darker colour](http://i.imgur.com/sHKsooi.jpg) (same colour as the darker parts of the trophy), and made Curry slightly transparent - again, to try to match his colour with the trophy. [Pic](http://i.imgur.com/82f596L.jpg)\n\nHope that helps.", "date": "2016-06-20 16:39:45", "seriesname": "g1199_d4h419k", "file": "/media/jbrogan4/scratch2/Reddit_Prov_Dataset_v6/_LeBron_James_holding_a_trophy/g1199_d4h419k.jpg", "URL": "http://i.imgur.com/82f596L.jpg", "fileid": "g1199_d4h419k.jpg"}, {"id": "g1199_d4h976y", "comment": "Looks like I had a [similar idea](http://i.imgur.com/bn1ijjm.jpg) at the end of the 2014 season.", "date": "2016-06-20 18:43:14", "seriesname": "g1199_d4h976y", "file": "/media/jbrogan4/scratch2/Reddit_Prov_Dataset_v6/_LeBron_James_holding_a_trophy/g1199_d4h976y.jpg", "URL": "http://i.imgur.com/bn1ijjm.jpg", "fileid": "g1199_d4h976y.jpg"}, {"id": "g1199_d4gp8dh", "comment": "[C'mere LeBron] (http://imgur.com/oX7Eg9J)", "date": "2016-06-20 11:14:51", "seriesname": "g1199_d4gp8dh", "file": "/media/jbrogan4/scratch2/Reddit_Prov_Dataset_v6/_LeBron_James_holding_a_trophy/g1199_d4gp8dh.png", "URL": "http://i.imgur.com/oX7Eg9J.png", "fileid": "g1199_d4gp8dh.png"}, {"id": "g1199_d4gzrkq", "comment": "[DO YOU SUCK DICKS, PRIVATE PYLE?](http://i.imgur.com/7NVAUv7.jpg)\n\n\"Sir, I have three kids, sir!\"\n\nBULLSHIT", "date": "2016-06-20 15:07:50", "seriesname": "g1199_d4gzrkq", "file": "/media/jbrogan4/scratch2/Reddit_Prov_Dataset_v6/_LeBron_James_holding_a_trophy/g1199_d4gzrkq.jpg", "URL": "http://i.imgur.com/7NVAUv7.jpg", "fileid": "g1199_d4gzrkq.jpg"}, {"id": "g1199_d4gq3mi", "comment": "http://imgur.com/tCfcDjS", "date": "2016-06-20 11:35:04", "seriesname": "g1199_d4gq3mi", "file": "/media/jbrogan4/scratch2/Reddit_Prov_Dataset_v6/_LeBron_James_holding_a_trophy/g1199_d4gq3mi.png", "URL": "http://i.imgur.com/tCfcDjS.png", "fileid": "g1199_d4gq3mi.png"}, {"id": "g1199_d4h39ch", "comment": "[Changing back to the older guard](http://i.imgur.com/xAXMwLo.jpg)", "date": "2016-06-20 16:22:57", "seriesname": "g1199_d4h39ch", "file": "/media/jbrogan4/scratch2/Reddit_Prov_Dataset_v6/_LeBron_James_holding_a_trophy/g1199_d4h39ch.jpg", "URL": "http://i.imgur.com/xAXMwLo.jpg", "fileid": "g1199_d4h39ch.jpg"}, {"id": "g1199_d4gsr8d", "comment": "[He doesn't like defeat](http://i.imgur.com/1wwMqY4.jpg)", "date": "2016-06-20 12:34:50", "seriesname": "g1199_d4gsr8d", "file": "/media/jbrogan4/scratch2/Reddit_Prov_Dataset_v6/_LeBron_James_holding_a_trophy/g1199_d4gsr8d.jpg", "URL": "http://i.imgur.com/1wwMqY4.jpg", "fileid": "g1199_d4gsr8d.jpg"}, {"id": "g1199_d4gpaet", "comment": "[God save the queen!](http://m.imgur.com/Q6PvUkB) Done on my phone", "date": "2016-06-20 11:16:11", "seriesname": "g1199_d4gpaet", "file": "/media/jbrogan4/scratch2/Reddit_Prov_Dataset_v6/_LeBron_James_holding_a_trophy/g1199_d4gpaet.png", "URL": "http://i.imgur.com/Q6PvUkB.png", "fileid": "g1199_d4gpaet.png"}, {"id": "g1199_d4hiad0", "comment": "[Nitpicky](http://i.imgur.com/guviL1h.jpg)", "date": "2016-06-20 22:33:47", "seriesname": "g1199_d4hiad0", "file": "/media/jbrogan4/scratch2/Reddit_Prov_Dataset_v6/_LeBron_James_holding_a_trophy/g1199_d4hiad0.jpg", "URL": "http://i.imgur.com/guviL1h.jpg", "fileid": "g1199_d4hiad0.jpg"}, {"id": "g1199_d4goyc5", "comment": "http://i.imgur.com/YhU3gcE.jpg", "date": "2016-06-20 11:08:11", "seriesname": "g1199_d4goyc5", "file": "/media/jbrogan4/scratch2/Reddit_Prov_Dataset_v6/_LeBron_James_holding_a_trophy/g1199_d4goyc5.jpg", "URL": "http://i.imgur.com/YhU3gcE.jpg", "fileid": "g1199_d4goyc5.jpg"}, {"id": "g1199_d4h3nt1", "comment": " [Passing of the torch](http://i.imgur.com/6WYT0zE.jpg)", "date": "2016-06-20 16:31:33", "seriesname": "g1199_d4h3nt1", "file": "/media/jbrogan4/scratch2/Reddit_Prov_Dataset_v6/_LeBron_James_holding_a_trophy/g1199_d4h3nt1.jpg", "URL": "http://i.imgur.com/6WYT0zE.jpg", "fileid": "g1199_d4h3nt1.jpg"}, {"id": "g1199_d4kjkv9", "comment": "[When people smoke next to you in public](http://i.imgur.com/5OMStbo.jpg)", "date": "2016-06-23 03:57:26", "seriesname": "g1199_d4kjkv9", "file": "/media/jbrogan4/scratch2/Reddit_Prov_Dataset_v6/_LeBron_James_holding_a_trophy/g1199_d4kjkv9.jpg", "URL": "http://i.imgur.com/5OMStbo.jpg", "fileid": "g1199_d4kjkv9.jpg"}, {"id": "g1199_d4gtbxa", "comment": "[Dat Trophy](http://i.imgur.com/pG4QJ3s.jpg) (slightly nsfw)", "date": "2016-06-20 12:47:32", "seriesname": "g1199_d4gtbxa", "file": "/media/jbrogan4/scratch2/Reddit_Prov_Dataset_v6/_LeBron_James_holding_a_trophy/g1199_d4gtbxa.jpg", "URL": "http://i.imgur.com/pG4QJ3s.jpg", "fileid": "g1199_d4gtbxa.jpg"}, {"id": "g1199_d4gndbp", "comment": "http://i.imgur.com/eWDAZMi.jpg", "date": "2016-06-20 10:28:55", "seriesname": "g1199_d4gndbp", "file": "/media/jbrogan4/scratch2/Reddit_Prov_Dataset_v6/_LeBron_James_holding_a_trophy/g1199_d4gndbp.jpg", "URL": "http://i.imgur.com/eWDAZMi.jpg", "fileid": "g1199_d4gndbp.jpg"}, {"id": "g1199_d4hcdnn", "comment": "Did anyone do a face swap yet?\nhttp://imgur.com/CLpHi2Y", "date": "2016-06-20 20:06:04", "seriesname": "g1199_d4hcdnn", "file": "/media/jbrogan4/scratch2/Reddit_Prov_Dataset_v6/_LeBron_James_holding_a_trophy/g1199_d4hcdnn.png", "URL": "http://i.imgur.com/CLpHi2Y.png", "fileid": "g1199_d4hcdnn.png"}, {"id": "g1199_d4gq84a", "comment": "[Salty.](http://i.imgur.com/ZCpeYox.jpg)", "date": "2016-06-20 11:37:57", "seriesname": "g1199_d4gq84a", "file": "/media/jbrogan4/scratch2/Reddit_Prov_Dataset_v6/_LeBron_James_holding_a_trophy/g1199_d4gq84a.jpg", "URL": "http://i.imgur.com/ZCpeYox.jpg", "fileid": "g1199_d4gq84a.jpg"}, {"id": "g1199_d4gzhiz", "comment": "[Persuit of Happiness](http://i.imgur.com/JAjuDef.jpg?1)", "date": "2016-06-20 15:01:54", "seriesname": "g1199_d4gzhiz", "file": "/media/jbrogan4/scratch2/Reddit_Prov_Dataset_v6/_LeBron_James_holding_a_trophy/g1199_d4gzhiz.jpg", "URL": "http://i.imgur.com/JAjuDef.jpg?1", "fileid": "g1199_d4gzhiz.jpg"}, {"id": "g1199_d4ha16z", "comment": "[Pride](http://imgur.com/OOF1HDR)", "date": "2016-06-20 19:04:14", "seriesname": "g1199_d4ha16z", "file": "/media/jbrogan4/scratch2/Reddit_Prov_Dataset_v6/_LeBron_James_holding_a_trophy/g1199_d4ha16z.png", "URL": "http://i.imgur.com/OOF1HDR.png", "fileid": "g1199_d4ha16z.png"}, {"id": "g1199_d4gx7wt", "comment": "[Meep Meep](http://i.imgur.com/LUDuSy1.jpg)", "date": "2016-06-20 14:12:43", "seriesname": "g1199_d4gx7wt", "file": "/media/jbrogan4/scratch2/Reddit_Prov_Dataset_v6/_LeBron_James_holding_a_trophy/g1199_d4gx7wt.jpg", "URL": "http://i.imgur.com/LUDuSy1.jpg", "fileid": "g1199_d4gx7wt.jpg"}, {"id": "g1199_d4gpzdk", "comment": "[VizslaBron](http://i.imgur.com/37XXq8r.jpg)\n\nEdit: Changed name from Labron", "date": "2016-06-20 11:32:21", "seriesname": "g1199_d4gpzdk", "file": "/media/jbrogan4/scratch2/Reddit_Prov_Dataset_v6/_LeBron_James_holding_a_trophy/g1199_d4gpzdk.jpg", "URL": "http://i.imgur.com/37XXq8r.jpg", "fileid": "g1199_d4gpzdk.jpg"}, {"id": "g1199_d4hhlm6", "comment": "[What just happened?](http://i.imgur.com/2P8645I.jpg)", "date": "2016-06-20 22:15:36", "seriesname": "g1199_d4hhlm6", "file": "/media/jbrogan4/scratch2/Reddit_Prov_Dataset_v6/_LeBron_James_holding_a_trophy/g1199_d4hhlm6.jpg", "URL": "http://i.imgur.com/2P8645I.jpg", "fileid": "g1199_d4hhlm6.jpg"}, {"id": "g1199_d4gpk9f", "comment": "\u201cZip zop wop boopity bop.\"\nhttp://imgur.com/mfYrq98", "date": "2016-06-20 11:22:31", "seriesname": "g1199_d4gpk9f", "file": "/media/jbrogan4/scratch2/Reddit_Prov_Dataset_v6/_LeBron_James_holding_a_trophy/g1199_d4gpk9f.png", "URL": "http://i.imgur.com/mfYrq98.png", "fileid": "g1199_d4gpk9f.png"}, {"id": "g1199_d4gqoaq", "comment": "[Yessir, drill Sargent!](http://imgur.com/bna3nMc) ", "date": "2016-06-20 11:48:04", "seriesname": "g1199_d4gqoaq", "file": "/media/jbrogan4/scratch2/Reddit_Prov_Dataset_v6/_LeBron_James_holding_a_trophy/g1199_d4gqoaq.png", "URL": "http://i.imgur.com/bna3nMc.png", "fileid": "g1199_d4gqoaq.png"}, {"id": "g1199_d4h2edl", "comment": "*\"A local man who has requested his [face be obscured for privacy](http://imgur.com/Q7rIaxI) and safety purposes, identifying himself only as \"Rusty Shackleford\" claims that it was not LaBron James receiving the trophy, but an android replicant, as evidenced by the leaking of white viscous fluid from his \"ocular cavities\". Mr.Shackleford references the android 'Bishop' from the Alien franchise as a clue from an Illuminati defector in Hollywood. \"* \\- **Weekly World News**    \n  \nEdit: Done on an LG G4 with Photoshop Mix, and Aviary", "date": "2016-06-20 16:04:17", "seriesname": "g1199_d4h2edl", "file": "/media/jbrogan4/scratch2/Reddit_Prov_Dataset_v6/_LeBron_James_holding_a_trophy/g1199_d4h2edl.png", "URL": "http://i.imgur.com/Q7rIaxI.png", "fileid": "g1199_d4h2edl.png"}, {"id": "g1199_d4gtka9", "comment": "[First every submission](http://imgur.com/S2uiPLQ)\nJust practice", "date": "2016-06-20 12:52:42", "seriesname": "g1199_d4gtka9", "file": "/media/jbrogan4/scratch2/Reddit_Prov_Dataset_v6/_LeBron_James_holding_a_trophy/g1199_d4gtka9.png", "URL": "http://i.imgur.com/S2uiPLQ.png", "fileid": "g1199_d4gtka9.png"}, {"id": "g1199_d4gwljo", "comment": "[Time Travel](http://imgur.com/mwWzuzE) ", "date": "2016-06-20 13:59:08", "seriesname": "g1199_d4gwljo", "file": "/media/jbrogan4/scratch2/Reddit_Prov_Dataset_v6/_LeBron_James_holding_a_trophy/g1199_d4gwljo.png", "URL": "http://i.imgur.com/mwWzuzE.png", "fileid": "g1199_d4gwljo.png"}, {"id": "g1199_d4h3lih", "comment": "First photoshop done on phone. \n\n\n\nhttps://i.imgur.com/AaZWeYl.png", "date": "2016-06-20 16:30:11", "seriesname": "g1199_d4h3lih", "file": "/media/jbrogan4/scratch2/Reddit_Prov_Dataset_v6/_LeBron_James_holding_a_trophy/g1199_d4h3lih.png", "URL": "https://i.imgur.com/AaZWeYl.png", "fileid": "g1199_d4h3lih.png"}, {"id": "g1199_d4gqu67", "comment": "[In MIB Office](http://i.imgur.com/esBbF3y.jpg?1)", "date": "2016-06-20 11:51:47", "seriesname": "g1199_d4gqu67", "file": "/media/jbrogan4/scratch2/Reddit_Prov_Dataset_v6/_LeBron_James_holding_a_trophy/g1199_d4gqu67.jpg", "URL": "http://i.imgur.com/esBbF3y.jpg?1", "fileid": "g1199_d4gqu67.jpg"}, {"id": "g1199_d4gu4p6", "comment": "[Toot Toot](http://i.imgur.com/b87ZNJN.jpg?1)", "date": "2016-06-20 13:05:13", "seriesname": "g1199_d4gu4p6", "file": "/media/jbrogan4/scratch2/Reddit_Prov_Dataset_v6/_LeBron_James_holding_a_trophy/g1199_d4gu4p6.jpg", "URL": "http://i.imgur.com/b87ZNJN.jpg?1", "fileid": "g1199_d4gu4p6.jpg"}, {"id": "g1199_d4gr3bk", "comment": "[Proud father](http://i.imgur.com/42MKOwS.jpg)", "date": "2016-06-20 11:57:34", "seriesname": "g1199_d4gr3bk", "file": "/media/jbrogan4/scratch2/Reddit_Prov_Dataset_v6/_LeBron_James_holding_a_trophy/g1199_d4gr3bk.jpg", "URL": "http://i.imgur.com/42MKOwS.jpg", "fileid": "g1199_d4gr3bk.jpg"}, {"id": "g1199_d4h2vko", "comment": "[Some people take these things hard.] (http://imgur.com/AtzUkoz)", "date": "2016-06-20 16:14:40", "seriesname": "g1199_d4h2vko", "file": "/media/jbrogan4/scratch2/Reddit_Prov_Dataset_v6/_LeBron_James_holding_a_trophy/g1199_d4h2vko.png", "URL": "http://i.imgur.com/AtzUkoz.png", "fileid": "g1199_d4h2vko.png"}, {"id": "g1199_d4gor6b", "comment": "[We gonna eat tonight!](http://i.imgur.com/7QKzIwr.jpg)", "date": "2016-06-20 11:03:24", "seriesname": "g1199_d4gor6b", "file": "/media/jbrogan4/scratch2/Reddit_Prov_Dataset_v6/_LeBron_James_holding_a_trophy/g1199_d4gor6b.jpg", "URL": "http://i.imgur.com/7QKzIwr.jpg", "fileid": "g1199_d4gor6b.jpg"}, {"id": "g1199_root", "comment": "", "date": "2016-06-20 09:30:38", "seriesname": "g1199_root", "file": "/media/jbrogan4/scratch2/Reddit_Prov_Dataset_v6/_LeBron_James_holding_a_trophy/g1199_root.jpg", "URL": "http://i.imgur.com/mAzdadp.jpg", "fileid": "g1199_root.jpg"}, {"id": "g1199_d4ifoj3", "comment": "[true winner](http://imgur.com/TMiMFFP)", "date": "2016-06-21 16:04:59", "seriesname": "g1199_d4ifoj3", "file": "/media/jbrogan4/scratch2/Reddit_Prov_Dataset_v6/_LeBron_James_holding_a_trophy/g1199_d4ifoj3.png", "URL": "http://i.imgur.com/TMiMFFP.png", "fileid": "g1199_d4ifoj3.png"}, {"id": "g1199_d4h114o", "comment": "[Day 34; they still think I'm one of them.](http://i.imgur.com/ymKCUqq.jpg)", "date": "2016-06-20 15:35:04", "seriesname": "g1199_d4h114o", "file": "/media/jbrogan4/scratch2/Reddit_Prov_Dataset_v6/_LeBron_James_holding_a_trophy/g1199_d4h114o.jpg", "URL": "http://i.imgur.com/ymKCUqq.jpg", "fileid": "g1199_d4h114o.jpg"}, {"id": "g1199_d4hhern", "comment": "[Hey Miley!](http://imgur.com/7NM7OSH)", "date": "2016-06-20 22:10:38", "seriesname": "g1199_d4hhern", "file": "/media/jbrogan4/scratch2/Reddit_Prov_Dataset_v6/_LeBron_James_holding_a_trophy/g1199_d4hhern.png", "URL": "http://i.imgur.com/7NM7OSH.png", "fileid": "g1199_d4hhern.png"}], "graph": {"name": "g1199_root"}, "directed": true}