{"links": [{"op": "none", "target": 0, "source": 55}, {"op": "none", "target": 1, "source": 55}, {"op": "none", "target": 2, "source": 55}, {"op": "none", "target": 3, "source": 55}, {"op": "none", "target": 4, "source": 10}, {"op": "none", "target": 5, "source": 55}, {"op": "none", "target": 6, "source": 55}, {"op": "none", "target": 7, "source": 55}, {"op": "none", "target": 8, "source": 55}, {"op": "none", "target": 9, "source": 55}, {"op": "none", "target": 10, "source": 55}, {"op": "none", "target": 11, "source": 55}, {"op": "none", "target": 12, "source": 55}, {"op": "none", "target": 13, "source": 23}, {"op": "none", "target": 14, "source": 55}, {"op": "none", "target": 15, "source": 55}, {"op": "none", "target": 16, "source": 55}, {"op": "none", "target": 17, "source": 55}, {"op": "none", "target": 18, "source": 55}, {"op": "none", "target": 19, "source": 55}, {"op": "none", "target": 20, "source": 55}, {"op": "none", "target": 21, "source": 55}, {"op": "none", "target": 22, "source": 55}, {"op": "none", "target": 23, "source": 55}, {"op": "none", "target": 24, "source": 55}, {"op": "none", "target": 25, "source": 24}, {"op": "none", "target": 26, "source": 55}, {"op": "none", "target": 27, "source": 55}, {"op": "none", "target": 28, "source": 55}, {"op": "none", "target": 29, "source": 55}, {"op": "none", "target": 30, "source": 55}, {"op": "none", "target": 31, "source": 55}, {"op": "none", "target": 32, "source": 1}, {"op": "none", "target": 33, "source": 10}, {"op": "none", "target": 34, "source": 55}, {"op": "none", "target": 35, "source": 55}, {"op": "none", "target": 36, "source": 55}, {"op": "none", "target": 37, "source": 55}, {"op": "none", "target": 38, "source": 10}, {"op": "none", "target": 39, "source": 55}, {"op": "none", "target": 40, "source": 55}, {"op": "none", "target": 41, "source": 55}, {"op": "none", "target": 42, "source": 22}, {"op": "none", "target": 43, "source": 10}, {"op": "none", "target": 44, "source": 55}, {"op": "none", "target": 45, "source": 10}, {"op": "none", "target": 46, "source": 44}, {"op": "none", "target": 47, "source": 55}, {"op": "none", "target": 48, "source": 55}, {"op": "none", "target": 49, "source": 55}, {"op": "none", "target": 50, "source": 55}, {"op": "none", "target": 51, "source": 1}, {"op": "none", "target": 52, "source": 55}, {"op": "none", "target": 53, "source": 55}, {"op": "none", "target": 54, "source": 55}], "title": "_This_very_sexy_carrot!", "nodes": [{"id": "g1197_d2kq9k4", "comment": "[Carrotnetta](http://imgur.com/ztEgX7l)\n\nedit: instadownvoted :(", "date": "2016-04-28 10:46:16", "seriesname": "g1197_d2kq9k4", "file": "/media/jbrogan4/scratch2/Reddit_Prov_Dataset_v6/_This_very_sexy_carrot!/g1197_d2kq9k4.png", "URL": "http://i.imgur.com/ztEgX7l.png", "fileid": "g1197_d2kq9k4.png"}, {"id": "g1197_d2kmxny", "comment": "[Sexy claws](http://i.imgur.com/6IHjejS.png)", "date": "2016-04-28 09:20:36", "seriesname": "g1197_d2kmxny", "file": "/media/jbrogan4/scratch2/Reddit_Prov_Dataset_v6/_This_very_sexy_carrot!/g1197_d2kmxny.png", "URL": "http://i.imgur.com/6IHjejS.png", "fileid": "g1197_d2kmxny.png"}, {"id": "g1197_d2lec5z", "comment": "[How they grown them in Silent Hill](http://i.imgur.com/Ozi48a5.jpg)", "date": "2016-04-28 19:55:56", "seriesname": "g1197_d2lec5z", "file": "/media/jbrogan4/scratch2/Reddit_Prov_Dataset_v6/_This_very_sexy_carrot!/g1197_d2lec5z.jpg", "URL": "http://i.imgur.com/Ozi48a5.jpg", "fileid": "g1197_d2lec5z.jpg"}, {"id": "g1197_d2khums", "comment": "[Stupid sexy carrot.](http://i.imgur.com/osUSP5Y.jpg)", "date": "2016-04-28 05:36:24", "seriesname": "g1197_d2khums", "file": "/media/jbrogan4/scratch2/Reddit_Prov_Dataset_v6/_This_very_sexy_carrot!/g1197_d2khums.jpg", "URL": "http://i.imgur.com/osUSP5Y.jpg", "fileid": "g1197_d2khums.jpg"}, {"id": "g1197_d2ko5ey", "comment": "http://i.imgur.com/SLIle7Z.jpg", "date": "2016-04-28 09:53:51", "seriesname": "g1197_d2ko5ey", "file": "/media/jbrogan4/scratch2/Reddit_Prov_Dataset_v6/_This_very_sexy_carrot!/g1197_d2ko5ey.jpg", "URL": "http://i.imgur.com/SLIle7Z.jpg", "fileid": "g1197_d2ko5ey.jpg"}, {"id": "g1197_d2knzjo", "comment": "[This was harder than I thought.](http://i.imgur.com/3bjOEFs.jpg)", "date": "2016-04-28 09:49:31", "seriesname": "g1197_d2knzjo", "file": "/media/jbrogan4/scratch2/Reddit_Prov_Dataset_v6/_This_very_sexy_carrot!/g1197_d2knzjo.jpg", "URL": "http://i.imgur.com/3bjOEFs.jpg", "fileid": "g1197_d2knzjo.jpg"}, {"id": "g1197_d2l9de1", "comment": "[Carrolett Johansson] (http://imgur.com/1DIgfuB)\n\n", "date": "2016-04-28 17:47:44", "seriesname": "g1197_d2l9de1", "file": "/media/jbrogan4/scratch2/Reddit_Prov_Dataset_v6/_This_very_sexy_carrot!/g1197_d2l9de1.png", "URL": "http://i.imgur.com/1DIgfuB.png", "fileid": "g1197_d2l9de1.png"}, {"id": "g1197_d2koz8f", "comment": "http://i.imgur.com/G9nUOGc.png", "date": "2016-04-28 10:15:20", "seriesname": "g1197_d2koz8f", "file": "/media/jbrogan4/scratch2/Reddit_Prov_Dataset_v6/_This_very_sexy_carrot!/g1197_d2koz8f.png", "URL": "http://i.imgur.com/G9nUOGc.png", "fileid": "g1197_d2koz8f.png"}, {"id": "g1197_d2lcsrt", "comment": "[I am terrible at this](https://imgur.com/Q7Rh2dt)", "date": "2016-04-28 19:15:20", "seriesname": "g1197_d2lcsrt", "file": "/media/jbrogan4/scratch2/Reddit_Prov_Dataset_v6/_This_very_sexy_carrot!/g1197_d2lcsrt.png", "URL": "http://i.imgur.com/Q7Rh2dt.png", "fileid": "g1197_d2lcsrt.png"}, {"id": "g1197_d2klxxt", "comment": "[Enough of the impossible standards](http://i.imgur.com/rtymCXS.jpg)", "date": "2016-04-28 08:50:05", "seriesname": "g1197_d2klxxt", "file": "/media/jbrogan4/scratch2/Reddit_Prov_Dataset_v6/_This_very_sexy_carrot!/g1197_d2klxxt.jpg", "URL": "http://i.imgur.com/rtymCXS.jpg", "fileid": "g1197_d2klxxt.jpg"}, {"id": "g1197_d2kil0r", "comment": "[Way too sexy](http://i.imgur.com/hBw2CdA.jpg)", "date": "2016-04-28 06:22:34", "seriesname": "g1197_d2kil0r", "file": "/media/jbrogan4/scratch2/Reddit_Prov_Dataset_v6/_This_very_sexy_carrot!/g1197_d2kil0r.jpg", "URL": "http://i.imgur.com/hBw2CdA.jpg", "fileid": "g1197_d2kil0r.jpg"}, {"id": "g1197_d2koaka", "comment": "[Photobombed!](http://i.imgur.com/9unxxTp.jpg)", "date": "2016-04-28 09:57:36", "seriesname": "g1197_d2koaka", "file": "/media/jbrogan4/scratch2/Reddit_Prov_Dataset_v6/_This_very_sexy_carrot!/g1197_d2koaka.jpg", "URL": "http://i.imgur.com/9unxxTp.jpg", "fileid": "g1197_d2koaka.jpg"}, {"id": "g1197_d2knwer", "comment": "*[Oola La](http://i.imgur.com/JelzqrQ.png)*", "date": "2016-04-28 09:47:11", "seriesname": "g1197_d2knwer", "file": "/media/jbrogan4/scratch2/Reddit_Prov_Dataset_v6/_This_very_sexy_carrot!/g1197_d2knwer.jpg", "URL": "http://i.imgur.com/JelzqrQ.png)*", "fileid": "g1197_d2knwer.png*"}, {"id": "g1197_d2kxqwm", "comment": "[You lied to me] (http://imgur.com/kRH8wBa.jpg)", "date": "2016-04-28 13:30:44", "seriesname": "g1197_d2kxqwm", "file": "/media/jbrogan4/scratch2/Reddit_Prov_Dataset_v6/_This_very_sexy_carrot!/g1197_d2kxqwm.jpg", "URL": "http://imgur.com/kRH8wBa.jpg", "fileid": "g1197_d2kxqwm.jpg"}, {"id": "g1197_d2mmkq9", "comment": "It's indescribably beautiful\nhttp://imgur.com/mz1Z9ja\n\nBeginner's Luck\nhttp://imgur.com/xtJ4qjv\n\nYarrrrrrr\nhttp://imgur.com/3PA1Nmk\n\nTime Travel\nhttp://imgur.com/YeCdFfb\n\nTerror\nhttp://imgur.com/xJJ0oTG\n\nWally\nhttp://imgur.com/U2GIdHM\n\n", "date": "2016-04-29 17:53:08", "seriesname": "g1197_d2mmkq9", "file": "/media/jbrogan4/scratch2/Reddit_Prov_Dataset_v6/_This_very_sexy_carrot!/g1197_d2mmkq9.png", "URL": "http://i.imgur.com/U2GIdHM.png", "fileid": "g1197_d2mmkq9.png"}, {"id": "g1197_d2klncb", "comment": "[\"I did not catch what they were shouting. I did not even see if they were bananas, kiwis, or chestnut crab apples.\"](http://i.imgur.com/Dj0b6qO.png)", "date": "2016-04-28 08:40:03", "seriesname": "g1197_d2klncb", "file": "/media/jbrogan4/scratch2/Reddit_Prov_Dataset_v6/_This_very_sexy_carrot!/g1197_d2klncb.png", "URL": "http://i.imgur.com/Dj0b6qO.png", "fileid": "g1197_d2klncb.png"}, {"id": "g1197_d2kv7b3", "comment": "[Here's....Oh dear](http://i.imgur.com/XuZhYJs.jpg)", "date": "2016-04-28 12:35:24", "seriesname": "g1197_d2kv7b3", "file": "/media/jbrogan4/scratch2/Reddit_Prov_Dataset_v6/_This_very_sexy_carrot!/g1197_d2kv7b3.jpg", "URL": "http://i.imgur.com/XuZhYJs.jpg", "fileid": "g1197_d2kv7b3.jpg"}, {"id": "g1197_d2ko6jm", "comment": "[Work it, carrot!](http://i.imgur.com/kLUeTE9.png)", "date": "2016-04-28 09:54:40", "seriesname": "g1197_d2ko6jm", "file": "/media/jbrogan4/scratch2/Reddit_Prov_Dataset_v6/_This_very_sexy_carrot!/g1197_d2ko6jm.png", "URL": "http://i.imgur.com/kLUeTE9.png", "fileid": "g1197_d2ko6jm.png"}, {"id": "g1197_d2krm42", "comment": "Did someone say [Beyonce?](http://i.imgur.com/Kq2wZWe.jpg)", "date": "2016-04-28 11:16:53", "seriesname": "g1197_d2krm42", "file": "/media/jbrogan4/scratch2/Reddit_Prov_Dataset_v6/_This_very_sexy_carrot!/g1197_d2krm42.jpg", "URL": "http://i.imgur.com/Kq2wZWe.jpg", "fileid": "g1197_d2krm42.jpg"}, {"id": "g1197_d2knkle", "comment": "[Carrot of Evangelion](http://i.imgur.com/wHDNDWU.jpg)\n\nSoryu Asuka (Carrot) Langley", "date": "2016-04-28 09:38:22", "seriesname": "g1197_d2knkle", "file": "/media/jbrogan4/scratch2/Reddit_Prov_Dataset_v6/_This_very_sexy_carrot!/g1197_d2knkle.jpg", "URL": "http://i.imgur.com/wHDNDWU.jpg", "fileid": "g1197_d2knkle.jpg"}, {"id": "g1197_d2kp479", "comment": "[18 Years + Carrots](http://i.imgur.com/dYVki0e.jpg)", "date": "2016-04-28 10:18:48", "seriesname": "g1197_d2kp479", "file": "/media/jbrogan4/scratch2/Reddit_Prov_Dataset_v6/_This_very_sexy_carrot!/g1197_d2kp479.jpg", "URL": "http://i.imgur.com/dYVki0e.jpg", "fileid": "g1197_d2kp479.jpg"}, {"id": "g1197_d2kjjvo", "comment": "[Fixed](http://i.imgur.com/p48tH86.jpg)\n\nEdit: [Shaving](http://i.imgur.com/Wzka0BT.jpg)", "date": "2016-04-28 07:15:11", "seriesname": "g1197_d2kjjvo", "file": "/media/jbrogan4/scratch2/Reddit_Prov_Dataset_v6/_This_very_sexy_carrot!/g1197_d2kjjvo.jpg", "URL": "http://i.imgur.com/Wzka0BT.jpg", "fileid": "g1197_d2kjjvo.jpg"}, {"id": "g1197_d2kmiz6", "comment": "[Dita von Carrot](http://i.imgur.com/uwfhsGL.jpg)", "date": "2016-04-28 09:08:31", "seriesname": "g1197_d2kmiz6", "file": "/media/jbrogan4/scratch2/Reddit_Prov_Dataset_v6/_This_very_sexy_carrot!/g1197_d2kmiz6.jpg", "URL": "http://i.imgur.com/uwfhsGL.jpg", "fileid": "g1197_d2kmiz6.jpg"}, {"id": "g1197_d2klivb", "comment": "[carrots are good for your eyes](http://imgur.com/ajIZH1L)", "date": "2016-04-28 08:35:49", "seriesname": "g1197_d2klivb", "file": "/media/jbrogan4/scratch2/Reddit_Prov_Dataset_v6/_This_very_sexy_carrot!/g1197_d2klivb.png", "URL": "http://i.imgur.com/ajIZH1L.png", "fileid": "g1197_d2klivb.png"}, {"id": "g1197_d2kqp4j", "comment": "[cowabunga dude](http://i.imgur.com/vciglub.jpg)", "date": "2016-04-28 10:56:01", "seriesname": "g1197_d2kqp4j", "file": "/media/jbrogan4/scratch2/Reddit_Prov_Dataset_v6/_This_very_sexy_carrot!/g1197_d2kqp4j.jpg", "URL": "http://i.imgur.com/vciglub.jpg", "fileid": "g1197_d2kqp4j.jpg"}, {"id": "g1197_d2ljxng", "comment": "[kill me pls](http://i.imgur.com/65hoQzn.png)", "date": "2016-04-28 22:05:01", "seriesname": "g1197_d2ljxng", "file": "/media/jbrogan4/scratch2/Reddit_Prov_Dataset_v6/_This_very_sexy_carrot!/g1197_d2ljxng.png", "URL": "http://i.imgur.com/65hoQzn.png", "fileid": "g1197_d2ljxng.png"}, {"id": "g1197_d2krikf", "comment": "[Added the missing carrot top](http://i.imgur.com/EFlbnau.jpg)", "date": "2016-04-28 11:14:42", "seriesname": "g1197_d2krikf", "file": "/media/jbrogan4/scratch2/Reddit_Prov_Dataset_v6/_This_very_sexy_carrot!/g1197_d2krikf.jpg", "URL": "http://i.imgur.com/EFlbnau.jpg", "fileid": "g1197_d2krikf.jpg"}, {"id": "g1197_d2knb4g", "comment": "[political bite](http://i.imgur.com/508tz7Z.jpg)", "date": "2016-04-28 09:31:11", "seriesname": "g1197_d2knb4g", "file": "/media/jbrogan4/scratch2/Reddit_Prov_Dataset_v6/_This_very_sexy_carrot!/g1197_d2knb4g.jpg", "URL": "http://i.imgur.com/508tz7Z.jpg", "fileid": "g1197_d2knb4g.jpg"}, {"id": "g1197_d2kpnlo", "comment": "Girl of their dreams http://imgur.com/QUQGMQY", "date": "2016-04-28 10:31:56", "seriesname": "g1197_d2kpnlo", "file": "/media/jbrogan4/scratch2/Reddit_Prov_Dataset_v6/_This_very_sexy_carrot!/g1197_d2kpnlo.png", "URL": "http://i.imgur.com/QUQGMQY.png", "fileid": "g1197_d2kpnlo.png"}, {"id": "g1197_d2lnwug", "comment": "Our carrots should meet. http://i.imgur.com/ZZQfIQT.jpg ", "date": "2016-04-28 23:38:08", "seriesname": "g1197_d2lnwug", "file": "/media/jbrogan4/scratch2/Reddit_Prov_Dataset_v6/_This_very_sexy_carrot!/g1197_d2lnwug.jpg", "URL": "http://i.imgur.com/ZZQfIQT.jpg", "fileid": "g1197_d2lnwug.jpg"}, {"id": "g1197_d2kod1r", "comment": "[Quack quack\u203d](http://i.imgur.com/AyHX4MG.jpg)", "date": "2016-04-28 09:59:26", "seriesname": "g1197_d2kod1r", "file": "/media/jbrogan4/scratch2/Reddit_Prov_Dataset_v6/_This_very_sexy_carrot!/g1197_d2kod1r.jpg", "URL": "http://i.imgur.com/AyHX4MG.jpg", "fileid": "g1197_d2kod1r.jpg"}, {"id": "g1197_d2kl7v9", "comment": "[Work work](http://i.imgur.com/1dvi372.jpg)", "date": "2016-04-28 08:24:58", "seriesname": "g1197_d2kl7v9", "file": "/media/jbrogan4/scratch2/Reddit_Prov_Dataset_v6/_This_very_sexy_carrot!/g1197_d2kl7v9.jpg", "URL": "http://i.imgur.com/1dvi372.jpg", "fileid": "g1197_d2kl7v9.jpg"}, {"id": "g1197_d2l0p2o", "comment": "[Why not Zoidberg?](http://i.imgur.com/i3l8UQr.gif)", "date": "2016-04-28 14:35:04", "seriesname": "g1197_d2l0p2o", "file": "/media/jbrogan4/scratch2/Reddit_Prov_Dataset_v6/_This_very_sexy_carrot!/g1197_d2l0p2o.jpg", "URL": "http://i.imgur.com/i3l8UQr.gif", "fileid": "g1197_d2l0p2o.gif"}, {"id": "g1197_d2knvdx", "comment": "If you didnt do it, I would have.\n\nAlso\n\nhttp://imgur.com/MoAQjf7\n\nEdit: Have some gold you sexy bastard\n", "date": "2016-04-28 09:46:27", "seriesname": "g1197_d2knvdx", "file": "/media/jbrogan4/scratch2/Reddit_Prov_Dataset_v6/_This_very_sexy_carrot!/g1197_d2knvdx.png", "URL": "http://i.imgur.com/MoAQjf7.png", "fileid": "g1197_d2knvdx.png"}, {"id": "g1197_d2l6wq8", "comment": "Never skip carrot day. \n\nhttps://imgur.com/Ndp9mWW", "date": "2016-04-28 16:50:45", "seriesname": "g1197_d2l6wq8", "file": "/media/jbrogan4/scratch2/Reddit_Prov_Dataset_v6/_This_very_sexy_carrot!/g1197_d2l6wq8.png", "URL": "http://i.imgur.com/Ndp9mWW.png", "fileid": "g1197_d2l6wq8.png"}, {"id": "g1197_d2khyxw", "comment": "[Poor nerd doesn't have a chance](http://i.imgur.com/X66O9t1.jpg)", "date": "2016-04-28 05:44:05", "seriesname": "g1197_d2khyxw", "file": "/media/jbrogan4/scratch2/Reddit_Prov_Dataset_v6/_This_very_sexy_carrot!/g1197_d2khyxw.jpg", "URL": "http://i.imgur.com/X66O9t1.jpg", "fileid": "g1197_d2khyxw.jpg"}, {"id": "g1197_d2kknuc", "comment": "[\"You can't leave me! I can't live without you!\"](http://i.imgur.com/PH0ASUZ.jpg)", "date": "2016-04-28 08:03:55", "seriesname": "g1197_d2kknuc", "file": "/media/jbrogan4/scratch2/Reddit_Prov_Dataset_v6/_This_very_sexy_carrot!/g1197_d2kknuc.jpg", "URL": "http://i.imgur.com/PH0ASUZ.jpg", "fileid": "g1197_d2kknuc.jpg"}, {"id": "g1197_d2kmgie", "comment": "[I don't think I like the way you are looking at me!](http://i.imgur.com/4kdaFrj.jpg)", "date": "2016-04-28 09:06:25", "seriesname": "g1197_d2kmgie", "file": "/media/jbrogan4/scratch2/Reddit_Prov_Dataset_v6/_This_very_sexy_carrot!/g1197_d2kmgie.jpg", "URL": "http://i.imgur.com/4kdaFrj.jpg", "fileid": "g1197_d2kmgie.jpg"}, {"id": "g1197_d2kqzcm", "comment": "And I spent all this time making my [first picture for this subreddit](http://i.imgur.com/gr2Ct7v.png), and then it was already made...\n\nI should use ctrl+f more often :P\n\nEdit: Apparently it was even the second from the top... what the hell is wrong with me", "date": "2016-04-28 11:02:32", "seriesname": "g1197_d2kqzcm", "file": "/media/jbrogan4/scratch2/Reddit_Prov_Dataset_v6/_This_very_sexy_carrot!/g1197_d2kqzcm.jpg", "URL": "http://i.imgur.com/gr2Ct7v.png),", "fileid": "g1197_d2kqzcm.png,"}, {"id": "g1197_d2ki7ky", "comment": "[I think I know \"why not\" now...](http://imgur.com/3jdUiKo)", "date": "2016-04-28 05:59:32", "seriesname": "g1197_d2ki7ky", "file": "/media/jbrogan4/scratch2/Reddit_Prov_Dataset_v6/_This_very_sexy_carrot!/g1197_d2ki7ky.png", "URL": "http://i.imgur.com/3jdUiKo.png", "fileid": "g1197_d2ki7ky.png"}, {"id": "g1197_d2ktoaj", "comment": "[hopping dead](http://i.imgur.com/uaErZeJ.jpg)", "date": "2016-04-28 12:02:08", "seriesname": "g1197_d2ktoaj", "file": "/media/jbrogan4/scratch2/Reddit_Prov_Dataset_v6/_This_very_sexy_carrot!/g1197_d2ktoaj.jpg", "URL": "http://i.imgur.com/uaErZeJ.jpg", "fileid": "g1197_d2ktoaj.jpg"}, {"id": "g1197_d2klhuo", "comment": "[He's a beast](http://imgur.com/toSJ3w5)", "date": "2016-04-28 08:34:49", "seriesname": "g1197_d2klhuo", "file": "/media/jbrogan4/scratch2/Reddit_Prov_Dataset_v6/_This_very_sexy_carrot!/g1197_d2klhuo.png", "URL": "http://i.imgur.com/toSJ3w5.png", "fileid": "g1197_d2klhuo.png"}, {"id": "g1197_d2knt94", "comment": "Tried to complete the transformation\u2014[now she looks like an oompa loompa.](http://i.imgur.com/Pt7k49R.jpg)", "date": "2016-04-28 09:44:50", "seriesname": "g1197_d2knt94", "file": "/media/jbrogan4/scratch2/Reddit_Prov_Dataset_v6/_This_very_sexy_carrot!/g1197_d2knt94.jpg", "URL": "http://i.imgur.com/Pt7k49R.jpg", "fileid": "g1197_d2knt94.jpg"}, {"id": "g1197_d2l8eqp", "comment": "i saw her too, but you were quicker ;)\n\nmy aproach: http://imgur.com/p2nZTHZ", "date": "2016-04-28 17:25:05", "seriesname": "g1197_d2l8eqp", "file": "/media/jbrogan4/scratch2/Reddit_Prov_Dataset_v6/_This_very_sexy_carrot!/g1197_d2l8eqp.png", "URL": "http://i.imgur.com/p2nZTHZ.png", "fileid": "g1197_d2l8eqp.png"}, {"id": "g1197_d2ko6ma", "comment": "http://i.imgur.com/SLIle7Z.jpg", "date": "2016-04-28 09:54:43", "seriesname": "g1197_d2ko6ma", "file": "/media/jbrogan4/scratch2/Reddit_Prov_Dataset_v6/_This_very_sexy_carrot!/g1197_d2ko6ma.jpg", "URL": "http://i.imgur.com/SLIle7Z.jpg", "fileid": "g1197_d2ko6ma.jpg"}, {"id": "g1197_d2kwskj", "comment": "godamnit did mine without looking too see first  \nhttp://i.imgur.com/Zf2KsDI.png", "date": "2016-04-28 13:09:55", "seriesname": "g1197_d2kwskj", "file": "/media/jbrogan4/scratch2/Reddit_Prov_Dataset_v6/_This_very_sexy_carrot!/g1197_d2kwskj.png", "URL": "http://i.imgur.com/Zf2KsDI.png", "fileid": "g1197_d2kwskj.png"}, {"id": "g1197_d2kq4ao", "comment": "http://i.imgur.com/b9pmEDa.jpg", "date": "2016-04-28 10:42:54", "seriesname": "g1197_d2kq4ao", "file": "/media/jbrogan4/scratch2/Reddit_Prov_Dataset_v6/_This_very_sexy_carrot!/g1197_d2kq4ao.jpg", "URL": "http://i.imgur.com/b9pmEDa.jpg", "fileid": "g1197_d2kq4ao.jpg"}, {"id": "g1197_d2lf7ia", "comment": "Muten Roshi, you lecher!\n\n[Imgur](http://i.imgur.com/rJFfKje.jpg)", "date": "2016-04-28 20:17:55", "seriesname": "g1197_d2lf7ia", "file": "/media/jbrogan4/scratch2/Reddit_Prov_Dataset_v6/_This_very_sexy_carrot!/g1197_d2lf7ia.jpg", "URL": "http://i.imgur.com/rJFfKje.jpg", "fileid": "g1197_d2lf7ia.jpg"}, {"id": "g1197_d2kmk5d", "comment": "[this](http://i.imgur.com/IenOHro.jpg) is what i immediately thought of", "date": "2016-04-28 09:09:30", "seriesname": "g1197_d2kmk5d", "file": "/media/jbrogan4/scratch2/Reddit_Prov_Dataset_v6/_This_very_sexy_carrot!/g1197_d2kmk5d.jpg", "URL": "http://i.imgur.com/IenOHro.jpg", "fileid": "g1197_d2kmk5d.jpg"}, {"id": "g1197_d2kpi5j", "comment": "[Feels like I'm wearing nothing at all!](http://i.imgur.com/avHol2b.jpg)", "date": "2016-04-28 10:28:17", "seriesname": "g1197_d2kpi5j", "file": "/media/jbrogan4/scratch2/Reddit_Prov_Dataset_v6/_This_very_sexy_carrot!/g1197_d2kpi5j.jpg", "URL": "http://i.imgur.com/avHol2b.jpg", "fileid": "g1197_d2kpi5j.jpg"}, {"id": "g1197_d2knme5", "comment": "Old school carrot\n\n[Imgur](http://i.imgur.com/uZGvSA8.png)", "date": "2016-04-28 09:39:45", "seriesname": "g1197_d2knme5", "file": "/media/jbrogan4/scratch2/Reddit_Prov_Dataset_v6/_This_very_sexy_carrot!/g1197_d2knme5.png", "URL": "http://i.imgur.com/uZGvSA8.png", "fileid": "g1197_d2knme5.png"}, {"id": "g1197_d2ks2vq", "comment": "[Did some colour matching for you](http://i.imgur.com/Xj5u9oK.jpg)", "date": "2016-04-28 11:27:20", "seriesname": "g1197_d2ks2vq", "file": "/media/jbrogan4/scratch2/Reddit_Prov_Dataset_v6/_This_very_sexy_carrot!/g1197_d2ks2vq.jpg", "URL": "http://i.imgur.com/Xj5u9oK.jpg", "fileid": "g1197_d2ks2vq.jpg"}, {"id": "g1197_d2kyv9u", "comment": "[Mustache](https://i.imgur.com/s038pgh.jpg)", "date": "2016-04-28 13:55:10", "seriesname": "g1197_d2kyv9u", "file": "/media/jbrogan4/scratch2/Reddit_Prov_Dataset_v6/_This_very_sexy_carrot!/g1197_d2kyv9u.jpg", "URL": "https://i.imgur.com/s038pgh.jpg", "fileid": "g1197_d2kyv9u.jpg"}, {"id": "g1197_d2ldxch", "comment": "[I just unlocked the vegetarian skin](http://i.imgur.com/wbLajVq.png)\n\n", "date": "2016-04-28 19:45:00", "seriesname": "g1197_d2ldxch", "file": "/media/jbrogan4/scratch2/Reddit_Prov_Dataset_v6/_This_very_sexy_carrot!/g1197_d2ldxch.png", "URL": "http://i.imgur.com/wbLajVq.png", "fileid": "g1197_d2ldxch.png"}, {"id": "g1197_d2kkm8v", "comment": "[Ooh la la](http://i.imgur.com/fujviCn.jpg)", "date": "2016-04-28 08:02:11", "seriesname": "g1197_d2kkm8v", "file": "/media/jbrogan4/scratch2/Reddit_Prov_Dataset_v6/_This_very_sexy_carrot!/g1197_d2kkm8v.jpg", "URL": "http://i.imgur.com/fujviCn.jpg", "fileid": "g1197_d2kkm8v.jpg"}, {"id": "g1197_root", "comment": "", "date": "2016-04-28 04:21:11", "seriesname": "g1197_root", "file": "/media/jbrogan4/scratch2/Reddit_Prov_Dataset_v6/_This_very_sexy_carrot!/g1197_root.jpg", "URL": "https://i.imgur.com/rAd50cR.jpg", "fileid": "g1197_root.jpg"}], "graph": {"name": "g1197_root"}, "directed": true}