{"links": [{"op": "none", "target": 0, "source": 45}, {"op": "none", "target": 1, "source": 45}, {"op": "none", "target": 2, "source": 45}, {"op": "none", "target": 3, "source": 45}, {"op": "none", "target": 4, "source": 45}, {"op": "none", "target": 5, "source": 45}, {"op": "none", "target": 6, "source": 33}, {"op": "none", "target": 7, "source": 45}, {"op": "none", "target": 8, "source": 45}, {"op": "none", "target": 9, "source": 45}, {"op": "none", "target": 10, "source": 45}, {"op": "none", "target": 11, "source": 45}, {"op": "none", "target": 12, "source": 45}, {"op": "none", "target": 13, "source": 45}, {"op": "none", "target": 14, "source": 45}, {"op": "none", "target": 15, "source": 23}, {"op": "none", "target": 16, "source": 45}, {"op": "none", "target": 17, "source": 45}, {"op": "none", "target": 18, "source": 45}, {"op": "none", "target": 19, "source": 45}, {"op": "none", "target": 20, "source": 45}, {"op": "none", "target": 21, "source": 14}, {"op": "none", "target": 22, "source": 45}, {"op": "none", "target": 23, "source": 45}, {"op": "none", "target": 24, "source": 45}, {"op": "none", "target": 25, "source": 45}, {"op": "none", "target": 26, "source": 45}, {"op": "none", "target": 27, "source": 45}, {"op": "none", "target": 28, "source": 33}, {"op": "none", "target": 29, "source": 45}, {"op": "none", "target": 30, "source": 45}, {"op": "none", "target": 31, "source": 45}, {"op": "none", "target": 32, "source": 45}, {"op": "none", "target": 33, "source": 45}, {"op": "none", "target": 34, "source": 45}, {"op": "none", "target": 35, "source": 45}, {"op": "none", "target": 36, "source": 45}, {"op": "none", "target": 37, "source": 45}, {"op": "none", "target": 38, "source": 45}, {"op": "none", "target": 39, "source": 45}, {"op": "none", "target": 40, "source": 45}, {"op": "none", "target": 41, "source": 10}, {"op": "none", "target": 42, "source": 20}, {"op": "none", "target": 43, "source": 45}, {"op": "none", "target": 44, "source": 45}, {"op": "none", "target": 46, "source": 45}], "title": "_Robert_Downey,_Jr_getting_his_license_picture_taken_at_the_DMV", "nodes": [{"id": "g1190_clnltpw", "comment": "[he sent someone else](http://i.imgur.com/UUD5j0c.jpg)", "date": "2014-10-29 18:05:57", "seriesname": "g1190_clnltpw", "file": "/media/jbrogan4/scratch2/Reddit_Prov_Dataset_v6/_Robert_Downey,_Jr_getting_his_license_picture_taken_at_the_DMV/g1190_clnltpw.jpg", "URL": "http://i.imgur.com/UUD5j0c.jpg", "fileid": "g1190_clnltpw.jpg"}, {"id": "g1190_clnlxl8", "comment": "[Imgur]Robert has been plotting for a long time. (http://i.imgur.com/XsV2SmK.jpg)", "date": "2014-10-29 18:09:24", "seriesname": "g1190_clnlxl8", "file": "/media/jbrogan4/scratch2/Reddit_Prov_Dataset_v6/_Robert_Downey,_Jr_getting_his_license_picture_taken_at_the_DMV/g1190_clnlxl8.jpg", "URL": "http://i.imgur.com/XsV2SmK.jpg", "fileid": "g1190_clnlxl8.jpg"}, {"id": "g1190_clnavnu", "comment": "[\"Somebody tell this guy to MOVE!\"](http://i.imgur.com/iDAmbvV.jpg?1)", "date": "2014-10-29 12:42:31", "seriesname": "g1190_clnavnu", "file": "/media/jbrogan4/scratch2/Reddit_Prov_Dataset_v6/_Robert_Downey,_Jr_getting_his_license_picture_taken_at_the_DMV/g1190_clnavnu.jpg", "URL": "http://i.imgur.com/iDAmbvV.jpg?1", "fileid": "g1190_clnavnu.jpg"}, {"id": "g1190_clnarjl", "comment": "[fake holiday](http://i.imgur.com/v9qaQUr.png)", "date": "2014-10-29 12:39:13", "seriesname": "g1190_clnarjl", "file": "/media/jbrogan4/scratch2/Reddit_Prov_Dataset_v6/_Robert_Downey,_Jr_getting_his_license_picture_taken_at_the_DMV/g1190_clnarjl.png", "URL": "http://i.imgur.com/v9qaQUr.png", "fileid": "g1190_clnarjl.png"}, {"id": "g1190_clney9e", "comment": "[Clinton, The Documentary - Starring Robert Downey Jr &amp; Megan Fox](http://i.imgur.com/dKr4WEg.jpg)", "date": "2014-10-29 14:41:56", "seriesname": "g1190_clney9e", "file": "/media/jbrogan4/scratch2/Reddit_Prov_Dataset_v6/_Robert_Downey,_Jr_getting_his_license_picture_taken_at_the_DMV/g1190_clney9e.jpg", "URL": "http://i.imgur.com/dKr4WEg.jpg", "fileid": "g1190_clney9e.jpg"}, {"id": "g1190_cln8z72", "comment": "[Obligatory.](http://i.imgur.com/Q3LyHme.jpg)", "date": "2014-10-29 11:45:55", "seriesname": "g1190_cln8z72", "file": "/media/jbrogan4/scratch2/Reddit_Prov_Dataset_v6/_Robert_Downey,_Jr_getting_his_license_picture_taken_at_the_DMV/g1190_cln8z72.jpg", "URL": "http://i.imgur.com/Q3LyHme.jpg", "fileid": "g1190_cln8z72.jpg"}, {"id": "g1190_clnk03j", "comment": "[Wait for it...](http://i.imgur.com/N83Y32O.gif)", "date": "2014-10-29 17:08:54", "seriesname": "g1190_clnk03j", "file": "/media/jbrogan4/scratch2/Reddit_Prov_Dataset_v6/_Robert_Downey,_Jr_getting_his_license_picture_taken_at_the_DMV/g1190_clnk03j.jpg", "URL": "http://i.imgur.com/N83Y32O.gif", "fileid": "g1190_clnk03j.gif"}, {"id": "g1190_clnilc5", "comment": "[I don't care who you are, you're over the line Mr. Iron Man sir](http://i.imgur.com/dBTvCkW.jpg)", "date": "2014-10-29 16:27:11", "seriesname": "g1190_clnilc5", "file": "/media/jbrogan4/scratch2/Reddit_Prov_Dataset_v6/_Robert_Downey,_Jr_getting_his_license_picture_taken_at_the_DMV/g1190_clnilc5.jpg", "URL": "http://i.imgur.com/dBTvCkW.jpg", "fileid": "g1190_clnilc5.jpg"}, {"id": "g1190_clngskh", "comment": "[This is the end. The end of the path I started us on.](http://i.imgur.com/wkzetnV.jpg)", "date": "2014-10-29 15:35:05", "seriesname": "g1190_clngskh", "file": "/media/jbrogan4/scratch2/Reddit_Prov_Dataset_v6/_Robert_Downey,_Jr_getting_his_license_picture_taken_at_the_DMV/g1190_clngskh.jpg", "URL": "http://i.imgur.com/wkzetnV.jpg", "fileid": "g1190_clngskh.jpg"}, {"id": "g1190_clnajd7", "comment": "[With his new Diglett, Rober Downey Jr gets his pokemon licence before going on an adventure.](http://i.imgur.com/U62bptU.png)\n\nNot gonna lie, I have no idea why it went like this...", "date": "2014-10-29 12:32:34", "seriesname": "g1190_clnajd7", "file": "/media/jbrogan4/scratch2/Reddit_Prov_Dataset_v6/_Robert_Downey,_Jr_getting_his_license_picture_taken_at_the_DMV/g1190_clnajd7.png", "URL": "http://i.imgur.com/U62bptU.png", "fileid": "g1190_clnajd7.png"}, {"id": "g1190_cln9e64", "comment": "[something subtle](http://i.imgur.com/v4X1ce8.jpg)", "date": "2014-10-29 11:58:27", "seriesname": "g1190_cln9e64", "file": "/media/jbrogan4/scratch2/Reddit_Prov_Dataset_v6/_Robert_Downey,_Jr_getting_his_license_picture_taken_at_the_DMV/g1190_cln9e64.jpg", "URL": "http://i.imgur.com/v4X1ce8.jpg", "fileid": "g1190_cln9e64.jpg"}, {"id": "g1190_cln9qni", "comment": "[*\"That woman is playing Galaga!\"*](http://i.imgur.com/1HCkG4d.jpg)", "date": "2014-10-29 12:08:49", "seriesname": "g1190_cln9qni", "file": "/media/jbrogan4/scratch2/Reddit_Prov_Dataset_v6/_Robert_Downey,_Jr_getting_his_license_picture_taken_at_the_DMV/g1190_cln9qni.jpg", "URL": "http://i.imgur.com/1HCkG4d.jpg", "fileid": "g1190_cln9qni.jpg"}, {"id": "g1190_clncan9", "comment": "got rid of that background for my fellow PS warriors http://imgur.com/qfwqX6d", "date": "2014-10-29 13:24:00", "seriesname": "g1190_clncan9", "file": "/media/jbrogan4/scratch2/Reddit_Prov_Dataset_v6/_Robert_Downey,_Jr_getting_his_license_picture_taken_at_the_DMV/g1190_clncan9.png", "URL": "http://i.imgur.com/qfwqX6d.png", "fileid": "g1190_clncan9.png"}, {"id": "g1190_cln90qx", "comment": "[*\"Could you stay still please, Mr. Downey?\"*](http://i.imgur.com/1C8tx7E.gif)", "date": "2014-10-29 11:47:13", "seriesname": "g1190_cln90qx", "file": "/media/jbrogan4/scratch2/Reddit_Prov_Dataset_v6/_Robert_Downey,_Jr_getting_his_license_picture_taken_at_the_DMV/g1190_cln90qx.jpg", "URL": "http://i.imgur.com/1C8tx7E.gif", "fileid": "g1190_cln90qx.gif"}, {"id": "g1190_cln8x9a", "comment": "[After CGI](http://i.imgur.com/U2yRKgM.jpg)", "date": "2014-10-29 11:44:14", "seriesname": "g1190_cln8x9a", "file": "/media/jbrogan4/scratch2/Reddit_Prov_Dataset_v6/_Robert_Downey,_Jr_getting_his_license_picture_taken_at_the_DMV/g1190_cln8x9a.jpg", "URL": "http://i.imgur.com/U2yRKgM.jpg", "fileid": "g1190_cln8x9a.jpg"}, {"id": "g1190_clnc0ez", "comment": "lmao I didn't even read it, I just took one of the bigger ones from the google image search - [here's the full thing.](http://i.imgur.com/88aJi6G.gif)", "date": "2014-10-29 13:15:49", "seriesname": "g1190_clnc0ez", "file": "/media/jbrogan4/scratch2/Reddit_Prov_Dataset_v6/_Robert_Downey,_Jr_getting_his_license_picture_taken_at_the_DMV/g1190_clnc0ez.jpg", "URL": "http://i.imgur.com/88aJi6G.gif", "fileid": "g1190_clnc0ez.gif"}, {"id": "g1190_clne813", "comment": "[I can't be the only one who thought this.](http://i.imgur.com/DECArwO.jpg)", "date": "2014-10-29 14:20:22", "seriesname": "g1190_clne813", "file": "/media/jbrogan4/scratch2/Reddit_Prov_Dataset_v6/_Robert_Downey,_Jr_getting_his_license_picture_taken_at_the_DMV/g1190_clne813.jpg", "URL": "http://i.imgur.com/DECArwO.jpg", "fileid": "g1190_clne813.jpg"}, {"id": "g1190_clnbf07", "comment": "[It's simple. We kill the Batman.](http://i.imgur.com/EBxF8ZV.jpg)\n\nedited a pesky tie mistake.", "date": "2014-10-29 12:58:13", "seriesname": "g1190_clnbf07", "file": "/media/jbrogan4/scratch2/Reddit_Prov_Dataset_v6/_Robert_Downey,_Jr_getting_his_license_picture_taken_at_the_DMV/g1190_clnbf07.jpg", "URL": "http://i.imgur.com/EBxF8ZV.jpg", "fileid": "g1190_clnbf07.jpg"}, {"id": "g1190_clnapoy", "comment": "[Another kind of vote](http://i.imgur.com/8OJkDl4.jpg)", "date": "2014-10-29 12:37:46", "seriesname": "g1190_clnapoy", "file": "/media/jbrogan4/scratch2/Reddit_Prov_Dataset_v6/_Robert_Downey,_Jr_getting_his_license_picture_taken_at_the_DMV/g1190_clnapoy.jpg", "URL": "http://i.imgur.com/8OJkDl4.jpg", "fileid": "g1190_clnapoy.jpg"}, {"id": "g1190_clndrmd", "comment": "[Next!](http://i.imgur.com/LyxS5El.jpg)", "date": "2014-10-29 14:06:44", "seriesname": "g1190_clndrmd", "file": "/media/jbrogan4/scratch2/Reddit_Prov_Dataset_v6/_Robert_Downey,_Jr_getting_his_license_picture_taken_at_the_DMV/g1190_clndrmd.jpg", "URL": "http://i.imgur.com/LyxS5El.jpg", "fileid": "g1190_clndrmd.jpg"}, {"id": "g1190_clnbalu", "comment": "[\"Alright alright, shows over. Nothing to see here, go find your own Pepper\"](http://imgur.com/5aibIJy)\n\nedit: shadow color\nedit2: covered the teet. NSFW version is a few comments down", "date": "2014-10-29 12:54:34", "seriesname": "g1190_clnbalu", "file": "/media/jbrogan4/scratch2/Reddit_Prov_Dataset_v6/_Robert_Downey,_Jr_getting_his_license_picture_taken_at_the_DMV/g1190_clnbalu.png", "URL": "http://i.imgur.com/5aibIJy.png", "fileid": "g1190_clnbalu.png"}, {"id": "g1190_clnftfp", "comment": "[and later...](http://i.imgur.com/lfcCmJR.gif)", "date": "2014-10-29 15:07:04", "seriesname": "g1190_clnftfp", "file": "/media/jbrogan4/scratch2/Reddit_Prov_Dataset_v6/_Robert_Downey,_Jr_getting_his_license_picture_taken_at_the_DMV/g1190_clnftfp.jpg", "URL": "http://i.imgur.com/lfcCmJR.gif", "fileid": "g1190_clnftfp.gif"}, {"id": "g1190_clngk6x", "comment": "It was *[\"Team Day\" at the DMV](http://i.imgur.com/unDN9yp.jpg)*.", "date": "2014-10-29 15:28:23", "seriesname": "g1190_clngk6x", "file": "/media/jbrogan4/scratch2/Reddit_Prov_Dataset_v6/_Robert_Downey,_Jr_getting_his_license_picture_taken_at_the_DMV/g1190_clngk6x.jpg", "URL": "http://i.imgur.com/unDN9yp.jpg)*.", "fileid": "g1190_clngk6x."}, {"id": "g1190_clna260", "comment": "Didn't have any good ideas, so here's 2 mediocre/lame ones:\n\n[bsod](http://i.imgur.com/QR7TNce.png)\n\n[green screen](http://i.imgur.com/cLDUDTB.png)", "date": "2014-10-29 12:18:30", "seriesname": "g1190_clna260", "file": "/media/jbrogan4/scratch2/Reddit_Prov_Dataset_v6/_Robert_Downey,_Jr_getting_his_license_picture_taken_at_the_DMV/g1190_clna260.png", "URL": "http://i.imgur.com/cLDUDTB.png", "fileid": "g1190_clna260.png"}, {"id": "g1190_clnbg6r", "comment": "[Dun dun, dun dun duuun... dun-da-dun-da-dun-da dun dun, da daaaa](http://imgur.com/sI4DS2x.png)\n\nEDIT: notcing a bit of confusion here; the 'duns' are meant to be [Iron man](https://www.youtube.com/watch?v=9LjbMVXj0F8) by Black Sabbath!", "date": "2014-10-29 12:59:11", "seriesname": "g1190_clnbg6r", "file": "/media/jbrogan4/scratch2/Reddit_Prov_Dataset_v6/_Robert_Downey,_Jr_getting_his_license_picture_taken_at_the_DMV/g1190_clnbg6r.png", "URL": "http://imgur.com/sI4DS2x.png", "fileid": "g1190_clnbg6r.png"}, {"id": "g1190_clnn2aa", "comment": "Are those spiderwebs in the background? http://imgur.com/fq9ZNex", "date": "2014-10-29 18:47:28", "seriesname": "g1190_clnn2aa", "file": "/media/jbrogan4/scratch2/Reddit_Prov_Dataset_v6/_Robert_Downey,_Jr_getting_his_license_picture_taken_at_the_DMV/g1190_clnn2aa.png", "URL": "http://i.imgur.com/fq9ZNex.png", "fileid": "g1190_clnn2aa.png"}, {"id": "g1190_clnad42", "comment": "[Iron Man 1 was on a small budget](http://imgur.com/ml4cAPV)", "date": "2014-10-29 12:27:27", "seriesname": "g1190_clnad42", "file": "/media/jbrogan4/scratch2/Reddit_Prov_Dataset_v6/_Robert_Downey,_Jr_getting_his_license_picture_taken_at_the_DMV/g1190_clnad42.png", "URL": "http://i.imgur.com/ml4cAPV.png", "fileid": "g1190_clnad42.png"}, {"id": "g1190_clnel6g", "comment": "[When posing for DMV](http://i.imgur.com/W3NE1Eh.jpg)", "date": "2014-10-29 14:31:18", "seriesname": "g1190_clnel6g", "file": "/media/jbrogan4/scratch2/Reddit_Prov_Dataset_v6/_Robert_Downey,_Jr_getting_his_license_picture_taken_at_the_DMV/g1190_clnel6g.jpg", "URL": "http://i.imgur.com/W3NE1Eh.jpg", "fileid": "g1190_clnel6g.jpg"}, {"id": "g1190_clnc4uy", "comment": "[Never go full...](http://i.imgur.com/PHulFyX.png)", "date": "2014-10-29 13:19:25", "seriesname": "g1190_clnc4uy", "file": "/media/jbrogan4/scratch2/Reddit_Prov_Dataset_v6/_Robert_Downey,_Jr_getting_his_license_picture_taken_at_the_DMV/g1190_clnc4uy.png", "URL": "http://i.imgur.com/PHulFyX.png", "fileid": "g1190_clnc4uy.png"}, {"id": "g1190_clnybri", "comment": "[He's a fan? Who knew?](http://i.imgur.com/pvgvg6H.jpg)", "date": "2014-10-30 01:18:06", "seriesname": "g1190_clnybri", "file": "/media/jbrogan4/scratch2/Reddit_Prov_Dataset_v6/_Robert_Downey,_Jr_getting_his_license_picture_taken_at_the_DMV/g1190_clnybri.jpg", "URL": "http://i.imgur.com/pvgvg6H.jpg", "fileid": "g1190_clnybri.jpg"}, {"id": "g1190_clnupld", "comment": "http://i.imgur.com/dcpSv5n.jpg", "date": "2014-10-29 22:56:58", "seriesname": "g1190_clnupld", "file": "/media/jbrogan4/scratch2/Reddit_Prov_Dataset_v6/_Robert_Downey,_Jr_getting_his_license_picture_taken_at_the_DMV/g1190_clnupld.jpg", "URL": "http://i.imgur.com/dcpSv5n.jpg", "fileid": "g1190_clnupld.jpg"}, {"id": "g1190_cln9wf2", "comment": "[I do not know what I'm doing](http://i.imgur.com/q3a5WyU.gif)\n\nI think I should stop for today...\n\nEDIT: so, does it spin to right or to the left?", "date": "2014-10-29 12:13:41", "seriesname": "g1190_cln9wf2", "file": "/media/jbrogan4/scratch2/Reddit_Prov_Dataset_v6/_Robert_Downey,_Jr_getting_his_license_picture_taken_at_the_DMV/g1190_cln9wf2.jpg", "URL": "http://i.imgur.com/q3a5WyU.gif", "fileid": "g1190_cln9wf2.gif"}, {"id": "g1190_cln97xm", "comment": "[Pastafarian](http://imgur.com/SsNFGIf.jpg)", "date": "2014-10-29 11:53:15", "seriesname": "g1190_cln97xm", "file": "/media/jbrogan4/scratch2/Reddit_Prov_Dataset_v6/_Robert_Downey,_Jr_getting_his_license_picture_taken_at_the_DMV/g1190_cln97xm.jpg", "URL": "http://imgur.com/SsNFGIf.jpg", "fileid": "g1190_cln97xm.jpg"}, {"id": "g1190_clna91w", "comment": "[Hard for him to be honest while filling out his application](http://imgur.com/MqMVQYy)", "date": "2014-10-29 12:24:11", "seriesname": "g1190_clna91w", "file": "/media/jbrogan4/scratch2/Reddit_Prov_Dataset_v6/_Robert_Downey,_Jr_getting_his_license_picture_taken_at_the_DMV/g1190_clna91w.png", "URL": "http://i.imgur.com/MqMVQYy.png", "fileid": "g1190_clna91w.png"}, {"id": "g1190_clnqjpr", "comment": "[Imgur](http://i.imgur.com/lDuvqKU.png)", "date": "2014-10-29 20:42:33", "seriesname": "g1190_clnqjpr", "file": "/media/jbrogan4/scratch2/Reddit_Prov_Dataset_v6/_Robert_Downey,_Jr_getting_his_license_picture_taken_at_the_DMV/g1190_clnqjpr.png", "URL": "http://i.imgur.com/lDuvqKU.png", "fileid": "g1190_clnqjpr.png"}, {"id": "g1190_clna2x2", "comment": "I know this was a long time ago, [but he does make for a dapper mugshot.](http://imgur.com/1CVVDAI)", "date": "2014-10-29 12:19:10", "seriesname": "g1190_clna2x2", "file": "/media/jbrogan4/scratch2/Reddit_Prov_Dataset_v6/_Robert_Downey,_Jr_getting_his_license_picture_taken_at_the_DMV/g1190_clna2x2.png", "URL": "http://i.imgur.com/1CVVDAI.png", "fileid": "g1190_clna2x2.png"}, {"id": "g1190_clncot0", "comment": "He actually didn't like that photo, he went back for a reshoot: http://i.imgur.com/l3S6U61.jpg", "date": "2014-10-29 13:35:16", "seriesname": "g1190_clncot0", "file": "/media/jbrogan4/scratch2/Reddit_Prov_Dataset_v6/_Robert_Downey,_Jr_getting_his_license_picture_taken_at_the_DMV/g1190_clncot0.jpg", "URL": "http://i.imgur.com/l3S6U61.jpg", "fileid": "g1190_clncot0.jpg"}, {"id": "g1190_clnnnc0", "comment": "PsBattle: Perfect kiss gone awkward. http://i.imgur.com/7nybN2a.jpg", "date": "2014-10-29 19:07:04", "seriesname": "g1190_clnnnc0", "file": "/media/jbrogan4/scratch2/Reddit_Prov_Dataset_v6/_Robert_Downey,_Jr_getting_his_license_picture_taken_at_the_DMV/g1190_clnnnc0.jpg", "URL": "http://i.imgur.com/7nybN2a.jpg", "fileid": "g1190_clnnnc0.jpg"}, {"id": "g1190_clndsnu", "comment": "[Getting photo ID taken for Back to School 2.](http://i.imgur.com/gPgfsMm.png)\n\nEDIT: He shared mine and a couple others above [on his Facebook page](https://www.facebook.com/robertdowneyjr/posts/359740227527782) and [Twitter](https://twitter.com/RobertDowneyJr/status/527576742597509120).", "date": "2014-10-29 14:07:38", "seriesname": "g1190_clndsnu", "file": "/media/jbrogan4/scratch2/Reddit_Prov_Dataset_v6/_Robert_Downey,_Jr_getting_his_license_picture_taken_at_the_DMV/g1190_clndsnu.png", "URL": "http://i.imgur.com/gPgfsMm.png", "fileid": "g1190_clndsnu.png"}, {"id": "g1190_clneq0e", "comment": "[Glorious leader waiting for his glorious turn](http://i.imgur.com/U1Drt4D.jpg) NSFW", "date": "2014-10-29 14:35:20", "seriesname": "g1190_clneq0e", "file": "/media/jbrogan4/scratch2/Reddit_Prov_Dataset_v6/_Robert_Downey,_Jr_getting_his_license_picture_taken_at_the_DMV/g1190_clneq0e.jpg", "URL": "http://i.imgur.com/U1Drt4D.jpg", "fileid": "g1190_clneq0e.jpg"}, {"id": "g1190_clnfrzr", "comment": "I have a lot of apologies to make. http://i.imgur.com/o5W7NwW.jpg\n", "date": "2014-10-29 15:05:54", "seriesname": "g1190_clnfrzr", "file": "/media/jbrogan4/scratch2/Reddit_Prov_Dataset_v6/_Robert_Downey,_Jr_getting_his_license_picture_taken_at_the_DMV/g1190_clnfrzr.jpg", "URL": "http://i.imgur.com/o5W7NwW.jpg", "fileid": "g1190_clnfrzr.jpg"}, {"id": "g1190_cln9kuy", "comment": "[something subtle II](http://i.imgur.com/H0y2Wkw.jpg)", "date": "2014-10-29 12:04:01", "seriesname": "g1190_cln9kuy", "file": "/media/jbrogan4/scratch2/Reddit_Prov_Dataset_v6/_Robert_Downey,_Jr_getting_his_license_picture_taken_at_the_DMV/g1190_cln9kuy.jpg", "URL": "http://i.imgur.com/H0y2Wkw.jpg", "fileid": "g1190_cln9kuy.jpg"}, {"id": "g1190_clnce4b", "comment": "[You're right. NSFW](http://i.imgur.com/bYFnJOz.jpg) ", "date": "2014-10-29 13:26:46", "seriesname": "g1190_clnce4b", "file": "/media/jbrogan4/scratch2/Reddit_Prov_Dataset_v6/_Robert_Downey,_Jr_getting_his_license_picture_taken_at_the_DMV/g1190_clnce4b.jpg", "URL": "http://i.imgur.com/bYFnJOz.jpg", "fileid": "g1190_clnce4b.jpg"}, {"id": "g1190_clnczrm", "comment": "[I shall call him... Mini Me](http://i.imgur.com/PAqCsk6.jpg)", "date": "2014-10-29 13:44:07", "seriesname": "g1190_clnczrm", "file": "/media/jbrogan4/scratch2/Reddit_Prov_Dataset_v6/_Robert_Downey,_Jr_getting_his_license_picture_taken_at_the_DMV/g1190_clnczrm.jpg", "URL": "http://i.imgur.com/PAqCsk6.jpg", "fileid": "g1190_clnczrm.jpg"}, {"id": "g1190_clnbti7", "comment": "[Not you again!](http://i.imgur.com/585N6DU.jpg)", "date": "2014-10-29 13:10:12", "seriesname": "g1190_clnbti7", "file": "/media/jbrogan4/scratch2/Reddit_Prov_Dataset_v6/_Robert_Downey,_Jr_getting_his_license_picture_taken_at_the_DMV/g1190_clnbti7.jpg", "URL": "http://i.imgur.com/585N6DU.jpg", "fileid": "g1190_clnbti7.jpg"}, {"id": "g1190_root", "comment": "", "date": "2014-10-29 09:59:18", "seriesname": "g1190_root", "file": "/media/jbrogan4/scratch2/Reddit_Prov_Dataset_v6/_Robert_Downey,_Jr_getting_his_license_picture_taken_at_the_DMV/g1190_root.jpg", "URL": "http://i.imgur.com/nGXzTS7.jpg", "fileid": "g1190_root.jpg"}, {"id": "g1190_cln9xzr", "comment": "[It doesn't matter how good looking y\u0336o\u0336u\u0336'\u0336r\u0336e\u0336 you are...](http://i.imgur.com/iNLR36N.png)\n\nedit: [this](http://www.reddit.com/r/photoshopbattles/comments/2kobah/psbattle_robert_downey_jr_getting_his_license/clnbwc6)\n\nedit 2: [Well... this was unexpected](https://www.facebook.com/robertdowneyjr/posts/359740227527782) ; RDJ posted this image and [this one](http://www.reddit.com/r/photoshopbattles/comments/2kobah/psbattle_robert_downey_jr_getting_his_license/clnc4uy) as two of his favorites.", "date": "2014-10-29 12:15:01", "seriesname": "g1190_cln9xzr", "file": "/media/jbrogan4/scratch2/Reddit_Prov_Dataset_v6/_Robert_Downey,_Jr_getting_his_license_picture_taken_at_the_DMV/g1190_cln9xzr.png", "URL": "http://i.imgur.com/iNLR36N.png", "fileid": "g1190_cln9xzr.png"}], "graph": {"name": "g1190_root"}, "directed": true}