{"links": [{"op": "none", "target": 0, "source": 6}, {"op": "none", "target": 1, "source": 70}, {"op": "none", "target": 2, "source": 70}, {"op": "none", "target": 3, "source": 70}, {"op": "none", "target": 4, "source": 70}, {"op": "none", "target": 5, "source": 63}, {"op": "none", "target": 6, "source": 70}, {"op": "none", "target": 7, "source": 70}, {"op": "none", "target": 8, "source": 70}, {"op": "none", "target": 9, "source": 70}, {"op": "none", "target": 10, "source": 5}, {"op": "none", "target": 11, "source": 70}, {"op": "none", "target": 12, "source": 70}, {"op": "none", "target": 13, "source": 10}, {"op": "none", "target": 14, "source": 70}, {"op": "none", "target": 15, "source": 70}, {"op": "none", "target": 16, "source": 70}, {"op": "none", "target": 17, "source": 70}, {"op": "none", "target": 18, "source": 70}, {"op": "none", "target": 19, "source": 70}, {"op": "none", "target": 20, "source": 70}, {"op": "none", "target": 21, "source": 51}, {"op": "none", "target": 22, "source": 62}, {"op": "none", "target": 23, "source": 44}, {"op": "none", "target": 24, "source": 70}, {"op": "none", "target": 25, "source": 70}, {"op": "none", "target": 26, "source": 70}, {"op": "none", "target": 27, "source": 70}, {"op": "none", "target": 28, "source": 70}, {"op": "none", "target": 29, "source": 70}, {"op": "none", "target": 30, "source": 70}, {"op": "none", "target": 31, "source": 70}, {"op": "none", "target": 32, "source": 70}, {"op": "none", "target": 33, "source": 70}, {"op": "none", "target": 34, "source": 33}, {"op": "none", "target": 35, "source": 70}, {"op": "none", "target": 36, "source": 70}, {"op": "none", "target": 37, "source": 70}, {"op": "none", "target": 38, "source": 21}, {"op": "none", "target": 39, "source": 42}, {"op": "none", "target": 40, "source": 70}, {"op": "none", "target": 41, "source": 70}, {"op": "none", "target": 42, "source": 22}, {"op": "none", "target": 43, "source": 70}, {"op": "none", "target": 44, "source": 70}, {"op": "none", "target": 45, "source": 70}, {"op": "none", "target": 46, "source": 70}, {"op": "none", "target": 47, "source": 40}, {"op": "none", "target": 48, "source": 70}, {"op": "none", "target": 49, "source": 70}, {"op": "none", "target": 50, "source": 70}, {"op": "none", "target": 51, "source": 70}, {"op": "none", "target": 52, "source": 70}, {"op": "none", "target": 53, "source": 70}, {"op": "none", "target": 54, "source": 70}, {"op": "none", "target": 55, "source": 70}, {"op": "none", "target": 56, "source": 70}, {"op": "none", "target": 57, "source": 70}, {"op": "none", "target": 58, "source": 70}, {"op": "none", "target": 59, "source": 70}, {"op": "none", "target": 60, "source": 70}, {"op": "none", "target": 61, "source": 6}, {"op": "none", "target": 62, "source": 5}, {"op": "none", "target": 63, "source": 34}, {"op": "none", "target": 64, "source": 70}, {"op": "none", "target": 65, "source": 70}, {"op": "none", "target": 66, "source": 70}, {"op": "none", "target": 67, "source": 70}, {"op": "none", "target": 68, "source": 70}, {"op": "none", "target": 69, "source": 70}, {"op": "none", "target": 71, "source": 14}, {"op": "none", "target": 72, "source": 5}, {"op": "none", "target": 73, "source": 70}], "title": "_Vladimir_Putin_in_a_submarine_in_the_Black_Sea", "nodes": [{"id": "g1191_cu7f1i0", "comment": "http://i.imgur.com/3cBjfmR.png", "date": "2015-08-18 15:55:50", "seriesname": "g1191_cu7f1i0", "file": "/media/jbrogan4/scratch2/Reddit_Prov_Dataset_v6/_Vladimir_Putin_in_a_submarine_in_the_Black_Sea/g1191_cu7f1i0.png", "URL": "http://i.imgur.com/3cBjfmR.png", "fileid": "g1191_cu7f1i0.png"}, {"id": "g1191_cu7evd3", "comment": "Oooh yesss me deary - I seee the fuuuture and it involves a proper cock sack.  http://i.imgur.com/7M4GnjP.jpg ", "date": "2015-08-18 15:51:40", "seriesname": "g1191_cu7evd3", "file": "/media/jbrogan4/scratch2/Reddit_Prov_Dataset_v6/_Vladimir_Putin_in_a_submarine_in_the_Black_Sea/g1191_cu7evd3.jpg", "URL": "http://i.imgur.com/7M4GnjP.jpg", "fileid": "g1191_cu7evd3.jpg"}, {"id": "g1191_cu7hu19", "comment": "I'm no good at PS, but I have good ideas. Please help.  http://i.imgur.com/fkDQea2.jpg ", "date": "2015-08-18 17:03:45", "seriesname": "g1191_cu7hu19", "file": "/media/jbrogan4/scratch2/Reddit_Prov_Dataset_v6/_Vladimir_Putin_in_a_submarine_in_the_Black_Sea/g1191_cu7hu19.jpg", "URL": "http://i.imgur.com/fkDQea2.jpg", "fileid": "g1191_cu7hu19.jpg"}, {"id": "g1191_cu77uqv", "comment": "[Testing his new A.M.P](http://imgur.com/TAmoILT)", "date": "2015-08-18 13:01:48", "seriesname": "g1191_cu77uqv", "file": "/media/jbrogan4/scratch2/Reddit_Prov_Dataset_v6/_Vladimir_Putin_in_a_submarine_in_the_Black_Sea/g1191_cu77uqv.png", "URL": "http://i.imgur.com/TAmoILT.png", "fileid": "g1191_cu77uqv.png"}, {"id": "g1191_cu78u35", "comment": "[Putin's ready to kick some Kaiju's ass!](http://i.imgur.com/IEgjC15.jpg)", "date": "2015-08-18 13:25:42", "seriesname": "g1191_cu78u35", "file": "/media/jbrogan4/scratch2/Reddit_Prov_Dataset_v6/_Vladimir_Putin_in_a_submarine_in_the_Black_Sea/g1191_cu78u35.jpg", "URL": "http://i.imgur.com/IEgjC15.jpg", "fileid": "g1191_cu78u35.jpg"}, {"id": "g1191_cu794hl", "comment": "http://i.imgur.com/boeBfuu.jpg", "date": "2015-08-18 13:32:30", "seriesname": "g1191_cu794hl", "file": "/media/jbrogan4/scratch2/Reddit_Prov_Dataset_v6/_Vladimir_Putin_in_a_submarine_in_the_Black_Sea/g1191_cu794hl.jpg", "URL": "http://i.imgur.com/boeBfuu.jpg", "fileid": "g1191_cu794hl.jpg"}, {"id": "g1191_cu77eqi", "comment": "[No one understands me](http://i.imgur.com/Tv1agG7.png)", "date": "2015-08-18 12:51:01", "seriesname": "g1191_cu77eqi", "file": "/media/jbrogan4/scratch2/Reddit_Prov_Dataset_v6/_Vladimir_Putin_in_a_submarine_in_the_Black_Sea/g1191_cu77eqi.png", "URL": "http://i.imgur.com/Tv1agG7.png", "fileid": "g1191_cu77eqi.png"}, {"id": "g1191_cu75epb", "comment": "http://i.imgur.com/65a6QsQ.jpg\n\nCan anyone even tell I have photoshopped this?", "date": "2015-08-18 12:01:56", "seriesname": "g1191_cu75epb", "file": "/media/jbrogan4/scratch2/Reddit_Prov_Dataset_v6/_Vladimir_Putin_in_a_submarine_in_the_Black_Sea/g1191_cu75epb.jpg", "URL": "http://i.imgur.com/65a6QsQ.jpg", "fileid": "g1191_cu75epb.jpg"}, {"id": "g1191_cu77mry", "comment": "[Love and Marriage](http://i.imgur.com/IRpIyMC.png)", "date": "2015-08-18 12:56:27", "seriesname": "g1191_cu77mry", "file": "/media/jbrogan4/scratch2/Reddit_Prov_Dataset_v6/_Vladimir_Putin_in_a_submarine_in_the_Black_Sea/g1191_cu77mry.png", "URL": "http://i.imgur.com/IRpIyMC.png", "fileid": "g1191_cu77mry.png"}, {"id": "g1191_cu7b5mz", "comment": "[A fun toy every Russian baby should have!](http://i.imgur.com/aBh7N6J.jpg)", "date": "2015-08-18 14:21:51", "seriesname": "g1191_cu7b5mz", "file": "/media/jbrogan4/scratch2/Reddit_Prov_Dataset_v6/_Vladimir_Putin_in_a_submarine_in_the_Black_Sea/g1191_cu7b5mz.jpg", "URL": "http://i.imgur.com/aBh7N6J.jpg", "fileid": "g1191_cu7b5mz.jpg"}, {"id": "g1191_cu7a3zy", "comment": "http://i.imgur.com/pgoKNTY.gif", "date": "2015-08-18 13:56:32", "seriesname": "g1191_cu7a3zy", "file": "/media/jbrogan4/scratch2/Reddit_Prov_Dataset_v6/_Vladimir_Putin_in_a_submarine_in_the_Black_Sea/g1191_cu7a3zy.jpg", "URL": "http://i.imgur.com/pgoKNTY.gif", "fileid": "g1191_cu7a3zy.gif"}, {"id": "g1191_cu7drmh", "comment": "[Jurassic Putin](http://imgur.com/XNR8kqN)", "date": "2015-08-18 15:25:08", "seriesname": "g1191_cu7drmh", "file": "/media/jbrogan4/scratch2/Reddit_Prov_Dataset_v6/_Vladimir_Putin_in_a_submarine_in_the_Black_Sea/g1191_cu7drmh.png", "URL": "http://i.imgur.com/XNR8kqN.png", "fileid": "g1191_cu7drmh.png"}, {"id": "g1191_cu78ojn", "comment": "[But is it real secret weapon comrades??](http://i.imgur.com/ilAZoI2.gif)", "date": "2015-08-18 13:21:58", "seriesname": "g1191_cu78ojn", "file": "/media/jbrogan4/scratch2/Reddit_Prov_Dataset_v6/_Vladimir_Putin_in_a_submarine_in_the_Black_Sea/g1191_cu78ojn.jpg", "URL": "http://i.imgur.com/ilAZoI2.gif", "fileid": "g1191_cu78ojn.gif"}, {"id": "g1191_cu7airr", "comment": "http://i.imgur.com/JaqeESf.gif", "date": "2015-08-18 14:06:36", "seriesname": "g1191_cu7airr", "file": "/media/jbrogan4/scratch2/Reddit_Prov_Dataset_v6/_Vladimir_Putin_in_a_submarine_in_the_Black_Sea/g1191_cu7airr.jpg", "URL": "http://i.imgur.com/JaqeESf.gif", "fileid": "g1191_cu7airr.gif"}, {"id": "g1191_cu79nzp", "comment": "[reminisce](http://i.imgur.com/ReSMtl8.jpg)", "date": "2015-08-18 13:45:38", "seriesname": "g1191_cu79nzp", "file": "/media/jbrogan4/scratch2/Reddit_Prov_Dataset_v6/_Vladimir_Putin_in_a_submarine_in_the_Black_Sea/g1191_cu79nzp.jpg", "URL": "http://i.imgur.com/ReSMtl8.jpg", "fileid": "g1191_cu79nzp.jpg"}, {"id": "g1191_cu77bf4", "comment": "In soviet russia, [bear](http://i.imgur.com/TFhwq1Q.jpg)", "date": "2015-08-18 12:48:51", "seriesname": "g1191_cu77bf4", "file": "/media/jbrogan4/scratch2/Reddit_Prov_Dataset_v6/_Vladimir_Putin_in_a_submarine_in_the_Black_Sea/g1191_cu77bf4.jpg", "URL": "http://i.imgur.com/TFhwq1Q.jpg", "fileid": "g1191_cu77bf4.jpg"}, {"id": "g1191_cu7u366", "comment": "[Putinterstellar](http://i.imgur.com/fwKxDZK.jpg)", "date": "2015-08-18 22:48:16", "seriesname": "g1191_cu7u366", "file": "/media/jbrogan4/scratch2/Reddit_Prov_Dataset_v6/_Vladimir_Putin_in_a_submarine_in_the_Black_Sea/g1191_cu7u366.jpg", "URL": "http://i.imgur.com/fwKxDZK.jpg", "fileid": "g1191_cu7u366.jpg"}, {"id": "g1191_cu76sbm", "comment": "[The C*nt For Red October](http://i.imgur.com/TFUiAk4.jpg)", "date": "2015-08-18 12:36:03", "seriesname": "g1191_cu76sbm", "file": "/media/jbrogan4/scratch2/Reddit_Prov_Dataset_v6/_Vladimir_Putin_in_a_submarine_in_the_Black_Sea/g1191_cu76sbm.jpg", "URL": "http://i.imgur.com/TFUiAk4.jpg", "fileid": "g1191_cu76sbm.jpg"}, {"id": "g1191_cu7i2i4", "comment": "Cutout: http://imgur.com/gallery/UfMhUID", "date": "2015-08-18 17:09:52", "seriesname": "g1191_cu7i2i4", "file": "/media/jbrogan4/scratch2/Reddit_Prov_Dataset_v6/_Vladimir_Putin_in_a_submarine_in_the_Black_Sea/g1191_cu7i2i4.png", "URL": "http://i.imgur.com/UfMhUID.png", "fileid": "g1191_cu7i2i4.png"}, {"id": "g1191_cu7b1aj", "comment": "Not the best thing ever, but this is what I came up with http://i.imgur.com/xQU0Mse.png", "date": "2015-08-18 14:18:59", "seriesname": "g1191_cu7b1aj", "file": "/media/jbrogan4/scratch2/Reddit_Prov_Dataset_v6/_Vladimir_Putin_in_a_submarine_in_the_Black_Sea/g1191_cu7b1aj.png", "URL": "http://i.imgur.com/xQU0Mse.png", "fileid": "g1191_cu7b1aj.png"}, {"id": "g1191_cu7lred", "comment": "[I've been expecting you Mr.Bond.](http://imgur.com/ciHqSr9)", "date": "2015-08-18 18:49:51", "seriesname": "g1191_cu7lred", "file": "/media/jbrogan4/scratch2/Reddit_Prov_Dataset_v6/_Vladimir_Putin_in_a_submarine_in_the_Black_Sea/g1191_cu7lred.png", "URL": "http://i.imgur.com/ciHqSr9.png", "fileid": "g1191_cu7lred.png"}, {"id": "g1191_cu7k095", "comment": "Now do one with [Tom Servo](https://i.imgur.com/RkeQaCx.png)!", "date": "2015-08-18 18:00:08", "seriesname": "g1191_cu7k095", "file": "/media/jbrogan4/scratch2/Reddit_Prov_Dataset_v6/_Vladimir_Putin_in_a_submarine_in_the_Black_Sea/g1191_cu7k095.jpg", "URL": "https://i.imgur.com/RkeQaCx.png)!", "fileid": "g1191_cu7k095.png!"}, {"id": "g1191_cu7jkeh", "comment": "https://imgur.com/59NM6Xm", "date": "2015-08-18 17:48:18", "seriesname": "g1191_cu7jkeh", "file": "/media/jbrogan4/scratch2/Reddit_Prov_Dataset_v6/_Vladimir_Putin_in_a_submarine_in_the_Black_Sea/g1191_cu7jkeh.png", "URL": "http://i.imgur.com/59NM6Xm.png", "fileid": "g1191_cu7jkeh.png"}, {"id": "g1191_cu7qclh", "comment": "Thank me later\n\nhttps://pbs.twimg.com/media/CFkjHSzVIAM4osR.jpg", "date": "2015-08-18 21:02:09", "seriesname": "g1191_cu7qclh", "file": "/media/jbrogan4/scratch2/Reddit_Prov_Dataset_v6/_Vladimir_Putin_in_a_submarine_in_the_Black_Sea/g1191_cu7qclh.jpg", "URL": "https://pbs.twimg.com/media/CFkjHSzVIAM4osR.jpg", "fileid": "g1191_cu7qclh.jpg"}, {"id": "g1191_cu7794z", "comment": "I will keep an eye\n\nover all that you will do\n\n[always watching, yes?](http://i.imgur.com/uqglZNC.jpg)", "date": "2015-08-18 12:47:20", "seriesname": "g1191_cu7794z", "file": "/media/jbrogan4/scratch2/Reddit_Prov_Dataset_v6/_Vladimir_Putin_in_a_submarine_in_the_Black_Sea/g1191_cu7794z.jpg", "URL": "http://i.imgur.com/uqglZNC.jpg", "fileid": "g1191_cu7794z.jpg"}, {"id": "g1191_cu7dqok", "comment": "Vladimir Putin in an X-Wing in space.\n\nhttp://imgur.com/MpXaXrR", "date": "2015-08-18 15:24:29", "seriesname": "g1191_cu7dqok", "file": "/media/jbrogan4/scratch2/Reddit_Prov_Dataset_v6/_Vladimir_Putin_in_a_submarine_in_the_Black_Sea/g1191_cu7dqok.png", "URL": "http://i.imgur.com/MpXaXrR.png", "fileid": "g1191_cu7dqok.png"}, {"id": "g1191_cu7hp5x", "comment": "http://i.imgur.com/AOwHqJj.jpg", "date": "2015-08-18 17:00:24", "seriesname": "g1191_cu7hp5x", "file": "/media/jbrogan4/scratch2/Reddit_Prov_Dataset_v6/_Vladimir_Putin_in_a_submarine_in_the_Black_Sea/g1191_cu7hp5x.jpg", "URL": "http://i.imgur.com/AOwHqJj.jpg", "fileid": "g1191_cu7hp5x.jpg"}, {"id": "g1191_cu7x65t", "comment": "Dr Roputinik http://imgur.com/vH10nBc", "date": "2015-08-19 00:26:16", "seriesname": "g1191_cu7x65t", "file": "/media/jbrogan4/scratch2/Reddit_Prov_Dataset_v6/_Vladimir_Putin_in_a_submarine_in_the_Black_Sea/g1191_cu7x65t.png", "URL": "http://i.imgur.com/vH10nBc.png", "fileid": "g1191_cu7x65t.png"}, {"id": "g1191_cu7vtzt", "comment": "[Putin beams stalin from his grave with his new aircraft!](http://imgur.com/B8i5X5o)", "date": "2015-08-18 23:41:33", "seriesname": "g1191_cu7vtzt", "file": "/media/jbrogan4/scratch2/Reddit_Prov_Dataset_v6/_Vladimir_Putin_in_a_submarine_in_the_Black_Sea/g1191_cu7vtzt.png", "URL": "http://i.imgur.com/B8i5X5o.png", "fileid": "g1191_cu7vtzt.png"}, {"id": "g1191_cu7n0fm", "comment": "[Bit of an upgrade from last years model](http://imgur.com/mo6iYKn) ", "date": "2015-08-18 19:25:51", "seriesname": "g1191_cu7n0fm", "file": "/media/jbrogan4/scratch2/Reddit_Prov_Dataset_v6/_Vladimir_Putin_in_a_submarine_in_the_Black_Sea/g1191_cu7n0fm.png", "URL": "http://i.imgur.com/mo6iYKn.png", "fileid": "g1191_cu7n0fm.png"}, {"id": "g1191_cu7oglm", "comment": "We're going to need a bigger plunger:\n\nhttp://i.imgur.com/1SjNYvI.jpg", "date": "2015-08-18 20:07:42", "seriesname": "g1191_cu7oglm", "file": "/media/jbrogan4/scratch2/Reddit_Prov_Dataset_v6/_Vladimir_Putin_in_a_submarine_in_the_Black_Sea/g1191_cu7oglm.jpg", "URL": "http://i.imgur.com/1SjNYvI.jpg", "fileid": "g1191_cu7oglm.jpg"}, {"id": "g1191_cu7dws6", "comment": "[\"Dammit Dimitri, are we in Sweden again?\"](http://i.imgur.com/CovZIjn.jpg)", "date": "2015-08-18 15:28:37", "seriesname": "g1191_cu7dws6", "file": "/media/jbrogan4/scratch2/Reddit_Prov_Dataset_v6/_Vladimir_Putin_in_a_submarine_in_the_Black_Sea/g1191_cu7dws6.jpg", "URL": "http://i.imgur.com/CovZIjn.jpg", "fileid": "g1191_cu7dws6.jpg"}, {"id": "g1191_cu7o417", "comment": "http://i.imgur.com/PX1vdGR.jpg", "date": "2015-08-18 19:57:30", "seriesname": "g1191_cu7o417", "file": "/media/jbrogan4/scratch2/Reddit_Prov_Dataset_v6/_Vladimir_Putin_in_a_submarine_in_the_Black_Sea/g1191_cu7o417.jpg", "URL": "http://i.imgur.com/PX1vdGR.jpg", "fileid": "g1191_cu7o417.jpg"}, {"id": "g1191_cu75m7i", "comment": "[Top Secret amphibious vehicle](http://i.imgur.com/AbJMOS2.jpg)", "date": "2015-08-18 12:07:19", "seriesname": "g1191_cu75m7i", "file": "/media/jbrogan4/scratch2/Reddit_Prov_Dataset_v6/_Vladimir_Putin_in_a_submarine_in_the_Black_Sea/g1191_cu75m7i.jpg", "URL": "http://i.imgur.com/AbJMOS2.jpg", "fileid": "g1191_cu75m7i.jpg"}, {"id": "g1191_cu783o1", "comment": "http://i.imgur.com/vh6wptJ.jpg", "date": "2015-08-18 13:07:50", "seriesname": "g1191_cu783o1", "file": "/media/jbrogan4/scratch2/Reddit_Prov_Dataset_v6/_Vladimir_Putin_in_a_submarine_in_the_Black_Sea/g1191_cu783o1.jpg", "URL": "http://i.imgur.com/vh6wptJ.jpg", "fileid": "g1191_cu783o1.jpg"}, {"id": "g1191_cu7gkpq", "comment": "http://i.imgur.com/wJDPIte.png", "date": "2015-08-18 16:33:15", "seriesname": "g1191_cu7gkpq", "file": "/media/jbrogan4/scratch2/Reddit_Prov_Dataset_v6/_Vladimir_Putin_in_a_submarine_in_the_Black_Sea/g1191_cu7gkpq.png", "URL": "http://i.imgur.com/wJDPIte.png", "fileid": "g1191_cu7gkpq.png"}, {"id": "g1191_cu7uw80", "comment": "http://i.imgur.com/TuQRFx6.jpg", "date": "2015-08-18 23:12:03", "seriesname": "g1191_cu7uw80", "file": "/media/jbrogan4/scratch2/Reddit_Prov_Dataset_v6/_Vladimir_Putin_in_a_submarine_in_the_Black_Sea/g1191_cu7uw80.jpg", "URL": "http://i.imgur.com/TuQRFx6.jpg", "fileid": "g1191_cu7uw80.jpg"}, {"id": "g1191_cu7874j", "comment": "[the life aquatic with vladimir putin](http://i.imgur.com/c7fnBgs.jpg)", "date": "2015-08-18 13:10:11", "seriesname": "g1191_cu7874j", "file": "/media/jbrogan4/scratch2/Reddit_Prov_Dataset_v6/_Vladimir_Putin_in_a_submarine_in_the_Black_Sea/g1191_cu7874j.jpg", "URL": "http://i.imgur.com/c7fnBgs.jpg", "fileid": "g1191_cu7874j.jpg"}, {"id": "g1191_cu7nwvp", "comment": "[you got it](http://i.imgur.com/jNwdUwC.jpg)", "date": "2015-08-18 19:51:49", "seriesname": "g1191_cu7nwvp", "file": "/media/jbrogan4/scratch2/Reddit_Prov_Dataset_v6/_Vladimir_Putin_in_a_submarine_in_the_Black_Sea/g1191_cu7nwvp.jpg", "URL": "http://i.imgur.com/jNwdUwC.jpg", "fileid": "g1191_cu7nwvp.jpg"}, {"id": "g1191_cu7qtgw", "comment": "[\u670b\u53cb\u4eec, stop fucking around. I think we're being watched.] (http://i.imgur.com/5A5NJDY.jpg)", "date": "2015-08-18 21:15:30", "seriesname": "g1191_cu7qtgw", "file": "/media/jbrogan4/scratch2/Reddit_Prov_Dataset_v6/_Vladimir_Putin_in_a_submarine_in_the_Black_Sea/g1191_cu7qtgw.jpg", "URL": "http://i.imgur.com/5A5NJDY.jpg", "fileid": "g1191_cu7qtgw.jpg"}, {"id": "g1191_cu77jly", "comment": "[It's not his day...](http://i.imgur.com/B4ZwdlB.png)", "date": "2015-08-18 12:54:17", "seriesname": "g1191_cu77jly", "file": "/media/jbrogan4/scratch2/Reddit_Prov_Dataset_v6/_Vladimir_Putin_in_a_submarine_in_the_Black_Sea/g1191_cu77jly.png", "URL": "http://i.imgur.com/B4ZwdlB.png", "fileid": "g1191_cu77jly.png"}, {"id": "g1191_cu76k6v", "comment": "[Infiltrating Rapture](http://imgur.com/vzCnOKW)", "date": "2015-08-18 12:30:33", "seriesname": "g1191_cu76k6v", "file": "/media/jbrogan4/scratch2/Reddit_Prov_Dataset_v6/_Vladimir_Putin_in_a_submarine_in_the_Black_Sea/g1191_cu76k6v.png", "URL": "http://i.imgur.com/vzCnOKW.png", "fileid": "g1191_cu76k6v.png"}, {"id": "g1191_cu7ni8m", "comment": "http://i.imgur.com/f6lQK0d.jpg", "date": "2015-08-18 19:39:58", "seriesname": "g1191_cu7ni8m", "file": "/media/jbrogan4/scratch2/Reddit_Prov_Dataset_v6/_Vladimir_Putin_in_a_submarine_in_the_Black_Sea/g1191_cu7ni8m.jpg", "URL": "http://i.imgur.com/f6lQK0d.jpg", "fileid": "g1191_cu7ni8m.jpg"}, {"id": "g1191_cu7l0yi", "comment": "Inspecting his genetically modified dinosaurs in the [GyroPutin](http://i.imgur.com/DcfU0I8.jpg)\n\nedit: I noticed someone else had the same idea. I hope you still like it!", "date": "2015-08-18 18:28:44", "seriesname": "g1191_cu7l0yi", "file": "/media/jbrogan4/scratch2/Reddit_Prov_Dataset_v6/_Vladimir_Putin_in_a_submarine_in_the_Black_Sea/g1191_cu7l0yi.jpg", "URL": "http://i.imgur.com/DcfU0I8.jpg", "fileid": "g1191_cu7l0yi.jpg"}, {"id": "g1191_cu7ctbk", "comment": "http://i.imgur.com/4bdXz8X.jpg\n", "date": "2015-08-18 15:01:54", "seriesname": "g1191_cu7ctbk", "file": "/media/jbrogan4/scratch2/Reddit_Prov_Dataset_v6/_Vladimir_Putin_in_a_submarine_in_the_Black_Sea/g1191_cu7ctbk.jpg", "URL": "http://i.imgur.com/4bdXz8X.jpg", "fileid": "g1191_cu7ctbk.jpg"}, {"id": "g1191_cu7aq0t", "comment": "[I'm sorry, Vladimir, I'm afraid I can't do that](http://i.imgur.com/arhijak.jpg)", "date": "2015-08-18 14:11:27", "seriesname": "g1191_cu7aq0t", "file": "/media/jbrogan4/scratch2/Reddit_Prov_Dataset_v6/_Vladimir_Putin_in_a_submarine_in_the_Black_Sea/g1191_cu7aq0t.jpg", "URL": "http://i.imgur.com/arhijak.jpg", "fileid": "g1191_cu7aq0t.jpg"}, {"id": "g1191_cu790ap", "comment": "[The latest from Fisher Price](http://i.imgur.com/QIQj287.jpg)", "date": "2015-08-18 13:29:46", "seriesname": "g1191_cu790ap", "file": "/media/jbrogan4/scratch2/Reddit_Prov_Dataset_v6/_Vladimir_Putin_in_a_submarine_in_the_Black_Sea/g1191_cu790ap.jpg", "URL": "http://i.imgur.com/QIQj287.jpg", "fileid": "g1191_cu790ap.jpg"}, {"id": "g1191_cu78bba", "comment": "[Definitely not his day.](http://i.imgur.com/TmRJ7V3.png)", "date": "2015-08-18 13:13:04", "seriesname": "g1191_cu78bba", "file": "/media/jbrogan4/scratch2/Reddit_Prov_Dataset_v6/_Vladimir_Putin_in_a_submarine_in_the_Black_Sea/g1191_cu78bba.png", "URL": "http://i.imgur.com/TmRJ7V3.png", "fileid": "g1191_cu78bba.png"}, {"id": "g1191_cu7t73h", "comment": "[The Pop-O-Matic game of Ruble](http://i.imgur.com/6lmpxq9.jpg)", "date": "2015-08-18 22:22:49", "seriesname": "g1191_cu7t73h", "file": "/media/jbrogan4/scratch2/Reddit_Prov_Dataset_v6/_Vladimir_Putin_in_a_submarine_in_the_Black_Sea/g1191_cu7t73h.jpg", "URL": "http://i.imgur.com/6lmpxq9.jpg", "fileid": "g1191_cu7t73h.jpg"}, {"id": "g1191_cu77ddd", "comment": "[I smell something cooking](http://imgur.com/Idlbzd2)", "date": "2015-08-18 12:50:09", "seriesname": "g1191_cu77ddd", "file": "/media/jbrogan4/scratch2/Reddit_Prov_Dataset_v6/_Vladimir_Putin_in_a_submarine_in_the_Black_Sea/g1191_cu77ddd.png", "URL": "http://i.imgur.com/Idlbzd2.png", "fileid": "g1191_cu77ddd.png"}, {"id": "g1191_cu7br74", "comment": "http://i.imgur.com/FmWwt9A.jpg", "date": "2015-08-18 14:36:23", "seriesname": "g1191_cu7br74", "file": "/media/jbrogan4/scratch2/Reddit_Prov_Dataset_v6/_Vladimir_Putin_in_a_submarine_in_the_Black_Sea/g1191_cu7br74.jpg", "URL": "http://i.imgur.com/FmWwt9A.jpg", "fileid": "g1191_cu7br74.jpg"}, {"id": "g1191_cu79fka", "comment": "[Don't worry,](http://i.imgur.com/h4zcC4n.jpg) someone will put in a quarter. Ha! I make joke! Put-in a quarter! Sigh.", "date": "2015-08-18 13:39:58", "seriesname": "g1191_cu79fka", "file": "/media/jbrogan4/scratch2/Reddit_Prov_Dataset_v6/_Vladimir_Putin_in_a_submarine_in_the_Black_Sea/g1191_cu79fka.jpg", "URL": "http://i.imgur.com/h4zcC4n.jpg", "fileid": "g1191_cu79fka.jpg"}, {"id": "g1191_cu8o7i8", "comment": "http://imgur.com/XdI8oFh\n\nAfter all Saruman was not talking to Sauron!!", "date": "2015-08-19 16:17:58", "seriesname": "g1191_cu8o7i8", "file": "/media/jbrogan4/scratch2/Reddit_Prov_Dataset_v6/_Vladimir_Putin_in_a_submarine_in_the_Black_Sea/g1191_cu8o7i8.png", "URL": "http://i.imgur.com/XdI8oFh.png", "fileid": "g1191_cu8o7i8.png"}, {"id": "g1191_cu7fbii", "comment": "[Vladimir Putin in a submarine in Black Coffee](http://i.imgur.com/1jtpPNg.png)", "date": "2015-08-18 16:02:38", "seriesname": "g1191_cu7fbii", "file": "/media/jbrogan4/scratch2/Reddit_Prov_Dataset_v6/_Vladimir_Putin_in_a_submarine_in_the_Black_Sea/g1191_cu7fbii.png", "URL": "http://i.imgur.com/1jtpPNg.png", "fileid": "g1191_cu7fbii.png"}, {"id": "g1191_cu77a5l", "comment": "[A little late, but it's only because he moves so slow](http://i.imgur.com/oTMbdmx.png)", "date": "2015-08-18 12:48:00", "seriesname": "g1191_cu77a5l", "file": "/media/jbrogan4/scratch2/Reddit_Prov_Dataset_v6/_Vladimir_Putin_in_a_submarine_in_the_Black_Sea/g1191_cu77a5l.png", "URL": "http://i.imgur.com/oTMbdmx.png", "fileid": "g1191_cu77a5l.png"}, {"id": "g1191_cu79gpr", "comment": "Submarine Lair\nhttp://i.imgur.com/ePqU4aG.jpg?1", "date": "2015-08-18 13:40:43", "seriesname": "g1191_cu79gpr", "file": "/media/jbrogan4/scratch2/Reddit_Prov_Dataset_v6/_Vladimir_Putin_in_a_submarine_in_the_Black_Sea/g1191_cu79gpr.jpg", "URL": "http://i.imgur.com/ePqU4aG.jpg?1", "fileid": "g1191_cu79gpr.jpg"}, {"id": "g1191_cu7bocw", "comment": "[Weird Russian fetish](http://i.imgur.com/ulyKHZC.jpg)\n\n**NSFRW**", "date": "2015-08-18 14:34:24", "seriesname": "g1191_cu7bocw", "file": "/media/jbrogan4/scratch2/Reddit_Prov_Dataset_v6/_Vladimir_Putin_in_a_submarine_in_the_Black_Sea/g1191_cu7bocw.jpg", "URL": "http://i.imgur.com/ulyKHZC.jpg", "fileid": "g1191_cu7bocw.jpg"}, {"id": "g1191_cu7mstp", "comment": "[Deep in the Loch](http://i.imgur.com/QNnJBJx.jpg)", "date": "2015-08-18 19:19:50", "seriesname": "g1191_cu7mstp", "file": "/media/jbrogan4/scratch2/Reddit_Prov_Dataset_v6/_Vladimir_Putin_in_a_submarine_in_the_Black_Sea/g1191_cu7mstp.jpg", "URL": "http://i.imgur.com/QNnJBJx.jpg", "fileid": "g1191_cu7mstp.jpg"}, {"id": "g1191_cu78dj0", "comment": "[Cherno Alpha](http://i.imgur.com/3zy8jen.jpg)", "date": "2015-08-18 13:14:32", "seriesname": "g1191_cu78dj0", "file": "/media/jbrogan4/scratch2/Reddit_Prov_Dataset_v6/_Vladimir_Putin_in_a_submarine_in_the_Black_Sea/g1191_cu78dj0.jpg", "URL": "http://i.imgur.com/3zy8jen.jpg", "fileid": "g1191_cu78dj0.jpg"}, {"id": "g1191_cu77qrc", "comment": "[It makes so much sense now.](http://i.imgur.com/9VORj9f.png)", "date": "2015-08-18 12:59:06", "seriesname": "g1191_cu77qrc", "file": "/media/jbrogan4/scratch2/Reddit_Prov_Dataset_v6/_Vladimir_Putin_in_a_submarine_in_the_Black_Sea/g1191_cu77qrc.png", "URL": "http://i.imgur.com/9VORj9f.png", "fileid": "g1191_cu77qrc.png"}, {"id": "g1191_cu7hjzt", "comment": "PsBattle:  http://i.imgur.com/GU9uYUT.jpg  Vladimir does DALLAS (Cowboys)", "date": "2015-08-18 16:56:56", "seriesname": "g1191_cu7hjzt", "file": "/media/jbrogan4/scratch2/Reddit_Prov_Dataset_v6/_Vladimir_Putin_in_a_submarine_in_the_Black_Sea/g1191_cu7hjzt.jpg", "URL": "http://i.imgur.com/GU9uYUT.jpg", "fileid": "g1191_cu7hjzt.jpg"}, {"id": "g1191_cu7ehnh", "comment": "http://i.imgur.com/OwU54du.gif", "date": "2015-08-18 15:42:28", "seriesname": "g1191_cu7ehnh", "file": "/media/jbrogan4/scratch2/Reddit_Prov_Dataset_v6/_Vladimir_Putin_in_a_submarine_in_the_Black_Sea/g1191_cu7ehnh.jpg", "URL": "http://i.imgur.com/OwU54du.gif", "fileid": "g1191_cu7ehnh.gif"}, {"id": "g1191_cu7b8d8", "comment": "[http://i.imgur.com/NcbgiMF.png](http://i.imgur.com/NcbgiMF.png)", "date": "2015-08-18 14:23:41", "seriesname": "g1191_cu7b8d8", "file": "/media/jbrogan4/scratch2/Reddit_Prov_Dataset_v6/_Vladimir_Putin_in_a_submarine_in_the_Black_Sea/g1191_cu7b8d8.png", "URL": "http://i.imgur.com/NcbgiMF.png](http://i.imgur.com/NcbgiMF.png", "fileid": "g1191_cu7b8d8.png"}, {"id": "g1191_cu78ro0", "comment": "[Don't mind me, just taking my pets for a walk](http://i.imgur.com/N0nKW0Q.jpg)", "date": "2015-08-18 13:24:04", "seriesname": "g1191_cu78ro0", "file": "/media/jbrogan4/scratch2/Reddit_Prov_Dataset_v6/_Vladimir_Putin_in_a_submarine_in_the_Black_Sea/g1191_cu78ro0.jpg", "URL": "http://i.imgur.com/N0nKW0Q.jpg", "fileid": "g1191_cu78ro0.jpg"}, {"id": "g1191_cu7rc94", "comment": "[the \"iceberg\"](http://imgur.com/cGsFqVc)", "date": "2015-08-18 21:30:15", "seriesname": "g1191_cu7rc94", "file": "/media/jbrogan4/scratch2/Reddit_Prov_Dataset_v6/_Vladimir_Putin_in_a_submarine_in_the_Black_Sea/g1191_cu7rc94.png", "URL": "http://i.imgur.com/cGsFqVc.png", "fileid": "g1191_cu7rc94.png"}, {"id": "g1191_cu7wbbp", "comment": "[Explorer Putin](http://i.imgur.com/b9YVvLS.jpg?1)", "date": "2015-08-18 23:57:20", "seriesname": "g1191_cu7wbbp", "file": "/media/jbrogan4/scratch2/Reddit_Prov_Dataset_v6/_Vladimir_Putin_in_a_submarine_in_the_Black_Sea/g1191_cu7wbbp.jpg", "URL": "http://i.imgur.com/b9YVvLS.jpg?1", "fileid": "g1191_cu7wbbp.jpg"}, {"id": "g1191_cu7ce26", "comment": "[Only 25 cents](http://i.imgur.com/DrIbt5k.jpg)", "date": "2015-08-18 14:51:44", "seriesname": "g1191_cu7ce26", "file": "/media/jbrogan4/scratch2/Reddit_Prov_Dataset_v6/_Vladimir_Putin_in_a_submarine_in_the_Black_Sea/g1191_cu7ce26.jpg", "URL": "http://i.imgur.com/DrIbt5k.jpg", "fileid": "g1191_cu7ce26.jpg"}, {"id": "g1191_cu7bwb3", "comment": "WHEN THE GAY FISH IS GONE: http://i.imgur.com/y7metSG.jpg\n", "date": "2015-08-18 14:39:50", "seriesname": "g1191_cu7bwb3", "file": "/media/jbrogan4/scratch2/Reddit_Prov_Dataset_v6/_Vladimir_Putin_in_a_submarine_in_the_Black_Sea/g1191_cu7bwb3.jpg", "URL": "http://i.imgur.com/y7metSG.jpg", "fileid": "g1191_cu7bwb3.jpg"}, {"id": "g1191_cu7f5yn", "comment": "http://i.imgur.com/ZiTfskO.jpg", "date": "2015-08-18 15:58:46", "seriesname": "g1191_cu7f5yn", "file": "/media/jbrogan4/scratch2/Reddit_Prov_Dataset_v6/_Vladimir_Putin_in_a_submarine_in_the_Black_Sea/g1191_cu7f5yn.jpg", "URL": "http://i.imgur.com/ZiTfskO.jpg", "fileid": "g1191_cu7f5yn.jpg"}, {"id": "g1191_cu7gesb", "comment": "[Always wanting what he can't have](http://i.imgur.com/G9fWiFe.jpg)", "date": "2015-08-18 16:29:06", "seriesname": "g1191_cu7gesb", "file": "/media/jbrogan4/scratch2/Reddit_Prov_Dataset_v6/_Vladimir_Putin_in_a_submarine_in_the_Black_Sea/g1191_cu7gesb.jpg", "URL": "http://i.imgur.com/G9fWiFe.jpg", "fileid": "g1191_cu7gesb.jpg"}, {"id": "g1191_root", "comment": "", "date": "2015-08-18 11:39:07", "seriesname": "g1191_root", "file": "/media/jbrogan4/scratch2/Reddit_Prov_Dataset_v6/_Vladimir_Putin_in_a_submarine_in_the_Black_Sea/g1191_root.jpg", "URL": "http://i.imgur.com/bLxR6jS.jpg", "fileid": "g1191_root.jpg"}, {"id": "g1191_cu7rupn", "comment": "[Reminiscing *on their wilder days*](http://i.imgur.com/3B2Luqv.png)\n\nStolen from /u/justbears", "date": "2015-08-18 21:44:50", "seriesname": "g1191_cu7rupn", "file": "/media/jbrogan4/scratch2/Reddit_Prov_Dataset_v6/_Vladimir_Putin_in_a_submarine_in_the_Black_Sea/g1191_cu7rupn.png", "URL": "http://i.imgur.com/3B2Luqv.png", "fileid": "g1191_cu7rupn.png"}, {"id": "g1191_cu7aerv", "comment": "[All's clear in the land down under](http://i.imgur.com/Q1tw329.jpg)", "date": "2015-08-18 14:03:49", "seriesname": "g1191_cu7aerv", "file": "/media/jbrogan4/scratch2/Reddit_Prov_Dataset_v6/_Vladimir_Putin_in_a_submarine_in_the_Black_Sea/g1191_cu7aerv.jpg", "URL": "http://i.imgur.com/Q1tw329.jpg", "fileid": "g1191_cu7aerv.jpg"}, {"id": "g1191_cu7bshb", "comment": "[The media should of covered Putin's innate ability to swim](http://i.imgur.com/FzY6bvd.jpeg)", "date": "2015-08-18 14:37:17", "seriesname": "g1191_cu7bshb", "file": "/media/jbrogan4/scratch2/Reddit_Prov_Dataset_v6/_Vladimir_Putin_in_a_submarine_in_the_Black_Sea/g1191_cu7bshb.jpg", "URL": "http://i.imgur.com/FzY6bvd.jpeg", "fileid": "g1191_cu7bshb.jpeg"}], "graph": {"name": "g1191_root"}, "directed": true}