{"links": [{"op": "none", "target": 0, "source": 46}, {"op": "none", "target": 1, "source": 17}, {"op": "none", "target": 2, "source": 46}, {"op": "none", "target": 3, "source": 46}, {"op": "none", "target": 4, "source": 28}, {"op": "none", "target": 5, "source": 13}, {"op": "none", "target": 6, "source": 46}, {"op": "none", "target": 7, "source": 34}, {"op": "none", "target": 8, "source": 46}, {"op": "none", "target": 9, "source": 58}, {"op": "none", "target": 10, "source": 46}, {"op": "none", "target": 11, "source": 46}, {"op": "none", "target": 12, "source": 46}, {"op": "none", "target": 13, "source": 46}, {"op": "none", "target": 14, "source": 10}, {"op": "none", "target": 15, "source": 46}, {"op": "none", "target": 16, "source": 46}, {"op": "none", "target": 17, "source": 4}, {"op": "none", "target": 18, "source": 46}, {"op": "none", "target": 19, "source": 46}, {"op": "none", "target": 20, "source": 46}, {"op": "none", "target": 21, "source": 9}, {"op": "none", "target": 22, "source": 13}, {"op": "none", "target": 23, "source": 46}, {"op": "none", "target": 24, "source": 46}, {"op": "none", "target": 25, "source": 46}, {"op": "none", "target": 26, "source": 46}, {"op": "none", "target": 27, "source": 46}, {"op": "none", "target": 28, "source": 14}, {"op": "none", "target": 29, "source": 46}, {"op": "none", "target": 30, "source": 46}, {"op": "none", "target": 31, "source": 46}, {"op": "none", "target": 32, "source": 46}, {"op": "none", "target": 33, "source": 46}, {"op": "none", "target": 34, "source": 46}, {"op": "none", "target": 35, "source": 5}, {"op": "none", "target": 36, "source": 42}, {"op": "none", "target": 37, "source": 46}, {"op": "none", "target": 38, "source": 46}, {"op": "none", "target": 39, "source": 46}, {"op": "none", "target": 40, "source": 29}, {"op": "none", "target": 41, "source": 46}, {"op": "none", "target": 42, "source": 43}, {"op": "none", "target": 43, "source": 46}, {"op": "none", "target": 44, "source": 46}, {"op": "none", "target": 45, "source": 46}, {"op": "none", "target": 47, "source": 46}, {"op": "none", "target": 48, "source": 24}, {"op": "none", "target": 49, "source": 46}, {"op": "none", "target": 50, "source": 46}, {"op": "none", "target": 51, "source": 46}, {"op": "none", "target": 52, "source": 46}, {"op": "none", "target": 53, "source": 12}, {"op": "none", "target": 54, "source": 46}, {"op": "none", "target": 55, "source": 40}, {"op": "none", "target": 56, "source": 26}, {"op": "none", "target": 57, "source": 46}, {"op": "none", "target": 58, "source": 15}], "title": "_Stephen_Colbert_with_a_drink_on_the_bus", "nodes": [{"id": "g1196_cuuqo5h", "comment": "[Down the waterslide](http://i.imgur.com/k18fdM4.jpg)", "date": "2015-09-08 15:23:30", "seriesname": "g1196_cuuqo5h", "file": "/media/jbrogan4/scratch2/Reddit_Prov_Dataset_v6/_Stephen_Colbert_with_a_drink_on_the_bus/g1196_cuuqo5h.jpg", "URL": "http://i.imgur.com/k18fdM4.jpg", "fileid": "g1196_cuuqo5h.jpg"}, {"id": "g1196_cuunns9", "comment": "[???????](http://i.imgur.com/87XH8kK.jpg)", "date": "2015-09-08 14:08:11", "seriesname": "g1196_cuunns9", "file": "/media/jbrogan4/scratch2/Reddit_Prov_Dataset_v6/_Stephen_Colbert_with_a_drink_on_the_bus/g1196_cuunns9.jpg", "URL": "http://i.imgur.com/87XH8kK.jpg", "fileid": "g1196_cuunns9.jpg"}, {"id": "g1196_cuumr0h", "comment": "Stay thirsty, my friends. http://imgur.com/G1DWQYx", "date": "2015-09-08 13:45:10", "seriesname": "g1196_cuumr0h", "file": "/media/jbrogan4/scratch2/Reddit_Prov_Dataset_v6/_Stephen_Colbert_with_a_drink_on_the_bus/g1196_cuumr0h.png", "URL": "http://i.imgur.com/G1DWQYx.png", "fileid": "g1196_cuumr0h.png"}, {"id": "g1196_cuunvha", "comment": "[Continuing where we left off previously..](http://i.imgur.com/3bnvFHI.jpg)", "date": "2015-09-08 14:13:30", "seriesname": "g1196_cuunvha", "file": "/media/jbrogan4/scratch2/Reddit_Prov_Dataset_v6/_Stephen_Colbert_with_a_drink_on_the_bus/g1196_cuunvha.jpg", "URL": "http://i.imgur.com/3bnvFHI.jpg", "fileid": "g1196_cuunvha.jpg"}, {"id": "g1196_cuumw1x", "comment": "[Bring it](http://i.imgur.com/7zI5pb6.jpg)", "date": "2015-09-08 13:48:42", "seriesname": "g1196_cuumw1x", "file": "/media/jbrogan4/scratch2/Reddit_Prov_Dataset_v6/_Stephen_Colbert_with_a_drink_on_the_bus/g1196_cuumw1x.jpg", "URL": "http://i.imgur.com/7zI5pb6.jpg", "fileid": "g1196_cuumw1x.jpg"}, {"id": "g1196_cuvalg3", "comment": "[Of course.](http://i.imgur.com/ltuE9X6.jpg)", "date": "2015-09-09 00:51:28", "seriesname": "g1196_cuvalg3", "file": "/media/jbrogan4/scratch2/Reddit_Prov_Dataset_v6/_Stephen_Colbert_with_a_drink_on_the_bus/g1196_cuvalg3.jpg", "URL": "http://i.imgur.com/ltuE9X6.jpg", "fileid": "g1196_cuvalg3.jpg"}, {"id": "g1196_cuulmjh", "comment": "http://i.imgur.com/ygbC5Sh.jpg", "date": "2015-09-08 13:16:36", "seriesname": "g1196_cuulmjh", "file": "/media/jbrogan4/scratch2/Reddit_Prov_Dataset_v6/_Stephen_Colbert_with_a_drink_on_the_bus/g1196_cuulmjh.jpg", "URL": "http://i.imgur.com/ygbC5Sh.jpg", "fileid": "g1196_cuulmjh.jpg"}, {"id": "g1196_cuuujiw", "comment": "[Ugh I know](http://i.imgur.com/i5HkOOx.png)", "date": "2015-09-08 17:01:56", "seriesname": "g1196_cuuujiw", "file": "/media/jbrogan4/scratch2/Reddit_Prov_Dataset_v6/_Stephen_Colbert_with_a_drink_on_the_bus/g1196_cuuujiw.png", "URL": "http://i.imgur.com/i5HkOOx.png", "fileid": "g1196_cuuujiw.png"}, {"id": "g1196_cuuvrl2", "comment": "[Vault Dwelling Colbert](http://i.imgur.com/4yxFDYw.jpg)", "date": "2015-09-08 17:33:40", "seriesname": "g1196_cuuvrl2", "file": "/media/jbrogan4/scratch2/Reddit_Prov_Dataset_v6/_Stephen_Colbert_with_a_drink_on_the_bus/g1196_cuuvrl2.jpg", "URL": "http://i.imgur.com/4yxFDYw.jpg", "fileid": "g1196_cuuvrl2.jpg"}, {"id": "g1196_cuumr0y", "comment": "[Is actually Agent Smith](http://i.imgur.com/T328VHA.jpg)", "date": "2015-09-08 13:45:11", "seriesname": "g1196_cuumr0y", "file": "/media/jbrogan4/scratch2/Reddit_Prov_Dataset_v6/_Stephen_Colbert_with_a_drink_on_the_bus/g1196_cuumr0y.jpg", "URL": "http://i.imgur.com/T328VHA.jpg", "fileid": "g1196_cuumr0y.jpg"}, {"id": "g1196_cuul103", "comment": "[How about a magic trick?](http://i.imgur.com/LOb8lJO.jpg)", "date": "2015-09-08 13:01:11", "seriesname": "g1196_cuul103", "file": "/media/jbrogan4/scratch2/Reddit_Prov_Dataset_v6/_Stephen_Colbert_with_a_drink_on_the_bus/g1196_cuul103.jpg", "URL": "http://i.imgur.com/LOb8lJO.jpg", "fileid": "g1196_cuul103.jpg"}, {"id": "g1196_cuuqo6j", "comment": "[MFW people think I'm Stephen Colbert with a drink on a bus but I'm just the same photo of Michael Cera (badly photoshopped)](http://i.imgur.com/ZsoFZb3.jpg?1)", "date": "2015-09-08 15:23:31", "seriesname": "g1196_cuuqo6j", "file": "/media/jbrogan4/scratch2/Reddit_Prov_Dataset_v6/_Stephen_Colbert_with_a_drink_on_the_bus/g1196_cuuqo6j.jpg", "URL": "http://i.imgur.com/ZsoFZb3.jpg?1", "fileid": "g1196_cuuqo6j.jpg"}, {"id": "g1196_cuuolyz", "comment": "[Another Guest Joins the Overlook Hotel](http://i.imgur.com/CbSGjz3.jpg)\n\nEdit: Hotel name from Outlook...all that work on a photo and screws up name. Must be a graphic artist right", "date": "2015-09-08 14:32:13", "seriesname": "g1196_cuuolyz", "file": "/media/jbrogan4/scratch2/Reddit_Prov_Dataset_v6/_Stephen_Colbert_with_a_drink_on_the_bus/g1196_cuuolyz.jpg", "URL": "http://i.imgur.com/CbSGjz3.jpg", "fileid": "g1196_cuuolyz.jpg"}, {"id": "g1196_cuuquxt", "comment": "[Stephen's Little Friend](http://i.imgur.com/2IRjUZG.jpg)", "date": "2015-09-08 15:28:07", "seriesname": "g1196_cuuquxt", "file": "/media/jbrogan4/scratch2/Reddit_Prov_Dataset_v6/_Stephen_Colbert_with_a_drink_on_the_bus/g1196_cuuquxt.jpg", "URL": "http://i.imgur.com/2IRjUZG.jpg", "fileid": "g1196_cuuquxt.jpg"}, {"id": "g1196_cuumc7b", "comment": "http://i.imgur.com/SmS8vuR.jpg", "date": "2015-09-08 13:34:52", "seriesname": "g1196_cuumc7b", "file": "/media/jbrogan4/scratch2/Reddit_Prov_Dataset_v6/_Stephen_Colbert_with_a_drink_on_the_bus/g1196_cuumc7b.jpg", "URL": "http://i.imgur.com/SmS8vuR.jpg", "fileid": "g1196_cuumc7b.jpg"}, {"id": "g1196_cuum4vg", "comment": "http://i.imgur.com/4GtQl1l.jpg", "date": "2015-09-08 13:29:46", "seriesname": "g1196_cuum4vg", "file": "/media/jbrogan4/scratch2/Reddit_Prov_Dataset_v6/_Stephen_Colbert_with_a_drink_on_the_bus/g1196_cuum4vg.jpg", "URL": "http://i.imgur.com/4GtQl1l.jpg", "fileid": "g1196_cuum4vg.jpg"}, {"id": "g1196_cuux93w", "comment": "Who wore it better?\n\nhttp://imgur.com/e1OIhcf\n\nhttp://imgur.com/VPYlZmX", "date": "2015-09-08 18:15:08", "seriesname": "g1196_cuux93w", "file": "/media/jbrogan4/scratch2/Reddit_Prov_Dataset_v6/_Stephen_Colbert_with_a_drink_on_the_bus/g1196_cuux93w.png", "URL": "http://i.imgur.com/VPYlZmX.png", "fileid": "g1196_cuux93w.png"}, {"id": "g1196_cuun4f0", "comment": "[Oh you tease, Harley!](http://i.imgur.com/OupUhm7.jpg)", "date": "2015-09-08 13:54:33", "seriesname": "g1196_cuun4f0", "file": "/media/jbrogan4/scratch2/Reddit_Prov_Dataset_v6/_Stephen_Colbert_with_a_drink_on_the_bus/g1196_cuun4f0.jpg", "URL": "http://i.imgur.com/OupUhm7.jpg", "fileid": "g1196_cuun4f0.jpg"}, {"id": "g1196_cuuma3v", "comment": "[Glad I'm on the bus and not outside in that rain!](http://i.imgur.com/uFTbEbR.jpg)", "date": "2015-09-08 13:33:22", "seriesname": "g1196_cuuma3v", "file": "/media/jbrogan4/scratch2/Reddit_Prov_Dataset_v6/_Stephen_Colbert_with_a_drink_on_the_bus/g1196_cuuma3v.jpg", "URL": "http://i.imgur.com/uFTbEbR.jpg", "fileid": "g1196_cuuma3v.jpg"}, {"id": "g1196_cuunhos", "comment": "[I know he's a new Stephen, but I really hope some of the old stuff stays...](http://i.imgur.com/34tRSin.jpg)", "date": "2015-09-08 14:03:54", "seriesname": "g1196_cuunhos", "file": "/media/jbrogan4/scratch2/Reddit_Prov_Dataset_v6/_Stephen_Colbert_with_a_drink_on_the_bus/g1196_cuunhos.jpg", "URL": "http://i.imgur.com/34tRSin.jpg", "fileid": "g1196_cuunhos.jpg"}, {"id": "g1196_cuuq9ie", "comment": "For relaxing times...\nhttp://imgur.com/0J35j2p", "date": "2015-09-08 15:13:17", "seriesname": "g1196_cuuq9ie", "file": "/media/jbrogan4/scratch2/Reddit_Prov_Dataset_v6/_Stephen_Colbert_with_a_drink_on_the_bus/g1196_cuuq9ie.png", "URL": "http://i.imgur.com/0J35j2p.png", "fileid": "g1196_cuuq9ie.png"}, {"id": "g1196_cuumzvz", "comment": "[Is actually duck](http://i.imgur.com/iHfQpqU.jpg)", "date": "2015-09-08 13:51:21", "seriesname": "g1196_cuumzvz", "file": "/media/jbrogan4/scratch2/Reddit_Prov_Dataset_v6/_Stephen_Colbert_with_a_drink_on_the_bus/g1196_cuumzvz.jpg", "URL": "http://i.imgur.com/iHfQpqU.jpg", "fileid": "g1196_cuumzvz.jpg"}, {"id": "g1196_cuva1jg", "comment": "[Yes.](http://i.imgur.com/HeGRCOo.jpg) \n\nQuite shocking actually when they are photographed together. You won't notice the height difference from all those years of seeing him behind a desk. ", "date": "2015-09-09 00:30:42", "seriesname": "g1196_cuva1jg", "file": "/media/jbrogan4/scratch2/Reddit_Prov_Dataset_v6/_Stephen_Colbert_with_a_drink_on_the_bus/g1196_cuva1jg.jpg", "URL": "http://i.imgur.com/HeGRCOo.jpg", "fileid": "g1196_cuva1jg.jpg"}, {"id": "g1196_cuun27k", "comment": "http://i.imgur.com/JKSenPD.jpg", "date": "2015-09-08 13:52:58", "seriesname": "g1196_cuun27k", "file": "/media/jbrogan4/scratch2/Reddit_Prov_Dataset_v6/_Stephen_Colbert_with_a_drink_on_the_bus/g1196_cuun27k.jpg", "URL": "http://i.imgur.com/JKSenPD.jpg", "fileid": "g1196_cuun27k.jpg"}, {"id": "g1196_cuutbsb", "comment": "[Colbert is rad!](http://i.imgur.com/l9yygN1.png)", "date": "2015-09-08 16:30:49", "seriesname": "g1196_cuutbsb", "file": "/media/jbrogan4/scratch2/Reddit_Prov_Dataset_v6/_Stephen_Colbert_with_a_drink_on_the_bus/g1196_cuutbsb.png", "URL": "http://i.imgur.com/l9yygN1.png", "fileid": "g1196_cuutbsb.png"}, {"id": "g1196_cuuoau1", "comment": "[Captain Colbert](http://i.imgur.com/PXikHyt.jpg)\n\nEdit: Forgot reflex", "date": "2015-09-08 14:24:16", "seriesname": "g1196_cuuoau1", "file": "/media/jbrogan4/scratch2/Reddit_Prov_Dataset_v6/_Stephen_Colbert_with_a_drink_on_the_bus/g1196_cuuoau1.jpg", "URL": "http://i.imgur.com/PXikHyt.jpg", "fileid": "g1196_cuuoau1.jpg"}, {"id": "g1196_cuuldwc", "comment": "http://i.imgur.com/etm5s9d.jpg", "date": "2015-09-08 13:10:27", "seriesname": "g1196_cuuldwc", "file": "/media/jbrogan4/scratch2/Reddit_Prov_Dataset_v6/_Stephen_Colbert_with_a_drink_on_the_bus/g1196_cuuldwc.jpg", "URL": "http://i.imgur.com/etm5s9d.jpg", "fileid": "g1196_cuuldwc.jpg"}, {"id": "g1196_cuum9k3", "comment": "[Car commercial](http://i.imgur.com/FnDISq7.jpg)", "date": "2015-09-08 13:33:00", "seriesname": "g1196_cuum9k3", "file": "/media/jbrogan4/scratch2/Reddit_Prov_Dataset_v6/_Stephen_Colbert_with_a_drink_on_the_bus/g1196_cuum9k3.jpg", "URL": "http://i.imgur.com/FnDISq7.jpg", "fileid": "g1196_cuum9k3.jpg"}, {"id": "g1196_cuumo8a", "comment": "[http://i.imgur.com/DuLjkie.jpg](http://i.imgur.com/DuLjkie.jpg)", "date": "2015-09-08 13:43:13", "seriesname": "g1196_cuumo8a", "file": "/media/jbrogan4/scratch2/Reddit_Prov_Dataset_v6/_Stephen_Colbert_with_a_drink_on_the_bus/g1196_cuumo8a.jpg", "URL": "http://i.imgur.com/DuLjkie.jpg](http://i.imgur.com/DuLjkie.jpg", "fileid": "g1196_cuumo8a.jpg"}, {"id": "g1196_cuun1d0", "comment": "[Witness me.](http://i.imgur.com/SwoZ61P.jpg)", "date": "2015-09-08 13:52:22", "seriesname": "g1196_cuun1d0", "file": "/media/jbrogan4/scratch2/Reddit_Prov_Dataset_v6/_Stephen_Colbert_with_a_drink_on_the_bus/g1196_cuun1d0.jpg", "URL": "http://i.imgur.com/SwoZ61P.jpg", "fileid": "g1196_cuun1d0.jpg"}, {"id": "g1196_cuuqv8i", "comment": "[You aren't alone, Colbert...](http://i.imgur.com/2elyj7Q.jpg)", "date": "2015-09-08 15:28:18", "seriesname": "g1196_cuuqv8i", "file": "/media/jbrogan4/scratch2/Reddit_Prov_Dataset_v6/_Stephen_Colbert_with_a_drink_on_the_bus/g1196_cuuqv8i.jpg", "URL": "http://i.imgur.com/2elyj7Q.jpg", "fileid": "g1196_cuuqv8i.jpg"}, {"id": "g1196_cuuqtyp", "comment": "[Jon Colbert or Stephen Stewart?](http://imgur.com/NSPpWga) \n", "date": "2015-09-08 15:27:27", "seriesname": "g1196_cuuqtyp", "file": "/media/jbrogan4/scratch2/Reddit_Prov_Dataset_v6/_Stephen_Colbert_with_a_drink_on_the_bus/g1196_cuuqtyp.png", "URL": "http://i.imgur.com/NSPpWga.png", "fileid": "g1196_cuuqtyp.png"}, {"id": "g1196_cuumpd2", "comment": "http://i.imgur.com/nIUnHie.jpg\nSteven Today, Colbert Tomorrow\n", "date": "2015-09-08 13:44:00", "seriesname": "g1196_cuumpd2", "file": "/media/jbrogan4/scratch2/Reddit_Prov_Dataset_v6/_Stephen_Colbert_with_a_drink_on_the_bus/g1196_cuumpd2.jpg", "URL": "http://i.imgur.com/nIUnHie.jpg", "fileid": "g1196_cuumpd2.jpg"}, {"id": "g1196_cuuq4x0", "comment": "[Enjoying a nice day at the water park!](http://i.imgur.com/cQPKHxe.jpg)", "date": "2015-09-08 15:10:06", "seriesname": "g1196_cuuq4x0", "file": "/media/jbrogan4/scratch2/Reddit_Prov_Dataset_v6/_Stephen_Colbert_with_a_drink_on_the_bus/g1196_cuuq4x0.jpg", "URL": "http://i.imgur.com/cQPKHxe.jpg", "fileid": "g1196_cuuq4x0.jpg"}, {"id": "g1196_cuuobep", "comment": "[Jerk](http://i.imgur.com/6a4sFHC.jpg)", "date": "2015-09-08 14:24:39", "seriesname": "g1196_cuuobep", "file": "/media/jbrogan4/scratch2/Reddit_Prov_Dataset_v6/_Stephen_Colbert_with_a_drink_on_the_bus/g1196_cuuobep.jpg", "URL": "http://i.imgur.com/6a4sFHC.jpg", "fileid": "g1196_cuuobep.jpg"}, {"id": "g1196_cuvd1uc", "comment": "[Really?](http://i.imgur.com/CDMmRUu.jpg)", "date": "2015-09-09 02:51:48", "seriesname": "g1196_cuvd1uc", "file": "/media/jbrogan4/scratch2/Reddit_Prov_Dataset_v6/_Stephen_Colbert_with_a_drink_on_the_bus/g1196_cuvd1uc.jpg", "URL": "http://i.imgur.com/CDMmRUu.jpg", "fileid": "g1196_cuvd1uc.jpg"}, {"id": "g1196_cuup3v1", "comment": "http://i.imgur.com/Lr9FfgY.jpg", "date": "2015-09-08 14:44:35", "seriesname": "g1196_cuup3v1", "file": "/media/jbrogan4/scratch2/Reddit_Prov_Dataset_v6/_Stephen_Colbert_with_a_drink_on_the_bus/g1196_cuup3v1.jpg", "URL": "http://i.imgur.com/Lr9FfgY.jpg", "fileid": "g1196_cuup3v1.jpg"}, {"id": "g1196_cuupgy9", "comment": "[table for one please](http://i.imgur.com/bawENMl.jpg)", "date": "2015-09-08 14:53:36", "seriesname": "g1196_cuupgy9", "file": "/media/jbrogan4/scratch2/Reddit_Prov_Dataset_v6/_Stephen_Colbert_with_a_drink_on_the_bus/g1196_cuupgy9.jpg", "URL": "http://i.imgur.com/bawENMl.jpg", "fileid": "g1196_cuupgy9.jpg"}, {"id": "g1196_cuumn2a", "comment": "[Top Of The Rock](http://i.imgur.com/P1ztaPR.jpg) Thanks for the cutout!", "date": "2015-09-08 13:42:22", "seriesname": "g1196_cuumn2a", "file": "/media/jbrogan4/scratch2/Reddit_Prov_Dataset_v6/_Stephen_Colbert_with_a_drink_on_the_bus/g1196_cuumn2a.jpg", "URL": "http://i.imgur.com/P1ztaPR.jpg", "fileid": "g1196_cuumn2a.jpg"}, {"id": "g1196_cuuofnb", "comment": "[Burning, man](http://i.imgur.com/FgqHTS3.jpg)", "date": "2015-09-08 14:27:38", "seriesname": "g1196_cuuofnb", "file": "/media/jbrogan4/scratch2/Reddit_Prov_Dataset_v6/_Stephen_Colbert_with_a_drink_on_the_bus/g1196_cuuofnb.jpg", "URL": "http://i.imgur.com/FgqHTS3.jpg", "fileid": "g1196_cuuofnb.jpg"}, {"id": "g1196_cuuwueb", "comment": "[And me](http://i.imgur.com/UtByWCS.jpg)", "date": "2015-09-08 18:03:24", "seriesname": "g1196_cuuwueb", "file": "/media/jbrogan4/scratch2/Reddit_Prov_Dataset_v6/_Stephen_Colbert_with_a_drink_on_the_bus/g1196_cuuwueb.jpg", "URL": "http://i.imgur.com/UtByWCS.jpg", "fileid": "g1196_cuuwueb.jpg"}, {"id": "g1196_cuuqtv6", "comment": "[Good luck!](http://i.imgur.com/nfg4og3.jpg)", "date": "2015-09-08 15:27:24", "seriesname": "g1196_cuuqtv6", "file": "/media/jbrogan4/scratch2/Reddit_Prov_Dataset_v6/_Stephen_Colbert_with_a_drink_on_the_bus/g1196_cuuqtv6.jpg", "URL": "http://i.imgur.com/nfg4og3.jpg", "fileid": "g1196_cuuqtv6.jpg"}, {"id": "g1196_cuuoqyw", "comment": "http://i.imgur.com/N2bsOLJ.jpg", "date": "2015-09-08 14:35:48", "seriesname": "g1196_cuuoqyw", "file": "/media/jbrogan4/scratch2/Reddit_Prov_Dataset_v6/_Stephen_Colbert_with_a_drink_on_the_bus/g1196_cuuoqyw.jpg", "URL": "http://i.imgur.com/N2bsOLJ.jpg", "fileid": "g1196_cuuoqyw.jpg"}, {"id": "g1196_cuunsei", "comment": "http://i.imgur.com/noDSSbl.jpg", "date": "2015-09-08 14:11:22", "seriesname": "g1196_cuunsei", "file": "/media/jbrogan4/scratch2/Reddit_Prov_Dataset_v6/_Stephen_Colbert_with_a_drink_on_the_bus/g1196_cuunsei.jpg", "URL": "http://i.imgur.com/noDSSbl.jpg", "fileid": "g1196_cuunsei.jpg"}, {"id": "g1196_cuup9ey", "comment": "[Obligatory!](http://i.imgur.com/6DZfE5x.jpg)", "date": "2015-09-08 14:48:28", "seriesname": "g1196_cuup9ey", "file": "/media/jbrogan4/scratch2/Reddit_Prov_Dataset_v6/_Stephen_Colbert_with_a_drink_on_the_bus/g1196_cuup9ey.jpg", "URL": "http://i.imgur.com/6DZfE5x.jpg", "fileid": "g1196_cuup9ey.jpg"}, {"id": "g1196_cuur9kp", "comment": "[Enjoying the life](http://i.imgur.com/Bvkfkwh.jpg)", "date": "2015-09-08 15:38:09", "seriesname": "g1196_cuur9kp", "file": "/media/jbrogan4/scratch2/Reddit_Prov_Dataset_v6/_Stephen_Colbert_with_a_drink_on_the_bus/g1196_cuur9kp.jpg", "URL": "http://i.imgur.com/Bvkfkwh.jpg", "fileid": "g1196_cuur9kp.jpg"}, {"id": "g1196_root", "comment": "", "date": "2015-09-08 11:51:25", "seriesname": "g1196_root", "file": "/media/jbrogan4/scratch2/Reddit_Prov_Dataset_v6/_Stephen_Colbert_with_a_drink_on_the_bus/g1196_root.jpg", "URL": "http://i.imgur.com/zsaiSy0.jpg", "fileid": "g1196_root.jpg"}, {"id": "g1196_cuunn0l", "comment": "[What has he done? The sign was there as a warning..](http://i.imgur.com/rsCib5n.jpg)", "date": "2015-09-08 14:07:38", "seriesname": "g1196_cuunn0l", "file": "/media/jbrogan4/scratch2/Reddit_Prov_Dataset_v6/_Stephen_Colbert_with_a_drink_on_the_bus/g1196_cuunn0l.jpg", "URL": "http://i.imgur.com/rsCib5n.jpg", "fileid": "g1196_cuunn0l.jpg"}, {"id": "g1196_cuv5e90", "comment": "This is *everyone's* favourite. Look at this thing. *Amaaaazing*, [Bravo](http://i.imgur.com/T4rYutM.gif)!", "date": "2015-09-08 22:06:53", "seriesname": "g1196_cuv5e90", "file": "/media/jbrogan4/scratch2/Reddit_Prov_Dataset_v6/_Stephen_Colbert_with_a_drink_on_the_bus/g1196_cuv5e90.jpg", "URL": "http://i.imgur.com/T4rYutM.gif)!", "fileid": "g1196_cuv5e90.gif!"}, {"id": "g1196_cuur5cf", "comment": "[Let's be real here](http://i.imgur.com/SMkC6fP.jpg)", "date": "2015-09-08 15:35:14", "seriesname": "g1196_cuur5cf", "file": "/media/jbrogan4/scratch2/Reddit_Prov_Dataset_v6/_Stephen_Colbert_with_a_drink_on_the_bus/g1196_cuur5cf.jpg", "URL": "http://i.imgur.com/SMkC6fP.jpg", "fileid": "g1196_cuur5cf.jpg"}, {"id": "g1196_cuumng8", "comment": "[fixed](http://i.imgur.com/IkutrGv.jpg)", "date": "2015-09-08 13:42:41", "seriesname": "g1196_cuumng8", "file": "/media/jbrogan4/scratch2/Reddit_Prov_Dataset_v6/_Stephen_Colbert_with_a_drink_on_the_bus/g1196_cuumng8.jpg", "URL": "http://i.imgur.com/IkutrGv.jpg", "fileid": "g1196_cuumng8.jpg"}, {"id": "g1196_cuuok09", "comment": "Golden Colbert http://imgur.com/U06F1Tt", "date": "2015-09-08 14:30:51", "seriesname": "g1196_cuuok09", "file": "/media/jbrogan4/scratch2/Reddit_Prov_Dataset_v6/_Stephen_Colbert_with_a_drink_on_the_bus/g1196_cuuok09.png", "URL": "http://i.imgur.com/U06F1Tt.png", "fileid": "g1196_cuuok09.png"}, {"id": "g1196_cuutlhj", "comment": "[Sweet Lemonade... Sweet Lemonade.](http://i.imgur.com/hZKsbGi.jpg) Better not tell him how it's made.\n\nAlso, he's making it harder for Mr. Bean to drive around the [PSBattle Carnival.](http://i.imgur.com/eWsdwOb.jpg) ", "date": "2015-09-08 16:37:38", "seriesname": "g1196_cuutlhj", "file": "/media/jbrogan4/scratch2/Reddit_Prov_Dataset_v6/_Stephen_Colbert_with_a_drink_on_the_bus/g1196_cuutlhj.jpg", "URL": "http://i.imgur.com/eWsdwOb.jpg", "fileid": "g1196_cuutlhj.jpg"}, {"id": "g1196_cuuuwrz", "comment": "Am I the only one that doesn't notice the zombie?\n\nhttp://imgur.com/uVbMM8Z", "date": "2015-09-08 17:11:34", "seriesname": "g1196_cuuuwrz", "file": "/media/jbrogan4/scratch2/Reddit_Prov_Dataset_v6/_Stephen_Colbert_with_a_drink_on_the_bus/g1196_cuuuwrz.png", "URL": "http://i.imgur.com/uVbMM8Z.png", "fileid": "g1196_cuuuwrz.png"}, {"id": "g1196_cuuo17d", "comment": "[On the sofa with Colbert](http://imgur.com/WKlWwLF)", "date": "2015-09-08 14:17:31", "seriesname": "g1196_cuuo17d", "file": "/media/jbrogan4/scratch2/Reddit_Prov_Dataset_v6/_Stephen_Colbert_with_a_drink_on_the_bus/g1196_cuuo17d.png", "URL": "http://i.imgur.com/WKlWwLF.png", "fileid": "g1196_cuuo17d.png"}, {"id": "g1196_cuvx6tk", "comment": "[And me](http://imgur.com/9SU6iEy)", "date": "2015-09-09 15:24:03", "seriesname": "g1196_cuvx6tk", "file": "/media/jbrogan4/scratch2/Reddit_Prov_Dataset_v6/_Stephen_Colbert_with_a_drink_on_the_bus/g1196_cuvx6tk.png", "URL": "http://i.imgur.com/9SU6iEy.png", "fileid": "g1196_cuvx6tk.png"}, {"id": "g1196_cuuny7j", "comment": "http://i.imgur.com/8nR3JsA.jpg  \n\n\nfor some reason I thought all his wives were called mary so I made this\n\n&gt;I failed history", "date": "2015-09-08 14:15:21", "seriesname": "g1196_cuuny7j", "file": "/media/jbrogan4/scratch2/Reddit_Prov_Dataset_v6/_Stephen_Colbert_with_a_drink_on_the_bus/g1196_cuuny7j.jpg", "URL": "http://i.imgur.com/8nR3JsA.jpg", "fileid": "g1196_cuuny7j.jpg"}, {"id": "g1196_cuurgd1", "comment": "[Made him younger](http://i.imgur.com/x6a4HAx.jpg)", "date": "2015-09-08 15:42:47", "seriesname": "g1196_cuurgd1", "file": "/media/jbrogan4/scratch2/Reddit_Prov_Dataset_v6/_Stephen_Colbert_with_a_drink_on_the_bus/g1196_cuurgd1.jpg", "URL": "http://i.imgur.com/x6a4HAx.jpg", "fileid": "g1196_cuurgd1.jpg"}, {"id": "g1196_cuumhp0", "comment": "[Makin' his moves](http://i.imgur.com/2biItlA.jpg)", "date": "2015-09-08 13:38:35", "seriesname": "g1196_cuumhp0", "file": "/media/jbrogan4/scratch2/Reddit_Prov_Dataset_v6/_Stephen_Colbert_with_a_drink_on_the_bus/g1196_cuumhp0.jpg", "URL": "http://i.imgur.com/2biItlA.jpg", "fileid": "g1196_cuumhp0.jpg"}], "graph": {"name": "g1196_root"}, "directed": true}