{"links": [{"op": "none", "target": 0, "source": 34}, {"op": "none", "target": 1, "source": 61}, {"op": "none", "target": 2, "source": 58}, {"op": "none", "target": 3, "source": 61}, {"op": "none", "target": 4, "source": 61}, {"op": "none", "target": 5, "source": 61}, {"op": "none", "target": 6, "source": 61}, {"op": "none", "target": 7, "source": 61}, {"op": "none", "target": 8, "source": 61}, {"op": "none", "target": 9, "source": 61}, {"op": "none", "target": 10, "source": 61}, {"op": "none", "target": 11, "source": 36}, {"op": "none", "target": 12, "source": 61}, {"op": "none", "target": 13, "source": 15}, {"op": "none", "target": 14, "source": 61}, {"op": "none", "target": 15, "source": 61}, {"op": "none", "target": 16, "source": 61}, {"op": "none", "target": 17, "source": 61}, {"op": "none", "target": 18, "source": 61}, {"op": "none", "target": 19, "source": 61}, {"op": "none", "target": 20, "source": 61}, {"op": "none", "target": 21, "source": 61}, {"op": "none", "target": 22, "source": 61}, {"op": "none", "target": 23, "source": 61}, {"op": "none", "target": 24, "source": 61}, {"op": "none", "target": 25, "source": 61}, {"op": "none", "target": 26, "source": 61}, {"op": "none", "target": 27, "source": 61}, {"op": "none", "target": 28, "source": 61}, {"op": "none", "target": 29, "source": 58}, {"op": "none", "target": 30, "source": 36}, {"op": "none", "target": 31, "source": 61}, {"op": "none", "target": 32, "source": 61}, {"op": "none", "target": 33, "source": 61}, {"op": "none", "target": 34, "source": 61}, {"op": "none", "target": 35, "source": 61}, {"op": "none", "target": 36, "source": 61}, {"op": "none", "target": 37, "source": 61}, {"op": "none", "target": 38, "source": 61}, {"op": "none", "target": 39, "source": 3}, {"op": "none", "target": 40, "source": 61}, {"op": "none", "target": 41, "source": 61}, {"op": "none", "target": 42, "source": 61}, {"op": "none", "target": 43, "source": 40}, {"op": "none", "target": 44, "source": 61}, {"op": "none", "target": 45, "source": 61}, {"op": "none", "target": 46, "source": 61}, {"op": "none", "target": 47, "source": 61}, {"op": "none", "target": 48, "source": 61}, {"op": "none", "target": 49, "source": 24}, {"op": "none", "target": 50, "source": 61}, {"op": "none", "target": 51, "source": 61}, {"op": "none", "target": 52, "source": 61}, {"op": "none", "target": 53, "source": 61}, {"op": "none", "target": 54, "source": 61}, {"op": "none", "target": 55, "source": 61}, {"op": "none", "target": 56, "source": 24}, {"op": "none", "target": 57, "source": 61}, {"op": "none", "target": 58, "source": 61}, {"op": "none", "target": 59, "source": 61}, {"op": "none", "target": 60, "source": 61}, {"op": "none", "target": 62, "source": 61}], "title": "_North_Korea's_New_Untouched_Photo_of_Kim_Jong-Un", "nodes": [{"id": "g1198_d336ik3", "comment": "[I also tried, but yours is way better](http://i.imgur.com/TwEGoMJ.jpg)", "date": "2016-05-12 16:49:52", "seriesname": "g1198_d336ik3", "file": "/media/jbrogan4/scratch2/Reddit_Prov_Dataset_v6/_North_Korea's_New_Untouched_Photo_of_Kim_Jong-Un/g1198_d336ik3.jpg", "URL": "http://i.imgur.com/TwEGoMJ.jpg", "fileid": "g1198_d336ik3.jpg"}, {"id": "g1198_d32zi1x", "comment": "[SpongeKim Jongpants Un] (http://i.imgur.com/nM8IHuw.jpg)", "date": "2016-05-12 14:16:50", "seriesname": "g1198_d32zi1x", "file": "/media/jbrogan4/scratch2/Reddit_Prov_Dataset_v6/_North_Korea's_New_Untouched_Photo_of_Kim_Jong-Un/g1198_d32zi1x.jpg", "URL": "http://i.imgur.com/nM8IHuw.jpg", "fileid": "g1198_d32zi1x.jpg"}, {"id": "g1198_d33frxb", "comment": "[Well, no one has done it yet](http://i.imgur.com/m2vawwZ.jpg)", "date": "2016-05-12 20:46:38", "seriesname": "g1198_d33frxb", "file": "/media/jbrogan4/scratch2/Reddit_Prov_Dataset_v6/_North_Korea's_New_Untouched_Photo_of_Kim_Jong-Un/g1198_d33frxb.jpg", "URL": "http://i.imgur.com/m2vawwZ.jpg", "fileid": "g1198_d33frxb.jpg"}, {"id": "g1198_d32qx0f", "comment": "[So Fresh, So Clean](http://i.imgur.com/FJTLYXa.jpg)", "date": "2016-05-12 11:09:14", "seriesname": "g1198_d32qx0f", "file": "/media/jbrogan4/scratch2/Reddit_Prov_Dataset_v6/_North_Korea's_New_Untouched_Photo_of_Kim_Jong-Un/g1198_d32qx0f.jpg", "URL": "http://i.imgur.com/FJTLYXa.jpg", "fileid": "g1198_d32qx0f.jpg"}, {"id": "g1198_d336pss", "comment": "[Jokers wild](http://imgur.com/BbK4LVn)", "date": "2016-05-12 16:54:16", "seriesname": "g1198_d336pss", "file": "/media/jbrogan4/scratch2/Reddit_Prov_Dataset_v6/_North_Korea's_New_Untouched_Photo_of_Kim_Jong-Un/g1198_d336pss.png", "URL": "http://i.imgur.com/BbK4LVn.png", "fileid": "g1198_d336pss.png"}, {"id": "g1198_d32pmv8", "comment": "[just a trim](http://i.imgur.com/ciORvjW.jpg)", "date": "2016-05-12 10:39:29", "seriesname": "g1198_d32pmv8", "file": "/media/jbrogan4/scratch2/Reddit_Prov_Dataset_v6/_North_Korea's_New_Untouched_Photo_of_Kim_Jong-Un/g1198_d32pmv8.jpg", "URL": "http://i.imgur.com/ciORvjW.jpg", "fileid": "g1198_d32pmv8.jpg"}, {"id": "g1198_d3348y7", "comment": "[Screw you guys](http://i.imgur.com/3XvxTT8.jpg)", "date": "2016-05-12 16:00:33", "seriesname": "g1198_d3348y7", "file": "/media/jbrogan4/scratch2/Reddit_Prov_Dataset_v6/_North_Korea's_New_Untouched_Photo_of_Kim_Jong-Un/g1198_d3348y7.jpg", "URL": "http://i.imgur.com/3XvxTT8.jpg", "fileid": "g1198_d3348y7.jpg"}, {"id": "g1198_d335b2g", "comment": "[three mouths, no nose.](http://i.imgur.com/NilnGCJ.jpg)", "date": "2016-05-12 16:23:20", "seriesname": "g1198_d335b2g", "file": "/media/jbrogan4/scratch2/Reddit_Prov_Dataset_v6/_North_Korea's_New_Untouched_Photo_of_Kim_Jong-Un/g1198_d335b2g.jpg", "URL": "http://i.imgur.com/NilnGCJ.jpg", "fileid": "g1198_d335b2g.jpg"}, {"id": "g1198_d335jf6", "comment": "[Imgur](http://i.imgur.com/NYoVxac.jpg)\n", "date": "2016-05-12 16:28:27", "seriesname": "g1198_d335jf6", "file": "/media/jbrogan4/scratch2/Reddit_Prov_Dataset_v6/_North_Korea's_New_Untouched_Photo_of_Kim_Jong-Un/g1198_d335jf6.jpg", "URL": "http://i.imgur.com/NYoVxac.jpg", "fileid": "g1198_d335jf6.jpg"}, {"id": "g1198_d334lu6", "comment": "http://i.imgur.com/BY4v9I9.jpg", "date": "2016-05-12 16:08:15", "seriesname": "g1198_d334lu6", "file": "/media/jbrogan4/scratch2/Reddit_Prov_Dataset_v6/_North_Korea's_New_Untouched_Photo_of_Kim_Jong-Un/g1198_d334lu6.jpg", "URL": "http://i.imgur.com/BY4v9I9.jpg", "fileid": "g1198_d334lu6.jpg"}, {"id": "g1198_d33symn", "comment": "Kim Drumpf http://imgur.com/yBUGuxl", "date": "2016-05-13 04:20:55", "seriesname": "g1198_d33symn", "file": "/media/jbrogan4/scratch2/Reddit_Prov_Dataset_v6/_North_Korea's_New_Untouched_Photo_of_Kim_Jong-Un/g1198_d33symn.png", "URL": "http://i.imgur.com/yBUGuxl.png", "fileid": "g1198_d33symn.png"}, {"id": "g1198_d339d9z", "comment": "http://imgur.com/9RM9Npq", "date": "2016-05-12 17:56:30", "seriesname": "g1198_d339d9z", "file": "/media/jbrogan4/scratch2/Reddit_Prov_Dataset_v6/_North_Korea's_New_Untouched_Photo_of_Kim_Jong-Un/g1198_d339d9z.png", "URL": "http://i.imgur.com/9RM9Npq.png", "fileid": "g1198_d339d9z.png"}, {"id": "g1198_d32vl47", "comment": "george mcfly kim http://i.imgur.com/NCKnjk7.jpg", "date": "2016-05-12 12:51:30", "seriesname": "g1198_d32vl47", "file": "/media/jbrogan4/scratch2/Reddit_Prov_Dataset_v6/_North_Korea's_New_Untouched_Photo_of_Kim_Jong-Un/g1198_d32vl47.jpg", "URL": "http://i.imgur.com/NCKnjk7.jpg", "fileid": "g1198_d32vl47.jpg"}, {"id": "g1198_d3332cc", "comment": "Black goo!\n\nedit: [I, too, have a theory](http://imgur.com/0xypxC5)", "date": "2016-05-12 15:35:07", "seriesname": "g1198_d3332cc", "file": "/media/jbrogan4/scratch2/Reddit_Prov_Dataset_v6/_North_Korea's_New_Untouched_Photo_of_Kim_Jong-Un/g1198_d3332cc.png", "URL": "http://i.imgur.com/0xypxC5.png", "fileid": "g1198_d3332cc.png"}, {"id": "g1198_d33564e", "comment": "Mr. Potato Un: http://imgur.com/d5RdaRu\n\nI'm not sure what I was expecting...\n\n(Edit: The full transformation, not as funny, but it's accuracy does make the first image even creepier: http://imgur.com/o0CKMZS)", "date": "2016-05-12 16:20:20", "seriesname": "g1198_d33564e", "file": "/media/jbrogan4/scratch2/Reddit_Prov_Dataset_v6/_North_Korea's_New_Untouched_Photo_of_Kim_Jong-Un/g1198_d33564e.png", "URL": "http://i.imgur.com/o0CKMZS.png", "fileid": "g1198_d33564e.png"}, {"id": "g1198_d332n57", "comment": "[This might explain a lot....](https://imgur.com/zzfq7MV)", "date": "2016-05-12 15:25:46", "seriesname": "g1198_d332n57", "file": "/media/jbrogan4/scratch2/Reddit_Prov_Dataset_v6/_North_Korea's_New_Untouched_Photo_of_Kim_Jong-Un/g1198_d332n57.png", "URL": "http://i.imgur.com/zzfq7MV.png", "fileid": "g1198_d332n57.png"}, {"id": "g1198_d32ug7i", "comment": "[Kimpolini (mute)](http://i.imgur.com/EdFtvEY.gif)\n&amp;\n[Kimpolini (sound)](http://loopnroll.com/p/tagOg)\n\n\n\n", "date": "2016-05-12 12:27:09", "seriesname": "g1198_d32ug7i", "file": "/media/jbrogan4/scratch2/Reddit_Prov_Dataset_v6/_North_Korea's_New_Untouched_Photo_of_Kim_Jong-Un/g1198_d32ug7i.jpg", "URL": "http://i.imgur.com/EdFtvEY.gif", "fileid": "g1198_d32ug7i.gif"}, {"id": "g1198_d32z4lx", "comment": "[PsBattle: North Korea's Newly touched Photo of Kim Jong-Un](http://i.imgur.com/waSRf8j.png)", "date": "2016-05-12 14:08:34", "seriesname": "g1198_d32z4lx", "file": "/media/jbrogan4/scratch2/Reddit_Prov_Dataset_v6/_North_Korea's_New_Untouched_Photo_of_Kim_Jong-Un/g1198_d32z4lx.png", "URL": "http://i.imgur.com/waSRf8j.png", "fileid": "g1198_d32z4lx.png"}, {"id": "g1198_d339nh9", "comment": "[Kim Jong-Mmmmm] (http://i.imgur.com/lkdiysW.jpg)", "date": "2016-05-12 18:03:28", "seriesname": "g1198_d339nh9", "file": "/media/jbrogan4/scratch2/Reddit_Prov_Dataset_v6/_North_Korea's_New_Untouched_Photo_of_Kim_Jong-Un/g1198_d339nh9.jpg", "URL": "http://i.imgur.com/lkdiysW.jpg", "fileid": "g1198_d339nh9.jpg"}, {"id": "g1198_d32zerv", "comment": "http://imgur.com/o5DaD2U\ncan someone do a better job? please do", "date": "2016-05-12 14:14:50", "seriesname": "g1198_d32zerv", "file": "/media/jbrogan4/scratch2/Reddit_Prov_Dataset_v6/_North_Korea's_New_Untouched_Photo_of_Kim_Jong-Un/g1198_d32zerv.png", "URL": "http://i.imgur.com/o5DaD2U.png", "fileid": "g1198_d32zerv.png"}, {"id": "g1198_d33c5rb", "comment": "[Kim Jong-Kardashian](http://i.imgur.com/h0ms2iU.jpg)", "date": "2016-05-12 19:07:53", "seriesname": "g1198_d33c5rb", "file": "/media/jbrogan4/scratch2/Reddit_Prov_Dataset_v6/_North_Korea's_New_Untouched_Photo_of_Kim_Jong-Un/g1198_d33c5rb.jpg", "URL": "http://i.imgur.com/h0ms2iU.jpg", "fileid": "g1198_d33c5rb.jpg"}, {"id": "g1198_d3357oz", "comment": "[Kim Jong-Buscemi](http://i.imgur.com/JO7ofRe.png)", "date": "2016-05-12 16:21:17", "seriesname": "g1198_d3357oz", "file": "/media/jbrogan4/scratch2/Reddit_Prov_Dataset_v6/_North_Korea's_New_Untouched_Photo_of_Kim_Jong-Un/g1198_d3357oz.png", "URL": "http://i.imgur.com/JO7ofRe.png", "fileid": "g1198_d3357oz.png"}, {"id": "g1198_d3349h9", "comment": "[Kim Jong-Uncharted](https://i.imgur.com/ARysJgm.jpg)\n\nAnother /r/HybridHumans shout-out", "date": "2016-05-12 16:00:52", "seriesname": "g1198_d3349h9", "file": "/media/jbrogan4/scratch2/Reddit_Prov_Dataset_v6/_North_Korea's_New_Untouched_Photo_of_Kim_Jong-Un/g1198_d3349h9.jpg", "URL": "https://i.imgur.com/ARysJgm.jpg", "fileid": "g1198_d3349h9.jpg"}, {"id": "g1198_d32udzm", "comment": "[Praise be to the King of All Cosmos](http://i.imgur.com/VGLh8qO.jpg)", "date": "2016-05-12 12:25:48", "seriesname": "g1198_d32udzm", "file": "/media/jbrogan4/scratch2/Reddit_Prov_Dataset_v6/_North_Korea's_New_Untouched_Photo_of_Kim_Jong-Un/g1198_d32udzm.jpg", "URL": "http://i.imgur.com/VGLh8qO.jpg", "fileid": "g1198_d32udzm.jpg"}, {"id": "g1198_d32updq", "comment": "http://imgur.com/tfIfFCF", "date": "2016-05-12 12:32:37", "seriesname": "g1198_d32updq", "file": "/media/jbrogan4/scratch2/Reddit_Prov_Dataset_v6/_North_Korea's_New_Untouched_Photo_of_Kim_Jong-Un/g1198_d32updq.png", "URL": "http://i.imgur.com/tfIfFCF.png", "fileid": "g1198_d32updq.png"}, {"id": "g1198_d33h2hb", "comment": "[Relax, guy!](http://i.imgur.com/7JULOXD.jpg)", "date": "2016-05-12 21:21:40", "seriesname": "g1198_d33h2hb", "file": "/media/jbrogan4/scratch2/Reddit_Prov_Dataset_v6/_North_Korea's_New_Untouched_Photo_of_Kim_Jong-Un/g1198_d33h2hb.jpg", "URL": "http://i.imgur.com/7JULOXD.jpg", "fileid": "g1198_d33h2hb.jpg"}, {"id": "g1198_d33bf3u", "comment": "[please dont make fun of the great leader](http://i.imgur.com/kDI0AV8.png)", "date": "2016-05-12 18:48:07", "seriesname": "g1198_d33bf3u", "file": "/media/jbrogan4/scratch2/Reddit_Prov_Dataset_v6/_North_Korea's_New_Untouched_Photo_of_Kim_Jong-Un/g1198_d33bf3u.png", "URL": "http://i.imgur.com/kDI0AV8.png", "fileid": "g1198_d33bf3u.png"}, {"id": "g1198_d330ttj", "comment": "[Dr. Kim Jong-Evil](https://imgur.com/PyIvxss) - My first ever PsBattle contribution ", "date": "2016-05-12 14:45:50", "seriesname": "g1198_d330ttj", "file": "/media/jbrogan4/scratch2/Reddit_Prov_Dataset_v6/_North_Korea's_New_Untouched_Photo_of_Kim_Jong-Un/g1198_d330ttj.png", "URL": "http://i.imgur.com/PyIvxss.png", "fileid": "g1198_d330ttj.png"}, {"id": "g1198_d32ujqi", "comment": "[Meanwhile in a parallel universe...](http://i.imgur.com/qj0u78y.jpg)", "date": "2016-05-12 12:29:16", "seriesname": "g1198_d32ujqi", "file": "/media/jbrogan4/scratch2/Reddit_Prov_Dataset_v6/_North_Korea's_New_Untouched_Photo_of_Kim_Jong-Un/g1198_d32ujqi.jpg", "URL": "http://i.imgur.com/qj0u78y.jpg", "fileid": "g1198_d32ujqi.jpg"}, {"id": "g1198_d33bsd5", "comment": "Krang undercover. http://imgur.com/cjjU8WZ\n", "date": "2016-05-12 18:57:55", "seriesname": "g1198_d33bsd5", "file": "/media/jbrogan4/scratch2/Reddit_Prov_Dataset_v6/_North_Korea's_New_Untouched_Photo_of_Kim_Jong-Un/g1198_d33bsd5.png", "URL": "http://i.imgur.com/cjjU8WZ.png", "fileid": "g1198_d33bsd5.png"}, {"id": "g1198_d33305j", "comment": "My idea was the opposite of yours and so it happened that [i created a monster...](http://i.imgur.com/RpqYyrp.jpg)", "date": "2016-05-12 15:33:45", "seriesname": "g1198_d33305j", "file": "/media/jbrogan4/scratch2/Reddit_Prov_Dataset_v6/_North_Korea's_New_Untouched_Photo_of_Kim_Jong-Un/g1198_d33305j.jpg", "URL": "http://i.imgur.com/RpqYyrp.jpg", "fileid": "g1198_d33305j.jpg"}, {"id": "g1198_d32yqgd", "comment": "http://imgur.com/NbKpZtm", "date": "2016-05-12 13:59:46", "seriesname": "g1198_d32yqgd", "file": "/media/jbrogan4/scratch2/Reddit_Prov_Dataset_v6/_North_Korea's_New_Untouched_Photo_of_Kim_Jong-Un/g1198_d32yqgd.png", "URL": "http://i.imgur.com/NbKpZtm.png", "fileid": "g1198_d32yqgd.png"}, {"id": "g1198_d33dxjd", "comment": "[We'll lift the sanctions, but first ...](http://i.imgur.com/zZeVWst.jpg)", "date": "2016-05-12 19:55:36", "seriesname": "g1198_d33dxjd", "file": "/media/jbrogan4/scratch2/Reddit_Prov_Dataset_v6/_North_Korea's_New_Untouched_Photo_of_Kim_Jong-Un/g1198_d33dxjd.jpg", "URL": "http://i.imgur.com/zZeVWst.jpg", "fileid": "g1198_d33dxjd.jpg"}, {"id": "g1198_d3344z2", "comment": "[Fixed it](http://i.imgur.com/weyuxpq.jpg)", "date": "2016-05-12 15:58:11", "seriesname": "g1198_d3344z2", "file": "/media/jbrogan4/scratch2/Reddit_Prov_Dataset_v6/_North_Korea's_New_Untouched_Photo_of_Kim_Jong-Un/g1198_d3344z2.jpg", "URL": "http://i.imgur.com/weyuxpq.jpg", "fileid": "g1198_d3344z2.jpg"}, {"id": "g1198_d331t0s", "comment": "[iron fisted dictator? more like lovable asian steve harvey](http://imgur.com/h62zVFN)", "date": "2016-05-12 15:07:21", "seriesname": "g1198_d331t0s", "file": "/media/jbrogan4/scratch2/Reddit_Prov_Dataset_v6/_North_Korea's_New_Untouched_Photo_of_Kim_Jong-Un/g1198_d331t0s.png", "URL": "http://i.imgur.com/h62zVFN.png", "fileid": "g1198_d331t0s.png"}, {"id": "g1198_d3380nd", "comment": "[Making KJU great again](http://imgur.com/qLYyumE)", "date": "2016-05-12 17:24:20", "seriesname": "g1198_d3380nd", "file": "/media/jbrogan4/scratch2/Reddit_Prov_Dataset_v6/_North_Korea's_New_Untouched_Photo_of_Kim_Jong-Un/g1198_d3380nd.png", "URL": "http://i.imgur.com/qLYyumE.png", "fileid": "g1198_d3380nd.png"}, {"id": "g1198_d32tr08", "comment": "[\"Is your mouth tiny and small?\"](http://i.imgur.com/pl5b4VT.jpg)", "date": "2016-05-12 12:11:48", "seriesname": "g1198_d32tr08", "file": "/media/jbrogan4/scratch2/Reddit_Prov_Dataset_v6/_North_Korea's_New_Untouched_Photo_of_Kim_Jong-Un/g1198_d32tr08.jpg", "URL": "http://i.imgur.com/pl5b4VT.jpg", "fileid": "g1198_d32tr08.jpg"}, {"id": "g1198_d32pbvd", "comment": "[Frank-Un Stein](http://i.imgur.com/ObhdKf9.png)", "date": "2016-05-12 10:32:10", "seriesname": "g1198_d32pbvd", "file": "/media/jbrogan4/scratch2/Reddit_Prov_Dataset_v6/_North_Korea's_New_Untouched_Photo_of_Kim_Jong-Un/g1198_d32pbvd.png", "URL": "http://i.imgur.com/ObhdKf9.png", "fileid": "g1198_d32pbvd.png"}, {"id": "g1198_d338i1p", "comment": "[Supreme Tattoo](http://imgur.com/HtLu3X8)", "date": "2016-05-12 17:35:44", "seriesname": "g1198_d338i1p", "file": "/media/jbrogan4/scratch2/Reddit_Prov_Dataset_v6/_North_Korea's_New_Untouched_Photo_of_Kim_Jong-Un/g1198_d338i1p.png", "URL": "http://i.imgur.com/HtLu3X8.png", "fileid": "g1198_d338i1p.png"}, {"id": "g1198_d32v4w7", "comment": "[Expected this](http://i.imgur.com/Hz6oUwf.jpg)", "date": "2016-05-12 12:41:50", "seriesname": "g1198_d32v4w7", "file": "/media/jbrogan4/scratch2/Reddit_Prov_Dataset_v6/_North_Korea's_New_Untouched_Photo_of_Kim_Jong-Un/g1198_d32v4w7.jpg", "URL": "http://i.imgur.com/Hz6oUwf.jpg", "fileid": "g1198_d32v4w7.jpg"}, {"id": "g1198_d331chy", "comment": "[Kim Trong-Ump](http://imgur.com/fKPDasx)", "date": "2016-05-12 14:57:11", "seriesname": "g1198_d331chy", "file": "/media/jbrogan4/scratch2/Reddit_Prov_Dataset_v6/_North_Korea's_New_Untouched_Photo_of_Kim_Jong-Un/g1198_d331chy.png", "URL": "http://i.imgur.com/fKPDasx.png", "fileid": "g1198_d331chy.png"}, {"id": "g1198_d337401", "comment": "[supremeleader.jpg](https://i.imgur.com/a82ocg5.jpg)", "date": "2016-05-12 17:03:05", "seriesname": "g1198_d337401", "file": "/media/jbrogan4/scratch2/Reddit_Prov_Dataset_v6/_North_Korea's_New_Untouched_Photo_of_Kim_Jong-Un/g1198_d337401.jpg", "URL": "https://i.imgur.com/a82ocg5.jpg", "fileid": "g1198_d337401.jpg"}, {"id": "g1198_d32u65k", "comment": "[Kim Jong-UNdertaker](http://i.imgur.com/fTYhrFU.jpg)\n\nshout-out to /r/HybridHumans", "date": "2016-05-12 12:21:04", "seriesname": "g1198_d32u65k", "file": "/media/jbrogan4/scratch2/Reddit_Prov_Dataset_v6/_North_Korea's_New_Untouched_Photo_of_Kim_Jong-Un/g1198_d32u65k.jpg", "URL": "http://i.imgur.com/fTYhrFU.jpg", "fileid": "g1198_d32u65k.jpg"}, {"id": "g1198_d337jxh", "comment": "late to the party, [but did a bit of color correction.](http://imgur.com/ui3sT1Q)", "date": "2016-05-12 17:13:25", "seriesname": "g1198_d337jxh", "file": "/media/jbrogan4/scratch2/Reddit_Prov_Dataset_v6/_North_Korea's_New_Untouched_Photo_of_Kim_Jong-Un/g1198_d337jxh.png", "URL": "http://i.imgur.com/ui3sT1Q.png", "fileid": "g1198_d337jxh.png"}, {"id": "g1198_d32z1kf", "comment": "[King Jong-Un - The Great Eater](https://i.imgur.com/XEiXWB4.jpg?1)", "date": "2016-05-12 14:06:42", "seriesname": "g1198_d32z1kf", "file": "/media/jbrogan4/scratch2/Reddit_Prov_Dataset_v6/_North_Korea's_New_Untouched_Photo_of_Kim_Jong-Un/g1198_d32z1kf.jpg", "URL": "https://i.imgur.com/XEiXWB4.jpg?1", "fileid": "g1198_d32z1kf.jpg"}, {"id": "g1198_d337glv", "comment": "[Kim needs braces!](http://i.imgur.com/HKa9SUa.jpg)", "date": "2016-05-12 17:11:05", "seriesname": "g1198_d337glv", "file": "/media/jbrogan4/scratch2/Reddit_Prov_Dataset_v6/_North_Korea's_New_Untouched_Photo_of_Kim_Jong-Un/g1198_d337glv.jpg", "URL": "http://i.imgur.com/HKa9SUa.jpg", "fileid": "g1198_d337glv.jpg"}, {"id": "g1198_d32z4ph", "comment": "[Hairy McHairFace](http://imgur.com/tNpOYwD)", "date": "2016-05-12 14:08:37", "seriesname": "g1198_d32z4ph", "file": "/media/jbrogan4/scratch2/Reddit_Prov_Dataset_v6/_North_Korea's_New_Untouched_Photo_of_Kim_Jong-Un/g1198_d32z4ph.png", "URL": "http://i.imgur.com/tNpOYwD.png", "fileid": "g1198_d32z4ph.png"}, {"id": "g1198_d32oz06", "comment": "[The Last Airbender](http://i.imgur.com/kqWWTN5.jpg)", "date": "2016-05-12 10:23:36", "seriesname": "g1198_d32oz06", "file": "/media/jbrogan4/scratch2/Reddit_Prov_Dataset_v6/_North_Korea's_New_Untouched_Photo_of_Kim_Jong-Un/g1198_d32oz06.jpg", "URL": "http://i.imgur.com/kqWWTN5.jpg", "fileid": "g1198_d32oz06.jpg"}, {"id": "g1198_d33hcdz", "comment": "[Kim Jong-Buu](http://i.imgur.com/wmIUseq.jpg)", "date": "2016-05-12 21:28:47", "seriesname": "g1198_d33hcdz", "file": "/media/jbrogan4/scratch2/Reddit_Prov_Dataset_v6/_North_Korea's_New_Untouched_Photo_of_Kim_Jong-Un/g1198_d33hcdz.jpg", "URL": "http://i.imgur.com/wmIUseq.jpg", "fileid": "g1198_d33hcdz.jpg"}, {"id": "g1198_d33ecxz", "comment": "[*answers prayers*](http://i.imgur.com/IwOq4xd.jpg)", "date": "2016-05-12 20:07:20", "seriesname": "g1198_d33ecxz", "file": "/media/jbrogan4/scratch2/Reddit_Prov_Dataset_v6/_North_Korea's_New_Untouched_Photo_of_Kim_Jong-Un/g1198_d33ecxz.jpg", "URL": "http://i.imgur.com/IwOq4xd.jpg", "fileid": "g1198_d33ecxz.jpg"}, {"id": "g1198_d335vcm", "comment": "Twins http://i.imgur.com/f3YPwah.jpg", "date": "2016-05-12 16:35:46", "seriesname": "g1198_d335vcm", "file": "/media/jbrogan4/scratch2/Reddit_Prov_Dataset_v6/_North_Korea's_New_Untouched_Photo_of_Kim_Jong-Un/g1198_d335vcm.jpg", "URL": "http://i.imgur.com/f3YPwah.jpg", "fileid": "g1198_d335vcm.jpg"}, {"id": "g1198_d3386hr", "comment": "[guess who](http://i.imgur.com/24JKFOY.png)", "date": "2016-05-12 17:28:10", "seriesname": "g1198_d3386hr", "file": "/media/jbrogan4/scratch2/Reddit_Prov_Dataset_v6/_North_Korea's_New_Untouched_Photo_of_Kim_Jong-Un/g1198_d3386hr.png", "URL": "http://i.imgur.com/24JKFOY.png", "fileid": "g1198_d3386hr.png"}, {"id": "g1198_d335y96", "comment": "[the obvious](http://i.imgur.com/b0PT9Nb.png)", "date": "2016-05-12 16:37:30", "seriesname": "g1198_d335y96", "file": "/media/jbrogan4/scratch2/Reddit_Prov_Dataset_v6/_North_Korea's_New_Untouched_Photo_of_Kim_Jong-Un/g1198_d335y96.png", "URL": "http://i.imgur.com/b0PT9Nb.png", "fileid": "g1198_d335y96.png"}, {"id": "g1198_d32q2gw", "comment": "[Wide Kim is best Kim!](http://i.imgur.com/mL1QmX3.jpg)", "date": "2016-05-12 10:49:36", "seriesname": "g1198_d32q2gw", "file": "/media/jbrogan4/scratch2/Reddit_Prov_Dataset_v6/_North_Korea's_New_Untouched_Photo_of_Kim_Jong-Un/g1198_d32q2gw.jpg", "URL": "http://i.imgur.com/mL1QmX3.jpg", "fileid": "g1198_d32q2gw.jpg"}, {"id": "g1198_d32ufp8", "comment": "[Kimnam Style](http://imgur.com/5C2GZ7O)", "date": "2016-05-12 12:26:49", "seriesname": "g1198_d32ufp8", "file": "/media/jbrogan4/scratch2/Reddit_Prov_Dataset_v6/_North_Korea's_New_Untouched_Photo_of_Kim_Jong-Un/g1198_d32ufp8.png", "URL": "http://i.imgur.com/5C2GZ7O.png", "fileid": "g1198_d32ufp8.png"}, {"id": "g1198_d32uoda", "comment": "http://i.imgur.com/TmaizAD.jpg", "date": "2016-05-12 12:32:01", "seriesname": "g1198_d32uoda", "file": "/media/jbrogan4/scratch2/Reddit_Prov_Dataset_v6/_North_Korea's_New_Untouched_Photo_of_Kim_Jong-Un/g1198_d32uoda.jpg", "URL": "http://i.imgur.com/TmaizAD.jpg", "fileid": "g1198_d32uoda.jpg"}, {"id": "g1198_d33eg8c", "comment": "You didn't specify if you wanted [Alfred Jong-Un](http://imgur.com/sliPSsA) or [Kim E. Neuman](http://imgur.com/DDRLEsS)", "date": "2016-05-12 20:09:49", "seriesname": "g1198_d33eg8c", "file": "/media/jbrogan4/scratch2/Reddit_Prov_Dataset_v6/_North_Korea's_New_Untouched_Photo_of_Kim_Jong-Un/g1198_d33eg8c.png", "URL": "http://i.imgur.com/DDRLEsS.png", "fileid": "g1198_d33eg8c.png"}, {"id": "g1198_d32p92x", "comment": "http://i.imgur.com/IdLyYpc.jpg", "date": "2016-05-12 10:30:20", "seriesname": "g1198_d32p92x", "file": "/media/jbrogan4/scratch2/Reddit_Prov_Dataset_v6/_North_Korea's_New_Untouched_Photo_of_Kim_Jong-Un/g1198_d32p92x.jpg", "URL": "http://i.imgur.com/IdLyYpc.jpg", "fileid": "g1198_d32p92x.jpg"}, {"id": "g1198_d32xade", "comment": "[Tattoo](http://i.imgur.com/GDbkcYq.jpg?1)\n\nWOW! Thanks for the golds.\nMommy, I'm here.", "date": "2016-05-12 13:28:19", "seriesname": "g1198_d32xade", "file": "/media/jbrogan4/scratch2/Reddit_Prov_Dataset_v6/_North_Korea's_New_Untouched_Photo_of_Kim_Jong-Un/g1198_d32xade.jpg", "URL": "http://i.imgur.com/GDbkcYq.jpg?1", "fileid": "g1198_d32xade.jpg"}, {"id": "g1198_d33m5o3", "comment": "[Teletubbies...](http://i.imgur.com/jAxRL3f.jpg)", "date": "2016-05-12 23:35:31", "seriesname": "g1198_d33m5o3", "file": "/media/jbrogan4/scratch2/Reddit_Prov_Dataset_v6/_North_Korea's_New_Untouched_Photo_of_Kim_Jong-Un/g1198_d33m5o3.jpg", "URL": "http://i.imgur.com/jAxRL3f.jpg", "fileid": "g1198_d33m5o3.jpg"}, {"id": "g1198_d32u7s7", "comment": "[American-eyes-ed](http://imgur.com/d80Dev3)", "date": "2016-05-12 12:22:03", "seriesname": "g1198_d32u7s7", "file": "/media/jbrogan4/scratch2/Reddit_Prov_Dataset_v6/_North_Korea's_New_Untouched_Photo_of_Kim_Jong-Un/g1198_d32u7s7.png", "URL": "http://i.imgur.com/d80Dev3.png", "fileid": "g1198_d32u7s7.png"}, {"id": "g1198_root", "comment": "", "date": "2016-05-12 09:24:15", "seriesname": "g1198_root", "file": "/media/jbrogan4/scratch2/Reddit_Prov_Dataset_v6/_North_Korea's_New_Untouched_Photo_of_Kim_Jong-Un/g1198_root.jpg", "URL": "https://i.imgur.com/SYOXro6.jpg", "fileid": "g1198_root.jpg"}, {"id": "g1198_d339980", "comment": "I don't know how many people remember this game but I made [Ao Uni] (http://i.imgur.com/UWjjUfR.png)", "date": "2016-05-12 17:53:47", "seriesname": "g1198_d339980", "file": "/media/jbrogan4/scratch2/Reddit_Prov_Dataset_v6/_North_Korea's_New_Untouched_Photo_of_Kim_Jong-Un/g1198_d339980.png", "URL": "http://i.imgur.com/UWjjUfR.png", "fileid": "g1198_d339980.png"}], "graph": {"name": "g1198_root"}, "directed": true}