{"links": [{"op": "none", "target": 0, "source": 26}, {"op": "none", "target": 1, "source": 59}, {"op": "none", "target": 2, "source": 59}, {"op": "none", "target": 3, "source": 30}, {"op": "none", "target": 4, "source": 59}, {"op": "none", "target": 5, "source": 59}, {"op": "none", "target": 6, "source": 59}, {"op": "none", "target": 7, "source": 59}, {"op": "none", "target": 8, "source": 59}, {"op": "none", "target": 9, "source": 21}, {"op": "none", "target": 10, "source": 59}, {"op": "none", "target": 11, "source": 26}, {"op": "none", "target": 12, "source": 59}, {"op": "none", "target": 13, "source": 59}, {"op": "none", "target": 14, "source": 50}, {"op": "none", "target": 15, "source": 6}, {"op": "none", "target": 16, "source": 59}, {"op": "none", "target": 17, "source": 59}, {"op": "none", "target": 18, "source": 59}, {"op": "none", "target": 19, "source": 59}, {"op": "none", "target": 20, "source": 59}, {"op": "none", "target": 21, "source": 59}, {"op": "none", "target": 22, "source": 6}, {"op": "none", "target": 23, "source": 59}, {"op": "none", "target": 24, "source": 59}, {"op": "none", "target": 25, "source": 59}, {"op": "none", "target": 26, "source": 59}, {"op": "none", "target": 27, "source": 59}, {"op": "none", "target": 28, "source": 59}, {"op": "none", "target": 29, "source": 59}, {"op": "none", "target": 30, "source": 59}, {"op": "none", "target": 31, "source": 59}, {"op": "none", "target": 32, "source": 59}, {"op": "none", "target": 33, "source": 32}, {"op": "none", "target": 34, "source": 59}, {"op": "none", "target": 35, "source": 59}, {"op": "none", "target": 36, "source": 59}, {"op": "none", "target": 37, "source": 1}, {"op": "none", "target": 38, "source": 59}, {"op": "none", "target": 39, "source": 59}, {"op": "none", "target": 40, "source": 53}, {"op": "none", "target": 41, "source": 59}, {"op": "none", "target": 42, "source": 59}, {"op": "none", "target": 43, "source": 59}, {"op": "none", "target": 44, "source": 59}, {"op": "none", "target": 45, "source": 59}, {"op": "none", "target": 46, "source": 59}, {"op": "none", "target": 47, "source": 59}, {"op": "none", "target": 48, "source": 59}, {"op": "none", "target": 49, "source": 59}, {"op": "none", "target": 50, "source": 19}, {"op": "none", "target": 51, "source": 59}, {"op": "none", "target": 52, "source": 59}, {"op": "none", "target": 53, "source": 14}, {"op": "none", "target": 54, "source": 59}, {"op": "none", "target": 55, "source": 59}, {"op": "none", "target": 56, "source": 40}, {"op": "none", "target": 57, "source": 61}, {"op": "none", "target": 58, "source": 26}, {"op": "none", "target": 60, "source": 59}, {"op": "none", "target": 61, "source": 6}], "title": "_This_rainbow_woman_on_the_beach", "nodes": [{"id": "g1208_ctlftjc", "comment": "[http://i.imgur.com/zZT7rD7.jpg](http://i.imgur.com/zZT7rD7.jpg)", "date": "2015-07-30 08:18:21", "seriesname": "g1208_ctlftjc", "file": "/media/jbrogan4/scratch2/Reddit_Prov_Dataset_v6/_This_rainbow_woman_on_the_beach/g1208_ctlftjc.jpg", "URL": "http://i.imgur.com/zZT7rD7.jpg](http://i.imgur.com/zZT7rD7.jpg", "fileid": "g1208_ctlftjc.jpg"}, {"id": "g1208_ctlgmg8", "comment": "http://imgur.com/y1gS0VJ", "date": "2015-07-30 08:51:35", "seriesname": "g1208_ctlgmg8", "file": "/media/jbrogan4/scratch2/Reddit_Prov_Dataset_v6/_This_rainbow_woman_on_the_beach/g1208_ctlgmg8.png", "URL": "http://i.imgur.com/y1gS0VJ.png", "fileid": "g1208_ctlgmg8.png"}, {"id": "g1208_ctm81mi", "comment": "I'm applying for a photoshop job for Vogue, what do ya think?\n\nhttp://imgur.com/pt3iKFg", "date": "2015-07-30 20:32:27", "seriesname": "g1208_ctm81mi", "file": "/media/jbrogan4/scratch2/Reddit_Prov_Dataset_v6/_This_rainbow_woman_on_the_beach/g1208_ctm81mi.png", "URL": "http://i.imgur.com/pt3iKFg.png", "fileid": "g1208_ctm81mi.png"}, {"id": "g1208_ctm0ab6", "comment": "http://i.imgur.com/cf77hhq.gif", "date": "2015-07-30 17:01:36", "seriesname": "g1208_ctm0ab6", "file": "/media/jbrogan4/scratch2/Reddit_Prov_Dataset_v6/_This_rainbow_woman_on_the_beach/g1208_ctm0ab6.jpg", "URL": "http://i.imgur.com/cf77hhq.gif", "fileid": "g1208_ctm0ab6.gif"}, {"id": "g1208_ctlqd8p", "comment": "[Enhance!!](http://i.imgur.com/3Fc2kpJ.jpg)", "date": "2015-07-30 13:11:32", "seriesname": "g1208_ctlqd8p", "file": "/media/jbrogan4/scratch2/Reddit_Prov_Dataset_v6/_This_rainbow_woman_on_the_beach/g1208_ctlqd8p.jpg", "URL": "http://i.imgur.com/3Fc2kpJ.jpg", "fileid": "g1208_ctlqd8p.jpg"}, {"id": "g1208_ctlmh8o", "comment": "This cat be serious http://i.imgur.com/hBw1CyM.jpg?1", "date": "2015-07-30 11:39:36", "seriesname": "g1208_ctlmh8o", "file": "/media/jbrogan4/scratch2/Reddit_Prov_Dataset_v6/_This_rainbow_woman_on_the_beach/g1208_ctlmh8o.jpg", "URL": "http://i.imgur.com/hBw1CyM.jpg?1", "fileid": "g1208_ctlmh8o.jpg"}, {"id": "g1208_ctldbun", "comment": "[At one with the ocean](http://i.imgur.com/f1Zp06V.jpg)", "date": "2015-07-30 05:51:37", "seriesname": "g1208_ctldbun", "file": "/media/jbrogan4/scratch2/Reddit_Prov_Dataset_v6/_This_rainbow_woman_on_the_beach/g1208_ctldbun.jpg", "URL": "http://i.imgur.com/f1Zp06V.jpg", "fileid": "g1208_ctldbun.jpg"}, {"id": "g1208_ctlihtk", "comment": "Thought she may enjoy hanging out.\n\nhttp://imgur.com/wIuym9T", "date": "2015-07-30 09:54:17", "seriesname": "g1208_ctlihtk", "file": "/media/jbrogan4/scratch2/Reddit_Prov_Dataset_v6/_This_rainbow_woman_on_the_beach/g1208_ctlihtk.png", "URL": "http://i.imgur.com/wIuym9T.png", "fileid": "g1208_ctlihtk.png"}, {"id": "g1208_ctlewv3", "comment": "http://imgur.com/vv7RHlG.jpg", "date": "2015-07-30 07:33:21", "seriesname": "g1208_ctlewv3", "file": "/media/jbrogan4/scratch2/Reddit_Prov_Dataset_v6/_This_rainbow_woman_on_the_beach/g1208_ctlewv3.jpg", "URL": "http://imgur.com/vv7RHlG.jpg", "fileid": "g1208_ctlewv3.jpg"}, {"id": "g1208_ctymf51", "comment": "I can [bubble](http://i.imgur.com/JF9nIih.jpg) the bottoms", "date": "2015-08-10 20:49:10", "seriesname": "g1208_ctymf51", "file": "/media/jbrogan4/scratch2/Reddit_Prov_Dataset_v6/_This_rainbow_woman_on_the_beach/g1208_ctymf51.jpg", "URL": "http://i.imgur.com/JF9nIih.jpg", "fileid": "g1208_ctymf51.jpg"}, {"id": "g1208_ctlgrmh", "comment": "http://i.imgur.com/WnbKNE0.jpg\n\nDon't be too jealous of my skills.", "date": "2015-07-30 08:56:59", "seriesname": "g1208_ctlgrmh", "file": "/media/jbrogan4/scratch2/Reddit_Prov_Dataset_v6/_This_rainbow_woman_on_the_beach/g1208_ctlgrmh.jpg", "URL": "http://i.imgur.com/WnbKNE0.jpg", "fileid": "g1208_ctlgrmh.jpg"}, {"id": "g1208_ctlej59", "comment": "[Here you go](http://i.imgur.com/oYsDZQX.jpg)", "date": "2015-07-30 07:11:12", "seriesname": "g1208_ctlej59", "file": "/media/jbrogan4/scratch2/Reddit_Prov_Dataset_v6/_This_rainbow_woman_on_the_beach/g1208_ctlej59.jpg", "URL": "http://i.imgur.com/oYsDZQX.jpg", "fileid": "g1208_ctlej59.jpg"}, {"id": "g1208_ctlkvn1", "comment": "im in ;)   http://i.imgur.com/oC1707M.jpg", "date": "2015-07-30 10:59:26", "seriesname": "g1208_ctlkvn1", "file": "/media/jbrogan4/scratch2/Reddit_Prov_Dataset_v6/_This_rainbow_woman_on_the_beach/g1208_ctlkvn1.jpg", "URL": "http://i.imgur.com/oC1707M.jpg", "fileid": "g1208_ctlkvn1.jpg"}, {"id": "g1208_ctlhxco", "comment": "[Dangerous curves on Rainbow Road!](http://i.imgur.com/1yF0Whj.jpg)", "date": "2015-07-30 09:37:05", "seriesname": "g1208_ctlhxco", "file": "/media/jbrogan4/scratch2/Reddit_Prov_Dataset_v6/_This_rainbow_woman_on_the_beach/g1208_ctlhxco.jpg", "URL": "http://i.imgur.com/1yF0Whj.jpg", "fileid": "g1208_ctlhxco.jpg"}, {"id": "g1208_ctld1v4", "comment": "[Imgur](http://i.imgur.com/aGowOnj.jpg)", "date": "2015-07-30 05:31:50", "seriesname": "g1208_ctld1v4", "file": "/media/jbrogan4/scratch2/Reddit_Prov_Dataset_v6/_This_rainbow_woman_on_the_beach/g1208_ctld1v4.jpg", "URL": "http://i.imgur.com/aGowOnj.jpg", "fileid": "g1208_ctld1v4.jpg"}, {"id": "g1208_ctlrrx4", "comment": "http://i.imgur.com/8cINq4O.jpg\ndouble rainbow in the sky", "date": "2015-07-30 13:43:00", "seriesname": "g1208_ctlrrx4", "file": "/media/jbrogan4/scratch2/Reddit_Prov_Dataset_v6/_This_rainbow_woman_on_the_beach/g1208_ctlrrx4.jpg", "URL": "http://i.imgur.com/8cINq4O.jpg", "fileid": "g1208_ctlrrx4.jpg"}, {"id": "g1208_ctlh8sk", "comment": "[reporting for duty](http://i.imgur.com/jePRkkC.jpg)", "date": "2015-07-30 09:14:20", "seriesname": "g1208_ctlh8sk", "file": "/media/jbrogan4/scratch2/Reddit_Prov_Dataset_v6/_This_rainbow_woman_on_the_beach/g1208_ctlh8sk.jpg", "URL": "http://i.imgur.com/jePRkkC.jpg", "fileid": "g1208_ctlh8sk.jpg"}, {"id": "g1208_ctlj4jd", "comment": "[It's behind you](http://i.imgur.com/GGGx6xP.png)\n\nedit: [now with a shadow](http://i.imgur.com/8FhA2Oj.jpg)", "date": "2015-07-30 10:12:48", "seriesname": "g1208_ctlj4jd", "file": "/media/jbrogan4/scratch2/Reddit_Prov_Dataset_v6/_This_rainbow_woman_on_the_beach/g1208_ctlj4jd.jpg", "URL": "http://i.imgur.com/8FhA2Oj.jpg", "fileid": "g1208_ctlj4jd.jpg"}, {"id": "g1208_ctljnxe", "comment": "Found the original.\n[http://i.imgur.com/6VEm1Rn.jpg](http://i.imgur.com/6VEm1Rn.jpg)", "date": "2015-07-30 10:27:37", "seriesname": "g1208_ctljnxe", "file": "/media/jbrogan4/scratch2/Reddit_Prov_Dataset_v6/_This_rainbow_woman_on_the_beach/g1208_ctljnxe.jpg", "URL": "http://i.imgur.com/6VEm1Rn.jpg](http://i.imgur.com/6VEm1Rn.jpg", "fileid": "g1208_ctljnxe.jpg"}, {"id": "g1208_ctlcef4", "comment": "http://imgur.com/w8Rnszk\nEDIT: Thanks for the gold", "date": "2015-07-30 04:46:59", "seriesname": "g1208_ctlcef4", "file": "/media/jbrogan4/scratch2/Reddit_Prov_Dataset_v6/_This_rainbow_woman_on_the_beach/g1208_ctlcef4.png", "URL": "http://i.imgur.com/w8Rnszk.png", "fileid": "g1208_ctlcef4.png"}, {"id": "g1208_ctm2h95", "comment": "not the best but its ok funny none the less http://i.imgur.com/tIVHsfr.jpg", "date": "2015-07-30 17:56:49", "seriesname": "g1208_ctm2h95", "file": "/media/jbrogan4/scratch2/Reddit_Prov_Dataset_v6/_This_rainbow_woman_on_the_beach/g1208_ctm2h95.jpg", "URL": "http://i.imgur.com/tIVHsfr.jpg", "fileid": "g1208_ctm2h95.jpg"}, {"id": "g1208_ctlh1y2", "comment": "http://i.imgur.com/KgkA9i9.png", "date": "2015-07-30 09:07:34", "seriesname": "g1208_ctlh1y2", "file": "/media/jbrogan4/scratch2/Reddit_Prov_Dataset_v6/_This_rainbow_woman_on_the_beach/g1208_ctlh1y2.png", "URL": "http://i.imgur.com/KgkA9i9.png", "fileid": "g1208_ctlh1y2.png"}, {"id": "g1208_ctle5v1", "comment": "[Done!](http://imgur.com/3VgSyR1)\n\n#Edit: [Added a little bit more Drake &amp; plane.](http://imgur.com/22k12u2)\n\nEdit 2.0: I just had a look at the GIFs on my tablet and they look terrible. For maximum viewing pleasure, watch on a non-mobile device x\n\nEdit 2.1: Can anyone give me some advice on how to make my Gifs less laggy and jumpy. They always start of fine  but halfway through creating them they go to shit even when I make the steps between movements smaller :(", "date": "2015-07-30 06:48:10", "seriesname": "g1208_ctle5v1", "file": "/media/jbrogan4/scratch2/Reddit_Prov_Dataset_v6/_This_rainbow_woman_on_the_beach/g1208_ctle5v1.png", "URL": "http://i.imgur.com/22k12u2.png", "fileid": "g1208_ctle5v1.png"}, {"id": "g1208_ctld9zn", "comment": "http://i.imgur.com/MfwzSfy.jpg", "date": "2015-07-30 05:47:50", "seriesname": "g1208_ctld9zn", "file": "/media/jbrogan4/scratch2/Reddit_Prov_Dataset_v6/_This_rainbow_woman_on_the_beach/g1208_ctld9zn.jpg", "URL": "http://i.imgur.com/MfwzSfy.jpg", "fileid": "g1208_ctld9zn.jpg"}, {"id": "g1208_ctlekku", "comment": "http://i.imgur.com/15KEGRB.png\n\nPink floyd, we salute you. ", "date": "2015-07-30 07:13:38", "seriesname": "g1208_ctlekku", "file": "/media/jbrogan4/scratch2/Reddit_Prov_Dataset_v6/_This_rainbow_woman_on_the_beach/g1208_ctlekku.png", "URL": "http://i.imgur.com/15KEGRB.png", "fileid": "g1208_ctlekku.png"}, {"id": "g1208_ctlgdck", "comment": "[I have literally no idea what I'm doing](http://imgur.com/7tpuXDV)", "date": "2015-07-30 08:41:31", "seriesname": "g1208_ctlgdck", "file": "/media/jbrogan4/scratch2/Reddit_Prov_Dataset_v6/_This_rainbow_woman_on_the_beach/g1208_ctlgdck.png", "URL": "http://i.imgur.com/7tpuXDV.png", "fileid": "g1208_ctlgdck.png"}, {"id": "g1208_ctlcxk8", "comment": "http://i.imgur.com/X3lZnFM.jpg", "date": "2015-07-30 05:23:32", "seriesname": "g1208_ctlcxk8", "file": "/media/jbrogan4/scratch2/Reddit_Prov_Dataset_v6/_This_rainbow_woman_on_the_beach/g1208_ctlcxk8.jpg", "URL": "http://i.imgur.com/X3lZnFM.jpg", "fileid": "g1208_ctlcxk8.jpg"}, {"id": "g1208_ctlgwt8", "comment": "http://imgur.com/qTrjoW8", "date": "2015-07-30 09:02:22", "seriesname": "g1208_ctlgwt8", "file": "/media/jbrogan4/scratch2/Reddit_Prov_Dataset_v6/_This_rainbow_woman_on_the_beach/g1208_ctlgwt8.png", "URL": "http://i.imgur.com/qTrjoW8.png", "fileid": "g1208_ctlgwt8.png"}, {"id": "g1208_ctlh3rv", "comment": "[!!slightly nsfw!!](http://imgur.com/I2XQVOl)", "date": "2015-07-30 09:09:25", "seriesname": "g1208_ctlh3rv", "file": "/media/jbrogan4/scratch2/Reddit_Prov_Dataset_v6/_This_rainbow_woman_on_the_beach/g1208_ctlh3rv.png", "URL": "http://i.imgur.com/I2XQVOl.png", "fileid": "g1208_ctlh3rv.png"}, {"id": "g1208_ctlsebf", "comment": "In honor of Levar Burton coming to Netflix  \nhttp://imgur.com/79PPjcb", "date": "2015-07-30 13:57:07", "seriesname": "g1208_ctlsebf", "file": "/media/jbrogan4/scratch2/Reddit_Prov_Dataset_v6/_This_rainbow_woman_on_the_beach/g1208_ctlsebf.png", "URL": "http://i.imgur.com/79PPjcb.png", "fileid": "g1208_ctlsebf.png"}, {"id": "g1208_ctlgfgb", "comment": "[Beach Hunk](http://i.imgur.com/fe6oGzR.png)", "date": "2015-07-30 08:43:51", "seriesname": "g1208_ctlgfgb", "file": "/media/jbrogan4/scratch2/Reddit_Prov_Dataset_v6/_This_rainbow_woman_on_the_beach/g1208_ctlgfgb.png", "URL": "http://i.imgur.com/fe6oGzR.png", "fileid": "g1208_ctlgfgb.png"}, {"id": "g1208_ctloyef", "comment": "[UNedited](http://i.imgur.com/QSTRbgp.jpg)", "date": "2015-07-30 12:38:43", "seriesname": "g1208_ctloyef", "file": "/media/jbrogan4/scratch2/Reddit_Prov_Dataset_v6/_This_rainbow_woman_on_the_beach/g1208_ctloyef.jpg", "URL": "http://i.imgur.com/QSTRbgp.jpg", "fileid": "g1208_ctloyef.jpg"}, {"id": "g1208_ctluo9q", "comment": "[As soon as I saw yours I opened it up in photoshop and thought i'd have a go at reversing it around so there's only one soldier in uniform, 3 minutes later I gave up.](http://i.imgur.com/ULNLdCT.jpg)", "date": "2015-07-30 14:49:03", "seriesname": "g1208_ctluo9q", "file": "/media/jbrogan4/scratch2/Reddit_Prov_Dataset_v6/_This_rainbow_woman_on_the_beach/g1208_ctluo9q.jpg", "URL": "http://i.imgur.com/ULNLdCT.jpg", "fileid": "g1208_ctluo9q.jpg"}, {"id": "g1208_ctmlv8x", "comment": "I'll try to finish for him. It's not perfect but [this is what I could manage by the end of my shift.](http://imgur.com/PlgKXLw)", "date": "2015-07-31 05:22:55", "seriesname": "g1208_ctmlv8x", "file": "/media/jbrogan4/scratch2/Reddit_Prov_Dataset_v6/_This_rainbow_woman_on_the_beach/g1208_ctmlv8x.png", "URL": "http://i.imgur.com/PlgKXLw.png", "fileid": "g1208_ctmlv8x.png"}, {"id": "g1208_ctle069", "comment": "\"You wanna be a clubland girl..... this is how you become a clubland girl\"  \nhttp://i.imgur.com/4dtXjNL.png", "date": "2015-07-30 06:37:59", "seriesname": "g1208_ctle069", "file": "/media/jbrogan4/scratch2/Reddit_Prov_Dataset_v6/_This_rainbow_woman_on_the_beach/g1208_ctle069.png", "URL": "http://i.imgur.com/4dtXjNL.png", "fileid": "g1208_ctle069.png"}, {"id": "g1208_ctludc3", "comment": "i dunno..  [camoflegs?](http://i.imgur.com/e2gt0ZJ.jpg)", "date": "2015-07-30 14:42:09", "seriesname": "g1208_ctludc3", "file": "/media/jbrogan4/scratch2/Reddit_Prov_Dataset_v6/_This_rainbow_woman_on_the_beach/g1208_ctludc3.jpg", "URL": "http://i.imgur.com/e2gt0ZJ.jpg", "fileid": "g1208_ctludc3.jpg"}, {"id": "g1208_ctlfy79", "comment": "[Draw me](http://i.imgur.com/rmcICWT.jpg)", "date": "2015-07-30 08:24:10", "seriesname": "g1208_ctlfy79", "file": "/media/jbrogan4/scratch2/Reddit_Prov_Dataset_v6/_This_rainbow_woman_on_the_beach/g1208_ctlfy79.jpg", "URL": "http://i.imgur.com/rmcICWT.jpg", "fileid": "g1208_ctlfy79.jpg"}, {"id": "g1208_ctlnikr", "comment": "Here you go: http://i.imgur.com/RG7gRc7.jpg", "date": "2015-07-30 12:04:36", "seriesname": "g1208_ctlnikr", "file": "/media/jbrogan4/scratch2/Reddit_Prov_Dataset_v6/_This_rainbow_woman_on_the_beach/g1208_ctlnikr.jpg", "URL": "http://i.imgur.com/RG7gRc7.jpg", "fileid": "g1208_ctlnikr.jpg"}, {"id": "g1208_ctlcxi6", "comment": "[blink and you'll miss it](http://i.imgur.com/Bk2grO5.png)", "date": "2015-07-30 05:23:25", "seriesname": "g1208_ctlcxi6", "file": "/media/jbrogan4/scratch2/Reddit_Prov_Dataset_v6/_This_rainbow_woman_on_the_beach/g1208_ctlcxi6.png", "URL": "http://i.imgur.com/Bk2grO5.png", "fileid": "g1208_ctlcxi6.png"}, {"id": "g1208_ctlcer4", "comment": "[What you've all been wanting](http://i.imgur.com/m0MFE7p.jpg)", "date": "2015-07-30 04:47:35", "seriesname": "g1208_ctlcer4", "file": "/media/jbrogan4/scratch2/Reddit_Prov_Dataset_v6/_This_rainbow_woman_on_the_beach/g1208_ctlcer4.jpg", "URL": "http://i.imgur.com/m0MFE7p.jpg", "fileid": "g1208_ctlcer4.jpg"}, {"id": "g1208_ctldv95", "comment": "https://imgur.com/mponUcc", "date": "2015-07-30 06:28:59", "seriesname": "g1208_ctldv95", "file": "/media/jbrogan4/scratch2/Reddit_Prov_Dataset_v6/_This_rainbow_woman_on_the_beach/g1208_ctldv95.png", "URL": "http://i.imgur.com/mponUcc.png", "fileid": "g1208_ctldv95.png"}, {"id": "g1208_ctlzexl", "comment": "[Master Chief found a new Cortana.](http://i.imgur.com/BU6jEbe.png)", "date": "2015-07-30 16:41:01", "seriesname": "g1208_ctlzexl", "file": "/media/jbrogan4/scratch2/Reddit_Prov_Dataset_v6/_This_rainbow_woman_on_the_beach/g1208_ctlzexl.png", "URL": "http://i.imgur.com/BU6jEbe.png", "fileid": "g1208_ctlzexl.png"}, {"id": "g1208_ctldfue", "comment": "[Fitler in the middle of a salute](http://imgur.com/NIQpN8Z)", "date": "2015-07-30 05:59:35", "seriesname": "g1208_ctldfue", "file": "/media/jbrogan4/scratch2/Reddit_Prov_Dataset_v6/_This_rainbow_woman_on_the_beach/g1208_ctldfue.png", "URL": "http://i.imgur.com/NIQpN8Z.png", "fileid": "g1208_ctldfue.png"}, {"id": "g1208_ctljsav", "comment": "http://imgur.com/GhOS3th", "date": "2015-07-30 10:30:53", "seriesname": "g1208_ctljsav", "file": "/media/jbrogan4/scratch2/Reddit_Prov_Dataset_v6/_This_rainbow_woman_on_the_beach/g1208_ctljsav.png", "URL": "http://i.imgur.com/GhOS3th.png", "fileid": "g1208_ctljsav.png"}, {"id": "g1208_ctlmzjh", "comment": "http://data.whicdn.com/images/191708417/large.jpg", "date": "2015-07-30 11:51:50", "seriesname": "g1208_ctlmzjh", "file": "/media/jbrogan4/scratch2/Reddit_Prov_Dataset_v6/_This_rainbow_woman_on_the_beach/g1208_ctlmzjh.jpg", "URL": "http://data.whicdn.com/images/191708417/large.jpg", "fileid": "g1208_ctlmzjh.jpg"}, {"id": "g1208_ctlk4sx", "comment": "http://i.imgur.com/gXt5eqi.jpg", "date": "2015-07-30 10:40:12", "seriesname": "g1208_ctlk4sx", "file": "/media/jbrogan4/scratch2/Reddit_Prov_Dataset_v6/_This_rainbow_woman_on_the_beach/g1208_ctlk4sx.jpg", "URL": "http://i.imgur.com/gXt5eqi.jpg", "fileid": "g1208_ctlk4sx.jpg"}, {"id": "g1208_ctldv7f", "comment": "Mine http://imgur.com/hJ5wNlG", "date": "2015-07-30 06:28:53", "seriesname": "g1208_ctldv7f", "file": "/media/jbrogan4/scratch2/Reddit_Prov_Dataset_v6/_This_rainbow_woman_on_the_beach/g1208_ctldv7f.png", "URL": "http://i.imgur.com/hJ5wNlG.png", "fileid": "g1208_ctldv7f.png"}, {"id": "g1208_ctlo9ut", "comment": "[OMG! Double Rainbow](http://i.imgur.com/0E1NlKe.jpg)", "date": "2015-07-30 12:22:42", "seriesname": "g1208_ctlo9ut", "file": "/media/jbrogan4/scratch2/Reddit_Prov_Dataset_v6/_This_rainbow_woman_on_the_beach/g1208_ctlo9ut.jpg", "URL": "http://i.imgur.com/0E1NlKe.jpg", "fileid": "g1208_ctlo9ut.jpg"}, {"id": "g1208_ctlff0d", "comment": "[Just doing some sight seeing](http://i.imgur.com/sPR4dBS.jpg)", "date": "2015-07-30 07:59:45", "seriesname": "g1208_ctlff0d", "file": "/media/jbrogan4/scratch2/Reddit_Prov_Dataset_v6/_This_rainbow_woman_on_the_beach/g1208_ctlff0d.jpg", "URL": "http://i.imgur.com/sPR4dBS.jpg", "fileid": "g1208_ctlff0d.jpg"}, {"id": "g1208_ctluhcj", "comment": "http://i.imgur.com/7dvPxsI.jpg", "date": "2015-07-30 14:44:45", "seriesname": "g1208_ctluhcj", "file": "/media/jbrogan4/scratch2/Reddit_Prov_Dataset_v6/_This_rainbow_woman_on_the_beach/g1208_ctluhcj.jpg", "URL": "http://i.imgur.com/7dvPxsI.jpg", "fileid": "g1208_ctluhcj.jpg"}, {"id": "g1208_ctlczyw", "comment": "http://i.imgur.com/hytLdxi.jpg", "date": "2015-07-30 05:28:06", "seriesname": "g1208_ctlczyw", "file": "/media/jbrogan4/scratch2/Reddit_Prov_Dataset_v6/_This_rainbow_woman_on_the_beach/g1208_ctlczyw.jpg", "URL": "http://i.imgur.com/hytLdxi.jpg", "fileid": "g1208_ctlczyw.jpg"}, {"id": "g1208_ctleqsi", "comment": "http://imgur.com/fwrXY5F", "date": "2015-07-30 07:23:55", "seriesname": "g1208_ctleqsi", "file": "/media/jbrogan4/scratch2/Reddit_Prov_Dataset_v6/_This_rainbow_woman_on_the_beach/g1208_ctleqsi.png", "URL": "http://i.imgur.com/fwrXY5F.png", "fileid": "g1208_ctleqsi.png"}, {"id": "g1208_ctlg4y9", "comment": "[Mission Accomplished](http://imgur.com/orHDinU)", "date": "2015-07-30 08:32:06", "seriesname": "g1208_ctlg4y9", "file": "/media/jbrogan4/scratch2/Reddit_Prov_Dataset_v6/_This_rainbow_woman_on_the_beach/g1208_ctlg4y9.png", "URL": "http://i.imgur.com/orHDinU.png", "fileid": "g1208_ctlg4y9.png"}, {"id": "g1208_ctld60w", "comment": "http://i.imgur.com/aJB3q1u.jpg", "date": "2015-07-30 05:40:11", "seriesname": "g1208_ctld60w", "file": "/media/jbrogan4/scratch2/Reddit_Prov_Dataset_v6/_This_rainbow_woman_on_the_beach/g1208_ctld60w.jpg", "URL": "http://i.imgur.com/aJB3q1u.jpg", "fileid": "g1208_ctld60w.jpg"}, {"id": "g1208_ctlq2zq", "comment": "http://i.imgur.com/AsxIpDL.png\n\nPirates of the Redditbeanen. \n\nI don't really know why I added the sword... but she looks happy. ", "date": "2015-07-30 13:04:57", "seriesname": "g1208_ctlq2zq", "file": "/media/jbrogan4/scratch2/Reddit_Prov_Dataset_v6/_This_rainbow_woman_on_the_beach/g1208_ctlq2zq.png", "URL": "http://i.imgur.com/AsxIpDL.png", "fileid": "g1208_ctlq2zq.png"}, {"id": "g1208_ctli3hx", "comment": "[Houses of the Holy](http://i.imgur.com/WerRYla.gif)", "date": "2015-07-30 09:42:23", "seriesname": "g1208_ctli3hx", "file": "/media/jbrogan4/scratch2/Reddit_Prov_Dataset_v6/_This_rainbow_woman_on_the_beach/g1208_ctli3hx.jpg", "URL": "http://i.imgur.com/WerRYla.gif", "fileid": "g1208_ctli3hx.gif"}, {"id": "g1208_ctle78y", "comment": "http://imgur.com/3fxYes7", "date": "2015-07-30 06:50:33", "seriesname": "g1208_ctle78y", "file": "/media/jbrogan4/scratch2/Reddit_Prov_Dataset_v6/_This_rainbow_woman_on_the_beach/g1208_ctle78y.png", "URL": "http://i.imgur.com/3fxYes7.png", "fileid": "g1208_ctle78y.png"}, {"id": "g1208_ctlr3ie", "comment": "Right on! If you want her to be level with your screen so her leg is flush with the bottom, open the image in what ever image editing program you have and crop the bottom. \n\n#[Or try this](http://imgur.com/uvzLN70)", "date": "2015-07-30 13:27:44", "seriesname": "g1208_ctlr3ie", "file": "/media/jbrogan4/scratch2/Reddit_Prov_Dataset_v6/_This_rainbow_woman_on_the_beach/g1208_ctlr3ie.png", "URL": "http://i.imgur.com/uvzLN70.png", "fileid": "g1208_ctlr3ie.png"}, {"id": "g1208_ctlkb5o", "comment": "http://i.imgur.com/IWKl99S.jpg\n\nYou're welcome!", "date": "2015-07-30 10:44:49", "seriesname": "g1208_ctlkb5o", "file": "/media/jbrogan4/scratch2/Reddit_Prov_Dataset_v6/_This_rainbow_woman_on_the_beach/g1208_ctlkb5o.jpg", "URL": "http://i.imgur.com/IWKl99S.jpg", "fileid": "g1208_ctlkb5o.jpg"}, {"id": "g1208_root", "comment": "", "date": "2015-07-30 03:18:43", "seriesname": "g1208_root", "file": "/media/jbrogan4/scratch2/Reddit_Prov_Dataset_v6/_This_rainbow_woman_on_the_beach/g1208_root.jpg", "URL": "https://i.imgur.com/gae6MrN.jpg", "fileid": "g1208_root.jpg"}, {"id": "g1208_ctlo371", "comment": "Best city flag ever [Provo](http://i.imgur.com/L32sXUe.jpg) lulz", "date": "2015-07-30 12:18:21", "seriesname": "g1208_ctlo371", "file": "/media/jbrogan4/scratch2/Reddit_Prov_Dataset_v6/_This_rainbow_woman_on_the_beach/g1208_ctlo371.jpg", "URL": "http://i.imgur.com/L32sXUe.jpg", "fileid": "g1208_ctlo371.jpg"}, {"id": "g1208_ctlqi58", "comment": "I have a transparent lockscreen now thanks to you:\rhttp://imgur.com/qZeU5ax", "date": "2015-07-30 13:14:31", "seriesname": "g1208_ctlqi58", "file": "/media/jbrogan4/scratch2/Reddit_Prov_Dataset_v6/_This_rainbow_woman_on_the_beach/g1208_ctlqi58.png", "URL": "http://i.imgur.com/qZeU5ax.png", "fileid": "g1208_ctlqi58.png"}], "graph": {"name": "g1208_root"}, "directed": true}