{"links": [{"op": "none", "target": 0, "source": 46}, {"op": "none", "target": 1, "source": 46}, {"op": "none", "target": 2, "source": 46}, {"op": "none", "target": 3, "source": 46}, {"op": "none", "target": 4, "source": 46}, {"op": "none", "target": 5, "source": 46}, {"op": "none", "target": 6, "source": 46}, {"op": "none", "target": 7, "source": 46}, {"op": "none", "target": 8, "source": 46}, {"op": "none", "target": 9, "source": 46}, {"op": "none", "target": 10, "source": 46}, {"op": "none", "target": 11, "source": 46}, {"op": "none", "target": 12, "source": 11}, {"op": "none", "target": 13, "source": 46}, {"op": "none", "target": 14, "source": 46}, {"op": "none", "target": 15, "source": 46}, {"op": "none", "target": 16, "source": 46}, {"op": "none", "target": 17, "source": 46}, {"op": "none", "target": 18, "source": 46}, {"op": "none", "target": 19, "source": 46}, {"op": "none", "target": 20, "source": 46}, {"op": "none", "target": 21, "source": 46}, {"op": "none", "target": 22, "source": 46}, {"op": "none", "target": 23, "source": 46}, {"op": "none", "target": 24, "source": 46}, {"op": "none", "target": 25, "source": 46}, {"op": "none", "target": 26, "source": 46}, {"op": "none", "target": 27, "source": 46}, {"op": "none", "target": 28, "source": 46}, {"op": "none", "target": 29, "source": 46}, {"op": "none", "target": 30, "source": 46}, {"op": "none", "target": 31, "source": 46}, {"op": "none", "target": 32, "source": 46}, {"op": "none", "target": 33, "source": 46}, {"op": "none", "target": 34, "source": 46}, {"op": "none", "target": 35, "source": 46}, {"op": "none", "target": 36, "source": 46}, {"op": "none", "target": 37, "source": 46}, {"op": "none", "target": 38, "source": 46}, {"op": "none", "target": 39, "source": 46}, {"op": "none", "target": 40, "source": 46}, {"op": "none", "target": 41, "source": 46}, {"op": "none", "target": 42, "source": 46}, {"op": "none", "target": 43, "source": 46}, {"op": "none", "target": 44, "source": 46}, {"op": "none", "target": 45, "source": 46}], "title": "_You_Catch_Your_Roommate_With_His_Pants_Down", "nodes": [{"id": "g1201_cqov6pa", "comment": "http://i.imgur.com/GEjTKTO.jpg\n\nedit: thanks, for your kindness here is bonus Hank with Mr. Cool Ice tattoos \nhttp://i.imgur.com/pHBXghG.jpg", "date": "2015-04-25 23:30:14", "seriesname": "g1201_cqov6pa", "file": "/media/jbrogan4/scratch2/Reddit_Prov_Dataset_v6/_You_Catch_Your_Roommate_With_His_Pants_Down/g1201_cqov6pa.jpg", "URL": "http://i.imgur.com/pHBXghG.jpg", "fileid": "g1201_cqov6pa.jpg"}, {"id": "g1201_cqowe3b", "comment": "[I don't know man...I...just don't](http://imgur.com/o0qGr5S)", "date": "2015-04-26 00:16:03", "seriesname": "g1201_cqowe3b", "file": "/media/jbrogan4/scratch2/Reddit_Prov_Dataset_v6/_You_Catch_Your_Roommate_With_His_Pants_Down/g1201_cqowe3b.png", "URL": "http://i.imgur.com/o0qGr5S.png", "fileid": "g1201_cqowe3b.png"}, {"id": "g1201_cqouw9v", "comment": "[Road Rage](http://i.imgur.com/kLicZse.jpg)", "date": "2015-04-25 23:18:42", "seriesname": "g1201_cqouw9v", "file": "/media/jbrogan4/scratch2/Reddit_Prov_Dataset_v6/_You_Catch_Your_Roommate_With_His_Pants_Down/g1201_cqouw9v.jpg", "URL": "http://i.imgur.com/kLicZse.jpg", "fileid": "g1201_cqouw9v.jpg"}, {"id": "g1201_cqosoxc", "comment": "http://i.imgur.com/XmnAJDA.png", "date": "2015-04-25 22:00:21", "seriesname": "g1201_cqosoxc", "file": "/media/jbrogan4/scratch2/Reddit_Prov_Dataset_v6/_You_Catch_Your_Roommate_With_His_Pants_Down/g1201_cqosoxc.png", "URL": "http://i.imgur.com/XmnAJDA.png", "fileid": "g1201_cqosoxc.png"}, {"id": "g1201_cqoykxr", "comment": "[Look out, here comes Spider-Man](https://imgur.com/oJuzhwD)", "date": "2015-04-26 01:53:28", "seriesname": "g1201_cqoykxr", "file": "/media/jbrogan4/scratch2/Reddit_Prov_Dataset_v6/_You_Catch_Your_Roommate_With_His_Pants_Down/g1201_cqoykxr.png", "URL": "http://i.imgur.com/oJuzhwD.png", "fileid": "g1201_cqoykxr.png"}, {"id": "g1201_cqp4rf0", "comment": "[Shame on you for judging him!](http://i.imgur.com/zsSXuxw.png)", "date": "2015-04-26 09:07:05", "seriesname": "g1201_cqp4rf0", "file": "/media/jbrogan4/scratch2/Reddit_Prov_Dataset_v6/_You_Catch_Your_Roommate_With_His_Pants_Down/g1201_cqp4rf0.png", "URL": "http://i.imgur.com/zsSXuxw.png", "fileid": "g1201_cqp4rf0.png"}, {"id": "g1201_cqp18g3", "comment": "[Nasty pictures](http://i.imgur.com/QibbJ4z.jpg)", "date": "2015-04-26 04:41:09", "seriesname": "g1201_cqp18g3", "file": "/media/jbrogan4/scratch2/Reddit_Prov_Dataset_v6/_You_Catch_Your_Roommate_With_His_Pants_Down/g1201_cqp18g3.jpg", "URL": "http://i.imgur.com/QibbJ4z.jpg", "fileid": "g1201_cqp18g3.jpg"}, {"id": "g1201_cqp2lsj", "comment": "http://i.imgur.com/S3fq5ln.jpg", "date": "2015-04-26 06:37:17", "seriesname": "g1201_cqp2lsj", "file": "/media/jbrogan4/scratch2/Reddit_Prov_Dataset_v6/_You_Catch_Your_Roommate_With_His_Pants_Down/g1201_cqp2lsj.jpg", "URL": "http://i.imgur.com/S3fq5ln.jpg", "fileid": "g1201_cqp2lsj.jpg"}, {"id": "g1201_cqow830", "comment": "this actually happened\n\nhttp://i.imgur.com/QrQnuou.jpg", "date": "2015-04-26 00:09:31", "seriesname": "g1201_cqow830", "file": "/media/jbrogan4/scratch2/Reddit_Prov_Dataset_v6/_You_Catch_Your_Roommate_With_His_Pants_Down/g1201_cqow830.jpg", "URL": "http://i.imgur.com/QrQnuou.jpg", "fileid": "g1201_cqow830.jpg"}, {"id": "g1201_cqp5kfh", "comment": "Sorry for the late submission:\nhttp://i.imgur.com/GADuxsL.jpg", "date": "2015-04-26 09:46:09", "seriesname": "g1201_cqp5kfh", "file": "/media/jbrogan4/scratch2/Reddit_Prov_Dataset_v6/_You_Catch_Your_Roommate_With_His_Pants_Down/g1201_cqp5kfh.jpg", "URL": "http://i.imgur.com/GADuxsL.jpg", "fileid": "g1201_cqp5kfh.jpg"}, {"id": "g1201_cqovla5", "comment": "[( \u0361\u00b0 \u035c\u0296 \u0361\u00b0)](http://i.imgur.com/MRYcMfn.jpg)", "date": "2015-04-25 23:45:52", "seriesname": "g1201_cqovla5", "file": "/media/jbrogan4/scratch2/Reddit_Prov_Dataset_v6/_You_Catch_Your_Roommate_With_His_Pants_Down/g1201_cqovla5.jpg", "URL": "http://i.imgur.com/MRYcMfn.jpg", "fileid": "g1201_cqovla5.jpg"}, {"id": "g1201_cqovgp3", "comment": "[http://i.imgur.com/hO6w8tr.jpg](http://i.imgur.com/hO6w8tr.jpg)", "date": "2015-04-25 23:41:01", "seriesname": "g1201_cqovgp3", "file": "/media/jbrogan4/scratch2/Reddit_Prov_Dataset_v6/_You_Catch_Your_Roommate_With_His_Pants_Down/g1201_cqovgp3.jpg", "URL": "http://i.imgur.com/hO6w8tr.jpg](http://i.imgur.com/hO6w8tr.jpg", "fileid": "g1201_cqovgp3.jpg"}, {"id": "g1201_cqoy7ux", "comment": "[I don't get it.](http://i.imgur.com/gk3oyfg.jpg)\n\nEdit: [Might as well since I'm already here.](http://i.imgur.com/cKygN1Y.jpg)", "date": "2015-04-26 01:35:43", "seriesname": "g1201_cqoy7ux", "file": "/media/jbrogan4/scratch2/Reddit_Prov_Dataset_v6/_You_Catch_Your_Roommate_With_His_Pants_Down/g1201_cqoy7ux.jpg", "URL": "http://i.imgur.com/cKygN1Y.jpg", "fileid": "g1201_cqoy7ux.jpg"}, {"id": "g1201_cqouubn", "comment": "[Dickbutt](http://i.imgur.com/6PPwROn.jpg)", "date": "2015-04-25 23:16:45", "seriesname": "g1201_cqouubn", "file": "/media/jbrogan4/scratch2/Reddit_Prov_Dataset_v6/_You_Catch_Your_Roommate_With_His_Pants_Down/g1201_cqouubn.jpg", "URL": "http://i.imgur.com/6PPwROn.jpg", "fileid": "g1201_cqouubn.jpg"}, {"id": "g1201_cqozjvu", "comment": "http://i.imgur.com/7mJI52r.jpg", "date": "2015-04-26 02:45:25", "seriesname": "g1201_cqozjvu", "file": "/media/jbrogan4/scratch2/Reddit_Prov_Dataset_v6/_You_Catch_Your_Roommate_With_His_Pants_Down/g1201_cqozjvu.jpg", "URL": "http://i.imgur.com/7mJI52r.jpg", "fileid": "g1201_cqozjvu.jpg"}, {"id": "g1201_cqowixg", "comment": "[He can't get enough of the big guy.](http://i.imgur.com/bHJq7KC.png)", "date": "2015-04-26 00:21:28", "seriesname": "g1201_cqowixg", "file": "/media/jbrogan4/scratch2/Reddit_Prov_Dataset_v6/_You_Catch_Your_Roommate_With_His_Pants_Down/g1201_cqowixg.png", "URL": "http://i.imgur.com/bHJq7KC.png", "fileid": "g1201_cqowixg.png"}, {"id": "g1201_cqoxema", "comment": "http://imgur.com/O5Mk4gs\n\nBlop.", "date": "2015-04-26 00:58:20", "seriesname": "g1201_cqoxema", "file": "/media/jbrogan4/scratch2/Reddit_Prov_Dataset_v6/_You_Catch_Your_Roommate_With_His_Pants_Down/g1201_cqoxema.png", "URL": "http://i.imgur.com/O5Mk4gs.png", "fileid": "g1201_cqoxema.png"}, {"id": "g1201_cqovfx0", "comment": "Hot [Nigel on Nigel](http://i.imgur.com/st0Zqby.jpg) Action (Absolutely Smashing)", "date": "2015-04-25 23:40:07", "seriesname": "g1201_cqovfx0", "file": "/media/jbrogan4/scratch2/Reddit_Prov_Dataset_v6/_You_Catch_Your_Roommate_With_His_Pants_Down/g1201_cqovfx0.jpg", "URL": "http://i.imgur.com/st0Zqby.jpg", "fileid": "g1201_cqovfx0.jpg"}, {"id": "g1201_cqovqke", "comment": "http://i.imgur.com/VvCZRx0.jpg?1\n\nEdit: [rub that scrub](http://i.imgur.com/E39pZS6.jpg)\n\nTriple: [pants 200% down](http://i.imgur.com/GhNxRT2.jpg)", "date": "2015-04-25 23:51:14", "seriesname": "g1201_cqovqke", "file": "/media/jbrogan4/scratch2/Reddit_Prov_Dataset_v6/_You_Catch_Your_Roommate_With_His_Pants_Down/g1201_cqovqke.jpg", "URL": "http://i.imgur.com/GhNxRT2.jpg", "fileid": "g1201_cqovqke.jpg"}, {"id": "g1201_cqovpcs", "comment": "[Watermelon](http://i.imgur.com/dy9BNQD.jpg)", "date": "2015-04-25 23:50:00", "seriesname": "g1201_cqovpcs", "file": "/media/jbrogan4/scratch2/Reddit_Prov_Dataset_v6/_You_Catch_Your_Roommate_With_His_Pants_Down/g1201_cqovpcs.jpg", "URL": "http://i.imgur.com/dy9BNQD.jpg", "fileid": "g1201_cqovpcs.jpg"}, {"id": "g1201_cqoxjpw", "comment": "[You like Krabby Patties don't you Reddit](http://i.imgur.com/bwCQrju.jpg)", "date": "2015-04-26 01:04:39", "seriesname": "g1201_cqoxjpw", "file": "/media/jbrogan4/scratch2/Reddit_Prov_Dataset_v6/_You_Catch_Your_Roommate_With_His_Pants_Down/g1201_cqoxjpw.jpg", "URL": "http://i.imgur.com/bwCQrju.jpg", "fileid": "g1201_cqoxjpw.jpg"}, {"id": "g1201_cqp023h", "comment": "[Elite gaming rig.](http://i.imgur.com/F2akFAk.jpg)", "date": "2015-04-26 03:16:39", "seriesname": "g1201_cqp023h", "file": "/media/jbrogan4/scratch2/Reddit_Prov_Dataset_v6/_You_Catch_Your_Roommate_With_His_Pants_Down/g1201_cqp023h.jpg", "URL": "http://i.imgur.com/F2akFAk.jpg", "fileid": "g1201_cqp023h.jpg"}, {"id": "g1201_cqovht8", "comment": "http://i.imgur.com/02SlLuf.jpg", "date": "2015-04-25 23:42:16", "seriesname": "g1201_cqovht8", "file": "/media/jbrogan4/scratch2/Reddit_Prov_Dataset_v6/_You_Catch_Your_Roommate_With_His_Pants_Down/g1201_cqovht8.jpg", "URL": "http://i.imgur.com/02SlLuf.jpg", "fileid": "g1201_cqovht8.jpg"}, {"id": "g1201_cqoxcha", "comment": "http://imgur.com/H1cJbeI", "date": "2015-04-26 00:55:45", "seriesname": "g1201_cqoxcha", "file": "/media/jbrogan4/scratch2/Reddit_Prov_Dataset_v6/_You_Catch_Your_Roommate_With_His_Pants_Down/g1201_cqoxcha.png", "URL": "http://i.imgur.com/H1cJbeI.png", "fileid": "g1201_cqoxcha.png"}, {"id": "g1201_cqoxglv", "comment": "[Here you go](http://i.imgur.com/zJED1VR.jpg)", "date": "2015-04-26 01:00:49", "seriesname": "g1201_cqoxglv", "file": "/media/jbrogan4/scratch2/Reddit_Prov_Dataset_v6/_You_Catch_Your_Roommate_With_His_Pants_Down/g1201_cqoxglv.jpg", "URL": "http://i.imgur.com/zJED1VR.jpg", "fileid": "g1201_cqoxglv.jpg"}, {"id": "g1201_cqot365", "comment": "[As requested](http://i.imgur.com/LjHYAbU.jpg) by /u/Overthinks_Questions", "date": "2015-04-25 22:14:19", "seriesname": "g1201_cqot365", "file": "/media/jbrogan4/scratch2/Reddit_Prov_Dataset_v6/_You_Catch_Your_Roommate_With_His_Pants_Down/g1201_cqot365.jpg", "URL": "http://i.imgur.com/LjHYAbU.jpg", "fileid": "g1201_cqot365.jpg"}, {"id": "g1201_cqovhwz", "comment": "[My roommate is otherkin](http://i.imgur.com/DnSAplN.jpg)", "date": "2015-04-25 23:42:23", "seriesname": "g1201_cqovhwz", "file": "/media/jbrogan4/scratch2/Reddit_Prov_Dataset_v6/_You_Catch_Your_Roommate_With_His_Pants_Down/g1201_cqovhwz.jpg", "URL": "http://i.imgur.com/DnSAplN.jpg", "fileid": "g1201_cqovhwz.jpg"}, {"id": "g1201_cqot2ox", "comment": "http://imgur.com/TmdNXes", "date": "2015-04-25 22:13:53", "seriesname": "g1201_cqot2ox", "file": "/media/jbrogan4/scratch2/Reddit_Prov_Dataset_v6/_You_Catch_Your_Roommate_With_His_Pants_Down/g1201_cqot2ox.png", "URL": "http://i.imgur.com/TmdNXes.png", "fileid": "g1201_cqot2ox.png"}, {"id": "g1201_cqou9k1", "comment": "[right in the childhood](http://imgur.com/FHoLxvH)\n", "date": "2015-04-25 22:55:58", "seriesname": "g1201_cqou9k1", "file": "/media/jbrogan4/scratch2/Reddit_Prov_Dataset_v6/_You_Catch_Your_Roommate_With_His_Pants_Down/g1201_cqou9k1.png", "URL": "http://i.imgur.com/FHoLxvH.png", "fileid": "g1201_cqou9k1.png"}, {"id": "g1201_cqoxf9b", "comment": "[Nothing to see here.. \n](http://imgur.com/ukCd5kZ)\n\nEdit: [Thank you for the Gold!](http://tinyurl.com/o8d5zkm)", "date": "2015-04-26 00:59:07", "seriesname": "g1201_cqoxf9b", "file": "/media/jbrogan4/scratch2/Reddit_Prov_Dataset_v6/_You_Catch_Your_Roommate_With_His_Pants_Down/g1201_cqoxf9b.png", "URL": "http://i.imgur.com/ukCd5kZ.png", "fileid": "g1201_cqoxf9b.png"}, {"id": "g1201_cqpbvk1", "comment": "[You're not perfect...](http://i.imgur.com/CgCuIUa.jpg)", "date": "2015-04-26 13:25:37", "seriesname": "g1201_cqpbvk1", "file": "/media/jbrogan4/scratch2/Reddit_Prov_Dataset_v6/_You_Catch_Your_Roommate_With_His_Pants_Down/g1201_cqpbvk1.jpg", "URL": "http://i.imgur.com/CgCuIUa.jpg", "fileid": "g1201_cqpbvk1.jpg"}, {"id": "g1201_cqovbza", "comment": "[You look like you've just seen a ghost!](http://imgur.com/TSJpXkP) \n\nEdit: wrong link", "date": "2015-04-25 23:36:05", "seriesname": "g1201_cqovbza", "file": "/media/jbrogan4/scratch2/Reddit_Prov_Dataset_v6/_You_Catch_Your_Roommate_With_His_Pants_Down/g1201_cqovbza.png", "URL": "http://i.imgur.com/TSJpXkP.png", "fileid": "g1201_cqovbza.png"}, {"id": "g1201_cqp1e7i", "comment": "[http://i.imgur.com/Z2PbWia.png](http://i.imgur.com/Z2PbWia.png)", "date": "2015-04-26 04:53:56", "seriesname": "g1201_cqp1e7i", "file": "/media/jbrogan4/scratch2/Reddit_Prov_Dataset_v6/_You_Catch_Your_Roommate_With_His_Pants_Down/g1201_cqp1e7i.png", "URL": "http://i.imgur.com/Z2PbWia.png](http://i.imgur.com/Z2PbWia.png", "fileid": "g1201_cqp1e7i.png"}, {"id": "g1201_cqozak4", "comment": "http://imgur.com/3Y7dAeK\n oh thomas\nl.e.", "date": "2015-04-26 02:30:50", "seriesname": "g1201_cqozak4", "file": "/media/jbrogan4/scratch2/Reddit_Prov_Dataset_v6/_You_Catch_Your_Roommate_With_His_Pants_Down/g1201_cqozak4.png", "URL": "http://i.imgur.com/3Y7dAeK.png", "fileid": "g1201_cqozak4.png"}, {"id": "g1201_cqp2jum", "comment": "[Look at me](http://i.imgur.com/9r1qaXQ.png)", "date": "2015-04-26 06:32:48", "seriesname": "g1201_cqp2jum", "file": "/media/jbrogan4/scratch2/Reddit_Prov_Dataset_v6/_You_Catch_Your_Roommate_With_His_Pants_Down/g1201_cqp2jum.png", "URL": "http://i.imgur.com/9r1qaXQ.png", "fileid": "g1201_cqp2jum.png"}, {"id": "g1201_cqovl40", "comment": "[Chandler! D:](http://i.imgur.com/M1TSBlU.gif)", "date": "2015-04-25 23:45:42", "seriesname": "g1201_cqovl40", "file": "/media/jbrogan4/scratch2/Reddit_Prov_Dataset_v6/_You_Catch_Your_Roommate_With_His_Pants_Down/g1201_cqovl40.jpg", "URL": "http://i.imgur.com/M1TSBlU.gif", "fileid": "g1201_cqovl40.gif"}, {"id": "g1201_cqp08c8", "comment": "http://i.imgur.com/0hyJmg3.png", "date": "2015-04-26 03:28:08", "seriesname": "g1201_cqp08c8", "file": "/media/jbrogan4/scratch2/Reddit_Prov_Dataset_v6/_You_Catch_Your_Roommate_With_His_Pants_Down/g1201_cqp08c8.png", "URL": "http://i.imgur.com/0hyJmg3.png", "fileid": "g1201_cqp08c8.png"}, {"id": "g1201_cqozpgk", "comment": "[Hello Jerry.](http://i.imgur.com/n48Cu4B.jpg?1)", "date": "2015-04-26 02:54:41", "seriesname": "g1201_cqozpgk", "file": "/media/jbrogan4/scratch2/Reddit_Prov_Dataset_v6/_You_Catch_Your_Roommate_With_His_Pants_Down/g1201_cqozpgk.jpg", "URL": "http://i.imgur.com/n48Cu4B.jpg?1", "fileid": "g1201_cqozpgk.jpg"}, {"id": "g1201_cqp2td4", "comment": "The memories...\n\nhttp://imgur.com/322touz", "date": "2015-04-26 06:54:57", "seriesname": "g1201_cqp2td4", "file": "/media/jbrogan4/scratch2/Reddit_Prov_Dataset_v6/_You_Catch_Your_Roommate_With_His_Pants_Down/g1201_cqp2td4.png", "URL": "http://i.imgur.com/322touz.png", "fileid": "g1201_cqp2td4.png"}, {"id": "g1201_cqow97i", "comment": "[( \u0361\u0361 \u221e \u035c \u0296 \u0361 \u221e)](http://i.imgur.com/rpSTSgF.gif)\n\n\ne: [#2](http://i.imgur.com/1tOZ3Vc.png)\n\ne2: [last submission: when you ask to see a redditor's tattoo](http://imgur.com/WdX97OG)\n\ne3: thank you, stranger!", "date": "2015-04-26 00:10:43", "seriesname": "g1201_cqow97i", "file": "/media/jbrogan4/scratch2/Reddit_Prov_Dataset_v6/_You_Catch_Your_Roommate_With_His_Pants_Down/g1201_cqow97i.png", "URL": "http://i.imgur.com/WdX97OG.png", "fileid": "g1201_cqow97i.png"}, {"id": "g1201_cqot1xe", "comment": "http://imgur.com/84VDLwx", "date": "2015-04-25 22:13:06", "seriesname": "g1201_cqot1xe", "file": "/media/jbrogan4/scratch2/Reddit_Prov_Dataset_v6/_You_Catch_Your_Roommate_With_His_Pants_Down/g1201_cqot1xe.png", "URL": "http://i.imgur.com/84VDLwx.png", "fileid": "g1201_cqot1xe.png"}, {"id": "g1201_cqov0pc", "comment": "[Have you ever seen a portal?](http://i.imgur.com/gsOEjeI.gif)", "date": "2015-04-25 23:23:10", "seriesname": "g1201_cqov0pc", "file": "/media/jbrogan4/scratch2/Reddit_Prov_Dataset_v6/_You_Catch_Your_Roommate_With_His_Pants_Down/g1201_cqov0pc.jpg", "URL": "http://i.imgur.com/gsOEjeI.gif", "fileid": "g1201_cqov0pc.gif"}, {"id": "g1201_cqowau1", "comment": "http://i.imgur.com/UPzn83T.jpg", "date": "2015-04-26 00:12:26", "seriesname": "g1201_cqowau1", "file": "/media/jbrogan4/scratch2/Reddit_Prov_Dataset_v6/_You_Catch_Your_Roommate_With_His_Pants_Down/g1201_cqowau1.jpg", "URL": "http://i.imgur.com/UPzn83T.jpg", "fileid": "g1201_cqowau1.jpg"}, {"id": "g1201_cqowelp", "comment": "[This man is a pervert.  If seen, contact Dwight Schrute.](http://i.imgur.com/I87TQ6j.jpg)", "date": "2015-04-26 00:16:37", "seriesname": "g1201_cqowelp", "file": "/media/jbrogan4/scratch2/Reddit_Prov_Dataset_v6/_You_Catch_Your_Roommate_With_His_Pants_Down/g1201_cqowelp.jpg", "URL": "http://i.imgur.com/I87TQ6j.jpg", "fileid": "g1201_cqowelp.jpg"}, {"id": "g1201_cqoyzhh", "comment": "http://i.imgur.com/LuOzaMB.jpg", "date": "2015-04-26 02:14:07", "seriesname": "g1201_cqoyzhh", "file": "/media/jbrogan4/scratch2/Reddit_Prov_Dataset_v6/_You_Catch_Your_Roommate_With_His_Pants_Down/g1201_cqoyzhh.jpg", "URL": "http://i.imgur.com/LuOzaMB.jpg", "fileid": "g1201_cqoyzhh.jpg"}, {"id": "g1201_cqovcyi", "comment": "http://i.imgur.com/cSWEWvk.jpg", "date": "2015-04-25 23:37:08", "seriesname": "g1201_cqovcyi", "file": "/media/jbrogan4/scratch2/Reddit_Prov_Dataset_v6/_You_Catch_Your_Roommate_With_His_Pants_Down/g1201_cqovcyi.jpg", "URL": "http://i.imgur.com/cSWEWvk.jpg", "fileid": "g1201_cqovcyi.jpg"}, {"id": "g1201_root", "comment": "", "date": "2015-04-25 21:41:21", "seriesname": "g1201_root", "file": "/media/jbrogan4/scratch2/Reddit_Prov_Dataset_v6/_You_Catch_Your_Roommate_With_His_Pants_Down/g1201_root.png", "URL": "http://i.imgur.com/ydC70b9.png", "fileid": "g1201_root.png"}], "graph": {"name": "g1201_root"}, "directed": true}