{"links": [{"op": "none", "target": 0, "source": 42}, {"op": "none", "target": 3, "source": 33}, {"op": "none", "target": 8, "source": 45}, {"op": "none", "target": 14, "source": 26}, {"op": "none", "target": 15, "source": 26}, {"op": "none", "target": 20, "source": 28}, {"op": "none", "target": 23, "source": 20}, {"op": "none", "target": 27, "source": 1}, {"op": "none", "target": 28, "source": 39}, {"op": "none", "target": 32, "source": 28}, {"op": "none", "target": 33, "source": 39}, {"op": "none", "target": 36, "source": 42}, {"op": "none", "target": 40, "source": 21}, {"op": "none", "target": 42, "source": 1}], "title": "_Marilyn_Monroe's_first_modeling_photo_(1946)", "nodes": [{"id": "g1204_cy91csk", "comment": "https://imgur.com/na1TI69", "date": "2015-12-23 11:15:37", "seriesname": "g1204_cy91csk", "file": "/media/jbrogan4/scratch2/Reddit_Prov_Dataset_v6/_Marilyn_Monroe's_first_modeling_photo_(1946)/g1204_cy91csk.png", "URL": "http://i.imgur.com/na1TI69.png", "fileid": "g1204_cy91csk.png"}, {"id": "g1204_cy8yrxg", "comment": "http://i.imgur.com/9Q4oAQ1.jpg", "date": "2015-12-23 09:58:50", "seriesname": "g1204_cy8yrxg", "file": "/media/jbrogan4/scratch2/Reddit_Prov_Dataset_v6/_Marilyn_Monroe's_first_modeling_photo_(1946)/g1204_cy8yrxg.jpg", "URL": "http://i.imgur.com/9Q4oAQ1.jpg", "fileid": "g1204_cy8yrxg.jpg"}, {"id": "g1204_cy9qkph", "comment": "[Continuing the vehicle naming trend](http://imgur.com/otH07A4)", "date": "2015-12-23 23:35:17", "seriesname": "g1204_cy9qkph", "file": "/media/jbrogan4/scratch2/Reddit_Prov_Dataset_v6/_Marilyn_Monroe's_first_modeling_photo_(1946)/g1204_cy9qkph.png", "URL": "http://i.imgur.com/otH07A4.png", "fileid": "g1204_cy9qkph.png"}, {"id": "g1204_cy8zzwm", "comment": "**[SERIOUSLY dude\u203d No means NO!](http://i.imgur.com/ov1rsdP.gif)**", "date": "2015-12-23 10:36:56", "seriesname": "g1204_cy8zzwm", "file": "/media/jbrogan4/scratch2/Reddit_Prov_Dataset_v6/_Marilyn_Monroe's_first_modeling_photo_(1946)/g1204_cy8zzwm.jpg", "URL": "http://i.imgur.com/ov1rsdP.gif)**", "fileid": "g1204_cy8zzwm.gif**"}, {"id": "g1204_cy9aeqs", "comment": "[So beautiful...](http://i.imgur.com/gz71XBu.jpg)", "date": "2015-12-23 15:13:58", "seriesname": "g1204_cy9aeqs", "file": "/media/jbrogan4/scratch2/Reddit_Prov_Dataset_v6/_Marilyn_Monroe's_first_modeling_photo_(1946)/g1204_cy9aeqs.jpg", "URL": "http://i.imgur.com/gz71XBu.jpg", "fileid": "g1204_cy9aeqs.jpg"}, {"id": "g1204_cy9061q", "comment": "[gee, there sure is a nice breeze today](http://i.imgur.com/mzF2Pdk.jpg)", "date": "2015-12-23 10:41:59", "seriesname": "g1204_cy9061q", "file": "/media/jbrogan4/scratch2/Reddit_Prov_Dataset_v6/_Marilyn_Monroe's_first_modeling_photo_(1946)/g1204_cy9061q.jpg", "URL": "http://i.imgur.com/mzF2Pdk.jpg", "fileid": "g1204_cy9061q.jpg"}, {"id": "g1204_cy9bzrx", "comment": "Made the photo more 'appealing' to 2015 standards.\n\nhttp://i.imgur.com/24JG0TN.jpg", "date": "2015-12-23 15:55:49", "seriesname": "g1204_cy9bzrx", "file": "/media/jbrogan4/scratch2/Reddit_Prov_Dataset_v6/_Marilyn_Monroe's_first_modeling_photo_(1946)/g1204_cy9bzrx.jpg", "URL": "http://i.imgur.com/24JG0TN.jpg", "fileid": "g1204_cy9bzrx.jpg"}, {"id": "g1204_cy90wp1", "comment": "[One true goddess?](http://i.imgur.com/jF3GGPl.jpg)", "date": "2015-12-23 11:03:04", "seriesname": "g1204_cy90wp1", "file": "/media/jbrogan4/scratch2/Reddit_Prov_Dataset_v6/_Marilyn_Monroe's_first_modeling_photo_(1946)/g1204_cy90wp1.jpg", "URL": "http://i.imgur.com/jF3GGPl.jpg", "fileid": "g1204_cy90wp1.jpg"}, {"id": "g1204_cy92anh", "comment": "She had an [unhealthy obsession with blowing bubbles](http://i.imgur.com/iSSToM2.jpg) that eventually lead to her death.", "date": "2015-12-23 11:41:00", "seriesname": "g1204_cy92anh", "file": "/media/jbrogan4/scratch2/Reddit_Prov_Dataset_v6/_Marilyn_Monroe's_first_modeling_photo_(1946)/g1204_cy92anh.jpg", "URL": "http://i.imgur.com/iSSToM2.jpg", "fileid": "g1204_cy92anh.jpg"}, {"id": "g1204_cy8zz18", "comment": "[http://i.imgur.com/3cWLWW9.png](http://i.imgur.com/3cWLWW9.png)", "date": "2015-12-23 10:36:14", "seriesname": "g1204_cy8zz18", "file": "/media/jbrogan4/scratch2/Reddit_Prov_Dataset_v6/_Marilyn_Monroe's_first_modeling_photo_(1946)/g1204_cy8zz18.png", "URL": "http://i.imgur.com/3cWLWW9.png](http://i.imgur.com/3cWLWW9.png", "fileid": "g1204_cy8zz18.png"}, {"id": "g1204_cy8y86g", "comment": "[:(](http://imgur.com/O0W5osL)", "date": "2015-12-23 09:40:41", "seriesname": "g1204_cy8y86g", "file": "/media/jbrogan4/scratch2/Reddit_Prov_Dataset_v6/_Marilyn_Monroe's_first_modeling_photo_(1946)/g1204_cy8y86g.png", "URL": "http://i.imgur.com/O0W5osL.png", "fileid": "g1204_cy8y86g.png"}, {"id": "g1204_cy91tvg", "comment": "[Rumors Confirmed](http://i.imgur.com/G2jqQhP.png)", "date": "2015-12-23 11:28:38", "seriesname": "g1204_cy91tvg", "file": "/media/jbrogan4/scratch2/Reddit_Prov_Dataset_v6/_Marilyn_Monroe's_first_modeling_photo_(1946)/g1204_cy91tvg.png", "URL": "http://i.imgur.com/G2jqQhP.png", "fileid": "g1204_cy91tvg.png"}, {"id": "g1204_cy9219n", "comment": "[Real women have fins](http://i.imgur.com/gCZ5rHd.jpg)\n\nEdited for better shop (still no very good tho)", "date": "2015-12-23 11:34:09", "seriesname": "g1204_cy9219n", "file": "/media/jbrogan4/scratch2/Reddit_Prov_Dataset_v6/_Marilyn_Monroe's_first_modeling_photo_(1946)/g1204_cy9219n.jpg", "URL": "http://i.imgur.com/gCZ5rHd.jpg", "fileid": "g1204_cy9219n.jpg"}, {"id": "g1204_cy9614f", "comment": "[Thailand] (http://imgur.com/e6meBzh)", "date": "2015-12-23 13:19:38", "seriesname": "g1204_cy9614f", "file": "/media/jbrogan4/scratch2/Reddit_Prov_Dataset_v6/_Marilyn_Monroe's_first_modeling_photo_(1946)/g1204_cy9614f.png", "URL": "http://i.imgur.com/e6meBzh.png", "fileid": "g1204_cy9614f.png"}, {"id": "g1204_cy93mc6", "comment": "Before airplane banners messages and skywriting there was a more romantic way to express feelings to your lover whilst on a date.\n\nhttp://i.imgur.com/QVxG0Nb.jpg", "date": "2015-12-23 12:16:15", "seriesname": "g1204_cy93mc6", "file": "/media/jbrogan4/scratch2/Reddit_Prov_Dataset_v6/_Marilyn_Monroe's_first_modeling_photo_(1946)/g1204_cy93mc6.jpg", "URL": "http://i.imgur.com/QVxG0Nb.jpg", "fileid": "g1204_cy93mc6.jpg"}, {"id": "g1204_cy923mq", "comment": "Had a similar idea:\n\n[\"Marilyn MonPoe\"](http://i.imgur.com/vyTLYUa.jpg)\n\n*For those sensitive to the force, some may consider that a spoiler since it's a shot of Poe from Star Wars.", "date": "2015-12-23 11:35:55", "seriesname": "g1204_cy923mq", "file": "/media/jbrogan4/scratch2/Reddit_Prov_Dataset_v6/_Marilyn_Monroe's_first_modeling_photo_(1946)/g1204_cy923mq.jpg", "URL": "http://i.imgur.com/vyTLYUa.jpg", "fileid": "g1204_cy923mq.jpg"}, {"id": "g1204_cy92u2b", "comment": "[So this is why Normandy was such a disaster](http://i.imgur.com/Y8om8Vf.jpg)", "date": "2015-12-23 11:55:12", "seriesname": "g1204_cy92u2b", "file": "/media/jbrogan4/scratch2/Reddit_Prov_Dataset_v6/_Marilyn_Monroe's_first_modeling_photo_(1946)/g1204_cy92u2b.jpg", "URL": "http://i.imgur.com/Y8om8Vf.jpg", "fileid": "g1204_cy92u2b.jpg"}, {"id": "g1204_cy9nwb5", "comment": "[Where's Marilyn?](http://i.imgur.com/gDj3zhl.png)", "date": "2015-12-23 21:58:46", "seriesname": "g1204_cy9nwb5", "file": "/media/jbrogan4/scratch2/Reddit_Prov_Dataset_v6/_Marilyn_Monroe's_first_modeling_photo_(1946)/g1204_cy9nwb5.png", "URL": "http://i.imgur.com/gDj3zhl.png", "fileid": "g1204_cy9nwb5.png"}, {"id": "g1204_cy9gzpf", "comment": "Token [circle nude](http://i.imgur.com/KVTiGjP.jpg)?", "date": "2015-12-23 18:16:07", "seriesname": "g1204_cy9gzpf", "file": "/media/jbrogan4/scratch2/Reddit_Prov_Dataset_v6/_Marilyn_Monroe's_first_modeling_photo_(1946)/g1204_cy9gzpf.jpg", "URL": "http://i.imgur.com/KVTiGjP.jpg)?", "fileid": "g1204_cy9gzpf.jpg"}, {"id": "g1204_cy93i12", "comment": "She was just a part-time model... [Practicing her second job](http://i.imgur.com/PtdwwNe.jpg)", "date": "2015-12-23 12:12:58", "seriesname": "g1204_cy93i12", "file": "/media/jbrogan4/scratch2/Reddit_Prov_Dataset_v6/_Marilyn_Monroe's_first_modeling_photo_(1946)/g1204_cy93i12.jpg", "URL": "http://i.imgur.com/PtdwwNe.jpg", "fileid": "g1204_cy93i12.jpg"}, {"id": "g1204_cy90wkd", "comment": "[keeping imagination alive intensifies](http://imgur.com/7YelFAH.jpg)", "date": "2015-12-23 11:02:57", "seriesname": "g1204_cy90wkd", "file": "/media/jbrogan4/scratch2/Reddit_Prov_Dataset_v6/_Marilyn_Monroe's_first_modeling_photo_(1946)/g1204_cy90wkd.jpg", "URL": "http://imgur.com/7YelFAH.jpg", "fileid": "g1204_cy90wkd.jpg"}, {"id": "g1204_cy8zn4z", "comment": "[use the force luke!](http://imgur.com/KVPN1GI)", "date": "2015-12-23 10:26:36", "seriesname": "g1204_cy8zn4z", "file": "/media/jbrogan4/scratch2/Reddit_Prov_Dataset_v6/_Marilyn_Monroe's_first_modeling_photo_(1946)/g1204_cy8zn4z.png", "URL": "http://i.imgur.com/KVPN1GI.png", "fileid": "g1204_cy8zn4z.png"}, {"id": "g1204_cy95jxs", "comment": "That's a [fine.](http://imgur.com/mV7BhVS)", "date": "2015-12-23 13:07:00", "seriesname": "g1204_cy95jxs", "file": "/media/jbrogan4/scratch2/Reddit_Prov_Dataset_v6/_Marilyn_Monroe's_first_modeling_photo_(1946)/g1204_cy95jxs.png", "URL": "http://i.imgur.com/mV7BhVS.png", "fileid": "g1204_cy95jxs.png"}, {"id": "g1204_cy945qq", "comment": "[Yeah... No. Thats not the best idea](http://i.imgur.com/CHV0sU2.gif)", "date": "2015-12-23 12:30:35", "seriesname": "g1204_cy945qq", "file": "/media/jbrogan4/scratch2/Reddit_Prov_Dataset_v6/_Marilyn_Monroe's_first_modeling_photo_(1946)/g1204_cy945qq.jpg", "URL": "http://i.imgur.com/CHV0sU2.gif", "fileid": "g1204_cy945qq.gif"}, {"id": "g1204_cy9coud", "comment": "She went to ASU[Image](http://i.imgur.com/7sUE90f.jpg)", "date": "2015-12-23 16:14:29", "seriesname": "g1204_cy9coud", "file": "/media/jbrogan4/scratch2/Reddit_Prov_Dataset_v6/_Marilyn_Monroe's_first_modeling_photo_(1946)/g1204_cy9coud.jpg", "URL": "http://i.imgur.com/7sUE90f.jpg", "fileid": "g1204_cy9coud.jpg"}, {"id": "g1204_cy9037c", "comment": "http://i.imgur.com/5PR8yqJ.jpg", "date": "2015-12-23 10:39:40", "seriesname": "g1204_cy9037c", "file": "/media/jbrogan4/scratch2/Reddit_Prov_Dataset_v6/_Marilyn_Monroe's_first_modeling_photo_(1946)/g1204_cy9037c.jpg", "URL": "http://i.imgur.com/5PR8yqJ.jpg", "fileid": "g1204_cy9037c.jpg"}, {"id": "g1204_cy9029n", "comment": "[\"Lady Luck\"](http://i.imgur.com/TRyIPxt.jpg)", "date": "2015-12-23 10:38:55", "seriesname": "g1204_cy9029n", "file": "/media/jbrogan4/scratch2/Reddit_Prov_Dataset_v6/_Marilyn_Monroe's_first_modeling_photo_(1946)/g1204_cy9029n.jpg", "URL": "http://i.imgur.com/TRyIPxt.jpg", "fileid": "g1204_cy9029n.jpg"}, {"id": "g1204_cy91dp7", "comment": "[Color corrected](http://i.imgur.com/ta8GG8E.jpg)", "date": "2015-12-23 11:16:17", "seriesname": "g1204_cy91dp7", "file": "/media/jbrogan4/scratch2/Reddit_Prov_Dataset_v6/_Marilyn_Monroe's_first_modeling_photo_(1946)/g1204_cy91dp7.jpg", "URL": "http://i.imgur.com/ta8GG8E.jpg", "fileid": "g1204_cy91dp7.jpg"}, {"id": "g1204_cy8z22a", "comment": "**[NO!](http://i.imgur.com/DTOarjz.gif)**", "date": "2015-12-23 10:08:07", "seriesname": "g1204_cy8z22a", "file": "/media/jbrogan4/scratch2/Reddit_Prov_Dataset_v6/_Marilyn_Monroe's_first_modeling_photo_(1946)/g1204_cy8z22a.jpg", "URL": "http://i.imgur.com/DTOarjz.gif)**", "fileid": "g1204_cy8z22a.gif**"}, {"id": "g1204_cy96hif", "comment": "[First time you say?](http://i.imgur.com/CEu9TrZ.jpg)", "date": "2015-12-23 13:31:34", "seriesname": "g1204_cy96hif", "file": "/media/jbrogan4/scratch2/Reddit_Prov_Dataset_v6/_Marilyn_Monroe's_first_modeling_photo_(1946)/g1204_cy96hif.jpg", "URL": "http://i.imgur.com/CEu9TrZ.jpg", "fileid": "g1204_cy96hif.jpg"}, {"id": "g1204_cy8ybjr", "comment": "http://imgur.com/1J3KPEW.jpg", "date": "2015-12-23 09:43:49", "seriesname": "g1204_cy8ybjr", "file": "/media/jbrogan4/scratch2/Reddit_Prov_Dataset_v6/_Marilyn_Monroe's_first_modeling_photo_(1946)/g1204_cy8ybjr.jpg", "URL": "http://imgur.com/1J3KPEW.jpg", "fileid": "g1204_cy8ybjr.jpg"}, {"id": "g1204_cy918vf", "comment": "**[She looks so much better today!!](http://i.imgur.com/Pw9vEim.jpg)**", "date": "2015-12-23 11:12:37", "seriesname": "g1204_cy918vf", "file": "/media/jbrogan4/scratch2/Reddit_Prov_Dataset_v6/_Marilyn_Monroe's_first_modeling_photo_(1946)/g1204_cy918vf.jpg", "URL": "http://i.imgur.com/Pw9vEim.jpg)**", "fileid": "g1204_cy918vf.jpg**"}, {"id": "g1204_cy963to", "comment": "http://i.imgur.com/Qd3Q2iM.jpg\n\nNO PORNZ FOR YOU", "date": "2015-12-23 13:21:39", "seriesname": "g1204_cy963to", "file": "/media/jbrogan4/scratch2/Reddit_Prov_Dataset_v6/_Marilyn_Monroe's_first_modeling_photo_(1946)/g1204_cy963to.jpg", "URL": "http://i.imgur.com/Qd3Q2iM.jpg", "fileid": "g1204_cy963to.jpg"}, {"id": "g1204_cy8z2me", "comment": "[FTFY](https://imgur.com/b8vbq1f.png)", "date": "2015-12-23 10:08:38", "seriesname": "g1204_cy8z2me", "file": "/media/jbrogan4/scratch2/Reddit_Prov_Dataset_v6/_Marilyn_Monroe's_first_modeling_photo_(1946)/g1204_cy8z2me.png", "URL": "https://imgur.com/b8vbq1f.png", "fileid": "g1204_cy8z2me.png"}, {"id": "g1204_cy96bhq", "comment": "[Someone please find the link to this....](http://i.imgur.com/A9hDTvZ.png)", "date": "2015-12-23 13:27:15", "seriesname": "g1204_cy96bhq", "file": "/media/jbrogan4/scratch2/Reddit_Prov_Dataset_v6/_Marilyn_Monroe's_first_modeling_photo_(1946)/g1204_cy96bhq.png", "URL": "http://i.imgur.com/A9hDTvZ.png", "fileid": "g1204_cy96bhq.png"}, {"id": "g1204_cy9dqor", "comment": "[NSFW](http://i.imgur.com/M7ct45g.jpg)\n\nUsed her [Playboy shot](http://nudetvshow.com/wp-content/uploads/2013/09/Marilyn-Monroe_playboy-december-1953_1.jpg) for source.", "date": "2015-12-23 16:43:20", "seriesname": "g1204_cy9dqor", "file": "/media/jbrogan4/scratch2/Reddit_Prov_Dataset_v6/_Marilyn_Monroe's_first_modeling_photo_(1946)/g1204_cy9dqor.jpg", "URL": "http://nudetvshow.com/wp-content/uploads/2013/09/Marilyn-Monroe_playboy-december-1953_1.jpg", "fileid": "g1204_cy9dqor.jpg"}, {"id": "g1204_cy91vns", "comment": "[Opening night](http://imgur.com/jhK5fiG)", "date": "2015-12-23 11:29:58", "seriesname": "g1204_cy91vns", "file": "/media/jbrogan4/scratch2/Reddit_Prov_Dataset_v6/_Marilyn_Monroe's_first_modeling_photo_(1946)/g1204_cy91vns.png", "URL": "http://i.imgur.com/jhK5fiG.png", "fileid": "g1204_cy91vns.png"}, {"id": "g1204_cy919ik", "comment": "[Roses are red. Violets are blue. I have to go to the bathroom](http://imgur.com/vf5ID9g.jpg)", "date": "2015-12-23 11:13:06", "seriesname": "g1204_cy919ik", "file": "/media/jbrogan4/scratch2/Reddit_Prov_Dataset_v6/_Marilyn_Monroe's_first_modeling_photo_(1946)/g1204_cy919ik.jpg", "URL": "http://imgur.com/vf5ID9g.jpg", "fileid": "g1204_cy919ik.jpg"}, {"id": "g1204_cy9vbdz", "comment": "[nsfw](https://i.imgur.com/0nQQtLt.jpg)", "date": "2015-12-24 03:10:04", "seriesname": "g1204_cy9vbdz", "file": "/media/jbrogan4/scratch2/Reddit_Prov_Dataset_v6/_Marilyn_Monroe's_first_modeling_photo_(1946)/g1204_cy9vbdz.jpg", "URL": "https://i.imgur.com/0nQQtLt.jpg", "fileid": "g1204_cy9vbdz.jpg"}, {"id": "g1204_cy8y29x", "comment": "[keeping your imagination alive](http://i.imgur.com/iaw0oKC.jpg)", "date": "2015-12-23 09:35:04", "seriesname": "g1204_cy8y29x", "file": "/media/jbrogan4/scratch2/Reddit_Prov_Dataset_v6/_Marilyn_Monroe's_first_modeling_photo_(1946)/g1204_cy8y29x.jpg", "URL": "http://i.imgur.com/iaw0oKC.jpg", "fileid": "g1204_cy8y29x.jpg"}, {"id": "g1204_cy90vdc", "comment": "[Carrie Fisher](http://imgur.com/tAygiss)  \nEDIT* [as requested](http://imgur.com/P56j38V) (thanks for pointing out my mistake /u/pastrygeist)", "date": "2015-12-23 11:02:01", "seriesname": "g1204_cy90vdc", "file": "/media/jbrogan4/scratch2/Reddit_Prov_Dataset_v6/_Marilyn_Monroe's_first_modeling_photo_(1946)/g1204_cy90vdc.png", "URL": "http://i.imgur.com/P56j38V.png", "fileid": "g1204_cy90vdc.png"}, {"id": "g1204_cy9050k", "comment": "[We're gonna need a bigger boat!](http://i.imgur.com/ym0L0Nt.jpg)", "date": "2015-12-23 10:41:08", "seriesname": "g1204_cy9050k", "file": "/media/jbrogan4/scratch2/Reddit_Prov_Dataset_v6/_Marilyn_Monroe's_first_modeling_photo_(1946)/g1204_cy9050k.jpg", "URL": "http://i.imgur.com/ym0L0Nt.jpg", "fileid": "g1204_cy9050k.jpg"}, {"id": "g1204_cy907zf", "comment": "http://i.imgur.com/mELCMBg.jpg", "date": "2015-12-23 10:43:35", "seriesname": "g1204_cy907zf", "file": "/media/jbrogan4/scratch2/Reddit_Prov_Dataset_v6/_Marilyn_Monroe's_first_modeling_photo_(1946)/g1204_cy907zf.jpg", "URL": "http://i.imgur.com/mELCMBg.jpg", "fileid": "g1204_cy907zf.jpg"}, {"id": "g1204_cy91in7", "comment": "[Me again](http://i.imgur.com/0E1o9JO.jpg)", "date": "2015-12-23 11:20:03", "seriesname": "g1204_cy91in7", "file": "/media/jbrogan4/scratch2/Reddit_Prov_Dataset_v6/_Marilyn_Monroe's_first_modeling_photo_(1946)/g1204_cy91in7.jpg", "URL": "http://i.imgur.com/0E1o9JO.jpg", "fileid": "g1204_cy91in7.jpg"}, {"id": "g1204_cy9f9bf", "comment": "[She makes a good mermaid! :)](http://i.imgur.com/h8rwjFj.jpg) ...Mer-ilyn Monroe? Marilyn Fin-roe?\n\nThis'll probably get buried but I wanted to try it anyway!", "date": "2015-12-23 17:25:54", "seriesname": "g1204_cy9f9bf", "file": "/media/jbrogan4/scratch2/Reddit_Prov_Dataset_v6/_Marilyn_Monroe's_first_modeling_photo_(1946)/g1204_cy9f9bf.jpg", "URL": "http://i.imgur.com/h8rwjFj.jpg", "fileid": "g1204_cy9f9bf.jpg"}, {"id": "g1204_cy8zwmc", "comment": "[Too soon?](http://i.imgur.com/WzM5t7G.jpg)", "date": "2015-12-23 10:34:21", "seriesname": "g1204_cy8zwmc", "file": "/media/jbrogan4/scratch2/Reddit_Prov_Dataset_v6/_Marilyn_Monroe's_first_modeling_photo_(1946)/g1204_cy8zwmc.jpg", "URL": "http://i.imgur.com/WzM5t7G.jpg", "fileid": "g1204_cy8zwmc.jpg"}], "graph": {"name": "g1204_root"}, "directed": true}