{"links": [{"op": "none", "target": 0, "source": 52}, {"op": "none", "target": 1, "source": 52}, {"op": "none", "target": 2, "source": 52}, {"op": "none", "target": 3, "source": 52}, {"op": "none", "target": 4, "source": 52}, {"op": "none", "target": 5, "source": 53}, {"op": "none", "target": 6, "source": 52}, {"op": "none", "target": 7, "source": 52}, {"op": "none", "target": 8, "source": 52}, {"op": "none", "target": 9, "source": 52}, {"op": "none", "target": 10, "source": 52}, {"op": "none", "target": 11, "source": 36}, {"op": "none", "target": 12, "source": 52}, {"op": "none", "target": 13, "source": 52}, {"op": "none", "target": 14, "source": 52}, {"op": "none", "target": 15, "source": 52}, {"op": "none", "target": 16, "source": 52}, {"op": "none", "target": 17, "source": 52}, {"op": "none", "target": 18, "source": 52}, {"op": "none", "target": 19, "source": 39}, {"op": "none", "target": 20, "source": 52}, {"op": "none", "target": 21, "source": 52}, {"op": "none", "target": 22, "source": 52}, {"op": "none", "target": 23, "source": 52}, {"op": "none", "target": 24, "source": 52}, {"op": "none", "target": 25, "source": 52}, {"op": "none", "target": 26, "source": 54}, {"op": "none", "target": 27, "source": 52}, {"op": "none", "target": 28, "source": 52}, {"op": "none", "target": 29, "source": 46}, {"op": "none", "target": 30, "source": 52}, {"op": "none", "target": 31, "source": 30}, {"op": "none", "target": 32, "source": 52}, {"op": "none", "target": 33, "source": 52}, {"op": "none", "target": 34, "source": 52}, {"op": "none", "target": 35, "source": 52}, {"op": "none", "target": 36, "source": 52}, {"op": "none", "target": 37, "source": 52}, {"op": "none", "target": 38, "source": 52}, {"op": "none", "target": 39, "source": 53}, {"op": "none", "target": 40, "source": 52}, {"op": "none", "target": 41, "source": 52}, {"op": "none", "target": 42, "source": 52}, {"op": "none", "target": 43, "source": 52}, {"op": "none", "target": 44, "source": 52}, {"op": "none", "target": 45, "source": 41}, {"op": "none", "target": 46, "source": 47}, {"op": "none", "target": 47, "source": 52}, {"op": "none", "target": 48, "source": 52}, {"op": "none", "target": 49, "source": 52}, {"op": "none", "target": 50, "source": 52}, {"op": "none", "target": 51, "source": 52}, {"op": "none", "target": 53, "source": 52}, {"op": "none", "target": 54, "source": 39}], "title": "_Drawing_a_face_on_your_back_&amp;_reading_a_book", "nodes": [{"id": "g1207_czz1rbb", "comment": "Probably too late, but here is a [soccer match](http://i.imgur.com/YAWVStv.jpg)", "date": "2016-02-13 20:11:04", "seriesname": "g1207_czz1rbb", "file": "/media/jbrogan4/scratch2/Reddit_Prov_Dataset_v6/_Drawing_a_face_on_your_back_&amp;_reading_a_book/g1207_czz1rbb.jpg", "URL": "http://i.imgur.com/YAWVStv.jpg", "fileid": "g1207_czz1rbb.jpg"}, {"id": "g1207_czyrcxj", "comment": "[Pet Goat](http://i.imgur.com/ch33IDi.jpg)", "date": "2016-02-13 15:00:16", "seriesname": "g1207_czyrcxj", "file": "/media/jbrogan4/scratch2/Reddit_Prov_Dataset_v6/_Drawing_a_face_on_your_back_&amp;_reading_a_book/g1207_czyrcxj.jpg", "URL": "http://i.imgur.com/ch33IDi.jpg", "fileid": "g1207_czyrcxj.jpg"}, {"id": "g1207_czyjzp6", "comment": "[Thomas](http://i.imgur.com/iQdrgh5.jpg)", "date": "2016-02-13 11:25:51", "seriesname": "g1207_czyjzp6", "file": "/media/jbrogan4/scratch2/Reddit_Prov_Dataset_v6/_Drawing_a_face_on_your_back_&amp;_reading_a_book/g1207_czyjzp6.jpg", "URL": "http://i.imgur.com/iQdrgh5.jpg", "fileid": "g1207_czyjzp6.jpg"}, {"id": "g1207_czyjsbu", "comment": "[Let's just skip the Philippines](http://i.imgur.com/BFReUoH.jpg)", "date": "2016-02-13 11:19:42", "seriesname": "g1207_czyjsbu", "file": "/media/jbrogan4/scratch2/Reddit_Prov_Dataset_v6/_Drawing_a_face_on_your_back_&amp;_reading_a_book/g1207_czyjsbu.jpg", "URL": "http://i.imgur.com/BFReUoH.jpg", "fileid": "g1207_czyjsbu.jpg"}, {"id": "g1207_czyqdqq", "comment": "[o.O    I've made a huge mistake] (http://imgur.com/BF7cT8j)", "date": "2016-02-13 14:31:11", "seriesname": "g1207_czyqdqq", "file": "/media/jbrogan4/scratch2/Reddit_Prov_Dataset_v6/_Drawing_a_face_on_your_back_&amp;_reading_a_book/g1207_czyqdqq.png", "URL": "http://i.imgur.com/BF7cT8j.png", "fileid": "g1207_czyqdqq.png"}, {"id": "g1207_czyt3m0", "comment": "[have you seen him](http://imgur.com/W9OWxns)", "date": "2016-02-13 15:52:34", "seriesname": "g1207_czyt3m0", "file": "/media/jbrogan4/scratch2/Reddit_Prov_Dataset_v6/_Drawing_a_face_on_your_back_&amp;_reading_a_book/g1207_czyt3m0.png", "URL": "http://i.imgur.com/W9OWxns.png", "fileid": "g1207_czyt3m0.png"}, {"id": "g1207_czykq9q", "comment": "[Female version](http://i.imgur.com/31RG3Tc.jpg)", "date": "2016-02-13 11:47:41", "seriesname": "g1207_czykq9q", "file": "/media/jbrogan4/scratch2/Reddit_Prov_Dataset_v6/_Drawing_a_face_on_your_back_&amp;_reading_a_book/g1207_czykq9q.jpg", "URL": "http://i.imgur.com/31RG3Tc.jpg", "fileid": "g1207_czykq9q.jpg"}, {"id": "g1207_czz36ij", "comment": "[An obscure Dr. Who reference from the episode Silence in the Library](http://i.imgur.com/MJNUrQb.jpg)", "date": "2016-02-13 20:53:45", "seriesname": "g1207_czz36ij", "file": "/media/jbrogan4/scratch2/Reddit_Prov_Dataset_v6/_Drawing_a_face_on_your_back_&amp;_reading_a_book/g1207_czz36ij.jpg", "URL": "http://i.imgur.com/MJNUrQb.jpg", "fileid": "g1207_czz36ij.jpg"}, {"id": "g1207_czyt3w1", "comment": "http://imgur.com/fGtBffC\n\n\"The more that you read, the more things you will know. The more that you learn, the more places you'll go.\" - D. Seuss", "date": "2016-02-13 15:52:47", "seriesname": "g1207_czyt3w1", "file": "/media/jbrogan4/scratch2/Reddit_Prov_Dataset_v6/_Drawing_a_face_on_your_back_&amp;_reading_a_book/g1207_czyt3w1.png", "URL": "http://i.imgur.com/fGtBffC.png", "fileid": "g1207_czyt3w1.png"}, {"id": "g1207_czyjuvm", "comment": "[Cutout](http://i.imgur.com/wZpnBzJ.png)", "date": "2016-02-13 11:21:51", "seriesname": "g1207_czyjuvm", "file": "/media/jbrogan4/scratch2/Reddit_Prov_Dataset_v6/_Drawing_a_face_on_your_back_&amp;_reading_a_book/g1207_czyjuvm.png", "URL": "http://i.imgur.com/wZpnBzJ.png", "fileid": "g1207_czyjuvm.png"}, {"id": "g1207_czyllmo", "comment": "[the man...inside](http://imgur.com/vk2E8IF)", "date": "2016-02-13 12:12:54", "seriesname": "g1207_czyllmo", "file": "/media/jbrogan4/scratch2/Reddit_Prov_Dataset_v6/_Drawing_a_face_on_your_back_&amp;_reading_a_book/g1207_czyllmo.png", "URL": "http://i.imgur.com/vk2E8IF.png", "fileid": "g1207_czyllmo.png"}, {"id": "g1207_czyj5rf", "comment": "[the post is weird..so here's to more weird..](http://i.imgur.com/T5AK4TO.jpg)", "date": "2016-02-13 11:00:02", "seriesname": "g1207_czyj5rf", "file": "/media/jbrogan4/scratch2/Reddit_Prov_Dataset_v6/_Drawing_a_face_on_your_back_&amp;_reading_a_book/g1207_czyj5rf.jpg", "URL": "http://i.imgur.com/T5AK4TO.jpg", "fileid": "g1207_czyj5rf.jpg"}, {"id": "g1207_czz9t49", "comment": "[Nigel](http://i.imgur.com/rgFfnON.png)", "date": "2016-02-14 00:16:00", "seriesname": "g1207_czz9t49", "file": "/media/jbrogan4/scratch2/Reddit_Prov_Dataset_v6/_Drawing_a_face_on_your_back_&amp;_reading_a_book/g1207_czz9t49.png", "URL": "http://i.imgur.com/rgFfnON.png", "fileid": "g1207_czz9t49.png"}, {"id": "g1207_czz65qb", "comment": "[enlightened Nu](http://i.imgur.com/pnW6J9d.jpg)\n\n", "date": "2016-02-13 22:19:06", "seriesname": "g1207_czz65qb", "file": "/media/jbrogan4/scratch2/Reddit_Prov_Dataset_v6/_Drawing_a_face_on_your_back_&amp;_reading_a_book/g1207_czz65qb.jpg", "URL": "http://i.imgur.com/pnW6J9d.jpg", "fileid": "g1207_czz65qb.jpg"}, {"id": "g1207_czyko4x", "comment": "[The sun was just setting as Linda and Sven sat down after putting little Jimmy to bed. They plugged in his new toy so it would be charged and ready to use as soon as he unwrapped it in the morning. Then all of a sudden...](https://media.giphy.com/media/xT0BKmy5fKKxeRA6hq/giphy.gif)", "date": "2016-02-13 11:45:57", "seriesname": "g1207_czyko4x", "file": "/media/jbrogan4/scratch2/Reddit_Prov_Dataset_v6/_Drawing_a_face_on_your_back_&amp;_reading_a_book/g1207_czyko4x.jpg", "URL": "https://media.giphy.com/media/xT0BKmy5fKKxeRA6hq/giphy.gif", "fileid": "g1207_czyko4x.gif"}, {"id": "g1207_czypnmc", "comment": "[he's unimpressed] (http://i.imgur.com/UYvN6V3.jpg)", "date": "2016-02-13 14:10:07", "seriesname": "g1207_czypnmc", "file": "/media/jbrogan4/scratch2/Reddit_Prov_Dataset_v6/_Drawing_a_face_on_your_back_&amp;_reading_a_book/g1207_czypnmc.jpg", "URL": "http://i.imgur.com/UYvN6V3.jpg", "fileid": "g1207_czypnmc.jpg"}, {"id": "g1207_czym08r", "comment": "[Sir Charles Backley](http://i.imgur.com/lLXB5pn.jpg)", "date": "2016-02-13 12:24:40", "seriesname": "g1207_czym08r", "file": "/media/jbrogan4/scratch2/Reddit_Prov_Dataset_v6/_Drawing_a_face_on_your_back_&amp;_reading_a_book/g1207_czym08r.jpg", "URL": "http://i.imgur.com/lLXB5pn.jpg", "fileid": "g1207_czym08r.jpg"}, {"id": "g1207_czynqkn", "comment": "[My Baby's got back!](http://i.imgur.com/ErccHGg.png)", "date": "2016-02-13 13:14:13", "seriesname": "g1207_czynqkn", "file": "/media/jbrogan4/scratch2/Reddit_Prov_Dataset_v6/_Drawing_a_face_on_your_back_&amp;_reading_a_book/g1207_czynqkn.png", "URL": "http://i.imgur.com/ErccHGg.png", "fileid": "g1207_czynqkn.png"}, {"id": "g1207_czyvpod", "comment": "[mr potato? is that you?](http://i.imgur.com/Ki8dfo7.jpg)", "date": "2016-02-13 17:11:12", "seriesname": "g1207_czyvpod", "file": "/media/jbrogan4/scratch2/Reddit_Prov_Dataset_v6/_Drawing_a_face_on_your_back_&amp;_reading_a_book/g1207_czyvpod.jpg", "URL": "http://i.imgur.com/Ki8dfo7.jpg", "fileid": "g1207_czyvpod.jpg"}, {"id": "g1207_czymck8", "comment": "[Nick Cage was in Avatar?](http://i.imgur.com/Rj2iohv.png)", "date": "2016-02-13 12:34:27", "seriesname": "g1207_czymck8", "file": "/media/jbrogan4/scratch2/Reddit_Prov_Dataset_v6/_Drawing_a_face_on_your_back_&amp;_reading_a_book/g1207_czymck8.png", "URL": "http://i.imgur.com/Rj2iohv.png", "fileid": "g1207_czymck8.png"}, {"id": "g1207_czzckvw", "comment": "http://imgur.com/RjNWBYj", "date": "2016-02-14 02:04:16", "seriesname": "g1207_czzckvw", "file": "/media/jbrogan4/scratch2/Reddit_Prov_Dataset_v6/_Drawing_a_face_on_your_back_&amp;_reading_a_book/g1207_czzckvw.png", "URL": "http://i.imgur.com/RjNWBYj.png", "fileid": "g1207_czzckvw.png"}, {"id": "g1207_czyooaa", "comment": "[Rocky Dennis from Mask.](http://i.imgur.com/HZztMEb.jpg)", "date": "2016-02-13 13:41:20", "seriesname": "g1207_czyooaa", "file": "/media/jbrogan4/scratch2/Reddit_Prov_Dataset_v6/_Drawing_a_face_on_your_back_&amp;_reading_a_book/g1207_czyooaa.jpg", "URL": "http://i.imgur.com/HZztMEb.jpg", "fileid": "g1207_czyooaa.jpg"}, {"id": "g1207_czyn3jw", "comment": "[ONE BAAAAACCK!](http://i.imgur.com/58qc4fz.png)", "date": "2016-02-13 12:55:51", "seriesname": "g1207_czyn3jw", "file": "/media/jbrogan4/scratch2/Reddit_Prov_Dataset_v6/_Drawing_a_face_on_your_back_&amp;_reading_a_book/g1207_czyn3jw.png", "URL": "http://i.imgur.com/58qc4fz.png", "fileid": "g1207_czyn3jw.png"}, {"id": "g1207_czyiqlg", "comment": "[this is all I can see](http://i.imgur.com/2qCdAWZ.jpg)", "date": "2016-02-13 10:46:16", "seriesname": "g1207_czyiqlg", "file": "/media/jbrogan4/scratch2/Reddit_Prov_Dataset_v6/_Drawing_a_face_on_your_back_&amp;_reading_a_book/g1207_czyiqlg.jpg", "URL": "http://i.imgur.com/2qCdAWZ.jpg", "fileid": "g1207_czyiqlg.jpg"}, {"id": "g1207_czynata", "comment": "[Humpty Dumpty sat on a wall](http://i.imgur.com/uLuO7Nw.jpg)", "date": "2016-02-13 13:01:44", "seriesname": "g1207_czynata", "file": "/media/jbrogan4/scratch2/Reddit_Prov_Dataset_v6/_Drawing_a_face_on_your_back_&amp;_reading_a_book/g1207_czynata.jpg", "URL": "http://i.imgur.com/uLuO7Nw.jpg", "fileid": "g1207_czynata.jpg"}, {"id": "g1207_czyj5v8", "comment": "[Literally](http://i.imgur.com/MPmG64W.jpg)", "date": "2016-02-13 11:00:08", "seriesname": "g1207_czyj5v8", "file": "/media/jbrogan4/scratch2/Reddit_Prov_Dataset_v6/_Drawing_a_face_on_your_back_&amp;_reading_a_book/g1207_czyj5v8.jpg", "URL": "http://i.imgur.com/MPmG64W.jpg", "fileid": "g1207_czyj5v8.jpg"}, {"id": "g1207_czyodrj", "comment": "[Backface Ren](http://i.imgur.com/tDl2ndf.jpg)", "date": "2016-02-13 13:32:51", "seriesname": "g1207_czyodrj", "file": "/media/jbrogan4/scratch2/Reddit_Prov_Dataset_v6/_Drawing_a_face_on_your_back_&amp;_reading_a_book/g1207_czyodrj.jpg", "URL": "http://i.imgur.com/tDl2ndf.jpg", "fileid": "g1207_czyodrj.jpg"}, {"id": "g1207_czymjse", "comment": "[\\[\\[Acolyte of Pain\\]\\]](http://imgur.com/i4h5pQz)\n\n", "date": "2016-02-13 12:40:08", "seriesname": "g1207_czymjse", "file": "/media/jbrogan4/scratch2/Reddit_Prov_Dataset_v6/_Drawing_a_face_on_your_back_&amp;_reading_a_book/g1207_czymjse.png", "URL": "http://i.imgur.com/i4h5pQz.png", "fileid": "g1207_czymjse.png"}, {"id": "g1207_czyinky", "comment": "[We shall overcomb](http://i.imgur.com/VGxRtEa.jpg)", "date": "2016-02-13 10:43:31", "seriesname": "g1207_czyinky", "file": "/media/jbrogan4/scratch2/Reddit_Prov_Dataset_v6/_Drawing_a_face_on_your_back_&amp;_reading_a_book/g1207_czyinky.jpg", "URL": "http://i.imgur.com/VGxRtEa.jpg", "fileid": "g1207_czyinky.jpg"}, {"id": "g1207_czyl498", "comment": "http://i.imgur.com/ArxTICh.jpg", "date": "2016-02-13 11:59:02", "seriesname": "g1207_czyl498", "file": "/media/jbrogan4/scratch2/Reddit_Prov_Dataset_v6/_Drawing_a_face_on_your_back_&amp;_reading_a_book/g1207_czyl498.jpg", "URL": "http://i.imgur.com/ArxTICh.jpg", "fileid": "g1207_czyl498.jpg"}, {"id": "g1207_czyjldt", "comment": "[Revelation](http://i.imgur.com/giwunEQ.jpg)", "date": "2016-02-13 11:13:40", "seriesname": "g1207_czyjldt", "file": "/media/jbrogan4/scratch2/Reddit_Prov_Dataset_v6/_Drawing_a_face_on_your_back_&amp;_reading_a_book/g1207_czyjldt.jpg", "URL": "http://i.imgur.com/giwunEQ.jpg", "fileid": "g1207_czyjldt.jpg"}, {"id": "g1207_czyz2iw", "comment": "http://i.imgur.com/WUrWcHc.jpg", "date": "2016-02-13 18:50:23", "seriesname": "g1207_czyz2iw", "file": "/media/jbrogan4/scratch2/Reddit_Prov_Dataset_v6/_Drawing_a_face_on_your_back_&amp;_reading_a_book/g1207_czyz2iw.jpg", "URL": "http://i.imgur.com/WUrWcHc.jpg", "fileid": "g1207_czyz2iw.jpg"}, {"id": "g1207_czykc34", "comment": "[I was genuinely terrified of this book when I was a kid.](http://i.imgur.com/Xmv8Etl.jpg)", "date": "2016-02-13 11:36:08", "seriesname": "g1207_czykc34", "file": "/media/jbrogan4/scratch2/Reddit_Prov_Dataset_v6/_Drawing_a_face_on_your_back_&amp;_reading_a_book/g1207_czykc34.jpg", "URL": "http://i.imgur.com/Xmv8Etl.jpg", "fileid": "g1207_czykc34.jpg"}, {"id": "g1207_czyiuz5", "comment": "Here's an [album of more creepy back-face photography](http://imgur.com/a/BUhIx) by anahell.com", "date": "2016-02-13 10:50:16", "seriesname": "g1207_czyiuz5", "file": "/media/jbrogan4/scratch2/Reddit_Prov_Dataset_v6/_Drawing_a_face_on_your_back_&amp;_reading_a_book/g1207_czyiuz5.png", "URL": "http://i.imgur.com/BUhIx.png", "fileid": "g1207_czyiuz5.png"}, {"id": "g1207_czz3ymm", "comment": "[Deadpool &amp; his mate](http://i.imgur.com/wn6d3kI.jpg)\n", "date": "2016-02-13 21:17:26", "seriesname": "g1207_czz3ymm", "file": "/media/jbrogan4/scratch2/Reddit_Prov_Dataset_v6/_Drawing_a_face_on_your_back_&amp;_reading_a_book/g1207_czz3ymm.jpg", "URL": "http://i.imgur.com/wn6d3kI.jpg", "fileid": "g1207_czz3ymm.jpg"}, {"id": "g1207_czyhx9t", "comment": "http://i.imgur.com/7lQq91S.jpg", "date": "2016-02-13 10:18:09", "seriesname": "g1207_czyhx9t", "file": "/media/jbrogan4/scratch2/Reddit_Prov_Dataset_v6/_Drawing_a_face_on_your_back_&amp;_reading_a_book/g1207_czyhx9t.jpg", "URL": "http://i.imgur.com/7lQq91S.jpg", "fileid": "g1207_czyhx9t.jpg"}, {"id": "g1207_czyimzw", "comment": "[more weird](http://imgur.com/PCAdRLj)", "date": "2016-02-13 10:42:59", "seriesname": "g1207_czyimzw", "file": "/media/jbrogan4/scratch2/Reddit_Prov_Dataset_v6/_Drawing_a_face_on_your_back_&amp;_reading_a_book/g1207_czyimzw.png", "URL": "http://i.imgur.com/PCAdRLj.png", "fileid": "g1207_czyimzw.png"}, {"id": "g1207_czyrday", "comment": "[Don't turn your back to the good Lord!](http://imgur.com/Ln26mVt)", "date": "2016-02-13 15:00:35", "seriesname": "g1207_czyrday", "file": "/media/jbrogan4/scratch2/Reddit_Prov_Dataset_v6/_Drawing_a_face_on_your_back_&amp;_reading_a_book/g1207_czyrday.png", "URL": "http://i.imgur.com/Ln26mVt.png", "fileid": "g1207_czyrday.png"}, {"id": "g1207_czym6za", "comment": "[Gotta have a Don](http://i.imgur.com/THh2yPZ.jpg)", "date": "2016-02-13 12:30:04", "seriesname": "g1207_czym6za", "file": "/media/jbrogan4/scratch2/Reddit_Prov_Dataset_v6/_Drawing_a_face_on_your_back_&amp;_reading_a_book/g1207_czym6za.jpg", "URL": "http://i.imgur.com/THh2yPZ.jpg", "fileid": "g1207_czym6za.jpg"}, {"id": "g1207_czyj4ae", "comment": "[Thanks, Obama](http://i.imgur.com/cPVKFLk.jpg)\n\n[One true back-face god](http://i.imgur.com/2Tb4To7.jpg)", "date": "2016-02-13 10:58:46", "seriesname": "g1207_czyj4ae", "file": "/media/jbrogan4/scratch2/Reddit_Prov_Dataset_v6/_Drawing_a_face_on_your_back_&amp;_reading_a_book/g1207_czyj4ae.jpg", "URL": "http://i.imgur.com/2Tb4To7.jpg", "fileid": "g1207_czyj4ae.jpg"}, {"id": "g1207_czzd37f", "comment": "[Guy's been down there at least 20 minutes... shouldn't we check on him?](http://imgur.com/Bnv0MaP)", "date": "2016-02-14 02:30:28", "seriesname": "g1207_czzd37f", "file": "/media/jbrogan4/scratch2/Reddit_Prov_Dataset_v6/_Drawing_a_face_on_your_back_&amp;_reading_a_book/g1207_czzd37f.png", "URL": "http://i.imgur.com/Bnv0MaP.png", "fileid": "g1207_czzd37f.png"}, {"id": "g1207_czyj2b4", "comment": "[Storytime with Nic](http://i.imgur.com/GxyYF5k.jpg)", "date": "2016-02-13 10:57:00", "seriesname": "g1207_czyj2b4", "file": "/media/jbrogan4/scratch2/Reddit_Prov_Dataset_v6/_Drawing_a_face_on_your_back_&amp;_reading_a_book/g1207_czyj2b4.jpg", "URL": "http://i.imgur.com/GxyYF5k.jpg", "fileid": "g1207_czyj2b4.jpg"}, {"id": "g1207_czyxv8d", "comment": "Behold death http://i.imgur.com/AIXYRiD.jpg ", "date": "2016-02-13 18:14:23", "seriesname": "g1207_czyxv8d", "file": "/media/jbrogan4/scratch2/Reddit_Prov_Dataset_v6/_Drawing_a_face_on_your_back_&amp;_reading_a_book/g1207_czyxv8d.jpg", "URL": "http://i.imgur.com/AIXYRiD.jpg", "fileid": "g1207_czyxv8d.jpg"}, {"id": "g1207_czys1oj", "comment": "[Rollie Fingers.](http://i.imgur.com/fX9vAAu.jpg)", "date": "2016-02-13 15:20:54", "seriesname": "g1207_czys1oj", "file": "/media/jbrogan4/scratch2/Reddit_Prov_Dataset_v6/_Drawing_a_face_on_your_back_&amp;_reading_a_book/g1207_czys1oj.jpg", "URL": "http://i.imgur.com/fX9vAAu.jpg", "fileid": "g1207_czys1oj.jpg"}, {"id": "g1207_czyn5xa", "comment": " http://i.imgur.com/k7haV87.jpg ", "date": "2016-02-13 12:57:47", "seriesname": "g1207_czyn5xa", "file": "/media/jbrogan4/scratch2/Reddit_Prov_Dataset_v6/_Drawing_a_face_on_your_back_&amp;_reading_a_book/g1207_czyn5xa.jpg", "URL": "http://i.imgur.com/k7haV87.jpg", "fileid": "g1207_czyn5xa.jpg"}, {"id": "g1207_czyl0hv", "comment": "[This summer...](http://i.imgur.com/BHw351X.jpg)", "date": "2016-02-13 11:55:57", "seriesname": "g1207_czyl0hv", "file": "/media/jbrogan4/scratch2/Reddit_Prov_Dataset_v6/_Drawing_a_face_on_your_back_&amp;_reading_a_book/g1207_czyl0hv.jpg", "URL": "http://i.imgur.com/BHw351X.jpg", "fileid": "g1207_czyl0hv.jpg"}, {"id": "g1207_czyjhqq", "comment": "http://i.imgur.com/MeG8mKq.jpg", "date": "2016-02-13 11:10:34", "seriesname": "g1207_czyjhqq", "file": "/media/jbrogan4/scratch2/Reddit_Prov_Dataset_v6/_Drawing_a_face_on_your_back_&amp;_reading_a_book/g1207_czyjhqq.jpg", "URL": "http://i.imgur.com/MeG8mKq.jpg", "fileid": "g1207_czyjhqq.jpg"}, {"id": "g1207_czyi260", "comment": "[Remember, remember!](http://i.imgur.com/7sXMrl9.jpg)", "date": "2016-02-13 10:22:56", "seriesname": "g1207_czyi260", "file": "/media/jbrogan4/scratch2/Reddit_Prov_Dataset_v6/_Drawing_a_face_on_your_back_&amp;_reading_a_book/g1207_czyi260.jpg", "URL": "http://i.imgur.com/7sXMrl9.jpg", "fileid": "g1207_czyi260.jpg"}, {"id": "g1207_czyqa9b", "comment": "Back to the future\n\nhttp://imgur.com/8uPjKsw\n", "date": "2016-02-13 14:28:23", "seriesname": "g1207_czyqa9b", "file": "/media/jbrogan4/scratch2/Reddit_Prov_Dataset_v6/_Drawing_a_face_on_your_back_&amp;_reading_a_book/g1207_czyqa9b.png", "URL": "http://i.imgur.com/8uPjKsw.png", "fileid": "g1207_czyqa9b.png"}, {"id": "g1207_czyjntx", "comment": "[Musketeer](http://i.imgur.com/mpqKD5J.jpg)", "date": "2016-02-13 11:15:51", "seriesname": "g1207_czyjntx", "file": "/media/jbrogan4/scratch2/Reddit_Prov_Dataset_v6/_Drawing_a_face_on_your_back_&amp;_reading_a_book/g1207_czyjntx.jpg", "URL": "http://i.imgur.com/mpqKD5J.jpg", "fileid": "g1207_czyjntx.jpg"}, {"id": "g1207_czyitph", "comment": "[quarter-back](http://i.imgur.com/6JIMwAZ.jpg)", "date": "2016-02-13 10:49:07", "seriesname": "g1207_czyitph", "file": "/media/jbrogan4/scratch2/Reddit_Prov_Dataset_v6/_Drawing_a_face_on_your_back_&amp;_reading_a_book/g1207_czyitph.jpg", "URL": "http://i.imgur.com/6JIMwAZ.jpg", "fileid": "g1207_czyitph.jpg"}, {"id": "g1207_czynbgj", "comment": "[I'll be back.](http://i.imgur.com/tOihbUt.jpg)", "date": "2016-02-13 13:02:14", "seriesname": "g1207_czynbgj", "file": "/media/jbrogan4/scratch2/Reddit_Prov_Dataset_v6/_Drawing_a_face_on_your_back_&amp;_reading_a_book/g1207_czynbgj.jpg", "URL": "http://i.imgur.com/tOihbUt.jpg", "fileid": "g1207_czynbgj.jpg"}, {"id": "g1207_root", "comment": "", "date": "2016-02-13 09:30:49", "seriesname": "g1207_root", "file": "/media/jbrogan4/scratch2/Reddit_Prov_Dataset_v6/_Drawing_a_face_on_your_back_&amp;_reading_a_book/g1207_root.jpg", "URL": "http://i.imgur.com/ZlYn4gl.jpg", "fileid": "g1207_root.jpg"}, {"id": "g1207_czyhlcg", "comment": "[Guess who's a'back...](http://i.imgur.com/5Z1iyo5.jpg)\n\n[A'back again...](http://i.imgur.com/sWCwDzr.jpg)\n\n[Shady's a'back...](http://i.imgur.com/nVdSDIy.jpg)\n\n[Telefriend](http://i.imgur.com/wuPCWHn.jpg)", "date": "2016-02-13 10:06:00", "seriesname": "g1207_czyhlcg", "file": "/media/jbrogan4/scratch2/Reddit_Prov_Dataset_v6/_Drawing_a_face_on_your_back_&amp;_reading_a_book/g1207_czyhlcg.jpg", "URL": "http://i.imgur.com/wuPCWHn.jpg", "fileid": "g1207_czyhlcg.jpg"}, {"id": "g1207_czyjkf3", "comment": "[Hello](http://i.imgur.com/FFYYc3B.jpg)", "date": "2016-02-13 11:12:50", "seriesname": "g1207_czyjkf3", "file": "/media/jbrogan4/scratch2/Reddit_Prov_Dataset_v6/_Drawing_a_face_on_your_back_&amp;_reading_a_book/g1207_czyjkf3.jpg", "URL": "http://i.imgur.com/FFYYc3B.jpg", "fileid": "g1207_czyjkf3.jpg"}], "graph": {"name": "g1207_root"}, "directed": true}