{"links": [{"op": "none", "target": 0, "source": 47}, {"op": "none", "target": 1, "source": 47}, {"op": "none", "target": 2, "source": 8}, {"op": "none", "target": 3, "source": 26}, {"op": "none", "target": 4, "source": 47}, {"op": "none", "target": 5, "source": 47}, {"op": "none", "target": 6, "source": 47}, {"op": "none", "target": 7, "source": 47}, {"op": "none", "target": 8, "source": 16}, {"op": "none", "target": 9, "source": 44}, {"op": "none", "target": 10, "source": 47}, {"op": "none", "target": 11, "source": 47}, {"op": "none", "target": 12, "source": 47}, {"op": "none", "target": 13, "source": 14}, {"op": "none", "target": 14, "source": 23}, {"op": "none", "target": 15, "source": 43}, {"op": "none", "target": 16, "source": 41}, {"op": "none", "target": 17, "source": 47}, {"op": "none", "target": 18, "source": 35}, {"op": "none", "target": 19, "source": 47}, {"op": "none", "target": 20, "source": 47}, {"op": "none", "target": 21, "source": 47}, {"op": "none", "target": 22, "source": 3}, {"op": "none", "target": 23, "source": 39}, {"op": "none", "target": 24, "source": 47}, {"op": "none", "target": 25, "source": 14}, {"op": "none", "target": 26, "source": 47}, {"op": "none", "target": 27, "source": 47}, {"op": "none", "target": 28, "source": 47}, {"op": "none", "target": 29, "source": 47}, {"op": "none", "target": 30, "source": 47}, {"op": "none", "target": 31, "source": 47}, {"op": "none", "target": 32, "source": 47}, {"op": "none", "target": 33, "source": 47}, {"op": "none", "target": 34, "source": 25}, {"op": "none", "target": 35, "source": 47}, {"op": "none", "target": 36, "source": 47}, {"op": "none", "target": 37, "source": 47}, {"op": "none", "target": 38, "source": 47}, {"op": "none", "target": 39, "source": 2}, {"op": "none", "target": 40, "source": 47}, {"op": "none", "target": 41, "source": 47}, {"op": "none", "target": 42, "source": 47}, {"op": "none", "target": 43, "source": 47}, {"op": "none", "target": 44, "source": 47}, {"op": "none", "target": 45, "source": 3}, {"op": "none", "target": 46, "source": 47}, {"op": "none", "target": 48, "source": 10}], "title": "_No_Vladimir,_you_hang_up_first", "nodes": [{"id": "g1209_ct69fj1", "comment": "[\"Ask him if his refrigerator's running!\"](http://i.imgur.com/C8N5ZeS.png)", "date": "2015-07-17 01:17:32", "seriesname": "g1209_ct69fj1", "file": "/media/jbrogan4/scratch2/Reddit_Prov_Dataset_v6/_No_Vladimir,_you_hang_up_first/g1209_ct69fj1.png", "URL": "http://i.imgur.com/C8N5ZeS.png", "fileid": "g1209_ct69fj1.png"}, {"id": "g1209_ct66lhw", "comment": "[I can't even](http://i.imgur.com/IQcBNIC.jpg)\n\n[Change](http://i.imgur.com/IsUYNld.jpg)", "date": "2015-07-16 23:33:44", "seriesname": "g1209_ct66lhw", "file": "/media/jbrogan4/scratch2/Reddit_Prov_Dataset_v6/_No_Vladimir,_you_hang_up_first/g1209_ct66lhw.jpg", "URL": "http://i.imgur.com/IsUYNld.jpg", "fileid": "g1209_ct66lhw.jpg"}, {"id": "g1209_ct6e5fx", "comment": "[Whazzzuuuup?](http://i.imgur.com/PI0imWO.jpg)\nEdit: Changed to jpg", "date": "2015-07-17 05:42:29", "seriesname": "g1209_ct6e5fx", "file": "/media/jbrogan4/scratch2/Reddit_Prov_Dataset_v6/_No_Vladimir,_you_hang_up_first/g1209_ct6e5fx.jpg", "URL": "http://i.imgur.com/PI0imWO.jpg", "fileid": "g1209_ct6e5fx.jpg"}, {"id": "g1209_ct665y5", "comment": "http://i.imgur.com/5b5wKSk.jpg", "date": "2015-07-16 23:19:42", "seriesname": "g1209_ct665y5", "file": "/media/jbrogan4/scratch2/Reddit_Prov_Dataset_v6/_No_Vladimir,_you_hang_up_first/g1209_ct665y5.jpg", "URL": "http://i.imgur.com/5b5wKSk.jpg", "fileid": "g1209_ct665y5.jpg"}, {"id": "g1209_ct6hzyw", "comment": "[Hahaha, you should have seen his face right before I did it] (http://i.imgur.com/zbZ9vde.jpg)", "date": "2015-07-17 09:07:28", "seriesname": "g1209_ct6hzyw", "file": "/media/jbrogan4/scratch2/Reddit_Prov_Dataset_v6/_No_Vladimir,_you_hang_up_first/g1209_ct6hzyw.jpg", "URL": "http://i.imgur.com/zbZ9vde.jpg", "fileid": "g1209_ct6hzyw.jpg"}, {"id": "g1209_ct6dy0l", "comment": "[Lil Pres talking to his people](http://i.imgur.com/kWhzzjm.jpg)", "date": "2015-07-17 05:28:02", "seriesname": "g1209_ct6dy0l", "file": "/media/jbrogan4/scratch2/Reddit_Prov_Dataset_v6/_No_Vladimir,_you_hang_up_first/g1209_ct6dy0l.jpg", "URL": "http://i.imgur.com/kWhzzjm.jpg", "fileid": "g1209_ct6dy0l.jpg"}, {"id": "g1209_ct6bl4a", "comment": "[Barack and Ted's Excellent Adventures](http://i.imgur.com/dY3hIpB.jpg)\n\n(My first post to r/photoshop battles... :P)", "date": "2015-07-17 02:59:32", "seriesname": "g1209_ct6bl4a", "file": "/media/jbrogan4/scratch2/Reddit_Prov_Dataset_v6/_No_Vladimir,_you_hang_up_first/g1209_ct6bl4a.jpg", "URL": "http://i.imgur.com/dY3hIpB.jpg", "fileid": "g1209_ct6bl4a.jpg"}, {"id": "g1209_ct6e68z", "comment": "[\"We gossiped all night!\"](https://i.imgur.com/nebBD4L.jpg)", "date": "2015-07-17 05:44:04", "seriesname": "g1209_ct6e68z", "file": "/media/jbrogan4/scratch2/Reddit_Prov_Dataset_v6/_No_Vladimir,_you_hang_up_first/g1209_ct6e68z.jpg", "URL": "https://i.imgur.com/nebBD4L.jpg", "fileid": "g1209_ct6e68z.jpg"}, {"id": "g1209_ct6cmaf", "comment": "[Alright, sure](http://imgur.com/BAz9FWD)", "date": "2015-07-17 03:59:59", "seriesname": "g1209_ct6cmaf", "file": "/media/jbrogan4/scratch2/Reddit_Prov_Dataset_v6/_No_Vladimir,_you_hang_up_first/g1209_ct6cmaf.png", "URL": "http://i.imgur.com/BAz9FWD.png", "fileid": "g1209_ct6cmaf.png"}, {"id": "g1209_ct6w1qj", "comment": "http://imgur.com/88GfrOw", "date": "2015-07-17 15:11:41", "seriesname": "g1209_ct6w1qj", "file": "/media/jbrogan4/scratch2/Reddit_Prov_Dataset_v6/_No_Vladimir,_you_hang_up_first/g1209_ct6w1qj.png", "URL": "http://i.imgur.com/88GfrOw.png", "fileid": "g1209_ct6w1qj.png"}, {"id": "g1209_ct6343g", "comment": "[Guuuurrrrrllll, you KNOW Boomkeisha done slept with Dontrell!](http://i.imgur.com/ktuCqvN.jpg)", "date": "2015-07-16 21:42:20", "seriesname": "g1209_ct6343g", "file": "/media/jbrogan4/scratch2/Reddit_Prov_Dataset_v6/_No_Vladimir,_you_hang_up_first/g1209_ct6343g.jpg", "URL": "http://i.imgur.com/ktuCqvN.jpg", "fileid": "g1209_ct6343g.jpg"}, {"id": "g1209_ct6a2f6", "comment": "[when you on plane and all you can think about is bae](http://i.imgur.com/eoBjIKi.jpg)", "date": "2015-07-17 01:45:11", "seriesname": "g1209_ct6a2f6", "file": "/media/jbrogan4/scratch2/Reddit_Prov_Dataset_v6/_No_Vladimir,_you_hang_up_first/g1209_ct6a2f6.jpg", "URL": "http://i.imgur.com/eoBjIKi.jpg", "fileid": "g1209_ct6a2f6.jpg"}, {"id": "g1209_ct6eszl", "comment": "[Oh Corey you're so dreamy!](http://i.imgur.com/FdqC86C.jpg)", "date": "2015-07-17 06:27:34", "seriesname": "g1209_ct6eszl", "file": "/media/jbrogan4/scratch2/Reddit_Prov_Dataset_v6/_No_Vladimir,_you_hang_up_first/g1209_ct6eszl.jpg", "URL": "http://i.imgur.com/FdqC86C.jpg", "fileid": "g1209_ct6eszl.jpg"}, {"id": "g1209_ct6scd1", "comment": "[Mr. Mayor](http://imgur.com/bis6t9P)", "date": "2015-07-17 13:40:52", "seriesname": "g1209_ct6scd1", "file": "/media/jbrogan4/scratch2/Reddit_Prov_Dataset_v6/_No_Vladimir,_you_hang_up_first/g1209_ct6scd1.png", "URL": "http://i.imgur.com/bis6t9P.png", "fileid": "g1209_ct6scd1.png"}, {"id": "g1209_ct6mfyr", "comment": "[Oh. My. Glob.](http://i.imgur.com/Xvx2Gv2.jpg)", "date": "2015-07-17 11:16:33", "seriesname": "g1209_ct6mfyr", "file": "/media/jbrogan4/scratch2/Reddit_Prov_Dataset_v6/_No_Vladimir,_you_hang_up_first/g1209_ct6mfyr.jpg", "URL": "http://i.imgur.com/Xvx2Gv2.jpg", "fileid": "g1209_ct6mfyr.jpg"}, {"id": "g1209_ct6aa2v", "comment": "[Fixed.](http://i.imgur.com/4Y00rAO.gif)\n\nEdit: Wow! Thanks for my first gild, anonymous user. I'll make my next Photoshop Battle post extra special ;)", "date": "2015-07-17 01:54:53", "seriesname": "g1209_ct6aa2v", "file": "/media/jbrogan4/scratch2/Reddit_Prov_Dataset_v6/_No_Vladimir,_you_hang_up_first/g1209_ct6aa2v.jpg", "URL": "http://i.imgur.com/4Y00rAO.gif", "fileid": "g1209_ct6aa2v.gif"}, {"id": "g1209_ct6b1bp", "comment": "[We need to go deeper ...](http://i.imgur.com/lZRS0uA.jpg)", "date": "2015-07-17 02:31:03", "seriesname": "g1209_ct6b1bp", "file": "/media/jbrogan4/scratch2/Reddit_Prov_Dataset_v6/_No_Vladimir,_you_hang_up_first/g1209_ct6b1bp.jpg", "URL": "http://i.imgur.com/lZRS0uA.jpg", "fileid": "g1209_ct6b1bp.jpg"}, {"id": "g1209_ct67oqk", "comment": "[My low-effort submission. Someone had to.](http://i.imgur.com/Gnx8dU4.jpg)", "date": "2015-07-17 00:10:07", "seriesname": "g1209_ct67oqk", "file": "/media/jbrogan4/scratch2/Reddit_Prov_Dataset_v6/_No_Vladimir,_you_hang_up_first/g1209_ct67oqk.jpg", "URL": "http://i.imgur.com/Gnx8dU4.jpg", "fileid": "g1209_ct67oqk.jpg"}, {"id": "g1209_ct6id2f", "comment": "I just added it in case this is used somewhere. [It wasn't in the original.](https://imgur.com/z9RF5kZ)", "date": "2015-07-17 09:20:16", "seriesname": "g1209_ct6id2f", "file": "/media/jbrogan4/scratch2/Reddit_Prov_Dataset_v6/_No_Vladimir,_you_hang_up_first/g1209_ct6id2f.png", "URL": "http://i.imgur.com/z9RF5kZ.png", "fileid": "g1209_ct6id2f.png"}, {"id": "g1209_ct6cynq", "comment": "[Ring, ring, ring, ring, ring, ring, ring](http://i.imgur.com/2i2c7xn.png)", "date": "2015-07-17 04:21:39", "seriesname": "g1209_ct6cynq", "file": "/media/jbrogan4/scratch2/Reddit_Prov_Dataset_v6/_No_Vladimir,_you_hang_up_first/g1209_ct6cynq.png", "URL": "http://i.imgur.com/2i2c7xn.png", "fileid": "g1209_ct6cynq.png"}, {"id": "g1209_ct64787", "comment": "http://i.imgur.com/yU9qBF9.jpg?1 \n\nTalk about a loud phone call...", "date": "2015-07-16 22:16:27", "seriesname": "g1209_ct64787", "file": "/media/jbrogan4/scratch2/Reddit_Prov_Dataset_v6/_No_Vladimir,_you_hang_up_first/g1209_ct64787.jpg", "URL": "http://i.imgur.com/yU9qBF9.jpg?1", "fileid": "g1209_ct64787.jpg"}, {"id": "g1209_ct6exwg", "comment": "[Dream Phone](http://imgur.com/o7e5bjt)\n\n\n", "date": "2015-07-17 06:36:40", "seriesname": "g1209_ct6exwg", "file": "/media/jbrogan4/scratch2/Reddit_Prov_Dataset_v6/_No_Vladimir,_you_hang_up_first/g1209_ct6exwg.png", "URL": "http://i.imgur.com/o7e5bjt.png", "fileid": "g1209_ct6exwg.png"}, {"id": "g1209_ct76uxm", "comment": "[Teehee, stop it Biden!](http://i.imgur.com/4NxR7zK.jpg)", "date": "2015-07-17 20:18:02", "seriesname": "g1209_ct76uxm", "file": "/media/jbrogan4/scratch2/Reddit_Prov_Dataset_v6/_No_Vladimir,_you_hang_up_first/g1209_ct76uxm.jpg", "URL": "http://i.imgur.com/4NxR7zK.jpg", "fileid": "g1209_ct76uxm.jpg"}, {"id": "g1209_ct6ijxj", "comment": "[Bananaphone.](http://i.imgur.com/nfrshfC.jpg)", "date": "2015-07-17 09:26:32", "seriesname": "g1209_ct6ijxj", "file": "/media/jbrogan4/scratch2/Reddit_Prov_Dataset_v6/_No_Vladimir,_you_hang_up_first/g1209_ct6ijxj.jpg", "URL": "http://i.imgur.com/nfrshfC.jpg", "fileid": "g1209_ct6ijxj.jpg"}, {"id": "g1209_ct66erw", "comment": "[roses are red, violets are blue](http://i.imgur.com/eH52wuk.jpg)", "date": "2015-07-16 23:27:35", "seriesname": "g1209_ct66erw", "file": "/media/jbrogan4/scratch2/Reddit_Prov_Dataset_v6/_No_Vladimir,_you_hang_up_first/g1209_ct66erw.jpg", "URL": "http://i.imgur.com/eH52wuk.jpg", "fileid": "g1209_ct66erw.jpg"}, {"id": "g1209_ct6rhdc", "comment": "[I'm running out of living participants.](http://i.imgur.com/9sq63Zq.jpg)  \nEdit: [Merged with other comment.](http://i.imgur.com/sAZjz59.jpg)", "date": "2015-07-17 13:20:02", "seriesname": "g1209_ct6rhdc", "file": "/media/jbrogan4/scratch2/Reddit_Prov_Dataset_v6/_No_Vladimir,_you_hang_up_first/g1209_ct6rhdc.jpg", "URL": "http://i.imgur.com/sAZjz59.jpg", "fileid": "g1209_ct6rhdc.jpg"}, {"id": "g1209_ct65pvl", "comment": "http://i.imgur.com/n4t2Tt2.jpg", "date": "2015-07-16 23:05:06", "seriesname": "g1209_ct65pvl", "file": "/media/jbrogan4/scratch2/Reddit_Prov_Dataset_v6/_No_Vladimir,_you_hang_up_first/g1209_ct65pvl.jpg", "URL": "http://i.imgur.com/n4t2Tt2.jpg", "fileid": "g1209_ct65pvl.jpg"}, {"id": "g1209_ct66xo6", "comment": "girl talk\nhttp://i.imgur.com/MQf6OKq.jpg", "date": "2015-07-16 23:45:03", "seriesname": "g1209_ct66xo6", "file": "/media/jbrogan4/scratch2/Reddit_Prov_Dataset_v6/_No_Vladimir,_you_hang_up_first/g1209_ct66xo6.jpg", "URL": "http://i.imgur.com/MQf6OKq.jpg", "fileid": "g1209_ct66xo6.jpg"}, {"id": "g1209_ct6eg6q", "comment": "[Bo'rak Obama](http://imgur.com/ETlQPWY)", "date": "2015-07-17 06:03:23", "seriesname": "g1209_ct6eg6q", "file": "/media/jbrogan4/scratch2/Reddit_Prov_Dataset_v6/_No_Vladimir,_you_hang_up_first/g1209_ct6eg6q.png", "URL": "http://i.imgur.com/ETlQPWY.png", "fileid": "g1209_ct6eg6q.png"}, {"id": "g1209_ct68sj3", "comment": "[A good leader is always ready to respond in a crisis](http://i.imgur.com/rwTAiHz.jpg)", "date": "2015-07-17 00:51:26", "seriesname": "g1209_ct68sj3", "file": "/media/jbrogan4/scratch2/Reddit_Prov_Dataset_v6/_No_Vladimir,_you_hang_up_first/g1209_ct68sj3.jpg", "URL": "http://i.imgur.com/rwTAiHz.jpg", "fileid": "g1209_ct68sj3.jpg"}, {"id": "g1209_ct6bryf", "comment": "/u/revvinthehummer Edit your link and replace the album link with [this.](http://i.imgur.com/BSf93nE.jpg)\n\nMakes it easier on the lazies like me :)", "date": "2015-07-17 03:09:50", "seriesname": "g1209_ct6bryf", "file": "/media/jbrogan4/scratch2/Reddit_Prov_Dataset_v6/_No_Vladimir,_you_hang_up_first/g1209_ct6bryf.jpg", "URL": "http://i.imgur.com/BSf93nE.jpg", "fileid": "g1209_ct6bryf.jpg"}, {"id": "g1209_ct62ov2", "comment": "http://i.imgur.com/IerRWts.jpg", "date": "2015-07-16 21:29:17", "seriesname": "g1209_ct62ov2", "file": "/media/jbrogan4/scratch2/Reddit_Prov_Dataset_v6/_No_Vladimir,_you_hang_up_first/g1209_ct62ov2.jpg", "URL": "http://i.imgur.com/IerRWts.jpg", "fileid": "g1209_ct62ov2.jpg"}, {"id": "g1209_ct67ldo", "comment": "[Sleepover Party with Dwight!](http://i.imgur.com/0un92E8.jpg)\n\n(They gossiped all night!)", "date": "2015-07-17 00:06:49", "seriesname": "g1209_ct67ldo", "file": "/media/jbrogan4/scratch2/Reddit_Prov_Dataset_v6/_No_Vladimir,_you_hang_up_first/g1209_ct67ldo.jpg", "URL": "http://i.imgur.com/0un92E8.jpg", "fileid": "g1209_ct67ldo.jpg"}, {"id": "g1209_ct69taw", "comment": "http://i.imgur.com/yPVTPjt.jpg", "date": "2015-07-17 01:33:58", "seriesname": "g1209_ct69taw", "file": "/media/jbrogan4/scratch2/Reddit_Prov_Dataset_v6/_No_Vladimir,_you_hang_up_first/g1209_ct69taw.jpg", "URL": "http://i.imgur.com/yPVTPjt.jpg", "fileid": "g1209_ct69taw.jpg"}, {"id": "g1209_ct7kb0s", "comment": "[Is this the Payne residence?](http://imgur.com/JCa9e4T)", "date": "2015-07-18 06:03:34", "seriesname": "g1209_ct7kb0s", "file": "/media/jbrogan4/scratch2/Reddit_Prov_Dataset_v6/_No_Vladimir,_you_hang_up_first/g1209_ct7kb0s.png", "URL": "http://i.imgur.com/JCa9e4T.png", "fileid": "g1209_ct7kb0s.png"}, {"id": "g1209_ct68ukq", "comment": "[Mr President, that's not how it works.](http://imgur.com/6YaAmyZ)", "date": "2015-07-17 00:53:42", "seriesname": "g1209_ct68ukq", "file": "/media/jbrogan4/scratch2/Reddit_Prov_Dataset_v6/_No_Vladimir,_you_hang_up_first/g1209_ct68ukq.png", "URL": "http://i.imgur.com/6YaAmyZ.png", "fileid": "g1209_ct68ukq.png"}, {"id": "g1209_ct6d0wh", "comment": "[Taking care of important business](http://i.imgur.com/8dugV6Z.jpg)", "date": "2015-07-17 04:25:39", "seriesname": "g1209_ct6d0wh", "file": "/media/jbrogan4/scratch2/Reddit_Prov_Dataset_v6/_No_Vladimir,_you_hang_up_first/g1209_ct6d0wh.jpg", "URL": "http://i.imgur.com/8dugV6Z.jpg", "fileid": "g1209_ct6d0wh.jpg"}, {"id": "g1209_ct6abe6", "comment": "[Putin-Senpai noticed me ! ](http://i.imgur.com/ILzX6wD.jpg)\nedit: better title name thanks to TheInvaderZim", "date": "2015-07-17 01:56:34", "seriesname": "g1209_ct6abe6", "file": "/media/jbrogan4/scratch2/Reddit_Prov_Dataset_v6/_No_Vladimir,_you_hang_up_first/g1209_ct6abe6.jpg", "URL": "http://i.imgur.com/ILzX6wD.jpg", "fileid": "g1209_ct6abe6.jpg"}, {"id": "g1209_ct6d5dg", "comment": "[Not sure if this is allowed.](http://i.imgur.com/mHpCT0O.png)", "date": "2015-07-17 04:33:56", "seriesname": "g1209_ct6d5dg", "file": "/media/jbrogan4/scratch2/Reddit_Prov_Dataset_v6/_No_Vladimir,_you_hang_up_first/g1209_ct6d5dg.png", "URL": "http://i.imgur.com/mHpCT0O.png", "fileid": "g1209_ct6d5dg.png"}, {"id": "g1209_ct6hnr5", "comment": "Honest to blog, Mr. President!\n\nhttp://i.imgur.com/II7DvHK.jpg", "date": "2015-07-17 08:54:45", "seriesname": "g1209_ct6hnr5", "file": "/media/jbrogan4/scratch2/Reddit_Prov_Dataset_v6/_No_Vladimir,_you_hang_up_first/g1209_ct6hnr5.jpg", "URL": "http://i.imgur.com/II7DvHK.jpg", "fileid": "g1209_ct6hnr5.jpg"}, {"id": "g1209_ct68gc4", "comment": "[Someone with more time can do better...](http://i.imgur.com/jUPi4oF.jpg)", "date": "2015-07-17 00:38:19", "seriesname": "g1209_ct68gc4", "file": "/media/jbrogan4/scratch2/Reddit_Prov_Dataset_v6/_No_Vladimir,_you_hang_up_first/g1209_ct68gc4.jpg", "URL": "http://i.imgur.com/jUPi4oF.jpg", "fileid": "g1209_ct68gc4.jpg"}, {"id": "g1209_ct67l06", "comment": "http://i.imgur.com/3H8xtSm.jpg", "date": "2015-07-17 00:06:28", "seriesname": "g1209_ct67l06", "file": "/media/jbrogan4/scratch2/Reddit_Prov_Dataset_v6/_No_Vladimir,_you_hang_up_first/g1209_ct67l06.jpg", "URL": "http://i.imgur.com/3H8xtSm.jpg", "fileid": "g1209_ct67l06.jpg"}, {"id": "g1209_ct6bf1n", "comment": "[Obamacare](http://i.imgur.com/PJwuB68.png)", "date": "2015-07-17 02:50:34", "seriesname": "g1209_ct6bf1n", "file": "/media/jbrogan4/scratch2/Reddit_Prov_Dataset_v6/_No_Vladimir,_you_hang_up_first/g1209_ct6bf1n.png", "URL": "http://i.imgur.com/PJwuB68.png", "fileid": "g1209_ct6bf1n.png"}, {"id": "g1209_ct681fa", "comment": "http://i.imgur.com/iu1pG3u.gif\n\nFor the adventurous nightowls in the 90s...", "date": "2015-07-17 00:22:48", "seriesname": "g1209_ct681fa", "file": "/media/jbrogan4/scratch2/Reddit_Prov_Dataset_v6/_No_Vladimir,_you_hang_up_first/g1209_ct681fa.jpg", "URL": "http://i.imgur.com/iu1pG3u.gif", "fileid": "g1209_ct681fa.gif"}, {"id": "g1209_ct6grz2", "comment": "[Hey, Putin, just wanted to say happy birthday. Your present should be arriving soon!](http://imgur.com/nT5AvGE)", "date": "2015-07-17 08:18:12", "seriesname": "g1209_ct6grz2", "file": "/media/jbrogan4/scratch2/Reddit_Prov_Dataset_v6/_No_Vladimir,_you_hang_up_first/g1209_ct6grz2.png", "URL": "http://i.imgur.com/nT5AvGE.png", "fileid": "g1209_ct6grz2.png"}, {"id": "g1209_ct6afbw", "comment": "http://i.imgur.com/KTfaMyk.png\n\nThis is my first time :)\n\nEdit: Added a small thing", "date": "2015-07-17 02:01:37", "seriesname": "g1209_ct6afbw", "file": "/media/jbrogan4/scratch2/Reddit_Prov_Dataset_v6/_No_Vladimir,_you_hang_up_first/g1209_ct6afbw.png", "URL": "http://i.imgur.com/KTfaMyk.png", "fileid": "g1209_ct6afbw.png"}, {"id": "g1209_ct6otli", "comment": "This is my first ever submission to Photoshop battles.\n\n[Obama Taken](http://i.imgur.com/8Xh4mN6.jpg)\n", "date": "2015-07-17 12:15:20", "seriesname": "g1209_ct6otli", "file": "/media/jbrogan4/scratch2/Reddit_Prov_Dataset_v6/_No_Vladimir,_you_hang_up_first/g1209_ct6otli.jpg", "URL": "http://i.imgur.com/8Xh4mN6.jpg", "fileid": "g1209_ct6otli.jpg"}, {"id": "g1209_root", "comment": "", "date": "2015-07-16 20:27:46", "seriesname": "g1209_root", "file": "/media/jbrogan4/scratch2/Reddit_Prov_Dataset_v6/_No_Vladimir,_you_hang_up_first/g1209_root.jpg", "URL": "http://i.imgur.com/S3yWm24.jpg", "fileid": "g1209_root.jpg"}, {"id": "g1209_ct6a0g5", "comment": "[\"nah gurl I can talk, u was sayin?\"](http://i.imgur.com/yfuxtIB.png)", "date": "2015-07-17 01:42:48", "seriesname": "g1209_ct6a0g5", "file": "/media/jbrogan4/scratch2/Reddit_Prov_Dataset_v6/_No_Vladimir,_you_hang_up_first/g1209_ct6a0g5.png", "URL": "http://i.imgur.com/yfuxtIB.png", "fileid": "g1209_ct6a0g5.png"}], "graph": {"name": "g1209_root"}, "directed": true}