{"links": [{"op": "none", "target": 0, "source": 53}, {"op": "none", "target": 1, "source": 53}, {"op": "none", "target": 2, "source": 14}, {"op": "none", "target": 3, "source": 53}, {"op": "none", "target": 4, "source": 53}, {"op": "none", "target": 5, "source": 53}, {"op": "none", "target": 6, "source": 36}, {"op": "none", "target": 7, "source": 53}, {"op": "none", "target": 8, "source": 53}, {"op": "none", "target": 9, "source": 53}, {"op": "none", "target": 10, "source": 53}, {"op": "none", "target": 11, "source": 53}, {"op": "none", "target": 12, "source": 53}, {"op": "none", "target": 13, "source": 53}, {"op": "none", "target": 14, "source": 53}, {"op": "none", "target": 15, "source": 53}, {"op": "none", "target": 16, "source": 53}, {"op": "none", "target": 17, "source": 53}, {"op": "none", "target": 18, "source": 1}, {"op": "none", "target": 19, "source": 53}, {"op": "none", "target": 20, "source": 53}, {"op": "none", "target": 21, "source": 53}, {"op": "none", "target": 22, "source": 53}, {"op": "none", "target": 23, "source": 48}, {"op": "none", "target": 24, "source": 2}, {"op": "none", "target": 25, "source": 53}, {"op": "none", "target": 26, "source": 53}, {"op": "none", "target": 27, "source": 53}, {"op": "none", "target": 28, "source": 53}, {"op": "none", "target": 29, "source": 23}, {"op": "none", "target": 30, "source": 53}, {"op": "none", "target": 31, "source": 53}, {"op": "none", "target": 32, "source": 53}, {"op": "none", "target": 33, "source": 1}, {"op": "none", "target": 34, "source": 53}, {"op": "none", "target": 35, "source": 53}, {"op": "none", "target": 36, "source": 53}, {"op": "none", "target": 37, "source": 29}, {"op": "none", "target": 38, "source": 4}, {"op": "none", "target": 39, "source": 53}, {"op": "none", "target": 40, "source": 53}, {"op": "none", "target": 41, "source": 4}, {"op": "none", "target": 42, "source": 53}, {"op": "none", "target": 43, "source": 1}, {"op": "none", "target": 44, "source": 53}, {"op": "none", "target": 45, "source": 53}, {"op": "none", "target": 46, "source": 53}, {"op": "none", "target": 47, "source": 48}, {"op": "none", "target": 48, "source": 53}, {"op": "none", "target": 49, "source": 53}, {"op": "none", "target": 50, "source": 53}, {"op": "none", "target": 51, "source": 53}, {"op": "none", "target": 52, "source": 53}], "title": "_Basketball_Kid_doesn't_know_what_he's_doing", "nodes": [{"id": "g1214_d084frv", "comment": "[The drone plane](http://i.imgur.com/iEr3ME4.jpg)", "date": "2016-02-21 09:51:46", "seriesname": "g1214_d084frv", "file": "/media/jbrogan4/scratch2/Reddit_Prov_Dataset_v6/_Basketball_Kid_doesn't_know_what_he's_doing/g1214_d084frv.jpg", "URL": "http://i.imgur.com/iEr3ME4.jpg", "fileid": "g1214_d084frv.jpg"}, {"id": "g1214_d07xysk", "comment": "http://imgur.com/WVcktlj", "date": "2016-02-21 03:07:54", "seriesname": "g1214_d07xysk", "file": "/media/jbrogan4/scratch2/Reddit_Prov_Dataset_v6/_Basketball_Kid_doesn't_know_what_he's_doing/g1214_d07xysk.png", "URL": "http://i.imgur.com/WVcktlj.png", "fileid": "g1214_d07xysk.png"}, {"id": "g1214_d0810q9", "comment": "[Unicycle version](http://i.imgur.com/QoPPa1G.jpg)", "date": "2016-02-21 06:38:16", "seriesname": "g1214_d0810q9", "file": "/media/jbrogan4/scratch2/Reddit_Prov_Dataset_v6/_Basketball_Kid_doesn't_know_what_he's_doing/g1214_d0810q9.jpg", "URL": "http://i.imgur.com/QoPPa1G.jpg", "fileid": "g1214_d0810q9.jpg"}, {"id": "g1214_d0812e6", "comment": "Jump to high\n\nhttp://imgur.com/OoYtCG0", "date": "2016-02-21 06:41:43", "seriesname": "g1214_d0812e6", "file": "/media/jbrogan4/scratch2/Reddit_Prov_Dataset_v6/_Basketball_Kid_doesn't_know_what_he's_doing/g1214_d0812e6.png", "URL": "http://i.imgur.com/OoYtCG0.png", "fileid": "g1214_d0812e6.png"}, {"id": "g1214_d07ws0j", "comment": "[I HAVE TO GO NOW. MY PLANET NEEDS ME.](http://i.imgur.com/W5vfETa.gif)", "date": "2016-02-21 02:04:16", "seriesname": "g1214_d07ws0j", "file": "/media/jbrogan4/scratch2/Reddit_Prov_Dataset_v6/_Basketball_Kid_doesn't_know_what_he's_doing/g1214_d07ws0j.jpg", "URL": "http://i.imgur.com/W5vfETa.gif", "fileid": "g1214_d07ws0j.gif"}, {"id": "g1214_d085emg", "comment": "[He's like windows](http://i.imgur.com/utaGOSQ.jpg)", "date": "2016-02-21 10:28:12", "seriesname": "g1214_d085emg", "file": "/media/jbrogan4/scratch2/Reddit_Prov_Dataset_v6/_Basketball_Kid_doesn't_know_what_he's_doing/g1214_d085emg.jpg", "URL": "http://i.imgur.com/utaGOSQ.jpg", "fileid": "g1214_d085emg.jpg"}, {"id": "g1214_d083m1s", "comment": "[bby plz](http://imgur.com/1vGHUuX.jpg)", "date": "2016-02-21 09:15:36", "seriesname": "g1214_d083m1s", "file": "/media/jbrogan4/scratch2/Reddit_Prov_Dataset_v6/_Basketball_Kid_doesn't_know_what_he's_doing/g1214_d083m1s.jpg", "URL": "http://imgur.com/1vGHUuX.jpg", "fileid": "g1214_d083m1s.jpg"}, {"id": "g1214_d08i7pu", "comment": "Gotta start somewhere\n\nhttp://i.imgur.com/d4Rojsy.jpg", "date": "2016-02-21 16:26:02", "seriesname": "g1214_d08i7pu", "file": "/media/jbrogan4/scratch2/Reddit_Prov_Dataset_v6/_Basketball_Kid_doesn't_know_what_he's_doing/g1214_d08i7pu.jpg", "URL": "http://i.imgur.com/d4Rojsy.jpg", "fileid": "g1214_d08i7pu.jpg"}, {"id": "g1214_d08076p", "comment": "[Lost one due to cheating with witchcraft.](http://i.imgur.com/k5Dfexl.jpg)", "date": "2016-02-21 05:37:02", "seriesname": "g1214_d08076p", "file": "/media/jbrogan4/scratch2/Reddit_Prov_Dataset_v6/_Basketball_Kid_doesn't_know_what_he's_doing/g1214_d08076p.jpg", "URL": "http://i.imgur.com/k5Dfexl.jpg", "fileid": "g1214_d08076p.jpg"}, {"id": "g1214_d083mce", "comment": "[Sponsored by Stark Industries](http://i.imgur.com/FIYesDI.jpg)", "date": "2016-02-21 09:15:59", "seriesname": "g1214_d083mce", "file": "/media/jbrogan4/scratch2/Reddit_Prov_Dataset_v6/_Basketball_Kid_doesn't_know_what_he's_doing/g1214_d083mce.jpg", "URL": "http://i.imgur.com/FIYesDI.jpg", "fileid": "g1214_d083mce.jpg"}, {"id": "g1214_d0869si", "comment": "[GLaDOS Quarter Finals](http://i.imgur.com/VTMWtCN.jpg)", "date": "2016-02-21 10:56:51", "seriesname": "g1214_d0869si", "file": "/media/jbrogan4/scratch2/Reddit_Prov_Dataset_v6/_Basketball_Kid_doesn't_know_what_he's_doing/g1214_d0869si.jpg", "URL": "http://i.imgur.com/VTMWtCN.jpg", "fileid": "g1214_d0869si.jpg"}, {"id": "g1214_d08cit0", "comment": "[Truth is, the school has never really been *any* good at basketball...](http://i.imgur.com/Ets24l7.jpg)", "date": "2016-02-21 13:53:45", "seriesname": "g1214_d08cit0", "file": "/media/jbrogan4/scratch2/Reddit_Prov_Dataset_v6/_Basketball_Kid_doesn't_know_what_he's_doing/g1214_d08cit0.jpg", "URL": "http://i.imgur.com/Ets24l7.jpg", "fileid": "g1214_d08cit0.jpg"}, {"id": "g1214_d08p9pg", "comment": "[And he said unto them, Go ye into all the court, and pass the ball to every player.](http://imgur.com/Nomvm86)", "date": "2016-02-21 19:38:22", "seriesname": "g1214_d08p9pg", "file": "/media/jbrogan4/scratch2/Reddit_Prov_Dataset_v6/_Basketball_Kid_doesn't_know_what_he's_doing/g1214_d08p9pg.png", "URL": "http://i.imgur.com/Nomvm86.png", "fileid": "g1214_d08p9pg.png"}, {"id": "g1214_d08id5u", "comment": "[Then again, does anyone know what they're doing?](http://imgur.com/nb7f5wf)", "date": "2016-02-21 16:29:52", "seriesname": "g1214_d08id5u", "file": "/media/jbrogan4/scratch2/Reddit_Prov_Dataset_v6/_Basketball_Kid_doesn't_know_what_he's_doing/g1214_d08id5u.png", "URL": "http://i.imgur.com/nb7f5wf.png", "fileid": "g1214_d08id5u.png"}, {"id": "g1214_d07zlzk", "comment": "[It's because of him!](http://i.imgur.com/grMtZvK.jpg)", "date": "2016-02-21 04:54:22", "seriesname": "g1214_d07zlzk", "file": "/media/jbrogan4/scratch2/Reddit_Prov_Dataset_v6/_Basketball_Kid_doesn't_know_what_he's_doing/g1214_d07zlzk.jpg", "URL": "http://i.imgur.com/grMtZvK.jpg", "fileid": "g1214_d07zlzk.jpg"}, {"id": "g1214_d07y5db", "comment": "http://imgur.com/v5CTo3V", "date": "2016-02-21 03:18:28", "seriesname": "g1214_d07y5db", "file": "/media/jbrogan4/scratch2/Reddit_Prov_Dataset_v6/_Basketball_Kid_doesn't_know_what_he's_doing/g1214_d07y5db.png", "URL": "http://i.imgur.com/v5CTo3V.png", "fileid": "g1214_d07y5db.png"}, {"id": "g1214_d089puf", "comment": "[Fixed](http://imgur.com/U5qtVnU)", "date": "2016-02-21 12:36:59", "seriesname": "g1214_d089puf", "file": "/media/jbrogan4/scratch2/Reddit_Prov_Dataset_v6/_Basketball_Kid_doesn't_know_what_he's_doing/g1214_d089puf.png", "URL": "http://i.imgur.com/U5qtVnU.png", "fileid": "g1214_d089puf.png"}, {"id": "g1214_d08mwy7", "comment": "If you could see [time](http://i.imgur.com/cKq4u34.jpg) as I perceive it, you'd know there's no point in playing the game. The outcome is pre-ordained.", "date": "2016-02-21 18:31:44", "seriesname": "g1214_d08mwy7", "file": "/media/jbrogan4/scratch2/Reddit_Prov_Dataset_v6/_Basketball_Kid_doesn't_know_what_he's_doing/g1214_d08mwy7.jpg", "URL": "http://i.imgur.com/cKq4u34.jpg", "fileid": "g1214_d08mwy7.jpg"}, {"id": "g1214_d087o5j", "comment": "That game was fixed! They were using a freakin' ladder...\nhttp://i.imgur.com/d3LIa0X.jpg", "date": "2016-02-21 11:39:17", "seriesname": "g1214_d087o5j", "file": "/media/jbrogan4/scratch2/Reddit_Prov_Dataset_v6/_Basketball_Kid_doesn't_know_what_he's_doing/g1214_d087o5j.jpg", "URL": "http://i.imgur.com/d3LIa0X.jpg", "fileid": "g1214_d087o5j.jpg"}, {"id": "g1214_d083jzh", "comment": "[I can do it with my eyes open](https://i.imgur.com/g0TN9IF.jpg)", "date": "2016-02-21 09:12:54", "seriesname": "g1214_d083jzh", "file": "/media/jbrogan4/scratch2/Reddit_Prov_Dataset_v6/_Basketball_Kid_doesn't_know_what_he's_doing/g1214_d083jzh.jpg", "URL": "https://i.imgur.com/g0TN9IF.jpg", "fileid": "g1214_d083jzh.jpg"}, {"id": "g1214_d08e1mz", "comment": "[This took *way* longer than I anticipated.](http://i.imgur.com/ozr8BCH.jpg)", "date": "2016-02-21 14:35:33", "seriesname": "g1214_d08e1mz", "file": "/media/jbrogan4/scratch2/Reddit_Prov_Dataset_v6/_Basketball_Kid_doesn't_know_what_he's_doing/g1214_d08e1mz.jpg", "URL": "http://i.imgur.com/ozr8BCH.jpg", "fileid": "g1214_d08e1mz.jpg"}, {"id": "g1214_d0851q3", "comment": "[Gee whiz, Mr.!  What's buggin' ya?](http://i.imgur.com/b1HfZzt.jpg)", "date": "2016-02-21 10:15:15", "seriesname": "g1214_d0851q3", "file": "/media/jbrogan4/scratch2/Reddit_Prov_Dataset_v6/_Basketball_Kid_doesn't_know_what_he's_doing/g1214_d0851q3.jpg", "URL": "http://i.imgur.com/b1HfZzt.jpg", "fileid": "g1214_d0851q3.jpg"}, {"id": "g1214_d07wekq", "comment": "http://i.imgur.com/byEcnJr.jpg", "date": "2016-02-21 01:46:11", "seriesname": "g1214_d07wekq", "file": "/media/jbrogan4/scratch2/Reddit_Prov_Dataset_v6/_Basketball_Kid_doesn't_know_what_he's_doing/g1214_d07wekq.jpg", "URL": "http://i.imgur.com/byEcnJr.jpg", "fileid": "g1214_d07wekq.jpg"}, {"id": "g1214_d080j57", "comment": "I'm not sure which effect you're referring to, so I made an [expanded view of the layers.](http://i.imgur.com/mMIVFZv.png)\n\nThe film grain color overlay was derived from the midtones and highlights from the magician's skin tone (paint brush + eye dropper tool).\n\nI'll normally have a few more layers of adjustments and sharpening for my [old-timey poster effects](http://i.imgur.com/4rpTdK5.jpg), but there's not much detail to salvage from the small and highly compressed image here.", "date": "2016-02-21 06:01:43", "seriesname": "g1214_d080j57", "file": "/media/jbrogan4/scratch2/Reddit_Prov_Dataset_v6/_Basketball_Kid_doesn't_know_what_he's_doing/g1214_d080j57.jpg", "URL": "http://i.imgur.com/4rpTdK5.jpg),", "fileid": "g1214_d080j57.jpg,"}, {"id": "g1214_d081bwq", "comment": "[Anteflexion version](http://i.imgur.com/Z9t5ehA.jpg)", "date": "2016-02-21 07:00:47", "seriesname": "g1214_d081bwq", "file": "/media/jbrogan4/scratch2/Reddit_Prov_Dataset_v6/_Basketball_Kid_doesn't_know_what_he's_doing/g1214_d081bwq.jpg", "URL": "http://i.imgur.com/Z9t5ehA.jpg", "fileid": "g1214_d081bwq.jpg"}, {"id": "g1214_d08202s", "comment": "[Time Out. Slighty NSFW](http://imgur.com/rCBSWbb)", "date": "2016-02-21 07:47:27", "seriesname": "g1214_d08202s", "file": "/media/jbrogan4/scratch2/Reddit_Prov_Dataset_v6/_Basketball_Kid_doesn't_know_what_he's_doing/g1214_d08202s.png", "URL": "http://i.imgur.com/rCBSWbb.png", "fileid": "g1214_d08202s.png"}, {"id": "g1214_d08h2uy", "comment": "[Obey gravity you little shit](https://imgur.com/QP9H3V9)\n\nthat wasn't very good so here's the background and the cutout, the S is a bit fucky but the rest is alright.\n\n[Background](https://imgur.com/fLxjLYm)\n\n[Cutout](https://imgur.com/pDPV1l5)", "date": "2016-02-21 15:56:38", "seriesname": "g1214_d08h2uy", "file": "/media/jbrogan4/scratch2/Reddit_Prov_Dataset_v6/_Basketball_Kid_doesn't_know_what_he's_doing/g1214_d08h2uy.png", "URL": "http://i.imgur.com/pDPV1l5.png", "fileid": "g1214_d08h2uy.png"}, {"id": "g1214_d07z5ma", "comment": "[Damnit, took the wrong gym bag again](https://i.imgur.com/KopCBUf.jpg)", "date": "2016-02-21 04:22:54", "seriesname": "g1214_d07z5ma", "file": "/media/jbrogan4/scratch2/Reddit_Prov_Dataset_v6/_Basketball_Kid_doesn't_know_what_he's_doing/g1214_d07z5ma.jpg", "URL": "https://i.imgur.com/KopCBUf.jpg", "fileid": "g1214_d07z5ma.jpg"}, {"id": "g1214_d086i7g", "comment": "http://imgur.com/Zro5Lll", "date": "2016-02-21 11:04:06", "seriesname": "g1214_d086i7g", "file": "/media/jbrogan4/scratch2/Reddit_Prov_Dataset_v6/_Basketball_Kid_doesn't_know_what_he's_doing/g1214_d086i7g.png", "URL": "http://i.imgur.com/Zro5Lll.png", "fileid": "g1214_d086i7g.png"}, {"id": "g1214_d0833zn", "comment": "[Magic.](http://i.imgur.com/OMvXuyJ.jpg)", "date": "2016-02-21 08:50:59", "seriesname": "g1214_d0833zn", "file": "/media/jbrogan4/scratch2/Reddit_Prov_Dataset_v6/_Basketball_Kid_doesn't_know_what_he's_doing/g1214_d0833zn.jpg", "URL": "http://i.imgur.com/OMvXuyJ.jpg", "fileid": "g1214_d0833zn.jpg"}, {"id": "g1214_d08axlw", "comment": "Bonus points if you find the other guy with leg problems http://imgur.com/lXJaoin", "date": "2016-02-21 13:10:30", "seriesname": "g1214_d08axlw", "file": "/media/jbrogan4/scratch2/Reddit_Prov_Dataset_v6/_Basketball_Kid_doesn't_know_what_he's_doing/g1214_d08axlw.png", "URL": "http://i.imgur.com/lXJaoin.png", "fileid": "g1214_d08axlw.png"}, {"id": "g1214_d08284m", "comment": "[No, Lieutenant, your men are already dead](http://i.imgur.com/fuGeHO0.jpg)", "date": "2016-02-21 08:01:23", "seriesname": "g1214_d08284m", "file": "/media/jbrogan4/scratch2/Reddit_Prov_Dataset_v6/_Basketball_Kid_doesn't_know_what_he's_doing/g1214_d08284m.jpg", "URL": "http://i.imgur.com/fuGeHO0.jpg", "fileid": "g1214_d08284m.jpg"}, {"id": "g1214_d08bumg", "comment": "http://imgur.com/7IkDGAO", "date": "2016-02-21 13:35:43", "seriesname": "g1214_d08bumg", "file": "/media/jbrogan4/scratch2/Reddit_Prov_Dataset_v6/_Basketball_Kid_doesn't_know_what_he's_doing/g1214_d08bumg.png", "URL": "http://i.imgur.com/7IkDGAO.png", "fileid": "g1214_d08bumg.png"}, {"id": "g1214_d084ix7", "comment": "[Fixed.](http://i.imgur.com/g2tjSXK.jpg)", "date": "2016-02-21 09:55:16", "seriesname": "g1214_d084ix7", "file": "/media/jbrogan4/scratch2/Reddit_Prov_Dataset_v6/_Basketball_Kid_doesn't_know_what_he's_doing/g1214_d084ix7.jpg", "URL": "http://i.imgur.com/g2tjSXK.jpg", "fileid": "g1214_d084ix7.jpg"}, {"id": "g1214_d07zid1", "comment": "[Huston we have a liftoff](http://i.imgur.com/n2XEDNM.png)", "date": "2016-02-21 04:47:20", "seriesname": "g1214_d07zid1", "file": "/media/jbrogan4/scratch2/Reddit_Prov_Dataset_v6/_Basketball_Kid_doesn't_know_what_he's_doing/g1214_d07zid1.png", "URL": "http://i.imgur.com/n2XEDNM.png", "fileid": "g1214_d07zid1.png"}, {"id": "g1214_d08b9lk", "comment": "[Nobody knows what they're doing](http://i.imgur.com/ZtSGXWp.jpg)", "date": "2016-02-21 13:19:43", "seriesname": "g1214_d08b9lk", "file": "/media/jbrogan4/scratch2/Reddit_Prov_Dataset_v6/_Basketball_Kid_doesn't_know_what_he's_doing/g1214_d08b9lk.jpg", "URL": "http://i.imgur.com/ZtSGXWp.jpg", "fileid": "g1214_d08b9lk.jpg"}, {"id": "g1214_d082dem", "comment": "Become the [ball](http://imgur.com/bcOukw6)", "date": "2016-02-21 08:10:15", "seriesname": "g1214_d082dem", "file": "/media/jbrogan4/scratch2/Reddit_Prov_Dataset_v6/_Basketball_Kid_doesn't_know_what_he's_doing/g1214_d082dem.png", "URL": "http://i.imgur.com/bcOukw6.png", "fileid": "g1214_d082dem.png"}, {"id": "g1214_d083vwn", "comment": "[Photoshop.](http://i.imgur.com/LYf1s0s.png)\n\n*exits loop*", "date": "2016-02-21 09:28:20", "seriesname": "g1214_d083vwn", "file": "/media/jbrogan4/scratch2/Reddit_Prov_Dataset_v6/_Basketball_Kid_doesn't_know_what_he's_doing/g1214_d083vwn.png", "URL": "http://i.imgur.com/LYf1s0s.png", "fileid": "g1214_d083vwn.png"}, {"id": "g1214_d07yn3k", "comment": "http://i.imgur.com/5nJVHcm.gif", "date": "2016-02-21 03:49:00", "seriesname": "g1214_d07yn3k", "file": "/media/jbrogan4/scratch2/Reddit_Prov_Dataset_v6/_Basketball_Kid_doesn't_know_what_he's_doing/g1214_d07yn3k.jpg", "URL": "http://i.imgur.com/5nJVHcm.gif", "fileid": "g1214_d07yn3k.gif"}, {"id": "g1214_d07xfr8", "comment": "[Jeremy had always wanted to join the callisthenics team, so when his father made him join the local basketball team instead for the third year in a row, he started to become somewhat insolent.](http://i.imgur.com/Qpyaefw.gif)\n\n*Edit*: Added foam finger ", "date": "2016-02-21 02:38:12", "seriesname": "g1214_d07xfr8", "file": "/media/jbrogan4/scratch2/Reddit_Prov_Dataset_v6/_Basketball_Kid_doesn't_know_what_he's_doing/g1214_d07xfr8.jpg", "URL": "http://i.imgur.com/Qpyaefw.gif", "fileid": "g1214_d07xfr8.gif"}, {"id": "g1214_d081763", "comment": "[There is no try.](http://i.imgur.com/VSbT59K.gif)", "date": "2016-02-21 06:51:21", "seriesname": "g1214_d081763", "file": "/media/jbrogan4/scratch2/Reddit_Prov_Dataset_v6/_Basketball_Kid_doesn't_know_what_he's_doing/g1214_d081763.jpg", "URL": "http://i.imgur.com/VSbT59K.gif", "fileid": "g1214_d081763.gif"}, {"id": "g1214_d08n9zo", "comment": "Don't need it:\n\nhttp://i.imgur.com/IDdDnqK.jpg\n\n\nCopy the left side of the N. Flip it and replace the right side with it.\nReplace the S completely with a scaled up version of the S in the basketball from above.\n", "date": "2016-02-21 18:42:06", "seriesname": "g1214_d08n9zo", "file": "/media/jbrogan4/scratch2/Reddit_Prov_Dataset_v6/_Basketball_Kid_doesn't_know_what_he's_doing/g1214_d08n9zo.jpg", "URL": "http://i.imgur.com/IDdDnqK.jpg", "fileid": "g1214_d08n9zo.jpg"}, {"id": "g1214_d083d22", "comment": "[competing for approval](http://imgur.com/4rgrd9v)", "date": "2016-02-21 09:03:40", "seriesname": "g1214_d083d22", "file": "/media/jbrogan4/scratch2/Reddit_Prov_Dataset_v6/_Basketball_Kid_doesn't_know_what_he's_doing/g1214_d083d22.png", "URL": "http://i.imgur.com/4rgrd9v.png", "fileid": "g1214_d083d22.png"}, {"id": "g1214_d084xoe", "comment": "http://imgur.com/LDZTIJ2", "date": "2016-02-21 10:11:11", "seriesname": "g1214_d084xoe", "file": "/media/jbrogan4/scratch2/Reddit_Prov_Dataset_v6/_Basketball_Kid_doesn't_know_what_he's_doing/g1214_d084xoe.png", "URL": "http://i.imgur.com/LDZTIJ2.png", "fileid": "g1214_d084xoe.png"}, {"id": "g1214_d07vczo", "comment": "[It looked better in my head](http://imgur.com/DbzB3lq)\n", "date": "2016-02-21 01:00:26", "seriesname": "g1214_d07vczo", "file": "/media/jbrogan4/scratch2/Reddit_Prov_Dataset_v6/_Basketball_Kid_doesn't_know_what_he's_doing/g1214_d07vczo.png", "URL": "http://i.imgur.com/DbzB3lq.png", "fileid": "g1214_d07vczo.png"}, {"id": "g1214_d085gnm", "comment": "[such a lust for revenge](http://i.imgur.com/yZVz7Az.jpg)", "date": "2016-02-21 10:30:09", "seriesname": "g1214_d085gnm", "file": "/media/jbrogan4/scratch2/Reddit_Prov_Dataset_v6/_Basketball_Kid_doesn't_know_what_he's_doing/g1214_d085gnm.jpg", "URL": "http://i.imgur.com/yZVz7Az.jpg", "fileid": "g1214_d085gnm.jpg"}, {"id": "g1214_d08c58x", "comment": "[Tony Stark in high school](http://i.imgur.com/VzP2GGX.jpg)", "date": "2016-02-21 13:43:46", "seriesname": "g1214_d08c58x", "file": "/media/jbrogan4/scratch2/Reddit_Prov_Dataset_v6/_Basketball_Kid_doesn't_know_what_he's_doing/g1214_d08c58x.jpg", "URL": "http://i.imgur.com/VzP2GGX.jpg", "fileid": "g1214_d08c58x.jpg"}, {"id": "g1214_d082kwh", "comment": "http://i.imgur.com/yPQhF6q.jpg", "date": "2016-02-21 08:22:10", "seriesname": "g1214_d082kwh", "file": "/media/jbrogan4/scratch2/Reddit_Prov_Dataset_v6/_Basketball_Kid_doesn't_know_what_he's_doing/g1214_d082kwh.jpg", "URL": "http://i.imgur.com/yPQhF6q.jpg", "fileid": "g1214_d082kwh.jpg"}, {"id": "g1214_d07xvz5", "comment": "[Levitation.](http://i.imgur.com/FnLXwhK.jpg)", "date": "2016-02-21 03:03:23", "seriesname": "g1214_d07xvz5", "file": "/media/jbrogan4/scratch2/Reddit_Prov_Dataset_v6/_Basketball_Kid_doesn't_know_what_he's_doing/g1214_d07xvz5.jpg", "URL": "http://i.imgur.com/FnLXwhK.jpg", "fileid": "g1214_d07xvz5.jpg"}, {"id": "g1214_d086not", "comment": "First thing that came to my mind..\n\nhttp://imgur.com/DfvZz0k", "date": "2016-02-21 11:08:50", "seriesname": "g1214_d086not", "file": "/media/jbrogan4/scratch2/Reddit_Prov_Dataset_v6/_Basketball_Kid_doesn't_know_what_he's_doing/g1214_d086not.png", "URL": "http://i.imgur.com/DfvZz0k.png", "fileid": "g1214_d086not.png"}, {"id": "g1214_d085zat", "comment": "[I find your lack of skills disturbing](http://i.imgur.com/12GKXgY.png)", "date": "2016-02-21 10:47:26", "seriesname": "g1214_d085zat", "file": "/media/jbrogan4/scratch2/Reddit_Prov_Dataset_v6/_Basketball_Kid_doesn't_know_what_he's_doing/g1214_d085zat.png", "URL": "http://i.imgur.com/12GKXgY.png", "fileid": "g1214_d085zat.png"}, {"id": "g1214_d08hz3h", "comment": "[Unstoppable](http://i.imgur.com/q52vgSm.png)\n\nMeta from a long time ago. http://i.imgur.com/VQhLjri.jpg", "date": "2016-02-21 16:19:49", "seriesname": "g1214_d08hz3h", "file": "/media/jbrogan4/scratch2/Reddit_Prov_Dataset_v6/_Basketball_Kid_doesn't_know_what_he's_doing/g1214_d08hz3h.jpg", "URL": "http://i.imgur.com/VQhLjri.jpg", "fileid": "g1214_d08hz3h.jpg"}, {"id": "g1214_d0818re", "comment": "[Frieza please...](http://imgur.com/ZzcldSi)", "date": "2016-02-21 06:54:29", "seriesname": "g1214_d0818re", "file": "/media/jbrogan4/scratch2/Reddit_Prov_Dataset_v6/_Basketball_Kid_doesn't_know_what_he's_doing/g1214_d0818re.png", "URL": "http://i.imgur.com/ZzcldSi.png", "fileid": "g1214_d0818re.png"}, {"id": "g1214_root", "comment": "", "date": "2016-02-21 00:10:46", "seriesname": "g1214_root", "file": "/media/jbrogan4/scratch2/Reddit_Prov_Dataset_v6/_Basketball_Kid_doesn't_know_what_he's_doing/g1214_root.jpg", "URL": "http://imgur.com/ZAeTFqN.jpg", "fileid": "g1214_root.jpg"}], "graph": {"name": "g1214_root"}, "directed": true}