{"links": [{"op": "none", "target": 0, "source": 28}, {"op": "none", "target": 1, "source": 49}, {"op": "none", "target": 2, "source": 28}, {"op": "none", "target": 3, "source": 54}, {"op": "none", "target": 4, "source": 49}, {"op": "none", "target": 5, "source": 49}, {"op": "none", "target": 6, "source": 49}, {"op": "none", "target": 7, "source": 49}, {"op": "none", "target": 8, "source": 49}, {"op": "none", "target": 9, "source": 0}, {"op": "none", "target": 10, "source": 49}, {"op": "none", "target": 11, "source": 49}, {"op": "none", "target": 12, "source": 49}, {"op": "none", "target": 13, "source": 49}, {"op": "none", "target": 14, "source": 49}, {"op": "none", "target": 15, "source": 0}, {"op": "none", "target": 16, "source": 49}, {"op": "none", "target": 17, "source": 49}, {"op": "none", "target": 18, "source": 49}, {"op": "none", "target": 19, "source": 49}, {"op": "none", "target": 20, "source": 49}, {"op": "none", "target": 21, "source": 49}, {"op": "none", "target": 22, "source": 49}, {"op": "none", "target": 23, "source": 49}, {"op": "none", "target": 24, "source": 49}, {"op": "none", "target": 25, "source": 49}, {"op": "none", "target": 26, "source": 54}, {"op": "none", "target": 27, "source": 28}, {"op": "none", "target": 28, "source": 59}, {"op": "none", "target": 29, "source": 49}, {"op": "none", "target": 30, "source": 49}, {"op": "none", "target": 31, "source": 49}, {"op": "none", "target": 32, "source": 49}, {"op": "none", "target": 33, "source": 49}, {"op": "none", "target": 34, "source": 49}, {"op": "none", "target": 35, "source": 49}, {"op": "none", "target": 36, "source": 49}, {"op": "none", "target": 37, "source": 49}, {"op": "none", "target": 38, "source": 56}, {"op": "none", "target": 39, "source": 49}, {"op": "none", "target": 40, "source": 49}, {"op": "none", "target": 41, "source": 49}, {"op": "none", "target": 42, "source": 9}, {"op": "none", "target": 43, "source": 49}, {"op": "none", "target": 44, "source": 49}, {"op": "none", "target": 45, "source": 49}, {"op": "none", "target": 46, "source": 49}, {"op": "none", "target": 47, "source": 46}, {"op": "none", "target": 48, "source": 49}, {"op": "none", "target": 50, "source": 45}, {"op": "none", "target": 51, "source": 49}, {"op": "none", "target": 52, "source": 49}, {"op": "none", "target": 53, "source": 6}, {"op": "none", "target": 54, "source": 49}, {"op": "none", "target": 55, "source": 49}, {"op": "none", "target": 56, "source": 49}, {"op": "none", "target": 57, "source": 49}, {"op": "none", "target": 58, "source": 49}, {"op": "none", "target": 59, "source": 49}, {"op": "none", "target": 60, "source": 49}, {"op": "none", "target": 61, "source": 49}, {"op": "none", "target": 62, "source": 49}, {"op": "none", "target": 63, "source": 49}], "title": "_Hillary_staring", "nodes": [{"id": "g1217_d5vgwqj", "comment": "[Hillarry David](http://i.imgur.com/ZiS7Fjs.jpg)", "date": "2016-07-29 00:01:08", "seriesname": "g1217_d5vgwqj", "file": "/media/jbrogan4/scratch2/Reddit_Prov_Dataset_v6/_Hillary_staring/g1217_d5vgwqj.jpg", "URL": "http://i.imgur.com/ZiS7Fjs.jpg", "fileid": "g1217_d5vgwqj.jpg"}, {"id": "g1217_d5vha7e", "comment": "[Beverly hills plastic surgeon makeover before and after](https://i.imgur.com/w0wch4g.jpg)", "date": "2016-07-29 00:12:05", "seriesname": "g1217_d5vha7e", "file": "/media/jbrogan4/scratch2/Reddit_Prov_Dataset_v6/_Hillary_staring/g1217_d5vha7e.jpg", "URL": "https://i.imgur.com/w0wch4g.jpg", "fileid": "g1217_d5vha7e.jpg"}, {"id": "g1217_d5vmbfl", "comment": "[Clinton Eastwood](https://i.imgur.com/Wd9h0z4.jpg)", "date": "2016-07-29 03:20:11", "seriesname": "g1217_d5vmbfl", "file": "/media/jbrogan4/scratch2/Reddit_Prov_Dataset_v6/_Hillary_staring/g1217_d5vmbfl.jpg", "URL": "https://i.imgur.com/Wd9h0z4.jpg", "fileid": "g1217_d5vmbfl.jpg"}, {"id": "g1217_d5vjfzd", "comment": "Eh. Close.\n\nhttp://i.imgur.com/5BT56NQ.jpg", "date": "2016-07-29 01:21:58", "seriesname": "g1217_d5vjfzd", "file": "/media/jbrogan4/scratch2/Reddit_Prov_Dataset_v6/_Hillary_staring/g1217_d5vjfzd.jpg", "URL": "http://i.imgur.com/5BT56NQ.jpg", "fileid": "g1217_d5vjfzd.jpg"}, {"id": "g1217_d5vsn4d", "comment": "[say what you will about her, but she's on point with those cosplay skills](http://i.imgur.com/HRZntgg.jpg)", "date": "2016-07-29 08:36:28", "seriesname": "g1217_d5vsn4d", "file": "/media/jbrogan4/scratch2/Reddit_Prov_Dataset_v6/_Hillary_staring/g1217_d5vsn4d.jpg", "URL": "http://i.imgur.com/HRZntgg.jpg", "fileid": "g1217_d5vsn4d.jpg"}, {"id": "g1217_d5v9dpb", "comment": "A E S T H E T I C \nhttp://imgur.com/fbtAbHk\n", "date": "2016-07-28 20:56:46", "seriesname": "g1217_d5v9dpb", "file": "/media/jbrogan4/scratch2/Reddit_Prov_Dataset_v6/_Hillary_staring/g1217_d5v9dpb.png", "URL": "http://i.imgur.com/fbtAbHk.png", "fileid": "g1217_d5v9dpb.png"}, {"id": "g1217_d5veywd", "comment": "http://i.imgur.com/usNnHer.png", "date": "2016-07-28 23:11:24", "seriesname": "g1217_d5veywd", "file": "/media/jbrogan4/scratch2/Reddit_Prov_Dataset_v6/_Hillary_staring/g1217_d5veywd.png", "URL": "http://i.imgur.com/usNnHer.png", "fileid": "g1217_d5veywd.png"}, {"id": "g1217_d5vmj6t", "comment": "[Unlimited Power~](http://i.imgur.com/JNh940u.png)", "date": "2016-07-29 03:30:30", "seriesname": "g1217_d5vmj6t", "file": "/media/jbrogan4/scratch2/Reddit_Prov_Dataset_v6/_Hillary_staring/g1217_d5vmj6t.png", "URL": "http://i.imgur.com/JNh940u.png", "fileid": "g1217_d5vmj6t.png"}, {"id": "g1217_d5vhc4j", "comment": "[I tried](http://i.imgur.com/0Hi09No.jpg)", "date": "2016-07-29 00:13:41", "seriesname": "g1217_d5vhc4j", "file": "/media/jbrogan4/scratch2/Reddit_Prov_Dataset_v6/_Hillary_staring/g1217_d5vhc4j.jpg", "URL": "http://i.imgur.com/0Hi09No.jpg", "fileid": "g1217_d5vhc4j.jpg"}, {"id": "g1217_d5vhhee", "comment": "[Hillary Banks](http://i.imgur.com/kESVK4y.jpg)", "date": "2016-07-29 00:17:55", "seriesname": "g1217_d5vhhee", "file": "/media/jbrogan4/scratch2/Reddit_Prov_Dataset_v6/_Hillary_staring/g1217_d5vhhee.jpg", "URL": "http://i.imgur.com/kESVK4y.jpg", "fileid": "g1217_d5vhhee.jpg"}, {"id": "g1217_d5vn8fu", "comment": "https://i.imgur.com/Rse6A3e.jpg leatherface", "date": "2016-07-29 04:06:14", "seriesname": "g1217_d5vn8fu", "file": "/media/jbrogan4/scratch2/Reddit_Prov_Dataset_v6/_Hillary_staring/g1217_d5vn8fu.jpg", "URL": "https://i.imgur.com/Rse6A3e.jpg", "fileid": "g1217_d5vn8fu.jpg"}, {"id": "g1217_d5vshbu", "comment": "[Emperess](https://imgur.com/gallery/M9JKG76)", "date": "2016-07-29 08:30:53", "seriesname": "g1217_d5vshbu", "file": "/media/jbrogan4/scratch2/Reddit_Prov_Dataset_v6/_Hillary_staring/g1217_d5vshbu.png", "URL": "http://i.imgur.com/M9JKG76.png", "fileid": "g1217_d5vshbu.png"}, {"id": "g1217_d5vh09d", "comment": "[The DNC Militant](http://imgur.com/c06dBez.jpg)", "date": "2016-07-29 00:03:58", "seriesname": "g1217_d5vh09d", "file": "/media/jbrogan4/scratch2/Reddit_Prov_Dataset_v6/_Hillary_staring/g1217_d5vh09d.jpg", "URL": "http://imgur.com/c06dBez.jpg", "fileid": "g1217_d5vh09d.jpg"}, {"id": "g1217_d5vdkpu", "comment": "[Hildegard v. Klinthof](http://imgur.com/4E4iaK9)\n\n\nDisclaimer: This is not intended as a political statement, her face just seemed right.", "date": "2016-07-28 22:39:30", "seriesname": "g1217_d5vdkpu", "file": "/media/jbrogan4/scratch2/Reddit_Prov_Dataset_v6/_Hillary_staring/g1217_d5vdkpu.png", "URL": "http://i.imgur.com/4E4iaK9.png", "fileid": "g1217_d5vdkpu.png"}, {"id": "g1217_d5vb1po", "comment": "[My First Photoshop](http://imgur.com/XzxGVbs)\n", "date": "2016-07-28 21:38:34", "seriesname": "g1217_d5vb1po", "file": "/media/jbrogan4/scratch2/Reddit_Prov_Dataset_v6/_Hillary_staring/g1217_d5vb1po.png", "URL": "http://i.imgur.com/XzxGVbs.png", "fileid": "g1217_d5vb1po.png"}, {"id": "g1217_d5vkpj9", "comment": "[Hillarry Bird](http://i.imgur.com/Jr2A5Gs.jpg)", "date": "2016-07-29 02:10:47", "seriesname": "g1217_d5vkpj9", "file": "/media/jbrogan4/scratch2/Reddit_Prov_Dataset_v6/_Hillary_staring/g1217_d5vkpj9.jpg", "URL": "http://i.imgur.com/Jr2A5Gs.jpg", "fileid": "g1217_d5vkpj9.jpg"}, {"id": "g1217_d5vdomz", "comment": "[Are you fucking kidding me?](http://i.imgur.com/c7cEM8i.png)", "date": "2016-07-28 22:42:03", "seriesname": "g1217_d5vdomz", "file": "/media/jbrogan4/scratch2/Reddit_Prov_Dataset_v6/_Hillary_staring/g1217_d5vdomz.png", "URL": "http://i.imgur.com/c7cEM8i.png", "fileid": "g1217_d5vdomz.png"}, {"id": "g1217_d5vh8y1", "comment": "[Enhance wrinkles](http://i.imgur.com/hvORvaj.jpg)\n\n(nsfl?)", "date": "2016-07-29 00:11:02", "seriesname": "g1217_d5vh8y1", "file": "/media/jbrogan4/scratch2/Reddit_Prov_Dataset_v6/_Hillary_staring/g1217_d5vh8y1.jpg", "URL": "http://i.imgur.com/hvORvaj.jpg", "fileid": "g1217_d5vh8y1.jpg"}, {"id": "g1217_d5vb464", "comment": "[Marionette](http://i.imgur.com/L7aRBpg.jpg)", "date": "2016-07-28 21:40:15", "seriesname": "g1217_d5vb464", "file": "/media/jbrogan4/scratch2/Reddit_Prov_Dataset_v6/_Hillary_staring/g1217_d5vb464.jpg", "URL": "http://i.imgur.com/L7aRBpg.jpg", "fileid": "g1217_d5vb464.jpg"}, {"id": "g1217_d5vij9r", "comment": "[Interdimensional Being](http://i.imgur.com/DhL7T4X.jpg)", "date": "2016-07-29 00:51:06", "seriesname": "g1217_d5vij9r", "file": "/media/jbrogan4/scratch2/Reddit_Prov_Dataset_v6/_Hillary_staring/g1217_d5vij9r.jpg", "URL": "http://i.imgur.com/DhL7T4X.jpg", "fileid": "g1217_d5vij9r.jpg"}, {"id": "g1217_d5vf5sv", "comment": "[You know the thing about a Clinton, she's got... lifeless eyes, black eyes, like a doll's eyes.](http://i.imgur.com/epVzHch.png)", "date": "2016-07-28 23:15:57", "seriesname": "g1217_d5vf5sv", "file": "/media/jbrogan4/scratch2/Reddit_Prov_Dataset_v6/_Hillary_staring/g1217_d5vf5sv.png", "URL": "http://i.imgur.com/epVzHch.png", "fileid": "g1217_d5vf5sv.png"}, {"id": "g1217_d5vodbc", "comment": "[A Hillary always pays her debt](http://i.imgur.com/KirB482.jpg)", "date": "2016-07-29 05:07:52", "seriesname": "g1217_d5vodbc", "file": "/media/jbrogan4/scratch2/Reddit_Prov_Dataset_v6/_Hillary_staring/g1217_d5vodbc.jpg", "URL": "http://i.imgur.com/KirB482.jpg", "fileid": "g1217_d5vodbc.jpg"}, {"id": "g1217_d5vnwfn", "comment": "http://i.imgur.com/bF0lmLB.jpg", "date": "2016-07-29 04:41:40", "seriesname": "g1217_d5vnwfn", "file": "/media/jbrogan4/scratch2/Reddit_Prov_Dataset_v6/_Hillary_staring/g1217_d5vnwfn.jpg", "URL": "http://i.imgur.com/bF0lmLB.jpg", "fileid": "g1217_d5vnwfn.jpg"}, {"id": "g1217_d5vg86m", "comment": "[Show Me What You Got](http://imgur.com/k5XgzlO)", "date": "2016-07-28 23:42:17", "seriesname": "g1217_d5vg86m", "file": "/media/jbrogan4/scratch2/Reddit_Prov_Dataset_v6/_Hillary_staring/g1217_d5vg86m.png", "URL": "http://i.imgur.com/k5XgzlO.png", "fileid": "g1217_d5vg86m.png"}, {"id": "g1217_d5vmobm", "comment": "[Snoke 2016 {D}](https://i.imgur.com/TqoNina.png)arkside", "date": "2016-07-29 03:37:34", "seriesname": "g1217_d5vmobm", "file": "/media/jbrogan4/scratch2/Reddit_Prov_Dataset_v6/_Hillary_staring/g1217_d5vmobm.jpg", "URL": "https://i.imgur.com/TqoNina.png)arkside", "fileid": "g1217_d5vmobm.pngarkside"}, {"id": "g1217_d5vtywt", "comment": "[Hillary changed a few things in the Oval office after the election.](http://i.imgur.com/neHhoEF.png)", "date": "2016-07-29 09:18:23", "seriesname": "g1217_d5vtywt", "file": "/media/jbrogan4/scratch2/Reddit_Prov_Dataset_v6/_Hillary_staring/g1217_d5vtywt.png", "URL": "http://i.imgur.com/neHhoEF.png", "fileid": "g1217_d5vtywt.png"}, {"id": "g1217_d5vm7d1", "comment": "Without all the wrinkles, she looks like [Jiminy Glick](http://www.makeupandmonsters.com/PROJECTS/PRIMETIME_GLICK/MS5273.jpg)", "date": "2016-07-29 03:14:50", "seriesname": "g1217_d5vm7d1", "file": "/media/jbrogan4/scratch2/Reddit_Prov_Dataset_v6/_Hillary_staring/g1217_d5vm7d1.jpg", "URL": "http://www.makeupandmonsters.com/PROJECTS/PRIMETIME_GLICK/MS5273.jpg", "fileid": "g1217_d5vm7d1.jpg"}, {"id": "g1217_d5vmlpd", "comment": "http://i.imgur.com/HXmcqik.jpg", "date": "2016-07-29 03:33:50", "seriesname": "g1217_d5vmlpd", "file": "/media/jbrogan4/scratch2/Reddit_Prov_Dataset_v6/_Hillary_staring/g1217_d5vmlpd.jpg", "URL": "http://i.imgur.com/HXmcqik.jpg", "fileid": "g1217_d5vmlpd.jpg"}, {"id": "g1217_d5vfqvu", "comment": "[Hillie Nelson](http://i.imgur.com/Z8iBiIQ.jpg)", "date": "2016-07-28 23:30:01", "seriesname": "g1217_d5vfqvu", "file": "/media/jbrogan4/scratch2/Reddit_Prov_Dataset_v6/_Hillary_staring/g1217_d5vfqvu.jpg", "URL": "http://i.imgur.com/Z8iBiIQ.jpg", "fileid": "g1217_d5vfqvu.jpg"}, {"id": "g1217_d5vkqme", "comment": "[The World Will Know Deleted Emails](http://i.imgur.com/Hs0OWOu.jpg)", "date": "2016-07-29 02:11:59", "seriesname": "g1217_d5vkqme", "file": "/media/jbrogan4/scratch2/Reddit_Prov_Dataset_v6/_Hillary_staring/g1217_d5vkqme.jpg", "URL": "http://i.imgur.com/Hs0OWOu.jpg", "fileid": "g1217_d5vkqme.jpg"}, {"id": "g1217_d5vmuxw", "comment": "[Empress  Clinton](http://i.imgur.com/mvWpfQI.jpg)", "date": "2016-07-29 03:46:48", "seriesname": "g1217_d5vmuxw", "file": "/media/jbrogan4/scratch2/Reddit_Prov_Dataset_v6/_Hillary_staring/g1217_d5vmuxw.jpg", "URL": "http://i.imgur.com/mvWpfQI.jpg", "fileid": "g1217_d5vmuxw.jpg"}, {"id": "g1217_d5vk2s5", "comment": "[combined it with some other Hillary pics](http://imgur.com/GoTIZfF)", "date": "2016-07-29 01:45:18", "seriesname": "g1217_d5vk2s5", "file": "/media/jbrogan4/scratch2/Reddit_Prov_Dataset_v6/_Hillary_staring/g1217_d5vk2s5.png", "URL": "http://i.imgur.com/GoTIZfF.png", "fileid": "g1217_d5vk2s5.png"}, {"id": "g1217_d5vkf1q", "comment": "http://i.imgur.com/uXH76HF.jpg", "date": "2016-07-29 01:58:42", "seriesname": "g1217_d5vkf1q", "file": "/media/jbrogan4/scratch2/Reddit_Prov_Dataset_v6/_Hillary_staring/g1217_d5vkf1q.jpg", "URL": "http://i.imgur.com/uXH76HF.jpg", "fileid": "g1217_d5vkf1q.jpg"}, {"id": "g1217_d5vjvp5", "comment": "http://imgur.com/YUuRLfx", "date": "2016-07-29 01:37:46", "seriesname": "g1217_d5vjvp5", "file": "/media/jbrogan4/scratch2/Reddit_Prov_Dataset_v6/_Hillary_staring/g1217_d5vjvp5.png", "URL": "http://i.imgur.com/YUuRLfx.png", "fileid": "g1217_d5vjvp5.png"}, {"id": "g1217_d5vdfns", "comment": "[Greetings fellow human, vote for me!](http://i.imgur.com/sELHUYS.png)", "date": "2016-07-28 22:36:12", "seriesname": "g1217_d5vdfns", "file": "/media/jbrogan4/scratch2/Reddit_Prov_Dataset_v6/_Hillary_staring/g1217_d5vdfns.png", "URL": "http://i.imgur.com/sELHUYS.png", "fileid": "g1217_d5vdfns.png"}, {"id": "g1217_d5vjoc8", "comment": "[It rubs the lotion on its skin or else it gets the hose again.](http://a67.tinypic.com/2q3y6go.jpg) ", "date": "2016-07-29 01:30:12", "seriesname": "g1217_d5vjoc8", "file": "/media/jbrogan4/scratch2/Reddit_Prov_Dataset_v6/_Hillary_staring/g1217_d5vjoc8.jpg", "URL": "http://a67.tinypic.com/2q3y6go.jpg", "fileid": "g1217_d5vjoc8.jpg"}, {"id": "g1217_d5vkp0t", "comment": "[Hellary] (http://imgur.com/8y5ld0s)", "date": "2016-07-29 02:10:10", "seriesname": "g1217_d5vkp0t", "file": "/media/jbrogan4/scratch2/Reddit_Prov_Dataset_v6/_Hillary_staring/g1217_d5vkp0t.png", "URL": "http://i.imgur.com/8y5ld0s.png", "fileid": "g1217_d5vkp0t.png"}, {"id": "g1217_d5vjicw", "comment": "[Done stayed in too long](http://i.imgur.com/oYqTqLn.png)", "date": "2016-07-29 01:24:17", "seriesname": "g1217_d5vjicw", "file": "/media/jbrogan4/scratch2/Reddit_Prov_Dataset_v6/_Hillary_staring/g1217_d5vjicw.png", "URL": "http://i.imgur.com/oYqTqLn.png", "fileid": "g1217_d5vjicw.png"}, {"id": "g1217_d5vkur6", "comment": "[Ahh! the mask is a perfect fit!](http://i.imgur.com/itWW2ot.jpg)", "date": "2016-07-29 02:16:43", "seriesname": "g1217_d5vkur6", "file": "/media/jbrogan4/scratch2/Reddit_Prov_Dataset_v6/_Hillary_staring/g1217_d5vkur6.jpg", "URL": "http://i.imgur.com/itWW2ot.jpg", "fileid": "g1217_d5vkur6.jpg"}, {"id": "g1217_d5voeap", "comment": "[The real Hillary comes out](http://i.imgur.com/vCe1rGW.jpg)", "date": "2016-07-29 05:09:23", "seriesname": "g1217_d5voeap", "file": "/media/jbrogan4/scratch2/Reddit_Prov_Dataset_v6/_Hillary_staring/g1217_d5voeap.jpg", "URL": "http://i.imgur.com/vCe1rGW.jpg", "fileid": "g1217_d5voeap.jpg"}, {"id": "g1217_d5vdany", "comment": "[They Live](http://i.imgur.com/j6S0Q8H.jpg)", "date": "2016-07-28 22:33:01", "seriesname": "g1217_d5vdany", "file": "/media/jbrogan4/scratch2/Reddit_Prov_Dataset_v6/_Hillary_staring/g1217_d5vdany.jpg", "URL": "http://i.imgur.com/j6S0Q8H.jpg", "fileid": "g1217_d5vdany.jpg"}, {"id": "g1217_d5vmn30", "comment": "coming soon to a theater near you http://i.imgur.com/ZGMYh4w.png", "date": "2016-07-29 03:35:50", "seriesname": "g1217_d5vmn30", "file": "/media/jbrogan4/scratch2/Reddit_Prov_Dataset_v6/_Hillary_staring/g1217_d5vmn30.png", "URL": "http://i.imgur.com/ZGMYh4w.png", "fileid": "g1217_d5vmn30.png"}, {"id": "g1217_d5vjqy4", "comment": "[Hillando](http://i.imgur.com/nvZjQAg.png)", "date": "2016-07-29 01:32:53", "seriesname": "g1217_d5vjqy4", "file": "/media/jbrogan4/scratch2/Reddit_Prov_Dataset_v6/_Hillary_staring/g1217_d5vjqy4.png", "URL": "http://i.imgur.com/nvZjQAg.png", "fileid": "g1217_d5vjqy4.png"}, {"id": "g1217_d5w13al", "comment": "[president sith](https://imgur.com/itzMfkX) ", "date": "2016-07-29 12:06:23", "seriesname": "g1217_d5w13al", "file": "/media/jbrogan4/scratch2/Reddit_Prov_Dataset_v6/_Hillary_staring/g1217_d5w13al.png", "URL": "http://i.imgur.com/itzMfkX.png", "fileid": "g1217_d5w13al.png"}, {"id": "g1217_d5virb2", "comment": "[she didn't want to be known as the first female Sith lord](http://imgur.com/kC6puQX)", "date": "2016-07-29 00:58:32", "seriesname": "g1217_d5virb2", "file": "/media/jbrogan4/scratch2/Reddit_Prov_Dataset_v6/_Hillary_staring/g1217_d5virb2.png", "URL": "http://i.imgur.com/kC6puQX.png", "fileid": "g1217_d5virb2.png"}, {"id": "g1217_d5va808", "comment": "[petrifying](http://i.imgur.com/pvmMtgS.jpg)", "date": "2016-07-28 21:18:06", "seriesname": "g1217_d5va808", "file": "/media/jbrogan4/scratch2/Reddit_Prov_Dataset_v6/_Hillary_staring/g1217_d5va808.jpg", "URL": "http://i.imgur.com/pvmMtgS.jpg", "fileid": "g1217_d5va808.jpg"}, {"id": "g1217_d5v79u6", "comment": "[Join Us...](https://i.imgur.com/IvQrshw.png)", "date": "2016-07-28 20:03:03", "seriesname": "g1217_d5v79u6", "file": "/media/jbrogan4/scratch2/Reddit_Prov_Dataset_v6/_Hillary_staring/g1217_d5v79u6.png", "URL": "https://i.imgur.com/IvQrshw.png", "fileid": "g1217_d5v79u6.png"}, {"id": "g1217_d5vde90", "comment": "Aww, you beat me to it!\n\n[Here's mine](https://i.imgur.com/lTcPMrn.jpg)", "date": "2016-07-28 22:35:21", "seriesname": "g1217_d5vde90", "file": "/media/jbrogan4/scratch2/Reddit_Prov_Dataset_v6/_Hillary_staring/g1217_d5vde90.jpg", "URL": "https://i.imgur.com/lTcPMrn.jpg", "fileid": "g1217_d5vde90.jpg"}, {"id": "g1217_d5vkvf5", "comment": "Beware the eyes that paralize\n\nhttp://i.imgur.com/iQXRrUG.png", "date": "2016-07-29 02:17:30", "seriesname": "g1217_d5vkvf5", "file": "/media/jbrogan4/scratch2/Reddit_Prov_Dataset_v6/_Hillary_staring/g1217_d5vkvf5.png", "URL": "http://i.imgur.com/iQXRrUG.png", "fileid": "g1217_d5vkvf5.png"}, {"id": "g1217_root", "comment": "", "date": "2016-07-28 19:28:42", "seriesname": "g1217_root", "file": "/media/jbrogan4/scratch2/Reddit_Prov_Dataset_v6/_Hillary_staring/g1217_root.png", "URL": "http://i.imgur.com/ZU81Rsx.png", "fileid": "g1217_root.png"}, {"id": "g1217_d5vkeke", "comment": "[Remember me, Eddy?!](http://i.imgur.com/GsvK5Mu.jpg)", "date": "2016-07-29 01:58:13", "seriesname": "g1217_d5vkeke", "file": "/media/jbrogan4/scratch2/Reddit_Prov_Dataset_v6/_Hillary_staring/g1217_d5vkeke.jpg", "URL": "http://i.imgur.com/GsvK5Mu.jpg", "fileid": "g1217_d5vkeke.jpg"}, {"id": "g1217_d5vk3av", "comment": "[Not all that much I needed to do honestly...](https://i.imgur.com/r0EkREQ.png)", "date": "2016-07-29 01:45:52", "seriesname": "g1217_d5vk3av", "file": "/media/jbrogan4/scratch2/Reddit_Prov_Dataset_v6/_Hillary_staring/g1217_d5vk3av.png", "URL": "https://i.imgur.com/r0EkREQ.png", "fileid": "g1217_d5vk3av.png"}, {"id": "g1217_d5vfyky", "comment": "[Avoid eye contact](http://i.imgur.com/bV1Y0kd.gif)", "date": "2016-07-28 23:35:20", "seriesname": "g1217_d5vfyky", "file": "/media/jbrogan4/scratch2/Reddit_Prov_Dataset_v6/_Hillary_staring/g1217_d5vfyky.jpg", "URL": "http://i.imgur.com/bV1Y0kd.gif", "fileid": "g1217_d5vfyky.gif"}, {"id": "g1217_d5vihf5", "comment": "[Such a warhawk](http://i.imgur.com/oLwyzUp.jpg).", "date": "2016-07-29 00:49:23", "seriesname": "g1217_d5vihf5", "file": "/media/jbrogan4/scratch2/Reddit_Prov_Dataset_v6/_Hillary_staring/g1217_d5vihf5.jpg", "URL": "http://i.imgur.com/oLwyzUp.jpg).", "fileid": "g1217_d5vihf5."}, {"id": "g1217_d5vg8mp", "comment": "[As CNN sees her](http://imgur.com/IBdfxib)", "date": "2016-07-28 23:42:37", "seriesname": "g1217_d5vg8mp", "file": "/media/jbrogan4/scratch2/Reddit_Prov_Dataset_v6/_Hillary_staring/g1217_d5vg8mp.png", "URL": "http://i.imgur.com/IBdfxib.png", "fileid": "g1217_d5vg8mp.png"}, {"id": "g1217_d5vaxd2", "comment": "http://i.imgur.com/nPHqI28.jpg", "date": "2016-07-28 21:35:33", "seriesname": "g1217_d5vaxd2", "file": "/media/jbrogan4/scratch2/Reddit_Prov_Dataset_v6/_Hillary_staring/g1217_d5vaxd2.jpg", "URL": "http://i.imgur.com/nPHqI28.jpg", "fileid": "g1217_d5vaxd2.jpg"}, {"id": "g1217_d5vcbv3", "comment": "[It's our #1 seller!](http://i.imgur.com/EG0hXTC.jpg)", "date": "2016-07-28 22:09:57", "seriesname": "g1217_d5vcbv3", "file": "/media/jbrogan4/scratch2/Reddit_Prov_Dataset_v6/_Hillary_staring/g1217_d5vcbv3.jpg", "URL": "http://i.imgur.com/EG0hXTC.jpg", "fileid": "g1217_d5vcbv3.jpg"}, {"id": "g1217_d5vl7rt", "comment": "[Hillisandre](http://i.imgur.com/qbP7BFM.png)", "date": "2016-07-29 02:31:47", "seriesname": "g1217_d5vl7rt", "file": "/media/jbrogan4/scratch2/Reddit_Prov_Dataset_v6/_Hillary_staring/g1217_d5vl7rt.png", "URL": "http://i.imgur.com/qbP7BFM.png", "fileid": "g1217_d5vl7rt.png"}, {"id": "g1217_d5vtqtj", "comment": "The Hall has many faces.\n\nhttp://i.imgur.com/A3LehuR.png", "date": "2016-07-29 09:11:47", "seriesname": "g1217_d5vtqtj", "file": "/media/jbrogan4/scratch2/Reddit_Prov_Dataset_v6/_Hillary_staring/g1217_d5vtqtj.png", "URL": "http://i.imgur.com/A3LehuR.png", "fileid": "g1217_d5vtqtj.png"}, {"id": "g1217_d5vcw7r", "comment": "[Clinton Tarantino](http://i.imgur.com/7LGKPgi.jpg) \n\nShout-out to /r/HybridHumans", "date": "2016-07-28 22:23:35", "seriesname": "g1217_d5vcw7r", "file": "/media/jbrogan4/scratch2/Reddit_Prov_Dataset_v6/_Hillary_staring/g1217_d5vcw7r.jpg", "URL": "http://i.imgur.com/7LGKPgi.jpg", "fileid": "g1217_d5vcw7r.jpg"}, {"id": "g1217_d5vjta8", "comment": "[Bram Stoker's Hillarcula](http://i.imgur.com/0Q2ulhO.jpg)\n\n\n(I suck at PhotoShop)", "date": "2016-07-29 01:35:17", "seriesname": "g1217_d5vjta8", "file": "/media/jbrogan4/scratch2/Reddit_Prov_Dataset_v6/_Hillary_staring/g1217_d5vjta8.jpg", "URL": "http://i.imgur.com/0Q2ulhO.jpg", "fileid": "g1217_d5vjta8.jpg"}, {"id": "g1217_d5vfq1p", "comment": "[Moisturize me!](http://i.imgur.com/uXanINf.png)", "date": "2016-07-28 23:29:27", "seriesname": "g1217_d5vfq1p", "file": "/media/jbrogan4/scratch2/Reddit_Prov_Dataset_v6/_Hillary_staring/g1217_d5vfq1p.png", "URL": "http://i.imgur.com/uXanINf.png", "fileid": "g1217_d5vfq1p.png"}, {"id": "g1217_d5vpu80", "comment": "[Hillary The White Walker](http://i.imgur.com/bEGtZ0z.jpg)  -- The best I can do with an online photo editor, haha", "date": "2016-07-29 06:32:48", "seriesname": "g1217_d5vpu80", "file": "/media/jbrogan4/scratch2/Reddit_Prov_Dataset_v6/_Hillary_staring/g1217_d5vpu80.jpg", "URL": "http://i.imgur.com/bEGtZ0z.jpg", "fileid": "g1217_d5vpu80.jpg"}, {"id": "g1217_d5viys6", "comment": "[Don't blink!](https://m.imgur.com/wSgnKey) \n\nEdit: thanks. This is my first Photoshop. ", "date": "2016-07-29 01:05:31", "seriesname": "g1217_d5viys6", "file": "/media/jbrogan4/scratch2/Reddit_Prov_Dataset_v6/_Hillary_staring/g1217_d5viys6.png", "URL": "http://i.imgur.com/wSgnKey.png", "fileid": "g1217_d5viys6.png"}], "graph": {"name": "g1217_root"}, "directed": true}