{"links": [{"op": "none", "target": 0, "source": 45}, {"op": "none", "target": 1, "source": 41}, {"op": "none", "target": 2, "source": 45}, {"op": "none", "target": 3, "source": 45}, {"op": "none", "target": 4, "source": 45}, {"op": "none", "target": 5, "source": 45}, {"op": "none", "target": 6, "source": 45}, {"op": "none", "target": 7, "source": 45}, {"op": "none", "target": 8, "source": 11}, {"op": "none", "target": 9, "source": 45}, {"op": "none", "target": 10, "source": 45}, {"op": "none", "target": 11, "source": 45}, {"op": "none", "target": 12, "source": 45}, {"op": "none", "target": 13, "source": 20}, {"op": "none", "target": 14, "source": 45}, {"op": "none", "target": 15, "source": 33}, {"op": "none", "target": 16, "source": 23}, {"op": "none", "target": 17, "source": 11}, {"op": "none", "target": 18, "source": 16}, {"op": "none", "target": 19, "source": 45}, {"op": "none", "target": 20, "source": 33}, {"op": "none", "target": 21, "source": 45}, {"op": "none", "target": 22, "source": 43}, {"op": "none", "target": 23, "source": 43}, {"op": "none", "target": 24, "source": 45}, {"op": "none", "target": 25, "source": 45}, {"op": "none", "target": 26, "source": 1}, {"op": "none", "target": 27, "source": 45}, {"op": "none", "target": 28, "source": 3}, {"op": "none", "target": 29, "source": 3}, {"op": "none", "target": 30, "source": 45}, {"op": "none", "target": 31, "source": 45}, {"op": "none", "target": 32, "source": 43}, {"op": "none", "target": 33, "source": 9}, {"op": "none", "target": 34, "source": 9}, {"op": "none", "target": 35, "source": 45}, {"op": "none", "target": 36, "source": 45}, {"op": "none", "target": 37, "source": 21}, {"op": "none", "target": 38, "source": 45}, {"op": "none", "target": 39, "source": 16}, {"op": "none", "target": 40, "source": 22}, {"op": "none", "target": 41, "source": 11}, {"op": "none", "target": 42, "source": 45}, {"op": "none", "target": 43, "source": 15}, {"op": "none", "target": 44, "source": 45}, {"op": "none", "target": 46, "source": 1}, {"op": "none", "target": 47, "source": 3}], "title": "_Cat_Sitting_at_a_Desk_in_School", "nodes": [{"id": "g1220_cuatucz", "comment": "[We are prepared to launch Operation RedDot.](http://imgur.com/aZ0gAZr)", "date": "2015-08-21 12:47:28", "seriesname": "g1220_cuatucz", "file": "/media/jbrogan4/scratch2/Reddit_Prov_Dataset_v6/_Cat_Sitting_at_a_Desk_in_School/g1220_cuatucz.png", "URL": "http://i.imgur.com/aZ0gAZr.png", "fileid": "g1220_cuatucz.png"}, {"id": "g1220_cuaqhho", "comment": "[Bad aim](http://i.imgur.com/Q5kcPKZ.gif)", "date": "2015-08-21 11:24:56", "seriesname": "g1220_cuaqhho", "file": "/media/jbrogan4/scratch2/Reddit_Prov_Dataset_v6/_Cat_Sitting_at_a_Desk_in_School/g1220_cuaqhho.jpg", "URL": "http://i.imgur.com/Q5kcPKZ.gif", "fileid": "g1220_cuaqhho.gif"}, {"id": "g1220_cuaop03", "comment": "[I am Jamal, why do u ask](http://i.imgur.com/vZSrRbS.png)", "date": "2015-08-21 10:38:40", "seriesname": "g1220_cuaop03", "file": "/media/jbrogan4/scratch2/Reddit_Prov_Dataset_v6/_Cat_Sitting_at_a_Desk_in_School/g1220_cuaop03.png", "URL": "http://i.imgur.com/vZSrRbS.png", "fileid": "g1220_cuaop03.png"}, {"id": "g1220_cuao1of", "comment": "[The Last Supper](http://i.imgur.com/3tAW7dM.jpeg)", "date": "2015-08-21 10:20:27", "seriesname": "g1220_cuao1of", "file": "/media/jbrogan4/scratch2/Reddit_Prov_Dataset_v6/_Cat_Sitting_at_a_Desk_in_School/g1220_cuao1of.jpg", "URL": "http://i.imgur.com/3tAW7dM.jpeg", "fileid": "g1220_cuao1of.jpeg"}, {"id": "g1220_cubhk6l", "comment": "[here you go](http://i.imgur.com/HGFEFzd.jpg)", "date": "2015-08-22 00:02:34", "seriesname": "g1220_cubhk6l", "file": "/media/jbrogan4/scratch2/Reddit_Prov_Dataset_v6/_Cat_Sitting_at_a_Desk_in_School/g1220_cubhk6l.jpg", "URL": "http://i.imgur.com/HGFEFzd.jpg", "fileid": "g1220_cubhk6l.jpg"}, {"id": "g1220_cuan09f", "comment": "http://i.imgur.com/D8jdtSe.jpg", "date": "2015-08-21 09:50:34", "seriesname": "g1220_cuan09f", "file": "/media/jbrogan4/scratch2/Reddit_Prov_Dataset_v6/_Cat_Sitting_at_a_Desk_in_School/g1220_cuan09f.jpg", "URL": "http://i.imgur.com/D8jdtSe.jpg", "fileid": "g1220_cuan09f.jpg"}, {"id": "g1220_cuaug06", "comment": "http://i.imgur.com/w6xzoL0.jpg  They'll NEVER know", "date": "2015-08-21 13:02:01", "seriesname": "g1220_cuaug06", "file": "/media/jbrogan4/scratch2/Reddit_Prov_Dataset_v6/_Cat_Sitting_at_a_Desk_in_School/g1220_cuaug06.jpg", "URL": "http://i.imgur.com/w6xzoL0.jpg", "fileid": "g1220_cuaug06.jpg"}, {"id": "g1220_cuartdk", "comment": "[Don't look at it](http://imgur.com/SxVmGfs)", "date": "2015-08-21 11:57:56", "seriesname": "g1220_cuartdk", "file": "/media/jbrogan4/scratch2/Reddit_Prov_Dataset_v6/_Cat_Sitting_at_a_Desk_in_School/g1220_cuartdk.png", "URL": "http://i.imgur.com/SxVmGfs.png", "fileid": "g1220_cuartdk.png"}, {"id": "g1220_cuapiye", "comment": "[Heil Citler](http://i.imgur.com/ZKrglEW.jpg)", "date": "2015-08-21 11:00:38", "seriesname": "g1220_cuapiye", "file": "/media/jbrogan4/scratch2/Reddit_Prov_Dataset_v6/_Cat_Sitting_at_a_Desk_in_School/g1220_cuapiye.jpg", "URL": "http://i.imgur.com/ZKrglEW.jpg", "fileid": "g1220_cuapiye.jpg"}, {"id": "g1220_cuan53d", "comment": "[\"What do you mean?  I *am* Whiskers!\"](http://i.imgur.com/sMG7QwO.jpg)", "date": "2015-08-21 09:54:30", "seriesname": "g1220_cuan53d", "file": "/media/jbrogan4/scratch2/Reddit_Prov_Dataset_v6/_Cat_Sitting_at_a_Desk_in_School/g1220_cuan53d.jpg", "URL": "http://i.imgur.com/sMG7QwO.jpg", "fileid": "g1220_cuan53d.jpg"}, {"id": "g1220_cuarckv", "comment": "[It knows the importance of a good score.](http://imgur.com/EC7bfrG)", "date": "2015-08-21 11:46:29", "seriesname": "g1220_cuarckv", "file": "/media/jbrogan4/scratch2/Reddit_Prov_Dataset_v6/_Cat_Sitting_at_a_Desk_in_School/g1220_cuarckv.png", "URL": "http://i.imgur.com/EC7bfrG.png", "fileid": "g1220_cuarckv.png"}, {"id": "g1220_cuamb0n", "comment": "[Excuse me! When are you going to collect my homework?](http://i.imgur.com/wTfQ1r3.png)", "date": "2015-08-21 09:28:58", "seriesname": "g1220_cuamb0n", "file": "/media/jbrogan4/scratch2/Reddit_Prov_Dataset_v6/_Cat_Sitting_at_a_Desk_in_School/g1220_cuamb0n.png", "URL": "http://i.imgur.com/wTfQ1r3.png", "fileid": "g1220_cuamb0n.png"}, {"id": "g1220_cub7pr5", "comment": "Pablo Purrcasso http://i.imgur.com/jjxg429.jpg ", "date": "2015-08-21 18:48:29", "seriesname": "g1220_cub7pr5", "file": "/media/jbrogan4/scratch2/Reddit_Prov_Dataset_v6/_Cat_Sitting_at_a_Desk_in_School/g1220_cub7pr5.jpg", "URL": "http://i.imgur.com/jjxg429.jpg", "fileid": "g1220_cub7pr5.jpg"}, {"id": "g1220_cuaub8r", "comment": " [Guess who](http://i.imgur.com/4E1SB1M.png)", "date": "2015-08-21 12:58:46", "seriesname": "g1220_cuaub8r", "file": "/media/jbrogan4/scratch2/Reddit_Prov_Dataset_v6/_Cat_Sitting_at_a_Desk_in_School/g1220_cuaub8r.png", "URL": "http://i.imgur.com/4E1SB1M.png", "fileid": "g1220_cuaub8r.png"}, {"id": "g1220_cubiamt", "comment": "Oh this is the picture where the school gave the cat an id because it hung around the school a lot.\n\nhttp://imgur.com/a/5x803", "date": "2015-08-22 00:29:40", "seriesname": "g1220_cubiamt", "file": "/media/jbrogan4/scratch2/Reddit_Prov_Dataset_v6/_Cat_Sitting_at_a_Desk_in_School/g1220_cubiamt.png", "URL": "http://i.imgur.com/5x803.png", "fileid": "g1220_cubiamt.png"}, {"id": "g1220_cuaqiqz", "comment": "[W... Whiskers?...](http://i.imgur.com/ZYSCxcZ.jpg)", "date": "2015-08-21 11:25:47", "seriesname": "g1220_cuaqiqz", "file": "/media/jbrogan4/scratch2/Reddit_Prov_Dataset_v6/_Cat_Sitting_at_a_Desk_in_School/g1220_cuaqiqz.jpg", "URL": "http://i.imgur.com/ZYSCxcZ.jpg", "fileid": "g1220_cuaqiqz.jpg"}, {"id": "g1220_cuasoqo", "comment": "[For fuck's sake mom... Rick identifies as a T-Rex and you don't hear his mother bitching about it!](http://i.imgur.com/XkcF9Mp.jpg)", "date": "2015-08-21 12:19:05", "seriesname": "g1220_cuasoqo", "file": "/media/jbrogan4/scratch2/Reddit_Prov_Dataset_v6/_Cat_Sitting_at_a_Desk_in_School/g1220_cuasoqo.jpg", "URL": "http://i.imgur.com/XkcF9Mp.jpg", "fileid": "g1220_cuasoqo.jpg"}, {"id": "g1220_cuax55a", "comment": "[What essay?](http://imgur.com/v8uUwZb)", "date": "2015-08-21 14:06:57", "seriesname": "g1220_cuax55a", "file": "/media/jbrogan4/scratch2/Reddit_Prov_Dataset_v6/_Cat_Sitting_at_a_Desk_in_School/g1220_cuax55a.png", "URL": "http://i.imgur.com/v8uUwZb.png", "fileid": "g1220_cuax55a.png"}, {"id": "g1220_cuatwhe", "comment": "[Have you seen his mother Steve? She's not right in the fucking head!](http://i.imgur.com/seOjYbl.jpg)", "date": "2015-08-21 12:48:53", "seriesname": "g1220_cuatwhe", "file": "/media/jbrogan4/scratch2/Reddit_Prov_Dataset_v6/_Cat_Sitting_at_a_Desk_in_School/g1220_cuatwhe.jpg", "URL": "http://i.imgur.com/seOjYbl.jpg", "fileid": "g1220_cuatwhe.jpg"}, {"id": "g1220_cuarc5q", "comment": "[Edgy Cat Lives Life on the Edge](http://i.imgur.com/85K5Ujr.png)", "date": "2015-08-21 11:46:12", "seriesname": "g1220_cuarc5q", "file": "/media/jbrogan4/scratch2/Reddit_Prov_Dataset_v6/_Cat_Sitting_at_a_Desk_in_School/g1220_cuarc5q.png", "URL": "http://i.imgur.com/85K5Ujr.png", "fileid": "g1220_cuarc5q.png"}, {"id": "g1220_cuaqwlh", "comment": "[Unmask that doppelganger!](http://i.imgur.com/ar0Yqpv.jpg)", "date": "2015-08-21 11:35:28", "seriesname": "g1220_cuaqwlh", "file": "/media/jbrogan4/scratch2/Reddit_Prov_Dataset_v6/_Cat_Sitting_at_a_Desk_in_School/g1220_cuaqwlh.jpg", "URL": "http://i.imgur.com/ar0Yqpv.jpg", "fileid": "g1220_cuaqwlh.jpg"}, {"id": "g1220_cuan7lx", "comment": "[General Meow in the mission room.](http://i.imgur.com/Fr9CD0X.jpg)", "date": "2015-08-21 09:56:30", "seriesname": "g1220_cuan7lx", "file": "/media/jbrogan4/scratch2/Reddit_Prov_Dataset_v6/_Cat_Sitting_at_a_Desk_in_School/g1220_cuan7lx.jpg", "URL": "http://i.imgur.com/Fr9CD0X.jpg", "fileid": "g1220_cuan7lx.jpg"}, {"id": "g1220_cuas6ab", "comment": "[No such thing as too big](http://i.imgur.com/l449p2x.jpg)", "date": "2015-08-21 12:06:39", "seriesname": "g1220_cuas6ab", "file": "/media/jbrogan4/scratch2/Reddit_Prov_Dataset_v6/_Cat_Sitting_at_a_Desk_in_School/g1220_cuas6ab.jpg", "URL": "http://i.imgur.com/l449p2x.jpg", "fileid": "g1220_cuas6ab.jpg"}, {"id": "g1220_cuari2h", "comment": "[You can't be a motherfucking cat because I motherfucking said so, Steve!](http://i.imgur.com/ypXLva8.jpg)", "date": "2015-08-21 11:50:18", "seriesname": "g1220_cuari2h", "file": "/media/jbrogan4/scratch2/Reddit_Prov_Dataset_v6/_Cat_Sitting_at_a_Desk_in_School/g1220_cuari2h.jpg", "URL": "http://i.imgur.com/ypXLva8.jpg", "fileid": "g1220_cuari2h.jpg"}, {"id": "g1220_cuar8pm", "comment": "[the creation of adam](http://i.imgur.com/OOoY12b.jpg)", "date": "2015-08-21 11:43:49", "seriesname": "g1220_cuar8pm", "file": "/media/jbrogan4/scratch2/Reddit_Prov_Dataset_v6/_Cat_Sitting_at_a_Desk_in_School/g1220_cuar8pm.jpg", "URL": "http://i.imgur.com/OOoY12b.jpg", "fileid": "g1220_cuar8pm.jpg"}, {"id": "g1220_cuaow8o", "comment": "[After graduation](http://i.imgur.com/CCbrUt5.jpg)", "date": "2015-08-21 10:44:03", "seriesname": "g1220_cuaow8o", "file": "/media/jbrogan4/scratch2/Reddit_Prov_Dataset_v6/_Cat_Sitting_at_a_Desk_in_School/g1220_cuaow8o.jpg", "URL": "http://i.imgur.com/CCbrUt5.jpg", "fileid": "g1220_cuaow8o.jpg"}, {"id": "g1220_cuat5ml", "comment": "http://i.imgur.com/p9DiDRP.gif", "date": "2015-08-21 12:30:27", "seriesname": "g1220_cuat5ml", "file": "/media/jbrogan4/scratch2/Reddit_Prov_Dataset_v6/_Cat_Sitting_at_a_Desk_in_School/g1220_cuat5ml.jpg", "URL": "http://i.imgur.com/p9DiDRP.gif", "fileid": "g1220_cuat5ml.gif"}, {"id": "g1220_cuavxks", "comment": "http://imgur.com/AHWFH66", "date": "2015-08-21 13:37:37", "seriesname": "g1220_cuavxks", "file": "/media/jbrogan4/scratch2/Reddit_Prov_Dataset_v6/_Cat_Sitting_at_a_Desk_in_School/g1220_cuavxks.png", "URL": "http://i.imgur.com/AHWFH66.png", "fileid": "g1220_cuavxks.png"}, {"id": "g1220_cuarkyf", "comment": "[FTFY](http://i.imgur.com/hXA2cHr.jpg)\n\nMore cat-realistic. ", "date": "2015-08-21 11:52:17", "seriesname": "g1220_cuarkyf", "file": "/media/jbrogan4/scratch2/Reddit_Prov_Dataset_v6/_Cat_Sitting_at_a_Desk_in_School/g1220_cuarkyf.jpg", "URL": "http://i.imgur.com/hXA2cHr.jpg", "fileid": "g1220_cuarkyf.jpg"}, {"id": "g1220_cuapbbs", "comment": "[Hey! You're Right!](http://i.imgur.com/Gvj4Ga3.jpeg)", "date": "2015-08-21 10:55:11", "seriesname": "g1220_cuapbbs", "file": "/media/jbrogan4/scratch2/Reddit_Prov_Dataset_v6/_Cat_Sitting_at_a_Desk_in_School/g1220_cuapbbs.jpg", "URL": "http://i.imgur.com/Gvj4Ga3.jpeg", "fileid": "g1220_cuapbbs.jpeg"}, {"id": "g1220_cuapafy", "comment": "[This teacher sucks...](http://i.imgur.com/Nb6BKKe.jpg)", "date": "2015-08-21 10:54:30", "seriesname": "g1220_cuapafy", "file": "/media/jbrogan4/scratch2/Reddit_Prov_Dataset_v6/_Cat_Sitting_at_a_Desk_in_School/g1220_cuapafy.jpg", "URL": "http://i.imgur.com/Nb6BKKe.jpg", "fileid": "g1220_cuapafy.jpg"}, {"id": "g1220_cuasthr", "comment": "[World Domination](http://i.imgur.com/2ZbzdW6.jpg)", "date": "2015-08-21 12:22:17", "seriesname": "g1220_cuasthr", "file": "/media/jbrogan4/scratch2/Reddit_Prov_Dataset_v6/_Cat_Sitting_at_a_Desk_in_School/g1220_cuasthr.jpg", "URL": "http://i.imgur.com/2ZbzdW6.jpg", "fileid": "g1220_cuasthr.jpg"}, {"id": "g1220_cuaszu4", "comment": "[Whiskers evolved!] (http://i.imgur.com/tn0dvBA.png)", "date": "2015-08-21 12:26:32", "seriesname": "g1220_cuaszu4", "file": "/media/jbrogan4/scratch2/Reddit_Prov_Dataset_v6/_Cat_Sitting_at_a_Desk_in_School/g1220_cuaszu4.png", "URL": "http://i.imgur.com/tn0dvBA.png", "fileid": "g1220_cuaszu4.png"}, {"id": "g1220_cuapt7r", "comment": "[Imposter?](http://i.imgur.com/nUzMnjj.png)", "date": "2015-08-21 11:08:01", "seriesname": "g1220_cuapt7r", "file": "/media/jbrogan4/scratch2/Reddit_Prov_Dataset_v6/_Cat_Sitting_at_a_Desk_in_School/g1220_cuapt7r.png", "URL": "http://i.imgur.com/nUzMnjj.png", "fileid": "g1220_cuapt7r.png"}, {"id": "g1220_cuat4td", "comment": "[\"Dammit Whiskers! We don't have time for this\"](http://i.imgur.com/ibnRwcI.gif)", "date": "2015-08-21 12:29:54", "seriesname": "g1220_cuat4td", "file": "/media/jbrogan4/scratch2/Reddit_Prov_Dataset_v6/_Cat_Sitting_at_a_Desk_in_School/g1220_cuat4td.jpg", "URL": "http://i.imgur.com/ibnRwcI.gif", "fileid": "g1220_cuat4td.gif"}, {"id": "g1220_cuapifz", "comment": "[The Thinker](http://i.imgur.com/XHhjR9m.jpg)", "date": "2015-08-21 11:00:17", "seriesname": "g1220_cuapifz", "file": "/media/jbrogan4/scratch2/Reddit_Prov_Dataset_v6/_Cat_Sitting_at_a_Desk_in_School/g1220_cuapifz.jpg", "URL": "http://i.imgur.com/XHhjR9m.jpg", "fileid": "g1220_cuapifz.jpg"}, {"id": "g1220_cuatxoo", "comment": "[when u about to sneeze on a pic](http://i.imgur.com/UUNRsA3.png)", "date": "2015-08-21 12:49:40", "seriesname": "g1220_cuatxoo", "file": "/media/jbrogan4/scratch2/Reddit_Prov_Dataset_v6/_Cat_Sitting_at_a_Desk_in_School/g1220_cuatxoo.png", "URL": "http://i.imgur.com/UUNRsA3.png", "fileid": "g1220_cuatxoo.png"}, {"id": "g1220_cuaqpg4", "comment": "[I'm the Supreme Commander-in-Chief of the Wehrmacht meow](http://i.imgur.com/pOoh77t.jpg)", "date": "2015-08-21 11:30:27", "seriesname": "g1220_cuaqpg4", "file": "/media/jbrogan4/scratch2/Reddit_Prov_Dataset_v6/_Cat_Sitting_at_a_Desk_in_School/g1220_cuaqpg4.jpg", "URL": "http://i.imgur.com/pOoh77t.jpg", "fileid": "g1220_cuaqpg4.jpg"}, {"id": "g1220_cuapz39", "comment": "[Don't look up](http://i.imgur.com/7MVuJEf.png)", "date": "2015-08-21 11:12:08", "seriesname": "g1220_cuapz39", "file": "/media/jbrogan4/scratch2/Reddit_Prov_Dataset_v6/_Cat_Sitting_at_a_Desk_in_School/g1220_cuapz39.png", "URL": "http://i.imgur.com/7MVuJEf.png", "fileid": "g1220_cuapz39.png"}, {"id": "g1220_cubjgwv", "comment": "Using your pic as wallpaper because they all so cute XD (I'm not actually saying I made this but it pop in my head after i changed my wallpaper) http://imgur.com/ASCIeXm", "date": "2015-08-22 01:17:15", "seriesname": "g1220_cubjgwv", "file": "/media/jbrogan4/scratch2/Reddit_Prov_Dataset_v6/_Cat_Sitting_at_a_Desk_in_School/g1220_cubjgwv.png", "URL": "http://i.imgur.com/ASCIeXm.png", "fileid": "g1220_cubjgwv.png"}, {"id": "g1220_cuaxy8g", "comment": "Think bigger!\n\nhttp://i.imgur.com/qI3VIHm.gif", "date": "2015-08-21 14:26:39", "seriesname": "g1220_cuaxy8g", "file": "/media/jbrogan4/scratch2/Reddit_Prov_Dataset_v6/_Cat_Sitting_at_a_Desk_in_School/g1220_cuaxy8g.jpg", "URL": "http://i.imgur.com/qI3VIHm.gif", "fileid": "g1220_cuaxy8g.gif"}, {"id": "g1220_cuapgva", "comment": "http://i.imgur.com/uvY1mKm.gif", "date": "2015-08-21 10:59:09", "seriesname": "g1220_cuapgva", "file": "/media/jbrogan4/scratch2/Reddit_Prov_Dataset_v6/_Cat_Sitting_at_a_Desk_in_School/g1220_cuapgva.jpg", "URL": "http://i.imgur.com/uvY1mKm.gif", "fileid": "g1220_cuapgva.gif"}, {"id": "g1220_cuapog2", "comment": "[Hole](http://i.imgur.com/WsUJWFL.png)", "date": "2015-08-21 11:04:34", "seriesname": "g1220_cuapog2", "file": "/media/jbrogan4/scratch2/Reddit_Prov_Dataset_v6/_Cat_Sitting_at_a_Desk_in_School/g1220_cuapog2.png", "URL": "http://i.imgur.com/WsUJWFL.png", "fileid": "g1220_cuapog2.png"}, {"id": "g1220_cuaqmlv", "comment": "[Too big for class now](http://i.imgur.com/Mz0OM6Z.png)", "date": "2015-08-21 11:28:27", "seriesname": "g1220_cuaqmlv", "file": "/media/jbrogan4/scratch2/Reddit_Prov_Dataset_v6/_Cat_Sitting_at_a_Desk_in_School/g1220_cuaqmlv.png", "URL": "http://i.imgur.com/Mz0OM6Z.png", "fileid": "g1220_cuaqmlv.png"}, {"id": "g1220_cuapzfq", "comment": "[What cat?  All I see is sad Keanu](http://i.imgur.com/fHtkQN4.png)", "date": "2015-08-21 11:12:23", "seriesname": "g1220_cuapzfq", "file": "/media/jbrogan4/scratch2/Reddit_Prov_Dataset_v6/_Cat_Sitting_at_a_Desk_in_School/g1220_cuapzfq.png", "URL": "http://i.imgur.com/fHtkQN4.png", "fileid": "g1220_cuapzfq.png"}, {"id": "g1220_root", "comment": "", "date": "2015-08-21 08:37:36", "seriesname": "g1220_root", "file": "/media/jbrogan4/scratch2/Reddit_Prov_Dataset_v6/_Cat_Sitting_at_a_Desk_in_School/g1220_root.jpg", "URL": "http://i.imgur.com/HGFEFzd.jpg", "fileid": "g1220_root.jpg"}, {"id": "g1220_cuata8q", "comment": "[REAALLY bad aim](http://i.imgur.com/P4BYhMr.gif)", "date": "2015-08-21 12:33:35", "seriesname": "g1220_cuata8q", "file": "/media/jbrogan4/scratch2/Reddit_Prov_Dataset_v6/_Cat_Sitting_at_a_Desk_in_School/g1220_cuata8q.jpg", "URL": "http://i.imgur.com/P4BYhMr.gif", "fileid": "g1220_cuata8q.gif"}, {"id": "g1220_cuaymru", "comment": "[MY GOD](http://i.imgur.com/ct7IF9D.jpeg)", "date": "2015-08-21 14:43:31", "seriesname": "g1220_cuaymru", "file": "/media/jbrogan4/scratch2/Reddit_Prov_Dataset_v6/_Cat_Sitting_at_a_Desk_in_School/g1220_cuaymru.jpg", "URL": "http://i.imgur.com/ct7IF9D.jpeg", "fileid": "g1220_cuaymru.jpeg"}], "graph": {"name": "g1220_root"}, "directed": true}