{"links": [{"op": "none", "target": 0, "source": "root"}, {"op": "none", "target": 1, "source": 65}, {"op": "none", "target": 2, "source": "root"}, {"op": "none", "target": 3, "source": "root"}, {"op": "none", "target": 4, "source": "root"}, {"op": "none", "target": 5, "source": "root"}, {"op": "none", "target": 6, "source": 1}, {"op": "none", "target": 7, "source": 1}, {"op": "none", "target": 8, "source": "root"}, {"op": "none", "target": 9, "source": "root"}, {"op": "none", "target": 10, "source": 63}, {"op": "none", "target": 11, "source": "root"}, {"op": "none", "target": 12, "source": 51}, {"op": "none", "target": 13, "source": 61}, {"op": "none", "target": 14, "source": 1}, {"op": "none", "target": 15, "source": "root"}, {"op": "none", "target": 16, "source": 42}, {"op": "none", "target": 17, "source": "root"}, {"op": "none", "target": 18, "source": 65}, {"op": "none", "target": 19, "source": "root"}, {"op": "none", "target": 20, "source": "root"}, {"op": "none", "target": 21, "source": 31}, {"op": "none", "target": 22, "source": 63}, {"op": "none", "target": 23, "source": 7}, {"op": "none", "target": 24, "source": "root"}, {"op": "none", "target": 25, "source": "root"}, {"op": "none", "target": 26, "source": "root"}, {"op": "none", "target": 27, "source": "root"}, {"op": "none", "target": 28, "source": "root"}, {"op": "none", "target": 29, "source": "root"}, {"op": "none", "target": 30, "source": 0}, {"op": "none", "target": 31, "source": "root"}, {"op": "none", "target": 32, "source": "root"}, {"op": "none", "target": 33, "source": 63}, {"op": "none", "target": 34, "source": 38}, {"op": "none", "target": 35, "source": "root"}, {"op": "none", "target": 36, "source": "root"}, {"op": "none", "target": 37, "source": 72}, {"op": "none", "target": 38, "source": "root"}, {"op": "none", "target": 39, "source": 10}, {"op": "none", "target": 40, "source": "root"}, {"op": "none", "target": 41, "source": "root"}, {"op": "none", "target": 42, "source": "root"}, {"op": "none", "target": 43, "source": "root"}, {"op": "none", "target": 44, "source": "root"}, {"op": "none", "target": 45, "source": "root"}, {"op": "none", "target": 46, "source": 63}, {"op": "none", "target": 47, "source": "root"}, {"op": "none", "target": 48, "source": "root"}, {"op": "none", "target": 49, "source": 63}, {"op": "none", "target": 50, "source": "root"}, {"op": "none", "target": 51, "source": 33}, {"op": "none", "target": 52, "source": "root"}, {"op": "none", "target": 53, "source": "root"}, {"op": "none", "target": 54, "source": "root"}, {"op": "none", "target": 55, "source": "root"}, {"op": "none", "target": 56, "source": 39}, {"op": "none", "target": 57, "source": "root"}, {"op": "none", "target": 58, "source": 24}, {"op": "none", "target": 59, "source": "root"}, {"op": "none", "target": 60, "source": "root"}, {"op": "none", "target": 61, "source": "root"}, {"op": "none", "target": 62, "source": 1}, {"op": "none", "target": 63, "source": 23}, {"op": "none", "target": 64, "source": 63}, {"op": "none", "target": 65, "source": "root"}, {"op": "none", "target": 66, "source": "root"}, {"op": "none", "target": 67, "source": "root"}, {"op": "none", "target": 68, "source": 41}, {"op": "none", "target": 69, "source": "root"}, {"op": "none", "target": 70, "source": "root"}, {"op": "none", "target": 71, "source": 60}, {"op": "none", "target": 72, "source": "root"}, {"op": "none", "target": 73, "source": "root"}], "title": "_Headless_hockey_player_and_terrified_referee", "nodes": [{"id": "g1221_cnzb3k8", "comment": "[He's drunk!](https://i.imgur.com/YEZTFW7.png)", "date": "2015-01-24 08:47:20", "seriesname": "g1221_cnzb3k8", "file": "/media/jbrogan4/scratch2/Reddit_Prov_Dataset_v6/_Headless_hockey_player_and_terrified_referee/g1221_cnzb3k8.png", "URL": "https://i.imgur.com/YEZTFW7.png", "fileid": "g1221_cnzb3k8.png"}, {"id": "g1221_cnzeeto", "comment": "[\"No, and stop calling me mom\"](http://i.imgur.com/eEbmGed.jpg)", "date": "2015-01-24 11:25:14", "seriesname": "g1221_cnzeeto", "file": "/media/jbrogan4/scratch2/Reddit_Prov_Dataset_v6/_Headless_hockey_player_and_terrified_referee/g1221_cnzeeto.jpg", "URL": "http://i.imgur.com/eEbmGed.jpg", "fileid": "g1221_cnzeeto.jpg"}, {"id": "g1221_cnzex7n", "comment": "[blues](http://i.imgur.com/D9j0L0s.jpg)", "date": "2015-01-24 11:43:59", "seriesname": "g1221_cnzex7n", "file": "/media/jbrogan4/scratch2/Reddit_Prov_Dataset_v6/_Headless_hockey_player_and_terrified_referee/g1221_cnzex7n.jpg", "URL": "http://i.imgur.com/D9j0L0s.jpg", "fileid": "g1221_cnzex7n.jpg"}, {"id": "g1221_cnzcbpt", "comment": "http://i.imgur.com/B5Er4a6.jpg", "date": "2015-01-24 09:56:32", "seriesname": "g1221_cnzcbpt", "file": "/media/jbrogan4/scratch2/Reddit_Prov_Dataset_v6/_Headless_hockey_player_and_terrified_referee/g1221_cnzcbpt.jpg", "URL": "http://i.imgur.com/B5Er4a6.jpg", "fileid": "g1221_cnzcbpt.jpg"}, {"id": "g1221_cnzdf0v", "comment": "[OH SASHA!](http://i.imgur.com/xPhE3n1.jpg)", "date": "2015-01-24 10:45:49", "seriesname": "g1221_cnzdf0v", "file": "/media/jbrogan4/scratch2/Reddit_Prov_Dataset_v6/_Headless_hockey_player_and_terrified_referee/g1221_cnzdf0v.jpg", "URL": "http://i.imgur.com/xPhE3n1.jpg", "fileid": "g1221_cnzdf0v.jpg"}, {"id": "g1221_cnzg7ci", "comment": "[MEDIIIC!](http://i.imgur.com/DMhFz2u.jpg)", "date": "2015-01-24 12:27:28", "seriesname": "g1221_cnzg7ci", "file": "/media/jbrogan4/scratch2/Reddit_Prov_Dataset_v6/_Headless_hockey_player_and_terrified_referee/g1221_cnzg7ci.jpg", "URL": "http://i.imgur.com/DMhFz2u.jpg", "fileid": "g1221_cnzg7ci.jpg"}, {"id": "g1221_cnzh8yt", "comment": "[Putin him in with Obama... oh and a pole-grabbing Anakin because, why not?](http://imgur.com/B3dfJpH)\n\nEdit #Ilostcount: Now with an AMAZING horse, baby hanging out, a diglet, and much much more! I think she cannae take much more Cap'n!", "date": "2015-01-24 13:02:16", "seriesname": "g1221_cnzh8yt", "file": "/media/jbrogan4/scratch2/Reddit_Prov_Dataset_v6/_Headless_hockey_player_and_terrified_referee/g1221_cnzh8yt.png", "URL": "http://i.imgur.com/B3dfJpH.png", "fileid": "g1221_cnzh8yt.png"}, {"id": "g1221_cnzf8a5", "comment": "[\"Stop fighting and enjoy the ride!\"](http://i.imgur.com/msempou.jpg)", "date": "2015-01-24 11:54:42", "seriesname": "g1221_cnzf8a5", "file": "/media/jbrogan4/scratch2/Reddit_Prov_Dataset_v6/_Headless_hockey_player_and_terrified_referee/g1221_cnzf8a5.jpg", "URL": "http://i.imgur.com/msempou.jpg", "fileid": "g1221_cnzf8a5.jpg"}, {"id": "g1221_cnzg5r4", "comment": "[Haunted House](http://i.imgur.com/25HBuwY.jpg)", "date": "2015-01-24 12:25:58", "seriesname": "g1221_cnzg5r4", "file": "/media/jbrogan4/scratch2/Reddit_Prov_Dataset_v6/_Headless_hockey_player_and_terrified_referee/g1221_cnzg5r4.jpg", "URL": "http://i.imgur.com/25HBuwY.jpg", "fileid": "g1221_cnzg5r4.jpg"}, {"id": "g1221_cnzhwug", "comment": "[KNOCK BEFORE COMING IN! NSFW](http://i.imgur.com/xKMelGK.jpg)", "date": "2015-01-24 13:24:39", "seriesname": "g1221_cnzhwug", "file": "/media/jbrogan4/scratch2/Reddit_Prov_Dataset_v6/_Headless_hockey_player_and_terrified_referee/g1221_cnzhwug.jpg", "URL": "http://i.imgur.com/xKMelGK.jpg", "fileid": "g1221_cnzhwug.jpg"}, {"id": "g1221_cnzhlwq", "comment": "[No, no no no.](http://i.imgur.com/MeuJj8m.jpg)", "date": "2015-01-24 13:14:30", "seriesname": "g1221_cnzhlwq", "file": "/media/jbrogan4/scratch2/Reddit_Prov_Dataset_v6/_Headless_hockey_player_and_terrified_referee/g1221_cnzhlwq.jpg", "URL": "http://i.imgur.com/MeuJj8m.jpg", "fileid": "g1221_cnzhlwq.jpg"}, {"id": "g1221_cnze455", "comment": "[b...butt where did it go ?](https://i.imgur.com/44f5wLS.jpg)\n", "date": "2015-01-24 11:13:54", "seriesname": "g1221_cnze455", "file": "/media/jbrogan4/scratch2/Reddit_Prov_Dataset_v6/_Headless_hockey_player_and_terrified_referee/g1221_cnze455.jpg", "URL": "https://i.imgur.com/44f5wLS.jpg", "fileid": "g1221_cnze455.jpg"}, {"id": "g1221_cnzl12f", "comment": "[More SFW version.](http://imgur.com/B3dfJpH) Also doesn't take up as much screen space.\n\nEdit: She now has a partner up on that pole!", "date": "2015-01-24 15:08:20", "seriesname": "g1221_cnzl12f", "file": "/media/jbrogan4/scratch2/Reddit_Prov_Dataset_v6/_Headless_hockey_player_and_terrified_referee/g1221_cnzl12f.png", "URL": "http://i.imgur.com/B3dfJpH.png", "fileid": "g1221_cnzl12f.png"}, {"id": "g1221_cnzkhlu", "comment": "[good yes?](http://i.imgur.com/gBlS6Ez.jpg)", "date": "2015-01-24 14:50:34", "seriesname": "g1221_cnzkhlu", "file": "/media/jbrogan4/scratch2/Reddit_Prov_Dataset_v6/_Headless_hockey_player_and_terrified_referee/g1221_cnzkhlu.jpg", "URL": "http://i.imgur.com/gBlS6Ez.jpg", "fileid": "g1221_cnzkhlu.jpg"}, {"id": "g1221_cnzgdx0", "comment": "http://i.imgur.com/anD2uW9.jpg", "date": "2015-01-24 12:33:34", "seriesname": "g1221_cnzgdx0", "file": "/media/jbrogan4/scratch2/Reddit_Prov_Dataset_v6/_Headless_hockey_player_and_terrified_referee/g1221_cnzgdx0.jpg", "URL": "http://i.imgur.com/anD2uW9.jpg", "fileid": "g1221_cnzgdx0.jpg"}, {"id": "g1221_cnzcyy1", "comment": "[Headless Horseman](http://imgur.com/yUs7G4u)", "date": "2015-01-24 10:26:31", "seriesname": "g1221_cnzcyy1", "file": "/media/jbrogan4/scratch2/Reddit_Prov_Dataset_v6/_Headless_hockey_player_and_terrified_referee/g1221_cnzcyy1.png", "URL": "http://i.imgur.com/yUs7G4u.png", "fileid": "g1221_cnzcyy1.png"}, {"id": "g1221_cnzhvsv", "comment": "&gt; All better now...\n\nfixed now iphone woman is phased as well http://i.imgur.com/XBJcs6Z.jpg", "date": "2015-01-24 13:23:44", "seriesname": "g1221_cnzhvsv", "file": "/media/jbrogan4/scratch2/Reddit_Prov_Dataset_v6/_Headless_hockey_player_and_terrified_referee/g1221_cnzhvsv.jpg", "URL": "http://i.imgur.com/XBJcs6Z.jpg", "fileid": "g1221_cnzhvsv.jpg"}, {"id": "g1221_cnzdi8u", "comment": "[I imagine I'd have the same face as the ref.](http://i.imgur.com/RBp9AeV.jpg)\nbut kudos to the roach for the disguise.", "date": "2015-01-24 10:49:33", "seriesname": "g1221_cnzdi8u", "file": "/media/jbrogan4/scratch2/Reddit_Prov_Dataset_v6/_Headless_hockey_player_and_terrified_referee/g1221_cnzdi8u.jpg", "URL": "http://i.imgur.com/RBp9AeV.jpg", "fileid": "g1221_cnzdi8u.jpg"}, {"id": "g1221_cnzendl", "comment": "http://i.imgur.com/UPynjZB.jpg", "date": "2015-01-24 11:34:09", "seriesname": "g1221_cnzendl", "file": "/media/jbrogan4/scratch2/Reddit_Prov_Dataset_v6/_Headless_hockey_player_and_terrified_referee/g1221_cnzendl.jpg", "URL": "http://i.imgur.com/UPynjZB.jpg", "fileid": "g1221_cnzendl.jpg"}, {"id": "g1221_cnzdm83", "comment": "[Mayan trophy](http://i.imgur.com/n7Xj7Ho.jpg)\n\nEDIT: [There's a Mayan hiding somewhere in this picture](http://i.imgur.com/v7ljMMQ.jpg)", "date": "2015-01-24 10:54:12", "seriesname": "g1221_cnzdm83", "file": "/media/jbrogan4/scratch2/Reddit_Prov_Dataset_v6/_Headless_hockey_player_and_terrified_referee/g1221_cnzdm83.jpg", "URL": "http://i.imgur.com/v7ljMMQ.jpg", "fileid": "g1221_cnzdm83.jpg"}, {"id": "g1221_cnzhyxs", "comment": "[Crab people!](http://imgur.com/5jePcFj)", "date": "2015-01-24 13:26:31", "seriesname": "g1221_cnzhyxs", "file": "/media/jbrogan4/scratch2/Reddit_Prov_Dataset_v6/_Headless_hockey_player_and_terrified_referee/g1221_cnzhyxs.png", "URL": "http://i.imgur.com/5jePcFj.png", "fileid": "g1221_cnzhyxs.png"}, {"id": "g1221_cnzj2ni", "comment": "I was expecting something along the lines of [this](http://i.imgur.com/HtTeB.jpg)", "date": "2015-01-24 14:02:51", "seriesname": "g1221_cnzj2ni", "file": "/media/jbrogan4/scratch2/Reddit_Prov_Dataset_v6/_Headless_hockey_player_and_terrified_referee/g1221_cnzj2ni.jpg", "URL": "http://i.imgur.com/HtTeB.jpg", "fileid": "g1221_cnzj2ni.jpg"}, {"id": "g1221_cnzosxs", "comment": "[Leo don't give a fuck.](http://imgur.com/pSpEESM)", "date": "2015-01-24 17:16:06", "seriesname": "g1221_cnzosxs", "file": "/media/jbrogan4/scratch2/Reddit_Prov_Dataset_v6/_Headless_hockey_player_and_terrified_referee/g1221_cnzosxs.png", "URL": "http://i.imgur.com/pSpEESM.png", "fileid": "g1221_cnzosxs.png"}, {"id": "g1221_cnzfgwk", "comment": "[\"bbut, I don't have anyone...\"](http://i.imgur.com/l5ghhLG.jpg)", "date": "2015-01-24 12:02:36", "seriesname": "g1221_cnzfgwk", "file": "/media/jbrogan4/scratch2/Reddit_Prov_Dataset_v6/_Headless_hockey_player_and_terrified_referee/g1221_cnzfgwk.jpg", "URL": "http://i.imgur.com/l5ghhLG.jpg", "fileid": "g1221_cnzfgwk.jpg"}, {"id": "g1221_cnzcnwr", "comment": "[Ye olde switcheroo](http://imgur.com/Cl6Estk)\n+ 5 Search and find", "date": "2015-01-24 10:12:39", "seriesname": "g1221_cnzcnwr", "file": "/media/jbrogan4/scratch2/Reddit_Prov_Dataset_v6/_Headless_hockey_player_and_terrified_referee/g1221_cnzcnwr.png", "URL": "http://i.imgur.com/Cl6Estk.png", "fileid": "g1221_cnzcnwr.png"}, {"id": "g1221_cnzma3q", "comment": "[I MADE A HUGE MISTAKE!](http://imgur.com/pe0bkkz)", "date": "2015-01-24 15:51:20", "seriesname": "g1221_cnzma3q", "file": "/media/jbrogan4/scratch2/Reddit_Prov_Dataset_v6/_Headless_hockey_player_and_terrified_referee/g1221_cnzma3q.png", "URL": "http://i.imgur.com/pe0bkkz.png", "fileid": "g1221_cnzma3q.png"}, {"id": "g1221_cnzcvjz", "comment": "[*don't jump Rose!*](http://i.imgur.com/Ip8wbBC.jpg)", "date": "2015-01-24 10:22:26", "seriesname": "g1221_cnzcvjz", "file": "/media/jbrogan4/scratch2/Reddit_Prov_Dataset_v6/_Headless_hockey_player_and_terrified_referee/g1221_cnzcvjz.jpg", "URL": "http://i.imgur.com/Ip8wbBC.jpg", "fileid": "g1221_cnzcvjz.jpg"}, {"id": "g1221_cnzqanx", "comment": "Alright, here comes the Gimp whore. xD\n\nhttp://i.imgur.com/C33DDfr.jpg", "date": "2015-01-24 18:07:18", "seriesname": "g1221_cnzqanx", "file": "/media/jbrogan4/scratch2/Reddit_Prov_Dataset_v6/_Headless_hockey_player_and_terrified_referee/g1221_cnzqanx.jpg", "URL": "http://i.imgur.com/C33DDfr.jpg", "fileid": "g1221_cnzqanx.jpg"}, {"id": "g1221_cnzcszh", "comment": "[stupid mind went there](http://i.imgur.com/yx5VoVd.jpg)\n", "date": "2015-01-24 10:19:16", "seriesname": "g1221_cnzcszh", "file": "/media/jbrogan4/scratch2/Reddit_Prov_Dataset_v6/_Headless_hockey_player_and_terrified_referee/g1221_cnzcszh.jpg", "URL": "http://i.imgur.com/yx5VoVd.jpg", "fileid": "g1221_cnzcszh.jpg"}, {"id": "g1221_cnznwzh", "comment": "Two \"Shining\" entries:\n[Here's Johnny!](http://i.imgur.com/pZIBdbF.jpg) \n\n[Participate in PS battles they said... It'd be cool, they said.](http://i.imgur.com/c6jyKHd.jpg)", "date": "2015-01-24 16:46:26", "seriesname": "g1221_cnznwzh", "file": "/media/jbrogan4/scratch2/Reddit_Prov_Dataset_v6/_Headless_hockey_player_and_terrified_referee/g1221_cnznwzh.jpg", "URL": "http://i.imgur.com/c6jyKHd.jpg", "fileid": "g1221_cnznwzh.jpg"}, {"id": "g1221_cnzcgif", "comment": "http://i.imgur.com/LFK07UM.jpg", "date": "2015-01-24 10:02:58", "seriesname": "g1221_cnzcgif", "file": "/media/jbrogan4/scratch2/Reddit_Prov_Dataset_v6/_Headless_hockey_player_and_terrified_referee/g1221_cnzcgif.jpg", "URL": "http://i.imgur.com/LFK07UM.jpg", "fileid": "g1221_cnzcgif.jpg"}, {"id": "g1221_cnzgw6c", "comment": "[referee doesn't know what to do](http://imgur.com/DsFV9sd)", "date": "2015-01-24 12:50:24", "seriesname": "g1221_cnzgw6c", "file": "/media/jbrogan4/scratch2/Reddit_Prov_Dataset_v6/_Headless_hockey_player_and_terrified_referee/g1221_cnzgw6c.png", "URL": "http://i.imgur.com/DsFV9sd.png", "fileid": "g1221_cnzgw6c.png"}, {"id": "g1221_cnzkyz9", "comment": "[Jack I'm scared!!](http://imgur.com/4TOF6f2)", "date": "2015-01-24 15:06:25", "seriesname": "g1221_cnzkyz9", "file": "/media/jbrogan4/scratch2/Reddit_Prov_Dataset_v6/_Headless_hockey_player_and_terrified_referee/g1221_cnzkyz9.png", "URL": "http://i.imgur.com/4TOF6f2.png", "fileid": "g1221_cnzkyz9.png"}, {"id": "g1221_cnzhqq5", "comment": "[ok we won't stop](http://i.imgur.com/QWDLrqg.jpg)", "date": "2015-01-24 13:19:00", "seriesname": "g1221_cnzhqq5", "file": "/media/jbrogan4/scratch2/Reddit_Prov_Dataset_v6/_Headless_hockey_player_and_terrified_referee/g1221_cnzhqq5.jpg", "URL": "http://i.imgur.com/QWDLrqg.jpg", "fileid": "g1221_cnzhqq5.jpg"}, {"id": "g1221_cnzmvga", "comment": "[Fixed it](http://i.imgur.com/YoLrgzs.jpg)", "date": "2015-01-24 16:12:17", "seriesname": "g1221_cnzmvga", "file": "/media/jbrogan4/scratch2/Reddit_Prov_Dataset_v6/_Headless_hockey_player_and_terrified_referee/g1221_cnzmvga.jpg", "URL": "http://i.imgur.com/YoLrgzs.jpg", "fileid": "g1221_cnzmvga.jpg"}, {"id": "g1221_cnzd06z", "comment": "[Quick and dirty for the Sleepy Hollow fans](http://i.imgur.com/0rRfS1t.jpg)\n", "date": "2015-01-24 10:28:06", "seriesname": "g1221_cnzd06z", "file": "/media/jbrogan4/scratch2/Reddit_Prov_Dataset_v6/_Headless_hockey_player_and_terrified_referee/g1221_cnzd06z.jpg", "URL": "http://i.imgur.com/0rRfS1t.jpg", "fileid": "g1221_cnzd06z.jpg"}, {"id": "g1221_cnzd7lb", "comment": "[What the...](http://i.imgur.com/LzpkPXk.jpg)\n\n\n\n\n\n\n\n[...]( http://i.imgur.com/VVg7fx8.jpg)", "date": "2015-01-24 10:37:04", "seriesname": "g1221_cnzd7lb", "file": "/media/jbrogan4/scratch2/Reddit_Prov_Dataset_v6/_Headless_hockey_player_and_terrified_referee/g1221_cnzd7lb.jpg", "URL": "http://i.imgur.com/VVg7fx8.jpg", "fileid": "g1221_cnzd7lb.jpg"}, {"id": "g1221_cnzgc6e", "comment": "[like this?](http://i.imgur.com/Yidmcce.jpg)", "date": "2015-01-24 12:31:55", "seriesname": "g1221_cnzgc6e", "file": "/media/jbrogan4/scratch2/Reddit_Prov_Dataset_v6/_Headless_hockey_player_and_terrified_referee/g1221_cnzgc6e.jpg", "URL": "http://i.imgur.com/Yidmcce.jpg", "fileid": "g1221_cnzgc6e.jpg"}, {"id": "g1221_cnzhj45", "comment": "[NSFW hockey blood bath](http://i.imgur.com/tYkptGP.jpg)", "date": "2015-01-24 13:11:55", "seriesname": "g1221_cnzhj45", "file": "/media/jbrogan4/scratch2/Reddit_Prov_Dataset_v6/_Headless_hockey_player_and_terrified_referee/g1221_cnzhj45.jpg", "URL": "http://i.imgur.com/tYkptGP.jpg", "fileid": "g1221_cnzhj45.jpg"}, {"id": "g1221_cnzrfv7", "comment": "[Don't worry Mr. President](http://i.imgur.com/wKIMyyA.jpg)\n\nAnd I think I have gathered all of them:\n\n[**Collector's Edition**(a collection of most of the shops found in this thread somewhere)](http://i.imgur.com/2tgBwcy.jpg)", "date": "2015-01-24 18:46:41", "seriesname": "g1221_cnzrfv7", "file": "/media/jbrogan4/scratch2/Reddit_Prov_Dataset_v6/_Headless_hockey_player_and_terrified_referee/g1221_cnzrfv7.jpg", "URL": "http://i.imgur.com/2tgBwcy.jpg", "fileid": "g1221_cnzrfv7.jpg"}, {"id": "g1221_cnzfzid", "comment": "[I AM A MERCIFUL GOD.](https://i.imgur.com/pYoM3eM.png)\\\n\nmakin yo lives easier n shit\n\nEDIT: It's a cutout. For you to use. I should've saved it as a jpg just to fuck with yall ", "date": "2015-01-24 12:20:09", "seriesname": "g1221_cnzfzid", "file": "/media/jbrogan4/scratch2/Reddit_Prov_Dataset_v6/_Headless_hockey_player_and_terrified_referee/g1221_cnzfzid.jpg", "URL": "https://i.imgur.com/pYoM3eM.png)\\", "fileid": "g1221_cnzfzid.png\\"}, {"id": "g1221_cnzhcwr", "comment": "[Everyone lost their heads](http://i.imgur.com/h4ETZ0H.png)", "date": "2015-01-24 13:05:59", "seriesname": "g1221_cnzhcwr", "file": "/media/jbrogan4/scratch2/Reddit_Prov_Dataset_v6/_Headless_hockey_player_and_terrified_referee/g1221_cnzhcwr.png", "URL": "http://i.imgur.com/h4ETZ0H.png", "fileid": "g1221_cnzhcwr.png"}, {"id": "g1221_cnzckoo", "comment": "[All better now...](http://i.imgur.com/YYkJGX3.jpg)", "date": "2015-01-24 10:08:25", "seriesname": "g1221_cnzckoo", "file": "/media/jbrogan4/scratch2/Reddit_Prov_Dataset_v6/_Headless_hockey_player_and_terrified_referee/g1221_cnzckoo.jpg", "URL": "http://i.imgur.com/YYkJGX3.jpg", "fileid": "g1221_cnzckoo.jpg"}, {"id": "g1221_cnzf25a", "comment": "[I dont know why i thought of bubbles, but i just did](http://i.imgur.com/22qMG2m.jpg)", "date": "2015-01-24 11:48:51", "seriesname": "g1221_cnzf25a", "file": "/media/jbrogan4/scratch2/Reddit_Prov_Dataset_v6/_Headless_hockey_player_and_terrified_referee/g1221_cnzf25a.jpg", "URL": "http://i.imgur.com/22qMG2m.jpg", "fileid": "g1221_cnzf25a.jpg"}, {"id": "g1221_cnzeppq", "comment": "[No penalty box can hold him.](http://i.imgur.com/4OdW6lp.png)", "date": "2015-01-24 11:36:31", "seriesname": "g1221_cnzeppq", "file": "/media/jbrogan4/scratch2/Reddit_Prov_Dataset_v6/_Headless_hockey_player_and_terrified_referee/g1221_cnzeppq.png", "URL": "http://i.imgur.com/4OdW6lp.png", "fileid": "g1221_cnzeppq.png"}, {"id": "g1221_cnzf9dn", "comment": "man down! man down! http://imgur.com/GNpYn0k", "date": "2015-01-24 11:55:43", "seriesname": "g1221_cnzf9dn", "file": "/media/jbrogan4/scratch2/Reddit_Prov_Dataset_v6/_Headless_hockey_player_and_terrified_referee/g1221_cnzf9dn.png", "URL": "http://i.imgur.com/GNpYn0k.png", "fileid": "g1221_cnzf9dn.png"}, {"id": "g1221_cnzjz03", "comment": "[Making the most of it](http://i.imgur.com/KcobXVE.jpg)", "date": "2015-01-24 14:32:53", "seriesname": "g1221_cnzjz03", "file": "/media/jbrogan4/scratch2/Reddit_Prov_Dataset_v6/_Headless_hockey_player_and_terrified_referee/g1221_cnzjz03.jpg", "URL": "http://i.imgur.com/KcobXVE.jpg", "fileid": "g1221_cnzjz03.jpg"}, {"id": "g1221_cnzcksa", "comment": "[It all started from there...](http://i.imgur.com/JI7aiWg.jpg)", "date": "2015-01-24 10:08:33", "seriesname": "g1221_cnzcksa", "file": "/media/jbrogan4/scratch2/Reddit_Prov_Dataset_v6/_Headless_hockey_player_and_terrified_referee/g1221_cnzcksa.jpg", "URL": "http://i.imgur.com/JI7aiWg.jpg", "fileid": "g1221_cnzcksa.jpg"}, {"id": "g1221_cnzg75t", "comment": "[Hey honey, how bout we go back to my place and do this XOXO...](http://i.imgur.com/469Ldv4.jpg)", "date": "2015-01-24 12:27:18", "seriesname": "g1221_cnzg75t", "file": "/media/jbrogan4/scratch2/Reddit_Prov_Dataset_v6/_Headless_hockey_player_and_terrified_referee/g1221_cnzg75t.jpg", "URL": "http://i.imgur.com/469Ldv4.jpg", "fileid": "g1221_cnzg75t.jpg"}, {"id": "g1221_cnzl04y", "comment": "[Huge Collection of characters.](http://imgur.com/B3dfJpH)\n\nShe cannae take much more Cap'n!!!", "date": "2015-01-24 15:07:28", "seriesname": "g1221_cnzl04y", "file": "/media/jbrogan4/scratch2/Reddit_Prov_Dataset_v6/_Headless_hockey_player_and_terrified_referee/g1221_cnzl04y.png", "URL": "http://i.imgur.com/B3dfJpH.png", "fileid": "g1221_cnzl04y.png"}, {"id": "g1221_cnze3m8", "comment": "[The horror!](http://i.imgur.com/51pCjLT.jpg)", "date": "2015-01-24 11:13:21", "seriesname": "g1221_cnze3m8", "file": "/media/jbrogan4/scratch2/Reddit_Prov_Dataset_v6/_Headless_hockey_player_and_terrified_referee/g1221_cnze3m8.jpg", "URL": "http://i.imgur.com/51pCjLT.jpg", "fileid": "g1221_cnze3m8.jpg"}, {"id": "g1221_cnziq4r", "comment": "slightly NSFW\n\n [I CAME IN LIKE A WRECKING BALL](http://i.imgur.com/iPCMVvV.jpg)", "date": "2015-01-24 13:51:14", "seriesname": "g1221_cnziq4r", "file": "/media/jbrogan4/scratch2/Reddit_Prov_Dataset_v6/_Headless_hockey_player_and_terrified_referee/g1221_cnziq4r.jpg", "URL": "http://i.imgur.com/iPCMVvV.jpg", "fileid": "g1221_cnziq4r.jpg"}, {"id": "g1221_cnzcn5v", "comment": "[mib](http://i.imgur.com/g64amEH.jpg)", "date": "2015-01-24 10:11:39", "seriesname": "g1221_cnzcn5v", "file": "/media/jbrogan4/scratch2/Reddit_Prov_Dataset_v6/_Headless_hockey_player_and_terrified_referee/g1221_cnzcn5v.jpg", "URL": "http://i.imgur.com/g64amEH.jpg", "fileid": "g1221_cnzcn5v.jpg"}, {"id": "g1221_cnzczwl", "comment": "[They just really hate vertical video](http://i.imgur.com/cZZgo72.jpg)", "date": "2015-01-24 10:27:45", "seriesname": "g1221_cnzczwl", "file": "/media/jbrogan4/scratch2/Reddit_Prov_Dataset_v6/_Headless_hockey_player_and_terrified_referee/g1221_cnzczwl.jpg", "URL": "http://i.imgur.com/cZZgo72.jpg", "fileid": "g1221_cnzczwl.jpg"}, {"id": "g1221_cnzfor0", "comment": "[I don't know why.](http://i.imgur.com/nK7NkVg.jpg)\n\nPerhaps if the ref was looking at whatever object passed by and took his head off.", "date": "2015-01-24 12:09:58", "seriesname": "g1221_cnzfor0", "file": "/media/jbrogan4/scratch2/Reddit_Prov_Dataset_v6/_Headless_hockey_player_and_terrified_referee/g1221_cnzfor0.jpg", "URL": "http://i.imgur.com/nK7NkVg.jpg", "fileid": "g1221_cnzfor0.jpg"}, {"id": "g1221_cnzhmrz", "comment": "[REFEREE: Whistleblower](https://i.imgur.com/Ef6Hh7R.png)", "date": "2015-01-24 13:15:19", "seriesname": "g1221_cnzhmrz", "file": "/media/jbrogan4/scratch2/Reddit_Prov_Dataset_v6/_Headless_hockey_player_and_terrified_referee/g1221_cnzhmrz.png", "URL": "https://i.imgur.com/Ef6Hh7R.png", "fileid": "g1221_cnzhmrz.png"}, {"id": "g1221_cnzx2hh", "comment": "Well... it wouldn't have been so random if I went with \"I'm on a horse.\" That, and the only spare seat with visible real estate was the cat, so it's practical too.\n\nEdit: Scratch that... [He's on a horse, and his horse is AMAZING.](http://imgur.com/B3dfJpH)", "date": "2015-01-24 22:07:09", "seriesname": "g1221_cnzx2hh", "file": "/media/jbrogan4/scratch2/Reddit_Prov_Dataset_v6/_Headless_hockey_player_and_terrified_referee/g1221_cnzx2hh.png", "URL": "http://i.imgur.com/B3dfJpH.png", "fileid": "g1221_cnzx2hh.png"}, {"id": "g1221_cnzdx9t", "comment": "[Must..have..air!](https://i.imgur.com/gIEF0bd.jpg)", "date": "2015-01-24 11:06:33", "seriesname": "g1221_cnzdx9t", "file": "/media/jbrogan4/scratch2/Reddit_Prov_Dataset_v6/_Headless_hockey_player_and_terrified_referee/g1221_cnzdx9t.jpg", "URL": "https://i.imgur.com/gIEF0bd.jpg", "fileid": "g1221_cnzdx9t.jpg"}, {"id": "g1221_cnzinkd", "comment": "[Make that + 6 Search and Find](http://imgur.com/BhbzQwM)", "date": "2015-01-24 13:48:55", "seriesname": "g1221_cnzinkd", "file": "/media/jbrogan4/scratch2/Reddit_Prov_Dataset_v6/_Headless_hockey_player_and_terrified_referee/g1221_cnzinkd.png", "URL": "http://i.imgur.com/BhbzQwM.png", "fileid": "g1221_cnzinkd.png"}, {"id": "g1221_cnzewj7", "comment": "[walken](http://i.imgur.com/YuM2uhz.jpg)", "date": "2015-01-24 11:43:18", "seriesname": "g1221_cnzewj7", "file": "/media/jbrogan4/scratch2/Reddit_Prov_Dataset_v6/_Headless_hockey_player_and_terrified_referee/g1221_cnzewj7.jpg", "URL": "http://i.imgur.com/YuM2uhz.jpg", "fileid": "g1221_cnzewj7.jpg"}, {"id": "g1221_cnzbi71", "comment": "http://imgur.com/BBTvts1", "date": "2015-01-24 09:12:38", "seriesname": "g1221_cnzbi71", "file": "/media/jbrogan4/scratch2/Reddit_Prov_Dataset_v6/_Headless_hockey_player_and_terrified_referee/g1221_cnzbi71.png", "URL": "http://i.imgur.com/BBTvts1.png", "fileid": "g1221_cnzbi71.png"}, {"id": "g1221_cnzevtt", "comment": "[help! they cant do this here!!](http://i.imgur.com/LGr275U.jpg)\n\ndude on bench: \"oh yes. yes they can\"", "date": "2015-01-24 11:42:34", "seriesname": "g1221_cnzevtt", "file": "/media/jbrogan4/scratch2/Reddit_Prov_Dataset_v6/_Headless_hockey_player_and_terrified_referee/g1221_cnzevtt.jpg", "URL": "http://i.imgur.com/LGr275U.jpg", "fileid": "g1221_cnzevtt.jpg"}, {"id": "g1221_cnzff29", "comment": "[guys, wait for me! I can't catch up!](http://i.imgur.com/DU9jOep.jpg)", "date": "2015-01-24 12:00:52", "seriesname": "g1221_cnzff29", "file": "/media/jbrogan4/scratch2/Reddit_Prov_Dataset_v6/_Headless_hockey_player_and_terrified_referee/g1221_cnzff29.jpg", "URL": "http://i.imgur.com/DU9jOep.jpg", "fileid": "g1221_cnzff29.jpg"}, {"id": "g1221_cnzfx3c", "comment": "[Hey, maybe we friends?](http://i.imgur.com/EZ9BWps.jpg)", "date": "2015-01-24 12:17:51", "seriesname": "g1221_cnzfx3c", "file": "/media/jbrogan4/scratch2/Reddit_Prov_Dataset_v6/_Headless_hockey_player_and_terrified_referee/g1221_cnzfx3c.jpg", "URL": "http://i.imgur.com/EZ9BWps.jpg", "fileid": "g1221_cnzfx3c.jpg"}, {"id": "g1221_cnzhsau", "comment": "[\"Can someone show Tom how to get on the horse?\"](http://i.imgur.com/SRUrOG9.jpg)", "date": "2015-01-24 13:20:28", "seriesname": "g1221_cnzhsau", "file": "/media/jbrogan4/scratch2/Reddit_Prov_Dataset_v6/_Headless_hockey_player_and_terrified_referee/g1221_cnzhsau.jpg", "URL": "http://i.imgur.com/SRUrOG9.jpg", "fileid": "g1221_cnzhsau.jpg"}, {"id": "g1221_cnzd4zl", "comment": "[\"Mom! Make it stop!\"](http://i.imgur.com/FC8uv8t.jpg)", "date": "2015-01-24 10:33:56", "seriesname": "g1221_cnzd4zl", "file": "/media/jbrogan4/scratch2/Reddit_Prov_Dataset_v6/_Headless_hockey_player_and_terrified_referee/g1221_cnzd4zl.jpg", "URL": "http://i.imgur.com/FC8uv8t.jpg", "fileid": "g1221_cnzd4zl.jpg"}, {"id": "g1221_cnzbyqo", "comment": "[diglett](http://i.imgur.com/DdW2cih.gif)", "date": "2015-01-24 09:38:12", "seriesname": "g1221_cnzbyqo", "file": "/media/jbrogan4/scratch2/Reddit_Prov_Dataset_v6/_Headless_hockey_player_and_terrified_referee/g1221_cnzbyqo.jpg", "URL": "http://i.imgur.com/DdW2cih.gif", "fileid": "g1221_cnzbyqo.gif"}, {"id": "g1221_cnzgvgi", "comment": "[the race of the century](http://i.imgur.com/1zJLz3p.jpg)\n\ngod, im going to hell.", "date": "2015-01-24 12:49:41", "seriesname": "g1221_cnzgvgi", "file": "/media/jbrogan4/scratch2/Reddit_Prov_Dataset_v6/_Headless_hockey_player_and_terrified_referee/g1221_cnzgvgi.jpg", "URL": "http://i.imgur.com/1zJLz3p.jpg", "fileid": "g1221_cnzgvgi.jpg"}, {"id": "g1221_co0m6ky", "comment": "Thanks for the heads-up and helping hand.[ (COMPLETE HANDECTOMY)](http://i.imgur.com/WadPVVz.png)", "date": "2015-01-25 17:13:01", "seriesname": "g1221_co0m6ky", "file": "/media/jbrogan4/scratch2/Reddit_Prov_Dataset_v6/_Headless_hockey_player_and_terrified_referee/g1221_co0m6ky.png", "URL": "http://i.imgur.com/WadPVVz.png", "fileid": "g1221_co0m6ky.png"}, {"id": "g1221_cnzezwa", "comment": "[After all this years he still has that look on his face](https://i.imgur.com/eNawox2.png)\n\nedit: [creepy 2nd version](https://i.imgur.com/CWOGW7B.png)", "date": "2015-01-24 11:46:39", "seriesname": "g1221_cnzezwa", "file": "/media/jbrogan4/scratch2/Reddit_Prov_Dataset_v6/_Headless_hockey_player_and_terrified_referee/g1221_cnzezwa.png", "URL": "https://i.imgur.com/CWOGW7B.png", "fileid": "g1221_cnzezwa.png"}, {"id": "g1221_cnzcefp", "comment": "[\"Though it has been outlawed for years, 'dwarf tossing' is still popular in underground clubs.\"](http://i.imgur.com/jbY7noz.jpg)", "date": "2015-01-24 10:00:08", "seriesname": "g1221_cnzcefp", "file": "/media/jbrogan4/scratch2/Reddit_Prov_Dataset_v6/_Headless_hockey_player_and_terrified_referee/g1221_cnzcefp.jpg", "URL": "http://i.imgur.com/jbY7noz.jpg", "fileid": "g1221_cnzcefp.jpg"}, {"id": "g1221_cnzjzt5", "comment": "[0.o](http://imgur.com/fmQBbwA)", "date": "2015-01-24 14:33:37", "seriesname": "g1221_cnzjzt5", "file": "/media/jbrogan4/scratch2/Reddit_Prov_Dataset_v6/_Headless_hockey_player_and_terrified_referee/g1221_cnzjzt5.png", "URL": "http://i.imgur.com/fmQBbwA.png", "fileid": "g1221_cnzjzt5.png"}, {"id": "g1221_cnzcxxw", "comment": "[headless horseman](http://i.imgur.com/R0pqf2e.jpg)", "date": "2015-01-24 10:25:20", "seriesname": "g1221_cnzcxxw", "file": "/media/jbrogan4/scratch2/Reddit_Prov_Dataset_v6/_Headless_hockey_player_and_terrified_referee/g1221_cnzcxxw.jpg", "URL": "http://i.imgur.com/R0pqf2e.jpg", "fileid": "g1221_cnzcxxw.jpg"}, {"id": "g1221_cnzpv47", "comment": "Dads home\nhttp://imgur.com/1hZ0Axa", "date": "2015-01-24 17:53:02", "seriesname": "g1221_cnzpv47", "file": "/media/jbrogan4/scratch2/Reddit_Prov_Dataset_v6/_Headless_hockey_player_and_terrified_referee/g1221_cnzpv47.png", "URL": "http://i.imgur.com/1hZ0Axa.png", "fileid": "g1221_cnzpv47.png"}], "graph": {"name": "g1221_root"}, "directed": true}