{"links": [{"op": "none", "target": 0, "source": 48}, {"op": "none", "target": 1, "source": 42}, {"op": "none", "target": 2, "source": 48}, {"op": "none", "target": 3, "source": 48}, {"op": "none", "target": 4, "source": 48}, {"op": "none", "target": 5, "source": 46}, {"op": "none", "target": 6, "source": 48}, {"op": "none", "target": 7, "source": 48}, {"op": "none", "target": 8, "source": 48}, {"op": "none", "target": 9, "source": 48}, {"op": "none", "target": 10, "source": 48}, {"op": "none", "target": 11, "source": 49}, {"op": "none", "target": 12, "source": 48}, {"op": "none", "target": 13, "source": 29}, {"op": "none", "target": 14, "source": 48}, {"op": "none", "target": 15, "source": 38}, {"op": "none", "target": 16, "source": 48}, {"op": "none", "target": 17, "source": 48}, {"op": "none", "target": 18, "source": 48}, {"op": "none", "target": 19, "source": 4}, {"op": "none", "target": 20, "source": 49}, {"op": "none", "target": 21, "source": 48}, {"op": "none", "target": 22, "source": 48}, {"op": "none", "target": 23, "source": 43}, {"op": "none", "target": 24, "source": 48}, {"op": "none", "target": 25, "source": 38}, {"op": "none", "target": 26, "source": 48}, {"op": "none", "target": 27, "source": 1}, {"op": "none", "target": 28, "source": 48}, {"op": "none", "target": 29, "source": 48}, {"op": "none", "target": 30, "source": 48}, {"op": "none", "target": 31, "source": 48}, {"op": "none", "target": 32, "source": 48}, {"op": "none", "target": 33, "source": 48}, {"op": "none", "target": 34, "source": 48}, {"op": "none", "target": 35, "source": 48}, {"op": "none", "target": 36, "source": 48}, {"op": "none", "target": 37, "source": 48}, {"op": "none", "target": 38, "source": 48}, {"op": "none", "target": 39, "source": 48}, {"op": "none", "target": 40, "source": 48}, {"op": "none", "target": 41, "source": 48}, {"op": "none", "target": 42, "source": 48}, {"op": "none", "target": 43, "source": 1}, {"op": "none", "target": 44, "source": 48}, {"op": "none", "target": 45, "source": 48}, {"op": "none", "target": 46, "source": 48}, {"op": "none", "target": 47, "source": 48}, {"op": "none", "target": 49, "source": 48}, {"op": "none", "target": 50, "source": 15}], "title": "_Fox_having_a_go_in_front_of_a_camera", "nodes": [{"id": "g1223_clilyx5", "comment": "[The birth of a legend.](http://i.imgur.com/iuy0uXg.jpg)", "date": "2014-10-24 12:18:59", "seriesname": "g1223_clilyx5", "file": "/media/jbrogan4/scratch2/Reddit_Prov_Dataset_v6/_Fox_having_a_go_in_front_of_a_camera/g1223_clilyx5.jpg", "URL": "http://i.imgur.com/iuy0uXg.jpg", "fileid": "g1223_clilyx5.jpg"}, {"id": "g1223_clifgx4", "comment": "[Obviously had to do this.](http://i.imgur.com/XdRHu2O.png)", "date": "2014-10-24 08:12:58", "seriesname": "g1223_clifgx4", "file": "/media/jbrogan4/scratch2/Reddit_Prov_Dataset_v6/_Fox_having_a_go_in_front_of_a_camera/g1223_clifgx4.png", "URL": "http://i.imgur.com/XdRHu2O.png", "fileid": "g1223_clifgx4.png"}, {"id": "g1223_clikx9m", "comment": "[Your boss taking a poop on your recent revisions](http://imgur.com/L6Hp3L6)", "date": "2014-10-24 11:46:22", "seriesname": "g1223_clikx9m", "file": "/media/jbrogan4/scratch2/Reddit_Prov_Dataset_v6/_Fox_having_a_go_in_front_of_a_camera/g1223_clikx9m.png", "URL": "http://i.imgur.com/L6Hp3L6.png", "fileid": "g1223_clikx9m.png"}, {"id": "g1223_clilsiz", "comment": "[Firefox](http://i.imgur.com/9ngubNW.jpg)", "date": "2014-10-24 12:13:16", "seriesname": "g1223_clilsiz", "file": "/media/jbrogan4/scratch2/Reddit_Prov_Dataset_v6/_Fox_having_a_go_in_front_of_a_camera/g1223_clilsiz.jpg", "URL": "http://i.imgur.com/9ngubNW.jpg", "fileid": "g1223_clilsiz.jpg"}, {"id": "g1223_clifh0n", "comment": "[Constipated](http://i.imgur.com/DIBtmBk.jpg)", "date": "2014-10-24 08:13:08", "seriesname": "g1223_clifh0n", "file": "/media/jbrogan4/scratch2/Reddit_Prov_Dataset_v6/_Fox_having_a_go_in_front_of_a_camera/g1223_clifh0n.jpg", "URL": "http://i.imgur.com/DIBtmBk.jpg", "fileid": "g1223_clifh0n.jpg"}, {"id": "g1223_clii8ky", "comment": "Right [here](http://i.imgur.com/HfTSHD4.png?1) baby!", "date": "2014-10-24 10:17:10", "seriesname": "g1223_clii8ky", "file": "/media/jbrogan4/scratch2/Reddit_Prov_Dataset_v6/_Fox_having_a_go_in_front_of_a_camera/g1223_clii8ky.png", "URL": "http://i.imgur.com/HfTSHD4.png?1", "fileid": "g1223_clii8ky.png"}, {"id": "g1223_clifx9w", "comment": "[shitty browser](http://i.imgur.com/xt8Atzw.jpg)", "date": "2014-10-24 08:38:23", "seriesname": "g1223_clifx9w", "file": "/media/jbrogan4/scratch2/Reddit_Prov_Dataset_v6/_Fox_having_a_go_in_front_of_a_camera/g1223_clifx9w.jpg", "URL": "http://i.imgur.com/xt8Atzw.jpg", "fileid": "g1223_clifx9w.jpg"}, {"id": "g1223_clissqt", "comment": "[Truly one of natures most beautiful moments](http://i.imgur.com/Vvi3N3I.jpg)", "date": "2014-10-24 15:47:07", "seriesname": "g1223_clissqt", "file": "/media/jbrogan4/scratch2/Reddit_Prov_Dataset_v6/_Fox_having_a_go_in_front_of_a_camera/g1223_clissqt.jpg", "URL": "http://i.imgur.com/Vvi3N3I.jpg", "fileid": "g1223_clissqt.jpg"}, {"id": "g1223_clipf1g", "comment": "[reddit!](http://i.imgur.com/Mx4Oj4N.png)", "date": "2014-10-24 14:04:17", "seriesname": "g1223_clipf1g", "file": "/media/jbrogan4/scratch2/Reddit_Prov_Dataset_v6/_Fox_having_a_go_in_front_of_a_camera/g1223_clipf1g.png", "URL": "http://i.imgur.com/Mx4Oj4N.png", "fileid": "g1223_clipf1g.png"}, {"id": "g1223_clif7rd", "comment": "[What kind of shoot is that...](http://i.imgur.com/IfPfyZ5.jpg)\n\nNot sure if NSFW or if you shouldn't be redditing at work.", "date": "2014-10-24 07:57:29", "seriesname": "g1223_clif7rd", "file": "/media/jbrogan4/scratch2/Reddit_Prov_Dataset_v6/_Fox_having_a_go_in_front_of_a_camera/g1223_clif7rd.jpg", "URL": "http://i.imgur.com/IfPfyZ5.jpg", "fileid": "g1223_clif7rd.jpg"}, {"id": "g1223_clifk6q", "comment": "[A go having a fox in front of a camera](http://i.imgur.com/ptUSPHw.png)", "date": "2014-10-24 08:18:20", "seriesname": "g1223_clifk6q", "file": "/media/jbrogan4/scratch2/Reddit_Prov_Dataset_v6/_Fox_having_a_go_in_front_of_a_camera/g1223_clifk6q.png", "URL": "http://i.imgur.com/ptUSPHw.png", "fileid": "g1223_clifk6q.png"}, {"id": "g1223_cliwq43", "comment": "Please state your preferred shirt size, kind sir (sir?).\n\nEdit: [LolFox] (http://imgur.com/fnIaYTd)", "date": "2014-10-24 17:57:18", "seriesname": "g1223_cliwq43", "file": "/media/jbrogan4/scratch2/Reddit_Prov_Dataset_v6/_Fox_having_a_go_in_front_of_a_camera/g1223_cliwq43.png", "URL": "http://i.imgur.com/fnIaYTd.png", "fileid": "g1223_cliwq43.png"}, {"id": "g1223_cligwfb", "comment": "[Photographer Fox is still getting work](http://i.imgur.com/vmTnzwu.png)", "date": "2014-10-24 09:24:47", "seriesname": "g1223_cligwfb", "file": "/media/jbrogan4/scratch2/Reddit_Prov_Dataset_v6/_Fox_having_a_go_in_front_of_a_camera/g1223_cligwfb.png", "URL": "http://i.imgur.com/vmTnzwu.png", "fileid": "g1223_cligwfb.png"}, {"id": "g1223_clit5wa", "comment": "Not the best at phtoshop, so if anyone wants to redo this, please do by all means.\n\nHowever in the meantime [Obligatory photoshop](http://i.imgur.com/uXblpAs.jpg)", "date": "2014-10-24 15:58:19", "seriesname": "g1223_clit5wa", "file": "/media/jbrogan4/scratch2/Reddit_Prov_Dataset_v6/_Fox_having_a_go_in_front_of_a_camera/g1223_clit5wa.jpg", "URL": "http://i.imgur.com/uXblpAs.jpg", "fileid": "g1223_clit5wa.jpg"}, {"id": "g1223_cligv8f", "comment": "[Privacy was violated all over Reddit today](http://imgur.com/yzThLK9)", "date": "2014-10-24 09:23:22", "seriesname": "g1223_cligv8f", "file": "/media/jbrogan4/scratch2/Reddit_Prov_Dataset_v6/_Fox_having_a_go_in_front_of_a_camera/g1223_cligv8f.png", "URL": "http://i.imgur.com/yzThLK9.png", "fileid": "g1223_cligv8f.png"}, {"id": "g1223_clihik9", "comment": "[There you go man](http://i.imgur.com/DfO9aqP.jpg)...\n\nI am at work, you don't understand how stressful it was to ninja-shop that woman into it... My heart is beating too fast, both because I was afraid of getting fired over \"*are you fucking shitting me?*\" and well, because she's hot. ", "date": "2014-10-24 09:49:42", "seriesname": "g1223_clihik9", "file": "/media/jbrogan4/scratch2/Reddit_Prov_Dataset_v6/_Fox_having_a_go_in_front_of_a_camera/g1223_clihik9.jpg", "URL": "http://i.imgur.com/DfO9aqP.jpg)...", "fileid": "g1223_clihik9."}, {"id": "g1223_climrh4", "comment": "[Rebel without a cause](http://i.imgur.com/7m9LWzC.png) ", "date": "2014-10-24 12:43:21", "seriesname": "g1223_climrh4", "file": "/media/jbrogan4/scratch2/Reddit_Prov_Dataset_v6/_Fox_having_a_go_in_front_of_a_camera/g1223_climrh4.png", "URL": "http://i.imgur.com/7m9LWzC.png", "fileid": "g1223_climrh4.png"}, {"id": "g1223_cliexuk", "comment": "[Trying to get incarcerated for the winter time](http://i.imgur.com/aya6lV4.jpg)", "date": "2014-10-24 07:39:13", "seriesname": "g1223_cliexuk", "file": "/media/jbrogan4/scratch2/Reddit_Prov_Dataset_v6/_Fox_having_a_go_in_front_of_a_camera/g1223_cliexuk.jpg", "URL": "http://i.imgur.com/aya6lV4.jpg", "fileid": "g1223_cliexuk.jpg"}, {"id": "g1223_climu1p", "comment": "[Doing like humans do](http://i.imgur.com/UVM5Mrk.jpg)", "date": "2014-10-24 12:45:31", "seriesname": "g1223_climu1p", "file": "/media/jbrogan4/scratch2/Reddit_Prov_Dataset_v6/_Fox_having_a_go_in_front_of_a_camera/g1223_climu1p.jpg", "URL": "http://i.imgur.com/UVM5Mrk.jpg", "fileid": "g1223_climu1p.jpg"}, {"id": "g1223_clino3l", "comment": "[Let me help with that](http://imgur.com/ykkOS6z.png)", "date": "2014-10-24 13:10:51", "seriesname": "g1223_clino3l", "file": "/media/jbrogan4/scratch2/Reddit_Prov_Dataset_v6/_Fox_having_a_go_in_front_of_a_camera/g1223_clino3l.png", "URL": "http://imgur.com/ykkOS6z.png", "fileid": "g1223_clino3l.png"}, {"id": "g1223_clj0rcb", "comment": "I love this so much and had to [add this](http://i.imgur.com/TeeDBoB.jpg)", "date": "2014-10-24 20:35:30", "seriesname": "g1223_clj0rcb", "file": "/media/jbrogan4/scratch2/Reddit_Prov_Dataset_v6/_Fox_having_a_go_in_front_of_a_camera/g1223_clj0rcb.jpg", "URL": "http://i.imgur.com/TeeDBoB.jpg", "fileid": "g1223_clj0rcb.jpg"}, {"id": "g1223_cliw64f", "comment": "[In an alternate universe...](http://imgur.com/mi1KgUU)", "date": "2014-10-24 17:37:21", "seriesname": "g1223_cliw64f", "file": "/media/jbrogan4/scratch2/Reddit_Prov_Dataset_v6/_Fox_having_a_go_in_front_of_a_camera/g1223_cliw64f.png", "URL": "http://i.imgur.com/mi1KgUU.png", "fileid": "g1223_cliw64f.png"}, {"id": "g1223_clik49p", "comment": "[The fox and the hound remastered](http://i.imgur.com/vFULak1.jpg)", "date": "2014-10-24 11:20:58", "seriesname": "g1223_clik49p", "file": "/media/jbrogan4/scratch2/Reddit_Prov_Dataset_v6/_Fox_having_a_go_in_front_of_a_camera/g1223_clik49p.jpg", "URL": "http://i.imgur.com/vFULak1.jpg", "fileid": "g1223_clik49p.jpg"}, {"id": "g1223_clinsjd", "comment": "[As you wish](http://i.imgur.com/zG7Lun4.png)", "date": "2014-10-24 13:14:36", "seriesname": "g1223_clinsjd", "file": "/media/jbrogan4/scratch2/Reddit_Prov_Dataset_v6/_Fox_having_a_go_in_front_of_a_camera/g1223_clinsjd.png", "URL": "http://i.imgur.com/zG7Lun4.png", "fileid": "g1223_clinsjd.png"}, {"id": "g1223_clifoy2", "comment": "[Fashion](http://i.imgur.com/n2IY1RP.jpg)", "date": "2014-10-24 08:25:56", "seriesname": "g1223_clifoy2", "file": "/media/jbrogan4/scratch2/Reddit_Prov_Dataset_v6/_Fox_having_a_go_in_front_of_a_camera/g1223_clifoy2.jpg", "URL": "http://i.imgur.com/n2IY1RP.jpg", "fileid": "g1223_clifoy2.jpg"}, {"id": "g1223_clioypk", "comment": "[I gave it a shot...](http://i.imgur.com/fX5Xfkr.jpg)", "date": "2014-10-24 13:50:32", "seriesname": "g1223_clioypk", "file": "/media/jbrogan4/scratch2/Reddit_Prov_Dataset_v6/_Fox_having_a_go_in_front_of_a_camera/g1223_clioypk.jpg", "URL": "http://i.imgur.com/fX5Xfkr.jpg", "fileid": "g1223_clioypk.jpg"}, {"id": "g1223_clifaq1", "comment": "http://i.imgur.com/b23OeaY.jpg", "date": "2014-10-24 08:02:35", "seriesname": "g1223_clifaq1", "file": "/media/jbrogan4/scratch2/Reddit_Prov_Dataset_v6/_Fox_having_a_go_in_front_of_a_camera/g1223_clifaq1.jpg", "URL": "http://i.imgur.com/b23OeaY.jpg", "fileid": "g1223_clifaq1.jpg"}, {"id": "g1223_cliggaz", "comment": "\n[I had to do something too]( http://imgur.com/Tp0cpuh\n)", "date": "2014-10-24 09:04:34", "seriesname": "g1223_cliggaz", "file": "/media/jbrogan4/scratch2/Reddit_Prov_Dataset_v6/_Fox_having_a_go_in_front_of_a_camera/g1223_cliggaz.png", "URL": "http://i.imgur.com/Tp0cpuh.png", "fileid": "g1223_cliggaz.png"}, {"id": "g1223_clietr4", "comment": "[1 Geologist 1 Fox...No cups](http://i.imgur.com/pRUJ8Ko.jpg)", "date": "2014-10-24 07:30:58", "seriesname": "g1223_clietr4", "file": "/media/jbrogan4/scratch2/Reddit_Prov_Dataset_v6/_Fox_having_a_go_in_front_of_a_camera/g1223_clietr4.jpg", "URL": "http://i.imgur.com/pRUJ8Ko.jpg", "fileid": "g1223_clietr4.jpg"}, {"id": "g1223_clignp6", "comment": "[Home](http://i.imgur.com/2X1SL21.jpg)", "date": "2014-10-24 09:14:07", "seriesname": "g1223_clignp6", "file": "/media/jbrogan4/scratch2/Reddit_Prov_Dataset_v6/_Fox_having_a_go_in_front_of_a_camera/g1223_clignp6.jpg", "URL": "http://i.imgur.com/2X1SL21.jpg", "fileid": "g1223_clignp6.jpg"}, {"id": "g1223_clihrx1", "comment": "[Photo Op with the President](http://i.imgur.com/4cYypJ6.jpg)", "date": "2014-10-24 09:59:43", "seriesname": "g1223_clihrx1", "file": "/media/jbrogan4/scratch2/Reddit_Prov_Dataset_v6/_Fox_having_a_go_in_front_of_a_camera/g1223_clihrx1.jpg", "URL": "http://i.imgur.com/4cYypJ6.jpg", "fileid": "g1223_clihrx1.jpg"}, {"id": "g1223_clio9ui", "comment": "http://i.imgur.com/0AEr9hd.jpg swap swap.", "date": "2014-10-24 13:29:19", "seriesname": "g1223_clio9ui", "file": "/media/jbrogan4/scratch2/Reddit_Prov_Dataset_v6/_Fox_having_a_go_in_front_of_a_camera/g1223_clio9ui.jpg", "URL": "http://i.imgur.com/0AEr9hd.jpg", "fileid": "g1223_clio9ui.jpg"}, {"id": "g1223_clig94a", "comment": "[bzzzzz](http://imgur.com/U9M3fym)", "date": "2014-10-24 08:54:57", "seriesname": "g1223_clig94a", "file": "/media/jbrogan4/scratch2/Reddit_Prov_Dataset_v6/_Fox_having_a_go_in_front_of_a_camera/g1223_clig94a.png", "URL": "http://i.imgur.com/U9M3fym.png", "fileid": "g1223_clig94a.png"}, {"id": "g1223_clifaap", "comment": "[Hopefully an upcomming episode of my favorite show](http://i.imgur.com/FmsraJv.jpg)", "date": "2014-10-24 08:01:49", "seriesname": "g1223_clifaap", "file": "/media/jbrogan4/scratch2/Reddit_Prov_Dataset_v6/_Fox_having_a_go_in_front_of_a_camera/g1223_clifaap.jpg", "URL": "http://i.imgur.com/FmsraJv.jpg", "fileid": "g1223_clifaap.jpg"}, {"id": "g1223_clihrp2", "comment": "[Grossest game of portal](http://i.imgur.com/SYahm5o.jpg)", "date": "2014-10-24 09:59:28", "seriesname": "g1223_clihrp2", "file": "/media/jbrogan4/scratch2/Reddit_Prov_Dataset_v6/_Fox_having_a_go_in_front_of_a_camera/g1223_clihrp2.jpg", "URL": "http://i.imgur.com/SYahm5o.jpg", "fileid": "g1223_clihrp2.jpg"}, {"id": "g1223_cligbo3", "comment": "[Have you ever kicked some chick in the abs so hard that... that you split your pants and shat yourself?](http://imgur.com/HaHe86I)", "date": "2014-10-24 08:58:25", "seriesname": "g1223_cligbo3", "file": "/media/jbrogan4/scratch2/Reddit_Prov_Dataset_v6/_Fox_having_a_go_in_front_of_a_camera/g1223_cligbo3.png", "URL": "http://i.imgur.com/HaHe86I.png", "fileid": "g1223_cligbo3.png"}, {"id": "g1223_cliel8v", "comment": "[now featuring miley](http://i.imgur.com/ujZdJuf.jpg)", "date": "2014-10-24 07:13:03", "seriesname": "g1223_cliel8v", "file": "/media/jbrogan4/scratch2/Reddit_Prov_Dataset_v6/_Fox_having_a_go_in_front_of_a_camera/g1223_cliel8v.jpg", "URL": "http://i.imgur.com/ujZdJuf.jpg", "fileid": "g1223_cliel8v.jpg"}, {"id": "g1223_clii1dh", "comment": "[Tables have turned son](http://i.imgur.com/2MoYk8e.jpg)", "date": "2014-10-24 10:09:50", "seriesname": "g1223_clii1dh", "file": "/media/jbrogan4/scratch2/Reddit_Prov_Dataset_v6/_Fox_having_a_go_in_front_of_a_camera/g1223_clii1dh.jpg", "URL": "http://i.imgur.com/2MoYk8e.jpg", "fileid": "g1223_clii1dh.jpg"}, {"id": "g1223_clif27v", "comment": "[Potty trained anarchist Fox](http://i.imgur.com/5x0yVVy.jpg)", "date": "2014-10-24 07:47:30", "seriesname": "g1223_clif27v", "file": "/media/jbrogan4/scratch2/Reddit_Prov_Dataset_v6/_Fox_having_a_go_in_front_of_a_camera/g1223_clif27v.jpg", "URL": "http://i.imgur.com/5x0yVVy.jpg", "fileid": "g1223_clif27v.jpg"}, {"id": "g1223_clif309", "comment": "http://i.imgur.com/5UBZLD9.jpg", "date": "2014-10-24 07:48:59", "seriesname": "g1223_clif309", "file": "/media/jbrogan4/scratch2/Reddit_Prov_Dataset_v6/_Fox_having_a_go_in_front_of_a_camera/g1223_clif309.jpg", "URL": "http://i.imgur.com/5UBZLD9.jpg", "fileid": "g1223_clif309.jpg"}, {"id": "g1223_clierfa", "comment": "[Chew your food](https://i.imgur.com/AbcuK8W.png)", "date": "2014-10-24 07:26:15", "seriesname": "g1223_clierfa", "file": "/media/jbrogan4/scratch2/Reddit_Prov_Dataset_v6/_Fox_having_a_go_in_front_of_a_camera/g1223_clierfa.png", "URL": "https://i.imgur.com/AbcuK8W.png", "fileid": "g1223_clierfa.png"}, {"id": "g1223_clipzpy", "comment": "[taste the rainbow](http://i.imgur.com/hUOLYe7.jpg)", "date": "2014-10-24 14:21:30", "seriesname": "g1223_clipzpy", "file": "/media/jbrogan4/scratch2/Reddit_Prov_Dataset_v6/_Fox_having_a_go_in_front_of_a_camera/g1223_clipzpy.jpg", "URL": "http://i.imgur.com/hUOLYe7.jpg", "fileid": "g1223_clipzpy.jpg"}, {"id": "g1223_clievu0", "comment": "[anaconda](http://i.imgur.com/Nr6UKMP.jpg)", "date": "2014-10-24 07:35:09", "seriesname": "g1223_clievu0", "file": "/media/jbrogan4/scratch2/Reddit_Prov_Dataset_v6/_Fox_having_a_go_in_front_of_a_camera/g1223_clievu0.jpg", "URL": "http://i.imgur.com/Nr6UKMP.jpg", "fileid": "g1223_clievu0.jpg"}, {"id": "g1223_clilptl", "comment": "I suck at photo shop but can you remake with this? http://i.imgur.com/Phq4m4n.jpg", "date": "2014-10-24 12:10:53", "seriesname": "g1223_clilptl", "file": "/media/jbrogan4/scratch2/Reddit_Prov_Dataset_v6/_Fox_having_a_go_in_front_of_a_camera/g1223_clilptl.jpg", "URL": "http://i.imgur.com/Phq4m4n.jpg", "fileid": "g1223_clilptl.jpg"}, {"id": "g1223_clii6rd", "comment": "[Giving Back the Scent](http://i.imgur.com/aT6k1Pe.png)", "date": "2014-10-24 10:15:20", "seriesname": "g1223_clii6rd", "file": "/media/jbrogan4/scratch2/Reddit_Prov_Dataset_v6/_Fox_having_a_go_in_front_of_a_camera/g1223_clii6rd.png", "URL": "http://i.imgur.com/aT6k1Pe.png", "fileid": "g1223_clii6rd.png"}, {"id": "g1223_clijmfd", "comment": "[Kinda hot in these foxes](http://imgur.com/Cxo4PKs)", "date": "2014-10-24 11:04:48", "seriesname": "g1223_clijmfd", "file": "/media/jbrogan4/scratch2/Reddit_Prov_Dataset_v6/_Fox_having_a_go_in_front_of_a_camera/g1223_clijmfd.png", "URL": "http://i.imgur.com/Cxo4PKs.png", "fileid": "g1223_clijmfd.png"}, {"id": "g1223_clienik", "comment": "[firefox](http://i.imgur.com/tTYL0P3.png)\n***Not an indication of how I feel about any particular browser, just thought it'd be funny. ", "date": "2014-10-24 07:17:50", "seriesname": "g1223_clienik", "file": "/media/jbrogan4/scratch2/Reddit_Prov_Dataset_v6/_Fox_having_a_go_in_front_of_a_camera/g1223_clienik.png", "URL": "http://i.imgur.com/tTYL0P3.png", "fileid": "g1223_clienik.png"}, {"id": "g1223_clifw8w", "comment": "[\"I still got it.\"](http://i.imgur.com/b8v0EY6.jpg)\n\n^^^last ^^^one ^^^I ^^^promise", "date": "2014-10-24 08:36:51", "seriesname": "g1223_clifw8w", "file": "/media/jbrogan4/scratch2/Reddit_Prov_Dataset_v6/_Fox_having_a_go_in_front_of_a_camera/g1223_clifw8w.jpg", "URL": "http://i.imgur.com/b8v0EY6.jpg", "fileid": "g1223_clifw8w.jpg"}, {"id": "g1223_root", "comment": "", "date": "2014-10-24 05:41:51", "seriesname": "g1223_root", "file": "/media/jbrogan4/scratch2/Reddit_Prov_Dataset_v6/_Fox_having_a_go_in_front_of_a_camera/g1223_root.png", "URL": "http://i.imgur.com/mh1I7LM.png", "fileid": "g1223_root.png"}, {"id": "g1223_cligzxl", "comment": "[Yeah, i dunno](http://imgur.com/bYFkD9j)", "date": "2014-10-24 09:28:49", "seriesname": "g1223_cligzxl", "file": "/media/jbrogan4/scratch2/Reddit_Prov_Dataset_v6/_Fox_having_a_go_in_front_of_a_camera/g1223_cligzxl.png", "URL": "http://i.imgur.com/bYFkD9j.png", "fileid": "g1223_cligzxl.png"}, {"id": "g1223_cliilop", "comment": "[For years to come there will be stories told of your brave acts.](http://i.imgur.com/eMAvEjg.png)", "date": "2014-10-24 10:30:04", "seriesname": "g1223_cliilop", "file": "/media/jbrogan4/scratch2/Reddit_Prov_Dataset_v6/_Fox_having_a_go_in_front_of_a_camera/g1223_cliilop.png", "URL": "http://i.imgur.com/eMAvEjg.png", "fileid": "g1223_cliilop.png"}], "graph": {"name": "g1223_root"}, "directed": true}