{"links": [{"op": "none", "target": 0, "source": 54}, {"op": "none", "target": 1, "source": 54}, {"op": "none", "target": 2, "source": 28}, {"op": "none", "target": 3, "source": 54}, {"op": "none", "target": 4, "source": 16}, {"op": "none", "target": 5, "source": 27}, {"op": "none", "target": 6, "source": 54}, {"op": "none", "target": 7, "source": 54}, {"op": "none", "target": 8, "source": 54}, {"op": "none", "target": 9, "source": 54}, {"op": "none", "target": 10, "source": 54}, {"op": "none", "target": 11, "source": 54}, {"op": "none", "target": 12, "source": 54}, {"op": "none", "target": 13, "source": 27}, {"op": "none", "target": 14, "source": 54}, {"op": "none", "target": 15, "source": 54}, {"op": "none", "target": 16, "source": 54}, {"op": "none", "target": 17, "source": 54}, {"op": "none", "target": 18, "source": 54}, {"op": "none", "target": 19, "source": 30}, {"op": "none", "target": 20, "source": 54}, {"op": "none", "target": 21, "source": 54}, {"op": "none", "target": 22, "source": 30}, {"op": "none", "target": 23, "source": 54}, {"op": "none", "target": 24, "source": 54}, {"op": "none", "target": 25, "source": 15}, {"op": "none", "target": 26, "source": 54}, {"op": "none", "target": 27, "source": 54}, {"op": "none", "target": 28, "source": 54}, {"op": "none", "target": 29, "source": 54}, {"op": "none", "target": 30, "source": 54}, {"op": "none", "target": 31, "source": 54}, {"op": "none", "target": 32, "source": 54}, {"op": "none", "target": 33, "source": 54}, {"op": "none", "target": 34, "source": 39}, {"op": "none", "target": 35, "source": 54}, {"op": "none", "target": 36, "source": 54}, {"op": "none", "target": 37, "source": 25}, {"op": "none", "target": 38, "source": 54}, {"op": "none", "target": 39, "source": 20}, {"op": "none", "target": 40, "source": 44}, {"op": "none", "target": 41, "source": 54}, {"op": "none", "target": 42, "source": 8}, {"op": "none", "target": 43, "source": 54}, {"op": "none", "target": 44, "source": 54}, {"op": "none", "target": 45, "source": 54}, {"op": "none", "target": 46, "source": 54}, {"op": "none", "target": 47, "source": 54}, {"op": "none", "target": 48, "source": 54}, {"op": "none", "target": 49, "source": 30}, {"op": "none", "target": 50, "source": 54}, {"op": "none", "target": 51, "source": 54}, {"op": "none", "target": 52, "source": 54}, {"op": "none", "target": 53, "source": 54}, {"op": "none", "target": 55, "source": 54}], "title": "_A_Blue_Swimmer_Crab_showing_off_his_claws", "nodes": [{"id": "g1231_ctx1252", "comment": "[MY CLAW IS THE CLAW THAT WILL PINCH THE HEAVENS](http://i.imgur.com/vQRdbJC.jpg)\n\nTook me a bit longer than I thought it would, probably because I'm working in GIMP with a touchpad.", "date": "2015-08-09 13:23:32", "seriesname": "g1231_ctx1252", "file": "/media/jbrogan4/scratch2/Reddit_Prov_Dataset_v6/_A_Blue_Swimmer_Crab_showing_off_his_claws/g1231_ctx1252.jpg", "URL": "http://i.imgur.com/vQRdbJC.jpg", "fileid": "g1231_ctx1252.jpg"}, {"id": "g1231_ctxfcw6", "comment": "[Dinosaur Crab](http://i.imgur.com/6H4EQ10.png)", "date": "2015-08-09 20:31:41", "seriesname": "g1231_ctxfcw6", "file": "/media/jbrogan4/scratch2/Reddit_Prov_Dataset_v6/_A_Blue_Swimmer_Crab_showing_off_his_claws/g1231_ctxfcw6.png", "URL": "http://i.imgur.com/6H4EQ10.png", "fileid": "g1231_ctxfcw6.png"}, {"id": "g1231_ctxe4jh", "comment": "[No horns?](http://i.imgur.com/2lp09q7.png)", "date": "2015-08-09 19:54:38", "seriesname": "g1231_ctxe4jh", "file": "/media/jbrogan4/scratch2/Reddit_Prov_Dataset_v6/_A_Blue_Swimmer_Crab_showing_off_his_claws/g1231_ctxe4jh.png", "URL": "http://i.imgur.com/2lp09q7.png", "fileid": "g1231_ctxe4jh.png"}, {"id": "g1231_ctx1iug", "comment": "[Seafood Story](http://i.imgur.com/hmQ75tb.jpg)", "date": "2015-08-09 13:37:30", "seriesname": "g1231_ctx1iug", "file": "/media/jbrogan4/scratch2/Reddit_Prov_Dataset_v6/_A_Blue_Swimmer_Crab_showing_off_his_claws/g1231_ctx1iug.jpg", "URL": "http://i.imgur.com/hmQ75tb.jpg", "fileid": "g1231_ctx1iug.jpg"}, {"id": "g1231_ctxzyr2", "comment": "[Agreed.](http://i.imgur.com/lhDprSd.jpg) I used [/u/Suckassloser's version](https://www.reddit.com/r/photoshopbattles/comments/3gcprk/psbattle_a_blue_swimmer_crab_showing_off_his_claws/ctwzn2j) to fill that area in. \n\nHope I'm not breaking etiquette, but I just had to do it!", "date": "2015-08-10 11:04:25", "seriesname": "g1231_ctxzyr2", "file": "/media/jbrogan4/scratch2/Reddit_Prov_Dataset_v6/_A_Blue_Swimmer_Crab_showing_off_his_claws/g1231_ctxzyr2.jpg", "URL": "http://i.imgur.com/lhDprSd.jpg", "fileid": "g1231_ctxzyr2.jpg"}, {"id": "g1231_ctx2mc5", "comment": "http://i.imgur.com/4daUiNG.jpg", "date": "2015-08-09 14:10:19", "seriesname": "g1231_ctx2mc5", "file": "/media/jbrogan4/scratch2/Reddit_Prov_Dataset_v6/_A_Blue_Swimmer_Crab_showing_off_his_claws/g1231_ctx2mc5.jpg", "URL": "http://i.imgur.com/4daUiNG.jpg", "fileid": "g1231_ctx2mc5.jpg"}, {"id": "g1231_ctx0a8e", "comment": "[There's no business like show business...](http://i.imgur.com/gqcuK1X.jpg) ", "date": "2015-08-09 12:59:46", "seriesname": "g1231_ctx0a8e", "file": "/media/jbrogan4/scratch2/Reddit_Prov_Dataset_v6/_A_Blue_Swimmer_Crab_showing_off_his_claws/g1231_ctx0a8e.jpg", "URL": "http://i.imgur.com/gqcuK1X.jpg", "fileid": "g1231_ctx0a8e.jpg"}, {"id": "g1231_ctwzlmd", "comment": "[Pacific Crab](http://imgur.com/ZyXS8Pt)", "date": "2015-08-09 12:38:32", "seriesname": "g1231_ctwzlmd", "file": "/media/jbrogan4/scratch2/Reddit_Prov_Dataset_v6/_A_Blue_Swimmer_Crab_showing_off_his_claws/g1231_ctwzlmd.png", "URL": "http://i.imgur.com/ZyXS8Pt.png", "fileid": "g1231_ctwzlmd.png"}, {"id": "g1231_ctwye5u", "comment": "http://i.imgur.com/h2eXCC0.jpg", "date": "2015-08-09 11:59:13", "seriesname": "g1231_ctwye5u", "file": "/media/jbrogan4/scratch2/Reddit_Prov_Dataset_v6/_A_Blue_Swimmer_Crab_showing_off_his_claws/g1231_ctwye5u.jpg", "URL": "http://i.imgur.com/h2eXCC0.jpg", "fileid": "g1231_ctwye5u.jpg"}, {"id": "g1231_ctx0svy", "comment": "[Johnny Crabbo](http://i.imgur.com/hydG26R.jpg)", "date": "2015-08-09 13:15:45", "seriesname": "g1231_ctx0svy", "file": "/media/jbrogan4/scratch2/Reddit_Prov_Dataset_v6/_A_Blue_Swimmer_Crab_showing_off_his_claws/g1231_ctx0svy.jpg", "URL": "http://i.imgur.com/hydG26R.jpg", "fileid": "g1231_ctx0svy.jpg"}, {"id": "g1231_ctxguun", "comment": "I for one welcome our new overlord: https://i.imgur.com/rizn9rQ.jpg\n...And yes it has (cr)abs", "date": "2015-08-09 21:15:47", "seriesname": "g1231_ctxguun", "file": "/media/jbrogan4/scratch2/Reddit_Prov_Dataset_v6/_A_Blue_Swimmer_Crab_showing_off_his_claws/g1231_ctxguun.jpg", "URL": "https://i.imgur.com/rizn9rQ.jpg", "fileid": "g1231_ctxguun.jpg"}, {"id": "g1231_ctwzews", "comment": "[The arm looks like a fish on it's own.](http://i.imgur.com/mDNgGsH.jpg)\n\n(I know it's bad, but I just wanted to show my idea.)", "date": "2015-08-09 12:32:19", "seriesname": "g1231_ctwzews", "file": "/media/jbrogan4/scratch2/Reddit_Prov_Dataset_v6/_A_Blue_Swimmer_Crab_showing_off_his_claws/g1231_ctwzews.jpg", "URL": "http://i.imgur.com/mDNgGsH.jpg", "fileid": "g1231_ctwzews.jpg"}, {"id": "g1231_ctx2pi7", "comment": "[Hello my baby! Hello my honey!](http://i.imgur.com/eMif6tj.png)", "date": "2015-08-09 14:12:57", "seriesname": "g1231_ctx2pi7", "file": "/media/jbrogan4/scratch2/Reddit_Prov_Dataset_v6/_A_Blue_Swimmer_Crab_showing_off_his_claws/g1231_ctx2pi7.png", "URL": "http://i.imgur.com/eMif6tj.png", "fileid": "g1231_ctx2pi7.png"}, {"id": "g1231_ctx2qk5", "comment": "[There's this shirt I gotta buy, a beautiful shirt](http://i.imgur.com/Y5vq2M6.jpg)", "date": "2015-08-09 14:13:50", "seriesname": "g1231_ctx2qk5", "file": "/media/jbrogan4/scratch2/Reddit_Prov_Dataset_v6/_A_Blue_Swimmer_Crab_showing_off_his_claws/g1231_ctx2qk5.jpg", "URL": "http://i.imgur.com/Y5vq2M6.jpg", "fileid": "g1231_ctx2qk5.jpg"}, {"id": "g1231_ctxafaz", "comment": "[I'll GET YOU!] (http://i.imgur.com/bavmfPh.jpg?1)", "date": "2015-08-09 18:00:57", "seriesname": "g1231_ctxafaz", "file": "/media/jbrogan4/scratch2/Reddit_Prov_Dataset_v6/_A_Blue_Swimmer_Crab_showing_off_his_claws/g1231_ctxafaz.jpg", "URL": "http://i.imgur.com/bavmfPh.jpg?1", "fileid": "g1231_ctxafaz.jpg"}, {"id": "g1231_ctwyso3", "comment": "http://i.imgur.com/gRjfLb3.jpg", "date": "2015-08-09 12:12:21", "seriesname": "g1231_ctwyso3", "file": "/media/jbrogan4/scratch2/Reddit_Prov_Dataset_v6/_A_Blue_Swimmer_Crab_showing_off_his_claws/g1231_ctwyso3.jpg", "URL": "http://i.imgur.com/gRjfLb3.jpg", "fileid": "g1231_ctwyso3.jpg"}, {"id": "g1231_ctx2o5k", "comment": "[He's calling it!](http://i.imgur.com/LzuD5lU.png)", "date": "2015-08-09 14:11:51", "seriesname": "g1231_ctx2o5k", "file": "/media/jbrogan4/scratch2/Reddit_Prov_Dataset_v6/_A_Blue_Swimmer_Crab_showing_off_his_claws/g1231_ctx2o5k.png", "URL": "http://i.imgur.com/LzuD5lU.png", "fileid": "g1231_ctx2o5k.png"}, {"id": "g1231_ctx1lfe", "comment": "[Now he has a friend](http://imgur.com/p11Aq3h)", "date": "2015-08-09 13:39:44", "seriesname": "g1231_ctx1lfe", "file": "/media/jbrogan4/scratch2/Reddit_Prov_Dataset_v6/_A_Blue_Swimmer_Crab_showing_off_his_claws/g1231_ctx1lfe.png", "URL": "http://i.imgur.com/p11Aq3h.png", "fileid": "g1231_ctx1lfe.png"}, {"id": "g1231_ctxjj0u", "comment": "[From the Crab Nebulae, Earth's hero arrives to save the human race from impending doom](http://i.imgur.com/TzJJccA.jpg)\n\n[I've also included a SVG of the vector mask I made to extract this.](http://imgh.us/crabvectormask.svg)", "date": "2015-08-09 22:36:25", "seriesname": "g1231_ctxjj0u", "file": "/media/jbrogan4/scratch2/Reddit_Prov_Dataset_v6/_A_Blue_Swimmer_Crab_showing_off_his_claws/g1231_ctxjj0u.jpg", "URL": "http://i.imgur.com/TzJJccA.jpg", "fileid": "g1231_ctxjj0u.jpg"}, {"id": "g1231_ctx0z96", "comment": "He won the cape from the race and thus became, [Super Crab](http://i.imgur.com/d4WsSU8.jpg)!", "date": "2015-08-09 13:21:07", "seriesname": "g1231_ctx0z96", "file": "/media/jbrogan4/scratch2/Reddit_Prov_Dataset_v6/_A_Blue_Swimmer_Crab_showing_off_his_claws/g1231_ctx0z96.jpg", "URL": "http://i.imgur.com/d4WsSU8.jpg)!", "fileid": "g1231_ctx0z96.jpg!"}, {"id": "g1231_ctwyhao", "comment": "http://i.imgur.com/44dZwvx.jpg", "date": "2015-08-09 12:02:00", "seriesname": "g1231_ctwyhao", "file": "/media/jbrogan4/scratch2/Reddit_Prov_Dataset_v6/_A_Blue_Swimmer_Crab_showing_off_his_claws/g1231_ctwyhao.jpg", "URL": "http://i.imgur.com/44dZwvx.jpg", "fileid": "g1231_ctwyhao.jpg"}, {"id": "g1231_cu0vug4", "comment": "[Imgur](http://i.imgur.com/Mn59pKF.jpg)\n\nTom Cruise and The Crab", "date": "2015-08-12 17:47:36", "seriesname": "g1231_cu0vug4", "file": "/media/jbrogan4/scratch2/Reddit_Prov_Dataset_v6/_A_Blue_Swimmer_Crab_showing_off_his_claws/g1231_cu0vug4.jpg", "URL": "http://i.imgur.com/Mn59pKF.jpg", "fileid": "g1231_cu0vug4.jpg"}, {"id": "g1231_ctx7dr7", "comment": "[Here you go!](http://i.imgur.com/vcq7Myu.jpg)", "date": "2015-08-09 16:31:20", "seriesname": "g1231_ctx7dr7", "file": "/media/jbrogan4/scratch2/Reddit_Prov_Dataset_v6/_A_Blue_Swimmer_Crab_showing_off_his_claws/g1231_ctx7dr7.jpg", "URL": "http://i.imgur.com/vcq7Myu.jpg", "fileid": "g1231_ctx7dr7.jpg"}, {"id": "g1231_cu3a7a2", "comment": "Lazor Crab!  http://i.imgur.com/uhotEGY.jpg ", "date": "2015-08-14 18:01:01", "seriesname": "g1231_cu3a7a2", "file": "/media/jbrogan4/scratch2/Reddit_Prov_Dataset_v6/_A_Blue_Swimmer_Crab_showing_off_his_claws/g1231_cu3a7a2.jpg", "URL": "http://i.imgur.com/uhotEGY.jpg", "fileid": "g1231_cu3a7a2.jpg"}, {"id": "g1231_ctx6rzh", "comment": "[Fernando Crabney](http://imgur.com/YkgQYQ6)", "date": "2015-08-09 16:13:21", "seriesname": "g1231_ctx6rzh", "file": "/media/jbrogan4/scratch2/Reddit_Prov_Dataset_v6/_A_Blue_Swimmer_Crab_showing_off_his_claws/g1231_ctx6rzh.png", "URL": "http://i.imgur.com/YkgQYQ6.png", "fileid": "g1231_ctx6rzh.png"}, {"id": "g1231_ctwz5gr", "comment": "[You stole my obvious idea.](http://i.imgur.com/8BtRyNt.jpg)", "date": "2015-08-09 12:23:43", "seriesname": "g1231_ctwz5gr", "file": "/media/jbrogan4/scratch2/Reddit_Prov_Dataset_v6/_A_Blue_Swimmer_Crab_showing_off_his_claws/g1231_ctwz5gr.jpg", "URL": "http://i.imgur.com/8BtRyNt.jpg", "fileid": "g1231_ctwz5gr.jpg"}, {"id": "g1231_ctx0cai", "comment": "[Surf's up](http://i.imgur.com/6zT8sKi.jpg)", "date": "2015-08-09 13:01:29", "seriesname": "g1231_ctx0cai", "file": "/media/jbrogan4/scratch2/Reddit_Prov_Dataset_v6/_A_Blue_Swimmer_Crab_showing_off_his_claws/g1231_ctx0cai.jpg", "URL": "http://i.imgur.com/6zT8sKi.jpg", "fileid": "g1231_ctx0cai.jpg"}, {"id": "g1231_ctwyt7g", "comment": "[John Cravolta](http://imgur.com/5nSZUly)  \n[*edit- crab belly fix](http://imgur.com/BI4L8tI)", "date": "2015-08-09 12:12:50", "seriesname": "g1231_ctwyt7g", "file": "/media/jbrogan4/scratch2/Reddit_Prov_Dataset_v6/_A_Blue_Swimmer_Crab_showing_off_his_claws/g1231_ctwyt7g.png", "URL": "http://i.imgur.com/BI4L8tI.png", "fileid": "g1231_ctwyt7g.png"}, {"id": "g1231_ctx1fv8", "comment": "[Matador](http://i.imgur.com/GMcQoEj.png)", "date": "2015-08-09 13:35:00", "seriesname": "g1231_ctx1fv8", "file": "/media/jbrogan4/scratch2/Reddit_Prov_Dataset_v6/_A_Blue_Swimmer_Crab_showing_off_his_claws/g1231_ctx1fv8.png", "URL": "http://i.imgur.com/GMcQoEj.png", "fileid": "g1231_ctx1fv8.png"}, {"id": "g1231_ctx28zx", "comment": "[OBJECTION!!](http://i.imgur.com/sqjoZFR.jpg)", "date": "2015-08-09 13:59:16", "seriesname": "g1231_ctx28zx", "file": "/media/jbrogan4/scratch2/Reddit_Prov_Dataset_v6/_A_Blue_Swimmer_Crab_showing_off_his_claws/g1231_ctx28zx.jpg", "URL": "http://i.imgur.com/sqjoZFR.jpg", "fileid": "g1231_ctx28zx.jpg"}, {"id": "g1231_ctwwmvo", "comment": "[Fastest crab on the planet](http://i.imgur.com/ogwX206.jpg)      \nEdit: [1920x1080](http://i.imgur.com/vcq7Myu.jpg)", "date": "2015-08-09 10:57:32", "seriesname": "g1231_ctwwmvo", "file": "/media/jbrogan4/scratch2/Reddit_Prov_Dataset_v6/_A_Blue_Swimmer_Crab_showing_off_his_claws/g1231_ctwwmvo.jpg", "URL": "http://i.imgur.com/vcq7Myu.jpg", "fileid": "g1231_ctwwmvo.jpg"}, {"id": "g1231_ctx6eph", "comment": "\n[Usain Crab](http://imgur.com/OCoKH8D)\n\n", "date": "2015-08-09 16:02:18", "seriesname": "g1231_ctx6eph", "file": "/media/jbrogan4/scratch2/Reddit_Prov_Dataset_v6/_A_Blue_Swimmer_Crab_showing_off_his_claws/g1231_ctx6eph.png", "URL": "http://i.imgur.com/OCoKH8D.png", "fileid": "g1231_ctx6eph.png"}, {"id": "g1231_ctx1q3u", "comment": "[New addition to the team](http://i.imgur.com/tmGejNV.jpg)", "date": "2015-08-09 13:43:34", "seriesname": "g1231_ctx1q3u", "file": "/media/jbrogan4/scratch2/Reddit_Prov_Dataset_v6/_A_Blue_Swimmer_Crab_showing_off_his_claws/g1231_ctx1q3u.jpg", "URL": "http://i.imgur.com/tmGejNV.jpg", "fileid": "g1231_ctx1q3u.jpg"}, {"id": "g1231_ctx93uh", "comment": "[Kaiju Krab attack](http://i.imgur.com/WcJ7OVM.jpg)", "date": "2015-08-09 17:21:33", "seriesname": "g1231_ctx93uh", "file": "/media/jbrogan4/scratch2/Reddit_Prov_Dataset_v6/_A_Blue_Swimmer_Crab_showing_off_his_claws/g1231_ctx93uh.jpg", "URL": "http://i.imgur.com/WcJ7OVM.jpg", "fileid": "g1231_ctx93uh.jpg"}, {"id": "g1231_ctx1rjg", "comment": "back in old days, [everything was grainier](http://i.imgur.com/A0oiGke.png)!", "date": "2015-08-09 13:44:45", "seriesname": "g1231_ctx1rjg", "file": "/media/jbrogan4/scratch2/Reddit_Prov_Dataset_v6/_A_Blue_Swimmer_Crab_showing_off_his_claws/g1231_ctx1rjg.jpg", "URL": "http://i.imgur.com/A0oiGke.png)!", "fileid": "g1231_ctx1rjg.png!"}, {"id": "g1231_ctx05fk", "comment": "Click... Click... DOOO ITTTT!!!\nhttp://imgur.com/V7eZ8UD", "date": "2015-08-09 12:55:41", "seriesname": "g1231_ctx05fk", "file": "/media/jbrogan4/scratch2/Reddit_Prov_Dataset_v6/_A_Blue_Swimmer_Crab_showing_off_his_claws/g1231_ctx05fk.png", "URL": "http://i.imgur.com/V7eZ8UD.png", "fileid": "g1231_ctx05fk.png"}, {"id": "g1231_ctx57z8", "comment": "[Enter V.A.T.S](http://imgur.com/nwS8jl9)\n\np.s. that was a hard one to make", "date": "2015-08-09 15:27:37", "seriesname": "g1231_ctx57z8", "file": "/media/jbrogan4/scratch2/Reddit_Prov_Dataset_v6/_A_Blue_Swimmer_Crab_showing_off_his_claws/g1231_ctx57z8.png", "URL": "http://i.imgur.com/nwS8jl9.png", "fileid": "g1231_ctx57z8.png"}, {"id": "g1231_ctx1atm", "comment": "http://i.imgur.com/v2zuYOa.gif", "date": "2015-08-09 13:30:39", "seriesname": "g1231_ctx1atm", "file": "/media/jbrogan4/scratch2/Reddit_Prov_Dataset_v6/_A_Blue_Swimmer_Crab_showing_off_his_claws/g1231_ctx1atm.jpg", "URL": "http://i.imgur.com/v2zuYOa.gif", "fileid": "g1231_ctx1atm.gif"}, {"id": "g1231_ctx00wp", "comment": "Crustacean Olympics \n\nhttp://imgur.com/IygzH5F", "date": "2015-08-09 12:51:53", "seriesname": "g1231_ctx00wp", "file": "/media/jbrogan4/scratch2/Reddit_Prov_Dataset_v6/_A_Blue_Swimmer_Crab_showing_off_his_claws/g1231_ctx00wp.png", "URL": "http://i.imgur.com/IygzH5F.png", "fileid": "g1231_ctx00wp.png"}, {"id": "g1231_ctx04ks", "comment": "https://i.imgur.com/g1bGXBZ.png", "date": "2015-08-09 12:54:59", "seriesname": "g1231_ctx04ks", "file": "/media/jbrogan4/scratch2/Reddit_Prov_Dataset_v6/_A_Blue_Swimmer_Crab_showing_off_his_claws/g1231_ctx04ks.png", "URL": "https://i.imgur.com/g1bGXBZ.png", "fileid": "g1231_ctx04ks.png"}, {"id": "g1231_ctxjklp", "comment": "nice it's [similar to mine](http://i.imgur.com/TzJJccA.jpg) haha looks like we're on the same wavelength yo", "date": "2015-08-09 22:37:44", "seriesname": "g1231_ctxjklp", "file": "/media/jbrogan4/scratch2/Reddit_Prov_Dataset_v6/_A_Blue_Swimmer_Crab_showing_off_his_claws/g1231_ctxjklp.jpg", "URL": "http://i.imgur.com/TzJJccA.jpg", "fileid": "g1231_ctxjklp.jpg"}, {"id": "g1231_ctwzn2j", "comment": "[Crabbing some air](http://i.imgur.com/JczPExd.png)", "date": "2015-08-09 12:39:48", "seriesname": "g1231_ctwzn2j", "file": "/media/jbrogan4/scratch2/Reddit_Prov_Dataset_v6/_A_Blue_Swimmer_Crab_showing_off_his_claws/g1231_ctwzn2j.png", "URL": "http://i.imgur.com/JczPExd.png", "fileid": "g1231_ctwzn2j.png"}, {"id": "g1231_ctx9460", "comment": "http://i.imgur.com/ZSN29Ih.png", "date": "2015-08-09 17:21:49", "seriesname": "g1231_ctx9460", "file": "/media/jbrogan4/scratch2/Reddit_Prov_Dataset_v6/_A_Blue_Swimmer_Crab_showing_off_his_claws/g1231_ctx9460.png", "URL": "http://i.imgur.com/ZSN29Ih.png", "fileid": "g1231_ctx9460.png"}, {"id": "g1231_ctx18qf", "comment": "[Best burgers under the sea!](http://i.imgur.com/7HPlhZp.jpg)", "date": "2015-08-09 13:28:56", "seriesname": "g1231_ctx18qf", "file": "/media/jbrogan4/scratch2/Reddit_Prov_Dataset_v6/_A_Blue_Swimmer_Crab_showing_off_his_claws/g1231_ctx18qf.jpg", "URL": "http://i.imgur.com/7HPlhZp.jpg", "fileid": "g1231_ctx18qf.jpg"}, {"id": "g1231_ctxj9p7", "comment": "[Krabkarrot](http://imgur.com/tD5yyP5)\nThis one took me a while, newbie at ps here", "date": "2015-08-09 22:28:51", "seriesname": "g1231_ctxj9p7", "file": "/media/jbrogan4/scratch2/Reddit_Prov_Dataset_v6/_A_Blue_Swimmer_Crab_showing_off_his_claws/g1231_ctxj9p7.png", "URL": "http://i.imgur.com/tD5yyP5.png", "fileid": "g1231_ctxj9p7.png"}, {"id": "g1231_ctx62lx", "comment": "[I rushed this because I was scared someone had the same idea...](http://i.imgur.com/FhTGdSA.png)", "date": "2015-08-09 15:52:23", "seriesname": "g1231_ctx62lx", "file": "/media/jbrogan4/scratch2/Reddit_Prov_Dataset_v6/_A_Blue_Swimmer_Crab_showing_off_his_claws/g1231_ctx62lx.png", "URL": "http://i.imgur.com/FhTGdSA.png", "fileid": "g1231_ctx62lx.png"}, {"id": "g1231_ctx2asu", "comment": "[Whoa, Mama!](http://i.imgur.com/xI44ETT.jpg)", "date": "2015-08-09 14:00:41", "seriesname": "g1231_ctx2asu", "file": "/media/jbrogan4/scratch2/Reddit_Prov_Dataset_v6/_A_Blue_Swimmer_Crab_showing_off_his_claws/g1231_ctx2asu.jpg", "URL": "http://i.imgur.com/xI44ETT.jpg", "fileid": "g1231_ctx2asu.jpg"}, {"id": "g1231_ctx3t0f", "comment": "[Crab Zissou](http://i.imgur.com/KI6KXXx.jpg)", "date": "2015-08-09 14:45:36", "seriesname": "g1231_ctx3t0f", "file": "/media/jbrogan4/scratch2/Reddit_Prov_Dataset_v6/_A_Blue_Swimmer_Crab_showing_off_his_claws/g1231_ctx3t0f.jpg", "URL": "http://i.imgur.com/KI6KXXx.jpg", "fileid": "g1231_ctx3t0f.jpg"}, {"id": "g1231_ctx1fwl", "comment": "http://i.imgur.com/9tpjORh.jpg", "date": "2015-08-09 13:35:02", "seriesname": "g1231_ctx1fwl", "file": "/media/jbrogan4/scratch2/Reddit_Prov_Dataset_v6/_A_Blue_Swimmer_Crab_showing_off_his_claws/g1231_ctx1fwl.jpg", "URL": "http://i.imgur.com/9tpjORh.jpg", "fileid": "g1231_ctx1fwl.jpg"}, {"id": "g1231_ctx1erw", "comment": "who am I to deny a dying man's last [wish](http://i.imgur.com/XPIXs4s.jpg)? ", "date": "2015-08-09 13:34:03", "seriesname": "g1231_ctx1erw", "file": "/media/jbrogan4/scratch2/Reddit_Prov_Dataset_v6/_A_Blue_Swimmer_Crab_showing_off_his_claws/g1231_ctx1erw.jpg", "URL": "http://i.imgur.com/XPIXs4s.jpg)?", "fileid": "g1231_ctx1erw.jpg"}, {"id": "g1231_ctxwakc", "comment": "[Gotta catch em all!!](http://i.imgur.com/OMlGrFc.jpg) - Seriously can't believe no one has done this and now I'm kicking myself I didn't see the thread sooner!\n", "date": "2015-08-10 09:01:38", "seriesname": "g1231_ctxwakc", "file": "/media/jbrogan4/scratch2/Reddit_Prov_Dataset_v6/_A_Blue_Swimmer_Crab_showing_off_his_claws/g1231_ctxwakc.jpg", "URL": "http://i.imgur.com/OMlGrFc.jpg", "fileid": "g1231_ctxwakc.jpg"}, {"id": "g1231_ctx6688", "comment": "[High quality photoshop, spent multiple hours working on it](http://imgur.com/lEe1cAk)", "date": "2015-08-09 15:55:21", "seriesname": "g1231_ctx6688", "file": "/media/jbrogan4/scratch2/Reddit_Prov_Dataset_v6/_A_Blue_Swimmer_Crab_showing_off_his_claws/g1231_ctx6688.png", "URL": "http://i.imgur.com/lEe1cAk.png", "fileid": "g1231_ctx6688.png"}, {"id": "g1231_ctx0saz", "comment": "http://imgur.com/KrVymtE", "date": "2015-08-09 13:15:15", "seriesname": "g1231_ctx0saz", "file": "/media/jbrogan4/scratch2/Reddit_Prov_Dataset_v6/_A_Blue_Swimmer_Crab_showing_off_his_claws/g1231_ctx0saz.png", "URL": "http://i.imgur.com/KrVymtE.png", "fileid": "g1231_ctx0saz.png"}, {"id": "g1231_ctwz8jk", "comment": "[Had to be done.](http://imgur.com/MCciQwa)", "date": "2015-08-09 12:26:26", "seriesname": "g1231_ctwz8jk", "file": "/media/jbrogan4/scratch2/Reddit_Prov_Dataset_v6/_A_Blue_Swimmer_Crab_showing_off_his_claws/g1231_ctwz8jk.png", "URL": "http://i.imgur.com/MCciQwa.png", "fileid": "g1231_ctwz8jk.png"}, {"id": "g1231_root", "comment": "", "date": "2015-08-09 10:41:29", "seriesname": "g1231_root", "file": "/media/jbrogan4/scratch2/Reddit_Prov_Dataset_v6/_A_Blue_Swimmer_Crab_showing_off_his_claws/g1231_root.jpg", "URL": "http://i.imgur.com/HSmRgpq.jpg", "fileid": "g1231_root.jpg"}, {"id": "g1231_ctx4e9k", "comment": "[Just another leaning tower pic](http://www.imgur.com/iE7CLxq.jpg) ", "date": "2015-08-09 15:03:11", "seriesname": "g1231_ctx4e9k", "file": "/media/jbrogan4/scratch2/Reddit_Prov_Dataset_v6/_A_Blue_Swimmer_Crab_showing_off_his_claws/g1231_ctx4e9k.jpg", "URL": "http://www.imgur.com/iE7CLxq.jpg", "fileid": "g1231_ctx4e9k.jpg"}], "graph": {"name": "g1231_root"}, "directed": true}