{"links": [{"op": "none", "target": 0, "source": 44}, {"op": "none", "target": 1, "source": 47}, {"op": "none", "target": 2, "source": 47}, {"op": "none", "target": 3, "source": 47}, {"op": "none", "target": 4, "source": 47}, {"op": "none", "target": 5, "source": 19}, {"op": "none", "target": 6, "source": 47}, {"op": "none", "target": 7, "source": 47}, {"op": "none", "target": 8, "source": 47}, {"op": "none", "target": 9, "source": 47}, {"op": "none", "target": 10, "source": 47}, {"op": "none", "target": 11, "source": 47}, {"op": "none", "target": 12, "source": 47}, {"op": "none", "target": 13, "source": 47}, {"op": "none", "target": 14, "source": 47}, {"op": "none", "target": 15, "source": 47}, {"op": "none", "target": 16, "source": 47}, {"op": "none", "target": 17, "source": 47}, {"op": "none", "target": 18, "source": 47}, {"op": "none", "target": 19, "source": 47}, {"op": "none", "target": 20, "source": 47}, {"op": "none", "target": 21, "source": 47}, {"op": "none", "target": 22, "source": 47}, {"op": "none", "target": 23, "source": 47}, {"op": "none", "target": 24, "source": 47}, {"op": "none", "target": 25, "source": 47}, {"op": "none", "target": 26, "source": 47}, {"op": "none", "target": 27, "source": 47}, {"op": "none", "target": 28, "source": 47}, {"op": "none", "target": 29, "source": 47}, {"op": "none", "target": 30, "source": 47}, {"op": "none", "target": 31, "source": 47}, {"op": "none", "target": 32, "source": 29}, {"op": "none", "target": 33, "source": 47}, {"op": "none", "target": 34, "source": 47}, {"op": "none", "target": 35, "source": 47}, {"op": "none", "target": 36, "source": 47}, {"op": "none", "target": 37, "source": 32}, {"op": "none", "target": 38, "source": 47}, {"op": "none", "target": 39, "source": 44}, {"op": "none", "target": 40, "source": 47}, {"op": "none", "target": 41, "source": 47}, {"op": "none", "target": 42, "source": 47}, {"op": "none", "target": 43, "source": 47}, {"op": "none", "target": 44, "source": 47}, {"op": "none", "target": 45, "source": 47}, {"op": "none", "target": 46, "source": 47}], "title": "_Jennifer_Lawrence_playing_basketball", "nodes": [{"id": "g1235_d1bwdo0", "comment": "[Downvoting intensifies.](http://i.imgur.com/HQlNiGy.gif)", "date": "2016-03-24 12:08:11", "seriesname": "g1235_d1bwdo0", "file": "/media/jbrogan4/scratch2/Reddit_Prov_Dataset_v6/_Jennifer_Lawrence_playing_basketball/g1235_d1bwdo0.jpg", "URL": "http://i.imgur.com/HQlNiGy.gif", "fileid": "g1235_d1bwdo0.gif"}, {"id": "g1235_d1bldyg", "comment": "[Finally](http://imgur.com/gcQZtmC)", "date": "2016-03-24 06:16:50", "seriesname": "g1235_d1bldyg", "file": "/media/jbrogan4/scratch2/Reddit_Prov_Dataset_v6/_Jennifer_Lawrence_playing_basketball/g1235_d1bldyg.png", "URL": "http://i.imgur.com/gcQZtmC.png", "fileid": "g1235_d1bldyg.png"}, {"id": "g1235_d1bobhq", "comment": "[Walking Dead](http://i.imgur.com/N5gxidn.jpg)", "date": "2016-03-24 08:40:02", "seriesname": "g1235_d1bobhq", "file": "/media/jbrogan4/scratch2/Reddit_Prov_Dataset_v6/_Jennifer_Lawrence_playing_basketball/g1235_d1bobhq.jpg", "URL": "http://i.imgur.com/N5gxidn.jpg", "fileid": "g1235_d1bobhq.jpg"}, {"id": "g1235_d1bz9gg", "comment": "I'm late to the party as always. [Get the fuck off my court!](http://i.imgur.com/f0qn4XP.jpg)", "date": "2016-03-24 13:10:33", "seriesname": "g1235_d1bz9gg", "file": "/media/jbrogan4/scratch2/Reddit_Prov_Dataset_v6/_Jennifer_Lawrence_playing_basketball/g1235_d1bz9gg.jpg", "URL": "http://i.imgur.com/f0qn4XP.jpg", "fileid": "g1235_d1bz9gg.jpg"}, {"id": "g1235_d1bllca", "comment": "The Hunger Games (deleted footage) http://imgur.com/jlfx1y0.jpg", "date": "2016-03-24 06:29:27", "seriesname": "g1235_d1bllca", "file": "/media/jbrogan4/scratch2/Reddit_Prov_Dataset_v6/_Jennifer_Lawrence_playing_basketball/g1235_d1bllca.jpg", "URL": "http://imgur.com/jlfx1y0.jpg", "fileid": "g1235_d1bllca.jpg"}, {"id": "g1235_d1c2c4y", "comment": "http://imgur.com/gallery/Up8Df3T", "date": "2016-03-24 14:17:48", "seriesname": "g1235_d1c2c4y", "file": "/media/jbrogan4/scratch2/Reddit_Prov_Dataset_v6/_Jennifer_Lawrence_playing_basketball/g1235_d1c2c4y.png", "URL": "http://i.imgur.com/Up8Df3T.png", "fileid": "g1235_d1c2c4y.png"}, {"id": "g1235_d1bkoo0", "comment": "http://i.imgur.com/yOXmUeA.jpg", "date": "2016-03-24 05:29:42", "seriesname": "g1235_d1bkoo0", "file": "/media/jbrogan4/scratch2/Reddit_Prov_Dataset_v6/_Jennifer_Lawrence_playing_basketball/g1235_d1bkoo0.jpg", "URL": "http://i.imgur.com/yOXmUeA.jpg", "fileid": "g1235_d1bkoo0.jpg"}, {"id": "g1235_d1bv00m", "comment": "Part 2 of\n\n[I don't know why I made this](http://i.imgur.com/OGdzteF.jpg)", "date": "2016-03-24 11:37:48", "seriesname": "g1235_d1bv00m", "file": "/media/jbrogan4/scratch2/Reddit_Prov_Dataset_v6/_Jennifer_Lawrence_playing_basketball/g1235_d1bv00m.jpg", "URL": "http://i.imgur.com/OGdzteF.jpg", "fileid": "g1235_d1bv00m.jpg"}, {"id": "g1235_d1bttch", "comment": "It's probably already been done but hey:\n\n[Look, up in the sky! It's a bird! It's a plane! No, it's...](http://i.imgur.com/u0acLDG.jpg)", "date": "2016-03-24 11:10:32", "seriesname": "g1235_d1bttch", "file": "/media/jbrogan4/scratch2/Reddit_Prov_Dataset_v6/_Jennifer_Lawrence_playing_basketball/g1235_d1bttch.jpg", "URL": "http://i.imgur.com/u0acLDG.jpg", "fileid": "g1235_d1bttch.jpg"}, {"id": "g1235_d1bmbua", "comment": "[Basketball playing Jennifer Lawrence](http://i.imgur.com/ge2ag0R.jpg)", "date": "2016-03-24 07:11:57", "seriesname": "g1235_d1bmbua", "file": "/media/jbrogan4/scratch2/Reddit_Prov_Dataset_v6/_Jennifer_Lawrence_playing_basketball/g1235_d1bmbua.jpg", "URL": "http://i.imgur.com/ge2ag0R.jpg", "fileid": "g1235_d1bmbua.jpg"}, {"id": "g1235_d1bswsg", "comment": "[OCD!](http://i.imgur.com/pzwEa59.jpg)", "date": "2016-03-24 10:49:05", "seriesname": "g1235_d1bswsg", "file": "/media/jbrogan4/scratch2/Reddit_Prov_Dataset_v6/_Jennifer_Lawrence_playing_basketball/g1235_d1bswsg.jpg", "URL": "http://i.imgur.com/pzwEa59.jpg", "fileid": "g1235_d1bswsg.jpg"}, {"id": "g1235_d1cbpf0", "comment": "[JLAWS](http://i.imgur.com/7ByfG1I.jpg?1)", "date": "2016-03-24 17:52:02", "seriesname": "g1235_d1cbpf0", "file": "/media/jbrogan4/scratch2/Reddit_Prov_Dataset_v6/_Jennifer_Lawrence_playing_basketball/g1235_d1cbpf0.jpg", "URL": "http://i.imgur.com/7ByfG1I.jpg?1", "fileid": "g1235_d1cbpf0.jpg"}, {"id": "g1235_d1cc4oy", "comment": "[Mein F\u00fchrer! I can play!!!](http://imgur.com/t0RBHun)", "date": "2016-03-24 18:02:43", "seriesname": "g1235_d1cc4oy", "file": "/media/jbrogan4/scratch2/Reddit_Prov_Dataset_v6/_Jennifer_Lawrence_playing_basketball/g1235_d1cc4oy.png", "URL": "http://i.imgur.com/t0RBHun.png", "fileid": "g1235_d1cc4oy.png"}, {"id": "g1235_d1bpurl", "comment": "http://i.imgur.com/TOT6Vbl.jpg", "date": "2016-03-24 09:29:19", "seriesname": "g1235_d1bpurl", "file": "/media/jbrogan4/scratch2/Reddit_Prov_Dataset_v6/_Jennifer_Lawrence_playing_basketball/g1235_d1bpurl.jpg", "URL": "http://i.imgur.com/TOT6Vbl.jpg", "fileid": "g1235_d1bpurl.jpg"}, {"id": "g1235_d1bpbx1", "comment": "[The ball has changed to...](http://i.imgur.com/5vrv6Zp.jpg)", "date": "2016-03-24 09:13:52", "seriesname": "g1235_d1bpbx1", "file": "/media/jbrogan4/scratch2/Reddit_Prov_Dataset_v6/_Jennifer_Lawrence_playing_basketball/g1235_d1bpbx1.jpg", "URL": "http://i.imgur.com/5vrv6Zp.jpg", "fileid": "g1235_d1bpbx1.jpg"}, {"id": "g1235_d1bqjk4", "comment": "[I can play basketball!](http://i.imgur.com/gD6DchE.png)\n\nEdit: [Playin' with my friends!](http://i.imgur.com/e7xjQn9.png)", "date": "2016-03-24 09:48:42", "seriesname": "g1235_d1bqjk4", "file": "/media/jbrogan4/scratch2/Reddit_Prov_Dataset_v6/_Jennifer_Lawrence_playing_basketball/g1235_d1bqjk4.png", "URL": "http://i.imgur.com/e7xjQn9.png", "fileid": "g1235_d1bqjk4.png"}, {"id": "g1235_d1bv8un", "comment": "[safety first](http://i.imgur.com/qdnVtIp.jpg)", "date": "2016-03-24 11:43:13", "seriesname": "g1235_d1bv8un", "file": "/media/jbrogan4/scratch2/Reddit_Prov_Dataset_v6/_Jennifer_Lawrence_playing_basketball/g1235_d1bv8un.jpg", "URL": "http://i.imgur.com/qdnVtIp.jpg", "fileid": "g1235_d1bv8un.jpg"}, {"id": "g1235_d1bo6oa", "comment": "[Belly Swap](http://i.imgur.com/0yPQ46G.jpg)", "date": "2016-03-24 08:35:14", "seriesname": "g1235_d1bo6oa", "file": "/media/jbrogan4/scratch2/Reddit_Prov_Dataset_v6/_Jennifer_Lawrence_playing_basketball/g1235_d1bo6oa.jpg", "URL": "http://i.imgur.com/0yPQ46G.jpg", "fileid": "g1235_d1bo6oa.jpg"}, {"id": "g1235_d1brs72", "comment": "[Obligatory head swap](https://media.giphy.com/media/3osxY3bPYTbXAZLnLG/giphy.gif)", "date": "2016-03-24 10:21:37", "seriesname": "g1235_d1brs72", "file": "/media/jbrogan4/scratch2/Reddit_Prov_Dataset_v6/_Jennifer_Lawrence_playing_basketball/g1235_d1brs72.jpg", "URL": "https://media.giphy.com/media/3osxY3bPYTbXAZLnLG/giphy.gif", "fileid": "g1235_d1brs72.gif"}, {"id": "g1235_d1bl57h", "comment": "My very first photoshop attempt\n\n[Why have you forsaken me, father?](http://imgur.com/9KL5c5f)", "date": "2016-03-24 06:00:40", "seriesname": "g1235_d1bl57h", "file": "/media/jbrogan4/scratch2/Reddit_Prov_Dataset_v6/_Jennifer_Lawrence_playing_basketball/g1235_d1bl57h.png", "URL": "http://i.imgur.com/9KL5c5f.png", "fileid": "g1235_d1bl57h.png"}, {"id": "g1235_d1bnlfa", "comment": "On the playground was where I spent most of my days\nChillin' out maxin' relaxin' all cool\nAnd all shooting some b-ball outside of the school...\n:)\n\n\nhttp://i.imgur.com/xahJsYA.jpg", "date": "2016-03-24 08:12:25", "seriesname": "g1235_d1bnlfa", "file": "/media/jbrogan4/scratch2/Reddit_Prov_Dataset_v6/_Jennifer_Lawrence_playing_basketball/g1235_d1bnlfa.jpg", "URL": "http://i.imgur.com/xahJsYA.jpg", "fileid": "g1235_d1bnlfa.jpg"}, {"id": "g1235_d1bpu7n", "comment": "[I really don't know why I did this](http://i.imgur.com/R0RNNXW.jpg)\n\nEDIT: [These limbs aren't very useful](http://i.imgur.com/ULlmZn2.jpg)", "date": "2016-03-24 09:28:53", "seriesname": "g1235_d1bpu7n", "file": "/media/jbrogan4/scratch2/Reddit_Prov_Dataset_v6/_Jennifer_Lawrence_playing_basketball/g1235_d1bpu7n.jpg", "URL": "http://i.imgur.com/ULlmZn2.jpg", "fileid": "g1235_d1bpu7n.jpg"}, {"id": "g1235_d1bw9uj", "comment": "http://i.imgur.com/heqdoCo.png\nI tried", "date": "2016-03-24 12:05:49", "seriesname": "g1235_d1bw9uj", "file": "/media/jbrogan4/scratch2/Reddit_Prov_Dataset_v6/_Jennifer_Lawrence_playing_basketball/g1235_d1bw9uj.png", "URL": "http://i.imgur.com/heqdoCo.png", "fileid": "g1235_d1bw9uj.png"}, {"id": "g1235_d1bnevu", "comment": "http://i.imgur.com/O9rofyT.jpg", "date": "2016-03-24 08:04:37", "seriesname": "g1235_d1bnevu", "file": "/media/jbrogan4/scratch2/Reddit_Prov_Dataset_v6/_Jennifer_Lawrence_playing_basketball/g1235_d1bnevu.jpg", "URL": "http://i.imgur.com/O9rofyT.jpg", "fileid": "g1235_d1bnevu.jpg"}, {"id": "g1235_d1bnzh8", "comment": "[JLaw want up!](http://i.imgur.com/07MAK4i.jpg)", "date": "2016-03-24 08:27:46", "seriesname": "g1235_d1bnzh8", "file": "/media/jbrogan4/scratch2/Reddit_Prov_Dataset_v6/_Jennifer_Lawrence_playing_basketball/g1235_d1bnzh8.jpg", "URL": "http://i.imgur.com/07MAK4i.jpg", "fileid": "g1235_d1bnzh8.jpg"}, {"id": "g1235_d1buxx3", "comment": "[Ouch!!](http://i.imgur.com/TlZIvTF.jpg)", "date": "2016-03-24 11:36:29", "seriesname": "g1235_d1buxx3", "file": "/media/jbrogan4/scratch2/Reddit_Prov_Dataset_v6/_Jennifer_Lawrence_playing_basketball/g1235_d1buxx3.jpg", "URL": "http://i.imgur.com/TlZIvTF.jpg", "fileid": "g1235_d1buxx3.jpg"}, {"id": "g1235_d1c9mlt", "comment": "LAWRENSTEIN\nhttp://imgur.com/wJ1y6dv", "date": "2016-03-24 17:01:39", "seriesname": "g1235_d1c9mlt", "file": "/media/jbrogan4/scratch2/Reddit_Prov_Dataset_v6/_Jennifer_Lawrence_playing_basketball/g1235_d1c9mlt.png", "URL": "http://i.imgur.com/wJ1y6dv.png", "fileid": "g1235_d1c9mlt.png"}, {"id": "g1235_d1by6qb", "comment": "[She's heating UP!! - NBA JAM (also, this may be my favorite thing I've ever done.) ](http://i.imgur.com/TnvlVYC.jpg)", "date": "2016-03-24 12:47:25", "seriesname": "g1235_d1by6qb", "file": "/media/jbrogan4/scratch2/Reddit_Prov_Dataset_v6/_Jennifer_Lawrence_playing_basketball/g1235_d1by6qb.jpg", "URL": "http://i.imgur.com/TnvlVYC.jpg", "fileid": "g1235_d1by6qb.jpg"}, {"id": "g1235_d1cf0fg", "comment": "[JLaw shooting on White Girls Can't Shoot new project! lol](http://imgur.com/DkhnFqZ) First time posting, long time lurker!", "date": "2016-03-24 19:19:43", "seriesname": "g1235_d1cf0fg", "file": "/media/jbrogan4/scratch2/Reddit_Prov_Dataset_v6/_Jennifer_Lawrence_playing_basketball/g1235_d1cf0fg.png", "URL": "http://i.imgur.com/DkhnFqZ.png", "fileid": "g1235_d1cf0fg.png"}, {"id": "g1235_d1bnha9", "comment": "[Ain't nobody got time for your shit simba.](http://imgur.com/YihkgzQ)", "date": "2016-03-24 08:07:29", "seriesname": "g1235_d1bnha9", "file": "/media/jbrogan4/scratch2/Reddit_Prov_Dataset_v6/_Jennifer_Lawrence_playing_basketball/g1235_d1bnha9.png", "URL": "http://i.imgur.com/YihkgzQ.png", "fileid": "g1235_d1bnha9.png"}, {"id": "g1235_d1bpa9k", "comment": "[This isn't even my final form.](http://i.imgur.com/2PTggp0.jpg)  \n\u25fc\ufe0e\u25fc\ufe0e\u25fc\ufe0e\u25fc\ufe0e\u25fc\ufe0e\u25fc\ufe0e\u25fc\ufe0e\u25fc\ufe0e\u25fc\ufe0e\u25fc\ufe0e\u25fc\ufe0e\u25fc\ufe0e\u25fc\ufe0e\u25fc\ufe0e  \n[Bonus Action!](http://i.imgur.com/I8opXmh.gif)", "date": "2016-03-24 09:12:27", "seriesname": "g1235_d1bpa9k", "file": "/media/jbrogan4/scratch2/Reddit_Prov_Dataset_v6/_Jennifer_Lawrence_playing_basketball/g1235_d1bpa9k.jpg", "URL": "http://i.imgur.com/I8opXmh.gif", "fileid": "g1235_d1bpa9k.gif"}, {"id": "g1235_d1c8uo6", "comment": "[C'mon and slam!](http://imgur.com/4t4suYJ)", "date": "2016-03-24 16:43:37", "seriesname": "g1235_d1c8uo6", "file": "/media/jbrogan4/scratch2/Reddit_Prov_Dataset_v6/_Jennifer_Lawrence_playing_basketball/g1235_d1c8uo6.png", "URL": "http://i.imgur.com/4t4suYJ.png", "fileid": "g1235_d1c8uo6.png"}, {"id": "g1235_d1bv08m", "comment": "[Don't worry Simba I've got time for you x](https://media.giphy.com/media/3o7WTPvmTJqC9M1PVe/giphy.gif)", "date": "2016-03-24 11:37:56", "seriesname": "g1235_d1bv08m", "file": "/media/jbrogan4/scratch2/Reddit_Prov_Dataset_v6/_Jennifer_Lawrence_playing_basketball/g1235_d1bv08m.jpg", "URL": "https://media.giphy.com/media/3o7WTPvmTJqC9M1PVe/giphy.gif", "fileid": "g1235_d1bv08m.gif"}, {"id": "g1235_d1bn99p", "comment": "\nWhite WoMen Can't Jump:)\n\nhttp://i.imgur.com/bSHBLHw.jpg", "date": "2016-03-24 07:57:55", "seriesname": "g1235_d1bn99p", "file": "/media/jbrogan4/scratch2/Reddit_Prov_Dataset_v6/_Jennifer_Lawrence_playing_basketball/g1235_d1bn99p.jpg", "URL": "http://i.imgur.com/bSHBLHw.jpg", "fileid": "g1235_d1bn99p.jpg"}, {"id": "g1235_d1bmptq", "comment": "[Puppeteer](http://i.imgur.com/PXDFVPr.jpg)\n\nThe quality came out more potato than expected but I like the source so that's what I went with :/", "date": "2016-03-24 07:32:30", "seriesname": "g1235_d1bmptq", "file": "/media/jbrogan4/scratch2/Reddit_Prov_Dataset_v6/_Jennifer_Lawrence_playing_basketball/g1235_d1bmptq.jpg", "URL": "http://i.imgur.com/PXDFVPr.jpg", "fileid": "g1235_d1bmptq.jpg"}, {"id": "g1235_d1bx7tw", "comment": "[Not very funny, but it did take me quite some time (and is my very first attempt at this stuff.)](http://imgur.com/eOqJd5Y)", "date": "2016-03-24 12:26:34", "seriesname": "g1235_d1bx7tw", "file": "/media/jbrogan4/scratch2/Reddit_Prov_Dataset_v6/_Jennifer_Lawrence_playing_basketball/g1235_d1bx7tw.png", "URL": "http://i.imgur.com/eOqJd5Y.png", "fileid": "g1235_d1bx7tw.png"}, {"id": "g1235_d1bnh3i", "comment": "[When you try to fit in but it doesn't quite work out](http://i.imgur.com/sY8MSeQ.jpg)\n\nMy second attempt at this battle, now with 50% less potato", "date": "2016-03-24 08:07:14", "seriesname": "g1235_d1bnh3i", "file": "/media/jbrogan4/scratch2/Reddit_Prov_Dataset_v6/_Jennifer_Lawrence_playing_basketball/g1235_d1bnh3i.jpg", "URL": "http://i.imgur.com/sY8MSeQ.jpg", "fileid": "g1235_d1bnh3i.jpg"}, {"id": "g1235_d1cek51", "comment": "http://i.imgur.com/M6gmjZw.gif", "date": "2016-03-24 19:07:37", "seriesname": "g1235_d1cek51", "file": "/media/jbrogan4/scratch2/Reddit_Prov_Dataset_v6/_Jennifer_Lawrence_playing_basketball/g1235_d1cek51.jpg", "URL": "http://i.imgur.com/M6gmjZw.gif", "fileid": "g1235_d1cek51.gif"}, {"id": "g1235_d1bqrtx", "comment": "[Splash!](https://imgur.com/1jnSoPE)", "date": "2016-03-24 09:54:52", "seriesname": "g1235_d1bqrtx", "file": "/media/jbrogan4/scratch2/Reddit_Prov_Dataset_v6/_Jennifer_Lawrence_playing_basketball/g1235_d1bqrtx.png", "URL": "http://i.imgur.com/1jnSoPE.png", "fileid": "g1235_d1bqrtx.png"}, {"id": "g1235_d1bo6qc", "comment": "I humbly present Exhibit A from my pre-NSFW Expectation days: [Kate Upton in yoga pants.](http://i.imgur.com/y8C7ab5.jpg)\n\nExhibit B: [3 different 'shops from the last time this was posted.](http://i.imgur.com/AF8KzMm.jpg)", "date": "2016-03-24 08:35:17", "seriesname": "g1235_d1bo6qc", "file": "/media/jbrogan4/scratch2/Reddit_Prov_Dataset_v6/_Jennifer_Lawrence_playing_basketball/g1235_d1bo6qc.jpg", "URL": "http://i.imgur.com/AF8KzMm.jpg", "fileid": "g1235_d1bo6qc.jpg"}, {"id": "g1235_d1bnw5c", "comment": "[/r/ConfusedBoners](http://i.imgur.com/AJy1IQJ.png)", "date": "2016-03-24 08:24:10", "seriesname": "g1235_d1bnw5c", "file": "/media/jbrogan4/scratch2/Reddit_Prov_Dataset_v6/_Jennifer_Lawrence_playing_basketball/g1235_d1bnw5c.png", "URL": "http://i.imgur.com/AJy1IQJ.png", "fileid": "g1235_d1bnw5c.png"}, {"id": "g1235_d1bq589", "comment": "[Dat Ass](http://i.imgur.com/8xLHS6h.jpg)", "date": "2016-03-24 09:37:34", "seriesname": "g1235_d1bq589", "file": "/media/jbrogan4/scratch2/Reddit_Prov_Dataset_v6/_Jennifer_Lawrence_playing_basketball/g1235_d1bq589.jpg", "URL": "http://i.imgur.com/8xLHS6h.jpg", "fileid": "g1235_d1bq589.jpg"}, {"id": "g1235_d1bv2zw", "comment": "[Mine! Mine! Mine! Cat Battle.](http://i.imgur.com/lyeLOra.jpg)", "date": "2016-03-24 11:39:40", "seriesname": "g1235_d1bv2zw", "file": "/media/jbrogan4/scratch2/Reddit_Prov_Dataset_v6/_Jennifer_Lawrence_playing_basketball/g1235_d1bv2zw.jpg", "URL": "http://i.imgur.com/lyeLOra.jpg", "fileid": "g1235_d1bv2zw.jpg"}, {"id": "g1235_d1bmpet", "comment": "[Doing some cleaning around the house](http://i.imgur.com/LesVJ2P.jpg)", "date": "2016-03-24 07:31:57", "seriesname": "g1235_d1bmpet", "file": "/media/jbrogan4/scratch2/Reddit_Prov_Dataset_v6/_Jennifer_Lawrence_playing_basketball/g1235_d1bmpet.jpg", "URL": "http://i.imgur.com/LesVJ2P.jpg", "fileid": "g1235_d1bmpet.jpg"}, {"id": "g1235_d1bnm86", "comment": "[NSFW Expectations 12](http://i.imgur.com/GXnPtkt.jpg)\n\n[Full album here.](http://imgur.com/a/6pVmX)\n", "date": "2016-03-24 08:13:19", "seriesname": "g1235_d1bnm86", "file": "/media/jbrogan4/scratch2/Reddit_Prov_Dataset_v6/_Jennifer_Lawrence_playing_basketball/g1235_d1bnm86.png", "URL": "http://i.imgur.com/6pVmX.png", "fileid": "g1235_d1bnm86.png"}, {"id": "g1235_d1bscoq", "comment": "[Coz this is THRILLER!](http://i.imgur.com/a7HGxMQ.gif)", "date": "2016-03-24 10:35:44", "seriesname": "g1235_d1bscoq", "file": "/media/jbrogan4/scratch2/Reddit_Prov_Dataset_v6/_Jennifer_Lawrence_playing_basketball/g1235_d1bscoq.jpg", "URL": "http://i.imgur.com/a7HGxMQ.gif", "fileid": "g1235_d1bscoq.gif"}, {"id": "g1235_d1bssjy", "comment": "https://i.imgur.com/cCNnyHq.jpg", "date": "2016-03-24 10:46:16", "seriesname": "g1235_d1bssjy", "file": "/media/jbrogan4/scratch2/Reddit_Prov_Dataset_v6/_Jennifer_Lawrence_playing_basketball/g1235_d1bssjy.jpg", "URL": "https://i.imgur.com/cCNnyHq.jpg", "fileid": "g1235_d1bssjy.jpg"}, {"id": "g1235_root", "comment": "", "date": "2016-03-24 05:16:13", "seriesname": "g1235_root", "file": "/media/jbrogan4/scratch2/Reddit_Prov_Dataset_v6/_Jennifer_Lawrence_playing_basketball/g1235_root.jpg", "URL": "http://i.imgur.com/WYD8L6k.jpg", "fileid": "g1235_root.jpg"}], "graph": {"name": "g1235_root"}, "directed": true}