{"links": [{"op": "none", "target": 0, "source": 61}, {"op": "none", "target": 1, "source": 61}, {"op": "none", "target": 2, "source": 6}, {"op": "none", "target": 3, "source": 61}, {"op": "none", "target": 4, "source": 61}, {"op": "none", "target": 5, "source": 61}, {"op": "none", "target": 6, "source": 11}, {"op": "none", "target": 7, "source": 55}, {"op": "none", "target": 8, "source": 61}, {"op": "none", "target": 9, "source": 61}, {"op": "none", "target": 10, "source": 61}, {"op": "none", "target": 11, "source": 34}, {"op": "none", "target": 12, "source": 13}, {"op": "none", "target": 13, "source": 46}, {"op": "none", "target": 14, "source": 9}, {"op": "none", "target": 15, "source": 61}, {"op": "none", "target": 16, "source": 61}, {"op": "none", "target": 17, "source": 61}, {"op": "none", "target": 18, "source": 61}, {"op": "none", "target": 19, "source": 61}, {"op": "none", "target": 20, "source": 61}, {"op": "none", "target": 21, "source": 43}, {"op": "none", "target": 22, "source": 61}, {"op": "none", "target": 23, "source": 61}, {"op": "none", "target": 24, "source": 61}, {"op": "none", "target": 25, "source": 61}, {"op": "none", "target": 26, "source": 61}, {"op": "none", "target": 27, "source": 2}, {"op": "none", "target": 28, "source": 61}, {"op": "none", "target": 29, "source": 61}, {"op": "none", "target": 30, "source": 61}, {"op": "none", "target": 31, "source": 61}, {"op": "none", "target": 32, "source": 12}, {"op": "none", "target": 33, "source": 61}, {"op": "none", "target": 34, "source": 32}, {"op": "none", "target": 35, "source": 61}, {"op": "none", "target": 36, "source": 61}, {"op": "none", "target": 37, "source": 61}, {"op": "none", "target": 38, "source": 50}, {"op": "none", "target": 39, "source": 61}, {"op": "none", "target": 40, "source": 61}, {"op": "none", "target": 41, "source": 61}, {"op": "none", "target": 42, "source": 61}, {"op": "none", "target": 43, "source": 2}, {"op": "none", "target": 44, "source": 61}, {"op": "none", "target": 45, "source": 61}, {"op": "none", "target": 46, "source": 61}, {"op": "none", "target": 47, "source": 61}, {"op": "none", "target": 48, "source": 61}, {"op": "none", "target": 49, "source": 61}, {"op": "none", "target": 50, "source": 61}, {"op": "none", "target": 51, "source": 61}, {"op": "none", "target": 52, "source": 61}, {"op": "none", "target": 53, "source": 61}, {"op": "none", "target": 54, "source": 59}, {"op": "none", "target": 55, "source": 61}, {"op": "none", "target": 56, "source": 2}, {"op": "none", "target": 57, "source": 61}, {"op": "none", "target": 58, "source": 61}, {"op": "none", "target": 59, "source": 61}, {"op": "none", "target": 60, "source": 61}, {"op": "none", "target": 62, "source": 30}], "title": "_Tiger_standing_next_to_his_keeper", "nodes": [{"id": "g1244_cswajcc", "comment": "[already been done but I spent like twenty minutes on this, so...](http://i.imgur.com/UH9jJqh.jpg)", "date": "2015-07-08 11:57:04", "seriesname": "g1244_cswajcc", "file": "/media/jbrogan4/scratch2/Reddit_Prov_Dataset_v6/_Tiger_standing_next_to_his_keeper/g1244_cswajcc.jpg", "URL": "http://i.imgur.com/UH9jJqh.jpg", "fileid": "g1244_cswajcc.jpg"}, {"id": "g1244_csw8gxa", "comment": "[The true vision of Steven Spielberg can only be experienced in the directors cut.](http://i.imgur.com/rAchVbY.png)", "date": "2015-07-08 11:03:10", "seriesname": "g1244_csw8gxa", "file": "/media/jbrogan4/scratch2/Reddit_Prov_Dataset_v6/_Tiger_standing_next_to_his_keeper/g1244_csw8gxa.png", "URL": "http://i.imgur.com/rAchVbY.png", "fileid": "g1244_csw8gxa.png"}, {"id": "g1244_cswf9fp", "comment": "[It's him, no doubt. Let's go get the bastards.](http://i.imgur.com/qA8z2Tk.jpg)", "date": "2015-07-08 13:52:58", "seriesname": "g1244_cswf9fp", "file": "/media/jbrogan4/scratch2/Reddit_Prov_Dataset_v6/_Tiger_standing_next_to_his_keeper/g1244_cswf9fp.jpg", "URL": "http://i.imgur.com/qA8z2Tk.jpg", "fileid": "g1244_cswf9fp.jpg"}, {"id": "g1244_csw95o0", "comment": "[Best friends](http://i.imgur.com/HmcsbQI.png)", "date": "2015-07-08 11:21:23", "seriesname": "g1244_csw95o0", "file": "/media/jbrogan4/scratch2/Reddit_Prov_Dataset_v6/_Tiger_standing_next_to_his_keeper/g1244_csw95o0.png", "URL": "http://i.imgur.com/HmcsbQI.png", "fileid": "g1244_csw95o0.png"}, {"id": "g1244_cswl4px", "comment": "[a different tiger](http://i.imgur.com/1dTEAl4.jpg)", "date": "2015-07-08 16:11:47", "seriesname": "g1244_cswl4px", "file": "/media/jbrogan4/scratch2/Reddit_Prov_Dataset_v6/_Tiger_standing_next_to_his_keeper/g1244_cswl4px.jpg", "URL": "http://i.imgur.com/1dTEAl4.jpg", "fileid": "g1244_cswl4px.jpg"}, {"id": "g1244_cswe24t", "comment": "[I dont know](http://i.imgur.com/tM17Xst.jpg)&gt; \n", "date": "2015-07-08 13:24:18", "seriesname": "g1244_cswe24t", "file": "/media/jbrogan4/scratch2/Reddit_Prov_Dataset_v6/_Tiger_standing_next_to_his_keeper/g1244_cswe24t.jpg", "URL": "http://i.imgur.com/tM17Xst.jpg)&gt;", "fileid": "g1244_cswe24t.jpg&gt;"}, {"id": "g1244_cswd5oz", "comment": "[This happend on your watch?](http://i.imgur.com/j6FNxUS.png)", "date": "2015-07-08 13:02:34", "seriesname": "g1244_cswd5oz", "file": "/media/jbrogan4/scratch2/Reddit_Prov_Dataset_v6/_Tiger_standing_next_to_his_keeper/g1244_cswd5oz.png", "URL": "http://i.imgur.com/j6FNxUS.png", "fileid": "g1244_cswd5oz.png"}, {"id": "g1244_cswninf", "comment": "[Hmmm, actually.](http://i.imgur.com/7NubzFg.jpg)", "date": "2015-07-08 17:10:16", "seriesname": "g1244_cswninf", "file": "/media/jbrogan4/scratch2/Reddit_Prov_Dataset_v6/_Tiger_standing_next_to_his_keeper/g1244_cswninf.jpg", "URL": "http://i.imgur.com/7NubzFg.jpg", "fileid": "g1244_cswninf.jpg"}, {"id": "g1244_cswo9g8", "comment": "[American tiger](http://i.imgur.com/E23jQZA.jpg)", "date": "2015-07-08 17:29:24", "seriesname": "g1244_cswo9g8", "file": "/media/jbrogan4/scratch2/Reddit_Prov_Dataset_v6/_Tiger_standing_next_to_his_keeper/g1244_cswo9g8.jpg", "URL": "http://i.imgur.com/E23jQZA.jpg", "fileid": "g1244_cswo9g8.jpg"}, {"id": "g1244_cswaudg", "comment": "[Relaxing with the family](http://i.imgur.com/Yju1Y3z.jpg)", "date": "2015-07-08 12:04:55", "seriesname": "g1244_cswaudg", "file": "/media/jbrogan4/scratch2/Reddit_Prov_Dataset_v6/_Tiger_standing_next_to_his_keeper/g1244_cswaudg.jpg", "URL": "http://i.imgur.com/Yju1Y3z.jpg", "fileid": "g1244_cswaudg.jpg"}, {"id": "g1244_cswmcq2", "comment": "[Keanu Tiger](http://i.imgur.com/OeIE7wX.jpg)", "date": "2015-07-08 16:41:22", "seriesname": "g1244_cswmcq2", "file": "/media/jbrogan4/scratch2/Reddit_Prov_Dataset_v6/_Tiger_standing_next_to_his_keeper/g1244_cswmcq2.jpg", "URL": "http://i.imgur.com/OeIE7wX.jpg", "fileid": "g1244_cswmcq2.jpg"}, {"id": "g1244_cswc2p8", "comment": "[I should go to the zoo](http://imgur.com/vPaHC6s)", "date": "2015-07-08 12:36:08", "seriesname": "g1244_cswc2p8", "file": "/media/jbrogan4/scratch2/Reddit_Prov_Dataset_v6/_Tiger_standing_next_to_his_keeper/g1244_cswc2p8.png", "URL": "http://i.imgur.com/vPaHC6s.png", "fileid": "g1244_cswc2p8.png"}, {"id": "g1244_csw8wf4", "comment": "http://i.imgur.com/bmsopwE.jpg", "date": "2015-07-08 11:14:42", "seriesname": "g1244_csw8wf4", "file": "/media/jbrogan4/scratch2/Reddit_Prov_Dataset_v6/_Tiger_standing_next_to_his_keeper/g1244_csw8wf4.jpg", "URL": "http://i.imgur.com/bmsopwE.jpg", "fileid": "g1244_csw8wf4.jpg"}, {"id": "g1244_csw88ay", "comment": "[What the hell happened to Calvin...](http://i.imgur.com/uw2dJ2L.jpg)", "date": "2015-07-08 10:56:35", "seriesname": "g1244_csw88ay", "file": "/media/jbrogan4/scratch2/Reddit_Prov_Dataset_v6/_Tiger_standing_next_to_his_keeper/g1244_csw88ay.jpg", "URL": "http://i.imgur.com/uw2dJ2L.jpg", "fileid": "g1244_csw88ay.jpg"}, {"id": "g1244_cswi62x", "comment": "[Add this one in there somehow?](http://i.imgur.com/awIXj2a.jpg)", "date": "2015-07-08 15:01:36", "seriesname": "g1244_cswi62x", "file": "/media/jbrogan4/scratch2/Reddit_Prov_Dataset_v6/_Tiger_standing_next_to_his_keeper/g1244_cswi62x.jpg", "URL": "http://i.imgur.com/awIXj2a.jpg", "fileid": "g1244_cswi62x.jpg"}, {"id": "g1244_csw6vmq", "comment": "[For fuck's sake Frank...](http://i.imgur.com/lmYnvOi.jpg)", "date": "2015-07-08 10:17:52", "seriesname": "g1244_csw6vmq", "file": "/media/jbrogan4/scratch2/Reddit_Prov_Dataset_v6/_Tiger_standing_next_to_his_keeper/g1244_csw6vmq.jpg", "URL": "http://i.imgur.com/lmYnvOi.jpg", "fileid": "g1244_csw6vmq.jpg"}, {"id": "g1244_cswao5k", "comment": "[Well, one of us is going to have to change](http://i.imgur.com/fPmVQVh.jpg)", "date": "2015-07-08 12:00:31", "seriesname": "g1244_cswao5k", "file": "/media/jbrogan4/scratch2/Reddit_Prov_Dataset_v6/_Tiger_standing_next_to_his_keeper/g1244_cswao5k.jpg", "URL": "http://i.imgur.com/fPmVQVh.jpg", "fileid": "g1244_cswao5k.jpg"}, {"id": "g1244_csw93vi", "comment": "[Wasn't instrested in the milk...](http://imgur.com/0Pyi1vl)", "date": "2015-07-08 11:20:07", "seriesname": "g1244_csw93vi", "file": "/media/jbrogan4/scratch2/Reddit_Prov_Dataset_v6/_Tiger_standing_next_to_his_keeper/g1244_csw93vi.png", "URL": "http://i.imgur.com/0Pyi1vl.png", "fileid": "g1244_csw93vi.png"}, {"id": "g1244_cswjx4x", "comment": "You've really let yourself go Calvin...\n\nhttp://i.imgur.com/fe6szj6.jpg", "date": "2015-07-08 15:42:53", "seriesname": "g1244_cswjx4x", "file": "/media/jbrogan4/scratch2/Reddit_Prov_Dataset_v6/_Tiger_standing_next_to_his_keeper/g1244_cswjx4x.jpg", "URL": "http://i.imgur.com/fe6szj6.jpg", "fileid": "g1244_cswjx4x.jpg"}, {"id": "g1244_cswttt3", "comment": "[For The Watch](http://i.imgur.com/tYUgvd7.jpg)", "date": "2015-07-08 20:05:09", "seriesname": "g1244_cswttt3", "file": "/media/jbrogan4/scratch2/Reddit_Prov_Dataset_v6/_Tiger_standing_next_to_his_keeper/g1244_cswttt3.jpg", "URL": "http://i.imgur.com/tYUgvd7.jpg", "fileid": "g1244_cswttt3.jpg"}, {"id": "g1244_csw8p6f", "comment": "[I should buy a tiger.](http://imgur.com/dUfDgVv)", "date": "2015-07-08 11:09:21", "seriesname": "g1244_csw8p6f", "file": "/media/jbrogan4/scratch2/Reddit_Prov_Dataset_v6/_Tiger_standing_next_to_his_keeper/g1244_csw8p6f.png", "URL": "http://i.imgur.com/dUfDgVv.png", "fileid": "g1244_csw8p6f.png"}, {"id": "g1244_cswkfee", "comment": "http://i.imgur.com/E4UEZ82.jpg", "date": "2015-07-08 15:54:53", "seriesname": "g1244_cswkfee", "file": "/media/jbrogan4/scratch2/Reddit_Prov_Dataset_v6/_Tiger_standing_next_to_his_keeper/g1244_cswkfee.jpg", "URL": "http://i.imgur.com/E4UEZ82.jpg", "fileid": "g1244_cswkfee.jpg"}, {"id": "g1244_cswi6b8", "comment": "[Tiger On Wire] (http://i.imgur.com/uInWWgB.jpg)", "date": "2015-07-08 15:01:46", "seriesname": "g1244_cswi6b8", "file": "/media/jbrogan4/scratch2/Reddit_Prov_Dataset_v6/_Tiger_standing_next_to_his_keeper/g1244_cswi6b8.jpg", "URL": "http://i.imgur.com/uInWWgB.jpg", "fileid": "g1244_cswi6b8.jpg"}, {"id": "g1244_cswl0we", "comment": "[Obedience can be a distraction](http://i.imgur.com/v865VX4.jpg)\n\nEdit:  Thanks /u/spudtatoe for pointing that out. I have no idea how I missed that", "date": "2015-07-08 16:09:15", "seriesname": "g1244_cswl0we", "file": "/media/jbrogan4/scratch2/Reddit_Prov_Dataset_v6/_Tiger_standing_next_to_his_keeper/g1244_cswl0we.jpg", "URL": "http://i.imgur.com/v865VX4.jpg", "fileid": "g1244_cswl0we.jpg"}, {"id": "g1244_csw7skv", "comment": "[BaDOIINNNNG](http://i.imgur.com/0iM6a1Q.jpg)", "date": "2015-07-08 10:44:31", "seriesname": "g1244_csw7skv", "file": "/media/jbrogan4/scratch2/Reddit_Prov_Dataset_v6/_Tiger_standing_next_to_his_keeper/g1244_csw7skv.jpg", "URL": "http://i.imgur.com/0iM6a1Q.jpg", "fileid": "g1244_csw7skv.jpg"}, {"id": "g1244_csw95z2", "comment": "http://imgur.com/fktAcx6", "date": "2015-07-08 11:21:36", "seriesname": "g1244_csw95z2", "file": "/media/jbrogan4/scratch2/Reddit_Prov_Dataset_v6/_Tiger_standing_next_to_his_keeper/g1244_csw95z2.png", "URL": "http://i.imgur.com/fktAcx6.png", "fileid": "g1244_csw95z2.png"}, {"id": "g1244_cswvzrj", "comment": "[Working 9 to 5](http://imgur.com/gZCRYB1)", "date": "2015-07-08 21:07:57", "seriesname": "g1244_cswvzrj", "file": "/media/jbrogan4/scratch2/Reddit_Prov_Dataset_v6/_Tiger_standing_next_to_his_keeper/g1244_cswvzrj.png", "URL": "http://i.imgur.com/gZCRYB1.png", "fileid": "g1244_cswvzrj.png"}, {"id": "g1244_cswgz5d", "comment": "[Here we go again. The annual bomb threat from NK.](http://i.imgur.com/bKDcIcw.jpg)", "date": "2015-07-08 14:33:45", "seriesname": "g1244_cswgz5d", "file": "/media/jbrogan4/scratch2/Reddit_Prov_Dataset_v6/_Tiger_standing_next_to_his_keeper/g1244_cswgz5d.jpg", "URL": "http://i.imgur.com/bKDcIcw.jpg", "fileid": "g1244_cswgz5d.jpg"}, {"id": "g1244_csw8iep", "comment": "[Stand up!](https://i.imgur.com/osI7QzJ.jpg)", "date": "2015-07-08 11:04:18", "seriesname": "g1244_csw8iep", "file": "/media/jbrogan4/scratch2/Reddit_Prov_Dataset_v6/_Tiger_standing_next_to_his_keeper/g1244_csw8iep.jpg", "URL": "https://i.imgur.com/osI7QzJ.jpg", "fileid": "g1244_csw8iep.jpg"}, {"id": "g1244_csw9e28", "comment": "[Tigers standing next to their keeper.](http://i.imgur.com/ctMYX76.jpg)\n\nEDIT:[One keeper just wasn't enough](http://i.imgur.com/9rfYCX8.jpg)", "date": "2015-07-08 11:27:28", "seriesname": "g1244_csw9e28", "file": "/media/jbrogan4/scratch2/Reddit_Prov_Dataset_v6/_Tiger_standing_next_to_his_keeper/g1244_csw9e28.jpg", "URL": "http://i.imgur.com/9rfYCX8.jpg", "fileid": "g1244_csw9e28.jpg"}, {"id": "g1244_cswg6l5", "comment": "[anyone remember this guy?](http://imgur.com/iYy3D7s)", "date": "2015-07-08 14:15:05", "seriesname": "g1244_cswg6l5", "file": "/media/jbrogan4/scratch2/Reddit_Prov_Dataset_v6/_Tiger_standing_next_to_his_keeper/g1244_cswg6l5.png", "URL": "http://i.imgur.com/iYy3D7s.png", "fileid": "g1244_cswg6l5.png"}, {"id": "g1244_cswd1zv", "comment": "[Tigger standing next to a human version of Winnie-the-Pooh](http://i.imgur.com/8geb2Hz.jpg)", "date": "2015-07-08 13:00:01", "seriesname": "g1244_cswd1zv", "file": "/media/jbrogan4/scratch2/Reddit_Prov_Dataset_v6/_Tiger_standing_next_to_his_keeper/g1244_cswd1zv.jpg", "URL": "http://i.imgur.com/8geb2Hz.jpg", "fileid": "g1244_cswd1zv.jpg"}, {"id": "g1244_csw9dl5", "comment": "http://i.imgur.com/UZVUVD4.jpg", "date": "2015-07-08 11:27:07", "seriesname": "g1244_csw9dl5", "file": "/media/jbrogan4/scratch2/Reddit_Prov_Dataset_v6/_Tiger_standing_next_to_his_keeper/g1244_csw9dl5.jpg", "URL": "http://i.imgur.com/UZVUVD4.jpg", "fileid": "g1244_csw9dl5.jpg"}, {"id": "g1244_csw8skg", "comment": "[Tiger World](http://imgur.com/OAS10Tz)", "date": "2015-07-08 11:11:53", "seriesname": "g1244_csw8skg", "file": "/media/jbrogan4/scratch2/Reddit_Prov_Dataset_v6/_Tiger_standing_next_to_his_keeper/g1244_csw8skg.png", "URL": "http://i.imgur.com/OAS10Tz.png", "fileid": "g1244_csw8skg.png"}, {"id": "g1244_csw9x8q", "comment": "http://i.imgur.com/SvqbOyl.jpg\n\n*edit - fixed it after /u/temporaryuser1000's suggestion*", "date": "2015-07-08 11:41:21", "seriesname": "g1244_csw9x8q", "file": "/media/jbrogan4/scratch2/Reddit_Prov_Dataset_v6/_Tiger_standing_next_to_his_keeper/g1244_csw9x8q.jpg", "URL": "http://i.imgur.com/SvqbOyl.jpg", "fileid": "g1244_csw9x8q.jpg"}, {"id": "g1244_cswk2j2", "comment": "[Eyes on me, ranger...eyes on me.](http://i.imgur.com/GbMSTuw.jpg)", "date": "2015-07-08 15:46:27", "seriesname": "g1244_cswk2j2", "file": "/media/jbrogan4/scratch2/Reddit_Prov_Dataset_v6/_Tiger_standing_next_to_his_keeper/g1244_cswk2j2.jpg", "URL": "http://i.imgur.com/GbMSTuw.jpg", "fileid": "g1244_cswk2j2.jpg"}, {"id": "g1244_cswg7ua", "comment": "[biology class just got a lil bit akward](http://i.imgur.com/hvvyDT6.jpg)", "date": "2015-07-08 14:15:55", "seriesname": "g1244_cswg7ua", "file": "/media/jbrogan4/scratch2/Reddit_Prov_Dataset_v6/_Tiger_standing_next_to_his_keeper/g1244_cswg7ua.jpg", "URL": "http://i.imgur.com/hvvyDT6.jpg", "fileid": "g1244_cswg7ua.jpg"}, {"id": "g1244_csw9j0o", "comment": "[fired tiger is sad](http://i.imgur.com/aHDkBTW.jpg)", "date": "2015-07-08 11:31:04", "seriesname": "g1244_csw9j0o", "file": "/media/jbrogan4/scratch2/Reddit_Prov_Dataset_v6/_Tiger_standing_next_to_his_keeper/g1244_csw9j0o.jpg", "URL": "http://i.imgur.com/aHDkBTW.jpg", "fileid": "g1244_csw9j0o.jpg"}, {"id": "g1244_csww5qt", "comment": "[Made me think of this farside panel]( https://s-media-cache-ak0.pinimg.com/736x/58/05/b8/5805b89d4d9ddc3896b8b971ed85a9f1.jpg)", "date": "2015-07-08 21:12:48", "seriesname": "g1244_csww5qt", "file": "/media/jbrogan4/scratch2/Reddit_Prov_Dataset_v6/_Tiger_standing_next_to_his_keeper/g1244_csww5qt.jpg", "URL": "https://s-media-cache-ak0.pinimg.com/736x/58/05/b8/5805b89d4d9ddc3896b8b971ed85a9f1.jpg", "fileid": "g1244_csww5qt.jpg"}, {"id": "g1244_cswdir4", "comment": "[I'm just filling in for the day](http://i.imgur.com/xKAT8t4.jpg)", "date": "2015-07-08 13:11:27", "seriesname": "g1244_cswdir4", "file": "/media/jbrogan4/scratch2/Reddit_Prov_Dataset_v6/_Tiger_standing_next_to_his_keeper/g1244_cswdir4.jpg", "URL": "http://i.imgur.com/xKAT8t4.jpg", "fileid": "g1244_cswdir4.jpg"}, {"id": "g1244_csw7wz5", "comment": "[It's a jungle out there](http://i.imgur.com/ucou8g1.png)", "date": "2015-07-08 10:47:52", "seriesname": "g1244_csw7wz5", "file": "/media/jbrogan4/scratch2/Reddit_Prov_Dataset_v6/_Tiger_standing_next_to_his_keeper/g1244_csw7wz5.png", "URL": "http://i.imgur.com/ucou8g1.png", "fileid": "g1244_csw7wz5.png"}, {"id": "g1244_csw6uw9", "comment": "http://i.imgur.com/smCS6GH.jpg?1", "date": "2015-07-08 10:17:13", "seriesname": "g1244_csw6uw9", "file": "/media/jbrogan4/scratch2/Reddit_Prov_Dataset_v6/_Tiger_standing_next_to_his_keeper/g1244_csw6uw9.jpg", "URL": "http://i.imgur.com/smCS6GH.jpg?1", "fileid": "g1244_csw6uw9.jpg"}, {"id": "g1244_cswzwnr", "comment": "Did you get that hole-in-one you promised, Tiger? \n\nhttp://imgur.com/iXV6Ezs", "date": "2015-07-08 22:58:19", "seriesname": "g1244_cswzwnr", "file": "/media/jbrogan4/scratch2/Reddit_Prov_Dataset_v6/_Tiger_standing_next_to_his_keeper/g1244_cswzwnr.png", "URL": "http://i.imgur.com/iXV6Ezs.png", "fileid": "g1244_cswzwnr.png"}, {"id": "g1244_cswi41f", "comment": "[Wait a minute...](http://i.imgur.com/cczQwhz.png)", "date": "2015-07-08 15:00:17", "seriesname": "g1244_cswi41f", "file": "/media/jbrogan4/scratch2/Reddit_Prov_Dataset_v6/_Tiger_standing_next_to_his_keeper/g1244_cswi41f.png", "URL": "http://i.imgur.com/cczQwhz.png", "fileid": "g1244_cswi41f.png"}, {"id": "g1244_cswx3z2", "comment": "[Tiger](http://imgur.com/zTOMxX1)", "date": "2015-07-08 21:40:08", "seriesname": "g1244_cswx3z2", "file": "/media/jbrogan4/scratch2/Reddit_Prov_Dataset_v6/_Tiger_standing_next_to_his_keeper/g1244_cswx3z2.png", "URL": "http://i.imgur.com/zTOMxX1.png", "fileid": "g1244_cswx3z2.png"}, {"id": "g1244_cswatyq", "comment": "[He's actually quite famous](http://i.imgur.com/gWzubeR.png)", "date": "2015-07-08 12:04:38", "seriesname": "g1244_cswatyq", "file": "/media/jbrogan4/scratch2/Reddit_Prov_Dataset_v6/_Tiger_standing_next_to_his_keeper/g1244_cswatyq.png", "URL": "http://i.imgur.com/gWzubeR.png", "fileid": "g1244_cswatyq.png"}, {"id": "g1244_csw76qg", "comment": "[Don't just stand there Hobbs...](http://imgur.com/gRbjP8E)", "date": "2015-07-08 10:27:14", "seriesname": "g1244_csw76qg", "file": "/media/jbrogan4/scratch2/Reddit_Prov_Dataset_v6/_Tiger_standing_next_to_his_keeper/g1244_csw76qg.png", "URL": "http://i.imgur.com/gRbjP8E.png", "fileid": "g1244_csw76qg.png"}, {"id": "g1244_cswrs2n", "comment": "[I just had to fix it.](http://i.imgur.com/L1XZHid.jpg)", "date": "2015-07-08 19:05:15", "seriesname": "g1244_cswrs2n", "file": "/media/jbrogan4/scratch2/Reddit_Prov_Dataset_v6/_Tiger_standing_next_to_his_keeper/g1244_cswrs2n.jpg", "URL": "http://i.imgur.com/L1XZHid.jpg", "fileid": "g1244_cswrs2n.jpg"}, {"id": "g1244_cswhpsp", "comment": "[Welcome to the ~~Circus!~~ Walmart...](http://i.imgur.com/Nl63PwX.jpg)", "date": "2015-07-08 14:51:10", "seriesname": "g1244_cswhpsp", "file": "/media/jbrogan4/scratch2/Reddit_Prov_Dataset_v6/_Tiger_standing_next_to_his_keeper/g1244_cswhpsp.jpg", "URL": "http://i.imgur.com/Nl63PwX.jpg", "fileid": "g1244_cswhpsp.jpg"}, {"id": "g1244_cswnblz", "comment": "[Is that milk?](http://i.imgur.com/C6HQrKg.png)", "date": "2015-07-08 17:05:21", "seriesname": "g1244_cswnblz", "file": "/media/jbrogan4/scratch2/Reddit_Prov_Dataset_v6/_Tiger_standing_next_to_his_keeper/g1244_cswnblz.png", "URL": "http://i.imgur.com/C6HQrKg.png", "fileid": "g1244_cswnblz.png"}, {"id": "g1244_cswb1v5", "comment": "[This doesn't seem right...](http://i.imgur.com/RKqfxx4.jpg)", "date": "2015-07-08 12:10:11", "seriesname": "g1244_cswb1v5", "file": "/media/jbrogan4/scratch2/Reddit_Prov_Dataset_v6/_Tiger_standing_next_to_his_keeper/g1244_cswb1v5.jpg", "URL": "http://i.imgur.com/RKqfxx4.jpg", "fileid": "g1244_cswb1v5.jpg"}, {"id": "g1244_csw8o2p", "comment": "[Escape the Zoo and get a job they said...](http://i.imgur.com/G5ofBv6.jpg)", "date": "2015-07-08 11:08:32", "seriesname": "g1244_csw8o2p", "file": "/media/jbrogan4/scratch2/Reddit_Prov_Dataset_v6/_Tiger_standing_next_to_his_keeper/g1244_csw8o2p.jpg", "URL": "http://i.imgur.com/G5ofBv6.jpg", "fileid": "g1244_csw8o2p.jpg"}, {"id": "g1244_cswh3dt", "comment": "[So sorry for interrupting](http://i.imgur.com/qqss8CK.jpg)", "date": "2015-07-08 14:36:35", "seriesname": "g1244_cswh3dt", "file": "/media/jbrogan4/scratch2/Reddit_Prov_Dataset_v6/_Tiger_standing_next_to_his_keeper/g1244_cswh3dt.jpg", "URL": "http://i.imgur.com/qqss8CK.jpg", "fileid": "g1244_cswh3dt.jpg"}, {"id": "g1244_cswzw8t", "comment": "My First time on PsBattle:\n[You Shall Not Pass](http://i.imgur.com/VoY953P.jpg)", "date": "2015-07-08 22:57:59", "seriesname": "g1244_cswzw8t", "file": "/media/jbrogan4/scratch2/Reddit_Prov_Dataset_v6/_Tiger_standing_next_to_his_keeper/g1244_cswzw8t.jpg", "URL": "http://i.imgur.com/VoY953P.jpg", "fileid": "g1244_cswzw8t.jpg"}, {"id": "g1244_cswafhw", "comment": "[Day 1 - Being Human kicks ass](http://i.imgur.com/lHjBLO8.jpg)", "date": "2015-07-08 11:54:22", "seriesname": "g1244_cswafhw", "file": "/media/jbrogan4/scratch2/Reddit_Prov_Dataset_v6/_Tiger_standing_next_to_his_keeper/g1244_cswafhw.jpg", "URL": "http://i.imgur.com/lHjBLO8.jpg", "fileid": "g1244_cswafhw.jpg"}, {"id": "g1244_cswbgp9", "comment": "[Tiger standing next to his keeper](http://i.imgur.com/qxszHcT.jpg)", "date": "2015-07-08 12:20:40", "seriesname": "g1244_cswbgp9", "file": "/media/jbrogan4/scratch2/Reddit_Prov_Dataset_v6/_Tiger_standing_next_to_his_keeper/g1244_cswbgp9.jpg", "URL": "http://i.imgur.com/qxszHcT.jpg", "fileid": "g1244_cswbgp9.jpg"}, {"id": "g1244_cswhpmc", "comment": "[Busted](http://i.imgur.com/UQ3Og2I.jpg)", "date": "2015-07-08 14:51:03", "seriesname": "g1244_cswhpmc", "file": "/media/jbrogan4/scratch2/Reddit_Prov_Dataset_v6/_Tiger_standing_next_to_his_keeper/g1244_cswhpmc.jpg", "URL": "http://i.imgur.com/UQ3Og2I.jpg", "fileid": "g1244_cswhpmc.jpg"}, {"id": "g1244_cswdvzq", "comment": "[Wanted A Hit] (http://i.imgur.com/fRJ2TFC.jpg)", "date": "2015-07-08 13:20:17", "seriesname": "g1244_cswdvzq", "file": "/media/jbrogan4/scratch2/Reddit_Prov_Dataset_v6/_Tiger_standing_next_to_his_keeper/g1244_cswdvzq.jpg", "URL": "http://i.imgur.com/fRJ2TFC.jpg", "fileid": "g1244_cswdvzq.jpg"}, {"id": "g1244_cswd4or", "comment": "[Officer, I told you, I've got nothin on me](http://i.imgur.com/citz2bz.jpg)", "date": "2015-07-08 13:01:52", "seriesname": "g1244_cswd4or", "file": "/media/jbrogan4/scratch2/Reddit_Prov_Dataset_v6/_Tiger_standing_next_to_his_keeper/g1244_cswd4or.jpg", "URL": "http://i.imgur.com/citz2bz.jpg", "fileid": "g1244_cswd4or.jpg"}, {"id": "g1244_csw98su", "comment": "[Just a regular human person at work](http://i.imgur.com/BZVybrs.jpg)", "date": "2015-07-08 11:23:39", "seriesname": "g1244_csw98su", "file": "/media/jbrogan4/scratch2/Reddit_Prov_Dataset_v6/_Tiger_standing_next_to_his_keeper/g1244_csw98su.jpg", "URL": "http://i.imgur.com/BZVybrs.jpg", "fileid": "g1244_csw98su.jpg"}, {"id": "g1244_cswfhsb", "comment": "[Next...](http://i.imgur.com/plmwzCr.png)", "date": "2015-07-08 13:58:21", "seriesname": "g1244_cswfhsb", "file": "/media/jbrogan4/scratch2/Reddit_Prov_Dataset_v6/_Tiger_standing_next_to_his_keeper/g1244_cswfhsb.png", "URL": "http://i.imgur.com/plmwzCr.png", "fileid": "g1244_cswfhsb.png"}, {"id": "g1244_root", "comment": "", "date": "2015-07-08 09:40:52", "seriesname": "g1244_root", "file": "/media/jbrogan4/scratch2/Reddit_Prov_Dataset_v6/_Tiger_standing_next_to_his_keeper/g1244_root.jpg", "URL": "http://i.imgur.com/TM4lpVq.jpg", "fileid": "g1244_root.jpg"}, {"id": "g1244_cswgizz", "comment": "[edit](http://imgur.com/oyht3me)", "date": "2015-07-08 14:23:11", "seriesname": "g1244_cswgizz", "file": "/media/jbrogan4/scratch2/Reddit_Prov_Dataset_v6/_Tiger_standing_next_to_his_keeper/g1244_cswgizz.png", "URL": "http://i.imgur.com/oyht3me.png", "fileid": "g1244_cswgizz.png"}], "graph": {"name": "g1244_root"}, "directed": true}