{"links": [{"op": "none", "target": 0, "source": 54}, {"op": "none", "target": 1, "source": 40}, {"op": "none", "target": 2, "source": 54}, {"op": "none", "target": 3, "source": 54}, {"op": "none", "target": 4, "source": 54}, {"op": "none", "target": 5, "source": 23}, {"op": "none", "target": 6, "source": 54}, {"op": "none", "target": 7, "source": 54}, {"op": "none", "target": 8, "source": 54}, {"op": "none", "target": 9, "source": 54}, {"op": "none", "target": 10, "source": 54}, {"op": "none", "target": 11, "source": 36}, {"op": "none", "target": 12, "source": 54}, {"op": "none", "target": 13, "source": 54}, {"op": "none", "target": 14, "source": 54}, {"op": "none", "target": 15, "source": 54}, {"op": "none", "target": 16, "source": 2}, {"op": "none", "target": 17, "source": 54}, {"op": "none", "target": 18, "source": 54}, {"op": "none", "target": 19, "source": 54}, {"op": "none", "target": 20, "source": 54}, {"op": "none", "target": 21, "source": 54}, {"op": "none", "target": 22, "source": 54}, {"op": "none", "target": 23, "source": 50}, {"op": "none", "target": 24, "source": 21}, {"op": "none", "target": 25, "source": 54}, {"op": "none", "target": 26, "source": 54}, {"op": "none", "target": 27, "source": 54}, {"op": "none", "target": 28, "source": 54}, {"op": "none", "target": 29, "source": 54}, {"op": "none", "target": 30, "source": 54}, {"op": "none", "target": 31, "source": 54}, {"op": "none", "target": 32, "source": 54}, {"op": "none", "target": 33, "source": 54}, {"op": "none", "target": 34, "source": 54}, {"op": "none", "target": 35, "source": 54}, {"op": "none", "target": 36, "source": 54}, {"op": "none", "target": 37, "source": 54}, {"op": "none", "target": 38, "source": 54}, {"op": "none", "target": 39, "source": 54}, {"op": "none", "target": 40, "source": 54}, {"op": "none", "target": 41, "source": 54}, {"op": "none", "target": 42, "source": 54}, {"op": "none", "target": 43, "source": 54}, {"op": "none", "target": 44, "source": 54}, {"op": "none", "target": 45, "source": 54}, {"op": "none", "target": 46, "source": 31}, {"op": "none", "target": 47, "source": 54}, {"op": "none", "target": 48, "source": 54}, {"op": "none", "target": 49, "source": 55}, {"op": "none", "target": 50, "source": 54}, {"op": "none", "target": 51, "source": 54}, {"op": "none", "target": 52, "source": 54}, {"op": "none", "target": 53, "source": 54}, {"op": "none", "target": 55, "source": 54}], "title": "_My_friend_after_hitting_a_half_court_shot_and_winning_$10,000", "nodes": [{"id": "g1246_co88qea", "comment": "[get off the way!](http://i.imgur.com/390Zz0D.jpg)", "date": "2015-02-01 20:05:18", "seriesname": "g1246_co88qea", "file": "/media/jbrogan4/scratch2/Reddit_Prov_Dataset_v6/_My_friend_after_hitting_a_half_court_shot_and_winning_$10,000/g1246_co88qea.jpg", "URL": "http://i.imgur.com/390Zz0D.jpg", "fileid": "g1246_co88qea.jpg"}, {"id": "g1246_co8i9fv", "comment": "http://i.imgur.com/IJZ0EEK.jpg", "date": "2015-02-02 01:22:36", "seriesname": "g1246_co8i9fv", "file": "/media/jbrogan4/scratch2/Reddit_Prov_Dataset_v6/_My_friend_after_hitting_a_half_court_shot_and_winning_$10,000/g1246_co8i9fv.jpg", "URL": "http://i.imgur.com/IJZ0EEK.jpg", "fileid": "g1246_co8i9fv.jpg"}, {"id": "g1246_co8feek", "comment": "[Sasquatch is real](http://i.imgur.com/tqbkWoC.jpg)", "date": "2015-02-01 23:33:14", "seriesname": "g1246_co8feek", "file": "/media/jbrogan4/scratch2/Reddit_Prov_Dataset_v6/_My_friend_after_hitting_a_half_court_shot_and_winning_$10,000/g1246_co8feek.jpg", "URL": "http://i.imgur.com/tqbkWoC.jpg", "fileid": "g1246_co8feek.jpg"}, {"id": "g1246_co8e1ry", "comment": "[I told them to \"get off the plane, bitches!\" and they did! Woohoo!](http://i.imgur.com/XLVCP6O.jpg)", "date": "2015-02-01 22:48:31", "seriesname": "g1246_co8e1ry", "file": "/media/jbrogan4/scratch2/Reddit_Prov_Dataset_v6/_My_friend_after_hitting_a_half_court_shot_and_winning_$10,000/g1246_co8e1ry.jpg", "URL": "http://i.imgur.com/XLVCP6O.jpg", "fileid": "g1246_co8e1ry.jpg"}, {"id": "g1246_co8hdta", "comment": "[Too soon?](http://i.imgur.com/1lSI3yF.png)", "date": "2015-02-02 00:45:26", "seriesname": "g1246_co8hdta", "file": "/media/jbrogan4/scratch2/Reddit_Prov_Dataset_v6/_My_friend_after_hitting_a_half_court_shot_and_winning_$10,000/g1246_co8hdta.png", "URL": "http://i.imgur.com/1lSI3yF.png", "fileid": "g1246_co8hdta.png"}, {"id": "g1246_co8hhuv", "comment": "[We must dig deeper](http://imgur.com/mTO4dvl)", "date": "2015-02-02 00:49:58", "seriesname": "g1246_co8hhuv", "file": "/media/jbrogan4/scratch2/Reddit_Prov_Dataset_v6/_My_friend_after_hitting_a_half_court_shot_and_winning_$10,000/g1246_co8hhuv.png", "URL": "http://i.imgur.com/mTO4dvl.png", "fileid": "g1246_co8hhuv.png"}, {"id": "g1246_co8ephw", "comment": "Very new to PS\nBlack and white are hard...\nGOJIRRAAA~~~\n\nhttp://i.imgur.com/qPumOXA.jpg", "date": "2015-02-01 23:09:55", "seriesname": "g1246_co8ephw", "file": "/media/jbrogan4/scratch2/Reddit_Prov_Dataset_v6/_My_friend_after_hitting_a_half_court_shot_and_winning_$10,000/g1246_co8ephw.jpg", "URL": "http://i.imgur.com/qPumOXA.jpg", "fileid": "g1246_co8ephw.jpg"}, {"id": "g1246_co8es5m", "comment": "[I think you're friend is in trouble](http://i.imgur.com/jZxqRV0.jpg)", "date": "2015-02-01 23:12:23", "seriesname": "g1246_co8es5m", "file": "/media/jbrogan4/scratch2/Reddit_Prov_Dataset_v6/_My_friend_after_hitting_a_half_court_shot_and_winning_$10,000/g1246_co8es5m.jpg", "URL": "http://i.imgur.com/jZxqRV0.jpg", "fileid": "g1246_co8es5m.jpg"}, {"id": "g1246_co8968a", "comment": "[she gets away with it](http://i.imgur.com/6unxGll.jpg)", "date": "2015-02-01 20:19:04", "seriesname": "g1246_co8968a", "file": "/media/jbrogan4/scratch2/Reddit_Prov_Dataset_v6/_My_friend_after_hitting_a_half_court_shot_and_winning_$10,000/g1246_co8968a.jpg", "URL": "http://i.imgur.com/6unxGll.jpg", "fileid": "g1246_co8968a.jpg"}, {"id": "g1246_co8mupm", "comment": "[Fabulous](http://imgur.com/qBIYTpt)", "date": "2015-02-02 06:41:30", "seriesname": "g1246_co8mupm", "file": "/media/jbrogan4/scratch2/Reddit_Prov_Dataset_v6/_My_friend_after_hitting_a_half_court_shot_and_winning_$10,000/g1246_co8mupm.png", "URL": "http://i.imgur.com/qBIYTpt.png", "fileid": "g1246_co8mupm.png"}, {"id": "g1246_co8z84c", "comment": "[don't eat my hummus!](http://imgur.com/mGgDsGP)", "date": "2015-02-02 14:17:40", "seriesname": "g1246_co8z84c", "file": "/media/jbrogan4/scratch2/Reddit_Prov_Dataset_v6/_My_friend_after_hitting_a_half_court_shot_and_winning_$10,000/g1246_co8z84c.png", "URL": "http://i.imgur.com/mGgDsGP.png", "fileid": "g1246_co8z84c.png"}, {"id": "g1246_co8n0y1", "comment": "[Wheee!](http://imgur.com/LTjODfG)", "date": "2015-02-02 06:55:24", "seriesname": "g1246_co8n0y1", "file": "/media/jbrogan4/scratch2/Reddit_Prov_Dataset_v6/_My_friend_after_hitting_a_half_court_shot_and_winning_$10,000/g1246_co8n0y1.png", "URL": "http://i.imgur.com/LTjODfG.png", "fileid": "g1246_co8n0y1.png"}, {"id": "g1246_co8g9fv", "comment": "http://i.imgur.com/xUmM1Qp.jpg", "date": "2015-02-02 00:03:28", "seriesname": "g1246_co8g9fv", "file": "/media/jbrogan4/scratch2/Reddit_Prov_Dataset_v6/_My_friend_after_hitting_a_half_court_shot_and_winning_$10,000/g1246_co8g9fv.jpg", "URL": "http://i.imgur.com/xUmM1Qp.jpg", "fileid": "g1246_co8g9fv.jpg"}, {"id": "g1246_co8g4ap", "comment": "[That shot was simply *fabulous!*](http://i.imgur.com/tHqJrWk.jpg)\n\nIt's subtle, see if you can spot what I did.", "date": "2015-02-01 23:58:30", "seriesname": "g1246_co8g4ap", "file": "/media/jbrogan4/scratch2/Reddit_Prov_Dataset_v6/_My_friend_after_hitting_a_half_court_shot_and_winning_$10,000/g1246_co8g4ap.jpg", "URL": "http://i.imgur.com/tHqJrWk.jpg", "fileid": "g1246_co8g4ap.jpg"}, {"id": "g1246_co8cn5x", "comment": "[A touching moment](http://i.imgur.com/D7DXWON.png)", "date": "2015-02-01 22:04:50", "seriesname": "g1246_co8cn5x", "file": "/media/jbrogan4/scratch2/Reddit_Prov_Dataset_v6/_My_friend_after_hitting_a_half_court_shot_and_winning_$10,000/g1246_co8cn5x.png", "URL": "http://i.imgur.com/D7DXWON.png", "fileid": "g1246_co8cn5x.png"}, {"id": "g1246_co8jtl1", "comment": "[Let me show you the dance of my people!](http://i.imgur.com/J40qlu4.png)", "date": "2015-02-02 02:43:01", "seriesname": "g1246_co8jtl1", "file": "/media/jbrogan4/scratch2/Reddit_Prov_Dataset_v6/_My_friend_after_hitting_a_half_court_shot_and_winning_$10,000/g1246_co8jtl1.png", "URL": "http://i.imgur.com/J40qlu4.png", "fileid": "g1246_co8jtl1.png"}, {"id": "g1246_co8y5fx", "comment": "Idk, I think it looks [better.](http://i.imgur.com/OGsHGPR.jpg)", "date": "2015-02-02 13:48:34", "seriesname": "g1246_co8y5fx", "file": "/media/jbrogan4/scratch2/Reddit_Prov_Dataset_v6/_My_friend_after_hitting_a_half_court_shot_and_winning_$10,000/g1246_co8y5fx.jpg", "URL": "http://i.imgur.com/OGsHGPR.jpg", "fileid": "g1246_co8y5fx.jpg"}, {"id": "g1246_co8mqmh", "comment": "little [dancin man](http://i.imgur.com/wKNXh3q.gif)", "date": "2015-02-02 06:32:15", "seriesname": "g1246_co8mqmh", "file": "/media/jbrogan4/scratch2/Reddit_Prov_Dataset_v6/_My_friend_after_hitting_a_half_court_shot_and_winning_$10,000/g1246_co8mqmh.jpg", "URL": "http://i.imgur.com/wKNXh3q.gif", "fileid": "g1246_co8mqmh.gif"}, {"id": "g1246_co88f3e", "comment": "http://i.imgur.com/VyfFxaC.jpg", "date": "2015-02-01 19:55:28", "seriesname": "g1246_co88f3e", "file": "/media/jbrogan4/scratch2/Reddit_Prov_Dataset_v6/_My_friend_after_hitting_a_half_court_shot_and_winning_$10,000/g1246_co88f3e.jpg", "URL": "http://i.imgur.com/VyfFxaC.jpg", "fileid": "g1246_co88f3e.jpg"}, {"id": "g1246_co85q0w", "comment": "For that chocolate coated ice cream that's noted big and thick, no room for a stick, [Jim regularly streaks,](http://i.imgur.com/opzv6Hi.jpg) but kept his clothes on this time to to some fuzzy language in the settlement about whenever he's less than 100 feet from children. ", "date": "2015-02-01 18:28:08", "seriesname": "g1246_co85q0w", "file": "/media/jbrogan4/scratch2/Reddit_Prov_Dataset_v6/_My_friend_after_hitting_a_half_court_shot_and_winning_$10,000/g1246_co85q0w.jpg", "URL": "http://i.imgur.com/opzv6Hi.jpg", "fileid": "g1246_co85q0w.jpg"}, {"id": "g1246_co8jv57", "comment": "[Am I too late for this party?](http://i.imgur.com/T03L4dc.jpg)", "date": "2015-02-02 02:45:38", "seriesname": "g1246_co8jv57", "file": "/media/jbrogan4/scratch2/Reddit_Prov_Dataset_v6/_My_friend_after_hitting_a_half_court_shot_and_winning_$10,000/g1246_co8jv57.jpg", "URL": "http://i.imgur.com/T03L4dc.jpg", "fileid": "g1246_co8jv57.jpg"}, {"id": "g1246_co889oy", "comment": "[are you not entertained???](http://i.imgur.com/kIVAEqv.jpg)", "date": "2015-02-01 19:50:26", "seriesname": "g1246_co889oy", "file": "/media/jbrogan4/scratch2/Reddit_Prov_Dataset_v6/_My_friend_after_hitting_a_half_court_shot_and_winning_$10,000/g1246_co889oy.jpg", "URL": "http://i.imgur.com/kIVAEqv.jpg", "fileid": "g1246_co889oy.jpg"}, {"id": "g1246_co85zdm", "comment": "\"[WOOOOOO](http://i.imgur.com/8OVS8KS.jpg)!! Gonna get some plankton today!\"\n\nEdit: Thank you, stranger. ", "date": "2015-02-01 18:36:50", "seriesname": "g1246_co85zdm", "file": "/media/jbrogan4/scratch2/Reddit_Prov_Dataset_v6/_My_friend_after_hitting_a_half_court_shot_and_winning_$10,000/g1246_co85zdm.jpg", "URL": "http://i.imgur.com/8OVS8KS.jpg)!!", "fileid": "g1246_co85zdm.jpg!!"}, {"id": "g1246_co8fhvr", "comment": "[Stage fright](http://i.imgur.com/Lc0y2qB.png)", "date": "2015-02-01 23:36:34", "seriesname": "g1246_co8fhvr", "file": "/media/jbrogan4/scratch2/Reddit_Prov_Dataset_v6/_My_friend_after_hitting_a_half_court_shot_and_winning_$10,000/g1246_co8fhvr.png", "URL": "http://i.imgur.com/Lc0y2qB.png", "fileid": "g1246_co8fhvr.png"}, {"id": "g1246_co8fm7v", "comment": "[Fixed it for you.](http://i.imgur.com/npYqp0O.jpg)", "date": "2015-02-01 23:40:42", "seriesname": "g1246_co8fm7v", "file": "/media/jbrogan4/scratch2/Reddit_Prov_Dataset_v6/_My_friend_after_hitting_a_half_court_shot_and_winning_$10,000/g1246_co8fm7v.jpg", "URL": "http://i.imgur.com/npYqp0O.jpg", "fileid": "g1246_co8fm7v.jpg"}, {"id": "g1246_co8imb4", "comment": "[Run for your life to save your money.](http://imgur.com/qxWXoh1)", "date": "2015-02-02 01:39:17", "seriesname": "g1246_co8imb4", "file": "/media/jbrogan4/scratch2/Reddit_Prov_Dataset_v6/_My_friend_after_hitting_a_half_court_shot_and_winning_$10,000/g1246_co8imb4.png", "URL": "http://i.imgur.com/qxWXoh1.png", "fileid": "g1246_co8imb4.png"}, {"id": "g1246_co8ospi", "comment": "Crap! http://i.imgur.com/MviYCEN.jpg", "date": "2015-02-02 08:49:17", "seriesname": "g1246_co8ospi", "file": "/media/jbrogan4/scratch2/Reddit_Prov_Dataset_v6/_My_friend_after_hitting_a_half_court_shot_and_winning_$10,000/g1246_co8ospi.jpg", "URL": "http://i.imgur.com/MviYCEN.jpg", "fileid": "g1246_co8ospi.jpg"}, {"id": "g1246_co8y0fi", "comment": "[GOOOOOOOOOOOOAL!](http://i.imgur.com/IxZ2XJf.jpg)", "date": "2015-02-02 13:44:47", "seriesname": "g1246_co8y0fi", "file": "/media/jbrogan4/scratch2/Reddit_Prov_Dataset_v6/_My_friend_after_hitting_a_half_court_shot_and_winning_$10,000/g1246_co8y0fi.jpg", "URL": "http://i.imgur.com/IxZ2XJf.jpg", "fileid": "g1246_co8y0fi.jpg"}, {"id": "g1246_co8bu3u", "comment": "http://i.imgur.com/JAhq0q2.jpg", "date": "2015-02-01 21:39:45", "seriesname": "g1246_co8bu3u", "file": "/media/jbrogan4/scratch2/Reddit_Prov_Dataset_v6/_My_friend_after_hitting_a_half_court_shot_and_winning_$10,000/g1246_co8bu3u.jpg", "URL": "http://i.imgur.com/JAhq0q2.jpg", "fileid": "g1246_co8bu3u.jpg"}, {"id": "g1246_co8ghys", "comment": "[I can't wait to see him on Broadway](http://i.imgur.com/LW1lOKQ.jpg)", "date": "2015-02-02 00:11:52", "seriesname": "g1246_co8ghys", "file": "/media/jbrogan4/scratch2/Reddit_Prov_Dataset_v6/_My_friend_after_hitting_a_half_court_shot_and_winning_$10,000/g1246_co8ghys.jpg", "URL": "http://i.imgur.com/LW1lOKQ.jpg", "fileid": "g1246_co8ghys.jpg"}, {"id": "g1246_co8hsil", "comment": "[Your friend is also really good at that Japanese \"Hole in the Wall\" game show.](http://i.imgur.com/XAqDJ9v.png)", "date": "2015-02-02 01:02:17", "seriesname": "g1246_co8hsil", "file": "/media/jbrogan4/scratch2/Reddit_Prov_Dataset_v6/_My_friend_after_hitting_a_half_court_shot_and_winning_$10,000/g1246_co8hsil.png", "URL": "http://i.imgur.com/XAqDJ9v.png", "fileid": "g1246_co8hsil.png"}, {"id": "g1246_co8blca", "comment": "http://i.imgur.com/QnfmmCZ.jpg", "date": "2015-02-01 21:32:25", "seriesname": "g1246_co8blca", "file": "/media/jbrogan4/scratch2/Reddit_Prov_Dataset_v6/_My_friend_after_hitting_a_half_court_shot_and_winning_$10,000/g1246_co8blca.jpg", "URL": "http://i.imgur.com/QnfmmCZ.jpg", "fileid": "g1246_co8blca.jpg"}, {"id": "g1246_co8o2ai", "comment": "[He just can't believe it!](http://imgur.com/maZxQx7)", "date": "2015-02-02 08:08:59", "seriesname": "g1246_co8o2ai", "file": "/media/jbrogan4/scratch2/Reddit_Prov_Dataset_v6/_My_friend_after_hitting_a_half_court_shot_and_winning_$10,000/g1246_co8o2ai.png", "URL": "http://i.imgur.com/maZxQx7.png", "fileid": "g1246_co8o2ai.png"}, {"id": "g1246_co8fi04", "comment": "[Can-Can](http://imgur.com/h9SJow0)", "date": "2015-02-01 23:36:41", "seriesname": "g1246_co8fi04", "file": "/media/jbrogan4/scratch2/Reddit_Prov_Dataset_v6/_My_friend_after_hitting_a_half_court_shot_and_winning_$10,000/g1246_co8fi04.png", "URL": "http://i.imgur.com/h9SJow0.png", "fileid": "g1246_co8fi04.png"}, {"id": "g1246_co8nj0q", "comment": "[A moving picture!](http://i.imgur.com/q8irqbN.gif)", "date": "2015-02-02 07:33:12", "seriesname": "g1246_co8nj0q", "file": "/media/jbrogan4/scratch2/Reddit_Prov_Dataset_v6/_My_friend_after_hitting_a_half_court_shot_and_winning_$10,000/g1246_co8nj0q.jpg", "URL": "http://i.imgur.com/q8irqbN.gif", "fileid": "g1246_co8nj0q.gif"}, {"id": "g1246_co8ezvm", "comment": "http://imgur.com/AQfyvak ", "date": "2015-02-01 23:19:30", "seriesname": "g1246_co8ezvm", "file": "/media/jbrogan4/scratch2/Reddit_Prov_Dataset_v6/_My_friend_after_hitting_a_half_court_shot_and_winning_$10,000/g1246_co8ezvm.png", "URL": "http://i.imgur.com/AQfyvak.png", "fileid": "g1246_co8ezvm.png"}, {"id": "g1246_co8mdhi", "comment": "[Praise to the Hindu God of Balls (and beards)](http://imgur.com/Nsg7JSX)", "date": "2015-02-02 06:00:54", "seriesname": "g1246_co8mdhi", "file": "/media/jbrogan4/scratch2/Reddit_Prov_Dataset_v6/_My_friend_after_hitting_a_half_court_shot_and_winning_$10,000/g1246_co8mdhi.png", "URL": "http://i.imgur.com/Nsg7JSX.png", "fileid": "g1246_co8mdhi.png"}, {"id": "g1246_co8betf", "comment": "[Shaolin Soccer](http://imgur.com/mWIPSRY)", "date": "2015-02-01 21:26:50", "seriesname": "g1246_co8betf", "file": "/media/jbrogan4/scratch2/Reddit_Prov_Dataset_v6/_My_friend_after_hitting_a_half_court_shot_and_winning_$10,000/g1246_co8betf.png", "URL": "http://i.imgur.com/mWIPSRY.png", "fileid": "g1246_co8betf.png"}, {"id": "g1246_co8cewq", "comment": "http://i.imgur.com/aPRpBcb.jpg", "date": "2015-02-01 21:57:45", "seriesname": "g1246_co8cewq", "file": "/media/jbrogan4/scratch2/Reddit_Prov_Dataset_v6/_My_friend_after_hitting_a_half_court_shot_and_winning_$10,000/g1246_co8cewq.jpg", "URL": "http://i.imgur.com/aPRpBcb.jpg", "fileid": "g1246_co8cewq.jpg"}, {"id": "g1246_co87mxp", "comment": "[Handstand!](http://i.imgur.com/WAuMm4s.jpg)", "date": "2015-02-01 19:30:16", "seriesname": "g1246_co87mxp", "file": "/media/jbrogan4/scratch2/Reddit_Prov_Dataset_v6/_My_friend_after_hitting_a_half_court_shot_and_winning_$10,000/g1246_co87mxp.jpg", "URL": "http://i.imgur.com/WAuMm4s.jpg", "fileid": "g1246_co87mxp.jpg"}, {"id": "g1246_co839fj", "comment": "I'm so sorry http://i.imgur.com/LWvcjCt.jpg ", "date": "2015-02-01 17:09:57", "seriesname": "g1246_co839fj", "file": "/media/jbrogan4/scratch2/Reddit_Prov_Dataset_v6/_My_friend_after_hitting_a_half_court_shot_and_winning_$10,000/g1246_co839fj.jpg", "URL": "http://i.imgur.com/LWvcjCt.jpg", "fileid": "g1246_co839fj.jpg"}, {"id": "g1246_co8breb", "comment": "http://i.imgur.com/Zhu4h5C.jpg", "date": "2015-02-01 21:37:24", "seriesname": "g1246_co8breb", "file": "/media/jbrogan4/scratch2/Reddit_Prov_Dataset_v6/_My_friend_after_hitting_a_half_court_shot_and_winning_$10,000/g1246_co8breb.jpg", "URL": "http://i.imgur.com/Zhu4h5C.jpg", "fileid": "g1246_co8breb.jpg"}, {"id": "g1246_co8f3kk", "comment": "[Ohshitohshitohshitohshit](http://i.imgur.com/l99CVJH.jpg)", "date": "2015-02-01 23:22:54", "seriesname": "g1246_co8f3kk", "file": "/media/jbrogan4/scratch2/Reddit_Prov_Dataset_v6/_My_friend_after_hitting_a_half_court_shot_and_winning_$10,000/g1246_co8f3kk.jpg", "URL": "http://i.imgur.com/l99CVJH.jpg", "fileid": "g1246_co8f3kk.jpg"}, {"id": "g1246_co88x2r", "comment": "http://i.imgur.com/9f2HOOd.jpg", "date": "2015-02-01 20:11:12", "seriesname": "g1246_co88x2r", "file": "/media/jbrogan4/scratch2/Reddit_Prov_Dataset_v6/_My_friend_after_hitting_a_half_court_shot_and_winning_$10,000/g1246_co88x2r.jpg", "URL": "http://i.imgur.com/9f2HOOd.jpg", "fileid": "g1246_co88x2r.jpg"}, {"id": "g1246_co8hkxr", "comment": "[Hey Guys! Why arnt you guys waching me?](http://imgur.com/pakysRy)", "date": "2015-02-02 00:53:28", "seriesname": "g1246_co8hkxr", "file": "/media/jbrogan4/scratch2/Reddit_Prov_Dataset_v6/_My_friend_after_hitting_a_half_court_shot_and_winning_$10,000/g1246_co8hkxr.png", "URL": "http://i.imgur.com/pakysRy.png", "fileid": "g1246_co8hkxr.png"}, {"id": "g1246_co8dd7v", "comment": "[Lebron just loves those half court shots](http://imgur.com/IMIcDbX)", "date": "2015-02-01 22:26:48", "seriesname": "g1246_co8dd7v", "file": "/media/jbrogan4/scratch2/Reddit_Prov_Dataset_v6/_My_friend_after_hitting_a_half_court_shot_and_winning_$10,000/g1246_co8dd7v.png", "URL": "http://i.imgur.com/IMIcDbX.png", "fileid": "g1246_co8dd7v.png"}, {"id": "g1246_co8br1e", "comment": "http://i.imgur.com/ni93J9g.png", "date": "2015-02-01 21:37:07", "seriesname": "g1246_co8br1e", "file": "/media/jbrogan4/scratch2/Reddit_Prov_Dataset_v6/_My_friend_after_hitting_a_half_court_shot_and_winning_$10,000/g1246_co8br1e.png", "URL": "http://i.imgur.com/ni93J9g.png", "fileid": "g1246_co8br1e.png"}, {"id": "g1246_co8nnwp", "comment": "[Bro Down](http://i.imgur.com/rPaatBQ.png)", "date": "2015-02-02 07:42:41", "seriesname": "g1246_co8nnwp", "file": "/media/jbrogan4/scratch2/Reddit_Prov_Dataset_v6/_My_friend_after_hitting_a_half_court_shot_and_winning_$10,000/g1246_co8nnwp.png", "URL": "http://i.imgur.com/rPaatBQ.png", "fileid": "g1246_co8nnwp.png"}, {"id": "g1246_co8el89", "comment": "[the hills are alive...](http://i.imgur.com/Up0uAVJ.jpg)", "date": "2015-02-01 23:05:59", "seriesname": "g1246_co8el89", "file": "/media/jbrogan4/scratch2/Reddit_Prov_Dataset_v6/_My_friend_after_hitting_a_half_court_shot_and_winning_$10,000/g1246_co8el89.jpg", "URL": "http://i.imgur.com/Up0uAVJ.jpg", "fileid": "g1246_co8el89.jpg"}, {"id": "g1246_co91gd0", "comment": "[High five too hard.](http://i.imgur.com/SelMmmi.jpg)\n\n\nCant do lot with paint ;_;", "date": "2015-02-02 15:19:06", "seriesname": "g1246_co91gd0", "file": "/media/jbrogan4/scratch2/Reddit_Prov_Dataset_v6/_My_friend_after_hitting_a_half_court_shot_and_winning_$10,000/g1246_co91gd0.jpg", "URL": "http://i.imgur.com/SelMmmi.jpg", "fileid": "g1246_co91gd0.jpg"}, {"id": "g1246_co887xw", "comment": "[Is that allowed? I don't think that's allowed..](http://i.imgur.com/0P9gHYn.jpg)\n\n[**Say cheese edit**](http://i.imgur.com/Ldv2ipn.jpg)", "date": "2015-02-01 19:48:53", "seriesname": "g1246_co887xw", "file": "/media/jbrogan4/scratch2/Reddit_Prov_Dataset_v6/_My_friend_after_hitting_a_half_court_shot_and_winning_$10,000/g1246_co887xw.jpg", "URL": "http://i.imgur.com/Ldv2ipn.jpg", "fileid": "g1246_co887xw.jpg"}, {"id": "g1246_co8ae2p", "comment": "[Come at me bro](http://i.imgur.com/9WbQRMt.jpg)", "date": "2015-02-01 20:55:57", "seriesname": "g1246_co8ae2p", "file": "/media/jbrogan4/scratch2/Reddit_Prov_Dataset_v6/_My_friend_after_hitting_a_half_court_shot_and_winning_$10,000/g1246_co8ae2p.jpg", "URL": "http://i.imgur.com/9WbQRMt.jpg", "fileid": "g1246_co8ae2p.jpg"}, {"id": "g1246_co8ccs0", "comment": "[Bye Bye Bye](http://i.imgur.com/WtR8jLs.jpg)", "date": "2015-02-01 21:56:06", "seriesname": "g1246_co8ccs0", "file": "/media/jbrogan4/scratch2/Reddit_Prov_Dataset_v6/_My_friend_after_hitting_a_half_court_shot_and_winning_$10,000/g1246_co8ccs0.jpg", "URL": "http://i.imgur.com/WtR8jLs.jpg", "fileid": "g1246_co8ccs0.jpg"}, {"id": "g1246_co8hqv5", "comment": "[All I have is Paint.net](http://i.imgur.com/pfORdmO.jpg)", "date": "2015-02-02 01:00:28", "seriesname": "g1246_co8hqv5", "file": "/media/jbrogan4/scratch2/Reddit_Prov_Dataset_v6/_My_friend_after_hitting_a_half_court_shot_and_winning_$10,000/g1246_co8hqv5.jpg", "URL": "http://i.imgur.com/pfORdmO.jpg", "fileid": "g1246_co8hqv5.jpg"}, {"id": "g1246_root", "comment": "", "date": "2015-02-01 16:47:39", "seriesname": "g1246_root", "file": "/media/jbrogan4/scratch2/Reddit_Prov_Dataset_v6/_My_friend_after_hitting_a_half_court_shot_and_winning_$10,000/g1246_root.jpg", "URL": "http://i.imgur.com/C7FDxCI.jpg", "fileid": "g1246_root.jpg"}, {"id": "g1246_co8fz95", "comment": "http://i.imgur.com/ALi0arK.jpg\n\nMy first PSBattle entry.", "date": "2015-02-01 23:53:46", "seriesname": "g1246_co8fz95", "file": "/media/jbrogan4/scratch2/Reddit_Prov_Dataset_v6/_My_friend_after_hitting_a_half_court_shot_and_winning_$10,000/g1246_co8fz95.jpg", "URL": "http://i.imgur.com/ALi0arK.jpg", "fileid": "g1246_co8fz95.jpg"}], "graph": {"name": "g1246_root"}, "directed": true}