{"links": [{"op": "none", "target": 0, "source": 61}, {"op": "none", "target": 1, "source": 51}, {"op": "none", "target": 2, "source": 61}, {"op": "none", "target": 3, "source": 61}, {"op": "none", "target": 4, "source": 61}, {"op": "none", "target": 5, "source": 61}, {"op": "none", "target": 6, "source": 61}, {"op": "none", "target": 7, "source": 61}, {"op": "none", "target": 8, "source": 61}, {"op": "none", "target": 9, "source": 61}, {"op": "none", "target": 10, "source": 61}, {"op": "none", "target": 11, "source": 61}, {"op": "none", "target": 12, "source": 61}, {"op": "none", "target": 13, "source": 18}, {"op": "none", "target": 14, "source": 61}, {"op": "none", "target": 15, "source": 61}, {"op": "none", "target": 16, "source": 61}, {"op": "none", "target": 17, "source": 61}, {"op": "none", "target": 18, "source": 61}, {"op": "none", "target": 19, "source": 61}, {"op": "none", "target": 20, "source": 61}, {"op": "none", "target": 21, "source": 61}, {"op": "none", "target": 22, "source": 61}, {"op": "none", "target": 23, "source": 61}, {"op": "none", "target": 24, "source": 61}, {"op": "none", "target": 25, "source": 61}, {"op": "none", "target": 26, "source": 61}, {"op": "none", "target": 27, "source": 61}, {"op": "none", "target": 28, "source": 0}, {"op": "none", "target": 29, "source": 61}, {"op": "none", "target": 30, "source": 61}, {"op": "none", "target": 31, "source": 61}, {"op": "none", "target": 32, "source": 61}, {"op": "none", "target": 33, "source": 61}, {"op": "none", "target": 34, "source": 61}, {"op": "none", "target": 35, "source": 61}, {"op": "none", "target": 36, "source": 61}, {"op": "none", "target": 37, "source": 61}, {"op": "none", "target": 38, "source": 61}, {"op": "none", "target": 39, "source": 61}, {"op": "none", "target": 40, "source": 61}, {"op": "none", "target": 41, "source": 61}, {"op": "none", "target": 42, "source": 61}, {"op": "none", "target": 43, "source": 14}, {"op": "none", "target": 44, "source": 61}, {"op": "none", "target": 45, "source": 61}, {"op": "none", "target": 46, "source": 61}, {"op": "none", "target": 47, "source": 30}, {"op": "none", "target": 48, "source": 61}, {"op": "none", "target": 49, "source": 61}, {"op": "none", "target": 50, "source": 44}, {"op": "none", "target": 51, "source": 61}, {"op": "none", "target": 52, "source": 61}, {"op": "none", "target": 53, "source": 61}, {"op": "none", "target": 54, "source": 61}, {"op": "none", "target": 55, "source": 61}, {"op": "none", "target": 56, "source": 61}, {"op": "none", "target": 57, "source": 61}, {"op": "none", "target": 58, "source": 42}, {"op": "none", "target": 59, "source": 61}, {"op": "none", "target": 60, "source": 61}, {"op": "none", "target": 62, "source": 61}], "title": "_Chicken_with_sunglasses", "nodes": [{"id": "g1254_cp99kgx", "comment": "[We can't stop here, this is cock country!](http://i.imgur.com/pIREKFX.jpg?1)", "date": "2015-03-09 12:59:11", "seriesname": "g1254_cp99kgx", "file": "/media/jbrogan4/scratch2/Reddit_Prov_Dataset_v6/_Chicken_with_sunglasses/g1254_cp99kgx.jpg", "URL": "http://i.imgur.com/pIREKFX.jpg?1", "fileid": "g1254_cp99kgx.jpg"}, {"id": "g1254_cpaaj5v", "comment": "[As you wish it, so mote it be](http://i.imgur.com/UaJV7lo.jpg)", "date": "2015-03-10 11:09:51", "seriesname": "g1254_cpaaj5v", "file": "/media/jbrogan4/scratch2/Reddit_Prov_Dataset_v6/_Chicken_with_sunglasses/g1254_cpaaj5v.jpg", "URL": "http://i.imgur.com/UaJV7lo.jpg", "fileid": "g1254_cpaaj5v.jpg"}, {"id": "g1254_cpa3ndx", "comment": "[Chicken Reno](http://i.imgur.com/V1ZuA9X.jpg)", "date": "2015-03-10 05:36:42", "seriesname": "g1254_cpa3ndx", "file": "/media/jbrogan4/scratch2/Reddit_Prov_Dataset_v6/_Chicken_with_sunglasses/g1254_cpa3ndx.jpg", "URL": "http://i.imgur.com/V1ZuA9X.jpg", "fileid": "g1254_cpa3ndx.jpg"}, {"id": "g1254_cp9gcoy", "comment": "[1.21 Gigawatts!](http://i.imgur.com/TBio1kM.jpg)", "date": "2015-03-09 16:00:36", "seriesname": "g1254_cp9gcoy", "file": "/media/jbrogan4/scratch2/Reddit_Prov_Dataset_v6/_Chicken_with_sunglasses/g1254_cp9gcoy.jpg", "URL": "http://i.imgur.com/TBio1kM.jpg", "fileid": "g1254_cp9gcoy.jpg"}, {"id": "g1254_cp9vd2y", "comment": "[*2001: A Space Chicken*](http://i.imgur.com/L9hteZq.jpg)\n\nThis is my first post here on the sub, let me know how I did!\n\n**EDIT:** At the request of /u/cultmember we also have a still from the lost classic [*Leon: The Profowlsional*](http://i.imgur.com/KCGbzOy.jpg)", "date": "2015-03-09 22:51:17", "seriesname": "g1254_cp9vd2y", "file": "/media/jbrogan4/scratch2/Reddit_Prov_Dataset_v6/_Chicken_with_sunglasses/g1254_cp9vd2y.jpg", "URL": "http://i.imgur.com/KCGbzOy.jpg", "fileid": "g1254_cp9vd2y.jpg"}, {"id": "g1254_cq759od", "comment": "[Cool Wing Luke](http://i.imgur.com/0cMa9ZE.jpg)", "date": "2015-04-09 19:43:40", "seriesname": "g1254_cq759od", "file": "/media/jbrogan4/scratch2/Reddit_Prov_Dataset_v6/_Chicken_with_sunglasses/g1254_cq759od.jpg", "URL": "http://i.imgur.com/0cMa9ZE.jpg", "fileid": "g1254_cq759od.jpg"}, {"id": "g1254_cp9rj5x", "comment": "[Mahna Mahna](http://i.imgur.com/O7YiE1I.jpg)", "date": "2015-03-09 21:04:11", "seriesname": "g1254_cp9rj5x", "file": "/media/jbrogan4/scratch2/Reddit_Prov_Dataset_v6/_Chicken_with_sunglasses/g1254_cp9rj5x.jpg", "URL": "http://i.imgur.com/O7YiE1I.jpg", "fileid": "g1254_cp9rj5x.jpg"}, {"id": "g1254_cp9q64g", "comment": "[War never changes.](http://imgur.com/tFibeU5)", "date": "2015-03-09 20:25:22", "seriesname": "g1254_cp9q64g", "file": "/media/jbrogan4/scratch2/Reddit_Prov_Dataset_v6/_Chicken_with_sunglasses/g1254_cp9q64g.png", "URL": "http://i.imgur.com/tFibeU5.png", "fileid": "g1254_cp9q64g.png"}, {"id": "g1254_cp9anws", "comment": "[Jazz Musician Chicken](https://i.imgur.com/UCV8njY.jpg)", "date": "2015-03-09 13:28:34", "seriesname": "g1254_cp9anws", "file": "/media/jbrogan4/scratch2/Reddit_Prov_Dataset_v6/_Chicken_with_sunglasses/g1254_cp9anws.jpg", "URL": "https://i.imgur.com/UCV8njY.jpg", "fileid": "g1254_cp9anws.jpg"}, {"id": "g1254_cp97d8z", "comment": "[\ud83c\udfb6 I Got A Chicken... Way Over Town \ud83c\udfb6](http://i.imgur.com/HRzuOOA.jpg)", "date": "2015-03-09 11:57:58", "seriesname": "g1254_cp97d8z", "file": "/media/jbrogan4/scratch2/Reddit_Prov_Dataset_v6/_Chicken_with_sunglasses/g1254_cp97d8z.jpg", "URL": "http://i.imgur.com/HRzuOOA.jpg", "fileid": "g1254_cp97d8z.jpg"}, {"id": "g1254_cp9a6sw", "comment": "Too fre$h \nhttp://imgur.com/piLQlQG", "date": "2015-03-09 13:15:57", "seriesname": "g1254_cp9a6sw", "file": "/media/jbrogan4/scratch2/Reddit_Prov_Dataset_v6/_Chicken_with_sunglasses/g1254_cp9a6sw.png", "URL": "http://i.imgur.com/piLQlQG.png", "fileid": "g1254_cp9a6sw.png"}, {"id": "g1254_cp9t0t2", "comment": "[Fear and Clucking](http://i.imgur.com/TIwlKhX.jpg?1)", "date": "2015-03-09 21:45:50", "seriesname": "g1254_cp9t0t2", "file": "/media/jbrogan4/scratch2/Reddit_Prov_Dataset_v6/_Chicken_with_sunglasses/g1254_cp9t0t2.jpg", "URL": "http://i.imgur.com/TIwlKhX.jpg?1", "fileid": "g1254_cp9t0t2.jpg"}, {"id": "g1254_cp9vxok", "comment": "[Steamcluck Chicken!](http://i.imgur.com/vIaYFYH.jpg)", "date": "2015-03-09 23:13:58", "seriesname": "g1254_cp9vxok", "file": "/media/jbrogan4/scratch2/Reddit_Prov_Dataset_v6/_Chicken_with_sunglasses/g1254_cp9vxok.jpg", "URL": "http://i.imgur.com/vIaYFYH.jpg", "fileid": "g1254_cp9vxok.jpg"}, {"id": "g1254_cpc195e", "comment": "[here you go](http://imgur.com/WK45jLD)", "date": "2015-03-11 20:23:13", "seriesname": "g1254_cpc195e", "file": "/media/jbrogan4/scratch2/Reddit_Prov_Dataset_v6/_Chicken_with_sunglasses/g1254_cpc195e.png", "URL": "http://i.imgur.com/WK45jLD.png", "fileid": "g1254_cpc195e.png"}, {"id": "g1254_cp9vukg", "comment": "http://imgur.com/UVOnics\n\n\nMy god, it's full of stars!", "date": "2015-03-09 23:11:12", "seriesname": "g1254_cp9vukg", "file": "/media/jbrogan4/scratch2/Reddit_Prov_Dataset_v6/_Chicken_with_sunglasses/g1254_cp9vukg.png", "URL": "http://i.imgur.com/UVOnics.png", "fileid": "g1254_cp9vukg.png"}, {"id": "g1254_cp9saso", "comment": "Isn't the point of a Photoshop Battle to [PUT the glasses on the chicken](http://i.imgur.com/Mwj7W5E.jpg)?", "date": "2015-03-09 21:25:52", "seriesname": "g1254_cp9saso", "file": "/media/jbrogan4/scratch2/Reddit_Prov_Dataset_v6/_Chicken_with_sunglasses/g1254_cp9saso.jpg", "URL": "http://i.imgur.com/Mwj7W5E.jpg)?", "fileid": "g1254_cp9saso.jpg"}, {"id": "g1254_cp99ppu", "comment": "[Chicken and Louise](http://imgur.com/tj3vLez)", "date": "2015-03-09 13:03:05", "seriesname": "g1254_cp99ppu", "file": "/media/jbrogan4/scratch2/Reddit_Prov_Dataset_v6/_Chicken_with_sunglasses/g1254_cp99ppu.png", "URL": "http://i.imgur.com/tj3vLez.png", "fileid": "g1254_cp99ppu.png"}, {"id": "g1254_cp97ngn", "comment": "[Subtle](http://i.imgur.com/e3xO1fb.jpg)", "date": "2015-03-09 12:06:09", "seriesname": "g1254_cp97ngn", "file": "/media/jbrogan4/scratch2/Reddit_Prov_Dataset_v6/_Chicken_with_sunglasses/g1254_cp97ngn.jpg", "URL": "http://i.imgur.com/e3xO1fb.jpg", "fileid": "g1254_cp97ngn.jpg"}, {"id": "g1254_cp9p59h", "comment": "[fuck bitches get money](http://imgur.com/KX0Qifl)", "date": "2015-03-09 19:56:16", "seriesname": "g1254_cp9p59h", "file": "/media/jbrogan4/scratch2/Reddit_Prov_Dataset_v6/_Chicken_with_sunglasses/g1254_cp9p59h.png", "URL": "http://i.imgur.com/KX0Qifl.png", "fileid": "g1254_cp9p59h.png"}, {"id": "g1254_cp9b6at", "comment": "[Whac a bird](https://imgur.com/1GE03rO)", "date": "2015-03-09 13:42:14", "seriesname": "g1254_cp9b6at", "file": "/media/jbrogan4/scratch2/Reddit_Prov_Dataset_v6/_Chicken_with_sunglasses/g1254_cp9b6at.png", "URL": "http://i.imgur.com/1GE03rO.png", "fileid": "g1254_cp9b6at.png"}, {"id": "g1254_cp9nzec", "comment": "My first attempt at PsBattle ever.\n\nRoads? Where we're going, we don't need roads.\nhttp://i.imgur.com/h2VWKEf.png", "date": "2015-03-09 19:22:44", "seriesname": "g1254_cp9nzec", "file": "/media/jbrogan4/scratch2/Reddit_Prov_Dataset_v6/_Chicken_with_sunglasses/g1254_cp9nzec.png", "URL": "http://i.imgur.com/h2VWKEf.png", "fileid": "g1254_cp9nzec.png"}, {"id": "g1254_cp9cz95", "comment": "[**OMG**](http://i.imgur.com/uqxcB6W.jpg)", "date": "2015-03-09 14:33:22", "seriesname": "g1254_cp9cz95", "file": "/media/jbrogan4/scratch2/Reddit_Prov_Dataset_v6/_Chicken_with_sunglasses/g1254_cp9cz95.jpg", "URL": "http://i.imgur.com/uqxcB6W.jpg", "fileid": "g1254_cp9cz95.jpg"}, {"id": "g1254_cp9uz3h", "comment": "Natural Born Chickens\n\n[Imgur](http://i.imgur.com/EJZeM2P.jpg)", "date": "2015-03-09 22:40:13", "seriesname": "g1254_cp9uz3h", "file": "/media/jbrogan4/scratch2/Reddit_Prov_Dataset_v6/_Chicken_with_sunglasses/g1254_cp9uz3h.jpg", "URL": "http://i.imgur.com/EJZeM2P.jpg", "fileid": "g1254_cp9uz3h.jpg"}, {"id": "g1254_cp9a0h1", "comment": "[Chickenkind will fly, by Jove!](http://i.imgur.com/sGc7rrj.png)\n\nFirst post on this sub, be gentle.", "date": "2015-03-09 13:11:08", "seriesname": "g1254_cp9a0h1", "file": "/media/jbrogan4/scratch2/Reddit_Prov_Dataset_v6/_Chicken_with_sunglasses/g1254_cp9a0h1.png", "URL": "http://i.imgur.com/sGc7rrj.png", "fileid": "g1254_cp9a0h1.png"}, {"id": "g1254_cp9agj6", "comment": "[They're famous](http://imgur.com/5mU2utd)", "date": "2015-03-09 13:23:05", "seriesname": "g1254_cp9agj6", "file": "/media/jbrogan4/scratch2/Reddit_Prov_Dataset_v6/_Chicken_with_sunglasses/g1254_cp9agj6.png", "URL": "http://i.imgur.com/5mU2utd.png", "fileid": "g1254_cp9agj6.png"}, {"id": "g1254_cp9qigi", "comment": "[What's 9 + 10?](http://i.imgur.com/90prTr6.jpg)", "date": "2015-03-09 20:35:13", "seriesname": "g1254_cp9qigi", "file": "/media/jbrogan4/scratch2/Reddit_Prov_Dataset_v6/_Chicken_with_sunglasses/g1254_cp9qigi.jpg", "URL": "http://i.imgur.com/90prTr6.jpg", "fileid": "g1254_cp9qigi.jpg"}, {"id": "g1254_cp9n3bd", "comment": "[Chicken Hepburn](http://imgur.com/OkfM791)", "date": "2015-03-09 18:57:34", "seriesname": "g1254_cp9n3bd", "file": "/media/jbrogan4/scratch2/Reddit_Prov_Dataset_v6/_Chicken_with_sunglasses/g1254_cp9n3bd.png", "URL": "http://i.imgur.com/OkfM791.png", "fileid": "g1254_cp9n3bd.png"}, {"id": "g1254_cp9gv75", "comment": "[I am the one who clucks!](http://i.imgur.com/CGE6U6K.jpg)", "date": "2015-03-09 16:13:44", "seriesname": "g1254_cp9gv75", "file": "/media/jbrogan4/scratch2/Reddit_Prov_Dataset_v6/_Chicken_with_sunglasses/g1254_cp9gv75.jpg", "URL": "http://i.imgur.com/CGE6U6K.jpg", "fileid": "g1254_cp9gv75.jpg"}, {"id": "g1254_cpa5hu6", "comment": "[Hmmm. Let me think about that offer.](http://i167.photobucket.com/albums/u123/Umbreon999/Funny%20Crap/HomerSimpson-Thinking.gif)", "date": "2015-03-10 07:53:24", "seriesname": "g1254_cpa5hu6", "file": "/media/jbrogan4/scratch2/Reddit_Prov_Dataset_v6/_Chicken_with_sunglasses/g1254_cpa5hu6.jpg", "URL": "http://i167.photobucket.com/albums/u123/Umbreon999/Funny%20Crap/HomerSimpson-Thinking.gif", "fileid": "g1254_cpa5hu6.gif"}, {"id": "g1254_cp9fu67", "comment": "[Choose wisely Neo](http://i.imgur.com/kedy09p.png)", "date": "2015-03-09 15:47:26", "seriesname": "g1254_cp9fu67", "file": "/media/jbrogan4/scratch2/Reddit_Prov_Dataset_v6/_Chicken_with_sunglasses/g1254_cp9fu67.png", "URL": "http://i.imgur.com/kedy09p.png", "fileid": "g1254_cp9fu67.png"}, {"id": "g1254_cp956on", "comment": "[oppa!](http://imgur.com/AUm8vjT)", "date": "2015-03-09 10:50:54", "seriesname": "g1254_cp956on", "file": "/media/jbrogan4/scratch2/Reddit_Prov_Dataset_v6/_Chicken_with_sunglasses/g1254_cp956on.png", "URL": "http://i.imgur.com/AUm8vjT.png", "fileid": "g1254_cp956on.png"}, {"id": "g1254_cp9j6pe", "comment": "[Laying down some beats in this hen house!](http://i.imgur.com/SIS1wKM.png)", "date": "2015-03-09 17:13:37", "seriesname": "g1254_cp9j6pe", "file": "/media/jbrogan4/scratch2/Reddit_Prov_Dataset_v6/_Chicken_with_sunglasses/g1254_cp9j6pe.png", "URL": "http://i.imgur.com/SIS1wKM.png", "fileid": "g1254_cp9j6pe.png"}, {"id": "g1254_cp9lin4", "comment": "[Ba Ba Ba Benny and the Jets](http://i.imgur.com/7rGbddc.jpg)", "date": "2015-03-09 18:13:22", "seriesname": "g1254_cp9lin4", "file": "/media/jbrogan4/scratch2/Reddit_Prov_Dataset_v6/_Chicken_with_sunglasses/g1254_cp9lin4.jpg", "URL": "http://i.imgur.com/7rGbddc.jpg", "fileid": "g1254_cp9lin4.jpg"}, {"id": "g1254_cp9kzql", "comment": "[Cannot be unseen](http://i.imgur.com/I3sY4jV.jpg)", "date": "2015-03-09 17:59:10", "seriesname": "g1254_cp9kzql", "file": "/media/jbrogan4/scratch2/Reddit_Prov_Dataset_v6/_Chicken_with_sunglasses/g1254_cp9kzql.jpg", "URL": "http://i.imgur.com/I3sY4jV.jpg", "fileid": "g1254_cp9kzql.jpg"}, {"id": "g1254_cp9naf5", "comment": "Am I too late?\n\nIf I am not, space chicken crawling away from a monster.\n\nhttp://i.imgur.com/uSFw50m.jpg", "date": "2015-03-09 19:03:03", "seriesname": "g1254_cp9naf5", "file": "/media/jbrogan4/scratch2/Reddit_Prov_Dataset_v6/_Chicken_with_sunglasses/g1254_cp9naf5.jpg", "URL": "http://i.imgur.com/uSFw50m.jpg", "fileid": "g1254_cp9naf5.jpg"}, {"id": "g1254_cp9rmkw", "comment": "[Watching a scary movie](http://worth1000.s3.amazonaws.com/themeposts/635615463116303000/635615463116303027_4283.jpg)", "date": "2015-03-09 21:06:52", "seriesname": "g1254_cp9rmkw", "file": "/media/jbrogan4/scratch2/Reddit_Prov_Dataset_v6/_Chicken_with_sunglasses/g1254_cp9rmkw.jpg", "URL": "http://worth1000.s3.amazonaws.com/themeposts/635615463116303000/635615463116303027_4283.jpg", "fileid": "g1254_cp9rmkw.jpg"}, {"id": "g1254_cp9lars", "comment": "[Because I could see this as Steve's pet.](http://imgur.com/sUs4C8J)", "date": "2015-03-09 18:07:20", "seriesname": "g1254_cp9lars", "file": "/media/jbrogan4/scratch2/Reddit_Prov_Dataset_v6/_Chicken_with_sunglasses/g1254_cp9lars.png", "URL": "http://i.imgur.com/sUs4C8J.png", "fileid": "g1254_cp9lars.png"}, {"id": "g1254_cp9qb3j", "comment": "[ITS GONE MAAAAD!](http://i.imgur.com/LxV6pQn.jpg)", "date": "2015-03-09 20:29:18", "seriesname": "g1254_cp9qb3j", "file": "/media/jbrogan4/scratch2/Reddit_Prov_Dataset_v6/_Chicken_with_sunglasses/g1254_cp9qb3j.jpg", "URL": "http://i.imgur.com/LxV6pQn.jpg", "fileid": "g1254_cp9qb3j.jpg"}, {"id": "g1254_cp9lqg9", "comment": "[Do I look like a bitch?](http://i.imgur.com/TDTAdQe.jpg)", "date": "2015-03-09 18:19:25", "seriesname": "g1254_cp9lqg9", "file": "/media/jbrogan4/scratch2/Reddit_Prov_Dataset_v6/_Chicken_with_sunglasses/g1254_cp9lqg9.jpg", "URL": "http://i.imgur.com/TDTAdQe.jpg", "fileid": "g1254_cp9lqg9.jpg"}, {"id": "g1254_cp9hgup", "comment": "[The Dude abides.](http://i.imgur.com/cCv6ILR.jpg)", "date": "2015-03-09 16:28:49", "seriesname": "g1254_cp9hgup", "file": "/media/jbrogan4/scratch2/Reddit_Prov_Dataset_v6/_Chicken_with_sunglasses/g1254_cp9hgup.jpg", "URL": "http://i.imgur.com/cCv6ILR.jpg", "fileid": "g1254_cp9hgup.jpg"}, {"id": "g1254_cpa4g49", "comment": "Space hen. http://i.imgur.com/chvJCHR.png", "date": "2015-03-10 06:41:54", "seriesname": "g1254_cpa4g49", "file": "/media/jbrogan4/scratch2/Reddit_Prov_Dataset_v6/_Chicken_with_sunglasses/g1254_cpa4g49.png", "URL": "http://i.imgur.com/chvJCHR.png", "fileid": "g1254_cpa4g49.png"}, {"id": "g1254_cp9llyn", "comment": "[007](http://i.imgur.com/auxopRb.jpg)", "date": "2015-03-09 18:15:53", "seriesname": "g1254_cp9llyn", "file": "/media/jbrogan4/scratch2/Reddit_Prov_Dataset_v6/_Chicken_with_sunglasses/g1254_cp9llyn.jpg", "URL": "http://i.imgur.com/auxopRb.jpg", "fileid": "g1254_cp9llyn.jpg"}, {"id": "g1254_cp9dg89", "comment": "[Forbidden Desires](http://i.imgur.com/O5uCFlh.jpg)", "date": "2015-03-09 14:46:24", "seriesname": "g1254_cp9dg89", "file": "/media/jbrogan4/scratch2/Reddit_Prov_Dataset_v6/_Chicken_with_sunglasses/g1254_cp9dg89.jpg", "URL": "http://i.imgur.com/O5uCFlh.jpg", "fileid": "g1254_cp9dg89.jpg"}, {"id": "g1254_cpab8g5", "comment": "http://imgur.com/v11ZgHs\n\nhahaha.. we had the -exact- same idea. I even posted mine with the same title :P  I'm glad I'm not the only one who thought of this instantly.\n", "date": "2015-03-10 11:29:46", "seriesname": "g1254_cpab8g5", "file": "/media/jbrogan4/scratch2/Reddit_Prov_Dataset_v6/_Chicken_with_sunglasses/g1254_cpab8g5.png", "URL": "http://i.imgur.com/v11ZgHs.png", "fileid": "g1254_cpab8g5.png"}, {"id": "g1254_cp9ljz9", "comment": "[Holy fuck, boys!!!!](https://i.imgur.com/kaMi2tD.jpg)", "date": "2015-03-09 18:14:22", "seriesname": "g1254_cp9ljz9", "file": "/media/jbrogan4/scratch2/Reddit_Prov_Dataset_v6/_Chicken_with_sunglasses/g1254_cp9ljz9.jpg", "URL": "https://i.imgur.com/kaMi2tD.jpg", "fileid": "g1254_cp9ljz9.jpg"}, {"id": "g1254_cp9ha56", "comment": "[*\"Hold me closer, Tony Danza...\"*](http://i.imgur.com/XWQk3Nd.jpg)\n\nEDIT: Here's the original: http://i.imgur.com/yM8Q6fn.jpg", "date": "2015-03-09 16:24:07", "seriesname": "g1254_cp9ha56", "file": "/media/jbrogan4/scratch2/Reddit_Prov_Dataset_v6/_Chicken_with_sunglasses/g1254_cp9ha56.jpg", "URL": "http://i.imgur.com/yM8Q6fn.jpg", "fileid": "g1254_cp9ha56.jpg"}, {"id": "g1254_cp9wnec", "comment": "[I've come to kick ass and chew bird seed...and I'm all out of seed.](http://i.imgur.com/VCkIIbM.jpg)", "date": "2015-03-09 23:36:19", "seriesname": "g1254_cp9wnec", "file": "/media/jbrogan4/scratch2/Reddit_Prov_Dataset_v6/_Chicken_with_sunglasses/g1254_cp9wnec.jpg", "URL": "http://i.imgur.com/VCkIIbM.jpg", "fileid": "g1254_cp9wnec.jpg"}, {"id": "g1254_cp97avl", "comment": "[Sure thing Morty!](http://imgur.com/P9jDJw3)", "date": "2015-03-09 11:56:04", "seriesname": "g1254_cp97avl", "file": "/media/jbrogan4/scratch2/Reddit_Prov_Dataset_v6/_Chicken_with_sunglasses/g1254_cp97avl.png", "URL": "http://i.imgur.com/P9jDJw3.png", "fileid": "g1254_cp97avl.png"}, {"id": "g1254_cpa8ju9", "comment": "[for some reason...yea. tina turner.](http://i.imgur.com/fcFOzPE.jpg)", "date": "2015-03-10 10:07:46", "seriesname": "g1254_cpa8ju9", "file": "/media/jbrogan4/scratch2/Reddit_Prov_Dataset_v6/_Chicken_with_sunglasses/g1254_cpa8ju9.jpg", "URL": "http://i.imgur.com/fcFOzPE.jpg", "fileid": "g1254_cpa8ju9.jpg"}, {"id": "g1254_cp9pk8v", "comment": "[Warhol and his new Chic](http://i.imgur.com/EE21Tee.jpg)\n\n[Muse](http://i.imgur.com/IIS5ltQ.jpg)", "date": "2015-03-09 20:08:11", "seriesname": "g1254_cp9pk8v", "file": "/media/jbrogan4/scratch2/Reddit_Prov_Dataset_v6/_Chicken_with_sunglasses/g1254_cp9pk8v.jpg", "URL": "http://i.imgur.com/IIS5ltQ.jpg", "fileid": "g1254_cp9pk8v.jpg"}, {"id": "g1254_cp9th2s", "comment": "Don't you mean: \"[Holy fuck, boids!!!!](http://i.imgur.com/IG41GTU.jpg)\"", "date": "2015-03-09 21:58:16", "seriesname": "g1254_cp9th2s", "file": "/media/jbrogan4/scratch2/Reddit_Prov_Dataset_v6/_Chicken_with_sunglasses/g1254_cp9th2s.jpg", "URL": "http://i.imgur.com/IG41GTU.jpg", "fileid": "g1254_cp9th2s.jpg"}, {"id": "g1254_cp9k0yi", "comment": "[Hey guys, what are we lookin at?](http://i.imgur.com/rh7MRju.jpg)", "date": "2015-03-09 17:34:35", "seriesname": "g1254_cp9k0yi", "file": "/media/jbrogan4/scratch2/Reddit_Prov_Dataset_v6/_Chicken_with_sunglasses/g1254_cp9k0yi.jpg", "URL": "http://i.imgur.com/rh7MRju.jpg", "fileid": "g1254_cp9k0yi.jpg"}, {"id": "g1254_cp9ijts", "comment": "[My god, its full of stars](http://imgur.com/v11ZgHs)", "date": "2015-03-09 16:57:11", "seriesname": "g1254_cp9ijts", "file": "/media/jbrogan4/scratch2/Reddit_Prov_Dataset_v6/_Chicken_with_sunglasses/g1254_cp9ijts.png", "URL": "http://i.imgur.com/v11ZgHs.png", "fileid": "g1254_cp9ijts.png"}, {"id": "g1254_cp9d53g", "comment": "[Yolko Ono](http://i.imgur.com/Sv4SPfq.png)", "date": "2015-03-09 14:38:18", "seriesname": "g1254_cp9d53g", "file": "/media/jbrogan4/scratch2/Reddit_Prov_Dataset_v6/_Chicken_with_sunglasses/g1254_cp9d53g.png", "URL": "http://i.imgur.com/Sv4SPfq.png", "fileid": "g1254_cp9d53g.png"}, {"id": "g1254_cp97jho", "comment": "http://imgur.com/LJQ1wjG", "date": "2015-03-09 12:02:59", "seriesname": "g1254_cp97jho", "file": "/media/jbrogan4/scratch2/Reddit_Prov_Dataset_v6/_Chicken_with_sunglasses/g1254_cp97jho.png", "URL": "http://i.imgur.com/LJQ1wjG.png", "fileid": "g1254_cp97jho.png"}, {"id": "g1254_cp99olj", "comment": "[We were somewhere around Barstow...](http://i.imgur.com/K0cOoHc.jpg)", "date": "2015-03-09 13:02:14", "seriesname": "g1254_cp99olj", "file": "/media/jbrogan4/scratch2/Reddit_Prov_Dataset_v6/_Chicken_with_sunglasses/g1254_cp99olj.jpg", "URL": "http://i.imgur.com/K0cOoHc.jpg", "fileid": "g1254_cp99olj.jpg"}, {"id": "g1254_cp9a7jg", "comment": "[Unfortunate discovery](http://i.imgur.com/I4nXWvh.jpg)\n\n---\n**Edit**\nI stepped it up a notch:\n\n[You came to the wrong neighborhood](http://i.imgur.com/m1cGxNi.jpg)", "date": "2015-03-09 13:16:30", "seriesname": "g1254_cp9a7jg", "file": "/media/jbrogan4/scratch2/Reddit_Prov_Dataset_v6/_Chicken_with_sunglasses/g1254_cp9a7jg.jpg", "URL": "http://i.imgur.com/m1cGxNi.jpg", "fileid": "g1254_cp9a7jg.jpg"}, {"id": "g1254_cp98s2y", "comment": "http://i.imgur.com/ObWLWnT.jpg  \"The power of the sun is mine\"", "date": "2015-03-09 12:38:15", "seriesname": "g1254_cp98s2y", "file": "/media/jbrogan4/scratch2/Reddit_Prov_Dataset_v6/_Chicken_with_sunglasses/g1254_cp98s2y.jpg", "URL": "http://i.imgur.com/ObWLWnT.jpg", "fileid": "g1254_cp98s2y.jpg"}, {"id": "g1254_cp9fl52", "comment": "[Subtle Addition](http://imgur.com/YrBQRES)", "date": "2015-03-09 15:41:02", "seriesname": "g1254_cp9fl52", "file": "/media/jbrogan4/scratch2/Reddit_Prov_Dataset_v6/_Chicken_with_sunglasses/g1254_cp9fl52.png", "URL": "http://i.imgur.com/YrBQRES.png", "fileid": "g1254_cp9fl52.png"}, {"id": "g1254_cp962tv", "comment": "[woah dude!] (http://imgur.com/bqdYoAy.jpg)", "date": "2015-03-09 11:19:30", "seriesname": "g1254_cp962tv", "file": "/media/jbrogan4/scratch2/Reddit_Prov_Dataset_v6/_Chicken_with_sunglasses/g1254_cp962tv.jpg", "URL": "http://imgur.com/bqdYoAy.jpg", "fileid": "g1254_cp962tv.jpg"}, {"id": "g1254_cp9b5fk", "comment": "[The sky is falling!](http://i.imgur.com/pOJk7bk.jpg)\n\n", "date": "2015-03-09 13:41:33", "seriesname": "g1254_cp9b5fk", "file": "/media/jbrogan4/scratch2/Reddit_Prov_Dataset_v6/_Chicken_with_sunglasses/g1254_cp9b5fk.jpg", "URL": "http://i.imgur.com/pOJk7bk.jpg", "fileid": "g1254_cp9b5fk.jpg"}, {"id": "g1254_root", "comment": "", "date": "2015-03-09 10:31:38", "seriesname": "g1254_root", "file": "/media/jbrogan4/scratch2/Reddit_Prov_Dataset_v6/_Chicken_with_sunglasses/g1254_root.jpg", "URL": "http://i.imgur.com/1HHPh5q.jpg", "fileid": "g1254_root.jpg"}, {"id": "g1254_cpa09yz", "comment": "I can't believe this isn't here yet! My first thought:\n\nhttp://i.imgur.com/f8k2xtb.jpg", "date": "2015-03-10 01:51:06", "seriesname": "g1254_cpa09yz", "file": "/media/jbrogan4/scratch2/Reddit_Prov_Dataset_v6/_Chicken_with_sunglasses/g1254_cpa09yz.jpg", "URL": "http://i.imgur.com/f8k2xtb.jpg", "fileid": "g1254_cpa09yz.jpg"}], "graph": {"name": "g1254_root"}, "directed": true}