{"links": [{"op": "none", "target": 0, "source": 45}, {"op": "none", "target": 1, "source": 45}, {"op": "none", "target": 2, "source": 45}, {"op": "none", "target": 3, "source": 45}, {"op": "none", "target": 4, "source": 17}, {"op": "none", "target": 5, "source": 45}, {"op": "none", "target": 6, "source": 11}, {"op": "none", "target": 7, "source": 45}, {"op": "none", "target": 8, "source": 45}, {"op": "none", "target": 9, "source": 45}, {"op": "none", "target": 10, "source": 35}, {"op": "none", "target": 11, "source": 27}, {"op": "none", "target": 12, "source": 45}, {"op": "none", "target": 13, "source": 45}, {"op": "none", "target": 14, "source": 45}, {"op": "none", "target": 15, "source": 45}, {"op": "none", "target": 16, "source": 45}, {"op": "none", "target": 17, "source": 16}, {"op": "none", "target": 18, "source": 45}, {"op": "none", "target": 19, "source": 45}, {"op": "none", "target": 20, "source": 45}, {"op": "none", "target": 21, "source": 45}, {"op": "none", "target": 22, "source": 45}, {"op": "none", "target": 23, "source": 45}, {"op": "none", "target": 24, "source": 45}, {"op": "none", "target": 25, "source": 45}, {"op": "none", "target": 26, "source": 45}, {"op": "none", "target": 27, "source": 45}, {"op": "none", "target": 28, "source": 45}, {"op": "none", "target": 29, "source": 45}, {"op": "none", "target": 30, "source": 45}, {"op": "none", "target": 31, "source": 45}, {"op": "none", "target": 32, "source": 33}, {"op": "none", "target": 33, "source": 45}, {"op": "none", "target": 34, "source": 45}, {"op": "none", "target": 35, "source": 4}, {"op": "none", "target": 36, "source": 45}, {"op": "none", "target": 37, "source": 45}, {"op": "none", "target": 38, "source": 45}, {"op": "none", "target": 39, "source": 45}, {"op": "none", "target": 40, "source": 45}, {"op": "none", "target": 41, "source": 45}, {"op": "none", "target": 42, "source": 45}, {"op": "none", "target": 43, "source": 45}, {"op": "none", "target": 44, "source": 45}, {"op": "none", "target": 46, "source": 45}, {"op": "none", "target": 47, "source": 45}, {"op": "none", "target": 48, "source": 45}, {"op": "none", "target": 49, "source": 45}, {"op": "none", "target": 50, "source": 45}, {"op": "none", "target": 51, "source": 27}, {"op": "none", "target": 52, "source": 45}, {"op": "none", "target": 53, "source": 45}, {"op": "none", "target": 54, "source": 45}], "title": "_A_young_Harry_Potter_(Daniel_Radcliffe)_posing_with_his_broom", "nodes": [{"id": "g1266_d48y7ts", "comment": "Harry Potter and the tab of acid\nhttp://imgur.com/iqBBd8F", "date": "2016-06-14 12:51:55", "seriesname": "g1266_d48y7ts", "file": "/media/jbrogan4/scratch2/Reddit_Prov_Dataset_v6/_A_young_Harry_Potter_(Daniel_Radcliffe)_posing_with_his_broom/g1266_d48y7ts.png", "URL": "http://i.imgur.com/iqBBd8F.png", "fileid": "g1266_d48y7ts.png"}, {"id": "g1266_d48vgep", "comment": "[Let me suck that stick of yours ](http://i.imgur.com/ArAzcHJ.jpg)\n\n&amp;\n\n[Animated - WITH MUSIC](http://loopnroll.com/p/MYDca)\n\n\n\n\n", "date": "2016-06-14 11:55:27", "seriesname": "g1266_d48vgep", "file": "/media/jbrogan4/scratch2/Reddit_Prov_Dataset_v6/_A_young_Harry_Potter_(Daniel_Radcliffe)_posing_with_his_broom/g1266_d48vgep.jpg", "URL": "http://i.imgur.com/ArAzcHJ.jpg", "fileid": "g1266_d48vgep.jpg"}, {"id": "g1266_d48slhy", "comment": "[that's just dangerous, Harry!](http://imgur.com/NlXimjO)", "date": "2016-06-14 10:53:55", "seriesname": "g1266_d48slhy", "file": "/media/jbrogan4/scratch2/Reddit_Prov_Dataset_v6/_A_young_Harry_Potter_(Daniel_Radcliffe)_posing_with_his_broom/g1266_d48slhy.png", "URL": "http://i.imgur.com/NlXimjO.png", "fileid": "g1266_d48slhy.png"}, {"id": "g1266_d4936rz", "comment": "[Imgur](http://i.imgur.com/6MdRCy1.jpg)", "date": "2016-06-14 14:31:19", "seriesname": "g1266_d4936rz", "file": "/media/jbrogan4/scratch2/Reddit_Prov_Dataset_v6/_A_young_Harry_Potter_(Daniel_Radcliffe)_posing_with_his_broom/g1266_d4936rz.jpg", "URL": "http://i.imgur.com/6MdRCy1.jpg", "fileid": "g1266_d4936rz.jpg"}, {"id": "g1266_d48v1vm", "comment": "[Dirty Harry Potter](http://i.imgur.com/2VsQyhV.jpg)", "date": "2016-06-14 11:47:05", "seriesname": "g1266_d48v1vm", "file": "/media/jbrogan4/scratch2/Reddit_Prov_Dataset_v6/_A_young_Harry_Potter_(Daniel_Radcliffe)_posing_with_his_broom/g1266_d48v1vm.jpg", "URL": "http://i.imgur.com/2VsQyhV.jpg", "fileid": "g1266_d48v1vm.jpg"}, {"id": "g1266_d48v7hd", "comment": "Dumbledore's amis de l'ABC:\n\nhttp://imgur.com/IWC0z73", "date": "2016-06-14 11:50:18", "seriesname": "g1266_d48v7hd", "file": "/media/jbrogan4/scratch2/Reddit_Prov_Dataset_v6/_A_young_Harry_Potter_(Daniel_Radcliffe)_posing_with_his_broom/g1266_d48v7hd.png", "URL": "http://i.imgur.com/IWC0z73.png", "fileid": "g1266_d48v7hd.png"}, {"id": "g1266_d48t875", "comment": "[At least he's with the party](http://i.imgur.com/f6bwPAQ.jpg)", "date": "2016-06-14 11:07:50", "seriesname": "g1266_d48t875", "file": "/media/jbrogan4/scratch2/Reddit_Prov_Dataset_v6/_A_young_Harry_Potter_(Daniel_Radcliffe)_posing_with_his_broom/g1266_d48t875.jpg", "URL": "http://i.imgur.com/f6bwPAQ.jpg", "fileid": "g1266_d48t875.jpg"}, {"id": "g1266_d48ru5v", "comment": "[He Does Like Magic] (http://imgur.com/zRxJbAm)", "date": "2016-06-14 10:36:51", "seriesname": "g1266_d48ru5v", "file": "/media/jbrogan4/scratch2/Reddit_Prov_Dataset_v6/_A_young_Harry_Potter_(Daniel_Radcliffe)_posing_with_his_broom/g1266_d48ru5v.png", "URL": "http://i.imgur.com/zRxJbAm.png", "fileid": "g1266_d48ru5v.png"}, {"id": "g1266_d48rbkd", "comment": "[My precioussss](http://i.imgur.com/X2j4gEq.jpg?1)", "date": "2016-06-14 10:24:46", "seriesname": "g1266_d48rbkd", "file": "/media/jbrogan4/scratch2/Reddit_Prov_Dataset_v6/_A_young_Harry_Potter_(Daniel_Radcliffe)_posing_with_his_broom/g1266_d48rbkd.jpg", "URL": "http://i.imgur.com/X2j4gEq.jpg?1", "fileid": "g1266_d48rbkd.jpg"}, {"id": "g1266_d490ncr", "comment": "[REAL mature, Mr. Potter](http://i.imgur.com/yYioccB.gif)", "date": "2016-06-14 13:40:18", "seriesname": "g1266_d490ncr", "file": "/media/jbrogan4/scratch2/Reddit_Prov_Dataset_v6/_A_young_Harry_Potter_(Daniel_Radcliffe)_posing_with_his_broom/g1266_d490ncr.jpg", "URL": "http://i.imgur.com/yYioccB.gif", "fileid": "g1266_d490ncr.gif"}, {"id": "g1266_d48x4qd", "comment": "[Larry Potter](http://i.imgur.com/aUr8Rb3.jpg)", "date": "2016-06-14 12:30:06", "seriesname": "g1266_d48x4qd", "file": "/media/jbrogan4/scratch2/Reddit_Prov_Dataset_v6/_A_young_Harry_Potter_(Daniel_Radcliffe)_posing_with_his_broom/g1266_d48x4qd.jpg", "URL": "http://i.imgur.com/aUr8Rb3.jpg", "fileid": "g1266_d48x4qd.jpg"}, {"id": "g1266_d48qkpb", "comment": "[the search for the holy horcrux](http://imgur.com/KMXihkP)", "date": "2016-06-14 10:06:42", "seriesname": "g1266_d48qkpb", "file": "/media/jbrogan4/scratch2/Reddit_Prov_Dataset_v6/_A_young_Harry_Potter_(Daniel_Radcliffe)_posing_with_his_broom/g1266_d48qkpb.png", "URL": "http://i.imgur.com/KMXihkP.png", "fileid": "g1266_d48qkpb.png"}, {"id": "g1266_d498nw7", "comment": "[Little \u0413\u0430\u0440\u0440\u0438 couldn't even do the slav squat, not even while using a f*cking broom as support](http://imgur.com/57h4Nnw)", "date": "2016-06-14 16:22:36", "seriesname": "g1266_d498nw7", "file": "/media/jbrogan4/scratch2/Reddit_Prov_Dataset_v6/_A_young_Harry_Potter_(Daniel_Radcliffe)_posing_with_his_broom/g1266_d498nw7.png", "URL": "http://i.imgur.com/57h4Nnw.png", "fileid": "g1266_d498nw7.png"}, {"id": "g1266_d48ptvi", "comment": "[In an alternate universe](http://imgur.com/Ktp2Ush)", "date": "2016-06-14 09:47:39", "seriesname": "g1266_d48ptvi", "file": "/media/jbrogan4/scratch2/Reddit_Prov_Dataset_v6/_A_young_Harry_Potter_(Daniel_Radcliffe)_posing_with_his_broom/g1266_d48ptvi.png", "URL": "http://i.imgur.com/Ktp2Ush.png", "fileid": "g1266_d48ptvi.png"}, {"id": "g1266_d48xkom", "comment": "[Fair play](http://i.imgur.com/ptlSMH1.jpg)", "date": "2016-06-14 12:39:01", "seriesname": "g1266_d48xkom", "file": "/media/jbrogan4/scratch2/Reddit_Prov_Dataset_v6/_A_young_Harry_Potter_(Daniel_Radcliffe)_posing_with_his_broom/g1266_d48xkom.jpg", "URL": "http://i.imgur.com/ptlSMH1.jpg", "fileid": "g1266_d48xkom.jpg"}, {"id": "g1266_d48n7m3", "comment": "[Emma isn't pleased](http://i.imgur.com/i1xNsVE.jpg)", "date": "2016-06-14 08:28:56", "seriesname": "g1266_d48n7m3", "file": "/media/jbrogan4/scratch2/Reddit_Prov_Dataset_v6/_A_young_Harry_Potter_(Daniel_Radcliffe)_posing_with_his_broom/g1266_d48n7m3.jpg", "URL": "http://i.imgur.com/i1xNsVE.jpg", "fileid": "g1266_d48n7m3.jpg"}, {"id": "g1266_d48qgio", "comment": "[Daniel Radcliffe Huxtable](http://i.imgur.com/tKHqq2m.jpg)\n\n\nShout-out to /r/HybridHumans", "date": "2016-06-14 10:03:40", "seriesname": "g1266_d48qgio", "file": "/media/jbrogan4/scratch2/Reddit_Prov_Dataset_v6/_A_young_Harry_Potter_(Daniel_Radcliffe)_posing_with_his_broom/g1266_d48qgio.jpg", "URL": "http://i.imgur.com/tKHqq2m.jpg", "fileid": "g1266_d48qgio.jpg"}, {"id": "g1266_d48u8t8", "comment": "[Pepper Potter](http://i.imgur.com/du2C1EL.jpg)", "date": "2016-06-14 11:29:52", "seriesname": "g1266_d48u8t8", "file": "/media/jbrogan4/scratch2/Reddit_Prov_Dataset_v6/_A_young_Harry_Potter_(Daniel_Radcliffe)_posing_with_his_broom/g1266_d48u8t8.jpg", "URL": "http://i.imgur.com/du2C1EL.jpg", "fileid": "g1266_d48u8t8.jpg"}, {"id": "g1266_d48y72h", "comment": "[Shark Week: Hogwarts Isle](http://imgur.com/Kt4EdfJ)", "date": "2016-06-14 12:51:30", "seriesname": "g1266_d48y72h", "file": "/media/jbrogan4/scratch2/Reddit_Prov_Dataset_v6/_A_young_Harry_Potter_(Daniel_Radcliffe)_posing_with_his_broom/g1266_d48y72h.png", "URL": "http://i.imgur.com/Kt4EdfJ.png", "fileid": "g1266_d48y72h.png"}, {"id": "g1266_d48snym", "comment": "[Room for two?](http://imgur.com/9xqci0i)", "date": "2016-06-14 10:55:25", "seriesname": "g1266_d48snym", "file": "/media/jbrogan4/scratch2/Reddit_Prov_Dataset_v6/_A_young_Harry_Potter_(Daniel_Radcliffe)_posing_with_his_broom/g1266_d48snym.png", "URL": "http://i.imgur.com/9xqci0i.png", "fileid": "g1266_d48snym.png"}, {"id": "g1266_d48x3f8", "comment": " Well if you're sure, better be...  [Vapingdor!](http://i.imgur.com/O4WXlhS.jpg)", "date": "2016-06-14 12:29:21", "seriesname": "g1266_d48x3f8", "file": "/media/jbrogan4/scratch2/Reddit_Prov_Dataset_v6/_A_young_Harry_Potter_(Daniel_Radcliffe)_posing_with_his_broom/g1266_d48x3f8.jpg", "URL": "http://i.imgur.com/O4WXlhS.jpg", "fileid": "g1266_d48x3f8.jpg"}, {"id": "g1266_d48rx75", "comment": "[Harry Pooter](http://i.imgur.com/nQ3kUmB.png)", "date": "2016-06-14 10:38:49", "seriesname": "g1266_d48rx75", "file": "/media/jbrogan4/scratch2/Reddit_Prov_Dataset_v6/_A_young_Harry_Potter_(Daniel_Radcliffe)_posing_with_his_broom/g1266_d48rx75.png", "URL": "http://i.imgur.com/nQ3kUmB.png", "fileid": "g1266_d48rx75.png"}, {"id": "g1266_d49kpcq", "comment": "[Harry....Go Home](http://imgur.com/w76coL0)", "date": "2016-06-14 20:54:51", "seriesname": "g1266_d49kpcq", "file": "/media/jbrogan4/scratch2/Reddit_Prov_Dataset_v6/_A_young_Harry_Potter_(Daniel_Radcliffe)_posing_with_his_broom/g1266_d49kpcq.png", "URL": "http://i.imgur.com/w76coL0.png", "fileid": "g1266_d49kpcq.png"}, {"id": "g1266_d48xtyi", "comment": "[Harry Potter pays his Hogwarts Tuition](http://imgur.com/0iQwAII)\n\nEDIT: NSFW", "date": "2016-06-14 12:44:12", "seriesname": "g1266_d48xtyi", "file": "/media/jbrogan4/scratch2/Reddit_Prov_Dataset_v6/_A_young_Harry_Potter_(Daniel_Radcliffe)_posing_with_his_broom/g1266_d48xtyi.png", "URL": "http://i.imgur.com/0iQwAII.png", "fileid": "g1266_d48xtyi.png"}, {"id": "g1266_d48pn4b", "comment": "http://i.imgur.com/Lb3nZV7.jpg", "date": "2016-06-14 09:42:44", "seriesname": "g1266_d48pn4b", "file": "/media/jbrogan4/scratch2/Reddit_Prov_Dataset_v6/_A_young_Harry_Potter_(Daniel_Radcliffe)_posing_with_his_broom/g1266_d48pn4b.jpg", "URL": "http://i.imgur.com/Lb3nZV7.jpg", "fileid": "g1266_d48pn4b.jpg"}, {"id": "g1266_d48uxfn", "comment": "[Hodorcrux](http://i.imgur.com/nZqPZ03.jpg)", "date": "2016-06-14 11:44:29", "seriesname": "g1266_d48uxfn", "file": "/media/jbrogan4/scratch2/Reddit_Prov_Dataset_v6/_A_young_Harry_Potter_(Daniel_Radcliffe)_posing_with_his_broom/g1266_d48uxfn.jpg", "URL": "http://i.imgur.com/nZqPZ03.jpg", "fileid": "g1266_d48uxfn.jpg"}, {"id": "g1266_d48s4nn", "comment": "[Finally coming out of the closet](http://i.imgur.com/OkGLcAh.jpg)", "date": "2016-06-14 10:43:26", "seriesname": "g1266_d48s4nn", "file": "/media/jbrogan4/scratch2/Reddit_Prov_Dataset_v6/_A_young_Harry_Potter_(Daniel_Radcliffe)_posing_with_his_broom/g1266_d48s4nn.jpg", "URL": "http://i.imgur.com/OkGLcAh.jpg", "fileid": "g1266_d48s4nn.jpg"}, {"id": "g1266_d48o89a", "comment": "[clop clop](http://i.imgur.com/Rycjpdw.jpg)", "date": "2016-06-14 09:02:02", "seriesname": "g1266_d48o89a", "file": "/media/jbrogan4/scratch2/Reddit_Prov_Dataset_v6/_A_young_Harry_Potter_(Daniel_Radcliffe)_posing_with_his_broom/g1266_d48o89a.jpg", "URL": "http://i.imgur.com/Rycjpdw.jpg", "fileid": "g1266_d48o89a.jpg"}, {"id": "g1266_d4957vi", "comment": "[HarryMerican](http://i.imgur.com/nf5tGLS.jpg)", "date": "2016-06-14 15:12:25", "seriesname": "g1266_d4957vi", "file": "/media/jbrogan4/scratch2/Reddit_Prov_Dataset_v6/_A_young_Harry_Potter_(Daniel_Radcliffe)_posing_with_his_broom/g1266_d4957vi.jpg", "URL": "http://i.imgur.com/nf5tGLS.jpg", "fileid": "g1266_d4957vi.jpg"}, {"id": "g1266_d490mmb", "comment": "[Power to main thrusters, all systems are go!] (https://i.imgur.com/F3hhsLa.jpg)", "date": "2016-06-14 13:39:54", "seriesname": "g1266_d490mmb", "file": "/media/jbrogan4/scratch2/Reddit_Prov_Dataset_v6/_A_young_Harry_Potter_(Daniel_Radcliffe)_posing_with_his_broom/g1266_d490mmb.jpg", "URL": "https://i.imgur.com/F3hhsLa.jpg", "fileid": "g1266_d490mmb.jpg"}, {"id": "g1266_d4953kx", "comment": "[result](http://i.imgur.com/C7C0BKq.jpg)", "date": "2016-06-14 15:09:59", "seriesname": "g1266_d4953kx", "file": "/media/jbrogan4/scratch2/Reddit_Prov_Dataset_v6/_A_young_Harry_Potter_(Daniel_Radcliffe)_posing_with_his_broom/g1266_d4953kx.jpg", "URL": "http://i.imgur.com/C7C0BKq.jpg", "fileid": "g1266_d4953kx.jpg"}, {"id": "g1266_d49490s", "comment": "[Chim Chim Cher-ee!](http://i.imgur.com/hRkDXSd.jpg)", "date": "2016-06-14 14:52:55", "seriesname": "g1266_d49490s", "file": "/media/jbrogan4/scratch2/Reddit_Prov_Dataset_v6/_A_young_Harry_Potter_(Daniel_Radcliffe)_posing_with_his_broom/g1266_d49490s.jpg", "URL": "http://i.imgur.com/hRkDXSd.jpg", "fileid": "g1266_d49490s.jpg"}, {"id": "g1266_d48wjw0", "comment": "inspired: [Harry Potter and The Hogwarts Pendulum Clock Tower](http://i.imgur.com/LeFtJzR.jpg)", "date": "2016-06-14 12:18:24", "seriesname": "g1266_d48wjw0", "file": "/media/jbrogan4/scratch2/Reddit_Prov_Dataset_v6/_A_young_Harry_Potter_(Daniel_Radcliffe)_posing_with_his_broom/g1266_d48wjw0.jpg", "URL": "http://i.imgur.com/LeFtJzR.jpg", "fileid": "g1266_d48wjw0.jpg"}, {"id": "g1266_d48qu4o", "comment": "[Harry Potter and the wrecking ball](http://i.imgur.com/Pp6WtIS.jpg)", "date": "2016-06-14 10:13:11", "seriesname": "g1266_d48qu4o", "file": "/media/jbrogan4/scratch2/Reddit_Prov_Dataset_v6/_A_young_Harry_Potter_(Daniel_Radcliffe)_posing_with_his_broom/g1266_d48qu4o.jpg", "URL": "http://i.imgur.com/Pp6WtIS.jpg", "fileid": "g1266_d48qu4o.jpg"}, {"id": "g1266_d48vgkp", "comment": "[Pole vaulter](http://i.imgur.com/ECTpMdh.jpg?1)", "date": "2016-06-14 11:55:33", "seriesname": "g1266_d48vgkp", "file": "/media/jbrogan4/scratch2/Reddit_Prov_Dataset_v6/_A_young_Harry_Potter_(Daniel_Radcliffe)_posing_with_his_broom/g1266_d48vgkp.jpg", "URL": "http://i.imgur.com/ECTpMdh.jpg?1", "fileid": "g1266_d48vgkp.jpg"}, {"id": "g1266_d48w48x", "comment": "[Harry Potted Plant](http://i.imgur.com/xBsrl9J.jpg)", "date": "2016-06-14 12:09:26", "seriesname": "g1266_d48w48x", "file": "/media/jbrogan4/scratch2/Reddit_Prov_Dataset_v6/_A_young_Harry_Potter_(Daniel_Radcliffe)_posing_with_his_broom/g1266_d48w48x.jpg", "URL": "http://i.imgur.com/xBsrl9J.jpg", "fileid": "g1266_d48w48x.jpg"}, {"id": "g1266_d48peyu", "comment": "[POTTER!](http://i.imgur.com/p01OsNp.png)", "date": "2016-06-14 09:36:40", "seriesname": "g1266_d48peyu", "file": "/media/jbrogan4/scratch2/Reddit_Prov_Dataset_v6/_A_young_Harry_Potter_(Daniel_Radcliffe)_posing_with_his_broom/g1266_d48peyu.png", "URL": "http://i.imgur.com/p01OsNp.png", "fileid": "g1266_d48peyu.png"}, {"id": "g1266_d49pvbh", "comment": "Dreamworks... http://imgur.com/2vr9zHk\n", "date": "2016-06-14 23:13:32", "seriesname": "g1266_d49pvbh", "file": "/media/jbrogan4/scratch2/Reddit_Prov_Dataset_v6/_A_young_Harry_Potter_(Daniel_Radcliffe)_posing_with_his_broom/g1266_d49pvbh.png", "URL": "http://i.imgur.com/2vr9zHk.png", "fileid": "g1266_d49pvbh.png"}, {"id": "g1266_d48nuc9", "comment": "http://i.imgur.com/eIXJrvw.jpg", "date": "2016-06-14 08:49:48", "seriesname": "g1266_d48nuc9", "file": "/media/jbrogan4/scratch2/Reddit_Prov_Dataset_v6/_A_young_Harry_Potter_(Daniel_Radcliffe)_posing_with_his_broom/g1266_d48nuc9.jpg", "URL": "http://i.imgur.com/eIXJrvw.jpg", "fileid": "g1266_d48nuc9.jpg"}, {"id": "g1266_d48qk8p", "comment": "[Unclogging the Sorcerer's Throne](http://i.imgur.com/Hm9Ir7k.jpg)", "date": "2016-06-14 10:06:22", "seriesname": "g1266_d48qk8p", "file": "/media/jbrogan4/scratch2/Reddit_Prov_Dataset_v6/_A_young_Harry_Potter_(Daniel_Radcliffe)_posing_with_his_broom/g1266_d48qk8p.jpg", "URL": "http://i.imgur.com/Hm9Ir7k.jpg", "fileid": "g1266_d48qk8p.jpg"}, {"id": "g1266_d4919d0", "comment": "[Harry Potter and the Sorcerer's Apprentice](http://i.imgur.com/qukUgYT.jpg?1)", "date": "2016-06-14 13:52:24", "seriesname": "g1266_d4919d0", "file": "/media/jbrogan4/scratch2/Reddit_Prov_Dataset_v6/_A_young_Harry_Potter_(Daniel_Radcliffe)_posing_with_his_broom/g1266_d4919d0.jpg", "URL": "http://i.imgur.com/qukUgYT.jpg?1", "fileid": "g1266_d4919d0.jpg"}, {"id": "g1266_d492ig1", "comment": "[Snape is not amused](http://i.imgur.com/UpgQMmi.jpg)", "date": "2016-06-14 14:17:42", "seriesname": "g1266_d492ig1", "file": "/media/jbrogan4/scratch2/Reddit_Prov_Dataset_v6/_A_young_Harry_Potter_(Daniel_Radcliffe)_posing_with_his_broom/g1266_d492ig1.jpg", "URL": "http://i.imgur.com/UpgQMmi.jpg", "fileid": "g1266_d492ig1.jpg"}, {"id": "g1266_d48of4v", "comment": "[Saying goodbye to the best friend](http://i.imgur.com/l1EIC1J.jpg?1)", "date": "2016-06-14 09:07:58", "seriesname": "g1266_d48of4v", "file": "/media/jbrogan4/scratch2/Reddit_Prov_Dataset_v6/_A_young_Harry_Potter_(Daniel_Radcliffe)_posing_with_his_broom/g1266_d48of4v.jpg", "URL": "http://i.imgur.com/l1EIC1J.jpg?1", "fileid": "g1266_d48of4v.jpg"}, {"id": "g1266_d48uqzx", "comment": "[How do you make this thing go faster?](http://imgur.com/hWz0BOk)", "date": "2016-06-14 11:40:45", "seriesname": "g1266_d48uqzx", "file": "/media/jbrogan4/scratch2/Reddit_Prov_Dataset_v6/_A_young_Harry_Potter_(Daniel_Radcliffe)_posing_with_his_broom/g1266_d48uqzx.png", "URL": "http://i.imgur.com/hWz0BOk.png", "fileid": "g1266_d48uqzx.png"}, {"id": "g1266_d48skvt", "comment": "[Harry Potter spotted at Euro 2016](http://imgur.com/Xm3ebBb.jpeg)", "date": "2016-06-14 10:53:33", "seriesname": "g1266_d48skvt", "file": "/media/jbrogan4/scratch2/Reddit_Prov_Dataset_v6/_A_young_Harry_Potter_(Daniel_Radcliffe)_posing_with_his_broom/g1266_d48skvt.jpg", "URL": "http://imgur.com/Xm3ebBb.jpeg", "fileid": "g1266_d48skvt.jpeg"}, {"id": "g1266_root", "comment": "", "date": "2016-06-14 07:15:44", "seriesname": "g1266_root", "file": "/media/jbrogan4/scratch2/Reddit_Prov_Dataset_v6/_A_young_Harry_Potter_(Daniel_Radcliffe)_posing_with_his_broom/g1266_root.jpg", "URL": "http://i.imgur.com/PgGy3GS.jpg", "fileid": "g1266_root.jpg"}, {"id": "g1266_d48lsdz", "comment": "[Sex change](http://i.imgur.com/83CztEr.jpg)", "date": "2016-06-14 07:32:49", "seriesname": "g1266_d48lsdz", "file": "/media/jbrogan4/scratch2/Reddit_Prov_Dataset_v6/_A_young_Harry_Potter_(Daniel_Radcliffe)_posing_with_his_broom/g1266_d48lsdz.jpg", "URL": "http://i.imgur.com/83CztEr.jpg", "fileid": "g1266_d48lsdz.jpg"}, {"id": "g1266_d48srdm", "comment": "[Clortho](http://i.imgur.com/2XC7q1x.jpg)", "date": "2016-06-14 10:57:32", "seriesname": "g1266_d48srdm", "file": "/media/jbrogan4/scratch2/Reddit_Prov_Dataset_v6/_A_young_Harry_Potter_(Daniel_Radcliffe)_posing_with_his_broom/g1266_d48srdm.jpg", "URL": "http://i.imgur.com/2XC7q1x.jpg", "fileid": "g1266_d48srdm.jpg"}, {"id": "g1266_d491a9k", "comment": "\n[Kanye &amp; Kanye &amp; Potter](http://i.imgur.com/tl4k8Hr.jpg)", "date": "2016-06-14 13:52:53", "seriesname": "g1266_d491a9k", "file": "/media/jbrogan4/scratch2/Reddit_Prov_Dataset_v6/_A_young_Harry_Potter_(Daniel_Radcliffe)_posing_with_his_broom/g1266_d491a9k.jpg", "URL": "http://i.imgur.com/tl4k8Hr.jpg", "fileid": "g1266_d491a9k.jpg"}, {"id": "g1266_d48rxq4", "comment": "[UP THA BUTT](http://imgur.com/JTgq5AK)", "date": "2016-06-14 10:39:08", "seriesname": "g1266_d48rxq4", "file": "/media/jbrogan4/scratch2/Reddit_Prov_Dataset_v6/_A_young_Harry_Potter_(Daniel_Radcliffe)_posing_with_his_broom/g1266_d48rxq4.png", "URL": "http://i.imgur.com/JTgq5AK.png", "fileid": "g1266_d48rxq4.png"}, {"id": "g1266_d48t7ci", "comment": "[10 poops for Gryffindor](http://i.imgur.com/HHgdfcy.jpg)", "date": "2016-06-14 11:07:19", "seriesname": "g1266_d48t7ci", "file": "/media/jbrogan4/scratch2/Reddit_Prov_Dataset_v6/_A_young_Harry_Potter_(Daniel_Radcliffe)_posing_with_his_broom/g1266_d48t7ci.jpg", "URL": "http://i.imgur.com/HHgdfcy.jpg", "fileid": "g1266_d48t7ci.jpg"}, {"id": "g1266_d48senf", "comment": "[What have I done...](http://i.imgur.com/uPcDYTJ.jpg)", "date": "2016-06-14 10:49:41", "seriesname": "g1266_d48senf", "file": "/media/jbrogan4/scratch2/Reddit_Prov_Dataset_v6/_A_young_Harry_Potter_(Daniel_Radcliffe)_posing_with_his_broom/g1266_d48senf.jpg", "URL": "http://i.imgur.com/uPcDYTJ.jpg", "fileid": "g1266_d48senf.jpg"}, {"id": "g1266_d48xmvv", "comment": "[Elijah Radcliffe] (http://i.imgur.com/O8McHYd.png)", "date": "2016-06-14 12:40:14", "seriesname": "g1266_d48xmvv", "file": "/media/jbrogan4/scratch2/Reddit_Prov_Dataset_v6/_A_young_Harry_Potter_(Daniel_Radcliffe)_posing_with_his_broom/g1266_d48xmvv.png", "URL": "http://i.imgur.com/O8McHYd.png", "fileid": "g1266_d48xmvv.png"}, {"id": "g1266_d48pr2u", "comment": "[Potter prepares to take off](http://i.imgur.com/DqbZi1w.jpg)", "date": "2016-06-14 09:45:38", "seriesname": "g1266_d48pr2u", "file": "/media/jbrogan4/scratch2/Reddit_Prov_Dataset_v6/_A_young_Harry_Potter_(Daniel_Radcliffe)_posing_with_his_broom/g1266_d48pr2u.jpg", "URL": "http://i.imgur.com/DqbZi1w.jpg", "fileid": "g1266_d48pr2u.jpg"}, {"id": "g1266_d48sys1", "comment": "[Where's Potter?](http://imgur.com/9apDNnx)", "date": "2016-06-14 11:02:04", "seriesname": "g1266_d48sys1", "file": "/media/jbrogan4/scratch2/Reddit_Prov_Dataset_v6/_A_young_Harry_Potter_(Daniel_Radcliffe)_posing_with_his_broom/g1266_d48sys1.png", "URL": "http://i.imgur.com/9apDNnx.png", "fileid": "g1266_d48sys1.png"}], "graph": {"name": "g1266_root"}, "directed": true}