{"links": [{"op": "none", "target": 0, "source": 61}, {"op": "none", "target": 1, "source": 61}, {"op": "none", "target": 2, "source": 61}, {"op": "none", "target": 3, "source": 61}, {"op": "none", "target": 4, "source": 61}, {"op": "none", "target": 5, "source": 61}, {"op": "none", "target": 6, "source": 61}, {"op": "none", "target": 7, "source": 61}, {"op": "none", "target": 8, "source": 4}, {"op": "none", "target": 9, "source": 61}, {"op": "none", "target": 10, "source": 61}, {"op": "none", "target": 11, "source": 61}, {"op": "none", "target": 12, "source": 61}, {"op": "none", "target": 13, "source": 24}, {"op": "none", "target": 14, "source": 61}, {"op": "none", "target": 15, "source": 61}, {"op": "none", "target": 16, "source": 61}, {"op": "none", "target": 17, "source": 61}, {"op": "none", "target": 18, "source": 6}, {"op": "none", "target": 19, "source": 61}, {"op": "none", "target": 20, "source": 61}, {"op": "none", "target": 21, "source": 61}, {"op": "none", "target": 22, "source": 61}, {"op": "none", "target": 23, "source": 61}, {"op": "none", "target": 24, "source": 41}, {"op": "none", "target": 25, "source": 61}, {"op": "none", "target": 26, "source": 50}, {"op": "none", "target": 27, "source": 61}, {"op": "none", "target": 28, "source": 61}, {"op": "none", "target": 29, "source": 61}, {"op": "none", "target": 30, "source": 61}, {"op": "none", "target": 31, "source": 61}, {"op": "none", "target": 32, "source": 61}, {"op": "none", "target": 33, "source": 61}, {"op": "none", "target": 34, "source": 61}, {"op": "none", "target": 35, "source": 63}, {"op": "none", "target": 36, "source": 61}, {"op": "none", "target": 37, "source": 0}, {"op": "none", "target": 38, "source": 61}, {"op": "none", "target": 39, "source": 61}, {"op": "none", "target": 40, "source": 61}, {"op": "none", "target": 41, "source": 35}, {"op": "none", "target": 42, "source": 61}, {"op": "none", "target": 43, "source": 61}, {"op": "none", "target": 44, "source": 61}, {"op": "none", "target": 45, "source": 61}, {"op": "none", "target": 46, "source": 61}, {"op": "none", "target": 47, "source": 61}, {"op": "none", "target": 48, "source": 61}, {"op": "none", "target": 49, "source": 61}, {"op": "none", "target": 50, "source": 61}, {"op": "none", "target": 51, "source": 61}, {"op": "none", "target": 52, "source": 61}, {"op": "none", "target": 53, "source": 58}, {"op": "none", "target": 54, "source": 61}, {"op": "none", "target": 55, "source": 61}, {"op": "none", "target": 56, "source": 61}, {"op": "none", "target": 57, "source": 61}, {"op": "none", "target": 58, "source": 61}, {"op": "none", "target": 59, "source": 61}, {"op": "none", "target": 60, "source": 50}, {"op": "none", "target": 62, "source": 61}, {"op": "none", "target": 63, "source": 54}, {"op": "none", "target": 64, "source": 61}], "title": "_This_picture_of_a_man_with_a_beard_looking_straight_up", "nodes": [{"id": "g1268_czzau28", "comment": "[Jamie Hyneman](http://i.imgur.com/rP9qGe5.png)\n\n^(slightly disfigured)", "date": "2016-02-14 00:53:22", "seriesname": "g1268_czzau28", "file": "/media/jbrogan4/scratch2/Reddit_Prov_Dataset_v6/_This_picture_of_a_man_with_a_beard_looking_straight_up/g1268_czzau28.png", "URL": "http://i.imgur.com/rP9qGe5.png", "fileid": "g1268_czzau28.png"}, {"id": "g1268_czznwnv", "comment": "Yaranaika~~\nhttp://i.imgur.com/pLnUmEd.png", "date": "2016-02-14 11:42:59", "seriesname": "g1268_czznwnv", "file": "/media/jbrogan4/scratch2/Reddit_Prov_Dataset_v6/_This_picture_of_a_man_with_a_beard_looking_straight_up/g1268_czznwnv.png", "URL": "http://i.imgur.com/pLnUmEd.png", "fileid": "g1268_czznwnv.png"}, {"id": "g1268_czzps0d", "comment": "[Underneath the Beard](http://i.imgur.com/FK4s3PZ.jpg)", "date": "2016-02-14 12:37:43", "seriesname": "g1268_czzps0d", "file": "/media/jbrogan4/scratch2/Reddit_Prov_Dataset_v6/_This_picture_of_a_man_with_a_beard_looking_straight_up/g1268_czzps0d.jpg", "URL": "http://i.imgur.com/FK4s3PZ.jpg", "fileid": "g1268_czzps0d.jpg"}, {"id": "g1268_czz570a", "comment": "Meep meep motherfucker (http://imgur.com/FssJ0nw)", "date": "2016-02-13 21:52:17", "seriesname": "g1268_czz570a", "file": "/media/jbrogan4/scratch2/Reddit_Prov_Dataset_v6/_This_picture_of_a_man_with_a_beard_looking_straight_up/g1268_czz570a.png", "URL": "http://i.imgur.com/FssJ0nw.png", "fileid": "g1268_czz570a.png"}, {"id": "g1268_czz3axv", "comment": "[Happy Valentine's Day everybody!](http://i.imgur.com/jNACCY3.png)", "date": "2016-02-13 20:57:36", "seriesname": "g1268_czz3axv", "file": "/media/jbrogan4/scratch2/Reddit_Prov_Dataset_v6/_This_picture_of_a_man_with_a_beard_looking_straight_up/g1268_czz3axv.png", "URL": "http://i.imgur.com/jNACCY3.png", "fileid": "g1268_czz3axv.png"}, {"id": "g1268_czzuya8", "comment": "[Anyone recognize this angry ginger?] (http://imgur.com/JMz7Xaw)", "date": "2016-02-14 15:03:42", "seriesname": "g1268_czzuya8", "file": "/media/jbrogan4/scratch2/Reddit_Prov_Dataset_v6/_This_picture_of_a_man_with_a_beard_looking_straight_up/g1268_czzuya8.png", "URL": "http://i.imgur.com/JMz7Xaw.png", "fileid": "g1268_czzuya8.png"}, {"id": "g1268_czz27p1", "comment": "[Guess whose face this is](http://i.imgur.com/4cW85gj.png)\n\n^[answer](http://i.imgur.com/mbykqSl.jpg)", "date": "2016-02-13 20:24:46", "seriesname": "g1268_czz27p1", "file": "/media/jbrogan4/scratch2/Reddit_Prov_Dataset_v6/_This_picture_of_a_man_with_a_beard_looking_straight_up/g1268_czz27p1.jpg", "URL": "http://i.imgur.com/mbykqSl.jpg", "fileid": "g1268_czz27p1.jpg"}, {"id": "g1268_czzn0if", "comment": "So many people took the Beaker route, I had to go with [Pac-Beard](http://i.imgur.com/QnRgmbL.gif).\n\n- Pac-Man and and Ghost are made from his beard.\n- Pellets and Power Pellet are made from his throat.\n- Maze made from the tiles behind the subject.\n\nToo much wasted time but I just had to finish it once I started...", "date": "2016-02-14 11:16:02", "seriesname": "g1268_czzn0if", "file": "/media/jbrogan4/scratch2/Reddit_Prov_Dataset_v6/_This_picture_of_a_man_with_a_beard_looking_straight_up/g1268_czzn0if.jpg", "URL": "http://i.imgur.com/QnRgmbL.gif).", "fileid": "g1268_czzn0if."}, {"id": "g1268_czzb3in", "comment": "Nice one! Same idea, different execution: [Wanksy.](http://i.imgur.com/WKFthoi.jpg)\n\n*Edit: [Without stencil](http://i.imgur.com/aSjBZ97.jpg)*", "date": "2016-02-14 01:02:43", "seriesname": "g1268_czzb3in", "file": "/media/jbrogan4/scratch2/Reddit_Prov_Dataset_v6/_This_picture_of_a_man_with_a_beard_looking_straight_up/g1268_czzb3in.jpg", "URL": "http://i.imgur.com/aSjBZ97.jpg)*", "fileid": "g1268_czzb3in.jpg*"}, {"id": "g1268_czza3ox", "comment": "[Look](http://i.imgur.com/XPk1ZfK.gif)", "date": "2016-02-14 00:26:42", "seriesname": "g1268_czza3ox", "file": "/media/jbrogan4/scratch2/Reddit_Prov_Dataset_v6/_This_picture_of_a_man_with_a_beard_looking_straight_up/g1268_czza3ox.jpg", "URL": "http://i.imgur.com/XPk1ZfK.gif", "fileid": "g1268_czza3ox.gif"}, {"id": "g1268_czzmkww", "comment": "Cha cha cha Chia! http://i.imgur.com/5AyuQS5.jpg ", "date": "2016-02-14 11:02:30", "seriesname": "g1268_czzmkww", "file": "/media/jbrogan4/scratch2/Reddit_Prov_Dataset_v6/_This_picture_of_a_man_with_a_beard_looking_straight_up/g1268_czzmkww.jpg", "URL": "http://i.imgur.com/5AyuQS5.jpg", "fileid": "g1268_czzmkww.jpg"}, {"id": "g1268_czz4783", "comment": "[No shave february](http://i.imgur.com/R34Uw8a.png)", "date": "2016-02-13 21:24:35", "seriesname": "g1268_czz4783", "file": "/media/jbrogan4/scratch2/Reddit_Prov_Dataset_v6/_This_picture_of_a_man_with_a_beard_looking_straight_up/g1268_czz4783.png", "URL": "http://i.imgur.com/R34Uw8a.png", "fileid": "g1268_czz4783.png"}, {"id": "g1268_czzok0i", "comment": "[Mythbusters](http://i.imgur.com/oVlwCA3.png)", "date": "2016-02-14 12:02:19", "seriesname": "g1268_czzok0i", "file": "/media/jbrogan4/scratch2/Reddit_Prov_Dataset_v6/_This_picture_of_a_man_with_a_beard_looking_straight_up/g1268_czzok0i.png", "URL": "http://i.imgur.com/oVlwCA3.png", "fileid": "g1268_czzok0i.png"}, {"id": "g1268_czz9y8m", "comment": "[Hair Attack!](http://i.imgur.com/53UusvY.gif)", "date": "2016-02-14 00:21:10", "seriesname": "g1268_czz9y8m", "file": "/media/jbrogan4/scratch2/Reddit_Prov_Dataset_v6/_This_picture_of_a_man_with_a_beard_looking_straight_up/g1268_czz9y8m.jpg", "URL": "http://i.imgur.com/53UusvY.gif", "fileid": "g1268_czz9y8m.gif"}, {"id": "g1268_czznpn6", "comment": "my first stab at these. http://imgur.com/gallery/wIwV6bJ", "date": "2016-02-14 11:37:18", "seriesname": "g1268_czznpn6", "file": "/media/jbrogan4/scratch2/Reddit_Prov_Dataset_v6/_This_picture_of_a_man_with_a_beard_looking_straight_up/g1268_czznpn6.png", "URL": "http://i.imgur.com/wIwV6bJ.png", "fileid": "g1268_czznpn6.png"}, {"id": "g1268_czzrnmk", "comment": "[B\u00f8rk! B\u00f8rk! B\u00f8rk!](http://imgur.com/vKL3ets)", "date": "2016-02-14 13:30:02", "seriesname": "g1268_czzrnmk", "file": "/media/jbrogan4/scratch2/Reddit_Prov_Dataset_v6/_This_picture_of_a_man_with_a_beard_looking_straight_up/g1268_czzrnmk.png", "URL": "http://i.imgur.com/vKL3ets.png", "fileid": "g1268_czzrnmk.png"}, {"id": "g1268_czzqip8", "comment": "[Bringo!](http://imgur.com/VX5MPHH)", "date": "2016-02-14 12:58:38", "seriesname": "g1268_czzqip8", "file": "/media/jbrogan4/scratch2/Reddit_Prov_Dataset_v6/_This_picture_of_a_man_with_a_beard_looking_straight_up/g1268_czzqip8.png", "URL": "http://i.imgur.com/VX5MPHH.png", "fileid": "g1268_czzqip8.png"}, {"id": "g1268_czzlmt9", "comment": "Cliche is as Cliche does\nhttp://imgur.com/1uEBk9W", "date": "2016-02-14 10:31:59", "seriesname": "g1268_czzlmt9", "file": "/media/jbrogan4/scratch2/Reddit_Prov_Dataset_v6/_This_picture_of_a_man_with_a_beard_looking_straight_up/g1268_czzlmt9.png", "URL": "http://i.imgur.com/1uEBk9W.png", "fileid": "g1268_czzlmt9.png"}, {"id": "g1268_czzds9o", "comment": "[You're right!](http://i.imgur.com/KQHnF3L.jpg)", "date": "2016-02-14 03:08:14", "seriesname": "g1268_czzds9o", "file": "/media/jbrogan4/scratch2/Reddit_Prov_Dataset_v6/_This_picture_of_a_man_with_a_beard_looking_straight_up/g1268_czzds9o.jpg", "URL": "http://i.imgur.com/KQHnF3L.jpg", "fileid": "g1268_czzds9o.jpg"}, {"id": "g1268_czzl80t", "comment": "[First \\(and pretty much only\\) thing that came to mind.](http://i.imgur.com/SZPQ6F5.jpg)", "date": "2016-02-14 10:18:17", "seriesname": "g1268_czzl80t", "file": "/media/jbrogan4/scratch2/Reddit_Prov_Dataset_v6/_This_picture_of_a_man_with_a_beard_looking_straight_up/g1268_czzl80t.jpg", "URL": "http://i.imgur.com/SZPQ6F5.jpg", "fileid": "g1268_czzl80t.jpg"}, {"id": "g1268_czz23u3", "comment": "Well this was fun http://imgur.com/QXckDEQ", "date": "2016-02-13 20:21:30", "seriesname": "g1268_czz23u3", "file": "/media/jbrogan4/scratch2/Reddit_Prov_Dataset_v6/_This_picture_of_a_man_with_a_beard_looking_straight_up/g1268_czz23u3.png", "URL": "http://i.imgur.com/QXckDEQ.png", "fileid": "g1268_czz23u3.png"}, {"id": "g1268_czzdq0y", "comment": "[Hairy-footed gnome](http://i.imgur.com/XWd0ybp.jpg)", "date": "2016-02-14 03:04:38", "seriesname": "g1268_czzdq0y", "file": "/media/jbrogan4/scratch2/Reddit_Prov_Dataset_v6/_This_picture_of_a_man_with_a_beard_looking_straight_up/g1268_czzdq0y.jpg", "URL": "http://i.imgur.com/XWd0ybp.jpg", "fileid": "g1268_czzdq0y.jpg"}, {"id": "g1268_czzeflk", "comment": "[Mr. Potato Head](http://i.imgur.com/zjGpikM.jpg)", "date": "2016-02-14 03:47:43", "seriesname": "g1268_czzeflk", "file": "/media/jbrogan4/scratch2/Reddit_Prov_Dataset_v6/_This_picture_of_a_man_with_a_beard_looking_straight_up/g1268_czzeflk.jpg", "URL": "http://i.imgur.com/zjGpikM.jpg", "fileid": "g1268_czzeflk.jpg"}, {"id": "g1268_czzeebp", "comment": "https://imgur.com/sSjd1f6\n", "date": "2016-02-14 03:45:27", "seriesname": "g1268_czzeebp", "file": "/media/jbrogan4/scratch2/Reddit_Prov_Dataset_v6/_This_picture_of_a_man_with_a_beard_looking_straight_up/g1268_czzeebp.png", "URL": "http://i.imgur.com/sSjd1f6.png", "fileid": "g1268_czzeebp.png"}, {"id": "g1268_czz8f2w", "comment": "[Such a hairy dude](http://i.imgur.com/rbyPfks.jpg)", "date": "2016-02-13 23:27:46", "seriesname": "g1268_czz8f2w", "file": "/media/jbrogan4/scratch2/Reddit_Prov_Dataset_v6/_This_picture_of_a_man_with_a_beard_looking_straight_up/g1268_czz8f2w.jpg", "URL": "http://i.imgur.com/rbyPfks.jpg", "fileid": "g1268_czz8f2w.jpg"}, {"id": "g1268_czzsjyb", "comment": "http://imgur.com/xNUyBwW A young Beaker\n", "date": "2016-02-14 13:55:10", "seriesname": "g1268_czzsjyb", "file": "/media/jbrogan4/scratch2/Reddit_Prov_Dataset_v6/_This_picture_of_a_man_with_a_beard_looking_straight_up/g1268_czzsjyb.png", "URL": "http://i.imgur.com/xNUyBwW.png", "fileid": "g1268_czzsjyb.png"}, {"id": "g1268_czzrzys", "comment": "http://i.imgur.com/myeIHT9.png", "date": "2016-02-14 13:39:30", "seriesname": "g1268_czzrzys", "file": "/media/jbrogan4/scratch2/Reddit_Prov_Dataset_v6/_This_picture_of_a_man_with_a_beard_looking_straight_up/g1268_czzrzys.png", "URL": "http://i.imgur.com/myeIHT9.png", "fileid": "g1268_czzrzys.png"}, {"id": "g1268_czzeg1q", "comment": "[Why? I don't know why...](http://imgur.com/13DDSPx)", "date": "2016-02-14 03:48:31", "seriesname": "g1268_czzeg1q", "file": "/media/jbrogan4/scratch2/Reddit_Prov_Dataset_v6/_This_picture_of_a_man_with_a_beard_looking_straight_up/g1268_czzeg1q.png", "URL": "http://i.imgur.com/13DDSPx.png", "fileid": "g1268_czzeg1q.png"}, {"id": "g1268_czzq1jq", "comment": "Damnit.  I wasn't the only one.  I made it before I looked at the comments.   So since I took the time,  I'm still sharing. \n\nhttp://i.imgur.com/SpX840a.jpg", "date": "2016-02-14 12:45:17", "seriesname": "g1268_czzq1jq", "file": "/media/jbrogan4/scratch2/Reddit_Prov_Dataset_v6/_This_picture_of_a_man_with_a_beard_looking_straight_up/g1268_czzq1jq.jpg", "URL": "http://i.imgur.com/SpX840a.jpg", "fileid": "g1268_czzq1jq.jpg"}, {"id": "g1268_czzclf7", "comment": "[Eraserhead, dude](http://i.imgur.com/OvfQCCo.jpg)", "date": "2016-02-14 02:05:02", "seriesname": "g1268_czzclf7", "file": "/media/jbrogan4/scratch2/Reddit_Prov_Dataset_v6/_This_picture_of_a_man_with_a_beard_looking_straight_up/g1268_czzclf7.jpg", "URL": "http://i.imgur.com/OvfQCCo.jpg", "fileid": "g1268_czzclf7.jpg"}, {"id": "g1268_czzedmb", "comment": "[Happy little bush](http://i.imgur.com/GLFp1iT.jpg)", "date": "2016-02-14 03:44:17", "seriesname": "g1268_czzedmb", "file": "/media/jbrogan4/scratch2/Reddit_Prov_Dataset_v6/_This_picture_of_a_man_with_a_beard_looking_straight_up/g1268_czzedmb.jpg", "URL": "http://i.imgur.com/GLFp1iT.jpg", "fileid": "g1268_czzedmb.jpg"}, {"id": "g1268_czzf0fw", "comment": "[It had to be done.](http://i.imgur.com/cwPsdFl.jpg)", "date": "2016-02-14 04:27:13", "seriesname": "g1268_czzf0fw", "file": "/media/jbrogan4/scratch2/Reddit_Prov_Dataset_v6/_This_picture_of_a_man_with_a_beard_looking_straight_up/g1268_czzf0fw.jpg", "URL": "http://i.imgur.com/cwPsdFl.jpg", "fileid": "g1268_czzf0fw.jpg"}, {"id": "g1268_czzll7z", "comment": "[Minion undercover](http://i.imgur.com/kbv63Ti.jpg)", "date": "2016-02-14 10:30:31", "seriesname": "g1268_czzll7z", "file": "/media/jbrogan4/scratch2/Reddit_Prov_Dataset_v6/_This_picture_of_a_man_with_a_beard_looking_straight_up/g1268_czzll7z.jpg", "URL": "http://i.imgur.com/kbv63Ti.jpg", "fileid": "g1268_czzll7z.jpg"}, {"id": "g1268_czze488", "comment": "[Pac-man](http://i.imgur.com/PXenKSl.png)\n\n(Thanks /u/Elevated_Dongers for the idea)", "date": "2016-02-14 03:27:59", "seriesname": "g1268_czze488", "file": "/media/jbrogan4/scratch2/Reddit_Prov_Dataset_v6/_This_picture_of_a_man_with_a_beard_looking_straight_up/g1268_czze488.png", "URL": "http://i.imgur.com/PXenKSl.png", "fileid": "g1268_czze488.png"}, {"id": "g1268_czz6fka", "comment": "[We all went straight to Beaker](http://i.imgur.com/wUWJimY.jpg)", "date": "2016-02-13 22:26:56", "seriesname": "g1268_czz6fka", "file": "/media/jbrogan4/scratch2/Reddit_Prov_Dataset_v6/_This_picture_of_a_man_with_a_beard_looking_straight_up/g1268_czz6fka.jpg", "URL": "http://i.imgur.com/wUWJimY.jpg", "fileid": "g1268_czz6fka.jpg"}, {"id": "g1268_czz6cmn", "comment": "[So much hair](http://i.imgur.com/sWr4MFO.jpg)", "date": "2016-02-13 22:24:38", "seriesname": "g1268_czz6cmn", "file": "/media/jbrogan4/scratch2/Reddit_Prov_Dataset_v6/_This_picture_of_a_man_with_a_beard_looking_straight_up/g1268_czz6cmn.jpg", "URL": "http://i.imgur.com/sWr4MFO.jpg", "fileid": "g1268_czz6cmn.jpg"}, {"id": "g1268_czzeigm", "comment": "I should have looked through the comments because somebody already made this, but, [meep meep!](http://imgur.com/XDZfFoI)", "date": "2016-02-14 03:52:57", "seriesname": "g1268_czzeigm", "file": "/media/jbrogan4/scratch2/Reddit_Prov_Dataset_v6/_This_picture_of_a_man_with_a_beard_looking_straight_up/g1268_czzeigm.png", "URL": "http://i.imgur.com/XDZfFoI.png", "fileid": "g1268_czzeigm.png"}, {"id": "g1268_czzmlbm", "comment": "[Continuing your noble work](http://i.imgur.com/5cmMgu4.jpg)", "date": "2016-02-14 11:02:52", "seriesname": "g1268_czzmlbm", "file": "/media/jbrogan4/scratch2/Reddit_Prov_Dataset_v6/_This_picture_of_a_man_with_a_beard_looking_straight_up/g1268_czzmlbm.jpg", "URL": "http://i.imgur.com/5cmMgu4.jpg", "fileid": "g1268_czzmlbm.jpg"}, {"id": "g1268_czz4t3f", "comment": "[Im so Sorry](http://i.imgur.com/EbcDgYM.jpg)", "date": "2016-02-13 21:41:12", "seriesname": "g1268_czz4t3f", "file": "/media/jbrogan4/scratch2/Reddit_Prov_Dataset_v6/_This_picture_of_a_man_with_a_beard_looking_straight_up/g1268_czz4t3f.jpg", "URL": "http://i.imgur.com/EbcDgYM.jpg", "fileid": "g1268_czz4t3f.jpg"}, {"id": "g1268_czz71lr", "comment": "[http://i.imgur.com/dm7bTdI.jpg](http://i.imgur.com/dm7bTdI.jpg)\n", "date": "2016-02-13 22:43:42", "seriesname": "g1268_czz71lr", "file": "/media/jbrogan4/scratch2/Reddit_Prov_Dataset_v6/_This_picture_of_a_man_with_a_beard_looking_straight_up/g1268_czz71lr.jpg", "URL": "http://i.imgur.com/dm7bTdI.jpg](http://i.imgur.com/dm7bTdI.jpg", "fileid": "g1268_czz71lr.jpg"}, {"id": "g1268_czzeuuf", "comment": "Ed Sheeran.\nhttp://i.imgur.com/KQ8JHca.jpg", "date": "2016-02-14 04:16:22", "seriesname": "g1268_czzeuuf", "file": "/media/jbrogan4/scratch2/Reddit_Prov_Dataset_v6/_This_picture_of_a_man_with_a_beard_looking_straight_up/g1268_czzeuuf.jpg", "URL": "http://i.imgur.com/KQ8JHca.jpg", "fileid": "g1268_czzeuuf.jpg"}, {"id": "g1268_czz72fh", "comment": "[Even more hair](http://i.imgur.com/qjI12Ez.jpg)", "date": "2016-02-13 22:44:22", "seriesname": "g1268_czz72fh", "file": "/media/jbrogan4/scratch2/Reddit_Prov_Dataset_v6/_This_picture_of_a_man_with_a_beard_looking_straight_up/g1268_czz72fh.jpg", "URL": "http://i.imgur.com/qjI12Ez.jpg", "fileid": "g1268_czz72fh.jpg"}, {"id": "g1268_czzidjc", "comment": "[A young Mort appears](http://i.imgur.com/s5hp0ZM.jpg)", "date": "2016-02-14 08:18:50", "seriesname": "g1268_czzidjc", "file": "/media/jbrogan4/scratch2/Reddit_Prov_Dataset_v6/_This_picture_of_a_man_with_a_beard_looking_straight_up/g1268_czzidjc.jpg", "URL": "http://i.imgur.com/s5hp0ZM.jpg", "fileid": "g1268_czzidjc.jpg"}, {"id": "g1268_czzo8i8", "comment": "[Hot babe!](http://imgur.com/JHCmqAT)", "date": "2016-02-14 11:52:57", "seriesname": "g1268_czzo8i8", "file": "/media/jbrogan4/scratch2/Reddit_Prov_Dataset_v6/_This_picture_of_a_man_with_a_beard_looking_straight_up/g1268_czzo8i8.png", "URL": "http://i.imgur.com/JHCmqAT.png", "fileid": "g1268_czzo8i8.png"}, {"id": "g1268_czzgdsc", "comment": "[I know this isn't allowed by the rules, but come on...](http://i.imgur.com/Mjn8ExC.jpg)", "date": "2016-02-14 06:10:25", "seriesname": "g1268_czzgdsc", "file": "/media/jbrogan4/scratch2/Reddit_Prov_Dataset_v6/_This_picture_of_a_man_with_a_beard_looking_straight_up/g1268_czzgdsc.jpg", "URL": "http://i.imgur.com/Mjn8ExC.jpg", "fileid": "g1268_czzgdsc.jpg"}, {"id": "g1268_czzjfbv", "comment": "Everyone else seems to be seeing Beaker.\n\nAll I see is a cock. Might be time to get off of Reddit (https://i.imgur.com/7yIEm7P.jpg)", "date": "2016-02-14 09:06:51", "seriesname": "g1268_czzjfbv", "file": "/media/jbrogan4/scratch2/Reddit_Prov_Dataset_v6/_This_picture_of_a_man_with_a_beard_looking_straight_up/g1268_czzjfbv.jpg", "URL": "https://i.imgur.com/7yIEm7P.jpg", "fileid": "g1268_czzjfbv.jpg"}, {"id": "g1268_czzntrh", "comment": "[GOSH!](http://imgur.com/xtButmY)", "date": "2016-02-14 11:40:38", "seriesname": "g1268_czzntrh", "file": "/media/jbrogan4/scratch2/Reddit_Prov_Dataset_v6/_This_picture_of_a_man_with_a_beard_looking_straight_up/g1268_czzntrh.png", "URL": "http://i.imgur.com/xtButmY.png", "fileid": "g1268_czzntrh.png"}, {"id": "g1268_czzkc2n", "comment": "http://imgur.com/kfXXZCZ", "date": "2016-02-14 09:44:23", "seriesname": "g1268_czzkc2n", "file": "/media/jbrogan4/scratch2/Reddit_Prov_Dataset_v6/_This_picture_of_a_man_with_a_beard_looking_straight_up/g1268_czzkc2n.png", "URL": "http://i.imgur.com/kfXXZCZ.png", "fileid": "g1268_czzkc2n.png"}, {"id": "g1268_czzgyjz", "comment": "[A rare Brown fuzzy-beard Fox Terrier](http://i.imgur.com/OMiE9NQ.jpg)", "date": "2016-02-14 06:52:44", "seriesname": "g1268_czzgyjz", "file": "/media/jbrogan4/scratch2/Reddit_Prov_Dataset_v6/_This_picture_of_a_man_with_a_beard_looking_straight_up/g1268_czzgyjz.jpg", "URL": "http://i.imgur.com/OMiE9NQ.jpg", "fileid": "g1268_czzgyjz.jpg"}, {"id": "g1268_czzfnqi", "comment": "You are all just a bunch of hunks.. http://imgur.com/a0QpdYx", "date": "2016-02-14 05:14:40", "seriesname": "g1268_czzfnqi", "file": "/media/jbrogan4/scratch2/Reddit_Prov_Dataset_v6/_This_picture_of_a_man_with_a_beard_looking_straight_up/g1268_czzfnqi.png", "URL": "http://i.imgur.com/a0QpdYx.png", "fileid": "g1268_czzfnqi.png"}, {"id": "g1268_czz8n7n", "comment": "[surprised nobody has done this yet](http://i.imgur.com/FZLLLll.png)", "date": "2016-02-13 23:35:32", "seriesname": "g1268_czz8n7n", "file": "/media/jbrogan4/scratch2/Reddit_Prov_Dataset_v6/_This_picture_of_a_man_with_a_beard_looking_straight_up/g1268_czz8n7n.png", "URL": "http://i.imgur.com/FZLLLll.png", "fileid": "g1268_czz8n7n.png"}, {"id": "g1268_czzcme9", "comment": "[Well hello there...](http://i.imgur.com/1ocVmWq.png)", "date": "2016-02-14 02:06:14", "seriesname": "g1268_czzcme9", "file": "/media/jbrogan4/scratch2/Reddit_Prov_Dataset_v6/_This_picture_of_a_man_with_a_beard_looking_straight_up/g1268_czzcme9.png", "URL": "http://i.imgur.com/1ocVmWq.png", "fileid": "g1268_czzcme9.png"}, {"id": "g1268_czz557w", "comment": "[Thumbnail](http://i.imgur.com/jHrxg8V.jpg)", "date": "2016-02-13 21:50:49", "seriesname": "g1268_czz557w", "file": "/media/jbrogan4/scratch2/Reddit_Prov_Dataset_v6/_This_picture_of_a_man_with_a_beard_looking_straight_up/g1268_czz557w.jpg", "URL": "http://i.imgur.com/jHrxg8V.jpg", "fileid": "g1268_czz557w.jpg"}, {"id": "g1268_czzhcin", "comment": "Crazy, I did [one](http://imgur.com/Y1PhNe6) right after shaving my neck line one day! ", "date": "2016-02-14 07:19:41", "seriesname": "g1268_czzhcin", "file": "/media/jbrogan4/scratch2/Reddit_Prov_Dataset_v6/_This_picture_of_a_man_with_a_beard_looking_straight_up/g1268_czzhcin.png", "URL": "http://i.imgur.com/Y1PhNe6.png", "fileid": "g1268_czzhcin.png"}, {"id": "g1268_czz3kb0", "comment": "[Imgur](http://i.imgur.com/KhFNgIQ.jpg)", "date": "2016-02-13 21:05:30", "seriesname": "g1268_czz3kb0", "file": "/media/jbrogan4/scratch2/Reddit_Prov_Dataset_v6/_This_picture_of_a_man_with_a_beard_looking_straight_up/g1268_czz3kb0.jpg", "URL": "http://i.imgur.com/KhFNgIQ.jpg", "fileid": "g1268_czz3kb0.jpg"}, {"id": "g1268_czzco2u", "comment": "[unsavory character in disguise](http://imgur.com/gallery/ppa4Dhy)", "date": "2016-02-14 02:08:25", "seriesname": "g1268_czzco2u", "file": "/media/jbrogan4/scratch2/Reddit_Prov_Dataset_v6/_This_picture_of_a_man_with_a_beard_looking_straight_up/g1268_czzco2u.png", "URL": "http://i.imgur.com/ppa4Dhy.png", "fileid": "g1268_czzco2u.png"}, {"id": "g1268_czzhans", "comment": "[Hey, I did this too!](http://imgur.com/Y1PhNe6)", "date": "2016-02-14 07:16:18", "seriesname": "g1268_czzhans", "file": "/media/jbrogan4/scratch2/Reddit_Prov_Dataset_v6/_This_picture_of_a_man_with_a_beard_looking_straight_up/g1268_czzhans.png", "URL": "http://i.imgur.com/Y1PhNe6.png", "fileid": "g1268_czzhans.png"}, {"id": "g1268_czzqgby", "comment": "the missing one: [Imgur](http://i.imgur.com/RE7hx3W.jpg)", "date": "2016-02-14 12:56:50", "seriesname": "g1268_czzqgby", "file": "/media/jbrogan4/scratch2/Reddit_Prov_Dataset_v6/_This_picture_of_a_man_with_a_beard_looking_straight_up/g1268_czzqgby.jpg", "URL": "http://i.imgur.com/RE7hx3W.jpg", "fileid": "g1268_czzqgby.jpg"}, {"id": "g1268_czz47n8", "comment": "Meep meep meep(http://i.imgur.com/XnvMt9o.jpg)", "date": "2016-02-13 21:24:56", "seriesname": "g1268_czz47n8", "file": "/media/jbrogan4/scratch2/Reddit_Prov_Dataset_v6/_This_picture_of_a_man_with_a_beard_looking_straight_up/g1268_czz47n8.jpg", "URL": "http://i.imgur.com/XnvMt9o.jpg", "fileid": "g1268_czz47n8.jpg"}, {"id": "g1268_czzo9c7", "comment": "Tribble Beard: http://i.imgur.com/hPkXQCd.jpg", "date": "2016-02-14 11:53:40", "seriesname": "g1268_czzo9c7", "file": "/media/jbrogan4/scratch2/Reddit_Prov_Dataset_v6/_This_picture_of_a_man_with_a_beard_looking_straight_up/g1268_czzo9c7.jpg", "URL": "http://i.imgur.com/hPkXQCd.jpg", "fileid": "g1268_czzo9c7.jpg"}, {"id": "g1268_czzieaz", "comment": "[My shitty contribution.](http://imgur.com/G4znrGC)", "date": "2016-02-14 08:19:55", "seriesname": "g1268_czzieaz", "file": "/media/jbrogan4/scratch2/Reddit_Prov_Dataset_v6/_This_picture_of_a_man_with_a_beard_looking_straight_up/g1268_czzieaz.png", "URL": "http://i.imgur.com/G4znrGC.png", "fileid": "g1268_czzieaz.png"}, {"id": "g1268_root", "comment": "", "date": "2016-02-13 19:44:05", "seriesname": "g1268_root", "file": "/media/jbrogan4/scratch2/Reddit_Prov_Dataset_v6/_This_picture_of_a_man_with_a_beard_looking_straight_up/g1268_root.jpg", "URL": "http://i.imgur.com/ABNyUna.jpg", "fileid": "g1268_root.jpg"}, {"id": "g1268_czzg3ea", "comment": "[Me-me-me-meeeee-mememeeee!](http://i.imgur.com/7c636me.png)", "date": "2016-02-14 05:47:47", "seriesname": "g1268_czzg3ea", "file": "/media/jbrogan4/scratch2/Reddit_Prov_Dataset_v6/_This_picture_of_a_man_with_a_beard_looking_straight_up/g1268_czzg3ea.png", "URL": "http://i.imgur.com/7c636me.png", "fileid": "g1268_czzg3ea.png"}, {"id": "g1268_czz54ns", "comment": "[Hairier](http://i.imgur.com/Ouo1HYY.jpg)", "date": "2016-02-13 21:50:20", "seriesname": "g1268_czz54ns", "file": "/media/jbrogan4/scratch2/Reddit_Prov_Dataset_v6/_This_picture_of_a_man_with_a_beard_looking_straight_up/g1268_czz54ns.jpg", "URL": "http://i.imgur.com/Ouo1HYY.jpg", "fileid": "g1268_czz54ns.jpg"}, {"id": "g1268_czzizuc", "comment": "[Super Ginger](http://i.imgur.com/FokmbJi.png)", "date": "2016-02-14 08:49:36", "seriesname": "g1268_czzizuc", "file": "/media/jbrogan4/scratch2/Reddit_Prov_Dataset_v6/_This_picture_of_a_man_with_a_beard_looking_straight_up/g1268_czzizuc.png", "URL": "http://i.imgur.com/FokmbJi.png", "fileid": "g1268_czzizuc.png"}], "graph": {"name": "g1268_root"}, "directed": true}