{"links": [{"op": "none", "target": 0, "source": 10}, {"op": "none", "target": 1, "source": 10}, {"op": "none", "target": 2, "source": 10}, {"op": "none", "target": 3, "source": 10}, {"op": "none", "target": 4, "source": 10}, {"op": "none", "target": 5, "source": 10}, {"op": "none", "target": 6, "source": 10}, {"op": "none", "target": 7, "source": 10}, {"op": "none", "target": 8, "source": 10}, {"op": "none", "target": 9, "source": 10}, {"op": "none", "target": 11, "source": 10}, {"op": "none", "target": 12, "source": 10}, {"op": "none", "target": 13, "source": 10}, {"op": "none", "target": 14, "source": 10}, {"op": "none", "target": 15, "source": 10}, {"op": "none", "target": 16, "source": 10}, {"op": "none", "target": 17, "source": 10}, {"op": "none", "target": 18, "source": 14}, {"op": "none", "target": 19, "source": 10}, {"op": "none", "target": 20, "source": 10}, {"op": "none", "target": 21, "source": 10}, {"op": "none", "target": 22, "source": 10}, {"op": "none", "target": 23, "source": 10}, {"op": "none", "target": 24, "source": 10}, {"op": "none", "target": 25, "source": 10}, {"op": "none", "target": 26, "source": 9}, {"op": "none", "target": 27, "source": 10}, {"op": "none", "target": 28, "source": 10}, {"op": "none", "target": 29, "source": 14}, {"op": "none", "target": 30, "source": 10}, {"op": "none", "target": 31, "source": 10}, {"op": "none", "target": 32, "source": 10}, {"op": "none", "target": 33, "source": 10}, {"op": "none", "target": 34, "source": 10}, {"op": "none", "target": 35, "source": 10}, {"op": "none", "target": 36, "source": 10}, {"op": "none", "target": 37, "source": 10}, {"op": "none", "target": 38, "source": 37}, {"op": "none", "target": 39, "source": 10}, {"op": "none", "target": 40, "source": 10}, {"op": "none", "target": 41, "source": 10}, {"op": "none", "target": 42, "source": 10}, {"op": "none", "target": 43, "source": 3}, {"op": "none", "target": 44, "source": 10}], "title": "_Donald_Trump,_1951", "nodes": [{"id": "g1275_d5qjsms", "comment": "The Phantom Republican: http://i.imgur.com/PUAjMKn.jpg", "date": "2016-07-25 17:32:38", "seriesname": "g1275_d5qjsms", "file": "/media/jbrogan4/scratch2/Reddit_Prov_Dataset_v6/_Donald_Trump,_1951/g1275_d5qjsms.jpg", "URL": "http://i.imgur.com/PUAjMKn.jpg", "fileid": "g1275_d5qjsms.jpg"}, {"id": "g1275_d5q0k1f", "comment": "[*What a sweet little... set of hands.*](http://i.imgur.com/nrrIHLS.jpg)", "date": "2016-07-25 10:45:37", "seriesname": "g1275_d5q0k1f", "file": "/media/jbrogan4/scratch2/Reddit_Prov_Dataset_v6/_Donald_Trump,_1951/g1275_d5q0k1f.jpg", "URL": "http://i.imgur.com/nrrIHLS.jpg", "fileid": "g1275_d5q0k1f.jpg"}, {"id": "g1275_d5qeekz", "comment": "[Orange and full of shit since 1951](http://i.imgur.com/Be8heSs.jpg)", "date": "2016-07-25 15:40:30", "seriesname": "g1275_d5qeekz", "file": "/media/jbrogan4/scratch2/Reddit_Prov_Dataset_v6/_Donald_Trump,_1951/g1275_d5qeekz.jpg", "URL": "http://i.imgur.com/Be8heSs.jpg", "fileid": "g1275_d5qeekz.jpg"}, {"id": "g1275_d5q8f81", "comment": "[Trump and Sanders](http://i.imgur.com/5tLCbdc.jpg)", "date": "2016-07-25 13:33:59", "seriesname": "g1275_d5q8f81", "file": "/media/jbrogan4/scratch2/Reddit_Prov_Dataset_v6/_Donald_Trump,_1951/g1275_d5q8f81.jpg", "URL": "http://i.imgur.com/5tLCbdc.jpg", "fileid": "g1275_d5q8f81.jpg"}, {"id": "g1275_d5qbp2b", "comment": "[years later](http://i.imgur.com/cwdidDj.png)", "date": "2016-07-25 14:42:36", "seriesname": "g1275_d5qbp2b", "file": "/media/jbrogan4/scratch2/Reddit_Prov_Dataset_v6/_Donald_Trump,_1951/g1275_d5qbp2b.png", "URL": "http://i.imgur.com/cwdidDj.png", "fileid": "g1275_d5qbp2b.png"}, {"id": "g1275_d5qbcu7", "comment": "[ALL IN ALL IT'S JUST-A, NOTHER BRICK IN THE WALL.](http://i.imgur.com/uwmABZ3.jpg)\n\nEdit: [Wrong! Do it again!](http://i.imgur.com/EQ99dkX.jpg)", "date": "2016-07-25 14:32:14", "seriesname": "g1275_d5qbcu7", "file": "/media/jbrogan4/scratch2/Reddit_Prov_Dataset_v6/_Donald_Trump,_1951/g1275_d5qbcu7.jpg", "URL": "http://i.imgur.com/EQ99dkX.jpg", "fileid": "g1275_d5qbcu7.jpg"}, {"id": "g1275_d5qbhkx", "comment": "[Before There Were Trump Steaks...](http://i.imgur.com/FAqgiMY.jpg)", "date": "2016-07-25 14:34:52", "seriesname": "g1275_d5qbhkx", "file": "/media/jbrogan4/scratch2/Reddit_Prov_Dataset_v6/_Donald_Trump,_1951/g1275_d5qbhkx.jpg", "URL": "http://i.imgur.com/FAqgiMY.jpg", "fileid": "g1275_d5qbhkx.jpg"}, {"id": "g1275_d5qcojh", "comment": "[mouth/eye swap and little hands a combover and orangeing](http://i.imgur.com/sQ99j7t.jpg)", "date": "2016-07-25 15:04:40", "seriesname": "g1275_d5qcojh", "file": "/media/jbrogan4/scratch2/Reddit_Prov_Dataset_v6/_Donald_Trump,_1951/g1275_d5qcojh.jpg", "URL": "http://i.imgur.com/sQ99j7t.jpg", "fileid": "g1275_d5qcojh.jpg"}, {"id": "g1275_d5q8skz", "comment": "Like Father, like Son.\n\nhttp://i.imgur.com/97bcTYJ.jpg\n\nEDIT: :0 My first Gold! Thanks Hilary :D", "date": "2016-07-25 13:41:23", "seriesname": "g1275_d5q8skz", "file": "/media/jbrogan4/scratch2/Reddit_Prov_Dataset_v6/_Donald_Trump,_1951/g1275_d5q8skz.jpg", "URL": "http://i.imgur.com/97bcTYJ.jpg", "fileid": "g1275_d5q8skz.jpg"}, {"id": "g1275_d5q7znh", "comment": "[We're going to have so much winning, you will get tired of winning](https://i.imgur.com/wKd4lhf.jpg)", "date": "2016-07-25 13:25:23", "seriesname": "g1275_d5q7znh", "file": "/media/jbrogan4/scratch2/Reddit_Prov_Dataset_v6/_Donald_Trump,_1951/g1275_d5q7znh.jpg", "URL": "https://i.imgur.com/wKd4lhf.jpg", "fileid": "g1275_d5q7znh.jpg"}, {"id": "g1275_root", "comment": "", "date": "2016-07-25 10:29:33", "seriesname": "g1275_root", "file": "/media/jbrogan4/scratch2/Reddit_Prov_Dataset_v6/_Donald_Trump,_1951/g1275_root.jpg", "URL": "https://i.redd.it/2962c24e8ebx.jpg", "fileid": "g1275_root.jpg"}, {"id": "g1275_d5q1s22", "comment": "Proof that [Donald Trump always has had the BEST WORDS](http://i.imgur.com/NlNf2Ze.jpg)", "date": "2016-07-25 11:13:34", "seriesname": "g1275_d5q1s22", "file": "/media/jbrogan4/scratch2/Reddit_Prov_Dataset_v6/_Donald_Trump,_1951/g1275_d5q1s22.jpg", "URL": "http://i.imgur.com/NlNf2Ze.jpg", "fileid": "g1275_d5q1s22.jpg"}, {"id": "g1275_d5qlejn", "comment": "[Some things never change](http://i.imgur.com/peyQJ3s.jpg)", "date": "2016-07-25 18:06:30", "seriesname": "g1275_d5qlejn", "file": "/media/jbrogan4/scratch2/Reddit_Prov_Dataset_v6/_Donald_Trump,_1951/g1275_d5qlejn.jpg", "URL": "http://i.imgur.com/peyQJ3s.jpg", "fileid": "g1275_d5qlejn.jpg"}, {"id": "g1275_d5qcv1a", "comment": "Just call me Godwin.\n\nhttp://i.imgur.com/CBhQ9gD.jpg", "date": "2016-07-25 15:08:34", "seriesname": "g1275_d5qcv1a", "file": "/media/jbrogan4/scratch2/Reddit_Prov_Dataset_v6/_Donald_Trump,_1951/g1275_d5qcv1a.jpg", "URL": "http://i.imgur.com/CBhQ9gD.jpg", "fileid": "g1275_d5qcv1a.jpg"}, {"id": "g1275_d5qbunv", "comment": "[Holy cow!](http://i.imgur.com/f3FB9Zy.png)", "date": "2016-07-25 14:46:30", "seriesname": "g1275_d5qbunv", "file": "/media/jbrogan4/scratch2/Reddit_Prov_Dataset_v6/_Donald_Trump,_1951/g1275_d5qbunv.png", "URL": "http://i.imgur.com/f3FB9Zy.png", "fileid": "g1275_d5qbunv.png"}, {"id": "g1275_d5qbarq", "comment": "[Humble begginings](http://i.imgur.com/K9Zf7sc.jpg)", "date": "2016-07-25 14:31:08", "seriesname": "g1275_d5qbarq", "file": "/media/jbrogan4/scratch2/Reddit_Prov_Dataset_v6/_Donald_Trump,_1951/g1275_d5qbarq.jpg", "URL": "http://i.imgur.com/K9Zf7sc.jpg", "fileid": "g1275_d5qbarq.jpg"}, {"id": "g1275_d5q9bjq", "comment": "[Little Donny Trump](http://i.imgur.com/iDHWJS0.jpg)", "date": "2016-07-25 13:51:47", "seriesname": "g1275_d5q9bjq", "file": "/media/jbrogan4/scratch2/Reddit_Prov_Dataset_v6/_Donald_Trump,_1951/g1275_d5q9bjq.jpg", "URL": "http://i.imgur.com/iDHWJS0.jpg", "fileid": "g1275_d5q9bjq.jpg"}, {"id": "g1275_d5q5q7l", "comment": "[Childhood Trauma](http://i.imgur.com/mStHrpQ.jpg)\n\n&amp;\n\n\n[Animated with Music](http://loopnroll.com/p/CaF0a)\n\n\n", "date": "2016-07-25 12:38:49", "seriesname": "g1275_d5q5q7l", "file": "/media/jbrogan4/scratch2/Reddit_Prov_Dataset_v6/_Donald_Trump,_1951/g1275_d5q5q7l.jpg", "URL": "http://i.imgur.com/mStHrpQ.jpg", "fileid": "g1275_d5q5q7l.jpg"}, {"id": "g1275_d6o1lio", "comment": "[Artist's Conception](http://i.imgur.com/d7GeEPu.png)", "date": "2016-08-19 10:03:06", "seriesname": "g1275_d6o1lio", "file": "/media/jbrogan4/scratch2/Reddit_Prov_Dataset_v6/_Donald_Trump,_1951/g1275_d6o1lio.png", "URL": "http://i.imgur.com/d7GeEPu.png", "fileid": "g1275_d6o1lio.png"}, {"id": "g1275_d5s60bc", "comment": "[Donald Hitler](http://i.imgur.com/o2SSIIl.jpg)", "date": "2016-07-26 18:46:48", "seriesname": "g1275_d5s60bc", "file": "/media/jbrogan4/scratch2/Reddit_Prov_Dataset_v6/_Donald_Trump,_1951/g1275_d5s60bc.jpg", "URL": "http://i.imgur.com/o2SSIIl.jpg", "fileid": "g1275_d5s60bc.jpg"}, {"id": "g1275_d5ql8ph", "comment": "[Damien Trump](http://imgur.com/V3hZWsI) ", "date": "2016-07-25 18:02:57", "seriesname": "g1275_d5ql8ph", "file": "/media/jbrogan4/scratch2/Reddit_Prov_Dataset_v6/_Donald_Trump,_1951/g1275_d5ql8ph.png", "URL": "http://i.imgur.com/V3hZWsI.png", "fileid": "g1275_d5ql8ph.png"}, {"id": "g1275_d5qamlz", "comment": "[who woulda thunk who he would grow up to be](http://i.imgur.com/KJvoAlF.jpg) ", "date": "2016-07-25 14:17:47", "seriesname": "g1275_d5qamlz", "file": "/media/jbrogan4/scratch2/Reddit_Prov_Dataset_v6/_Donald_Trump,_1951/g1275_d5qamlz.jpg", "URL": "http://i.imgur.com/KJvoAlF.jpg", "fileid": "g1275_d5qamlz.jpg"}, {"id": "g1275_d5s0mfc", "comment": "Sunburned Trump http://imgur.com/rZoLME1", "date": "2016-07-26 16:54:28", "seriesname": "g1275_d5s0mfc", "file": "/media/jbrogan4/scratch2/Reddit_Prov_Dataset_v6/_Donald_Trump,_1951/g1275_d5s0mfc.png", "URL": "http://i.imgur.com/rZoLME1.png", "fileid": "g1275_d5s0mfc.png"}, {"id": "g1275_d5r2hdg", "comment": "Make Corn Great Again.\n\nhttp://i.imgur.com/JhRMVFM.jpg", "date": "2016-07-26 00:27:17", "seriesname": "g1275_d5r2hdg", "file": "/media/jbrogan4/scratch2/Reddit_Prov_Dataset_v6/_Donald_Trump,_1951/g1275_d5r2hdg.jpg", "URL": "http://i.imgur.com/JhRMVFM.jpg", "fileid": "g1275_d5r2hdg.jpg"}, {"id": "g1275_d5qxsvi", "comment": "[Trump at Magic the Gathering back in the day](http://i.imgur.com/x644SJ4.png)", "date": "2016-07-25 22:36:35", "seriesname": "g1275_d5qxsvi", "file": "/media/jbrogan4/scratch2/Reddit_Prov_Dataset_v6/_Donald_Trump,_1951/g1275_d5qxsvi.png", "URL": "http://i.imgur.com/x644SJ4.png", "fileid": "g1275_d5qxsvi.png"}, {"id": "g1275_d5qdwkt", "comment": "[Donald Trump, 1941](http://imgur.com/13uN3dx)", "date": "2016-07-25 15:30:07", "seriesname": "g1275_d5qdwkt", "file": "/media/jbrogan4/scratch2/Reddit_Prov_Dataset_v6/_Donald_Trump,_1951/g1275_d5qdwkt.png", "URL": "http://i.imgur.com/13uN3dx.png", "fileid": "g1275_d5qdwkt.png"}, {"id": "g1275_d5qc2m6", "comment": "[dang you are totally right](https://i.imgur.com/IfrulDB.jpg)", "date": "2016-07-25 14:51:32", "seriesname": "g1275_d5qc2m6", "file": "/media/jbrogan4/scratch2/Reddit_Prov_Dataset_v6/_Donald_Trump,_1951/g1275_d5qc2m6.jpg", "URL": "https://i.imgur.com/IfrulDB.jpg", "fileid": "g1275_d5qc2m6.jpg"}, {"id": "g1275_d5qaqum", "comment": "[Our Lord and Saviour](http://i.imgur.com/FgZbqTy.jpg)", "date": "2016-07-25 14:20:06", "seriesname": "g1275_d5qaqum", "file": "/media/jbrogan4/scratch2/Reddit_Prov_Dataset_v6/_Donald_Trump,_1951/g1275_d5qaqum.jpg", "URL": "http://i.imgur.com/FgZbqTy.jpg", "fileid": "g1275_d5qaqum.jpg"}, {"id": "g1275_d5qgh15", "comment": "My Steaks are the best [steaks](http://m.imgur.com/gallery/uHCGJTD) ", "date": "2016-07-25 16:23:34", "seriesname": "g1275_d5qgh15", "file": "/media/jbrogan4/scratch2/Reddit_Prov_Dataset_v6/_Donald_Trump,_1951/g1275_d5qgh15.png", "URL": "http://i.imgur.com/uHCGJTD.png", "fileid": "g1275_d5qgh15.png"}, {"id": "g1275_d5qjf1w", "comment": "[I see the resemblance.](http://i.imgur.com/IEaSuuf.jpg)", "date": "2016-07-25 17:24:46", "seriesname": "g1275_d5qjf1w", "file": "/media/jbrogan4/scratch2/Reddit_Prov_Dataset_v6/_Donald_Trump,_1951/g1275_d5qjf1w.jpg", "URL": "http://i.imgur.com/IEaSuuf.jpg", "fileid": "g1275_d5qjf1w.jpg"}, {"id": "g1275_d5qdai5", "comment": "[Elmer Trump](http://i.imgur.com/UjCp4rI.jpg)", "date": "2016-07-25 15:17:36", "seriesname": "g1275_d5qdai5", "file": "/media/jbrogan4/scratch2/Reddit_Prov_Dataset_v6/_Donald_Trump,_1951/g1275_d5qdai5.jpg", "URL": "http://i.imgur.com/UjCp4rI.jpg", "fileid": "g1275_d5qdai5.jpg"}, {"id": "g1275_d5qcaiy", "comment": "[This was his plan all along!](http://i.imgur.com/rXZBtZG.jpg)", "date": "2016-07-25 14:56:21", "seriesname": "g1275_d5qcaiy", "file": "/media/jbrogan4/scratch2/Reddit_Prov_Dataset_v6/_Donald_Trump,_1951/g1275_d5qcaiy.jpg", "URL": "http://i.imgur.com/rXZBtZG.jpg", "fileid": "g1275_d5qcaiy.jpg"}, {"id": "g1275_d5qadrk", "comment": "[So youthful...](http://i.imgur.com/xuhjLUS.jpg)", "date": "2016-07-25 14:12:58", "seriesname": "g1275_d5qadrk", "file": "/media/jbrogan4/scratch2/Reddit_Prov_Dataset_v6/_Donald_Trump,_1951/g1275_d5qadrk.jpg", "URL": "http://i.imgur.com/xuhjLUS.jpg", "fileid": "g1275_d5qadrk.jpg"}, {"id": "g1275_d5q24nt", "comment": "[Safe space](http://i.imgur.com/gd2jsUN.jpg)", "date": "2016-07-25 11:21:31", "seriesname": "g1275_d5q24nt", "file": "/media/jbrogan4/scratch2/Reddit_Prov_Dataset_v6/_Donald_Trump,_1951/g1275_d5q24nt.jpg", "URL": "http://i.imgur.com/gd2jsUN.jpg", "fileid": "g1275_d5q24nt.jpg"}, {"id": "g1275_d5qghas", "comment": "http://imgur.com/8h1GY96", "date": "2016-07-25 16:23:44", "seriesname": "g1275_d5qghas", "file": "/media/jbrogan4/scratch2/Reddit_Prov_Dataset_v6/_Donald_Trump,_1951/g1275_d5qghas.png", "URL": "http://i.imgur.com/8h1GY96.png", "fileid": "g1275_d5qghas.png"}, {"id": "g1275_d5qazjh", "comment": "[theMenace](http://i.imgur.com/13MN0az.jpg)", "date": "2016-07-25 14:24:52", "seriesname": "g1275_d5qazjh", "file": "/media/jbrogan4/scratch2/Reddit_Prov_Dataset_v6/_Donald_Trump,_1951/g1275_d5qazjh.jpg", "URL": "http://i.imgur.com/13MN0az.jpg", "fileid": "g1275_d5qazjh.jpg"}, {"id": "g1275_d5qejxi", "comment": "[Father, I need a small loan...](http://i.imgur.com/WXI9hv0.jpg)", "date": "2016-07-25 15:43:35", "seriesname": "g1275_d5qejxi", "file": "/media/jbrogan4/scratch2/Reddit_Prov_Dataset_v6/_Donald_Trump,_1951/g1275_d5qejxi.jpg", "URL": "http://i.imgur.com/WXI9hv0.jpg", "fileid": "g1275_d5qejxi.jpg"}, {"id": "g1275_d5q5jfj", "comment": "[Richie Rich](http://i.imgur.com/r957ULO.png)\n\nEdit: [layers](http://i.imgur.com/H1NUQV5.gif)", "date": "2016-07-25 12:34:54", "seriesname": "g1275_d5q5jfj", "file": "/media/jbrogan4/scratch2/Reddit_Prov_Dataset_v6/_Donald_Trump,_1951/g1275_d5q5jfj.jpg", "URL": "http://i.imgur.com/H1NUQV5.gif", "fileid": "g1275_d5q5jfj.gif"}, {"id": "g1275_d5q6hy0", "comment": "http://i.imgur.com/H1NUQV5.gif", "date": "2016-07-25 12:54:45", "seriesname": "g1275_d5q6hy0", "file": "/media/jbrogan4/scratch2/Reddit_Prov_Dataset_v6/_Donald_Trump,_1951/g1275_d5q6hy0.jpg", "URL": "http://i.imgur.com/H1NUQV5.gif", "fileid": "g1275_d5q6hy0.gif"}, {"id": "g1275_d5qbftz", "comment": "Really? No hair? http://imgur.com/TASII1P", "date": "2016-07-25 14:33:53", "seriesname": "g1275_d5qbftz", "file": "/media/jbrogan4/scratch2/Reddit_Prov_Dataset_v6/_Donald_Trump,_1951/g1275_d5qbftz.png", "URL": "http://i.imgur.com/TASII1P.png", "fileid": "g1275_d5qbftz.png"}, {"id": "g1275_d5rbhu0", "comment": "http://i.imgur.com/nt09FfA.jpg \n\nOrange.", "date": "2016-07-26 07:16:25", "seriesname": "g1275_d5rbhu0", "file": "/media/jbrogan4/scratch2/Reddit_Prov_Dataset_v6/_Donald_Trump,_1951/g1275_d5rbhu0.jpg", "URL": "http://i.imgur.com/nt09FfA.jpg", "fileid": "g1275_d5rbhu0.jpg"}, {"id": "g1275_d5q885o", "comment": "[Bean Trump](http://i.imgur.com/QDCcwtP.jpg)", "date": "2016-07-25 13:30:04", "seriesname": "g1275_d5q885o", "file": "/media/jbrogan4/scratch2/Reddit_Prov_Dataset_v6/_Donald_Trump,_1951/g1275_d5q885o.jpg", "URL": "http://i.imgur.com/QDCcwtP.jpg", "fileid": "g1275_d5q885o.jpg"}, {"id": "g1275_d5qculs", "comment": "[You have been warned](http://i.imgur.com/CgsIwvZ.jpg)", "date": "2016-07-25 15:08:19", "seriesname": "g1275_d5qculs", "file": "/media/jbrogan4/scratch2/Reddit_Prov_Dataset_v6/_Donald_Trump,_1951/g1275_d5qculs.jpg", "URL": "http://i.imgur.com/CgsIwvZ.jpg", "fileid": "g1275_d5qculs.jpg"}, {"id": "g1275_d5qqxii", "comment": "[Like this?](http://i.imgur.com/zwh26cq.png)", "date": "2016-07-25 20:11:12", "seriesname": "g1275_d5qqxii", "file": "/media/jbrogan4/scratch2/Reddit_Prov_Dataset_v6/_Donald_Trump,_1951/g1275_d5qqxii.png", "URL": "http://i.imgur.com/zwh26cq.png", "fileid": "g1275_d5qqxii.png"}, {"id": "g1275_d5q9i6l", "comment": "[Lil Trump with his Raygun](http://i.imgur.com/rbPJlfw.jpg)", "date": "2016-07-25 13:55:30", "seriesname": "g1275_d5q9i6l", "file": "/media/jbrogan4/scratch2/Reddit_Prov_Dataset_v6/_Donald_Trump,_1951/g1275_d5q9i6l.jpg", "URL": "http://i.imgur.com/rbPJlfw.jpg", "fileid": "g1275_d5q9i6l.jpg"}], "graph": {"name": "g1275_root"}, "directed": true}