{"links": [{"op": "none", "target": 0, "source": 55}, {"op": "none", "target": 1, "source": 55}, {"op": "none", "target": 2, "source": 55}, {"op": "none", "target": 3, "source": 34}, {"op": "none", "target": 4, "source": 55}, {"op": "none", "target": 5, "source": 55}, {"op": "none", "target": 6, "source": 55}, {"op": "none", "target": 7, "source": 55}, {"op": "none", "target": 8, "source": 55}, {"op": "none", "target": 9, "source": 55}, {"op": "none", "target": 10, "source": 55}, {"op": "none", "target": 11, "source": 13}, {"op": "none", "target": 12, "source": 26}, {"op": "none", "target": 13, "source": 55}, {"op": "none", "target": 14, "source": 55}, {"op": "none", "target": 15, "source": 55}, {"op": "none", "target": 16, "source": 45}, {"op": "none", "target": 17, "source": 55}, {"op": "none", "target": 18, "source": 55}, {"op": "none", "target": 19, "source": 55}, {"op": "none", "target": 20, "source": 12}, {"op": "none", "target": 21, "source": 55}, {"op": "none", "target": 22, "source": 55}, {"op": "none", "target": 23, "source": 55}, {"op": "none", "target": 24, "source": 55}, {"op": "none", "target": 25, "source": 55}, {"op": "none", "target": 26, "source": 55}, {"op": "none", "target": 27, "source": 55}, {"op": "none", "target": 28, "source": 55}, {"op": "none", "target": 29, "source": 55}, {"op": "none", "target": 30, "source": 42}, {"op": "none", "target": 31, "source": 55}, {"op": "none", "target": 32, "source": 55}, {"op": "none", "target": 33, "source": 55}, {"op": "none", "target": 34, "source": 55}, {"op": "none", "target": 35, "source": 55}, {"op": "none", "target": 36, "source": 55}, {"op": "none", "target": 37, "source": 55}, {"op": "none", "target": 38, "source": 55}, {"op": "none", "target": 39, "source": 55}, {"op": "none", "target": 40, "source": 55}, {"op": "none", "target": 41, "source": 19}, {"op": "none", "target": 42, "source": 55}, {"op": "none", "target": 43, "source": 55}, {"op": "none", "target": 44, "source": 55}, {"op": "none", "target": 45, "source": 55}, {"op": "none", "target": 46, "source": 55}, {"op": "none", "target": 47, "source": 55}, {"op": "none", "target": 48, "source": 55}, {"op": "none", "target": 49, "source": 25}, {"op": "none", "target": 50, "source": 55}, {"op": "none", "target": 51, "source": 55}, {"op": "none", "target": 52, "source": 55}, {"op": "none", "target": 53, "source": 55}, {"op": "none", "target": 54, "source": 55}, {"op": "none", "target": 56, "source": 55}], "title": "_A_guy_throwing_a_frisbee_really_hard", "nodes": [{"id": "g1278_d1zfcxo", "comment": "http://i.imgur.com/8SDwb4G.jpg", "date": "2016-04-12 00:17:33", "seriesname": "g1278_d1zfcxo", "file": "/media/jbrogan4/scratch2/Reddit_Prov_Dataset_v6/_A_guy_throwing_a_frisbee_really_hard/g1278_d1zfcxo.jpg", "URL": "http://i.imgur.com/8SDwb4G.jpg", "fileid": "g1278_d1zfcxo.jpg"}, {"id": "g1278_d1yjobi", "comment": "http://i.imgur.com/h09FMQh.jpg", "date": "2016-04-11 11:43:53", "seriesname": "g1278_d1yjobi", "file": "/media/jbrogan4/scratch2/Reddit_Prov_Dataset_v6/_A_guy_throwing_a_frisbee_really_hard/g1278_d1yjobi.jpg", "URL": "http://i.imgur.com/h09FMQh.jpg", "fileid": "g1278_d1yjobi.jpg"}, {"id": "g1278_d1ym9hd", "comment": "[Stealing the stage...](http://i.imgur.com/mHy43UW.jpg)", "date": "2016-04-11 12:41:48", "seriesname": "g1278_d1ym9hd", "file": "/media/jbrogan4/scratch2/Reddit_Prov_Dataset_v6/_A_guy_throwing_a_frisbee_really_hard/g1278_d1ym9hd.jpg", "URL": "http://i.imgur.com/mHy43UW.jpg", "fileid": "g1278_d1ym9hd.jpg"}, {"id": "g1278_d1z2ai7", "comment": "If you insist. [Duel of the Fates: The Special Edition](http://imgur.com/6T7np9o)", "date": "2016-04-11 18:37:06", "seriesname": "g1278_d1z2ai7", "file": "/media/jbrogan4/scratch2/Reddit_Prov_Dataset_v6/_A_guy_throwing_a_frisbee_really_hard/g1278_d1z2ai7.png", "URL": "http://i.imgur.com/6T7np9o.png", "fileid": "g1278_d1z2ai7.png"}, {"id": "g1278_d1z1jd9", "comment": "[\"Has anyone in this family ever even *seen* a chicken?\" - Arrested Frisbeleopment](http://i.imgur.com/l8hvsQ1.jpg)", "date": "2016-04-11 18:18:12", "seriesname": "g1278_d1z1jd9", "file": "/media/jbrogan4/scratch2/Reddit_Prov_Dataset_v6/_A_guy_throwing_a_frisbee_really_hard/g1278_d1z1jd9.jpg", "URL": "http://i.imgur.com/l8hvsQ1.jpg", "fileid": "g1278_d1z1jd9.jpg"}, {"id": "g1278_d1yn2r2", "comment": "http://imgur.com/S8pcL9g", "date": "2016-04-11 12:59:35", "seriesname": "g1278_d1yn2r2", "file": "/media/jbrogan4/scratch2/Reddit_Prov_Dataset_v6/_A_guy_throwing_a_frisbee_really_hard/g1278_d1yn2r2.png", "URL": "http://i.imgur.com/S8pcL9g.png", "fileid": "g1278_d1yn2r2.png"}, {"id": "g1278_d1yxxnu", "comment": "[Late to the PARRRTAYYYY!!!!!](http://i.imgur.com/4mzgexe.png). \n", "date": "2016-04-11 16:54:04", "seriesname": "g1278_d1yxxnu", "file": "/media/jbrogan4/scratch2/Reddit_Prov_Dataset_v6/_A_guy_throwing_a_frisbee_really_hard/g1278_d1yxxnu.jpg", "URL": "http://i.imgur.com/4mzgexe.png).", "fileid": "g1278_d1yxxnu."}, {"id": "g1278_d1ytsax", "comment": "An hour after lunch, this is what I've got.\n\n[Young Forrest Gump dancing w/Elvis](http://imgur.com/H3Qgbou) ", "date": "2016-04-11 15:24:07", "seriesname": "g1278_d1ytsax", "file": "/media/jbrogan4/scratch2/Reddit_Prov_Dataset_v6/_A_guy_throwing_a_frisbee_really_hard/g1278_d1ytsax.png", "URL": "http://i.imgur.com/H3Qgbou.png", "fileid": "g1278_d1ytsax.png"}, {"id": "g1278_d1yxww8", "comment": "[Jizz in my pants](http://i.imgur.com/xunWEo5.jpg)\n\nEdit: [Original picture](http://imgur.com/OAAvokT)", "date": "2016-04-11 16:53:36", "seriesname": "g1278_d1yxww8", "file": "/media/jbrogan4/scratch2/Reddit_Prov_Dataset_v6/_A_guy_throwing_a_frisbee_really_hard/g1278_d1yxww8.png", "URL": "http://i.imgur.com/OAAvokT.png", "fileid": "g1278_d1yxww8.png"}, {"id": "g1278_d1yqw6q", "comment": "[Don't have photoshop anymore and life sucks!](http://i.imgur.com/fGTFGCh.jpg)", "date": "2016-04-11 14:22:23", "seriesname": "g1278_d1yqw6q", "file": "/media/jbrogan4/scratch2/Reddit_Prov_Dataset_v6/_A_guy_throwing_a_frisbee_really_hard/g1278_d1yqw6q.jpg", "URL": "http://i.imgur.com/fGTFGCh.jpg", "fileid": "g1278_d1yqw6q.jpg"}, {"id": "g1278_d1yvu4y", "comment": "http://i.imgur.com/C5TgEN0.jpg", "date": "2016-04-11 16:07:52", "seriesname": "g1278_d1yvu4y", "file": "/media/jbrogan4/scratch2/Reddit_Prov_Dataset_v6/_A_guy_throwing_a_frisbee_really_hard/g1278_d1yvu4y.jpg", "URL": "http://i.imgur.com/C5TgEN0.jpg", "fileid": "g1278_d1yvu4y.jpg"}, {"id": "g1278_d1yw4wc", "comment": "http://i.imgur.com/iAbhQn5.jpg", "date": "2016-04-11 16:14:17", "seriesname": "g1278_d1yw4wc", "file": "/media/jbrogan4/scratch2/Reddit_Prov_Dataset_v6/_A_guy_throwing_a_frisbee_really_hard/g1278_d1yw4wc.jpg", "URL": "http://i.imgur.com/iAbhQn5.jpg", "fileid": "g1278_d1yw4wc.jpg"}, {"id": "g1278_d1ygfl5", "comment": "[Nsfw version](http://i.imgur.com/qOX5Fgg.jpg)", "date": "2016-04-11 10:23:54", "seriesname": "g1278_d1ygfl5", "file": "/media/jbrogan4/scratch2/Reddit_Prov_Dataset_v6/_A_guy_throwing_a_frisbee_really_hard/g1278_d1ygfl5.jpg", "URL": "http://i.imgur.com/qOX5Fgg.jpg", "fileid": "g1278_d1ygfl5.jpg"}, {"id": "g1278_d1ypkam", "comment": "[Hello ladies...](http://i.imgur.com/vSc1Hnz.jpg)", "date": "2016-04-11 13:53:28", "seriesname": "g1278_d1ypkam", "file": "/media/jbrogan4/scratch2/Reddit_Prov_Dataset_v6/_A_guy_throwing_a_frisbee_really_hard/g1278_d1ypkam.jpg", "URL": "http://i.imgur.com/vSc1Hnz.jpg", "fileid": "g1278_d1ypkam.jpg"}, {"id": "g1278_d1ykbss", "comment": "[McLovin](http://i.imgur.com/wsmxsoi.jpg)", "date": "2016-04-11 11:58:42", "seriesname": "g1278_d1ykbss", "file": "/media/jbrogan4/scratch2/Reddit_Prov_Dataset_v6/_A_guy_throwing_a_frisbee_really_hard/g1278_d1ykbss.jpg", "URL": "http://i.imgur.com/wsmxsoi.jpg", "fileid": "g1278_d1ykbss.jpg"}, {"id": "g1278_d1zdwub", "comment": "[He's got a gun!](http://imgur.com/nQuJtaL)", "date": "2016-04-11 23:32:11", "seriesname": "g1278_d1zdwub", "file": "/media/jbrogan4/scratch2/Reddit_Prov_Dataset_v6/_A_guy_throwing_a_frisbee_really_hard/g1278_d1zdwub.png", "URL": "http://i.imgur.com/nQuJtaL.png", "fileid": "g1278_d1zdwub.png"}, {"id": "g1278_d1zg0zp", "comment": "http://i.imgur.com/nwuF9tR.jpg", "date": "2016-04-12 00:40:14", "seriesname": "g1278_d1zg0zp", "file": "/media/jbrogan4/scratch2/Reddit_Prov_Dataset_v6/_A_guy_throwing_a_frisbee_really_hard/g1278_d1zg0zp.jpg", "URL": "http://i.imgur.com/nwuF9tR.jpg", "fileid": "g1278_d1zg0zp.jpg"}, {"id": "g1278_d1zetwh", "comment": "[Yeah, baby, yeah!](http://i.imgur.com/LhpljK8.jpg)\n\nAlso, this is my first faceswap so any criticism is appreciated.", "date": "2016-04-12 00:00:25", "seriesname": "g1278_d1zetwh", "file": "/media/jbrogan4/scratch2/Reddit_Prov_Dataset_v6/_A_guy_throwing_a_frisbee_really_hard/g1278_d1zetwh.jpg", "URL": "http://i.imgur.com/LhpljK8.jpg", "fileid": "g1278_d1zetwh.jpg"}, {"id": "g1278_d1yoqi3", "comment": "http://i.imgur.com/XIyp1ue.jpg", "date": "2016-04-11 13:35:45", "seriesname": "g1278_d1yoqi3", "file": "/media/jbrogan4/scratch2/Reddit_Prov_Dataset_v6/_A_guy_throwing_a_frisbee_really_hard/g1278_d1yoqi3.jpg", "URL": "http://i.imgur.com/XIyp1ue.jpg", "fileid": "g1278_d1yoqi3.jpg"}, {"id": "g1278_d1yirdv", "comment": "[Wait!](http://i.imgur.com/YuSCP2H.jpg)", "date": "2016-04-11 11:22:01", "seriesname": "g1278_d1yirdv", "file": "/media/jbrogan4/scratch2/Reddit_Prov_Dataset_v6/_A_guy_throwing_a_frisbee_really_hard/g1278_d1yirdv.jpg", "URL": "http://i.imgur.com/YuSCP2H.jpg", "fileid": "g1278_d1yirdv.jpg"}, {"id": "g1278_d1yofkx", "comment": "[Ok, just for you NSFW!](http://i.imgur.com/sVbIQ3O.jpg)", "date": "2016-04-11 13:29:14", "seriesname": "g1278_d1yofkx", "file": "/media/jbrogan4/scratch2/Reddit_Prov_Dataset_v6/_A_guy_throwing_a_frisbee_really_hard/g1278_d1yofkx.jpg", "URL": "http://i.imgur.com/sVbIQ3O.jpg", "fileid": "g1278_d1yofkx.jpg"}, {"id": "g1278_d1ylmv5", "comment": "[Take whatever you want man, just dont hurt me.](http://i.imgur.com/iEiSuHG.png) ", "date": "2016-04-11 12:27:56", "seriesname": "g1278_d1ylmv5", "file": "/media/jbrogan4/scratch2/Reddit_Prov_Dataset_v6/_A_guy_throwing_a_frisbee_really_hard/g1278_d1ylmv5.png", "URL": "http://i.imgur.com/iEiSuHG.png", "fileid": "g1278_d1ylmv5.png"}, {"id": "g1278_d1yy1xr", "comment": "[Tai? tai is that you...](http://i.imgur.com/YGt8T3z.jpg)", "date": "2016-04-11 16:56:42", "seriesname": "g1278_d1yy1xr", "file": "/media/jbrogan4/scratch2/Reddit_Prov_Dataset_v6/_A_guy_throwing_a_frisbee_really_hard/g1278_d1yy1xr.jpg", "URL": "http://i.imgur.com/YGt8T3z.jpg", "fileid": "g1278_d1yy1xr.jpg"}, {"id": "g1278_d1ydt19", "comment": "[](/user/Mondegreenies)\n\nPlease post any comments or discussion as a reply to this comment.\n\nIf posting a cutout, please use the [new cut-out format](/r/cutouts/wiki/index#wiki_flair.3A).\n\n---\n\n**[Photoshop Battles \"Best of 2015\" Results](https://www.reddit.com/r/photoshopbattles/comments/402st6)**\n\n---\n\n^(Useful subreddits for photoshoppers: /r/cutouts, /r/battleshops, PsB discussion subreddit)\n\n^(Helpful links for this image:) [^Other ^Discussions](https://www.reddit.com/r/photoshopbattles/related/4eal5f/psbattle_a_guy_throwing_a_frisbee_really_hard/) ^| [^KarmaDecay](https://karmadecay.com/r/photoshopbattles/comments/4eal5f/psbattle_a_guy_throwing_a_frisbee_really_hard/) ^| [^Google ^Image ^Search](https://www.google.com/searchbyimage?&amp;image_url=http://imgur.com/iAbhQn5%2ejpg) \n\n---\n\n*^(This is an automated response)* [^FAQ](http://www.reddit.com/r/apicontraptions/wiki/apicontraption_faq) ^| [^Send ^Feedback](http://www.reddit.com/message/compose/?to=apicontraption&amp;subject=Feedback ___thingId___&amp;message=[Link to post](https://www.reddit.com/r/photoshopbattles/comments/4eal5f/psbattle_a_guy_throwing_a_frisbee_really_hard/\\) 'I like feedback')", "date": "2016-04-11 09:04:16", "seriesname": "g1278_d1ydt19", "file": "/media/jbrogan4/scratch2/Reddit_Prov_Dataset_v6/_A_guy_throwing_a_frisbee_really_hard/g1278_d1ydt19.png", "URL": "http://i.imgur.com/iAbhQn5%2ejpg.png", "fileid": "g1278_d1ydt19.png"}, {"id": "g1278_d1yqz96", "comment": "[Post-game snack.](http://i.imgur.com/tpyTDPW.jpg)\n\nEdit: [Two heads are better than one.](http://i.imgur.com/l0RZcWB.jpg)", "date": "2016-04-11 14:24:12", "seriesname": "g1278_d1yqz96", "file": "/media/jbrogan4/scratch2/Reddit_Prov_Dataset_v6/_A_guy_throwing_a_frisbee_really_hard/g1278_d1yqz96.jpg", "URL": "http://i.imgur.com/l0RZcWB.jpg", "fileid": "g1278_d1yqz96.jpg"}, {"id": "g1278_d1yocmf", "comment": "[Make Frisbee Great Again](http://i.imgur.com/LSzNFCt.jpg)", "date": "2016-04-11 13:27:28", "seriesname": "g1278_d1yocmf", "file": "/media/jbrogan4/scratch2/Reddit_Prov_Dataset_v6/_A_guy_throwing_a_frisbee_really_hard/g1278_d1yocmf.jpg", "URL": "http://i.imgur.com/LSzNFCt.jpg", "fileid": "g1278_d1yocmf.jpg"}, {"id": "g1278_d1yfri9", "comment": "[I throw a frisbee and then I....](http://i.imgur.com/ipkjm8o.jpg)", "date": "2016-04-11 10:05:36", "seriesname": "g1278_d1yfri9", "file": "/media/jbrogan4/scratch2/Reddit_Prov_Dataset_v6/_A_guy_throwing_a_frisbee_really_hard/g1278_d1yfri9.jpg", "URL": "http://i.imgur.com/ipkjm8o.jpg", "fileid": "g1278_d1yfri9.jpg"}, {"id": "g1278_d1yx90z", "comment": "[careful y'all bout to get served!](http://i.imgur.com/9Px0Y3E.jpg)", "date": "2016-04-11 16:39:12", "seriesname": "g1278_d1yx90z", "file": "/media/jbrogan4/scratch2/Reddit_Prov_Dataset_v6/_A_guy_throwing_a_frisbee_really_hard/g1278_d1yx90z.jpg", "URL": "http://i.imgur.com/9Px0Y3E.jpg", "fileid": "g1278_d1yx90z.jpg"}, {"id": "g1278_d1z0g7k", "comment": "[Sure, Not](http://i.imgur.com/dZhgQHR.jpg)", "date": "2016-04-11 17:51:45", "seriesname": "g1278_d1z0g7k", "file": "/media/jbrogan4/scratch2/Reddit_Prov_Dataset_v6/_A_guy_throwing_a_frisbee_really_hard/g1278_d1z0g7k.jpg", "URL": "http://i.imgur.com/dZhgQHR.jpg", "fileid": "g1278_d1z0g7k.jpg"}, {"id": "g1278_d1yl4i7", "comment": "http://i.imgur.com/BhnHfD5.jpg\n\nlet's do the twist", "date": "2016-04-11 12:16:40", "seriesname": "g1278_d1yl4i7", "file": "/media/jbrogan4/scratch2/Reddit_Prov_Dataset_v6/_A_guy_throwing_a_frisbee_really_hard/g1278_d1yl4i7.jpg", "URL": "http://i.imgur.com/BhnHfD5.jpg", "fileid": "g1278_d1yl4i7.jpg"}, {"id": "g1278_d1yq1vg", "comment": "Your image made me get the dust out of Photoshop. [But this is all I could do while hidding from my boss.](http://i.imgur.com/5DOkAgf.png)", "date": "2016-04-11 14:04:03", "seriesname": "g1278_d1yq1vg", "file": "/media/jbrogan4/scratch2/Reddit_Prov_Dataset_v6/_A_guy_throwing_a_frisbee_really_hard/g1278_d1yq1vg.png", "URL": "http://i.imgur.com/5DOkAgf.png", "fileid": "g1278_d1yq1vg.png"}, {"id": "g1278_d1ypj3y", "comment": "[Not his best photo.](http://i.imgur.com/9F1VWbO.jpg)", "date": "2016-04-11 13:52:46", "seriesname": "g1278_d1ypj3y", "file": "/media/jbrogan4/scratch2/Reddit_Prov_Dataset_v6/_A_guy_throwing_a_frisbee_really_hard/g1278_d1ypj3y.jpg", "URL": "http://i.imgur.com/9F1VWbO.jpg", "fileid": "g1278_d1ypj3y.jpg"}, {"id": "g1278_d1yo1g5", "comment": "http://imgur.com/lRIO8th\n", "date": "2016-04-11 13:20:46", "seriesname": "g1278_d1yo1g5", "file": "/media/jbrogan4/scratch2/Reddit_Prov_Dataset_v6/_A_guy_throwing_a_frisbee_really_hard/g1278_d1yo1g5.png", "URL": "http://i.imgur.com/lRIO8th.png", "fileid": "g1278_d1yo1g5.png"}, {"id": "g1278_d1ylvsr", "comment": "stephen hawking's brother? http://imgur.com/fX2Ihun", "date": "2016-04-11 12:33:24", "seriesname": "g1278_d1ylvsr", "file": "/media/jbrogan4/scratch2/Reddit_Prov_Dataset_v6/_A_guy_throwing_a_frisbee_really_hard/g1278_d1ylvsr.png", "URL": "http://i.imgur.com/fX2Ihun.png", "fileid": "g1278_d1ylvsr.png"}, {"id": "g1278_d1ynhe5", "comment": "[Duel of the Fates](http://imgur.com/2XySxdz)", "date": "2016-04-11 13:08:32", "seriesname": "g1278_d1ynhe5", "file": "/media/jbrogan4/scratch2/Reddit_Prov_Dataset_v6/_A_guy_throwing_a_frisbee_really_hard/g1278_d1ynhe5.png", "URL": "http://i.imgur.com/2XySxdz.png", "fileid": "g1278_d1ynhe5.png"}, {"id": "g1278_d1zay24", "comment": "[I thought I would try something subtle](http://imgur.com/OxLWMI7)\n\nMaybe, possibly, a little bit NSFW", "date": "2016-04-11 22:14:40", "seriesname": "g1278_d1zay24", "file": "/media/jbrogan4/scratch2/Reddit_Prov_Dataset_v6/_A_guy_throwing_a_frisbee_really_hard/g1278_d1zay24.png", "URL": "http://i.imgur.com/OxLWMI7.png", "fileid": "g1278_d1zay24.png"}, {"id": "g1278_d1yugkf", "comment": "[Expectation management](http://i.imgur.com/OXYhlkr.jpg)", "date": "2016-04-11 15:38:39", "seriesname": "g1278_d1yugkf", "file": "/media/jbrogan4/scratch2/Reddit_Prov_Dataset_v6/_A_guy_throwing_a_frisbee_really_hard/g1278_d1yugkf.jpg", "URL": "http://i.imgur.com/OXYhlkr.jpg", "fileid": "g1278_d1yugkf.jpg"}, {"id": "g1278_d1yw582", "comment": "Flickin' Ricky\nhttp://i.imgur.com/gJlFGyg.jpg", "date": "2016-04-11 16:14:27", "seriesname": "g1278_d1yw582", "file": "/media/jbrogan4/scratch2/Reddit_Prov_Dataset_v6/_A_guy_throwing_a_frisbee_really_hard/g1278_d1yw582.jpg", "URL": "http://i.imgur.com/gJlFGyg.jpg", "fileid": "g1278_d1yw582.jpg"}, {"id": "g1278_d1z01hj", "comment": "[My turn](http://imgur.com/pTukOOn)", "date": "2016-04-11 17:42:08", "seriesname": "g1278_d1z01hj", "file": "/media/jbrogan4/scratch2/Reddit_Prov_Dataset_v6/_A_guy_throwing_a_frisbee_really_hard/g1278_d1z01hj.png", "URL": "http://i.imgur.com/pTukOOn.png", "fileid": "g1278_d1z01hj.png"}, {"id": "g1278_d1zgnze", "comment": "[Forcing choke!](http://i.imgur.com/ZkJHkqx.jpg)", "date": "2016-04-12 01:03:19", "seriesname": "g1278_d1zgnze", "file": "/media/jbrogan4/scratch2/Reddit_Prov_Dataset_v6/_A_guy_throwing_a_frisbee_really_hard/g1278_d1zgnze.jpg", "URL": "http://i.imgur.com/ZkJHkqx.jpg", "fileid": "g1278_d1zgnze.jpg"}, {"id": "g1278_d1yq4ej", "comment": "[Throw Down](http://i.imgur.com/TbYktIP.jpg)", "date": "2016-04-11 14:05:38", "seriesname": "g1278_d1yq4ej", "file": "/media/jbrogan4/scratch2/Reddit_Prov_Dataset_v6/_A_guy_throwing_a_frisbee_really_hard/g1278_d1yq4ej.jpg", "URL": "http://i.imgur.com/TbYktIP.jpg", "fileid": "g1278_d1yq4ej.jpg"}, {"id": "g1278_d1yykaw", "comment": "[If it happens, he'll be there.](http://i.imgur.com/9xJ9oQ8.jpg)", "date": "2016-04-11 17:08:07", "seriesname": "g1278_d1yykaw", "file": "/media/jbrogan4/scratch2/Reddit_Prov_Dataset_v6/_A_guy_throwing_a_frisbee_really_hard/g1278_d1yykaw.jpg", "URL": "http://i.imgur.com/9xJ9oQ8.jpg", "fileid": "g1278_d1yykaw.jpg"}, {"id": "g1278_d1ylwv7", "comment": "[Harry! Concentrate!](http://i.imgur.com/g09aZA4.jpg)", "date": "2016-04-11 12:34:01", "seriesname": "g1278_d1ylwv7", "file": "/media/jbrogan4/scratch2/Reddit_Prov_Dataset_v6/_A_guy_throwing_a_frisbee_really_hard/g1278_d1ylwv7.jpg", "URL": "http://i.imgur.com/g09aZA4.jpg", "fileid": "g1278_d1ylwv7.jpg"}, {"id": "g1278_d1z3rpk", "comment": "[Mom censoring frisbee practice*](http://imgur.com/Ufy6Vr2)\n\n\n*creative title suggestions welcome", "date": "2016-04-11 19:15:07", "seriesname": "g1278_d1z3rpk", "file": "/media/jbrogan4/scratch2/Reddit_Prov_Dataset_v6/_A_guy_throwing_a_frisbee_really_hard/g1278_d1z3rpk.png", "URL": "http://i.imgur.com/Ufy6Vr2.png", "fileid": "g1278_d1z3rpk.png"}, {"id": "g1278_d1yqjnd", "comment": "[It would shock anyone](http://i.imgur.com/BAhYTR9.jpg)\n\nEdit: small correction", "date": "2016-04-11 14:14:55", "seriesname": "g1278_d1yqjnd", "file": "/media/jbrogan4/scratch2/Reddit_Prov_Dataset_v6/_A_guy_throwing_a_frisbee_really_hard/g1278_d1yqjnd.jpg", "URL": "http://i.imgur.com/BAhYTR9.jpg", "fileid": "g1278_d1yqjnd.jpg"}, {"id": "g1278_d1ym8sd", "comment": "[Poor dog](http://i.imgur.com/UO0VaWO.jpg)", "date": "2016-04-11 12:41:23", "seriesname": "g1278_d1ym8sd", "file": "/media/jbrogan4/scratch2/Reddit_Prov_Dataset_v6/_A_guy_throwing_a_frisbee_really_hard/g1278_d1ym8sd.jpg", "URL": "http://i.imgur.com/UO0VaWO.jpg", "fileid": "g1278_d1ym8sd.jpg"}, {"id": "g1278_d1yq7bt", "comment": "[Falling Down](http://i.imgur.com/aGensBT.jpg)", "date": "2016-04-11 14:07:26", "seriesname": "g1278_d1yq7bt", "file": "/media/jbrogan4/scratch2/Reddit_Prov_Dataset_v6/_A_guy_throwing_a_frisbee_really_hard/g1278_d1yq7bt.jpg", "URL": "http://i.imgur.com/aGensBT.jpg", "fileid": "g1278_d1yq7bt.jpg"}, {"id": "g1278_d1yhxxl", "comment": "http://i.imgur.com/Y2K16SF.jpg", "date": "2016-04-11 11:01:55", "seriesname": "g1278_d1yhxxl", "file": "/media/jbrogan4/scratch2/Reddit_Prov_Dataset_v6/_A_guy_throwing_a_frisbee_really_hard/g1278_d1yhxxl.jpg", "URL": "http://i.imgur.com/Y2K16SF.jpg", "fileid": "g1278_d1yhxxl.jpg"}, {"id": "g1278_d1yzri5", "comment": "[A wild C9 Meteos spotted](http://imgur.com/94rh1Ne)", "date": "2016-04-11 17:35:36", "seriesname": "g1278_d1yzri5", "file": "/media/jbrogan4/scratch2/Reddit_Prov_Dataset_v6/_A_guy_throwing_a_frisbee_really_hard/g1278_d1yzri5.png", "URL": "http://i.imgur.com/94rh1Ne.png", "fileid": "g1278_d1yzri5.png"}, {"id": "g1278_d1yx3qq", "comment": "[Sorry, I was not aware of such detail](http://i.imgur.com/ZfTtP2E.jpg)", "date": "2016-04-11 16:35:56", "seriesname": "g1278_d1yx3qq", "file": "/media/jbrogan4/scratch2/Reddit_Prov_Dataset_v6/_A_guy_throwing_a_frisbee_really_hard/g1278_d1yx3qq.jpg", "URL": "http://i.imgur.com/ZfTtP2E.jpg", "fileid": "g1278_d1yx3qq.jpg"}, {"id": "g1278_d1ynqds", "comment": "[Sweet Disco Moves](http://i.imgur.com/rDatWJ3.jpg)", "date": "2016-04-11 13:14:05", "seriesname": "g1278_d1ynqds", "file": "/media/jbrogan4/scratch2/Reddit_Prov_Dataset_v6/_A_guy_throwing_a_frisbee_really_hard/g1278_d1ynqds.jpg", "URL": "http://i.imgur.com/rDatWJ3.jpg", "fileid": "g1278_d1ynqds.jpg"}, {"id": "g1278_d1yv320", "comment": "\n\n\n[REUNION:](http://i.imgur.com/7IiQ6y6.jpg)", "date": "2016-04-11 15:51:47", "seriesname": "g1278_d1yv320", "file": "/media/jbrogan4/scratch2/Reddit_Prov_Dataset_v6/_A_guy_throwing_a_frisbee_really_hard/g1278_d1yv320.jpg", "URL": "http://i.imgur.com/7IiQ6y6.jpg", "fileid": "g1278_d1yv320.jpg"}, {"id": "g1278_d1yk7x8", "comment": "http://i.imgur.com/93iQblF.jpg", "date": "2016-04-11 11:56:18", "seriesname": "g1278_d1yk7x8", "file": "/media/jbrogan4/scratch2/Reddit_Prov_Dataset_v6/_A_guy_throwing_a_frisbee_really_hard/g1278_d1yk7x8.jpg", "URL": "http://i.imgur.com/93iQblF.jpg", "fileid": "g1278_d1yk7x8.jpg"}, {"id": "g1278_d1ykuot", "comment": "http://i.imgur.com/aLHlzvw.jpg", "date": "2016-04-11 12:10:34", "seriesname": "g1278_d1ykuot", "file": "/media/jbrogan4/scratch2/Reddit_Prov_Dataset_v6/_A_guy_throwing_a_frisbee_really_hard/g1278_d1ykuot.jpg", "URL": "http://i.imgur.com/aLHlzvw.jpg", "fileid": "g1278_d1ykuot.jpg"}, {"id": "g1278_d1yybur", "comment": "http://i.imgur.com/rUmSXGo.png \n\nI know it sucks but I thought it was funny.", "date": "2016-04-11 17:02:49", "seriesname": "g1278_d1yybur", "file": "/media/jbrogan4/scratch2/Reddit_Prov_Dataset_v6/_A_guy_throwing_a_frisbee_really_hard/g1278_d1yybur.png", "URL": "http://i.imgur.com/rUmSXGo.png", "fileid": "g1278_d1yybur.png"}, {"id": "g1278_root", "comment": "", "date": "2016-04-11 09:01:32", "seriesname": "g1278_root", "file": "/media/jbrogan4/scratch2/Reddit_Prov_Dataset_v6/_A_guy_throwing_a_frisbee_really_hard/g1278_root.jpg", "URL": "http://imgur.com/iAbhQn5.jpg", "fileid": "g1278_root.jpg"}, {"id": "g1278_d1yhrub", "comment": "http://i.imgur.com/VjM9SPY.jpg", "date": "2016-04-11 10:57:46", "seriesname": "g1278_d1yhrub", "file": "/media/jbrogan4/scratch2/Reddit_Prov_Dataset_v6/_A_guy_throwing_a_frisbee_really_hard/g1278_d1yhrub.jpg", "URL": "http://i.imgur.com/VjM9SPY.jpg", "fileid": "g1278_d1yhrub.jpg"}], "graph": {"name": "g1278_root"}, "directed": true}