{"links": [{"op": "none", "target": 0, "source": 56}, {"op": "none", "target": 1, "source": 56}, {"op": "none", "target": 2, "source": 56}, {"op": "none", "target": 3, "source": 56}, {"op": "none", "target": 4, "source": 56}, {"op": "none", "target": 5, "source": 56}, {"op": "none", "target": 6, "source": 56}, {"op": "none", "target": 7, "source": 21}, {"op": "none", "target": 8, "source": 56}, {"op": "none", "target": 9, "source": 44}, {"op": "none", "target": 10, "source": 56}, {"op": "none", "target": 11, "source": 56}, {"op": "none", "target": 12, "source": 56}, {"op": "none", "target": 13, "source": 56}, {"op": "none", "target": 14, "source": 56}, {"op": "none", "target": 15, "source": 36}, {"op": "none", "target": 16, "source": 56}, {"op": "none", "target": 17, "source": 56}, {"op": "none", "target": 18, "source": 56}, {"op": "none", "target": 19, "source": 56}, {"op": "none", "target": 20, "source": 56}, {"op": "none", "target": 21, "source": 41}, {"op": "none", "target": 22, "source": 56}, {"op": "none", "target": 23, "source": 56}, {"op": "none", "target": 24, "source": 56}, {"op": "none", "target": 25, "source": 56}, {"op": "none", "target": 26, "source": 56}, {"op": "none", "target": 27, "source": 56}, {"op": "none", "target": 28, "source": 56}, {"op": "none", "target": 29, "source": 56}, {"op": "none", "target": 30, "source": 56}, {"op": "none", "target": 31, "source": 56}, {"op": "none", "target": 32, "source": 56}, {"op": "none", "target": 33, "source": 56}, {"op": "none", "target": 34, "source": 56}, {"op": "none", "target": 35, "source": 56}, {"op": "none", "target": 36, "source": 56}, {"op": "none", "target": 37, "source": 56}, {"op": "none", "target": 38, "source": 56}, {"op": "none", "target": 39, "source": 56}, {"op": "none", "target": 40, "source": 56}, {"op": "none", "target": 41, "source": 56}, {"op": "none", "target": 42, "source": 56}, {"op": "none", "target": 43, "source": 56}, {"op": "none", "target": 44, "source": 56}, {"op": "none", "target": 45, "source": 56}, {"op": "none", "target": 46, "source": 56}, {"op": "none", "target": 47, "source": 56}, {"op": "none", "target": 48, "source": 56}, {"op": "none", "target": 49, "source": 56}, {"op": "none", "target": 50, "source": 56}, {"op": "none", "target": 51, "source": 56}, {"op": "none", "target": 52, "source": 56}, {"op": "none", "target": 53, "source": 56}, {"op": "none", "target": 54, "source": 56}, {"op": "none", "target": 55, "source": 56}, {"op": "none", "target": 57, "source": 56}], "title": "_A_pawn_looking_in_the_mirror", "nodes": [{"id": "g1288_d22mr7f", "comment": "[Magic mirror on the wall](http://i.imgur.com/wAZPbIy.png)", "date": "2016-04-14 10:59:38", "seriesname": "g1288_d22mr7f", "file": "/media/jbrogan4/scratch2/Reddit_Prov_Dataset_v6/_A_pawn_looking_in_the_mirror/g1288_d22mr7f.png", "URL": "http://i.imgur.com/wAZPbIy.png", "fileid": "g1288_d22mr7f.png"}, {"id": "g1288_d22iuq8", "comment": "i knew i shouldnt have said the name three times http://imgur.com/fz1Ghxk", "date": "2016-04-14 09:25:40", "seriesname": "g1288_d22iuq8", "file": "/media/jbrogan4/scratch2/Reddit_Prov_Dataset_v6/_A_pawn_looking_in_the_mirror/g1288_d22iuq8.png", "URL": "http://i.imgur.com/fz1Ghxk.png", "fileid": "g1288_d22iuq8.png"}, {"id": "g1288_d22m8le", "comment": "[With two bad bitches by my side](http://i.imgur.com/Ual2Vv3.jpg)", "date": "2016-04-14 10:48:26", "seriesname": "g1288_d22m8le", "file": "/media/jbrogan4/scratch2/Reddit_Prov_Dataset_v6/_A_pawn_looking_in_the_mirror/g1288_d22m8le.jpg", "URL": "http://i.imgur.com/Ual2Vv3.jpg", "fileid": "g1288_d22m8le.jpg"}, {"id": "g1288_d22mxpg", "comment": "Alice's dream http://imgur.com/aytGBzU", "date": "2016-04-14 11:03:35", "seriesname": "g1288_d22mxpg", "file": "/media/jbrogan4/scratch2/Reddit_Prov_Dataset_v6/_A_pawn_looking_in_the_mirror/g1288_d22mxpg.png", "URL": "http://i.imgur.com/aytGBzU.png", "fileid": "g1288_d22mxpg.png"}, {"id": "g1288_d22rmns", "comment": "http://imgur.com/ta9bL9H \nI tried", "date": "2016-04-14 12:42:20", "seriesname": "g1288_d22rmns", "file": "/media/jbrogan4/scratch2/Reddit_Prov_Dataset_v6/_A_pawn_looking_in_the_mirror/g1288_d22rmns.png", "URL": "http://i.imgur.com/ta9bL9H.png", "fileid": "g1288_d22rmns.png"}, {"id": "g1288_d22d8mo", "comment": "http://i.imgur.com/Sfj1esB.jpg", "date": "2016-04-14 05:13:30", "seriesname": "g1288_d22d8mo", "file": "/media/jbrogan4/scratch2/Reddit_Prov_Dataset_v6/_A_pawn_looking_in_the_mirror/g1288_d22d8mo.jpg", "URL": "http://i.imgur.com/Sfj1esB.jpg", "fileid": "g1288_d22d8mo.jpg"}, {"id": "g1288_d22nfg2", "comment": "[Arkham Horror: The Madness!](http://i.imgur.com/Ro5OvD4.jpg)", "date": "2016-04-14 11:14:20", "seriesname": "g1288_d22nfg2", "file": "/media/jbrogan4/scratch2/Reddit_Prov_Dataset_v6/_A_pawn_looking_in_the_mirror/g1288_d22nfg2.jpg", "URL": "http://i.imgur.com/Ro5OvD4.jpg", "fileid": "g1288_d22nfg2.jpg"}, {"id": "g1288_d235q28", "comment": "[But actually...](http://i.imgur.com/rq8vNnt.jpg)", "date": "2016-04-14 17:32:42", "seriesname": "g1288_d235q28", "file": "/media/jbrogan4/scratch2/Reddit_Prov_Dataset_v6/_A_pawn_looking_in_the_mirror/g1288_d235q28.jpg", "URL": "http://i.imgur.com/rq8vNnt.jpg", "fileid": "g1288_d235q28.jpg"}, {"id": "g1288_d234o15", "comment": "[Imgur](http://i.imgur.com/2rmEAon.jpg)", "date": "2016-04-14 17:10:04", "seriesname": "g1288_d234o15", "file": "/media/jbrogan4/scratch2/Reddit_Prov_Dataset_v6/_A_pawn_looking_in_the_mirror/g1288_d234o15.jpg", "URL": "http://i.imgur.com/2rmEAon.jpg", "fileid": "g1288_d234o15.jpg"}, {"id": "g1288_d22n19c", "comment": "[Here you go](http://i.imgur.com/7Ldy7cE.png)", "date": "2016-04-14 11:05:45", "seriesname": "g1288_d22n19c", "file": "/media/jbrogan4/scratch2/Reddit_Prov_Dataset_v6/_A_pawn_looking_in_the_mirror/g1288_d22n19c.png", "URL": "http://i.imgur.com/7Ldy7cE.png", "fileid": "g1288_d22n19c.png"}, {"id": "g1288_d22f2wq", "comment": "[Not my proudest work...](http://i.imgur.com/HijMUHS.jpg)", "date": "2016-04-14 07:06:02", "seriesname": "g1288_d22f2wq", "file": "/media/jbrogan4/scratch2/Reddit_Prov_Dataset_v6/_A_pawn_looking_in_the_mirror/g1288_d22f2wq.jpg", "URL": "http://i.imgur.com/HijMUHS.jpg", "fileid": "g1288_d22f2wq.jpg"}, {"id": "g1288_d22mcsn", "comment": "[Mirror of Erised](http://i.imgur.com/jzvt1ZI.jpg)", "date": "2016-04-14 10:50:57", "seriesname": "g1288_d22mcsn", "file": "/media/jbrogan4/scratch2/Reddit_Prov_Dataset_v6/_A_pawn_looking_in_the_mirror/g1288_d22mcsn.jpg", "URL": "http://i.imgur.com/jzvt1ZI.jpg", "fileid": "g1288_d22mcsn.jpg"}, {"id": "g1288_d22nku3", "comment": "[That's no mirror.](http://imgur.com/4CAjbDe)", "date": "2016-04-14 11:17:29", "seriesname": "g1288_d22nku3", "file": "/media/jbrogan4/scratch2/Reddit_Prov_Dataset_v6/_A_pawn_looking_in_the_mirror/g1288_d22nku3.png", "URL": "http://i.imgur.com/4CAjbDe.png", "fileid": "g1288_d22nku3.png"}, {"id": "g1288_d22snj3", "comment": "http://i.imgur.com/piUg9P9.png", "date": "2016-04-14 13:03:40", "seriesname": "g1288_d22snj3", "file": "/media/jbrogan4/scratch2/Reddit_Prov_Dataset_v6/_A_pawn_looking_in_the_mirror/g1288_d22snj3.png", "URL": "http://i.imgur.com/piUg9P9.png", "fileid": "g1288_d22snj3.png"}, {"id": "g1288_d22d8jo", "comment": "[Imgur](http://i.imgur.com/ddFeJxe.jpg)", "date": "2016-04-14 05:13:23", "seriesname": "g1288_d22d8jo", "file": "/media/jbrogan4/scratch2/Reddit_Prov_Dataset_v6/_A_pawn_looking_in_the_mirror/g1288_d22d8jo.jpg", "URL": "http://i.imgur.com/ddFeJxe.jpg", "fileid": "g1288_d22d8jo.jpg"}, {"id": "g1288_d231g6s", "comment": "http://i.imgur.com/572tYr6.jpg", "date": "2016-04-14 16:04:46", "seriesname": "g1288_d231g6s", "file": "/media/jbrogan4/scratch2/Reddit_Prov_Dataset_v6/_A_pawn_looking_in_the_mirror/g1288_d231g6s.jpg", "URL": "http://i.imgur.com/572tYr6.jpg", "fileid": "g1288_d231g6s.jpg"}, {"id": "g1288_d22scr3", "comment": "[Looking Into The Future](http://imgur.com/DvMCoHc)\n\nMy first shop comments on quality are much welcomed and appreciated!", "date": "2016-04-14 12:57:22", "seriesname": "g1288_d22scr3", "file": "/media/jbrogan4/scratch2/Reddit_Prov_Dataset_v6/_A_pawn_looking_in_the_mirror/g1288_d22scr3.png", "URL": "http://i.imgur.com/DvMCoHc.png", "fileid": "g1288_d22scr3.png"}, {"id": "g1288_d22k3yn", "comment": "[Sorry, misunderstood](http://i.imgur.com/vFboubr.jpg)", "date": "2016-04-14 09:58:16", "seriesname": "g1288_d22k3yn", "file": "/media/jbrogan4/scratch2/Reddit_Prov_Dataset_v6/_A_pawn_looking_in_the_mirror/g1288_d22k3yn.jpg", "URL": "http://i.imgur.com/vFboubr.jpg", "fileid": "g1288_d22k3yn.jpg"}, {"id": "g1288_d22pyaj", "comment": "[My friend is always by my side.](http://i.imgur.com/WXpjLxL.jpg)", "date": "2016-04-14 12:07:27", "seriesname": "g1288_d22pyaj", "file": "/media/jbrogan4/scratch2/Reddit_Prov_Dataset_v6/_A_pawn_looking_in_the_mirror/g1288_d22pyaj.jpg", "URL": "http://i.imgur.com/WXpjLxL.jpg", "fileid": "g1288_d22pyaj.jpg"}, {"id": "g1288_d234tae", "comment": "[Follow the cold shiver running down your spine...](http://i.imgur.com/yyFgvf5.png)", "date": "2016-04-14 17:13:03", "seriesname": "g1288_d234tae", "file": "/media/jbrogan4/scratch2/Reddit_Prov_Dataset_v6/_A_pawn_looking_in_the_mirror/g1288_d234tae.png", "URL": "http://i.imgur.com/yyFgvf5.png", "fileid": "g1288_d234tae.png"}, {"id": "g1288_d230pmn", "comment": "[Checkmate!](https://i.imgur.com/DIveIw3.jpg)", "date": "2016-04-14 15:49:26", "seriesname": "g1288_d230pmn", "file": "/media/jbrogan4/scratch2/Reddit_Prov_Dataset_v6/_A_pawn_looking_in_the_mirror/g1288_d230pmn.jpg", "URL": "https://i.imgur.com/DIveIw3.jpg", "fileid": "g1288_d230pmn.jpg"}, {"id": "g1288_d22trn7", "comment": "Ah, I just made the same thing, yours is better though.\nLuckily I still have my [dumbledore version](http://i.imgur.com/a31VdOQ.jpg) ", "date": "2016-04-14 13:26:38", "seriesname": "g1288_d22trn7", "file": "/media/jbrogan4/scratch2/Reddit_Prov_Dataset_v6/_A_pawn_looking_in_the_mirror/g1288_d22trn7.jpg", "URL": "http://i.imgur.com/a31VdOQ.jpg", "fileid": "g1288_d22trn7.jpg"}, {"id": "g1288_d22f9p4", "comment": "[over there](http://i.imgur.com/h0VBZvc.jpg)", "date": "2016-04-14 07:15:37", "seriesname": "g1288_d22f9p4", "file": "/media/jbrogan4/scratch2/Reddit_Prov_Dataset_v6/_A_pawn_looking_in_the_mirror/g1288_d22f9p4.jpg", "URL": "http://i.imgur.com/h0VBZvc.jpg", "fileid": "g1288_d22f9p4.jpg"}, {"id": "g1288_d22fn0u", "comment": "[Empty](http://i.imgur.com/wU4vzNU.jpg)", "date": "2016-04-14 07:33:29", "seriesname": "g1288_d22fn0u", "file": "/media/jbrogan4/scratch2/Reddit_Prov_Dataset_v6/_A_pawn_looking_in_the_mirror/g1288_d22fn0u.jpg", "URL": "http://i.imgur.com/wU4vzNU.jpg", "fileid": "g1288_d22fn0u.jpg"}, {"id": "g1288_d22pi81", "comment": "[Everyone's been playing checkers...](http://i.imgur.com/PTxeXAW.jpg)", "date": "2016-04-14 11:58:05", "seriesname": "g1288_d22pi81", "file": "/media/jbrogan4/scratch2/Reddit_Prov_Dataset_v6/_A_pawn_looking_in_the_mirror/g1288_d22pi81.jpg", "URL": "http://i.imgur.com/PTxeXAW.jpg", "fileid": "g1288_d22pi81.jpg"}, {"id": "g1288_d22ty8r", "comment": "http://imgur.com/PdrMvT8\n\nBody dysmorphic disorder.", "date": "2016-04-14 13:30:18", "seriesname": "g1288_d22ty8r", "file": "/media/jbrogan4/scratch2/Reddit_Prov_Dataset_v6/_A_pawn_looking_in_the_mirror/g1288_d22ty8r.png", "URL": "http://i.imgur.com/PdrMvT8.png", "fileid": "g1288_d22ty8r.png"}, {"id": "g1288_d22m602", "comment": "[You've been playing checkers, I've been playing chess for years](http://i.imgur.com/8xMUJrc.png)", "date": "2016-04-14 10:46:52", "seriesname": "g1288_d22m602", "file": "/media/jbrogan4/scratch2/Reddit_Prov_Dataset_v6/_A_pawn_looking_in_the_mirror/g1288_d22m602.png", "URL": "http://i.imgur.com/8xMUJrc.png", "fileid": "g1288_d22m602.png"}, {"id": "g1288_d22v3r3", "comment": "[goofy lookin' fella](http://i.imgur.com/1vaJNp2.jpg)", "date": "2016-04-14 13:53:48", "seriesname": "g1288_d22v3r3", "file": "/media/jbrogan4/scratch2/Reddit_Prov_Dataset_v6/_A_pawn_looking_in_the_mirror/g1288_d22v3r3.jpg", "URL": "http://i.imgur.com/1vaJNp2.jpg", "fileid": "g1288_d22v3r3.jpg"}, {"id": "g1288_d2309mo", "comment": "[The Grass is greener](http://imgur.com/OsWNsu5)", "date": "2016-04-14 15:40:18", "seriesname": "g1288_d2309mo", "file": "/media/jbrogan4/scratch2/Reddit_Prov_Dataset_v6/_A_pawn_looking_in_the_mirror/g1288_d2309mo.png", "URL": "http://i.imgur.com/OsWNsu5.png", "fileid": "g1288_d2309mo.png"}, {"id": "g1288_d22nye7", "comment": "[Imgur](http://i.imgur.com/oQXmV4d.jpg)", "date": "2016-04-14 11:25:27", "seriesname": "g1288_d22nye7", "file": "/media/jbrogan4/scratch2/Reddit_Prov_Dataset_v6/_A_pawn_looking_in_the_mirror/g1288_d22nye7.jpg", "URL": "http://i.imgur.com/oQXmV4d.jpg", "fileid": "g1288_d22nye7.jpg"}, {"id": "g1288_d22rkw5", "comment": "[Candyman Candyman Candyman](http://imgur.com/5cPX5PR)", "date": "2016-04-14 12:41:17", "seriesname": "g1288_d22rkw5", "file": "/media/jbrogan4/scratch2/Reddit_Prov_Dataset_v6/_A_pawn_looking_in_the_mirror/g1288_d22rkw5.png", "URL": "http://i.imgur.com/5cPX5PR.png", "fileid": "g1288_d22rkw5.png"}, {"id": "g1288_d22sccd", "comment": "[Avatar](http://i.imgur.com/oMsxYV4.jpg)", "date": "2016-04-14 12:57:09", "seriesname": "g1288_d22sccd", "file": "/media/jbrogan4/scratch2/Reddit_Prov_Dataset_v6/_A_pawn_looking_in_the_mirror/g1288_d22sccd.jpg", "URL": "http://i.imgur.com/oMsxYV4.jpg", "fileid": "g1288_d22sccd.jpg"}, {"id": "g1288_d22dsat", "comment": "[Imgur](http://i.imgur.com/RUCTpQn.jpg)", "date": "2016-04-14 05:49:41", "seriesname": "g1288_d22dsat", "file": "/media/jbrogan4/scratch2/Reddit_Prov_Dataset_v6/_A_pawn_looking_in_the_mirror/g1288_d22dsat.jpg", "URL": "http://i.imgur.com/RUCTpQn.jpg", "fileid": "g1288_d22dsat.jpg"}, {"id": "g1288_d22iik9", "comment": "[Just cant wait to be king](http://i.imgur.com/V6y21Pz.jpg)", "date": "2016-04-14 09:16:23", "seriesname": "g1288_d22iik9", "file": "/media/jbrogan4/scratch2/Reddit_Prov_Dataset_v6/_A_pawn_looking_in_the_mirror/g1288_d22iik9.jpg", "URL": "http://i.imgur.com/V6y21Pz.jpg", "fileid": "g1288_d22iik9.jpg"}, {"id": "g1288_d230sqf", "comment": "Sometimes you need a mirror to see the rest of [The Story.](http://i.imgur.com/cZEoDMZ.png)", "date": "2016-04-14 15:51:11", "seriesname": "g1288_d230sqf", "file": "/media/jbrogan4/scratch2/Reddit_Prov_Dataset_v6/_A_pawn_looking_in_the_mirror/g1288_d230sqf.png", "URL": "http://i.imgur.com/cZEoDMZ.png", "fileid": "g1288_d230sqf.png"}, {"id": "g1288_d22n4ga", "comment": "[David, Kill the Queen!](http://imgur.com/0UNc56e)", "date": "2016-04-14 11:07:41", "seriesname": "g1288_d22n4ga", "file": "/media/jbrogan4/scratch2/Reddit_Prov_Dataset_v6/_A_pawn_looking_in_the_mirror/g1288_d22n4ga.png", "URL": "http://i.imgur.com/0UNc56e.png", "fileid": "g1288_d22n4ga.png"}, {"id": "g1288_d22jxf4", "comment": "[Lol king caught me slippin. Love him. Goodnight from us &lt;3](http://i.imgur.com/uo7MKhz.jpg)", "date": "2016-04-14 09:53:45", "seriesname": "g1288_d22jxf4", "file": "/media/jbrogan4/scratch2/Reddit_Prov_Dataset_v6/_A_pawn_looking_in_the_mirror/g1288_d22jxf4.jpg", "URL": "http://i.imgur.com/uo7MKhz.jpg", "fileid": "g1288_d22jxf4.jpg"}, {"id": "g1288_d22djw9", "comment": "[Wake up Sheeple!](http://i.imgur.com/VVMTHm3.png)", "date": "2016-04-14 05:34:07", "seriesname": "g1288_d22djw9", "file": "/media/jbrogan4/scratch2/Reddit_Prov_Dataset_v6/_A_pawn_looking_in_the_mirror/g1288_d22djw9.png", "URL": "http://i.imgur.com/VVMTHm3.png", "fileid": "g1288_d22djw9.png"}, {"id": "g1288_d232emn", "comment": "[Through the looking glass](http://imgur.com/VizfPMO)  \nAlternatively, \"These Are Things Pawns Were Not Meant to Know\"", "date": "2016-04-14 16:24:36", "seriesname": "g1288_d232emn", "file": "/media/jbrogan4/scratch2/Reddit_Prov_Dataset_v6/_A_pawn_looking_in_the_mirror/g1288_d232emn.png", "URL": "http://i.imgur.com/VizfPMO.png", "fileid": "g1288_d232emn.png"}, {"id": "g1288_d22ls7s", "comment": "[I thought this was original.](http://imgur.com/1MuDiKW)", "date": "2016-04-14 10:38:13", "seriesname": "g1288_d22ls7s", "file": "/media/jbrogan4/scratch2/Reddit_Prov_Dataset_v6/_A_pawn_looking_in_the_mirror/g1288_d22ls7s.png", "URL": "http://i.imgur.com/1MuDiKW.png", "fileid": "g1288_d22ls7s.png"}, {"id": "g1288_d22j02y", "comment": "[Keep dreaming little guy!](http://i.imgur.com/cM7e7R0.jpg)", "date": "2016-04-14 09:29:42", "seriesname": "g1288_d22j02y", "file": "/media/jbrogan4/scratch2/Reddit_Prov_Dataset_v6/_A_pawn_looking_in_the_mirror/g1288_d22j02y.jpg", "URL": "http://i.imgur.com/cM7e7R0.jpg", "fileid": "g1288_d22j02y.jpg"}, {"id": "g1288_d22lp6n", "comment": "[\"I miss them so much :(\"](http://i.imgur.com/IS9xyPf.jpg)", "date": "2016-04-14 10:36:16", "seriesname": "g1288_d22lp6n", "file": "/media/jbrogan4/scratch2/Reddit_Prov_Dataset_v6/_A_pawn_looking_in_the_mirror/g1288_d22lp6n.jpg", "URL": "http://i.imgur.com/IS9xyPf.jpg", "fileid": "g1288_d22lp6n.jpg"}, {"id": "g1288_d22ts5w", "comment": "[I'm good enough](http://imgur.com/SU2BJ4v)\n\nFirst photoshop - go easy!", "date": "2016-04-14 13:26:55", "seriesname": "g1288_d22ts5w", "file": "/media/jbrogan4/scratch2/Reddit_Prov_Dataset_v6/_A_pawn_looking_in_the_mirror/g1288_d22ts5w.png", "URL": "http://i.imgur.com/SU2BJ4v.png", "fileid": "g1288_d22ts5w.png"}, {"id": "g1288_d22lsma", "comment": "[Imgur](http://i.imgur.com/BtWYtYX.jpg)", "date": "2016-04-14 10:38:28", "seriesname": "g1288_d22lsma", "file": "/media/jbrogan4/scratch2/Reddit_Prov_Dataset_v6/_A_pawn_looking_in_the_mirror/g1288_d22lsma.jpg", "URL": "http://i.imgur.com/BtWYtYX.jpg", "fileid": "g1288_d22lsma.jpg"}, {"id": "g1288_d22drjh", "comment": "[Phantom Pawn](http://i.imgur.com/uNtzzDK.jpg)", "date": "2016-04-14 05:48:16", "seriesname": "g1288_d22drjh", "file": "/media/jbrogan4/scratch2/Reddit_Prov_Dataset_v6/_A_pawn_looking_in_the_mirror/g1288_d22drjh.jpg", "URL": "http://i.imgur.com/uNtzzDK.jpg", "fileid": "g1288_d22drjh.jpg"}, {"id": "g1288_d22g9og", "comment": "[fixed](http://i.imgur.com/7MoNgWU.jpg) or [alternatively fixed](http://i.imgur.com/wvuc6tr.jpg)", "date": "2016-04-14 08:00:52", "seriesname": "g1288_d22g9og", "file": "/media/jbrogan4/scratch2/Reddit_Prov_Dataset_v6/_A_pawn_looking_in_the_mirror/g1288_d22g9og.jpg", "URL": "http://i.imgur.com/wvuc6tr.jpg", "fileid": "g1288_d22g9og.jpg"}, {"id": "g1288_d235z0m", "comment": "[Couldn't resist](http://i.imgur.com/1rNVH6U.png?1)", "date": "2016-04-14 17:38:10", "seriesname": "g1288_d235z0m", "file": "/media/jbrogan4/scratch2/Reddit_Prov_Dataset_v6/_A_pawn_looking_in_the_mirror/g1288_d235z0m.png", "URL": "http://i.imgur.com/1rNVH6U.png?1", "fileid": "g1288_d235z0m.png"}, {"id": "g1288_d22ekbn", "comment": "['Tis but a scratch!](http://i.imgur.com/iRFrQ9C.png)", "date": "2016-04-14 06:37:33", "seriesname": "g1288_d22ekbn", "file": "/media/jbrogan4/scratch2/Reddit_Prov_Dataset_v6/_A_pawn_looking_in_the_mirror/g1288_d22ekbn.png", "URL": "http://i.imgur.com/iRFrQ9C.png", "fileid": "g1288_d22ekbn.png"}, {"id": "g1288_d22hd4s", "comment": "[Fookin' pawns!](https://i.imgur.com/NRu2bXi.jpg)", "date": "2016-04-14 08:40:52", "seriesname": "g1288_d22hd4s", "file": "/media/jbrogan4/scratch2/Reddit_Prov_Dataset_v6/_A_pawn_looking_in_the_mirror/g1288_d22hd4s.jpg", "URL": "https://i.imgur.com/NRu2bXi.jpg", "fileid": "g1288_d22hd4s.jpg"}, {"id": "g1288_d22tbn7", "comment": "Hella good hair http://i.imgur.com/oumLJQM.jpg", "date": "2016-04-14 13:17:37", "seriesname": "g1288_d22tbn7", "file": "/media/jbrogan4/scratch2/Reddit_Prov_Dataset_v6/_A_pawn_looking_in_the_mirror/g1288_d22tbn7.jpg", "URL": "http://i.imgur.com/oumLJQM.jpg", "fileid": "g1288_d22tbn7.jpg"}, {"id": "g1288_d22ma5b", "comment": "\n[Pawn O'Neill](http://i.imgur.com/Asfa2rQ.gif)\n", "date": "2016-04-14 10:49:21", "seriesname": "g1288_d22ma5b", "file": "/media/jbrogan4/scratch2/Reddit_Prov_Dataset_v6/_A_pawn_looking_in_the_mirror/g1288_d22ma5b.jpg", "URL": "http://i.imgur.com/Asfa2rQ.gif", "fileid": "g1288_d22ma5b.gif"}, {"id": "g1288_d22moxl", "comment": "[Sheep For Wood](http://i.imgur.com/ycEgcI0.jpg)", "date": "2016-04-14 10:58:15", "seriesname": "g1288_d22moxl", "file": "/media/jbrogan4/scratch2/Reddit_Prov_Dataset_v6/_A_pawn_looking_in_the_mirror/g1288_d22moxl.jpg", "URL": "http://i.imgur.com/ycEgcI0.jpg", "fileid": "g1288_d22moxl.jpg"}, {"id": "g1288_d22y9mx", "comment": "[Snowwhite](http://i.imgur.com/VHqCIWD.jpg)", "date": "2016-04-14 14:59:25", "seriesname": "g1288_d22y9mx", "file": "/media/jbrogan4/scratch2/Reddit_Prov_Dataset_v6/_A_pawn_looking_in_the_mirror/g1288_d22y9mx.jpg", "URL": "http://i.imgur.com/VHqCIWD.jpg", "fileid": "g1288_d22y9mx.jpg"}, {"id": "g1288_d22omrn", "comment": "[This is my first time doing this. I call it the enemy](http://i.imgur.com/gFrlxbh.jpg)", "date": "2016-04-14 11:39:47", "seriesname": "g1288_d22omrn", "file": "/media/jbrogan4/scratch2/Reddit_Prov_Dataset_v6/_A_pawn_looking_in_the_mirror/g1288_d22omrn.jpg", "URL": "http://i.imgur.com/gFrlxbh.jpg", "fileid": "g1288_d22omrn.jpg"}, {"id": "g1288_d22zop2", "comment": "[traitor](http://i.imgur.com/1XBo40x.jpg)", "date": "2016-04-14 15:28:29", "seriesname": "g1288_d22zop2", "file": "/media/jbrogan4/scratch2/Reddit_Prov_Dataset_v6/_A_pawn_looking_in_the_mirror/g1288_d22zop2.jpg", "URL": "http://i.imgur.com/1XBo40x.jpg", "fileid": "g1288_d22zop2.jpg"}, {"id": "g1288_d22tkh2", "comment": "[mirror of erised](http://i.imgur.com/s8gvHb5.jpg)\n\n", "date": "2016-04-14 13:22:34", "seriesname": "g1288_d22tkh2", "file": "/media/jbrogan4/scratch2/Reddit_Prov_Dataset_v6/_A_pawn_looking_in_the_mirror/g1288_d22tkh2.jpg", "URL": "http://i.imgur.com/s8gvHb5.jpg", "fileid": "g1288_d22tkh2.jpg"}, {"id": "g1288_root", "comment": "", "date": "2016-04-14 04:37:11", "seriesname": "g1288_root", "file": "/media/jbrogan4/scratch2/Reddit_Prov_Dataset_v6/_A_pawn_looking_in_the_mirror/g1288_root.jpg", "URL": "http://i.imgur.com/kq1RMyw.jpg", "fileid": "g1288_root.jpg"}, {"id": "g1288_d22l3t1", "comment": "[praying for that geneseed](http://i.imgur.com/eh0yz2Z.png)", "date": "2016-04-14 10:22:22", "seriesname": "g1288_d22l3t1", "file": "/media/jbrogan4/scratch2/Reddit_Prov_Dataset_v6/_A_pawn_looking_in_the_mirror/g1288_d22l3t1.png", "URL": "http://i.imgur.com/eh0yz2Z.png", "fileid": "g1288_d22l3t1.png"}], "graph": {"name": "g1288_root"}, "directed": true}