{"links": [{"op": "none", "target": 0, "source": 46}, {"op": "none", "target": 1, "source": 46}, {"op": "none", "target": 2, "source": 46}, {"op": "none", "target": 3, "source": 46}, {"op": "none", "target": 4, "source": 46}, {"op": "none", "target": 5, "source": 47}, {"op": "none", "target": 6, "source": 46}, {"op": "none", "target": 7, "source": 46}, {"op": "none", "target": 8, "source": 46}, {"op": "none", "target": 9, "source": 46}, {"op": "none", "target": 10, "source": 13}, {"op": "none", "target": 11, "source": 46}, {"op": "none", "target": 12, "source": 46}, {"op": "none", "target": 13, "source": 46}, {"op": "none", "target": 14, "source": 46}, {"op": "none", "target": 15, "source": 46}, {"op": "none", "target": 16, "source": 46}, {"op": "none", "target": 17, "source": 46}, {"op": "none", "target": 18, "source": 46}, {"op": "none", "target": 19, "source": 46}, {"op": "none", "target": 20, "source": 46}, {"op": "none", "target": 21, "source": 46}, {"op": "none", "target": 22, "source": 45}, {"op": "none", "target": 23, "source": 46}, {"op": "none", "target": 24, "source": 46}, {"op": "none", "target": 25, "source": 46}, {"op": "none", "target": 26, "source": 46}, {"op": "none", "target": 27, "source": 0}, {"op": "none", "target": 28, "source": 1}, {"op": "none", "target": 29, "source": 47}, {"op": "none", "target": 30, "source": 46}, {"op": "none", "target": 31, "source": 46}, {"op": "none", "target": 32, "source": 46}, {"op": "none", "target": 33, "source": 46}, {"op": "none", "target": 34, "source": 46}, {"op": "none", "target": 35, "source": 46}, {"op": "none", "target": 36, "source": 47}, {"op": "none", "target": 37, "source": 46}, {"op": "none", "target": 38, "source": 46}, {"op": "none", "target": 39, "source": 46}, {"op": "none", "target": 40, "source": 46}, {"op": "none", "target": 41, "source": 15}, {"op": "none", "target": 42, "source": 46}, {"op": "none", "target": 43, "source": 46}, {"op": "none", "target": 44, "source": 46}, {"op": "none", "target": 45, "source": 46}, {"op": "none", "target": 47, "source": 46}], "title": "_Emilia_Clarke's_reaction_to_Kristen_Wiig_playing_Khaleesi_on_Tonight_with_Jimmy_Fallon", "nodes": [{"id": "g1289_cqu93ia", "comment": "[LOL!](http://i.imgur.com/naS5uLo.jpg)\n\n[also in stereo](http://i.imgur.com/7dbUrBn.jpg)", "date": "2015-04-30 16:36:38", "seriesname": "g1289_cqu93ia", "file": "/media/jbrogan4/scratch2/Reddit_Prov_Dataset_v6/_Emilia_Clarke's_reaction_to_Kristen_Wiig_playing_Khaleesi_on_Tonight_with_Jimmy_Fallon/g1289_cqu93ia.jpg", "URL": "http://i.imgur.com/7dbUrBn.jpg", "fileid": "g1289_cqu93ia.jpg"}, {"id": "g1289_cqubapq", "comment": "[Look at this graph](http://i.imgur.com/UeReyTP.png)", "date": "2015-04-30 17:34:59", "seriesname": "g1289_cqubapq", "file": "/media/jbrogan4/scratch2/Reddit_Prov_Dataset_v6/_Emilia_Clarke's_reaction_to_Kristen_Wiig_playing_Khaleesi_on_Tonight_with_Jimmy_Fallon/g1289_cqubapq.png", "URL": "http://i.imgur.com/UeReyTP.png", "fileid": "g1289_cqubapq.png"}, {"id": "g1289_cqu825u", "comment": "*We have a [Wiig](http://imgur.com/xOyjNe6) swap.*\nEdit: cleaned up the cheek line a bit", "date": "2015-04-30 16:10:16", "seriesname": "g1289_cqu825u", "file": "/media/jbrogan4/scratch2/Reddit_Prov_Dataset_v6/_Emilia_Clarke's_reaction_to_Kristen_Wiig_playing_Khaleesi_on_Tonight_with_Jimmy_Fallon/g1289_cqu825u.png", "URL": "http://i.imgur.com/xOyjNe6.png", "fileid": "g1289_cqu825u.png"}, {"id": "g1289_cqufhvy", "comment": "[That's your Joker?!](http://i.imgur.com/d0AcTPz.jpg)", "date": "2015-04-30 19:38:00", "seriesname": "g1289_cqufhvy", "file": "/media/jbrogan4/scratch2/Reddit_Prov_Dataset_v6/_Emilia_Clarke's_reaction_to_Kristen_Wiig_playing_Khaleesi_on_Tonight_with_Jimmy_Fallon/g1289_cqufhvy.jpg", "URL": "http://i.imgur.com/d0AcTPz.jpg", "fileid": "g1289_cqufhvy.jpg"}, {"id": "g1289_cqudb93", "comment": "[thats awfully insensitive](http://i.imgur.com/hJjyULC.jpg)", "date": "2015-04-30 18:32:20", "seriesname": "g1289_cqudb93", "file": "/media/jbrogan4/scratch2/Reddit_Prov_Dataset_v6/_Emilia_Clarke's_reaction_to_Kristen_Wiig_playing_Khaleesi_on_Tonight_with_Jimmy_Fallon/g1289_cqudb93.jpg", "URL": "http://i.imgur.com/hJjyULC.jpg", "fileid": "g1289_cqudb93.jpg"}, {"id": "g1289_cqudgs1", "comment": "[There you go!](http://i.imgur.com/VGGNG1o.jpg)", "date": "2015-04-30 18:36:59", "seriesname": "g1289_cqudgs1", "file": "/media/jbrogan4/scratch2/Reddit_Prov_Dataset_v6/_Emilia_Clarke's_reaction_to_Kristen_Wiig_playing_Khaleesi_on_Tonight_with_Jimmy_Fallon/g1289_cqudgs1.jpg", "URL": "http://i.imgur.com/VGGNG1o.jpg", "fileid": "g1289_cqudgs1.jpg"}, {"id": "g1289_cquai9a", "comment": "[Fire](http://i.imgur.com/F7RJTYz.png)", "date": "2015-04-30 17:13:28", "seriesname": "g1289_cquai9a", "file": "/media/jbrogan4/scratch2/Reddit_Prov_Dataset_v6/_Emilia_Clarke's_reaction_to_Kristen_Wiig_playing_Khaleesi_on_Tonight_with_Jimmy_Fallon/g1289_cquai9a.png", "URL": "http://i.imgur.com/F7RJTYz.png", "fileid": "g1289_cquai9a.png"}, {"id": "g1289_cqu6reu", "comment": "[Real mature Emilia.](http://i.imgur.com/2wMNE6N.jpg)", "date": "2015-04-30 15:37:36", "seriesname": "g1289_cqu6reu", "file": "/media/jbrogan4/scratch2/Reddit_Prov_Dataset_v6/_Emilia_Clarke's_reaction_to_Kristen_Wiig_playing_Khaleesi_on_Tonight_with_Jimmy_Fallon/g1289_cqu6reu.jpg", "URL": "http://i.imgur.com/2wMNE6N.jpg", "fileid": "g1289_cqu6reu.jpg"}, {"id": "g1289_cqu66xj", "comment": "[\"Americans\"](http://i.imgur.com/C689kYb.jpg?1)", "date": "2015-04-30 15:23:30", "seriesname": "g1289_cqu66xj", "file": "/media/jbrogan4/scratch2/Reddit_Prov_Dataset_v6/_Emilia_Clarke's_reaction_to_Kristen_Wiig_playing_Khaleesi_on_Tonight_with_Jimmy_Fallon/g1289_cqu66xj.jpg", "URL": "http://i.imgur.com/C689kYb.jpg?1", "fileid": "g1289_cqu66xj.jpg"}, {"id": "g1289_cqu727w", "comment": "[Do I get bonus points for combining two PsBattles into one?](http://i.imgur.com/NYPijkT.jpg)", "date": "2015-04-30 15:45:09", "seriesname": "g1289_cqu727w", "file": "/media/jbrogan4/scratch2/Reddit_Prov_Dataset_v6/_Emilia_Clarke's_reaction_to_Kristen_Wiig_playing_Khaleesi_on_Tonight_with_Jimmy_Fallon/g1289_cqu727w.jpg", "URL": "http://i.imgur.com/NYPijkT.jpg", "fileid": "g1289_cqu727w.jpg"}, {"id": "g1289_cquc6g7", "comment": "http://i.imgur.com/fBLoPUe.png\n\nCurrently on front page", "date": "2015-04-30 17:59:25", "seriesname": "g1289_cquc6g7", "file": "/media/jbrogan4/scratch2/Reddit_Prov_Dataset_v6/_Emilia_Clarke's_reaction_to_Kristen_Wiig_playing_Khaleesi_on_Tonight_with_Jimmy_Fallon/g1289_cquc6g7.png", "URL": "http://i.imgur.com/fBLoPUe.png", "fileid": "g1289_cquc6g7.png"}, {"id": "g1289_cquav8v", "comment": " [Daenerys, Uncanny Valley edition.](http://i.imgur.com/HbOMBvV.png)", "date": "2015-04-30 17:23:09", "seriesname": "g1289_cquav8v", "file": "/media/jbrogan4/scratch2/Reddit_Prov_Dataset_v6/_Emilia_Clarke's_reaction_to_Kristen_Wiig_playing_Khaleesi_on_Tonight_with_Jimmy_Fallon/g1289_cquav8v.png", "URL": "http://i.imgur.com/HbOMBvV.png", "fileid": "g1289_cquav8v.png"}, {"id": "g1289_cqu9kf7", "comment": "[Falls for it every time](http://i.imgur.com/FGffosL.png)", "date": "2015-04-30 16:48:42", "seriesname": "g1289_cqu9kf7", "file": "/media/jbrogan4/scratch2/Reddit_Prov_Dataset_v6/_Emilia_Clarke's_reaction_to_Kristen_Wiig_playing_Khaleesi_on_Tonight_with_Jimmy_Fallon/g1289_cqu9kf7.png", "URL": "http://i.imgur.com/FGffosL.png", "fileid": "g1289_cqu9kf7.png"}, {"id": "g1289_cqu9ibd", "comment": "[Front Page Humiliation](http://i.imgur.com/KINfO52.jpg)", "date": "2015-04-30 16:47:09", "seriesname": "g1289_cqu9ibd", "file": "/media/jbrogan4/scratch2/Reddit_Prov_Dataset_v6/_Emilia_Clarke's_reaction_to_Kristen_Wiig_playing_Khaleesi_on_Tonight_with_Jimmy_Fallon/g1289_cqu9ibd.jpg", "URL": "http://i.imgur.com/KINfO52.jpg", "fileid": "g1289_cqu9ibd.jpg"}, {"id": "g1289_cqub4ix", "comment": "[\"What on earth was I thinking..\"](http://imgur.com/fGsOgzV)", "date": "2015-04-30 17:30:14", "seriesname": "g1289_cqub4ix", "file": "/media/jbrogan4/scratch2/Reddit_Prov_Dataset_v6/_Emilia_Clarke's_reaction_to_Kristen_Wiig_playing_Khaleesi_on_Tonight_with_Jimmy_Fallon/g1289_cqub4ix.png", "URL": "http://i.imgur.com/fGsOgzV.png", "fileid": "g1289_cqub4ix.png"}, {"id": "g1289_cqu9gam", "comment": "[Poor Jorah](http://imgur.com/2vCZdUZ)", "date": "2015-04-30 16:45:45", "seriesname": "g1289_cqu9gam", "file": "/media/jbrogan4/scratch2/Reddit_Prov_Dataset_v6/_Emilia_Clarke's_reaction_to_Kristen_Wiig_playing_Khaleesi_on_Tonight_with_Jimmy_Fallon/g1289_cqu9gam.png", "URL": "http://i.imgur.com/2vCZdUZ.png", "fileid": "g1289_cqu9gam.png"}, {"id": "g1289_cqulh0j", "comment": "[Stop!](http://imgur.com/fEKzoNJ)", "date": "2015-04-30 22:19:04", "seriesname": "g1289_cqulh0j", "file": "/media/jbrogan4/scratch2/Reddit_Prov_Dataset_v6/_Emilia_Clarke's_reaction_to_Kristen_Wiig_playing_Khaleesi_on_Tonight_with_Jimmy_Fallon/g1289_cqulh0j.png", "URL": "http://i.imgur.com/fEKzoNJ.png", "fileid": "g1289_cqulh0j.png"}, {"id": "g1289_cqu7xuc", "comment": "[Khaleaki](http://imgur.com/k3ZJ0Cr.jpg)", "date": "2015-04-30 16:07:10", "seriesname": "g1289_cqu7xuc", "file": "/media/jbrogan4/scratch2/Reddit_Prov_Dataset_v6/_Emilia_Clarke's_reaction_to_Kristen_Wiig_playing_Khaleesi_on_Tonight_with_Jimmy_Fallon/g1289_cqu7xuc.jpg", "URL": "http://imgur.com/k3ZJ0Cr.jpg", "fileid": "g1289_cqu7xuc.jpg"}, {"id": "g1289_cqu6kxs", "comment": "[Love that album](http://i.imgur.com/5LKBQKC.jpg)", "date": "2015-04-30 15:33:03", "seriesname": "g1289_cqu6kxs", "file": "/media/jbrogan4/scratch2/Reddit_Prov_Dataset_v6/_Emilia_Clarke's_reaction_to_Kristen_Wiig_playing_Khaleesi_on_Tonight_with_Jimmy_Fallon/g1289_cqu6kxs.jpg", "URL": "http://i.imgur.com/5LKBQKC.jpg", "fileid": "g1289_cqu6kxs.jpg"}, {"id": "g1289_cqu86cd", "comment": "http://i.imgur.com/W1d5A58.png", "date": "2015-04-30 16:13:11", "seriesname": "g1289_cqu86cd", "file": "/media/jbrogan4/scratch2/Reddit_Prov_Dataset_v6/_Emilia_Clarke's_reaction_to_Kristen_Wiig_playing_Khaleesi_on_Tonight_with_Jimmy_Fallon/g1289_cqu86cd.png", "URL": "http://i.imgur.com/W1d5A58.png", "fileid": "g1289_cqu86cd.png"}, {"id": "g1289_cqub9nz", "comment": "A variation on the [meta pictures.](http://i.imgur.com/O7Gn58R.jpg)", "date": "2015-04-30 17:34:09", "seriesname": "g1289_cqub9nz", "file": "/media/jbrogan4/scratch2/Reddit_Prov_Dataset_v6/_Emilia_Clarke's_reaction_to_Kristen_Wiig_playing_Khaleesi_on_Tonight_with_Jimmy_Fallon/g1289_cqub9nz.jpg", "URL": "http://i.imgur.com/O7Gn58R.jpg", "fileid": "g1289_cqub9nz.jpg"}, {"id": "g1289_cqublcp", "comment": "[swappity swappatoo](http://i.imgur.com/T0E1Zus.png)", "date": "2015-04-30 17:43:14", "seriesname": "g1289_cqublcp", "file": "/media/jbrogan4/scratch2/Reddit_Prov_Dataset_v6/_Emilia_Clarke's_reaction_to_Kristen_Wiig_playing_Khaleesi_on_Tonight_with_Jimmy_Fallon/g1289_cqublcp.png", "URL": "http://i.imgur.com/T0E1Zus.png", "fileid": "g1289_cqublcp.png"}, {"id": "g1289_cqu9lpd", "comment": "[Is this the shoop you were looking for?](http://i.imgur.com/9WweSzm.png)\n\n[edit](http://i.imgur.com/QpCcu4v.png)\n", "date": "2015-04-30 16:49:38", "seriesname": "g1289_cqu9lpd", "file": "/media/jbrogan4/scratch2/Reddit_Prov_Dataset_v6/_Emilia_Clarke's_reaction_to_Kristen_Wiig_playing_Khaleesi_on_Tonight_with_Jimmy_Fallon/g1289_cqu9lpd.png", "URL": "http://i.imgur.com/QpCcu4v.png", "fileid": "g1289_cqu9lpd.png"}, {"id": "g1289_cqu87xe", "comment": "[Sleeping on a plane](http://imgur.com/FFfq1Ix)", "date": "2015-04-30 16:14:17", "seriesname": "g1289_cqu87xe", "file": "/media/jbrogan4/scratch2/Reddit_Prov_Dataset_v6/_Emilia_Clarke's_reaction_to_Kristen_Wiig_playing_Khaleesi_on_Tonight_with_Jimmy_Fallon/g1289_cqu87xe.png", "URL": "http://i.imgur.com/FFfq1Ix.png", "fileid": "g1289_cqu87xe.png"}, {"id": "g1289_cquk8xr", "comment": "http://imgur.com/Btgiamk", "date": "2015-04-30 21:46:30", "seriesname": "g1289_cquk8xr", "file": "/media/jbrogan4/scratch2/Reddit_Prov_Dataset_v6/_Emilia_Clarke's_reaction_to_Kristen_Wiig_playing_Khaleesi_on_Tonight_with_Jimmy_Fallon/g1289_cquk8xr.png", "URL": "http://i.imgur.com/Btgiamk.png", "fileid": "g1289_cquk8xr.png"}, {"id": "g1289_cqu9heb", "comment": "[Emilia Clarke's reaction to /u/uglychican0 playing Jon Snow on Tonight with Jimmy Fallon](http://i.imgur.com/oLe3KG7.jpg)", "date": "2015-04-30 16:46:31", "seriesname": "g1289_cqu9heb", "file": "/media/jbrogan4/scratch2/Reddit_Prov_Dataset_v6/_Emilia_Clarke's_reaction_to_Kristen_Wiig_playing_Khaleesi_on_Tonight_with_Jimmy_Fallon/g1289_cqu9heb.jpg", "URL": "http://i.imgur.com/oLe3KG7.jpg", "fileid": "g1289_cqu9heb.jpg"}, {"id": "g1289_cquaiz3", "comment": "What's the difference between the dinosaur and a dragon...?\n\n[Dinosaurs are too young to SMOKE!](http://i.imgur.com/50ADg77.jpg)", "date": "2015-04-30 17:14:00", "seriesname": "g1289_cquaiz3", "file": "/media/jbrogan4/scratch2/Reddit_Prov_Dataset_v6/_Emilia_Clarke's_reaction_to_Kristen_Wiig_playing_Khaleesi_on_Tonight_with_Jimmy_Fallon/g1289_cquaiz3.jpg", "URL": "http://i.imgur.com/50ADg77.jpg", "fileid": "g1289_cquaiz3.jpg"}, {"id": "g1289_cquan8u", "comment": "I have no idea what you mean, [but I had to try](http://i.imgur.com/M3sz5wF.jpg)", "date": "2015-04-30 17:17:10", "seriesname": "g1289_cquan8u", "file": "/media/jbrogan4/scratch2/Reddit_Prov_Dataset_v6/_Emilia_Clarke's_reaction_to_Kristen_Wiig_playing_Khaleesi_on_Tonight_with_Jimmy_Fallon/g1289_cquan8u.jpg", "URL": "http://i.imgur.com/M3sz5wF.jpg", "fileid": "g1289_cquan8u.jpg"}, {"id": "g1289_cquf39e", "comment": "[Look at THIS graph!](http://imgur.com/ReMmLwE)", "date": "2015-04-30 19:25:48", "seriesname": "g1289_cquf39e", "file": "/media/jbrogan4/scratch2/Reddit_Prov_Dataset_v6/_Emilia_Clarke's_reaction_to_Kristen_Wiig_playing_Khaleesi_on_Tonight_with_Jimmy_Fallon/g1289_cquf39e.png", "URL": "http://i.imgur.com/ReMmLwE.png", "fileid": "g1289_cquf39e.png"}, {"id": "g1289_cqudkb7", "comment": "[\"That's me fucking him\" ](http://i.imgur.com/VGGNG1o.jpg)", "date": "2015-04-30 18:39:52", "seriesname": "g1289_cqudkb7", "file": "/media/jbrogan4/scratch2/Reddit_Prov_Dataset_v6/_Emilia_Clarke's_reaction_to_Kristen_Wiig_playing_Khaleesi_on_Tonight_with_Jimmy_Fallon/g1289_cqudkb7.jpg", "URL": "http://i.imgur.com/VGGNG1o.jpg", "fileid": "g1289_cqudkb7.jpg"}, {"id": "g1289_cqud3i3", "comment": "It's also a fine example of the Thatcher effect!\n\n[OBSERVE!](http://i.imgur.com/qAGVrvk.png)\n", "date": "2015-04-30 18:25:58", "seriesname": "g1289_cqud3i3", "file": "/media/jbrogan4/scratch2/Reddit_Prov_Dataset_v6/_Emilia_Clarke's_reaction_to_Kristen_Wiig_playing_Khaleesi_on_Tonight_with_Jimmy_Fallon/g1289_cqud3i3.png", "URL": "http://i.imgur.com/qAGVrvk.png", "fileid": "g1289_cqud3i3.png"}, {"id": "g1289_cqub3hp", "comment": "[She ain't buying this crap](http://i.imgur.com/umFu4ZQ.png)", "date": "2015-04-30 17:29:28", "seriesname": "g1289_cqub3hp", "file": "/media/jbrogan4/scratch2/Reddit_Prov_Dataset_v6/_Emilia_Clarke's_reaction_to_Kristen_Wiig_playing_Khaleesi_on_Tonight_with_Jimmy_Fallon/g1289_cqub3hp.png", "URL": "http://i.imgur.com/umFu4ZQ.png", "fileid": "g1289_cqub3hp.png"}, {"id": "g1289_cqu90da", "comment": "[KHAHAHAHAHALEESI](http://i.imgur.com/6ZUUi2v.jpg)\n\n~~Edit: wow, really people? its a fucking pun, Daenerys Targaryen doesent really work with HAHA you know? wtf is the matter with you people get over yourselves~~\n\nEdit2: Turns out one of those people mistakenly commented on my post and other maybe didn't mean it that way... oh well", "date": "2015-04-30 16:34:26", "seriesname": "g1289_cqu90da", "file": "/media/jbrogan4/scratch2/Reddit_Prov_Dataset_v6/_Emilia_Clarke's_reaction_to_Kristen_Wiig_playing_Khaleesi_on_Tonight_with_Jimmy_Fallon/g1289_cqu90da.jpg", "URL": "http://i.imgur.com/6ZUUi2v.jpg", "fileid": "g1289_cqu90da.jpg"}, {"id": "g1289_cqug3nk", "comment": "[She knows who's gonna win](http://imgur.com/CYFtCAC.jpg)", "date": "2015-04-30 19:55:42", "seriesname": "g1289_cqug3nk", "file": "/media/jbrogan4/scratch2/Reddit_Prov_Dataset_v6/_Emilia_Clarke's_reaction_to_Kristen_Wiig_playing_Khaleesi_on_Tonight_with_Jimmy_Fallon/g1289_cqug3nk.jpg", "URL": "http://imgur.com/CYFtCAC.jpg", "fileid": "g1289_cqug3nk.jpg"}, {"id": "g1289_cqucs2l", "comment": "[Terminator Genisys lol](http://i.imgur.com/4rzEQYH.jpg)", "date": "2015-04-30 18:16:35", "seriesname": "g1289_cqucs2l", "file": "/media/jbrogan4/scratch2/Reddit_Prov_Dataset_v6/_Emilia_Clarke's_reaction_to_Kristen_Wiig_playing_Khaleesi_on_Tonight_with_Jimmy_Fallon/g1289_cqucs2l.jpg", "URL": "http://i.imgur.com/4rzEQYH.jpg", "fileid": "g1289_cqucs2l.jpg"}, {"id": "g1289_cqu5lje", "comment": "http://imgur.com/ArgLsJW", "date": "2015-04-30 15:08:20", "seriesname": "g1289_cqu5lje", "file": "/media/jbrogan4/scratch2/Reddit_Prov_Dataset_v6/_Emilia_Clarke's_reaction_to_Kristen_Wiig_playing_Khaleesi_on_Tonight_with_Jimmy_Fallon/g1289_cqu5lje.png", "URL": "http://i.imgur.com/ArgLsJW.png", "fileid": "g1289_cqu5lje.png"}, {"id": "g1289_cquolk3", "comment": "[Like this?](http://imgur.com/gvNItGW)\n", "date": "2015-04-30 23:50:51", "seriesname": "g1289_cquolk3", "file": "/media/jbrogan4/scratch2/Reddit_Prov_Dataset_v6/_Emilia_Clarke's_reaction_to_Kristen_Wiig_playing_Khaleesi_on_Tonight_with_Jimmy_Fallon/g1289_cquolk3.png", "URL": "http://i.imgur.com/gvNItGW.png", "fileid": "g1289_cquolk3.png"}, {"id": "g1289_cqufevg", "comment": "[I don't even](http://i.imgur.com/LSwJ4tA.png)", "date": "2015-04-30 19:35:31", "seriesname": "g1289_cqufevg", "file": "/media/jbrogan4/scratch2/Reddit_Prov_Dataset_v6/_Emilia_Clarke's_reaction_to_Kristen_Wiig_playing_Khaleesi_on_Tonight_with_Jimmy_Fallon/g1289_cqufevg.png", "URL": "http://i.imgur.com/LSwJ4tA.png", "fileid": "g1289_cqufevg.png"}, {"id": "g1289_cqu5tcr", "comment": "[http://i.imgur.com/QoOamW8.png](http://i.imgur.com/QoOamW8.png)", "date": "2015-04-30 15:13:52", "seriesname": "g1289_cqu5tcr", "file": "/media/jbrogan4/scratch2/Reddit_Prov_Dataset_v6/_Emilia_Clarke's_reaction_to_Kristen_Wiig_playing_Khaleesi_on_Tonight_with_Jimmy_Fallon/g1289_cqu5tcr.png", "URL": "http://i.imgur.com/QoOamW8.png](http://i.imgur.com/QoOamW8.png", "fileid": "g1289_cqu5tcr.png"}, {"id": "g1289_cquawsr", "comment": "[\"I'm on Reddit, guys!\"](http://i.imgur.com/euhG43z.png)\n\nEDIT: [\"I'm on Reddit ON Reddit, guys!\"](http://i.imgur.com/FnA68M1.png)", "date": "2015-04-30 17:24:19", "seriesname": "g1289_cquawsr", "file": "/media/jbrogan4/scratch2/Reddit_Prov_Dataset_v6/_Emilia_Clarke's_reaction_to_Kristen_Wiig_playing_Khaleesi_on_Tonight_with_Jimmy_Fallon/g1289_cquawsr.png", "URL": "http://i.imgur.com/FnA68M1.png", "fileid": "g1289_cquawsr.png"}, {"id": "g1289_cqu7pt8", "comment": "[Verified](http://i.imgur.com/Npz0F4N.jpg)", "date": "2015-04-30 16:01:35", "seriesname": "g1289_cqu7pt8", "file": "/media/jbrogan4/scratch2/Reddit_Prov_Dataset_v6/_Emilia_Clarke's_reaction_to_Kristen_Wiig_playing_Khaleesi_on_Tonight_with_Jimmy_Fallon/g1289_cqu7pt8.jpg", "URL": "http://i.imgur.com/Npz0F4N.jpg", "fileid": "g1289_cqu7pt8.jpg"}, {"id": "g1289_cquc7ga", "comment": "[I had a similar idea.](http://i.imgur.com/gsiiQRu.jpg)\n\n(GoT spoilers)", "date": "2015-04-30 18:00:14", "seriesname": "g1289_cquc7ga", "file": "/media/jbrogan4/scratch2/Reddit_Prov_Dataset_v6/_Emilia_Clarke's_reaction_to_Kristen_Wiig_playing_Khaleesi_on_Tonight_with_Jimmy_Fallon/g1289_cquc7ga.jpg", "URL": "http://i.imgur.com/gsiiQRu.jpg", "fileid": "g1289_cquc7ga.jpg"}, {"id": "g1289_cqu7ut3", "comment": "[Brace yourself.](http://i.imgur.com/ZCMMIGn.png)", "date": "2015-04-30 16:05:02", "seriesname": "g1289_cqu7ut3", "file": "/media/jbrogan4/scratch2/Reddit_Prov_Dataset_v6/_Emilia_Clarke's_reaction_to_Kristen_Wiig_playing_Khaleesi_on_Tonight_with_Jimmy_Fallon/g1289_cqu7ut3.png", "URL": "http://i.imgur.com/ZCMMIGn.png", "fileid": "g1289_cqu7ut3.png"}, {"id": "g1289_cqu5lf9", "comment": "[NSFW: She's seen bigger](http://i.imgur.com/PNIdFTc.jpg)", "date": "2015-04-30 15:08:16", "seriesname": "g1289_cqu5lf9", "file": "/media/jbrogan4/scratch2/Reddit_Prov_Dataset_v6/_Emilia_Clarke's_reaction_to_Kristen_Wiig_playing_Khaleesi_on_Tonight_with_Jimmy_Fallon/g1289_cqu5lf9.jpg", "URL": "http://i.imgur.com/PNIdFTc.jpg", "fileid": "g1289_cqu5lf9.jpg"}, {"id": "g1289_cqucpsz", "comment": "[The Humiliation Continues] (http://i.imgur.com/xrCAeEl.png) ", "date": "2015-04-30 18:14:46", "seriesname": "g1289_cqucpsz", "file": "/media/jbrogan4/scratch2/Reddit_Prov_Dataset_v6/_Emilia_Clarke's_reaction_to_Kristen_Wiig_playing_Khaleesi_on_Tonight_with_Jimmy_Fallon/g1289_cqucpsz.png", "URL": "http://i.imgur.com/xrCAeEl.png", "fileid": "g1289_cqucpsz.png"}, {"id": "g1289_cqu6fu3", "comment": "[I don't have photoshop](http://imgur.com/aSJMmgk)", "date": "2015-04-30 15:29:36", "seriesname": "g1289_cqu6fu3", "file": "/media/jbrogan4/scratch2/Reddit_Prov_Dataset_v6/_Emilia_Clarke's_reaction_to_Kristen_Wiig_playing_Khaleesi_on_Tonight_with_Jimmy_Fallon/g1289_cqu6fu3.png", "URL": "http://i.imgur.com/aSJMmgk.png", "fileid": "g1289_cqu6fu3.png"}, {"id": "g1289_root", "comment": "", "date": "2015-04-30 14:20:00", "seriesname": "g1289_root", "file": "/media/jbrogan4/scratch2/Reddit_Prov_Dataset_v6/_Emilia_Clarke's_reaction_to_Kristen_Wiig_playing_Khaleesi_on_Tonight_with_Jimmy_Fallon/g1289_root.png", "URL": "http://i.imgur.com/2qC1F4n.png", "fileid": "g1289_root.png"}, {"id": "g1289_cqu4joj", "comment": "[Humility(NSFWish)](http://imgur.com/s2A2cvB)", "date": "2015-04-30 14:41:33", "seriesname": "g1289_cqu4joj", "file": "/media/jbrogan4/scratch2/Reddit_Prov_Dataset_v6/_Emilia_Clarke's_reaction_to_Kristen_Wiig_playing_Khaleesi_on_Tonight_with_Jimmy_Fallon/g1289_cqu4joj.png", "URL": "http://i.imgur.com/s2A2cvB.png", "fileid": "g1289_cqu4joj.png"}], "graph": {"name": "g1289_root"}, "directed": true}