{"links": [{"op": "none", "target": 0, "source": 74}, {"op": "none", "target": 1, "source": 74}, {"op": "none", "target": 2, "source": 74}, {"op": "none", "target": 3, "source": 74}, {"op": "none", "target": 4, "source": 74}, {"op": "none", "target": 5, "source": 74}, {"op": "none", "target": 6, "source": 74}, {"op": "none", "target": 7, "source": 74}, {"op": "none", "target": 8, "source": 74}, {"op": "none", "target": 9, "source": 74}, {"op": "none", "target": 10, "source": 74}, {"op": "none", "target": 11, "source": 46}, {"op": "none", "target": 12, "source": 74}, {"op": "none", "target": 13, "source": 74}, {"op": "none", "target": 14, "source": 74}, {"op": "none", "target": 15, "source": 74}, {"op": "none", "target": 16, "source": 74}, {"op": "none", "target": 17, "source": 74}, {"op": "none", "target": 18, "source": 74}, {"op": "none", "target": 19, "source": 74}, {"op": "none", "target": 20, "source": 7}, {"op": "none", "target": 21, "source": 74}, {"op": "none", "target": 22, "source": 74}, {"op": "none", "target": 23, "source": 74}, {"op": "none", "target": 24, "source": 74}, {"op": "none", "target": 25, "source": 74}, {"op": "none", "target": 26, "source": 74}, {"op": "none", "target": 27, "source": 74}, {"op": "none", "target": 28, "source": 74}, {"op": "none", "target": 29, "source": 74}, {"op": "none", "target": 30, "source": 74}, {"op": "none", "target": 31, "source": 35}, {"op": "none", "target": 32, "source": 74}, {"op": "none", "target": 33, "source": 74}, {"op": "none", "target": 34, "source": 26}, {"op": "none", "target": 35, "source": 74}, {"op": "none", "target": 36, "source": 42}, {"op": "none", "target": 37, "source": 74}, {"op": "none", "target": 38, "source": 74}, {"op": "none", "target": 39, "source": 74}, {"op": "none", "target": 40, "source": 74}, {"op": "none", "target": 41, "source": 36}, {"op": "none", "target": 42, "source": 74}, {"op": "none", "target": 43, "source": 35}, {"op": "none", "target": 44, "source": 74}, {"op": "none", "target": 45, "source": 74}, {"op": "none", "target": 46, "source": 74}, {"op": "none", "target": 47, "source": 74}, {"op": "none", "target": 48, "source": 35}, {"op": "none", "target": 49, "source": 74}, {"op": "none", "target": 50, "source": 74}, {"op": "none", "target": 51, "source": 74}, {"op": "none", "target": 52, "source": 74}, {"op": "none", "target": 53, "source": 5}, {"op": "none", "target": 54, "source": 74}, {"op": "none", "target": 55, "source": 74}, {"op": "none", "target": 56, "source": 31}, {"op": "none", "target": 57, "source": 74}, {"op": "none", "target": 58, "source": 74}, {"op": "none", "target": 59, "source": 74}, {"op": "none", "target": 60, "source": 74}, {"op": "none", "target": 61, "source": 74}, {"op": "none", "target": 62, "source": 35}, {"op": "none", "target": 63, "source": 12}, {"op": "none", "target": 64, "source": 74}, {"op": "none", "target": 65, "source": 74}, {"op": "none", "target": 66, "source": 74}, {"op": "none", "target": 67, "source": 74}, {"op": "none", "target": 68, "source": 67}, {"op": "none", "target": 69, "source": 74}, {"op": "none", "target": 70, "source": 74}, {"op": "none", "target": 71, "source": 74}, {"op": "none", "target": 72, "source": 74}, {"op": "none", "target": 73, "source": 74}, {"op": "none", "target": 75, "source": 13}, {"op": "none", "target": 76, "source": 74}], "title": "_Perplexed_Bill_Nye", "nodes": [{"id": "g1286_cwodn2c", "comment": "[Hottest mixtape of 2015](http://imgur.com/Y7iCRDy)\n\nEDIT: 1k karma. I always knew Bill Nye would bring me far in life", "date": "2015-11-04 13:02:30", "seriesname": "g1286_cwodn2c", "file": "/media/jbrogan4/scratch2/Reddit_Prov_Dataset_v6/_Perplexed_Bill_Nye/g1286_cwodn2c.png", "URL": "http://i.imgur.com/Y7iCRDy.png", "fileid": "g1286_cwodn2c.png"}, {"id": "g1286_cwoeu8j", "comment": "[Oh the humanity?](https://imgur.com/TgDdBvC)", "date": "2015-11-04 13:29:43", "seriesname": "g1286_cwoeu8j", "file": "/media/jbrogan4/scratch2/Reddit_Prov_Dataset_v6/_Perplexed_Bill_Nye/g1286_cwoeu8j.png", "URL": "http://i.imgur.com/TgDdBvC.png", "fileid": "g1286_cwoeu8j.png"}, {"id": "g1286_cwod1xn", "comment": "[Bill Nye the Dovah Guy] (http://i.imgur.com/FWeUyqb.jpg)", "date": "2015-11-04 12:49:09", "seriesname": "g1286_cwod1xn", "file": "/media/jbrogan4/scratch2/Reddit_Prov_Dataset_v6/_Perplexed_Bill_Nye/g1286_cwod1xn.jpg", "URL": "http://i.imgur.com/FWeUyqb.jpg", "fileid": "g1286_cwod1xn.jpg"}, {"id": "g1286_cwoa8az", "comment": "[...What's in that cigarette, Bill?](http://i.imgur.com/Be4AlZV.jpg)", "date": "2015-11-04 11:44:07", "seriesname": "g1286_cwoa8az", "file": "/media/jbrogan4/scratch2/Reddit_Prov_Dataset_v6/_Perplexed_Bill_Nye/g1286_cwoa8az.jpg", "URL": "http://i.imgur.com/Be4AlZV.jpg", "fileid": "g1286_cwoa8az.jpg"}, {"id": "g1286_cworwm9", "comment": "http://imgur.com/QNLrfuc\nSwag Master Bill Comin' at ya", "date": "2015-11-04 18:40:09", "seriesname": "g1286_cworwm9", "file": "/media/jbrogan4/scratch2/Reddit_Prov_Dataset_v6/_Perplexed_Bill_Nye/g1286_cworwm9.png", "URL": "http://i.imgur.com/QNLrfuc.png", "fileid": "g1286_cworwm9.png"}, {"id": "g1286_cwoi4ju", "comment": "*[We should have fuckin' shotguns.](http://i.imgur.com/7A3FfCx.jpg)*", "date": "2015-11-04 14:45:01", "seriesname": "g1286_cwoi4ju", "file": "/media/jbrogan4/scratch2/Reddit_Prov_Dataset_v6/_Perplexed_Bill_Nye/g1286_cwoi4ju.jpg", "URL": "http://i.imgur.com/7A3FfCx.jpg)*", "fileid": "g1286_cwoi4ju.jpg*"}, {"id": "g1286_cwohn47", "comment": "[B-1000](https://imgur.com/FfWy8ud)", "date": "2015-11-04 14:33:54", "seriesname": "g1286_cwohn47", "file": "/media/jbrogan4/scratch2/Reddit_Prov_Dataset_v6/_Perplexed_Bill_Nye/g1286_cwohn47.png", "URL": "http://i.imgur.com/FfWy8ud.png", "fileid": "g1286_cwohn47.png"}, {"id": "g1286_cwo8xjp", "comment": "[Bitch stole my cigarette.](http://imgur.com/gallery/GJ9Cg4x)", "date": "2015-11-04 11:13:27", "seriesname": "g1286_cwo8xjp", "file": "/media/jbrogan4/scratch2/Reddit_Prov_Dataset_v6/_Perplexed_Bill_Nye/g1286_cwo8xjp.png", "URL": "http://i.imgur.com/GJ9Cg4x.png", "fileid": "g1286_cwo8xjp.png"}, {"id": "g1286_cwogl9v", "comment": "[nye](http://i.imgur.com/psZQUes.png)", "date": "2015-11-04 14:09:33", "seriesname": "g1286_cwogl9v", "file": "/media/jbrogan4/scratch2/Reddit_Prov_Dataset_v6/_Perplexed_Bill_Nye/g1286_cwogl9v.png", "URL": "http://i.imgur.com/psZQUes.png", "fileid": "g1286_cwogl9v.png"}, {"id": "g1286_cwouir0", "comment": "[\"People keep asking if I'm back...\"](http://i.imgur.com/RFEOqGs.jpg)", "date": "2015-11-04 19:54:07", "seriesname": "g1286_cwouir0", "file": "/media/jbrogan4/scratch2/Reddit_Prov_Dataset_v6/_Perplexed_Bill_Nye/g1286_cwouir0.jpg", "URL": "http://i.imgur.com/RFEOqGs.jpg", "fileid": "g1286_cwouir0.jpg"}, {"id": "g1286_cwo6r1z", "comment": "[Flashbacks](http://i.imgur.com/gDBjEvn.jpg)", "date": "2015-11-04 10:19:31", "seriesname": "g1286_cwo6r1z", "file": "/media/jbrogan4/scratch2/Reddit_Prov_Dataset_v6/_Perplexed_Bill_Nye/g1286_cwo6r1z.jpg", "URL": "http://i.imgur.com/gDBjEvn.jpg", "fileid": "g1286_cwo6r1z.jpg"}, {"id": "g1286_cwomiw7", "comment": "http://i.imgur.com/0yVuWQq.jpg", "date": "2015-11-04 16:24:34", "seriesname": "g1286_cwomiw7", "file": "/media/jbrogan4/scratch2/Reddit_Prov_Dataset_v6/_Perplexed_Bill_Nye/g1286_cwomiw7.jpg", "URL": "http://i.imgur.com/0yVuWQq.jpg", "fileid": "g1286_cwomiw7.jpg"}, {"id": "g1286_cwoiy8j", "comment": "[Quantum of Nye](https://i.imgur.com/WYje92K.jpg)\n\n", "date": "2015-11-04 15:04:06", "seriesname": "g1286_cwoiy8j", "file": "/media/jbrogan4/scratch2/Reddit_Prov_Dataset_v6/_Perplexed_Bill_Nye/g1286_cwoiy8j.jpg", "URL": "https://i.imgur.com/WYje92K.jpg", "fileid": "g1286_cwoiy8j.jpg"}, {"id": "g1286_cwobhze", "comment": "[Double album?](https://i.imgur.com/rmFzRMm.png)", "date": "2015-11-04 12:13:52", "seriesname": "g1286_cwobhze", "file": "/media/jbrogan4/scratch2/Reddit_Prov_Dataset_v6/_Perplexed_Bill_Nye/g1286_cwobhze.png", "URL": "https://i.imgur.com/rmFzRMm.png", "fileid": "g1286_cwobhze.png"}, {"id": "g1286_cwoiky8", "comment": "[17 Again](http://i.imgur.com/HBYqk2L.png)", "date": "2015-11-04 14:55:33", "seriesname": "g1286_cwoiky8", "file": "/media/jbrogan4/scratch2/Reddit_Prov_Dataset_v6/_Perplexed_Bill_Nye/g1286_cwoiky8.png", "URL": "http://i.imgur.com/HBYqk2L.png", "fileid": "g1286_cwoiky8.png"}, {"id": "g1286_cwo8lo7", "comment": "http://i.imgur.com/jkeZkaC.png\n\nEdit: [Added Aldrin, Armstrong, Tyson and Sagan](http://i.imgur.com/LRcPnGe.png) suggested by /u/joosh82.", "date": "2015-11-04 11:05:22", "seriesname": "g1286_cwo8lo7", "file": "/media/jbrogan4/scratch2/Reddit_Prov_Dataset_v6/_Perplexed_Bill_Nye/g1286_cwo8lo7.png", "URL": "http://i.imgur.com/LRcPnGe.png", "fileid": "g1286_cwo8lo7.png"}, {"id": "g1286_cwoav0e", "comment": "http://i.imgur.com/Jw9A6h3.jpg?1 Chemistry Class", "date": "2015-11-04 11:58:52", "seriesname": "g1286_cwoav0e", "file": "/media/jbrogan4/scratch2/Reddit_Prov_Dataset_v6/_Perplexed_Bill_Nye/g1286_cwoav0e.jpg", "URL": "http://i.imgur.com/Jw9A6h3.jpg?1", "fileid": "g1286_cwoav0e.jpg"}, {"id": "g1286_cwoileo", "comment": "Gotta save dat money\nhttp://imgur.com/IO10g8D", "date": "2015-11-04 14:55:50", "seriesname": "g1286_cwoileo", "file": "/media/jbrogan4/scratch2/Reddit_Prov_Dataset_v6/_Perplexed_Bill_Nye/g1286_cwoileo.png", "URL": "http://i.imgur.com/IO10g8D.png", "fileid": "g1286_cwoileo.png"}, {"id": "g1286_cwomkwf", "comment": "[Recover Bill Nye, Pls](http://imgur.com/2Djau73)", "date": "2015-11-04 16:25:48", "seriesname": "g1286_cwomkwf", "file": "/media/jbrogan4/scratch2/Reddit_Prov_Dataset_v6/_Perplexed_Bill_Nye/g1286_cwomkwf.png", "URL": "http://i.imgur.com/2Djau73.png", "fileid": "g1286_cwomkwf.png"}, {"id": "g1286_cwohxnw", "comment": "http://imgur.com/JeJvS60\n", "date": "2015-11-04 14:40:38", "seriesname": "g1286_cwohxnw", "file": "/media/jbrogan4/scratch2/Reddit_Prov_Dataset_v6/_Perplexed_Bill_Nye/g1286_cwohxnw.png", "URL": "http://i.imgur.com/JeJvS60.png", "fileid": "g1286_cwohxnw.png"}, {"id": "g1286_cwozdeo", "comment": "This one is great. Just as a tip, [linking to the image directly](http://i.imgur.com/GJ9Cg4x.jpg) is preferred, since it makes for easy viewing with RES.", "date": "2015-11-04 22:08:01", "seriesname": "g1286_cwozdeo", "file": "/media/jbrogan4/scratch2/Reddit_Prov_Dataset_v6/_Perplexed_Bill_Nye/g1286_cwozdeo.jpg", "URL": "http://i.imgur.com/GJ9Cg4x.jpg", "fileid": "g1286_cwozdeo.jpg"}, {"id": "g1286_cwoq8g2", "comment": "Thinking about Mars\nhttp://i.imgur.com/rky1s8c.jpg", "date": "2015-11-04 17:55:04", "seriesname": "g1286_cwoq8g2", "file": "/media/jbrogan4/scratch2/Reddit_Prov_Dataset_v6/_Perplexed_Bill_Nye/g1286_cwoq8g2.jpg", "URL": "http://i.imgur.com/rky1s8c.jpg", "fileid": "g1286_cwoq8g2.jpg"}, {"id": "g1286_cwocor2", "comment": "[The Dark Nye](http://i.imgur.com/hDq9lus.jpg)\n\nedit: [with Nye mask](http://i.imgur.com/ClCzSwn.jpg)\n\nThanks for the suggestion ;)\n", "date": "2015-11-04 12:40:58", "seriesname": "g1286_cwocor2", "file": "/media/jbrogan4/scratch2/Reddit_Prov_Dataset_v6/_Perplexed_Bill_Nye/g1286_cwocor2.jpg", "URL": "http://i.imgur.com/ClCzSwn.jpg", "fileid": "g1286_cwocor2.jpg"}, {"id": "g1286_cwof411", "comment": "[Bill High, the r/trees guy](http://i.imgur.com/BhvSRK1.jpg)", "date": "2015-11-04 13:35:58", "seriesname": "g1286_cwof411", "file": "/media/jbrogan4/scratch2/Reddit_Prov_Dataset_v6/_Perplexed_Bill_Nye/g1286_cwof411.jpg", "URL": "http://i.imgur.com/BhvSRK1.jpg", "fileid": "g1286_cwof411.jpg"}, {"id": "g1286_cwolwc5", "comment": "[Rap Game Bill Nye](http://i.imgur.com/X1X5d4G.jpg)", "date": "2015-11-04 16:10:22", "seriesname": "g1286_cwolwc5", "file": "/media/jbrogan4/scratch2/Reddit_Prov_Dataset_v6/_Perplexed_Bill_Nye/g1286_cwolwc5.jpg", "URL": "http://i.imgur.com/X1X5d4G.jpg", "fileid": "g1286_cwolwc5.jpg"}, {"id": "g1286_cwp1mki", "comment": "[Reservoir Bill](https://i.imgur.com/Ww36Zw7.jpg)\n\nEdit: descriptive link text", "date": "2015-11-04 23:12:46", "seriesname": "g1286_cwp1mki", "file": "/media/jbrogan4/scratch2/Reddit_Prov_Dataset_v6/_Perplexed_Bill_Nye/g1286_cwp1mki.jpg", "URL": "https://i.imgur.com/Ww36Zw7.jpg", "fileid": "g1286_cwp1mki.jpg"}, {"id": "g1286_cwoegoj", "comment": "[Go then, there are other worlds than these.](http://imgur.com/ukZ8At4)", "date": "2015-11-04 13:21:08", "seriesname": "g1286_cwoegoj", "file": "/media/jbrogan4/scratch2/Reddit_Prov_Dataset_v6/_Perplexed_Bill_Nye/g1286_cwoegoj.png", "URL": "http://i.imgur.com/ukZ8At4.png", "fileid": "g1286_cwoegoj.png"}, {"id": "g1286_cwo9z4q", "comment": "[I Am Bill](http://i.imgur.com/adwS5Sz.jpg)\n\n", "date": "2015-11-04 11:38:10", "seriesname": "g1286_cwo9z4q", "file": "/media/jbrogan4/scratch2/Reddit_Prov_Dataset_v6/_Perplexed_Bill_Nye/g1286_cwo9z4q.jpg", "URL": "http://i.imgur.com/adwS5Sz.jpg", "fileid": "g1286_cwo9z4q.jpg"}, {"id": "g1286_cwo8m9g", "comment": "[\"Jeepers Creepers, where'd ya get those peepers?](http://i.imgur.com/0dN0tCl.png)", "date": "2015-11-04 11:05:48", "seriesname": "g1286_cwo8m9g", "file": "/media/jbrogan4/scratch2/Reddit_Prov_Dataset_v6/_Perplexed_Bill_Nye/g1286_cwo8m9g.png", "URL": "http://i.imgur.com/0dN0tCl.png", "fileid": "g1286_cwo8m9g.png"}, {"id": "g1286_cwo9ao1", "comment": "[The good the bad and the ugly](http://imgur.com/myyyvEx)", "date": "2015-11-04 11:22:06", "seriesname": "g1286_cwo9ao1", "file": "/media/jbrogan4/scratch2/Reddit_Prov_Dataset_v6/_Perplexed_Bill_Nye/g1286_cwo9ao1.png", "URL": "http://i.imgur.com/myyyvEx.png", "fileid": "g1286_cwo9ao1.png"}, {"id": "g1286_cwonptf", "comment": "[Joker Nye](http://i.imgur.com/L7dxe2w.jpg)", "date": "2015-11-04 16:51:20", "seriesname": "g1286_cwonptf", "file": "/media/jbrogan4/scratch2/Reddit_Prov_Dataset_v6/_Perplexed_Bill_Nye/g1286_cwonptf.jpg", "URL": "http://i.imgur.com/L7dxe2w.jpg", "fileid": "g1286_cwonptf.jpg"}, {"id": "g1286_cwodmwg", "comment": "~~http://i.imgur.com/s0xIYcF.jpg~~\n\nhttp://i.imgur.com/7DC4JFS.jpg\n\nedit: Bill Nye the symmetrical typography guy", "date": "2015-11-04 13:02:24", "seriesname": "g1286_cwodmwg", "file": "/media/jbrogan4/scratch2/Reddit_Prov_Dataset_v6/_Perplexed_Bill_Nye/g1286_cwodmwg.jpg", "URL": "http://i.imgur.com/7DC4JFS.jpg", "fileid": "g1286_cwodmwg.jpg"}, {"id": "g1286_cwoj6ui", "comment": "http://i.imgur.com/L4WJS7h.jpg", "date": "2015-11-04 15:09:38", "seriesname": "g1286_cwoj6ui", "file": "/media/jbrogan4/scratch2/Reddit_Prov_Dataset_v6/_Perplexed_Bill_Nye/g1286_cwoj6ui.jpg", "URL": "http://i.imgur.com/L4WJS7h.jpg", "fileid": "g1286_cwoj6ui.jpg"}, {"id": "g1286_cwp23js", "comment": "[Burnin' down the house (of god)](http://i.imgur.com/F3OA2qk.jpg)\n\n[THE END IS NYE](http://imgur.com/rejNOFo.jpg)\n", "date": "2015-11-04 23:27:26", "seriesname": "g1286_cwp23js", "file": "/media/jbrogan4/scratch2/Reddit_Prov_Dataset_v6/_Perplexed_Bill_Nye/g1286_cwp23js.jpg", "URL": "http://imgur.com/rejNOFo.jpg", "fileid": "g1286_cwp23js.jpg"}, {"id": "g1286_cwoph1g", "comment": "Look closely, Roland is facing the tower, bill is walking away from him. \n\nhttp://imgur.com/BxN4hCO", "date": "2015-11-04 17:35:22", "seriesname": "g1286_cwoph1g", "file": "/media/jbrogan4/scratch2/Reddit_Prov_Dataset_v6/_Perplexed_Bill_Nye/g1286_cwoph1g.png", "URL": "http://i.imgur.com/BxN4hCO.png", "fileid": "g1286_cwoph1g.png"}, {"id": "g1286_cwo7i76", "comment": "[Nye Hard](http://i.imgur.com/II7VNwY.jpg)\n\n*edit: [Now with tagline](http://i.imgur.com/P84zjcH.jpg) as suggested by /u/Wintergreene (though I took some poetic license)", "date": "2015-11-04 10:38:40", "seriesname": "g1286_cwo7i76", "file": "/media/jbrogan4/scratch2/Reddit_Prov_Dataset_v6/_Perplexed_Bill_Nye/g1286_cwo7i76.jpg", "URL": "http://i.imgur.com/P84zjcH.jpg", "fileid": "g1286_cwo7i76.jpg"}, {"id": "g1286_cwofd2d", "comment": "http://i.imgur.com/cWU8nrB.jpg\n\n*edit - I have risen* ", "date": "2015-11-04 13:41:38", "seriesname": "g1286_cwofd2d", "file": "/media/jbrogan4/scratch2/Reddit_Prov_Dataset_v6/_Perplexed_Bill_Nye/g1286_cwofd2d.jpg", "URL": "http://i.imgur.com/cWU8nrB.jpg", "fileid": "g1286_cwofd2d.jpg"}, {"id": "g1286_cwp5pdw", "comment": "http://i.imgur.com/kZcRj3z.jpg", "date": "2015-11-05 01:44:32", "seriesname": "g1286_cwp5pdw", "file": "/media/jbrogan4/scratch2/Reddit_Prov_Dataset_v6/_Perplexed_Bill_Nye/g1286_cwp5pdw.jpg", "URL": "http://i.imgur.com/kZcRj3z.jpg", "fileid": "g1286_cwp5pdw.jpg"}, {"id": "g1286_cwon16v", "comment": "[Bill Nye the Balloon Guy](http://i.imgur.com/4bkyCwi.jpg)", "date": "2015-11-04 16:35:59", "seriesname": "g1286_cwon16v", "file": "/media/jbrogan4/scratch2/Reddit_Prov_Dataset_v6/_Perplexed_Bill_Nye/g1286_cwon16v.jpg", "URL": "http://i.imgur.com/4bkyCwi.jpg", "fileid": "g1286_cwon16v.jpg"}, {"id": "g1286_cwod31a", "comment": "[My world is fire and science] (http://i.imgur.com/guliTyr.png)", "date": "2015-11-04 12:49:50", "seriesname": "g1286_cwod31a", "file": "/media/jbrogan4/scratch2/Reddit_Prov_Dataset_v6/_Perplexed_Bill_Nye/g1286_cwod31a.png", "URL": "http://i.imgur.com/guliTyr.png", "fileid": "g1286_cwod31a.png"}, {"id": "g1286_cwou4iq", "comment": "[Boulevard of broken dreams](http://i.imgur.com/qb4GrGK.jpg)", "date": "2015-11-04 19:42:48", "seriesname": "g1286_cwou4iq", "file": "/media/jbrogan4/scratch2/Reddit_Prov_Dataset_v6/_Perplexed_Bill_Nye/g1286_cwou4iq.jpg", "URL": "http://i.imgur.com/qb4GrGK.jpg", "fileid": "g1286_cwou4iq.jpg"}, {"id": "g1286_cwoiwpo", "comment": "http://i.imgur.com/RxsZqNi.jpg", "date": "2015-11-04 15:03:06", "seriesname": "g1286_cwoiwpo", "file": "/media/jbrogan4/scratch2/Reddit_Prov_Dataset_v6/_Perplexed_Bill_Nye/g1286_cwoiwpo.jpg", "URL": "http://i.imgur.com/RxsZqNi.jpg", "fileid": "g1286_cwoiwpo.jpg"}, {"id": "g1286_cwoafj5", "comment": "[Walking Dead](http://i.imgur.com/xR4WO4X.jpg)", "date": "2015-11-04 11:48:47", "seriesname": "g1286_cwoafj5", "file": "/media/jbrogan4/scratch2/Reddit_Prov_Dataset_v6/_Perplexed_Bill_Nye/g1286_cwoafj5.jpg", "URL": "http://i.imgur.com/xR4WO4X.jpg", "fileid": "g1286_cwoafj5.jpg"}, {"id": "g1286_cwobzid", "comment": "[Imgur](http://i.imgur.com/rJpJ7Hq.jpg)", "date": "2015-11-04 12:25:00", "seriesname": "g1286_cwobzid", "file": "/media/jbrogan4/scratch2/Reddit_Prov_Dataset_v6/_Perplexed_Bill_Nye/g1286_cwobzid.jpg", "URL": "http://i.imgur.com/rJpJ7Hq.jpg", "fileid": "g1286_cwobzid.jpg"}, {"id": "g1286_cwocdxh", "comment": "[Science + 1](http://i.imgur.com/ArUwKMo.jpg)", "date": "2015-11-04 12:34:06", "seriesname": "g1286_cwocdxh", "file": "/media/jbrogan4/scratch2/Reddit_Prov_Dataset_v6/_Perplexed_Bill_Nye/g1286_cwocdxh.jpg", "URL": "http://i.imgur.com/ArUwKMo.jpg", "fileid": "g1286_cwocdxh.jpg"}, {"id": "g1286_cwoegdv", "comment": "http://imgur.com/7rt3hrX \n\nFallout Themed. Nye, Nye Never Changes.", "date": "2015-11-04 13:20:58", "seriesname": "g1286_cwoegdv", "file": "/media/jbrogan4/scratch2/Reddit_Prov_Dataset_v6/_Perplexed_Bill_Nye/g1286_cwoegdv.png", "URL": "http://i.imgur.com/7rt3hrX.png", "fileid": "g1286_cwoegdv.png"}, {"id": "g1286_cwo9ddx", "comment": "[http://i.imgur.com/YwipH6G.png](http://i.imgur.com/9AZdIkT.png)", "date": "2015-11-04 11:23:54", "seriesname": "g1286_cwo9ddx", "file": "/media/jbrogan4/scratch2/Reddit_Prov_Dataset_v6/_Perplexed_Bill_Nye/g1286_cwo9ddx.png", "URL": "http://i.imgur.com/YwipH6G.png](http://i.imgur.com/9AZdIkT.png", "fileid": "g1286_cwo9ddx.png"}, {"id": "g1286_cwoc7c6", "comment": "http://imgur.com/oGNwjIv", "date": "2015-11-04 12:29:55", "seriesname": "g1286_cwoc7c6", "file": "/media/jbrogan4/scratch2/Reddit_Prov_Dataset_v6/_Perplexed_Bill_Nye/g1286_cwoc7c6.png", "URL": "http://i.imgur.com/oGNwjIv.png", "fileid": "g1286_cwoc7c6.png"}, {"id": "g1286_cwoer5u", "comment": "[Here you go brotha] (http://i.imgur.com/bmBYbtD.jpg)", "date": "2015-11-04 13:27:46", "seriesname": "g1286_cwoer5u", "file": "/media/jbrogan4/scratch2/Reddit_Prov_Dataset_v6/_Perplexed_Bill_Nye/g1286_cwoer5u.jpg", "URL": "http://i.imgur.com/bmBYbtD.jpg", "fileid": "g1286_cwoer5u.jpg"}, {"id": "g1286_cwomhez", "comment": "[Apocalypse Nye](http://i.imgur.com/RGDuCMd.jpg)", "date": "2015-11-04 16:23:40", "seriesname": "g1286_cwomhez", "file": "/media/jbrogan4/scratch2/Reddit_Prov_Dataset_v6/_Perplexed_Bill_Nye/g1286_cwomhez.jpg", "URL": "http://i.imgur.com/RGDuCMd.jpg", "fileid": "g1286_cwomhez.jpg"}, {"id": "g1286_cwoqhtc", "comment": "[Don't post that here! Kids my be influenced by him. Here, take this PC version](https://i.imgur.com/FqJCG3T.png)", "date": "2015-11-04 18:01:58", "seriesname": "g1286_cwoqhtc", "file": "/media/jbrogan4/scratch2/Reddit_Prov_Dataset_v6/_Perplexed_Bill_Nye/g1286_cwoqhtc.png", "URL": "https://i.imgur.com/FqJCG3T.png", "fileid": "g1286_cwoqhtc.png"}, {"id": "g1286_cwo8kx6", "comment": "[Banana Bill](https://i.imgur.com/ZmmG0TO.jpg)\n\nedit: [Banana NDT](https://i.imgur.com/LzMzzkW.jpg), as suggested by /u/GratefullyGodless ", "date": "2015-11-04 11:04:53", "seriesname": "g1286_cwo8kx6", "file": "/media/jbrogan4/scratch2/Reddit_Prov_Dataset_v6/_Perplexed_Bill_Nye/g1286_cwo8kx6.jpg", "URL": "https://i.imgur.com/LzMzzkW.jpg),", "fileid": "g1286_cwo8kx6.jpg,"}, {"id": "g1286_cwocfcw", "comment": "[\"F*ck the creationists\"](http://i.imgur.com/wrc7rNp.jpg) ", "date": "2015-11-04 12:35:02", "seriesname": "g1286_cwocfcw", "file": "/media/jbrogan4/scratch2/Reddit_Prov_Dataset_v6/_Perplexed_Bill_Nye/g1286_cwocfcw.jpg", "URL": "http://i.imgur.com/wrc7rNp.jpg", "fileid": "g1286_cwocfcw.jpg"}, {"id": "g1286_cwouhxu", "comment": "[http://i.imgur.com/ljzyK4T.png](http://i.imgur.com/ljzyK4T.png)", "date": "2015-11-04 19:53:26", "seriesname": "g1286_cwouhxu", "file": "/media/jbrogan4/scratch2/Reddit_Prov_Dataset_v6/_Perplexed_Bill_Nye/g1286_cwouhxu.png", "URL": "http://i.imgur.com/ljzyK4T.png](http://i.imgur.com/ljzyK4T.png", "fileid": "g1286_cwouhxu.png"}, {"id": "g1286_cwokqf9", "comment": "[If science had a band, this would be their album cover](http://i.imgur.com/pYZUD65.png)\n\nEdit: There were some obvious shading errors. Touched it up as best I could, not used to photoshop, haha.", "date": "2015-11-04 15:44:11", "seriesname": "g1286_cwokqf9", "file": "/media/jbrogan4/scratch2/Reddit_Prov_Dataset_v6/_Perplexed_Bill_Nye/g1286_cwokqf9.png", "URL": "http://i.imgur.com/pYZUD65.png", "fileid": "g1286_cwokqf9.png"}, {"id": "g1286_cwobj4p", "comment": "[2 NYE 2 DYE](http://i.imgur.com/KGfdrbJ.png)", "date": "2015-11-04 12:14:38", "seriesname": "g1286_cwobj4p", "file": "/media/jbrogan4/scratch2/Reddit_Prov_Dataset_v6/_Perplexed_Bill_Nye/g1286_cwobj4p.png", "URL": "http://i.imgur.com/KGfdrbJ.png", "fileid": "g1286_cwobj4p.png"}, {"id": "g1286_cwotzv2", "comment": "I am sorry, but I couldn't resist making [a billboard mock-up](http://i.imgur.com/Q5A7EdK.jpg). It just works so incredibly well.", "date": "2015-11-04 19:39:07", "seriesname": "g1286_cwotzv2", "file": "/media/jbrogan4/scratch2/Reddit_Prov_Dataset_v6/_Perplexed_Bill_Nye/g1286_cwotzv2.jpg", "URL": "http://i.imgur.com/Q5A7EdK.jpg).", "fileid": "g1286_cwotzv2."}, {"id": "g1286_cwopwth", "comment": "[The Space Blues - Bill Nye](http://i.imgur.com/1EGFiIc.jpg)", "date": "2015-11-04 17:46:37", "seriesname": "g1286_cwopwth", "file": "/media/jbrogan4/scratch2/Reddit_Prov_Dataset_v6/_Perplexed_Bill_Nye/g1286_cwopwth.jpg", "URL": "http://i.imgur.com/1EGFiIc.jpg", "fileid": "g1286_cwopwth.jpg"}, {"id": "g1286_cwod25o", "comment": "[Billy the kid](http://i.imgur.com/HUZ6QYl.jpg)\n", "date": "2015-11-04 12:49:18", "seriesname": "g1286_cwod25o", "file": "/media/jbrogan4/scratch2/Reddit_Prov_Dataset_v6/_Perplexed_Bill_Nye/g1286_cwod25o.jpg", "URL": "http://i.imgur.com/HUZ6QYl.jpg", "fileid": "g1286_cwod25o.jpg"}, {"id": "g1286_cwokkc0", "comment": "[Icecream badass](http://imgur.com/ZJ5Bq4k)", "date": "2015-11-04 15:40:18", "seriesname": "g1286_cwokkc0", "file": "/media/jbrogan4/scratch2/Reddit_Prov_Dataset_v6/_Perplexed_Bill_Nye/g1286_cwokkc0.png", "URL": "http://i.imgur.com/ZJ5Bq4k.png", "fileid": "g1286_cwokkc0.png"}, {"id": "g1286_cwobas3", "comment": "[You got a light, Kim?](http://i.imgur.com/giMre4y.jpg)", "date": "2015-11-04 12:09:11", "seriesname": "g1286_cwobas3", "file": "/media/jbrogan4/scratch2/Reddit_Prov_Dataset_v6/_Perplexed_Bill_Nye/g1286_cwobas3.jpg", "URL": "http://i.imgur.com/giMre4y.jpg", "fileid": "g1286_cwobas3.jpg"}, {"id": "g1286_cwo9xf3", "comment": "[Jesus Fucking Christ](http://imgur.com/WgRHH6t)", "date": "2015-11-04 11:37:04", "seriesname": "g1286_cwo9xf3", "file": "/media/jbrogan4/scratch2/Reddit_Prov_Dataset_v6/_Perplexed_Bill_Nye/g1286_cwo9xf3.png", "URL": "http://i.imgur.com/WgRHH6t.png", "fileid": "g1286_cwo9xf3.png"}, {"id": "g1286_cwor9mh", "comment": "[It is perfection](http://i.imgur.com/lfEoPC0.jpg)", "date": "2015-11-04 18:22:41", "seriesname": "g1286_cwor9mh", "file": "/media/jbrogan4/scratch2/Reddit_Prov_Dataset_v6/_Perplexed_Bill_Nye/g1286_cwor9mh.jpg", "URL": "http://i.imgur.com/lfEoPC0.jpg", "fileid": "g1286_cwor9mh.jpg"}, {"id": "g1286_cwoovls", "comment": "[Your wish is my command.](http://i.imgur.com/KVbOi8I.jpg)", "date": "2015-11-04 17:19:48", "seriesname": "g1286_cwoovls", "file": "/media/jbrogan4/scratch2/Reddit_Prov_Dataset_v6/_Perplexed_Bill_Nye/g1286_cwoovls.jpg", "URL": "http://i.imgur.com/KVbOi8I.jpg", "fileid": "g1286_cwoovls.jpg"}, {"id": "g1286_cwohygc", "comment": "[Kill Bill](http://i.imgur.com/Fe61xVj.png)", "date": "2015-11-04 14:41:07", "seriesname": "g1286_cwohygc", "file": "/media/jbrogan4/scratch2/Reddit_Prov_Dataset_v6/_Perplexed_Bill_Nye/g1286_cwohygc.png", "URL": "http://i.imgur.com/Fe61xVj.png", "fileid": "g1286_cwohygc.png"}, {"id": "g1286_cwol6fv", "comment": "[Bill would have fit right in](http://i.imgur.com/pQHITrn.jpg)", "date": "2015-11-04 15:54:07", "seriesname": "g1286_cwol6fv", "file": "/media/jbrogan4/scratch2/Reddit_Prov_Dataset_v6/_Perplexed_Bill_Nye/g1286_cwol6fv.jpg", "URL": "http://i.imgur.com/pQHITrn.jpg", "fileid": "g1286_cwol6fv.jpg"}, {"id": "g1286_cwoql4g", "comment": "[The new Doctor.](http://i.imgur.com/OgBEOyO.jpg)", "date": "2015-11-04 18:04:31", "seriesname": "g1286_cwoql4g", "file": "/media/jbrogan4/scratch2/Reddit_Prov_Dataset_v6/_Perplexed_Bill_Nye/g1286_cwoql4g.jpg", "URL": "http://i.imgur.com/OgBEOyO.jpg", "fileid": "g1286_cwoql4g.jpg"}, {"id": "g1286_cwo5yzy", "comment": "[Doom!](http://i.imgur.com/mkTTtYx.jpg)", "date": "2015-11-04 09:58:41", "seriesname": "g1286_cwo5yzy", "file": "/media/jbrogan4/scratch2/Reddit_Prov_Dataset_v6/_Perplexed_Bill_Nye/g1286_cwo5yzy.jpg", "URL": "http://i.imgur.com/mkTTtYx.jpg", "fileid": "g1286_cwo5yzy.jpg"}, {"id": "g1286_cwoes84", "comment": "[Sad Doom](http://imgur.com/gallery/2Nc6Tja)", "date": "2015-11-04 13:28:25", "seriesname": "g1286_cwoes84", "file": "/media/jbrogan4/scratch2/Reddit_Prov_Dataset_v6/_Perplexed_Bill_Nye/g1286_cwoes84.png", "URL": "http://i.imgur.com/2Nc6Tja.png", "fileid": "g1286_cwoes84.png"}, {"id": "g1286_cwocdyu", "comment": "http://i.imgur.com/89TJiDl.jpg\nYou know what I like about those scientific girls mannn?", "date": "2015-11-04 12:34:08", "seriesname": "g1286_cwocdyu", "file": "/media/jbrogan4/scratch2/Reddit_Prov_Dataset_v6/_Perplexed_Bill_Nye/g1286_cwocdyu.jpg", "URL": "http://i.imgur.com/89TJiDl.jpg", "fileid": "g1286_cwocdyu.jpg"}, {"id": "g1286_cwoea4t", "comment": "[Cool guys never look at explosions](http://imgur.com/FTINdlA)", "date": "2015-11-04 13:17:03", "seriesname": "g1286_cwoea4t", "file": "/media/jbrogan4/scratch2/Reddit_Prov_Dataset_v6/_Perplexed_Bill_Nye/g1286_cwoea4t.png", "URL": "http://i.imgur.com/FTINdlA.png", "fileid": "g1286_cwoea4t.png"}, {"id": "g1286_cwofsco", "comment": "[Testing his optical camouflage suit](https://imgur.com/SKOcM4s)", "date": "2015-11-04 13:51:10", "seriesname": "g1286_cwofsco", "file": "/media/jbrogan4/scratch2/Reddit_Prov_Dataset_v6/_Perplexed_Bill_Nye/g1286_cwofsco.png", "URL": "http://i.imgur.com/SKOcM4s.png", "fileid": "g1286_cwofsco.png"}, {"id": "g1286_cwoy2za", "comment": "How about [Indie Rock EP](http://i.imgur.com/JrBFYam.jpg)", "date": "2015-11-04 21:31:57", "seriesname": "g1286_cwoy2za", "file": "/media/jbrogan4/scratch2/Reddit_Prov_Dataset_v6/_Perplexed_Bill_Nye/g1286_cwoy2za.jpg", "URL": "http://i.imgur.com/JrBFYam.jpg", "fileid": "g1286_cwoy2za.jpg"}, {"id": "g1286_cwoq5ud", "comment": "[Sad Bill](http://i.imgur.com/GaEM73y.png)\n\nHope I'm not too late to the party...", "date": "2015-11-04 17:53:10", "seriesname": "g1286_cwoq5ud", "file": "/media/jbrogan4/scratch2/Reddit_Prov_Dataset_v6/_Perplexed_Bill_Nye/g1286_cwoq5ud.png", "URL": "http://i.imgur.com/GaEM73y.png", "fileid": "g1286_cwoq5ud.png"}, {"id": "g1286_root", "comment": "", "date": "2015-11-04 09:37:27", "seriesname": "g1286_root", "file": "/media/jbrogan4/scratch2/Reddit_Prov_Dataset_v6/_Perplexed_Bill_Nye/g1286_root.jpg", "URL": "http://channel.nationalgeographic.com/exposure/content/photo/photo/2100672_downward-spiral_oj5art4dcr265hawylupk5urw4eatuw6lrlcsphco3flmkbrawuq_757x567.jpg", "fileid": "g1286_root.jpg"}, {"id": "g1286_cwovhox", "comment": "I also had an idea as an album cover. http://i.imgur.com/bjUCGWa.png", "date": "2015-11-04 20:21:17", "seriesname": "g1286_cwovhox", "file": "/media/jbrogan4/scratch2/Reddit_Prov_Dataset_v6/_Perplexed_Bill_Nye/g1286_cwovhox.png", "URL": "http://i.imgur.com/bjUCGWa.png", "fileid": "g1286_cwovhox.png"}, {"id": "g1286_cwoe3da", "comment": "He's had enough wandering\n\nhttp://i.imgur.com/N5Z75Vk.jpg?1", "date": "2015-11-04 13:12:47", "seriesname": "g1286_cwoe3da", "file": "/media/jbrogan4/scratch2/Reddit_Prov_Dataset_v6/_Perplexed_Bill_Nye/g1286_cwoe3da.jpg", "URL": "http://i.imgur.com/N5Z75Vk.jpg?1", "fileid": "g1286_cwoe3da.jpg"}], "graph": {"name": "g1286_root"}, "directed": true}