{"links": [{"op": "none", "target": 0, "source": 47}, {"op": "none", "target": 1, "source": 42}, {"op": "none", "target": 2, "source": 47}, {"op": "none", "target": 3, "source": 47}, {"op": "none", "target": 4, "source": 40}, {"op": "none", "target": 5, "source": 47}, {"op": "none", "target": 6, "source": 15}, {"op": "none", "target": 7, "source": 19}, {"op": "none", "target": 8, "source": 47}, {"op": "none", "target": 9, "source": 47}, {"op": "none", "target": 10, "source": 47}, {"op": "none", "target": 11, "source": 47}, {"op": "none", "target": 12, "source": 19}, {"op": "none", "target": 13, "source": 47}, {"op": "none", "target": 14, "source": 47}, {"op": "none", "target": 15, "source": 20}, {"op": "none", "target": 16, "source": 15}, {"op": "none", "target": 17, "source": 47}, {"op": "none", "target": 18, "source": 47}, {"op": "none", "target": 19, "source": 44}, {"op": "none", "target": 20, "source": 31}, {"op": "none", "target": 21, "source": 47}, {"op": "none", "target": 22, "source": 47}, {"op": "none", "target": 23, "source": 47}, {"op": "none", "target": 24, "source": 47}, {"op": "none", "target": 25, "source": 47}, {"op": "none", "target": 26, "source": 47}, {"op": "none", "target": 27, "source": 47}, {"op": "none", "target": 28, "source": 47}, {"op": "none", "target": 29, "source": 34}, {"op": "none", "target": 30, "source": 47}, {"op": "none", "target": 31, "source": 0}, {"op": "none", "target": 32, "source": 47}, {"op": "none", "target": 33, "source": 47}, {"op": "none", "target": 34, "source": 47}, {"op": "none", "target": 35, "source": 47}, {"op": "none", "target": 36, "source": 47}, {"op": "none", "target": 37, "source": 47}, {"op": "none", "target": 38, "source": 47}, {"op": "none", "target": 39, "source": 42}, {"op": "none", "target": 40, "source": 47}, {"op": "none", "target": 41, "source": 47}, {"op": "none", "target": 42, "source": 47}, {"op": "none", "target": 43, "source": 22}, {"op": "none", "target": 44, "source": 25}, {"op": "none", "target": 45, "source": 47}, {"op": "none", "target": 46, "source": 47}, {"op": "none", "target": 48, "source": 47}], "title": "_Woman_demonstrating_a_treadmill_on_Amazon's_product_pictures", "nodes": [{"id": "g1281_ctavo2e", "comment": "[\"The lawn mower was broken so we had to improvise\"](http://i.imgur.com/3Y9p0Rg.jpg)", "date": "2015-07-21 10:16:21", "seriesname": "g1281_ctavo2e", "file": "/media/jbrogan4/scratch2/Reddit_Prov_Dataset_v6/_Woman_demonstrating_a_treadmill_on_Amazon's_product_pictures/g1281_ctavo2e.jpg", "URL": "http://i.imgur.com/3Y9p0Rg.jpg", "fileid": "g1281_ctavo2e.jpg"}, {"id": "g1281_ctau6dv", "comment": "Beat me to it\n\n[Honey please listen to me... You're doing it wrong.](http://i.imgur.com/eaScr5H.jpg)", "date": "2015-07-21 09:28:04", "seriesname": "g1281_ctau6dv", "file": "/media/jbrogan4/scratch2/Reddit_Prov_Dataset_v6/_Woman_demonstrating_a_treadmill_on_Amazon's_product_pictures/g1281_ctau6dv.jpg", "URL": "http://i.imgur.com/eaScr5H.jpg", "fileid": "g1281_ctau6dv.jpg"}, {"id": "g1281_ctauuvh", "comment": "http://i.imgur.com/7z24xTR.jpg", "date": "2015-07-21 09:51:00", "seriesname": "g1281_ctauuvh", "file": "/media/jbrogan4/scratch2/Reddit_Prov_Dataset_v6/_Woman_demonstrating_a_treadmill_on_Amazon's_product_pictures/g1281_ctauuvh.jpg", "URL": "http://i.imgur.com/7z24xTR.jpg", "fileid": "g1281_ctauuvh.jpg"}, {"id": "g1281_ctaveb5", "comment": "http://i.imgur.com/HJEicla.jpg", "date": "2015-07-21 10:08:07", "seriesname": "g1281_ctaveb5", "file": "/media/jbrogan4/scratch2/Reddit_Prov_Dataset_v6/_Woman_demonstrating_a_treadmill_on_Amazon's_product_pictures/g1281_ctaveb5.jpg", "URL": "http://i.imgur.com/HJEicla.jpg", "fileid": "g1281_ctaveb5.jpg"}, {"id": "g1281_ctb713s", "comment": "[I just had to](http://i.imgur.com/0UNltpq.png)", "date": "2015-07-21 14:58:33", "seriesname": "g1281_ctb713s", "file": "/media/jbrogan4/scratch2/Reddit_Prov_Dataset_v6/_Woman_demonstrating_a_treadmill_on_Amazon's_product_pictures/g1281_ctb713s.png", "URL": "http://i.imgur.com/0UNltpq.png", "fileid": "g1281_ctb713s.png"}, {"id": "g1281_ctaxol8", "comment": "[See, she can do it](http://i.imgur.com/6Hw3dZV.jpg)", "date": "2015-07-21 11:12:35", "seriesname": "g1281_ctaxol8", "file": "/media/jbrogan4/scratch2/Reddit_Prov_Dataset_v6/_Woman_demonstrating_a_treadmill_on_Amazon's_product_pictures/g1281_ctaxol8.jpg", "URL": "http://i.imgur.com/6Hw3dZV.jpg", "fileid": "g1281_ctaxol8.jpg"}, {"id": "g1281_ctb5l89", "comment": "http://i.imgur.com/0ZUFtgX.gif", "date": "2015-07-21 14:24:53", "seriesname": "g1281_ctb5l89", "file": "/media/jbrogan4/scratch2/Reddit_Prov_Dataset_v6/_Woman_demonstrating_a_treadmill_on_Amazon's_product_pictures/g1281_ctb5l89.jpg", "URL": "http://i.imgur.com/0ZUFtgX.gif", "fileid": "g1281_ctb5l89.gif"}, {"id": "g1281_ctayb9r", "comment": "Are you happy now?\nhttp://i.imgur.com/C6vrCnA.jpg\n\nedit: By the way, I have to say that this is awesome half of face and it couldnt be better for me to \"shop\" it. Thank you everybody!", "date": "2015-07-21 11:28:44", "seriesname": "g1281_ctayb9r", "file": "/media/jbrogan4/scratch2/Reddit_Prov_Dataset_v6/_Woman_demonstrating_a_treadmill_on_Amazon's_product_pictures/g1281_ctayb9r.jpg", "URL": "http://i.imgur.com/C6vrCnA.jpg", "fileid": "g1281_ctayb9r.jpg"}, {"id": "g1281_ctb3v48", "comment": "[WHY ARE YOU CLOSED!?](http://i.imgur.com/VSNdYkD.jpg)", "date": "2015-07-21 13:43:37", "seriesname": "g1281_ctb3v48", "file": "/media/jbrogan4/scratch2/Reddit_Prov_Dataset_v6/_Woman_demonstrating_a_treadmill_on_Amazon's_product_pictures/g1281_ctb3v48.jpg", "URL": "http://i.imgur.com/VSNdYkD.jpg", "fileid": "g1281_ctb3v48.jpg"}, {"id": "g1281_ctaze09", "comment": "[I want to believe](http://i.imgur.com/XxMLlC6.png)", "date": "2015-07-21 11:55:45", "seriesname": "g1281_ctaze09", "file": "/media/jbrogan4/scratch2/Reddit_Prov_Dataset_v6/_Woman_demonstrating_a_treadmill_on_Amazon's_product_pictures/g1281_ctaze09.png", "URL": "http://i.imgur.com/XxMLlC6.png", "fileid": "g1281_ctaze09.png"}, {"id": "g1281_ctazz79", "comment": "[Yikes!](http://i.imgur.com/jE8KiUi.jpg?1)", "date": "2015-07-21 12:10:37", "seriesname": "g1281_ctazz79", "file": "/media/jbrogan4/scratch2/Reddit_Prov_Dataset_v6/_Woman_demonstrating_a_treadmill_on_Amazon's_product_pictures/g1281_ctazz79.jpg", "URL": "http://i.imgur.com/jE8KiUi.jpg?1", "fileid": "g1281_ctazz79.jpg"}, {"id": "g1281_ctauwrm", "comment": "http://i.imgur.com/yeliIEO.jpg", "date": "2015-07-21 09:52:43", "seriesname": "g1281_ctauwrm", "file": "/media/jbrogan4/scratch2/Reddit_Prov_Dataset_v6/_Woman_demonstrating_a_treadmill_on_Amazon's_product_pictures/g1281_ctauwrm.jpg", "URL": "http://i.imgur.com/yeliIEO.jpg", "fileid": "g1281_ctauwrm.jpg"}, {"id": "g1281_ctay5q7", "comment": "http://i.imgur.com/ZGXx3rn.png", "date": "2015-07-21 11:24:52", "seriesname": "g1281_ctay5q7", "file": "/media/jbrogan4/scratch2/Reddit_Prov_Dataset_v6/_Woman_demonstrating_a_treadmill_on_Amazon's_product_pictures/g1281_ctay5q7.png", "URL": "http://i.imgur.com/ZGXx3rn.png", "fileid": "g1281_ctay5q7.png"}, {"id": "g1281_ctb5zid", "comment": "[http://i.imgur.com/qYOefyN.jpg](http://i.imgur.com/qYOefyN.jpg)", "date": "2015-07-21 14:34:10", "seriesname": "g1281_ctb5zid", "file": "/media/jbrogan4/scratch2/Reddit_Prov_Dataset_v6/_Woman_demonstrating_a_treadmill_on_Amazon's_product_pictures/g1281_ctb5zid.jpg", "URL": "http://i.imgur.com/qYOefyN.jpg](http://i.imgur.com/qYOefyN.jpg", "fileid": "g1281_ctb5zid.jpg"}, {"id": "g1281_ctaw9ar", "comment": "[Royal Panda](http://i.imgur.com/yXyDFu2.jpg)", "date": "2015-07-21 10:33:49", "seriesname": "g1281_ctaw9ar", "file": "/media/jbrogan4/scratch2/Reddit_Prov_Dataset_v6/_Woman_demonstrating_a_treadmill_on_Amazon's_product_pictures/g1281_ctaw9ar.jpg", "URL": "http://i.imgur.com/yXyDFu2.jpg", "fileid": "g1281_ctaw9ar.jpg"}, {"id": "g1281_ctaymu6", "comment": "http://i.imgur.com/R4hfBOi.gif", "date": "2015-07-21 11:36:54", "seriesname": "g1281_ctaymu6", "file": "/media/jbrogan4/scratch2/Reddit_Prov_Dataset_v6/_Woman_demonstrating_a_treadmill_on_Amazon's_product_pictures/g1281_ctaymu6.jpg", "URL": "http://i.imgur.com/R4hfBOi.gif", "fileid": "g1281_ctaymu6.gif"}, {"id": "g1281_ctb1cag", "comment": "http://i.imgur.com/6Kt0ytw.gif", "date": "2015-07-21 12:43:57", "seriesname": "g1281_ctb1cag", "file": "/media/jbrogan4/scratch2/Reddit_Prov_Dataset_v6/_Woman_demonstrating_a_treadmill_on_Amazon's_product_pictures/g1281_ctb1cag.jpg", "URL": "http://i.imgur.com/6Kt0ytw.gif", "fileid": "g1281_ctb1cag.gif"}, {"id": "g1281_ctb56aq", "comment": "[Don't Tread On Me](http://i.imgur.com/mHvaczZ.jpg)", "date": "2015-07-21 14:15:08", "seriesname": "g1281_ctb56aq", "file": "/media/jbrogan4/scratch2/Reddit_Prov_Dataset_v6/_Woman_demonstrating_a_treadmill_on_Amazon's_product_pictures/g1281_ctb56aq.jpg", "URL": "http://i.imgur.com/mHvaczZ.jpg", "fileid": "g1281_ctb56aq.jpg"}, {"id": "g1281_ctawjzx", "comment": "[OMG, play dead maybe he will leave](http://i.imgur.com/V9DkDbO.png)", "date": "2015-07-21 10:42:10", "seriesname": "g1281_ctawjzx", "file": "/media/jbrogan4/scratch2/Reddit_Prov_Dataset_v6/_Woman_demonstrating_a_treadmill_on_Amazon's_product_pictures/g1281_ctawjzx.png", "URL": "http://i.imgur.com/V9DkDbO.png", "fileid": "g1281_ctawjzx.png"}, {"id": "g1281_ctavskc", "comment": "http://i.imgur.com/0yWQw3Y.jpg", "date": "2015-07-21 10:20:08", "seriesname": "g1281_ctavskc", "file": "/media/jbrogan4/scratch2/Reddit_Prov_Dataset_v6/_Woman_demonstrating_a_treadmill_on_Amazon's_product_pictures/g1281_ctavskc.jpg", "URL": "http://i.imgur.com/0yWQw3Y.jpg", "fileid": "g1281_ctavskc.jpg"}, {"id": "g1281_ctaxhjw", "comment": "http://i.imgur.com/JaDbaAi.gif", "date": "2015-07-21 11:07:22", "seriesname": "g1281_ctaxhjw", "file": "/media/jbrogan4/scratch2/Reddit_Prov_Dataset_v6/_Woman_demonstrating_a_treadmill_on_Amazon's_product_pictures/g1281_ctaxhjw.jpg", "URL": "http://i.imgur.com/JaDbaAi.gif", "fileid": "g1281_ctaxhjw.gif"}, {"id": "g1281_ctb6m3o", "comment": "[They said I could do anything](http://i.imgur.com/s6NlVlQ.jpg)", "date": "2015-07-21 14:48:54", "seriesname": "g1281_ctb6m3o", "file": "/media/jbrogan4/scratch2/Reddit_Prov_Dataset_v6/_Woman_demonstrating_a_treadmill_on_Amazon's_product_pictures/g1281_ctb6m3o.jpg", "URL": "http://i.imgur.com/s6NlVlQ.jpg", "fileid": "g1281_ctb6m3o.jpg"}, {"id": "g1281_ctaz7g7", "comment": "[breach](http://i.imgur.com/eDGgu3a.jpg)", "date": "2015-07-21 11:51:10", "seriesname": "g1281_ctaz7g7", "file": "/media/jbrogan4/scratch2/Reddit_Prov_Dataset_v6/_Woman_demonstrating_a_treadmill_on_Amazon's_product_pictures/g1281_ctaz7g7.jpg", "URL": "http://i.imgur.com/eDGgu3a.jpg", "fileid": "g1281_ctaz7g7.jpg"}, {"id": "g1281_ctb0t6o", "comment": "[OK GO](http://i.imgur.com/JUlIHg9.jpg)", "date": "2015-07-21 12:30:55", "seriesname": "g1281_ctb0t6o", "file": "/media/jbrogan4/scratch2/Reddit_Prov_Dataset_v6/_Woman_demonstrating_a_treadmill_on_Amazon's_product_pictures/g1281_ctb0t6o.jpg", "URL": "http://i.imgur.com/JUlIHg9.jpg", "fileid": "g1281_ctb0t6o.jpg"}, {"id": "g1281_ctbb131", "comment": "[i think that is an old rollercoaster, not a treadmill](http://i.imgur.com/vViPzOv.png)", "date": "2015-07-21 16:31:52", "seriesname": "g1281_ctbb131", "file": "/media/jbrogan4/scratch2/Reddit_Prov_Dataset_v6/_Woman_demonstrating_a_treadmill_on_Amazon's_product_pictures/g1281_ctbb131.png", "URL": "http://i.imgur.com/vViPzOv.png", "fileid": "g1281_ctbb131.png"}, {"id": "g1281_ctav1in", "comment": "[Weigh-in](http://imgur.com/owmZjCX)", "date": "2015-07-21 09:56:53", "seriesname": "g1281_ctav1in", "file": "/media/jbrogan4/scratch2/Reddit_Prov_Dataset_v6/_Woman_demonstrating_a_treadmill_on_Amazon's_product_pictures/g1281_ctav1in.png", "URL": "http://i.imgur.com/owmZjCX.png", "fileid": "g1281_ctav1in.png"}, {"id": "g1281_ctavulf", "comment": "[Vanish..](https://i.imgur.com/OYpiovm.png)", "date": "2015-07-21 10:21:48", "seriesname": "g1281_ctavulf", "file": "/media/jbrogan4/scratch2/Reddit_Prov_Dataset_v6/_Woman_demonstrating_a_treadmill_on_Amazon's_product_pictures/g1281_ctavulf.png", "URL": "https://i.imgur.com/OYpiovm.png", "fileid": "g1281_ctavulf.png"}, {"id": "g1281_ctazc3g", "comment": "[\"No no no no!\"](http://i.imgur.com/DaPuIxw.jpg)", "date": "2015-07-21 11:54:24", "seriesname": "g1281_ctazc3g", "file": "/media/jbrogan4/scratch2/Reddit_Prov_Dataset_v6/_Woman_demonstrating_a_treadmill_on_Amazon's_product_pictures/g1281_ctazc3g.jpg", "URL": "http://i.imgur.com/DaPuIxw.jpg", "fileid": "g1281_ctazc3g.jpg"}, {"id": "g1281_ctb77bl", "comment": "I believe you have my [stapler](http://i.imgur.com/rmaxLAp.jpg).", "date": "2015-07-21 15:02:32", "seriesname": "g1281_ctb77bl", "file": "/media/jbrogan4/scratch2/Reddit_Prov_Dataset_v6/_Woman_demonstrating_a_treadmill_on_Amazon's_product_pictures/g1281_ctb77bl.jpg", "URL": "http://i.imgur.com/rmaxLAp.jpg).", "fileid": "g1281_ctb77bl."}, {"id": "g1281_ctaziq9", "comment": "[She got it!](http://i.imgur.com/23lfM5a.jpg)", "date": "2015-07-21 11:59:01", "seriesname": "g1281_ctaziq9", "file": "/media/jbrogan4/scratch2/Reddit_Prov_Dataset_v6/_Woman_demonstrating_a_treadmill_on_Amazon's_product_pictures/g1281_ctaziq9.jpg", "URL": "http://i.imgur.com/23lfM5a.jpg", "fileid": "g1281_ctaziq9.jpg"}, {"id": "g1281_ctay8o7", "comment": "http://imgur.com/qGMCuqt", "date": "2015-07-21 11:26:55", "seriesname": "g1281_ctay8o7", "file": "/media/jbrogan4/scratch2/Reddit_Prov_Dataset_v6/_Woman_demonstrating_a_treadmill_on_Amazon's_product_pictures/g1281_ctay8o7.png", "URL": "http://i.imgur.com/qGMCuqt.png", "fileid": "g1281_ctay8o7.png"}, {"id": "g1281_ctaw9qb", "comment": "http://i.imgur.com/fsCcmhC.jpg", "date": "2015-07-21 10:34:10", "seriesname": "g1281_ctaw9qb", "file": "/media/jbrogan4/scratch2/Reddit_Prov_Dataset_v6/_Woman_demonstrating_a_treadmill_on_Amazon's_product_pictures/g1281_ctaw9qb.jpg", "URL": "http://i.imgur.com/fsCcmhC.jpg", "fileid": "g1281_ctaw9qb.jpg"}, {"id": "g1281_ctb1dj7", "comment": "[Sir... I can't see shit](http://i.imgur.com/KJO1zP4.jpg)", "date": "2015-07-21 12:44:47", "seriesname": "g1281_ctb1dj7", "file": "/media/jbrogan4/scratch2/Reddit_Prov_Dataset_v6/_Woman_demonstrating_a_treadmill_on_Amazon's_product_pictures/g1281_ctb1dj7.jpg", "URL": "http://i.imgur.com/KJO1zP4.jpg", "fileid": "g1281_ctb1dj7.jpg"}, {"id": "g1281_ctaw19e", "comment": "[Aaron found his soul mate](http://i.imgur.com/7c5Ljo7.jpg)", "date": "2015-07-21 10:27:20", "seriesname": "g1281_ctaw19e", "file": "/media/jbrogan4/scratch2/Reddit_Prov_Dataset_v6/_Woman_demonstrating_a_treadmill_on_Amazon's_product_pictures/g1281_ctaw19e.jpg", "URL": "http://i.imgur.com/7c5Ljo7.jpg", "fileid": "g1281_ctaw19e.jpg"}, {"id": "g1281_ctawbt2", "comment": "[She's totally gonna get the blue shell](http://i.imgur.com/TlQMEQ7.jpg0)", "date": "2015-07-21 10:35:50", "seriesname": "g1281_ctawbt2", "file": "/media/jbrogan4/scratch2/Reddit_Prov_Dataset_v6/_Woman_demonstrating_a_treadmill_on_Amazon's_product_pictures/g1281_ctawbt2.jpg", "URL": "http://i.imgur.com/TlQMEQ7.jpg0", "fileid": "g1281_ctawbt2.jpg0"}, {"id": "g1281_ctawxrl", "comment": "[Keeping Control...](http://imgur.com/RM9Q2un)", "date": "2015-07-21 10:52:34", "seriesname": "g1281_ctawxrl", "file": "/media/jbrogan4/scratch2/Reddit_Prov_Dataset_v6/_Woman_demonstrating_a_treadmill_on_Amazon's_product_pictures/g1281_ctawxrl.png", "URL": "http://i.imgur.com/RM9Q2un.png", "fileid": "g1281_ctawxrl.png"}, {"id": "g1281_ctb1fie", "comment": "[Gump, you're a goddamn genius](http://i.imgur.com/b9dhKc8.png)", "date": "2015-07-21 12:46:06", "seriesname": "g1281_ctb1fie", "file": "/media/jbrogan4/scratch2/Reddit_Prov_Dataset_v6/_Woman_demonstrating_a_treadmill_on_Amazon's_product_pictures/g1281_ctb1fie.png", "URL": "http://i.imgur.com/b9dhKc8.png", "fileid": "g1281_ctb1fie.png"}, {"id": "g1281_ctb77qr", "comment": "[Still looks more functional somehow] (http://i.imgur.com/nt5yBhz.jpg)", "date": "2015-07-21 15:02:48", "seriesname": "g1281_ctb77qr", "file": "/media/jbrogan4/scratch2/Reddit_Prov_Dataset_v6/_Woman_demonstrating_a_treadmill_on_Amazon's_product_pictures/g1281_ctb77qr.jpg", "URL": "http://i.imgur.com/nt5yBhz.jpg", "fileid": "g1281_ctb77qr.jpg"}, {"id": "g1281_ctaxxzj", "comment": "[Don't turn it on!](http://imgur.com/z2eNOIb)\n\nMild gore warning, potentially NSFW!", "date": "2015-07-21 11:19:20", "seriesname": "g1281_ctaxxzj", "file": "/media/jbrogan4/scratch2/Reddit_Prov_Dataset_v6/_Woman_demonstrating_a_treadmill_on_Amazon's_product_pictures/g1281_ctaxxzj.png", "URL": "http://i.imgur.com/z2eNOIb.png", "fileid": "g1281_ctaxxzj.png"}, {"id": "g1281_ctavl5c", "comment": "[found her motivation](http://imgur.com/c5UMpcL)", "date": "2015-07-21 10:13:55", "seriesname": "g1281_ctavl5c", "file": "/media/jbrogan4/scratch2/Reddit_Prov_Dataset_v6/_Woman_demonstrating_a_treadmill_on_Amazon's_product_pictures/g1281_ctavl5c.png", "URL": "http://i.imgur.com/c5UMpcL.png", "fileid": "g1281_ctavl5c.png"}, {"id": "g1281_ctaywwd", "comment": "[Ski or Die](http://i.imgur.com/1DEYF20.png)", "date": "2015-07-21 11:43:55", "seriesname": "g1281_ctaywwd", "file": "/media/jbrogan4/scratch2/Reddit_Prov_Dataset_v6/_Woman_demonstrating_a_treadmill_on_Amazon's_product_pictures/g1281_ctaywwd.png", "URL": "http://i.imgur.com/1DEYF20.png", "fileid": "g1281_ctaywwd.png"}, {"id": "g1281_ctavt3h", "comment": "http://imgur.com/I6VRQPR", "date": "2015-07-21 10:20:35", "seriesname": "g1281_ctavt3h", "file": "/media/jbrogan4/scratch2/Reddit_Prov_Dataset_v6/_Woman_demonstrating_a_treadmill_on_Amazon's_product_pictures/g1281_ctavt3h.png", "URL": "http://i.imgur.com/I6VRQPR.png", "fileid": "g1281_ctavt3h.png"}, {"id": "g1281_ctatwl1", "comment": "[Always use correct form](http://i.imgur.com/XWkj7aX.jpg)", "date": "2015-07-21 09:18:12", "seriesname": "g1281_ctatwl1", "file": "/media/jbrogan4/scratch2/Reddit_Prov_Dataset_v6/_Woman_demonstrating_a_treadmill_on_Amazon's_product_pictures/g1281_ctatwl1.jpg", "URL": "http://i.imgur.com/XWkj7aX.jpg", "fileid": "g1281_ctatwl1.jpg"}, {"id": "g1281_ctbhag6", "comment": "Don't know the original source, but [here you go.](http://i.imgur.com/xnFpHtX.jpg)", "date": "2015-07-21 19:13:22", "seriesname": "g1281_ctbhag6", "file": "/media/jbrogan4/scratch2/Reddit_Prov_Dataset_v6/_Woman_demonstrating_a_treadmill_on_Amazon's_product_pictures/g1281_ctbhag6.jpg", "URL": "http://i.imgur.com/xnFpHtX.jpg", "fileid": "g1281_ctbhag6.jpg"}, {"id": "g1281_ctavpnk", "comment": "http://i.imgur.com/4ZT8DQz.jpg", "date": "2015-07-21 10:17:42", "seriesname": "g1281_ctavpnk", "file": "/media/jbrogan4/scratch2/Reddit_Prov_Dataset_v6/_Woman_demonstrating_a_treadmill_on_Amazon's_product_pictures/g1281_ctavpnk.jpg", "URL": "http://i.imgur.com/4ZT8DQz.jpg", "fileid": "g1281_ctavpnk.jpg"}, {"id": "g1281_ctaxksj", "comment": "[Treadmillion$$](http://i.imgur.com/lvX3WEv.jpg)", "date": "2015-07-21 11:09:50", "seriesname": "g1281_ctaxksj", "file": "/media/jbrogan4/scratch2/Reddit_Prov_Dataset_v6/_Woman_demonstrating_a_treadmill_on_Amazon's_product_pictures/g1281_ctaxksj.jpg", "URL": "http://i.imgur.com/lvX3WEv.jpg", "fileid": "g1281_ctaxksj.jpg"}, {"id": "g1281_ctaxulj", "comment": "[Derp Bike](http://i.imgur.com/Eox8jkT.png)", "date": "2015-07-21 11:16:56", "seriesname": "g1281_ctaxulj", "file": "/media/jbrogan4/scratch2/Reddit_Prov_Dataset_v6/_Woman_demonstrating_a_treadmill_on_Amazon's_product_pictures/g1281_ctaxulj.png", "URL": "http://i.imgur.com/Eox8jkT.png", "fileid": "g1281_ctaxulj.png"}, {"id": "g1281_root", "comment": "", "date": "2015-07-21 08:56:44", "seriesname": "g1281_root", "file": "/media/jbrogan4/scratch2/Reddit_Prov_Dataset_v6/_Woman_demonstrating_a_treadmill_on_Amazon's_product_pictures/g1281_root.jpg", "URL": "http://i.imgur.com/lNaPFCv.jpg", "fileid": "g1281_root.jpg"}, {"id": "g1281_ctazyjy", "comment": "[Bad dog!](http://i.imgur.com/7QM3ieu.jpg)", "date": "2015-07-21 12:10:11", "seriesname": "g1281_ctazyjy", "file": "/media/jbrogan4/scratch2/Reddit_Prov_Dataset_v6/_Woman_demonstrating_a_treadmill_on_Amazon's_product_pictures/g1281_ctazyjy.jpg", "URL": "http://i.imgur.com/7QM3ieu.jpg", "fileid": "g1281_ctazyjy.jpg"}], "graph": {"name": "g1281_root"}, "directed": true}