{"links": [{"op": "none", "target": 0, "source": 57}, {"op": "none", "target": 1, "source": 57}, {"op": "none", "target": 2, "source": 57}, {"op": "none", "target": 3, "source": 62}, {"op": "none", "target": 4, "source": 57}, {"op": "none", "target": 5, "source": 57}, {"op": "none", "target": 6, "source": 57}, {"op": "none", "target": 7, "source": 57}, {"op": "none", "target": 8, "source": 57}, {"op": "none", "target": 9, "source": 57}, {"op": "none", "target": 10, "source": 57}, {"op": "none", "target": 11, "source": 57}, {"op": "none", "target": 12, "source": 57}, {"op": "none", "target": 13, "source": 57}, {"op": "none", "target": 14, "source": 57}, {"op": "none", "target": 15, "source": 57}, {"op": "none", "target": 16, "source": 57}, {"op": "none", "target": 17, "source": 57}, {"op": "none", "target": 18, "source": 57}, {"op": "none", "target": 19, "source": 37}, {"op": "none", "target": 20, "source": 57}, {"op": "none", "target": 21, "source": 57}, {"op": "none", "target": 22, "source": 54}, {"op": "none", "target": 23, "source": 57}, {"op": "none", "target": 24, "source": 57}, {"op": "none", "target": 25, "source": 57}, {"op": "none", "target": 26, "source": 57}, {"op": "none", "target": 27, "source": 57}, {"op": "none", "target": 28, "source": 57}, {"op": "none", "target": 29, "source": 57}, {"op": "none", "target": 30, "source": 19}, {"op": "none", "target": 31, "source": 57}, {"op": "none", "target": 32, "source": 57}, {"op": "none", "target": 33, "source": 57}, {"op": "none", "target": 34, "source": 57}, {"op": "none", "target": 35, "source": 57}, {"op": "none", "target": 36, "source": 57}, {"op": "none", "target": 37, "source": 57}, {"op": "none", "target": 38, "source": 57}, {"op": "none", "target": 39, "source": 57}, {"op": "none", "target": 40, "source": 57}, {"op": "none", "target": 41, "source": 57}, {"op": "none", "target": 42, "source": 57}, {"op": "none", "target": 43, "source": 12}, {"op": "none", "target": 44, "source": 57}, {"op": "none", "target": 45, "source": 57}, {"op": "none", "target": 46, "source": 60}, {"op": "none", "target": 47, "source": 57}, {"op": "none", "target": 48, "source": 57}, {"op": "none", "target": 49, "source": 57}, {"op": "none", "target": 50, "source": 57}, {"op": "none", "target": 51, "source": 57}, {"op": "none", "target": 52, "source": 57}, {"op": "none", "target": 53, "source": 57}, {"op": "none", "target": 54, "source": 57}, {"op": "none", "target": 55, "source": 57}, {"op": "none", "target": 56, "source": 57}, {"op": "none", "target": 58, "source": 57}, {"op": "none", "target": 59, "source": 57}, {"op": "none", "target": 60, "source": 57}, {"op": "none", "target": 61, "source": 57}, {"op": "none", "target": 62, "source": 54}, {"op": "none", "target": 63, "source": 57}, {"op": "none", "target": 64, "source": 57}, {"op": "none", "target": 65, "source": 57}, {"op": "none", "target": 66, "source": 57}, {"op": "none", "target": 67, "source": 57}, {"op": "none", "target": 68, "source": 62}, {"op": "none", "target": 69, "source": 57}, {"op": "none", "target": 70, "source": 57}, {"op": "none", "target": 71, "source": 57}, {"op": "none", "target": 72, "source": 57}, {"op": "none", "target": 73, "source": 57}], "title": "_Child_With_Raft_on_his_Head", "nodes": [{"id": "g1282_d42b6vx", "comment": "The most terrifying dino in Jurassic Park http://imgur.com/4GXH2IR", "date": "2016-06-09 10:32:04", "seriesname": "g1282_d42b6vx", "file": "/media/jbrogan4/scratch2/Reddit_Prov_Dataset_v6/_Child_With_Raft_on_his_Head/g1282_d42b6vx.png", "URL": "http://i.imgur.com/4GXH2IR.png", "fileid": "g1282_d42b6vx.png"}, {"id": "g1282_d42175c", "comment": "FUS RO DAH! http://imgur.com/kEWcIqg", "date": "2016-06-09 03:31:30", "seriesname": "g1282_d42175c", "file": "/media/jbrogan4/scratch2/Reddit_Prov_Dataset_v6/_Child_With_Raft_on_his_Head/g1282_d42175c.png", "URL": "http://i.imgur.com/kEWcIqg.png", "fileid": "g1282_d42175c.png"}, {"id": "g1282_d428jtd", "comment": "[Obligatory](http://i.imgur.com/kIKj7x3.jpg)", "date": "2016-06-09 09:25:01", "seriesname": "g1282_d428jtd", "file": "/media/jbrogan4/scratch2/Reddit_Prov_Dataset_v6/_Child_With_Raft_on_his_Head/g1282_d428jtd.jpg", "URL": "http://i.imgur.com/kIKj7x3.jpg", "fileid": "g1282_d428jtd.jpg"}, {"id": "g1282_d42dt5o", "comment": "Same but different ;) here you go my little friend http://imgur.com/AJY2YbK", "date": "2016-06-09 11:30:35", "seriesname": "g1282_d42dt5o", "file": "/media/jbrogan4/scratch2/Reddit_Prov_Dataset_v6/_Child_With_Raft_on_his_Head/g1282_d42dt5o.png", "URL": "http://i.imgur.com/AJY2YbK.png", "fileid": "g1282_d42dt5o.png"}, {"id": "g1282_d42c9dv", "comment": "[What actually killed Dennis Nedry](http://i.imgur.com/myYVQLI.jpg)", "date": "2016-06-09 10:56:44", "seriesname": "g1282_d42c9dv", "file": "/media/jbrogan4/scratch2/Reddit_Prov_Dataset_v6/_Child_With_Raft_on_his_Head/g1282_d42c9dv.jpg", "URL": "http://i.imgur.com/myYVQLI.jpg", "fileid": "g1282_d42c9dv.jpg"}, {"id": "g1282_d42fi9u", "comment": "[Coming to a television near you](http://i.imgur.com/dVdabDf.jpg)", "date": "2016-06-09 12:07:13", "seriesname": "g1282_d42fi9u", "file": "/media/jbrogan4/scratch2/Reddit_Prov_Dataset_v6/_Child_With_Raft_on_his_Head/g1282_d42fi9u.jpg", "URL": "http://i.imgur.com/dVdabDf.jpg", "fileid": "g1282_d42fi9u.jpg"}, {"id": "g1282_d42g430", "comment": "[That's no worm...](http://i.imgur.com/dAu56Jv.jpg)", "date": "2016-06-09 12:20:21", "seriesname": "g1282_d42g430", "file": "/media/jbrogan4/scratch2/Reddit_Prov_Dataset_v6/_Child_With_Raft_on_his_Head/g1282_d42g430.jpg", "URL": "http://i.imgur.com/dAu56Jv.jpg", "fileid": "g1282_d42g430.jpg"}, {"id": "g1282_d429xxe", "comment": "[He's a real fun guy](http://i.imgur.com/Swrg1Dp.jpg)", "date": "2016-06-09 10:01:43", "seriesname": "g1282_d429xxe", "file": "/media/jbrogan4/scratch2/Reddit_Prov_Dataset_v6/_Child_With_Raft_on_his_Head/g1282_d429xxe.jpg", "URL": "http://i.imgur.com/Swrg1Dp.jpg", "fileid": "g1282_d429xxe.jpg"}, {"id": "g1282_d42e88n", "comment": "[He likes tuna sammich's](http://imgur.com/YzFpc0p)", "date": "2016-06-09 11:39:40", "seriesname": "g1282_d42e88n", "file": "/media/jbrogan4/scratch2/Reddit_Prov_Dataset_v6/_Child_With_Raft_on_his_Head/g1282_d42e88n.png", "URL": "http://i.imgur.com/YzFpc0p.png", "fileid": "g1282_d42e88n.png"}, {"id": "g1282_d421scm", "comment": "I don't even know. http://i.imgur.com/IGow8RD.png", "date": "2016-06-09 04:04:40", "seriesname": "g1282_d421scm", "file": "/media/jbrogan4/scratch2/Reddit_Prov_Dataset_v6/_Child_With_Raft_on_his_Head/g1282_d421scm.png", "URL": "http://i.imgur.com/IGow8RD.png", "fileid": "g1282_d421scm.png"}, {"id": "g1282_d42auoy", "comment": "[controversial new police lights](http://i.imgur.com/B88Qt7A.png)", "date": "2016-06-09 10:23:57", "seriesname": "g1282_d42auoy", "file": "/media/jbrogan4/scratch2/Reddit_Prov_Dataset_v6/_Child_With_Raft_on_his_Head/g1282_d42auoy.png", "URL": "http://i.imgur.com/B88Qt7A.png", "fileid": "g1282_d42auoy.png"}, {"id": "g1282_d42f52a", "comment": "[Mudskipper](http://i.imgur.com/UXadBNQ.jpg?1)", "date": "2016-06-09 11:59:11", "seriesname": "g1282_d42f52a", "file": "/media/jbrogan4/scratch2/Reddit_Prov_Dataset_v6/_Child_With_Raft_on_his_Head/g1282_d42f52a.jpg", "URL": "http://i.imgur.com/UXadBNQ.jpg?1", "fileid": "g1282_d42f52a.jpg"}, {"id": "g1282_d4210yh", "comment": "Before Plan B:  \n\nhttp://i.imgur.com/m0mUo00.jpg", "date": "2016-06-09 03:22:07", "seriesname": "g1282_d4210yh", "file": "/media/jbrogan4/scratch2/Reddit_Prov_Dataset_v6/_Child_With_Raft_on_his_Head/g1282_d4210yh.jpg", "URL": "http://i.imgur.com/m0mUo00.jpg", "fileid": "g1282_d4210yh.jpg"}, {"id": "g1282_d42h4ah", "comment": "First Photoshop battle!\n\nhttp://i.imgur.com/GAgie48.png", "date": "2016-06-09 12:41:58", "seriesname": "g1282_d42h4ah", "file": "/media/jbrogan4/scratch2/Reddit_Prov_Dataset_v6/_Child_With_Raft_on_his_Head/g1282_d42h4ah.png", "URL": "http://i.imgur.com/GAgie48.png", "fileid": "g1282_d42h4ah.png"}, {"id": "g1282_d42cbta", "comment": "[Gotta find the aliens, too!](http://imgur.com/u8gSv6l)", "date": "2016-06-09 10:58:14", "seriesname": "g1282_d42cbta", "file": "/media/jbrogan4/scratch2/Reddit_Prov_Dataset_v6/_Child_With_Raft_on_his_Head/g1282_d42cbta.png", "URL": "http://i.imgur.com/u8gSv6l.png", "fileid": "g1282_d42cbta.png"}, {"id": "g1282_d42jody", "comment": "[The Lannisters send their regards](http://i.imgur.com/uhb4xjT.png)", "date": "2016-06-09 13:36:10", "seriesname": "g1282_d42jody", "file": "/media/jbrogan4/scratch2/Reddit_Prov_Dataset_v6/_Child_With_Raft_on_his_Head/g1282_d42jody.png", "URL": "http://i.imgur.com/uhb4xjT.png", "fileid": "g1282_d42jody.png"}, {"id": "g1282_d42rjjm", "comment": "[Klaatu barada nikto!](http://imgur.com/vEmTo29)", "date": "2016-06-09 16:23:04", "seriesname": "g1282_d42rjjm", "file": "/media/jbrogan4/scratch2/Reddit_Prov_Dataset_v6/_Child_With_Raft_on_his_Head/g1282_d42rjjm.png", "URL": "http://i.imgur.com/vEmTo29.png", "fileid": "g1282_d42rjjm.png"}, {"id": "g1282_d42ip1r", "comment": "http://imgur.com/fynB5fP I'm sorry rum ham!", "date": "2016-06-09 13:15:12", "seriesname": "g1282_d42ip1r", "file": "/media/jbrogan4/scratch2/Reddit_Prov_Dataset_v6/_Child_With_Raft_on_his_Head/g1282_d42ip1r.png", "URL": "http://i.imgur.com/fynB5fP.png", "fileid": "g1282_d42ip1r.png"}, {"id": "g1282_d42mwhl", "comment": "[First thing that came to me.](http://imgur.com/2Of4WFS)", "date": "2016-06-09 14:43:48", "seriesname": "g1282_d42mwhl", "file": "/media/jbrogan4/scratch2/Reddit_Prov_Dataset_v6/_Child_With_Raft_on_his_Head/g1282_d42mwhl.png", "URL": "http://i.imgur.com/2Of4WFS.png", "fileid": "g1282_d42mwhl.png"}, {"id": "g1282_d42eylu", "comment": "&gt; shoopdawoop\nBetter?\nhttp://imgur.com/oFR7a0L", "date": "2016-06-09 11:55:21", "seriesname": "g1282_d42eylu", "file": "/media/jbrogan4/scratch2/Reddit_Prov_Dataset_v6/_Child_With_Raft_on_his_Head/g1282_d42eylu.png", "URL": "http://i.imgur.com/oFR7a0L.png", "fileid": "g1282_d42eylu.png"}, {"id": "g1282_d42ej7l", "comment": "[RUN](http://i.imgur.com/BsYHLMN.png)", "date": "2016-06-09 11:46:16", "seriesname": "g1282_d42ej7l", "file": "/media/jbrogan4/scratch2/Reddit_Prov_Dataset_v6/_Child_With_Raft_on_his_Head/g1282_d42ej7l.png", "URL": "http://i.imgur.com/BsYHLMN.png", "fileid": "g1282_d42ej7l.png"}, {"id": "g1282_d43wov7", "comment": "[X-Wing](http://i.imgur.com/cnqp1wC.png?1)", "date": "2016-06-10 13:53:00", "seriesname": "g1282_d43wov7", "file": "/media/jbrogan4/scratch2/Reddit_Prov_Dataset_v6/_Child_With_Raft_on_his_Head/g1282_d43wov7.png", "URL": "http://i.imgur.com/cnqp1wC.png?1", "fileid": "g1282_d43wov7.png"}, {"id": "g1282_d42ddu7", "comment": "[There are just too many, sir!](http://i.imgur.com/rv7qT0n.png)", "date": "2016-06-09 11:21:23", "seriesname": "g1282_d42ddu7", "file": "/media/jbrogan4/scratch2/Reddit_Prov_Dataset_v6/_Child_With_Raft_on_his_Head/g1282_d42ddu7.png", "URL": "http://i.imgur.com/rv7qT0n.png", "fileid": "g1282_d42ddu7.png"}, {"id": "g1282_d42dcnn", "comment": "The [truth is out there](http://i.imgur.com/qaODhiY.jpg), or maybe it's [already here](http://i.imgur.com/gFRrMBi.gif)", "date": "2016-06-09 11:20:38", "seriesname": "g1282_d42dcnn", "file": "/media/jbrogan4/scratch2/Reddit_Prov_Dataset_v6/_Child_With_Raft_on_his_Head/g1282_d42dcnn.jpg", "URL": "http://i.imgur.com/gFRrMBi.gif", "fileid": "g1282_d42dcnn.gif"}, {"id": "g1282_d428asm", "comment": "[Child's name is Lily?](http://i.imgur.com/Bd4qf8r.jpg)", "date": "2016-06-09 09:17:55", "seriesname": "g1282_d428asm", "file": "/media/jbrogan4/scratch2/Reddit_Prov_Dataset_v6/_Child_With_Raft_on_his_Head/g1282_d428asm.jpg", "URL": "http://i.imgur.com/Bd4qf8r.jpg", "fileid": "g1282_d428asm.jpg"}, {"id": "g1282_d42cafd", "comment": "[Raftbutt](http://i.imgur.com/SIxcR82.jpg)", "date": "2016-06-09 10:57:23", "seriesname": "g1282_d42cafd", "file": "/media/jbrogan4/scratch2/Reddit_Prov_Dataset_v6/_Child_With_Raft_on_his_Head/g1282_d42cafd.jpg", "URL": "http://i.imgur.com/SIxcR82.jpg", "fileid": "g1282_d42cafd.jpg"}, {"id": "g1282_d426dol", "comment": "[Stop The Invasion](http://imgur.com/YQYbj2z)", "date": "2016-06-09 08:13:12", "seriesname": "g1282_d426dol", "file": "/media/jbrogan4/scratch2/Reddit_Prov_Dataset_v6/_Child_With_Raft_on_his_Head/g1282_d426dol.png", "URL": "http://i.imgur.com/YQYbj2z.png", "fileid": "g1282_d426dol.png"}, {"id": "g1282_d42b6ai", "comment": "http://imgur.com/aIcAJiP\nspace baby", "date": "2016-06-09 10:31:42", "seriesname": "g1282_d42b6ai", "file": "/media/jbrogan4/scratch2/Reddit_Prov_Dataset_v6/_Child_With_Raft_on_his_Head/g1282_d42b6ai.png", "URL": "http://i.imgur.com/aIcAJiP.png", "fileid": "g1282_d42b6ai.png"}, {"id": "g1282_d42baco", "comment": "[Do you really want to Hurt me?](http://i.imgur.com/EkFpzrH.jpg)", "date": "2016-06-09 10:34:23", "seriesname": "g1282_d42baco", "file": "/media/jbrogan4/scratch2/Reddit_Prov_Dataset_v6/_Child_With_Raft_on_his_Head/g1282_d42baco.jpg", "URL": "http://i.imgur.com/EkFpzrH.jpg", "fileid": "g1282_d42baco.jpg"}, {"id": "g1282_d427cnu", "comment": "[Chlamydosaurus] (http://imgur.com/IpYd6fq)", "date": "2016-06-09 08:48:28", "seriesname": "g1282_d427cnu", "file": "/media/jbrogan4/scratch2/Reddit_Prov_Dataset_v6/_Child_With_Raft_on_his_Head/g1282_d427cnu.png", "URL": "http://i.imgur.com/IpYd6fq.png", "fileid": "g1282_d427cnu.png"}, {"id": "g1282_d42glg1", "comment": "http://i.imgur.com/xXRxUml.gif", "date": "2016-06-09 12:30:35", "seriesname": "g1282_d42glg1", "file": "/media/jbrogan4/scratch2/Reddit_Prov_Dataset_v6/_Child_With_Raft_on_his_Head/g1282_d42glg1.jpg", "URL": "http://i.imgur.com/xXRxUml.gif", "fileid": "g1282_d42glg1.gif"}, {"id": "g1282_d429vvy", "comment": "[Phone Home!!](http://i.imgur.com/f3a7nIN.jpg)", "date": "2016-06-09 10:00:20", "seriesname": "g1282_d429vvy", "file": "/media/jbrogan4/scratch2/Reddit_Prov_Dataset_v6/_Child_With_Raft_on_his_Head/g1282_d429vvy.jpg", "URL": "http://i.imgur.com/f3a7nIN.jpg", "fileid": "g1282_d429vvy.jpg"}, {"id": "g1282_d42f4av", "comment": "[Gotta make them cheeseburgers. It takes a lot of beef.](http://i.imgur.com/OxkiIOP.png)", "date": "2016-06-09 11:58:44", "seriesname": "g1282_d42f4av", "file": "/media/jbrogan4/scratch2/Reddit_Prov_Dataset_v6/_Child_With_Raft_on_his_Head/g1282_d42f4av.png", "URL": "http://i.imgur.com/OxkiIOP.png", "fileid": "g1282_d42f4av.png"}, {"id": "g1282_d428gfo", "comment": "[Imgur](http://i.imgur.com/RIAbxLo.jpg)", "date": "2016-06-09 09:22:23", "seriesname": "g1282_d428gfo", "file": "/media/jbrogan4/scratch2/Reddit_Prov_Dataset_v6/_Child_With_Raft_on_his_Head/g1282_d428gfo.jpg", "URL": "http://i.imgur.com/RIAbxLo.jpg", "fileid": "g1282_d428gfo.jpg"}, {"id": "g1282_d42dgrw", "comment": "[Python!](http://imgur.com/wBT8I7p)", "date": "2016-06-09 11:23:09", "seriesname": "g1282_d42dgrw", "file": "/media/jbrogan4/scratch2/Reddit_Prov_Dataset_v6/_Child_With_Raft_on_his_Head/g1282_d42dgrw.png", "URL": "http://i.imgur.com/wBT8I7p.png", "fileid": "g1282_d42dgrw.png"}, {"id": "g1282_d42jxr1", "comment": "TO INFINITY! \nhttp://imgur.com/Wo5maRJ", "date": "2016-06-09 13:41:40", "seriesname": "g1282_d42jxr1", "file": "/media/jbrogan4/scratch2/Reddit_Prov_Dataset_v6/_Child_With_Raft_on_his_Head/g1282_d42jxr1.png", "URL": "http://i.imgur.com/Wo5maRJ.png", "fileid": "g1282_d42jxr1.png"}, {"id": "g1282_d42cvmb", "comment": "http://i.imgur.com/M0KAvwD.jpg", "date": "2016-06-09 11:10:25", "seriesname": "g1282_d42cvmb", "file": "/media/jbrogan4/scratch2/Reddit_Prov_Dataset_v6/_Child_With_Raft_on_his_Head/g1282_d42cvmb.jpg", "URL": "http://i.imgur.com/M0KAvwD.jpg", "fileid": "g1282_d42cvmb.jpg"}, {"id": "g1282_d421jic", "comment": "space war\nhttp://imgur.com/zJG2KEZ", "date": "2016-06-09 03:50:43", "seriesname": "g1282_d421jic", "file": "/media/jbrogan4/scratch2/Reddit_Prov_Dataset_v6/_Child_With_Raft_on_his_Head/g1282_d421jic.png", "URL": "http://i.imgur.com/zJG2KEZ.png", "fileid": "g1282_d421jic.png"}, {"id": "g1282_d42h650", "comment": "[They're coming back!](http://i.imgur.com/X7sBCUm.jpg)", "date": "2016-06-09 12:43:03", "seriesname": "g1282_d42h650", "file": "/media/jbrogan4/scratch2/Reddit_Prov_Dataset_v6/_Child_With_Raft_on_his_Head/g1282_d42h650.jpg", "URL": "http://i.imgur.com/X7sBCUm.jpg", "fileid": "g1282_d42h650.jpg"}, {"id": "g1282_d42a8te", "comment": "[I like turtles](http://imgur.com/7ECTUIS)\n", "date": "2016-06-09 10:09:19", "seriesname": "g1282_d42a8te", "file": "/media/jbrogan4/scratch2/Reddit_Prov_Dataset_v6/_Child_With_Raft_on_his_Head/g1282_d42a8te.png", "URL": "http://i.imgur.com/7ECTUIS.png", "fileid": "g1282_d42a8te.png"}, {"id": "g1282_d42cv8b", "comment": "[Mine's a bit of a Turkey..](http://i.imgur.com/IA0ff2X.jpg)", "date": "2016-06-09 11:10:11", "seriesname": "g1282_d42cv8b", "file": "/media/jbrogan4/scratch2/Reddit_Prov_Dataset_v6/_Child_With_Raft_on_his_Head/g1282_d42cv8b.jpg", "URL": "http://i.imgur.com/IA0ff2X.jpg", "fileid": "g1282_d42cv8b.jpg"}, {"id": "g1282_d42dljy", "comment": "[The Martians Have A New Member](http://i.imgur.com/jBQAlid.png)", "date": "2016-06-09 11:26:00", "seriesname": "g1282_d42dljy", "file": "/media/jbrogan4/scratch2/Reddit_Prov_Dataset_v6/_Child_With_Raft_on_his_Head/g1282_d42dljy.png", "URL": "http://i.imgur.com/jBQAlid.png", "fileid": "g1282_d42dljy.png"}, {"id": "g1282_d41zh9t", "comment": "http://i.imgur.com/O0bGCiJ.png", "date": "2016-06-09 02:06:24", "seriesname": "g1282_d41zh9t", "file": "/media/jbrogan4/scratch2/Reddit_Prov_Dataset_v6/_Child_With_Raft_on_his_Head/g1282_d41zh9t.png", "URL": "http://i.imgur.com/O0bGCiJ.png", "fileid": "g1282_d41zh9t.png"}, {"id": "g1282_d42icfr", "comment": "http://i.imgur.com/5ovfw9T.jpg\n", "date": "2016-06-09 13:07:49", "seriesname": "g1282_d42icfr", "file": "/media/jbrogan4/scratch2/Reddit_Prov_Dataset_v6/_Child_With_Raft_on_his_Head/g1282_d42icfr.jpg", "URL": "http://i.imgur.com/5ovfw9T.jpg", "fileid": "g1282_d42icfr.jpg"}, {"id": "g1282_d42aoyn", "comment": "meanwhile in Bikini Bottom:\n\nhttp://i.imgur.com/nrbvkZJ.jpg", "date": "2016-06-09 10:20:07", "seriesname": "g1282_d42aoyn", "file": "/media/jbrogan4/scratch2/Reddit_Prov_Dataset_v6/_Child_With_Raft_on_his_Head/g1282_d42aoyn.jpg", "URL": "http://i.imgur.com/nrbvkZJ.jpg", "fileid": "g1282_d42aoyn.jpg"}, {"id": "g1282_d421itj", "comment": "[in a theater near you this summer](http://i.imgur.com/IyR0wQs.jpg)", "date": "2016-06-09 03:49:37", "seriesname": "g1282_d421itj", "file": "/media/jbrogan4/scratch2/Reddit_Prov_Dataset_v6/_Child_With_Raft_on_his_Head/g1282_d421itj.jpg", "URL": "http://i.imgur.com/IyR0wQs.jpg", "fileid": "g1282_d421itj.jpg"}, {"id": "g1282_d42gg8t", "comment": "[Be careful what you wish for...](http://i.imgur.com/P5t2Sbq.jpg)", "date": "2016-06-09 12:27:31", "seriesname": "g1282_d42gg8t", "file": "/media/jbrogan4/scratch2/Reddit_Prov_Dataset_v6/_Child_With_Raft_on_his_Head/g1282_d42gg8t.jpg", "URL": "http://i.imgur.com/P5t2Sbq.jpg", "fileid": "g1282_d42gg8t.jpg"}, {"id": "g1282_d42hatd", "comment": "[GET THESE ALIENS OFF MA GERD DERM FERM!](http://i.imgur.com/7Fw8BqH.jpg)", "date": "2016-06-09 12:45:46", "seriesname": "g1282_d42hatd", "file": "/media/jbrogan4/scratch2/Reddit_Prov_Dataset_v6/_Child_With_Raft_on_his_Head/g1282_d42hatd.jpg", "URL": "http://i.imgur.com/7Fw8BqH.jpg", "fileid": "g1282_d42hatd.jpg"}, {"id": "g1282_d42oblq", "comment": "[YUMMY CHILDREN. MY RAFT NOW.](http://i.imgur.com/uQk0BH5.jpg)", "date": "2016-06-09 15:14:06", "seriesname": "g1282_d42oblq", "file": "/media/jbrogan4/scratch2/Reddit_Prov_Dataset_v6/_Child_With_Raft_on_his_Head/g1282_d42oblq.jpg", "URL": "http://i.imgur.com/uQk0BH5.jpg", "fileid": "g1282_d42oblq.jpg"}, {"id": "g1282_d42ifa5", "comment": "[Pixar - volcano](http://i.imgur.com/02XdHeO.png)", "date": "2016-06-09 13:09:31", "seriesname": "g1282_d42ifa5", "file": "/media/jbrogan4/scratch2/Reddit_Prov_Dataset_v6/_Child_With_Raft_on_his_Head/g1282_d42ifa5.png", "URL": "http://i.imgur.com/02XdHeO.png", "fileid": "g1282_d42ifa5.png"}, {"id": "g1282_d42ldss", "comment": "Pi!Pi!Pi! http://i.imgur.com/vVj1POY.jpg", "date": "2016-06-09 14:12:04", "seriesname": "g1282_d42ldss", "file": "/media/jbrogan4/scratch2/Reddit_Prov_Dataset_v6/_Child_With_Raft_on_his_Head/g1282_d42ldss.jpg", "URL": "http://i.imgur.com/vVj1POY.jpg", "fileid": "g1282_d42ldss.jpg"}, {"id": "g1282_d42kc2z", "comment": "Is that Hilary? Tell her I'm not here \n\nhttp://imgur.com/X8NzCdu", "date": "2016-06-09 13:49:46", "seriesname": "g1282_d42kc2z", "file": "/media/jbrogan4/scratch2/Reddit_Prov_Dataset_v6/_Child_With_Raft_on_his_Head/g1282_d42kc2z.png", "URL": "http://i.imgur.com/X8NzCdu.png", "fileid": "g1282_d42kc2z.png"}, {"id": "g1282_d42ksqd", "comment": "[Watch out for the maelstrom](http://i.imgur.com/gFYcp97.png?1)", "date": "2016-06-09 13:59:28", "seriesname": "g1282_d42ksqd", "file": "/media/jbrogan4/scratch2/Reddit_Prov_Dataset_v6/_Child_With_Raft_on_his_Head/g1282_d42ksqd.png", "URL": "http://i.imgur.com/gFYcp97.png?1", "fileid": "g1282_d42ksqd.png"}, {"id": "g1282_d420zix", "comment": "[Knights of Teal, attack!](http://i.imgur.com/xm4LiF6.jpg)", "date": "2016-06-09 03:20:00", "seriesname": "g1282_d420zix", "file": "/media/jbrogan4/scratch2/Reddit_Prov_Dataset_v6/_Child_With_Raft_on_his_Head/g1282_d420zix.jpg", "URL": "http://i.imgur.com/xm4LiF6.jpg", "fileid": "g1282_d420zix.jpg"}, {"id": "g1282_d421164", "comment": "I WANT TO BELIEVE \nhttp://imgur.com/2Twsejs", "date": "2016-06-09 03:22:24", "seriesname": "g1282_d421164", "file": "/media/jbrogan4/scratch2/Reddit_Prov_Dataset_v6/_Child_With_Raft_on_his_Head/g1282_d421164.png", "URL": "http://i.imgur.com/2Twsejs.png", "fileid": "g1282_d421164.png"}, {"id": "g1282_d42408g", "comment": "[Mexico](http://i.imgur.com/05zYhIG.jpg)", "date": "2016-06-09 06:21:04", "seriesname": "g1282_d42408g", "file": "/media/jbrogan4/scratch2/Reddit_Prov_Dataset_v6/_Child_With_Raft_on_his_Head/g1282_d42408g.jpg", "URL": "http://i.imgur.com/05zYhIG.jpg", "fileid": "g1282_d42408g.jpg"}, {"id": "g1282_d42c1og", "comment": "[Ultimate Frisbee](http://i.imgur.com/jntgQji.png)", "date": "2016-06-09 10:51:54", "seriesname": "g1282_d42c1og", "file": "/media/jbrogan4/scratch2/Reddit_Prov_Dataset_v6/_Child_With_Raft_on_his_Head/g1282_d42c1og.png", "URL": "http://i.imgur.com/jntgQji.png", "fileid": "g1282_d42c1og.png"}, {"id": "g1282_root", "comment": "", "date": "2016-06-09 00:46:47", "seriesname": "g1282_root", "file": "/media/jbrogan4/scratch2/Reddit_Prov_Dataset_v6/_Child_With_Raft_on_his_Head/g1282_root.jpg", "URL": "https://i.redd.it/4j2tnt4g272x.jpg", "fileid": "g1282_root.jpg"}, {"id": "g1282_d429i12", "comment": "[Now you're thinking with portals](http://i.imgur.com/ADnmnwn.jpg)", "date": "2016-06-09 09:50:33", "seriesname": "g1282_d429i12", "file": "/media/jbrogan4/scratch2/Reddit_Prov_Dataset_v6/_Child_With_Raft_on_his_Head/g1282_d429i12.jpg", "URL": "http://i.imgur.com/ADnmnwn.jpg", "fileid": "g1282_d429i12.jpg"}, {"id": "g1282_d42jg7n", "comment": "[Meeeeeep!] (http://imgur.com/oywgT2U) First time joining a PS-Battle..", "date": "2016-06-09 13:31:16", "seriesname": "g1282_d42jg7n", "file": "/media/jbrogan4/scratch2/Reddit_Prov_Dataset_v6/_Child_With_Raft_on_his_Head/g1282_d42jg7n.png", "URL": "http://i.imgur.com/oywgT2U.png", "fileid": "g1282_d42jg7n.png"}, {"id": "g1282_d4230jv", "comment": "https://i.imgur.com/N5Laz7A.png", "date": "2016-06-09 05:20:21", "seriesname": "g1282_d4230jv", "file": "/media/jbrogan4/scratch2/Reddit_Prov_Dataset_v6/_Child_With_Raft_on_his_Head/g1282_d4230jv.png", "URL": "https://i.imgur.com/N5Laz7A.png", "fileid": "g1282_d4230jv.png"}, {"id": "g1282_d42dzj8", "comment": "http://i.imgur.com/iV5bJDu.jpg", "date": "2016-06-09 11:34:28", "seriesname": "g1282_d42dzj8", "file": "/media/jbrogan4/scratch2/Reddit_Prov_Dataset_v6/_Child_With_Raft_on_his_Head/g1282_d42dzj8.jpg", "URL": "http://i.imgur.com/iV5bJDu.jpg", "fileid": "g1282_d42dzj8.jpg"}, {"id": "g1282_d427s1c", "comment": "Holy shit. If you can make this poster size, I will print this and update my post with a picture. \n\nEdit: Headed to printing place. Will update when I get there. \n\nEdit2: Printed the poster, was offered a job. No fucking joke. I'm surprised. Will update when I get home in an hour. \n\nEdit3: Here it is in all its glory. Thank you to everyone who could make this possible. \n\nI'd like to thank my ma, my pa, and even my sister. I couldn't do it without them. \n\nhttp://i.imgur.com/reQhW91.jpg", "date": "2016-06-09 09:02:10", "seriesname": "g1282_d427s1c", "file": "/media/jbrogan4/scratch2/Reddit_Prov_Dataset_v6/_Child_With_Raft_on_his_Head/g1282_d427s1c.jpg", "URL": "http://i.imgur.com/reQhW91.jpg", "fileid": "g1282_d427s1c.jpg"}, {"id": "g1282_d427xt0", "comment": "[over the line?](http://i.imgur.com/B4NHt3B.jpg)", "date": "2016-06-09 09:07:12", "seriesname": "g1282_d427xt0", "file": "/media/jbrogan4/scratch2/Reddit_Prov_Dataset_v6/_Child_With_Raft_on_his_Head/g1282_d427xt0.jpg", "URL": "http://i.imgur.com/B4NHt3B.jpg", "fileid": "g1282_d427xt0.jpg"}, {"id": "g1282_d424it5", "comment": "[stupid sensual seal](http://i.imgur.com/C0fon6t.jpg)", "date": "2016-06-09 06:49:09", "seriesname": "g1282_d424it5", "file": "/media/jbrogan4/scratch2/Reddit_Prov_Dataset_v6/_Child_With_Raft_on_his_Head/g1282_d424it5.jpg", "URL": "http://i.imgur.com/C0fon6t.jpg", "fileid": "g1282_d424it5.jpg"}, {"id": "g1282_d425dzc", "comment": "[UBO - Unidentified Bear Object](http://imgur.com/nvBEP85)", "date": "2016-06-09 07:31:36", "seriesname": "g1282_d425dzc", "file": "/media/jbrogan4/scratch2/Reddit_Prov_Dataset_v6/_Child_With_Raft_on_his_Head/g1282_d425dzc.png", "URL": "http://i.imgur.com/nvBEP85.png", "fileid": "g1282_d425dzc.png"}, {"id": "g1282_d43ouo2", "comment": "[You're Mocking me Aren't you?](http://i.imgur.com/hPcKCxW.jpg)", "date": "2016-06-10 10:57:15", "seriesname": "g1282_d43ouo2", "file": "/media/jbrogan4/scratch2/Reddit_Prov_Dataset_v6/_Child_With_Raft_on_his_Head/g1282_d43ouo2.jpg", "URL": "http://i.imgur.com/hPcKCxW.jpg", "fileid": "g1282_d43ouo2.jpg"}, {"id": "g1282_d42906i", "comment": "[Tremors.](http://i.imgur.com/uUcshBC.jpg)", "date": "2016-06-09 09:37:27", "seriesname": "g1282_d42906i", "file": "/media/jbrogan4/scratch2/Reddit_Prov_Dataset_v6/_Child_With_Raft_on_his_Head/g1282_d42906i.jpg", "URL": "http://i.imgur.com/uUcshBC.jpg", "fileid": "g1282_d42906i.jpg"}, {"id": "g1282_d42ttn0", "comment": "[You were offered a job?!](http://imgur.com/2Twsejs)", "date": "2016-06-09 17:14:02", "seriesname": "g1282_d42ttn0", "file": "/media/jbrogan4/scratch2/Reddit_Prov_Dataset_v6/_Child_With_Raft_on_his_Head/g1282_d42ttn0.png", "URL": "http://i.imgur.com/2Twsejs.png", "fileid": "g1282_d42ttn0.png"}, {"id": "g1282_d424huh", "comment": "Help...\nhttp://imgur.com/XFCMOHJ", "date": "2016-06-09 06:47:48", "seriesname": "g1282_d424huh", "file": "/media/jbrogan4/scratch2/Reddit_Prov_Dataset_v6/_Child_With_Raft_on_his_Head/g1282_d424huh.png", "URL": "http://i.imgur.com/XFCMOHJ.png", "fileid": "g1282_d424huh.png"}, {"id": "g1282_d42fbjt", "comment": "[...or made it better?](http://i.imgur.com/TAFytAG.jpg)", "date": "2016-06-09 12:03:06", "seriesname": "g1282_d42fbjt", "file": "/media/jbrogan4/scratch2/Reddit_Prov_Dataset_v6/_Child_With_Raft_on_his_Head/g1282_d42fbjt.jpg", "URL": "http://i.imgur.com/TAFytAG.jpg", "fileid": "g1282_d42fbjt.jpg"}, {"id": "g1282_d42bofn", "comment": "https://i.redd.it/4j2tnt4g272x.jpg", "date": "2016-06-09 10:43:28", "seriesname": "g1282_d42bofn", "file": "/media/jbrogan4/scratch2/Reddit_Prov_Dataset_v6/_Child_With_Raft_on_his_Head/g1282_d42bofn.jpg", "URL": "https://i.redd.it/4j2tnt4g272x.jpg", "fileid": "g1282_d42bofn.jpg"}, {"id": "g1282_d421zum", "comment": "[Miles!](http://i.imgur.com/J3sbK36.png)", "date": "2016-06-09 04:16:47", "seriesname": "g1282_d421zum", "file": "/media/jbrogan4/scratch2/Reddit_Prov_Dataset_v6/_Child_With_Raft_on_his_Head/g1282_d421zum.png", "URL": "http://i.imgur.com/J3sbK36.png", "fileid": "g1282_d421zum.png"}, {"id": "g1282_d423j4q", "comment": "[Please mama Stop](http://imgur.com/zTbG8PJ)", "date": "2016-06-09 05:52:33", "seriesname": "g1282_d423j4q", "file": "/media/jbrogan4/scratch2/Reddit_Prov_Dataset_v6/_Child_With_Raft_on_his_Head/g1282_d423j4q.png", "URL": "http://i.imgur.com/zTbG8PJ.png", "fileid": "g1282_d423j4q.png"}], "graph": {"name": "g1282_root"}, "directed": true}