{"links": [{"op": "none", "target": 0, "source": "root"}, {"op": "none", "target": 1, "source": "root"}, {"op": "none", "target": 2, "source": "root"}, {"op": "none", "target": 3, "source": 38}, {"op": "none", "target": 4, "source": 36}, {"op": "none", "target": 5, "source": "root"}, {"op": "none", "target": 6, "source": "root"}, {"op": "none", "target": 7, "source": "root"}, {"op": "none", "target": 8, "source": "root"}, {"op": "none", "target": 9, "source": "root"}, {"op": "none", "target": 10, "source": "root"}, {"op": "none", "target": 11, "source": "root"}, {"op": "none", "target": 12, "source": 36}, {"op": "none", "target": 13, "source": "root"}, {"op": "none", "target": 14, "source": "root"}, {"op": "none", "target": 15, "source": 8}, {"op": "none", "target": 16, "source": "root"}, {"op": "none", "target": 17, "source": "root"}, {"op": "none", "target": 18, "source": "root"}, {"op": "none", "target": 19, "source": 40}, {"op": "none", "target": 20, "source": 14}, {"op": "none", "target": 21, "source": "root"}, {"op": "none", "target": 22, "source": "root"}, {"op": "none", "target": 23, "source": "root"}, {"op": "none", "target": 24, "source": "root"}, {"op": "none", "target": 25, "source": "root"}, {"op": "none", "target": 26, "source": "root"}, {"op": "none", "target": 27, "source": "root"}, {"op": "none", "target": 28, "source": "root"}, {"op": "none", "target": 29, "source": "root"}, {"op": "none", "target": 30, "source": "root"}, {"op": "none", "target": 31, "source": "root"}, {"op": "none", "target": 32, "source": "root"}, {"op": "none", "target": 33, "source": "root"}, {"op": "none", "target": 34, "source": "root"}, {"op": "none", "target": 35, "source": 42}, {"op": "none", "target": 36, "source": "root"}, {"op": "none", "target": 37, "source": "root"}, {"op": "none", "target": 38, "source": "root"}, {"op": "none", "target": 39, "source": "root"}, {"op": "none", "target": 40, "source": 48}, {"op": "none", "target": 41, "source": "root"}, {"op": "none", "target": 42, "source": "root"}, {"op": "none", "target": 43, "source": "root"}, {"op": "none", "target": 44, "source": 2}, {"op": "none", "target": 45, "source": "root"}, {"op": "none", "target": 46, "source": "root"}, {"op": "none", "target": 47, "source": "root"}, {"op": "none", "target": 48, "source": 36}, {"op": "none", "target": 49, "source": "root"}], "title": "_Nessie_the_Loch_Ness_Ladle_(x--posted)", "nodes": [{"id": "g1287_cnwlkd7", "comment": "[The oh-so original Jurassic park edit.](http://i.imgur.com/CKQwwHe.jpg)", "date": "2015-01-21 18:16:27", "seriesname": "g1287_cnwlkd7", "file": "/media/jbrogan4/scratch2/Reddit_Prov_Dataset_v6/_Nessie_the_Loch_Ness_Ladle_(x--posted)/g1287_cnwlkd7.jpg", "URL": "http://i.imgur.com/CKQwwHe.jpg", "fileid": "g1287_cnwlkd7.jpg"}, {"id": "g1287_cnwih45", "comment": "[I don't even know why, it's not that funny...](http://i.imgur.com/6JLe02y.png)  \nFirst time in a PsBattle, so tips are very welcome!  \n[Original pic](https://www.flickr.com/photos/martijnnijenhuis/5062323364/in/set-72157624994981997)", "date": "2015-01-21 16:53:53", "seriesname": "g1287_cnwih45", "file": "/media/jbrogan4/scratch2/Reddit_Prov_Dataset_v6/_Nessie_the_Loch_Ness_Ladle_(x--posted)/g1287_cnwih45.png", "URL": "http://i.imgur.com/6JLe02y.png", "fileid": "g1287_cnwih45.png"}, {"id": "g1287_cnw67h4", "comment": "[Life of Nessie](http://i.imgur.com/AorTjVQ.jpg?1)", "date": "2015-01-21 11:42:20", "seriesname": "g1287_cnw67h4", "file": "/media/jbrogan4/scratch2/Reddit_Prov_Dataset_v6/_Nessie_the_Loch_Ness_Ladle_(x--posted)/g1287_cnw67h4.jpg", "URL": "http://i.imgur.com/AorTjVQ.jpg?1", "fileid": "g1287_cnw67h4.jpg"}, {"id": "g1287_cnw7f4c", "comment": "I tried another landscape of Lake Lochness \n[Imgur](http://i.imgur.com/WLxRHNZ.jpg)", "date": "2015-01-21 12:14:17", "seriesname": "g1287_cnw7f4c", "file": "/media/jbrogan4/scratch2/Reddit_Prov_Dataset_v6/_Nessie_the_Loch_Ness_Ladle_(x--posted)/g1287_cnw7f4c.jpg", "URL": "http://i.imgur.com/WLxRHNZ.jpg", "fileid": "g1287_cnw7f4c.jpg"}, {"id": "g1287_cnwgwdf", "comment": "[Your wish is my command](http://i.imgur.com/tyCXfeR.jpg)", "date": "2015-01-21 16:14:32", "seriesname": "g1287_cnwgwdf", "file": "/media/jbrogan4/scratch2/Reddit_Prov_Dataset_v6/_Nessie_the_Loch_Ness_Ladle_(x--posted)/g1287_cnwgwdf.jpg", "URL": "http://i.imgur.com/tyCXfeR.jpg", "fileid": "g1287_cnwgwdf.jpg"}, {"id": "g1287_cnwd1q7", "comment": "[Can't just suppress 65 million years of gut instinct.](http://i.imgur.com/q0T3d9Z.jpg)", "date": "2015-01-21 14:38:16", "seriesname": "g1287_cnwd1q7", "file": "/media/jbrogan4/scratch2/Reddit_Prov_Dataset_v6/_Nessie_the_Loch_Ness_Ladle_(x--posted)/g1287_cnwd1q7.jpg", "URL": "http://i.imgur.com/q0T3d9Z.jpg", "fileid": "g1287_cnwd1q7.jpg"}, {"id": "g1287_cnwfpkc", "comment": "[Wait a minute. Wait a minute, Noah. Ah... Are you telling me that you built your ark... out of a dinosaur soup ladle?  \nThe way I see it, if you're gonna build a dinosaur soup ladle into an ark, why not do it with some *style?*](http://i.imgur.com/3IxUuNc.jpg)", "date": "2015-01-21 15:44:52", "seriesname": "g1287_cnwfpkc", "file": "/media/jbrogan4/scratch2/Reddit_Prov_Dataset_v6/_Nessie_the_Loch_Ness_Ladle_(x--posted)/g1287_cnwfpkc.jpg", "URL": "http://i.imgur.com/3IxUuNc.jpg", "fileid": "g1287_cnwfpkc.jpg"}, {"id": "g1287_cnw665j", "comment": "[PBS started to think something was wrong with Mr. Ross once he started to bring dinosaur ladles instead of brushes to the show.](http://i.imgur.com/EzgTTWK.png)", "date": "2015-01-21 11:41:22", "seriesname": "g1287_cnw665j", "file": "/media/jbrogan4/scratch2/Reddit_Prov_Dataset_v6/_Nessie_the_Loch_Ness_Ladle_(x--posted)/g1287_cnw665j.png", "URL": "http://i.imgur.com/EzgTTWK.png", "fileid": "g1287_cnw665j.png"}, {"id": "g1287_cnw7gog", "comment": "[No soup for you!](http://i.imgur.com/Qbd6iFk.jpg)", "date": "2015-01-21 12:15:23", "seriesname": "g1287_cnw7gog", "file": "/media/jbrogan4/scratch2/Reddit_Prov_Dataset_v6/_Nessie_the_Loch_Ness_Ladle_(x--posted)/g1287_cnw7gog.jpg", "URL": "http://i.imgur.com/Qbd6iFk.jpg", "fileid": "g1287_cnw7gog.jpg"}, {"id": "g1287_cnw8q18", "comment": "[http://i.imgur.com/n3FdaDh.png](http://i.imgur.com/n3FdaDh.png)", "date": "2015-01-21 12:48:03", "seriesname": "g1287_cnw8q18", "file": "/media/jbrogan4/scratch2/Reddit_Prov_Dataset_v6/_Nessie_the_Loch_Ness_Ladle_(x--posted)/g1287_cnw8q18.png", "URL": "http://i.imgur.com/n3FdaDh.png](http://i.imgur.com/n3FdaDh.png", "fileid": "g1287_cnw8q18.png"}, {"id": "g1287_cnwf5eu", "comment": "Any Earthbound fans here?\n\nhttp://imgur.com/T5O7wHW", "date": "2015-01-21 15:31:13", "seriesname": "g1287_cnwf5eu", "file": "/media/jbrogan4/scratch2/Reddit_Prov_Dataset_v6/_Nessie_the_Loch_Ness_Ladle_(x--posted)/g1287_cnwf5eu.png", "URL": "http://i.imgur.com/T5O7wHW.png", "fileid": "g1287_cnwf5eu.png"}, {"id": "g1287_cnwcusm", "comment": "I need about [tree fiddy](http://imgur.com/j950Yrz)", "date": "2015-01-21 14:33:17", "seriesname": "g1287_cnwcusm", "file": "/media/jbrogan4/scratch2/Reddit_Prov_Dataset_v6/_Nessie_the_Loch_Ness_Ladle_(x--posted)/g1287_cnwcusm.png", "URL": "http://i.imgur.com/j950Yrz.png", "fileid": "g1287_cnwcusm.png"}, {"id": "g1287_cnx194v", "comment": "[Ask and you shall receive.](http://imgur.com/E0PycKv)", "date": "2015-01-22 03:31:35", "seriesname": "g1287_cnx194v", "file": "/media/jbrogan4/scratch2/Reddit_Prov_Dataset_v6/_Nessie_the_Loch_Ness_Ladle_(x--posted)/g1287_cnx194v.png", "URL": "http://i.imgur.com/E0PycKv.png", "fileid": "g1287_cnx194v.png"}, {"id": "g1287_cnw76j7", "comment": "[If we don't move, she can't see us](http://i.imgur.com/D9ZdFhv.jpg)", "date": "2015-01-21 12:08:01", "seriesname": "g1287_cnw76j7", "file": "/media/jbrogan4/scratch2/Reddit_Prov_Dataset_v6/_Nessie_the_Loch_Ness_Ladle_(x--posted)/g1287_cnw76j7.jpg", "URL": "http://i.imgur.com/D9ZdFhv.jpg", "fileid": "g1287_cnw76j7.jpg"}, {"id": "g1287_cnw2aes", "comment": "[Jurassic Soup](http://i.imgur.com/Sh0zd82.jpg)", "date": "2015-01-21 09:47:19", "seriesname": "g1287_cnw2aes", "file": "/media/jbrogan4/scratch2/Reddit_Prov_Dataset_v6/_Nessie_the_Loch_Ness_Ladle_(x--posted)/g1287_cnw2aes.jpg", "URL": "http://i.imgur.com/Sh0zd82.jpg", "fileid": "g1287_cnw2aes.jpg"}, {"id": "g1287_cnwdvei", "comment": "Wow, this is my first time viewing this post and it [cached a different thumbnail](http://i.imgur.com/hjSSCes.jpg). Did you change your shop?", "date": "2015-01-21 14:59:22", "seriesname": "g1287_cnwdvei", "file": "/media/jbrogan4/scratch2/Reddit_Prov_Dataset_v6/_Nessie_the_Loch_Ness_Ladle_(x--posted)/g1287_cnwdvei.jpg", "URL": "http://i.imgur.com/hjSSCes.jpg).", "fileid": "g1287_cnwdvei."}, {"id": "g1287_cnwjkxd", "comment": "[Lust Objectified](http://i.imgur.com/7VxIXYX.jpg)\n\nA bit **NSFW**", "date": "2015-01-21 17:22:41", "seriesname": "g1287_cnwjkxd", "file": "/media/jbrogan4/scratch2/Reddit_Prov_Dataset_v6/_Nessie_the_Loch_Ness_Ladle_(x--posted)/g1287_cnwjkxd.jpg", "URL": "http://i.imgur.com/7VxIXYX.jpg", "fileid": "g1287_cnwjkxd.jpg"}, {"id": "g1287_cnwk0nj", "comment": "[The boy and his Dragon Boat](http://imgur.com/1JtP2xb)", "date": "2015-01-21 17:34:22", "seriesname": "g1287_cnwk0nj", "file": "/media/jbrogan4/scratch2/Reddit_Prov_Dataset_v6/_Nessie_the_Loch_Ness_Ladle_(x--posted)/g1287_cnwk0nj.png", "URL": "http://i.imgur.com/1JtP2xb.png", "fileid": "g1287_cnwk0nj.png"}, {"id": "g1287_cnwjrnm", "comment": "[Slenderness](http://i.imgur.com/aQT58T4.jpg)", "date": "2015-01-21 17:27:39", "seriesname": "g1287_cnwjrnm", "file": "/media/jbrogan4/scratch2/Reddit_Prov_Dataset_v6/_Nessie_the_Loch_Ness_Ladle_(x--posted)/g1287_cnwjrnm.jpg", "URL": "http://i.imgur.com/aQT58T4.jpg", "fileid": "g1287_cnwjrnm.jpg"}, {"id": "g1287_cnw9uyk", "comment": "[^^^^Go ^^^^fuck ^^^^yourself](http://i.imgur.com/33fmOSc.png)", "date": "2015-01-21 13:17:00", "seriesname": "g1287_cnw9uyk", "file": "/media/jbrogan4/scratch2/Reddit_Prov_Dataset_v6/_Nessie_the_Loch_Ness_Ladle_(x--posted)/g1287_cnw9uyk.png", "URL": "http://i.imgur.com/33fmOSc.png", "fileid": "g1287_cnw9uyk.png"}, {"id": "g1287_cnw4uxe", "comment": "[Added jpeg](http://i.imgur.com/D7jktfm.jpg)", "date": "2015-01-21 11:06:23", "seriesname": "g1287_cnw4uxe", "file": "/media/jbrogan4/scratch2/Reddit_Prov_Dataset_v6/_Nessie_the_Loch_Ness_Ladle_(x--posted)/g1287_cnw4uxe.jpg", "URL": "http://i.imgur.com/D7jktfm.jpg", "fileid": "g1287_cnw4uxe.jpg"}, {"id": "g1287_cnx2tmw", "comment": "[They do move in herds](http://i.imgur.com/3KYse1R.jpg?1)", "date": "2015-01-22 05:41:14", "seriesname": "g1287_cnx2tmw", "file": "/media/jbrogan4/scratch2/Reddit_Prov_Dataset_v6/_Nessie_the_Loch_Ness_Ladle_(x--posted)/g1287_cnx2tmw.jpg", "URL": "http://i.imgur.com/3KYse1R.jpg?1", "fileid": "g1287_cnx2tmw.jpg"}, {"id": "g1287_cnw8lek", "comment": "[meta](http://i.imgur.com/t5bmzbo.jpg)\n\n[original post](http://www.reddit.com/r/photoshopbattles/comments/2t6edi/psbattle_mountain_gorilla_right_before_he_punched/cnw8ii3)", "date": "2015-01-21 12:44:47", "seriesname": "g1287_cnw8lek", "file": "/media/jbrogan4/scratch2/Reddit_Prov_Dataset_v6/_Nessie_the_Loch_Ness_Ladle_(x--posted)/g1287_cnw8lek.jpg", "URL": "http://i.imgur.com/t5bmzbo.jpg", "fileid": "g1287_cnw8lek.jpg"}, {"id": "g1287_cnw5lfq", "comment": "[can I get about ...](http://i.imgur.com/dpb84i9.jpg)", "date": "2015-01-21 11:26:18", "seriesname": "g1287_cnw5lfq", "file": "/media/jbrogan4/scratch2/Reddit_Prov_Dataset_v6/_Nessie_the_Loch_Ness_Ladle_(x--posted)/g1287_cnw5lfq.jpg", "URL": "http://i.imgur.com/dpb84i9.jpg", "fileid": "g1287_cnw5lfq.jpg"}, {"id": "g1287_cnw7je3", "comment": "[omnomnom](https://i.imgur.com/OmitaRO.png)", "date": "2015-01-21 12:17:20", "seriesname": "g1287_cnw7je3", "file": "/media/jbrogan4/scratch2/Reddit_Prov_Dataset_v6/_Nessie_the_Loch_Ness_Ladle_(x--posted)/g1287_cnw7je3.png", "URL": "https://i.imgur.com/OmitaRO.png", "fileid": "g1287_cnw7je3.png"}, {"id": "g1287_cnw2vq5", "comment": "[The Mind of a Chef](http://i.imgur.com/pISB0uO.jpg)", "date": "2015-01-21 10:07:22", "seriesname": "g1287_cnw2vq5", "file": "/media/jbrogan4/scratch2/Reddit_Prov_Dataset_v6/_Nessie_the_Loch_Ness_Ladle_(x--posted)/g1287_cnw2vq5.jpg", "URL": "http://i.imgur.com/pISB0uO.jpg", "fileid": "g1287_cnw2vq5.jpg"}, {"id": "g1287_cnwx5q7", "comment": "[\"Guys, my neck is longer than Littlefoot's. Can I be the long neck of the group? Guys? Are you listening? Guys? Hello?\" - Loch Ness from The Land Before Time](http://imgur.com/h6UPTaw)", "date": "2015-01-22 00:07:19", "seriesname": "g1287_cnwx5q7", "file": "/media/jbrogan4/scratch2/Reddit_Prov_Dataset_v6/_Nessie_the_Loch_Ness_Ladle_(x--posted)/g1287_cnwx5q7.png", "URL": "http://i.imgur.com/h6UPTaw.png", "fileid": "g1287_cnwx5q7.png"}, {"id": "g1287_cnx3acq", "comment": "[Is it safe?](http://i.imgur.com/48f1aGp.jpg)", "date": "2015-01-22 06:20:58", "seriesname": "g1287_cnx3acq", "file": "/media/jbrogan4/scratch2/Reddit_Prov_Dataset_v6/_Nessie_the_Loch_Ness_Ladle_(x--posted)/g1287_cnx3acq.jpg", "URL": "http://i.imgur.com/48f1aGp.jpg", "fileid": "g1287_cnx3acq.jpg"}, {"id": "g1287_cnw7n7m", "comment": "[The Land Before Ladle](http://i.imgur.com/O6m2R3J.jpg)", "date": "2015-01-21 12:20:09", "seriesname": "g1287_cnw7n7m", "file": "/media/jbrogan4/scratch2/Reddit_Prov_Dataset_v6/_Nessie_the_Loch_Ness_Ladle_(x--posted)/g1287_cnw7n7m.jpg", "URL": "http://i.imgur.com/O6m2R3J.jpg", "fileid": "g1287_cnw7n7m.jpg"}, {"id": "g1287_cnw8pmr", "comment": "[And that's when I realized](http://imgur.com/PuceoBD)", "date": "2015-01-21 12:47:46", "seriesname": "g1287_cnw8pmr", "file": "/media/jbrogan4/scratch2/Reddit_Prov_Dataset_v6/_Nessie_the_Loch_Ness_Ladle_(x--posted)/g1287_cnw8pmr.png", "URL": "http://i.imgur.com/PuceoBD.png", "fileid": "g1287_cnw8pmr.png"}, {"id": "g1287_cnw9boc", "comment": "[Introducing the new novelty gift for your favourite animal friends!](http://i.imgur.com/g9BNw4q.jpg)", "date": "2015-01-21 13:03:22", "seriesname": "g1287_cnw9boc", "file": "/media/jbrogan4/scratch2/Reddit_Prov_Dataset_v6/_Nessie_the_Loch_Ness_Ladle_(x--posted)/g1287_cnw9boc.jpg", "URL": "http://i.imgur.com/g9BNw4q.jpg", "fileid": "g1287_cnw9boc.jpg"}, {"id": "g1287_cnw5cjx", "comment": "[Schea monster schoup](http://i.imgur.com/JQt03MT.jpg)", "date": "2015-01-21 11:19:43", "seriesname": "g1287_cnw5cjx", "file": "/media/jbrogan4/scratch2/Reddit_Prov_Dataset_v6/_Nessie_the_Loch_Ness_Ladle_(x--posted)/g1287_cnw5cjx.jpg", "URL": "http://i.imgur.com/JQt03MT.jpg", "fileid": "g1287_cnw5cjx.jpg"}, {"id": "g1287_cnwen3l", "comment": "[The Empire has been on a tight budget since the 2nd Death Star](http://imgur.com/zxG1BEu)", "date": "2015-01-21 15:18:36", "seriesname": "g1287_cnwen3l", "file": "/media/jbrogan4/scratch2/Reddit_Prov_Dataset_v6/_Nessie_the_Loch_Ness_Ladle_(x--posted)/g1287_cnwen3l.png", "URL": "http://i.imgur.com/zxG1BEu.png", "fileid": "g1287_cnwen3l.png"}, {"id": "g1287_cnw9hzb", "comment": "[maybe lil kim will eat his goop now](http://i.imgur.com/mVBzq0e.jpg)", "date": "2015-01-21 13:07:53", "seriesname": "g1287_cnw9hzb", "file": "/media/jbrogan4/scratch2/Reddit_Prov_Dataset_v6/_Nessie_the_Loch_Ness_Ladle_(x--posted)/g1287_cnw9hzb.jpg", "URL": "http://i.imgur.com/mVBzq0e.jpg", "fileid": "g1287_cnw9hzb.jpg"}, {"id": "g1287_cnxji35", "comment": "[Nessiesaurus](https://imgur.com/RpYEwKl)", "date": "2015-01-22 15:33:42", "seriesname": "g1287_cnxji35", "file": "/media/jbrogan4/scratch2/Reddit_Prov_Dataset_v6/_Nessie_the_Loch_Ness_Ladle_(x--posted)/g1287_cnxji35.png", "URL": "http://i.imgur.com/RpYEwKl.png", "fileid": "g1287_cnxji35.png"}, {"id": "g1287_cnwmzlk", "comment": "Gave it a go. First time, so... yeah.\n  \nhttp://i.imgur.com/zEWR5A2.png", "date": "2015-01-21 18:57:03", "seriesname": "g1287_cnwmzlk", "file": "/media/jbrogan4/scratch2/Reddit_Prov_Dataset_v6/_Nessie_the_Loch_Ness_Ladle_(x--posted)/g1287_cnwmzlk.png", "URL": "http://i.imgur.com/zEWR5A2.png", "fileid": "g1287_cnwmzlk.png"}, {"id": "g1287_cnw60y0", "comment": "[I spent way too much time on this](http://i.imgur.com/ZJs1his.png)\n\nEdit: Because you asked for it, the bike is now entirely ladled.\n\nEdit2: [Final product](http://i.imgur.com/33fmOSc.png), thanks to you nitpickers.\n\nEdit3: [Shitty wallpaper version 1920x1080](http://i.imgur.com/tyCXfeR.jpg), [uncompressed Mediafire mirror](http://www.mediafire.com/view/dicb1rodbwcj7gt/bikewallpaper.png) for /u/xsnowfoxx", "date": "2015-01-21 11:37:38", "seriesname": "g1287_cnw60y0", "file": "/media/jbrogan4/scratch2/Reddit_Prov_Dataset_v6/_Nessie_the_Loch_Ness_Ladle_(x--posted)/g1287_cnw60y0.png", "URL": "http://www.mediafire.com/view/dicb1rodbwcj7gt/bikewallpaper.png", "fileid": "g1287_cnw60y0.png"}, {"id": "g1287_cnwl6vp", "comment": "[Copy that](http://i.imgur.com/4dmcH3r.png?1)", "date": "2015-01-21 18:06:11", "seriesname": "g1287_cnwl6vp", "file": "/media/jbrogan4/scratch2/Reddit_Prov_Dataset_v6/_Nessie_the_Loch_Ness_Ladle_(x--posted)/g1287_cnwl6vp.png", "URL": "http://i.imgur.com/4dmcH3r.png?1", "fileid": "g1287_cnwl6vp.png"}, {"id": "g1287_cnw1ql5", "comment": "[loch ness](http://i.imgur.com/jujRUpl.jpg)\n\n[original comment](http://www.reddit.com/r/funny/comments/2t5uuq/youll_never_feel_lonely_in_the_kitchen_again_when/cnvzpej)", "date": "2015-01-21 09:27:28", "seriesname": "g1287_cnw1ql5", "file": "/media/jbrogan4/scratch2/Reddit_Prov_Dataset_v6/_Nessie_the_Loch_Ness_Ladle_(x--posted)/g1287_cnw1ql5.jpg", "URL": "http://i.imgur.com/jujRUpl.jpg", "fileid": "g1287_cnw1ql5.jpg"}, {"id": "g1287_cnwgrcq", "comment": "[Magritte is boss](http://i.imgur.com/C5iNT4s.jpg)", "date": "2015-01-21 16:11:01", "seriesname": "g1287_cnwgrcq", "file": "/media/jbrogan4/scratch2/Reddit_Prov_Dataset_v6/_Nessie_the_Loch_Ness_Ladle_(x--posted)/g1287_cnwgrcq.jpg", "URL": "http://i.imgur.com/C5iNT4s.jpg", "fileid": "g1287_cnwgrcq.jpg"}, {"id": "g1287_cnw9g00", "comment": "[*sigh...*](http://i.imgur.com/sCM34Ef.png)", "date": "2015-01-21 13:06:28", "seriesname": "g1287_cnw9g00", "file": "/media/jbrogan4/scratch2/Reddit_Prov_Dataset_v6/_Nessie_the_Loch_Ness_Ladle_(x--posted)/g1287_cnw9g00.png", "URL": "http://i.imgur.com/sCM34Ef.png", "fileid": "g1287_cnw9g00.png"}, {"id": "g1287_cnw6o1m", "comment": "[AAAAAAAH](http://i.imgur.com/W6z1u6z.png)", "date": "2015-01-21 11:54:24", "seriesname": "g1287_cnw6o1m", "file": "/media/jbrogan4/scratch2/Reddit_Prov_Dataset_v6/_Nessie_the_Loch_Ness_Ladle_(x--posted)/g1287_cnw6o1m.png", "URL": "http://i.imgur.com/W6z1u6z.png", "fileid": "g1287_cnw6o1m.png"}, {"id": "g1287_cnwbnyg", "comment": "[\"Lapras I choose you\"](http://i.imgur.com/VhjB0kQ.jpg)", "date": "2015-01-21 14:02:34", "seriesname": "g1287_cnwbnyg", "file": "/media/jbrogan4/scratch2/Reddit_Prov_Dataset_v6/_Nessie_the_Loch_Ness_Ladle_(x--posted)/g1287_cnwbnyg.jpg", "URL": "http://i.imgur.com/VhjB0kQ.jpg", "fileid": "g1287_cnwbnyg.jpg"}, {"id": "g1287_cnw88lj", "comment": "[flintstones](http://i.imgur.com/HVNdHRz.jpg)", "date": "2015-01-21 12:35:31", "seriesname": "g1287_cnw88lj", "file": "/media/jbrogan4/scratch2/Reddit_Prov_Dataset_v6/_Nessie_the_Loch_Ness_Ladle_(x--posted)/g1287_cnw88lj.jpg", "URL": "http://i.imgur.com/HVNdHRz.jpg", "fileid": "g1287_cnw88lj.jpg"}, {"id": "g1287_cnwassz", "comment": "[Life of Nessie](http://i.imgur.com/3dTo9O6.jpg)", "date": "2015-01-21 13:40:42", "seriesname": "g1287_cnwassz", "file": "/media/jbrogan4/scratch2/Reddit_Prov_Dataset_v6/_Nessie_the_Loch_Ness_Ladle_(x--posted)/g1287_cnwassz.jpg", "URL": "http://i.imgur.com/3dTo9O6.jpg", "fileid": "g1287_cnwassz.jpg"}, {"id": "g1287_cnw461l", "comment": "[He's never faced an opponent like this before.](http://i.imgur.com/oUe0aTh.png)", "date": "2015-01-21 10:46:23", "seriesname": "g1287_cnw461l", "file": "/media/jbrogan4/scratch2/Reddit_Prov_Dataset_v6/_Nessie_the_Loch_Ness_Ladle_(x--posted)/g1287_cnw461l.png", "URL": "http://i.imgur.com/oUe0aTh.png", "fileid": "g1287_cnw461l.png"}, {"id": "g1287_cnwetr1", "comment": "Something quick. [All My Friends Are Soup.](http://i.imgur.com/X27J61e.jpg)\n\nEdit: Updated, slightly better quality.", "date": "2015-01-21 15:23:11", "seriesname": "g1287_cnwetr1", "file": "/media/jbrogan4/scratch2/Reddit_Prov_Dataset_v6/_Nessie_the_Loch_Ness_Ladle_(x--posted)/g1287_cnwetr1.jpg", "URL": "http://i.imgur.com/X27J61e.jpg", "fileid": "g1287_cnwetr1.jpg"}, {"id": "g1287_cnw8dpc", "comment": "**NSFW**[Help me]( http://imgur.com/Fj4fpw5 )", "date": "2015-01-21 12:39:15", "seriesname": "g1287_cnw8dpc", "file": "/media/jbrogan4/scratch2/Reddit_Prov_Dataset_v6/_Nessie_the_Loch_Ness_Ladle_(x--posted)/g1287_cnw8dpc.png", "URL": "http://i.imgur.com/Fj4fpw5.png", "fileid": "g1287_cnw8dpc.png"}, {"id": "g1287_cnw8ytm", "comment": "[Your mom's hills aren't ladles.](http://i.imgur.com/bechRQy.png)", "date": "2015-01-21 12:54:17", "seriesname": "g1287_cnw8ytm", "file": "/media/jbrogan4/scratch2/Reddit_Prov_Dataset_v6/_Nessie_the_Loch_Ness_Ladle_(x--posted)/g1287_cnw8ytm.png", "URL": "http://i.imgur.com/bechRQy.png", "fileid": "g1287_cnw8ytm.png"}, {"id": "g1287_cnw5hol", "comment": "[seems legit](http://i.imgur.com/kUYtlB6.jpg)", "date": "2015-01-21 11:23:30", "seriesname": "g1287_cnw5hol", "file": "/media/jbrogan4/scratch2/Reddit_Prov_Dataset_v6/_Nessie_the_Loch_Ness_Ladle_(x--posted)/g1287_cnw5hol.jpg", "URL": "http://i.imgur.com/kUYtlB6.jpg", "fileid": "g1287_cnw5hol.jpg"}], "graph": {"name": "g1287_root"}, "directed": true}