{"links": [{"op": "none", "target": 0, "source": 3}, {"op": "none", "target": 1, "source": 52}, {"op": "none", "target": 2, "source": 52}, {"op": "none", "target": 3, "source": 5}, {"op": "none", "target": 4, "source": 0}, {"op": "none", "target": 5, "source": 52}, {"op": "none", "target": 6, "source": 52}, {"op": "none", "target": 7, "source": 52}, {"op": "none", "target": 8, "source": 52}, {"op": "none", "target": 9, "source": 52}, {"op": "none", "target": 10, "source": 20}, {"op": "none", "target": 11, "source": 52}, {"op": "none", "target": 12, "source": 52}, {"op": "none", "target": 13, "source": 52}, {"op": "none", "target": 14, "source": 52}, {"op": "none", "target": 15, "source": 52}, {"op": "none", "target": 16, "source": 51}, {"op": "none", "target": 17, "source": 9}, {"op": "none", "target": 18, "source": 47}, {"op": "none", "target": 19, "source": 52}, {"op": "none", "target": 20, "source": 52}, {"op": "none", "target": 21, "source": 52}, {"op": "none", "target": 22, "source": 52}, {"op": "none", "target": 23, "source": 52}, {"op": "none", "target": 24, "source": 52}, {"op": "none", "target": 25, "source": 52}, {"op": "none", "target": 26, "source": 9}, {"op": "none", "target": 27, "source": 53}, {"op": "none", "target": 28, "source": 52}, {"op": "none", "target": 29, "source": 52}, {"op": "none", "target": 30, "source": 0}, {"op": "none", "target": 31, "source": 52}, {"op": "none", "target": 32, "source": 52}, {"op": "none", "target": 33, "source": 52}, {"op": "none", "target": 34, "source": 52}, {"op": "none", "target": 35, "source": 52}, {"op": "none", "target": 36, "source": 52}, {"op": "none", "target": 37, "source": 52}, {"op": "none", "target": 38, "source": 52}, {"op": "none", "target": 39, "source": 52}, {"op": "none", "target": 40, "source": 52}, {"op": "none", "target": 41, "source": 52}, {"op": "none", "target": 42, "source": 52}, {"op": "none", "target": 43, "source": 10}, {"op": "none", "target": 44, "source": 52}, {"op": "none", "target": 45, "source": 52}, {"op": "none", "target": 46, "source": 8}, {"op": "none", "target": 47, "source": 52}, {"op": "none", "target": 48, "source": 52}, {"op": "none", "target": 49, "source": 52}, {"op": "none", "target": 50, "source": 52}, {"op": "none", "target": 51, "source": 52}, {"op": "none", "target": 53, "source": 52}, {"op": "none", "target": 54, "source": 52}], "title": "_Shia_LaBeouf_Stretching", "nodes": [{"id": "g1293_cu0yvcl", "comment": "[400%!](http://i.imgur.com/frJwITP.jpg)", "date": "2015-08-12 19:10:44", "seriesname": "g1293_cu0yvcl", "file": "/media/jbrogan4/scratch2/Reddit_Prov_Dataset_v6/_Shia_LaBeouf_Stretching/g1293_cu0yvcl.jpg", "URL": "http://i.imgur.com/frJwITP.jpg", "fileid": "g1293_cu0yvcl.jpg"}, {"id": "g1293_cu0si0o", "comment": "[Three point landing is so played out](http://i.imgur.com/dmicPTA.jpg)", "date": "2015-08-12 16:22:27", "seriesname": "g1293_cu0si0o", "file": "/media/jbrogan4/scratch2/Reddit_Prov_Dataset_v6/_Shia_LaBeouf_Stretching/g1293_cu0si0o.jpg", "URL": "http://i.imgur.com/dmicPTA.jpg", "fileid": "g1293_cu0si0o.jpg"}, {"id": "g1293_cu101z7", "comment": "http://i.imgur.com/wO8CCWu.gifv  \n\nalso the [squat dancing gif](http://i.imgur.com/JnapdvV.gif) if anyone wants to use it!  ", "date": "2015-08-12 19:45:23", "seriesname": "g1293_cu101z7", "file": "/media/jbrogan4/scratch2/Reddit_Prov_Dataset_v6/_Shia_LaBeouf_Stretching/g1293_cu101z7.jpg", "URL": "http://i.imgur.com/JnapdvV.gif", "fileid": "g1293_cu101z7.gif"}, {"id": "g1293_cu0y45p", "comment": "[Introducing Circus LaBeouf, now with 200% more drama](http://i.imgur.com/YgU1Q2a.jpg)", "date": "2015-08-12 18:49:06", "seriesname": "g1293_cu0y45p", "file": "/media/jbrogan4/scratch2/Reddit_Prov_Dataset_v6/_Shia_LaBeouf_Stretching/g1293_cu0y45p.jpg", "URL": "http://i.imgur.com/YgU1Q2a.jpg", "fileid": "g1293_cu0y45p.jpg"}, {"id": "g1293_cu15a31", "comment": "If 400% is good, [700% is better...?](http://i.imgur.com/Jd7aZ5U.jpg) (I just needed the pyramid to be complete)", "date": "2015-08-12 22:21:03", "seriesname": "g1293_cu15a31", "file": "/media/jbrogan4/scratch2/Reddit_Prov_Dataset_v6/_Shia_LaBeouf_Stretching/g1293_cu15a31.jpg", "URL": "http://i.imgur.com/Jd7aZ5U.jpg", "fileid": "g1293_cu15a31.jpg"}, {"id": "g1293_cu0s57e", "comment": "[2 trucks, 1 LeBeouf](http://i.imgur.com/UlcEwBz.jpg)", "date": "2015-08-12 16:13:56", "seriesname": "g1293_cu0s57e", "file": "/media/jbrogan4/scratch2/Reddit_Prov_Dataset_v6/_Shia_LaBeouf_Stretching/g1293_cu0s57e.jpg", "URL": "http://i.imgur.com/UlcEwBz.jpg", "fileid": "g1293_cu0s57e.jpg"}, {"id": "g1293_cu0x6ef", "comment": "[Not even the same religion...](http://i.imgur.com/C4ecqYK.png)", "date": "2015-08-12 18:23:10", "seriesname": "g1293_cu0x6ef", "file": "/media/jbrogan4/scratch2/Reddit_Prov_Dataset_v6/_Shia_LaBeouf_Stretching/g1293_cu0x6ef.png", "URL": "http://i.imgur.com/C4ecqYK.png", "fileid": "g1293_cu0x6ef.png"}, {"id": "g1293_cu110og", "comment": "SHIAMAN http://imgur.com/tgnaKjw", "date": "2015-08-12 20:13:40", "seriesname": "g1293_cu110og", "file": "/media/jbrogan4/scratch2/Reddit_Prov_Dataset_v6/_Shia_LaBeouf_Stretching/g1293_cu110og.png", "URL": "http://i.imgur.com/tgnaKjw.png", "fileid": "g1293_cu110og.png"}, {"id": "g1293_cu0nqpm", "comment": "[Nike's new logo](https://i.imgur.com/vXuUSsk.png)", "date": "2015-08-12 14:29:56", "seriesname": "g1293_cu0nqpm", "file": "/media/jbrogan4/scratch2/Reddit_Prov_Dataset_v6/_Shia_LaBeouf_Stretching/g1293_cu0nqpm.png", "URL": "https://i.imgur.com/vXuUSsk.png", "fileid": "g1293_cu0nqpm.png"}, {"id": "g1293_cu0nouw", "comment": "http://imgur.com/chYI7EW **JUST DON\u00b4T**", "date": "2015-08-12 14:28:45", "seriesname": "g1293_cu0nouw", "file": "/media/jbrogan4/scratch2/Reddit_Prov_Dataset_v6/_Shia_LaBeouf_Stretching/g1293_cu0nouw.png", "URL": "http://i.imgur.com/chYI7EW.png", "fileid": "g1293_cu0nouw.png"}, {"id": "g1293_cu0qm4f", "comment": "[Franchise Rivalry](http://i.imgur.com/z9T0t2w.png)", "date": "2015-08-12 15:37:19", "seriesname": "g1293_cu0qm4f", "file": "/media/jbrogan4/scratch2/Reddit_Prov_Dataset_v6/_Shia_LaBeouf_Stretching/g1293_cu0qm4f.png", "URL": "http://i.imgur.com/z9T0t2w.png", "fileid": "g1293_cu0qm4f.png"}, {"id": "g1293_cu0n0ah", "comment": "[\"How could I refuse?\"](http://i.imgur.com/vr5WpE8.jpg) Shia recently told the Inquisiter in an interview upon being asked to replace the Easter Bunny due to the original Easter Bunnies bout with ass cancer.", "date": "2015-08-12 14:12:54", "seriesname": "g1293_cu0n0ah", "file": "/media/jbrogan4/scratch2/Reddit_Prov_Dataset_v6/_Shia_LaBeouf_Stretching/g1293_cu0n0ah.jpg", "URL": "http://i.imgur.com/vr5WpE8.jpg", "fileid": "g1293_cu0n0ah.jpg"}, {"id": "g1293_cu1h6mz", "comment": "[Shia was having issues fitting into his new role.](https://imgur.com/doacGWy)", "date": "2015-08-13 07:54:21", "seriesname": "g1293_cu1h6mz", "file": "/media/jbrogan4/scratch2/Reddit_Prov_Dataset_v6/_Shia_LaBeouf_Stretching/g1293_cu1h6mz.png", "URL": "http://i.imgur.com/doacGWy.png", "fileid": "g1293_cu1h6mz.png"}, {"id": "g1293_cu0zp2h", "comment": "[Y u no Happy?](http://i.imgur.com/43je17d.png)", "date": "2015-08-12 19:34:51", "seriesname": "g1293_cu0zp2h", "file": "/media/jbrogan4/scratch2/Reddit_Prov_Dataset_v6/_Shia_LaBeouf_Stretching/g1293_cu0zp2h.png", "URL": "http://i.imgur.com/43je17d.png", "fileid": "g1293_cu0zp2h.png"}, {"id": "g1293_cu15rxd", "comment": "[half chub](http://i.imgur.com/IxZDtPC.jpg)", "date": "2015-08-12 22:36:00", "seriesname": "g1293_cu15rxd", "file": "/media/jbrogan4/scratch2/Reddit_Prov_Dataset_v6/_Shia_LaBeouf_Stretching/g1293_cu15rxd.jpg", "URL": "http://i.imgur.com/IxZDtPC.jpg", "fileid": "g1293_cu15rxd.jpg"}, {"id": "g1293_cu0z9xq", "comment": "[just do do](http://i.imgur.com/J26cCKl.jpg)", "date": "2015-08-12 19:22:39", "seriesname": "g1293_cu0z9xq", "file": "/media/jbrogan4/scratch2/Reddit_Prov_Dataset_v6/_Shia_LaBeouf_Stretching/g1293_cu0z9xq.jpg", "URL": "http://i.imgur.com/J26cCKl.jpg", "fileid": "g1293_cu0z9xq.jpg"}, {"id": "g1293_cu0tnpn", "comment": "omg i swear i remember watching that in tv when i was little \n\n*ow the feels*\n\n&gt;[Moscow Moscow!](http://i.imgur.com/35aDyon.jpg)\n\n\n", "date": "2015-08-12 16:50:28", "seriesname": "g1293_cu0tnpn", "file": "/media/jbrogan4/scratch2/Reddit_Prov_Dataset_v6/_Shia_LaBeouf_Stretching/g1293_cu0tnpn.jpg", "URL": "http://i.imgur.com/35aDyon.jpg", "fileid": "g1293_cu0tnpn.jpg"}, {"id": "g1293_cu0xk6l", "comment": "[Don't don't bother Luke](http://i.imgur.com/A5j4Vbo.jpg)", "date": "2015-08-12 18:33:44", "seriesname": "g1293_cu0xk6l", "file": "/media/jbrogan4/scratch2/Reddit_Prov_Dataset_v6/_Shia_LaBeouf_Stretching/g1293_cu0xk6l.jpg", "URL": "http://i.imgur.com/A5j4Vbo.jpg", "fileid": "g1293_cu0xk6l.jpg"}, {"id": "g1293_cu0xx2w", "comment": "[Look closer.](http://i.imgur.com/K8Eued3.jpg)", "date": "2015-08-12 18:43:38", "seriesname": "g1293_cu0xx2w", "file": "/media/jbrogan4/scratch2/Reddit_Prov_Dataset_v6/_Shia_LaBeouf_Stretching/g1293_cu0xx2w.jpg", "URL": "http://i.imgur.com/K8Eued3.jpg", "fileid": "g1293_cu0xx2w.jpg"}, {"id": "g1293_cu0vb0e", "comment": "[No Reddit in Russia.  No Problem. Shia Delivers!](http://i.imgur.com/4vp2ZGr.jpg)", "date": "2015-08-12 17:33:33", "seriesname": "g1293_cu0vb0e", "file": "/media/jbrogan4/scratch2/Reddit_Prov_Dataset_v6/_Shia_LaBeouf_Stretching/g1293_cu0vb0e.jpg", "URL": "http://i.imgur.com/4vp2ZGr.jpg", "fileid": "g1293_cu0vb0e.jpg"}, {"id": "g1293_cu0kh34", "comment": "[Kicking some Shia LaButt!](http://i.imgur.com/p44bxNL.jpg)", "date": "2015-08-12 13:13:55", "seriesname": "g1293_cu0kh34", "file": "/media/jbrogan4/scratch2/Reddit_Prov_Dataset_v6/_Shia_LaBeouf_Stretching/g1293_cu0kh34.jpg", "URL": "http://i.imgur.com/p44bxNL.jpg", "fileid": "g1293_cu0kh34.jpg"}, {"id": "g1293_cu0xv85", "comment": "[AWAKEN, MY MASTERS!](http://i.imgur.com/1H1wLn7.jpg)", "date": "2015-08-12 18:42:14", "seriesname": "g1293_cu0xv85", "file": "/media/jbrogan4/scratch2/Reddit_Prov_Dataset_v6/_Shia_LaBeouf_Stretching/g1293_cu0xv85.jpg", "URL": "http://i.imgur.com/1H1wLn7.jpg", "fileid": "g1293_cu0xv85.jpg"}, {"id": "g1293_cvyxjtd", "comment": "Shia Cera\nhttp://imgur.com/OgEwd9w", "date": "2015-10-13 22:00:52", "seriesname": "g1293_cvyxjtd", "file": "/media/jbrogan4/scratch2/Reddit_Prov_Dataset_v6/_Shia_LaBeouf_Stretching/g1293_cvyxjtd.png", "URL": "http://i.imgur.com/OgEwd9w.png", "fileid": "g1293_cvyxjtd.png"}, {"id": "g1293_cu0jsnc", "comment": "[Mousercise](http://i.imgur.com/rYrBDxN.jpg)", "date": "2015-08-12 12:57:53", "seriesname": "g1293_cu0jsnc", "file": "/media/jbrogan4/scratch2/Reddit_Prov_Dataset_v6/_Shia_LaBeouf_Stretching/g1293_cu0jsnc.jpg", "URL": "http://i.imgur.com/rYrBDxN.jpg", "fileid": "g1293_cu0jsnc.jpg"}, {"id": "g1293_cu1aq66", "comment": "Had to try because [Shia is my preciousss](http://imgur.com/vUOMjBc)", "date": "2015-08-13 01:32:50", "seriesname": "g1293_cu1aq66", "file": "/media/jbrogan4/scratch2/Reddit_Prov_Dataset_v6/_Shia_LaBeouf_Stretching/g1293_cu1aq66.png", "URL": "http://i.imgur.com/vUOMjBc.png", "fileid": "g1293_cu1aq66.png"}, {"id": "g1293_cu11fdp", "comment": "http://i.imgur.com/YSCDT5f.jpg", "date": "2015-08-12 20:25:51", "seriesname": "g1293_cu11fdp", "file": "/media/jbrogan4/scratch2/Reddit_Prov_Dataset_v6/_Shia_LaBeouf_Stretching/g1293_cu11fdp.jpg", "URL": "http://i.imgur.com/YSCDT5f.jpg", "fileid": "g1293_cu11fdp.jpg"}, {"id": "g1293_cu0tuc3", "comment": "http://i.imgur.com/AE0sUcR.png", "date": "2015-08-12 16:55:41", "seriesname": "g1293_cu0tuc3", "file": "/media/jbrogan4/scratch2/Reddit_Prov_Dataset_v6/_Shia_LaBeouf_Stretching/g1293_cu0tuc3.png", "URL": "http://i.imgur.com/AE0sUcR.png", "fileid": "g1293_cu0tuc3.png"}, {"id": "g1293_cu0qd05", "comment": "[how he got the gig](http://i.imgur.com/Mlar5ix.jpg)", "date": "2015-08-12 15:31:09", "seriesname": "g1293_cu0qd05", "file": "/media/jbrogan4/scratch2/Reddit_Prov_Dataset_v6/_Shia_LaBeouf_Stretching/g1293_cu0qd05.jpg", "URL": "http://i.imgur.com/Mlar5ix.jpg", "fileid": "g1293_cu0qd05.jpg"}, {"id": "g1293_cu0t2z1", "comment": "[Bloodsport !](http://i.imgur.com/Araotw8.jpg)", "date": "2015-08-12 16:36:31", "seriesname": "g1293_cu0t2z1", "file": "/media/jbrogan4/scratch2/Reddit_Prov_Dataset_v6/_Shia_LaBeouf_Stretching/g1293_cu0t2z1.jpg", "URL": "http://i.imgur.com/Araotw8.jpg", "fileid": "g1293_cu0t2z1.jpg"}, {"id": "g1293_cu0tuqz", "comment": "[Shia's sad place](http://i.imgur.com/pyFSzCa.jpg)", "date": "2015-08-12 16:56:01", "seriesname": "g1293_cu0tuqz", "file": "/media/jbrogan4/scratch2/Reddit_Prov_Dataset_v6/_Shia_LaBeouf_Stretching/g1293_cu0tuqz.jpg", "URL": "http://i.imgur.com/pyFSzCa.jpg", "fileid": "g1293_cu0tuqz.jpg"}, {"id": "g1293_cu13adx", "comment": "Here ya go - http://i.imgur.com/tSBUvYT.jpg", "date": "2015-08-12 21:21:51", "seriesname": "g1293_cu13adx", "file": "/media/jbrogan4/scratch2/Reddit_Prov_Dataset_v6/_Shia_LaBeouf_Stretching/g1293_cu13adx.jpg", "URL": "http://i.imgur.com/tSBUvYT.jpg", "fileid": "g1293_cu13adx.jpg"}, {"id": "g1293_cu1z0xh", "comment": "[Just Do It!](http://i.imgur.com/hwSu5fS.jpg)", "date": "2015-08-13 16:07:17", "seriesname": "g1293_cu1z0xh", "file": "/media/jbrogan4/scratch2/Reddit_Prov_Dataset_v6/_Shia_LaBeouf_Stretching/g1293_cu1z0xh.jpg", "URL": "http://i.imgur.com/hwSu5fS.jpg", "fileid": "g1293_cu1z0xh.jpg"}, {"id": "g1293_cu0syg4", "comment": "[Just Dance](http://i.imgur.com/6TeBuy0.jpg)", "date": "2015-08-12 16:33:28", "seriesname": "g1293_cu0syg4", "file": "/media/jbrogan4/scratch2/Reddit_Prov_Dataset_v6/_Shia_LaBeouf_Stretching/g1293_cu0syg4.jpg", "URL": "http://i.imgur.com/6TeBuy0.jpg", "fileid": "g1293_cu0syg4.jpg"}, {"id": "g1293_cu0praj", "comment": "[Swapped](http://imgur.com/5mQcVYS)", "date": "2015-08-12 15:16:51", "seriesname": "g1293_cu0praj", "file": "/media/jbrogan4/scratch2/Reddit_Prov_Dataset_v6/_Shia_LaBeouf_Stretching/g1293_cu0praj.png", "URL": "http://i.imgur.com/5mQcVYS.png", "fileid": "g1293_cu0praj.png"}, {"id": "g1293_cu0u4pu", "comment": "[Intensified](http://imgur.com/NtGV321)", "date": "2015-08-12 17:03:15", "seriesname": "g1293_cu0u4pu", "file": "/media/jbrogan4/scratch2/Reddit_Prov_Dataset_v6/_Shia_LaBeouf_Stretching/g1293_cu0u4pu.png", "URL": "http://i.imgur.com/NtGV321.png", "fileid": "g1293_cu0u4pu.png"}, {"id": "g1293_cu0yvse", "comment": "[Sorry for the rush job...](http://i.imgur.com/yO5Iqxv.jpg)", "date": "2015-08-12 19:11:05", "seriesname": "g1293_cu0yvse", "file": "/media/jbrogan4/scratch2/Reddit_Prov_Dataset_v6/_Shia_LaBeouf_Stretching/g1293_cu0yvse.jpg", "URL": "http://i.imgur.com/yO5Iqxv.jpg", "fileid": "g1293_cu0yvse.jpg"}, {"id": "g1293_cu11pvm", "comment": "In need of a new wallpaper?\n\n[The Ultimate Bia LaBeouf Motivational Wallpaper](http://i.imgur.com/ZMDnLjz.jpg) is here.\n\n^^^^^^^theultimatewallpaper", "date": "2015-08-12 20:34:36", "seriesname": "g1293_cu11pvm", "file": "/media/jbrogan4/scratch2/Reddit_Prov_Dataset_v6/_Shia_LaBeouf_Stretching/g1293_cu11pvm.jpg", "URL": "http://i.imgur.com/ZMDnLjz.jpg", "fileid": "g1293_cu11pvm.jpg"}, {"id": "g1293_cu0u2sm", "comment": "[Team Rocket's New Recruit](http://i.imgur.com/AD7N5sR.jpg)", "date": "2015-08-12 17:01:55", "seriesname": "g1293_cu0u2sm", "file": "/media/jbrogan4/scratch2/Reddit_Prov_Dataset_v6/_Shia_LaBeouf_Stretching/g1293_cu0u2sm.jpg", "URL": "http://i.imgur.com/AD7N5sR.jpg", "fileid": "g1293_cu0u2sm.jpg"}, {"id": "g1293_cu1pu2b", "comment": "The Captain: http://i.imgur.com/IrImwef.jpg", "date": "2015-08-13 12:25:51", "seriesname": "g1293_cu1pu2b", "file": "/media/jbrogan4/scratch2/Reddit_Prov_Dataset_v6/_Shia_LaBeouf_Stretching/g1293_cu1pu2b.jpg", "URL": "http://i.imgur.com/IrImwef.jpg", "fileid": "g1293_cu1pu2b.jpg"}, {"id": "g1293_cu0iqcj", "comment": "[Maybe you're taking it a little too far, Shia?](http://imgur.com/0lt19vG)", "date": "2015-08-12 12:32:36", "seriesname": "g1293_cu0iqcj", "file": "/media/jbrogan4/scratch2/Reddit_Prov_Dataset_v6/_Shia_LaBeouf_Stretching/g1293_cu0iqcj.png", "URL": "http://i.imgur.com/0lt19vG.png", "fileid": "g1293_cu0iqcj.png"}, {"id": "g1293_cu0q3j3", "comment": "[Career Change](http://i.imgur.com/WlZTTUp.jpg)\n\nEDIT:  Wow, thank you for the gold!", "date": "2015-08-12 15:24:54", "seriesname": "g1293_cu0q3j3", "file": "/media/jbrogan4/scratch2/Reddit_Prov_Dataset_v6/_Shia_LaBeouf_Stretching/g1293_cu0q3j3.jpg", "URL": "http://i.imgur.com/WlZTTUp.jpg", "fileid": "g1293_cu0q3j3.jpg"}, {"id": "g1293_cu0sgtn", "comment": "[I had to..](http://imgur.com/5srrqey)", "date": "2015-08-12 16:21:39", "seriesname": "g1293_cu0sgtn", "file": "/media/jbrogan4/scratch2/Reddit_Prov_Dataset_v6/_Shia_LaBeouf_Stretching/g1293_cu0sgtn.png", "URL": "http://i.imgur.com/5srrqey.png", "fileid": "g1293_cu0sgtn.png"}, {"id": "g1293_cu14g2b", "comment": "[Use the Force, Shia!](http://i.imgur.com/mIRqNIV.png)", "date": "2015-08-12 21:56:29", "seriesname": "g1293_cu14g2b", "file": "/media/jbrogan4/scratch2/Reddit_Prov_Dataset_v6/_Shia_LaBeouf_Stretching/g1293_cu14g2b.png", "URL": "http://i.imgur.com/mIRqNIV.png", "fileid": "g1293_cu14g2b.png"}, {"id": "g1293_cu0uusr", "comment": "pretty sure he went to the barber and said \"give me the [Dee Jay](http://www.fightersgeneration.com/np7/char/deejay-ssf2dc2.png)\"", "date": "2015-08-12 17:22:03", "seriesname": "g1293_cu0uusr", "file": "/media/jbrogan4/scratch2/Reddit_Prov_Dataset_v6/_Shia_LaBeouf_Stretching/g1293_cu0uusr.png", "URL": "http://www.fightersgeneration.com/np7/char/deejay-ssf2dc2.png", "fileid": "g1293_cu0uusr.png"}, {"id": "g1293_cu0gop4", "comment": "... before a run through the gumdrop forest. \n\nhttp://i.imgur.com/Tpzc6ai.jpg", "date": "2015-08-12 11:42:13", "seriesname": "g1293_cu0gop4", "file": "/media/jbrogan4/scratch2/Reddit_Prov_Dataset_v6/_Shia_LaBeouf_Stretching/g1293_cu0gop4.jpg", "URL": "http://i.imgur.com/Tpzc6ai.jpg", "fileid": "g1293_cu0gop4.jpg"}, {"id": "g1293_cu0up99", "comment": "[Just Jew It.](http://i.imgur.com/gitgfqk.jpg)", "date": "2015-08-12 17:18:04", "seriesname": "g1293_cu0up99", "file": "/media/jbrogan4/scratch2/Reddit_Prov_Dataset_v6/_Shia_LaBeouf_Stretching/g1293_cu0up99.jpg", "URL": "http://i.imgur.com/gitgfqk.jpg", "fileid": "g1293_cu0up99.jpg"}, {"id": "g1293_cu1ahk3", "comment": "[I'm sorry](http://imgur.com/5QsrgqH)", "date": "2015-08-13 01:22:24", "seriesname": "g1293_cu1ahk3", "file": "/media/jbrogan4/scratch2/Reddit_Prov_Dataset_v6/_Shia_LaBeouf_Stretching/g1293_cu1ahk3.png", "URL": "http://i.imgur.com/5QsrgqH.png", "fileid": "g1293_cu1ahk3.png"}, {"id": "g1293_cu0khii", "comment": "[You're walking in the woods.](http://i.imgur.com/1R7K2Vv.jpg)", "date": "2015-08-12 13:14:10", "seriesname": "g1293_cu0khii", "file": "/media/jbrogan4/scratch2/Reddit_Prov_Dataset_v6/_Shia_LaBeouf_Stretching/g1293_cu0khii.jpg", "URL": "http://i.imgur.com/1R7K2Vv.jpg", "fileid": "g1293_cu0khii.jpg"}, {"id": "g1293_cu1e822", "comment": "[Shredding for days](http://i.imgur.com/0nh4beW.jpg)", "date": "2015-08-13 04:43:56", "seriesname": "g1293_cu1e822", "file": "/media/jbrogan4/scratch2/Reddit_Prov_Dataset_v6/_Shia_LaBeouf_Stretching/g1293_cu1e822.jpg", "URL": "http://i.imgur.com/0nh4beW.jpg", "fileid": "g1293_cu1e822.jpg"}, {"id": "g1293_cu17p2q", "comment": "[idk](http://i.imgur.com/ht7vs4U.jpg)", "date": "2015-08-12 23:38:01", "seriesname": "g1293_cu17p2q", "file": "/media/jbrogan4/scratch2/Reddit_Prov_Dataset_v6/_Shia_LaBeouf_Stretching/g1293_cu17p2q.jpg", "URL": "http://i.imgur.com/ht7vs4U.jpg", "fileid": "g1293_cu17p2q.jpg"}, {"id": "g1293_cu0tl7o", "comment": "[Shia La-B-Boy!](http://imgur.com/y8nBgfe)", "date": "2015-08-12 16:48:45", "seriesname": "g1293_cu0tl7o", "file": "/media/jbrogan4/scratch2/Reddit_Prov_Dataset_v6/_Shia_LaBeouf_Stretching/g1293_cu0tl7o.png", "URL": "http://i.imgur.com/y8nBgfe.png", "fileid": "g1293_cu0tl7o.png"}, {"id": "g1293_cu0sy6r", "comment": "[Moscow Moscow!](http://i.imgur.com/35aDyon.jpg)", "date": "2015-08-12 16:33:17", "seriesname": "g1293_cu0sy6r", "file": "/media/jbrogan4/scratch2/Reddit_Prov_Dataset_v6/_Shia_LaBeouf_Stretching/g1293_cu0sy6r.jpg", "URL": "http://i.imgur.com/35aDyon.jpg", "fileid": "g1293_cu0sy6r.jpg"}, {"id": "g1293_root", "comment": "", "date": "2015-08-12 11:28:58", "seriesname": "g1293_root", "file": "/media/jbrogan4/scratch2/Reddit_Prov_Dataset_v6/_Shia_LaBeouf_Stretching/g1293_root.png", "URL": "http://i.imgur.com/S6a6cGi.png", "fileid": "g1293_root.png"}, {"id": "g1293_cu0pg7s", "comment": "[LaBeouf style](http://i.imgur.com/L8nZmZl.jpg)", "date": "2015-08-12 15:09:36", "seriesname": "g1293_cu0pg7s", "file": "/media/jbrogan4/scratch2/Reddit_Prov_Dataset_v6/_Shia_LaBeouf_Stretching/g1293_cu0pg7s.jpg", "URL": "http://i.imgur.com/L8nZmZl.jpg", "fileid": "g1293_cu0pg7s.jpg"}, {"id": "g1293_cu0xf97", "comment": "[Lassassins creed](http://imgur.com/BQ0DOnc)", "date": "2015-08-12 18:29:57", "seriesname": "g1293_cu0xf97", "file": "/media/jbrogan4/scratch2/Reddit_Prov_Dataset_v6/_Shia_LaBeouf_Stretching/g1293_cu0xf97.png", "URL": "http://i.imgur.com/BQ0DOnc.png", "fileid": "g1293_cu0xf97.png"}], "graph": {"name": "g1293_root"}, "directed": true}