{"links": [{"op": "none", "target": 0, "source": 47}, {"op": "none", "target": 1, "source": 47}, {"op": "none", "target": 2, "source": 47}, {"op": "none", "target": 3, "source": 47}, {"op": "none", "target": 4, "source": 8}, {"op": "none", "target": 5, "source": 47}, {"op": "none", "target": 6, "source": 47}, {"op": "none", "target": 7, "source": 47}, {"op": "none", "target": 8, "source": 47}, {"op": "none", "target": 9, "source": 47}, {"op": "none", "target": 10, "source": 47}, {"op": "none", "target": 11, "source": 47}, {"op": "none", "target": 12, "source": 47}, {"op": "none", "target": 13, "source": 47}, {"op": "none", "target": 14, "source": 47}, {"op": "none", "target": 15, "source": 5}, {"op": "none", "target": 16, "source": 47}, {"op": "none", "target": 17, "source": 47}, {"op": "none", "target": 18, "source": 23}, {"op": "none", "target": 19, "source": 47}, {"op": "none", "target": 20, "source": 47}, {"op": "none", "target": 21, "source": 47}, {"op": "none", "target": 22, "source": 47}, {"op": "none", "target": 23, "source": 47}, {"op": "none", "target": 24, "source": 28}, {"op": "none", "target": 25, "source": 47}, {"op": "none", "target": 26, "source": 47}, {"op": "none", "target": 27, "source": 47}, {"op": "none", "target": 28, "source": 47}, {"op": "none", "target": 29, "source": 47}, {"op": "none", "target": 30, "source": 0}, {"op": "none", "target": 31, "source": 47}, {"op": "none", "target": 32, "source": 47}, {"op": "none", "target": 33, "source": 27}, {"op": "none", "target": 34, "source": 47}, {"op": "none", "target": 35, "source": 47}, {"op": "none", "target": 36, "source": 47}, {"op": "none", "target": 37, "source": 47}, {"op": "none", "target": 38, "source": 47}, {"op": "none", "target": 39, "source": 47}, {"op": "none", "target": 40, "source": 47}, {"op": "none", "target": 41, "source": 47}, {"op": "none", "target": 42, "source": 47}, {"op": "none", "target": 43, "source": 4}, {"op": "none", "target": 44, "source": 5}, {"op": "none", "target": 45, "source": 47}, {"op": "none", "target": 46, "source": 47}, {"op": "none", "target": 48, "source": 0}], "title": "_Girl_holding_a_Toblerone_creating_optical_illusion", "nodes": [{"id": "g1295_cx3g0iu", "comment": "[too soon?](http://i.imgur.com/Kgdixf6.gif)", "date": "2015-11-17 12:04:28", "seriesname": "g1295_cx3g0iu", "file": "/media/jbrogan4/scratch2/Reddit_Prov_Dataset_v6/_Girl_holding_a_Toblerone_creating_optical_illusion/g1295_cx3g0iu.jpg", "URL": "http://i.imgur.com/Kgdixf6.gif", "fileid": "g1295_cx3g0iu.gif"}, {"id": "g1295_cx3os1f", "comment": "[Thin Ice](http://i.imgur.com/wpASr9t.jpg)", "date": "2015-11-17 15:29:22", "seriesname": "g1295_cx3os1f", "file": "/media/jbrogan4/scratch2/Reddit_Prov_Dataset_v6/_Girl_holding_a_Toblerone_creating_optical_illusion/g1295_cx3os1f.jpg", "URL": "http://i.imgur.com/wpASr9t.jpg", "fileid": "g1295_cx3os1f.jpg"}, {"id": "g1295_cx42p4t", "comment": "http://i.imgur.com/bKXp7dN.jpg \n\nFinding two  mountains?  Even Billy Zane wouldnt believe it....", "date": "2015-11-17 21:29:23", "seriesname": "g1295_cx42p4t", "file": "/media/jbrogan4/scratch2/Reddit_Prov_Dataset_v6/_Girl_holding_a_Toblerone_creating_optical_illusion/g1295_cx42p4t.jpg", "URL": "http://i.imgur.com/bKXp7dN.jpg", "fileid": "g1295_cx42p4t.jpg"}, {"id": "g1295_cx3dkns", "comment": "[I guess it's better than leaning](http://i.imgur.com/1S1O0LA.jpg)", "date": "2015-11-17 11:04:51", "seriesname": "g1295_cx3dkns", "file": "/media/jbrogan4/scratch2/Reddit_Prov_Dataset_v6/_Girl_holding_a_Toblerone_creating_optical_illusion/g1295_cx3dkns.jpg", "URL": "http://i.imgur.com/1S1O0LA.jpg", "fileid": "g1295_cx3dkns.jpg"}, {"id": "g1295_cx3knim", "comment": "Fixed a glaring error... https://imgur.com/zWQSjEp", "date": "2015-11-17 13:53:49", "seriesname": "g1295_cx3knim", "file": "/media/jbrogan4/scratch2/Reddit_Prov_Dataset_v6/_Girl_holding_a_Toblerone_creating_optical_illusion/g1295_cx3knim.png", "URL": "http://i.imgur.com/zWQSjEp.png", "fileid": "g1295_cx3knim.png"}, {"id": "g1295_cx3f9sv", "comment": "http://imgur.com/hgVlq1G", "date": "2015-11-17 11:46:32", "seriesname": "g1295_cx3f9sv", "file": "/media/jbrogan4/scratch2/Reddit_Prov_Dataset_v6/_Girl_holding_a_Toblerone_creating_optical_illusion/g1295_cx3f9sv.png", "URL": "http://i.imgur.com/hgVlq1G.png", "fileid": "g1295_cx3f9sv.png"}, {"id": "g1295_cx49mym", "comment": "This seemed like the obvious choice:\n\nhttp://i.imgur.com/0G88kJL.jpg?1", "date": "2015-11-18 01:18:23", "seriesname": "g1295_cx49mym", "file": "/media/jbrogan4/scratch2/Reddit_Prov_Dataset_v6/_Girl_holding_a_Toblerone_creating_optical_illusion/g1295_cx49mym.jpg", "URL": "http://i.imgur.com/0G88kJL.jpg?1", "fileid": "g1295_cx49mym.jpg"}, {"id": "g1295_cx3jjnz", "comment": "[My first PsBattle Entry](http://i.imgur.com/dk62QNL.jpg)", "date": "2015-11-17 13:28:21", "seriesname": "g1295_cx3jjnz", "file": "/media/jbrogan4/scratch2/Reddit_Prov_Dataset_v6/_Girl_holding_a_Toblerone_creating_optical_illusion/g1295_cx3jjnz.jpg", "URL": "http://i.imgur.com/dk62QNL.jpg", "fileid": "g1295_cx3jjnz.jpg"}, {"id": "g1295_cx3id75", "comment": "http://imgur.com/H4BWXCf", "date": "2015-11-17 13:00:50", "seriesname": "g1295_cx3id75", "file": "/media/jbrogan4/scratch2/Reddit_Prov_Dataset_v6/_Girl_holding_a_Toblerone_creating_optical_illusion/g1295_cx3id75.png", "URL": "http://i.imgur.com/H4BWXCf.png", "fileid": "g1295_cx3id75.png"}, {"id": "g1295_cx3j1n3", "comment": "[Cannot unsee](http://i.imgur.com/coQe39f.jpg)", "date": "2015-11-17 13:16:51", "seriesname": "g1295_cx3j1n3", "file": "/media/jbrogan4/scratch2/Reddit_Prov_Dataset_v6/_Girl_holding_a_Toblerone_creating_optical_illusion/g1295_cx3j1n3.jpg", "URL": "http://i.imgur.com/coQe39f.jpg", "fileid": "g1295_cx3j1n3.jpg"}, {"id": "g1295_cx3wshw", "comment": "[Bear](http://i.imgur.com/5ZQpYVZ.jpg)", "date": "2015-11-17 18:46:24", "seriesname": "g1295_cx3wshw", "file": "/media/jbrogan4/scratch2/Reddit_Prov_Dataset_v6/_Girl_holding_a_Toblerone_creating_optical_illusion/g1295_cx3wshw.jpg", "URL": "http://i.imgur.com/5ZQpYVZ.jpg", "fileid": "g1295_cx3wshw.jpg"}, {"id": "g1295_cx3flou", "comment": "[YOINK!](http://i.imgur.com/3OoZRVh.jpg)", "date": "2015-11-17 11:54:32", "seriesname": "g1295_cx3flou", "file": "/media/jbrogan4/scratch2/Reddit_Prov_Dataset_v6/_Girl_holding_a_Toblerone_creating_optical_illusion/g1295_cx3flou.jpg", "URL": "http://i.imgur.com/3OoZRVh.jpg", "fileid": "g1295_cx3flou.jpg"}, {"id": "g1295_cx3lie1", "comment": "not my best as I'm gonna be late for work but [Down in front!!!](http://i.imgur.com/ew67NZj.jpg)", "date": "2015-11-17 14:13:42", "seriesname": "g1295_cx3lie1", "file": "/media/jbrogan4/scratch2/Reddit_Prov_Dataset_v6/_Girl_holding_a_Toblerone_creating_optical_illusion/g1295_cx3lie1.jpg", "URL": "http://i.imgur.com/ew67NZj.jpg", "fileid": "g1295_cx3lie1.jpg"}, {"id": "g1295_cx4dx6t", "comment": "[Toblegirl](http://i.imgur.com/HytV74Q.jpg?1)", "date": "2015-11-18 05:51:18", "seriesname": "g1295_cx4dx6t", "file": "/media/jbrogan4/scratch2/Reddit_Prov_Dataset_v6/_Girl_holding_a_Toblerone_creating_optical_illusion/g1295_cx4dx6t.jpg", "URL": "http://i.imgur.com/HytV74Q.jpg?1", "fileid": "g1295_cx4dx6t.jpg"}, {"id": "g1295_cx3ostu", "comment": "https://imgur.com/bE4Rrmv\n", "date": "2015-11-17 15:29:53", "seriesname": "g1295_cx3ostu", "file": "/media/jbrogan4/scratch2/Reddit_Prov_Dataset_v6/_Girl_holding_a_Toblerone_creating_optical_illusion/g1295_cx3ostu.png", "URL": "http://i.imgur.com/bE4Rrmv.png", "fileid": "g1295_cx3ostu.png"}, {"id": "g1295_cx3qymg", "comment": "[Congratulations!](http://i.imgur.com/p5dcZgx.png)", "date": "2015-11-17 16:19:18", "seriesname": "g1295_cx3qymg", "file": "/media/jbrogan4/scratch2/Reddit_Prov_Dataset_v6/_Girl_holding_a_Toblerone_creating_optical_illusion/g1295_cx3qymg.png", "URL": "http://i.imgur.com/p5dcZgx.png", "fileid": "g1295_cx3qymg.png"}, {"id": "g1295_cx3ztks", "comment": "[Empathy](http://imgur.com/4ZplOv3)", "date": "2015-11-17 20:10:18", "seriesname": "g1295_cx3ztks", "file": "/media/jbrogan4/scratch2/Reddit_Prov_Dataset_v6/_Girl_holding_a_Toblerone_creating_optical_illusion/g1295_cx3ztks.png", "URL": "http://i.imgur.com/4ZplOv3.png", "fileid": "g1295_cx3ztks.png"}, {"id": "g1295_cx3hd07", "comment": "[S.O.S](https://imgur.com/nF3XJsW)", "date": "2015-11-17 12:37:01", "seriesname": "g1295_cx3hd07", "file": "/media/jbrogan4/scratch2/Reddit_Prov_Dataset_v6/_Girl_holding_a_Toblerone_creating_optical_illusion/g1295_cx3hd07.png", "URL": "http://i.imgur.com/nF3XJsW.png", "fileid": "g1295_cx3hd07.png"}, {"id": "g1295_cx3dlzw", "comment": "http://i.imgur.com/EXKnmaZ.png", "date": "2015-11-17 11:05:48", "seriesname": "g1295_cx3dlzw", "file": "/media/jbrogan4/scratch2/Reddit_Prov_Dataset_v6/_Girl_holding_a_Toblerone_creating_optical_illusion/g1295_cx3dlzw.png", "URL": "http://i.imgur.com/EXKnmaZ.png", "fileid": "g1295_cx3dlzw.png"}, {"id": "g1295_cx3gon8", "comment": "I know it's cheesy,\n\nbut could you please bear with me?\n\n[*I'm honing my kraft.*](http://i.imgur.com/QVEy22a.jpg)", "date": "2015-11-17 12:20:48", "seriesname": "g1295_cx3gon8", "file": "/media/jbrogan4/scratch2/Reddit_Prov_Dataset_v6/_Girl_holding_a_Toblerone_creating_optical_illusion/g1295_cx3gon8.jpg", "URL": "http://i.imgur.com/QVEy22a.jpg", "fileid": "g1295_cx3gon8.jpg"}, {"id": "g1295_cx3spzh", "comment": "[Nice try, Toblerone shills.](http://i.imgur.com/Y6rwMAl.png)", "date": "2015-11-17 17:00:52", "seriesname": "g1295_cx3spzh", "file": "/media/jbrogan4/scratch2/Reddit_Prov_Dataset_v6/_Girl_holding_a_Toblerone_creating_optical_illusion/g1295_cx3spzh.png", "URL": "http://i.imgur.com/Y6rwMAl.png", "fileid": "g1295_cx3spzh.png"}, {"id": "g1295_cx3egmz", "comment": "[Don't underestimate Swiss Chocolate](http://imgur.com/QpQhZ4N)", "date": "2015-11-17 11:26:54", "seriesname": "g1295_cx3egmz", "file": "/media/jbrogan4/scratch2/Reddit_Prov_Dataset_v6/_Girl_holding_a_Toblerone_creating_optical_illusion/g1295_cx3egmz.png", "URL": "http://i.imgur.com/QpQhZ4N.png", "fileid": "g1295_cx3egmz.png"}, {"id": "g1295_cx3n5n8", "comment": "[Did someone say optical illusion?](http://i.imgur.com/W2dPx61.jpg)\n\nEdit: [One more](http://i.imgur.com/Ot5G6Hs.jpg)\n\n(zoom in)", "date": "2015-11-17 14:51:46", "seriesname": "g1295_cx3n5n8", "file": "/media/jbrogan4/scratch2/Reddit_Prov_Dataset_v6/_Girl_holding_a_Toblerone_creating_optical_illusion/g1295_cx3n5n8.jpg", "URL": "http://i.imgur.com/Ot5G6Hs.jpg", "fileid": "g1295_cx3n5n8.jpg"}, {"id": "g1295_cx3cmca", "comment": "[Urgh!](http://i.imgur.com/IQhITdK.jpg)", "date": "2015-11-17 10:40:04", "seriesname": "g1295_cx3cmca", "file": "/media/jbrogan4/scratch2/Reddit_Prov_Dataset_v6/_Girl_holding_a_Toblerone_creating_optical_illusion/g1295_cx3cmca.jpg", "URL": "http://i.imgur.com/IQhITdK.jpg", "fileid": "g1295_cx3cmca.jpg"}, {"id": "g1295_cx4bjs0", "comment": "Source for background is this:\n\nhttp://static.skynetblogs.be/media/32278/the_martian_2015_pic04.jpg", "date": "2015-11-18 03:00:12", "seriesname": "g1295_cx4bjs0", "file": "/media/jbrogan4/scratch2/Reddit_Prov_Dataset_v6/_Girl_holding_a_Toblerone_creating_optical_illusion/g1295_cx4bjs0.jpg", "URL": "http://static.skynetblogs.be/media/32278/the_martian_2015_pic04.jpg", "fileid": "g1295_cx4bjs0.jpg"}, {"id": "g1295_cx3l32v", "comment": "http://imgur.com/LqY0cBJ", "date": "2015-11-17 14:03:53", "seriesname": "g1295_cx3l32v", "file": "/media/jbrogan4/scratch2/Reddit_Prov_Dataset_v6/_Girl_holding_a_Toblerone_creating_optical_illusion/g1295_cx3l32v.png", "URL": "http://i.imgur.com/LqY0cBJ.png", "fileid": "g1295_cx3l32v.png"}, {"id": "g1295_cx3mqz6", "comment": "http://i.imgur.com/f06cgR7.jpg", "date": "2015-11-17 14:42:16", "seriesname": "g1295_cx3mqz6", "file": "/media/jbrogan4/scratch2/Reddit_Prov_Dataset_v6/_Girl_holding_a_Toblerone_creating_optical_illusion/g1295_cx3mqz6.jpg", "URL": "http://i.imgur.com/f06cgR7.jpg", "fileid": "g1295_cx3mqz6.jpg"}, {"id": "g1295_cx3l7vw", "comment": "[First world anarchists](http://i.imgur.com/Ubed6bZ.jpg)", "date": "2015-11-17 14:06:58", "seriesname": "g1295_cx3l7vw", "file": "/media/jbrogan4/scratch2/Reddit_Prov_Dataset_v6/_Girl_holding_a_Toblerone_creating_optical_illusion/g1295_cx3l7vw.jpg", "URL": "http://i.imgur.com/Ubed6bZ.jpg", "fileid": "g1295_cx3l7vw.jpg"}, {"id": "g1295_cx3kw8w", "comment": "[Bring Her Home](http://i.imgur.com/qC7neOd.jpg)", "date": "2015-11-17 13:59:29", "seriesname": "g1295_cx3kw8w", "file": "/media/jbrogan4/scratch2/Reddit_Prov_Dataset_v6/_Girl_holding_a_Toblerone_creating_optical_illusion/g1295_cx3kw8w.jpg", "URL": "http://i.imgur.com/qC7neOd.jpg", "fileid": "g1295_cx3kw8w.jpg"}, {"id": "g1295_cx47m5p", "comment": "[My chocolate is frozen hard!](http://i.imgur.com/pAH9Pgo.jpg)\n", "date": "2015-11-17 23:58:02", "seriesname": "g1295_cx47m5p", "file": "/media/jbrogan4/scratch2/Reddit_Prov_Dataset_v6/_Girl_holding_a_Toblerone_creating_optical_illusion/g1295_cx47m5p.jpg", "URL": "http://i.imgur.com/pAH9Pgo.jpg", "fileid": "g1295_cx47m5p.jpg"}, {"id": "g1295_cx3vw1k", "comment": "http://i.imgur.com/UYcQ6ty.jpg\n\nBefore and after picture of Mt. St. Helens eruption.", "date": "2015-11-17 18:22:10", "seriesname": "g1295_cx3vw1k", "file": "/media/jbrogan4/scratch2/Reddit_Prov_Dataset_v6/_Girl_holding_a_Toblerone_creating_optical_illusion/g1295_cx3vw1k.jpg", "URL": "http://i.imgur.com/UYcQ6ty.jpg", "fileid": "g1295_cx3vw1k.jpg"}, {"id": "g1295_cx3j544", "comment": "[everything's normal](http://imgur.com/THURMUb)", "date": "2015-11-17 13:19:03", "seriesname": "g1295_cx3j544", "file": "/media/jbrogan4/scratch2/Reddit_Prov_Dataset_v6/_Girl_holding_a_Toblerone_creating_optical_illusion/g1295_cx3j544.png", "URL": "http://i.imgur.com/THURMUb.png", "fileid": "g1295_cx3j544.png"}, {"id": "g1295_cx3hzbf", "comment": "http://i.imgur.com/Z3LX7Vh.jpg", "date": "2015-11-17 12:51:45", "seriesname": "g1295_cx3hzbf", "file": "/media/jbrogan4/scratch2/Reddit_Prov_Dataset_v6/_Girl_holding_a_Toblerone_creating_optical_illusion/g1295_cx3hzbf.jpg", "URL": "http://i.imgur.com/Z3LX7Vh.jpg", "fileid": "g1295_cx3hzbf.jpg"}, {"id": "g1295_cx48umx", "comment": "[Okay.](http://imgur.com/IwBYgp4)", "date": "2015-11-18 00:45:23", "seriesname": "g1295_cx48umx", "file": "/media/jbrogan4/scratch2/Reddit_Prov_Dataset_v6/_Girl_holding_a_Toblerone_creating_optical_illusion/g1295_cx48umx.png", "URL": "http://i.imgur.com/IwBYgp4.png", "fileid": "g1295_cx48umx.png"}, {"id": "g1295_cx3eu0m", "comment": "[\u00dcber-fail](http://i.imgur.com/6NcTg0v.jpg)", "date": "2015-11-17 11:35:54", "seriesname": "g1295_cx3eu0m", "file": "/media/jbrogan4/scratch2/Reddit_Prov_Dataset_v6/_Girl_holding_a_Toblerone_creating_optical_illusion/g1295_cx3eu0m.jpg", "URL": "http://i.imgur.com/6NcTg0v.jpg", "fileid": "g1295_cx3eu0m.jpg"}, {"id": "g1295_cx454lf", "comment": "[Math is power.](http://i.imgur.com/KEBjVit.jpg?1)", "date": "2015-11-17 22:36:59", "seriesname": "g1295_cx454lf", "file": "/media/jbrogan4/scratch2/Reddit_Prov_Dataset_v6/_Girl_holding_a_Toblerone_creating_optical_illusion/g1295_cx454lf.jpg", "URL": "http://i.imgur.com/KEBjVit.jpg?1", "fileid": "g1295_cx454lf.jpg"}, {"id": "g1295_cx3vcu6", "comment": "http://imgur.com/Zyz70Qj", "date": "2015-11-17 18:07:51", "seriesname": "g1295_cx3vcu6", "file": "/media/jbrogan4/scratch2/Reddit_Prov_Dataset_v6/_Girl_holding_a_Toblerone_creating_optical_illusion/g1295_cx3vcu6.png", "URL": "http://i.imgur.com/Zyz70Qj.png", "fileid": "g1295_cx3vcu6.png"}, {"id": "g1295_cx41m8b", "comment": "[Click me!](http://imgur.com/F5FagKp) \nThis was done in 20mins, need to go to bed.", "date": "2015-11-17 20:59:55", "seriesname": "g1295_cx41m8b", "file": "/media/jbrogan4/scratch2/Reddit_Prov_Dataset_v6/_Girl_holding_a_Toblerone_creating_optical_illusion/g1295_cx41m8b.png", "URL": "http://i.imgur.com/F5FagKp.png", "fileid": "g1295_cx41m8b.png"}, {"id": "g1295_cx3w8os", "comment": "[Ian, FREEZE!](http://i.imgur.com/vG9zxH8.jpg)", "date": "2015-11-17 18:31:35", "seriesname": "g1295_cx3w8os", "file": "/media/jbrogan4/scratch2/Reddit_Prov_Dataset_v6/_Girl_holding_a_Toblerone_creating_optical_illusion/g1295_cx3w8os.jpg", "URL": "http://i.imgur.com/vG9zxH8.jpg", "fileid": "g1295_cx3w8os.jpg"}, {"id": "g1295_cx45chy", "comment": "[http://i.imgur.com/sCIjwzn.jpg](http://i.imgur.com/sCIjwzn.jpg)", "date": "2015-11-17 22:43:26", "seriesname": "g1295_cx45chy", "file": "/media/jbrogan4/scratch2/Reddit_Prov_Dataset_v6/_Girl_holding_a_Toblerone_creating_optical_illusion/g1295_cx45chy.jpg", "URL": "http://i.imgur.com/sCIjwzn.jpg](http://i.imgur.com/sCIjwzn.jpg", "fileid": "g1295_cx45chy.jpg"}, {"id": "g1295_cx3kdt2", "comment": "[The Mountain](http://i.imgur.com/kmNeoK8.jpg)", "date": "2015-11-17 13:47:37", "seriesname": "g1295_cx3kdt2", "file": "/media/jbrogan4/scratch2/Reddit_Prov_Dataset_v6/_Girl_holding_a_Toblerone_creating_optical_illusion/g1295_cx3kdt2.jpg", "URL": "http://i.imgur.com/kmNeoK8.jpg", "fileid": "g1295_cx3kdt2.jpg"}, {"id": "g1295_cx3mpam", "comment": "[TOBLERONE DEAD AHEAD!](https://imgur.com/DGk4TWR)", "date": "2015-11-17 14:41:13", "seriesname": "g1295_cx3mpam", "file": "/media/jbrogan4/scratch2/Reddit_Prov_Dataset_v6/_Girl_holding_a_Toblerone_creating_optical_illusion/g1295_cx3mpam.png", "URL": "http://i.imgur.com/DGk4TWR.png", "fileid": "g1295_cx3mpam.png"}, {"id": "g1295_cx3q4um", "comment": "http://imgur.com/4xYOUrn\nI'm new to this", "date": "2015-11-17 15:59:54", "seriesname": "g1295_cx3q4um", "file": "/media/jbrogan4/scratch2/Reddit_Prov_Dataset_v6/_Girl_holding_a_Toblerone_creating_optical_illusion/g1295_cx3q4um.png", "URL": "http://i.imgur.com/4xYOUrn.png", "fileid": "g1295_cx3q4um.png"}, {"id": "g1295_cx3r0ei", "comment": "Fixed another error:\n\nhttp://imgur.com/SJzikS6", "date": "2015-11-17 16:20:27", "seriesname": "g1295_cx3r0ei", "file": "/media/jbrogan4/scratch2/Reddit_Prov_Dataset_v6/_Girl_holding_a_Toblerone_creating_optical_illusion/g1295_cx3r0ei.png", "URL": "http://i.imgur.com/SJzikS6.png", "fileid": "g1295_cx3r0ei.png"}, {"id": "g1295_cx3hvrc", "comment": "[Here, take a look at this] (http://imgur.com/gallery/1uBVEfv)    \nalso, /r/OutOfTheLoop helps on occasions where you feel like you don't get stuff", "date": "2015-11-17 12:49:23", "seriesname": "g1295_cx3hvrc", "file": "/media/jbrogan4/scratch2/Reddit_Prov_Dataset_v6/_Girl_holding_a_Toblerone_creating_optical_illusion/g1295_cx3hvrc.png", "URL": "http://i.imgur.com/1uBVEfv.png", "fileid": "g1295_cx3hvrc.png"}, {"id": "g1295_cx3uw9i", "comment": "[nsfw](http://imgur.com/RONaixo)", "date": "2015-11-17 17:55:43", "seriesname": "g1295_cx3uw9i", "file": "/media/jbrogan4/scratch2/Reddit_Prov_Dataset_v6/_Girl_holding_a_Toblerone_creating_optical_illusion/g1295_cx3uw9i.png", "URL": "http://i.imgur.com/RONaixo.png", "fileid": "g1295_cx3uw9i.png"}, {"id": "g1295_cx3r7f5", "comment": "[\"Not a good time, Scott!!\"  \"Just hang on, the last one was blurry!\"](http://i.imgur.com/JZRJ9Xv.jpg)", "date": "2015-11-17 16:25:04", "seriesname": "g1295_cx3r7f5", "file": "/media/jbrogan4/scratch2/Reddit_Prov_Dataset_v6/_Girl_holding_a_Toblerone_creating_optical_illusion/g1295_cx3r7f5.jpg", "URL": "http://i.imgur.com/JZRJ9Xv.jpg", "fileid": "g1295_cx3r7f5.jpg"}, {"id": "g1295_root", "comment": "", "date": "2015-11-17 09:58:28", "seriesname": "g1295_root", "file": "/media/jbrogan4/scratch2/Reddit_Prov_Dataset_v6/_Girl_holding_a_Toblerone_creating_optical_illusion/g1295_root.jpg", "URL": "http://i.imgur.com/uiJDSG9.jpg", "fileid": "g1295_root.jpg"}, {"id": "g1295_cx3p61s", "comment": "http://i.imgur.com/kYMdeUph.jpg\n\nI did it!", "date": "2015-11-17 15:38:14", "seriesname": "g1295_cx3p61s", "file": "/media/jbrogan4/scratch2/Reddit_Prov_Dataset_v6/_Girl_holding_a_Toblerone_creating_optical_illusion/g1295_cx3p61s.jpg", "URL": "http://i.imgur.com/kYMdeUph.jpg", "fileid": "g1295_cx3p61s.jpg"}], "graph": {"name": "g1295_root"}, "directed": true}