{"links": [{"op": "none", "target": 0, "source": 45}, {"op": "none", "target": 1, "source": 45}, {"op": "none", "target": 2, "source": 45}, {"op": "none", "target": 3, "source": 30}, {"op": "none", "target": 4, "source": 30}, {"op": "none", "target": 5, "source": 8}, {"op": "none", "target": 6, "source": 45}, {"op": "none", "target": 7, "source": 45}, {"op": "none", "target": 8, "source": 45}, {"op": "none", "target": 9, "source": 45}, {"op": "none", "target": 10, "source": 45}, {"op": "none", "target": 11, "source": 45}, {"op": "none", "target": 12, "source": 45}, {"op": "none", "target": 13, "source": 38}, {"op": "none", "target": 14, "source": 45}, {"op": "none", "target": 15, "source": 45}, {"op": "none", "target": 16, "source": 45}, {"op": "none", "target": 17, "source": 45}, {"op": "none", "target": 18, "source": 45}, {"op": "none", "target": 19, "source": 45}, {"op": "none", "target": 20, "source": 45}, {"op": "none", "target": 21, "source": 45}, {"op": "none", "target": 22, "source": 45}, {"op": "none", "target": 23, "source": 14}, {"op": "none", "target": 24, "source": 45}, {"op": "none", "target": 25, "source": 45}, {"op": "none", "target": 26, "source": 45}, {"op": "none", "target": 27, "source": 45}, {"op": "none", "target": 28, "source": 45}, {"op": "none", "target": 29, "source": 45}, {"op": "none", "target": 30, "source": 45}, {"op": "none", "target": 31, "source": 45}, {"op": "none", "target": 32, "source": 39}, {"op": "none", "target": 33, "source": 45}, {"op": "none", "target": 34, "source": 45}, {"op": "none", "target": 35, "source": 2}, {"op": "none", "target": 36, "source": 45}, {"op": "none", "target": 37, "source": 45}, {"op": "none", "target": 38, "source": 45}, {"op": "none", "target": 39, "source": 30}, {"op": "none", "target": 40, "source": 45}, {"op": "none", "target": 41, "source": 45}, {"op": "none", "target": 42, "source": 45}, {"op": "none", "target": 43, "source": 45}, {"op": "none", "target": 44, "source": 45}], "title": "_Hawk_Owl_flying,_looking_into_camera", "nodes": [{"id": "g1294_cvlo3ml", "comment": "http://i.imgur.com/yIuDhTv.jpg", "date": "2015-10-02 10:13:49", "seriesname": "g1294_cvlo3ml", "file": "/media/jbrogan4/scratch2/Reddit_Prov_Dataset_v6/_Hawk_Owl_flying,_looking_into_camera/g1294_cvlo3ml.jpg", "URL": "http://i.imgur.com/yIuDhTv.jpg", "fileid": "g1294_cvlo3ml.jpg"}, {"id": "g1294_cvlwurj", "comment": "[They Promised Us Hover-Birds... I Mean Boards.](http://i.imgur.com/nSCX9WF.jpg)", "date": "2015-10-02 13:49:48", "seriesname": "g1294_cvlwurj", "file": "/media/jbrogan4/scratch2/Reddit_Prov_Dataset_v6/_Hawk_Owl_flying,_looking_into_camera/g1294_cvlwurj.jpg", "URL": "http://i.imgur.com/nSCX9WF.jpg", "fileid": "g1294_cvlwurj.jpg"}, {"id": "g1294_cvlnrqt", "comment": "[Bring me Solo and the Wookiee. They will all suffer for this outrage.](http://i.imgur.com/hl08XM8.jpg)", "date": "2015-10-02 10:04:09", "seriesname": "g1294_cvlnrqt", "file": "/media/jbrogan4/scratch2/Reddit_Prov_Dataset_v6/_Hawk_Owl_flying,_looking_into_camera/g1294_cvlnrqt.jpg", "URL": "http://i.imgur.com/hl08XM8.jpg", "fileid": "g1294_cvlnrqt.jpg"}, {"id": "g1294_cvm9y80", "comment": "http://i.imgur.com/yIuDhTv.jpg\n", "date": "2015-10-02 19:52:07", "seriesname": "g1294_cvm9y80", "file": "/media/jbrogan4/scratch2/Reddit_Prov_Dataset_v6/_Hawk_Owl_flying,_looking_into_camera/g1294_cvm9y80.jpg", "URL": "http://i.imgur.com/yIuDhTv.jpg", "fileid": "g1294_cvm9y80.jpg"}, {"id": "g1294_cvm9zzc", "comment": "Ask and you shall receive! [Mariowls] (http://i.imgur.com/xQvr677.png?1) ", "date": "2015-10-02 19:53:43", "seriesname": "g1294_cvm9zzc", "file": "/media/jbrogan4/scratch2/Reddit_Prov_Dataset_v6/_Hawk_Owl_flying,_looking_into_camera/g1294_cvm9zzc.png", "URL": "http://i.imgur.com/xQvr677.png?1", "fileid": "g1294_cvm9zzc.png"}, {"id": "g1294_cvlmf5u", "comment": "[Harry Potter closing in on the golden snitch....](http://i.imgur.com/sxwbW8q.gif)", "date": "2015-10-02 09:21:45", "seriesname": "g1294_cvlmf5u", "file": "/media/jbrogan4/scratch2/Reddit_Prov_Dataset_v6/_Hawk_Owl_flying,_looking_into_camera/g1294_cvlmf5u.jpg", "URL": "http://i.imgur.com/sxwbW8q.gif", "fileid": "g1294_cvlmf5u.gif"}, {"id": "g1294_cvljfkz", "comment": "[Watch out, Snake](http://imgur.com/an3Ny9P)", "date": "2015-10-02 07:03:31", "seriesname": "g1294_cvljfkz", "file": "/media/jbrogan4/scratch2/Reddit_Prov_Dataset_v6/_Hawk_Owl_flying,_looking_into_camera/g1294_cvljfkz.png", "URL": "http://i.imgur.com/an3Ny9P.png", "fileid": "g1294_cvljfkz.png"}, {"id": "g1294_cvljoo6", "comment": "[Angry Owls](http://i.imgur.com/Qfsx22L.jpg)\nObligatory, especially since this guy is apparently from Finland.", "date": "2015-10-02 07:18:52", "seriesname": "g1294_cvljoo6", "file": "/media/jbrogan4/scratch2/Reddit_Prov_Dataset_v6/_Hawk_Owl_flying,_looking_into_camera/g1294_cvljoo6.jpg", "URL": "http://i.imgur.com/Qfsx22L.jpg", "fileid": "g1294_cvljoo6.jpg"}, {"id": "g1294_cvliwb8", "comment": "[You didn't see shit, muggle.](http://i.imgur.com/xsFmjTq.jpg)", "date": "2015-10-02 06:26:41", "seriesname": "g1294_cvliwb8", "file": "/media/jbrogan4/scratch2/Reddit_Prov_Dataset_v6/_Hawk_Owl_flying,_looking_into_camera/g1294_cvliwb8.jpg", "URL": "http://i.imgur.com/xsFmjTq.jpg", "fileid": "g1294_cvliwb8.jpg"}, {"id": "g1294_cvlqlf5", "comment": "[You can't catch shit Wile E. Coyote, can't catch shit mate](http://i.imgur.com/g3JvS1l.png)", "date": "2015-10-02 11:18:09", "seriesname": "g1294_cvlqlf5", "file": "/media/jbrogan4/scratch2/Reddit_Prov_Dataset_v6/_Hawk_Owl_flying,_looking_into_camera/g1294_cvlqlf5.png", "URL": "http://i.imgur.com/g3JvS1l.png", "fileid": "g1294_cvlqlf5.png"}, {"id": "g1294_cvlks45", "comment": "[Role reversal](http://i.imgur.com/KpIoumQ.jpg)", "date": "2015-10-02 08:16:48", "seriesname": "g1294_cvlks45", "file": "/media/jbrogan4/scratch2/Reddit_Prov_Dataset_v6/_Hawk_Owl_flying,_looking_into_camera/g1294_cvlks45.jpg", "URL": "http://i.imgur.com/KpIoumQ.jpg", "fileid": "g1294_cvlks45.jpg"}, {"id": "g1294_cvlr4f1", "comment": "[Oh, hey!](http://imgur.com/UWAFDt6)\n\n", "date": "2015-10-02 11:30:46", "seriesname": "g1294_cvlr4f1", "file": "/media/jbrogan4/scratch2/Reddit_Prov_Dataset_v6/_Hawk_Owl_flying,_looking_into_camera/g1294_cvlr4f1.png", "URL": "http://i.imgur.com/UWAFDt6.png", "fileid": "g1294_cvlr4f1.png"}, {"id": "g1294_cvlml7h", "comment": "[He's throwing a Howl Mary!](http://i.imgur.com/x48MzcS.jpg)", "date": "2015-10-02 09:27:20", "seriesname": "g1294_cvlml7h", "file": "/media/jbrogan4/scratch2/Reddit_Prov_Dataset_v6/_Hawk_Owl_flying,_looking_into_camera/g1294_cvlml7h.jpg", "URL": "http://i.imgur.com/x48MzcS.jpg", "fileid": "g1294_cvlml7h.jpg"}, {"id": "g1294_cvlrbq3", "comment": "[Death Stare (fixed)](http://i.imgur.com/26ZSwMG.jpg?1)", "date": "2015-10-02 11:35:37", "seriesname": "g1294_cvlrbq3", "file": "/media/jbrogan4/scratch2/Reddit_Prov_Dataset_v6/_Hawk_Owl_flying,_looking_into_camera/g1294_cvlrbq3.jpg", "URL": "http://i.imgur.com/26ZSwMG.jpg?1", "fileid": "g1294_cvlrbq3.jpg"}, {"id": "g1294_cvlk0dk", "comment": "[The rare and endangered fla-owl spotted in its natural habitat with its young.](http://i.imgur.com/UKC0N84.jpg)", "date": "2015-10-02 07:37:09", "seriesname": "g1294_cvlk0dk", "file": "/media/jbrogan4/scratch2/Reddit_Prov_Dataset_v6/_Hawk_Owl_flying,_looking_into_camera/g1294_cvlk0dk.jpg", "URL": "http://i.imgur.com/UKC0N84.jpg", "fileid": "g1294_cvlk0dk.jpg"}, {"id": "g1294_cvluuqz", "comment": "http://imgur.com/EUTcIYg touchdown!", "date": "2015-10-02 13:00:26", "seriesname": "g1294_cvluuqz", "file": "/media/jbrogan4/scratch2/Reddit_Prov_Dataset_v6/_Hawk_Owl_flying,_looking_into_camera/g1294_cvluuqz.png", "URL": "http://i.imgur.com/EUTcIYg.png", "fileid": "g1294_cvluuqz.png"}, {"id": "g1294_cvlpsp4", "comment": "[Owrial refueling](http://i.imgur.com/kEhbjfD.jpg)", "date": "2015-10-02 10:59:26", "seriesname": "g1294_cvlpsp4", "file": "/media/jbrogan4/scratch2/Reddit_Prov_Dataset_v6/_Hawk_Owl_flying,_looking_into_camera/g1294_cvlpsp4.jpg", "URL": "http://i.imgur.com/kEhbjfD.jpg", "fileid": "g1294_cvlpsp4.jpg"}, {"id": "g1294_cvlotcq", "comment": "http://i.imgur.com/RyhvJ7z.gif", "date": "2015-10-02 10:33:44", "seriesname": "g1294_cvlotcq", "file": "/media/jbrogan4/scratch2/Reddit_Prov_Dataset_v6/_Hawk_Owl_flying,_looking_into_camera/g1294_cvlotcq.jpg", "URL": "http://i.imgur.com/RyhvJ7z.gif", "fileid": "g1294_cvlotcq.gif"}, {"id": "g1294_cvlp735", "comment": "[MFW Yee](http://i.imgur.com/LBNkXSu.png)", "date": "2015-10-02 10:43:52", "seriesname": "g1294_cvlp735", "file": "/media/jbrogan4/scratch2/Reddit_Prov_Dataset_v6/_Hawk_Owl_flying,_looking_into_camera/g1294_cvlp735.png", "URL": "http://i.imgur.com/LBNkXSu.png", "fileid": "g1294_cvlp735.png"}, {"id": "g1294_cvln6fb", "comment": "[HawkOwlEye](http://i.imgur.com/ubN4UV9.jpg)", "date": "2015-10-02 09:46:13", "seriesname": "g1294_cvln6fb", "file": "/media/jbrogan4/scratch2/Reddit_Prov_Dataset_v6/_Hawk_Owl_flying,_looking_into_camera/g1294_cvln6fb.jpg", "URL": "http://i.imgur.com/ubN4UV9.jpg", "fileid": "g1294_cvln6fb.jpg"}, {"id": "g1294_cvljaqt", "comment": "[The end of the world](http://i.imgur.com/jfvOsxq.jpg)", "date": "2015-10-02 06:54:42", "seriesname": "g1294_cvljaqt", "file": "/media/jbrogan4/scratch2/Reddit_Prov_Dataset_v6/_Hawk_Owl_flying,_looking_into_camera/g1294_cvljaqt.jpg", "URL": "http://i.imgur.com/jfvOsxq.jpg", "fileid": "g1294_cvljaqt.jpg"}, {"id": "g1294_cvlqyf4", "comment": "[Kirov reporting](http://imgur.com/G2x1J56)", "date": "2015-10-02 11:26:49", "seriesname": "g1294_cvlqyf4", "file": "/media/jbrogan4/scratch2/Reddit_Prov_Dataset_v6/_Hawk_Owl_flying,_looking_into_camera/g1294_cvlqyf4.png", "URL": "http://i.imgur.com/G2x1J56.png", "fileid": "g1294_cvlqyf4.png"}, {"id": "g1294_cvlqso4", "comment": "Hand over that god damn Hawk Owl! http://imgur.com/t4e0IXw\n", "date": "2015-10-02 11:23:02", "seriesname": "g1294_cvlqso4", "file": "/media/jbrogan4/scratch2/Reddit_Prov_Dataset_v6/_Hawk_Owl_flying,_looking_into_camera/g1294_cvlqso4.png", "URL": "http://i.imgur.com/t4e0IXw.png", "fileid": "g1294_cvlqso4.png"}, {"id": "g1294_cvlvvvt", "comment": "[Just for you!](http://i.imgur.com/qLhBj9U.jpg)", "date": "2015-10-02 13:26:10", "seriesname": "g1294_cvlvvvt", "file": "/media/jbrogan4/scratch2/Reddit_Prov_Dataset_v6/_Hawk_Owl_flying,_looking_into_camera/g1294_cvlvvvt.jpg", "URL": "http://i.imgur.com/qLhBj9U.jpg", "fileid": "g1294_cvlvvvt.jpg"}, {"id": "g1294_cvm4w3g", "comment": "The extraordinary [feathered seals of New Zealand](http://imgur.com/a/78Pl9)", "date": "2015-10-02 17:18:05", "seriesname": "g1294_cvm4w3g", "file": "/media/jbrogan4/scratch2/Reddit_Prov_Dataset_v6/_Hawk_Owl_flying,_looking_into_camera/g1294_cvm4w3g.png", "URL": "http://i.imgur.com/78Pl9.png", "fileid": "g1294_cvm4w3g.png"}, {"id": "g1294_cvlsnwq", "comment": "[*OwlMarine*](http://i.imgur.com/RUIbjux.jpg)", "date": "2015-10-02 12:08:21", "seriesname": "g1294_cvlsnwq", "file": "/media/jbrogan4/scratch2/Reddit_Prov_Dataset_v6/_Hawk_Owl_flying,_looking_into_camera/g1294_cvlsnwq.jpg", "URL": "http://i.imgur.com/RUIbjux.jpg", "fileid": "g1294_cvlsnwq.jpg"}, {"id": "g1294_cvlxnd7", "comment": "[Rocket owl](http://i.imgur.com/rscE9cg.jpg)", "date": "2015-10-02 14:10:02", "seriesname": "g1294_cvlxnd7", "file": "/media/jbrogan4/scratch2/Reddit_Prov_Dataset_v6/_Hawk_Owl_flying,_looking_into_camera/g1294_cvlxnd7.jpg", "URL": "http://i.imgur.com/rscE9cg.jpg", "fileid": "g1294_cvlxnd7.jpg"}, {"id": "g1294_cvm8n7z", "comment": "[The Reddit 500](http://imgur.com/pSU7axr)", "date": "2015-10-02 19:10:02", "seriesname": "g1294_cvm8n7z", "file": "/media/jbrogan4/scratch2/Reddit_Prov_Dataset_v6/_Hawk_Owl_flying,_looking_into_camera/g1294_cvm8n7z.png", "URL": "http://i.imgur.com/pSU7axr.png", "fileid": "g1294_cvm8n7z.png"}, {"id": "g1294_cvlya4q", "comment": "http://i.imgur.com/nwvEqFZ.jpg", "date": "2015-10-02 14:26:05", "seriesname": "g1294_cvlya4q", "file": "/media/jbrogan4/scratch2/Reddit_Prov_Dataset_v6/_Hawk_Owl_flying,_looking_into_camera/g1294_cvlya4q.jpg", "URL": "http://i.imgur.com/nwvEqFZ.jpg", "fileid": "g1294_cvlya4q.jpg"}, {"id": "g1294_cvlnojq", "comment": "~~[I don't even know...](http://i.imgur.com/E7QJU1u.jpg)~~\n\n[BEAKS](http://i.imgur.com/RWbRfMq.jpg) as suggested by /u/dcred123", "date": "2015-10-02 10:01:29", "seriesname": "g1294_cvlnojq", "file": "/media/jbrogan4/scratch2/Reddit_Prov_Dataset_v6/_Hawk_Owl_flying,_looking_into_camera/g1294_cvlnojq.jpg", "URL": "http://i.imgur.com/RWbRfMq.jpg", "fileid": "g1294_cvlnojq.jpg"}, {"id": "g1294_cvll7zz", "comment": "[Owling run](http://i.imgur.com/VWaVKOJ.jpg)", "date": "2015-10-02 08:36:16", "seriesname": "g1294_cvll7zz", "file": "/media/jbrogan4/scratch2/Reddit_Prov_Dataset_v6/_Hawk_Owl_flying,_looking_into_camera/g1294_cvll7zz.jpg", "URL": "http://i.imgur.com/VWaVKOJ.jpg", "fileid": "g1294_cvll7zz.jpg"}, {"id": "g1294_cvm5uy4", "comment": "http://i.imgur.com/yxrkYT8.jpg", "date": "2015-10-02 17:45:26", "seriesname": "g1294_cvm5uy4", "file": "/media/jbrogan4/scratch2/Reddit_Prov_Dataset_v6/_Hawk_Owl_flying,_looking_into_camera/g1294_cvm5uy4.jpg", "URL": "http://i.imgur.com/yxrkYT8.jpg", "fileid": "g1294_cvm5uy4.jpg"}, {"id": "g1294_cvmf81c", "comment": "http://imgur.com/LWCBrxr", "date": "2015-10-02 23:00:45", "seriesname": "g1294_cvmf81c", "file": "/media/jbrogan4/scratch2/Reddit_Prov_Dataset_v6/_Hawk_Owl_flying,_looking_into_camera/g1294_cvmf81c.png", "URL": "http://i.imgur.com/LWCBrxr.png", "fileid": "g1294_cvmf81c.png"}, {"id": "g1294_cvlpwc7", "comment": "[The new Super Smash Bros. stage looks great!](http://imgur.com/LYuVYwo)", "date": "2015-10-02 11:02:00", "seriesname": "g1294_cvlpwc7", "file": "/media/jbrogan4/scratch2/Reddit_Prov_Dataset_v6/_Hawk_Owl_flying,_looking_into_camera/g1294_cvlpwc7.png", "URL": "http://i.imgur.com/LYuVYwo.png", "fileid": "g1294_cvlpwc7.png"}, {"id": "g1294_cvm4zif", "comment": "[Evel Knieveowl](http://imgur.com/eiVl81A)", "date": "2015-10-02 17:20:46", "seriesname": "g1294_cvm4zif", "file": "/media/jbrogan4/scratch2/Reddit_Prov_Dataset_v6/_Hawk_Owl_flying,_looking_into_camera/g1294_cvm4zif.png", "URL": "http://i.imgur.com/eiVl81A.png", "fileid": "g1294_cvm4zif.png"}, {"id": "g1294_cvlpbaf", "comment": "[Who's Carrie Fisher?](http://i.imgur.com/C5Fzakg.jpg)", "date": "2015-10-02 10:46:58", "seriesname": "g1294_cvlpbaf", "file": "/media/jbrogan4/scratch2/Reddit_Prov_Dataset_v6/_Hawk_Owl_flying,_looking_into_camera/g1294_cvlpbaf.jpg", "URL": "http://i.imgur.com/C5Fzakg.jpg", "fileid": "g1294_cvlpbaf.jpg"}, {"id": "g1294_cvlt3br", "comment": "Good day gentlemen.\n\nhttp://imgur.com/crXwQPd", "date": "2015-10-02 12:19:09", "seriesname": "g1294_cvlt3br", "file": "/media/jbrogan4/scratch2/Reddit_Prov_Dataset_v6/_Hawk_Owl_flying,_looking_into_camera/g1294_cvlt3br.png", "URL": "http://i.imgur.com/crXwQPd.png", "fileid": "g1294_cvlt3br.png"}, {"id": "g1294_cvlrd3d", "comment": "[Nic Cowl](http://imgur.com/pvbmm97)", "date": "2015-10-02 11:36:33", "seriesname": "g1294_cvlrd3d", "file": "/media/jbrogan4/scratch2/Reddit_Prov_Dataset_v6/_Hawk_Owl_flying,_looking_into_camera/g1294_cvlrd3d.png", "URL": "http://i.imgur.com/pvbmm97.png", "fileid": "g1294_cvlrd3d.png"}, {"id": "g1294_cvllpx3", "comment": "[Death Stare](http://i.imgur.com/4zs7bz2.jpg?1)", "date": "2015-10-02 08:56:21", "seriesname": "g1294_cvllpx3", "file": "/media/jbrogan4/scratch2/Reddit_Prov_Dataset_v6/_Hawk_Owl_flying,_looking_into_camera/g1294_cvllpx3.jpg", "URL": "http://i.imgur.com/4zs7bz2.jpg?1", "fileid": "g1294_cvllpx3.jpg"}, {"id": "g1294_cvlohl7", "comment": "[Owling birth](http://i.imgur.com/D4jxDyD.jpg)", "date": "2015-10-02 10:24:41", "seriesname": "g1294_cvlohl7", "file": "/media/jbrogan4/scratch2/Reddit_Prov_Dataset_v6/_Hawk_Owl_flying,_looking_into_camera/g1294_cvlohl7.jpg", "URL": "http://i.imgur.com/D4jxDyD.jpg", "fileid": "g1294_cvlohl7.jpg"}, {"id": "g1294_cvlqohn", "comment": "[OWL THE HUMANITY!](http://imgur.com/TYd8n5j)", "date": "2015-10-02 11:20:12", "seriesname": "g1294_cvlqohn", "file": "/media/jbrogan4/scratch2/Reddit_Prov_Dataset_v6/_Hawk_Owl_flying,_looking_into_camera/g1294_cvlqohn.png", "URL": "http://i.imgur.com/TYd8n5j.png", "fileid": "g1294_cvlqohn.png"}, {"id": "g1294_cvlr1ih", "comment": "[A true feather ball](http://i.imgur.com/uZ1XRR9.jpg)", "date": "2015-10-02 11:28:52", "seriesname": "g1294_cvlr1ih", "file": "/media/jbrogan4/scratch2/Reddit_Prov_Dataset_v6/_Hawk_Owl_flying,_looking_into_camera/g1294_cvlr1ih.jpg", "URL": "http://i.imgur.com/uZ1XRR9.jpg", "fileid": "g1294_cvlr1ih.jpg"}, {"id": "g1294_cvlzzow", "comment": "[Hawk Fowl flying, looking a bit fishy](http://i.imgur.com/MUOW8sK.jpg)", "date": "2015-10-02 15:09:05", "seriesname": "g1294_cvlzzow", "file": "/media/jbrogan4/scratch2/Reddit_Prov_Dataset_v6/_Hawk_Owl_flying,_looking_into_camera/g1294_cvlzzow.jpg", "URL": "http://i.imgur.com/MUOW8sK.jpg", "fileid": "g1294_cvlzzow.jpg"}, {"id": "g1294_cvm238k", "comment": "I hope I'm not late!\n[Led Zeppelin](http://i.imgur.com/Md8BLVV.jpg)", "date": "2015-10-02 16:02:17", "seriesname": "g1294_cvm238k", "file": "/media/jbrogan4/scratch2/Reddit_Prov_Dataset_v6/_Hawk_Owl_flying,_looking_into_camera/g1294_cvm238k.jpg", "URL": "http://i.imgur.com/Md8BLVV.jpg", "fileid": "g1294_cvm238k.jpg"}, {"id": "g1294_cvlmo8h", "comment": "[Angry Owl firing guns](http://imgur.com/SzwrW6I)", "date": "2015-10-02 09:30:04", "seriesname": "g1294_cvlmo8h", "file": "/media/jbrogan4/scratch2/Reddit_Prov_Dataset_v6/_Hawk_Owl_flying,_looking_into_camera/g1294_cvlmo8h.png", "URL": "http://i.imgur.com/SzwrW6I.png", "fileid": "g1294_cvlmo8h.png"}, {"id": "g1294_root", "comment": "", "date": "2015-10-02 04:45:51", "seriesname": "g1294_root", "file": "/media/jbrogan4/scratch2/Reddit_Prov_Dataset_v6/_Hawk_Owl_flying,_looking_into_camera/g1294_root.jpg", "URL": "https://i.imgur.com/RhamuVa.jpg", "fileid": "g1294_root.jpg"}], "graph": {"name": "g1294_root"}, "directed": true}