{"links": [{"op": "none", "target": 0, "source": 52}, {"op": "none", "target": 1, "source": 52}, {"op": "none", "target": 2, "source": 52}, {"op": "none", "target": 3, "source": 52}, {"op": "none", "target": 4, "source": 52}, {"op": "none", "target": 5, "source": 52}, {"op": "none", "target": 6, "source": 52}, {"op": "none", "target": 7, "source": 52}, {"op": "none", "target": 8, "source": 52}, {"op": "none", "target": 9, "source": 52}, {"op": "none", "target": 10, "source": 52}, {"op": "none", "target": 11, "source": 52}, {"op": "none", "target": 12, "source": 52}, {"op": "none", "target": 13, "source": 52}, {"op": "none", "target": 14, "source": 52}, {"op": "none", "target": 15, "source": 52}, {"op": "none", "target": 16, "source": 52}, {"op": "none", "target": 17, "source": 52}, {"op": "none", "target": 18, "source": 52}, {"op": "none", "target": 19, "source": 52}, {"op": "none", "target": 20, "source": 52}, {"op": "none", "target": 21, "source": 52}, {"op": "none", "target": 22, "source": 48}, {"op": "none", "target": 23, "source": 52}, {"op": "none", "target": 24, "source": 35}, {"op": "none", "target": 25, "source": 52}, {"op": "none", "target": 26, "source": 32}, {"op": "none", "target": 27, "source": 52}, {"op": "none", "target": 28, "source": 52}, {"op": "none", "target": 29, "source": 52}, {"op": "none", "target": 30, "source": 52}, {"op": "none", "target": 31, "source": 52}, {"op": "none", "target": 32, "source": 52}, {"op": "none", "target": 33, "source": 52}, {"op": "none", "target": 34, "source": 52}, {"op": "none", "target": 35, "source": 29}, {"op": "none", "target": 36, "source": 52}, {"op": "none", "target": 37, "source": 52}, {"op": "none", "target": 38, "source": 52}, {"op": "none", "target": 39, "source": 52}, {"op": "none", "target": 40, "source": 52}, {"op": "none", "target": 41, "source": 52}, {"op": "none", "target": 42, "source": 52}, {"op": "none", "target": 43, "source": 52}, {"op": "none", "target": 44, "source": 52}, {"op": "none", "target": 45, "source": 48}, {"op": "none", "target": 46, "source": 52}, {"op": "none", "target": 47, "source": 52}, {"op": "none", "target": 48, "source": 52}, {"op": "none", "target": 49, "source": 21}, {"op": "none", "target": 50, "source": 52}, {"op": "none", "target": 51, "source": 52}], "title": "_Shocked_Classic_Goofy", "nodes": [{"id": "g1292_d1ljn1c", "comment": "http://i.imgur.com/BPEuYwr.png", "date": "2016-04-01 03:43:11", "seriesname": "g1292_d1ljn1c", "file": "/media/jbrogan4/scratch2/Reddit_Prov_Dataset_v6/_Shocked_Classic_Goofy/g1292_d1ljn1c.png", "URL": "http://i.imgur.com/BPEuYwr.png", "fileid": "g1292_d1ljn1c.png"}, {"id": "g1292_d1m14ny", "comment": "[Did this on my phone] (http://m.imgur.com/XC1aIif)", "date": "2016-04-01 13:45:09", "seriesname": "g1292_d1m14ny", "file": "/media/jbrogan4/scratch2/Reddit_Prov_Dataset_v6/_Shocked_Classic_Goofy/g1292_d1m14ny.png", "URL": "http://i.imgur.com/XC1aIif.png", "fileid": "g1292_d1m14ny.png"}, {"id": "g1292_d1lvuzb", "comment": "i didn't get this one at first...\n\nhttp://i.imgur.com/yDlPisr.png", "date": "2016-04-01 11:42:34", "seriesname": "g1292_d1lvuzb", "file": "/media/jbrogan4/scratch2/Reddit_Prov_Dataset_v6/_Shocked_Classic_Goofy/g1292_d1lvuzb.png", "URL": "http://i.imgur.com/yDlPisr.png", "fileid": "g1292_d1lvuzb.png"}, {"id": "g1292_d1m8rn9", "comment": "[Goofy Just Wants to Have Fun](http://imgur.com/ge4yJF0)\n\nBonus: this was my first try and I don't know wtf happened [A little too much fun](http://imgur.com/hnxGar9)", "date": "2016-04-01 16:41:28", "seriesname": "g1292_d1m8rn9", "file": "/media/jbrogan4/scratch2/Reddit_Prov_Dataset_v6/_Shocked_Classic_Goofy/g1292_d1m8rn9.png", "URL": "http://i.imgur.com/hnxGar9.png", "fileid": "g1292_d1m8rn9.png"}, {"id": "g1292_d1lkpkr", "comment": "[Shocked at the VMA performance] (http://imgur.com/Xu1AzDv)", "date": "2016-04-01 04:46:36", "seriesname": "g1292_d1lkpkr", "file": "/media/jbrogan4/scratch2/Reddit_Prov_Dataset_v6/_Shocked_Classic_Goofy/g1292_d1lkpkr.png", "URL": "http://i.imgur.com/Xu1AzDv.png", "fileid": "g1292_d1lkpkr.png"}, {"id": "g1292_d1lp4pp", "comment": "[Sudden Clarity Goofy](http://i.imgur.com/iS3rh92.jpg)", "date": "2016-04-01 08:41:15", "seriesname": "g1292_d1lp4pp", "file": "/media/jbrogan4/scratch2/Reddit_Prov_Dataset_v6/_Shocked_Classic_Goofy/g1292_d1lp4pp.jpg", "URL": "http://i.imgur.com/iS3rh92.jpg", "fileid": "g1292_d1lp4pp.jpg"}, {"id": "g1292_d1llfg7", "comment": "[NSFW Expectations 13](http://i.imgur.com/w8tdfYN.jpg)\n\n[Full album here.](http://imgur.com/a/6pVmX)", "date": "2016-04-01 05:32:33", "seriesname": "g1292_d1llfg7", "file": "/media/jbrogan4/scratch2/Reddit_Prov_Dataset_v6/_Shocked_Classic_Goofy/g1292_d1llfg7.png", "URL": "http://i.imgur.com/6pVmX.png", "fileid": "g1292_d1llfg7.png"}, {"id": "g1292_d1lw5a1", "comment": "[When the acid kicks in](http://i.imgur.com/OFW1ec5.jpg)", "date": "2016-04-01 11:49:17", "seriesname": "g1292_d1lw5a1", "file": "/media/jbrogan4/scratch2/Reddit_Prov_Dataset_v6/_Shocked_Classic_Goofy/g1292_d1lw5a1.jpg", "URL": "http://i.imgur.com/OFW1ec5.jpg", "fileid": "g1292_d1lw5a1.jpg"}, {"id": "g1292_d1mc1ae", "comment": "[I said it looked goofy](http://i.imgur.com/kX2cKRG.png)", "date": "2016-04-01 18:04:48", "seriesname": "g1292_d1mc1ae", "file": "/media/jbrogan4/scratch2/Reddit_Prov_Dataset_v6/_Shocked_Classic_Goofy/g1292_d1mc1ae.png", "URL": "http://i.imgur.com/kX2cKRG.png", "fileid": "g1292_d1mc1ae.png"}, {"id": "g1292_d1m384a", "comment": "https://imgur.com/51fJVlK", "date": "2016-04-01 14:34:11", "seriesname": "g1292_d1m384a", "file": "/media/jbrogan4/scratch2/Reddit_Prov_Dataset_v6/_Shocked_Classic_Goofy/g1292_d1m384a.png", "URL": "http://i.imgur.com/51fJVlK.png", "fileid": "g1292_d1m384a.png"}, {"id": "g1292_d1llc4p", "comment": "[Walking Banana](http://imgur.com/LTXTMFo)", "date": "2016-04-01 05:26:32", "seriesname": "g1292_d1llc4p", "file": "/media/jbrogan4/scratch2/Reddit_Prov_Dataset_v6/_Shocked_Classic_Goofy/g1292_d1llc4p.png", "URL": "http://i.imgur.com/LTXTMFo.png", "fileid": "g1292_d1llc4p.png"}, {"id": "g1292_d1lle1q", "comment": "[Whaaaa?](http://i.imgur.com/eSH4wNe.jpg)", "date": "2016-04-01 05:30:05", "seriesname": "g1292_d1lle1q", "file": "/media/jbrogan4/scratch2/Reddit_Prov_Dataset_v6/_Shocked_Classic_Goofy/g1292_d1lle1q.jpg", "URL": "http://i.imgur.com/eSH4wNe.jpg", "fileid": "g1292_d1lle1q.jpg"}, {"id": "g1292_d1lk95b", "comment": "[First one to be lobotomized at the cuckoo's nest](http://i.imgur.com/vTVK5O4.png)", "date": "2016-04-01 04:18:56", "seriesname": "g1292_d1lk95b", "file": "/media/jbrogan4/scratch2/Reddit_Prov_Dataset_v6/_Shocked_Classic_Goofy/g1292_d1lk95b.png", "URL": "http://i.imgur.com/vTVK5O4.png", "fileid": "g1292_d1lk95b.png"}, {"id": "g1292_d1lt7t2", "comment": "[too much meth can make you goofy](http://i.imgur.com/AV260YW.png)", "date": "2016-04-01 10:39:21", "seriesname": "g1292_d1lt7t2", "file": "/media/jbrogan4/scratch2/Reddit_Prov_Dataset_v6/_Shocked_Classic_Goofy/g1292_d1lt7t2.png", "URL": "http://i.imgur.com/AV260YW.png", "fileid": "g1292_d1lt7t2.png"}, {"id": "g1292_d1ln4aj", "comment": "http://i.imgur.com/aKxOXlq.jpg", "date": "2016-04-01 07:13:27", "seriesname": "g1292_d1ln4aj", "file": "/media/jbrogan4/scratch2/Reddit_Prov_Dataset_v6/_Shocked_Classic_Goofy/g1292_d1ln4aj.jpg", "URL": "http://i.imgur.com/aKxOXlq.jpg", "fileid": "g1292_d1ln4aj.jpg"}, {"id": "g1292_d1ll6fl", "comment": "My mistake.  [Fixed](http://i.imgur.com/Ljqpjab.jpg)", "date": "2016-04-01 05:16:22", "seriesname": "g1292_d1ll6fl", "file": "/media/jbrogan4/scratch2/Reddit_Prov_Dataset_v6/_Shocked_Classic_Goofy/g1292_d1ll6fl.jpg", "URL": "http://i.imgur.com/Ljqpjab.jpg", "fileid": "g1292_d1ll6fl.jpg"}, {"id": "g1292_d1lnszq", "comment": "http://i.imgur.com/IfflzN7.jpg\n", "date": "2016-04-01 07:47:07", "seriesname": "g1292_d1lnszq", "file": "/media/jbrogan4/scratch2/Reddit_Prov_Dataset_v6/_Shocked_Classic_Goofy/g1292_d1lnszq.jpg", "URL": "http://i.imgur.com/IfflzN7.jpg", "fileid": "g1292_d1lnszq.jpg"}, {"id": "g1292_d1lmlaw", "comment": "Let's get physical:)\n\nhttp://i.imgur.com/V9fH3EY.jpg", "date": "2016-04-01 06:44:21", "seriesname": "g1292_d1lmlaw", "file": "/media/jbrogan4/scratch2/Reddit_Prov_Dataset_v6/_Shocked_Classic_Goofy/g1292_d1lmlaw.jpg", "URL": "http://i.imgur.com/V9fH3EY.jpg", "fileid": "g1292_d1lmlaw.jpg"}, {"id": "g1292_d1ls3l2", "comment": "http://i.imgur.com/k2eiZGP.png", "date": "2016-04-01 10:10:41", "seriesname": "g1292_d1ls3l2", "file": "/media/jbrogan4/scratch2/Reddit_Prov_Dataset_v6/_Shocked_Classic_Goofy/g1292_d1ls3l2.png", "URL": "http://i.imgur.com/k2eiZGP.png", "fileid": "g1292_d1ls3l2.png"}, {"id": "g1292_d1lru6l", "comment": "[Steve Goofscemi eyes](http://i.imgur.com/s7LugNG.jpg)", "date": "2016-04-01 10:03:39", "seriesname": "g1292_d1lru6l", "file": "/media/jbrogan4/scratch2/Reddit_Prov_Dataset_v6/_Shocked_Classic_Goofy/g1292_d1lru6l.jpg", "URL": "http://i.imgur.com/s7LugNG.jpg", "fileid": "g1292_d1lru6l.jpg"}, {"id": "g1292_d1lj6ks", "comment": "[Say no more!](http://i.imgur.com/l0PY2Dq.jpg)", "date": "2016-04-01 03:18:10", "seriesname": "g1292_d1lj6ks", "file": "/media/jbrogan4/scratch2/Reddit_Prov_Dataset_v6/_Shocked_Classic_Goofy/g1292_d1lj6ks.jpg", "URL": "http://i.imgur.com/l0PY2Dq.jpg", "fileid": "g1292_d1lj6ks.jpg"}, {"id": "g1292_d1lnn40", "comment": "[Subtle](http://i.imgur.com/vO2h0mT.png)", "date": "2016-04-01 07:39:16", "seriesname": "g1292_d1lnn40", "file": "/media/jbrogan4/scratch2/Reddit_Prov_Dataset_v6/_Shocked_Classic_Goofy/g1292_d1lnn40.png", "URL": "http://i.imgur.com/vO2h0mT.png", "fileid": "g1292_d1lnn40.png"}, {"id": "g1292_d1m0nme", "comment": "[My eyes are up here, mister!!!!](http://imgur.com/1QaGpr9)", "date": "2016-04-01 13:34:06", "seriesname": "g1292_d1m0nme", "file": "/media/jbrogan4/scratch2/Reddit_Prov_Dataset_v6/_Shocked_Classic_Goofy/g1292_d1m0nme.png", "URL": "http://i.imgur.com/1QaGpr9.png", "fileid": "g1292_d1m0nme.png"}, {"id": "g1292_d1litp9", "comment": "[**Umm...SIR?!**](http://i.imgur.com/pO8TYof.png)", "date": "2016-04-01 02:59:49", "seriesname": "g1292_d1litp9", "file": "/media/jbrogan4/scratch2/Reddit_Prov_Dataset_v6/_Shocked_Classic_Goofy/g1292_d1litp9.png", "URL": "http://i.imgur.com/pO8TYof.png", "fileid": "g1292_d1litp9.png"}, {"id": "g1292_d1m1jdp", "comment": "I'm pretty sure they gave him a nose job early on in the series http://d.gr-assets.com/books/1344265913l/1480594.jpg", "date": "2016-04-01 13:54:50", "seriesname": "g1292_d1m1jdp", "file": "/media/jbrogan4/scratch2/Reddit_Prov_Dataset_v6/_Shocked_Classic_Goofy/g1292_d1m1jdp.jpg", "URL": "http://d.gr-assets.com/books/1344265913l/1480594.jpg", "fileid": "g1292_d1m1jdp.jpg"}, {"id": "g1292_d1ljk2f", "comment": "[Vietnam Flashback](http://imgur.com/KtB4krY) as requested. ", "date": "2016-04-01 03:38:30", "seriesname": "g1292_d1ljk2f", "file": "/media/jbrogan4/scratch2/Reddit_Prov_Dataset_v6/_Shocked_Classic_Goofy/g1292_d1ljk2f.png", "URL": "http://i.imgur.com/KtB4krY.png", "fileid": "g1292_d1ljk2f.png"}, {"id": "g1292_d1ln77k", "comment": "[**Do I Look Illegal?**](http://i.imgur.com/kPSaXLB.jpg)", "date": "2016-04-01 07:17:39", "seriesname": "g1292_d1ln77k", "file": "/media/jbrogan4/scratch2/Reddit_Prov_Dataset_v6/_Shocked_Classic_Goofy/g1292_d1ln77k.jpg", "URL": "http://i.imgur.com/kPSaXLB.jpg", "fileid": "g1292_d1ln77k.jpg"}, {"id": "g1292_d1llblg", "comment": "[D:](http://i.imgur.com/L4JoQ7t.png)  ", "date": "2016-04-01 05:25:37", "seriesname": "g1292_d1llblg", "file": "/media/jbrogan4/scratch2/Reddit_Prov_Dataset_v6/_Shocked_Classic_Goofy/g1292_d1llblg.png", "URL": "http://i.imgur.com/L4JoQ7t.png", "fileid": "g1292_d1llblg.png"}, {"id": "g1292_d1lvo7w", "comment": "Gawrsh!\n\n[#Clinical](http://i.imgur.com/pgj3ao4.jpg)", "date": "2016-04-01 11:38:09", "seriesname": "g1292_d1lvo7w", "file": "/media/jbrogan4/scratch2/Reddit_Prov_Dataset_v6/_Shocked_Classic_Goofy/g1292_d1lvo7w.jpg", "URL": "http://i.imgur.com/pgj3ao4.jpg", "fileid": "g1292_d1lvo7w.jpg"}, {"id": "g1292_d1lkvmv", "comment": "[Wait a minute...what am I?](https://imgur.com/Bd0TTvY)", "date": "2016-04-01 04:57:18", "seriesname": "g1292_d1lkvmv", "file": "/media/jbrogan4/scratch2/Reddit_Prov_Dataset_v6/_Shocked_Classic_Goofy/g1292_d1lkvmv.png", "URL": "http://i.imgur.com/Bd0TTvY.png", "fileid": "g1292_d1lkvmv.png"}, {"id": "g1292_d1lo9r6", "comment": "[realization](http://i.imgur.com/K7yAknq.jpg)", "date": "2016-04-01 08:07:48", "seriesname": "g1292_d1lo9r6", "file": "/media/jbrogan4/scratch2/Reddit_Prov_Dataset_v6/_Shocked_Classic_Goofy/g1292_d1lo9r6.jpg", "URL": "http://i.imgur.com/K7yAknq.jpg", "fileid": "g1292_d1lo9r6.jpg"}, {"id": "g1292_d1lmu2v", "comment": "[OOPS!](http://imgur.com/dKyetJD)", "date": "2016-04-01 06:58:11", "seriesname": "g1292_d1lmu2v", "file": "/media/jbrogan4/scratch2/Reddit_Prov_Dataset_v6/_Shocked_Classic_Goofy/g1292_d1lmu2v.png", "URL": "http://i.imgur.com/dKyetJD.png", "fileid": "g1292_d1lmu2v.png"}, {"id": "g1292_d1lk8p2", "comment": "[We're goin' straight to the top Goofster, and I want ya beside me the whooooole way!](http://i.imgur.com/B99K1d5.jpg)", "date": "2016-04-01 04:18:10", "seriesname": "g1292_d1lk8p2", "file": "/media/jbrogan4/scratch2/Reddit_Prov_Dataset_v6/_Shocked_Classic_Goofy/g1292_d1lk8p2.jpg", "URL": "http://i.imgur.com/B99K1d5.jpg", "fileid": "g1292_d1lk8p2.jpg"}, {"id": "g1292_d1lu573", "comment": "[catching up on the news](http://i.imgur.com/K5WrLiY.jpg)", "date": "2016-04-01 11:02:07", "seriesname": "g1292_d1lu573", "file": "/media/jbrogan4/scratch2/Reddit_Prov_Dataset_v6/_Shocked_Classic_Goofy/g1292_d1lu573.jpg", "URL": "http://i.imgur.com/K5WrLiY.jpg", "fileid": "g1292_d1lu573.jpg"}, {"id": "g1292_d1lixi9", "comment": "[Disney World Selfie](http://i.imgur.com/Fj3Dbl6.jpg)", "date": "2016-04-01 03:05:09", "seriesname": "g1292_d1lixi9", "file": "/media/jbrogan4/scratch2/Reddit_Prov_Dataset_v6/_Shocked_Classic_Goofy/g1292_d1lixi9.jpg", "URL": "http://i.imgur.com/Fj3Dbl6.jpg", "fileid": "g1292_d1lixi9.jpg"}, {"id": "g1292_d1ltc23", "comment": "Probably because [he doesn't look like a fucking aardvark at all.](http://i.imgur.com/AAsAjsx.jpg)", "date": "2016-04-01 10:42:19", "seriesname": "g1292_d1ltc23", "file": "/media/jbrogan4/scratch2/Reddit_Prov_Dataset_v6/_Shocked_Classic_Goofy/g1292_d1ltc23.jpg", "URL": "http://i.imgur.com/AAsAjsx.jpg", "fileid": "g1292_d1ltc23.jpg"}, {"id": "g1292_d1m3yfz", "comment": "This explains a lot.\nhttp://i.imgur.com/1dc8vlS.png", "date": "2016-04-01 14:51:06", "seriesname": "g1292_d1m3yfz", "file": "/media/jbrogan4/scratch2/Reddit_Prov_Dataset_v6/_Shocked_Classic_Goofy/g1292_d1m3yfz.png", "URL": "http://i.imgur.com/1dc8vlS.png", "fileid": "g1292_d1m3yfz.png"}, {"id": "g1292_d1ls1pc", "comment": "[The only one that really matters.](http://imgur.com/qOtbNwU)", "date": "2016-04-01 10:09:18", "seriesname": "g1292_d1ls1pc", "file": "/media/jbrogan4/scratch2/Reddit_Prov_Dataset_v6/_Shocked_Classic_Goofy/g1292_d1ls1pc.png", "URL": "http://i.imgur.com/qOtbNwU.png", "fileid": "g1292_d1ls1pc.png"}, {"id": "g1292_d1m3rhr", "comment": "[Enhance](http://imgur.com/BhRSnEG)\n\nStill not sure what I'm looking at...not sure if I want to know.", "date": "2016-04-01 14:46:44", "seriesname": "g1292_d1m3rhr", "file": "/media/jbrogan4/scratch2/Reddit_Prov_Dataset_v6/_Shocked_Classic_Goofy/g1292_d1m3rhr.png", "URL": "http://i.imgur.com/BhRSnEG.png", "fileid": "g1292_d1m3rhr.png"}, {"id": "g1292_d1ltw4p", "comment": "In the modern day version, we use Apple Juice\n\nhttp://imgur.com/4uYG8rb", "date": "2016-04-01 10:56:02", "seriesname": "g1292_d1ltw4p", "file": "/media/jbrogan4/scratch2/Reddit_Prov_Dataset_v6/_Shocked_Classic_Goofy/g1292_d1ltw4p.png", "URL": "http://i.imgur.com/4uYG8rb.png", "fileid": "g1292_d1ltw4p.png"}, {"id": "g1292_d1lxvlb", "comment": "[First time in VR](http://i.imgur.com/lKVf7cb.png)", "date": "2016-04-01 12:30:00", "seriesname": "g1292_d1lxvlb", "file": "/media/jbrogan4/scratch2/Reddit_Prov_Dataset_v6/_Shocked_Classic_Goofy/g1292_d1lxvlb.png", "URL": "http://i.imgur.com/lKVf7cb.png", "fileid": "g1292_d1lxvlb.png"}, {"id": "g1292_d1lk0za", "comment": "[Garsh](http://i.imgur.com/MBj5Q4D.jpg)", "date": "2016-04-01 04:05:30", "seriesname": "g1292_d1lk0za", "file": "/media/jbrogan4/scratch2/Reddit_Prov_Dataset_v6/_Shocked_Classic_Goofy/g1292_d1lk0za.jpg", "URL": "http://i.imgur.com/MBj5Q4D.jpg", "fileid": "g1292_d1lk0za.jpg"}, {"id": "g1292_d1m3ygf", "comment": "[she refused to listen...](http://imgur.com/cwJLboX)", "date": "2016-04-01 14:51:07", "seriesname": "g1292_d1m3ygf", "file": "/media/jbrogan4/scratch2/Reddit_Prov_Dataset_v6/_Shocked_Classic_Goofy/g1292_d1m3ygf.png", "URL": "http://i.imgur.com/cwJLboX.png", "fileid": "g1292_d1m3ygf.png"}, {"id": "g1292_d1ljxd4", "comment": "[Goofy enjoying himself](http://i.imgur.com/D3hwxgW.png)", "date": "2016-04-01 03:59:33", "seriesname": "g1292_d1ljxd4", "file": "/media/jbrogan4/scratch2/Reddit_Prov_Dataset_v6/_Shocked_Classic_Goofy/g1292_d1ljxd4.png", "URL": "http://i.imgur.com/D3hwxgW.png", "fileid": "g1292_d1ljxd4.png"}, {"id": "g1292_d1llq87", "comment": "[Winston \"The Goofy\" Wolfe](https://i.imgur.com/4lf5m0p.jpg)", "date": "2016-04-01 05:51:41", "seriesname": "g1292_d1llq87", "file": "/media/jbrogan4/scratch2/Reddit_Prov_Dataset_v6/_Shocked_Classic_Goofy/g1292_d1llq87.jpg", "URL": "https://i.imgur.com/4lf5m0p.jpg", "fileid": "g1292_d1llq87.jpg"}, {"id": "g1292_d1m4rn9", "comment": "[take a guess. Any option is horrible.](http://imgur.com/Q0dHMwL)", "date": "2016-04-01 15:09:45", "seriesname": "g1292_d1m4rn9", "file": "/media/jbrogan4/scratch2/Reddit_Prov_Dataset_v6/_Shocked_Classic_Goofy/g1292_d1m4rn9.png", "URL": "http://i.imgur.com/Q0dHMwL.png", "fileid": "g1292_d1m4rn9.png"}, {"id": "g1292_d1lk9et", "comment": "[Aladdin's best friend](http://i.imgur.com/1mcIrhL.jpg)", "date": "2016-04-01 04:19:21", "seriesname": "g1292_d1lk9et", "file": "/media/jbrogan4/scratch2/Reddit_Prov_Dataset_v6/_Shocked_Classic_Goofy/g1292_d1lk9et.jpg", "URL": "http://i.imgur.com/1mcIrhL.jpg", "fileid": "g1292_d1lk9et.jpg"}, {"id": "g1292_d1lwr6p", "comment": "http://imgur.com/r3T951f", "date": "2016-04-01 12:03:43", "seriesname": "g1292_d1lwr6p", "file": "/media/jbrogan4/scratch2/Reddit_Prov_Dataset_v6/_Shocked_Classic_Goofy/g1292_d1lwr6p.png", "URL": "http://i.imgur.com/r3T951f.png", "fileid": "g1292_d1lwr6p.png"}, {"id": "g1292_d1lj7r1", "comment": "[Pete at the clinic](http://i.imgur.com/DpyznqR.png)", "date": "2016-04-01 03:19:51", "seriesname": "g1292_d1lj7r1", "file": "/media/jbrogan4/scratch2/Reddit_Prov_Dataset_v6/_Shocked_Classic_Goofy/g1292_d1lj7r1.png", "URL": "http://i.imgur.com/DpyznqR.png", "fileid": "g1292_d1lj7r1.png"}, {"id": "g1292_d1lu6np", "comment": "[had to be done](http://i.imgur.com/JYEazoq.gif)", "date": "2016-04-01 11:03:07", "seriesname": "g1292_d1lu6np", "file": "/media/jbrogan4/scratch2/Reddit_Prov_Dataset_v6/_Shocked_Classic_Goofy/g1292_d1lu6np.jpg", "URL": "http://i.imgur.com/JYEazoq.gif", "fileid": "g1292_d1lu6np.gif"}, {"id": "g1292_d1ll011", "comment": "[Unsure Goofy](http://i.imgur.com/O1EqRtL.png)", "date": "2016-04-01 05:05:09", "seriesname": "g1292_d1ll011", "file": "/media/jbrogan4/scratch2/Reddit_Prov_Dataset_v6/_Shocked_Classic_Goofy/g1292_d1ll011.png", "URL": "http://i.imgur.com/O1EqRtL.png", "fileid": "g1292_d1ll011.png"}, {"id": "g1292_d1lk3sp", "comment": "[First day on the job](http://i.imgur.com/RsYXGBR.jpg)", "date": "2016-04-01 04:10:03", "seriesname": "g1292_d1lk3sp", "file": "/media/jbrogan4/scratch2/Reddit_Prov_Dataset_v6/_Shocked_Classic_Goofy/g1292_d1lk3sp.jpg", "URL": "http://i.imgur.com/RsYXGBR.jpg", "fileid": "g1292_d1lk3sp.jpg"}, {"id": "g1292_root", "comment": "", "date": "2016-04-01 00:49:51", "seriesname": "g1292_root", "file": "/media/jbrogan4/scratch2/Reddit_Prov_Dataset_v6/_Shocked_Classic_Goofy/g1292_root.png", "URL": "http://i.imgur.com/7B7Ers8.png", "fileid": "g1292_root.png"}], "graph": {"name": "g1292_root"}, "directed": true}