{"links": [{"op": "none", "target": 5, "source": 43}, {"op": "none", "target": 6, "source": 14}, {"op": "none", "target": 7, "source": 30}, {"op": "none", "target": 8, "source": 32}, {"op": "none", "target": 15, "source": 0}, {"op": "none", "target": 29, "source": 33}, {"op": "none", "target": 40, "source": 17}, {"op": "none", "target": 41, "source": 3}], "title": "_This_happy_family", "nodes": [{"id": "g1305_d3ajz59", "comment": "[Courtesy of /r/anmals](http://i.imgur.com/QTNhbDJ.jpg)", "date": "2016-05-18 14:39:23", "seriesname": "g1305_d3ajz59", "file": "/media/jbrogan4/scratch2/Reddit_Prov_Dataset_v6/_This_happy_family/g1305_d3ajz59.jpg", "URL": "http://i.imgur.com/QTNhbDJ.jpg", "fileid": "g1305_d3ajz59.jpg"}, {"id": "g1305_d3al3ey", "comment": "[Let them Fight](http://imgur.com/2lMg8fp)\n\nI mean, the idea's there... right?", "date": "2016-05-18 15:02:51", "seriesname": "g1305_d3al3ey", "file": "/media/jbrogan4/scratch2/Reddit_Prov_Dataset_v6/_This_happy_family/g1305_d3al3ey.png", "URL": "http://i.imgur.com/2lMg8fp.png", "fileid": "g1305_d3al3ey.png"}, {"id": "g1305_d3ahv6s", "comment": "http://i.imgur.com/jA2fIkc.jpg", "date": "2016-05-18 13:53:55", "seriesname": "g1305_d3ahv6s", "file": "/media/jbrogan4/scratch2/Reddit_Prov_Dataset_v6/_This_happy_family/g1305_d3ahv6s.jpg", "URL": "http://i.imgur.com/jA2fIkc.jpg", "fileid": "g1305_d3ahv6s.jpg"}, {"id": "g1305_d3a0z09", "comment": "[MY SON!](http://imgur.com/gOCzh65)", "date": "2016-05-18 05:55:40", "seriesname": "g1305_d3a0z09", "file": "/media/jbrogan4/scratch2/Reddit_Prov_Dataset_v6/_This_happy_family/g1305_d3a0z09.png", "URL": "http://i.imgur.com/gOCzh65.png", "fileid": "g1305_d3a0z09.png"}, {"id": "g1305_d3apzim", "comment": "[FFFIGHT!](http://imgur.com/q7i3WNW)", "date": "2016-05-18 16:41:58", "seriesname": "g1305_d3apzim", "file": "/media/jbrogan4/scratch2/Reddit_Prov_Dataset_v6/_This_happy_family/g1305_d3apzim.png", "URL": "http://i.imgur.com/q7i3WNW.png", "fileid": "g1305_d3apzim.png"}, {"id": "g1305_d3dam8j", "comment": "[Have at it](http://i.imgur.com/PLISbTf.jpg)", "date": "2016-05-20 15:21:36", "seriesname": "g1305_d3dam8j", "file": "/media/jbrogan4/scratch2/Reddit_Prov_Dataset_v6/_This_happy_family/g1305_d3dam8j.jpg", "URL": "http://i.imgur.com/PLISbTf.jpg", "fileid": "g1305_d3dam8j.jpg"}, {"id": "g1305_d3alin0", "comment": "[Great idea](http://i.imgur.com/7tYFmPn.jpg)", "date": "2016-05-18 15:11:57", "seriesname": "g1305_d3alin0", "file": "/media/jbrogan4/scratch2/Reddit_Prov_Dataset_v6/_This_happy_family/g1305_d3alin0.jpg", "URL": "http://i.imgur.com/7tYFmPn.jpg", "fileid": "g1305_d3alin0.jpg"}, {"id": "g1305_d3agqyv", "comment": "[MAN I did the same thing XD]\n(http://i.imgur.com/meVzJLd.jpg?1)", "date": "2016-05-18 13:29:45", "seriesname": "g1305_d3agqyv", "file": "/media/jbrogan4/scratch2/Reddit_Prov_Dataset_v6/_This_happy_family/g1305_d3agqyv.jpg", "URL": "http://i.imgur.com/meVzJLd.jpg?1", "fileid": "g1305_d3agqyv.jpg"}, {"id": "g1305_d3auakx", "comment": "[Shameless plug](http://i.imgur.com/sZajdqR.jpg) of a previous battle[^^original](http://i.imgur.com/lt4hXSR.jpg). So I'm not the only one to see his doggy face!", "date": "2016-05-18 18:21:34", "seriesname": "g1305_d3auakx", "file": "/media/jbrogan4/scratch2/Reddit_Prov_Dataset_v6/_This_happy_family/g1305_d3auakx.jpg", "URL": "http://i.imgur.com/lt4hXSR.jpg).", "fileid": "g1305_d3auakx."}, {"id": "g1305_d3bbluo", "comment": "Hope I'm not to late to the [Party](http://i.imgur.com/7zmmbGp.jpg)", "date": "2016-05-19 02:56:25", "seriesname": "g1305_d3bbluo", "file": "/media/jbrogan4/scratch2/Reddit_Prov_Dataset_v6/_This_happy_family/g1305_d3bbluo.jpg", "URL": "http://i.imgur.com/7zmmbGp.jpg", "fileid": "g1305_d3bbluo.jpg"}, {"id": "g1305_d3ajli9", "comment": "[Obvious](http://i.imgur.com/StkyyRg.jpg)", "date": "2016-05-18 14:31:17", "seriesname": "g1305_d3ajli9", "file": "/media/jbrogan4/scratch2/Reddit_Prov_Dataset_v6/_This_happy_family/g1305_d3ajli9.jpg", "URL": "http://i.imgur.com/StkyyRg.jpg", "fileid": "g1305_d3ajli9.jpg"}, {"id": "g1305_d3azpbc", "comment": "[Meanwhile in mobile gaming](http://i.imgur.com/3FUlOFw.jpg)\n\n[From /r/gaming](https://www.reddit.com/r/gaming/comments/4jykhb/meanwhile_in_mobile_gaming/)", "date": "2016-05-18 20:45:00", "seriesname": "g1305_d3azpbc", "file": "/media/jbrogan4/scratch2/Reddit_Prov_Dataset_v6/_This_happy_family/g1305_d3azpbc.jpg", "URL": "http://i.imgur.com/3FUlOFw.jpg", "fileid": "g1305_d3azpbc.jpg"}, {"id": "g1305_d3aj31x", "comment": "[I think I remember that episode](http://i.imgur.com/WtTSSoE.jpg)", "date": "2016-05-18 14:20:17", "seriesname": "g1305_d3aj31x", "file": "/media/jbrogan4/scratch2/Reddit_Prov_Dataset_v6/_This_happy_family/g1305_d3aj31x.jpg", "URL": "http://i.imgur.com/WtTSSoE.jpg", "fileid": "g1305_d3aj31x.jpg"}, {"id": "g1305_d3azurn", "comment": "http://i.imgur.com/RyWvI07.jpg", "date": "2016-05-18 20:48:48", "seriesname": "g1305_d3azurn", "file": "/media/jbrogan4/scratch2/Reddit_Prov_Dataset_v6/_This_happy_family/g1305_d3azurn.jpg", "URL": "http://i.imgur.com/RyWvI07.jpg", "fileid": "g1305_d3azurn.jpg"}, {"id": "g1305_d3ai2on", "comment": "Sir Woofle's rare [bubble phobia](http://i.imgur.com/yALD5rP.png) caused him no end of embarrassment.", "date": "2016-05-18 13:58:21", "seriesname": "g1305_d3ai2on", "file": "/media/jbrogan4/scratch2/Reddit_Prov_Dataset_v6/_This_happy_family/g1305_d3ai2on.png", "URL": "http://i.imgur.com/yALD5rP.png", "fileid": "g1305_d3ai2on.png"}, {"id": "g1305_d3akn4p", "comment": "Your suggestion will be considered for further submissions! [Here is one just for you though ;)](http://i.imgur.com/NfDKgFr.jpg)", "date": "2016-05-18 14:53:20", "seriesname": "g1305_d3akn4p", "file": "/media/jbrogan4/scratch2/Reddit_Prov_Dataset_v6/_This_happy_family/g1305_d3akn4p.jpg", "URL": "http://i.imgur.com/NfDKgFr.jpg", "fileid": "g1305_d3akn4p.jpg"}, {"id": "g1305_d3aiyhi", "comment": "[Someone Screwed the Pooch](http://imgur.com/umd6cTt)", "date": "2016-05-18 14:17:31", "seriesname": "g1305_d3aiyhi", "file": "/media/jbrogan4/scratch2/Reddit_Prov_Dataset_v6/_This_happy_family/g1305_d3aiyhi.png", "URL": "http://i.imgur.com/umd6cTt.png", "fileid": "g1305_d3aiyhi.png"}, {"id": "g1305_d3ar7n3", "comment": "Omg how [sweet!!!](http://m.imgur.com/j18aVez)", "date": "2016-05-18 17:08:09", "seriesname": "g1305_d3ar7n3", "file": "/media/jbrogan4/scratch2/Reddit_Prov_Dataset_v6/_This_happy_family/g1305_d3ar7n3.png", "URL": "http://i.imgur.com/j18aVez.png", "fileid": "g1305_d3ar7n3.png"}, {"id": "g1305_d3a5tfz", "comment": "[Having a ruff day?](http://i.imgur.com/meVzJLd.jpg?1)", "date": "2016-05-18 09:20:10", "seriesname": "g1305_d3a5tfz", "file": "/media/jbrogan4/scratch2/Reddit_Prov_Dataset_v6/_This_happy_family/g1305_d3a5tfz.jpg", "URL": "http://i.imgur.com/meVzJLd.jpg?1", "fileid": "g1305_d3a5tfz.jpg"}, {"id": "g1305_d3b51sd", "comment": "[BUBBLES](https://imgur.com/uiVo8ug)", "date": "2016-05-18 22:58:42", "seriesname": "g1305_d3b51sd", "file": "/media/jbrogan4/scratch2/Reddit_Prov_Dataset_v6/_This_happy_family/g1305_d3b51sd.png", "URL": "http://i.imgur.com/uiVo8ug.png", "fileid": "g1305_d3b51sd.png"}, {"id": "g1305_d3ac91t", "comment": "http://i.imgur.com/h8pB82c.jpg?1", "date": "2016-05-18 11:53:16", "seriesname": "g1305_d3ac91t", "file": "/media/jbrogan4/scratch2/Reddit_Prov_Dataset_v6/_This_happy_family/g1305_d3ac91t.jpg", "URL": "http://i.imgur.com/h8pB82c.jpg?1", "fileid": "g1305_d3ac91t.jpg"}, {"id": "g1305_d3aujsb", "comment": "[Hey! Wheres my sister?](http://i.imgur.com/0ZvtNMV.jpg)", "date": "2016-05-18 18:28:01", "seriesname": "g1305_d3aujsb", "file": "/media/jbrogan4/scratch2/Reddit_Prov_Dataset_v6/_This_happy_family/g1305_d3aujsb.jpg", "URL": "http://i.imgur.com/0ZvtNMV.jpg", "fileid": "g1305_d3aujsb.jpg"}, {"id": "g1305_d3avmca", "comment": "[We meet again](http://i.imgur.com/HW5oWbP.jpg)", "date": "2016-05-18 18:55:39", "seriesname": "g1305_d3avmca", "file": "/media/jbrogan4/scratch2/Reddit_Prov_Dataset_v6/_This_happy_family/g1305_d3avmca.jpg", "URL": "http://i.imgur.com/HW5oWbP.jpg", "fileid": "g1305_d3avmca.jpg"}, {"id": "g1305_d3avhms", "comment": "[This bitch](http://i.imgur.com/6YLOu2I.jpg) likes to party!", "date": "2016-05-18 18:52:14", "seriesname": "g1305_d3avhms", "file": "/media/jbrogan4/scratch2/Reddit_Prov_Dataset_v6/_This_happy_family/g1305_d3avhms.jpg", "URL": "http://i.imgur.com/6YLOu2I.jpg", "fileid": "g1305_d3avhms.jpg"}, {"id": "g1305_d3appfs", "comment": "[Oscar bit my penis!](https://i.imgur.com/i8u0Njq.png)", "date": "2016-05-18 16:36:27", "seriesname": "g1305_d3appfs", "file": "/media/jbrogan4/scratch2/Reddit_Prov_Dataset_v6/_This_happy_family/g1305_d3appfs.png", "URL": "https://i.imgur.com/i8u0Njq.png", "fileid": "g1305_d3appfs.png"}, {"id": "g1305_d3agr0w", "comment": "[Training Camp] (http://i.imgur.com/vOk1HqJ.jpg)", "date": "2016-05-18 13:29:47", "seriesname": "g1305_d3agr0w", "file": "/media/jbrogan4/scratch2/Reddit_Prov_Dataset_v6/_This_happy_family/g1305_d3agr0w.jpg", "URL": "http://i.imgur.com/vOk1HqJ.jpg", "fileid": "g1305_d3agr0w.jpg"}, {"id": "g1305_d3ax2xl", "comment": "[Seem's obvious but I didn't see it here](http://imgur.com/v5BhQcY)", "date": "2016-05-18 19:34:45", "seriesname": "g1305_d3ax2xl", "file": "/media/jbrogan4/scratch2/Reddit_Prov_Dataset_v6/_This_happy_family/g1305_d3ax2xl.png", "URL": "http://i.imgur.com/v5BhQcY.png", "fileid": "g1305_d3ax2xl.png"}, {"id": "g1305_d3b4e6k", "comment": "http://imgur.com/p6YSWf8", "date": "2016-05-18 22:42:19", "seriesname": "g1305_d3b4e6k", "file": "/media/jbrogan4/scratch2/Reddit_Prov_Dataset_v6/_This_happy_family/g1305_d3b4e6k.png", "URL": "http://i.imgur.com/p6YSWf8.png", "fileid": "g1305_d3b4e6k.png"}, {"id": "g1305_d3auctq", "comment": "[Fix the big mistakes first..](http://i.imgur.com/WfK6vmz.jpg)", "date": "2016-05-18 18:23:06", "seriesname": "g1305_d3auctq", "file": "/media/jbrogan4/scratch2/Reddit_Prov_Dataset_v6/_This_happy_family/g1305_d3auctq.jpg", "URL": "http://i.imgur.com/WfK6vmz.jpg", "fileid": "g1305_d3auctq.jpg"}, {"id": "g1305_d3b4z64", "comment": "https://i.imgur.com/nR3avkl.jpg", "date": "2016-05-18 22:56:50", "seriesname": "g1305_d3b4z64", "file": "/media/jbrogan4/scratch2/Reddit_Prov_Dataset_v6/_This_happy_family/g1305_d3b4z64.jpg", "URL": "https://i.imgur.com/nR3avkl.jpg", "fileid": "g1305_d3b4z64.jpg"}, {"id": "g1305_d3ad4do", "comment": "http://imgur.com/qFwdlMk yum", "date": "2016-05-18 12:12:12", "seriesname": "g1305_d3ad4do", "file": "/media/jbrogan4/scratch2/Reddit_Prov_Dataset_v6/_This_happy_family/g1305_d3ad4do.png", "URL": "http://i.imgur.com/qFwdlMk.png", "fileid": "g1305_d3ad4do.png"}, {"id": "g1305_d3ardrf", "comment": "[All happy families are alike](http://i.imgur.com/COu6rlb.jpg?1)", "date": "2016-05-18 17:11:59", "seriesname": "g1305_d3ardrf", "file": "/media/jbrogan4/scratch2/Reddit_Prov_Dataset_v6/_This_happy_family/g1305_d3ardrf.jpg", "URL": "http://i.imgur.com/COu6rlb.jpg?1", "fileid": "g1305_d3ardrf.jpg"}, {"id": "g1305_d3aozkm", "comment": "[No... it's not true... it's impawsible!](http://imgur.com/aZ26Y1y.jpg)", "date": "2016-05-18 16:21:45", "seriesname": "g1305_d3aozkm", "file": "/media/jbrogan4/scratch2/Reddit_Prov_Dataset_v6/_This_happy_family/g1305_d3aozkm.jpg", "URL": "http://imgur.com/aZ26Y1y.jpg", "fileid": "g1305_d3aozkm.jpg"}, {"id": "g1305_d3a54kz", "comment": "http://i.imgur.com/Ut7btqS.jpg", "date": "2016-05-18 08:59:40", "seriesname": "g1305_d3a54kz", "file": "/media/jbrogan4/scratch2/Reddit_Prov_Dataset_v6/_This_happy_family/g1305_d3a54kz.jpg", "URL": "http://i.imgur.com/Ut7btqS.jpg", "fileid": "g1305_d3a54kz.jpg"}, {"id": "g1305_d3b4j1y", "comment": "[How the photo was intended.](http://i.imgur.com/EanwtLF.jpg)", "date": "2016-05-18 22:45:30", "seriesname": "g1305_d3b4j1y", "file": "/media/jbrogan4/scratch2/Reddit_Prov_Dataset_v6/_This_happy_family/g1305_d3b4j1y.jpg", "URL": "http://i.imgur.com/EanwtLF.jpg", "fileid": "g1305_d3b4j1y.jpg"}, {"id": "g1305_d3aqs3v", "comment": "[WT actual F](http://imgur.com/AIKm560)", "date": "2016-05-18 16:58:34", "seriesname": "g1305_d3aqs3v", "file": "/media/jbrogan4/scratch2/Reddit_Prov_Dataset_v6/_This_happy_family/g1305_d3aqs3v.png", "URL": "http://i.imgur.com/AIKm560.png", "fileid": "g1305_d3aqs3v.png"}, {"id": "g1305_d3b3062", "comment": "http://i.imgur.com/VeFp4QK.jpg\n\nSo confused!?!??!", "date": "2016-05-18 22:07:53", "seriesname": "g1305_d3b3062", "file": "/media/jbrogan4/scratch2/Reddit_Prov_Dataset_v6/_This_happy_family/g1305_d3b3062.jpg", "URL": "http://i.imgur.com/VeFp4QK.jpg", "fileid": "g1305_d3b3062.jpg"}, {"id": "g1305_d3at4ao", "comment": "[CleganeBowl Preview](http://i.imgur.com/fuW5FkO.jpg)\n\n*first time using Ps, picking up a new hobby this summer", "date": "2016-05-18 17:52:30", "seriesname": "g1305_d3at4ao", "file": "/media/jbrogan4/scratch2/Reddit_Prov_Dataset_v6/_This_happy_family/g1305_d3at4ao.jpg", "URL": "http://i.imgur.com/fuW5FkO.jpg", "fileid": "g1305_d3at4ao.jpg"}, {"id": "g1305_d3addxk", "comment": "[Bending Family](http://imgur.com/TkTgP0L)", "date": "2016-05-18 12:17:55", "seriesname": "g1305_d3addxk", "file": "/media/jbrogan4/scratch2/Reddit_Prov_Dataset_v6/_This_happy_family/g1305_d3addxk.png", "URL": "http://i.imgur.com/TkTgP0L.png", "fileid": "g1305_d3addxk.png"}, {"id": "g1305_d3an5ek", "comment": "[Sorry](http://i.imgur.com/6UaiPLV.jpg)", "date": "2016-05-18 15:45:04", "seriesname": "g1305_d3an5ek", "file": "/media/jbrogan4/scratch2/Reddit_Prov_Dataset_v6/_This_happy_family/g1305_d3an5ek.jpg", "URL": "http://i.imgur.com/6UaiPLV.jpg", "fileid": "g1305_d3an5ek.jpg"}, {"id": "g1305_d3b85uq", "comment": "[watch it, buddy!](http://imgur.com/XluOCmO)", "date": "2016-05-19 00:31:04", "seriesname": "g1305_d3b85uq", "file": "/media/jbrogan4/scratch2/Reddit_Prov_Dataset_v6/_This_happy_family/g1305_d3b85uq.png", "URL": "http://i.imgur.com/XluOCmO.png", "fileid": "g1305_d3b85uq.png"}, {"id": "g1305_d3beigb", "comment": "[Dog dammit.](http://i.imgur.com/AC6KhbT.jpg)", "date": "2016-05-19 05:49:30", "seriesname": "g1305_d3beigb", "file": "/media/jbrogan4/scratch2/Reddit_Prov_Dataset_v6/_This_happy_family/g1305_d3beigb.jpg", "URL": "http://i.imgur.com/AC6KhbT.jpg", "fileid": "g1305_d3beigb.jpg"}, {"id": "g1305_d3aq82i", "comment": "The Matrix has you.\nhttp://i.imgur.com/AdfPRVW.png", "date": "2016-05-18 16:46:50", "seriesname": "g1305_d3aq82i", "file": "/media/jbrogan4/scratch2/Reddit_Prov_Dataset_v6/_This_happy_family/g1305_d3aq82i.png", "URL": "http://i.imgur.com/AdfPRVW.png", "fileid": "g1305_d3aq82i.png"}, {"id": "g1305_d3aqnfd", "comment": "[I want to print this off and insert it in the frames at the store.](http://i.imgur.com/kHJr2Ne.jpg)\n\nI suppose I'll do the thank you for the yellow circle star thing. ", "date": "2016-05-18 16:55:47", "seriesname": "g1305_d3aqnfd", "file": "/media/jbrogan4/scratch2/Reddit_Prov_Dataset_v6/_This_happy_family/g1305_d3aqnfd.jpg", "URL": "http://i.imgur.com/kHJr2Ne.jpg", "fileid": "g1305_d3aqnfd.jpg"}, {"id": "g1305_d3b2as3", "comment": "[Ok, I'm freaked out](http://i.imgur.com/DiAhi5y.jpg)", "date": "2016-05-18 21:50:26", "seriesname": "g1305_d3b2as3", "file": "/media/jbrogan4/scratch2/Reddit_Prov_Dataset_v6/_This_happy_family/g1305_d3b2as3.jpg", "URL": "http://i.imgur.com/DiAhi5y.jpg", "fileid": "g1305_d3b2as3.jpg"}, {"id": "g1305_d3aoii0", "comment": "[Obvious, but too good to resist.](http://imgur.com/pTM8Lr8)", "date": "2016-05-18 16:12:21", "seriesname": "g1305_d3aoii0", "file": "/media/jbrogan4/scratch2/Reddit_Prov_Dataset_v6/_This_happy_family/g1305_d3aoii0.png", "URL": "http://i.imgur.com/pTM8Lr8.png", "fileid": "g1305_d3aoii0.png"}, {"id": "g1305_d3acgzi", "comment": "[Hahaha i had the same idea!](https://imgur.com/R6wiJxC)", "date": "2016-05-18 11:58:01", "seriesname": "g1305_d3acgzi", "file": "/media/jbrogan4/scratch2/Reddit_Prov_Dataset_v6/_This_happy_family/g1305_d3acgzi.png", "URL": "http://i.imgur.com/R6wiJxC.png", "fileid": "g1305_d3acgzi.png"}, {"id": "g1305_d3c3cp4", "comment": "[Wait, what did the baby do?](http://imgur.com/PDmoQWq)", "date": "2016-05-19 16:48:32", "seriesname": "g1305_d3c3cp4", "file": "/media/jbrogan4/scratch2/Reddit_Prov_Dataset_v6/_This_happy_family/g1305_d3c3cp4.png", "URL": "http://i.imgur.com/PDmoQWq.png", "fileid": "g1305_d3c3cp4.png"}], "graph": {"name": "g1305_root"}, "directed": true}