{"links": [{"op": "none", "target": 0, "source": 52}, {"op": "none", "target": 1, "source": 52}, {"op": "none", "target": 2, "source": 52}, {"op": "none", "target": 3, "source": 52}, {"op": "none", "target": 4, "source": 52}, {"op": "none", "target": 5, "source": 52}, {"op": "none", "target": 6, "source": 52}, {"op": "none", "target": 7, "source": 52}, {"op": "none", "target": 8, "source": 52}, {"op": "none", "target": 9, "source": 52}, {"op": "none", "target": 10, "source": 52}, {"op": "none", "target": 11, "source": 52}, {"op": "none", "target": 12, "source": 52}, {"op": "none", "target": 13, "source": 15}, {"op": "none", "target": 14, "source": 52}, {"op": "none", "target": 15, "source": 52}, {"op": "none", "target": 16, "source": 52}, {"op": "none", "target": 17, "source": 52}, {"op": "none", "target": 18, "source": 52}, {"op": "none", "target": 19, "source": 52}, {"op": "none", "target": 20, "source": 52}, {"op": "none", "target": 21, "source": 52}, {"op": "none", "target": 22, "source": 52}, {"op": "none", "target": 23, "source": 52}, {"op": "none", "target": 24, "source": 52}, {"op": "none", "target": 25, "source": 52}, {"op": "none", "target": 26, "source": 52}, {"op": "none", "target": 27, "source": 52}, {"op": "none", "target": 28, "source": 52}, {"op": "none", "target": 29, "source": 52}, {"op": "none", "target": 30, "source": 52}, {"op": "none", "target": 31, "source": 52}, {"op": "none", "target": 32, "source": 47}, {"op": "none", "target": 33, "source": 52}, {"op": "none", "target": 34, "source": 52}, {"op": "none", "target": 35, "source": 52}, {"op": "none", "target": 36, "source": 52}, {"op": "none", "target": 37, "source": 52}, {"op": "none", "target": 38, "source": 42}, {"op": "none", "target": 39, "source": 52}, {"op": "none", "target": 40, "source": 52}, {"op": "none", "target": 41, "source": 52}, {"op": "none", "target": 42, "source": 52}, {"op": "none", "target": 43, "source": 52}, {"op": "none", "target": 44, "source": 52}, {"op": "none", "target": 45, "source": 52}, {"op": "none", "target": 46, "source": 52}, {"op": "none", "target": 47, "source": 52}, {"op": "none", "target": 48, "source": 52}, {"op": "none", "target": 49, "source": 52}, {"op": "none", "target": 50, "source": 52}, {"op": "none", "target": 51, "source": 52}, {"op": "none", "target": 53, "source": 52}, {"op": "none", "target": 54, "source": 52}], "title": "_Very_satisfied_acorn_(x-post__r_trees)", "nodes": [{"id": "g1309_clb6jgb", "comment": "[Jeff Dunham's next puppet.](http://i.imgur.com/JpAVbet.png)", "date": "2014-10-16 12:23:50", "seriesname": "g1309_clb6jgb", "file": "/media/jbrogan4/scratch2/Reddit_Prov_Dataset_v6/_Very_satisfied_acorn_(x-post__r_trees)/g1309_clb6jgb.png", "URL": "http://i.imgur.com/JpAVbet.png", "fileid": "g1309_clb6jgb.png"}, {"id": "g1309_clb6fgm", "comment": "[Oh, Ticket Oak!](http://i.imgur.com/wFttc52.jpg) ", "date": "2014-10-16 12:20:34", "seriesname": "g1309_clb6fgm", "file": "/media/jbrogan4/scratch2/Reddit_Prov_Dataset_v6/_Very_satisfied_acorn_(x-post__r_trees)/g1309_clb6fgm.jpg", "URL": "http://i.imgur.com/wFttc52.jpg", "fileid": "g1309_clb6fgm.jpg"}, {"id": "g1309_clb1cky", "comment": "[Woody Woody](http://imgur.com/49vfYIy)\n\n[Or RES:](http://i.imgur.com/49vfYIy.jpg)", "date": "2014-10-16 09:26:06", "seriesname": "g1309_clb1cky", "file": "/media/jbrogan4/scratch2/Reddit_Prov_Dataset_v6/_Very_satisfied_acorn_(x-post__r_trees)/g1309_clb1cky.jpg", "URL": "http://i.imgur.com/49vfYIy.jpg", "fileid": "g1309_clb1cky.jpg"}, {"id": "g1309_clb66dg", "comment": "[Jay Cutler](http://i.imgur.com/uFM1gUP.jpg), enjoying his protein ... stick.", "date": "2014-10-16 12:12:58", "seriesname": "g1309_clb66dg", "file": "/media/jbrogan4/scratch2/Reddit_Prov_Dataset_v6/_Very_satisfied_acorn_(x-post__r_trees)/g1309_clb66dg.jpg", "URL": "http://i.imgur.com/uFM1gUP.jpg),", "fileid": "g1309_clb66dg.jpg,"}, {"id": "g1309_clazbct", "comment": "I tried, and I failed. [Oh well...](http://imgur.com/wWJ4WcJ)", "date": "2014-10-16 07:31:30", "seriesname": "g1309_clazbct", "file": "/media/jbrogan4/scratch2/Reddit_Prov_Dataset_v6/_Very_satisfied_acorn_(x-post__r_trees)/g1309_clazbct.png", "URL": "http://i.imgur.com/wWJ4WcJ.png", "fileid": "g1309_clazbct.png"}, {"id": "g1309_clb43ov", "comment": "[I always loved a good stoner comedy.](http://i.imgur.com/LcJkrvI.jpg)", "date": "2014-10-16 11:08:14", "seriesname": "g1309_clb43ov", "file": "/media/jbrogan4/scratch2/Reddit_Prov_Dataset_v6/_Very_satisfied_acorn_(x-post__r_trees)/g1309_clb43ov.jpg", "URL": "http://i.imgur.com/LcJkrvI.jpg", "fileid": "g1309_clb43ov.jpg"}, {"id": "g1309_clb1e73", "comment": "[I get older...](http://i.imgur.com/kSSN25O.jpg)", "date": "2014-10-16 09:27:58", "seriesname": "g1309_clb1e73", "file": "/media/jbrogan4/scratch2/Reddit_Prov_Dataset_v6/_Very_satisfied_acorn_(x-post__r_trees)/g1309_clb1e73.jpg", "URL": "http://i.imgur.com/kSSN25O.jpg", "fileid": "g1309_clb1e73.jpg"}, {"id": "g1309_clb0gnl", "comment": "[character creation screen](http://i.imgur.com/IAhaujB.jpg)", "date": "2014-10-16 08:43:51", "seriesname": "g1309_clb0gnl", "file": "/media/jbrogan4/scratch2/Reddit_Prov_Dataset_v6/_Very_satisfied_acorn_(x-post__r_trees)/g1309_clb0gnl.jpg", "URL": "http://i.imgur.com/IAhaujB.jpg", "fileid": "g1309_clb0gnl.jpg"}, {"id": "g1309_clb2yy2", "comment": "[Snoop Acorn](http://i.imgur.com/bkMYBU1.jpg)", "date": "2014-10-16 10:29:44", "seriesname": "g1309_clb2yy2", "file": "/media/jbrogan4/scratch2/Reddit_Prov_Dataset_v6/_Very_satisfied_acorn_(x-post__r_trees)/g1309_clb2yy2.jpg", "URL": "http://i.imgur.com/bkMYBU1.jpg", "fileid": "g1309_clb2yy2.jpg"}, {"id": "g1309_clbmbu2", "comment": "[Psst. You know what rhymes with Acorn? - TORN](http://i.imgur.com/NHhxvF3.jpg)", "date": "2014-10-16 20:27:37", "seriesname": "g1309_clbmbu2", "file": "/media/jbrogan4/scratch2/Reddit_Prov_Dataset_v6/_Very_satisfied_acorn_(x-post__r_trees)/g1309_clbmbu2.jpg", "URL": "http://i.imgur.com/NHhxvF3.jpg", "fileid": "g1309_clbmbu2.jpg"}, {"id": "g1309_clb622l", "comment": "Need a light?\nhttp://i.imgur.com/9igwQ9e.jpg", "date": "2014-10-16 12:09:24", "seriesname": "g1309_clb622l", "file": "/media/jbrogan4/scratch2/Reddit_Prov_Dataset_v6/_Very_satisfied_acorn_(x-post__r_trees)/g1309_clb622l.jpg", "URL": "http://i.imgur.com/9igwQ9e.jpg", "fileid": "g1309_clb622l.jpg"}, {"id": "g1309_clb65tm", "comment": "Satisfied AcorN\nhttp://i.imgur.com/BzbX7WE.jpg", "date": "2014-10-16 12:12:32", "seriesname": "g1309_clb65tm", "file": "/media/jbrogan4/scratch2/Reddit_Prov_Dataset_v6/_Very_satisfied_acorn_(x-post__r_trees)/g1309_clb65tm.jpg", "URL": "http://i.imgur.com/BzbX7WE.jpg", "fileid": "g1309_clb65tm.jpg"}, {"id": "g1309_clb4zpp", "comment": "[Fits right in.](http://imgur.com/cBylzHa)", "date": "2014-10-16 11:36:36", "seriesname": "g1309_clb4zpp", "file": "/media/jbrogan4/scratch2/Reddit_Prov_Dataset_v6/_Very_satisfied_acorn_(x-post__r_trees)/g1309_clb4zpp.png", "URL": "http://i.imgur.com/cBylzHa.png", "fileid": "g1309_clb4zpp.png"}, {"id": "g1309_clb3luv", "comment": "here you go\n\nhttp://imgur.com/5vwqekx", "date": "2014-10-16 10:51:53", "seriesname": "g1309_clb3luv", "file": "/media/jbrogan4/scratch2/Reddit_Prov_Dataset_v6/_Very_satisfied_acorn_(x-post__r_trees)/g1309_clb3luv.png", "URL": "http://i.imgur.com/5vwqekx.png", "fileid": "g1309_clb3luv.png"}, {"id": "g1309_clb7887", "comment": "[New NORML Poster](http://i.imgur.com/mGHyhFW.png)", "date": "2014-10-16 12:44:29", "seriesname": "g1309_clb7887", "file": "/media/jbrogan4/scratch2/Reddit_Prov_Dataset_v6/_Very_satisfied_acorn_(x-post__r_trees)/g1309_clb7887.png", "URL": "http://i.imgur.com/mGHyhFW.png", "fileid": "g1309_clb7887.png"}, {"id": "g1309_clb0beu", "comment": "[he's an action hero](http://imgur.com/W0EUzxN)", "date": "2014-10-16 08:36:00", "seriesname": "g1309_clb0beu", "file": "/media/jbrogan4/scratch2/Reddit_Prov_Dataset_v6/_Very_satisfied_acorn_(x-post__r_trees)/g1309_clb0beu.png", "URL": "http://i.imgur.com/W0EUzxN.png", "fileid": "g1309_clb0beu.png"}, {"id": "g1309_clbejc1", "comment": "IS GONNA BE A BUMPY RIDE\nhttp://imgur.com/RlsagrM", "date": "2014-10-16 16:18:13", "seriesname": "g1309_clbejc1", "file": "/media/jbrogan4/scratch2/Reddit_Prov_Dataset_v6/_Very_satisfied_acorn_(x-post__r_trees)/g1309_clbejc1.png", "URL": "http://i.imgur.com/RlsagrM.png", "fileid": "g1309_clbejc1.png"}, {"id": "g1309_clbgge3", "comment": "[Conkers](http://i.imgur.com/N9zl0ku.jpg)", "date": "2014-10-16 17:14:11", "seriesname": "g1309_clbgge3", "file": "/media/jbrogan4/scratch2/Reddit_Prov_Dataset_v6/_Very_satisfied_acorn_(x-post__r_trees)/g1309_clbgge3.jpg", "URL": "http://i.imgur.com/N9zl0ku.jpg", "fileid": "g1309_clbgge3.jpg"}, {"id": "g1309_clb04ka", "comment": "[Dude. Like, you should totally try to jump it.](http://i.imgur.com/LOE7dNi.jpg)", "date": "2014-10-16 08:25:16", "seriesname": "g1309_clb04ka", "file": "/media/jbrogan4/scratch2/Reddit_Prov_Dataset_v6/_Very_satisfied_acorn_(x-post__r_trees)/g1309_clb04ka.jpg", "URL": "http://i.imgur.com/LOE7dNi.jpg", "fileid": "g1309_clb04ka.jpg"}, {"id": "g1309_clb02ug", "comment": "[Jim](http://i.imgur.com/opxp0uj.jpg)", "date": "2014-10-16 08:22:28", "seriesname": "g1309_clb02ug", "file": "/media/jbrogan4/scratch2/Reddit_Prov_Dataset_v6/_Very_satisfied_acorn_(x-post__r_trees)/g1309_clb02ug.jpg", "URL": "http://i.imgur.com/opxp0uj.jpg", "fileid": "g1309_clb02ug.jpg"}, {"id": "g1309_clb36qb", "comment": "[You wanna piece of me, boy?](http://imgur.com/wry4gpB)\n\n", "date": "2014-10-16 10:37:24", "seriesname": "g1309_clb36qb", "file": "/media/jbrogan4/scratch2/Reddit_Prov_Dataset_v6/_Very_satisfied_acorn_(x-post__r_trees)/g1309_clb36qb.png", "URL": "http://i.imgur.com/wry4gpB.png", "fileid": "g1309_clb36qb.png"}, {"id": "g1309_clb52m6", "comment": "[Fear and Acorn in Las Vegas](http://i.imgur.com/lcNDD7M.png)\n\n(Using Gimp, but you get the idea.)", "date": "2014-10-16 11:39:07", "seriesname": "g1309_clb52m6", "file": "/media/jbrogan4/scratch2/Reddit_Prov_Dataset_v6/_Very_satisfied_acorn_(x-post__r_trees)/g1309_clb52m6.png", "URL": "http://i.imgur.com/lcNDD7M.png", "fileid": "g1309_clb52m6.png"}, {"id": "g1309_clb1s88", "comment": "[Pinecone Express](http://i.imgur.com/P14HUZe.png)", "date": "2014-10-16 09:44:05", "seriesname": "g1309_clb1s88", "file": "/media/jbrogan4/scratch2/Reddit_Prov_Dataset_v6/_Very_satisfied_acorn_(x-post__r_trees)/g1309_clb1s88.png", "URL": "http://i.imgur.com/P14HUZe.png", "fileid": "g1309_clb1s88.png"}, {"id": "g1309_clbp0wc", "comment": "[ooh ee ooh ah ah ting tang walla walla bing bang](http://i.imgur.com/l4rn0oN.jpg)", "date": "2014-10-16 21:56:32", "seriesname": "g1309_clbp0wc", "file": "/media/jbrogan4/scratch2/Reddit_Prov_Dataset_v6/_Very_satisfied_acorn_(x-post__r_trees)/g1309_clbp0wc.jpg", "URL": "http://i.imgur.com/l4rn0oN.jpg", "fileid": "g1309_clbp0wc.jpg"}, {"id": "g1309_clazdhb", "comment": "[Worked much better in my head than in practice](http://i.imgur.com/xeObawj.jpg)\n\nEDIT [Improved](http://i.imgur.com/GhCUaru.jpg)", "date": "2014-10-16 07:35:57", "seriesname": "g1309_clazdhb", "file": "/media/jbrogan4/scratch2/Reddit_Prov_Dataset_v6/_Very_satisfied_acorn_(x-post__r_trees)/g1309_clazdhb.jpg", "URL": "http://i.imgur.com/GhCUaru.jpg", "fileid": "g1309_clazdhb.jpg"}, {"id": "g1309_clb6fp0", "comment": "I hope I'm not too late.\n\n[EarthWorm Jim](http://i.imgur.com/LRsZfz9.jpg)\n\n*Just realised there's another Earthworm Jim that was posted. ", "date": "2014-10-16 12:20:45", "seriesname": "g1309_clb6fp0", "file": "/media/jbrogan4/scratch2/Reddit_Prov_Dataset_v6/_Very_satisfied_acorn_(x-post__r_trees)/g1309_clb6fp0.jpg", "URL": "http://i.imgur.com/LRsZfz9.jpg", "fileid": "g1309_clb6fp0.jpg"}, {"id": "g1309_clbkj7o", "comment": "[Left 4 dead - Smoker](http://i.imgur.com/eiyPqD7.jpg)", "date": "2014-10-16 19:27:55", "seriesname": "g1309_clbkj7o", "file": "/media/jbrogan4/scratch2/Reddit_Prov_Dataset_v6/_Very_satisfied_acorn_(x-post__r_trees)/g1309_clbkj7o.jpg", "URL": "http://i.imgur.com/eiyPqD7.jpg", "fileid": "g1309_clbkj7o.jpg"}, {"id": "g1309_clb675s", "comment": "[Ayyy, Link! What's upp?](http://i.imgur.com/ylIr9bM.jpg)", "date": "2014-10-16 12:13:35", "seriesname": "g1309_clb675s", "file": "/media/jbrogan4/scratch2/Reddit_Prov_Dataset_v6/_Very_satisfied_acorn_(x-post__r_trees)/g1309_clb675s.jpg", "URL": "http://i.imgur.com/ylIr9bM.jpg", "fileid": "g1309_clb675s.jpg"}, {"id": "g1309_clazfmk", "comment": "[For you Ratchet &amp; Clank fans out there](http://i.imgur.com/JhdPbT1.png)", "date": "2014-10-16 07:40:20", "seriesname": "g1309_clazfmk", "file": "/media/jbrogan4/scratch2/Reddit_Prov_Dataset_v6/_Very_satisfied_acorn_(x-post__r_trees)/g1309_clazfmk.png", "URL": "http://i.imgur.com/JhdPbT1.png", "fileid": "g1309_clazfmk.png"}, {"id": "g1309_clb31pg", "comment": "[not in kansas anymore, dude](http://i.imgur.com/x8Q7QyI.jpg)", "date": "2014-10-16 10:32:30", "seriesname": "g1309_clb31pg", "file": "/media/jbrogan4/scratch2/Reddit_Prov_Dataset_v6/_Very_satisfied_acorn_(x-post__r_trees)/g1309_clb31pg.jpg", "URL": "http://i.imgur.com/x8Q7QyI.jpg", "fileid": "g1309_clb31pg.jpg"}, {"id": "g1309_clb5a79", "comment": "[Hey man, you seein' what I'm seein', man?! Man, I'm blind, man!](http://i.imgur.com/epRfmBD.jpg)", "date": "2014-10-16 11:45:38", "seriesname": "g1309_clb5a79", "file": "/media/jbrogan4/scratch2/Reddit_Prov_Dataset_v6/_Very_satisfied_acorn_(x-post__r_trees)/g1309_clb5a79.jpg", "URL": "http://i.imgur.com/epRfmBD.jpg", "fileid": "g1309_clb5a79.jpg"}, {"id": "g1309_clbi1j4", "comment": "[Je suis un Acorn!](http://imgur.com/jwGRYMk)\n\nSorry^I^only^have^paint^right^now.^Sorry.", "date": "2014-10-16 18:03:33", "seriesname": "g1309_clbi1j4", "file": "/media/jbrogan4/scratch2/Reddit_Prov_Dataset_v6/_Very_satisfied_acorn_(x-post__r_trees)/g1309_clbi1j4.png", "URL": "http://i.imgur.com/jwGRYMk.png", "fileid": "g1309_clbi1j4.png"}, {"id": "g1309_clba9jw", "comment": "[http://i.imgur.com/cCn1FLq.jpg](http://i.imgur.com/cCn1FLq.jpg)", "date": "2014-10-16 14:15:16", "seriesname": "g1309_clba9jw", "file": "/media/jbrogan4/scratch2/Reddit_Prov_Dataset_v6/_Very_satisfied_acorn_(x-post__r_trees)/g1309_clba9jw.jpg", "URL": "http://i.imgur.com/cCn1FLq.jpg](http://i.imgur.com/cCn1FLq.jpg", "fileid": "g1309_clba9jw.jpg"}, {"id": "g1309_clb3cih", "comment": "[Do you wanna build a snowmannnnnnn](http://i.imgur.com/GCqGPul.jpg)", "date": "2014-10-16 10:42:59", "seriesname": "g1309_clb3cih", "file": "/media/jbrogan4/scratch2/Reddit_Prov_Dataset_v6/_Very_satisfied_acorn_(x-post__r_trees)/g1309_clb3cih.jpg", "URL": "http://i.imgur.com/GCqGPul.jpg", "fileid": "g1309_clb3cih.jpg"}, {"id": "g1309_clb3bqs", "comment": "[Legend]( http://imgur.com/bA6UBs9)", "date": "2014-10-16 10:42:12", "seriesname": "g1309_clb3bqs", "file": "/media/jbrogan4/scratch2/Reddit_Prov_Dataset_v6/_Very_satisfied_acorn_(x-post__r_trees)/g1309_clb3bqs.png", "URL": "http://i.imgur.com/bA6UBs9.png", "fileid": "g1309_clb3bqs.png"}, {"id": "g1309_clb0b50", "comment": "Mmm, [smoked turkey](http://i.imgur.com/UPOEkMC.jpg).", "date": "2014-10-16 08:35:34", "seriesname": "g1309_clb0b50", "file": "/media/jbrogan4/scratch2/Reddit_Prov_Dataset_v6/_Very_satisfied_acorn_(x-post__r_trees)/g1309_clb0b50.jpg", "URL": "http://i.imgur.com/UPOEkMC.jpg).", "fileid": "g1309_clb0b50."}, {"id": "g1309_clb1cys", "comment": "[Takes a lot of critical hits.](http://imgur.com/mEIBXGu)", "date": "2014-10-16 09:26:33", "seriesname": "g1309_clb1cys", "file": "/media/jbrogan4/scratch2/Reddit_Prov_Dataset_v6/_Very_satisfied_acorn_(x-post__r_trees)/g1309_clb1cys.png", "URL": "http://i.imgur.com/mEIBXGu.png", "fileid": "g1309_clb1cys.png"}, {"id": "g1309_clb9lkb", "comment": "[Dude, it's a fuckin' trap man!] (http://imgur.com/Lhdb9qi)", "date": "2014-10-16 13:55:20", "seriesname": "g1309_clb9lkb", "file": "/media/jbrogan4/scratch2/Reddit_Prov_Dataset_v6/_Very_satisfied_acorn_(x-post__r_trees)/g1309_clb9lkb.png", "URL": "http://i.imgur.com/Lhdb9qi.png", "fileid": "g1309_clb9lkb.png"}, {"id": "g1309_clazr8x", "comment": "Love it! [Added a little detail =P](http://imgur.com/BxLfQhk.png)\n\nEDIT: Just realised I commented on the wrong comment, durrh!", "date": "2014-10-16 08:02:30", "seriesname": "g1309_clazr8x", "file": "/media/jbrogan4/scratch2/Reddit_Prov_Dataset_v6/_Very_satisfied_acorn_(x-post__r_trees)/g1309_clazr8x.png", "URL": "http://imgur.com/BxLfQhk.png", "fileid": "g1309_clazr8x.png"}, {"id": "g1309_clbgr12", "comment": "[Weidwood Tree](http://i.imgur.com/PchHTr9.png)", "date": "2014-10-16 17:23:03", "seriesname": "g1309_clbgr12", "file": "/media/jbrogan4/scratch2/Reddit_Prov_Dataset_v6/_Very_satisfied_acorn_(x-post__r_trees)/g1309_clbgr12.png", "URL": "http://i.imgur.com/PchHTr9.png", "fileid": "g1309_clbgr12.png"}, {"id": "g1309_claz7nw", "comment": "[Obligatory](http://i.imgur.com/7kGKKcT.png)", "date": "2014-10-16 07:23:30", "seriesname": "g1309_claz7nw", "file": "/media/jbrogan4/scratch2/Reddit_Prov_Dataset_v6/_Very_satisfied_acorn_(x-post__r_trees)/g1309_claz7nw.png", "URL": "http://i.imgur.com/7kGKKcT.png", "fileid": "g1309_claz7nw.png"}, {"id": "g1309_clb3xwm", "comment": "[Indiana Jones](https://i.imgur.com/QRBo588.png)", "date": "2014-10-16 11:02:52", "seriesname": "g1309_clb3xwm", "file": "/media/jbrogan4/scratch2/Reddit_Prov_Dataset_v6/_Very_satisfied_acorn_(x-post__r_trees)/g1309_clb3xwm.png", "URL": "https://i.imgur.com/QRBo588.png", "fileid": "g1309_clb3xwm.png"}, {"id": "g1309_claz1gn", "comment": "[Abe's Oddysee](http://i.imgur.com/jBYPaRw.jpg) ", "date": "2014-10-16 07:09:55", "seriesname": "g1309_claz1gn", "file": "/media/jbrogan4/scratch2/Reddit_Prov_Dataset_v6/_Very_satisfied_acorn_(x-post__r_trees)/g1309_claz1gn.jpg", "URL": "http://i.imgur.com/jBYPaRw.jpg", "fileid": "g1309_claz1gn.jpg"}, {"id": "g1309_clbh63g", "comment": "legalize wood !!\n[Imgur](http://i.imgur.com/e4BAsyL.jpg?1)", "date": "2014-10-16 17:35:45", "seriesname": "g1309_clbh63g", "file": "/media/jbrogan4/scratch2/Reddit_Prov_Dataset_v6/_Very_satisfied_acorn_(x-post__r_trees)/g1309_clbh63g.jpg", "URL": "http://i.imgur.com/e4BAsyL.jpg?1", "fileid": "g1309_clbh63g.jpg"}, {"id": "g1309_clbho8u", "comment": "[I am groot](http://i.imgur.com/SO5aHNp.jpg) (as if he's not high enough already)", "date": "2014-10-16 17:51:36", "seriesname": "g1309_clbho8u", "file": "/media/jbrogan4/scratch2/Reddit_Prov_Dataset_v6/_Very_satisfied_acorn_(x-post__r_trees)/g1309_clbho8u.jpg", "URL": "http://i.imgur.com/SO5aHNp.jpg", "fileid": "g1309_clbho8u.jpg"}, {"id": "g1309_clb5h0e", "comment": "[Meesa likea da Gungan weed!](http://i.imgur.com/p7q5sYl.jpg)", "date": "2014-10-16 11:51:27", "seriesname": "g1309_clb5h0e", "file": "/media/jbrogan4/scratch2/Reddit_Prov_Dataset_v6/_Very_satisfied_acorn_(x-post__r_trees)/g1309_clb5h0e.jpg", "URL": "http://i.imgur.com/p7q5sYl.jpg", "fileid": "g1309_clb5h0e.jpg"}, {"id": "g1309_clb0voi", "comment": "[Dude..the choices are, like, yours..and yours alone, man.](https://i.imgur.com/EY6Wtck.png)", "date": "2014-10-16 09:04:46", "seriesname": "g1309_clb0voi", "file": "/media/jbrogan4/scratch2/Reddit_Prov_Dataset_v6/_Very_satisfied_acorn_(x-post__r_trees)/g1309_clb0voi.png", "URL": "https://i.imgur.com/EY6Wtck.png", "fileid": "g1309_clb0voi.png"}, {"id": "g1309_claz9fb", "comment": "[what seems to be the officer, problem?](http://i.imgur.com/FjRrRix.jpg)", "date": "2014-10-16 07:27:18", "seriesname": "g1309_claz9fb", "file": "/media/jbrogan4/scratch2/Reddit_Prov_Dataset_v6/_Very_satisfied_acorn_(x-post__r_trees)/g1309_claz9fb.jpg", "URL": "http://i.imgur.com/FjRrRix.jpg", "fileid": "g1309_claz9fb.jpg"}, {"id": "g1309_clb13cd", "comment": "[\"Sup?\"](https://i.imgur.com/EFsqc32.png)", "date": "2014-10-16 09:14:34", "seriesname": "g1309_clb13cd", "file": "/media/jbrogan4/scratch2/Reddit_Prov_Dataset_v6/_Very_satisfied_acorn_(x-post__r_trees)/g1309_clb13cd.png", "URL": "https://i.imgur.com/EFsqc32.png", "fileid": "g1309_clb13cd.png"}, {"id": "g1309_clbd9r9", "comment": "http://i.imgur.com/JOTC6v8.jpg", "date": "2014-10-16 15:41:36", "seriesname": "g1309_clbd9r9", "file": "/media/jbrogan4/scratch2/Reddit_Prov_Dataset_v6/_Very_satisfied_acorn_(x-post__r_trees)/g1309_clbd9r9.jpg", "URL": "http://i.imgur.com/JOTC6v8.jpg", "fileid": "g1309_clbd9r9.jpg"}, {"id": "g1309_clbv3xu", "comment": "[Where. Is. My. Supa. Joint?](http://i.imgur.com/CCffftc.jpg)", "date": "2014-10-17 02:11:18", "seriesname": "g1309_clbv3xu", "file": "/media/jbrogan4/scratch2/Reddit_Prov_Dataset_v6/_Very_satisfied_acorn_(x-post__r_trees)/g1309_clbv3xu.jpg", "URL": "http://i.imgur.com/CCffftc.jpg", "fileid": "g1309_clbv3xu.jpg"}, {"id": "g1309_clb5v9s", "comment": "[Do or do not, maaan, there is no try...](http://i.imgur.com/zmANNna.png)", "date": "2014-10-16 12:03:33", "seriesname": "g1309_clb5v9s", "file": "/media/jbrogan4/scratch2/Reddit_Prov_Dataset_v6/_Very_satisfied_acorn_(x-post__r_trees)/g1309_clb5v9s.png", "URL": "http://i.imgur.com/zmANNna.png", "fileid": "g1309_clb5v9s.png"}, {"id": "g1309_root", "comment": "", "date": "2014-10-16 06:42:48", "seriesname": "g1309_root", "file": "/media/jbrogan4/scratch2/Reddit_Prov_Dataset_v6/_Very_satisfied_acorn_(x-post__r_trees)/g1309_root.jpg", "URL": "http://i.imgur.com/X9gZemV.jpg", "fileid": "g1309_root.jpg"}, {"id": "g1309_clazd78", "comment": "http://i.imgur.com/Ej6iMEm.png\n\nstraight from the LB-Tree", "date": "2014-10-16 07:35:20", "seriesname": "g1309_clazd78", "file": "/media/jbrogan4/scratch2/Reddit_Prov_Dataset_v6/_Very_satisfied_acorn_(x-post__r_trees)/g1309_clazd78.png", "URL": "http://i.imgur.com/Ej6iMEm.png", "fileid": "g1309_clazd78.png"}, {"id": "g1309_claz4oq", "comment": "[I am Groot.](http://i.imgur.com/PzYBwfz.jpg)", "date": "2014-10-16 07:17:06", "seriesname": "g1309_claz4oq", "file": "/media/jbrogan4/scratch2/Reddit_Prov_Dataset_v6/_Very_satisfied_acorn_(x-post__r_trees)/g1309_claz4oq.jpg", "URL": "http://i.imgur.com/PzYBwfz.jpg", "fileid": "g1309_claz4oq.jpg"}], "graph": {"name": "g1309_root"}, "directed": true}