{"links": [{"op": "none", "target": 0, "source": 36}, {"op": "none", "target": 1, "source": 46}, {"op": "none", "target": 2, "source": 46}, {"op": "none", "target": 3, "source": 46}, {"op": "none", "target": 4, "source": 46}, {"op": "none", "target": 5, "source": 46}, {"op": "none", "target": 6, "source": 46}, {"op": "none", "target": 7, "source": 46}, {"op": "none", "target": 8, "source": 46}, {"op": "none", "target": 9, "source": 46}, {"op": "none", "target": 10, "source": 46}, {"op": "none", "target": 11, "source": 46}, {"op": "none", "target": 12, "source": 46}, {"op": "none", "target": 13, "source": 11}, {"op": "none", "target": 14, "source": 44}, {"op": "none", "target": 15, "source": 46}, {"op": "none", "target": 16, "source": 46}, {"op": "none", "target": 17, "source": 12}, {"op": "none", "target": 18, "source": 46}, {"op": "none", "target": 19, "source": 46}, {"op": "none", "target": 20, "source": 46}, {"op": "none", "target": 21, "source": 11}, {"op": "none", "target": 22, "source": 46}, {"op": "none", "target": 23, "source": 46}, {"op": "none", "target": 24, "source": 46}, {"op": "none", "target": 25, "source": 46}, {"op": "none", "target": 26, "source": 46}, {"op": "none", "target": 27, "source": 1}, {"op": "none", "target": 28, "source": 46}, {"op": "none", "target": 29, "source": 15}, {"op": "none", "target": 30, "source": 46}, {"op": "none", "target": 31, "source": 46}, {"op": "none", "target": 32, "source": 46}, {"op": "none", "target": 33, "source": 29}, {"op": "none", "target": 34, "source": 46}, {"op": "none", "target": 35, "source": 11}, {"op": "none", "target": 36, "source": 46}, {"op": "none", "target": 37, "source": 46}, {"op": "none", "target": 38, "source": 46}, {"op": "none", "target": 39, "source": 46}, {"op": "none", "target": 40, "source": 46}, {"op": "none", "target": 41, "source": 46}, {"op": "none", "target": 42, "source": 46}, {"op": "none", "target": 43, "source": 46}, {"op": "none", "target": 44, "source": 46}, {"op": "none", "target": 45, "source": 46}, {"op": "none", "target": 47, "source": 46}], "title": "_Group_of_Shaved_Llamas", "nodes": [{"id": "g1308_cvesrfj", "comment": "Here you go. Glad you like it and thanks.\n\n[The Dolly Llamas 5](http://i.imgur.com/hl8iw6F.jpg)", "date": "2015-09-26 10:23:16", "seriesname": "g1308_cvesrfj", "file": "/media/jbrogan4/scratch2/Reddit_Prov_Dataset_v6/_Group_of_Shaved_Llamas/g1308_cvesrfj.jpg", "URL": "http://i.imgur.com/hl8iw6F.jpg", "fileid": "g1308_cvesrfj.jpg"}, {"id": "g1308_cvdrg82", "comment": "http://i.imgur.com/KdCNcwT.jpg", "date": "2015-09-25 10:30:03", "seriesname": "g1308_cvdrg82", "file": "/media/jbrogan4/scratch2/Reddit_Prov_Dataset_v6/_Group_of_Shaved_Llamas/g1308_cvdrg82.jpg", "URL": "http://i.imgur.com/KdCNcwT.jpg", "fileid": "g1308_cvdrg82.jpg"}, {"id": "g1308_cvdzpr5", "comment": "I turned them into [shaved alpacas](http://i.imgur.com/Z9gcgq9.jpg).", "date": "2015-09-25 14:04:08", "seriesname": "g1308_cvdzpr5", "file": "/media/jbrogan4/scratch2/Reddit_Prov_Dataset_v6/_Group_of_Shaved_Llamas/g1308_cvdzpr5.jpg", "URL": "http://i.imgur.com/Z9gcgq9.jpg).", "fileid": "g1308_cvdzpr5."}, {"id": "g1308_cvdtkrs", "comment": "[New lama giraffe hybrid](http://i.imgur.com/k9TuNcs.jpg)", "date": "2015-09-25 11:27:01", "seriesname": "g1308_cvdtkrs", "file": "/media/jbrogan4/scratch2/Reddit_Prov_Dataset_v6/_Group_of_Shaved_Llamas/g1308_cvdtkrs.jpg", "URL": "http://i.imgur.com/k9TuNcs.jpg", "fileid": "g1308_cvdtkrs.jpg"}, {"id": "g1308_cvdtstx", "comment": "[Green Bay Alpacas](http://i.imgur.com/MGMBcRY.jpg?1)", "date": "2015-09-25 11:32:43", "seriesname": "g1308_cvdtstx", "file": "/media/jbrogan4/scratch2/Reddit_Prov_Dataset_v6/_Group_of_Shaved_Llamas/g1308_cvdtstx.jpg", "URL": "http://i.imgur.com/MGMBcRY.jpg?1", "fileid": "g1308_cvdtstx.jpg"}, {"id": "g1308_cveeh89", "comment": "[Not my best work -  Llamald Trump?](http://i.imgur.com/1dcF4Hf.jpg)", "date": "2015-09-25 21:27:12", "seriesname": "g1308_cveeh89", "file": "/media/jbrogan4/scratch2/Reddit_Prov_Dataset_v6/_Group_of_Shaved_Llamas/g1308_cveeh89.jpg", "URL": "http://i.imgur.com/1dcF4Hf.jpg", "fileid": "g1308_cveeh89.jpg"}, {"id": "g1308_cve626z", "comment": "These aren't [Llamas!!!](https://s-media-cache-ak0.pinimg.com/236x/cd/6e/06/cd6e0673460ef44b76e2d449189e1720.jpg)", "date": "2015-09-25 16:48:06", "seriesname": "g1308_cve626z", "file": "/media/jbrogan4/scratch2/Reddit_Prov_Dataset_v6/_Group_of_Shaved_Llamas/g1308_cve626z.jpg", "URL": "https://s-media-cache-ak0.pinimg.com/236x/cd/6e/06/cd6e0673460ef44b76e2d449189e1720.jpg", "fileid": "g1308_cve626z.jpg"}, {"id": "g1308_cvdzk62", "comment": "[Tribbles I Say](http://i.imgur.com/UAccZmx.jpg) /startrek", "date": "2015-09-25 14:00:19", "seriesname": "g1308_cvdzk62", "file": "/media/jbrogan4/scratch2/Reddit_Prov_Dataset_v6/_Group_of_Shaved_Llamas/g1308_cvdzk62.jpg", "URL": "http://i.imgur.com/UAccZmx.jpg", "fileid": "g1308_cvdzk62.jpg"}, {"id": "g1308_cvdy5at", "comment": "1x Shaved Llama arrived at Mother Base.\n\nhttp://imgur.com/64kUlwo", "date": "2015-09-25 13:24:37", "seriesname": "g1308_cvdy5at", "file": "/media/jbrogan4/scratch2/Reddit_Prov_Dataset_v6/_Group_of_Shaved_Llamas/g1308_cvdy5at.png", "URL": "http://i.imgur.com/64kUlwo.png", "fileid": "g1308_cvdy5at.png"}, {"id": "g1308_cve60f2", "comment": "[All Terrain Alpaca Transport](http://i.imgur.com/pjzHWu5.jpg)", "date": "2015-09-25 16:46:45", "seriesname": "g1308_cve60f2", "file": "/media/jbrogan4/scratch2/Reddit_Prov_Dataset_v6/_Group_of_Shaved_Llamas/g1308_cve60f2.jpg", "URL": "http://i.imgur.com/pjzHWu5.jpg", "fileid": "g1308_cve60f2.jpg"}, {"id": "g1308_cvdy04q", "comment": "[I really whipped the llama's ass on this one.](http://i.imgur.com/HjEFFmY.png)", "date": "2015-09-25 13:20:57", "seriesname": "g1308_cvdy04q", "file": "/media/jbrogan4/scratch2/Reddit_Prov_Dataset_v6/_Group_of_Shaved_Llamas/g1308_cvdy04q.png", "URL": "http://i.imgur.com/HjEFFmY.png", "fileid": "g1308_cvdy04q.png"}, {"id": "g1308_cvdsy5n", "comment": "[Lamas from Endor](http://i.imgur.com/26hVxGz.jpg)", "date": "2015-09-25 11:10:42", "seriesname": "g1308_cvdsy5n", "file": "/media/jbrogan4/scratch2/Reddit_Prov_Dataset_v6/_Group_of_Shaved_Llamas/g1308_cvdsy5n.jpg", "URL": "http://i.imgur.com/26hVxGz.jpg", "fileid": "g1308_cvdsy5n.jpg"}, {"id": "g1308_cvdt2da", "comment": "[Fuck tha police comin' straight from the prairie. Young llamas got it bad cuz we're hairy.](http://i.imgur.com/tPxy2Uk.jpg)", "date": "2015-09-25 11:13:49", "seriesname": "g1308_cvdt2da", "file": "/media/jbrogan4/scratch2/Reddit_Prov_Dataset_v6/_Group_of_Shaved_Llamas/g1308_cvdt2da.jpg", "URL": "http://i.imgur.com/tPxy2Uk.jpg", "fileid": "g1308_cvdt2da.jpg"}, {"id": "g1308_cvehhd6", "comment": "[I tried](http://i.imgur.com/PzEnV7U.jpg)", "date": "2015-09-25 23:17:40", "seriesname": "g1308_cvehhd6", "file": "/media/jbrogan4/scratch2/Reddit_Prov_Dataset_v6/_Group_of_Shaved_Llamas/g1308_cvehhd6.jpg", "URL": "http://i.imgur.com/PzEnV7U.jpg", "fileid": "g1308_cvehhd6.jpg"}, {"id": "g1308_cvdt5pv", "comment": "That's pretty decent actually, don't sell yourself short.\n\n[Photoshopped some funk into your work.](http://i.imgur.com/DqmyJhL.gif)", "date": "2015-09-25 11:16:11", "seriesname": "g1308_cvdt5pv", "file": "/media/jbrogan4/scratch2/Reddit_Prov_Dataset_v6/_Group_of_Shaved_Llamas/g1308_cvdt5pv.jpg", "URL": "http://i.imgur.com/DqmyJhL.gif", "fileid": "g1308_cvdt5pv.gif"}, {"id": "g1308_cvdrzg5", "comment": "Don't be fooled by their adorable look. They are vicious creatures \nhttp://imgur.com/XlUqWFM", "date": "2015-09-25 10:45:02", "seriesname": "g1308_cvdrzg5", "file": "/media/jbrogan4/scratch2/Reddit_Prov_Dataset_v6/_Group_of_Shaved_Llamas/g1308_cvdrzg5.png", "URL": "http://i.imgur.com/XlUqWFM.png", "fileid": "g1308_cvdrzg5.png"}, {"id": "g1308_cvdu1ev", "comment": "[bop](http://i.imgur.com/TaO12S6.gif)", "date": "2015-09-25 11:38:55", "seriesname": "g1308_cvdu1ev", "file": "/media/jbrogan4/scratch2/Reddit_Prov_Dataset_v6/_Group_of_Shaved_Llamas/g1308_cvdu1ev.jpg", "URL": "http://i.imgur.com/TaO12S6.gif", "fileid": "g1308_cvdu1ev.gif"}, {"id": "g1308_cvdxzd0", "comment": "Wow, I actually had the same exact idea. Even the 'L' in NWA. I finished it before I saw this XD [nooooo](http://i.imgur.com/PuupLqX.png)", "date": "2015-09-25 13:20:23", "seriesname": "g1308_cvdxzd0", "file": "/media/jbrogan4/scratch2/Reddit_Prov_Dataset_v6/_Group_of_Shaved_Llamas/g1308_cvdxzd0.png", "URL": "http://i.imgur.com/PuupLqX.png", "fileid": "g1308_cvdxzd0.png"}, {"id": "g1308_cvf3p5k", "comment": "[E.T llama wtf](http://i.imgur.com/fNFOzB7.jpg)", "date": "2015-09-26 16:12:09", "seriesname": "g1308_cvf3p5k", "file": "/media/jbrogan4/scratch2/Reddit_Prov_Dataset_v6/_Group_of_Shaved_Llamas/g1308_cvf3p5k.jpg", "URL": "http://i.imgur.com/fNFOzB7.jpg", "fileid": "g1308_cvf3p5k.jpg"}, {"id": "g1308_cvdscj4", "comment": "[Breaking Bad](http://i.imgur.com/AwYuHvQ.jpg)", "date": "2015-09-25 10:54:54", "seriesname": "g1308_cvdscj4", "file": "/media/jbrogan4/scratch2/Reddit_Prov_Dataset_v6/_Group_of_Shaved_Llamas/g1308_cvdscj4.jpg", "URL": "http://i.imgur.com/AwYuHvQ.jpg", "fileid": "g1308_cvdscj4.jpg"}, {"id": "g1308_cvdv3z6", "comment": "[Everyday I'm Jugglin'](http://i.imgur.com/l3SFoxM.jpg)", "date": "2015-09-25 12:06:38", "seriesname": "g1308_cvdv3z6", "file": "/media/jbrogan4/scratch2/Reddit_Prov_Dataset_v6/_Group_of_Shaved_Llamas/g1308_cvdv3z6.jpg", "URL": "http://i.imgur.com/l3SFoxM.jpg", "fileid": "g1308_cvdv3z6.jpg"}, {"id": "g1308_cve8prg", "comment": "Request [Granted?](http://i.imgur.com/kYUfYIF.jpg)", "date": "2015-09-25 18:16:40", "seriesname": "g1308_cve8prg", "file": "/media/jbrogan4/scratch2/Reddit_Prov_Dataset_v6/_Group_of_Shaved_Llamas/g1308_cve8prg.jpg", "URL": "http://i.imgur.com/kYUfYIF.jpg", "fileid": "g1308_cve8prg.jpg"}, {"id": "g1308_cvdtzlv", "comment": "https://imgur.com/owvG6rN\n", "date": "2015-09-25 11:37:41", "seriesname": "g1308_cvdtzlv", "file": "/media/jbrogan4/scratch2/Reddit_Prov_Dataset_v6/_Group_of_Shaved_Llamas/g1308_cvdtzlv.png", "URL": "http://i.imgur.com/owvG6rN.png", "fileid": "g1308_cvdtzlv.png"}, {"id": "g1308_cvdu0yo", "comment": "[oh shit](http://i.imgur.com/C1ukWa5.jpg)", "date": "2015-09-25 11:38:38", "seriesname": "g1308_cvdu0yo", "file": "/media/jbrogan4/scratch2/Reddit_Prov_Dataset_v6/_Group_of_Shaved_Llamas/g1308_cvdu0yo.jpg", "URL": "http://i.imgur.com/C1ukWa5.jpg", "fileid": "g1308_cvdu0yo.jpg"}, {"id": "g1308_cve0x2b", "comment": "[Before the Egyptians changed their minds. (I'm not very good at this)](http://i.imgur.com/bVUo1UX.png)", "date": "2015-09-25 14:34:29", "seriesname": "g1308_cve0x2b", "file": "/media/jbrogan4/scratch2/Reddit_Prov_Dataset_v6/_Group_of_Shaved_Llamas/g1308_cve0x2b.png", "URL": "http://i.imgur.com/bVUo1UX.png", "fileid": "g1308_cve0x2b.png"}, {"id": "g1308_cvdsqdn", "comment": "http://i.imgur.com/H9iMIz4.jpg", "date": "2015-09-25 11:05:03", "seriesname": "g1308_cvdsqdn", "file": "/media/jbrogan4/scratch2/Reddit_Prov_Dataset_v6/_Group_of_Shaved_Llamas/g1308_cvdsqdn.jpg", "URL": "http://i.imgur.com/H9iMIz4.jpg", "fileid": "g1308_cvdsqdn.jpg"}, {"id": "g1308_cve0h39", "comment": "Low hanging, late-to-the-game fruit. http://imgur.com/wgIJkAQ", "date": "2015-09-25 14:23:19", "seriesname": "g1308_cve0h39", "file": "/media/jbrogan4/scratch2/Reddit_Prov_Dataset_v6/_Group_of_Shaved_Llamas/g1308_cve0h39.png", "URL": "http://i.imgur.com/wgIJkAQ.png", "fileid": "g1308_cve0h39.png"}, {"id": "g1308_cvduk2l", "comment": "[Really? I never noticed.](http://i.imgur.com/RhQlhLN.jpg)\n\n*Edit: http://i.imgur.com/pdaNZYO.jpg*", "date": "2015-09-25 11:52:17", "seriesname": "g1308_cvduk2l", "file": "/media/jbrogan4/scratch2/Reddit_Prov_Dataset_v6/_Group_of_Shaved_Llamas/g1308_cvduk2l.jpg", "URL": "http://i.imgur.com/pdaNZYO.jpg*", "fileid": "g1308_cvduk2l.jpg*"}, {"id": "g1308_cve1287", "comment": "I call this [Llonald Trauma](http://i.imgur.com/8sCTA7u.jpg)", "date": "2015-09-25 14:38:07", "seriesname": "g1308_cve1287", "file": "/media/jbrogan4/scratch2/Reddit_Prov_Dataset_v6/_Group_of_Shaved_Llamas/g1308_cve1287.jpg", "URL": "http://i.imgur.com/8sCTA7u.jpg", "fileid": "g1308_cve1287.jpg"}, {"id": "g1308_cvdslaj", "comment": "Fact: [Adding Pratt to any picture makes it 800% more adorable.](http://i.imgur.com/asky2QE.jpg)", "date": "2015-09-25 11:01:21", "seriesname": "g1308_cvdslaj", "file": "/media/jbrogan4/scratch2/Reddit_Prov_Dataset_v6/_Group_of_Shaved_Llamas/g1308_cvdslaj.jpg", "URL": "http://i.imgur.com/asky2QE.jpg", "fileid": "g1308_cvdslaj.jpg"}, {"id": "g1308_cvdzstl", "comment": "[Finally get to MeE.T. the rest of the family!](http://i.imgur.com/vXLodK3.jpg)", "date": "2015-09-25 14:06:18", "seriesname": "g1308_cvdzstl", "file": "/media/jbrogan4/scratch2/Reddit_Prov_Dataset_v6/_Group_of_Shaved_Llamas/g1308_cvdzstl.jpg", "URL": "http://i.imgur.com/vXLodK3.jpg", "fileid": "g1308_cvdzstl.jpg"}, {"id": "g1308_cve3tbn", "comment": "These are Alpacas not Llamas. \n\nhttp://i.imgur.com/Y19aVOF.jpg", "date": "2015-09-25 15:48:56", "seriesname": "g1308_cve3tbn", "file": "/media/jbrogan4/scratch2/Reddit_Prov_Dataset_v6/_Group_of_Shaved_Llamas/g1308_cve3tbn.jpg", "URL": "http://i.imgur.com/Y19aVOF.jpg", "fileid": "g1308_cve3tbn.jpg"}, {"id": "g1308_cvdyg8w", "comment": "[The Llamas](http://i.imgur.com/Wt8RG90.jpg). Bad folk album, even worse photoshop. ", "date": "2015-09-25 13:32:11", "seriesname": "g1308_cvdyg8w", "file": "/media/jbrogan4/scratch2/Reddit_Prov_Dataset_v6/_Group_of_Shaved_Llamas/g1308_cvdyg8w.jpg", "URL": "http://i.imgur.com/Wt8RG90.jpg).", "fileid": "g1308_cvdyg8w."}, {"id": "g1308_cvdu5o6", "comment": "[Still adorable.](http://i.imgur.com/9oYtSeW.jpg)", "date": "2015-09-25 11:41:59", "seriesname": "g1308_cvdu5o6", "file": "/media/jbrogan4/scratch2/Reddit_Prov_Dataset_v6/_Group_of_Shaved_Llamas/g1308_cvdu5o6.jpg", "URL": "http://i.imgur.com/9oYtSeW.jpg", "fileid": "g1308_cvdu5o6.jpg"}, {"id": "g1308_cve2e6m", "comment": "[Stephen King's: Thinner](http://i.imgur.com/RSr6G3t.jpg)", "date": "2015-09-25 15:12:16", "seriesname": "g1308_cve2e6m", "file": "/media/jbrogan4/scratch2/Reddit_Prov_Dataset_v6/_Group_of_Shaved_Llamas/g1308_cve2e6m.jpg", "URL": "http://i.imgur.com/RSr6G3t.jpg", "fileid": "g1308_cve2e6m.jpg"}, {"id": "g1308_cvdwdt7", "comment": "http://i.imgur.com/VJgtgGZ.jpg\n", "date": "2015-09-25 12:39:40", "seriesname": "g1308_cvdwdt7", "file": "/media/jbrogan4/scratch2/Reddit_Prov_Dataset_v6/_Group_of_Shaved_Llamas/g1308_cvdwdt7.jpg", "URL": "http://i.imgur.com/VJgtgGZ.jpg", "fileid": "g1308_cvdwdt7.jpg"}, {"id": "g1308_cvdyk78", "comment": "[Dolly Llamas](http://i.imgur.com/hfeHWw9.jpg)", "date": "2015-09-25 13:34:57", "seriesname": "g1308_cvdyk78", "file": "/media/jbrogan4/scratch2/Reddit_Prov_Dataset_v6/_Group_of_Shaved_Llamas/g1308_cvdyk78.jpg", "URL": "http://i.imgur.com/hfeHWw9.jpg", "fileid": "g1308_cvdyk78.jpg"}, {"id": "g1308_cvdtdpt", "comment": "[Gotcha catch'em all](http://i.imgur.com/o1T59PH.jpg)", "date": "2015-09-25 11:21:54", "seriesname": "g1308_cvdtdpt", "file": "/media/jbrogan4/scratch2/Reddit_Prov_Dataset_v6/_Group_of_Shaved_Llamas/g1308_cvdtdpt.jpg", "URL": "http://i.imgur.com/o1T59PH.jpg", "fileid": "g1308_cvdtdpt.jpg"}, {"id": "g1308_cvegg2t", "comment": "[All right ramblers, let's get rambling!](http://i.imgur.com/JNspRYC.png)", "date": "2015-09-25 22:38:10", "seriesname": "g1308_cvegg2t", "file": "/media/jbrogan4/scratch2/Reddit_Prov_Dataset_v6/_Group_of_Shaved_Llamas/g1308_cvegg2t.png", "URL": "http://i.imgur.com/JNspRYC.png", "fileid": "g1308_cvegg2t.png"}, {"id": "g1308_cvdw5k5", "comment": "[Copy That](http://i.imgur.com/bNOLGMi.png)", "date": "2015-09-25 12:33:39", "seriesname": "g1308_cvdw5k5", "file": "/media/jbrogan4/scratch2/Reddit_Prov_Dataset_v6/_Group_of_Shaved_Llamas/g1308_cvdw5k5.png", "URL": "http://i.imgur.com/bNOLGMi.png", "fileid": "g1308_cvdw5k5.png"}, {"id": "g1308_cvdw23h", "comment": "[the usual alpacas](http://i.imgur.com/MZqdHm3.jpg)", "date": "2015-09-25 12:31:07", "seriesname": "g1308_cvdw23h", "file": "/media/jbrogan4/scratch2/Reddit_Prov_Dataset_v6/_Group_of_Shaved_Llamas/g1308_cvdw23h.jpg", "URL": "http://i.imgur.com/MZqdHm3.jpg", "fileid": "g1308_cvdw23h.jpg"}, {"id": "g1308_cvduf1x", "comment": "[headbanging](http://i.imgur.com/XL7drga.gif)", "date": "2015-09-25 11:48:42", "seriesname": "g1308_cvduf1x", "file": "/media/jbrogan4/scratch2/Reddit_Prov_Dataset_v6/_Group_of_Shaved_Llamas/g1308_cvduf1x.jpg", "URL": "http://i.imgur.com/XL7drga.gif", "fileid": "g1308_cvduf1x.gif"}, {"id": "g1308_cvegf7q", "comment": "[Llama llama call your Mama](http://imgur.com/xDURZmw)", "date": "2015-09-25 22:37:17", "seriesname": "g1308_cvegf7q", "file": "/media/jbrogan4/scratch2/Reddit_Prov_Dataset_v6/_Group_of_Shaved_Llamas/g1308_cvegf7q.png", "URL": "http://i.imgur.com/xDURZmw.png", "fileid": "g1308_cvegf7q.png"}, {"id": "g1308_cvdsll1", "comment": "[http://i.imgur.com/PCvMmQi.jpg](http://i.imgur.com/PCvMmQi.jpg)", "date": "2015-09-25 11:01:35", "seriesname": "g1308_cvdsll1", "file": "/media/jbrogan4/scratch2/Reddit_Prov_Dataset_v6/_Group_of_Shaved_Llamas/g1308_cvdsll1.jpg", "URL": "http://i.imgur.com/PCvMmQi.jpg](http://i.imgur.com/PCvMmQi.jpg", "fileid": "g1308_cvdsll1.jpg"}, {"id": "g1308_cvdskjg", "comment": "I'm really bad with photoshop.  \n[The Disco Llamas](http://i.imgur.com/0tjHDVR.png)", "date": "2015-09-25 11:00:50", "seriesname": "g1308_cvdskjg", "file": "/media/jbrogan4/scratch2/Reddit_Prov_Dataset_v6/_Group_of_Shaved_Llamas/g1308_cvdskjg.png", "URL": "http://i.imgur.com/0tjHDVR.png", "fileid": "g1308_cvdskjg.png"}, {"id": "g1308_cvducsv", "comment": "[Transport Llama!](http://i.imgur.com/i7J9OHy.png)", "date": "2015-09-25 11:47:06", "seriesname": "g1308_cvducsv", "file": "/media/jbrogan4/scratch2/Reddit_Prov_Dataset_v6/_Group_of_Shaved_Llamas/g1308_cvducsv.png", "URL": "http://i.imgur.com/i7J9OHy.png", "fileid": "g1308_cvducsv.png"}, {"id": "g1308_root", "comment": "", "date": "2015-09-25 09:03:01", "seriesname": "g1308_root", "file": "/media/jbrogan4/scratch2/Reddit_Prov_Dataset_v6/_Group_of_Shaved_Llamas/g1308_root.jpg", "URL": "http://imgur.com/Z9gcgq9.jpg", "fileid": "g1308_root.jpg"}, {"id": "g1308_cvdr2hs", "comment": "\"[Shaved llamas](http://imgur.com/6QZAtxt)\"", "date": "2015-09-25 10:19:02", "seriesname": "g1308_cvdr2hs", "file": "/media/jbrogan4/scratch2/Reddit_Prov_Dataset_v6/_Group_of_Shaved_Llamas/g1308_cvdr2hs.png", "URL": "http://i.imgur.com/6QZAtxt.png", "fileid": "g1308_cvdr2hs.png"}], "graph": {"name": "g1308_root"}, "directed": true}