{"links": [{"op": "none", "target": 0, "source": 43}, {"op": "none", "target": 1, "source": 22}, {"op": "none", "target": 2, "source": 43}, {"op": "none", "target": 3, "source": 43}, {"op": "none", "target": 4, "source": 43}, {"op": "none", "target": 5, "source": 43}, {"op": "none", "target": 6, "source": 43}, {"op": "none", "target": 7, "source": 43}, {"op": "none", "target": 8, "source": 43}, {"op": "none", "target": 9, "source": 43}, {"op": "none", "target": 10, "source": 43}, {"op": "none", "target": 11, "source": 43}, {"op": "none", "target": 12, "source": 25}, {"op": "none", "target": 13, "source": 43}, {"op": "none", "target": 14, "source": 33}, {"op": "none", "target": 15, "source": 43}, {"op": "none", "target": 16, "source": 43}, {"op": "none", "target": 17, "source": 43}, {"op": "none", "target": 18, "source": 43}, {"op": "none", "target": 19, "source": 43}, {"op": "none", "target": 20, "source": 41}, {"op": "none", "target": 21, "source": 43}, {"op": "none", "target": 22, "source": 41}, {"op": "none", "target": 23, "source": 43}, {"op": "none", "target": 24, "source": 9}, {"op": "none", "target": 25, "source": 43}, {"op": "none", "target": 26, "source": 43}, {"op": "none", "target": 27, "source": 20}, {"op": "none", "target": 28, "source": 43}, {"op": "none", "target": 29, "source": 43}, {"op": "none", "target": 30, "source": 43}, {"op": "none", "target": 31, "source": 43}, {"op": "none", "target": 32, "source": 43}, {"op": "none", "target": 33, "source": 20}, {"op": "none", "target": 34, "source": 43}, {"op": "none", "target": 35, "source": 43}, {"op": "none", "target": 36, "source": 43}, {"op": "none", "target": 37, "source": 43}, {"op": "none", "target": 38, "source": 43}, {"op": "none", "target": 39, "source": 43}, {"op": "none", "target": 40, "source": 43}, {"op": "none", "target": 41, "source": 39}, {"op": "none", "target": 42, "source": 43}, {"op": "none", "target": 44, "source": 43}, {"op": "none", "target": 45, "source": 43}], "title": "_Kid_in_watermelon", "nodes": [{"id": "g1300_d2dltr5", "comment": "[You guys knew someone was gonna do this eventually, right?](http://i.imgur.com/boCVayR.png)", "date": "2016-04-22 17:52:30", "seriesname": "g1300_d2dltr5", "file": "/media/jbrogan4/scratch2/Reddit_Prov_Dataset_v6/_Kid_in_watermelon/g1300_d2dltr5.png", "URL": "http://i.imgur.com/boCVayR.png", "fileid": "g1300_d2dltr5.png"}, {"id": "g1300_d2e5fi9", "comment": "http://i.imgur.com/ArToXJL.png", "date": "2016-04-23 06:43:26", "seriesname": "g1300_d2e5fi9", "file": "/media/jbrogan4/scratch2/Reddit_Prov_Dataset_v6/_Kid_in_watermelon/g1300_d2e5fi9.png", "URL": "http://i.imgur.com/ArToXJL.png", "fileid": "g1300_d2e5fi9.png"}, {"id": "g1300_d2djnzo", "comment": "[why did I do this?](http://imgur.com/QYoQr1V)", "date": "2016-04-22 16:56:38", "seriesname": "g1300_d2djnzo", "file": "/media/jbrogan4/scratch2/Reddit_Prov_Dataset_v6/_Kid_in_watermelon/g1300_d2djnzo.png", "URL": "http://i.imgur.com/QYoQr1V.png", "fileid": "g1300_d2djnzo.png"}, {"id": "g1300_d2do6ln", "comment": "[It came from the volcano](http://imgur.com/JPtPDpE)", "date": "2016-04-22 18:58:11", "seriesname": "g1300_d2do6ln", "file": "/media/jbrogan4/scratch2/Reddit_Prov_Dataset_v6/_Kid_in_watermelon/g1300_d2do6ln.png", "URL": "http://i.imgur.com/JPtPDpE.png", "fileid": "g1300_d2do6ln.png"}, {"id": "g1300_d2dqahr", "comment": "[The Destruction of Pompeii](http://i.imgur.com/R0WrOaY.jpg). \n\n\n^(The history books never mention the Titan.)", "date": "2016-04-22 19:59:36", "seriesname": "g1300_d2dqahr", "file": "/media/jbrogan4/scratch2/Reddit_Prov_Dataset_v6/_Kid_in_watermelon/g1300_d2dqahr.jpg", "URL": "http://i.imgur.com/R0WrOaY.jpg).", "fileid": "g1300_d2dqahr."}, {"id": "g1300_d2dgu51", "comment": "[Quick cesarean and back to work!](http://i.imgur.com/1VH1hO8.jpg) NSFW", "date": "2016-04-22 15:48:41", "seriesname": "g1300_d2dgu51", "file": "/media/jbrogan4/scratch2/Reddit_Prov_Dataset_v6/_Kid_in_watermelon/g1300_d2dgu51.jpg", "URL": "http://i.imgur.com/1VH1hO8.jpg", "fileid": "g1300_d2dgu51.jpg"}, {"id": "g1300_d2dnz1v", "comment": "[Oh those minions!](http://i.imgur.com/kP0f2Q2.png)", "date": "2016-04-22 18:52:07", "seriesname": "g1300_d2dnz1v", "file": "/media/jbrogan4/scratch2/Reddit_Prov_Dataset_v6/_Kid_in_watermelon/g1300_d2dnz1v.png", "URL": "http://i.imgur.com/kP0f2Q2.png", "fileid": "g1300_d2dnz1v.png"}, {"id": "g1300_d2dx2xs", "comment": "[Moments after this photo was taken, Gallagher was arrested for murder](http://i.imgur.com/gqBhNk6.jpg)", "date": "2016-04-22 23:22:32", "seriesname": "g1300_d2dx2xs", "file": "/media/jbrogan4/scratch2/Reddit_Prov_Dataset_v6/_Kid_in_watermelon/g1300_d2dx2xs.jpg", "URL": "http://i.imgur.com/gqBhNk6.jpg", "fileid": "g1300_d2dx2xs.jpg"}, {"id": "g1300_d2e3yjg", "comment": "A different perspective \nhttp://imgur.com/nd32shN", "date": "2016-04-23 04:55:02", "seriesname": "g1300_d2e3yjg", "file": "/media/jbrogan4/scratch2/Reddit_Prov_Dataset_v6/_Kid_in_watermelon/g1300_d2e3yjg.png", "URL": "http://i.imgur.com/nd32shN.png", "fileid": "g1300_d2e3yjg.png"}, {"id": "g1300_d2dknt5", "comment": "[Should hatch any day now!](http://i.imgur.com/afkSHuD.jpg)", "date": "2016-04-22 17:22:02", "seriesname": "g1300_d2dknt5", "file": "/media/jbrogan4/scratch2/Reddit_Prov_Dataset_v6/_Kid_in_watermelon/g1300_d2dknt5.jpg", "URL": "http://i.imgur.com/afkSHuD.jpg", "fileid": "g1300_d2dknt5.jpg"}, {"id": "g1300_d2drt46", "comment": "[velociwatermelonbaby](http://i.imgur.com/bQYtM3I.png)", "date": "2016-04-22 20:43:38", "seriesname": "g1300_d2drt46", "file": "/media/jbrogan4/scratch2/Reddit_Prov_Dataset_v6/_Kid_in_watermelon/g1300_d2drt46.png", "URL": "http://i.imgur.com/bQYtM3I.png", "fileid": "g1300_d2drt46.png"}, {"id": "g1300_d2dbwdi", "comment": "[Hatching](http://i.imgur.com/2reJa39.jpg)", "date": "2016-04-22 13:55:36", "seriesname": "g1300_d2dbwdi", "file": "/media/jbrogan4/scratch2/Reddit_Prov_Dataset_v6/_Kid_in_watermelon/g1300_d2dbwdi.jpg", "URL": "http://i.imgur.com/2reJa39.jpg", "fileid": "g1300_d2dbwdi.jpg"}, {"id": "g1300_d2dtqep", "comment": "[That baby looks seriously disturbed](http://imgur.com/UXzjK68)", "date": "2016-04-22 21:40:32", "seriesname": "g1300_d2dtqep", "file": "/media/jbrogan4/scratch2/Reddit_Prov_Dataset_v6/_Kid_in_watermelon/g1300_d2dtqep.png", "URL": "http://i.imgur.com/UXzjK68.png", "fileid": "g1300_d2dtqep.png"}, {"id": "g1300_d2e7rjc", "comment": "[First baby to ever do it](http://imgur.com/qUtRwtk)", "date": "2016-04-23 08:57:54", "seriesname": "g1300_d2e7rjc", "file": "/media/jbrogan4/scratch2/Reddit_Prov_Dataset_v6/_Kid_in_watermelon/g1300_d2e7rjc.png", "URL": "http://i.imgur.com/qUtRwtk.png", "fileid": "g1300_d2e7rjc.png"}, {"id": "g1300_d2e1l68", "comment": "[For that cinematic feel](http://i.imgur.com/zOkLqTY.png)", "date": "2016-04-23 02:23:41", "seriesname": "g1300_d2e1l68", "file": "/media/jbrogan4/scratch2/Reddit_Prov_Dataset_v6/_Kid_in_watermelon/g1300_d2e1l68.png", "URL": "http://i.imgur.com/zOkLqTY.png", "fileid": "g1300_d2e1l68.png"}, {"id": "g1300_d2e07u0", "comment": "[Next stop Mars!](http://i.imgur.com/e6Frfsi.jpg)", "date": "2016-04-23 01:18:44", "seriesname": "g1300_d2e07u0", "file": "/media/jbrogan4/scratch2/Reddit_Prov_Dataset_v6/_Kid_in_watermelon/g1300_d2e07u0.jpg", "URL": "http://i.imgur.com/e6Frfsi.jpg", "fileid": "g1300_d2e07u0.jpg"}, {"id": "g1300_d2eo0oz", "comment": "[Ico Surprise Ending](http://imgur.com/fK8IwQs)", "date": "2016-04-23 17:17:48", "seriesname": "g1300_d2eo0oz", "file": "/media/jbrogan4/scratch2/Reddit_Prov_Dataset_v6/_Kid_in_watermelon/g1300_d2eo0oz.png", "URL": "http://i.imgur.com/fK8IwQs.png", "fileid": "g1300_d2eo0oz.png"}, {"id": "g1300_d2dsa46", "comment": "[This fit a little too well if you ask me](http://i.imgur.com/meTDJDK.jpg)\n\nProps if you know the source without looking.", "date": "2016-04-22 20:57:25", "seriesname": "g1300_d2dsa46", "file": "/media/jbrogan4/scratch2/Reddit_Prov_Dataset_v6/_Kid_in_watermelon/g1300_d2dsa46.jpg", "URL": "http://i.imgur.com/meTDJDK.jpg", "fileid": "g1300_d2dsa46.jpg"}, {"id": "g1300_d2e2atw", "comment": "This is how it all ends\n\nhttp://imgur.com/htvv20A\n", "date": "2016-04-23 03:04:20", "seriesname": "g1300_d2e2atw", "file": "/media/jbrogan4/scratch2/Reddit_Prov_Dataset_v6/_Kid_in_watermelon/g1300_d2e2atw.png", "URL": "http://i.imgur.com/htvv20A.png", "fileid": "g1300_d2e2atw.png"}, {"id": "g1300_d2e1xo2", "comment": "[Kid in a kid in a kid in a kid in a watermelon](http://i.imgur.com/juuHylZ.jpg)", "date": "2016-04-23 02:42:50", "seriesname": "g1300_d2e1xo2", "file": "/media/jbrogan4/scratch2/Reddit_Prov_Dataset_v6/_Kid_in_watermelon/g1300_d2e1xo2.jpg", "URL": "http://i.imgur.com/juuHylZ.jpg", "fileid": "g1300_d2e1xo2.jpg"}, {"id": "g1300_d2ds9tw", "comment": "[2 seconds in paint](http://i.imgur.com/Ga4C1jL.png)", "date": "2016-04-22 20:57:11", "seriesname": "g1300_d2ds9tw", "file": "/media/jbrogan4/scratch2/Reddit_Prov_Dataset_v6/_Kid_in_watermelon/g1300_d2ds9tw.png", "URL": "http://i.imgur.com/Ga4C1jL.png", "fileid": "g1300_d2ds9tw.png"}, {"id": "g1300_d2doqxx", "comment": "[The Chosen One](http://imgur.com/GPfd2T3)", "date": "2016-04-22 19:14:49", "seriesname": "g1300_d2doqxx", "file": "/media/jbrogan4/scratch2/Reddit_Prov_Dataset_v6/_Kid_in_watermelon/g1300_d2doqxx.png", "URL": "http://i.imgur.com/GPfd2T3.png", "fileid": "g1300_d2doqxx.png"}, {"id": "g1300_d2dujwk", "comment": "[I tried](http://i.imgur.com/47ZxF6j.jpg)", "date": "2016-04-22 22:04:23", "seriesname": "g1300_d2dujwk", "file": "/media/jbrogan4/scratch2/Reddit_Prov_Dataset_v6/_Kid_in_watermelon/g1300_d2dujwk.jpg", "URL": "http://i.imgur.com/47ZxF6j.jpg", "fileid": "g1300_d2dujwk.jpg"}, {"id": "g1300_d2dlmrw", "comment": "[Over the falls](http://i.imgur.com/B0ckdBK.jpg)", "date": "2016-04-22 17:47:20", "seriesname": "g1300_d2dlmrw", "file": "/media/jbrogan4/scratch2/Reddit_Prov_Dataset_v6/_Kid_in_watermelon/g1300_d2dlmrw.jpg", "URL": "http://i.imgur.com/B0ckdBK.jpg", "fileid": "g1300_d2dlmrw.jpg"}, {"id": "g1300_d2dod8q", "comment": "http://i.imgur.com/afkSHuD.gif", "date": "2016-04-22 19:03:41", "seriesname": "g1300_d2dod8q", "file": "/media/jbrogan4/scratch2/Reddit_Prov_Dataset_v6/_Kid_in_watermelon/g1300_d2dod8q.jpg", "URL": "http://i.imgur.com/afkSHuD.gif", "fileid": "g1300_d2dod8q.gif"}, {"id": "g1300_d2dby4b", "comment": "[Take care now, sorry for not finding a basket](http://i.imgur.com/a5uPKiZ.png)", "date": "2016-04-22 13:56:38", "seriesname": "g1300_d2dby4b", "file": "/media/jbrogan4/scratch2/Reddit_Prov_Dataset_v6/_Kid_in_watermelon/g1300_d2dby4b.png", "URL": "http://i.imgur.com/a5uPKiZ.png", "fileid": "g1300_d2dby4b.png"}, {"id": "g1300_d2dqio3", "comment": "NSFW [Watermelon kid break the internet](http://i.imgur.com/b3Gw5pU.png)", "date": "2016-04-22 20:06:14", "seriesname": "g1300_d2dqio3", "file": "/media/jbrogan4/scratch2/Reddit_Prov_Dataset_v6/_Kid_in_watermelon/g1300_d2dqio3.png", "URL": "http://i.imgur.com/b3Gw5pU.png", "fileid": "g1300_d2dqio3.png"}, {"id": "g1300_d2duoq4", "comment": "[Here you go](http://i.imgur.com/vSB3cHw.png)", "date": "2016-04-22 22:08:23", "seriesname": "g1300_d2duoq4", "file": "/media/jbrogan4/scratch2/Reddit_Prov_Dataset_v6/_Kid_in_watermelon/g1300_d2duoq4.png", "URL": "http://i.imgur.com/vSB3cHw.png", "fileid": "g1300_d2duoq4.png"}, {"id": "g1300_d2dev6z", "comment": "[Obligatory](http://i.imgur.com/qGXY0uH.jpg)", "date": "2016-04-22 15:03:03", "seriesname": "g1300_d2dev6z", "file": "/media/jbrogan4/scratch2/Reddit_Prov_Dataset_v6/_Kid_in_watermelon/g1300_d2dev6z.jpg", "URL": "http://i.imgur.com/qGXY0uH.jpg", "fileid": "g1300_d2dev6z.jpg"}, {"id": "g1300_d2dkpmq", "comment": "[The final boss](http://imgur.com/CYXnd6h)", "date": "2016-04-22 17:23:19", "seriesname": "g1300_d2dkpmq", "file": "/media/jbrogan4/scratch2/Reddit_Prov_Dataset_v6/_Kid_in_watermelon/g1300_d2dkpmq.png", "URL": "http://i.imgur.com/CYXnd6h.png", "fileid": "g1300_d2dkpmq.png"}, {"id": "g1300_d2dm7ga", "comment": "[THE CLAAAAAW!](http://imgur.com/PD0gQUO)", "date": "2016-04-22 18:02:34", "seriesname": "g1300_d2dm7ga", "file": "/media/jbrogan4/scratch2/Reddit_Prov_Dataset_v6/_Kid_in_watermelon/g1300_d2dm7ga.png", "URL": "http://i.imgur.com/PD0gQUO.png", "fileid": "g1300_d2dm7ga.png"}, {"id": "g1300_d2de6s0", "comment": "[So that's what causes those](http://i.imgur.com/GbyB752.jpg)", "date": "2016-04-22 14:47:25", "seriesname": "g1300_d2de6s0", "file": "/media/jbrogan4/scratch2/Reddit_Prov_Dataset_v6/_Kid_in_watermelon/g1300_d2de6s0.jpg", "URL": "http://i.imgur.com/GbyB752.jpg", "fileid": "g1300_d2de6s0.jpg"}, {"id": "g1300_d2dl49t", "comment": "[Just a kid enjoying some watermelon...](http://i.imgur.com/yucOshQ.jpg)", "date": "2016-04-22 17:33:48", "seriesname": "g1300_d2dl49t", "file": "/media/jbrogan4/scratch2/Reddit_Prov_Dataset_v6/_Kid_in_watermelon/g1300_d2dl49t.jpg", "URL": "http://i.imgur.com/yucOshQ.jpg", "fileid": "g1300_d2dl49t.jpg"}, {"id": "g1300_d2e11xw", "comment": "[There you go](http://i.imgur.com/dIOD4Mb.png)", "date": "2016-04-23 01:56:07", "seriesname": "g1300_d2e11xw", "file": "/media/jbrogan4/scratch2/Reddit_Prov_Dataset_v6/_Kid_in_watermelon/g1300_d2e11xw.png", "URL": "http://i.imgur.com/dIOD4Mb.png", "fileid": "g1300_d2e11xw.png"}, {"id": "g1300_d2dnwf4", "comment": "[Sadly, he only made it to the extended edition](http://i.imgur.com/9SzsPqv.jpg)", "date": "2016-04-22 18:50:02", "seriesname": "g1300_d2dnwf4", "file": "/media/jbrogan4/scratch2/Reddit_Prov_Dataset_v6/_Kid_in_watermelon/g1300_d2dnwf4.jpg", "URL": "http://i.imgur.com/9SzsPqv.jpg", "fileid": "g1300_d2dnwf4.jpg"}, {"id": "g1300_d2dnuwj", "comment": "http://i.imgur.com/AQ60myE.jpg", "date": "2016-04-22 18:48:51", "seriesname": "g1300_d2dnuwj", "file": "/media/jbrogan4/scratch2/Reddit_Prov_Dataset_v6/_Kid_in_watermelon/g1300_d2dnuwj.jpg", "URL": "http://i.imgur.com/AQ60myE.jpg", "fileid": "g1300_d2dnuwj.jpg"}, {"id": "g1300_d2dh5zt", "comment": "[What have I created...](https://imgur.com/ruk7Twz)", "date": "2016-04-22 15:56:23", "seriesname": "g1300_d2dh5zt", "file": "/media/jbrogan4/scratch2/Reddit_Prov_Dataset_v6/_Kid_in_watermelon/g1300_d2dh5zt.png", "URL": "http://i.imgur.com/ruk7Twz.png", "fileid": "g1300_d2dh5zt.png"}, {"id": "g1300_d2divsv", "comment": "[Everything that the light touches...](http://imgur.com/tyoGZk5)", "date": "2016-04-22 16:37:33", "seriesname": "g1300_d2divsv", "file": "/media/jbrogan4/scratch2/Reddit_Prov_Dataset_v6/_Kid_in_watermelon/g1300_d2divsv.png", "URL": "http://i.imgur.com/tyoGZk5.png", "fileid": "g1300_d2divsv.png"}, {"id": "g1300_d2e9rqi", "comment": "[Krang](http://imgur.com/eCnbArt)", "date": "2016-04-23 10:18:48", "seriesname": "g1300_d2e9rqi", "file": "/media/jbrogan4/scratch2/Reddit_Prov_Dataset_v6/_Kid_in_watermelon/g1300_d2e9rqi.png", "URL": "http://i.imgur.com/eCnbArt.png", "fileid": "g1300_d2e9rqi.png"}, {"id": "g1300_d2ddr0p", "comment": "[alien watermelon baby](http://i.imgur.com/VbMV34w.jpg)", "date": "2016-04-22 14:37:26", "seriesname": "g1300_d2ddr0p", "file": "/media/jbrogan4/scratch2/Reddit_Prov_Dataset_v6/_Kid_in_watermelon/g1300_d2ddr0p.jpg", "URL": "http://i.imgur.com/VbMV34w.jpg", "fileid": "g1300_d2ddr0p.jpg"}, {"id": "g1300_d2dii9h", "comment": "[Wrong watermelon](http://imgur.com/lZPMglQ)", "date": "2016-04-22 16:28:19", "seriesname": "g1300_d2dii9h", "file": "/media/jbrogan4/scratch2/Reddit_Prov_Dataset_v6/_Kid_in_watermelon/g1300_d2dii9h.png", "URL": "http://i.imgur.com/lZPMglQ.png", "fileid": "g1300_d2dii9h.png"}, {"id": "g1300_d2dm3yc", "comment": "[I did things.](http://i.imgur.com/dIOD4Mb.png)", "date": "2016-04-22 17:59:56", "seriesname": "g1300_d2dm3yc", "file": "/media/jbrogan4/scratch2/Reddit_Prov_Dataset_v6/_Kid_in_watermelon/g1300_d2dm3yc.png", "URL": "http://i.imgur.com/dIOD4Mb.png", "fileid": "g1300_d2dm3yc.png"}, {"id": "g1300_d2dbnws", "comment": "[Howdy](http://i.imgur.com/VDeYPqL.png)", "date": "2016-04-22 13:50:20", "seriesname": "g1300_d2dbnws", "file": "/media/jbrogan4/scratch2/Reddit_Prov_Dataset_v6/_Kid_in_watermelon/g1300_d2dbnws.png", "URL": "http://i.imgur.com/VDeYPqL.png", "fileid": "g1300_d2dbnws.png"}, {"id": "g1300_root", "comment": "", "date": "2016-04-22 12:01:54", "seriesname": "g1300_root", "file": "/media/jbrogan4/scratch2/Reddit_Prov_Dataset_v6/_Kid_in_watermelon/g1300_root.jpg", "URL": "http://i.imgur.com/DpYTz09.jpg", "fileid": "g1300_root.jpg"}, {"id": "g1300_d2do4am", "comment": "[hobbit baby](http://i.imgur.com/fpVpVLJ.jpg)", "date": "2016-04-22 18:56:20", "seriesname": "g1300_d2do4am", "file": "/media/jbrogan4/scratch2/Reddit_Prov_Dataset_v6/_Kid_in_watermelon/g1300_d2do4am.jpg", "URL": "http://i.imgur.com/fpVpVLJ.jpg", "fileid": "g1300_d2do4am.jpg"}, {"id": "g1300_d2di9sa", "comment": "[hodoor](http://i.imgur.com/oEHmFBV.jpg)", "date": "2016-04-22 16:22:35", "seriesname": "g1300_d2di9sa", "file": "/media/jbrogan4/scratch2/Reddit_Prov_Dataset_v6/_Kid_in_watermelon/g1300_d2di9sa.jpg", "URL": "http://i.imgur.com/oEHmFBV.jpg", "fileid": "g1300_d2di9sa.jpg"}], "graph": {"name": "g1300_root"}, "directed": true}