{"links": [{"op": "none", "target": 0, "source": 45}, {"op": "none", "target": 1, "source": 45}, {"op": "none", "target": 2, "source": 45}, {"op": "none", "target": 3, "source": 45}, {"op": "none", "target": 4, "source": 34}, {"op": "none", "target": 5, "source": 19}, {"op": "none", "target": 6, "source": 41}, {"op": "none", "target": 7, "source": 45}, {"op": "none", "target": 8, "source": 45}, {"op": "none", "target": 9, "source": 45}, {"op": "none", "target": 10, "source": 45}, {"op": "none", "target": 11, "source": 41}, {"op": "none", "target": 12, "source": 45}, {"op": "none", "target": 13, "source": 45}, {"op": "none", "target": 14, "source": 45}, {"op": "none", "target": 15, "source": 45}, {"op": "none", "target": 16, "source": 25}, {"op": "none", "target": 17, "source": 45}, {"op": "none", "target": 18, "source": 45}, {"op": "none", "target": 19, "source": 45}, {"op": "none", "target": 20, "source": 45}, {"op": "none", "target": 21, "source": 12}, {"op": "none", "target": 22, "source": 45}, {"op": "none", "target": 23, "source": 24}, {"op": "none", "target": 24, "source": 45}, {"op": "none", "target": 25, "source": 45}, {"op": "none", "target": 26, "source": 45}, {"op": "none", "target": 27, "source": 5}, {"op": "none", "target": 28, "source": 45}, {"op": "none", "target": 29, "source": 45}, {"op": "none", "target": 30, "source": 45}, {"op": "none", "target": 31, "source": 45}, {"op": "none", "target": 32, "source": 45}, {"op": "none", "target": 33, "source": 45}, {"op": "none", "target": 34, "source": 24}, {"op": "none", "target": 35, "source": 45}, {"op": "none", "target": 36, "source": 45}, {"op": "none", "target": 37, "source": 45}, {"op": "none", "target": 38, "source": 19}, {"op": "none", "target": 39, "source": 45}, {"op": "none", "target": 40, "source": 45}, {"op": "none", "target": 41, "source": 45}, {"op": "none", "target": 42, "source": 45}, {"op": "none", "target": 43, "source": 45}, {"op": "none", "target": 44, "source": 45}, {"op": "none", "target": 46, "source": 27}], "title": "_Man_driving_his_Tricer-a-car", "nodes": [{"id": "g1304_cxj4mbq", "comment": "[Rawr!](http://i.imgur.com/DAl9jHs.jpg)", "date": "2015-12-01 09:46:18", "seriesname": "g1304_cxj4mbq", "file": "/media/jbrogan4/scratch2/Reddit_Prov_Dataset_v6/_Man_driving_his_Tricer-a-car/g1304_cxj4mbq.jpg", "URL": "http://i.imgur.com/DAl9jHs.jpg", "fileid": "g1304_cxj4mbq.jpg"}, {"id": "g1304_cxj4yul", "comment": "[Day 36 and still no one knows I am actually a Tricer-a-car](http://i.imgur.com/7bj4wCy.jpg)", "date": "2015-12-01 09:57:14", "seriesname": "g1304_cxj4yul", "file": "/media/jbrogan4/scratch2/Reddit_Prov_Dataset_v6/_Man_driving_his_Tricer-a-car/g1304_cxj4yul.jpg", "URL": "http://i.imgur.com/7bj4wCy.jpg", "fileid": "g1304_cxj4yul.jpg"}, {"id": "g1304_cxjgvqp", "comment": "http://i.imgur.com/vRpKf66.jpg", "date": "2015-12-01 14:51:46", "seriesname": "g1304_cxjgvqp", "file": "/media/jbrogan4/scratch2/Reddit_Prov_Dataset_v6/_Man_driving_his_Tricer-a-car/g1304_cxjgvqp.jpg", "URL": "http://i.imgur.com/vRpKf66.jpg", "fileid": "g1304_cxjgvqp.jpg"}, {"id": "g1304_cxj9io9", "comment": "[Stand down Lou! Stand down...](http://i.imgur.com/p0tSOtF.jpg?1)", "date": "2015-12-01 11:59:59", "seriesname": "g1304_cxj9io9", "file": "/media/jbrogan4/scratch2/Reddit_Prov_Dataset_v6/_Man_driving_his_Tricer-a-car/g1304_cxj9io9.jpg", "URL": "http://i.imgur.com/p0tSOtF.jpg?1", "fileid": "g1304_cxj9io9.jpg"}, {"id": "g1304_cxjbfva", "comment": "http://imgur.com/vpoM5Do", "date": "2015-12-01 12:46:30", "seriesname": "g1304_cxjbfva", "file": "/media/jbrogan4/scratch2/Reddit_Prov_Dataset_v6/_Man_driving_his_Tricer-a-car/g1304_cxjbfva.png", "URL": "http://i.imgur.com/vpoM5Do.png", "fileid": "g1304_cxjbfva.png"}, {"id": "g1304_cxj65ny", "comment": "[http://i.imgur.com/kyR7zK0.png](http://i.imgur.com/kyR7zK0.png)", "date": "2015-12-01 10:32:23", "seriesname": "g1304_cxj65ny", "file": "/media/jbrogan4/scratch2/Reddit_Prov_Dataset_v6/_Man_driving_his_Tricer-a-car/g1304_cxj65ny.png", "URL": "http://i.imgur.com/kyR7zK0.png](http://i.imgur.com/kyR7zK0.png", "fileid": "g1304_cxj65ny.png"}, {"id": "g1304_cxjbkbp", "comment": "[Wish granted] (http://imgur.com/c7rzJsK)", "date": "2015-12-01 12:49:26", "seriesname": "g1304_cxjbkbp", "file": "/media/jbrogan4/scratch2/Reddit_Prov_Dataset_v6/_Man_driving_his_Tricer-a-car/g1304_cxjbkbp.png", "URL": "http://i.imgur.com/c7rzJsK.png", "fileid": "g1304_cxjbkbp.png"}, {"id": "g1304_cxjaw9k", "comment": "[No idea.](http://i.imgur.com/KR0fj0J.jpg)", "date": "2015-12-01 12:33:38", "seriesname": "g1304_cxjaw9k", "file": "/media/jbrogan4/scratch2/Reddit_Prov_Dataset_v6/_Man_driving_his_Tricer-a-car/g1304_cxjaw9k.jpg", "URL": "http://i.imgur.com/KR0fj0J.jpg", "fileid": "g1304_cxjaw9k.jpg"}, {"id": "g1304_cxj70s7", "comment": "[Mighty morphin...](http://i.imgur.com/yOGz79r.jpg)", "date": "2015-12-01 10:56:00", "seriesname": "g1304_cxj70s7", "file": "/media/jbrogan4/scratch2/Reddit_Prov_Dataset_v6/_Man_driving_his_Tricer-a-car/g1304_cxj70s7.jpg", "URL": "http://i.imgur.com/yOGz79r.jpg", "fileid": "g1304_cxj70s7.jpg"}, {"id": "g1304_cxjcliv", "comment": "[He's on the move](http://i.imgur.com/iUa1HJF.gif)", "date": "2015-12-01 13:13:53", "seriesname": "g1304_cxjcliv", "file": "/media/jbrogan4/scratch2/Reddit_Prov_Dataset_v6/_Man_driving_his_Tricer-a-car/g1304_cxjcliv.jpg", "URL": "http://i.imgur.com/iUa1HJF.gif", "fileid": "g1304_cxjcliv.gif"}, {"id": "g1304_cxj4yzu", "comment": "http://i.imgur.com/dxVpe9x.jpg", "date": "2015-12-01 09:57:22", "seriesname": "g1304_cxj4yzu", "file": "/media/jbrogan4/scratch2/Reddit_Prov_Dataset_v6/_Man_driving_his_Tricer-a-car/g1304_cxj4yzu.jpg", "URL": "http://i.imgur.com/dxVpe9x.jpg", "fileid": "g1304_cxj4yzu.jpg"}, {"id": "g1304_cxj97n5", "comment": "[Are you happy now?] (http://imgur.com/r58fLEv)", "date": "2015-12-01 11:52:36", "seriesname": "g1304_cxj97n5", "file": "/media/jbrogan4/scratch2/Reddit_Prov_Dataset_v6/_Man_driving_his_Tricer-a-car/g1304_cxj97n5.png", "URL": "http://i.imgur.com/r58fLEv.png", "fileid": "g1304_cxj97n5.png"}, {"id": "g1304_cxj8sr9", "comment": "[Shitty face swap?](http://i.imgur.com/DqKN3Yc.jpg)", "date": "2015-12-01 11:42:34", "seriesname": "g1304_cxj8sr9", "file": "/media/jbrogan4/scratch2/Reddit_Prov_Dataset_v6/_Man_driving_his_Tricer-a-car/g1304_cxj8sr9.jpg", "URL": "http://i.imgur.com/DqKN3Yc.jpg", "fileid": "g1304_cxj8sr9.jpg"}, {"id": "g1304_cxj6wgw", "comment": "http://imgur.com/crD9sTN", "date": "2015-12-01 10:52:48", "seriesname": "g1304_cxj6wgw", "file": "/media/jbrogan4/scratch2/Reddit_Prov_Dataset_v6/_Man_driving_his_Tricer-a-car/g1304_cxj6wgw.png", "URL": "http://i.imgur.com/crD9sTN.png", "fileid": "g1304_cxj6wgw.png"}, {"id": "g1304_cxj9eh4", "comment": "[Fallout 4: rider's new vehicle](http://i.imgur.com/65ybp1i.jpg)", "date": "2015-12-01 11:57:10", "seriesname": "g1304_cxj9eh4", "file": "/media/jbrogan4/scratch2/Reddit_Prov_Dataset_v6/_Man_driving_his_Tricer-a-car/g1304_cxj9eh4.jpg", "URL": "http://i.imgur.com/65ybp1i.jpg", "fileid": "g1304_cxj9eh4.jpg"}, {"id": "g1304_cxj4e92", "comment": "[Self-Driving](https://i.imgur.com/utc5Mmz.png)", "date": "2015-12-01 09:39:02", "seriesname": "g1304_cxj4e92", "file": "/media/jbrogan4/scratch2/Reddit_Prov_Dataset_v6/_Man_driving_his_Tricer-a-car/g1304_cxj4e92.png", "URL": "https://i.imgur.com/utc5Mmz.png", "fileid": "g1304_cxj4e92.png"}, {"id": "g1304_cxj8z7z", "comment": "amazing job, just did a small [correction](http://i.imgur.com/Jpi1Ka8.jpg).", "date": "2015-12-01 11:47:00", "seriesname": "g1304_cxj8z7z", "file": "/media/jbrogan4/scratch2/Reddit_Prov_Dataset_v6/_Man_driving_his_Tricer-a-car/g1304_cxj8z7z.jpg", "URL": "http://i.imgur.com/Jpi1Ka8.jpg).", "fileid": "g1304_cxj8z7z."}, {"id": "g1304_cxj7ilq", "comment": "A dinosaur's bones\n\nwill last longer than Romo's.\n\n[*Hail to the Redskins.*](http://i.imgur.com/ZSp5ssX.jpg)", "date": "2015-12-01 11:09:22", "seriesname": "g1304_cxj7ilq", "file": "/media/jbrogan4/scratch2/Reddit_Prov_Dataset_v6/_Man_driving_his_Tricer-a-car/g1304_cxj7ilq.jpg", "URL": "http://i.imgur.com/ZSp5ssX.jpg", "fileid": "g1304_cxj7ilq.jpg"}, {"id": "g1304_cxjefq6", "comment": "[Come on and join the **Robo-Dino Battle Spectacular 2083**!](http://i.imgur.com/TuCoS1y.jpg)\n\nEDIT: flipped the skyline", "date": "2015-12-01 13:55:48", "seriesname": "g1304_cxjefq6", "file": "/media/jbrogan4/scratch2/Reddit_Prov_Dataset_v6/_Man_driving_his_Tricer-a-car/g1304_cxjefq6.jpg", "URL": "http://i.imgur.com/TuCoS1y.jpg", "fileid": "g1304_cxjefq6.jpg"}, {"id": "g1304_cxj501e", "comment": "[http://i.imgur.com/al4aZez.png](http://i.imgur.com/al4aZez.png)", "date": "2015-12-01 09:58:16", "seriesname": "g1304_cxj501e", "file": "/media/jbrogan4/scratch2/Reddit_Prov_Dataset_v6/_Man_driving_his_Tricer-a-car/g1304_cxj501e.png", "URL": "http://i.imgur.com/al4aZez.png](http://i.imgur.com/al4aZez.png", "fileid": "g1304_cxj501e.png"}, {"id": "g1304_cxj64yg", "comment": "[/u/Gallowboob riding the Tricer-a-karma to the front page.](http://imgur.com/5Ca5H6D)", "date": "2015-12-01 10:31:49", "seriesname": "g1304_cxj64yg", "file": "/media/jbrogan4/scratch2/Reddit_Prov_Dataset_v6/_Man_driving_his_Tricer-a-car/g1304_cxj64yg.png", "URL": "http://i.imgur.com/5Ca5H6D.png", "fileid": "g1304_cxj64yg.png"}, {"id": "g1304_cxjahm8", "comment": "Did someone say [\"shitty face swap\"](http://i.imgur.com/0PSwQjN.jpg)?", "date": "2015-12-01 12:23:52", "seriesname": "g1304_cxjahm8", "file": "/media/jbrogan4/scratch2/Reddit_Prov_Dataset_v6/_Man_driving_his_Tricer-a-car/g1304_cxjahm8.jpg", "URL": "http://i.imgur.com/0PSwQjN.jpg)?", "fileid": "g1304_cxjahm8.jpg"}, {"id": "g1304_cxj5i8p", "comment": "[Wacky Racing](http://imgur.com/6KE9Bgy)", "date": "2015-12-01 10:13:48", "seriesname": "g1304_cxj5i8p", "file": "/media/jbrogan4/scratch2/Reddit_Prov_Dataset_v6/_Man_driving_his_Tricer-a-car/g1304_cxj5i8p.png", "URL": "http://i.imgur.com/6KE9Bgy.png", "fileid": "g1304_cxj5i8p.png"}, {"id": "g1304_cxj90lk", "comment": "[WITNESSED!](http://i.imgur.com/UeiQYll.jpg) (by the camera dude)", "date": "2015-12-01 11:47:55", "seriesname": "g1304_cxj90lk", "file": "/media/jbrogan4/scratch2/Reddit_Prov_Dataset_v6/_Man_driving_his_Tricer-a-car/g1304_cxj90lk.jpg", "URL": "http://i.imgur.com/UeiQYll.jpg", "fileid": "g1304_cxj90lk.jpg"}, {"id": "g1304_cxj383v", "comment": "[Fury](http://i.imgur.com/tWdqTjJ.jpg)", "date": "2015-12-01 08:57:19", "seriesname": "g1304_cxj383v", "file": "/media/jbrogan4/scratch2/Reddit_Prov_Dataset_v6/_Man_driving_his_Tricer-a-car/g1304_cxj383v.jpg", "URL": "http://i.imgur.com/tWdqTjJ.jpg", "fileid": "g1304_cxj383v.jpg"}, {"id": "g1304_cxj52tz", "comment": "[Bizarro!](http://imgur.com/pHEjmox)", "date": "2015-12-01 10:00:36", "seriesname": "g1304_cxj52tz", "file": "/media/jbrogan4/scratch2/Reddit_Prov_Dataset_v6/_Man_driving_his_Tricer-a-car/g1304_cxj52tz.png", "URL": "http://i.imgur.com/pHEjmox.png", "fileid": "g1304_cxj52tz.png"}, {"id": "g1304_cxj3pg5", "comment": "[I said NO pictures](http://i.imgur.com/SVXtaYE.jpg)", "date": "2015-12-01 09:15:38", "seriesname": "g1304_cxj3pg5", "file": "/media/jbrogan4/scratch2/Reddit_Prov_Dataset_v6/_Man_driving_his_Tricer-a-car/g1304_cxj3pg5.jpg", "URL": "http://i.imgur.com/SVXtaYE.jpg", "fileid": "g1304_cxj3pg5.jpg"}, {"id": "g1304_cxj706i", "comment": "[http://i.imgur.com/kOQOG7w.png](http://i.imgur.com/kOQOG7w.png)", "date": "2015-12-01 10:55:33", "seriesname": "g1304_cxj706i", "file": "/media/jbrogan4/scratch2/Reddit_Prov_Dataset_v6/_Man_driving_his_Tricer-a-car/g1304_cxj706i.png", "URL": "http://i.imgur.com/kOQOG7w.png](http://i.imgur.com/kOQOG7w.png", "fileid": "g1304_cxj706i.png"}, {"id": "g1304_cxj6vfm", "comment": "[The observer](http://i.imgur.com/F0A9zWO.jpg)", "date": "2015-12-01 10:52:01", "seriesname": "g1304_cxj6vfm", "file": "/media/jbrogan4/scratch2/Reddit_Prov_Dataset_v6/_Man_driving_his_Tricer-a-car/g1304_cxj6vfm.jpg", "URL": "http://i.imgur.com/F0A9zWO.jpg", "fileid": "g1304_cxj6vfm.jpg"}, {"id": "g1304_cxjbbrd", "comment": "[The Bunny mobile](http://i.imgur.com/F8NYa0Z.jpg)", "date": "2015-12-01 12:43:50", "seriesname": "g1304_cxjbbrd", "file": "/media/jbrogan4/scratch2/Reddit_Prov_Dataset_v6/_Man_driving_his_Tricer-a-car/g1304_cxjbbrd.jpg", "URL": "http://i.imgur.com/F8NYa0Z.jpg", "fileid": "g1304_cxjbbrd.jpg"}, {"id": "g1304_cxjagt1", "comment": "[Cut-out](http://i.imgur.com/aR1B3lD.png)\n\nWorks best on darker background", "date": "2015-12-01 12:23:18", "seriesname": "g1304_cxjagt1", "file": "/media/jbrogan4/scratch2/Reddit_Prov_Dataset_v6/_Man_driving_his_Tricer-a-car/g1304_cxjagt1.png", "URL": "http://i.imgur.com/aR1B3lD.png", "fileid": "g1304_cxjagt1.png"}, {"id": "g1304_cxjg8m4", "comment": "Dont mind me, just parking my [freedom](http://i.imgur.com/VLhu1Rg.jpg)", "date": "2015-12-01 14:37:10", "seriesname": "g1304_cxjg8m4", "file": "/media/jbrogan4/scratch2/Reddit_Prov_Dataset_v6/_Man_driving_his_Tricer-a-car/g1304_cxjg8m4.jpg", "URL": "http://i.imgur.com/VLhu1Rg.jpg", "fileid": "g1304_cxjg8m4.jpg"}, {"id": "g1304_cxj5o3p", "comment": "The mods in [Fallout 4 for taking on a deathclaw](http://i.imgur.com/7AmcbJD.jpg)", "date": "2015-12-01 10:18:41", "seriesname": "g1304_cxj5o3p", "file": "/media/jbrogan4/scratch2/Reddit_Prov_Dataset_v6/_Man_driving_his_Tricer-a-car/g1304_cxj5o3p.jpg", "URL": "http://i.imgur.com/7AmcbJD.jpg", "fileid": "g1304_cxj5o3p.jpg"}, {"id": "g1304_cxjk8rr", "comment": "[Battling the T-Rex](http://i.imgur.com/Hq1fhWh.jpg)", "date": "2015-12-01 16:06:27", "seriesname": "g1304_cxjk8rr", "file": "/media/jbrogan4/scratch2/Reddit_Prov_Dataset_v6/_Man_driving_his_Tricer-a-car/g1304_cxjk8rr.jpg", "URL": "http://i.imgur.com/Hq1fhWh.jpg", "fileid": "g1304_cxjk8rr.jpg"}, {"id": "g1304_cxj72kp", "comment": "http://i.imgur.com/xBMmxPS.jpg", "date": "2015-12-01 10:57:19", "seriesname": "g1304_cxj72kp", "file": "/media/jbrogan4/scratch2/Reddit_Prov_Dataset_v6/_Man_driving_his_Tricer-a-car/g1304_cxj72kp.jpg", "URL": "http://i.imgur.com/xBMmxPS.jpg", "fileid": "g1304_cxj72kp.jpg"}, {"id": "g1304_cxj5t9a", "comment": "[Ideals are peaceful. History is violent.](http://imgur.com/Kb5ATH0)", "date": "2015-12-01 10:22:45", "seriesname": "g1304_cxj5t9a", "file": "/media/jbrogan4/scratch2/Reddit_Prov_Dataset_v6/_Man_driving_his_Tricer-a-car/g1304_cxj5t9a.png", "URL": "http://i.imgur.com/Kb5ATH0.png", "fileid": "g1304_cxj5t9a.png"}, {"id": "g1304_cxjclej", "comment": "[Engine went extinct](http://i.imgur.com/gIUuBkC.png)", "date": "2015-12-01 13:13:49", "seriesname": "g1304_cxjclej", "file": "/media/jbrogan4/scratch2/Reddit_Prov_Dataset_v6/_Man_driving_his_Tricer-a-car/g1304_cxjclej.png", "URL": "http://i.imgur.com/gIUuBkC.png", "fileid": "g1304_cxjclej.png"}, {"id": "g1304_cxjub7k", "comment": "[Property of Jurassic World](http://i.imgur.com/fXz9eVu.png)", "date": "2015-12-01 20:15:22", "seriesname": "g1304_cxjub7k", "file": "/media/jbrogan4/scratch2/Reddit_Prov_Dataset_v6/_Man_driving_his_Tricer-a-car/g1304_cxjub7k.png", "URL": "http://i.imgur.com/fXz9eVu.png", "fileid": "g1304_cxjub7k.png"}, {"id": "g1304_cxjan5b", "comment": "http://i.imgur.com/dJJcloI.jpg", "date": "2015-12-01 12:27:32", "seriesname": "g1304_cxjan5b", "file": "/media/jbrogan4/scratch2/Reddit_Prov_Dataset_v6/_Man_driving_his_Tricer-a-car/g1304_cxjan5b.jpg", "URL": "http://i.imgur.com/dJJcloI.jpg", "fileid": "g1304_cxjan5b.jpg"}, {"id": "g1304_cxjuwcg", "comment": "[Your Uber is arriving now](http://imgur.com/rhbL1ym)", "date": "2015-12-01 20:31:13", "seriesname": "g1304_cxjuwcg", "file": "/media/jbrogan4/scratch2/Reddit_Prov_Dataset_v6/_Man_driving_his_Tricer-a-car/g1304_cxjuwcg.png", "URL": "http://i.imgur.com/rhbL1ym.png", "fileid": "g1304_cxjuwcg.png"}, {"id": "g1304_cxj4nnr", "comment": "http://i.imgur.com/Omhd0j5.jpg", "date": "2015-12-01 09:47:28", "seriesname": "g1304_cxj4nnr", "file": "/media/jbrogan4/scratch2/Reddit_Prov_Dataset_v6/_Man_driving_his_Tricer-a-car/g1304_cxj4nnr.jpg", "URL": "http://i.imgur.com/Omhd0j5.jpg", "fileid": "g1304_cxj4nnr.jpg"}, {"id": "g1304_cxj6e4p", "comment": "[Triceracop's triceracar] (http://imgur.com/GkLDpYH)", "date": "2015-12-01 10:39:01", "seriesname": "g1304_cxj6e4p", "file": "/media/jbrogan4/scratch2/Reddit_Prov_Dataset_v6/_Man_driving_his_Tricer-a-car/g1304_cxj6e4p.png", "URL": "http://i.imgur.com/GkLDpYH.png", "fileid": "g1304_cxj6e4p.png"}, {"id": "g1304_cxjb731", "comment": "Mario Kart http://i.imgur.com/NY7RNmq.jpg", "date": "2015-12-01 12:40:48", "seriesname": "g1304_cxjb731", "file": "/media/jbrogan4/scratch2/Reddit_Prov_Dataset_v6/_Man_driving_his_Tricer-a-car/g1304_cxjb731.jpg", "URL": "http://i.imgur.com/NY7RNmq.jpg", "fileid": "g1304_cxjb731.jpg"}, {"id": "g1304_cxjbi6q", "comment": "[Are you feelin' it now, Mr Krabs?] (http://i.imgur.com/pkCvu4n.jpg)", "date": "2015-12-01 12:48:02", "seriesname": "g1304_cxjbi6q", "file": "/media/jbrogan4/scratch2/Reddit_Prov_Dataset_v6/_Man_driving_his_Tricer-a-car/g1304_cxjbi6q.jpg", "URL": "http://i.imgur.com/pkCvu4n.jpg", "fileid": "g1304_cxjbi6q.jpg"}, {"id": "g1304_cxjlewh", "comment": "[Hybrid!](http://i.imgur.com/1iW4bRA.jpg)", "date": "2015-12-01 16:32:27", "seriesname": "g1304_cxjlewh", "file": "/media/jbrogan4/scratch2/Reddit_Prov_Dataset_v6/_Man_driving_his_Tricer-a-car/g1304_cxjlewh.jpg", "URL": "http://i.imgur.com/1iW4bRA.jpg", "fileid": "g1304_cxjlewh.jpg"}, {"id": "g1304_root", "comment": "", "date": "2015-12-01 07:41:39", "seriesname": "g1304_root", "file": "/media/jbrogan4/scratch2/Reddit_Prov_Dataset_v6/_Man_driving_his_Tricer-a-car/g1304_root.jpg", "URL": "http://i.imgur.com/u5xWp4T.jpg", "fileid": "g1304_root.jpg"}, {"id": "g1304_cxjaomc", "comment": "[Alright.](http://i.imgur.com/C20gBBK.png)\n\nedit: forgot she was sick.", "date": "2015-12-01 12:28:30", "seriesname": "g1304_cxjaomc", "file": "/media/jbrogan4/scratch2/Reddit_Prov_Dataset_v6/_Man_driving_his_Tricer-a-car/g1304_cxjaomc.png", "URL": "http://i.imgur.com/C20gBBK.png", "fileid": "g1304_cxjaomc.png"}], "graph": {"name": "g1304_root"}, "directed": true}