{"links": [{"op": "none", "target": 0, "source": 47}, {"op": "none", "target": 1, "source": 47}, {"op": "none", "target": 2, "source": 47}, {"op": "none", "target": 3, "source": 47}, {"op": "none", "target": 4, "source": 47}, {"op": "none", "target": 5, "source": 47}, {"op": "none", "target": 6, "source": 47}, {"op": "none", "target": 7, "source": 47}, {"op": "none", "target": 8, "source": 47}, {"op": "none", "target": 9, "source": 47}, {"op": "none", "target": 10, "source": 47}, {"op": "none", "target": 11, "source": 47}, {"op": "none", "target": 12, "source": 47}, {"op": "none", "target": 13, "source": 47}, {"op": "none", "target": 14, "source": 47}, {"op": "none", "target": 15, "source": 47}, {"op": "none", "target": 16, "source": 47}, {"op": "none", "target": 17, "source": 47}, {"op": "none", "target": 18, "source": 47}, {"op": "none", "target": 19, "source": 47}, {"op": "none", "target": 20, "source": 47}, {"op": "none", "target": 21, "source": 47}, {"op": "none", "target": 22, "source": 47}, {"op": "none", "target": 23, "source": 47}, {"op": "none", "target": 24, "source": 47}, {"op": "none", "target": 25, "source": 47}, {"op": "none", "target": 26, "source": 47}, {"op": "none", "target": 27, "source": 47}, {"op": "none", "target": 28, "source": 47}, {"op": "none", "target": 29, "source": 47}, {"op": "none", "target": 30, "source": 47}, {"op": "none", "target": 31, "source": 47}, {"op": "none", "target": 32, "source": 47}, {"op": "none", "target": 33, "source": 47}, {"op": "none", "target": 34, "source": 47}, {"op": "none", "target": 35, "source": 31}, {"op": "none", "target": 36, "source": 47}, {"op": "none", "target": 37, "source": 47}, {"op": "none", "target": 38, "source": 47}, {"op": "none", "target": 39, "source": 47}, {"op": "none", "target": 40, "source": 47}, {"op": "none", "target": 41, "source": 13}, {"op": "none", "target": 42, "source": 47}, {"op": "none", "target": 43, "source": 47}, {"op": "none", "target": 44, "source": 47}, {"op": "none", "target": 45, "source": 47}, {"op": "none", "target": 46, "source": 41}], "title": "_Dressed_up_church_in_the_Netherlands", "nodes": [{"id": "g1319_d03xnbo", "comment": "[Does Not Compute...](http://i.imgur.com/hNBrrn3.jpg)", "date": "2016-02-17 20:05:38", "seriesname": "g1319_d03xnbo", "file": "/media/jbrogan4/scratch2/Reddit_Prov_Dataset_v6/_Dressed_up_church_in_the_Netherlands/g1319_d03xnbo.jpg", "URL": "http://i.imgur.com/hNBrrn3.jpg", "fileid": "g1319_d03xnbo.jpg"}, {"id": "g1319_d038b6i", "comment": "[Got rid of the ghost who was riding the bike](http://i.imgur.com/ENkqzLr.jpg)", "date": "2016-02-17 10:02:45", "seriesname": "g1319_d038b6i", "file": "/media/jbrogan4/scratch2/Reddit_Prov_Dataset_v6/_Dressed_up_church_in_the_Netherlands/g1319_d038b6i.jpg", "URL": "http://i.imgur.com/ENkqzLr.jpg", "fileid": "g1319_d038b6i.jpg"}, {"id": "g1319_d03xcw0", "comment": "[Movie: Big sequel](http://i.imgur.com/5Ao9Fyq.jpg)", "date": "2016-02-17 19:57:51", "seriesname": "g1319_d03xcw0", "file": "/media/jbrogan4/scratch2/Reddit_Prov_Dataset_v6/_Dressed_up_church_in_the_Netherlands/g1319_d03xcw0.jpg", "URL": "http://i.imgur.com/5Ao9Fyq.jpg", "fileid": "g1319_d03xcw0.jpg"}, {"id": "g1319_d037xjp", "comment": "In the Netherlands,\n\neverything is quite fancy!\n\n[*That's such a rare church!*](http://i.imgur.com/EFP796A.jpg)\n", "date": "2016-02-17 09:52:13", "seriesname": "g1319_d037xjp", "file": "/media/jbrogan4/scratch2/Reddit_Prov_Dataset_v6/_Dressed_up_church_in_the_Netherlands/g1319_d037xjp.jpg", "URL": "http://i.imgur.com/EFP796A.jpg", "fileid": "g1319_d037xjp.jpg"}, {"id": "g1319_d03iidt", "comment": "[Obligatory Attack on Titans one](http://imgur.com/MjcC9Uj)", "date": "2016-02-17 14:03:33", "seriesname": "g1319_d03iidt", "file": "/media/jbrogan4/scratch2/Reddit_Prov_Dataset_v6/_Dressed_up_church_in_the_Netherlands/g1319_d03iidt.png", "URL": "http://i.imgur.com/MjcC9Uj.png", "fileid": "g1319_d03iidt.png"}, {"id": "g1319_d03a9q2", "comment": "[Pervy Church](http://i.imgur.com/oq05nWf.jpg)", "date": "2016-02-17 10:53:36", "seriesname": "g1319_d03a9q2", "file": "/media/jbrogan4/scratch2/Reddit_Prov_Dataset_v6/_Dressed_up_church_in_the_Netherlands/g1319_d03a9q2.jpg", "URL": "http://i.imgur.com/oq05nWf.jpg", "fileid": "g1319_d03a9q2.jpg"}, {"id": "g1319_d035a2f", "comment": "[](/user/sofian_kluft)\n\nPlease post any comments or discussion as a reply to this comment.\n\nIf posting a cutout, please use the [new cut-out format](/r/cutouts/wiki/index#wiki_flair.3A).\n\n---\n\n**[Photoshop Battles \"Best of 2015\" Results](https://www.reddit.com/r/photoshopbattles/comments/402st6)**\n\n---\n\n^(Useful subreddits for photoshoppers: /r/cutouts, /r/battleshops, PsB discussion subreddit)\n\n^(Helpful links for this image:) [^Other ^Discussions](https://www.reddit.com/r/photoshopbattles/related/468ii3/psbattle_dressed_up_church_in_the_netherlands/) ^| [^KarmaDecay](https://karmadecay.com/r/photoshopbattles/comments/468ii3/psbattle_dressed_up_church_in_the_netherlands/) ^| [^Google ^Image ^Search](https://www.google.com/searchbyimage?&amp;image_url=http://imgur.com/ocJdJJg%2epng) \n\n---\n\n*^(This is an automated response)* [^FAQ](http://www.reddit.com/r/apicontraptions/wiki/apicontraption_faq) ^| [^Send ^Feedback](http://www.reddit.com/message/compose/?to=apicontraption&amp;subject=Feedback ___thingId___&amp;message=[Link to post](https://www.reddit.com/r/photoshopbattles/comments/468ii3/psbattle_dressed_up_church_in_the_netherlands/\\) 'I like feedback')", "date": "2016-02-17 08:27:05", "seriesname": "g1319_d035a2f", "file": "/media/jbrogan4/scratch2/Reddit_Prov_Dataset_v6/_Dressed_up_church_in_the_Netherlands/g1319_d035a2f.png", "URL": "http://i.imgur.com/ocJdJJg%2epng.png", "fileid": "g1319_d035a2f.png"}, {"id": "g1319_d03b2vk", "comment": "[Please don't turn around, please don't turn around...](http://i.imgur.com/fe76l1u.jpg)", "date": "2016-02-17 11:13:31", "seriesname": "g1319_d03b2vk", "file": "/media/jbrogan4/scratch2/Reddit_Prov_Dataset_v6/_Dressed_up_church_in_the_Netherlands/g1319_d03b2vk.jpg", "URL": "http://i.imgur.com/fe76l1u.jpg", "fileid": "g1319_d03b2vk.jpg"}, {"id": "g1319_d037y1x", "comment": "http://i.imgur.com/SNco0yd.jpg?1", "date": "2016-02-17 09:52:36", "seriesname": "g1319_d037y1x", "file": "/media/jbrogan4/scratch2/Reddit_Prov_Dataset_v6/_Dressed_up_church_in_the_Netherlands/g1319_d037y1x.jpg", "URL": "http://i.imgur.com/SNco0yd.jpg?1", "fileid": "g1319_d037y1x.jpg"}, {"id": "g1319_d039q1q", "comment": "Here with a [Special TV Offer](http://i.imgur.com/MytYvuM.png)", "date": "2016-02-17 10:39:49", "seriesname": "g1319_d039q1q", "file": "/media/jbrogan4/scratch2/Reddit_Prov_Dataset_v6/_Dressed_up_church_in_the_Netherlands/g1319_d039q1q.png", "URL": "http://i.imgur.com/MytYvuM.png", "fileid": "g1319_d039q1q.png"}, {"id": "g1319_d05la25", "comment": "[Oh no, he found me!](http://imgur.com/lnj7u0u)", "date": "2016-02-19 01:20:56", "seriesname": "g1319_d05la25", "file": "/media/jbrogan4/scratch2/Reddit_Prov_Dataset_v6/_Dressed_up_church_in_the_Netherlands/g1319_d05la25.png", "URL": "http://i.imgur.com/lnj7u0u.png", "fileid": "g1319_d05la25.png"}, {"id": "g1319_d037dy9", "comment": "[oldschoolcool](http://imgur.com/VyVHiYJ)", "date": "2016-02-17 09:36:32", "seriesname": "g1319_d037dy9", "file": "/media/jbrogan4/scratch2/Reddit_Prov_Dataset_v6/_Dressed_up_church_in_the_Netherlands/g1319_d037dy9.png", "URL": "http://i.imgur.com/VyVHiYJ.png", "fileid": "g1319_d037dy9.png"}, {"id": "g1319_d03fsrg", "comment": "[Voila!](http://i.imgur.com/58rlSwP.jpg)", "date": "2016-02-17 13:02:56", "seriesname": "g1319_d03fsrg", "file": "/media/jbrogan4/scratch2/Reddit_Prov_Dataset_v6/_Dressed_up_church_in_the_Netherlands/g1319_d03fsrg.jpg", "URL": "http://i.imgur.com/58rlSwP.jpg", "fileid": "g1319_d03fsrg.jpg"}, {"id": "g1319_d036lht", "comment": "[Empire Edit](http://i.imgur.com/eDFdIse.png)", "date": "2016-02-17 09:12:29", "seriesname": "g1319_d036lht", "file": "/media/jbrogan4/scratch2/Reddit_Prov_Dataset_v6/_Dressed_up_church_in_the_Netherlands/g1319_d036lht.png", "URL": "http://i.imgur.com/eDFdIse.png", "fileid": "g1319_d036lht.png"}, {"id": "g1319_d03i7mz", "comment": "[The Stone Giant](http://imgur.com/e2NM5iV)", "date": "2016-02-17 13:56:54", "seriesname": "g1319_d03i7mz", "file": "/media/jbrogan4/scratch2/Reddit_Prov_Dataset_v6/_Dressed_up_church_in_the_Netherlands/g1319_d03i7mz.png", "URL": "http://i.imgur.com/e2NM5iV.png", "fileid": "g1319_d03i7mz.png"}, {"id": "g1319_d03iwhj", "comment": "I'm not sure why the [King of all Cosmos](http://i.imgur.com/Gk6bmzq.jpg) was my first thought when I saw this.", "date": "2016-02-17 14:12:23", "seriesname": "g1319_d03iwhj", "file": "/media/jbrogan4/scratch2/Reddit_Prov_Dataset_v6/_Dressed_up_church_in_the_Netherlands/g1319_d03iwhj.jpg", "URL": "http://i.imgur.com/Gk6bmzq.jpg", "fileid": "g1319_d03iwhj.jpg"}, {"id": "g1319_d037qdo", "comment": "http://i.imgur.com/iTKhqso.jpg", "date": "2016-02-17 09:46:32", "seriesname": "g1319_d037qdo", "file": "/media/jbrogan4/scratch2/Reddit_Prov_Dataset_v6/_Dressed_up_church_in_the_Netherlands/g1319_d037qdo.jpg", "URL": "http://i.imgur.com/iTKhqso.jpg", "fileid": "g1319_d037qdo.jpg"}, {"id": "g1319_d039wcj", "comment": "[Big action figure](http://i.imgur.com/MwLqnjF.jpg)", "date": "2016-02-17 10:44:15", "seriesname": "g1319_d039wcj", "file": "/media/jbrogan4/scratch2/Reddit_Prov_Dataset_v6/_Dressed_up_church_in_the_Netherlands/g1319_d039wcj.jpg", "URL": "http://i.imgur.com/MwLqnjF.jpg", "fileid": "g1319_d039wcj.jpg"}, {"id": "g1319_d039s0j", "comment": "[Laundry Day](http://i.imgur.com/wllcSjk.jpg)", "date": "2016-02-17 10:41:14", "seriesname": "g1319_d039s0j", "file": "/media/jbrogan4/scratch2/Reddit_Prov_Dataset_v6/_Dressed_up_church_in_the_Netherlands/g1319_d039s0j.jpg", "URL": "http://i.imgur.com/wllcSjk.jpg", "fileid": "g1319_d039s0j.jpg"}, {"id": "g1319_d041cjz", "comment": "[All kinds of incorrect](http://imgur.com/9GhR0mV)\nA little late to the party.", "date": "2016-02-17 21:43:37", "seriesname": "g1319_d041cjz", "file": "/media/jbrogan4/scratch2/Reddit_Prov_Dataset_v6/_Dressed_up_church_in_the_Netherlands/g1319_d041cjz.png", "URL": "http://i.imgur.com/9GhR0mV.png", "fileid": "g1319_d041cjz.png"}, {"id": "g1319_d03rxlp", "comment": "[Beep Boop](http://i.imgur.com/bqM7KM6.png)", "date": "2016-02-17 17:36:37", "seriesname": "g1319_d03rxlp", "file": "/media/jbrogan4/scratch2/Reddit_Prov_Dataset_v6/_Dressed_up_church_in_the_Netherlands/g1319_d03rxlp.png", "URL": "http://i.imgur.com/bqM7KM6.png", "fileid": "g1319_d03rxlp.png"}, {"id": "g1319_d03pnb3", "comment": "http://imgur.com/5uQ2QaR", "date": "2016-02-17 16:43:05", "seriesname": "g1319_d03pnb3", "file": "/media/jbrogan4/scratch2/Reddit_Prov_Dataset_v6/_Dressed_up_church_in_the_Netherlands/g1319_d03pnb3.png", "URL": "http://i.imgur.com/5uQ2QaR.png", "fileid": "g1319_d03pnb3.png"}, {"id": "g1319_d039jsu", "comment": "[Expected this to be here..](http://imgur.com/VhDVmIH)", "date": "2016-02-17 10:35:25", "seriesname": "g1319_d039jsu", "file": "/media/jbrogan4/scratch2/Reddit_Prov_Dataset_v6/_Dressed_up_church_in_the_Netherlands/g1319_d039jsu.png", "URL": "http://i.imgur.com/VhDVmIH.png", "fileid": "g1319_d039jsu.png"}, {"id": "g1319_d03brrx", "comment": "[I don't get it](http://i.imgur.com/LFyiXt8.jpg)", "date": "2016-02-17 11:30:44", "seriesname": "g1319_d03brrx", "file": "/media/jbrogan4/scratch2/Reddit_Prov_Dataset_v6/_Dressed_up_church_in_the_Netherlands/g1319_d03brrx.jpg", "URL": "http://i.imgur.com/LFyiXt8.jpg", "fileid": "g1319_d03brrx.jpg"}, {"id": "g1319_d0371gz", "comment": "[But first a selfie...](http://i.imgur.com/lDtQh0x.jpg)", "date": "2016-02-17 09:26:12", "seriesname": "g1319_d0371gz", "file": "/media/jbrogan4/scratch2/Reddit_Prov_Dataset_v6/_Dressed_up_church_in_the_Netherlands/g1319_d0371gz.jpg", "URL": "http://i.imgur.com/lDtQh0x.jpg", "fileid": "g1319_d0371gz.jpg"}, {"id": "g1319_d036rji", "comment": "[He watches over us.](http://i.imgur.com/3mum4UN.jpg)", "date": "2016-02-17 09:17:47", "seriesname": "g1319_d036rji", "file": "/media/jbrogan4/scratch2/Reddit_Prov_Dataset_v6/_Dressed_up_church_in_the_Netherlands/g1319_d036rji.jpg", "URL": "http://i.imgur.com/3mum4UN.jpg", "fileid": "g1319_d036rji.jpg"}, {"id": "g1319_d039zbo", "comment": "[\"How familiar are you with the Gear Wars, exactly?\"](http://i.imgur.com/H1hb4mo.jpg)", "date": "2016-02-17 10:46:19", "seriesname": "g1319_d039zbo", "file": "/media/jbrogan4/scratch2/Reddit_Prov_Dataset_v6/_Dressed_up_church_in_the_Netherlands/g1319_d039zbo.jpg", "URL": "http://i.imgur.com/H1hb4mo.jpg", "fileid": "g1319_d039zbo.jpg"}, {"id": "g1319_d038qe3", "comment": "[Church vs. Godzilla](http://i.imgur.com/c4EsC3l.jpg)", "date": "2016-02-17 10:14:15", "seriesname": "g1319_d038qe3", "file": "/media/jbrogan4/scratch2/Reddit_Prov_Dataset_v6/_Dressed_up_church_in_the_Netherlands/g1319_d038qe3.jpg", "URL": "http://i.imgur.com/c4EsC3l.jpg", "fileid": "g1319_d038qe3.jpg"}, {"id": "g1319_d039o14", "comment": "[archnemesis](http://i.imgur.com/jqzKmzm.jpg)", "date": "2016-02-17 10:38:23", "seriesname": "g1319_d039o14", "file": "/media/jbrogan4/scratch2/Reddit_Prov_Dataset_v6/_Dressed_up_church_in_the_Netherlands/g1319_d039o14.jpg", "URL": "http://i.imgur.com/jqzKmzm.jpg", "fileid": "g1319_d039o14.jpg"}, {"id": "g1319_d038eei", "comment": "[Budget cuts in the Jaeger program](http://i.imgur.com/Myu8hNV.jpg) were inexplicably effective, as one-by-one the Kaiju keeled over and died.", "date": "2016-02-17 10:05:09", "seriesname": "g1319_d038eei", "file": "/media/jbrogan4/scratch2/Reddit_Prov_Dataset_v6/_Dressed_up_church_in_the_Netherlands/g1319_d038eei.jpg", "URL": "http://i.imgur.com/Myu8hNV.jpg", "fileid": "g1319_d038eei.jpg"}, {"id": "g1319_d037w7c", "comment": "[the end is near!](http://imgur.com/EzEgbrU)", "date": "2016-02-17 09:51:11", "seriesname": "g1319_d037w7c", "file": "/media/jbrogan4/scratch2/Reddit_Prov_Dataset_v6/_Dressed_up_church_in_the_Netherlands/g1319_d037w7c.png", "URL": "http://i.imgur.com/EzEgbrU.png", "fileid": "g1319_d037w7c.png"}, {"id": "g1319_d037kde", "comment": "[He is their god. The uprising has begun.](http://i.imgur.com/0ICUOdV.jpg)", "date": "2016-02-17 09:41:47", "seriesname": "g1319_d037kde", "file": "/media/jbrogan4/scratch2/Reddit_Prov_Dataset_v6/_Dressed_up_church_in_the_Netherlands/g1319_d037kde.jpg", "URL": "http://i.imgur.com/0ICUOdV.jpg", "fileid": "g1319_d037kde.jpg"}, {"id": "g1319_d03aj8x", "comment": "Obligatory Rick and Morty shop\n\n [SHOW ME WHAT YOU GOT](https://imgur.com/JUMlcQm)\n\n[SHOW US WHAT YOU GOT](http://imgur.com/VUtvVss)\n\nExtra\n[Messing with Overlays](http://imgur.com/H57qVUq) ", "date": "2016-02-17 11:00:02", "seriesname": "g1319_d03aj8x", "file": "/media/jbrogan4/scratch2/Reddit_Prov_Dataset_v6/_Dressed_up_church_in_the_Netherlands/g1319_d03aj8x.png", "URL": "http://i.imgur.com/H57qVUq.png", "fileid": "g1319_d03aj8x.png"}, {"id": "g1319_d0370m8", "comment": "[I'm back baby!](http://i.imgur.com/2IAe5rD.jpg)", "date": "2016-02-17 09:25:28", "seriesname": "g1319_d0370m8", "file": "/media/jbrogan4/scratch2/Reddit_Prov_Dataset_v6/_Dressed_up_church_in_the_Netherlands/g1319_d0370m8.jpg", "URL": "http://i.imgur.com/2IAe5rD.jpg", "fileid": "g1319_d0370m8.jpg"}, {"id": "g1319_d03991f", "comment": "[Who would've thought churches could have altar boys of their own?](http://i.imgur.com/arelKn4.jpg)", "date": "2016-02-17 10:27:44", "seriesname": "g1319_d03991f", "file": "/media/jbrogan4/scratch2/Reddit_Prov_Dataset_v6/_Dressed_up_church_in_the_Netherlands/g1319_d03991f.jpg", "URL": "http://i.imgur.com/arelKn4.jpg", "fileid": "g1319_d03991f.jpg"}, {"id": "g1319_d03diw8", "comment": "[They also begin to know the language.](https://imgur.com/6wgMyFt)", "date": "2016-02-17 12:12:10", "seriesname": "g1319_d03diw8", "file": "/media/jbrogan4/scratch2/Reddit_Prov_Dataset_v6/_Dressed_up_church_in_the_Netherlands/g1319_d03diw8.png", "URL": "http://i.imgur.com/6wgMyFt.png", "fileid": "g1319_d03diw8.png"}, {"id": "g1319_d03dd27", "comment": "[Faceswap!](http://imgur.com/UEkzIku)", "date": "2016-02-17 12:08:25", "seriesname": "g1319_d03dd27", "file": "/media/jbrogan4/scratch2/Reddit_Prov_Dataset_v6/_Dressed_up_church_in_the_Netherlands/g1319_d03dd27.png", "URL": "http://i.imgur.com/UEkzIku.png", "fileid": "g1319_d03dd27.png"}, {"id": "g1319_d0394h6", "comment": "[LET THEM FIGHT](http://i.imgur.com/ZMMvSB3.jpg)", "date": "2016-02-17 10:24:26", "seriesname": "g1319_d0394h6", "file": "/media/jbrogan4/scratch2/Reddit_Prov_Dataset_v6/_Dressed_up_church_in_the_Netherlands/g1319_d0394h6.jpg", "URL": "http://i.imgur.com/ZMMvSB3.jpg", "fileid": "g1319_d0394h6.jpg"}, {"id": "g1319_d03yk9e", "comment": "[bite the rails, I'm going in dry](http://imgur.com/KQBjETd)", "date": "2016-02-17 20:30:14", "seriesname": "g1319_d03yk9e", "file": "/media/jbrogan4/scratch2/Reddit_Prov_Dataset_v6/_Dressed_up_church_in_the_Netherlands/g1319_d03yk9e.png", "URL": "http://i.imgur.com/KQBjETd.png", "fileid": "g1319_d03yk9e.png"}, {"id": "g1319_d03gc9q", "comment": "[God-Like!](http://imgur.com/aWHdmtN)", "date": "2016-02-17 13:15:20", "seriesname": "g1319_d03gc9q", "file": "/media/jbrogan4/scratch2/Reddit_Prov_Dataset_v6/_Dressed_up_church_in_the_Netherlands/g1319_d03gc9q.png", "URL": "http://i.imgur.com/aWHdmtN.png", "fileid": "g1319_d03gc9q.png"}, {"id": "g1319_d038c9p", "comment": "[Rampage](http://i.imgur.com/EPDD8nJ.jpg)", "date": "2016-02-17 10:03:33", "seriesname": "g1319_d038c9p", "file": "/media/jbrogan4/scratch2/Reddit_Prov_Dataset_v6/_Dressed_up_church_in_the_Netherlands/g1319_d038c9p.jpg", "URL": "http://i.imgur.com/EPDD8nJ.jpg", "fileid": "g1319_d038c9p.jpg"}, {"id": "g1319_d037pgg", "comment": "[Geek-Me expected something else](http://i.imgur.com/Ip9geJd.jpg)", "date": "2016-02-17 09:45:47", "seriesname": "g1319_d037pgg", "file": "/media/jbrogan4/scratch2/Reddit_Prov_Dataset_v6/_Dressed_up_church_in_the_Netherlands/g1319_d037pgg.jpg", "URL": "http://i.imgur.com/Ip9geJd.jpg", "fileid": "g1319_d037pgg.jpg"}, {"id": "g1319_d038574", "comment": "[Creepytown](http://i.imgur.com/NTGQGix.png)", "date": "2016-02-17 09:58:12", "seriesname": "g1319_d038574", "file": "/media/jbrogan4/scratch2/Reddit_Prov_Dataset_v6/_Dressed_up_church_in_the_Netherlands/g1319_d038574.png", "URL": "http://i.imgur.com/NTGQGix.png", "fileid": "g1319_d038574.png"}, {"id": "g1319_d037x0q", "comment": "[I don't get it](http://i.imgur.com/F3FJ7EE.jpg)", "date": "2016-02-17 09:51:48", "seriesname": "g1319_d037x0q", "file": "/media/jbrogan4/scratch2/Reddit_Prov_Dataset_v6/_Dressed_up_church_in_the_Netherlands/g1319_d037x0q.jpg", "URL": "http://i.imgur.com/F3FJ7EE.jpg", "fileid": "g1319_d037x0q.jpg"}, {"id": "g1319_d03fiqw", "comment": "[Dr. Manhattan is that you?](http://i.imgur.com/fuEOhU7.jpg)", "date": "2016-02-17 12:56:44", "seriesname": "g1319_d03fiqw", "file": "/media/jbrogan4/scratch2/Reddit_Prov_Dataset_v6/_Dressed_up_church_in_the_Netherlands/g1319_d03fiqw.jpg", "URL": "http://i.imgur.com/fuEOhU7.jpg", "fileid": "g1319_d03fiqw.jpg"}, {"id": "g1319_d037gz5", "comment": "[My people need me!](https://media.giphy.com/media/26FPttFxXCjHI9oAg/giphy.gif)\n\n[Updated version:](https://media.giphy.com/media/26FPMev2mpTS5iUk8/giphy.gif) Hope your desk is all cleaned up and dry now /u/Therrion", "date": "2016-02-17 09:39:04", "seriesname": "g1319_d037gz5", "file": "/media/jbrogan4/scratch2/Reddit_Prov_Dataset_v6/_Dressed_up_church_in_the_Netherlands/g1319_d037gz5.jpg", "URL": "https://media.giphy.com/media/26FPMev2mpTS5iUk8/giphy.gif", "fileid": "g1319_d037gz5.gif"}, {"id": "g1319_d04amfx", "comment": "[Here you go](http://i.imgur.com/KlK2g1S.jpg)", "date": "2016-02-18 03:03:41", "seriesname": "g1319_d04amfx", "file": "/media/jbrogan4/scratch2/Reddit_Prov_Dataset_v6/_Dressed_up_church_in_the_Netherlands/g1319_d04amfx.jpg", "URL": "http://i.imgur.com/KlK2g1S.jpg", "fileid": "g1319_d04amfx.jpg"}, {"id": "g1319_root", "comment": "", "date": "2016-02-17 08:23:58", "seriesname": "g1319_root", "file": "/media/jbrogan4/scratch2/Reddit_Prov_Dataset_v6/_Dressed_up_church_in_the_Netherlands/g1319_root.png", "URL": "http://imgur.com/ocJdJJg.png", "fileid": "g1319_root.png"}], "graph": {"name": "g1319_root"}, "directed": true}