{"links": [{"op": "none", "target": 0, "source": 69}, {"op": "none", "target": 1, "source": 69}, {"op": "none", "target": 2, "source": 69}, {"op": "none", "target": 3, "source": 69}, {"op": "none", "target": 4, "source": 67}, {"op": "none", "target": 5, "source": 3}, {"op": "none", "target": 6, "source": 61}, {"op": "none", "target": 7, "source": 69}, {"op": "none", "target": 8, "source": 29}, {"op": "none", "target": 9, "source": 69}, {"op": "none", "target": 10, "source": 69}, {"op": "none", "target": 11, "source": 69}, {"op": "none", "target": 12, "source": 64}, {"op": "none", "target": 13, "source": 69}, {"op": "none", "target": 14, "source": 69}, {"op": "none", "target": 15, "source": 69}, {"op": "none", "target": 16, "source": 51}, {"op": "none", "target": 17, "source": 69}, {"op": "none", "target": 18, "source": 69}, {"op": "none", "target": 19, "source": 64}, {"op": "none", "target": 20, "source": 69}, {"op": "none", "target": 21, "source": 69}, {"op": "none", "target": 22, "source": 24}, {"op": "none", "target": 23, "source": 69}, {"op": "none", "target": 24, "source": 0}, {"op": "none", "target": 25, "source": 69}, {"op": "none", "target": 26, "source": 69}, {"op": "none", "target": 27, "source": 69}, {"op": "none", "target": 28, "source": 69}, {"op": "none", "target": 29, "source": 45}, {"op": "none", "target": 30, "source": 69}, {"op": "none", "target": 31, "source": 69}, {"op": "none", "target": 32, "source": 69}, {"op": "none", "target": 33, "source": 69}, {"op": "none", "target": 34, "source": 69}, {"op": "none", "target": 35, "source": 24}, {"op": "none", "target": 36, "source": 69}, {"op": "none", "target": 37, "source": 69}, {"op": "none", "target": 38, "source": 69}, {"op": "none", "target": 39, "source": 22}, {"op": "none", "target": 40, "source": 69}, {"op": "none", "target": 41, "source": 69}, {"op": "none", "target": 42, "source": 19}, {"op": "none", "target": 43, "source": 69}, {"op": "none", "target": 44, "source": 26}, {"op": "none", "target": 45, "source": 59}, {"op": "none", "target": 46, "source": 69}, {"op": "none", "target": 47, "source": 69}, {"op": "none", "target": 48, "source": 45}, {"op": "none", "target": 49, "source": 69}, {"op": "none", "target": 50, "source": 69}, {"op": "none", "target": 51, "source": 69}, {"op": "none", "target": 52, "source": 69}, {"op": "none", "target": 53, "source": 69}, {"op": "none", "target": 54, "source": 69}, {"op": "none", "target": 55, "source": 22}, {"op": "none", "target": 56, "source": 69}, {"op": "none", "target": 57, "source": 69}, {"op": "none", "target": 58, "source": 69}, {"op": "none", "target": 59, "source": 12}, {"op": "none", "target": 60, "source": 42}, {"op": "none", "target": 61, "source": 69}, {"op": "none", "target": 62, "source": 69}, {"op": "none", "target": 63, "source": 69}, {"op": "none", "target": 64, "source": 44}, {"op": "none", "target": 65, "source": 69}, {"op": "none", "target": 66, "source": 60}, {"op": "none", "target": 67, "source": 69}, {"op": "none", "target": 68, "source": 39}, {"op": "none", "target": 70, "source": 8}], "title": "_Baby_bird_getting_fed_a_fish", "nodes": [{"id": "g1315_cy3cdyc", "comment": "[learning to fly](http://imgur.com/GfoEu5M)", "date": "2015-12-18 08:11:29", "seriesname": "g1315_cy3cdyc", "file": "/media/jbrogan4/scratch2/Reddit_Prov_Dataset_v6/_Baby_bird_getting_fed_a_fish/g1315_cy3cdyc.png", "URL": "http://i.imgur.com/GfoEu5M.png", "fileid": "g1315_cy3cdyc.png"}, {"id": "g1315_cy3qwyi", "comment": "[Bird vs Hobbs](http://imgur.com/XXnKcq3)", "date": "2015-12-18 15:03:15", "seriesname": "g1315_cy3qwyi", "file": "/media/jbrogan4/scratch2/Reddit_Prov_Dataset_v6/_Baby_bird_getting_fed_a_fish/g1315_cy3qwyi.png", "URL": "http://i.imgur.com/XXnKcq3.png", "fileid": "g1315_cy3qwyi.png"}, {"id": "g1315_cy3nztb", "comment": "[You did it, Champ!](https://imgur.com/XXgUL3m)", "date": "2015-12-18 13:48:28", "seriesname": "g1315_cy3nztb", "file": "/media/jbrogan4/scratch2/Reddit_Prov_Dataset_v6/_Baby_bird_getting_fed_a_fish/g1315_cy3nztb.png", "URL": "http://i.imgur.com/XXgUL3m.png", "fileid": "g1315_cy3nztb.png"}, {"id": "g1315_cy3fgl4", "comment": "http://i.imgur.com/SqXGhH1.jpg", "date": "2015-12-18 10:03:56", "seriesname": "g1315_cy3fgl4", "file": "/media/jbrogan4/scratch2/Reddit_Prov_Dataset_v6/_Baby_bird_getting_fed_a_fish/g1315_cy3fgl4.jpg", "URL": "http://i.imgur.com/SqXGhH1.jpg", "fileid": "g1315_cy3fgl4.jpg"}, {"id": "g1315_cy3fj8a", "comment": "[Last line of defense! Old School](http://i.imgur.com/4kadTsN.jpg)", "date": "2015-12-18 10:06:10", "seriesname": "g1315_cy3fj8a", "file": "/media/jbrogan4/scratch2/Reddit_Prov_Dataset_v6/_Baby_bird_getting_fed_a_fish/g1315_cy3fj8a.jpg", "URL": "http://i.imgur.com/4kadTsN.jpg", "fileid": "g1315_cy3fj8a.jpg"}, {"id": "g1315_cy3pkza", "comment": "[This is it.](http://i.imgur.com/YCxzDBr.png)", "date": "2015-12-18 14:28:50", "seriesname": "g1315_cy3pkza", "file": "/media/jbrogan4/scratch2/Reddit_Prov_Dataset_v6/_Baby_bird_getting_fed_a_fish/g1315_cy3pkza.png", "URL": "http://i.imgur.com/YCxzDBr.png", "fileid": "g1315_cy3pkza.png"}, {"id": "g1315_cy3prhg", "comment": "[Pokemon HD](http://imgur.com/ZaVPNc1)", "date": "2015-12-18 14:33:26", "seriesname": "g1315_cy3prhg", "file": "/media/jbrogan4/scratch2/Reddit_Prov_Dataset_v6/_Baby_bird_getting_fed_a_fish/g1315_cy3prhg.png", "URL": "http://i.imgur.com/ZaVPNc1.png", "fileid": "g1315_cy3prhg.png"}, {"id": "g1315_cy3mjje", "comment": "[Found the marble in the oatmeal](http://i.imgur.com/3n5h9iO.jpg)", "date": "2015-12-18 13:11:39", "seriesname": "g1315_cy3mjje", "file": "/media/jbrogan4/scratch2/Reddit_Prov_Dataset_v6/_Baby_bird_getting_fed_a_fish/g1315_cy3mjje.jpg", "URL": "http://i.imgur.com/3n5h9iO.jpg", "fileid": "g1315_cy3mjje.jpg"}, {"id": "g1315_cy3h8re", "comment": "[We've gone too far!](http://imgur.com/lDYgc1A) ", "date": "2015-12-18 10:54:45", "seriesname": "g1315_cy3h8re", "file": "/media/jbrogan4/scratch2/Reddit_Prov_Dataset_v6/_Baby_bird_getting_fed_a_fish/g1315_cy3h8re.png", "URL": "http://i.imgur.com/lDYgc1A.png", "fileid": "g1315_cy3h8re.png"}, {"id": "g1315_cy3h9fr", "comment": "[Hands up Don't Shoot!] (http://imgur.com/fqNLeJD)", "date": "2015-12-18 10:55:17", "seriesname": "g1315_cy3h9fr", "file": "/media/jbrogan4/scratch2/Reddit_Prov_Dataset_v6/_Baby_bird_getting_fed_a_fish/g1315_cy3h9fr.png", "URL": "http://i.imgur.com/fqNLeJD.png", "fileid": "g1315_cy3h9fr.png"}, {"id": "g1315_cy3nd9t", "comment": "[Civil disobedience](http://i.imgur.com/cMY32qp.jpg)", "date": "2015-12-18 13:32:30", "seriesname": "g1315_cy3nd9t", "file": "/media/jbrogan4/scratch2/Reddit_Prov_Dataset_v6/_Baby_bird_getting_fed_a_fish/g1315_cy3nd9t.jpg", "URL": "http://i.imgur.com/cMY32qp.jpg", "fileid": "g1315_cy3nd9t.jpg"}, {"id": "g1315_cy3d04d", "comment": "Just another day in tokyo...\nhttp://imgur.com/iCi7WZR", "date": "2015-12-18 08:38:40", "seriesname": "g1315_cy3d04d", "file": "/media/jbrogan4/scratch2/Reddit_Prov_Dataset_v6/_Baby_bird_getting_fed_a_fish/g1315_cy3d04d.png", "URL": "http://i.imgur.com/iCi7WZR.png", "fileid": "g1315_cy3d04d.png"}, {"id": "g1315_cy3fsq4", "comment": "[Reversed again??](http://imgur.com/n5ANoha)", "date": "2015-12-18 10:14:08", "seriesname": "g1315_cy3fsq4", "file": "/media/jbrogan4/scratch2/Reddit_Prov_Dataset_v6/_Baby_bird_getting_fed_a_fish/g1315_cy3fsq4.png", "URL": "http://i.imgur.com/n5ANoha.png", "fileid": "g1315_cy3fsq4.png"}, {"id": "g1315_cy3jltu", "comment": "[Exposed !](http://imgur.com/KxatqLG)", "date": "2015-12-18 11:57:02", "seriesname": "g1315_cy3jltu", "file": "/media/jbrogan4/scratch2/Reddit_Prov_Dataset_v6/_Baby_bird_getting_fed_a_fish/g1315_cy3jltu.png", "URL": "http://i.imgur.com/KxatqLG.png", "fileid": "g1315_cy3jltu.png"}, {"id": "g1315_cy3gyeg", "comment": "[Junior's 1st job](http://i.imgur.com/yT0MwdW.jpg)", "date": "2015-12-18 10:46:54", "seriesname": "g1315_cy3gyeg", "file": "/media/jbrogan4/scratch2/Reddit_Prov_Dataset_v6/_Baby_bird_getting_fed_a_fish/g1315_cy3gyeg.jpg", "URL": "http://i.imgur.com/yT0MwdW.jpg", "fileid": "g1315_cy3gyeg.jpg"}, {"id": "g1315_cy3fxqk", "comment": "[just found out that someone already did this here but whatever stfu pokemon](http://i.imgur.com/Fe5zfwv.png)", "date": "2015-12-18 10:18:12", "seriesname": "g1315_cy3fxqk", "file": "/media/jbrogan4/scratch2/Reddit_Prov_Dataset_v6/_Baby_bird_getting_fed_a_fish/g1315_cy3fxqk.png", "URL": "http://i.imgur.com/Fe5zfwv.png", "fileid": "g1315_cy3fxqk.png"}, {"id": "g1315_cy3gnxc", "comment": "[Alternatively](http://i.imgur.com/ZZGoydc.jpg)", "date": "2015-12-18 10:38:42", "seriesname": "g1315_cy3gnxc", "file": "/media/jbrogan4/scratch2/Reddit_Prov_Dataset_v6/_Baby_bird_getting_fed_a_fish/g1315_cy3gnxc.jpg", "URL": "http://i.imgur.com/ZZGoydc.jpg", "fileid": "g1315_cy3gnxc.jpg"}, {"id": "g1315_cy3tq41", "comment": "[Chickzilla](http://imgur.com/vLuk3n9)", "date": "2015-12-18 16:17:31", "seriesname": "g1315_cy3tq41", "file": "/media/jbrogan4/scratch2/Reddit_Prov_Dataset_v6/_Baby_bird_getting_fed_a_fish/g1315_cy3tq41.png", "URL": "http://i.imgur.com/vLuk3n9.png", "fileid": "g1315_cy3tq41.png"}, {"id": "g1315_cy3r6os", "comment": "http://imgur.com/cxE5T5O", "date": "2015-12-18 15:10:29", "seriesname": "g1315_cy3r6os", "file": "/media/jbrogan4/scratch2/Reddit_Prov_Dataset_v6/_Baby_bird_getting_fed_a_fish/g1315_cy3r6os.png", "URL": "http://i.imgur.com/cxE5T5O.png", "fileid": "g1315_cy3r6os.png"}, {"id": "g1315_cy3fnex", "comment": "[STHAP](http://i.imgur.com/JOXej96.jpg)", "date": "2015-12-18 10:09:43", "seriesname": "g1315_cy3fnex", "file": "/media/jbrogan4/scratch2/Reddit_Prov_Dataset_v6/_Baby_bird_getting_fed_a_fish/g1315_cy3fnex.jpg", "URL": "http://i.imgur.com/JOXej96.jpg", "fileid": "g1315_cy3fnex.jpg"}, {"id": "g1315_cy3gkpb", "comment": "[Are You Not Entertained?](http://imgur.com/UIIl7No)", "date": "2015-12-18 10:36:12", "seriesname": "g1315_cy3gkpb", "file": "/media/jbrogan4/scratch2/Reddit_Prov_Dataset_v6/_Baby_bird_getting_fed_a_fish/g1315_cy3gkpb.png", "URL": "http://i.imgur.com/UIIl7No.png", "fileid": "g1315_cy3gkpb.png"}, {"id": "g1315_cy3ioin", "comment": "[Fuck you Angie, you're stealing my food again!](http://i.imgur.com/1Eh3tdY.png)", "date": "2015-12-18 11:33:11", "seriesname": "g1315_cy3ioin", "file": "/media/jbrogan4/scratch2/Reddit_Prov_Dataset_v6/_Baby_bird_getting_fed_a_fish/g1315_cy3ioin.png", "URL": "http://i.imgur.com/1Eh3tdY.png", "fileid": "g1315_cy3ioin.png"}, {"id": "g1315_cy3fk8x", "comment": "[My memory is fuzzy, but I think I remember what happens next...](http://imgur.com/2sTFFDO)", "date": "2015-12-18 10:07:01", "seriesname": "g1315_cy3fk8x", "file": "/media/jbrogan4/scratch2/Reddit_Prov_Dataset_v6/_Baby_bird_getting_fed_a_fish/g1315_cy3fk8x.png", "URL": "http://i.imgur.com/2sTFFDO.png", "fileid": "g1315_cy3fk8x.png"}, {"id": "g1315_cy3jrrr", "comment": "[C'MON REF, WHAT THE HELL WAS THAT?](http://i.imgur.com/VQdTZeg.jpg)", "date": "2015-12-18 12:01:08", "seriesname": "g1315_cy3jrrr", "file": "/media/jbrogan4/scratch2/Reddit_Prov_Dataset_v6/_Baby_bird_getting_fed_a_fish/g1315_cy3jrrr.jpg", "URL": "http://i.imgur.com/VQdTZeg.jpg", "fileid": "g1315_cy3jrrr.jpg"}, {"id": "g1315_cy3dey1", "comment": "[Draw me like one of your french chicks](http://i.imgur.com/YjACtp0.jpg)", "date": "2015-12-18 08:54:56", "seriesname": "g1315_cy3dey1", "file": "/media/jbrogan4/scratch2/Reddit_Prov_Dataset_v6/_Baby_bird_getting_fed_a_fish/g1315_cy3dey1.jpg", "URL": "http://i.imgur.com/YjACtp0.jpg", "fileid": "g1315_cy3dey1.jpg"}, {"id": "g1315_cy3izx9", "comment": "[But moooom, I don't like fish](http://i.imgur.com/CWOkm8W.jpg)", "date": "2015-12-18 11:41:21", "seriesname": "g1315_cy3izx9", "file": "/media/jbrogan4/scratch2/Reddit_Prov_Dataset_v6/_Baby_bird_getting_fed_a_fish/g1315_cy3izx9.jpg", "URL": "http://i.imgur.com/CWOkm8W.jpg", "fileid": "g1315_cy3izx9.jpg"}, {"id": "g1315_cy3e3o6", "comment": "[Standoff](http://i.imgur.com/N4R3ndi.jpg)", "date": "2015-12-18 09:20:03", "seriesname": "g1315_cy3e3o6", "file": "/media/jbrogan4/scratch2/Reddit_Prov_Dataset_v6/_Baby_bird_getting_fed_a_fish/g1315_cy3e3o6.jpg", "URL": "http://i.imgur.com/N4R3ndi.jpg", "fileid": "g1315_cy3e3o6.jpg"}, {"id": "g1315_cy4621k", "comment": "[I'M FLYING JACK!](http://i.imgur.com/QhhNbJp.png)", "date": "2015-12-18 22:44:51", "seriesname": "g1315_cy4621k", "file": "/media/jbrogan4/scratch2/Reddit_Prov_Dataset_v6/_Baby_bird_getting_fed_a_fish/g1315_cy4621k.png", "URL": "http://i.imgur.com/QhhNbJp.png", "fileid": "g1315_cy4621k.png"}, {"id": "g1315_cy3fudk", "comment": "[He died for our sins](http://i.imgur.com/d7bAoQ3.png)", "date": "2015-12-18 10:15:31", "seriesname": "g1315_cy3fudk", "file": "/media/jbrogan4/scratch2/Reddit_Prov_Dataset_v6/_Baby_bird_getting_fed_a_fish/g1315_cy3fudk.png", "URL": "http://i.imgur.com/d7bAoQ3.png", "fileid": "g1315_cy3fudk.png"}, {"id": "g1315_cy3gr3e", "comment": "[Reversed again?????](http://i.imgur.com/pwDkpIC.jpg)\n\n*edit: I lost. The pillars are only a few lightyears in length.", "date": "2015-12-18 10:41:10", "seriesname": "g1315_cy3gr3e", "file": "/media/jbrogan4/scratch2/Reddit_Prov_Dataset_v6/_Baby_bird_getting_fed_a_fish/g1315_cy3gr3e.jpg", "URL": "http://i.imgur.com/pwDkpIC.jpg", "fileid": "g1315_cy3gr3e.jpg"}, {"id": "g1315_cy3ee4v", "comment": "[Phantom of the Opera](http://imgur.com/n2xvN7e)", "date": "2015-12-18 09:29:59", "seriesname": "g1315_cy3ee4v", "file": "/media/jbrogan4/scratch2/Reddit_Prov_Dataset_v6/_Baby_bird_getting_fed_a_fish/g1315_cy3ee4v.png", "URL": "http://i.imgur.com/n2xvN7e.png", "fileid": "g1315_cy3ee4v.png"}, {"id": "g1315_cy3qyfy", "comment": "[they love me in the hood like the first and fifteenth](http://imgur.com/5LiHZk7)", "date": "2015-12-18 15:04:22", "seriesname": "g1315_cy3qyfy", "file": "/media/jbrogan4/scratch2/Reddit_Prov_Dataset_v6/_Baby_bird_getting_fed_a_fish/g1315_cy3qyfy.png", "URL": "http://i.imgur.com/5LiHZk7.png", "fileid": "g1315_cy3qyfy.png"}, {"id": "g1315_cy3f16v", "comment": "[Come at be Bro!](http://imgur.com/OjXEIgD)", "date": "2015-12-18 09:50:45", "seriesname": "g1315_cy3f16v", "file": "/media/jbrogan4/scratch2/Reddit_Prov_Dataset_v6/_Baby_bird_getting_fed_a_fish/g1315_cy3f16v.png", "URL": "http://i.imgur.com/OjXEIgD.png", "fileid": "g1315_cy3f16v.png"}, {"id": "g1315_cy3gijz", "comment": "[It's an old meme, sir, but it checks out](http://imgur.com/IiLjiTf)", "date": "2015-12-18 10:34:34", "seriesname": "g1315_cy3gijz", "file": "/media/jbrogan4/scratch2/Reddit_Prov_Dataset_v6/_Baby_bird_getting_fed_a_fish/g1315_cy3gijz.png", "URL": "http://i.imgur.com/IiLjiTf.png", "fileid": "g1315_cy3gijz.png"}, {"id": "g1315_cy3o9zj", "comment": "http://imgur.com/gallery/A0yaz7K", "date": "2015-12-18 13:55:26", "seriesname": "g1315_cy3o9zj", "file": "/media/jbrogan4/scratch2/Reddit_Prov_Dataset_v6/_Baby_bird_getting_fed_a_fish/g1315_cy3o9zj.png", "URL": "http://i.imgur.com/A0yaz7K.png", "fileid": "g1315_cy3o9zj.png"}, {"id": "g1315_cy3fmjy", "comment": "[FTFY](http://i.imgur.com/VvdwWGM.png)", "date": "2015-12-18 10:08:59", "seriesname": "g1315_cy3fmjy", "file": "/media/jbrogan4/scratch2/Reddit_Prov_Dataset_v6/_Baby_bird_getting_fed_a_fish/g1315_cy3fmjy.png", "URL": "http://i.imgur.com/VvdwWGM.png", "fileid": "g1315_cy3fmjy.png"}, {"id": "g1315_cy3czoe", "comment": "[Awww Yissss](http://i.imgur.com/kkTFOBJ.jpg)", "date": "2015-12-18 08:38:10", "seriesname": "g1315_cy3czoe", "file": "/media/jbrogan4/scratch2/Reddit_Prov_Dataset_v6/_Baby_bird_getting_fed_a_fish/g1315_cy3czoe.jpg", "URL": "http://i.imgur.com/kkTFOBJ.jpg", "fileid": "g1315_cy3czoe.jpg"}, {"id": "g1315_cy3o7ji", "comment": "[Run Chicken Run!](http://i.imgur.com/egIyopT.jpg)", "date": "2015-12-18 13:53:44", "seriesname": "g1315_cy3o7ji", "file": "/media/jbrogan4/scratch2/Reddit_Prov_Dataset_v6/_Baby_bird_getting_fed_a_fish/g1315_cy3o7ji.jpg", "URL": "http://i.imgur.com/egIyopT.jpg", "fileid": "g1315_cy3o7ji.jpg"}, {"id": "g1315_cy3wa9y", "comment": "[This is sparta](http://i.imgur.com/EdkhBIR.jpg)", "date": "2015-12-18 17:26:18", "seriesname": "g1315_cy3wa9y", "file": "/media/jbrogan4/scratch2/Reddit_Prov_Dataset_v6/_Baby_bird_getting_fed_a_fish/g1315_cy3wa9y.jpg", "URL": "http://i.imgur.com/EdkhBIR.jpg", "fileid": "g1315_cy3wa9y.jpg"}, {"id": "g1315_cy3h5ai", "comment": "[Jack, hold on!](http://i.imgur.com/xJd8hZk.png)", "date": "2015-12-18 10:52:11", "seriesname": "g1315_cy3h5ai", "file": "/media/jbrogan4/scratch2/Reddit_Prov_Dataset_v6/_Baby_bird_getting_fed_a_fish/g1315_cy3h5ai.png", "URL": "http://i.imgur.com/xJd8hZk.png", "fileid": "g1315_cy3h5ai.png"}, {"id": "g1315_cy3smsu", "comment": "[\"It's fun to stay at the...\"](http://imgur.com/WPwAVDe)", "date": "2015-12-18 15:48:22", "seriesname": "g1315_cy3smsu", "file": "/media/jbrogan4/scratch2/Reddit_Prov_Dataset_v6/_Baby_bird_getting_fed_a_fish/g1315_cy3smsu.png", "URL": "http://i.imgur.com/WPwAVDe.png", "fileid": "g1315_cy3smsu.png"}, {"id": "g1315_cy3ibo1", "comment": "Welp [RIP!](http://imgur.com/jVTu29m) \n\n[here's some music for it](https://www.youtube.com/watch?v=ECQeLQURNuw)", "date": "2015-12-18 11:23:47", "seriesname": "g1315_cy3ibo1", "file": "/media/jbrogan4/scratch2/Reddit_Prov_Dataset_v6/_Baby_bird_getting_fed_a_fish/g1315_cy3ibo1.png", "URL": "http://i.imgur.com/jVTu29m.png", "fileid": "g1315_cy3ibo1.png"}, {"id": "g1315_cy3gdto", "comment": "[There's always a bigger... ](http://i.imgur.com/vrvurzI.jpg)", "date": "2015-12-18 10:30:55", "seriesname": "g1315_cy3gdto", "file": "/media/jbrogan4/scratch2/Reddit_Prov_Dataset_v6/_Baby_bird_getting_fed_a_fish/g1315_cy3gdto.jpg", "URL": "http://i.imgur.com/vrvurzI.jpg", "fileid": "g1315_cy3gdto.jpg"}, {"id": "g1315_cy3uj3k", "comment": "[YOU SHALL NOT PASS](http://i.imgur.com/P6F27Qq.jpg)", "date": "2015-12-18 16:38:49", "seriesname": "g1315_cy3uj3k", "file": "/media/jbrogan4/scratch2/Reddit_Prov_Dataset_v6/_Baby_bird_getting_fed_a_fish/g1315_cy3uj3k.jpg", "URL": "http://i.imgur.com/P6F27Qq.jpg", "fileid": "g1315_cy3uj3k.jpg"}, {"id": "g1315_cy3etne", "comment": "[Reversed](http://imgur.com/0ObCRRF)", "date": "2015-12-18 09:44:10", "seriesname": "g1315_cy3etne", "file": "/media/jbrogan4/scratch2/Reddit_Prov_Dataset_v6/_Baby_bird_getting_fed_a_fish/g1315_cy3etne.png", "URL": "http://i.imgur.com/0ObCRRF.png", "fileid": "g1315_cy3etne.png"}, {"id": "g1315_cy3g6z1", "comment": "[Reversed again????](http://imgur.com/gWSi4qv)", "date": "2015-12-18 10:25:30", "seriesname": "g1315_cy3g6z1", "file": "/media/jbrogan4/scratch2/Reddit_Prov_Dataset_v6/_Baby_bird_getting_fed_a_fish/g1315_cy3g6z1.png", "URL": "http://i.imgur.com/gWSi4qv.png", "fileid": "g1315_cy3g6z1.png"}, {"id": "g1315_cy3vv81", "comment": "First time participating in r/photoshopbattles, so I hope I did this right: [ her striking game was lacking.](http://i.imgur.com/vFdjKfj.png)", "date": "2015-12-18 17:14:49", "seriesname": "g1315_cy3vv81", "file": "/media/jbrogan4/scratch2/Reddit_Prov_Dataset_v6/_Baby_bird_getting_fed_a_fish/g1315_cy3vv81.png", "URL": "http://i.imgur.com/vFdjKfj.png", "fileid": "g1315_cy3vv81.png"}, {"id": "g1315_cy3ibbt", "comment": "[The happiest moment of my life happened Christmas '96] (http://i.imgur.com/dipMtm4.jpg) \n\nHope you like it /u/s_b_11", "date": "2015-12-18 11:23:31", "seriesname": "g1315_cy3ibbt", "file": "/media/jbrogan4/scratch2/Reddit_Prov_Dataset_v6/_Baby_bird_getting_fed_a_fish/g1315_cy3ibbt.jpg", "URL": "http://i.imgur.com/dipMtm4.jpg", "fileid": "g1315_cy3ibbt.jpg"}, {"id": "g1315_cy3vpmy", "comment": "[Showdown](http://i.imgur.com/Xeiq4Zc.jpg)", "date": "2015-12-18 17:10:40", "seriesname": "g1315_cy3vpmy", "file": "/media/jbrogan4/scratch2/Reddit_Prov_Dataset_v6/_Baby_bird_getting_fed_a_fish/g1315_cy3vpmy.jpg", "URL": "http://i.imgur.com/Xeiq4Zc.jpg", "fileid": "g1315_cy3vpmy.jpg"}, {"id": "g1315_cy3edvd", "comment": "[\"Gawd, mom, I'm not hungry!  I'm already full of pain and sorrow!\"](http://i.imgur.com/wObtEEZ.jpg)\n\nThe angsty teen years come earlier in birds.", "date": "2015-12-18 09:29:45", "seriesname": "g1315_cy3edvd", "file": "/media/jbrogan4/scratch2/Reddit_Prov_Dataset_v6/_Baby_bird_getting_fed_a_fish/g1315_cy3edvd.jpg", "URL": "http://i.imgur.com/wObtEEZ.jpg", "fileid": "g1315_cy3edvd.jpg"}, {"id": "g1315_cy499rn", "comment": "[Ukrainian Parliament Showdown] (http://i.imgur.com/Dpc0aoH.jpg)", "date": "2015-12-19 00:51:57", "seriesname": "g1315_cy499rn", "file": "/media/jbrogan4/scratch2/Reddit_Prov_Dataset_v6/_Baby_bird_getting_fed_a_fish/g1315_cy499rn.jpg", "URL": "http://i.imgur.com/Dpc0aoH.jpg", "fileid": "g1315_cy499rn.jpg"}, {"id": "g1315_cy3cc9i", "comment": "http://i.imgur.com/VyMVgNq.jpg", "date": "2015-12-18 08:09:17", "seriesname": "g1315_cy3cc9i", "file": "/media/jbrogan4/scratch2/Reddit_Prov_Dataset_v6/_Baby_bird_getting_fed_a_fish/g1315_cy3cc9i.jpg", "URL": "http://i.imgur.com/VyMVgNq.jpg", "fileid": "g1315_cy3cc9i.jpg"}, {"id": "g1315_cy3gn7p", "comment": "[People of the Earth... RAISE YOUR HANDS UP RIGHT NOW, OR YOU'RE ALL GOING TO DIE!](http://i.imgur.com/2dLHVqy.png)", "date": "2015-12-18 10:38:09", "seriesname": "g1315_cy3gn7p", "file": "/media/jbrogan4/scratch2/Reddit_Prov_Dataset_v6/_Baby_bird_getting_fed_a_fish/g1315_cy3gn7p.png", "URL": "http://i.imgur.com/2dLHVqy.png", "fileid": "g1315_cy3gn7p.png"}, {"id": "g1315_cy3fumn", "comment": "[Bake him away, toys](http://i.imgur.com/3HKILhu.jpg)", "date": "2015-12-18 10:15:44", "seriesname": "g1315_cy3fumn", "file": "/media/jbrogan4/scratch2/Reddit_Prov_Dataset_v6/_Baby_bird_getting_fed_a_fish/g1315_cy3fumn.jpg", "URL": "http://i.imgur.com/3HKILhu.jpg", "fileid": "g1315_cy3fumn.jpg"}, {"id": "g1315_cy3ridd", "comment": "[BirdMcFire](http://imgur.com/VA0qvHZ)", "date": "2015-12-18 15:18:51", "seriesname": "g1315_cy3ridd", "file": "/media/jbrogan4/scratch2/Reddit_Prov_Dataset_v6/_Baby_bird_getting_fed_a_fish/g1315_cy3ridd.png", "URL": "http://i.imgur.com/VA0qvHZ.png", "fileid": "g1315_cy3ridd.png"}, {"id": "g1315_cy3iozj", "comment": "[And then...](http://i.imgur.com/6cuHoF3.jpg)", "date": "2015-12-18 11:33:32", "seriesname": "g1315_cy3iozj", "file": "/media/jbrogan4/scratch2/Reddit_Prov_Dataset_v6/_Baby_bird_getting_fed_a_fish/g1315_cy3iozj.jpg", "URL": "http://i.imgur.com/6cuHoF3.jpg", "fileid": "g1315_cy3iozj.jpg"}, {"id": "g1315_cy3dfft", "comment": "http://i.imgur.com/1X1gEqv.jpg", "date": "2015-12-18 08:55:30", "seriesname": "g1315_cy3dfft", "file": "/media/jbrogan4/scratch2/Reddit_Prov_Dataset_v6/_Baby_bird_getting_fed_a_fish/g1315_cy3dfft.jpg", "URL": "http://i.imgur.com/1X1gEqv.jpg", "fileid": "g1315_cy3dfft.jpg"}, {"id": "g1315_cy3z97h", "comment": "[I call him Baby Birdler](http://i.imgur.com/81YdYo0.jpg) \n\nI need to learn photoshop.", "date": "2015-12-18 18:55:08", "seriesname": "g1315_cy3z97h", "file": "/media/jbrogan4/scratch2/Reddit_Prov_Dataset_v6/_Baby_bird_getting_fed_a_fish/g1315_cy3z97h.jpg", "URL": "http://i.imgur.com/81YdYo0.jpg", "fileid": "g1315_cy3z97h.jpg"}, {"id": "g1315_cy3dxbq", "comment": "[I'm Brian, and so is my wife!](http://i.imgur.com/yRaLFJt.jpg)", "date": "2015-12-18 09:13:55", "seriesname": "g1315_cy3dxbq", "file": "/media/jbrogan4/scratch2/Reddit_Prov_Dataset_v6/_Baby_bird_getting_fed_a_fish/g1315_cy3dxbq.jpg", "URL": "http://i.imgur.com/yRaLFJt.jpg", "fileid": "g1315_cy3dxbq.jpg"}, {"id": "g1315_cy3g0xi", "comment": "[Reversed again???](http://i.imgur.com/XBFs9RJ.jpg) *Just in case", "date": "2015-12-18 10:20:42", "seriesname": "g1315_cy3g0xi", "file": "/media/jbrogan4/scratch2/Reddit_Prov_Dataset_v6/_Baby_bird_getting_fed_a_fish/g1315_cy3g0xi.jpg", "URL": "http://i.imgur.com/XBFs9RJ.jpg", "fileid": "g1315_cy3g0xi.jpg"}, {"id": "g1315_cy3hubu", "comment": "[Always...](http://i.imgur.com/lXxyaMD.jpg)", "date": "2015-12-18 11:11:00", "seriesname": "g1315_cy3hubu", "file": "/media/jbrogan4/scratch2/Reddit_Prov_Dataset_v6/_Baby_bird_getting_fed_a_fish/g1315_cy3hubu.jpg", "URL": "http://i.imgur.com/lXxyaMD.jpg", "fileid": "g1315_cy3hubu.jpg"}, {"id": "g1315_cy3erfe", "comment": "[let them fight](http://i.imgur.com/BMNUQUs.jpg)", "date": "2015-12-18 09:42:09", "seriesname": "g1315_cy3erfe", "file": "/media/jbrogan4/scratch2/Reddit_Prov_Dataset_v6/_Baby_bird_getting_fed_a_fish/g1315_cy3erfe.jpg", "URL": "http://i.imgur.com/BMNUQUs.jpg", "fileid": "g1315_cy3erfe.jpg"}, {"id": "g1315_cy3dqas", "comment": "[Pokemon battle](http://i.imgur.com/eGWxtmc.jpg)", "date": "2015-12-18 09:06:44", "seriesname": "g1315_cy3dqas", "file": "/media/jbrogan4/scratch2/Reddit_Prov_Dataset_v6/_Baby_bird_getting_fed_a_fish/g1315_cy3dqas.jpg", "URL": "http://i.imgur.com/eGWxtmc.jpg", "fileid": "g1315_cy3dqas.jpg"}, {"id": "g1315_cy3f2aa", "comment": "[Bj\u00f6rk's new dress](http://i.imgur.com/Pln8bKT.jpg)", "date": "2015-12-18 09:51:41", "seriesname": "g1315_cy3f2aa", "file": "/media/jbrogan4/scratch2/Reddit_Prov_Dataset_v6/_Baby_bird_getting_fed_a_fish/g1315_cy3f2aa.jpg", "URL": "http://i.imgur.com/Pln8bKT.jpg", "fileid": "g1315_cy3f2aa.jpg"}, {"id": "g1315_cy3f809", "comment": "[Reversed again?](http://i.imgur.com/l5F8kX9.jpg)", "date": "2015-12-18 09:56:36", "seriesname": "g1315_cy3f809", "file": "/media/jbrogan4/scratch2/Reddit_Prov_Dataset_v6/_Baby_bird_getting_fed_a_fish/g1315_cy3f809.jpg", "URL": "http://i.imgur.com/l5F8kX9.jpg", "fileid": "g1315_cy3f809.jpg"}, {"id": "g1315_cy3cmbb", "comment": "[Mummy!](http://i.imgur.com/wFep61N.jpg)\n\n[re-cropped version for \"scroll? I don't think so\" folks](http://i.imgur.com/ORdyiSA.jpg)", "date": "2015-12-18 08:22:20", "seriesname": "g1315_cy3cmbb", "file": "/media/jbrogan4/scratch2/Reddit_Prov_Dataset_v6/_Baby_bird_getting_fed_a_fish/g1315_cy3cmbb.jpg", "URL": "http://i.imgur.com/ORdyiSA.jpg", "fileid": "g1315_cy3cmbb.jpg"}, {"id": "g1315_cy3p8gk", "comment": "[\"Oh no, not again.\"](http://i.imgur.com/ZATRdIU.jpg)", "date": "2015-12-18 14:19:59", "seriesname": "g1315_cy3p8gk", "file": "/media/jbrogan4/scratch2/Reddit_Prov_Dataset_v6/_Baby_bird_getting_fed_a_fish/g1315_cy3p8gk.jpg", "URL": "http://i.imgur.com/ZATRdIU.jpg", "fileid": "g1315_cy3p8gk.jpg"}, {"id": "g1315_cy3fifn", "comment": "[Last line of defense!](http://i.imgur.com/7eXFgWz.jpg)", "date": "2015-12-18 10:05:29", "seriesname": "g1315_cy3fifn", "file": "/media/jbrogan4/scratch2/Reddit_Prov_Dataset_v6/_Baby_bird_getting_fed_a_fish/g1315_cy3fifn.jpg", "URL": "http://i.imgur.com/7eXFgWz.jpg", "fileid": "g1315_cy3fifn.jpg"}, {"id": "g1315_cy3hnbq", "comment": "[Same idea reversed](http://i.imgur.com/YXAxaET.jpg)", "date": "2015-12-18 11:05:53", "seriesname": "g1315_cy3hnbq", "file": "/media/jbrogan4/scratch2/Reddit_Prov_Dataset_v6/_Baby_bird_getting_fed_a_fish/g1315_cy3hnbq.jpg", "URL": "http://i.imgur.com/YXAxaET.jpg", "fileid": "g1315_cy3hnbq.jpg"}, {"id": "g1315_root", "comment": "", "date": "2015-12-18 07:16:40", "seriesname": "g1315_root", "file": "/media/jbrogan4/scratch2/Reddit_Prov_Dataset_v6/_Baby_bird_getting_fed_a_fish/g1315_root.jpg", "URL": "http://i.imgur.com/zZgUm02.jpg", "fileid": "g1315_root.jpg"}, {"id": "g1315_cy3kprj", "comment": "[They should have sent a poet](http://imgur.com/Bo8yoDK.jpg)  ", "date": "2015-12-18 12:25:19", "seriesname": "g1315_cy3kprj", "file": "/media/jbrogan4/scratch2/Reddit_Prov_Dataset_v6/_Baby_bird_getting_fed_a_fish/g1315_cy3kprj.jpg", "URL": "http://imgur.com/Bo8yoDK.jpg", "fileid": "g1315_cy3kprj.jpg"}], "graph": {"name": "g1315_root"}, "directed": true}