{"links": [{"op": "none", "target": 0, "source": 37}, {"op": "none", "target": 1, "source": 44}, {"op": "none", "target": 2, "source": 44}, {"op": "none", "target": 3, "source": 26}, {"op": "none", "target": 4, "source": 29}, {"op": "none", "target": 5, "source": 44}, {"op": "none", "target": 6, "source": 43}, {"op": "none", "target": 7, "source": 44}, {"op": "none", "target": 8, "source": 44}, {"op": "none", "target": 9, "source": 44}, {"op": "none", "target": 10, "source": 29}, {"op": "none", "target": 11, "source": 44}, {"op": "none", "target": 12, "source": 44}, {"op": "none", "target": 13, "source": 44}, {"op": "none", "target": 14, "source": 10}, {"op": "none", "target": 15, "source": 44}, {"op": "none", "target": 16, "source": 44}, {"op": "none", "target": 17, "source": 44}, {"op": "none", "target": 18, "source": 0}, {"op": "none", "target": 19, "source": 44}, {"op": "none", "target": 20, "source": 44}, {"op": "none", "target": 21, "source": 4}, {"op": "none", "target": 22, "source": 31}, {"op": "none", "target": 23, "source": 26}, {"op": "none", "target": 24, "source": 44}, {"op": "none", "target": 25, "source": 44}, {"op": "none", "target": 26, "source": 44}, {"op": "none", "target": 27, "source": 44}, {"op": "none", "target": 28, "source": 44}, {"op": "none", "target": 29, "source": 44}, {"op": "none", "target": 30, "source": 44}, {"op": "none", "target": 31, "source": 44}, {"op": "none", "target": 32, "source": 44}, {"op": "none", "target": 33, "source": 44}, {"op": "none", "target": 34, "source": 44}, {"op": "none", "target": 35, "source": 44}, {"op": "none", "target": 36, "source": 44}, {"op": "none", "target": 37, "source": 44}, {"op": "none", "target": 38, "source": 44}, {"op": "none", "target": 39, "source": 44}, {"op": "none", "target": 40, "source": 44}, {"op": "none", "target": 41, "source": 6}, {"op": "none", "target": 42, "source": 44}, {"op": "none", "target": 43, "source": 26}, {"op": "none", "target": 45, "source": 44}], "title": "_Roller-blading_girl_in_shorts_getting_checked_out_by_cyclist_police_officer", "nodes": [{"id": "g1312_cy7spar", "comment": "[Who needs bikes when you got bouncing balls?](http://i.imgur.com/Ox407t9.jpg)", "date": "2015-12-22 10:06:08", "seriesname": "g1312_cy7spar", "file": "/media/jbrogan4/scratch2/Reddit_Prov_Dataset_v6/_Roller-blading_girl_in_shorts_getting_checked_out_by_cyclist_police_officer/g1312_cy7spar.jpg", "URL": "http://i.imgur.com/Ox407t9.jpg", "fileid": "g1312_cy7spar.jpg"}, {"id": "g1312_cy7uwoy", "comment": "[Queue the applause](http://i.imgur.com/8eyhglz.jpg)", "date": "2015-12-22 11:09:52", "seriesname": "g1312_cy7uwoy", "file": "/media/jbrogan4/scratch2/Reddit_Prov_Dataset_v6/_Roller-blading_girl_in_shorts_getting_checked_out_by_cyclist_police_officer/g1312_cy7uwoy.jpg", "URL": "http://i.imgur.com/8eyhglz.jpg", "fileid": "g1312_cy7uwoy.jpg"}, {"id": "g1312_cy7yh2g", "comment": "[Looney Tunes gawking](http://m.imgur.com/hunPdQw)", "date": "2015-12-22 12:40:20", "seriesname": "g1312_cy7yh2g", "file": "/media/jbrogan4/scratch2/Reddit_Prov_Dataset_v6/_Roller-blading_girl_in_shorts_getting_checked_out_by_cyclist_police_officer/g1312_cy7yh2g.png", "URL": "http://i.imgur.com/hunPdQw.png", "fileid": "g1312_cy7yh2g.png"}, {"id": "g1312_cy8h8hp", "comment": "Like this? \nhttp://i.imgur.com/gtoTnn5.png\n\nEdit: Now realize I should've also neutralized her shorts..", "date": "2015-12-22 20:49:50", "seriesname": "g1312_cy8h8hp", "file": "/media/jbrogan4/scratch2/Reddit_Prov_Dataset_v6/_Roller-blading_girl_in_shorts_getting_checked_out_by_cyclist_police_officer/g1312_cy8h8hp.png", "URL": "http://i.imgur.com/gtoTnn5.png", "fileid": "g1312_cy8h8hp.png"}, {"id": "g1312_cy7rs3m", "comment": "[FFS TERRY!](http://i.imgur.com/VusQJWl.jpg)\n\nEdit: [AIN'T GOT SHIT ON ME TERRY!](http://i.imgur.com/EvbxEhX.jpg)", "date": "2015-12-22 09:35:33", "seriesname": "g1312_cy7rs3m", "file": "/media/jbrogan4/scratch2/Reddit_Prov_Dataset_v6/_Roller-blading_girl_in_shorts_getting_checked_out_by_cyclist_police_officer/g1312_cy7rs3m.jpg", "URL": "http://i.imgur.com/EvbxEhX.jpg", "fileid": "g1312_cy7rs3m.jpg"}, {"id": "g1312_cy7ra7q", "comment": "[Hi~](http://i.imgur.com/N2OfjK2.jpg)", "date": "2015-12-22 09:17:45", "seriesname": "g1312_cy7ra7q", "file": "/media/jbrogan4/scratch2/Reddit_Prov_Dataset_v6/_Roller-blading_girl_in_shorts_getting_checked_out_by_cyclist_police_officer/g1312_cy7ra7q.jpg", "URL": "http://i.imgur.com/N2OfjK2.jpg", "fileid": "g1312_cy7ra7q.jpg"}, {"id": "g1312_cy7v4u5", "comment": "Sure!  \n\nhttp://i.imgur.com/YCvHcgD.jpg", "date": "2015-12-22 11:16:08", "seriesname": "g1312_cy7v4u5", "file": "/media/jbrogan4/scratch2/Reddit_Prov_Dataset_v6/_Roller-blading_girl_in_shorts_getting_checked_out_by_cyclist_police_officer/g1312_cy7v4u5.jpg", "URL": "http://i.imgur.com/YCvHcgD.jpg", "fileid": "g1312_cy7v4u5.jpg"}, {"id": "g1312_cy7ui96", "comment": "[hair](http://i.imgur.com/tz0or4j.jpg)", "date": "2015-12-22 10:58:51", "seriesname": "g1312_cy7ui96", "file": "/media/jbrogan4/scratch2/Reddit_Prov_Dataset_v6/_Roller-blading_girl_in_shorts_getting_checked_out_by_cyclist_police_officer/g1312_cy7ui96.jpg", "URL": "http://i.imgur.com/tz0or4j.jpg", "fileid": "g1312_cy7ui96.jpg"}, {"id": "g1312_cy80wxb", "comment": "http://i.imgur.com/028RlbU.png Got milk?", "date": "2015-12-22 13:39:33", "seriesname": "g1312_cy80wxb", "file": "/media/jbrogan4/scratch2/Reddit_Prov_Dataset_v6/_Roller-blading_girl_in_shorts_getting_checked_out_by_cyclist_police_officer/g1312_cy80wxb.png", "URL": "http://i.imgur.com/028RlbU.png", "fileid": "g1312_cy80wxb.png"}, {"id": "g1312_cy8li87", "comment": "[Just a little something](http://imgur.com/7MsN2Db)\n(Left)", "date": "2015-12-22 23:01:42", "seriesname": "g1312_cy8li87", "file": "/media/jbrogan4/scratch2/Reddit_Prov_Dataset_v6/_Roller-blading_girl_in_shorts_getting_checked_out_by_cyclist_police_officer/g1312_cy8li87.png", "URL": "http://i.imgur.com/7MsN2Db.png", "fileid": "g1312_cy8li87.png"}, {"id": "g1312_cy7rqab", "comment": "http://imgur.com/Z9qHDQ8.png", "date": "2015-12-22 09:33:51", "seriesname": "g1312_cy7rqab", "file": "/media/jbrogan4/scratch2/Reddit_Prov_Dataset_v6/_Roller-blading_girl_in_shorts_getting_checked_out_by_cyclist_police_officer/g1312_cy7rqab.png", "URL": "http://imgur.com/Z9qHDQ8.png", "fileid": "g1312_cy7rqab.png"}, {"id": "g1312_cy7wgsc", "comment": "Na Na Na Na ... http://i.imgur.com/gWyUx2O.jpg", "date": "2015-12-22 11:50:17", "seriesname": "g1312_cy7wgsc", "file": "/media/jbrogan4/scratch2/Reddit_Prov_Dataset_v6/_Roller-blading_girl_in_shorts_getting_checked_out_by_cyclist_police_officer/g1312_cy7wgsc.jpg", "URL": "http://i.imgur.com/gWyUx2O.jpg", "fileid": "g1312_cy7wgsc.jpg"}, {"id": "g1312_cy7tso3", "comment": "[deal with it](http://i.imgur.com/EBsZBTC.jpg)", "date": "2015-12-22 10:38:58", "seriesname": "g1312_cy7tso3", "file": "/media/jbrogan4/scratch2/Reddit_Prov_Dataset_v6/_Roller-blading_girl_in_shorts_getting_checked_out_by_cyclist_police_officer/g1312_cy7tso3.jpg", "URL": "http://i.imgur.com/EBsZBTC.jpg", "fileid": "g1312_cy7tso3.jpg"}, {"id": "g1312_cy7sfkn", "comment": "[His justice senses are tingling](http://i.imgur.com/Dxd5B10.jpg)", "date": "2015-12-22 09:57:22", "seriesname": "g1312_cy7sfkn", "file": "/media/jbrogan4/scratch2/Reddit_Prov_Dataset_v6/_Roller-blading_girl_in_shorts_getting_checked_out_by_cyclist_police_officer/g1312_cy7sfkn.jpg", "URL": "http://i.imgur.com/Dxd5B10.jpg", "fileid": "g1312_cy7sfkn.jpg"}, {"id": "g1312_cy7s30n", "comment": "[He's feeling it again](http://imgur.com/0nB0zPn.png)", "date": "2015-12-22 09:45:47", "seriesname": "g1312_cy7s30n", "file": "/media/jbrogan4/scratch2/Reddit_Prov_Dataset_v6/_Roller-blading_girl_in_shorts_getting_checked_out_by_cyclist_police_officer/g1312_cy7s30n.png", "URL": "http://imgur.com/0nB0zPn.png", "fileid": "g1312_cy7s30n.png"}, {"id": "g1312_cy7z7ci", "comment": "[Can't you be discrete?](https://imgur.com/k69Z4qr)", "date": "2015-12-22 12:58:21", "seriesname": "g1312_cy7z7ci", "file": "/media/jbrogan4/scratch2/Reddit_Prov_Dataset_v6/_Roller-blading_girl_in_shorts_getting_checked_out_by_cyclist_police_officer/g1312_cy7z7ci.png", "URL": "http://i.imgur.com/k69Z4qr.png", "fileid": "g1312_cy7z7ci.png"}, {"id": "g1312_cy7vc3t", "comment": "[Dangerous](http://i.imgur.com/gFsfq2u.jpg)", "date": "2015-12-22 11:21:32", "seriesname": "g1312_cy7vc3t", "file": "/media/jbrogan4/scratch2/Reddit_Prov_Dataset_v6/_Roller-blading_girl_in_shorts_getting_checked_out_by_cyclist_police_officer/g1312_cy7vc3t.jpg", "URL": "http://i.imgur.com/gFsfq2u.jpg", "fileid": "g1312_cy7vc3t.jpg"}, {"id": "g1312_cy7w8na", "comment": "[\"No-one's amused by your bullshit, knock it off, Dave!](https://imgur.com/G4kjT9A)", "date": "2015-12-22 11:44:37", "seriesname": "g1312_cy7w8na", "file": "/media/jbrogan4/scratch2/Reddit_Prov_Dataset_v6/_Roller-blading_girl_in_shorts_getting_checked_out_by_cyclist_police_officer/g1312_cy7w8na.png", "URL": "http://i.imgur.com/G4kjT9A.png", "fileid": "g1312_cy7w8na.png"}, {"id": "g1312_cy7tj50", "comment": "[You said bouncing balls?](http://i.imgur.com/Jx4ccxv.jpg) (*slightly* NSFW)", "date": "2015-12-22 10:31:16", "seriesname": "g1312_cy7tj50", "file": "/media/jbrogan4/scratch2/Reddit_Prov_Dataset_v6/_Roller-blading_girl_in_shorts_getting_checked_out_by_cyclist_police_officer/g1312_cy7tj50.jpg", "URL": "http://i.imgur.com/Jx4ccxv.jpg", "fileid": "g1312_cy7tj50.jpg"}, {"id": "g1312_cy7w85t", "comment": "[stalker](http://i.imgur.com/OqvR9yU.jpg)", "date": "2015-12-22 11:44:18", "seriesname": "g1312_cy7w85t", "file": "/media/jbrogan4/scratch2/Reddit_Prov_Dataset_v6/_Roller-blading_girl_in_shorts_getting_checked_out_by_cyclist_police_officer/g1312_cy7w85t.jpg", "URL": "http://i.imgur.com/OqvR9yU.jpg", "fileid": "g1312_cy7w85t.jpg"}, {"id": "g1312_cy7tbiy", "comment": "[distraction kills](http://i.imgur.com/A5FtKIO.jpg)", "date": "2015-12-22 10:24:57", "seriesname": "g1312_cy7tbiy", "file": "/media/jbrogan4/scratch2/Reddit_Prov_Dataset_v6/_Roller-blading_girl_in_shorts_getting_checked_out_by_cyclist_police_officer/g1312_cy7tbiy.jpg", "URL": "http://i.imgur.com/A5FtKIO.jpg", "fileid": "g1312_cy7tbiy.jpg"}, {"id": "g1312_cy7rvie", "comment": "My edit and your reply were almost simultaneous!\n\nEdit: [Terry is not impressed](http://i.imgur.com/0LSejGm.jpg)", "date": "2015-12-22 09:38:50", "seriesname": "g1312_cy7rvie", "file": "/media/jbrogan4/scratch2/Reddit_Prov_Dataset_v6/_Roller-blading_girl_in_shorts_getting_checked_out_by_cyclist_police_officer/g1312_cy7rvie.jpg", "URL": "http://i.imgur.com/0LSejGm.jpg", "fileid": "g1312_cy7rvie.jpg"}, {"id": "g1312_cy7uicj", "comment": "it is from [yesterdays popular PSbattle](http://i.telegraph.co.uk/multimedia/archive/03526/potd-dragonfly_3526640k.jpg)", "date": "2015-12-22 10:58:56", "seriesname": "g1312_cy7uicj", "file": "/media/jbrogan4/scratch2/Reddit_Prov_Dataset_v6/_Roller-blading_girl_in_shorts_getting_checked_out_by_cyclist_police_officer/g1312_cy7uicj.jpg", "URL": "http://i.telegraph.co.uk/multimedia/archive/03526/potd-dragonfly_3526640k.jpg", "fileid": "g1312_cy7uicj.jpg"}, {"id": "g1312_cy8hon6", "comment": "[Here ya go!](http://i.imgur.com/26ADWtr.jpg)", "date": "2015-12-22 21:03:22", "seriesname": "g1312_cy8hon6", "file": "/media/jbrogan4/scratch2/Reddit_Prov_Dataset_v6/_Roller-blading_girl_in_shorts_getting_checked_out_by_cyclist_police_officer/g1312_cy8hon6.jpg", "URL": "http://i.imgur.com/26ADWtr.jpg", "fileid": "g1312_cy8hon6.jpg"}, {"id": "g1312_cy7ro2x", "comment": "*[Neat!](http://i.imgur.com/zWMjeOj.jpg)*", "date": "2015-12-22 09:31:38", "seriesname": "g1312_cy7ro2x", "file": "/media/jbrogan4/scratch2/Reddit_Prov_Dataset_v6/_Roller-blading_girl_in_shorts_getting_checked_out_by_cyclist_police_officer/g1312_cy7ro2x.jpg", "URL": "http://i.imgur.com/zWMjeOj.jpg)*", "fileid": "g1312_cy7ro2x.jpg*"}, {"id": "g1312_cy7ttm3", "comment": "[Nice cans](http://imgur.com/minezwS)", "date": "2015-12-22 10:39:42", "seriesname": "g1312_cy7ttm3", "file": "/media/jbrogan4/scratch2/Reddit_Prov_Dataset_v6/_Roller-blading_girl_in_shorts_getting_checked_out_by_cyclist_police_officer/g1312_cy7ttm3.png", "URL": "http://i.imgur.com/minezwS.png", "fileid": "g1312_cy7ttm3.png"}, {"id": "g1312_cy7sihc", "comment": "[Classic](http://imgur.com/1BW3LnW)", "date": "2015-12-22 10:00:03", "seriesname": "g1312_cy7sihc", "file": "/media/jbrogan4/scratch2/Reddit_Prov_Dataset_v6/_Roller-blading_girl_in_shorts_getting_checked_out_by_cyclist_police_officer/g1312_cy7sihc.png", "URL": "http://i.imgur.com/1BW3LnW.png", "fileid": "g1312_cy7sihc.png"}, {"id": "g1312_cy8c8ay", "comment": "http://imgur.com/rxghNbs  NSFW ", "date": "2015-12-22 18:23:34", "seriesname": "g1312_cy8c8ay", "file": "/media/jbrogan4/scratch2/Reddit_Prov_Dataset_v6/_Roller-blading_girl_in_shorts_getting_checked_out_by_cyclist_police_officer/g1312_cy8c8ay.png", "URL": "http://i.imgur.com/rxghNbs.png", "fileid": "g1312_cy8c8ay.png"}, {"id": "g1312_cy7s2b0", "comment": "[i dont know](http://imgur.com/fcXfp7T)", "date": "2015-12-22 09:45:08", "seriesname": "g1312_cy7s2b0", "file": "/media/jbrogan4/scratch2/Reddit_Prov_Dataset_v6/_Roller-blading_girl_in_shorts_getting_checked_out_by_cyclist_police_officer/g1312_cy7s2b0.png", "URL": "http://i.imgur.com/fcXfp7T.png", "fileid": "g1312_cy7s2b0.png"}, {"id": "g1312_cy7r28y", "comment": "http://imgur.com/7LL7amh\n\nEdit:  [Dangle](http://imgur.com/th5t4tZ)", "date": "2015-12-22 09:09:20", "seriesname": "g1312_cy7r28y", "file": "/media/jbrogan4/scratch2/Reddit_Prov_Dataset_v6/_Roller-blading_girl_in_shorts_getting_checked_out_by_cyclist_police_officer/g1312_cy7r28y.png", "URL": "http://i.imgur.com/th5t4tZ.png", "fileid": "g1312_cy7r28y.png"}, {"id": "g1312_cy7tele", "comment": "[last thing I remember](http://i.imgur.com/Xg5Pjht.jpg)", "date": "2015-12-22 10:27:33", "seriesname": "g1312_cy7tele", "file": "/media/jbrogan4/scratch2/Reddit_Prov_Dataset_v6/_Roller-blading_girl_in_shorts_getting_checked_out_by_cyclist_police_officer/g1312_cy7tele.jpg", "URL": "http://i.imgur.com/Xg5Pjht.jpg", "fileid": "g1312_cy7tele.jpg"}, {"id": "g1312_cy7qwo2", "comment": "[Wait...what?](http://i.imgur.com/ISGeP90.jpg)", "date": "2015-12-22 09:03:19", "seriesname": "g1312_cy7qwo2", "file": "/media/jbrogan4/scratch2/Reddit_Prov_Dataset_v6/_Roller-blading_girl_in_shorts_getting_checked_out_by_cyclist_police_officer/g1312_cy7qwo2.jpg", "URL": "http://i.imgur.com/ISGeP90.jpg", "fileid": "g1312_cy7qwo2.jpg"}, {"id": "g1312_cy7qjij", "comment": "http://imgur.com/fwkca5G", "date": "2015-12-22 08:48:20", "seriesname": "g1312_cy7qjij", "file": "/media/jbrogan4/scratch2/Reddit_Prov_Dataset_v6/_Roller-blading_girl_in_shorts_getting_checked_out_by_cyclist_police_officer/g1312_cy7qjij.png", "URL": "http://i.imgur.com/fwkca5G.png", "fileid": "g1312_cy7qjij.png"}, {"id": "g1312_cy7t8uv", "comment": "Come on, people!  It's 2015!  [Why hasn't this happened yet?](http://i.imgur.com/Cd91krA.jpg)", "date": "2015-12-22 10:22:45", "seriesname": "g1312_cy7t8uv", "file": "/media/jbrogan4/scratch2/Reddit_Prov_Dataset_v6/_Roller-blading_girl_in_shorts_getting_checked_out_by_cyclist_police_officer/g1312_cy7t8uv.jpg", "URL": "http://i.imgur.com/Cd91krA.jpg", "fileid": "g1312_cy7t8uv.jpg"}, {"id": "g1312_cy7v9uh", "comment": "[YUM!!!](http://i.imgur.com/JbqY0ZF.png)", "date": "2015-12-22 11:19:52", "seriesname": "g1312_cy7v9uh", "file": "/media/jbrogan4/scratch2/Reddit_Prov_Dataset_v6/_Roller-blading_girl_in_shorts_getting_checked_out_by_cyclist_police_officer/g1312_cy7v9uh.png", "URL": "http://i.imgur.com/JbqY0ZF.png", "fileid": "g1312_cy7v9uh.png"}, {"id": "g1312_cy8ltao", "comment": "[Budget cuts.](http://imgur.com/kilMUX4)    ", "date": "2015-12-22 23:11:57", "seriesname": "g1312_cy8ltao", "file": "/media/jbrogan4/scratch2/Reddit_Prov_Dataset_v6/_Roller-blading_girl_in_shorts_getting_checked_out_by_cyclist_police_officer/g1312_cy8ltao.png", "URL": "http://i.imgur.com/kilMUX4.png", "fileid": "g1312_cy8ltao.png"}, {"id": "g1312_cy7sroc", "comment": "[flock of rollerbladers](http://i.imgur.com/Nt3mRUU.jpg)", "date": "2015-12-22 10:08:14", "seriesname": "g1312_cy7sroc", "file": "/media/jbrogan4/scratch2/Reddit_Prov_Dataset_v6/_Roller-blading_girl_in_shorts_getting_checked_out_by_cyclist_police_officer/g1312_cy7sroc.jpg", "URL": "http://i.imgur.com/Nt3mRUU.jpg", "fileid": "g1312_cy7sroc.jpg"}, {"id": "g1312_cy7rdpd", "comment": "[Funding cuts](http://i.imgur.com/2SyNIQk.png)", "date": "2015-12-22 09:21:14", "seriesname": "g1312_cy7rdpd", "file": "/media/jbrogan4/scratch2/Reddit_Prov_Dataset_v6/_Roller-blading_girl_in_shorts_getting_checked_out_by_cyclist_police_officer/g1312_cy7rdpd.png", "URL": "http://i.imgur.com/2SyNIQk.png", "fileid": "g1312_cy7rdpd.png"}, {"id": "g1312_cy7u1en", "comment": "[Ah, much better](http://i.imgur.com/WlnSJHG.jpg)", "date": "2015-12-22 10:45:50", "seriesname": "g1312_cy7u1en", "file": "/media/jbrogan4/scratch2/Reddit_Prov_Dataset_v6/_Roller-blading_girl_in_shorts_getting_checked_out_by_cyclist_police_officer/g1312_cy7u1en.jpg", "URL": "http://i.imgur.com/WlnSJHG.jpg", "fileid": "g1312_cy7u1en.jpg"}, {"id": "g1312_cy7ze9k", "comment": "[Eh, not my department.](http://i.imgur.com/CEdJnd0.jpg)", "date": "2015-12-22 13:02:59", "seriesname": "g1312_cy7ze9k", "file": "/media/jbrogan4/scratch2/Reddit_Prov_Dataset_v6/_Roller-blading_girl_in_shorts_getting_checked_out_by_cyclist_police_officer/g1312_cy7ze9k.jpg", "URL": "http://i.imgur.com/CEdJnd0.jpg", "fileid": "g1312_cy7ze9k.jpg"}, {"id": "g1312_cy7ttky", "comment": "[Come one Dave... catch up](http://i.imgur.com/ym6gG4t.jpg)", "date": "2015-12-22 10:39:40", "seriesname": "g1312_cy7ttky", "file": "/media/jbrogan4/scratch2/Reddit_Prov_Dataset_v6/_Roller-blading_girl_in_shorts_getting_checked_out_by_cyclist_police_officer/g1312_cy7ttky.jpg", "URL": "http://i.imgur.com/ym6gG4t.jpg", "fileid": "g1312_cy7ttky.jpg"}, {"id": "g1312_cy7wvhy", "comment": "[What an odd request... I like it!](http://i.imgur.com/NTIjjwv.jpg)", "date": "2015-12-22 12:00:27", "seriesname": "g1312_cy7wvhy", "file": "/media/jbrogan4/scratch2/Reddit_Prov_Dataset_v6/_Roller-blading_girl_in_shorts_getting_checked_out_by_cyclist_police_officer/g1312_cy7wvhy.jpg", "URL": "http://i.imgur.com/NTIjjwv.jpg", "fileid": "g1312_cy7wvhy.jpg"}, {"id": "g1312_cy7ul22", "comment": "[nuh uh honey](http://imgur.com/atEGjYu)", "date": "2015-12-22 11:00:59", "seriesname": "g1312_cy7ul22", "file": "/media/jbrogan4/scratch2/Reddit_Prov_Dataset_v6/_Roller-blading_girl_in_shorts_getting_checked_out_by_cyclist_police_officer/g1312_cy7ul22.png", "URL": "http://i.imgur.com/atEGjYu.png", "fileid": "g1312_cy7ul22.png"}, {"id": "g1312_cy7tpgd", "comment": "Here you go.  The bubbles in a more neutral color.  \n\nhttp://i.imgur.com/nqy8fCW.png", "date": "2015-12-22 10:36:23", "seriesname": "g1312_cy7tpgd", "file": "/media/jbrogan4/scratch2/Reddit_Prov_Dataset_v6/_Roller-blading_girl_in_shorts_getting_checked_out_by_cyclist_police_officer/g1312_cy7tpgd.png", "URL": "http://i.imgur.com/nqy8fCW.png", "fileid": "g1312_cy7tpgd.png"}, {"id": "g1312_root", "comment": "", "date": "2015-12-22 08:12:08", "seriesname": "g1312_root", "file": "/media/jbrogan4/scratch2/Reddit_Prov_Dataset_v6/_Roller-blading_girl_in_shorts_getting_checked_out_by_cyclist_police_officer/g1312_root.jpg", "URL": "http://i.imgur.com/s1IaLcd.jpg", "fileid": "g1312_root.jpg"}, {"id": "g1312_cy7uxka", "comment": "[Everybody is getting looks today](http://i.imgur.com/Bu1eZen.jpg)", "date": "2015-12-22 11:10:33", "seriesname": "g1312_cy7uxka", "file": "/media/jbrogan4/scratch2/Reddit_Prov_Dataset_v6/_Roller-blading_girl_in_shorts_getting_checked_out_by_cyclist_police_officer/g1312_cy7uxka.jpg", "URL": "http://i.imgur.com/Bu1eZen.jpg", "fileid": "g1312_cy7uxka.jpg"}], "graph": {"name": "g1312_root"}, "directed": true}