{"links": [{"op": "none", "target": 0, "source": 59}, {"op": "none", "target": 1, "source": 59}, {"op": "none", "target": 2, "source": 59}, {"op": "none", "target": 3, "source": 59}, {"op": "none", "target": 4, "source": 59}, {"op": "none", "target": 5, "source": 59}, {"op": "none", "target": 6, "source": 59}, {"op": "none", "target": 7, "source": 59}, {"op": "none", "target": 8, "source": 45}, {"op": "none", "target": 9, "source": 59}, {"op": "none", "target": 10, "source": 59}, {"op": "none", "target": 11, "source": 59}, {"op": "none", "target": 12, "source": 59}, {"op": "none", "target": 13, "source": 59}, {"op": "none", "target": 14, "source": 59}, {"op": "none", "target": 15, "source": 59}, {"op": "none", "target": 16, "source": 59}, {"op": "none", "target": 17, "source": 59}, {"op": "none", "target": 18, "source": 59}, {"op": "none", "target": 19, "source": 15}, {"op": "none", "target": 20, "source": 59}, {"op": "none", "target": 21, "source": 59}, {"op": "none", "target": 22, "source": 59}, {"op": "none", "target": 23, "source": 59}, {"op": "none", "target": 24, "source": 59}, {"op": "none", "target": 25, "source": 59}, {"op": "none", "target": 26, "source": 59}, {"op": "none", "target": 27, "source": 59}, {"op": "none", "target": 28, "source": 59}, {"op": "none", "target": 29, "source": 59}, {"op": "none", "target": 30, "source": 59}, {"op": "none", "target": 31, "source": 59}, {"op": "none", "target": 32, "source": 59}, {"op": "none", "target": 33, "source": 59}, {"op": "none", "target": 34, "source": 59}, {"op": "none", "target": 35, "source": 59}, {"op": "none", "target": 36, "source": 59}, {"op": "none", "target": 37, "source": 59}, {"op": "none", "target": 38, "source": 59}, {"op": "none", "target": 39, "source": 59}, {"op": "none", "target": 40, "source": 68}, {"op": "none", "target": 41, "source": 59}, {"op": "none", "target": 42, "source": 59}, {"op": "none", "target": 43, "source": 59}, {"op": "none", "target": 44, "source": 59}, {"op": "none", "target": 45, "source": 59}, {"op": "none", "target": 46, "source": 59}, {"op": "none", "target": 47, "source": 59}, {"op": "none", "target": 48, "source": 59}, {"op": "none", "target": 49, "source": 59}, {"op": "none", "target": 50, "source": 59}, {"op": "none", "target": 51, "source": 14}, {"op": "none", "target": 52, "source": 59}, {"op": "none", "target": 53, "source": 59}, {"op": "none", "target": 54, "source": 59}, {"op": "none", "target": 55, "source": 59}, {"op": "none", "target": 56, "source": 59}, {"op": "none", "target": 57, "source": 59}, {"op": "none", "target": 58, "source": 59}, {"op": "none", "target": 60, "source": 59}, {"op": "none", "target": 61, "source": 68}, {"op": "none", "target": 62, "source": 59}, {"op": "none", "target": 63, "source": 59}, {"op": "none", "target": 64, "source": 59}, {"op": "none", "target": 65, "source": 59}, {"op": "none", "target": 66, "source": 59}, {"op": "none", "target": 67, "source": 59}, {"op": "none", "target": 68, "source": 59}, {"op": "none", "target": 69, "source": 59}, {"op": "none", "target": 70, "source": 8}, {"op": "none", "target": 71, "source": 59}, {"op": "none", "target": 72, "source": 59}, {"op": "none", "target": 73, "source": 59}], "title": "_Trump_trying_to_close_his_pen", "nodes": [{"id": "g131_dcxpe2o", "comment": "http://i.imgur.com/BfCjAUf.jpg", "date": "2017-01-26 10:53:42", "seriesname": "g131_dcxpe2o", "file": "/media/jbrogan4/scratch2/Reddit_Prov_Dataset_v5/_Trump_trying_to_close_his_pen/g131_dcxpe2o.jpg", "URL": "http://i.imgur.com/BfCjAUf.jpg", "fileid": "g131_dcxpe2o.jpg"}, {"id": "g131_dcxldwa", "comment": "[Starting the presidency with a bang](http://i.imgur.com/f6AZRkl.png)", "date": "2017-01-26 09:29:48", "seriesname": "g131_dcxldwa", "file": "/media/jbrogan4/scratch2/Reddit_Prov_Dataset_v5/_Trump_trying_to_close_his_pen/g131_dcxldwa.png", "URL": "http://i.imgur.com/f6AZRkl.png", "fileid": "g131_dcxldwa.png"}, {"id": "g131_dcxoy36", "comment": "[While you were ruling, I studied the blade](http://i.imgur.com/zrFEtl1.jpg)", "date": "2017-01-26 10:45:08", "seriesname": "g131_dcxoy36", "file": "/media/jbrogan4/scratch2/Reddit_Prov_Dataset_v5/_Trump_trying_to_close_his_pen/g131_dcxoy36.jpg", "URL": "http://i.imgur.com/zrFEtl1.jpg", "fileid": "g131_dcxoy36.jpg"}, {"id": "g131_dcxtyar", "comment": "[I have no idea](http://i.imgur.com/dkTgYSE.png)", "date": "2017-01-26 12:17:58", "seriesname": "g131_dcxtyar", "file": "/media/jbrogan4/scratch2/Reddit_Prov_Dataset_v5/_Trump_trying_to_close_his_pen/g131_dcxtyar.png", "URL": "http://i.imgur.com/dkTgYSE.png", "fileid": "g131_dcxtyar.png"}, {"id": "g131_dcxj56n", "comment": "[turn off the lights](http://i.imgur.com/bMZ81Vv.png)", "date": "2017-01-26 08:30:53", "seriesname": "g131_dcxj56n", "file": "/media/jbrogan4/scratch2/Reddit_Prov_Dataset_v5/_Trump_trying_to_close_his_pen/g131_dcxj56n.png", "URL": "http://i.imgur.com/bMZ81Vv.png", "fileid": "g131_dcxj56n.png"}, {"id": "g131_dcxr0hd", "comment": "[That's it! you people have stood on my way long enough! I'm going to clown college!](https://i.imgur.com/Oj6cYCY.png)", "date": "2017-01-26 11:24:13", "seriesname": "g131_dcxr0hd", "file": "/media/jbrogan4/scratch2/Reddit_Prov_Dataset_v5/_Trump_trying_to_close_his_pen/g131_dcxr0hd.png", "URL": "https://i.imgur.com/Oj6cYCY.png", "fileid": "g131_dcxr0hd.png"}, {"id": "g131_dcxu0p0", "comment": "[Found under the desk] (http://imgur.com/kna1LmV)", "date": "2017-01-26 12:19:11", "seriesname": "g131_dcxu0p0", "file": "/media/jbrogan4/scratch2/Reddit_Prov_Dataset_v5/_Trump_trying_to_close_his_pen/g131_dcxu0p0.png", "URL": "http://i.imgur.com/kna1LmV.png", "fileid": "g131_dcxu0p0.png"}, {"id": "g131_dcxrkh8", "comment": "[Am I driving ok?](http://i.imgur.com/un6v5b6.jpg)", "date": "2017-01-26 11:34:35", "seriesname": "g131_dcxrkh8", "file": "/media/jbrogan4/scratch2/Reddit_Prov_Dataset_v5/_Trump_trying_to_close_his_pen/g131_dcxrkh8.jpg", "URL": "http://i.imgur.com/un6v5b6.jpg", "fileid": "g131_dcxrkh8.jpg"}, {"id": "g131_dcy3v4v", "comment": "http://imgur.com/gallery/7CDxyqa", "date": "2017-01-26 15:16:15", "seriesname": "g131_dcy3v4v", "file": "/media/jbrogan4/scratch2/Reddit_Prov_Dataset_v5/_Trump_trying_to_close_his_pen/g131_dcy3v4v.png", "URL": "http://i.imgur.com/7CDxyqa.png", "fileid": "g131_dcy3v4v.png"}, {"id": "g131_dcxfcsy", "comment": "[Uhhh...](http://i.imgur.com/l7OG8di.png)", "date": "2017-01-26 06:05:25", "seriesname": "g131_dcxfcsy", "file": "/media/jbrogan4/scratch2/Reddit_Prov_Dataset_v5/_Trump_trying_to_close_his_pen/g131_dcxfcsy.png", "URL": "http://i.imgur.com/l7OG8di.png", "fileid": "g131_dcxfcsy.png"}, {"id": "g131_dcy8vi0", "comment": "[250 strands of lights!](http://i.imgur.com/5331l3e.jpg)", "date": "2017-01-26 16:46:56", "seriesname": "g131_dcy8vi0", "file": "/media/jbrogan4/scratch2/Reddit_Prov_Dataset_v5/_Trump_trying_to_close_his_pen/g131_dcy8vi0.jpg", "URL": "http://i.imgur.com/5331l3e.jpg", "fileid": "g131_dcy8vi0.jpg"}, {"id": "g131_dcxmcpl", "comment": "[Now kiss!](http://imgur.com/7b5o9gb)", "date": "2017-01-26 09:51:49", "seriesname": "g131_dcxmcpl", "file": "/media/jbrogan4/scratch2/Reddit_Prov_Dataset_v5/_Trump_trying_to_close_his_pen/g131_dcxmcpl.png", "URL": "http://i.imgur.com/7b5o9gb.png", "fileid": "g131_dcxmcpl.png"}, {"id": "g131_dcy0vkw", "comment": "[One ring to rule them all, Frodo would prefer not](http://imgur.com/xWCAgHw)", "date": "2017-01-26 14:22:05", "seriesname": "g131_dcy0vkw", "file": "/media/jbrogan4/scratch2/Reddit_Prov_Dataset_v5/_Trump_trying_to_close_his_pen/g131_dcy0vkw.png", "URL": "http://i.imgur.com/xWCAgHw.png", "fileid": "g131_dcy0vkw.png"}, {"id": "g131_dcxxmpa", "comment": "[Is Acme an American company?](http://i.imgur.com/Y3CIucL.jpg)", "date": "2017-01-26 13:23:34", "seriesname": "g131_dcxxmpa", "file": "/media/jbrogan4/scratch2/Reddit_Prov_Dataset_v5/_Trump_trying_to_close_his_pen/g131_dcxxmpa.jpg", "URL": "http://i.imgur.com/Y3CIucL.jpg", "fileid": "g131_dcxxmpa.jpg"}, {"id": "g131_dcxfcz1", "comment": "[Pineapple Pen!](http://i.imgur.com/S4SMIuO.jpg)", "date": "2017-01-26 06:05:40", "seriesname": "g131_dcxfcz1", "file": "/media/jbrogan4/scratch2/Reddit_Prov_Dataset_v5/_Trump_trying_to_close_his_pen/g131_dcxfcz1.jpg", "URL": "http://i.imgur.com/S4SMIuO.jpg", "fileid": "g131_dcxfcz1.jpg"}, {"id": "g131_dcxl6so", "comment": "[Any Orchestra Would Be Happy to Have Me] (http://i.imgur.com/bT7WQ2a.png)", "date": "2017-01-26 09:25:09", "seriesname": "g131_dcxl6so", "file": "/media/jbrogan4/scratch2/Reddit_Prov_Dataset_v5/_Trump_trying_to_close_his_pen/g131_dcxl6so.png", "URL": "http://i.imgur.com/bT7WQ2a.png", "fileid": "g131_dcxl6so.png"}, {"id": "g131_dcxifnt", "comment": "[he is start building the wall](https://i.imgur.com/QHVSk8b.png)", "date": "2017-01-26 08:09:34", "seriesname": "g131_dcxifnt", "file": "/media/jbrogan4/scratch2/Reddit_Prov_Dataset_v5/_Trump_trying_to_close_his_pen/g131_dcxifnt.png", "URL": "https://i.imgur.com/QHVSk8b.png", "fileid": "g131_dcxifnt.png"}, {"id": "g131_dcytwf8", "comment": "http://i.imgur.com/1APDAba.jpg", "date": "2017-01-27 00:36:47", "seriesname": "g131_dcytwf8", "file": "/media/jbrogan4/scratch2/Reddit_Prov_Dataset_v5/_Trump_trying_to_close_his_pen/g131_dcytwf8.jpg", "URL": "http://i.imgur.com/1APDAba.jpg", "fileid": "g131_dcytwf8.jpg"}, {"id": "g131_dcxkknf", "comment": "[Mike Pence is his guy.](http://i.imgur.com/N3UB4Va.png)", "date": "2017-01-26 09:09:56", "seriesname": "g131_dcxkknf", "file": "/media/jbrogan4/scratch2/Reddit_Prov_Dataset_v5/_Trump_trying_to_close_his_pen/g131_dcxkknf.png", "URL": "http://i.imgur.com/N3UB4Va.png", "fileid": "g131_dcxkknf.png"}, {"id": "g131_dcylrn9", "comment": "[Do you know what this is? ](http://i.imgur.com/iAyvhVQ.gif)", "date": "2017-01-26 21:16:26", "seriesname": "g131_dcylrn9", "file": "/media/jbrogan4/scratch2/Reddit_Prov_Dataset_v5/_Trump_trying_to_close_his_pen/g131_dcylrn9.jpg", "URL": "http://i.imgur.com/iAyvhVQ.gif", "fileid": "g131_dcylrn9.gif"}, {"id": "g131_dcxokux", "comment": "[Oh this? This Is A Rare Samurai Pen, A Gift From Emperor Hirohito.](http://i.imgur.com/xoLgZXE.jpg)", "date": "2017-01-26 10:37:57", "seriesname": "g131_dcxokux", "file": "/media/jbrogan4/scratch2/Reddit_Prov_Dataset_v5/_Trump_trying_to_close_his_pen/g131_dcxokux.jpg", "URL": "http://i.imgur.com/xoLgZXE.jpg", "fileid": "g131_dcxokux.jpg"}, {"id": "g131_dcy95rs", "comment": "[A familiar face shows up](http://i.imgur.com/wiq0DBf.jpg)", "date": "2017-01-26 16:52:07", "seriesname": "g131_dcy95rs", "file": "/media/jbrogan4/scratch2/Reddit_Prov_Dataset_v5/_Trump_trying_to_close_his_pen/g131_dcy95rs.jpg", "URL": "http://i.imgur.com/wiq0DBf.jpg", "fileid": "g131_dcy95rs.jpg"}, {"id": "g131_dcxt1ul", "comment": "[Boom](http://i.imgur.com/rQkaE2Y.png)", "date": "2017-01-26 12:01:38", "seriesname": "g131_dcxt1ul", "file": "/media/jbrogan4/scratch2/Reddit_Prov_Dataset_v5/_Trump_trying_to_close_his_pen/g131_dcxt1ul.png", "URL": "http://i.imgur.com/rQkaE2Y.png", "fileid": "g131_dcxt1ul.png"}, {"id": "g131_dcxmbep", "comment": "[Donald! No!](http://i.imgur.com/s6W8iid.jpg)", "date": "2017-01-26 09:51:01", "seriesname": "g131_dcxmbep", "file": "/media/jbrogan4/scratch2/Reddit_Prov_Dataset_v5/_Trump_trying_to_close_his_pen/g131_dcxmbep.jpg", "URL": "http://i.imgur.com/s6W8iid.jpg", "fileid": "g131_dcxmbep.jpg"}, {"id": "g131_dcxmpam", "comment": "[It work!](http://i.imgur.com/gnxRnFK.jpg)", "date": "2017-01-26 09:59:20", "seriesname": "g131_dcxmpam", "file": "/media/jbrogan4/scratch2/Reddit_Prov_Dataset_v5/_Trump_trying_to_close_his_pen/g131_dcxmpam.jpg", "URL": "http://i.imgur.com/gnxRnFK.jpg", "fileid": "g131_dcxmpam.jpg"}, {"id": "g131_dcxlwk1", "comment": "[And then the man puts his...](http://i.imgur.com/4wLYvDS.jpg)", "date": "2017-01-26 09:41:49", "seriesname": "g131_dcxlwk1", "file": "/media/jbrogan4/scratch2/Reddit_Prov_Dataset_v5/_Trump_trying_to_close_his_pen/g131_dcxlwk1.jpg", "URL": "http://i.imgur.com/4wLYvDS.jpg", "fileid": "g131_dcxlwk1.jpg"}, {"id": "g131_dcxoy4c", "comment": "[\u201cOh, oh, no, yes, no, NO, yes, ah, ah, ah ahhhhh\u2026 Oh, your *hands* are so big\u2026\u201d](http://i.imgur.com/jjLuVdj.jpg)", "date": "2017-01-26 10:45:09", "seriesname": "g131_dcxoy4c", "file": "/media/jbrogan4/scratch2/Reddit_Prov_Dataset_v5/_Trump_trying_to_close_his_pen/g131_dcxoy4c.jpg", "URL": "http://i.imgur.com/jjLuVdj.jpg", "fileid": "g131_dcxoy4c.jpg"}, {"id": "g131_dcy4mqt", "comment": "[The greatest clock tower!  And the Libyans will pay for it!](http://i.imgur.com/FJobtSg.png)", "date": "2017-01-26 15:30:03", "seriesname": "g131_dcy4mqt", "file": "/media/jbrogan4/scratch2/Reddit_Prov_Dataset_v5/_Trump_trying_to_close_his_pen/g131_dcy4mqt.png", "URL": "http://i.imgur.com/FJobtSg.png", "fileid": "g131_dcy4mqt.png"}, {"id": "g131_dcxyt6t", "comment": "[Trump got some new toys...](http://imgur.com/9O14FTu)", "date": "2017-01-26 13:44:50", "seriesname": "g131_dcxyt6t", "file": "/media/jbrogan4/scratch2/Reddit_Prov_Dataset_v5/_Trump_trying_to_close_his_pen/g131_dcxyt6t.png", "URL": "http://i.imgur.com/9O14FTu.png", "fileid": "g131_dcxyt6t.png"}, {"id": "g131_dcxojwy", "comment": "[Donnie put the cap back on all by himself!](http://imgur.com/0kOCI0V.jpg)", "date": "2017-01-26 10:37:26", "seriesname": "g131_dcxojwy", "file": "/media/jbrogan4/scratch2/Reddit_Prov_Dataset_v5/_Trump_trying_to_close_his_pen/g131_dcxojwy.jpg", "URL": "http://imgur.com/0kOCI0V.jpg", "fileid": "g131_dcxojwy.jpg"}, {"id": "g131_dcxrtj7", "comment": "[Maybe he shouldn't have invited her](http://i.imgur.com/Lr4fbwt.png)", "date": "2017-01-26 11:39:13", "seriesname": "g131_dcxrtj7", "file": "/media/jbrogan4/scratch2/Reddit_Prov_Dataset_v5/_Trump_trying_to_close_his_pen/g131_dcxrtj7.png", "URL": "http://i.imgur.com/Lr4fbwt.png", "fileid": "g131_dcxrtj7.png"}, {"id": "g131_dcy3hfn", "comment": "https://i.imgur.com/gkG2TBP.jpg", "date": "2017-01-26 15:09:15", "seriesname": "g131_dcy3hfn", "file": "/media/jbrogan4/scratch2/Reddit_Prov_Dataset_v5/_Trump_trying_to_close_his_pen/g131_dcy3hfn.jpg", "URL": "https://i.imgur.com/gkG2TBP.jpg", "fileid": "g131_dcy3hfn.jpg"}, {"id": "g131_dcxmr1i", "comment": "[You wanted it, uh? You got it](http://i.imgur.com/aqbv1m9.jpg)", "date": "2017-01-26 10:00:25", "seriesname": "g131_dcxmr1i", "file": "/media/jbrogan4/scratch2/Reddit_Prov_Dataset_v5/_Trump_trying_to_close_his_pen/g131_dcxmr1i.jpg", "URL": "http://i.imgur.com/aqbv1m9.jpg", "fileid": "g131_dcxmr1i.jpg"}, {"id": "g131_dcxmwy3", "comment": "[He's a monster. Grounds for impeachment.](http://i.imgur.com/Af5b7wE.jpg)", "date": "2017-01-26 10:03:58", "seriesname": "g131_dcxmwy3", "file": "/media/jbrogan4/scratch2/Reddit_Prov_Dataset_v5/_Trump_trying_to_close_his_pen/g131_dcxmwy3.jpg", "URL": "http://i.imgur.com/Af5b7wE.jpg", "fileid": "g131_dcxmwy3.jpg"}, {"id": "g131_dcxkx9x", "comment": "[About to enjoy fine cuisine one last time before the wall goes up.](http://i.imgur.com/oxfkDKr.png)", "date": "2017-01-26 09:18:50", "seriesname": "g131_dcxkx9x", "file": "/media/jbrogan4/scratch2/Reddit_Prov_Dataset_v5/_Trump_trying_to_close_his_pen/g131_dcxkx9x.png", "URL": "http://i.imgur.com/oxfkDKr.png", "fileid": "g131_dcxkx9x.png"}, {"id": "g131_dcxm9ih", "comment": "[I'm a bigly artist](http://i.imgur.com/zctP9GQ.jpg) ", "date": "2017-01-26 09:49:51", "seriesname": "g131_dcxm9ih", "file": "/media/jbrogan4/scratch2/Reddit_Prov_Dataset_v5/_Trump_trying_to_close_his_pen/g131_dcxm9ih.jpg", "URL": "http://i.imgur.com/zctP9GQ.jpg", "fileid": "g131_dcxm9ih.jpg"}, {"id": "g131_dcxr133", "comment": "[sexy education teacher](http://i.imgur.com/TTxHhTT.jpg) I shopped this 3 months ago lol\n\n\n\n", "date": "2017-01-26 11:24:31", "seriesname": "g131_dcxr133", "file": "/media/jbrogan4/scratch2/Reddit_Prov_Dataset_v5/_Trump_trying_to_close_his_pen/g131_dcxr133.jpg", "URL": "http://i.imgur.com/TTxHhTT.jpg", "fileid": "g131_dcxr133.jpg"}, {"id": "g131_dcxluqd", "comment": "http://i.imgur.com/677TcvH.jpg  \n\"Bless the pour\"", "date": "2017-01-26 09:40:40", "seriesname": "g131_dcxluqd", "file": "/media/jbrogan4/scratch2/Reddit_Prov_Dataset_v5/_Trump_trying_to_close_his_pen/g131_dcxluqd.jpg", "URL": "http://i.imgur.com/677TcvH.jpg", "fileid": "g131_dcxluqd.jpg"}, {"id": "g131_dcxoyge", "comment": "[Are those fake hands?](http://i.imgur.com/TrQeGlI.jpg)", "date": "2017-01-26 10:45:19", "seriesname": "g131_dcxoyge", "file": "/media/jbrogan4/scratch2/Reddit_Prov_Dataset_v5/_Trump_trying_to_close_his_pen/g131_dcxoyge.jpg", "URL": "http://i.imgur.com/TrQeGlI.jpg", "fileid": "g131_dcxoyge.jpg"}, {"id": "g131_dcxqfms", "comment": "[***SOON***](http://i.imgur.com/59usn2R.jpg)", "date": "2017-01-26 11:13:28", "seriesname": "g131_dcxqfms", "file": "/media/jbrogan4/scratch2/Reddit_Prov_Dataset_v5/_Trump_trying_to_close_his_pen/g131_dcxqfms.jpg", "URL": "http://i.imgur.com/59usn2R.jpg", "fileid": "g131_dcxqfms.jpg"}, {"id": "g131_dcxzmb6", "comment": "http://imgur.com/U4432XC", "date": "2017-01-26 13:59:15", "seriesname": "g131_dcxzmb6", "file": "/media/jbrogan4/scratch2/Reddit_Prov_Dataset_v5/_Trump_trying_to_close_his_pen/g131_dcxzmb6.png", "URL": "http://i.imgur.com/U4432XC.png", "fileid": "g131_dcxzmb6.png"}, {"id": "g131_dcxv0cl", "comment": "[TRUMP 3Dio Pen Capping ASMR - The Best ASMR, this ASMR is terrific, believe me, there is no problem with my ASMR.](http://i.imgur.com/g7PP1MB.jpg)", "date": "2017-01-26 12:36:46", "seriesname": "g131_dcxv0cl", "file": "/media/jbrogan4/scratch2/Reddit_Prov_Dataset_v5/_Trump_trying_to_close_his_pen/g131_dcxv0cl.jpg", "URL": "http://i.imgur.com/g7PP1MB.jpg", "fileid": "g131_dcxv0cl.jpg"}, {"id": "g131_dcxn61n", "comment": "[Killer](http://i.imgur.com/cKBCrix.png) [nsfw]", "date": "2017-01-26 10:09:22", "seriesname": "g131_dcxn61n", "file": "/media/jbrogan4/scratch2/Reddit_Prov_Dataset_v5/_Trump_trying_to_close_his_pen/g131_dcxn61n.png", "URL": "http://i.imgur.com/cKBCrix.png", "fileid": "g131_dcxn61n.png"}, {"id": "g131_dcxne41", "comment": "[Now *THIS* is Podracing!](http://i.imgur.com/dO29zRq.png)", "date": "2017-01-26 10:13:59", "seriesname": "g131_dcxne41", "file": "/media/jbrogan4/scratch2/Reddit_Prov_Dataset_v5/_Trump_trying_to_close_his_pen/g131_dcxne41.png", "URL": "http://i.imgur.com/dO29zRq.png", "fileid": "g131_dcxne41.png"}, {"id": "g131_dcxma59", "comment": "[Jane quietly observes as Donny attempts to use a human tool](http://i.imgur.com/CXFcZg1.jpg)", "date": "2017-01-26 09:50:13", "seriesname": "g131_dcxma59", "file": "/media/jbrogan4/scratch2/Reddit_Prov_Dataset_v5/_Trump_trying_to_close_his_pen/g131_dcxma59.jpg", "URL": "http://i.imgur.com/CXFcZg1.jpg", "fileid": "g131_dcxma59.jpg"}, {"id": "g131_dcxjt0c", "comment": "http://i.imgur.com/0eIXMwe.png", "date": "2017-01-26 08:49:21", "seriesname": "g131_dcxjt0c", "file": "/media/jbrogan4/scratch2/Reddit_Prov_Dataset_v5/_Trump_trying_to_close_his_pen/g131_dcxjt0c.png", "URL": "http://i.imgur.com/0eIXMwe.png", "fileid": "g131_dcxjt0c.png"}, {"id": "g131_dcykxgj", "comment": "[Safety first](http://imgur.com/JBegqET)", "date": "2017-01-26 20:57:25", "seriesname": "g131_dcykxgj", "file": "/media/jbrogan4/scratch2/Reddit_Prov_Dataset_v5/_Trump_trying_to_close_his_pen/g131_dcykxgj.png", "URL": "http://i.imgur.com/JBegqET.png", "fileid": "g131_dcykxgj.png"}, {"id": "g131_dcxn0aa", "comment": "http://i.imgur.com/EPhGpAD.jpg", "date": "2017-01-26 10:06:00", "seriesname": "g131_dcxn0aa", "file": "/media/jbrogan4/scratch2/Reddit_Prov_Dataset_v5/_Trump_trying_to_close_his_pen/g131_dcxn0aa.jpg", "URL": "http://i.imgur.com/EPhGpAD.jpg", "fileid": "g131_dcxn0aa.jpg"}, {"id": "g131_dcxokz6", "comment": "http://imgur.com/Q92CceN", "date": "2017-01-26 10:38:01", "seriesname": "g131_dcxokz6", "file": "/media/jbrogan4/scratch2/Reddit_Prov_Dataset_v5/_Trump_trying_to_close_his_pen/g131_dcxokz6.png", "URL": "http://i.imgur.com/Q92CceN.png", "fileid": "g131_dcxokz6.png"}, {"id": "g131_dcxrkl6", "comment": "[He has an ACME dynamite kit that's going to blow up in his face. And I'm going to be there when it does](http://imgur.com/eObkrjr)", "date": "2017-01-26 11:34:39", "seriesname": "g131_dcxrkl6", "file": "/media/jbrogan4/scratch2/Reddit_Prov_Dataset_v5/_Trump_trying_to_close_his_pen/g131_dcxrkl6.png", "URL": "http://i.imgur.com/eObkrjr.png", "fileid": "g131_dcxrkl6.png"}, {"id": "g131_dcxkrt2", "comment": "[Creation of Mother Earth](http://imgur.com/PdzufrN)\n\nEDIT: [Probably more accurate](http://imgur.com/a/uMob3)", "date": "2017-01-26 09:14:59", "seriesname": "g131_dcxkrt2", "file": "/media/jbrogan4/scratch2/Reddit_Prov_Dataset_v5/_Trump_trying_to_close_his_pen/g131_dcxkrt2.png", "URL": "http://i.imgur.com/uMob3.png", "fileid": "g131_dcxkrt2.png"}, {"id": "g131_dcxnvey", "comment": "But before that, he has a pen... he has a apple...\n\nhttp://i.imgur.com/lsQ7dmQ.jpg", "date": "2017-01-26 10:23:46", "seriesname": "g131_dcxnvey", "file": "/media/jbrogan4/scratch2/Reddit_Prov_Dataset_v5/_Trump_trying_to_close_his_pen/g131_dcxnvey.jpg", "URL": "http://i.imgur.com/lsQ7dmQ.jpg", "fileid": "g131_dcxnvey.jpg"}, {"id": "g131_dcxjqy2", "comment": "[And missed.](http://i.imgur.com/7V5m37i.png)", "date": "2017-01-26 08:47:47", "seriesname": "g131_dcxjqy2", "file": "/media/jbrogan4/scratch2/Reddit_Prov_Dataset_v5/_Trump_trying_to_close_his_pen/g131_dcxjqy2.png", "URL": "http://i.imgur.com/7V5m37i.png", "fileid": "g131_dcxjqy2.png"}, {"id": "g131_dcxzfg7", "comment": "[They see me rollin', they hatin'](http://i.imgur.com/stsgdn2.jpg)", "date": "2017-01-26 13:55:50", "seriesname": "g131_dcxzfg7", "file": "/media/jbrogan4/scratch2/Reddit_Prov_Dataset_v5/_Trump_trying_to_close_his_pen/g131_dcxzfg7.jpg", "URL": "http://i.imgur.com/stsgdn2.jpg", "fileid": "g131_dcxzfg7.jpg"}, {"id": "g131_dcy65id", "comment": "http://i.imgur.com/DXHBV5W.jpg \n..doompadee do", "date": "2017-01-26 15:57:37", "seriesname": "g131_dcy65id", "file": "/media/jbrogan4/scratch2/Reddit_Prov_Dataset_v5/_Trump_trying_to_close_his_pen/g131_dcy65id.jpg", "URL": "http://i.imgur.com/DXHBV5W.jpg", "fileid": "g131_dcy65id.jpg"}, {"id": "g131_dcxlsyn", "comment": "[Rumour is, he's cooking up a storm in the White House...](http://i.imgur.com/Uy0cOGb.png)", "date": "2017-01-26 09:39:31", "seriesname": "g131_dcxlsyn", "file": "/media/jbrogan4/scratch2/Reddit_Prov_Dataset_v5/_Trump_trying_to_close_his_pen/g131_dcxlsyn.png", "URL": "http://i.imgur.com/Uy0cOGb.png", "fileid": "g131_dcxlsyn.png"}, {"id": "g131_dcy2qa7", "comment": "Putin vs Trump : http://m.imgur.com/SxNaNQL", "date": "2017-01-26 14:55:27", "seriesname": "g131_dcy2qa7", "file": "/media/jbrogan4/scratch2/Reddit_Prov_Dataset_v5/_Trump_trying_to_close_his_pen/g131_dcy2qa7.png", "URL": "http://i.imgur.com/SxNaNQL.png", "fileid": "g131_dcy2qa7.png"}, {"id": "g131_dcxorkl", "comment": "[Anyways, here's Wonderwall](http://imgur.com/FFog8ZJ)", "date": "2017-01-26 10:41:38", "seriesname": "g131_dcxorkl", "file": "/media/jbrogan4/scratch2/Reddit_Prov_Dataset_v5/_Trump_trying_to_close_his_pen/g131_dcxorkl.png", "URL": "http://i.imgur.com/FFog8ZJ.png", "fileid": "g131_dcxorkl.png"}, {"id": "g131_dcxn9uq", "comment": "Alec (as Trump) vs. Rosie http://i.imgur.com/4FTE1BP.jpg ", "date": "2017-01-26 10:11:35", "seriesname": "g131_dcxn9uq", "file": "/media/jbrogan4/scratch2/Reddit_Prov_Dataset_v5/_Trump_trying_to_close_his_pen/g131_dcxn9uq.jpg", "URL": "http://i.imgur.com/4FTE1BP.jpg", "fileid": "g131_dcxn9uq.jpg"}, {"id": "g131_root", "comment": "", "date": "2017-01-26 05:15:17", "seriesname": "g131_root", "file": "/media/jbrogan4/scratch2/Reddit_Prov_Dataset_v5/_Trump_trying_to_close_his_pen/g131_root.png", "URL": "http://i.imgur.com/k3MU7aW.png", "fileid": "g131_root.png"}, {"id": "g131_dcxpbjo", "comment": "[Trump and The Constitution.](https://pbs.twimg.com/media/C3G6xfFXUAEQYUw.jpg)", "date": "2017-01-26 10:52:22", "seriesname": "g131_dcxpbjo", "file": "/media/jbrogan4/scratch2/Reddit_Prov_Dataset_v5/_Trump_trying_to_close_his_pen/g131_dcxpbjo.jpg", "URL": "https://pbs.twimg.com/media/C3G6xfFXUAEQYUw.jpg", "fileid": "g131_dcxpbjo.jpg"}, {"id": "g131_dcxtg89", "comment": "[i litterally made the same thing](http://i.imgur.com/5ZjFUiL.jpg) :D\n\nedit: fixed link", "date": "2017-01-26 12:08:51", "seriesname": "g131_dcxtg89", "file": "/media/jbrogan4/scratch2/Reddit_Prov_Dataset_v5/_Trump_trying_to_close_his_pen/g131_dcxtg89.jpg", "URL": "http://i.imgur.com/5ZjFUiL.jpg", "fileid": "g131_dcxtg89.jpg"}, {"id": "g131_dcxrs30", "comment": "http://imgur.com/5OBjtca \nDios mio my steak mucho delicioso !", "date": "2017-01-26 11:38:28", "seriesname": "g131_dcxrs30", "file": "/media/jbrogan4/scratch2/Reddit_Prov_Dataset_v5/_Trump_trying_to_close_his_pen/g131_dcxrs30.png", "URL": "http://i.imgur.com/5OBjtca.png", "fileid": "g131_dcxrs30.png"}, {"id": "g131_dcxljkm", "comment": "Great minds - [I was just delayed!](http://i.imgur.com/nsmqmkm.png)", "date": "2017-01-26 09:33:32", "seriesname": "g131_dcxljkm", "file": "/media/jbrogan4/scratch2/Reddit_Prov_Dataset_v5/_Trump_trying_to_close_his_pen/g131_dcxljkm.png", "URL": "http://i.imgur.com/nsmqmkm.png", "fileid": "g131_dcxljkm.png"}, {"id": "g131_dcxy174", "comment": "[The struggle continues](http://i.imgur.com/S3mVjz4.png)", "date": "2017-01-26 13:30:45", "seriesname": "g131_dcxy174", "file": "/media/jbrogan4/scratch2/Reddit_Prov_Dataset_v5/_Trump_trying_to_close_his_pen/g131_dcxy174.png", "URL": "http://i.imgur.com/S3mVjz4.png", "fileid": "g131_dcxy174.png"}, {"id": "g131_dcxikew", "comment": "http://i.imgur.com/uMJSLjg.jpg", "date": "2017-01-26 08:13:43", "seriesname": "g131_dcxikew", "file": "/media/jbrogan4/scratch2/Reddit_Prov_Dataset_v5/_Trump_trying_to_close_his_pen/g131_dcxikew.jpg", "URL": "http://i.imgur.com/uMJSLjg.jpg", "fileid": "g131_dcxikew.jpg"}, {"id": "g131_dcxjm0y", "comment": "[Lift those weights](http://i.imgur.com/DMPwuOi.png)", "date": "2017-01-26 08:44:04", "seriesname": "g131_dcxjm0y", "file": "/media/jbrogan4/scratch2/Reddit_Prov_Dataset_v5/_Trump_trying_to_close_his_pen/g131_dcxjm0y.png", "URL": "http://i.imgur.com/DMPwuOi.png", "fileid": "g131_dcxjm0y.png"}, {"id": "g131_dcyo6mj", "comment": "Nobody interrupts [playtime](http://i.imgur.com/emuh9c8.jpg)", "date": "2017-01-26 22:11:13", "seriesname": "g131_dcyo6mj", "file": "/media/jbrogan4/scratch2/Reddit_Prov_Dataset_v5/_Trump_trying_to_close_his_pen/g131_dcyo6mj.jpg", "URL": "http://i.imgur.com/emuh9c8.jpg", "fileid": "g131_dcyo6mj.jpg"}, {"id": "g131_dcxi7vu", "comment": "[It's a trap!](http://i.imgur.com/4436HAD.jpg)", "date": "2017-01-26 08:02:29", "seriesname": "g131_dcxi7vu", "file": "/media/jbrogan4/scratch2/Reddit_Prov_Dataset_v5/_Trump_trying_to_close_his_pen/g131_dcxi7vu.jpg", "URL": "http://i.imgur.com/4436HAD.jpg", "fileid": "g131_dcxi7vu.jpg"}, {"id": "g131_dcxlzyo", "comment": "[Practicing for the big trip to China](http://i.imgur.com/fLMc94H.png)", "date": "2017-01-26 09:43:56", "seriesname": "g131_dcxlzyo", "file": "/media/jbrogan4/scratch2/Reddit_Prov_Dataset_v5/_Trump_trying_to_close_his_pen/g131_dcxlzyo.png", "URL": "http://i.imgur.com/fLMc94H.png", "fileid": "g131_dcxlzyo.png"}, {"id": "g131_dcy3wwo", "comment": "http://i.imgur.com/qMEwlJK.gif", "date": "2017-01-26 15:17:10", "seriesname": "g131_dcy3wwo", "file": "/media/jbrogan4/scratch2/Reddit_Prov_Dataset_v5/_Trump_trying_to_close_his_pen/g131_dcy3wwo.jpg", "URL": "http://i.imgur.com/qMEwlJK.gif", "fileid": "g131_dcy3wwo.gif"}, {"id": "g131_dcy0zp2", "comment": "[\"Let's see if they make fun of my hair NOW!!!\"](http://i.imgur.com/qKJgch0.jpg)", "date": "2017-01-26 14:24:06", "seriesname": "g131_dcy0zp2", "file": "/media/jbrogan4/scratch2/Reddit_Prov_Dataset_v5/_Trump_trying_to_close_his_pen/g131_dcy0zp2.jpg", "URL": "http://i.imgur.com/qKJgch0.jpg", "fileid": "g131_dcy0zp2.jpg"}, {"id": "g131_dcy0los", "comment": "But why in the world is the woman in the dress behind him wearing [dog tags](https://i.imgur.com/qh2FMSQ.png) ", "date": "2017-01-26 14:17:08", "seriesname": "g131_dcy0los", "file": "/media/jbrogan4/scratch2/Reddit_Prov_Dataset_v5/_Trump_trying_to_close_his_pen/g131_dcy0los.png", "URL": "https://i.imgur.com/qh2FMSQ.png", "fileid": "g131_dcy0los.png"}, {"id": "g131_dcyapo2", "comment": "[Mad &amp; Boujee](http://i.imgur.com/qkPC5FM.png)", "date": "2017-01-26 17:21:22", "seriesname": "g131_dcyapo2", "file": "/media/jbrogan4/scratch2/Reddit_Prov_Dataset_v5/_Trump_trying_to_close_his_pen/g131_dcyapo2.png", "URL": "http://i.imgur.com/qkPC5FM.png", "fileid": "g131_dcyapo2.png"}], "graph": {"name": "g131_root"}, "directed": true}