{"links": [{"op": "none", "target": 0, "source": 24}, {"op": "none", "target": 1, "source": 59}, {"op": "none", "target": 2, "source": 59}, {"op": "none", "target": 3, "source": 59}, {"op": "none", "target": 4, "source": 15}, {"op": "none", "target": 5, "source": 59}, {"op": "none", "target": 6, "source": 59}, {"op": "none", "target": 7, "source": 59}, {"op": "none", "target": 8, "source": 59}, {"op": "none", "target": 9, "source": 59}, {"op": "none", "target": 10, "source": 59}, {"op": "none", "target": 11, "source": 48}, {"op": "none", "target": 12, "source": 59}, {"op": "none", "target": 13, "source": 59}, {"op": "none", "target": 14, "source": 59}, {"op": "none", "target": 15, "source": 22}, {"op": "none", "target": 16, "source": 54}, {"op": "none", "target": 17, "source": 11}, {"op": "none", "target": 18, "source": 59}, {"op": "none", "target": 19, "source": 59}, {"op": "none", "target": 20, "source": 37}, {"op": "none", "target": 21, "source": 59}, {"op": "none", "target": 22, "source": 59}, {"op": "none", "target": 23, "source": 26}, {"op": "none", "target": 24, "source": 57}, {"op": "none", "target": 25, "source": 59}, {"op": "none", "target": 26, "source": 4}, {"op": "none", "target": 27, "source": 13}, {"op": "none", "target": 28, "source": 59}, {"op": "none", "target": 29, "source": 59}, {"op": "none", "target": 30, "source": 32}, {"op": "none", "target": 31, "source": 17}, {"op": "none", "target": 32, "source": 59}, {"op": "none", "target": 33, "source": 59}, {"op": "none", "target": 34, "source": 23}, {"op": "none", "target": 35, "source": 59}, {"op": "none", "target": 36, "source": 20}, {"op": "none", "target": 37, "source": 53}, {"op": "none", "target": 38, "source": 59}, {"op": "none", "target": 39, "source": 59}, {"op": "none", "target": 40, "source": 59}, {"op": "none", "target": 41, "source": 59}, {"op": "none", "target": 42, "source": 59}, {"op": "none", "target": 43, "source": 15}, {"op": "none", "target": 44, "source": 59}, {"op": "none", "target": 45, "source": 26}, {"op": "none", "target": 46, "source": 59}, {"op": "none", "target": 47, "source": 59}, {"op": "none", "target": 48, "source": 43}, {"op": "none", "target": 49, "source": 59}, {"op": "none", "target": 50, "source": 59}, {"op": "none", "target": 51, "source": 59}, {"op": "none", "target": 52, "source": 59}, {"op": "none", "target": 53, "source": 5}, {"op": "none", "target": 54, "source": 59}, {"op": "none", "target": 55, "source": 59}, {"op": "none", "target": 56, "source": 59}, {"op": "none", "target": 57, "source": 31}, {"op": "none", "target": 58, "source": 59}, {"op": "none", "target": 60, "source": 59}, {"op": "none", "target": 61, "source": 59}], "title": "_Dog_with_Cat_mask", "nodes": [{"id": "g1320_cua9xxu", "comment": "http://i.imgur.com/rYdj5sN.png", "date": "2015-08-20 23:15:13", "seriesname": "g1320_cua9xxu", "file": "/media/jbrogan4/scratch2/Reddit_Prov_Dataset_v6/_Dog_with_Cat_mask/g1320_cua9xxu.png", "URL": "http://i.imgur.com/rYdj5sN.png", "fileid": "g1320_cua9xxu.png"}, {"id": "g1320_cu9gg20", "comment": "[In order to fit in with his friends, Buddy paid just a little more for an upgrade](http://i.imgur.com/vlnLfZ5.jpeg)", "date": "2015-08-20 09:53:37", "seriesname": "g1320_cu9gg20", "file": "/media/jbrogan4/scratch2/Reddit_Prov_Dataset_v6/_Dog_with_Cat_mask/g1320_cu9gg20.jpg", "URL": "http://i.imgur.com/vlnLfZ5.jpeg", "fileid": "g1320_cu9gg20.jpeg"}, {"id": "g1320_cu9fo5q", "comment": "[I never really was on your side.](http://i.imgur.com/kdFfYk6.jpg)", "date": "2015-08-20 09:27:47", "seriesname": "g1320_cu9fo5q", "file": "/media/jbrogan4/scratch2/Reddit_Prov_Dataset_v6/_Dog_with_Cat_mask/g1320_cu9fo5q.jpg", "URL": "http://i.imgur.com/kdFfYk6.jpg", "fileid": "g1320_cu9fo5q.jpg"}, {"id": "g1320_cu9lmfi", "comment": "[I tried](http://imgur.com/XPVI8iJ)", "date": "2015-08-20 12:11:41", "seriesname": "g1320_cu9lmfi", "file": "/media/jbrogan4/scratch2/Reddit_Prov_Dataset_v6/_Dog_with_Cat_mask/g1320_cu9lmfi.png", "URL": "http://i.imgur.com/XPVI8iJ.png", "fileid": "g1320_cu9lmfi.png"}, {"id": "g1320_cu9j3c3", "comment": "[**SECRET BOSS UNLOCKED!**](http://i.imgur.com/5066kAa.jpg)", "date": "2015-08-20 11:08:27", "seriesname": "g1320_cu9j3c3", "file": "/media/jbrogan4/scratch2/Reddit_Prov_Dataset_v6/_Dog_with_Cat_mask/g1320_cu9j3c3.jpg", "URL": "http://i.imgur.com/5066kAa.jpg", "fileid": "g1320_cu9j3c3.jpg"}, {"id": "g1320_cu9e95u", "comment": "[Infiltrate](http://i.imgur.com/j57Fun4.png)", "date": "2015-08-20 08:34:47", "seriesname": "g1320_cu9e95u", "file": "/media/jbrogan4/scratch2/Reddit_Prov_Dataset_v6/_Dog_with_Cat_mask/g1320_cu9e95u.png", "URL": "http://i.imgur.com/j57Fun4.png", "fileid": "g1320_cu9e95u.png"}, {"id": "g1320_cu9jsgb", "comment": "[Double disguise](http://i.imgur.com/B0alASc.jpg)", "date": "2015-08-20 11:26:08", "seriesname": "g1320_cu9jsgb", "file": "/media/jbrogan4/scratch2/Reddit_Prov_Dataset_v6/_Dog_with_Cat_mask/g1320_cu9jsgb.jpg", "URL": "http://i.imgur.com/B0alASc.jpg", "fileid": "g1320_cu9jsgb.jpg"}, {"id": "g1320_cu9fma3", "comment": "[I Never Really Was Manns Best Friend](http://i.imgur.com/h4UJJ09.jpg)", "date": "2015-08-20 09:25:56", "seriesname": "g1320_cu9fma3", "file": "/media/jbrogan4/scratch2/Reddit_Prov_Dataset_v6/_Dog_with_Cat_mask/g1320_cu9fma3.jpg", "URL": "http://i.imgur.com/h4UJJ09.jpg", "fileid": "g1320_cu9fma3.jpg"}, {"id": "g1320_cu9jip3", "comment": "[I find your lack of food disturbing](http://i.imgur.com/xPUe7FH.jpg)", "date": "2015-08-20 11:19:21", "seriesname": "g1320_cu9jip3", "file": "/media/jbrogan4/scratch2/Reddit_Prov_Dataset_v6/_Dog_with_Cat_mask/g1320_cu9jip3.jpg", "URL": "http://i.imgur.com/xPUe7FH.jpg", "fileid": "g1320_cu9jip3.jpg"}, {"id": "g1320_cu9jvrx", "comment": "[the GBBO lion has arrived](http://imgur.com/Hll7I19)", "date": "2015-08-20 11:28:25", "seriesname": "g1320_cu9jvrx", "file": "/media/jbrogan4/scratch2/Reddit_Prov_Dataset_v6/_Dog_with_Cat_mask/g1320_cu9jvrx.png", "URL": "http://i.imgur.com/Hll7I19.png", "fileid": "g1320_cu9jvrx.png"}, {"id": "g1320_cu9ipy6", "comment": "[I haven't entered on of these in ... years?](http://i.imgur.com/4jby74P.jpg)", "date": "2015-08-20 10:58:45", "seriesname": "g1320_cu9ipy6", "file": "/media/jbrogan4/scratch2/Reddit_Prov_Dataset_v6/_Dog_with_Cat_mask/g1320_cu9ipy6.jpg", "URL": "http://i.imgur.com/4jby74P.jpg", "fileid": "g1320_cu9ipy6.jpg"}, {"id": "g1320_cu9mj8h", "comment": "http://i.imgur.com/meoxvkV.png", "date": "2015-08-20 12:33:55", "seriesname": "g1320_cu9mj8h", "file": "/media/jbrogan4/scratch2/Reddit_Prov_Dataset_v6/_Dog_with_Cat_mask/g1320_cu9mj8h.png", "URL": "http://i.imgur.com/meoxvkV.png", "fileid": "g1320_cu9mj8h.png"}, {"id": "g1320_cu9hy2e", "comment": "[Because you were home.](http://i.imgur.com/8bRpVQF.jpg)", "date": "2015-08-20 10:38:06", "seriesname": "g1320_cu9hy2e", "file": "/media/jbrogan4/scratch2/Reddit_Prov_Dataset_v6/_Dog_with_Cat_mask/g1320_cu9hy2e.jpg", "URL": "http://i.imgur.com/8bRpVQF.jpg", "fileid": "g1320_cu9hy2e.jpg"}, {"id": "g1320_cu9gwvw", "comment": "[The Purge](http://i.imgur.com/wJXN64Q.gif)", "date": "2015-08-20 10:08:19", "seriesname": "g1320_cu9gwvw", "file": "/media/jbrogan4/scratch2/Reddit_Prov_Dataset_v6/_Dog_with_Cat_mask/g1320_cu9gwvw.jpg", "URL": "http://i.imgur.com/wJXN64Q.gif", "fileid": "g1320_cu9gwvw.gif"}, {"id": "g1320_cu9jenu", "comment": "[Everybody wants to be a cat.](http://i.imgur.com/cTPDfQV.png)", "date": "2015-08-20 11:16:29", "seriesname": "g1320_cu9jenu", "file": "/media/jbrogan4/scratch2/Reddit_Prov_Dataset_v6/_Dog_with_Cat_mask/g1320_cu9jenu.png", "URL": "http://i.imgur.com/cTPDfQV.png", "fileid": "g1320_cu9jenu.png"}, {"id": "g1320_cu9hvql", "comment": "http://i.imgur.com/CSWGps4.jpg", "date": "2015-08-20 10:36:22", "seriesname": "g1320_cu9hvql", "file": "/media/jbrogan4/scratch2/Reddit_Prov_Dataset_v6/_Dog_with_Cat_mask/g1320_cu9hvql.jpg", "URL": "http://i.imgur.com/CSWGps4.jpg", "fileid": "g1320_cu9hvql.jpg"}, {"id": "g1320_cu9xqae", "comment": "[Just for you, my friend.](http://i.imgur.com/dsiIOyB.jpg)", "date": "2015-08-20 17:11:49", "seriesname": "g1320_cu9xqae", "file": "/media/jbrogan4/scratch2/Reddit_Prov_Dataset_v6/_Dog_with_Cat_mask/g1320_cu9xqae.jpg", "URL": "http://i.imgur.com/dsiIOyB.jpg", "fileid": "g1320_cu9xqae.jpg"}, {"id": "g1320_cu9pmh8", "comment": "[http://i.imgur.com/kBc5s3p.png](http://i.imgur.com/kBc5s3p.png)\n\nEdit: Making this actually gave me a headache.", "date": "2015-08-20 13:49:43", "seriesname": "g1320_cu9pmh8", "file": "/media/jbrogan4/scratch2/Reddit_Prov_Dataset_v6/_Dog_with_Cat_mask/g1320_cu9pmh8.png", "URL": "http://i.imgur.com/kBc5s3p.png](http://i.imgur.com/kBc5s3p.png", "fileid": "g1320_cu9pmh8.png"}, {"id": "g1320_cu9gvi4", "comment": "[Jason\n](http://i.imgur.com/BDrUgit.png)", "date": "2015-08-20 10:07:07", "seriesname": "g1320_cu9gvi4", "file": "/media/jbrogan4/scratch2/Reddit_Prov_Dataset_v6/_Dog_with_Cat_mask/g1320_cu9gvi4.png", "URL": "http://i.imgur.com/BDrUgit.png", "fileid": "g1320_cu9gvi4.png"}, {"id": "g1320_cu9i132", "comment": "[Double bluf](http://i.imgur.com/KgMOQcs.gif)", "date": "2015-08-20 10:40:20", "seriesname": "g1320_cu9i132", "file": "/media/jbrogan4/scratch2/Reddit_Prov_Dataset_v6/_Dog_with_Cat_mask/g1320_cu9i132.jpg", "URL": "http://i.imgur.com/KgMOQcs.gif", "fileid": "g1320_cu9i132.gif"}, {"id": "g1320_cu9fxeo", "comment": "[What do you mean \"sex party\", deary?](http://i.imgur.com/TknVLqP.jpg)", "date": "2015-08-20 09:36:32", "seriesname": "g1320_cu9fxeo", "file": "/media/jbrogan4/scratch2/Reddit_Prov_Dataset_v6/_Dog_with_Cat_mask/g1320_cu9fxeo.jpg", "URL": "http://i.imgur.com/TknVLqP.jpg", "fileid": "g1320_cu9fxeo.jpg"}, {"id": "g1320_cu9gnh4", "comment": "[Clown's best friend](http://i.imgur.com/VokPNvR.png)", "date": "2015-08-20 10:00:06", "seriesname": "g1320_cu9gnh4", "file": "/media/jbrogan4/scratch2/Reddit_Prov_Dataset_v6/_Dog_with_Cat_mask/g1320_cu9gnh4.png", "URL": "http://i.imgur.com/VokPNvR.png", "fileid": "g1320_cu9gnh4.png"}, {"id": "g1320_cu9etuy", "comment": "[Round 2, FIGHT](http://i.imgur.com/zknR8Tl.jpg)", "date": "2015-08-20 08:57:58", "seriesname": "g1320_cu9etuy", "file": "/media/jbrogan4/scratch2/Reddit_Prov_Dataset_v6/_Dog_with_Cat_mask/g1320_cu9etuy.jpg", "URL": "http://i.imgur.com/zknR8Tl.jpg", "fileid": "g1320_cu9etuy.jpg"}, {"id": "g1320_cu9kw48", "comment": "http://i.imgur.com/b6HZBYB.gif", "date": "2015-08-20 11:53:31", "seriesname": "g1320_cu9kw48", "file": "/media/jbrogan4/scratch2/Reddit_Prov_Dataset_v6/_Dog_with_Cat_mask/g1320_cu9kw48.jpg", "URL": "http://i.imgur.com/b6HZBYB.gif", "fileid": "g1320_cu9kw48.gif"}, {"id": "g1320_cu9t43b", "comment": "Guys calm down! http://i.imgur.com/qCbGMA6.png", "date": "2015-08-20 15:16:22", "seriesname": "g1320_cu9t43b", "file": "/media/jbrogan4/scratch2/Reddit_Prov_Dataset_v6/_Dog_with_Cat_mask/g1320_cu9t43b.png", "URL": "http://i.imgur.com/qCbGMA6.png", "fileid": "g1320_cu9t43b.png"}, {"id": "g1320_cu9ja23", "comment": "[I should buy a boat](http://i.imgur.com/hrJwumr.png)", "date": "2015-08-20 11:13:10", "seriesname": "g1320_cu9ja23", "file": "/media/jbrogan4/scratch2/Reddit_Prov_Dataset_v6/_Dog_with_Cat_mask/g1320_cu9ja23.png", "URL": "http://i.imgur.com/hrJwumr.png", "fileid": "g1320_cu9ja23.png"}, {"id": "g1320_cu9jyc0", "comment": "[reinforcement](http://i.imgur.com/i8G3FAA.png)", "date": "2015-08-20 11:30:11", "seriesname": "g1320_cu9jyc0", "file": "/media/jbrogan4/scratch2/Reddit_Prov_Dataset_v6/_Dog_with_Cat_mask/g1320_cu9jyc0.png", "URL": "http://i.imgur.com/i8G3FAA.png", "fileid": "g1320_cu9jyc0.png"}, {"id": "g1320_cu9znb6", "comment": "Oh wow I had the same idea haha\n[You have one hour to get him to us](http://i.imgur.com/57RBJmR.jpg)", "date": "2015-08-20 18:02:25", "seriesname": "g1320_cu9znb6", "file": "/media/jbrogan4/scratch2/Reddit_Prov_Dataset_v6/_Dog_with_Cat_mask/g1320_cu9znb6.jpg", "URL": "http://i.imgur.com/57RBJmR.jpg", "fileid": "g1320_cu9znb6.jpg"}, {"id": "g1320_cu9hpjo", "comment": "[I made Hellhound](http://imgur.com/W1wWFkO)", "date": "2015-08-20 10:31:30", "seriesname": "g1320_cu9hpjo", "file": "/media/jbrogan4/scratch2/Reddit_Prov_Dataset_v6/_Dog_with_Cat_mask/g1320_cu9hpjo.png", "URL": "http://i.imgur.com/W1wWFkO.png", "fileid": "g1320_cu9hpjo.png"}, {"id": "g1320_cu9khv1", "comment": "[A puppet that can no longer be used is mere garbage. This puppet's role has just ended....](http://i.imgur.com/hlnKGLs.jpg)", "date": "2015-08-20 11:43:45", "seriesname": "g1320_cu9khv1", "file": "/media/jbrogan4/scratch2/Reddit_Prov_Dataset_v6/_Dog_with_Cat_mask/g1320_cu9khv1.jpg", "URL": "http://i.imgur.com/hlnKGLs.jpg", "fileid": "g1320_cu9khv1.jpg"}, {"id": "g1320_cu9vu98", "comment": "Nice one. I was working on an image like this in Paint, since the computer I'm on doesn't have Photoshop and I really wanted to do a reference to this. Glad someone could actually do it justice. [Here's my terrible attempt at it.](http://i.imgur.com/xZFXp9n.png) Figured I might as well share it since it's finished. Forgive me, Stanley Kubrick.", "date": "2015-08-20 16:24:08", "seriesname": "g1320_cu9vu98", "file": "/media/jbrogan4/scratch2/Reddit_Prov_Dataset_v6/_Dog_with_Cat_mask/g1320_cu9vu98.png", "URL": "http://i.imgur.com/xZFXp9n.png", "fileid": "g1320_cu9vu98.png"}, {"id": "g1320_cu9sjp7", "comment": "[Brain melted yet?](http://i.imgur.com/qX9bM07.jpg)", "date": "2015-08-20 15:02:11", "seriesname": "g1320_cu9sjp7", "file": "/media/jbrogan4/scratch2/Reddit_Prov_Dataset_v6/_Dog_with_Cat_mask/g1320_cu9sjp7.jpg", "URL": "http://i.imgur.com/qX9bM07.jpg", "fileid": "g1320_cu9sjp7.jpg"}, {"id": "g1320_cu9fcg8", "comment": "[Fidolio](http://i.imgur.com/jdDXMwK.png)", "date": "2015-08-20 09:16:35", "seriesname": "g1320_cu9fcg8", "file": "/media/jbrogan4/scratch2/Reddit_Prov_Dataset_v6/_Dog_with_Cat_mask/g1320_cu9fcg8.png", "URL": "http://i.imgur.com/jdDXMwK.png", "fileid": "g1320_cu9fcg8.png"}, {"id": "g1320_cu9fv2k", "comment": "[Fooling the Fat Cats](http://i.imgur.com/Fs1NlZj.jpg)", "date": "2015-08-20 09:34:21", "seriesname": "g1320_cu9fv2k", "file": "/media/jbrogan4/scratch2/Reddit_Prov_Dataset_v6/_Dog_with_Cat_mask/g1320_cu9fv2k.jpg", "URL": "http://i.imgur.com/Fs1NlZj.jpg", "fileid": "g1320_cu9fv2k.jpg"}, {"id": "g1320_cu9ng0f", "comment": "[This is MY house!](http://i.imgur.com/3lfMw3M.gif)", "date": "2015-08-20 12:56:08", "seriesname": "g1320_cu9ng0f", "file": "/media/jbrogan4/scratch2/Reddit_Prov_Dataset_v6/_Dog_with_Cat_mask/g1320_cu9ng0f.jpg", "URL": "http://i.imgur.com/3lfMw3M.gif", "fileid": "g1320_cu9ng0f.gif"}, {"id": "g1320_cu9gagx", "comment": "[They are the heroes Gotham deserves, but not the ones it needs right now.](http://i.imgur.com/C7R9k3l.jpg)", "date": "2015-08-20 09:48:33", "seriesname": "g1320_cu9gagx", "file": "/media/jbrogan4/scratch2/Reddit_Prov_Dataset_v6/_Dog_with_Cat_mask/g1320_cu9gagx.jpg", "URL": "http://i.imgur.com/C7R9k3l.jpg", "fileid": "g1320_cu9gagx.jpg"}, {"id": "g1320_cu9gye4", "comment": "I started out on this then realised about 5 minutes in that what I conceptualised was utterly ridiculous and moreso impossible within the time frame. Decided to attempt it anyway, don't judge.\n\n[http://i.imgur.com/h67wRMf.png](http://i.imgur.com/h67wRMf.png)", "date": "2015-08-20 10:09:35", "seriesname": "g1320_cu9gye4", "file": "/media/jbrogan4/scratch2/Reddit_Prov_Dataset_v6/_Dog_with_Cat_mask/g1320_cu9gye4.png", "URL": "http://i.imgur.com/h67wRMf.png](http://i.imgur.com/h67wRMf.png", "fileid": "g1320_cu9gye4.png"}, {"id": "g1320_cu9fmf9", "comment": "[You are ever so kind, deary](http://i.imgur.com/QHAELC2.png)", "date": "2015-08-20 09:26:05", "seriesname": "g1320_cu9fmf9", "file": "/media/jbrogan4/scratch2/Reddit_Prov_Dataset_v6/_Dog_with_Cat_mask/g1320_cu9fmf9.png", "URL": "http://i.imgur.com/QHAELC2.png", "fileid": "g1320_cu9fmf9.png"}, {"id": "g1320_cu9kaa2", "comment": "[I'm in!](http://i.imgur.com/WwpE90V.jpg)", "date": "2015-08-20 11:38:34", "seriesname": "g1320_cu9kaa2", "file": "/media/jbrogan4/scratch2/Reddit_Prov_Dataset_v6/_Dog_with_Cat_mask/g1320_cu9kaa2.jpg", "URL": "http://i.imgur.com/WwpE90V.jpg", "fileid": "g1320_cu9kaa2.jpg"}, {"id": "g1320_cu9flem", "comment": "[The one thing Assassin's Creed Brotherhood lacked](http://i.imgur.com/vF7vx3K.jpg)", "date": "2015-08-20 09:25:06", "seriesname": "g1320_cu9flem", "file": "/media/jbrogan4/scratch2/Reddit_Prov_Dataset_v6/_Dog_with_Cat_mask/g1320_cu9flem.jpg", "URL": "http://i.imgur.com/vF7vx3K.jpg", "fileid": "g1320_cu9flem.jpg"}, {"id": "g1320_cu9eb5r", "comment": "\n[\u201cBehind this mask there is more than just flesh. Beneath this mask there is an idea... and ideas are bulletproof.\u201d](http://i.imgur.com/rEr1Jlt.jpg)", "date": "2015-08-20 08:37:11", "seriesname": "g1320_cu9eb5r", "file": "/media/jbrogan4/scratch2/Reddit_Prov_Dataset_v6/_Dog_with_Cat_mask/g1320_cu9eb5r.jpg", "URL": "http://i.imgur.com/rEr1Jlt.jpg", "fileid": "g1320_cu9eb5r.jpg"}, {"id": "g1320_cu9dspb", "comment": "[Grumpy Dog](http://i.imgur.com/0kxCHAz.jpg)", "date": "2015-08-20 08:14:47", "seriesname": "g1320_cu9dspb", "file": "/media/jbrogan4/scratch2/Reddit_Prov_Dataset_v6/_Dog_with_Cat_mask/g1320_cu9dspb.jpg", "URL": "http://i.imgur.com/0kxCHAz.jpg", "fileid": "g1320_cu9dspb.jpg"}, {"id": "g1320_cu9p50g", "comment": "[What's more normal than a sheep on the beach? A sheep on a beach w/ a dog wearing a cat mask and the sheep wearing the same cat mask, duh.](http://i.imgur.com/4akr3F3.jpg)", "date": "2015-08-20 13:37:36", "seriesname": "g1320_cu9p50g", "file": "/media/jbrogan4/scratch2/Reddit_Prov_Dataset_v6/_Dog_with_Cat_mask/g1320_cu9p50g.jpg", "URL": "http://i.imgur.com/4akr3F3.jpg", "fileid": "g1320_cu9p50g.jpg"}, {"id": "g1320_cu9ir5q", "comment": "http://i.imgur.com/L1qPXEj.jpg", "date": "2015-08-20 10:59:39", "seriesname": "g1320_cu9ir5q", "file": "/media/jbrogan4/scratch2/Reddit_Prov_Dataset_v6/_Dog_with_Cat_mask/g1320_cu9ir5q.jpg", "URL": "http://i.imgur.com/L1qPXEj.jpg", "fileid": "g1320_cu9ir5q.jpg"}, {"id": "g1320_cu9sokh", "comment": "[\"Every nerve ending, all of my senses, the blood in my vains, everything i had was screaming, take off, man take off, get the fuck outta there!\"](http://imgur.com/C4xDgM8)", "date": "2015-08-20 15:05:31", "seriesname": "g1320_cu9sokh", "file": "/media/jbrogan4/scratch2/Reddit_Prov_Dataset_v6/_Dog_with_Cat_mask/g1320_cu9sokh.png", "URL": "http://i.imgur.com/C4xDgM8.png", "fileid": "g1320_cu9sokh.png"}, {"id": "g1320_cu9xhy1", "comment": "[FTFY](http://i.imgur.com/njvktEr.jpg)", "date": "2015-08-20 17:05:47", "seriesname": "g1320_cu9xhy1", "file": "/media/jbrogan4/scratch2/Reddit_Prov_Dataset_v6/_Dog_with_Cat_mask/g1320_cu9xhy1.jpg", "URL": "http://i.imgur.com/njvktEr.jpg", "fileid": "g1320_cu9xhy1.jpg"}, {"id": "g1320_cu9l2ll", "comment": "[DAWG SAPPIN MAH FOOD DISPENSER!] (http://imgur.com/0FT6juE)", "date": "2015-08-20 11:57:54", "seriesname": "g1320_cu9l2ll", "file": "/media/jbrogan4/scratch2/Reddit_Prov_Dataset_v6/_Dog_with_Cat_mask/g1320_cu9l2ll.png", "URL": "http://i.imgur.com/0FT6juE.png", "fileid": "g1320_cu9l2ll.png"}, {"id": "g1320_cu9zsbd", "comment": "http://i.imgur.com/2GrKMG9.jpg", "date": "2015-08-20 18:06:17", "seriesname": "g1320_cu9zsbd", "file": "/media/jbrogan4/scratch2/Reddit_Prov_Dataset_v6/_Dog_with_Cat_mask/g1320_cu9zsbd.jpg", "URL": "http://i.imgur.com/2GrKMG9.jpg", "fileid": "g1320_cu9zsbd.jpg"}, {"id": "g1320_cu9jx9a", "comment": "http://i.imgur.com/LYFH8Rh.png", "date": "2015-08-20 11:29:25", "seriesname": "g1320_cu9jx9a", "file": "/media/jbrogan4/scratch2/Reddit_Prov_Dataset_v6/_Dog_with_Cat_mask/g1320_cu9jx9a.png", "URL": "http://i.imgur.com/LYFH8Rh.png", "fileid": "g1320_cu9jx9a.png"}, {"id": "g1320_cu9eg7v", "comment": "http://i.imgur.com/TeL7KxU.png", "date": "2015-08-20 08:43:01", "seriesname": "g1320_cu9eg7v", "file": "/media/jbrogan4/scratch2/Reddit_Prov_Dataset_v6/_Dog_with_Cat_mask/g1320_cu9eg7v.png", "URL": "http://i.imgur.com/TeL7KxU.png", "fileid": "g1320_cu9eg7v.png"}, {"id": "g1320_cu9f2jq", "comment": "[Maybe they won't notice...](http://i.imgur.com/HbwSLPj.jpg)", "date": "2015-08-20 09:06:55", "seriesname": "g1320_cu9f2jq", "file": "/media/jbrogan4/scratch2/Reddit_Prov_Dataset_v6/_Dog_with_Cat_mask/g1320_cu9f2jq.jpg", "URL": "http://i.imgur.com/HbwSLPj.jpg", "fileid": "g1320_cu9f2jq.jpg"}, {"id": "g1320_cua6jv8", "comment": "Meme-tastic!\nhttp://i.imgur.com/NTgSvva.png", "date": "2015-08-20 21:28:04", "seriesname": "g1320_cua6jv8", "file": "/media/jbrogan4/scratch2/Reddit_Prov_Dataset_v6/_Dog_with_Cat_mask/g1320_cua6jv8.png", "URL": "http://i.imgur.com/NTgSvva.png", "fileid": "g1320_cua6jv8.png"}, {"id": "g1320_cu9ntpa", "comment": "http://i.imgur.com/SMhmGKV.jpg\n\nStealth mode = MGS ", "date": "2015-08-20 13:05:22", "seriesname": "g1320_cu9ntpa", "file": "/media/jbrogan4/scratch2/Reddit_Prov_Dataset_v6/_Dog_with_Cat_mask/g1320_cu9ntpa.jpg", "URL": "http://i.imgur.com/SMhmGKV.jpg", "fileid": "g1320_cu9ntpa.jpg"}, {"id": "g1320_cu9fcl1", "comment": "[Counter Measures](http://i.imgur.com/OgtIqxU.jpg)", "date": "2015-08-20 09:16:43", "seriesname": "g1320_cu9fcl1", "file": "/media/jbrogan4/scratch2/Reddit_Prov_Dataset_v6/_Dog_with_Cat_mask/g1320_cu9fcl1.jpg", "URL": "http://i.imgur.com/OgtIqxU.jpg", "fileid": "g1320_cu9fcl1.jpg"}, {"id": "g1320_cu9i3r8", "comment": "[This turned out a lot creepier than I anticipated.](http://i.imgur.com/n9rzSAy.jpg)\n\n[Might as well go all in.](http://gfycat.com/AmbitiousGlamorousFinwhale)", "date": "2015-08-20 10:42:24", "seriesname": "g1320_cu9i3r8", "file": "/media/jbrogan4/scratch2/Reddit_Prov_Dataset_v6/_Dog_with_Cat_mask/g1320_cu9i3r8.jpg", "URL": "http://i.imgur.com/n9rzSAy.jpg", "fileid": "g1320_cu9i3r8.jpg"}, {"id": "g1320_cua328w", "comment": "Dawgy  http://i.imgur.com/aoLVrDG.jpg ", "date": "2015-08-20 19:41:53", "seriesname": "g1320_cua328w", "file": "/media/jbrogan4/scratch2/Reddit_Prov_Dataset_v6/_Dog_with_Cat_mask/g1320_cua328w.jpg", "URL": "http://i.imgur.com/aoLVrDG.jpg", "fileid": "g1320_cua328w.jpg"}, {"id": "g1320_cu9o20z", "comment": "[In reverse](https://i.imgur.com/OAfpAhP.jpg)", "date": "2015-08-20 13:11:00", "seriesname": "g1320_cu9o20z", "file": "/media/jbrogan4/scratch2/Reddit_Prov_Dataset_v6/_Dog_with_Cat_mask/g1320_cu9o20z.jpg", "URL": "https://i.imgur.com/OAfpAhP.jpg", "fileid": "g1320_cu9o20z.jpg"}, {"id": "g1320_cu9spkr", "comment": "[I don't even know what's happening right now](http://i.imgur.com/yOZavOs.jpg)", "date": "2015-08-20 15:06:12", "seriesname": "g1320_cu9spkr", "file": "/media/jbrogan4/scratch2/Reddit_Prov_Dataset_v6/_Dog_with_Cat_mask/g1320_cu9spkr.jpg", "URL": "http://i.imgur.com/yOZavOs.jpg", "fileid": "g1320_cu9spkr.jpg"}, {"id": "g1320_cu9lt1t", "comment": "[That\u2019s how it starts. The fever. The rage.](http://imgur.com/UZg8nqZ)", "date": "2015-08-20 12:16:11", "seriesname": "g1320_cu9lt1t", "file": "/media/jbrogan4/scratch2/Reddit_Prov_Dataset_v6/_Dog_with_Cat_mask/g1320_cu9lt1t.png", "URL": "http://i.imgur.com/UZg8nqZ.png", "fileid": "g1320_cu9lt1t.png"}, {"id": "g1320_root", "comment": "", "date": "2015-08-20 06:46:07", "seriesname": "g1320_root", "file": "/media/jbrogan4/scratch2/Reddit_Prov_Dataset_v6/_Dog_with_Cat_mask/g1320_root.jpg", "URL": "http://i.imgur.com/NXIqc8e.jpg", "fileid": "g1320_root.jpg"}, {"id": "g1320_cu9f6vb", "comment": "[\"We are Anonymous. We are Legion. We do not forgive. We do not forget. Expect us, Woof Woof\"](http://imgur.com/iKDXIu9)", "date": "2015-08-20 09:11:07", "seriesname": "g1320_cu9f6vb", "file": "/media/jbrogan4/scratch2/Reddit_Prov_Dataset_v6/_Dog_with_Cat_mask/g1320_cu9f6vb.png", "URL": "http://i.imgur.com/iKDXIu9.png", "fileid": "g1320_cu9f6vb.png"}, {"id": "g1320_cu9fxzy", "comment": "[Beware the beast of the asylum](http://i.imgur.com/PfmnqLi.jpg)", "date": "2015-08-20 09:37:07", "seriesname": "g1320_cu9fxzy", "file": "/media/jbrogan4/scratch2/Reddit_Prov_Dataset_v6/_Dog_with_Cat_mask/g1320_cu9fxzy.jpg", "URL": "http://i.imgur.com/PfmnqLi.jpg", "fileid": "g1320_cu9fxzy.jpg"}], "graph": {"name": "g1320_root"}, "directed": true}