{"links": [{"op": "none", "target": 0, "source": 16}, {"op": "none", "target": 1, "source": 58}, {"op": "none", "target": 2, "source": 58}, {"op": "none", "target": 3, "source": 58}, {"op": "none", "target": 4, "source": 23}, {"op": "none", "target": 5, "source": 58}, {"op": "none", "target": 6, "source": 0}, {"op": "none", "target": 7, "source": 41}, {"op": "none", "target": 8, "source": 58}, {"op": "none", "target": 9, "source": 58}, {"op": "none", "target": 10, "source": 58}, {"op": "none", "target": 11, "source": 58}, {"op": "none", "target": 12, "source": 58}, {"op": "none", "target": 13, "source": 6}, {"op": "none", "target": 14, "source": 58}, {"op": "none", "target": 15, "source": 58}, {"op": "none", "target": 16, "source": 30}, {"op": "none", "target": 17, "source": 58}, {"op": "none", "target": 18, "source": 58}, {"op": "none", "target": 19, "source": 58}, {"op": "none", "target": 20, "source": 58}, {"op": "none", "target": 21, "source": 58}, {"op": "none", "target": 22, "source": 6}, {"op": "none", "target": 23, "source": 58}, {"op": "none", "target": 24, "source": 4}, {"op": "none", "target": 25, "source": 58}, {"op": "none", "target": 26, "source": 58}, {"op": "none", "target": 27, "source": 58}, {"op": "none", "target": 28, "source": 58}, {"op": "none", "target": 29, "source": 58}, {"op": "none", "target": 30, "source": 24}, {"op": "none", "target": 31, "source": 58}, {"op": "none", "target": 32, "source": 58}, {"op": "none", "target": 33, "source": 58}, {"op": "none", "target": 34, "source": 58}, {"op": "none", "target": 35, "source": 58}, {"op": "none", "target": 36, "source": 58}, {"op": "none", "target": 37, "source": 58}, {"op": "none", "target": 38, "source": 58}, {"op": "none", "target": 39, "source": 58}, {"op": "none", "target": 40, "source": 58}, {"op": "none", "target": 41, "source": 58}, {"op": "none", "target": 42, "source": 23}, {"op": "none", "target": 43, "source": 58}, {"op": "none", "target": 44, "source": 58}, {"op": "none", "target": 45, "source": 58}, {"op": "none", "target": 46, "source": 58}, {"op": "none", "target": 47, "source": 58}, {"op": "none", "target": 48, "source": 58}, {"op": "none", "target": 49, "source": 58}, {"op": "none", "target": 50, "source": 58}, {"op": "none", "target": 51, "source": 58}, {"op": "none", "target": 52, "source": 58}, {"op": "none", "target": 53, "source": 6}, {"op": "none", "target": 54, "source": 58}, {"op": "none", "target": 55, "source": 4}, {"op": "none", "target": 56, "source": 58}, {"op": "none", "target": 57, "source": 58}, {"op": "none", "target": 59, "source": 58}], "title": "_This_cat_plotting_to_kill_someone", "nodes": [{"id": "g1327_czcqeo3", "comment": "[Meowok](http://i.imgur.com/1CwqO2c.png)", "date": "2016-01-26 12:29:08", "seriesname": "g1327_czcqeo3", "file": "/media/jbrogan4/scratch2/Reddit_Prov_Dataset_v6/_This_cat_plotting_to_kill_someone/g1327_czcqeo3.png", "URL": "http://i.imgur.com/1CwqO2c.png", "fileid": "g1327_czcqeo3.png"}, {"id": "g1327_czcn3ua", "comment": "[Home Alone.](http://i.imgur.com/eoBtvcb.jpg)", "date": "2016-01-26 11:13:05", "seriesname": "g1327_czcn3ua", "file": "/media/jbrogan4/scratch2/Reddit_Prov_Dataset_v6/_This_cat_plotting_to_kill_someone/g1327_czcn3ua.jpg", "URL": "http://i.imgur.com/eoBtvcb.jpg", "fileid": "g1327_czcn3ua.jpg"}, {"id": "g1327_czcrc83", "comment": "[Making a Purrderer](http://imgur.com/VjvVQ51)", "date": "2016-01-26 12:49:55", "seriesname": "g1327_czcrc83", "file": "/media/jbrogan4/scratch2/Reddit_Prov_Dataset_v6/_This_cat_plotting_to_kill_someone/g1327_czcrc83.png", "URL": "http://i.imgur.com/VjvVQ51.png", "fileid": "g1327_czcrc83.png"}, {"id": "g1327_czczxoc", "comment": "[eh](http://www.mtgcardmaker.com/mcmaker/createcard.php?name=Plotting+Cat&amp;color=Red&amp;mana_r=3&amp;mana_u=0&amp;mana_g=0&amp;mana_b=0&amp;mana_w=0&amp;mana_colorless=2&amp;picture=http%3A%2F%2Fi.imgur.com%2Fw0XlVjp.jpg&amp;supertype=Legendary&amp;cardtype=Creature&amp;subtype=&amp;expansion=Revised&amp;rarity=Rare&amp;cardtext=%7B2%7D%7Br%7D%3A+Plot.&amp;power=3&amp;toughness=2&amp;artist=PSBattles&amp;bottom=%E2%84%A2+%26+%C2%A9+1993-2013+Wizards+of+the+Coast+LLC&amp;set1=666&amp;set2=666&amp;setname=)", "date": "2016-01-26 16:00:06", "seriesname": "g1327_czczxoc", "file": "/media/jbrogan4/scratch2/Reddit_Prov_Dataset_v6/_This_cat_plotting_to_kill_someone/g1327_czczxoc.jpg", "URL": "http://www.mtgcardmaker.com/mcmaker/createcard.php?name=Plotting+Cat&amp;color=Red&amp;mana_r=3&amp;mana_u=0&amp;mana_g=0&amp;mana_b=0&amp;mana_w=0&amp;mana_colorless=2&amp;picture=http%3A%2F%2Fi.imgur.com%2Fw0XlVjp.jpg&amp;supertype=Legendary&amp;cardtype=Creature&amp;subtype=&amp;expansion=Revised&amp;rarity=Rare&amp;cardtext=%7B2%7D%7Br%7D%3A+Plot.&amp;power=3&amp;toughness=2&amp;artist=PSBattles&amp;bottom=%E2%84%A2+%26+%C2%A9+1993-2013+Wizards+of+the+Coast+LLC&amp;set1=666&amp;set2=666&amp;setname=", "fileid": "g1327_czczxoc.php"}, {"id": "g1327_czcpcvw", "comment": "[...and Darth Meowl](http://i.imgur.com/I7Rb58l.png)", "date": "2016-01-26 12:05:35", "seriesname": "g1327_czcpcvw", "file": "/media/jbrogan4/scratch2/Reddit_Prov_Dataset_v6/_This_cat_plotting_to_kill_someone/g1327_czcpcvw.png", "URL": "http://i.imgur.com/I7Rb58l.png", "fileid": "g1327_czcpcvw.png"}, {"id": "g1327_czcnbuc", "comment": "[When you get home and you're not sure what you did, but you know you fucked up.](http://i.imgur.com/JLqjVCd.png)", "date": "2016-01-26 11:18:23", "seriesname": "g1327_czcnbuc", "file": "/media/jbrogan4/scratch2/Reddit_Prov_Dataset_v6/_This_cat_plotting_to_kill_someone/g1327_czcnbuc.png", "URL": "http://i.imgur.com/JLqjVCd.png", "fileid": "g1327_czcnbuc.png"}, {"id": "g1327_czcqur2", "comment": "[Lando Catrissian](http://i.imgur.com/YVZd9zw.jpg)", "date": "2016-01-26 12:39:08", "seriesname": "g1327_czcqur2", "file": "/media/jbrogan4/scratch2/Reddit_Prov_Dataset_v6/_This_cat_plotting_to_kill_someone/g1327_czcqur2.jpg", "URL": "http://i.imgur.com/YVZd9zw.jpg", "fileid": "g1327_czcqur2.jpg"}, {"id": "g1327_czdh9id", "comment": "[Alternatively...](http://i.imgur.com/7iJGYon.jpg)", "date": "2016-01-26 23:13:26", "seriesname": "g1327_czdh9id", "file": "/media/jbrogan4/scratch2/Reddit_Prov_Dataset_v6/_This_cat_plotting_to_kill_someone/g1327_czdh9id.jpg", "URL": "http://i.imgur.com/7iJGYon.jpg", "fileid": "g1327_czdh9id.jpg"}, {"id": "g1327_czd40us", "comment": "[He just wanted to stop by to brag about it.](http://i.imgur.com/xSsv2yH.jpg)", "date": "2016-01-26 17:31:36", "seriesname": "g1327_czd40us", "file": "/media/jbrogan4/scratch2/Reddit_Prov_Dataset_v6/_This_cat_plotting_to_kill_someone/g1327_czd40us.jpg", "URL": "http://i.imgur.com/xSsv2yH.jpg", "fileid": "g1327_czd40us.jpg"}, {"id": "g1327_czclpk3", "comment": "[Gmorkitty](http://i.imgur.com/tuybles.jpg)", "date": "2016-01-26 10:38:29", "seriesname": "g1327_czclpk3", "file": "/media/jbrogan4/scratch2/Reddit_Prov_Dataset_v6/_This_cat_plotting_to_kill_someone/g1327_czclpk3.jpg", "URL": "http://i.imgur.com/tuybles.jpg", "fileid": "g1327_czclpk3.jpg"}, {"id": "g1327_czctqa0", "comment": "[Had to be done](http://i.imgur.com/H8KSm43.gif)", "date": "2016-01-26 13:43:00", "seriesname": "g1327_czctqa0", "file": "/media/jbrogan4/scratch2/Reddit_Prov_Dataset_v6/_This_cat_plotting_to_kill_someone/g1327_czctqa0.jpg", "URL": "http://i.imgur.com/H8KSm43.gif", "fileid": "g1327_czctqa0.gif"}, {"id": "g1327_czcs0hs", "comment": "['That was me, that is Alex and my three droogs...'](http://i.imgur.com/V4ucsUj.png)", "date": "2016-01-26 13:04:48", "seriesname": "g1327_czcs0hs", "file": "/media/jbrogan4/scratch2/Reddit_Prov_Dataset_v6/_This_cat_plotting_to_kill_someone/g1327_czcs0hs.png", "URL": "http://i.imgur.com/V4ucsUj.png", "fileid": "g1327_czcs0hs.png"}, {"id": "g1327_czd3r3k", "comment": "[The Farside](http://i.imgur.com/SYpuNXF.jpg)", "date": "2016-01-26 17:25:27", "seriesname": "g1327_czd3r3k", "file": "/media/jbrogan4/scratch2/Reddit_Prov_Dataset_v6/_This_cat_plotting_to_kill_someone/g1327_czd3r3k.jpg", "URL": "http://i.imgur.com/SYpuNXF.jpg", "fileid": "g1327_czd3r3k.jpg"}, {"id": "g1327_czcsosm", "comment": "Actor: [Hairballison Ford](http://i.imgur.com/x5iUnsS.jpg)", "date": "2016-01-26 13:19:58", "seriesname": "g1327_czcsosm", "file": "/media/jbrogan4/scratch2/Reddit_Prov_Dataset_v6/_This_cat_plotting_to_kill_someone/g1327_czcsosm.jpg", "URL": "http://i.imgur.com/x5iUnsS.jpg", "fileid": "g1327_czcsosm.jpg"}, {"id": "g1327_czcqa5z", "comment": "[Is everything ok back there, Fluffy?](http://i.imgur.com/r8smJX1.jpg)", "date": "2016-01-26 12:26:20", "seriesname": "g1327_czcqa5z", "file": "/media/jbrogan4/scratch2/Reddit_Prov_Dataset_v6/_This_cat_plotting_to_kill_someone/g1327_czcqa5z.jpg", "URL": "http://i.imgur.com/r8smJX1.jpg", "fileid": "g1327_czcqa5z.jpg"}, {"id": "g1327_czcrzkd", "comment": "[Watching him dance.](http://imgur.com/EetYiew)", "date": "2016-01-26 13:04:14", "seriesname": "g1327_czcrzkd", "file": "/media/jbrogan4/scratch2/Reddit_Prov_Dataset_v6/_This_cat_plotting_to_kill_someone/g1327_czcrzkd.png", "URL": "http://i.imgur.com/EetYiew.png", "fileid": "g1327_czcrzkd.png"}, {"id": "g1327_czcqbl6", "comment": "[Boba Catt](http://i.imgur.com/C6G4Rkd.jpg)", "date": "2016-01-26 12:27:13", "seriesname": "g1327_czcqbl6", "file": "/media/jbrogan4/scratch2/Reddit_Prov_Dataset_v6/_This_cat_plotting_to_kill_someone/g1327_czcqbl6.jpg", "URL": "http://i.imgur.com/C6G4Rkd.jpg", "fileid": "g1327_czcqbl6.jpg"}, {"id": "g1327_czckj4m", "comment": "[Today is the day you die](http://i.imgur.com/bCB4wJK.jpg)", "date": "2016-01-26 10:07:30", "seriesname": "g1327_czckj4m", "file": "/media/jbrogan4/scratch2/Reddit_Prov_Dataset_v6/_This_cat_plotting_to_kill_someone/g1327_czckj4m.jpg", "URL": "http://i.imgur.com/bCB4wJK.jpg", "fileid": "g1327_czckj4m.jpg"}, {"id": "g1327_czcq5sa", "comment": "[Having a bit of a dilemma.](http://i.imgur.com/BOfeSWv.jpg)", "date": "2016-01-26 12:23:37", "seriesname": "g1327_czcq5sa", "file": "/media/jbrogan4/scratch2/Reddit_Prov_Dataset_v6/_This_cat_plotting_to_kill_someone/g1327_czcq5sa.jpg", "URL": "http://i.imgur.com/BOfeSWv.jpg", "fileid": "g1327_czcq5sa.jpg"}, {"id": "g1327_czd2m0n", "comment": "[ What cat? ] ( http://i.imgur.com/46RfcMB.jpg )", "date": "2016-01-26 16:59:02", "seriesname": "g1327_czd2m0n", "file": "/media/jbrogan4/scratch2/Reddit_Prov_Dataset_v6/_This_cat_plotting_to_kill_someone/g1327_czd2m0n.jpg", "URL": "http://i.imgur.com/46RfcMB.jpg", "fileid": "g1327_czd2m0n.jpg"}, {"id": "g1327_czct5ll", "comment": "[The Joke-Purr](http://i.imgur.com/4CEsxI4.jpg)", "date": "2016-01-26 13:30:20", "seriesname": "g1327_czct5ll", "file": "/media/jbrogan4/scratch2/Reddit_Prov_Dataset_v6/_This_cat_plotting_to_kill_someone/g1327_czct5ll.jpg", "URL": "http://i.imgur.com/4CEsxI4.jpg", "fileid": "g1327_czct5ll.jpg"}, {"id": "g1327_czcokuj", "comment": "[This is **OUR** turf, boii](http://i.imgur.com/iUzm9DU.jpg)", "date": "2016-01-26 11:47:40", "seriesname": "g1327_czcokuj", "file": "/media/jbrogan4/scratch2/Reddit_Prov_Dataset_v6/_This_cat_plotting_to_kill_someone/g1327_czcokuj.jpg", "URL": "http://i.imgur.com/iUzm9DU.jpg", "fileid": "g1327_czcokuj.jpg"}, {"id": "g1327_czcwgnr", "comment": "[Kitty-8](http://i.imgur.com/6WrXYsD.jpg)", "date": "2016-01-26 14:43:51", "seriesname": "g1327_czcwgnr", "file": "/media/jbrogan4/scratch2/Reddit_Prov_Dataset_v6/_This_cat_plotting_to_kill_someone/g1327_czcwgnr.jpg", "URL": "http://i.imgur.com/6WrXYsD.jpg", "fileid": "g1327_czcwgnr.jpg"}, {"id": "g1327_czcnp1h", "comment": "[Emperor Pawlpatine.](http://i.imgur.com/0A8ogWm.png)", "date": "2016-01-26 11:27:05", "seriesname": "g1327_czcnp1h", "file": "/media/jbrogan4/scratch2/Reddit_Prov_Dataset_v6/_This_cat_plotting_to_kill_someone/g1327_czcnp1h.png", "URL": "http://i.imgur.com/0A8ogWm.png", "fileid": "g1327_czcnp1h.png"}, {"id": "g1327_czcpvrw", "comment": "[Jabba the Cat](http://i.imgur.com/Vk57XXl.jpg)", "date": "2016-01-26 12:17:22", "seriesname": "g1327_czcpvrw", "file": "/media/jbrogan4/scratch2/Reddit_Prov_Dataset_v6/_This_cat_plotting_to_kill_someone/g1327_czcpvrw.jpg", "URL": "http://i.imgur.com/Vk57XXl.jpg", "fileid": "g1327_czcpvrw.jpg"}, {"id": "g1327_czcvlnj", "comment": "[Sneak peak of the new Fallout 4 DLC](http://imgur.com/AKDvDHj)\n\nEdit: What, why was I downvoted? I literally see no problem with this. Was it poor taste?", "date": "2016-01-26 14:24:41", "seriesname": "g1327_czcvlnj", "file": "/media/jbrogan4/scratch2/Reddit_Prov_Dataset_v6/_This_cat_plotting_to_kill_someone/g1327_czcvlnj.png", "URL": "http://i.imgur.com/AKDvDHj.png", "fileid": "g1327_czcvlnj.png"}, {"id": "g1327_czd0lca", "comment": "[Honey, I cloned the cat!*](http://imgur.com/ERmwTFb)", "date": "2016-01-26 16:14:31", "seriesname": "g1327_czd0lca", "file": "/media/jbrogan4/scratch2/Reddit_Prov_Dataset_v6/_This_cat_plotting_to_kill_someone/g1327_czd0lca.png", "URL": "http://i.imgur.com/ERmwTFb.png", "fileid": "g1327_czd0lca.png"}, {"id": "g1327_czcti1d", "comment": "The return of Toonces, the murderous driving cat. http://i.imgur.com/5iiNvYR.jpg ", "date": "2016-01-26 13:37:59", "seriesname": "g1327_czcti1d", "file": "/media/jbrogan4/scratch2/Reddit_Prov_Dataset_v6/_This_cat_plotting_to_kill_someone/g1327_czcti1d.jpg", "URL": "http://i.imgur.com/5iiNvYR.jpg", "fileid": "g1327_czcti1d.jpg"}, {"id": "g1327_czcvjsb", "comment": "[Excuse me guard. I iz one did it again.](http://imgur.com/DO9Ljdf)", "date": "2016-01-26 14:23:33", "seriesname": "g1327_czcvjsb", "file": "/media/jbrogan4/scratch2/Reddit_Prov_Dataset_v6/_This_cat_plotting_to_kill_someone/g1327_czcvjsb.png", "URL": "http://i.imgur.com/DO9Ljdf.png", "fileid": "g1327_czcvjsb.png"}, {"id": "g1327_czcqef2", "comment": "[Legit?](http://i.imgur.com/ftMEZdK.jpg)", "date": "2016-01-26 12:28:58", "seriesname": "g1327_czcqef2", "file": "/media/jbrogan4/scratch2/Reddit_Prov_Dataset_v6/_This_cat_plotting_to_kill_someone/g1327_czcqef2.jpg", "URL": "http://i.imgur.com/ftMEZdK.jpg", "fileid": "g1327_czcqef2.jpg"}, {"id": "g1327_czcq1om", "comment": "[Meowbacca](http://i.imgur.com/m6ta5g3.gif)", "date": "2016-01-26 12:21:01", "seriesname": "g1327_czcq1om", "file": "/media/jbrogan4/scratch2/Reddit_Prov_Dataset_v6/_This_cat_plotting_to_kill_someone/g1327_czcq1om.jpg", "URL": "http://i.imgur.com/m6ta5g3.gif", "fileid": "g1327_czcq1om.gif"}, {"id": "g1327_czctlc3", "comment": "[Which neighbor will be next](http://i.imgur.com/0k8iHEb.jpg)", "date": "2016-01-26 13:39:59", "seriesname": "g1327_czctlc3", "file": "/media/jbrogan4/scratch2/Reddit_Prov_Dataset_v6/_This_cat_plotting_to_kill_someone/g1327_czctlc3.jpg", "URL": "http://i.imgur.com/0k8iHEb.jpg", "fileid": "g1327_czctlc3.jpg"}, {"id": "g1327_czcyc3m", "comment": "[We have a slender chance of knowing what a cat sees.](http://i.imgur.com/fXLqXKp.jpg)", "date": "2016-01-26 15:25:39", "seriesname": "g1327_czcyc3m", "file": "/media/jbrogan4/scratch2/Reddit_Prov_Dataset_v6/_This_cat_plotting_to_kill_someone/g1327_czcyc3m.jpg", "URL": "http://i.imgur.com/fXLqXKp.jpg", "fileid": "g1327_czcyc3m.jpg"}, {"id": "g1327_czcy9ku", "comment": "[Welcome to the club](http://i.imgur.com/ICmbyVZ.jpg)", "date": "2016-01-26 15:24:08", "seriesname": "g1327_czcy9ku", "file": "/media/jbrogan4/scratch2/Reddit_Prov_Dataset_v6/_This_cat_plotting_to_kill_someone/g1327_czcy9ku.jpg", "URL": "http://i.imgur.com/ICmbyVZ.jpg", "fileid": "g1327_czcy9ku.jpg"}, {"id": "g1327_czcmuq8", "comment": "[The stuff of nightmares](http://i.imgur.com/JbTRLsr.jpg)", "date": "2016-01-26 11:07:00", "seriesname": "g1327_czcmuq8", "file": "/media/jbrogan4/scratch2/Reddit_Prov_Dataset_v6/_This_cat_plotting_to_kill_someone/g1327_czcmuq8.jpg", "URL": "http://i.imgur.com/JbTRLsr.jpg", "fileid": "g1327_czcmuq8.jpg"}, {"id": "g1327_czd1egp", "comment": "http://imgur.com/gallery/yxFqzF6", "date": "2016-01-26 16:32:05", "seriesname": "g1327_czd1egp", "file": "/media/jbrogan4/scratch2/Reddit_Prov_Dataset_v6/_This_cat_plotting_to_kill_someone/g1327_czd1egp.png", "URL": "http://i.imgur.com/yxFqzF6.png", "fileid": "g1327_czd1egp.png"}, {"id": "g1327_czczuhb", "comment": "[Spaghetti Anyone?](http://i.imgur.com/F7AYHoo.jpg)", "date": "2016-01-26 15:58:12", "seriesname": "g1327_czczuhb", "file": "/media/jbrogan4/scratch2/Reddit_Prov_Dataset_v6/_This_cat_plotting_to_kill_someone/g1327_czczuhb.jpg", "URL": "http://i.imgur.com/F7AYHoo.jpg", "fileid": "g1327_czczuhb.jpg"}, {"id": "g1327_czcmzll", "comment": "http://imgur.com/uHt8L5A", "date": "2016-01-26 11:10:21", "seriesname": "g1327_czcmzll", "file": "/media/jbrogan4/scratch2/Reddit_Prov_Dataset_v6/_This_cat_plotting_to_kill_someone/g1327_czcmzll.png", "URL": "http://i.imgur.com/uHt8L5A.png", "fileid": "g1327_czcmzll.png"}, {"id": "g1327_czcp79h", "comment": "[MFW no one shows up](http://i.imgur.com/kBoV7mB.jpg)", "date": "2016-01-26 12:01:56", "seriesname": "g1327_czcp79h", "file": "/media/jbrogan4/scratch2/Reddit_Prov_Dataset_v6/_This_cat_plotting_to_kill_someone/g1327_czcp79h.jpg", "URL": "http://i.imgur.com/kBoV7mB.jpg", "fileid": "g1327_czcp79h.jpg"}, {"id": "g1327_czclqxh", "comment": "yes human come right to kitty http://imgur.com/4e7gj6O", "date": "2016-01-26 10:39:27", "seriesname": "g1327_czclqxh", "file": "/media/jbrogan4/scratch2/Reddit_Prov_Dataset_v6/_This_cat_plotting_to_kill_someone/g1327_czclqxh.png", "URL": "http://i.imgur.com/4e7gj6O.png", "fileid": "g1327_czclqxh.png"}, {"id": "g1327_czcub4y", "comment": "[Nobody move a muscle...](http://i.imgur.com/tNELY5f.jpg)", "date": "2016-01-26 13:56:00", "seriesname": "g1327_czcub4y", "file": "/media/jbrogan4/scratch2/Reddit_Prov_Dataset_v6/_This_cat_plotting_to_kill_someone/g1327_czcub4y.jpg", "URL": "http://i.imgur.com/tNELY5f.jpg", "fileid": "g1327_czcub4y.jpg"}, {"id": "g1327_czcu1y7", "comment": "[Goodbye, Mr. Bond](http://i.imgur.com/9K9cqyM.jpg)", "date": "2016-01-26 13:50:13", "seriesname": "g1327_czcu1y7", "file": "/media/jbrogan4/scratch2/Reddit_Prov_Dataset_v6/_This_cat_plotting_to_kill_someone/g1327_czcu1y7.jpg", "URL": "http://i.imgur.com/9K9cqyM.jpg", "fileid": "g1327_czcu1y7.jpg"}, {"id": "g1327_czcvmgc", "comment": "[Meowcor](http://i.imgur.com/uDsQKJa.png)", "date": "2016-01-26 14:25:13", "seriesname": "g1327_czcvmgc", "file": "/media/jbrogan4/scratch2/Reddit_Prov_Dataset_v6/_This_cat_plotting_to_kill_someone/g1327_czcvmgc.png", "URL": "http://i.imgur.com/uDsQKJa.png", "fileid": "g1327_czcvmgc.png"}, {"id": "g1327_czck42s", "comment": "[There's nothing to see here](https://media.giphy.com/media/3o7ZeMwFrpadGSjAf6/giphy.gif)", "date": "2016-01-26 09:55:45", "seriesname": "g1327_czck42s", "file": "/media/jbrogan4/scratch2/Reddit_Prov_Dataset_v6/_This_cat_plotting_to_kill_someone/g1327_czck42s.jpg", "URL": "https://media.giphy.com/media/3o7ZeMwFrpadGSjAf6/giphy.gif", "fileid": "g1327_czck42s.gif"}, {"id": "g1327_czdchy6", "comment": "[Demon Emperor Ganishka](http://i.imgur.com/0ATGINp.jpg)", "date": "2016-01-26 21:05:12", "seriesname": "g1327_czdchy6", "file": "/media/jbrogan4/scratch2/Reddit_Prov_Dataset_v6/_This_cat_plotting_to_kill_someone/g1327_czdchy6.jpg", "URL": "http://i.imgur.com/0ATGINp.jpg", "fileid": "g1327_czdchy6.jpg"}, {"id": "g1327_czcvbbl", "comment": "[IT kilz u](http://imgur.com/9rlZoDl)", "date": "2016-01-26 14:18:14", "seriesname": "g1327_czcvbbl", "file": "/media/jbrogan4/scratch2/Reddit_Prov_Dataset_v6/_This_cat_plotting_to_kill_someone/g1327_czcvbbl.png", "URL": "http://i.imgur.com/9rlZoDl.png", "fileid": "g1327_czcvbbl.png"}, {"id": "g1327_czcmhna", "comment": "[Thousand Yard Meow](http://imgur.com/eZ7Lklt)", "date": "2016-01-26 10:58:01", "seriesname": "g1327_czcmhna", "file": "/media/jbrogan4/scratch2/Reddit_Prov_Dataset_v6/_This_cat_plotting_to_kill_someone/g1327_czcmhna.png", "URL": "http://i.imgur.com/eZ7Lklt.png", "fileid": "g1327_czcmhna.png"}, {"id": "g1327_czcthc7", "comment": "[You Have My Permission to Die](http://imgur.com/lxAfptm)", "date": "2016-01-26 13:37:34", "seriesname": "g1327_czcthc7", "file": "/media/jbrogan4/scratch2/Reddit_Prov_Dataset_v6/_This_cat_plotting_to_kill_someone/g1327_czcthc7.png", "URL": "http://i.imgur.com/lxAfptm.png", "fileid": "g1327_czcthc7.png"}, {"id": "g1327_czck9va", "comment": "https://imgur.com/shltidt", "date": "2016-01-26 10:00:20", "seriesname": "g1327_czck9va", "file": "/media/jbrogan4/scratch2/Reddit_Prov_Dataset_v6/_This_cat_plotting_to_kill_someone/g1327_czck9va.png", "URL": "http://i.imgur.com/shltidt.png", "fileid": "g1327_czck9va.png"}, {"id": "g1327_czcmg0c", "comment": "[His name is Wilford](http://i.imgur.com/rVKq5Vk.jpg)", "date": "2016-01-26 10:56:54", "seriesname": "g1327_czcmg0c", "file": "/media/jbrogan4/scratch2/Reddit_Prov_Dataset_v6/_This_cat_plotting_to_kill_someone/g1327_czcmg0c.jpg", "URL": "http://i.imgur.com/rVKq5Vk.jpg", "fileid": "g1327_czcmg0c.jpg"}, {"id": "g1327_czczfhx", "comment": "http://imgur.com/gDuiRPV", "date": "2016-01-26 15:49:18", "seriesname": "g1327_czczfhx", "file": "/media/jbrogan4/scratch2/Reddit_Prov_Dataset_v6/_This_cat_plotting_to_kill_someone/g1327_czczfhx.png", "URL": "http://i.imgur.com/gDuiRPV.png", "fileid": "g1327_czczfhx.png"}, {"id": "g1327_czcm0op", "comment": "http://i.imgur.com/Jds7Hnz.png", "date": "2016-01-26 10:46:21", "seriesname": "g1327_czcm0op", "file": "/media/jbrogan4/scratch2/Reddit_Prov_Dataset_v6/_This_cat_plotting_to_kill_someone/g1327_czcm0op.png", "URL": "http://i.imgur.com/Jds7Hnz.png", "fileid": "g1327_czcm0op.png"}, {"id": "g1327_czcpvg3", "comment": "[in the mind of the cat](http://i.imgur.com/GHqBAFl.jpg)", "date": "2016-01-26 12:17:10", "seriesname": "g1327_czcpvg3", "file": "/media/jbrogan4/scratch2/Reddit_Prov_Dataset_v6/_This_cat_plotting_to_kill_someone/g1327_czcpvg3.jpg", "URL": "http://i.imgur.com/GHqBAFl.jpg", "fileid": "g1327_czcpvg3.jpg"}, {"id": "g1327_czd9u88", "comment": "[Helmet off](http://i.imgur.com/aDRK6lb.jpg)", "date": "2016-01-26 19:58:15", "seriesname": "g1327_czd9u88", "file": "/media/jbrogan4/scratch2/Reddit_Prov_Dataset_v6/_This_cat_plotting_to_kill_someone/g1327_czd9u88.jpg", "URL": "http://i.imgur.com/aDRK6lb.jpg", "fileid": "g1327_czd9u88.jpg"}, {"id": "g1327_czcqmnl", "comment": "http://i.imgur.com/7BwFcqY.jpg", "date": "2016-01-26 12:34:06", "seriesname": "g1327_czcqmnl", "file": "/media/jbrogan4/scratch2/Reddit_Prov_Dataset_v6/_This_cat_plotting_to_kill_someone/g1327_czcqmnl.jpg", "URL": "http://i.imgur.com/7BwFcqY.jpg", "fileid": "g1327_czcqmnl.jpg"}, {"id": "g1327_czd7i6u", "comment": "Late to the party but may I present [Lord Revan and Darth Meow-lak](http://i.imgur.com/l7qLnIJ.png)\n\nedit: fixed Revan's hands and top of his head", "date": "2016-01-26 18:58:09", "seriesname": "g1327_czd7i6u", "file": "/media/jbrogan4/scratch2/Reddit_Prov_Dataset_v6/_This_cat_plotting_to_kill_someone/g1327_czd7i6u.png", "URL": "http://i.imgur.com/l7qLnIJ.png", "fileid": "g1327_czd7i6u.png"}, {"id": "g1327_czcsb8c", "comment": "http://i.imgur.com/6MFTdL2.png", "date": "2016-01-26 13:11:32", "seriesname": "g1327_czcsb8c", "file": "/media/jbrogan4/scratch2/Reddit_Prov_Dataset_v6/_This_cat_plotting_to_kill_someone/g1327_czcsb8c.png", "URL": "http://i.imgur.com/6MFTdL2.png", "fileid": "g1327_czcsb8c.png"}, {"id": "g1327_czd3amc", "comment": "[HelterSkelter!](http://i.imgur.com/QJ3aduu.jpg)", "date": "2016-01-26 17:14:57", "seriesname": "g1327_czd3amc", "file": "/media/jbrogan4/scratch2/Reddit_Prov_Dataset_v6/_This_cat_plotting_to_kill_someone/g1327_czd3amc.jpg", "URL": "http://i.imgur.com/QJ3aduu.jpg", "fileid": "g1327_czd3amc.jpg"}, {"id": "g1327_root", "comment": "", "date": "2016-01-26 08:58:12", "seriesname": "g1327_root", "file": "/media/jbrogan4/scratch2/Reddit_Prov_Dataset_v6/_This_cat_plotting_to_kill_someone/g1327_root.jpg", "URL": "http://m.imgur.com/w0XlVjp.jpg", "fileid": "g1327_root.jpg"}, {"id": "g1327_czcrv5c", "comment": "[Well hello, Clarice!](http://i.imgur.com/RdRfc9Z.jpg)", "date": "2016-01-26 13:01:33", "seriesname": "g1327_czcrv5c", "file": "/media/jbrogan4/scratch2/Reddit_Prov_Dataset_v6/_This_cat_plotting_to_kill_someone/g1327_czcrv5c.jpg", "URL": "http://i.imgur.com/RdRfc9Z.jpg", "fileid": "g1327_czcrv5c.jpg"}], "graph": {"name": "g1327_root"}, "directed": true}