{"links": [{"op": "none", "target": 0, "source": 58}, {"op": "none", "target": 1, "source": 58}, {"op": "none", "target": 2, "source": 58}, {"op": "none", "target": 3, "source": 58}, {"op": "none", "target": 4, "source": 58}, {"op": "none", "target": 5, "source": 10}, {"op": "none", "target": 6, "source": 58}, {"op": "none", "target": 7, "source": 58}, {"op": "none", "target": 8, "source": 58}, {"op": "none", "target": 9, "source": 58}, {"op": "none", "target": 10, "source": 58}, {"op": "none", "target": 11, "source": 58}, {"op": "none", "target": 12, "source": 58}, {"op": "none", "target": 13, "source": 58}, {"op": "none", "target": 14, "source": 59}, {"op": "none", "target": 15, "source": 47}, {"op": "none", "target": 16, "source": 58}, {"op": "none", "target": 17, "source": 40}, {"op": "none", "target": 18, "source": 58}, {"op": "none", "target": 19, "source": 54}, {"op": "none", "target": 20, "source": 58}, {"op": "none", "target": 21, "source": 58}, {"op": "none", "target": 22, "source": 58}, {"op": "none", "target": 23, "source": 58}, {"op": "none", "target": 24, "source": 58}, {"op": "none", "target": 25, "source": 58}, {"op": "none", "target": 26, "source": 29}, {"op": "none", "target": 27, "source": 58}, {"op": "none", "target": 28, "source": 58}, {"op": "none", "target": 29, "source": 58}, {"op": "none", "target": 30, "source": 58}, {"op": "none", "target": 31, "source": 58}, {"op": "none", "target": 32, "source": 58}, {"op": "none", "target": 33, "source": 58}, {"op": "none", "target": 34, "source": 58}, {"op": "none", "target": 35, "source": 58}, {"op": "none", "target": 36, "source": 58}, {"op": "none", "target": 37, "source": 58}, {"op": "none", "target": 38, "source": 58}, {"op": "none", "target": 39, "source": 58}, {"op": "none", "target": 40, "source": 58}, {"op": "none", "target": 41, "source": 58}, {"op": "none", "target": 42, "source": 58}, {"op": "none", "target": 43, "source": 58}, {"op": "none", "target": 44, "source": 58}, {"op": "none", "target": 45, "source": 58}, {"op": "none", "target": 46, "source": 58}, {"op": "none", "target": 47, "source": 58}, {"op": "none", "target": 48, "source": 58}, {"op": "none", "target": 49, "source": 58}, {"op": "none", "target": 50, "source": 58}, {"op": "none", "target": 51, "source": 58}, {"op": "none", "target": 52, "source": 58}, {"op": "none", "target": 53, "source": 58}, {"op": "none", "target": 54, "source": 58}, {"op": "none", "target": 55, "source": 58}, {"op": "none", "target": 56, "source": 58}, {"op": "none", "target": 57, "source": 43}, {"op": "none", "target": 59, "source": 58}, {"op": "none", "target": 60, "source": 58}], "title": "_Shotput_thrower_straining_himself", "nodes": [{"id": "g1328_cn9hv7d", "comment": "I'm just [saiyan...](http://i.imgur.com/L5kOS7A.jpg)", "date": "2014-12-30 13:14:33", "seriesname": "g1328_cn9hv7d", "file": "/media/jbrogan4/scratch2/Reddit_Prov_Dataset_v6/_Shotput_thrower_straining_himself/g1328_cn9hv7d.jpg", "URL": "http://i.imgur.com/L5kOS7A.jpg", "fileid": "g1328_cn9hv7d.jpg"}, {"id": "g1328_cn9jcjs", "comment": "[I think this guy does stock images...](http://i.imgur.com/i3wtN6g.jpg)", "date": "2014-12-30 13:57:19", "seriesname": "g1328_cn9jcjs", "file": "/media/jbrogan4/scratch2/Reddit_Prov_Dataset_v6/_Shotput_thrower_straining_himself/g1328_cn9jcjs.jpg", "URL": "http://i.imgur.com/i3wtN6g.jpg", "fileid": "g1328_cn9jcjs.jpg"}, {"id": "g1328_cn9ju6n", "comment": "[Hey you guys!!!](https://i.imgur.com/1doMjmn.jpg)", "date": "2014-12-30 14:11:17", "seriesname": "g1328_cn9ju6n", "file": "/media/jbrogan4/scratch2/Reddit_Prov_Dataset_v6/_Shotput_thrower_straining_himself/g1328_cn9ju6n.jpg", "URL": "https://i.imgur.com/1doMjmn.jpg", "fileid": "g1328_cn9ju6n.jpg"}, {"id": "g1328_cn9f1tx", "comment": "[I will get that pikachu](http://i.imgur.com/H7p78mU.jpg)", "date": "2014-12-30 11:51:28", "seriesname": "g1328_cn9f1tx", "file": "/media/jbrogan4/scratch2/Reddit_Prov_Dataset_v6/_Shotput_thrower_straining_himself/g1328_cn9f1tx.jpg", "URL": "http://i.imgur.com/H7p78mU.jpg", "fileid": "g1328_cn9f1tx.jpg"}, {"id": "g1328_cn9fj01", "comment": "[Aaadriaaannn!](http://i.imgur.com/hOXKWcY.jpg)", "date": "2014-12-30 12:05:51", "seriesname": "g1328_cn9fj01", "file": "/media/jbrogan4/scratch2/Reddit_Prov_Dataset_v6/_Shotput_thrower_straining_himself/g1328_cn9fj01.jpg", "URL": "http://i.imgur.com/hOXKWcY.jpg", "fileid": "g1328_cn9fj01.jpg"}, {"id": "g1328_cn9j9g1", "comment": "[Yeah, what if?](http://imgur.com/ussgeF7)", "date": "2014-12-30 13:54:57", "seriesname": "g1328_cn9j9g1", "file": "/media/jbrogan4/scratch2/Reddit_Prov_Dataset_v6/_Shotput_thrower_straining_himself/g1328_cn9j9g1.png", "URL": "http://i.imgur.com/ussgeF7.png", "fileid": "g1328_cn9j9g1.png"}, {"id": "g1328_cn9lmtk", "comment": "[SPAGHETTI!!!](http://imgur.com/BxMEeVa.jpg)", "date": "2014-12-30 15:02:22", "seriesname": "g1328_cn9lmtk", "file": "/media/jbrogan4/scratch2/Reddit_Prov_Dataset_v6/_Shotput_thrower_straining_himself/g1328_cn9lmtk.jpg", "URL": "http://imgur.com/BxMEeVa.jpg", "fileid": "g1328_cn9lmtk.jpg"}, {"id": "g1328_cn9wxsy", "comment": "[Throwing yourself](http://i.imgur.com/JYTi16h.jpg)", "date": "2014-12-30 20:47:10", "seriesname": "g1328_cn9wxsy", "file": "/media/jbrogan4/scratch2/Reddit_Prov_Dataset_v6/_Shotput_thrower_straining_himself/g1328_cn9wxsy.jpg", "URL": "http://i.imgur.com/JYTi16h.jpg", "fileid": "g1328_cn9wxsy.jpg"}, {"id": "g1328_cn9f5l7", "comment": "[He also likes dancing](http://i.imgur.com/NIN9orL.jpg)", "date": "2014-12-30 11:54:41", "seriesname": "g1328_cn9f5l7", "file": "/media/jbrogan4/scratch2/Reddit_Prov_Dataset_v6/_Shotput_thrower_straining_himself/g1328_cn9f5l7.jpg", "URL": "http://i.imgur.com/NIN9orL.jpg", "fileid": "g1328_cn9f5l7.jpg"}, {"id": "g1328_cn9euf9", "comment": "http://i.imgur.com/cjZAmbt.jpg", "date": "2014-12-30 11:45:07", "seriesname": "g1328_cn9euf9", "file": "/media/jbrogan4/scratch2/Reddit_Prov_Dataset_v6/_Shotput_thrower_straining_himself/g1328_cn9euf9.jpg", "URL": "http://i.imgur.com/cjZAmbt.jpg", "fileid": "g1328_cn9euf9.jpg"}, {"id": "g1328_cn9e1y2", "comment": "[Swap Put](http://imgur.com/TgbXfYf)", "date": "2014-12-30 11:20:00", "seriesname": "g1328_cn9e1y2", "file": "/media/jbrogan4/scratch2/Reddit_Prov_Dataset_v6/_Shotput_thrower_straining_himself/g1328_cn9e1y2.png", "URL": "http://i.imgur.com/TgbXfYf.png", "fileid": "g1328_cn9e1y2.png"}, {"id": "g1328_cn9grll", "comment": "[He's no machump.](http://i.imgur.com/Fjwr4F4.png)", "date": "2014-12-30 12:42:23", "seriesname": "g1328_cn9grll", "file": "/media/jbrogan4/scratch2/Reddit_Prov_Dataset_v6/_Shotput_thrower_straining_himself/g1328_cn9grll.png", "URL": "http://i.imgur.com/Fjwr4F4.png", "fileid": "g1328_cn9grll.png"}, {"id": "g1328_cn9kcn5", "comment": "[Goro Wins... Flawless Victory... Fatality!](http://i.imgur.com/seuqwmW.png)", "date": "2014-12-30 14:25:53", "seriesname": "g1328_cn9kcn5", "file": "/media/jbrogan4/scratch2/Reddit_Prov_Dataset_v6/_Shotput_thrower_straining_himself/g1328_cn9kcn5.png", "URL": "http://i.imgur.com/seuqwmW.png", "fileid": "g1328_cn9kcn5.png"}, {"id": "g1328_cn9izm9", "comment": "[Life finds a way.](http://i.imgur.com/s0G1FNF.jpg)", "date": "2014-12-30 13:47:08", "seriesname": "g1328_cn9izm9", "file": "/media/jbrogan4/scratch2/Reddit_Prov_Dataset_v6/_Shotput_thrower_straining_himself/g1328_cn9izm9.jpg", "URL": "http://i.imgur.com/s0G1FNF.jpg", "fileid": "g1328_cn9izm9.jpg"}, {"id": "g1328_cn9k9l4", "comment": "Of course!! I knew it was missing something, but I couldn't think of what.\n\nThank you, [now he's complete.](http://i.imgur.com/H4vnDMR.jpg)", "date": "2014-12-30 14:23:28", "seriesname": "g1328_cn9k9l4", "file": "/media/jbrogan4/scratch2/Reddit_Prov_Dataset_v6/_Shotput_thrower_straining_himself/g1328_cn9k9l4.jpg", "URL": "http://i.imgur.com/H4vnDMR.jpg", "fileid": "g1328_cn9k9l4.jpg"}, {"id": "g1328_cn9i9g6", "comment": "[ I can ](http://i.imgur.com/HS95WHH.jpg?1)", "date": "2014-12-30 13:26:02", "seriesname": "g1328_cn9i9g6", "file": "/media/jbrogan4/scratch2/Reddit_Prov_Dataset_v6/_Shotput_thrower_straining_himself/g1328_cn9i9g6.jpg", "URL": "http://i.imgur.com/HS95WHH.jpg?1", "fileid": "g1328_cn9i9g6.jpg"}, {"id": "g1328_cn9oru2", "comment": "[Do you even lift bro?](http://imgur.com/wcJp0uk)", "date": "2014-12-30 16:31:44", "seriesname": "g1328_cn9oru2", "file": "/media/jbrogan4/scratch2/Reddit_Prov_Dataset_v6/_Shotput_thrower_straining_himself/g1328_cn9oru2.png", "URL": "http://i.imgur.com/wcJp0uk.png", "fileid": "g1328_cn9oru2.png"}, {"id": "g1328_cn9w9dc", "comment": "i made it a bit nicer [Leviosaaa lifting](http://i.imgur.com/natTSpF.jpg)\n\nha yeah this is so cool ! if you want i can add his name or a text or something specific for him ;)  ", "date": "2014-12-30 20:24:01", "seriesname": "g1328_cn9w9dc", "file": "/media/jbrogan4/scratch2/Reddit_Prov_Dataset_v6/_Shotput_thrower_straining_himself/g1328_cn9w9dc.jpg", "URL": "http://i.imgur.com/natTSpF.jpg", "fileid": "g1328_cn9w9dc.jpg"}, {"id": "g1328_cn9w68q", "comment": "hipster edition http://i.imgur.com/XGiFB2J.jpg\n\nedit: heh, here's the video of me making it.. enjoy https://www.youtube.com/watch?v=y1dRzXhfFzU", "date": "2014-12-30 20:21:02", "seriesname": "g1328_cn9w68q", "file": "/media/jbrogan4/scratch2/Reddit_Prov_Dataset_v6/_Shotput_thrower_straining_himself/g1328_cn9w68q.jpg", "URL": "http://i.imgur.com/XGiFB2J.jpg", "fileid": "g1328_cn9w68q.jpg"}, {"id": "g1328_cn9im6u", "comment": "[gif](http://i.imgur.com/5ANIaSN.gif)", "date": "2014-12-30 13:36:21", "seriesname": "g1328_cn9im6u", "file": "/media/jbrogan4/scratch2/Reddit_Prov_Dataset_v6/_Shotput_thrower_straining_himself/g1328_cn9im6u.jpg", "URL": "http://i.imgur.com/5ANIaSN.gif", "fileid": "g1328_cn9im6u.gif"}, {"id": "g1328_cn9eny1", "comment": "[I'll huff, and I'll puff...](http://i.imgur.com/I4UBODI.png)", "date": "2014-12-30 11:39:27", "seriesname": "g1328_cn9eny1", "file": "/media/jbrogan4/scratch2/Reddit_Prov_Dataset_v6/_Shotput_thrower_straining_himself/g1328_cn9eny1.png", "URL": "http://i.imgur.com/I4UBODI.png", "fileid": "g1328_cn9eny1.png"}, {"id": "g1328_cn9hxk4", "comment": "[HOOOOOOOO!](http://i.imgur.com/hLZ7mvG.jpg)", "date": "2014-12-30 13:16:29", "seriesname": "g1328_cn9hxk4", "file": "/media/jbrogan4/scratch2/Reddit_Prov_Dataset_v6/_Shotput_thrower_straining_himself/g1328_cn9hxk4.jpg", "URL": "http://i.imgur.com/hLZ7mvG.jpg", "fileid": "g1328_cn9hxk4.jpg"}, {"id": "g1328_cn9gh38", "comment": "[this human head weighs 16lbs](http://imgur.com/6FU8ndV)", "date": "2014-12-30 12:33:52", "seriesname": "g1328_cn9gh38", "file": "/media/jbrogan4/scratch2/Reddit_Prov_Dataset_v6/_Shotput_thrower_straining_himself/g1328_cn9gh38.png", "URL": "http://i.imgur.com/6FU8ndV.png", "fileid": "g1328_cn9gh38.png"}, {"id": "g1328_cna595n", "comment": "[Hurs Jurnie!](http://i.imgur.com/miZIeDm.jpg)", "date": "2014-12-31 02:05:40", "seriesname": "g1328_cna595n", "file": "/media/jbrogan4/scratch2/Reddit_Prov_Dataset_v6/_Shotput_thrower_straining_himself/g1328_cna595n.jpg", "URL": "http://i.imgur.com/miZIeDm.jpg", "fileid": "g1328_cna595n.jpg"}, {"id": "g1328_cn9eomm", "comment": "[impossibru](http://i.imgur.com/uEd6uxs.jpg)", "date": "2014-12-30 11:40:05", "seriesname": "g1328_cn9eomm", "file": "/media/jbrogan4/scratch2/Reddit_Prov_Dataset_v6/_Shotput_thrower_straining_himself/g1328_cn9eomm.jpg", "URL": "http://i.imgur.com/uEd6uxs.jpg", "fileid": "g1328_cn9eomm.jpg"}, {"id": "g1328_cn9iyab", "comment": "\nWatch out, he's infected!\nhttp://imgur.com/rH5RwUE\n\n", "date": "2014-12-30 13:46:06", "seriesname": "g1328_cn9iyab", "file": "/media/jbrogan4/scratch2/Reddit_Prov_Dataset_v6/_Shotput_thrower_straining_himself/g1328_cn9iyab.png", "URL": "http://i.imgur.com/rH5RwUE.png", "fileid": "g1328_cn9iyab.png"}, {"id": "g1328_cn9j3i4", "comment": "[dununununununununnununu Batmaennnn](http://i.imgur.com/IRfFxKa.png)", "date": "2014-12-30 13:50:16", "seriesname": "g1328_cn9j3i4", "file": "/media/jbrogan4/scratch2/Reddit_Prov_Dataset_v6/_Shotput_thrower_straining_himself/g1328_cn9j3i4.png", "URL": "http://i.imgur.com/IRfFxKa.png", "fileid": "g1328_cn9j3i4.png"}, {"id": "g1328_cnx0hac", "comment": "http://imgur.com/1MQY1GM\n", "date": "2015-01-22 02:39:17", "seriesname": "g1328_cnx0hac", "file": "/media/jbrogan4/scratch2/Reddit_Prov_Dataset_v6/_Shotput_thrower_straining_himself/g1328_cnx0hac.png", "URL": "http://i.imgur.com/1MQY1GM.png", "fileid": "g1328_cnx0hac.png"}, {"id": "g1328_cn9eln6", "comment": "[Not exactly extreme, but rather photogenetic shotput thrower.](http://i.imgur.com/ykha4hQ.jpg)", "date": "2014-12-30 11:37:32", "seriesname": "g1328_cn9eln6", "file": "/media/jbrogan4/scratch2/Reddit_Prov_Dataset_v6/_Shotput_thrower_straining_himself/g1328_cn9eln6.jpg", "URL": "http://i.imgur.com/ykha4hQ.jpg", "fileid": "g1328_cn9eln6.jpg"}, {"id": "g1328_cn9gkud", "comment": "[Do I get to say thank you this time?](http://i.imgur.com/WKg4CMH.png)", "date": "2014-12-30 12:36:54", "seriesname": "g1328_cn9gkud", "file": "/media/jbrogan4/scratch2/Reddit_Prov_Dataset_v6/_Shotput_thrower_straining_himself/g1328_cn9gkud.png", "URL": "http://i.imgur.com/WKg4CMH.png", "fileid": "g1328_cn9gkud.png"}, {"id": "g1328_cn9fn7q", "comment": "[Guys, look, it's Pluto!](http://i.imgur.com/Tu9lwTw.png)", "date": "2014-12-30 12:09:18", "seriesname": "g1328_cn9fn7q", "file": "/media/jbrogan4/scratch2/Reddit_Prov_Dataset_v6/_Shotput_thrower_straining_himself/g1328_cn9fn7q.png", "URL": "http://i.imgur.com/Tu9lwTw.png", "fileid": "g1328_cn9fn7q.png"}, {"id": "g1328_cn9giov", "comment": "[Can't beat the champ](http://m.imgur.com/oP7SVnx)", "date": "2014-12-30 12:35:10", "seriesname": "g1328_cn9giov", "file": "/media/jbrogan4/scratch2/Reddit_Prov_Dataset_v6/_Shotput_thrower_straining_himself/g1328_cn9giov.png", "URL": "http://i.imgur.com/oP7SVnx.png", "fileid": "g1328_cn9giov.png"}, {"id": "g1328_cn9f7lg", "comment": "[Maybe it's Maybelline.](http://i.imgur.com/smdV5dY.png)", "date": "2014-12-30 11:56:21", "seriesname": "g1328_cn9f7lg", "file": "/media/jbrogan4/scratch2/Reddit_Prov_Dataset_v6/_Shotput_thrower_straining_himself/g1328_cn9f7lg.png", "URL": "http://i.imgur.com/smdV5dY.png", "fileid": "g1328_cn9f7lg.png"}, {"id": "g1328_cn9omvo", "comment": "[Er werna beh de burry burst](http://i.imgur.com/vQiFdzY.jpg)", "date": "2014-12-30 16:27:53", "seriesname": "g1328_cn9omvo", "file": "/media/jbrogan4/scratch2/Reddit_Prov_Dataset_v6/_Shotput_thrower_straining_himself/g1328_cn9omvo.jpg", "URL": "http://i.imgur.com/vQiFdzY.jpg", "fileid": "g1328_cn9omvo.jpg"}, {"id": "g1328_cn9pzaz", "comment": "[Zangief street fighter](http://i.imgur.com/UwJd4JR.jpg)", "date": "2014-12-30 17:06:31", "seriesname": "g1328_cn9pzaz", "file": "/media/jbrogan4/scratch2/Reddit_Prov_Dataset_v6/_Shotput_thrower_straining_himself/g1328_cn9pzaz.jpg", "URL": "http://i.imgur.com/UwJd4JR.jpg", "fileid": "g1328_cn9pzaz.jpg"}, {"id": "g1328_cn9osva", "comment": "[I really botched my attempt](http://imgur.com/gallery/7di0R7y)", "date": "2014-12-30 16:32:33", "seriesname": "g1328_cn9osva", "file": "/media/jbrogan4/scratch2/Reddit_Prov_Dataset_v6/_Shotput_thrower_straining_himself/g1328_cn9osva.png", "URL": "http://i.imgur.com/7di0R7y.png", "fileid": "g1328_cn9osva.png"}, {"id": "g1328_cn9hjxp", "comment": "The rare [Great Bearded Plaice](http://imgur.com/CDB3oYR)", "date": "2014-12-30 13:05:23", "seriesname": "g1328_cn9hjxp", "file": "/media/jbrogan4/scratch2/Reddit_Prov_Dataset_v6/_Shotput_thrower_straining_himself/g1328_cn9hjxp.png", "URL": "http://i.imgur.com/CDB3oYR.png", "fileid": "g1328_cn9hjxp.png"}, {"id": "g1328_cn9gp4r", "comment": "[Taking it back to a PsBattle from last year](http://i.imgur.com/QDJvI1a.jpg)\n\nEdit: [This one](http://www.reddit.com/r/photoshopbattles/comments/1q9t0v/woman_holding_milkshakes_walks_into_a_glass_door/)", "date": "2014-12-30 12:40:21", "seriesname": "g1328_cn9gp4r", "file": "/media/jbrogan4/scratch2/Reddit_Prov_Dataset_v6/_Shotput_thrower_straining_himself/g1328_cn9gp4r.jpg", "URL": "http://i.imgur.com/QDJvI1a.jpg", "fileid": "g1328_cn9gp4r.jpg"}, {"id": "g1328_cn9hqc8", "comment": "[Durff - The Dumbest Drunken Dwarf](http://i.imgur.com/DEClwJN.jpg)", "date": "2014-12-30 13:10:37", "seriesname": "g1328_cn9hqc8", "file": "/media/jbrogan4/scratch2/Reddit_Prov_Dataset_v6/_Shotput_thrower_straining_himself/g1328_cn9hqc8.jpg", "URL": "http://i.imgur.com/DEClwJN.jpg", "fileid": "g1328_cn9hqc8.jpg"}, {"id": "g1328_cna4i8j", "comment": "[The shot hates getting thrown, so he punched the thrower in the face](http://imgur.com/DhHPmdO)", "date": "2014-12-31 01:27:47", "seriesname": "g1328_cna4i8j", "file": "/media/jbrogan4/scratch2/Reddit_Prov_Dataset_v6/_Shotput_thrower_straining_himself/g1328_cna4i8j.png", "URL": "http://i.imgur.com/DhHPmdO.png", "fileid": "g1328_cna4i8j.png"}, {"id": "g1328_cn9glxo", "comment": "[leviosaaa](http://i.imgur.com/mpGoXBJ.jpg)", "date": "2014-12-30 12:37:44", "seriesname": "g1328_cn9glxo", "file": "/media/jbrogan4/scratch2/Reddit_Prov_Dataset_v6/_Shotput_thrower_straining_himself/g1328_cn9glxo.jpg", "URL": "http://i.imgur.com/mpGoXBJ.jpg", "fileid": "g1328_cn9glxo.jpg"}, {"id": "g1328_cn9ipwa", "comment": "[Pudge](https://i.imgur.com/27gaixQ.jpg)", "date": "2014-12-30 13:39:23", "seriesname": "g1328_cn9ipwa", "file": "/media/jbrogan4/scratch2/Reddit_Prov_Dataset_v6/_Shotput_thrower_straining_himself/g1328_cn9ipwa.jpg", "URL": "https://i.imgur.com/27gaixQ.jpg", "fileid": "g1328_cn9ipwa.jpg"}, {"id": "g1328_cn9zsyp", "comment": "http://imgur.com/ucTk9YQ", "date": "2014-12-30 22:25:52", "seriesname": "g1328_cn9zsyp", "file": "/media/jbrogan4/scratch2/Reddit_Prov_Dataset_v6/_Shotput_thrower_straining_himself/g1328_cn9zsyp.png", "URL": "http://i.imgur.com/ucTk9YQ.png", "fileid": "g1328_cn9zsyp.png"}, {"id": "g1328_cn9fhgr", "comment": "[TKO](http://i.imgur.com/NbQ8uZB.jpg)\n\nEdit: Whoa. Gold. Thanks, strangers!", "date": "2014-12-30 12:04:35", "seriesname": "g1328_cn9fhgr", "file": "/media/jbrogan4/scratch2/Reddit_Prov_Dataset_v6/_Shotput_thrower_straining_himself/g1328_cn9fhgr.jpg", "URL": "http://i.imgur.com/NbQ8uZB.jpg", "fileid": "g1328_cn9fhgr.jpg"}, {"id": "g1328_cna2wtv", "comment": "[Little did the boy know where the water was coming from...](http://i.imgur.com/7GJeF8U.jpg)", "date": "2014-12-31 00:19:44", "seriesname": "g1328_cna2wtv", "file": "/media/jbrogan4/scratch2/Reddit_Prov_Dataset_v6/_Shotput_thrower_straining_himself/g1328_cna2wtv.jpg", "URL": "http://i.imgur.com/7GJeF8U.jpg", "fileid": "g1328_cna2wtv.jpg"}, {"id": "g1328_cn9gbpn", "comment": "[\"I'm king of the world!\"](http://i.imgur.com/xErc2oh.png)", "date": "2014-12-30 12:29:31", "seriesname": "g1328_cn9gbpn", "file": "/media/jbrogan4/scratch2/Reddit_Prov_Dataset_v6/_Shotput_thrower_straining_himself/g1328_cn9gbpn.png", "URL": "http://i.imgur.com/xErc2oh.png", "fileid": "g1328_cn9gbpn.png"}, {"id": "g1328_cn9gr3z", "comment": "[Duckface Selfie!](http://imgur.com/uwPs6SK)", "date": "2014-12-30 12:41:57", "seriesname": "g1328_cn9gr3z", "file": "/media/jbrogan4/scratch2/Reddit_Prov_Dataset_v6/_Shotput_thrower_straining_himself/g1328_cn9gr3z.png", "URL": "http://i.imgur.com/uwPs6SK.png", "fileid": "g1328_cn9gr3z.png"}, {"id": "g1328_cn9hcz7", "comment": "[blubb](http://i.imgur.com/G05Uek9.jpg?1)", "date": "2014-12-30 12:59:47", "seriesname": "g1328_cn9hcz7", "file": "/media/jbrogan4/scratch2/Reddit_Prov_Dataset_v6/_Shotput_thrower_straining_himself/g1328_cn9hcz7.jpg", "URL": "http://i.imgur.com/G05Uek9.jpg?1", "fileid": "g1328_cn9hcz7.jpg"}, {"id": "g1328_cn9nl8s", "comment": "World's best whistler\n\n[Imgur](http://i.imgur.com/QM8RHnt.jpg?1)", "date": "2014-12-30 15:57:57", "seriesname": "g1328_cn9nl8s", "file": "/media/jbrogan4/scratch2/Reddit_Prov_Dataset_v6/_Shotput_thrower_straining_himself/g1328_cn9nl8s.jpg", "URL": "http://i.imgur.com/QM8RHnt.jpg?1", "fileid": "g1328_cn9nl8s.jpg"}, {"id": "g1328_cn9psmx", "comment": "Here's [the face **I** usually make, anyway ...](http://i.imgur.com/6ONpkPk.png)", "date": "2014-12-30 17:01:03", "seriesname": "g1328_cn9psmx", "file": "/media/jbrogan4/scratch2/Reddit_Prov_Dataset_v6/_Shotput_thrower_straining_himself/g1328_cn9psmx.png", "URL": "http://i.imgur.com/6ONpkPk.png", "fileid": "g1328_cn9psmx.png"}, {"id": "g1328_cn9gai5", "comment": "[Would you rather...](http://i.imgur.com/SR3e7BI.jpg)", "date": "2014-12-30 12:28:34", "seriesname": "g1328_cn9gai5", "file": "/media/jbrogan4/scratch2/Reddit_Prov_Dataset_v6/_Shotput_thrower_straining_himself/g1328_cn9gai5.jpg", "URL": "http://i.imgur.com/SR3e7BI.jpg", "fileid": "g1328_cn9gai5.jpg"}, {"id": "g1328_cn9rspm", "comment": "[Face swap](http://i.imgur.com/erHohXG.jpg)", "date": "2014-12-30 18:00:34", "seriesname": "g1328_cn9rspm", "file": "/media/jbrogan4/scratch2/Reddit_Prov_Dataset_v6/_Shotput_thrower_straining_himself/g1328_cn9rspm.jpg", "URL": "http://i.imgur.com/erHohXG.jpg", "fileid": "g1328_cn9rspm.jpg"}, {"id": "g1328_cn9k6om", "comment": "[Scarface](http://imgur.com/UPvDo6C)", "date": "2014-12-30 14:21:12", "seriesname": "g1328_cn9k6om", "file": "/media/jbrogan4/scratch2/Reddit_Prov_Dataset_v6/_Shotput_thrower_straining_himself/g1328_cn9k6om.png", "URL": "http://i.imgur.com/UPvDo6C.png", "fileid": "g1328_cn9k6om.png"}, {"id": "g1328_cn9hp2e", "comment": "[Me n bae](http://i.imgur.com/1WDRhDG.jpg)", "date": "2014-12-30 13:09:35", "seriesname": "g1328_cn9hp2e", "file": "/media/jbrogan4/scratch2/Reddit_Prov_Dataset_v6/_Shotput_thrower_straining_himself/g1328_cn9hp2e.jpg", "URL": "http://i.imgur.com/1WDRhDG.jpg", "fileid": "g1328_cn9hp2e.jpg"}, {"id": "g1328_cn9frbi", "comment": "[Somebody had to give her that initial push...](http://i.imgur.com/ElCo1KC.jpg)", "date": "2014-12-30 12:12:44", "seriesname": "g1328_cn9frbi", "file": "/media/jbrogan4/scratch2/Reddit_Prov_Dataset_v6/_Shotput_thrower_straining_himself/g1328_cn9frbi.jpg", "URL": "http://i.imgur.com/ElCo1KC.jpg", "fileid": "g1328_cn9frbi.jpg"}, {"id": "g1328_cn9tzwb", "comment": "[He really likes his hammer](http://i.imgur.com/WisewNb.jpg)\n", "date": "2014-12-30 19:09:51", "seriesname": "g1328_cn9tzwb", "file": "/media/jbrogan4/scratch2/Reddit_Prov_Dataset_v6/_Shotput_thrower_straining_himself/g1328_cn9tzwb.jpg", "URL": "http://i.imgur.com/WisewNb.jpg", "fileid": "g1328_cn9tzwb.jpg"}, {"id": "g1328_cn9ibjp", "comment": "[The original](http://i.imgur.com/a3en62K.jpg)", "date": "2014-12-30 13:27:45", "seriesname": "g1328_cn9ibjp", "file": "/media/jbrogan4/scratch2/Reddit_Prov_Dataset_v6/_Shotput_thrower_straining_himself/g1328_cn9ibjp.jpg", "URL": "http://i.imgur.com/a3en62K.jpg", "fileid": "g1328_cn9ibjp.jpg"}, {"id": "g1328_cn9pux5", "comment": "http://i.imgur.com/Tj7leGT.jpg?1", "date": "2014-12-30 17:02:55", "seriesname": "g1328_cn9pux5", "file": "/media/jbrogan4/scratch2/Reddit_Prov_Dataset_v6/_Shotput_thrower_straining_himself/g1328_cn9pux5.jpg", "URL": "http://i.imgur.com/Tj7leGT.jpg?1", "fileid": "g1328_cn9pux5.jpg"}, {"id": "g1328_root", "comment": "", "date": "2014-12-30 10:02:42", "seriesname": "g1328_root", "file": "/media/jbrogan4/scratch2/Reddit_Prov_Dataset_v6/_Shotput_thrower_straining_himself/g1328_root.jpg", "URL": "http://i.imgur.com/g7JkA6w.jpg", "fileid": "g1328_root.jpg"}, {"id": "g1328_cn9g8k2", "comment": "[Bigfoot](http://i.imgur.com/RwVZr9G.jpg)", "date": "2014-12-30 12:26:56", "seriesname": "g1328_cn9g8k2", "file": "/media/jbrogan4/scratch2/Reddit_Prov_Dataset_v6/_Shotput_thrower_straining_himself/g1328_cn9g8k2.jpg", "URL": "http://i.imgur.com/RwVZr9G.jpg", "fileid": "g1328_cn9g8k2.jpg"}, {"id": "g1328_cn9ellt", "comment": "[isn't he the **rage guy**?](http://i.imgur.com/ZL4JAML.jpg)", "date": "2014-12-30 11:37:30", "seriesname": "g1328_cn9ellt", "file": "/media/jbrogan4/scratch2/Reddit_Prov_Dataset_v6/_Shotput_thrower_straining_himself/g1328_cn9ellt.jpg", "URL": "http://i.imgur.com/ZL4JAML.jpg", "fileid": "g1328_cn9ellt.jpg"}], "graph": {"name": "g1328_root"}, "directed": true}