{"links": [{"op": "none", "target": 0, "source": 59}, {"op": "none", "target": 1, "source": 43}, {"op": "none", "target": 2, "source": 59}, {"op": "none", "target": 3, "source": 59}, {"op": "none", "target": 4, "source": 59}, {"op": "none", "target": 5, "source": 7}, {"op": "none", "target": 6, "source": 59}, {"op": "none", "target": 7, "source": 59}, {"op": "none", "target": 8, "source": 59}, {"op": "none", "target": 9, "source": 59}, {"op": "none", "target": 10, "source": 59}, {"op": "none", "target": 11, "source": 59}, {"op": "none", "target": 12, "source": 59}, {"op": "none", "target": 13, "source": 59}, {"op": "none", "target": 14, "source": 59}, {"op": "none", "target": 15, "source": 59}, {"op": "none", "target": 16, "source": 59}, {"op": "none", "target": 17, "source": 59}, {"op": "none", "target": 18, "source": 59}, {"op": "none", "target": 19, "source": 59}, {"op": "none", "target": 20, "source": 35}, {"op": "none", "target": 21, "source": 59}, {"op": "none", "target": 22, "source": 59}, {"op": "none", "target": 23, "source": 59}, {"op": "none", "target": 24, "source": 59}, {"op": "none", "target": 25, "source": 59}, {"op": "none", "target": 26, "source": 59}, {"op": "none", "target": 27, "source": 59}, {"op": "none", "target": 28, "source": 59}, {"op": "none", "target": 29, "source": 5}, {"op": "none", "target": 30, "source": 59}, {"op": "none", "target": 31, "source": 59}, {"op": "none", "target": 32, "source": 59}, {"op": "none", "target": 33, "source": 59}, {"op": "none", "target": 34, "source": 59}, {"op": "none", "target": 35, "source": 59}, {"op": "none", "target": 36, "source": 59}, {"op": "none", "target": 37, "source": 59}, {"op": "none", "target": 38, "source": 3}, {"op": "none", "target": 39, "source": 59}, {"op": "none", "target": 40, "source": 6}, {"op": "none", "target": 41, "source": 59}, {"op": "none", "target": 42, "source": 59}, {"op": "none", "target": 43, "source": 59}, {"op": "none", "target": 44, "source": 59}, {"op": "none", "target": 45, "source": 6}, {"op": "none", "target": 46, "source": 59}, {"op": "none", "target": 47, "source": 59}, {"op": "none", "target": 48, "source": 59}, {"op": "none", "target": 49, "source": 59}, {"op": "none", "target": 50, "source": 35}, {"op": "none", "target": 51, "source": 59}, {"op": "none", "target": 52, "source": 59}, {"op": "none", "target": 53, "source": 59}, {"op": "none", "target": 54, "source": 59}, {"op": "none", "target": 55, "source": 59}, {"op": "none", "target": 56, "source": 59}, {"op": "none", "target": 57, "source": 59}, {"op": "none", "target": 58, "source": 59}, {"op": "none", "target": 60, "source": 59}], "title": "_This_ridiculously_photogenic_neanderthal", "nodes": [{"id": "g1322_d04u1dm", "comment": "[Dead Sexy](http://i.imgur.com/VRcZTw0.jpg)", "date": "2016-02-18 14:02:10", "seriesname": "g1322_d04u1dm", "file": "/media/jbrogan4/scratch2/Reddit_Prov_Dataset_v6/_This_ridiculously_photogenic_neanderthal/g1322_d04u1dm.jpg", "URL": "http://i.imgur.com/VRcZTw0.jpg", "fileid": "g1322_d04u1dm.jpg"}, {"id": "g1322_d04izrw", "comment": "[Hmm?](http://i.imgur.com/kTpNxbQ.jpg)\n\n[I guess you're right.](http://i.imgur.com/Tj45yLi.jpg)", "date": "2016-02-18 09:57:44", "seriesname": "g1322_d04izrw", "file": "/media/jbrogan4/scratch2/Reddit_Prov_Dataset_v6/_This_ridiculously_photogenic_neanderthal/g1322_d04izrw.jpg", "URL": "http://i.imgur.com/Tj45yLi.jpg", "fileid": "g1322_d04izrw.jpg"}, {"id": "g1322_d04t5lt", "comment": "[Have you ever wondered if there was more to life, other than being really, really, ridiculously good looking?] (http://i.imgur.com/ouiYvCA.jpg)\n  (Zoorglander)", "date": "2016-02-18 13:44:31", "seriesname": "g1322_d04t5lt", "file": "/media/jbrogan4/scratch2/Reddit_Prov_Dataset_v6/_This_ridiculously_photogenic_neanderthal/g1322_d04t5lt.jpg", "URL": "http://i.imgur.com/ouiYvCA.jpg", "fileid": "g1322_d04t5lt.jpg"}, {"id": "g1322_d04ozy5", "comment": "[He got scouted pretty quick.](http://i.imgur.com/gg5IESA.jpg)", "date": "2016-02-18 12:18:32", "seriesname": "g1322_d04ozy5", "file": "/media/jbrogan4/scratch2/Reddit_Prov_Dataset_v6/_This_ridiculously_photogenic_neanderthal/g1322_d04ozy5.jpg", "URL": "http://i.imgur.com/gg5IESA.jpg", "fileid": "g1322_d04ozy5.jpg"}, {"id": "g1322_d04i07b", "comment": "[dubya](http://imgur.com/o0Orn3o)", "date": "2016-02-18 09:29:28", "seriesname": "g1322_d04i07b", "file": "/media/jbrogan4/scratch2/Reddit_Prov_Dataset_v6/_This_ridiculously_photogenic_neanderthal/g1322_d04i07b.png", "URL": "http://i.imgur.com/o0Orn3o.png", "fileid": "g1322_d04i07b.png"}, {"id": "g1322_d04hrsj", "comment": "[Is that you Captain Sasquatch?](http://i.imgur.com/QBHm3VM.jpg)", "date": "2016-02-18 09:22:16", "seriesname": "g1322_d04hrsj", "file": "/media/jbrogan4/scratch2/Reddit_Prov_Dataset_v6/_This_ridiculously_photogenic_neanderthal/g1322_d04hrsj.jpg", "URL": "http://i.imgur.com/QBHm3VM.jpg", "fileid": "g1322_d04hrsj.jpg"}, {"id": "g1322_d04kbvx", "comment": "[He looks even more photogenic when he's running!](http://imgur.com/sBVSED9)", "date": "2016-02-18 10:32:05", "seriesname": "g1322_d04kbvx", "file": "/media/jbrogan4/scratch2/Reddit_Prov_Dataset_v6/_This_ridiculously_photogenic_neanderthal/g1322_d04kbvx.png", "URL": "http://i.imgur.com/sBVSED9.png", "fileid": "g1322_d04kbvx.png"}, {"id": "g1322_d04h9st", "comment": "[Biden](http://i.imgur.com/ABsYcM0.jpg)", "date": "2016-02-18 09:06:19", "seriesname": "g1322_d04h9st", "file": "/media/jbrogan4/scratch2/Reddit_Prov_Dataset_v6/_This_ridiculously_photogenic_neanderthal/g1322_d04h9st.jpg", "URL": "http://i.imgur.com/ABsYcM0.jpg", "fileid": "g1322_d04h9st.jpg"}, {"id": "g1322_d04imiq", "comment": "[Good looks must run in the family](http://i.imgur.com/5osG6qx.jpg)", "date": "2016-02-18 09:47:39", "seriesname": "g1322_d04imiq", "file": "/media/jbrogan4/scratch2/Reddit_Prov_Dataset_v6/_This_ridiculously_photogenic_neanderthal/g1322_d04imiq.jpg", "URL": "http://i.imgur.com/5osG6qx.jpg", "fileid": "g1322_d04imiq.jpg"}, {"id": "g1322_d04xcc9", "comment": "[Aaaaand it's the new hair trend](http://imgur.com/K3GO4K0)", "date": "2016-02-18 15:09:14", "seriesname": "g1322_d04xcc9", "file": "/media/jbrogan4/scratch2/Reddit_Prov_Dataset_v6/_This_ridiculously_photogenic_neanderthal/g1322_d04xcc9.png", "URL": "http://i.imgur.com/K3GO4K0.png", "fileid": "g1322_d04xcc9.png"}, {"id": "g1322_d04pwex", "comment": "[And the best album of the neanderthal period goes tooooooo....](http://i.imgur.com/4YqloqP.png)", "date": "2016-02-18 12:37:26", "seriesname": "g1322_d04pwex", "file": "/media/jbrogan4/scratch2/Reddit_Prov_Dataset_v6/_This_ridiculously_photogenic_neanderthal/g1322_d04pwex.png", "URL": "http://i.imgur.com/4YqloqP.png", "fileid": "g1322_d04pwex.png"}, {"id": "g1322_d04qv34", "comment": "[Key Demographic](http://i.imgur.com/TqHqsn5.jpg)", "date": "2016-02-18 12:57:23", "seriesname": "g1322_d04qv34", "file": "/media/jbrogan4/scratch2/Reddit_Prov_Dataset_v6/_This_ridiculously_photogenic_neanderthal/g1322_d04qv34.jpg", "URL": "http://i.imgur.com/TqHqsn5.jpg", "fileid": "g1322_d04qv34.jpg"}, {"id": "g1322_d04sdkb", "comment": "It was either this or a tattoo of \"Unga Forever\" \n\nhttp://imgur.com/1pjERwe", "date": "2016-02-18 13:28:39", "seriesname": "g1322_d04sdkb", "file": "/media/jbrogan4/scratch2/Reddit_Prov_Dataset_v6/_This_ridiculously_photogenic_neanderthal/g1322_d04sdkb.png", "URL": "http://i.imgur.com/1pjERwe.png", "fileid": "g1322_d04sdkb.png"}, {"id": "g1322_d04nnrb", "comment": "[The Neanderthal Office](http://imgur.com/PPH0bCT) just didn't hold up as well as the UK or US version.", "date": "2016-02-18 11:49:30", "seriesname": "g1322_d04nnrb", "file": "/media/jbrogan4/scratch2/Reddit_Prov_Dataset_v6/_This_ridiculously_photogenic_neanderthal/g1322_d04nnrb.png", "URL": "http://i.imgur.com/PPH0bCT.png", "fileid": "g1322_d04nnrb.png"}, {"id": "g1322_d04ibtz", "comment": "[Neanderthal gets a street makeover](http://i.imgur.com/wMhhqjB.png)", "date": "2016-02-18 09:39:05", "seriesname": "g1322_d04ibtz", "file": "/media/jbrogan4/scratch2/Reddit_Prov_Dataset_v6/_This_ridiculously_photogenic_neanderthal/g1322_d04ibtz.png", "URL": "http://i.imgur.com/wMhhqjB.png", "fileid": "g1322_d04ibtz.png"}, {"id": "g1322_d04nb7s", "comment": "[I side with Google](http://i.imgur.com/64vbn3j.jpg)", "date": "2016-02-18 11:41:48", "seriesname": "g1322_d04nb7s", "file": "/media/jbrogan4/scratch2/Reddit_Prov_Dataset_v6/_This_ridiculously_photogenic_neanderthal/g1322_d04nb7s.jpg", "URL": "http://i.imgur.com/64vbn3j.jpg", "fileid": "g1322_d04nb7s.jpg"}, {"id": "g1322_d04kgs8", "comment": "[Don't mind me, just chasing after a woolly mammoth...](http://imgur.com/LwXHWMP)", "date": "2016-02-18 10:35:28", "seriesname": "g1322_d04kgs8", "file": "/media/jbrogan4/scratch2/Reddit_Prov_Dataset_v6/_This_ridiculously_photogenic_neanderthal/g1322_d04kgs8.png", "URL": "http://i.imgur.com/LwXHWMP.png", "fileid": "g1322_d04kgs8.png"}, {"id": "g1322_d04imj5", "comment": "Halpert\n\nhttp://i.imgur.com/R23rL4b.jpg", "date": "2016-02-18 09:47:40", "seriesname": "g1322_d04imj5", "file": "/media/jbrogan4/scratch2/Reddit_Prov_Dataset_v6/_This_ridiculously_photogenic_neanderthal/g1322_d04imj5.jpg", "URL": "http://i.imgur.com/R23rL4b.jpg", "fileid": "g1322_d04imj5.jpg"}, {"id": "g1322_d04ydpw", "comment": "[4 score and 20 million years ago... ](http://i.imgur.com/01lB8T5.png)  ", "date": "2016-02-18 15:30:36", "seriesname": "g1322_d04ydpw", "file": "/media/jbrogan4/scratch2/Reddit_Prov_Dataset_v6/_This_ridiculously_photogenic_neanderthal/g1322_d04ydpw.png", "URL": "http://i.imgur.com/01lB8T5.png", "fileid": "g1322_d04ydpw.png"}, {"id": "g1322_d04jsvx", "comment": "[Neanderthal - Esquire Magazine Front Page](http://i.imgur.com/np9M3YF.jpg)", "date": "2016-02-18 10:19:06", "seriesname": "g1322_d04jsvx", "file": "/media/jbrogan4/scratch2/Reddit_Prov_Dataset_v6/_This_ridiculously_photogenic_neanderthal/g1322_d04jsvx.jpg", "URL": "http://i.imgur.com/np9M3YF.jpg", "fileid": "g1322_d04jsvx.jpg"}, {"id": "g1322_d04lcfp", "comment": "[I got your back, buddy.](http://i.imgur.com/j7LDrUc.jpg)", "date": "2016-02-18 10:56:44", "seriesname": "g1322_d04lcfp", "file": "/media/jbrogan4/scratch2/Reddit_Prov_Dataset_v6/_This_ridiculously_photogenic_neanderthal/g1322_d04lcfp.jpg", "URL": "http://i.imgur.com/j7LDrUc.jpg", "fileid": "g1322_d04lcfp.jpg"}, {"id": "g1322_d0500te", "comment": "[http://i.imgur.com/hYMiExp.jpg](http://i.imgur.com/hYMiExp.jpg)", "date": "2016-02-18 16:04:56", "seriesname": "g1322_d0500te", "file": "/media/jbrogan4/scratch2/Reddit_Prov_Dataset_v6/_This_ridiculously_photogenic_neanderthal/g1322_d0500te.jpg", "URL": "http://i.imgur.com/hYMiExp.jpg](http://i.imgur.com/hYMiExp.jpg", "fileid": "g1322_d0500te.jpg"}, {"id": "g1322_d04q35k", "comment": "\"We have seen some real Neanderthals on the field for this 6 nations!\"\nhttp://i.imgur.com/sfmq5Yy.jpg\n\nSorry for the crapness, I did this very quickly as I am a little late to the party and between meetings so pushed. But it made me smile", "date": "2016-02-18 12:41:27", "seriesname": "g1322_d04q35k", "file": "/media/jbrogan4/scratch2/Reddit_Prov_Dataset_v6/_This_ridiculously_photogenic_neanderthal/g1322_d04q35k.jpg", "URL": "http://i.imgur.com/sfmq5Yy.jpg", "fileid": "g1322_d04q35k.jpg"}, {"id": "g1322_d04iedi", "comment": "[Bond, James Bond.](http://i.imgur.com/ZZshS7F.jpg)", "date": "2016-02-18 09:41:09", "seriesname": "g1322_d04iedi", "file": "/media/jbrogan4/scratch2/Reddit_Prov_Dataset_v6/_This_ridiculously_photogenic_neanderthal/g1322_d04iedi.jpg", "URL": "http://i.imgur.com/ZZshS7F.jpg", "fileid": "g1322_d04iedi.jpg"}, {"id": "g1322_d04oih5", "comment": "[Sorry Brady](http://imgur.com/g6vQFs7)", "date": "2016-02-18 12:08:08", "seriesname": "g1322_d04oih5", "file": "/media/jbrogan4/scratch2/Reddit_Prov_Dataset_v6/_This_ridiculously_photogenic_neanderthal/g1322_d04oih5.png", "URL": "http://i.imgur.com/g6vQFs7.png", "fileid": "g1322_d04oih5.png"}, {"id": "g1322_d04i71n", "comment": "[Rediculously photogenic pen troll](http://i.imgur.com/PrKjIiq.jpg)", "date": "2016-02-18 09:35:12", "seriesname": "g1322_d04i71n", "file": "/media/jbrogan4/scratch2/Reddit_Prov_Dataset_v6/_This_ridiculously_photogenic_neanderthal/g1322_d04i71n.jpg", "URL": "http://i.imgur.com/PrKjIiq.jpg", "fileid": "g1322_d04i71n.jpg"}, {"id": "g1322_d04vkxy", "comment": "Wow, this guy charmed all of you with his dazzling smile! A productive afternoon at the office, I see.\n[Here's my contribution and thanks, old sport!](http://i.imgur.com/Ryoubjs.jpg)", "date": "2016-02-18 14:34:05", "seriesname": "g1322_d04vkxy", "file": "/media/jbrogan4/scratch2/Reddit_Prov_Dataset_v6/_This_ridiculously_photogenic_neanderthal/g1322_d04vkxy.jpg", "URL": "http://i.imgur.com/Ryoubjs.jpg", "fileid": "g1322_d04vkxy.jpg"}, {"id": "g1322_d04izfq", "comment": "But what do *I* know?  [I'm just a caveman...your world frightens and confuses me.](http://i.imgur.com/pFBQyLv.jpg)", "date": "2016-02-18 09:57:30", "seriesname": "g1322_d04izfq", "file": "/media/jbrogan4/scratch2/Reddit_Prov_Dataset_v6/_This_ridiculously_photogenic_neanderthal/g1322_d04izfq.jpg", "URL": "http://i.imgur.com/pFBQyLv.jpg", "fileid": "g1322_d04izfq.jpg"}, {"id": "g1322_d04jr9z", "comment": "Just wanted to share my favorite band: Neanderthal \n\nhttp://imgur.com/a5KjJBL", "date": "2016-02-18 10:17:58", "seriesname": "g1322_d04jr9z", "file": "/media/jbrogan4/scratch2/Reddit_Prov_Dataset_v6/_This_ridiculously_photogenic_neanderthal/g1322_d04jr9z.png", "URL": "http://i.imgur.com/a5KjJBL.png", "fileid": "g1322_d04jr9z.png"}, {"id": "g1322_d04ibs3", "comment": "[Invariably](http://i.imgur.com/Hs0bv0x.png)", "date": "2016-02-18 09:39:03", "seriesname": "g1322_d04ibs3", "file": "/media/jbrogan4/scratch2/Reddit_Prov_Dataset_v6/_This_ridiculously_photogenic_neanderthal/g1322_d04ibs3.png", "URL": "http://i.imgur.com/Hs0bv0x.png", "fileid": "g1322_d04ibs3.png"}, {"id": "g1322_d04kiww", "comment": "[**Ready for primetime**](http://i.imgur.com/kHhsN64.png)", "date": "2016-02-18 10:36:54", "seriesname": "g1322_d04kiww", "file": "/media/jbrogan4/scratch2/Reddit_Prov_Dataset_v6/_This_ridiculously_photogenic_neanderthal/g1322_d04kiww.png", "URL": "http://i.imgur.com/kHhsN64.png", "fileid": "g1322_d04kiww.png"}, {"id": "g1322_d04jatc", "comment": "[I'm into craft beer, live shows, and cave paintings. 5'5 since EVERYONE wants to know](http://imgur.com/7aWnucj)", "date": "2016-02-18 10:06:08", "seriesname": "g1322_d04jatc", "file": "/media/jbrogan4/scratch2/Reddit_Prov_Dataset_v6/_This_ridiculously_photogenic_neanderthal/g1322_d04jatc.png", "URL": "http://i.imgur.com/7aWnucj.png", "fileid": "g1322_d04jatc.png"}, {"id": "g1322_d04nbzk", "comment": "[Asking life's important questions](http://i.imgur.com/M27mvyX.jpg)", "date": "2016-02-18 11:42:15", "seriesname": "g1322_d04nbzk", "file": "/media/jbrogan4/scratch2/Reddit_Prov_Dataset_v6/_This_ridiculously_photogenic_neanderthal/g1322_d04nbzk.jpg", "URL": "http://i.imgur.com/M27mvyX.jpg", "fileid": "g1322_d04nbzk.jpg"}, {"id": "g1322_d04jmiw", "comment": "http://imgur.com/scVoUrY", "date": "2016-02-18 10:14:32", "seriesname": "g1322_d04jmiw", "file": "/media/jbrogan4/scratch2/Reddit_Prov_Dataset_v6/_This_ridiculously_photogenic_neanderthal/g1322_d04jmiw.png", "URL": "http://i.imgur.com/scVoUrY.png", "fileid": "g1322_d04jmiw.png"}, {"id": "g1322_d04k50a", "comment": "[Forte](http://i.imgur.com/4AZdGu5.png)", "date": "2016-02-18 10:27:26", "seriesname": "g1322_d04k50a", "file": "/media/jbrogan4/scratch2/Reddit_Prov_Dataset_v6/_This_ridiculously_photogenic_neanderthal/g1322_d04k50a.png", "URL": "http://i.imgur.com/4AZdGu5.png", "fileid": "g1322_d04k50a.png"}, {"id": "g1322_d04i4ul", "comment": "[This barely fits the description of \"photoshopping\" something, but I can't help it...it's what I see in this picture.](http://i.imgur.com/IFgF985.jpg)", "date": "2016-02-18 09:33:26", "seriesname": "g1322_d04i4ul", "file": "/media/jbrogan4/scratch2/Reddit_Prov_Dataset_v6/_This_ridiculously_photogenic_neanderthal/g1322_d04i4ul.jpg", "URL": "http://i.imgur.com/IFgF985.jpg", "fileid": "g1322_d04i4ul.jpg"}, {"id": "g1322_d04iuvw", "comment": "[There's Something About Zogg](http://i.imgur.com/RhpAs9g.jpg)", "date": "2016-02-18 09:54:05", "seriesname": "g1322_d04iuvw", "file": "/media/jbrogan4/scratch2/Reddit_Prov_Dataset_v6/_This_ridiculously_photogenic_neanderthal/g1322_d04iuvw.jpg", "URL": "http://i.imgur.com/RhpAs9g.jpg", "fileid": "g1322_d04iuvw.jpg"}, {"id": "g1322_d04j943", "comment": "[So hot right now](http://i.imgur.com/yXlLJxx.png)", "date": "2016-02-18 10:04:52", "seriesname": "g1322_d04j943", "file": "/media/jbrogan4/scratch2/Reddit_Prov_Dataset_v6/_This_ridiculously_photogenic_neanderthal/g1322_d04j943.png", "URL": "http://i.imgur.com/yXlLJxx.png", "fileid": "g1322_d04j943.png"}, {"id": "g1322_d04qj6x", "comment": "http://imgur.com/WlP9o2A", "date": "2016-02-18 12:50:34", "seriesname": "g1322_d04qj6x", "file": "/media/jbrogan4/scratch2/Reddit_Prov_Dataset_v6/_This_ridiculously_photogenic_neanderthal/g1322_d04qj6x.png", "URL": "http://i.imgur.com/WlP9o2A.png", "fileid": "g1322_d04qj6x.png"}, {"id": "g1322_d04peqd", "comment": "[His first job as a model.](http://imgur.com/RKlOx3V)", "date": "2016-02-18 12:27:07", "seriesname": "g1322_d04peqd", "file": "/media/jbrogan4/scratch2/Reddit_Prov_Dataset_v6/_This_ridiculously_photogenic_neanderthal/g1322_d04peqd.png", "URL": "http://i.imgur.com/RKlOx3V.png", "fileid": "g1322_d04peqd.png"}, {"id": "g1322_d05916l", "comment": "[Best I could do on mobile](http://imgur.com/PP6Rmpw)", "date": "2016-02-18 19:35:32", "seriesname": "g1322_d05916l", "file": "/media/jbrogan4/scratch2/Reddit_Prov_Dataset_v6/_This_ridiculously_photogenic_neanderthal/g1322_d05916l.png", "URL": "http://i.imgur.com/PP6Rmpw.png", "fileid": "g1322_d05916l.png"}, {"id": "g1322_d0586kj", "comment": "http://imgur.com/5QGVx74", "date": "2016-02-18 19:13:38", "seriesname": "g1322_d0586kj", "file": "/media/jbrogan4/scratch2/Reddit_Prov_Dataset_v6/_This_ridiculously_photogenic_neanderthal/g1322_d0586kj.png", "URL": "http://i.imgur.com/5QGVx74.png", "fileid": "g1322_d0586kj.png"}, {"id": "g1322_d04nl0l", "comment": "[das neanderthal](http://i.imgur.com/nhSQinl.jpg)", "date": "2016-02-18 11:47:48", "seriesname": "g1322_d04nl0l", "file": "/media/jbrogan4/scratch2/Reddit_Prov_Dataset_v6/_This_ridiculously_photogenic_neanderthal/g1322_d04nl0l.jpg", "URL": "http://i.imgur.com/nhSQinl.jpg", "fileid": "g1322_d04nl0l.jpg"}, {"id": "g1322_d04hdee", "comment": "[I just discovered this thing called fire\u2014you've probably never heard of it.](http://i.imgur.com/vPimV0Y.jpg)\n\n*Edit: [I discovered fair-trade and organic hair pomade as well.](http://i.imgur.com/tgu81Js.jpg)*", "date": "2016-02-18 09:09:40", "seriesname": "g1322_d04hdee", "file": "/media/jbrogan4/scratch2/Reddit_Prov_Dataset_v6/_This_ridiculously_photogenic_neanderthal/g1322_d04hdee.jpg", "URL": "http://i.imgur.com/tgu81Js.jpg)*", "fileid": "g1322_d04hdee.jpg*"}, {"id": "g1322_d04rhm6", "comment": "[Neander: the dating app](http://i.imgur.com/7ePShRy.gif)", "date": "2016-02-18 13:10:26", "seriesname": "g1322_d04rhm6", "file": "/media/jbrogan4/scratch2/Reddit_Prov_Dataset_v6/_This_ridiculously_photogenic_neanderthal/g1322_d04rhm6.jpg", "URL": "http://i.imgur.com/7ePShRy.gif", "fileid": "g1322_d04rhm6.gif"}, {"id": "g1322_d04xx12", "comment": "[50% of what you asked for](http://imgur.com/bZfnSeD.jpg)", "date": "2016-02-18 15:21:05", "seriesname": "g1322_d04xx12", "file": "/media/jbrogan4/scratch2/Reddit_Prov_Dataset_v6/_This_ridiculously_photogenic_neanderthal/g1322_d04xx12.jpg", "URL": "http://imgur.com/bZfnSeD.jpg", "fileid": "g1322_d04xx12.jpg"}, {"id": "g1322_d05c5jr", "comment": "[Those GEICO Cavemen, so hot right now!](http://i.imgur.com/YlGgXiu.png)", "date": "2016-02-18 20:56:03", "seriesname": "g1322_d05c5jr", "file": "/media/jbrogan4/scratch2/Reddit_Prov_Dataset_v6/_This_ridiculously_photogenic_neanderthal/g1322_d05c5jr.png", "URL": "http://i.imgur.com/YlGgXiu.png", "fileid": "g1322_d05c5jr.png"}, {"id": "g1322_d04jcx2", "comment": "[Blue Steel](http://i.imgur.com/bzJIbPc.jpg)", "date": "2016-02-18 10:07:41", "seriesname": "g1322_d04jcx2", "file": "/media/jbrogan4/scratch2/Reddit_Prov_Dataset_v6/_This_ridiculously_photogenic_neanderthal/g1322_d04jcx2.jpg", "URL": "http://i.imgur.com/bzJIbPc.jpg", "fileid": "g1322_d04jcx2.jpg"}, {"id": "g1322_d04hnxi", "comment": "Dinner\n\nhttp://imgur.com/69WST9P\n\nAstronaut - A long time from home\n\nhttp://imgur.com/NAYOuWD ", "date": "2016-02-18 09:18:56", "seriesname": "g1322_d04hnxi", "file": "/media/jbrogan4/scratch2/Reddit_Prov_Dataset_v6/_This_ridiculously_photogenic_neanderthal/g1322_d04hnxi.png", "URL": "http://i.imgur.com/NAYOuWD.png", "fileid": "g1322_d04hnxi.png"}, {"id": "g1322_d04hc2k", "comment": "[Good looks can be a curse](http://i.imgur.com/gseNYaF.jpg)", "date": "2016-02-18 09:08:25", "seriesname": "g1322_d04hc2k", "file": "/media/jbrogan4/scratch2/Reddit_Prov_Dataset_v6/_This_ridiculously_photogenic_neanderthal/g1322_d04hc2k.jpg", "URL": "http://i.imgur.com/gseNYaF.jpg", "fileid": "g1322_d04hc2k.jpg"}, {"id": "g1322_d04j3hl", "comment": "Thought the same [thing](http://imgur.com/ClFTzAz)\n\n", "date": "2016-02-18 10:00:33", "seriesname": "g1322_d04j3hl", "file": "/media/jbrogan4/scratch2/Reddit_Prov_Dataset_v6/_This_ridiculously_photogenic_neanderthal/g1322_d04j3hl.png", "URL": "http://i.imgur.com/ClFTzAz.png", "fileid": "g1322_d04j3hl.png"}, {"id": "g1322_d04jwch", "comment": "[Extinction](https://media.giphy.com/media/l4KhMUdPXRZ7KNkHe/giphy.gif)\n\n[Version 2](https://media.giphy.com/media/l4Ki0MHqIObzEWtiw/giphy.gif)", "date": "2016-02-18 10:21:29", "seriesname": "g1322_d04jwch", "file": "/media/jbrogan4/scratch2/Reddit_Prov_Dataset_v6/_This_ridiculously_photogenic_neanderthal/g1322_d04jwch.jpg", "URL": "https://media.giphy.com/media/l4Ki0MHqIObzEWtiw/giphy.gif", "fileid": "g1322_d04jwch.gif"}, {"id": "g1322_d04i29j", "comment": "[I want to believe](http://i.imgur.com/LHrQsbO.jpg)", "date": "2016-02-18 09:31:12", "seriesname": "g1322_d04i29j", "file": "/media/jbrogan4/scratch2/Reddit_Prov_Dataset_v6/_This_ridiculously_photogenic_neanderthal/g1322_d04i29j.jpg", "URL": "http://i.imgur.com/LHrQsbO.jpg", "fileid": "g1322_d04i29j.jpg"}, {"id": "g1322_d05ava8", "comment": "[You had the double latte, yah?](http://i.imgur.com/72X4KbG.jpg?1)", "date": "2016-02-18 20:23:01", "seriesname": "g1322_d05ava8", "file": "/media/jbrogan4/scratch2/Reddit_Prov_Dataset_v6/_This_ridiculously_photogenic_neanderthal/g1322_d05ava8.jpg", "URL": "http://i.imgur.com/72X4KbG.jpg?1", "fileid": "g1322_d05ava8.jpg"}, {"id": "g1322_d04nz19", "comment": "[THIS IS SPARTA](http://i.imgur.com/8eqPpC0.jpg)", "date": "2016-02-18 11:56:23", "seriesname": "g1322_d04nz19", "file": "/media/jbrogan4/scratch2/Reddit_Prov_Dataset_v6/_This_ridiculously_photogenic_neanderthal/g1322_d04nz19.jpg", "URL": "http://i.imgur.com/8eqPpC0.jpg", "fileid": "g1322_d04nz19.jpg"}, {"id": "g1322_d04kjwt", "comment": "We've come full circle.\n\nIntroducing: [\"*Glarpy Glarp*](http://i.imgur.com/lF9QQrU.png)\n\n[*and The Grunty Bunch\"*](http://i.imgur.com/lF9QQrU.png)", "date": "2016-02-18 10:37:35", "seriesname": "g1322_d04kjwt", "file": "/media/jbrogan4/scratch2/Reddit_Prov_Dataset_v6/_This_ridiculously_photogenic_neanderthal/g1322_d04kjwt.png", "URL": "http://i.imgur.com/lF9QQrU.png", "fileid": "g1322_d04kjwt.png"}, {"id": "g1322_d04huwa", "comment": "[Jake Gyllenhaal on the red carpet for *Southpaw* premier. ](http://i.imgur.com/Mj1OznU.jpg)", "date": "2016-02-18 09:24:56", "seriesname": "g1322_d04huwa", "file": "/media/jbrogan4/scratch2/Reddit_Prov_Dataset_v6/_This_ridiculously_photogenic_neanderthal/g1322_d04huwa.jpg", "URL": "http://i.imgur.com/Mj1OznU.jpg", "fileid": "g1322_d04huwa.jpg"}, {"id": "g1322_d04qan7", "comment": "[his career begins](http://imgur.com/WlP9o2A)", "date": "2016-02-18 12:45:44", "seriesname": "g1322_d04qan7", "file": "/media/jbrogan4/scratch2/Reddit_Prov_Dataset_v6/_This_ridiculously_photogenic_neanderthal/g1322_d04qan7.png", "URL": "http://i.imgur.com/WlP9o2A.png", "fileid": "g1322_d04qan7.png"}, {"id": "g1322_d04jeur", "comment": "[Kanye](http://imgur.com/Q6NHQ0Q)", "date": "2016-02-18 10:09:05", "seriesname": "g1322_d04jeur", "file": "/media/jbrogan4/scratch2/Reddit_Prov_Dataset_v6/_This_ridiculously_photogenic_neanderthal/g1322_d04jeur.png", "URL": "http://i.imgur.com/Q6NHQ0Q.png", "fileid": "g1322_d04jeur.png"}, {"id": "g1322_root", "comment": "", "date": "2016-02-18 07:00:59", "seriesname": "g1322_root", "file": "/media/jbrogan4/scratch2/Reddit_Prov_Dataset_v6/_This_ridiculously_photogenic_neanderthal/g1322_root.jpg", "URL": "http://i.imgur.com/KzD3Fy6.jpg", "fileid": "g1322_root.jpg"}, {"id": "g1322_d04ip3l", "comment": "[New Bond](http://i.imgur.com/ES4RhML.jpg)", "date": "2016-02-18 09:49:41", "seriesname": "g1322_d04ip3l", "file": "/media/jbrogan4/scratch2/Reddit_Prov_Dataset_v6/_This_ridiculously_photogenic_neanderthal/g1322_d04ip3l.jpg", "URL": "http://i.imgur.com/ES4RhML.jpg", "fileid": "g1322_d04ip3l.jpg"}], "graph": {"name": "g1322_root"}, "directed": true}