{"links": [{"op": "none", "target": 0, "source": 46}, {"op": "none", "target": 1, "source": 46}, {"op": "none", "target": 2, "source": 21}, {"op": "none", "target": 3, "source": 46}, {"op": "none", "target": 4, "source": 46}, {"op": "none", "target": 5, "source": 24}, {"op": "none", "target": 6, "source": 46}, {"op": "none", "target": 7, "source": 46}, {"op": "none", "target": 8, "source": 46}, {"op": "none", "target": 9, "source": 15}, {"op": "none", "target": 10, "source": 46}, {"op": "none", "target": 11, "source": 46}, {"op": "none", "target": 12, "source": 46}, {"op": "none", "target": 13, "source": 46}, {"op": "none", "target": 14, "source": 46}, {"op": "none", "target": 15, "source": 12}, {"op": "none", "target": 16, "source": 46}, {"op": "none", "target": 17, "source": 25}, {"op": "none", "target": 18, "source": 46}, {"op": "none", "target": 19, "source": 46}, {"op": "none", "target": 20, "source": 46}, {"op": "none", "target": 21, "source": 46}, {"op": "none", "target": 22, "source": 46}, {"op": "none", "target": 23, "source": 46}, {"op": "none", "target": 24, "source": 15}, {"op": "none", "target": 25, "source": 46}, {"op": "none", "target": 26, "source": 46}, {"op": "none", "target": 27, "source": 46}, {"op": "none", "target": 28, "source": 46}, {"op": "none", "target": 29, "source": 46}, {"op": "none", "target": 30, "source": 46}, {"op": "none", "target": 31, "source": 46}, {"op": "none", "target": 32, "source": 46}, {"op": "none", "target": 33, "source": 46}, {"op": "none", "target": 34, "source": 46}, {"op": "none", "target": 35, "source": 46}, {"op": "none", "target": 36, "source": 46}, {"op": "none", "target": 37, "source": 46}, {"op": "none", "target": 38, "source": 46}, {"op": "none", "target": 39, "source": 46}, {"op": "none", "target": 40, "source": 46}, {"op": "none", "target": 41, "source": 46}, {"op": "none", "target": 42, "source": 46}, {"op": "none", "target": 43, "source": 46}, {"op": "none", "target": 44, "source": 46}, {"op": "none", "target": 45, "source": 10}, {"op": "none", "target": 47, "source": 46}], "title": "_Alexis_Ohanian_(CEO_and_founder_of_reddit)_holding_a_sign", "nodes": [{"id": "g1333_cnoti6e", "comment": "[this] (http://i.imgur.com/mb3msYM.jpg)\n", "date": "2015-01-14 12:11:37", "seriesname": "g1333_cnoti6e", "file": "/media/jbrogan4/scratch2/Reddit_Prov_Dataset_v6/_Alexis_Ohanian_(CEO_and_founder_of_reddit)_holding_a_sign/g1333_cnoti6e.jpg", "URL": "http://i.imgur.com/mb3msYM.jpg", "fileid": "g1333_cnoti6e.jpg"}, {"id": "g1333_cnomy86", "comment": "[Trying out quidditch](http://i.imgur.com/OjbIhzd.jpg)", "date": "2015-01-14 08:33:37", "seriesname": "g1333_cnomy86", "file": "/media/jbrogan4/scratch2/Reddit_Prov_Dataset_v6/_Alexis_Ohanian_(CEO_and_founder_of_reddit)_holding_a_sign/g1333_cnomy86.jpg", "URL": "http://i.imgur.com/OjbIhzd.jpg", "fileid": "g1333_cnomy86.jpg"}, {"id": "g1333_cnoriya", "comment": "I just knew we needed a mascot. At the time I don't think Steve was sold on the idea of having one, but I was bored, doodling, thinking about what a mascot might look like for a website that we wanted to become the place to go for what was new and interesting online. A timetravelling alien from the future made sense. I sketched something out and went home to reproduce it in my cracked copy of PSP5. [Here are the first versions.](http://i.imgur.com/5KwKVdR.jpg)\n\nWe couldn't afford to buy snew.com, so I eventually came up with 'reddit' (like, \"I read it on reddit\") and bought that domain, made the alien look a bit less like a communist propaganda drawing (less robot, more organic) and ripped off the ball on its antenna and put it on the 'i' in reddit (VAG Rounded Lt with a bit of thickness). And we had our brand.\n\nI was talking about this recently with some folks -- there aren't many brands that are as oft-tattooed on people as the reddit alien is. Maybe Harley Davidson logo, apple logo, nike swoosh? It's awesome. \n\nAnother fun-fact: [I believe this dude in Brazil was the first person to ever get a reddit alien tattoo (and share it online, at least).](https://www.flickr.com/photos/supeertakai/3606698133/)", "date": "2015-01-14 11:16:34", "seriesname": "g1333_cnoriya", "file": "/media/jbrogan4/scratch2/Reddit_Prov_Dataset_v6/_Alexis_Ohanian_(CEO_and_founder_of_reddit)_holding_a_sign/g1333_cnoriya.jpg", "URL": "http://i.imgur.com/5KwKVdR.jpg", "fileid": "g1333_cnoriya.jpg"}, {"id": "g1333_cnonri5", "comment": "[Sad Alexis Ohanian](http://i.imgur.com/11ztUXH.jpg)", "date": "2015-01-14 09:11:02", "seriesname": "g1333_cnonri5", "file": "/media/jbrogan4/scratch2/Reddit_Prov_Dataset_v6/_Alexis_Ohanian_(CEO_and_founder_of_reddit)_holding_a_sign/g1333_cnonri5.jpg", "URL": "http://i.imgur.com/11ztUXH.jpg", "fileid": "g1333_cnonri5.jpg"}, {"id": "g1333_cnouqmp", "comment": "[Good ol' switcheroo](http://i.imgur.com/MhtxGcF.jpg)", "date": "2015-01-14 12:44:57", "seriesname": "g1333_cnouqmp", "file": "/media/jbrogan4/scratch2/Reddit_Prov_Dataset_v6/_Alexis_Ohanian_(CEO_and_founder_of_reddit)_holding_a_sign/g1333_cnouqmp.jpg", "URL": "http://i.imgur.com/MhtxGcF.jpg", "fileid": "g1333_cnouqmp.jpg"}, {"id": "g1333_cnotzl6", "comment": "[How about another one?](http://i.imgur.com/1I6B38Q.jpg)", "date": "2015-01-14 12:24:43", "seriesname": "g1333_cnotzl6", "file": "/media/jbrogan4/scratch2/Reddit_Prov_Dataset_v6/_Alexis_Ohanian_(CEO_and_founder_of_reddit)_holding_a_sign/g1333_cnotzl6.jpg", "URL": "http://i.imgur.com/1I6B38Q.jpg", "fileid": "g1333_cnotzl6.jpg"}, {"id": "g1333_cnotwyc", "comment": "[never saw it coming](http://i.imgur.com/oueRAC0.jpg)", "date": "2015-01-14 12:22:43", "seriesname": "g1333_cnotwyc", "file": "/media/jbrogan4/scratch2/Reddit_Prov_Dataset_v6/_Alexis_Ohanian_(CEO_and_founder_of_reddit)_holding_a_sign/g1333_cnotwyc.jpg", "URL": "http://i.imgur.com/oueRAC0.jpg", "fileid": "g1333_cnotwyc.jpg"}, {"id": "g1333_cnonra1", "comment": "[What he does with all that reddit money.](http://i.imgur.com/DaDKzj6.png)", "date": "2015-01-14 09:10:45", "seriesname": "g1333_cnonra1", "file": "/media/jbrogan4/scratch2/Reddit_Prov_Dataset_v6/_Alexis_Ohanian_(CEO_and_founder_of_reddit)_holding_a_sign/g1333_cnonra1.png", "URL": "http://i.imgur.com/DaDKzj6.png", "fileid": "g1333_cnonra1.png"}, {"id": "g1333_cnop53h", "comment": "[That's quite a professionally lit portrait for such a location](http://imgur.com/dk3NdfL)", "date": "2015-01-14 10:02:11", "seriesname": "g1333_cnop53h", "file": "/media/jbrogan4/scratch2/Reddit_Prov_Dataset_v6/_Alexis_Ohanian_(CEO_and_founder_of_reddit)_holding_a_sign/g1333_cnop53h.png", "URL": "http://i.imgur.com/dk3NdfL.png", "fileid": "g1333_cnop53h.png"}, {"id": "g1333_cnotcg1", "comment": "Alright man, I like your poetic description, I just hope I depicted it relatively close to the image you had envisioned. \n\n[I call it **Serenity on a comfortable chair**](http://i.imgur.com/1hEGzAw.jpg)\n\n[Here is the flipped version](http://i.imgur.com/oJtiuqY.jpg) (closer to what you wanted)\n\nKeep in mind I can literally put him into your arms, I just tried and ended up with this. \n\n/u/kn0thing If you have more requests you TELL Me, you hesitate and i'll report you to the admins. \n\n*edit - apologies for the crappy resolution, I couldn't find a bigger image of the base and was set on using this exact one!*", "date": "2015-01-14 12:07:19", "seriesname": "g1333_cnotcg1", "file": "/media/jbrogan4/scratch2/Reddit_Prov_Dataset_v6/_Alexis_Ohanian_(CEO_and_founder_of_reddit)_holding_a_sign/g1333_cnotcg1.jpg", "URL": "http://i.imgur.com/oJtiuqY.jpg", "fileid": "g1333_cnotcg1.jpg"}, {"id": "g1333_cnonbh1", "comment": "[Alexis Ohanian (~~CEO~~ executive chair and founder of reddit) holding a ~~sign~~ lightsaber....as a dragon...and she still has a different priority](http://i.imgur.com/YlEigDm.jpg)", "date": "2015-01-14 08:51:17", "seriesname": "g1333_cnonbh1", "file": "/media/jbrogan4/scratch2/Reddit_Prov_Dataset_v6/_Alexis_Ohanian_(CEO_and_founder_of_reddit)_holding_a_sign/g1333_cnonbh1.jpg", "URL": "http://i.imgur.com/YlEigDm.jpg", "fileid": "g1333_cnonbh1.jpg"}, {"id": "g1333_cnoncf4", "comment": "[Got them fresh kicks](http://i.imgur.com/c8qOLqK.png)", "date": "2015-01-14 08:52:29", "seriesname": "g1333_cnoncf4", "file": "/media/jbrogan4/scratch2/Reddit_Prov_Dataset_v6/_Alexis_Ohanian_(CEO_and_founder_of_reddit)_holding_a_sign/g1333_cnoncf4.png", "URL": "http://i.imgur.com/c8qOLqK.png", "fileid": "g1333_cnoncf4.png"}, {"id": "g1333_cnom67i", "comment": "http://i.imgur.com/bDwzpnS.jpg\n\nSo today was a good day. /u/kn0thing, CEO and founder of motherfucking reddit [tweeted my photoshop](https://twitter.com/alexisohanian/status/555422895909134337). I might as well just quit. ^^^never", "date": "2015-01-14 07:52:01", "seriesname": "g1333_cnom67i", "file": "/media/jbrogan4/scratch2/Reddit_Prov_Dataset_v6/_Alexis_Ohanian_(CEO_and_founder_of_reddit)_holding_a_sign/g1333_cnom67i.jpg", "URL": "http://i.imgur.com/bDwzpnS.jpg", "fileid": "g1333_cnom67i.jpg"}, {"id": "g1333_cnoqet0", "comment": "[I knew it](http://i.imgur.com/jxU3d4e.jpg)    ", "date": "2015-01-14 10:43:21", "seriesname": "g1333_cnoqet0", "file": "/media/jbrogan4/scratch2/Reddit_Prov_Dataset_v6/_Alexis_Ohanian_(CEO_and_founder_of_reddit)_holding_a_sign/g1333_cnoqet0.jpg", "URL": "http://i.imgur.com/jxU3d4e.jpg", "fileid": "g1333_cnoqet0.jpg"}, {"id": "g1333_cnor6ga", "comment": "[Alexis M8](http://imgur.com/SPwrPsT)", "date": "2015-01-14 11:06:19", "seriesname": "g1333_cnor6ga", "file": "/media/jbrogan4/scratch2/Reddit_Prov_Dataset_v6/_Alexis_Ohanian_(CEO_and_founder_of_reddit)_holding_a_sign/g1333_cnor6ga.png", "URL": "http://i.imgur.com/SPwrPsT.png", "fileid": "g1333_cnor6ga.png"}, {"id": "g1333_cnoq7gk", "comment": "Your wish is my command.\n\n[I hope you like *this* Keanu](http://i.imgur.com/O7G22BQ.jpg)\n\n/u/kn0thing you have any preferences you let me know ;)\n", "date": "2015-01-14 10:37:01", "seriesname": "g1333_cnoq7gk", "file": "/media/jbrogan4/scratch2/Reddit_Prov_Dataset_v6/_Alexis_Ohanian_(CEO_and_founder_of_reddit)_holding_a_sign/g1333_cnoq7gk.jpg", "URL": "http://i.imgur.com/O7G22BQ.jpg", "fileid": "g1333_cnoq7gk.jpg"}, {"id": "g1333_cnomruc", "comment": "[Do you like Huey Lewis and the News?](https://i.imgur.com/Xh9EYbm.jpg)", "date": "2015-01-14 08:24:49", "seriesname": "g1333_cnomruc", "file": "/media/jbrogan4/scratch2/Reddit_Prov_Dataset_v6/_Alexis_Ohanian_(CEO_and_founder_of_reddit)_holding_a_sign/g1333_cnomruc.jpg", "URL": "https://i.imgur.com/Xh9EYbm.jpg", "fileid": "g1333_cnomruc.jpg"}, {"id": "g1333_cnomcw6", "comment": "[my version](http://i.imgur.com/phTpt6i.jpg)", "date": "2015-01-14 08:02:57", "seriesname": "g1333_cnomcw6", "file": "/media/jbrogan4/scratch2/Reddit_Prov_Dataset_v6/_Alexis_Ohanian_(CEO_and_founder_of_reddit)_holding_a_sign/g1333_cnomcw6.jpg", "URL": "http://i.imgur.com/phTpt6i.jpg", "fileid": "g1333_cnomcw6.jpg"}, {"id": "g1333_cnor3o9", "comment": "http://i.imgur.com/AVXRhcL.jpg", "date": "2015-01-14 11:04:04", "seriesname": "g1333_cnor3o9", "file": "/media/jbrogan4/scratch2/Reddit_Prov_Dataset_v6/_Alexis_Ohanian_(CEO_and_founder_of_reddit)_holding_a_sign/g1333_cnor3o9.jpg", "URL": "http://i.imgur.com/AVXRhcL.jpg", "fileid": "g1333_cnor3o9.jpg"}, {"id": "g1333_cnp6yyx", "comment": "http://i.imgur.com/AJErXws.jpg", "date": "2015-01-14 18:05:11", "seriesname": "g1333_cnp6yyx", "file": "/media/jbrogan4/scratch2/Reddit_Prov_Dataset_v6/_Alexis_Ohanian_(CEO_and_founder_of_reddit)_holding_a_sign/g1333_cnp6yyx.jpg", "URL": "http://i.imgur.com/AJErXws.jpg", "fileid": "g1333_cnp6yyx.jpg"}, {"id": "g1333_cnona5q", "comment": "[On His Off Days](http://imgur.com/xXEBcLa)", "date": "2015-01-14 08:49:38", "seriesname": "g1333_cnona5q", "file": "/media/jbrogan4/scratch2/Reddit_Prov_Dataset_v6/_Alexis_Ohanian_(CEO_and_founder_of_reddit)_holding_a_sign/g1333_cnona5q.png", "URL": "http://i.imgur.com/xXEBcLa.png", "fileid": "g1333_cnona5q.png"}, {"id": "g1333_cnomjju", "comment": "[Snoo was created in his own image](http://i.imgur.com/28tWQSu.jpg)", "date": "2015-01-14 08:13:05", "seriesname": "g1333_cnomjju", "file": "/media/jbrogan4/scratch2/Reddit_Prov_Dataset_v6/_Alexis_Ohanian_(CEO_and_founder_of_reddit)_holding_a_sign/g1333_cnomjju.jpg", "URL": "http://i.imgur.com/28tWQSu.jpg", "fileid": "g1333_cnomjju.jpg"}, {"id": "g1333_cnondvw", "comment": "[gotta make that sponsor money](http://i.imgur.com/IEauOY3.jpg)", "date": "2015-01-14 08:54:21", "seriesname": "g1333_cnondvw", "file": "/media/jbrogan4/scratch2/Reddit_Prov_Dataset_v6/_Alexis_Ohanian_(CEO_and_founder_of_reddit)_holding_a_sign/g1333_cnondvw.jpg", "URL": "http://i.imgur.com/IEauOY3.jpg", "fileid": "g1333_cnondvw.jpg"}, {"id": "g1333_cnoumf3", "comment": "[I work in San Francisco](http://i.imgur.com/Ri5OF2T.jpg)", "date": "2015-01-14 12:41:49", "seriesname": "g1333_cnoumf3", "file": "/media/jbrogan4/scratch2/Reddit_Prov_Dataset_v6/_Alexis_Ohanian_(CEO_and_founder_of_reddit)_holding_a_sign/g1333_cnoumf3.jpg", "URL": "http://i.imgur.com/Ri5OF2T.jpg", "fileid": "g1333_cnoumf3.jpg"}, {"id": "g1333_cnot0n8", "comment": "http://i.imgur.com/vxc5iFw.jpg", "date": "2015-01-14 11:58:22", "seriesname": "g1333_cnot0n8", "file": "/media/jbrogan4/scratch2/Reddit_Prov_Dataset_v6/_Alexis_Ohanian_(CEO_and_founder_of_reddit)_holding_a_sign/g1333_cnot0n8.jpg", "URL": "http://i.imgur.com/vxc5iFw.jpg", "fileid": "g1333_cnot0n8.jpg"}, {"id": "g1333_cnomc0i", "comment": "[Alexisception](http://imgur.com/tG18Qz3)", "date": "2015-01-14 08:01:30", "seriesname": "g1333_cnomc0i", "file": "/media/jbrogan4/scratch2/Reddit_Prov_Dataset_v6/_Alexis_Ohanian_(CEO_and_founder_of_reddit)_holding_a_sign/g1333_cnomc0i.png", "URL": "http://i.imgur.com/tG18Qz3.png", "fileid": "g1333_cnomc0i.png"}, {"id": "g1333_cnorg0z", "comment": "[Strike!](http://imgur.com/qJieiwA.jpg)", "date": "2015-01-14 11:14:10", "seriesname": "g1333_cnorg0z", "file": "/media/jbrogan4/scratch2/Reddit_Prov_Dataset_v6/_Alexis_Ohanian_(CEO_and_founder_of_reddit)_holding_a_sign/g1333_cnorg0z.jpg", "URL": "http://imgur.com/qJieiwA.jpg", "fileid": "g1333_cnorg0z.jpg"}, {"id": "g1333_cnoo5ia", "comment": "[Maybe next time we could just leave Robin at home?](http://i.imgur.com/8Qwc4oe.jpg)", "date": "2015-01-14 09:26:32", "seriesname": "g1333_cnoo5ia", "file": "/media/jbrogan4/scratch2/Reddit_Prov_Dataset_v6/_Alexis_Ohanian_(CEO_and_founder_of_reddit)_holding_a_sign/g1333_cnoo5ia.jpg", "URL": "http://i.imgur.com/8Qwc4oe.jpg", "fileid": "g1333_cnoo5ia.jpg"}, {"id": "g1333_cnosus0", "comment": "[Don't mess with the Morgan Freeman.](http://i.imgur.com/f9RMFc6.png)", "date": "2015-01-14 11:53:51", "seriesname": "g1333_cnosus0", "file": "/media/jbrogan4/scratch2/Reddit_Prov_Dataset_v6/_Alexis_Ohanian_(CEO_and_founder_of_reddit)_holding_a_sign/g1333_cnosus0.png", "URL": "http://i.imgur.com/f9RMFc6.png", "fileid": "g1333_cnosus0.png"}, {"id": "g1333_cnozvgb", "comment": "Er, can you come back later? I'm [on the shitter...](http://i.imgur.com/jkt4ker.png)", "date": "2015-01-14 14:59:11", "seriesname": "g1333_cnozvgb", "file": "/media/jbrogan4/scratch2/Reddit_Prov_Dataset_v6/_Alexis_Ohanian_(CEO_and_founder_of_reddit)_holding_a_sign/g1333_cnozvgb.png", "URL": "http://i.imgur.com/jkt4ker.png", "fileid": "g1333_cnozvgb.png"}, {"id": "g1333_cnomd9r", "comment": "http://i.imgur.com/s75ez03.png", "date": "2015-01-14 08:03:33", "seriesname": "g1333_cnomd9r", "file": "/media/jbrogan4/scratch2/Reddit_Prov_Dataset_v6/_Alexis_Ohanian_(CEO_and_founder_of_reddit)_holding_a_sign/g1333_cnomd9r.png", "URL": "http://i.imgur.com/s75ez03.png", "fileid": "g1333_cnomd9r.png"}, {"id": "g1333_cnotfig", "comment": "He could use a \"little\" company.\nhttp://i.imgur.com/ba8hW9M.jpg", "date": "2015-01-14 12:09:37", "seriesname": "g1333_cnotfig", "file": "/media/jbrogan4/scratch2/Reddit_Prov_Dataset_v6/_Alexis_Ohanian_(CEO_and_founder_of_reddit)_holding_a_sign/g1333_cnotfig.jpg", "URL": "http://i.imgur.com/ba8hW9M.jpg", "fileid": "g1333_cnotfig.jpg"}, {"id": "g1333_cnom83p", "comment": "[**REVOLT!**](http://i.imgur.com/Qe17qra.jpg)", "date": "2015-01-14 07:55:12", "seriesname": "g1333_cnom83p", "file": "/media/jbrogan4/scratch2/Reddit_Prov_Dataset_v6/_Alexis_Ohanian_(CEO_and_founder_of_reddit)_holding_a_sign/g1333_cnom83p.jpg", "URL": "http://i.imgur.com/Qe17qra.jpg", "fileid": "g1333_cnom83p.jpg"}, {"id": "g1333_cnotcmb", "comment": "[Face swap](http://i.imgur.com/DcbXn3N.jpg)", "date": "2015-01-14 12:07:26", "seriesname": "g1333_cnotcmb", "file": "/media/jbrogan4/scratch2/Reddit_Prov_Dataset_v6/_Alexis_Ohanian_(CEO_and_founder_of_reddit)_holding_a_sign/g1333_cnotcmb.jpg", "URL": "http://i.imgur.com/DcbXn3N.jpg", "fileid": "g1333_cnotcmb.jpg"}, {"id": "g1333_cnovpay", "comment": "[Dunno if this is subtle or even funny to anyone else. Just the first thing to come to mind.](http://i.imgur.com/7wzijFd.jpg)", "date": "2015-01-14 13:10:28", "seriesname": "g1333_cnovpay", "file": "/media/jbrogan4/scratch2/Reddit_Prov_Dataset_v6/_Alexis_Ohanian_(CEO_and_founder_of_reddit)_holding_a_sign/g1333_cnovpay.jpg", "URL": "http://i.imgur.com/7wzijFd.jpg", "fileid": "g1333_cnovpay.jpg"}, {"id": "g1333_cnopbsw", "comment": "[Hoplite Ohanian, CEO and founder of the sub-forum](http://i.imgur.com/AkGXylD.jpg)", "date": "2015-01-14 10:08:29", "seriesname": "g1333_cnopbsw", "file": "/media/jbrogan4/scratch2/Reddit_Prov_Dataset_v6/_Alexis_Ohanian_(CEO_and_founder_of_reddit)_holding_a_sign/g1333_cnopbsw.jpg", "URL": "http://i.imgur.com/AkGXylD.jpg", "fileid": "g1333_cnopbsw.jpg"}, {"id": "g1333_cnotlfd", "comment": "[Reddit conquered the interwebz](http://i.imgur.com/N7oS8H5.png)", "date": "2015-01-14 12:14:04", "seriesname": "g1333_cnotlfd", "file": "/media/jbrogan4/scratch2/Reddit_Prov_Dataset_v6/_Alexis_Ohanian_(CEO_and_founder_of_reddit)_holding_a_sign/g1333_cnotlfd.png", "URL": "http://i.imgur.com/N7oS8H5.png", "fileid": "g1333_cnotlfd.png"}, {"id": "g1333_cnomhd1", "comment": "[Time traveler joined lunch on atop](http://i.imgur.com/vxHDKhX.jpg)", "date": "2015-01-14 08:09:48", "seriesname": "g1333_cnomhd1", "file": "/media/jbrogan4/scratch2/Reddit_Prov_Dataset_v6/_Alexis_Ohanian_(CEO_and_founder_of_reddit)_holding_a_sign/g1333_cnomhd1.jpg", "URL": "http://i.imgur.com/vxHDKhX.jpg", "fileid": "g1333_cnomhd1.jpg"}, {"id": "g1333_cnookya", "comment": "[Proof.](http://i.imgur.com/T6zy497.jpg)", "date": "2015-01-14 09:42:50", "seriesname": "g1333_cnookya", "file": "/media/jbrogan4/scratch2/Reddit_Prov_Dataset_v6/_Alexis_Ohanian_(CEO_and_founder_of_reddit)_holding_a_sign/g1333_cnookya.jpg", "URL": "http://i.imgur.com/T6zy497.jpg", "fileid": "g1333_cnookya.jpg"}, {"id": "g1333_cnoncjh", "comment": "http://i.imgur.com/0pWJHKg.jpg", "date": "2015-01-14 08:52:39", "seriesname": "g1333_cnoncjh", "file": "/media/jbrogan4/scratch2/Reddit_Prov_Dataset_v6/_Alexis_Ohanian_(CEO_and_founder_of_reddit)_holding_a_sign/g1333_cnoncjh.jpg", "URL": "http://i.imgur.com/0pWJHKg.jpg", "fileid": "g1333_cnoncjh.jpg"}, {"id": "g1333_cnoopds", "comment": "[The fastest thing alive.](http://i.imgur.com/cvYjZWm.jpg)", "date": "2015-01-14 09:47:15", "seriesname": "g1333_cnoopds", "file": "/media/jbrogan4/scratch2/Reddit_Prov_Dataset_v6/_Alexis_Ohanian_(CEO_and_founder_of_reddit)_holding_a_sign/g1333_cnoopds.jpg", "URL": "http://i.imgur.com/cvYjZWm.jpg", "fileid": "g1333_cnoopds.jpg"}, {"id": "g1333_cnoqcbd", "comment": "[have we forgotten this meme so soon?](http://i.imgur.com/uwHsM9z.jpg)", "date": "2015-01-14 10:41:10", "seriesname": "g1333_cnoqcbd", "file": "/media/jbrogan4/scratch2/Reddit_Prov_Dataset_v6/_Alexis_Ohanian_(CEO_and_founder_of_reddit)_holding_a_sign/g1333_cnoqcbd.jpg", "URL": "http://i.imgur.com/uwHsM9z.jpg", "fileid": "g1333_cnoqcbd.jpg"}, {"id": "g1333_cnosdkc", "comment": "[Balls out.](http://i.imgur.com/GMV0gWT.jpg)", "date": "2015-01-14 11:40:43", "seriesname": "g1333_cnosdkc", "file": "/media/jbrogan4/scratch2/Reddit_Prov_Dataset_v6/_Alexis_Ohanian_(CEO_and_founder_of_reddit)_holding_a_sign/g1333_cnosdkc.jpg", "URL": "http://i.imgur.com/GMV0gWT.jpg", "fileid": "g1333_cnosdkc.jpg"}, {"id": "g1333_cnon513", "comment": "[One of those days](http://i.imgur.com/XxR7aib.jpg)", "date": "2015-01-14 08:42:54", "seriesname": "g1333_cnon513", "file": "/media/jbrogan4/scratch2/Reddit_Prov_Dataset_v6/_Alexis_Ohanian_(CEO_and_founder_of_reddit)_holding_a_sign/g1333_cnon513.jpg", "URL": "http://i.imgur.com/XxR7aib.jpg", "fileid": "g1333_cnon513.jpg"}, {"id": "g1333_cnon6g2", "comment": "[Don't mess with internet.gif](http://i.imgur.com/yOdA5Xs.gif)", "date": "2015-01-14 08:44:47", "seriesname": "g1333_cnon6g2", "file": "/media/jbrogan4/scratch2/Reddit_Prov_Dataset_v6/_Alexis_Ohanian_(CEO_and_founder_of_reddit)_holding_a_sign/g1333_cnon6g2.jpg", "URL": "http://i.imgur.com/yOdA5Xs.gif", "fileid": "g1333_cnon6g2.gif"}, {"id": "g1333_cnooq9q", "comment": "[I just saw this](http://imgur.com/j30kFSG)", "date": "2015-01-14 09:48:07", "seriesname": "g1333_cnooq9q", "file": "/media/jbrogan4/scratch2/Reddit_Prov_Dataset_v6/_Alexis_Ohanian_(CEO_and_founder_of_reddit)_holding_a_sign/g1333_cnooq9q.png", "URL": "http://i.imgur.com/j30kFSG.png", "fileid": "g1333_cnooq9q.png"}, {"id": "g1333_root", "comment": "", "date": "2015-01-14 07:03:52", "seriesname": "g1333_root", "file": "/media/jbrogan4/scratch2/Reddit_Prov_Dataset_v6/_Alexis_Ohanian_(CEO_and_founder_of_reddit)_holding_a_sign/g1333_root.jpg", "URL": "http://blogs-images.forbes.com/andygreenberg/files/2012/06/0605_alexis-ohanian-reddit_600.jpg", "fileid": "g1333_root.jpg"}, {"id": "g1333_cnomdki", "comment": "[NS(f)W](http://i.imgur.com/9AkfeHu.jpg)", "date": "2015-01-14 08:03:59", "seriesname": "g1333_cnomdki", "file": "/media/jbrogan4/scratch2/Reddit_Prov_Dataset_v6/_Alexis_Ohanian_(CEO_and_founder_of_reddit)_holding_a_sign/g1333_cnomdki.jpg", "URL": "http://i.imgur.com/9AkfeHu.jpg", "fileid": "g1333_cnomdki.jpg"}], "graph": {"name": "g1333_root"}, "directed": true}