{"links": [{"op": "none", "target": 0, "source": 48}, {"op": "none", "target": 1, "source": 48}, {"op": "none", "target": 2, "source": 48}, {"op": "none", "target": 3, "source": 10}, {"op": "none", "target": 4, "source": 48}, {"op": "none", "target": 5, "source": 48}, {"op": "none", "target": 6, "source": 7}, {"op": "none", "target": 7, "source": 40}, {"op": "none", "target": 8, "source": 48}, {"op": "none", "target": 9, "source": 48}, {"op": "none", "target": 10, "source": 48}, {"op": "none", "target": 11, "source": 48}, {"op": "none", "target": 12, "source": 4}, {"op": "none", "target": 13, "source": 48}, {"op": "none", "target": 14, "source": 48}, {"op": "none", "target": 15, "source": 48}, {"op": "none", "target": 16, "source": 48}, {"op": "none", "target": 17, "source": 48}, {"op": "none", "target": 18, "source": 48}, {"op": "none", "target": 19, "source": 48}, {"op": "none", "target": 20, "source": 43}, {"op": "none", "target": 21, "source": 48}, {"op": "none", "target": 22, "source": 48}, {"op": "none", "target": 23, "source": 48}, {"op": "none", "target": 24, "source": 48}, {"op": "none", "target": 25, "source": 48}, {"op": "none", "target": 26, "source": 48}, {"op": "none", "target": 27, "source": 48}, {"op": "none", "target": 28, "source": 4}, {"op": "none", "target": 29, "source": 27}, {"op": "none", "target": 30, "source": 48}, {"op": "none", "target": 31, "source": 48}, {"op": "none", "target": 32, "source": 48}, {"op": "none", "target": 33, "source": 48}, {"op": "none", "target": 34, "source": 48}, {"op": "none", "target": 35, "source": 48}, {"op": "none", "target": 36, "source": 48}, {"op": "none", "target": 37, "source": 48}, {"op": "none", "target": 38, "source": 10}, {"op": "none", "target": 39, "source": 48}, {"op": "none", "target": 40, "source": 20}, {"op": "none", "target": 41, "source": 48}, {"op": "none", "target": 42, "source": 48}, {"op": "none", "target": 43, "source": 27}, {"op": "none", "target": 44, "source": 6}, {"op": "none", "target": 45, "source": 48}, {"op": "none", "target": 46, "source": 48}, {"op": "none", "target": 47, "source": 48}], "title": "_A_Stack_of_Red-Eye_Tree_Frogs", "nodes": [{"id": "g1334_cpfefwc", "comment": "http://imgur.com/4fL0JP7", "date": "2015-03-15 02:58:22", "seriesname": "g1334_cpfefwc", "file": "/media/jbrogan4/scratch2/Reddit_Prov_Dataset_v6/_A_Stack_of_Red-Eye_Tree_Frogs/g1334_cpfefwc.png", "URL": "http://i.imgur.com/4fL0JP7.png", "fileid": "g1334_cpfefwc.png"}, {"id": "g1334_cpeq8cm", "comment": "http://i.imgur.com/26mcBRj.gif", "date": "2015-03-14 12:07:26", "seriesname": "g1334_cpeq8cm", "file": "/media/jbrogan4/scratch2/Reddit_Prov_Dataset_v6/_A_Stack_of_Red-Eye_Tree_Frogs/g1334_cpeq8cm.jpg", "URL": "http://i.imgur.com/26mcBRj.gif", "fileid": "g1334_cpeq8cm.gif"}, {"id": "g1334_cpepjng", "comment": "[What do you see?](http://i.imgur.com/4u2nr5B.gif)", "date": "2015-03-14 11:43:16", "seriesname": "g1334_cpepjng", "file": "/media/jbrogan4/scratch2/Reddit_Prov_Dataset_v6/_A_Stack_of_Red-Eye_Tree_Frogs/g1334_cpepjng.jpg", "URL": "http://i.imgur.com/4u2nr5B.gif", "fileid": "g1334_cpepjng.gif"}, {"id": "g1334_cpf9ylo", "comment": "[Is it too late for Naruto?] (http://i.imgur.com/qL07KWu.jpg)", "date": "2015-03-14 23:36:37", "seriesname": "g1334_cpf9ylo", "file": "/media/jbrogan4/scratch2/Reddit_Prov_Dataset_v6/_A_Stack_of_Red-Eye_Tree_Frogs/g1334_cpf9ylo.jpg", "URL": "http://i.imgur.com/qL07KWu.jpg", "fileid": "g1334_cpf9ylo.jpg"}, {"id": "g1334_cpeod52", "comment": "http://imgur.com/LThvVyB.jpg", "date": "2015-03-14 10:56:47", "seriesname": "g1334_cpeod52", "file": "/media/jbrogan4/scratch2/Reddit_Prov_Dataset_v6/_A_Stack_of_Red-Eye_Tree_Frogs/g1334_cpeod52.jpg", "URL": "http://imgur.com/LThvVyB.jpg", "fileid": "g1334_cpeod52.jpg"}, {"id": "g1334_cpepvam", "comment": "[Jungle Jenga](http://i.imgur.com/SVDFZlT.png)", "date": "2015-03-14 11:54:31", "seriesname": "g1334_cpepvam", "file": "/media/jbrogan4/scratch2/Reddit_Prov_Dataset_v6/_A_Stack_of_Red-Eye_Tree_Frogs/g1334_cpepvam.png", "URL": "http://i.imgur.com/SVDFZlT.png", "fileid": "g1334_cpepvam.png"}, {"id": "g1334_cpew04g", "comment": "http://i.imgur.com/x9FouLa.gif", "date": "2015-03-14 15:23:17", "seriesname": "g1334_cpew04g", "file": "/media/jbrogan4/scratch2/Reddit_Prov_Dataset_v6/_A_Stack_of_Red-Eye_Tree_Frogs/g1334_cpew04g.jpg", "URL": "http://i.imgur.com/x9FouLa.gif", "fileid": "g1334_cpew04g.gif"}, {"id": "g1334_cpeuq1o", "comment": "http://i.imgur.com/F6YsENJ.gif", "date": "2015-03-14 14:40:09", "seriesname": "g1334_cpeuq1o", "file": "/media/jbrogan4/scratch2/Reddit_Prov_Dataset_v6/_A_Stack_of_Red-Eye_Tree_Frogs/g1334_cpeuq1o.jpg", "URL": "http://i.imgur.com/F6YsENJ.gif", "fileid": "g1334_cpeuq1o.gif"}, {"id": "g1334_cperd0b", "comment": "[*It's working... IIIITTT'S WORRRKIIINGGG!*](http://i.imgur.com/5qTXiOw.jpg)", "date": "2015-03-14 12:48:02", "seriesname": "g1334_cperd0b", "file": "/media/jbrogan4/scratch2/Reddit_Prov_Dataset_v6/_A_Stack_of_Red-Eye_Tree_Frogs/g1334_cperd0b.jpg", "URL": "http://i.imgur.com/5qTXiOw.jpg", "fileid": "g1334_cperd0b.jpg"}, {"id": "g1334_cpesqt2", "comment": "[sooo...froggin...close...](http://imgur.com/5t3ma0s)", "date": "2015-03-14 13:35:02", "seriesname": "g1334_cpesqt2", "file": "/media/jbrogan4/scratch2/Reddit_Prov_Dataset_v6/_A_Stack_of_Red-Eye_Tree_Frogs/g1334_cpesqt2.png", "URL": "http://i.imgur.com/5t3ma0s.png", "fileid": "g1334_cpesqt2.png"}, {"id": "g1334_cperaxs", "comment": "[dont tell me u werent expecting jiraiya!](http://imgur.com/JD5O1gQ)", "date": "2015-03-14 12:46:01", "seriesname": "g1334_cperaxs", "file": "/media/jbrogan4/scratch2/Reddit_Prov_Dataset_v6/_A_Stack_of_Red-Eye_Tree_Frogs/g1334_cperaxs.png", "URL": "http://i.imgur.com/JD5O1gQ.png", "fileid": "g1334_cperaxs.png"}, {"id": "g1334_cpev3jd", "comment": "[Teeing off](http://i.imgur.com/ICV6b6M.jpg)", "date": "2015-03-14 14:52:40", "seriesname": "g1334_cpev3jd", "file": "/media/jbrogan4/scratch2/Reddit_Prov_Dataset_v6/_A_Stack_of_Red-Eye_Tree_Frogs/g1334_cpev3jd.jpg", "URL": "http://i.imgur.com/ICV6b6M.jpg", "fileid": "g1334_cpev3jd.jpg"}, {"id": "g1334_cpepq1b", "comment": "[Enhance](http://i.imgur.com/LnuR5gZ.jpg)", "date": "2015-03-14 11:49:23", "seriesname": "g1334_cpepq1b", "file": "/media/jbrogan4/scratch2/Reddit_Prov_Dataset_v6/_A_Stack_of_Red-Eye_Tree_Frogs/g1334_cpepq1b.jpg", "URL": "http://i.imgur.com/LnuR5gZ.jpg", "fileid": "g1334_cpepq1b.jpg"}, {"id": "g1334_cpeoy02", "comment": "[5 for the price of 1](http://imgur.com/6xx9cpj)", "date": "2015-03-14 11:20:22", "seriesname": "g1334_cpeoy02", "file": "/media/jbrogan4/scratch2/Reddit_Prov_Dataset_v6/_A_Stack_of_Red-Eye_Tree_Frogs/g1334_cpeoy02.png", "URL": "http://i.imgur.com/6xx9cpj.png", "fileid": "g1334_cpeoy02.png"}, {"id": "g1334_cpg24rs", "comment": "[the only picture that was recovered from 'the event'](http://imgur.com/UpNTsTX)", "date": "2015-03-15 19:51:18", "seriesname": "g1334_cpg24rs", "file": "/media/jbrogan4/scratch2/Reddit_Prov_Dataset_v6/_A_Stack_of_Red-Eye_Tree_Frogs/g1334_cpg24rs.png", "URL": "http://i.imgur.com/UpNTsTX.png", "fileid": "g1334_cpg24rs.png"}, {"id": "g1334_cpgpkgg", "comment": "[hanging out](http://i.imgur.com/M2VCUfh.png)", "date": "2015-03-16 13:01:59", "seriesname": "g1334_cpgpkgg", "file": "/media/jbrogan4/scratch2/Reddit_Prov_Dataset_v6/_A_Stack_of_Red-Eye_Tree_Frogs/g1334_cpgpkgg.png", "URL": "http://i.imgur.com/M2VCUfh.png", "fileid": "g1334_cpgpkgg.png"}, {"id": "g1334_cpepphv", "comment": "[\"Slowly the frog-fungus takes over the host brain.\"](http://i.imgur.com/xOOtmCE.jpg)", "date": "2015-03-14 11:48:54", "seriesname": "g1334_cpepphv", "file": "/media/jbrogan4/scratch2/Reddit_Prov_Dataset_v6/_A_Stack_of_Red-Eye_Tree_Frogs/g1334_cpepphv.jpg", "URL": "http://i.imgur.com/xOOtmCE.jpg", "fileid": "g1334_cpepphv.jpg"}, {"id": "g1334_cpero8j", "comment": "[At the movies](https://i.imgur.com/X8yBixV.jpg)", "date": "2015-03-14 12:59:01", "seriesname": "g1334_cpero8j", "file": "/media/jbrogan4/scratch2/Reddit_Prov_Dataset_v6/_A_Stack_of_Red-Eye_Tree_Frogs/g1334_cpero8j.jpg", "URL": "https://i.imgur.com/X8yBixV.jpg", "fileid": "g1334_cpero8j.jpg"}, {"id": "g1334_cpev3fr", "comment": "[Teamwork](http://i.imgur.com/YfDU2Ch.jpg)", "date": "2015-03-14 14:52:34", "seriesname": "g1334_cpev3fr", "file": "/media/jbrogan4/scratch2/Reddit_Prov_Dataset_v6/_A_Stack_of_Red-Eye_Tree_Frogs/g1334_cpev3fr.jpg", "URL": "http://i.imgur.com/YfDU2Ch.jpg", "fileid": "g1334_cpev3fr.jpg"}, {"id": "g1334_cpes2zf", "comment": "[I'm the Easter Bunny, really!](http://i.imgur.com/EBLsb3u.jpg)", "date": "2015-03-14 13:12:47", "seriesname": "g1334_cpes2zf", "file": "/media/jbrogan4/scratch2/Reddit_Prov_Dataset_v6/_A_Stack_of_Red-Eye_Tree_Frogs/g1334_cpes2zf.jpg", "URL": "http://i.imgur.com/EBLsb3u.jpg", "fileid": "g1334_cpes2zf.jpg"}, {"id": "g1334_cperj4d", "comment": "[He's such a cowboy](http://i.imgur.com/cS6O734.gif)", "date": "2015-03-14 12:54:00", "seriesname": "g1334_cperj4d", "file": "/media/jbrogan4/scratch2/Reddit_Prov_Dataset_v6/_A_Stack_of_Red-Eye_Tree_Frogs/g1334_cperj4d.jpg", "URL": "http://i.imgur.com/cS6O734.gif", "fileid": "g1334_cperj4d.gif"}, {"id": "g1334_cpeyy9t", "comment": "[Nature on shrooms](http://imgur.com/GLwWzrf)", "date": "2015-03-14 17:03:06", "seriesname": "g1334_cpeyy9t", "file": "/media/jbrogan4/scratch2/Reddit_Prov_Dataset_v6/_A_Stack_of_Red-Eye_Tree_Frogs/g1334_cpeyy9t.png", "URL": "http://i.imgur.com/GLwWzrf.png", "fileid": "g1334_cpeyy9t.png"}, {"id": "g1334_cpfma94", "comment": "[Taste the rainbow](http://m.imgur.com/l9zQ42y)", "date": "2015-03-15 11:32:33", "seriesname": "g1334_cpfma94", "file": "/media/jbrogan4/scratch2/Reddit_Prov_Dataset_v6/_A_Stack_of_Red-Eye_Tree_Frogs/g1334_cpfma94.png", "URL": "http://i.imgur.com/l9zQ42y.png", "fileid": "g1334_cpfma94.png"}, {"id": "g1334_cpf5iuc", "comment": "He Wished he was Hypnotoad\nhttp://imgur.com/i2XDqv6", "date": "2015-03-14 20:54:58", "seriesname": "g1334_cpf5iuc", "file": "/media/jbrogan4/scratch2/Reddit_Prov_Dataset_v6/_A_Stack_of_Red-Eye_Tree_Frogs/g1334_cpf5iuc.png", "URL": "http://i.imgur.com/i2XDqv6.png", "fileid": "g1334_cpf5iuc.png"}, {"id": "g1334_cpeytva", "comment": "[Target spotted!!](http://imgur.com/PPVd2Sj)", "date": "2015-03-14 16:59:09", "seriesname": "g1334_cpeytva", "file": "/media/jbrogan4/scratch2/Reddit_Prov_Dataset_v6/_A_Stack_of_Red-Eye_Tree_Frogs/g1334_cpeytva.png", "URL": "http://i.imgur.com/PPVd2Sj.png", "fileid": "g1334_cpeytva.png"}, {"id": "g1334_cpfbojx", "comment": "[The More You Know...](http://i.imgur.com/I7fATUz.png)", "date": "2015-03-15 00:43:23", "seriesname": "g1334_cpfbojx", "file": "/media/jbrogan4/scratch2/Reddit_Prov_Dataset_v6/_A_Stack_of_Red-Eye_Tree_Frogs/g1334_cpfbojx.png", "URL": "http://i.imgur.com/I7fATUz.png", "fileid": "g1334_cpfbojx.png"}, {"id": "g1334_cpevcdf", "comment": "http://imgur.com/fZn2GCz Buscemi Eyes", "date": "2015-03-14 15:00:57", "seriesname": "g1334_cpevcdf", "file": "/media/jbrogan4/scratch2/Reddit_Prov_Dataset_v6/_A_Stack_of_Red-Eye_Tree_Frogs/g1334_cpevcdf.png", "URL": "http://i.imgur.com/fZn2GCz.png", "fileid": "g1334_cpevcdf.png"}, {"id": "g1334_cpepfyg", "comment": "[Balancing Act](http://i.imgur.com/Dj426H3.gif)", "date": "2015-03-14 11:39:18", "seriesname": "g1334_cpepfyg", "file": "/media/jbrogan4/scratch2/Reddit_Prov_Dataset_v6/_A_Stack_of_Red-Eye_Tree_Frogs/g1334_cpepfyg.jpg", "URL": "http://i.imgur.com/Dj426H3.gif", "fileid": "g1334_cpepfyg.gif"}, {"id": "g1334_cpeqobh", "comment": "FTFM\nhttps://i.imgur.com/rmbcs0Q.jpg", "date": "2015-03-14 12:23:30", "seriesname": "g1334_cpeqobh", "file": "/media/jbrogan4/scratch2/Reddit_Prov_Dataset_v6/_A_Stack_of_Red-Eye_Tree_Frogs/g1334_cpeqobh.jpg", "URL": "https://i.imgur.com/rmbcs0Q.jpg", "fileid": "g1334_cpeqobh.jpg"}, {"id": "g1334_cpf2jau", "comment": "http://imgur.com/0RxwKcj.jpg", "date": "2015-03-14 19:08:28", "seriesname": "g1334_cpf2jau", "file": "/media/jbrogan4/scratch2/Reddit_Prov_Dataset_v6/_A_Stack_of_Red-Eye_Tree_Frogs/g1334_cpf2jau.jpg", "URL": "http://imgur.com/0RxwKcj.jpg", "fileid": "g1334_cpf2jau.jpg"}, {"id": "g1334_cpfcvg5", "comment": "[Lasers](http://i.imgur.com/X3Gz0pw.jpg)", "date": "2015-03-15 01:35:47", "seriesname": "g1334_cpfcvg5", "file": "/media/jbrogan4/scratch2/Reddit_Prov_Dataset_v6/_A_Stack_of_Red-Eye_Tree_Frogs/g1334_cpfcvg5.jpg", "URL": "http://i.imgur.com/X3Gz0pw.jpg", "fileid": "g1334_cpfcvg5.jpg"}, {"id": "g1334_cpewoke", "comment": "[Froctal](http://i.imgur.com/ikszXEd.jpg)", "date": "2015-03-14 15:46:21", "seriesname": "g1334_cpewoke", "file": "/media/jbrogan4/scratch2/Reddit_Prov_Dataset_v6/_A_Stack_of_Red-Eye_Tree_Frogs/g1334_cpewoke.jpg", "URL": "http://i.imgur.com/ikszXEd.jpg", "fileid": "g1334_cpewoke.jpg"}, {"id": "g1334_cpepp3r", "comment": "[Jenga: How Do You Stack Up?](http://i.imgur.com/or093kS.jpg)", "date": "2015-03-14 11:48:32", "seriesname": "g1334_cpepp3r", "file": "/media/jbrogan4/scratch2/Reddit_Prov_Dataset_v6/_A_Stack_of_Red-Eye_Tree_Frogs/g1334_cpepp3r.jpg", "URL": "http://i.imgur.com/or093kS.jpg", "fileid": "g1334_cpepp3r.jpg"}, {"id": "g1334_cpezrsw", "comment": "[Fruit Hat] (http://imgur.com/6Wkt7jX)", "date": "2015-03-14 17:30:33", "seriesname": "g1334_cpezrsw", "file": "/media/jbrogan4/scratch2/Reddit_Prov_Dataset_v6/_A_Stack_of_Red-Eye_Tree_Frogs/g1334_cpezrsw.png", "URL": "http://i.imgur.com/6Wkt7jX.png", "fileid": "g1334_cpezrsw.png"}, {"id": "g1334_cpeqemd", "comment": "[NES Classic](http://i.imgur.com/FaQa8Ei.jpg)", "date": "2015-03-14 12:13:46", "seriesname": "g1334_cpeqemd", "file": "/media/jbrogan4/scratch2/Reddit_Prov_Dataset_v6/_A_Stack_of_Red-Eye_Tree_Frogs/g1334_cpeqemd.jpg", "URL": "http://i.imgur.com/FaQa8Ei.jpg", "fileid": "g1334_cpeqemd.jpg"}, {"id": "g1334_cpeotvc", "comment": "[Dog Frog](http://i.imgur.com/pSIIMiw.png)", "date": "2015-03-14 11:15:50", "seriesname": "g1334_cpeotvc", "file": "/media/jbrogan4/scratch2/Reddit_Prov_Dataset_v6/_A_Stack_of_Red-Eye_Tree_Frogs/g1334_cpeotvc.png", "URL": "http://i.imgur.com/pSIIMiw.png", "fileid": "g1334_cpeotvc.png"}, {"id": "g1334_cpet842", "comment": "[Beware Frodo! The eyes see all!](http://imgur.com/lZLhbyZ)", "date": "2015-03-14 13:51:04", "seriesname": "g1334_cpet842", "file": "/media/jbrogan4/scratch2/Reddit_Prov_Dataset_v6/_A_Stack_of_Red-Eye_Tree_Frogs/g1334_cpet842.png", "URL": "http://i.imgur.com/lZLhbyZ.png", "fileid": "g1334_cpet842.png"}, {"id": "g1334_cpesot8", "comment": "[Well, hello there! Beautiful morning, isn't it?](http://i.imgur.com/cfdMmil.jpg?1)", "date": "2015-03-14 13:33:12", "seriesname": "g1334_cpesot8", "file": "/media/jbrogan4/scratch2/Reddit_Prov_Dataset_v6/_A_Stack_of_Red-Eye_Tree_Frogs/g1334_cpesot8.jpg", "URL": "http://i.imgur.com/cfdMmil.jpg?1", "fileid": "g1334_cpesot8.jpg"}, {"id": "g1334_cpesdcu", "comment": "[here comes Orochimaru!](http://i.imgur.com/K245LIs.jpg?1)", "date": "2015-03-14 13:22:31", "seriesname": "g1334_cpesdcu", "file": "/media/jbrogan4/scratch2/Reddit_Prov_Dataset_v6/_A_Stack_of_Red-Eye_Tree_Frogs/g1334_cpesdcu.jpg", "URL": "http://i.imgur.com/K245LIs.jpg?1", "fileid": "g1334_cpesdcu.jpg"}, {"id": "g1334_cpetbnh", "comment": "[Frog Brigade](http://imgur.com/6aIBwtB)", "date": "2015-03-14 13:54:19", "seriesname": "g1334_cpetbnh", "file": "/media/jbrogan4/scratch2/Reddit_Prov_Dataset_v6/_A_Stack_of_Red-Eye_Tree_Frogs/g1334_cpetbnh.png", "URL": "http://i.imgur.com/6aIBwtB.png", "fileid": "g1334_cpetbnh.png"}, {"id": "g1334_cpetfke", "comment": "http://i.imgur.com/XmiDHgj.gif", "date": "2015-03-14 13:57:47", "seriesname": "g1334_cpetfke", "file": "/media/jbrogan4/scratch2/Reddit_Prov_Dataset_v6/_A_Stack_of_Red-Eye_Tree_Frogs/g1334_cpetfke.jpg", "URL": "http://i.imgur.com/XmiDHgj.gif", "fileid": "g1334_cpetfke.gif"}, {"id": "g1334_cpfabgm", "comment": "[The original frog rider](http://i.imgur.com/klHYsaP.jpg)", "date": "2015-03-14 23:50:29", "seriesname": "g1334_cpfabgm", "file": "/media/jbrogan4/scratch2/Reddit_Prov_Dataset_v6/_A_Stack_of_Red-Eye_Tree_Frogs/g1334_cpfabgm.jpg", "URL": "http://i.imgur.com/klHYsaP.jpg", "fileid": "g1334_cpfabgm.jpg"}, {"id": "g1334_cpepewu", "comment": "[I've made a huge mistake.](http://i.imgur.com/c8FJEBV.jpg)", "date": "2015-03-14 11:38:14", "seriesname": "g1334_cpepewu", "file": "/media/jbrogan4/scratch2/Reddit_Prov_Dataset_v6/_A_Stack_of_Red-Eye_Tree_Frogs/g1334_cpepewu.jpg", "URL": "http://i.imgur.com/c8FJEBV.jpg", "fileid": "g1334_cpepewu.jpg"}, {"id": "g1334_cpeqkc1", "comment": "http://i.imgur.com/5PYzC7m.gif", "date": "2015-03-14 12:19:30", "seriesname": "g1334_cpeqkc1", "file": "/media/jbrogan4/scratch2/Reddit_Prov_Dataset_v6/_A_Stack_of_Red-Eye_Tree_Frogs/g1334_cpeqkc1.jpg", "URL": "http://i.imgur.com/5PYzC7m.gif", "fileid": "g1334_cpeqkc1.gif"}, {"id": "g1334_cpf0qjw", "comment": "http://i.imgur.com/gjU3G3Z.gif", "date": "2015-03-14 18:04:18", "seriesname": "g1334_cpf0qjw", "file": "/media/jbrogan4/scratch2/Reddit_Prov_Dataset_v6/_A_Stack_of_Red-Eye_Tree_Frogs/g1334_cpf0qjw.jpg", "URL": "http://i.imgur.com/gjU3G3Z.gif", "fileid": "g1334_cpf0qjw.gif"}, {"id": "g1334_cpeqftc", "comment": "[A stack of Blue-Eyed Water Frogs](http://i.imgur.com/07ERYpO.jpg)", "date": "2015-03-14 12:14:56", "seriesname": "g1334_cpeqftc", "file": "/media/jbrogan4/scratch2/Reddit_Prov_Dataset_v6/_A_Stack_of_Red-Eye_Tree_Frogs/g1334_cpeqftc.jpg", "URL": "http://i.imgur.com/07ERYpO.jpg", "fileid": "g1334_cpeqftc.jpg"}, {"id": "g1334_cpepueb", "comment": "[The evolution of fly catching.](http://i.imgur.com/iveeM4m.jpg)", "date": "2015-03-14 11:53:40", "seriesname": "g1334_cpepueb", "file": "/media/jbrogan4/scratch2/Reddit_Prov_Dataset_v6/_A_Stack_of_Red-Eye_Tree_Frogs/g1334_cpepueb.jpg", "URL": "http://i.imgur.com/iveeM4m.jpg", "fileid": "g1334_cpepueb.jpg"}, {"id": "g1334_cpf3jux", "comment": "[I see what you're gettin at.](http://i.imgur.com/fPCtfDr.png)", "date": "2015-03-14 19:44:34", "seriesname": "g1334_cpf3jux", "file": "/media/jbrogan4/scratch2/Reddit_Prov_Dataset_v6/_A_Stack_of_Red-Eye_Tree_Frogs/g1334_cpf3jux.png", "URL": "http://i.imgur.com/fPCtfDr.png", "fileid": "g1334_cpf3jux.png"}, {"id": "g1334_root", "comment": "", "date": "2015-03-14 10:33:00", "seriesname": "g1334_root", "file": "/media/jbrogan4/scratch2/Reddit_Prov_Dataset_v6/_A_Stack_of_Red-Eye_Tree_Frogs/g1334_root.jpg", "URL": "http://i.imgur.com/egkackK.jpg", "fileid": "g1334_root.jpg"}], "graph": {"name": "g1334_root"}, "directed": true}