{"links": [{"op": "none", "target": 0, "source": 70}, {"op": "none", "target": 1, "source": 70}, {"op": "none", "target": 2, "source": 70}, {"op": "none", "target": 3, "source": 70}, {"op": "none", "target": 4, "source": 70}, {"op": "none", "target": 5, "source": 70}, {"op": "none", "target": 6, "source": 70}, {"op": "none", "target": 7, "source": 70}, {"op": "none", "target": 8, "source": 48}, {"op": "none", "target": 9, "source": 70}, {"op": "none", "target": 10, "source": 48}, {"op": "none", "target": 11, "source": 70}, {"op": "none", "target": 12, "source": 63}, {"op": "none", "target": 13, "source": 70}, {"op": "none", "target": 14, "source": 70}, {"op": "none", "target": 15, "source": 70}, {"op": "none", "target": 16, "source": 54}, {"op": "none", "target": 17, "source": 70}, {"op": "none", "target": 18, "source": 70}, {"op": "none", "target": 19, "source": 70}, {"op": "none", "target": 20, "source": 32}, {"op": "none", "target": 21, "source": 70}, {"op": "none", "target": 22, "source": 70}, {"op": "none", "target": 23, "source": 70}, {"op": "none", "target": 24, "source": 70}, {"op": "none", "target": 25, "source": 70}, {"op": "none", "target": 26, "source": 12}, {"op": "none", "target": 27, "source": 36}, {"op": "none", "target": 28, "source": 70}, {"op": "none", "target": 29, "source": 70}, {"op": "none", "target": 30, "source": 27}, {"op": "none", "target": 31, "source": 70}, {"op": "none", "target": 32, "source": 30}, {"op": "none", "target": 33, "source": 70}, {"op": "none", "target": 34, "source": 70}, {"op": "none", "target": 35, "source": 70}, {"op": "none", "target": 36, "source": 60}, {"op": "none", "target": 37, "source": 39}, {"op": "none", "target": 38, "source": 70}, {"op": "none", "target": 39, "source": 70}, {"op": "none", "target": 40, "source": 70}, {"op": "none", "target": 41, "source": 60}, {"op": "none", "target": 42, "source": 70}, {"op": "none", "target": 43, "source": 70}, {"op": "none", "target": 44, "source": 70}, {"op": "none", "target": 45, "source": 70}, {"op": "none", "target": 46, "source": 70}, {"op": "none", "target": 47, "source": 70}, {"op": "none", "target": 48, "source": 70}, {"op": "none", "target": 49, "source": 70}, {"op": "none", "target": 50, "source": 54}, {"op": "none", "target": 51, "source": 70}, {"op": "none", "target": 52, "source": 70}, {"op": "none", "target": 53, "source": 39}, {"op": "none", "target": 54, "source": 70}, {"op": "none", "target": 55, "source": 70}, {"op": "none", "target": 56, "source": 52}, {"op": "none", "target": 57, "source": 70}, {"op": "none", "target": 58, "source": 70}, {"op": "none", "target": 59, "source": 70}, {"op": "none", "target": 60, "source": 12}, {"op": "none", "target": 61, "source": 70}, {"op": "none", "target": 62, "source": 70}, {"op": "none", "target": 63, "source": 16}, {"op": "none", "target": 64, "source": 70}, {"op": "none", "target": 65, "source": 70}, {"op": "none", "target": 66, "source": 70}, {"op": "none", "target": 67, "source": 70}, {"op": "none", "target": 68, "source": 70}, {"op": "none", "target": 69, "source": 70}, {"op": "none", "target": 71, "source": 70}], "title": "_This_surprised_racoon", "nodes": [{"id": "g1331_cso37i2", "comment": "[Let me squeeze in there too](http://i.imgur.com/5RyeZoA.jpg)", "date": "2015-06-30 18:49:51", "seriesname": "g1331_cso37i2", "file": "/media/jbrogan4/scratch2/Reddit_Prov_Dataset_v6/_This_surprised_racoon/g1331_cso37i2.jpg", "URL": "http://i.imgur.com/5RyeZoA.jpg", "fileid": "g1331_cso37i2.jpg"}, {"id": "g1331_csnr2s8", "comment": "[I can't believe..](http://i.imgur.com/NiaVgEE.jpg)\n\nI've never done this before, please be gentle.", "date": "2015-06-30 13:38:39", "seriesname": "g1331_csnr2s8", "file": "/media/jbrogan4/scratch2/Reddit_Prov_Dataset_v6/_This_surprised_racoon/g1331_csnr2s8.jpg", "URL": "http://i.imgur.com/NiaVgEE.jpg", "fileid": "g1331_csnr2s8.jpg"}, {"id": "g1331_csnrtz0", "comment": "[Surprise!](http://i.imgur.com/6Q40hjw.gif)", "date": "2015-06-30 13:57:04", "seriesname": "g1331_csnrtz0", "file": "/media/jbrogan4/scratch2/Reddit_Prov_Dataset_v6/_This_surprised_racoon/g1331_csnrtz0.jpg", "URL": "http://i.imgur.com/6Q40hjw.gif", "fileid": "g1331_csnrtz0.gif"}, {"id": "g1331_csnyb7b", "comment": "WE LEFT IT HOME ALONE!\n\nhttp://i.imgur.com/9ygZqYy.jpg?1", "date": "2015-06-30 16:38:19", "seriesname": "g1331_csnyb7b", "file": "/media/jbrogan4/scratch2/Reddit_Prov_Dataset_v6/_This_surprised_racoon/g1331_csnyb7b.jpg", "URL": "http://i.imgur.com/9ygZqYy.jpg?1", "fileid": "g1331_csnyb7b.jpg"}, {"id": "g1331_csnssi3", "comment": "[Star Raccoon is maybe not the best at controlling his Arwing. Sorry, Solar.](http://i.imgur.com/m6EtOV1.jpg)", "date": "2015-06-30 14:20:42", "seriesname": "g1331_csnssi3", "file": "/media/jbrogan4/scratch2/Reddit_Prov_Dataset_v6/_This_surprised_racoon/g1331_csnssi3.jpg", "URL": "http://i.imgur.com/m6EtOV1.jpg", "fileid": "g1331_csnssi3.jpg"}, {"id": "g1331_csofv1e", "comment": "[Season 2 of Daredevil, Animal Rights cases on the rise](http://imgur.com/qll5EeR.jpg)", "date": "2015-07-01 02:21:48", "seriesname": "g1331_csofv1e", "file": "/media/jbrogan4/scratch2/Reddit_Prov_Dataset_v6/_This_surprised_racoon/g1331_csofv1e.jpg", "URL": "http://imgur.com/qll5EeR.jpg", "fileid": "g1331_csofv1e.jpg"}, {"id": "g1331_csns9yc", "comment": "[No, I've been nervous lots of times.](http://i.imgur.com/Q13JMEK.jpg)", "date": "2015-06-30 14:08:01", "seriesname": "g1331_csns9yc", "file": "/media/jbrogan4/scratch2/Reddit_Prov_Dataset_v6/_This_surprised_racoon/g1331_csns9yc.jpg", "URL": "http://i.imgur.com/Q13JMEK.jpg", "fileid": "g1331_csns9yc.jpg"}, {"id": "g1331_csokiue", "comment": "[Hunger streak, 21-1](http://i.imgur.com/tM16WIf.png)", "date": "2015-07-01 07:19:16", "seriesname": "g1331_csokiue", "file": "/media/jbrogan4/scratch2/Reddit_Prov_Dataset_v6/_This_surprised_racoon/g1331_csokiue.png", "URL": "http://i.imgur.com/tM16WIf.png", "fileid": "g1331_csokiue.png"}, {"id": "g1331_csnwosx", "comment": "[That's sort of weird, but okay.](http://i.imgur.com/iS6NW0n.png)", "date": "2015-06-30 15:57:34", "seriesname": "g1331_csnwosx", "file": "/media/jbrogan4/scratch2/Reddit_Prov_Dataset_v6/_This_surprised_racoon/g1331_csnwosx.png", "URL": "http://i.imgur.com/iS6NW0n.png", "fileid": "g1331_csnwosx.png"}, {"id": "g1331_csnrsqo", "comment": "[Share your food with me(Slightly NSFW?)](http://i.imgur.com/t1ri4Zj.png)", "date": "2015-06-30 13:56:12", "seriesname": "g1331_csnrsqo", "file": "/media/jbrogan4/scratch2/Reddit_Prov_Dataset_v6/_This_surprised_racoon/g1331_csnrsqo.png", "URL": "http://i.imgur.com/t1ri4Zj.png", "fileid": "g1331_csnrsqo.png"}, {"id": "g1331_csnw0wk", "comment": "[and as usual leonardo missed the oscar and he is little bit sad.](http://imgur.com/DC62YHZ)", "date": "2015-06-30 15:41:06", "seriesname": "g1331_csnw0wk", "file": "/media/jbrogan4/scratch2/Reddit_Prov_Dataset_v6/_This_surprised_racoon/g1331_csnw0wk.png", "URL": "http://i.imgur.com/DC62YHZ.png", "fileid": "g1331_csnw0wk.png"}, {"id": "g1331_csnsa0z", "comment": "[Creepy Dramatic Racoon] (http://i.imgur.com/klyGvpg.jpg)", "date": "2015-06-30 14:08:04", "seriesname": "g1331_csnsa0z", "file": "/media/jbrogan4/scratch2/Reddit_Prov_Dataset_v6/_This_surprised_racoon/g1331_csnsa0z.jpg", "URL": "http://i.imgur.com/klyGvpg.jpg", "fileid": "g1331_csnsa0z.jpg"}, {"id": "g1331_cso27uz", "comment": "[There is always room for more properlier if that's even a word...](http://i.imgur.com/G3MRwzw.png)", "date": "2015-06-30 18:20:54", "seriesname": "g1331_cso27uz", "file": "/media/jbrogan4/scratch2/Reddit_Prov_Dataset_v6/_This_surprised_racoon/g1331_cso27uz.png", "URL": "http://i.imgur.com/G3MRwzw.png", "fileid": "g1331_cso27uz.png"}, {"id": "g1331_csp98py", "comment": "Oooh Noooos!\nhttp://imgur.com/446pHAQ", "date": "2015-07-01 19:02:08", "seriesname": "g1331_csp98py", "file": "/media/jbrogan4/scratch2/Reddit_Prov_Dataset_v6/_This_surprised_racoon/g1331_csp98py.png", "URL": "http://i.imgur.com/446pHAQ.png", "fileid": "g1331_csp98py.png"}, {"id": "g1331_csnxhuc", "comment": "[I didn't know The Wheeping 'Coon was coming to Doctor Who this season.](http://i.imgur.com/8glNDZW.jpg)", "date": "2015-06-30 16:17:48", "seriesname": "g1331_csnxhuc", "file": "/media/jbrogan4/scratch2/Reddit_Prov_Dataset_v6/_This_surprised_racoon/g1331_csnxhuc.jpg", "URL": "http://i.imgur.com/8glNDZW.jpg", "fileid": "g1331_csnxhuc.jpg"}, {"id": "g1331_csoakxf", "comment": "[I'm sure he'd dress up for the occasion.](http://i.imgur.com/0tv3LLZ.jpg)", "date": "2015-06-30 23:02:16", "seriesname": "g1331_csoakxf", "file": "/media/jbrogan4/scratch2/Reddit_Prov_Dataset_v6/_This_surprised_racoon/g1331_csoakxf.jpg", "URL": "http://i.imgur.com/0tv3LLZ.jpg", "fileid": "g1331_csoakxf.jpg"}, {"id": "g1331_csnw5qy", "comment": "I felt like this was [missing](http://i.imgur.com/kmDyKbJ.jpg) something.", "date": "2015-06-30 15:44:26", "seriesname": "g1331_csnw5qy", "file": "/media/jbrogan4/scratch2/Reddit_Prov_Dataset_v6/_This_surprised_racoon/g1331_csnw5qy.jpg", "URL": "http://i.imgur.com/kmDyKbJ.jpg", "fileid": "g1331_csnw5qy.jpg"}, {"id": "g1331_csou30p", "comment": "[Honey I'm home!!!......Jim?](http://i.imgur.com/PuS9hCq.jpg)", "date": "2015-07-01 12:38:12", "seriesname": "g1331_csou30p", "file": "/media/jbrogan4/scratch2/Reddit_Prov_Dataset_v6/_This_surprised_racoon/g1331_csou30p.jpg", "URL": "http://i.imgur.com/PuS9hCq.jpg", "fileid": "g1331_csou30p.jpg"}, {"id": "g1331_csomypx", "comment": "[coondere](https://i.imgur.com/uysvpz3.jpg)", "date": "2015-07-01 09:16:31", "seriesname": "g1331_csomypx", "file": "/media/jbrogan4/scratch2/Reddit_Prov_Dataset_v6/_This_surprised_racoon/g1331_csomypx.jpg", "URL": "https://i.imgur.com/uysvpz3.jpg", "fileid": "g1331_csomypx.jpg"}, {"id": "g1331_csnwi51", "comment": "Hope I'm not too late on this.\n\n[The hottest new club in New York is... \"KEVIN?\"](http://i.imgur.com/Pp6iAK2.jpg)", "date": "2015-06-30 15:53:00", "seriesname": "g1331_csnwi51", "file": "/media/jbrogan4/scratch2/Reddit_Prov_Dataset_v6/_This_surprised_racoon/g1331_csnwi51.jpg", "URL": "http://i.imgur.com/Pp6iAK2.jpg", "fileid": "g1331_csnwi51.jpg"}, {"id": "g1331_csoi87n", "comment": "**[Little did he know, it was not the oven that started the fire.](http://i.imgur.com/dt66Z2q.jpg)**  \n\n^And ^with ^this ^we've ^gone ^full ^circle.  \n\n**EDIT: I'm working on a gif for the full journey. I will deliver, stay tuned.**    \n\n**[EDIT 2: ENJOY](http://gfycat.com/DevotedGiddyBumblebee)**    ^^I ^^don't ^^know ^^why ^^gfycat ^^made ^^it ^^so ^^slow, ^^but ^^anyway...\n-", "date": "2015-07-01 04:38:52", "seriesname": "g1331_csoi87n", "file": "/media/jbrogan4/scratch2/Reddit_Prov_Dataset_v6/_This_surprised_racoon/g1331_csoi87n.jpg", "URL": "http://i.imgur.com/dt66Z2q.jpg)**", "fileid": "g1331_csoi87n.jpg**"}, {"id": "g1331_csp2kl0", "comment": "[Nom nom nom](http://i.imgur.com/0aFLpkP.png)", "date": "2015-07-01 16:02:48", "seriesname": "g1331_csp2kl0", "file": "/media/jbrogan4/scratch2/Reddit_Prov_Dataset_v6/_This_surprised_racoon/g1331_csp2kl0.png", "URL": "http://i.imgur.com/0aFLpkP.png", "fileid": "g1331_csp2kl0.png"}, {"id": "g1331_cso2zi8", "comment": "[Archie Racoon &amp; Band](http://i.imgur.com/AoJQnmp.jpg)", "date": "2015-06-30 18:43:16", "seriesname": "g1331_cso2zi8", "file": "/media/jbrogan4/scratch2/Reddit_Prov_Dataset_v6/_This_surprised_racoon/g1331_cso2zi8.jpg", "URL": "http://i.imgur.com/AoJQnmp.jpg", "fileid": "g1331_cso2zi8.jpg"}, {"id": "g1331_cso4n4r", "comment": "[robble robble](http://i.imgur.com/uLgAGZ4.png)", "date": "2015-06-30 19:31:22", "seriesname": "g1331_cso4n4r", "file": "/media/jbrogan4/scratch2/Reddit_Prov_Dataset_v6/_This_surprised_racoon/g1331_cso4n4r.png", "URL": "http://i.imgur.com/uLgAGZ4.png", "fileid": "g1331_cso4n4r.png"}, {"id": "g1331_cso76fh", "comment": "[Senpai](http://i.imgur.com/198Nqrn.jpg)", "date": "2015-06-30 21:04:57", "seriesname": "g1331_cso76fh", "file": "/media/jbrogan4/scratch2/Reddit_Prov_Dataset_v6/_This_surprised_racoon/g1331_cso76fh.jpg", "URL": "http://i.imgur.com/198Nqrn.jpg", "fileid": "g1331_cso76fh.jpg"}, {"id": "g1331_csnr6lo", "comment": "[GOTG](http://i.imgur.com/ntXTQcB.jpg)", "date": "2015-06-30 13:41:14", "seriesname": "g1331_csnr6lo", "file": "/media/jbrogan4/scratch2/Reddit_Prov_Dataset_v6/_This_surprised_racoon/g1331_csnr6lo.jpg", "URL": "http://i.imgur.com/ntXTQcB.jpg", "fileid": "g1331_csnr6lo.jpg"}, {"id": "g1331_csobhmn", "comment": "http://i.imgur.com/YQLqwZg.png", "date": "2015-06-30 23:31:49", "seriesname": "g1331_csobhmn", "file": "/media/jbrogan4/scratch2/Reddit_Prov_Dataset_v6/_This_surprised_racoon/g1331_csobhmn.png", "URL": "http://i.imgur.com/YQLqwZg.png", "fileid": "g1331_csobhmn.png"}, {"id": "g1331_csoe16t", "comment": "DEEPER!!!\n\nhttp://i.imgur.com/v9Qm9z4.png", "date": "2015-07-01 01:00:55", "seriesname": "g1331_csoe16t", "file": "/media/jbrogan4/scratch2/Reddit_Prov_Dataset_v6/_This_surprised_racoon/g1331_csoe16t.png", "URL": "http://i.imgur.com/v9Qm9z4.png", "fileid": "g1331_csoe16t.png"}, {"id": "g1331_csnobr5", "comment": "[Helping hand](http://i.imgur.com/5OZv0fU.png)", "date": "2015-06-30 12:31:30", "seriesname": "g1331_csnobr5", "file": "/media/jbrogan4/scratch2/Reddit_Prov_Dataset_v6/_This_surprised_racoon/g1331_csnobr5.png", "URL": "http://i.imgur.com/5OZv0fU.png", "fileid": "g1331_csnobr5.png"}, {"id": "g1331_csnystg", "comment": "[~~Surprised~~ Evil Plotting Raccoon](http://i.imgur.com/h9ABD72.jpg)", "date": "2015-06-30 16:50:45", "seriesname": "g1331_csnystg", "file": "/media/jbrogan4/scratch2/Reddit_Prov_Dataset_v6/_This_surprised_racoon/g1331_csnystg.jpg", "URL": "http://i.imgur.com/h9ABD72.jpg", "fileid": "g1331_csnystg.jpg"}, {"id": "g1331_csoem7l", "comment": "[DEEEEEEEEEEEEEEEEEPEEEEEEEEEEEEEEER!!!!!!!!!](http://i.imgur.com/RQk6Z8z.jpg)", "date": "2015-07-01 01:24:41", "seriesname": "g1331_csoem7l", "file": "/media/jbrogan4/scratch2/Reddit_Prov_Dataset_v6/_This_surprised_racoon/g1331_csoem7l.jpg", "URL": "http://i.imgur.com/RQk6Z8z.jpg", "fileid": "g1331_csoem7l.jpg"}, {"id": "g1331_csok5h4", "comment": "[OMG occupied!](http://i.imgur.com/LXpw5Z1.jpg)", "date": "2015-07-01 06:55:49", "seriesname": "g1331_csok5h4", "file": "/media/jbrogan4/scratch2/Reddit_Prov_Dataset_v6/_This_surprised_racoon/g1331_csok5h4.jpg", "URL": "http://i.imgur.com/LXpw5Z1.jpg", "fileid": "g1331_csok5h4.jpg"}, {"id": "g1331_csog4j6", "comment": "[EVEN DEEPER!!!](http://i.imgur.com/XMm22BM.jpg)", "date": "2015-07-01 02:34:31", "seriesname": "g1331_csog4j6", "file": "/media/jbrogan4/scratch2/Reddit_Prov_Dataset_v6/_This_surprised_racoon/g1331_csog4j6.jpg", "URL": "http://i.imgur.com/XMm22BM.jpg", "fileid": "g1331_csog4j6.jpg"}, {"id": "g1331_csnuy4d", "comment": "[The Price is Right](http://i.imgur.com/MesC9oG.jpg)", "date": "2015-06-30 15:14:30", "seriesname": "g1331_csnuy4d", "file": "/media/jbrogan4/scratch2/Reddit_Prov_Dataset_v6/_This_surprised_racoon/g1331_csnuy4d.jpg", "URL": "http://i.imgur.com/MesC9oG.jpg", "fileid": "g1331_csnuy4d.jpg"}, {"id": "g1331_csnsrhq", "comment": "[Oh my GOD! I fucking LOVE that movie!](http://i.imgur.com/IQuDm5l.jpg)", "date": "2015-06-30 14:20:00", "seriesname": "g1331_csnsrhq", "file": "/media/jbrogan4/scratch2/Reddit_Prov_Dataset_v6/_This_surprised_racoon/g1331_csnsrhq.jpg", "URL": "http://i.imgur.com/IQuDm5l.jpg", "fileid": "g1331_csnsrhq.jpg"}, {"id": "g1331_csnwb1q", "comment": "[Expectant father nervously bites his nails](http://i.imgur.com/yYdeK0w.gif)", "date": "2015-06-30 15:48:06", "seriesname": "g1331_csnwb1q", "file": "/media/jbrogan4/scratch2/Reddit_Prov_Dataset_v6/_This_surprised_racoon/g1331_csnwb1q.jpg", "URL": "http://i.imgur.com/yYdeK0w.gif", "fileid": "g1331_csnwb1q.gif"}, {"id": "g1331_cso9qd1", "comment": "[We can go deeper...I mean, if you want to.](http://i.imgur.com/R1iZQzf.jpg)", "date": "2015-06-30 22:34:15", "seriesname": "g1331_cso9qd1", "file": "/media/jbrogan4/scratch2/Reddit_Prov_Dataset_v6/_This_surprised_racoon/g1331_cso9qd1.jpg", "URL": "http://i.imgur.com/R1iZQzf.jpg", "fileid": "g1331_cso9qd1.jpg"}, {"id": "g1331_csns707", "comment": "[\"Everybody look, Bruce said yes!\"](http://i.imgur.com/dqZo9Vq.png)", "date": "2015-06-30 14:05:57", "seriesname": "g1331_csns707", "file": "/media/jbrogan4/scratch2/Reddit_Prov_Dataset_v6/_This_surprised_racoon/g1331_csns707.png", "URL": "http://i.imgur.com/dqZo9Vq.png", "fileid": "g1331_csns707.png"}, {"id": "g1331_csnsrkl", "comment": "[These snacks feel good man](http://i.imgur.com/jwnhk3x.jpg)", "date": "2015-06-30 14:20:03", "seriesname": "g1331_csnsrkl", "file": "/media/jbrogan4/scratch2/Reddit_Prov_Dataset_v6/_This_surprised_racoon/g1331_csnsrkl.jpg", "URL": "http://i.imgur.com/jwnhk3x.jpg", "fileid": "g1331_csnsrkl.jpg"}, {"id": "g1331_csnl12b", "comment": "[We were warned this would happen if the Gays could get married!](http://i.imgur.com/OtI525s.jpg)", "date": "2015-06-30 11:06:15", "seriesname": "g1331_csnl12b", "file": "/media/jbrogan4/scratch2/Reddit_Prov_Dataset_v6/_This_surprised_racoon/g1331_csnl12b.jpg", "URL": "http://i.imgur.com/OtI525s.jpg", "fileid": "g1331_csnl12b.jpg"}, {"id": "g1331_cso7529", "comment": "Maybe a little late, but [first try](http://imgur.com/3SmX8gc)", "date": "2015-06-30 21:03:24", "seriesname": "g1331_cso7529", "file": "/media/jbrogan4/scratch2/Reddit_Prov_Dataset_v6/_This_surprised_racoon/g1331_cso7529.png", "URL": "http://i.imgur.com/3SmX8gc.png", "fileid": "g1331_cso7529.png"}, {"id": "g1331_csob75z", "comment": "[Let's add a little class to it] (http://i.imgur.com/3QhXtad.png)", "date": "2015-06-30 23:22:23", "seriesname": "g1331_csob75z", "file": "/media/jbrogan4/scratch2/Reddit_Prov_Dataset_v6/_This_surprised_racoon/g1331_csob75z.png", "URL": "http://i.imgur.com/3QhXtad.png", "fileid": "g1331_csob75z.png"}, {"id": "g1331_cso44l2", "comment": "[And the winner of the 2015 Miss America Pageant is...](http://i.imgur.com/SjG37Mq.jpg)", "date": "2015-06-30 19:16:16", "seriesname": "g1331_cso44l2", "file": "/media/jbrogan4/scratch2/Reddit_Prov_Dataset_v6/_This_surprised_racoon/g1331_cso44l2.jpg", "URL": "http://i.imgur.com/SjG37Mq.jpg", "fileid": "g1331_cso44l2.jpg"}, {"id": "g1331_csoglli", "comment": "[Celebration](http://imgur.com/we47SiV)", "date": "2015-07-01 02:59:35", "seriesname": "g1331_csoglli", "file": "/media/jbrogan4/scratch2/Reddit_Prov_Dataset_v6/_This_surprised_racoon/g1331_csoglli.png", "URL": "http://i.imgur.com/we47SiV.png", "fileid": "g1331_csoglli.png"}, {"id": "g1331_csntykg", "comment": "[Galaxy racoon](http://i.imgur.com/Znvatj7.jpg)", "date": "2015-06-30 14:49:47", "seriesname": "g1331_csntykg", "file": "/media/jbrogan4/scratch2/Reddit_Prov_Dataset_v6/_This_surprised_racoon/g1331_csntykg.jpg", "URL": "http://i.imgur.com/Znvatj7.jpg", "fileid": "g1331_csntykg.jpg"}, {"id": "g1331_csp1ude", "comment": "[Harmonica moods](http://i.imgur.com/zVGMS0I.jpg)\nMan! you can't pay no raccoon wit dat", "date": "2015-07-01 15:45:16", "seriesname": "g1331_csp1ude", "file": "/media/jbrogan4/scratch2/Reddit_Prov_Dataset_v6/_This_surprised_racoon/g1331_csp1ude.jpg", "URL": "http://i.imgur.com/zVGMS0I.jpg", "fileid": "g1331_csp1ude.jpg"}, {"id": "g1331_csnvdas", "comment": "[Baby Groot?](http://i.imgur.com/kgZDdk0.jpg)", "date": "2015-06-30 15:24:52", "seriesname": "g1331_csnvdas", "file": "/media/jbrogan4/scratch2/Reddit_Prov_Dataset_v6/_This_surprised_racoon/g1331_csnvdas.jpg", "URL": "http://i.imgur.com/kgZDdk0.jpg", "fileid": "g1331_csnvdas.jpg"}, {"id": "g1331_csnrb3y", "comment": "[Dave needed lung cancer quickly to get a medicinal marijuana card.](http://i.imgur.com/QMJUOcV.jpg)", "date": "2015-06-30 13:44:19", "seriesname": "g1331_csnrb3y", "file": "/media/jbrogan4/scratch2/Reddit_Prov_Dataset_v6/_This_surprised_racoon/g1331_csnrb3y.jpg", "URL": "http://i.imgur.com/QMJUOcV.jpg", "fileid": "g1331_csnrb3y.jpg"}, {"id": "g1331_csnqs74", "comment": "[And the award goes to...](http://imgur.com/X4i4QeG)", "date": "2015-06-30 13:31:21", "seriesname": "g1331_csnqs74", "file": "/media/jbrogan4/scratch2/Reddit_Prov_Dataset_v6/_This_surprised_racoon/g1331_csnqs74.png", "URL": "http://i.imgur.com/X4i4QeG.png", "fileid": "g1331_csnqs74.png"}, {"id": "g1331_csorq02", "comment": "[Dunkin on em!](http://imgur.com/jFteWMm)", "date": "2015-07-01 11:38:55", "seriesname": "g1331_csorq02", "file": "/media/jbrogan4/scratch2/Reddit_Prov_Dataset_v6/_This_surprised_racoon/g1331_csorq02.png", "URL": "http://i.imgur.com/jFteWMm.png", "fileid": "g1331_csorq02.png"}, {"id": "g1331_cso65bk", "comment": "[Firefighter Raptors are here to help.](http://i.imgur.com/ZAn8NNq.jpg)", "date": "2015-06-30 20:15:43", "seriesname": "g1331_cso65bk", "file": "/media/jbrogan4/scratch2/Reddit_Prov_Dataset_v6/_This_surprised_racoon/g1331_cso65bk.jpg", "URL": "http://i.imgur.com/ZAn8NNq.jpg", "fileid": "g1331_cso65bk.jpg"}, {"id": "g1331_csp3jmg", "comment": "[S...S..Senpai??](http://i.imgur.com/BqfjvkU.png)", "date": "2015-07-01 16:26:44", "seriesname": "g1331_csp3jmg", "file": "/media/jbrogan4/scratch2/Reddit_Prov_Dataset_v6/_This_surprised_racoon/g1331_csp3jmg.png", "URL": "http://i.imgur.com/BqfjvkU.png", "fileid": "g1331_csp3jmg.png"}, {"id": "g1331_csnnn64", "comment": "[Oh, Richard!!](http://imgur.com/Olcg4QY)", "date": "2015-06-30 12:14:39", "seriesname": "g1331_csnnn64", "file": "/media/jbrogan4/scratch2/Reddit_Prov_Dataset_v6/_This_surprised_racoon/g1331_csnnn64.png", "URL": "http://i.imgur.com/Olcg4QY.png", "fileid": "g1331_csnnn64.png"}, {"id": "g1331_csnui7y", "comment": "[Made me think of this.](http://i.imgur.com/ZKs64iU.jpg)", "date": "2015-06-30 15:03:24", "seriesname": "g1331_csnui7y", "file": "/media/jbrogan4/scratch2/Reddit_Prov_Dataset_v6/_This_surprised_racoon/g1331_csnui7y.jpg", "URL": "http://i.imgur.com/ZKs64iU.jpg", "fileid": "g1331_csnui7y.jpg"}, {"id": "g1331_csnias3", "comment": "**[HOLY SHIT THE OVEN!](http://i.imgur.com/Yo93XJI.jpg)**  \n-", "date": "2015-06-30 09:45:30", "seriesname": "g1331_csnias3", "file": "/media/jbrogan4/scratch2/Reddit_Prov_Dataset_v6/_This_surprised_racoon/g1331_csnias3.jpg", "URL": "http://i.imgur.com/Yo93XJI.jpg)**", "fileid": "g1331_csnias3.jpg**"}, {"id": "g1331_csnsnnb", "comment": "[Oh noooo!!!!](https://i.imgur.com/FyhTe4P.png)", "date": "2015-06-30 14:17:22", "seriesname": "g1331_csnsnnb", "file": "/media/jbrogan4/scratch2/Reddit_Prov_Dataset_v6/_This_surprised_racoon/g1331_csnsnnb.png", "URL": "https://i.imgur.com/FyhTe4P.png", "fileid": "g1331_csnsnnb.png"}, {"id": "g1331_csnponx", "comment": "[not again! ](http://i.imgur.com/6RPnlNn.jpg)", "date": "2015-06-30 13:04:35", "seriesname": "g1331_csnponx", "file": "/media/jbrogan4/scratch2/Reddit_Prov_Dataset_v6/_This_surprised_racoon/g1331_csnponx.jpg", "URL": "http://i.imgur.com/6RPnlNn.jpg", "fileid": "g1331_csnponx.jpg"}, {"id": "g1331_csnr8w7", "comment": "[I'm awful at this](http://i.imgur.com/cddIA3x.jpg).\n\nIt would be awesome if someone with skill could do similar.", "date": "2015-06-30 13:42:47", "seriesname": "g1331_csnr8w7", "file": "/media/jbrogan4/scratch2/Reddit_Prov_Dataset_v6/_This_surprised_racoon/g1331_csnr8w7.jpg", "URL": "http://i.imgur.com/cddIA3x.jpg).", "fileid": "g1331_csnr8w7."}, {"id": "g1331_csnomsv", "comment": "[What are you saying!?](http://i.imgur.com/szudYLP.png)", "date": "2015-06-30 12:39:06", "seriesname": "g1331_csnomsv", "file": "/media/jbrogan4/scratch2/Reddit_Prov_Dataset_v6/_This_surprised_racoon/g1331_csnomsv.png", "URL": "http://i.imgur.com/szudYLP.png", "fileid": "g1331_csnomsv.png"}, {"id": "g1331_csoy3h1", "comment": "[one talented racoon!](http://imgur.com/nwpvv94)", "date": "2015-07-01 14:15:20", "seriesname": "g1331_csoy3h1", "file": "/media/jbrogan4/scratch2/Reddit_Prov_Dataset_v6/_This_surprised_racoon/g1331_csoy3h1.png", "URL": "http://i.imgur.com/nwpvv94.png", "fileid": "g1331_csoy3h1.png"}, {"id": "g1331_cso2oa2", "comment": "**[Well then...](http://i.imgur.com/m9jD0zI.jpg)**", "date": "2015-06-30 18:34:00", "seriesname": "g1331_cso2oa2", "file": "/media/jbrogan4/scratch2/Reddit_Prov_Dataset_v6/_This_surprised_racoon/g1331_cso2oa2.jpg", "URL": "http://i.imgur.com/m9jD0zI.jpg)**", "fileid": "g1331_cso2oa2.jpg**"}, {"id": "g1331_csnom5s", "comment": "[Bad Trip](http://i.imgur.com/rJ1Hw51.jpg)", "date": "2015-06-30 12:38:40", "seriesname": "g1331_csnom5s", "file": "/media/jbrogan4/scratch2/Reddit_Prov_Dataset_v6/_This_surprised_racoon/g1331_csnom5s.jpg", "URL": "http://i.imgur.com/rJ1Hw51.jpg", "fileid": "g1331_csnom5s.jpg"}, {"id": "g1331_cso1aqu", "comment": "this is a little Tim and Eric-y but this is what I thought...I never do these..but..ok. enough excuses...  \n\n[KANYE NO!](http://i.imgur.com/CSiBucj.jpg)", "date": "2015-06-30 17:55:14", "seriesname": "g1331_cso1aqu", "file": "/media/jbrogan4/scratch2/Reddit_Prov_Dataset_v6/_This_surprised_racoon/g1331_cso1aqu.jpg", "URL": "http://i.imgur.com/CSiBucj.jpg", "fileid": "g1331_cso1aqu.jpg"}, {"id": "g1331_cso0nu8", "comment": "[Well, if we must do things properly...](http://i.imgur.com/nwv3kgZ.jpg)", "date": "2015-06-30 17:38:27", "seriesname": "g1331_cso0nu8", "file": "/media/jbrogan4/scratch2/Reddit_Prov_Dataset_v6/_This_surprised_racoon/g1331_cso0nu8.jpg", "URL": "http://i.imgur.com/nwv3kgZ.jpg", "fileid": "g1331_cso0nu8.jpg"}, {"id": "g1331_csnkdck", "comment": "[Even racoon's are in awe!](http://i.imgur.com/l5rVw9h.jpg)\n\nUsed [this](https://www.reddit.com/r/photoshopbattles/comments/390tlb/psbattle_angela_merkel_and_obama_at_the_g7_summit/crzjl7k) submission by /u/Damn_Oatesy!", "date": "2015-06-30 10:48:25", "seriesname": "g1331_csnkdck", "file": "/media/jbrogan4/scratch2/Reddit_Prov_Dataset_v6/_This_surprised_racoon/g1331_csnkdck.jpg", "URL": "http://i.imgur.com/l5rVw9h.jpg", "fileid": "g1331_csnkdck.jpg"}, {"id": "g1331_csnxo2l", "comment": "[\"My God, It's full of treats\"](http://imgur.com/jgZV9eH)", "date": "2015-06-30 16:22:07", "seriesname": "g1331_csnxo2l", "file": "/media/jbrogan4/scratch2/Reddit_Prov_Dataset_v6/_This_surprised_racoon/g1331_csnxo2l.png", "URL": "http://i.imgur.com/jgZV9eH.png", "fileid": "g1331_csnxo2l.png"}, {"id": "g1331_cso41oh", "comment": "[I'm not very good at Photoshop.] (http://imgur.com/BuZsMeX)", "date": "2015-06-30 19:13:58", "seriesname": "g1331_cso41oh", "file": "/media/jbrogan4/scratch2/Reddit_Prov_Dataset_v6/_This_surprised_racoon/g1331_cso41oh.png", "URL": "http://i.imgur.com/BuZsMeX.png", "fileid": "g1331_cso41oh.png"}, {"id": "g1331_csobzob", "comment": "[another widow](http://i.imgur.com/Ej0PJiz.jpg?1)", "date": "2015-06-30 23:48:13", "seriesname": "g1331_csobzob", "file": "/media/jbrogan4/scratch2/Reddit_Prov_Dataset_v6/_This_surprised_racoon/g1331_csobzob.jpg", "URL": "http://i.imgur.com/Ej0PJiz.jpg?1", "fileid": "g1331_csobzob.jpg"}, {"id": "g1331_csnwiso", "comment": "[When a racoon becomes rocket](http://i.imgur.com/dJd2MnX.jpg)", "date": "2015-06-30 15:53:26", "seriesname": "g1331_csnwiso", "file": "/media/jbrogan4/scratch2/Reddit_Prov_Dataset_v6/_This_surprised_racoon/g1331_csnwiso.jpg", "URL": "http://i.imgur.com/dJd2MnX.jpg", "fileid": "g1331_csnwiso.jpg"}, {"id": "g1331_csogolq", "comment": "[So kawaii](http://i.imgur.com/85raKAC.png)", "date": "2015-07-01 03:04:04", "seriesname": "g1331_csogolq", "file": "/media/jbrogan4/scratch2/Reddit_Prov_Dataset_v6/_This_surprised_racoon/g1331_csogolq.png", "URL": "http://i.imgur.com/85raKAC.png", "fileid": "g1331_csogolq.png"}, {"id": "g1331_root", "comment": "", "date": "2015-06-30 09:35:26", "seriesname": "g1331_root", "file": "/media/jbrogan4/scratch2/Reddit_Prov_Dataset_v6/_This_surprised_racoon/g1331_root.jpg", "URL": "http://i.imgur.com/CyeQqzy.jpg", "fileid": "g1331_root.jpg"}, {"id": "g1331_csnxjdk", "comment": "[Nightmare mode](http://i.imgur.com/5sOtt9O.jpg)", "date": "2015-06-30 16:18:54", "seriesname": "g1331_csnxjdk", "file": "/media/jbrogan4/scratch2/Reddit_Prov_Dataset_v6/_This_surprised_racoon/g1331_csnxjdk.jpg", "URL": "http://i.imgur.com/5sOtt9O.jpg", "fileid": "g1331_csnxjdk.jpg"}], "graph": {"name": "g1331_root"}, "directed": true}