{"links": [{"op": "none", "target": 0, "source": 51}, {"op": "none", "target": 1, "source": 51}, {"op": "none", "target": 2, "source": 51}, {"op": "none", "target": 3, "source": 51}, {"op": "none", "target": 4, "source": 21}, {"op": "none", "target": 5, "source": 51}, {"op": "none", "target": 6, "source": 51}, {"op": "none", "target": 7, "source": 51}, {"op": "none", "target": 8, "source": 9}, {"op": "none", "target": 9, "source": 51}, {"op": "none", "target": 10, "source": 9}, {"op": "none", "target": 11, "source": 30}, {"op": "none", "target": 12, "source": 51}, {"op": "none", "target": 13, "source": 51}, {"op": "none", "target": 14, "source": 51}, {"op": "none", "target": 15, "source": 51}, {"op": "none", "target": 16, "source": 42}, {"op": "none", "target": 17, "source": 20}, {"op": "none", "target": 18, "source": 51}, {"op": "none", "target": 19, "source": 51}, {"op": "none", "target": 20, "source": 51}, {"op": "none", "target": 21, "source": 51}, {"op": "none", "target": 22, "source": 51}, {"op": "none", "target": 23, "source": 51}, {"op": "none", "target": 24, "source": 51}, {"op": "none", "target": 25, "source": 51}, {"op": "none", "target": 26, "source": 20}, {"op": "none", "target": 27, "source": 51}, {"op": "none", "target": 28, "source": 51}, {"op": "none", "target": 29, "source": 51}, {"op": "none", "target": 30, "source": 46}, {"op": "none", "target": 31, "source": 51}, {"op": "none", "target": 32, "source": 20}, {"op": "none", "target": 33, "source": 51}, {"op": "none", "target": 34, "source": 51}, {"op": "none", "target": 35, "source": 51}, {"op": "none", "target": 36, "source": 5}, {"op": "none", "target": 37, "source": 51}, {"op": "none", "target": 38, "source": 51}, {"op": "none", "target": 39, "source": 40}, {"op": "none", "target": 40, "source": 51}, {"op": "none", "target": 41, "source": 51}, {"op": "none", "target": 42, "source": 51}, {"op": "none", "target": 43, "source": 51}, {"op": "none", "target": 44, "source": 51}, {"op": "none", "target": 45, "source": 51}, {"op": "none", "target": 46, "source": 51}, {"op": "none", "target": 47, "source": 51}, {"op": "none", "target": 48, "source": 51}, {"op": "none", "target": 49, "source": 51}, {"op": "none", "target": 50, "source": 51}, {"op": "none", "target": 52, "source": 51}], "title": "_Sad_old_man_wearing_a_cap_with_obscene_language_on_it", "nodes": [{"id": "g1344_cstzcf0", "comment": "https://i.imgur.com/NRAETi2.png", "date": "2015-07-06 13:14:04", "seriesname": "g1344_cstzcf0", "file": "/media/jbrogan4/scratch2/Reddit_Prov_Dataset_v6/_Sad_old_man_wearing_a_cap_with_obscene_language_on_it/g1344_cstzcf0.png", "URL": "https://i.imgur.com/NRAETi2.png", "fileid": "g1344_cstzcf0.png"}, {"id": "g1344_csu34ka", "comment": "http://imgur.com/tJ9fbD9", "date": "2015-07-06 14:49:33", "seriesname": "g1344_csu34ka", "file": "/media/jbrogan4/scratch2/Reddit_Prov_Dataset_v6/_Sad_old_man_wearing_a_cap_with_obscene_language_on_it/g1344_csu34ka.png", "URL": "http://i.imgur.com/tJ9fbD9.png", "fileid": "g1344_csu34ka.png"}, {"id": "g1344_cstze0d", "comment": "[He's had that hat for a while.](http://i.imgur.com/W234hvE.jpg)", "date": "2015-07-06 13:15:13", "seriesname": "g1344_cstze0d", "file": "/media/jbrogan4/scratch2/Reddit_Prov_Dataset_v6/_Sad_old_man_wearing_a_cap_with_obscene_language_on_it/g1344_cstze0d.jpg", "URL": "http://i.imgur.com/W234hvE.jpg", "fileid": "g1344_cstze0d.jpg"}, {"id": "g1344_csu38qu", "comment": "[recursion](http://i.imgur.com/xf32okL.jpg)", "date": "2015-07-06 14:52:30", "seriesname": "g1344_csu38qu", "file": "/media/jbrogan4/scratch2/Reddit_Prov_Dataset_v6/_Sad_old_man_wearing_a_cap_with_obscene_language_on_it/g1344_csu38qu.jpg", "URL": "http://i.imgur.com/xf32okL.jpg", "fileid": "g1344_csu38qu.jpg"}, {"id": "g1344_csudfwg", "comment": "[FTFY](http://i.imgur.com/CT89HFq.jpg)", "date": "2015-07-06 19:23:57", "seriesname": "g1344_csudfwg", "file": "/media/jbrogan4/scratch2/Reddit_Prov_Dataset_v6/_Sad_old_man_wearing_a_cap_with_obscene_language_on_it/g1344_csudfwg.jpg", "URL": "http://i.imgur.com/CT89HFq.jpg", "fileid": "g1344_csudfwg.jpg"}, {"id": "g1344_cstzcti", "comment": "[Years ago](http://i.imgur.com/KLC5d56.jpg)", "date": "2015-07-06 13:14:22", "seriesname": "g1344_cstzcti", "file": "/media/jbrogan4/scratch2/Reddit_Prov_Dataset_v6/_Sad_old_man_wearing_a_cap_with_obscene_language_on_it/g1344_cstzcti.jpg", "URL": "http://i.imgur.com/KLC5d56.jpg", "fileid": "g1344_cstzcti.jpg"}, {"id": "g1344_cstzake", "comment": "[My two cents.](http://i.imgur.com/I8pvmpw.jpg) [NSFW]", "date": "2015-07-06 13:12:45", "seriesname": "g1344_cstzake", "file": "/media/jbrogan4/scratch2/Reddit_Prov_Dataset_v6/_Sad_old_man_wearing_a_cap_with_obscene_language_on_it/g1344_cstzake.jpg", "URL": "http://i.imgur.com/I8pvmpw.jpg", "fileid": "g1344_cstzake.jpg"}, {"id": "g1344_csu1gx9", "comment": "[Trump 2016!](https://i.imgur.com/rWK5Tds.jpg)\n\nBTW, his waddle may be NSFW. ", "date": "2015-07-06 14:07:37", "seriesname": "g1344_csu1gx9", "file": "/media/jbrogan4/scratch2/Reddit_Prov_Dataset_v6/_Sad_old_man_wearing_a_cap_with_obscene_language_on_it/g1344_csu1gx9.jpg", "URL": "https://i.imgur.com/rWK5Tds.jpg", "fileid": "g1344_csu1gx9.jpg"}, {"id": "g1344_csucsff", "comment": "[Sucking Fummer](http://i.imgur.com/OGrrXji.png)", "date": "2015-07-06 19:04:38", "seriesname": "g1344_csucsff", "file": "/media/jbrogan4/scratch2/Reddit_Prov_Dataset_v6/_Sad_old_man_wearing_a_cap_with_obscene_language_on_it/g1344_csucsff.png", "URL": "http://i.imgur.com/OGrrXji.png", "fileid": "g1344_csucsff.png"}, {"id": "g1344_cstxlua", "comment": "[Ah, so that's summer](http://imgur.com/NY9YKAK)", "date": "2015-07-06 12:28:06", "seriesname": "g1344_cstxlua", "file": "/media/jbrogan4/scratch2/Reddit_Prov_Dataset_v6/_Sad_old_man_wearing_a_cap_with_obscene_language_on_it/g1344_cstxlua.png", "URL": "http://i.imgur.com/NY9YKAK.png", "fileid": "g1344_cstxlua.png"}, {"id": "g1344_cstzovw", "comment": "[Beat me to it :D](http://i.imgur.com/AZqjojL.jpg)", "date": "2015-07-06 13:22:56", "seriesname": "g1344_cstzovw", "file": "/media/jbrogan4/scratch2/Reddit_Prov_Dataset_v6/_Sad_old_man_wearing_a_cap_with_obscene_language_on_it/g1344_cstzovw.jpg", "URL": "http://i.imgur.com/AZqjojL.jpg", "fileid": "g1344_cstzovw.jpg"}, {"id": "g1344_csu960w", "comment": "[Or maybe like this](http://imgur.com/aOE0mmc)", "date": "2015-07-06 17:23:13", "seriesname": "g1344_csu960w", "file": "/media/jbrogan4/scratch2/Reddit_Prov_Dataset_v6/_Sad_old_man_wearing_a_cap_with_obscene_language_on_it/g1344_csu960w.png", "URL": "http://i.imgur.com/aOE0mmc.png", "fileid": "g1344_csu960w.png"}, {"id": "g1344_csuix9y", "comment": "To see,\nto bleed,\ncannot be taught. \nIn turn,\n[you're making us ... ](http://i.imgur.com/GrP5JIw.jpg)", "date": "2015-07-06 22:07:29", "seriesname": "g1344_csuix9y", "file": "/media/jbrogan4/scratch2/Reddit_Prov_Dataset_v6/_Sad_old_man_wearing_a_cap_with_obscene_language_on_it/g1344_csuix9y.jpg", "URL": "http://i.imgur.com/GrP5JIw.jpg", "fileid": "g1344_csuix9y.jpg"}, {"id": "g1344_cstv3w5", "comment": "[Coming soon.](http://i.imgur.com/oe1YoEF.jpg)", "date": "2015-07-06 11:18:04", "seriesname": "g1344_cstv3w5", "file": "/media/jbrogan4/scratch2/Reddit_Prov_Dataset_v6/_Sad_old_man_wearing_a_cap_with_obscene_language_on_it/g1344_cstv3w5.jpg", "URL": "http://i.imgur.com/oe1YoEF.jpg", "fileid": "g1344_cstv3w5.jpg"}, {"id": "g1344_csua9ju", "comment": "[https://i.imgur.com/HDNzSRn.png](https://i.imgur.com/HDNzSRn.png)", "date": "2015-07-06 17:52:34", "seriesname": "g1344_csua9ju", "file": "/media/jbrogan4/scratch2/Reddit_Prov_Dataset_v6/_Sad_old_man_wearing_a_cap_with_obscene_language_on_it/g1344_csua9ju.png", "URL": "https://i.imgur.com/HDNzSRn.png](https://i.imgur.com/HDNzSRn.png", "fileid": "g1344_csua9ju.png"}, {"id": "g1344_csuda6a", "comment": "[Ellen Pao](http://i.imgur.com/DrFMPbz.jpg)", "date": "2015-07-06 19:19:17", "seriesname": "g1344_csuda6a", "file": "/media/jbrogan4/scratch2/Reddit_Prov_Dataset_v6/_Sad_old_man_wearing_a_cap_with_obscene_language_on_it/g1344_csuda6a.jpg", "URL": "http://i.imgur.com/DrFMPbz.jpg", "fileid": "g1344_csuda6a.jpg"}, {"id": "g1344_csvx1af", "comment": "Thanks for the tut.[Turned out fairly well considering it's rushed](http://imgur.com/qz66ieb)", "date": "2015-07-08 01:57:09", "seriesname": "g1344_csvx1af", "file": "/media/jbrogan4/scratch2/Reddit_Prov_Dataset_v6/_Sad_old_man_wearing_a_cap_with_obscene_language_on_it/g1344_csvx1af.png", "URL": "http://i.imgur.com/qz66ieb.png", "fileid": "g1344_csvx1af.png"}, {"id": "g1344_csu1trc", "comment": "[I think I found it](https://imgur.com/B5tL6xr)", "date": "2015-07-06 14:16:51", "seriesname": "g1344_csu1trc", "file": "/media/jbrogan4/scratch2/Reddit_Prov_Dataset_v6/_Sad_old_man_wearing_a_cap_with_obscene_language_on_it/g1344_csu1trc.png", "URL": "http://i.imgur.com/B5tL6xr.png", "fileid": "g1344_csu1trc.png"}, {"id": "g1344_csu72jv", "comment": " http://i.imgur.com/Qxcfqzo.jpg ", "date": "2015-07-06 16:29:19", "seriesname": "g1344_csu72jv", "file": "/media/jbrogan4/scratch2/Reddit_Prov_Dataset_v6/_Sad_old_man_wearing_a_cap_with_obscene_language_on_it/g1344_csu72jv.jpg", "URL": "http://i.imgur.com/Qxcfqzo.jpg", "fileid": "g1344_csu72jv.jpg"}, {"id": "g1344_csuqo6c", "comment": "[H\u034f\u033b\u032d\u032de\u0315 \u0315\u0318\u0320\u0356a\u0347\u032f\u0359\u031dw\u0329\u031d\u032b\u0324\u0319a\u0348\u0354\u032b\u0319i\u035c\u031e\u033c\u0354\u0345\u0318t\u035a\u0359s\u0339\u0319\u0331 \u0317\u035a\u033a\u0325f\u035a\u0332\u0323\u0320\u034d\u0324\u034do\u0362\u031fr\u032d\u0319\u032e\u032c\u032e\u0332\u0345 \u031e\u0323\u0317o\u0324\u032d\u0316\u031d\u035a\u0331u\u035fr\u0332 \u0315\u0323\u0316\u0355\u032f\u033cr\u035de\u0329\u0333\u0339c\u0355\u0324om\u034f\u031fp\u0360\u032a\u033c\u032d\u0316e\u031d\u0329\u033b\u0330\u032d\u0324n\u031es\u0360\u0339\u0356e\u0355\u0348\u032e\u0355\u031d.\u034f\u0347](http://i.imgur.com/fnN81TN.jpg)", "date": "2015-07-07 02:50:53", "seriesname": "g1344_csuqo6c", "file": "/media/jbrogan4/scratch2/Reddit_Prov_Dataset_v6/_Sad_old_man_wearing_a_cap_with_obscene_language_on_it/g1344_csuqo6c.jpg", "URL": "http://i.imgur.com/fnN81TN.jpg", "fileid": "g1344_csuqo6c.jpg"}, {"id": "g1344_cstvl6x", "comment": "[Sir you'll have to remove that hat please.](http://i.imgur.com/2z25hRm.jpg)", "date": "2015-07-06 11:31:48", "seriesname": "g1344_cstvl6x", "file": "/media/jbrogan4/scratch2/Reddit_Prov_Dataset_v6/_Sad_old_man_wearing_a_cap_with_obscene_language_on_it/g1344_cstvl6x.jpg", "URL": "http://i.imgur.com/2z25hRm.jpg", "fileid": "g1344_cstvl6x.jpg"}, {"id": "g1344_csubo9f", "comment": "[Fucking Miley](http://imgur.com/ci9JgYt)", "date": "2015-07-06 18:32:02", "seriesname": "g1344_csubo9f", "file": "/media/jbrogan4/scratch2/Reddit_Prov_Dataset_v6/_Sad_old_man_wearing_a_cap_with_obscene_language_on_it/g1344_csubo9f.png", "URL": "http://i.imgur.com/ci9JgYt.png", "fileid": "g1344_csubo9f.png"}, {"id": "g1344_cstwhpy", "comment": "[Mario really let himself go.](http://i.imgur.com/MgA817P.jpg?1)", "date": "2015-07-06 11:56:53", "seriesname": "g1344_cstwhpy", "file": "/media/jbrogan4/scratch2/Reddit_Prov_Dataset_v6/_Sad_old_man_wearing_a_cap_with_obscene_language_on_it/g1344_cstwhpy.jpg", "URL": "http://i.imgur.com/MgA817P.jpg?1", "fileid": "g1344_cstwhpy.jpg"}, {"id": "g1344_csu7sgs", "comment": "[Don't vote for Summer](http://i.imgur.com/FZ6Cl8R.jpg)", "date": "2015-07-06 16:47:37", "seriesname": "g1344_csu7sgs", "file": "/media/jbrogan4/scratch2/Reddit_Prov_Dataset_v6/_Sad_old_man_wearing_a_cap_with_obscene_language_on_it/g1344_csu7sgs.jpg", "URL": "http://i.imgur.com/FZ6Cl8R.jpg", "fileid": "g1344_csu7sgs.jpg"}, {"id": "g1344_cstupgw", "comment": "[Real life](http://i.imgur.com/w26L1fH.png)", "date": "2015-07-06 11:06:03", "seriesname": "g1344_cstupgw", "file": "/media/jbrogan4/scratch2/Reddit_Prov_Dataset_v6/_Sad_old_man_wearing_a_cap_with_obscene_language_on_it/g1344_cstupgw.png", "URL": "http://i.imgur.com/w26L1fH.png", "fileid": "g1344_cstupgw.png"}, {"id": "g1344_csu7vub", "comment": "[Like a Sir](http://imgur.com/VMEYaOo)", "date": "2015-07-06 16:49:56", "seriesname": "g1344_csu7vub", "file": "/media/jbrogan4/scratch2/Reddit_Prov_Dataset_v6/_Sad_old_man_wearing_a_cap_with_obscene_language_on_it/g1344_csu7vub.png", "URL": "http://i.imgur.com/VMEYaOo.png", "fileid": "g1344_csu7vub.png"}, {"id": "g1344_csu4f80", "comment": "[Close enough...I guess.](http://i.imgur.com/hUWagfs.jpg)", "date": "2015-07-06 15:21:59", "seriesname": "g1344_csu4f80", "file": "/media/jbrogan4/scratch2/Reddit_Prov_Dataset_v6/_Sad_old_man_wearing_a_cap_with_obscene_language_on_it/g1344_csu4f80.jpg", "URL": "http://i.imgur.com/hUWagfs.jpg", "fileid": "g1344_csu4f80.jpg"}, {"id": "g1344_csuefpc", "comment": "This is the original gif: https://i.imgur.com/u0Ya9JX.gif\n\nI edit my gif, can you see it a little better?", "date": "2015-07-06 19:53:25", "seriesname": "g1344_csuefpc", "file": "/media/jbrogan4/scratch2/Reddit_Prov_Dataset_v6/_Sad_old_man_wearing_a_cap_with_obscene_language_on_it/g1344_csuefpc.jpg", "URL": "https://i.imgur.com/u0Ya9JX.gif", "fileid": "g1344_csuefpc.gif"}, {"id": "g1344_csu4zx2", "comment": "http://i.imgur.com/82AAcSA.png", "date": "2015-07-06 15:36:31", "seriesname": "g1344_csu4zx2", "file": "/media/jbrogan4/scratch2/Reddit_Prov_Dataset_v6/_Sad_old_man_wearing_a_cap_with_obscene_language_on_it/g1344_csu4zx2.png", "URL": "http://i.imgur.com/82AAcSA.png", "fileid": "g1344_csu4zx2.png"}, {"id": "g1344_csu49yv", "comment": "[Summer Flashbacks](http://imgur.com/ZPDFcza)", "date": "2015-07-06 15:18:19", "seriesname": "g1344_csu49yv", "file": "/media/jbrogan4/scratch2/Reddit_Prov_Dataset_v6/_Sad_old_man_wearing_a_cap_with_obscene_language_on_it/g1344_csu49yv.png", "URL": "http://i.imgur.com/ZPDFcza.png", "fileid": "g1344_csu49yv.png"}, {"id": "g1344_csu78ue", "comment": "[Like this? ](http://i.imgur.com/BTtDOaf.jpg)\n\n\n[Or maybe with the eyes?](http://i.imgur.com/r79MDDg.jpg)\n", "date": "2015-07-06 16:33:48", "seriesname": "g1344_csu78ue", "file": "/media/jbrogan4/scratch2/Reddit_Prov_Dataset_v6/_Sad_old_man_wearing_a_cap_with_obscene_language_on_it/g1344_csu78ue.jpg", "URL": "http://i.imgur.com/r79MDDg.jpg", "fileid": "g1344_csu78ue.jpg"}, {"id": "g1344_csu3ka0", "comment": "[It's just been a long day for these two.](http://i.imgur.com/1Mk0XVZ.jpg)", "date": "2015-07-06 15:00:24", "seriesname": "g1344_csu3ka0", "file": "/media/jbrogan4/scratch2/Reddit_Prov_Dataset_v6/_Sad_old_man_wearing_a_cap_with_obscene_language_on_it/g1344_csu3ka0.jpg", "URL": "http://i.imgur.com/1Mk0XVZ.jpg", "fileid": "g1344_csu3ka0.jpg"}, {"id": "g1344_csu3nk9", "comment": "[Just for you :P](http://i.imgur.com/oDaifbn.jpg)", "date": "2015-07-06 15:02:45", "seriesname": "g1344_csu3nk9", "file": "/media/jbrogan4/scratch2/Reddit_Prov_Dataset_v6/_Sad_old_man_wearing_a_cap_with_obscene_language_on_it/g1344_csu3nk9.jpg", "URL": "http://i.imgur.com/oDaifbn.jpg", "fileid": "g1344_csu3nk9.jpg"}, {"id": "g1344_csubft6", "comment": "[Oh, my sweet summer child. What do you know about fear?](http://i.imgur.com/ZmzVsyB.jpg)", "date": "2015-07-06 18:25:17", "seriesname": "g1344_csubft6", "file": "/media/jbrogan4/scratch2/Reddit_Prov_Dataset_v6/_Sad_old_man_wearing_a_cap_with_obscene_language_on_it/g1344_csubft6.jpg", "URL": "http://i.imgur.com/ZmzVsyB.jpg", "fileid": "g1344_csubft6.jpg"}, {"id": "g1344_csu8ljf", "comment": "[G-Pa still got the game.](http://imgur.com/TkwQCza.jpg)", "date": "2015-07-06 17:08:22", "seriesname": "g1344_csu8ljf", "file": "/media/jbrogan4/scratch2/Reddit_Prov_Dataset_v6/_Sad_old_man_wearing_a_cap_with_obscene_language_on_it/g1344_csu8ljf.jpg", "URL": "http://imgur.com/TkwQCza.jpg", "fileid": "g1344_csu8ljf.jpg"}, {"id": "g1344_csu2h76", "comment": "[Changed his mind?](http://i.imgur.com/8fD0OMv.jpg)", "date": "2015-07-06 14:33:21", "seriesname": "g1344_csu2h76", "file": "/media/jbrogan4/scratch2/Reddit_Prov_Dataset_v6/_Sad_old_man_wearing_a_cap_with_obscene_language_on_it/g1344_csu2h76.jpg", "URL": "http://i.imgur.com/8fD0OMv.jpg", "fileid": "g1344_csu2h76.jpg"}, {"id": "g1344_csujwf5", "comment": "[I let him keep the 'stache](http://i.imgur.com/q3l9cdB.jpg)", "date": "2015-07-06 22:36:17", "seriesname": "g1344_csujwf5", "file": "/media/jbrogan4/scratch2/Reddit_Prov_Dataset_v6/_Sad_old_man_wearing_a_cap_with_obscene_language_on_it/g1344_csujwf5.jpg", "URL": "http://i.imgur.com/q3l9cdB.jpg", "fileid": "g1344_csujwf5.jpg"}, {"id": "g1344_csu161s", "comment": "Golden summer. http://imgur.com/bumdWh0", "date": "2015-07-06 14:00:04", "seriesname": "g1344_csu161s", "file": "/media/jbrogan4/scratch2/Reddit_Prov_Dataset_v6/_Sad_old_man_wearing_a_cap_with_obscene_language_on_it/g1344_csu161s.png", "URL": "http://i.imgur.com/bumdWh0.png", "fileid": "g1344_csu161s.png"}, {"id": "g1344_csub9gb", "comment": "The Night's Watch Rebel Is Diappointed: \nhttp://i.imgur.com/zHsNUsw.jpg", "date": "2015-07-06 18:20:16", "seriesname": "g1344_csub9gb", "file": "/media/jbrogan4/scratch2/Reddit_Prov_Dataset_v6/_Sad_old_man_wearing_a_cap_with_obscene_language_on_it/g1344_csub9gb.jpg", "URL": "http://i.imgur.com/zHsNUsw.jpg", "fileid": "g1344_csub9gb.jpg"}, {"id": "g1344_csub0z6", "comment": "[Let's get weird](http://i.imgur.com/EAuxtkh.png)", "date": "2015-07-06 18:13:37", "seriesname": "g1344_csub0z6", "file": "/media/jbrogan4/scratch2/Reddit_Prov_Dataset_v6/_Sad_old_man_wearing_a_cap_with_obscene_language_on_it/g1344_csub0z6.png", "URL": "http://i.imgur.com/EAuxtkh.png", "fileid": "g1344_csub0z6.png"}, {"id": "g1344_csu03ix", "comment": "[Had to be done](http://i.imgur.com/hTG59sy.png)", "date": "2015-07-06 13:33:27", "seriesname": "g1344_csu03ix", "file": "/media/jbrogan4/scratch2/Reddit_Prov_Dataset_v6/_Sad_old_man_wearing_a_cap_with_obscene_language_on_it/g1344_csu03ix.png", "URL": "http://i.imgur.com/hTG59sy.png", "fileid": "g1344_csu03ix.png"}, {"id": "g1344_csuo6cj", "comment": "bright)\n\nhttp://imgur.com/31XtxO2", "date": "2015-07-07 00:58:15", "seriesname": "g1344_csuo6cj", "file": "/media/jbrogan4/scratch2/Reddit_Prov_Dataset_v6/_Sad_old_man_wearing_a_cap_with_obscene_language_on_it/g1344_csuo6cj.png", "URL": "http://i.imgur.com/31XtxO2.png", "fileid": "g1344_csuo6cj.png"}, {"id": "g1344_csu1ao8", "comment": "[He's not very fond of those two.](http://i.imgur.com/h28hosv.jpg)", "date": "2015-07-06 14:03:19", "seriesname": "g1344_csu1ao8", "file": "/media/jbrogan4/scratch2/Reddit_Prov_Dataset_v6/_Sad_old_man_wearing_a_cap_with_obscene_language_on_it/g1344_csu1ao8.jpg", "URL": "http://i.imgur.com/h28hosv.jpg", "fileid": "g1344_csu1ao8.jpg"}, {"id": "g1344_cstwrtz", "comment": "Thankfully The Winter Is Coming http://i.imgur.com/aKmFcCc.jpg", "date": "2015-07-06 12:05:02", "seriesname": "g1344_cstwrtz", "file": "/media/jbrogan4/scratch2/Reddit_Prov_Dataset_v6/_Sad_old_man_wearing_a_cap_with_obscene_language_on_it/g1344_cstwrtz.jpg", "URL": "http://i.imgur.com/aKmFcCc.jpg", "fileid": "g1344_cstwrtz.jpg"}, {"id": "g1344_csus5wl", "comment": "[\\( \u0361\u00b0 \u035c\u0296 \u0361\u00b0\\)](http://i.imgur.com/PPF9byM.png)", "date": "2015-07-07 04:20:29", "seriesname": "g1344_csus5wl", "file": "/media/jbrogan4/scratch2/Reddit_Prov_Dataset_v6/_Sad_old_man_wearing_a_cap_with_obscene_language_on_it/g1344_csus5wl.png", "URL": "http://i.imgur.com/PPF9byM.png", "fileid": "g1344_csus5wl.png"}, {"id": "g1344_cstxvm1", "comment": "[fucking summer noodles](http://i.imgur.com/yGw3jUg.jpg)", "date": "2015-07-06 12:35:18", "seriesname": "g1344_cstxvm1", "file": "/media/jbrogan4/scratch2/Reddit_Prov_Dataset_v6/_Sad_old_man_wearing_a_cap_with_obscene_language_on_it/g1344_cstxvm1.jpg", "URL": "http://i.imgur.com/yGw3jUg.jpg", "fileid": "g1344_cstxvm1.jpg"}, {"id": "g1344_csu59pz", "comment": "[Don't tell me you weren't thinking it...](http://i.imgur.com/Cgy43Mx.jpg)", "date": "2015-07-06 15:43:22", "seriesname": "g1344_csu59pz", "file": "/media/jbrogan4/scratch2/Reddit_Prov_Dataset_v6/_Sad_old_man_wearing_a_cap_with_obscene_language_on_it/g1344_csu59pz.jpg", "URL": "http://i.imgur.com/Cgy43Mx.jpg", "fileid": "g1344_csu59pz.jpg"}, {"id": "g1344_csu537j", "comment": "[If you ever watched Deadfall, a 1993 movie featuring Nicolas Cage..](http://i.imgur.com/ZNfBZgC.jpg)", "date": "2015-07-06 15:38:48", "seriesname": "g1344_csu537j", "file": "/media/jbrogan4/scratch2/Reddit_Prov_Dataset_v6/_Sad_old_man_wearing_a_cap_with_obscene_language_on_it/g1344_csu537j.jpg", "URL": "http://i.imgur.com/ZNfBZgC.jpg", "fileid": "g1344_csu537j.jpg"}, {"id": "g1344_csu9ewq", "comment": "[Crazy train] (http://imgur.com/IKFoQRk)", "date": "2015-07-06 17:29:51", "seriesname": "g1344_csu9ewq", "file": "/media/jbrogan4/scratch2/Reddit_Prov_Dataset_v6/_Sad_old_man_wearing_a_cap_with_obscene_language_on_it/g1344_csu9ewq.png", "URL": "http://i.imgur.com/IKFoQRk.png", "fileid": "g1344_csu9ewq.png"}, {"id": "g1344_csugfwn", "comment": "[I think you will find he *loves* summer](https://imgur.com/aQkYtmG.jpg)", "date": "2015-07-06 20:53:48", "seriesname": "g1344_csugfwn", "file": "/media/jbrogan4/scratch2/Reddit_Prov_Dataset_v6/_Sad_old_man_wearing_a_cap_with_obscene_language_on_it/g1344_csugfwn.jpg", "URL": "https://imgur.com/aQkYtmG.jpg", "fileid": "g1344_csugfwn.jpg"}, {"id": "g1344_cstzzga", "comment": "[Sun's Out Guns Out](http://i.imgur.com/NCRs5nZ.jpg)", "date": "2015-07-06 13:30:30", "seriesname": "g1344_cstzzga", "file": "/media/jbrogan4/scratch2/Reddit_Prov_Dataset_v6/_Sad_old_man_wearing_a_cap_with_obscene_language_on_it/g1344_cstzzga.jpg", "URL": "http://i.imgur.com/NCRs5nZ.jpg", "fileid": "g1344_cstzzga.jpg"}, {"id": "g1344_root", "comment": "", "date": "2015-07-06 10:42:55", "seriesname": "g1344_root", "file": "/media/jbrogan4/scratch2/Reddit_Prov_Dataset_v6/_Sad_old_man_wearing_a_cap_with_obscene_language_on_it/g1344_root.jpg", "URL": "http://i.imgur.com/o706Wxv.jpg", "fileid": "g1344_root.jpg"}, {"id": "g1344_cstwxx1", "comment": "[You dont think my meme is funny?](http://i.imgur.com/s9LxBQE.jpg)", "date": "2015-07-06 12:09:53", "seriesname": "g1344_cstwxx1", "file": "/media/jbrogan4/scratch2/Reddit_Prov_Dataset_v6/_Sad_old_man_wearing_a_cap_with_obscene_language_on_it/g1344_cstwxx1.jpg", "URL": "http://i.imgur.com/s9LxBQE.jpg", "fileid": "g1344_cstwxx1.jpg"}], "graph": {"name": "g1344_root"}, "directed": true}