{"links": [{"op": "none", "target": 0, "source": 21}, {"op": "none", "target": 1, "source": 50}, {"op": "none", "target": 2, "source": 50}, {"op": "none", "target": 3, "source": 50}, {"op": "none", "target": 4, "source": 50}, {"op": "none", "target": 5, "source": 50}, {"op": "none", "target": 6, "source": 44}, {"op": "none", "target": 7, "source": 50}, {"op": "none", "target": 8, "source": 50}, {"op": "none", "target": 9, "source": 50}, {"op": "none", "target": 10, "source": 50}, {"op": "none", "target": 11, "source": 50}, {"op": "none", "target": 12, "source": 50}, {"op": "none", "target": 13, "source": 50}, {"op": "none", "target": 14, "source": 50}, {"op": "none", "target": 15, "source": 3}, {"op": "none", "target": 16, "source": 50}, {"op": "none", "target": 17, "source": 50}, {"op": "none", "target": 18, "source": 50}, {"op": "none", "target": 19, "source": 50}, {"op": "none", "target": 20, "source": 50}, {"op": "none", "target": 21, "source": 50}, {"op": "none", "target": 22, "source": 32}, {"op": "none", "target": 23, "source": 50}, {"op": "none", "target": 24, "source": 50}, {"op": "none", "target": 25, "source": 5}, {"op": "none", "target": 26, "source": 50}, {"op": "none", "target": 27, "source": 50}, {"op": "none", "target": 28, "source": 50}, {"op": "none", "target": 29, "source": 50}, {"op": "none", "target": 30, "source": 50}, {"op": "none", "target": 31, "source": 50}, {"op": "none", "target": 32, "source": 50}, {"op": "none", "target": 33, "source": 50}, {"op": "none", "target": 34, "source": 5}, {"op": "none", "target": 35, "source": 38}, {"op": "none", "target": 36, "source": 50}, {"op": "none", "target": 37, "source": 40}, {"op": "none", "target": 38, "source": 50}, {"op": "none", "target": 39, "source": 50}, {"op": "none", "target": 40, "source": 9}, {"op": "none", "target": 41, "source": 50}, {"op": "none", "target": 42, "source": 1}, {"op": "none", "target": 43, "source": 50}, {"op": "none", "target": 44, "source": 50}, {"op": "none", "target": 45, "source": 50}, {"op": "none", "target": 46, "source": 50}, {"op": "none", "target": 47, "source": 25}, {"op": "none", "target": 48, "source": 50}, {"op": "none", "target": 49, "source": 50}, {"op": "none", "target": 51, "source": 7}, {"op": "none", "target": 52, "source": 50}], "title": "_Carrie_Fisher_as_Slave_Leia_in_the_ocean", "nodes": [{"id": "g1341_cwamtp6", "comment": "http://i.imgur.com/HyKuj58.jpg", "date": "2015-10-23 19:36:21", "seriesname": "g1341_cwamtp6", "file": "/media/jbrogan4/scratch2/Reddit_Prov_Dataset_v6/_Carrie_Fisher_as_Slave_Leia_in_the_ocean/g1341_cwamtp6.jpg", "URL": "http://i.imgur.com/HyKuj58.jpg", "fileid": "g1341_cwamtp6.jpg"}, {"id": "g1341_cwapm7s", "comment": "[I'm not really sure where I was going with this.](http://i.imgur.com/HRraQk4.jpg) ", "date": "2015-10-23 21:06:09", "seriesname": "g1341_cwapm7s", "file": "/media/jbrogan4/scratch2/Reddit_Prov_Dataset_v6/_Carrie_Fisher_as_Slave_Leia_in_the_ocean/g1341_cwapm7s.jpg", "URL": "http://i.imgur.com/HRraQk4.jpg", "fileid": "g1341_cwapm7s.jpg"}, {"id": "g1341_cwahpb6", "comment": "Hip hop Carrie\n\nhttp://imgur.com/09BJkAt", "date": "2015-10-23 17:01:34", "seriesname": "g1341_cwahpb6", "file": "/media/jbrogan4/scratch2/Reddit_Prov_Dataset_v6/_Carrie_Fisher_as_Slave_Leia_in_the_ocean/g1341_cwahpb6.png", "URL": "http://i.imgur.com/09BJkAt.png", "fileid": "g1341_cwahpb6.png"}, {"id": "g1341_cwamox0", "comment": "[The horror O_o](http://imgur.com/5q4IuGO)", "date": "2015-10-23 19:32:04", "seriesname": "g1341_cwamox0", "file": "/media/jbrogan4/scratch2/Reddit_Prov_Dataset_v6/_Carrie_Fisher_as_Slave_Leia_in_the_ocean/g1341_cwamox0.png", "URL": "http://i.imgur.com/5q4IuGO.png", "fileid": "g1341_cwamox0.png"}, {"id": "g1341_cwannze", "comment": "Here you go boys, happy now? [NSFW](http://i.imgur.com/KXHIzLU.jpg)", "date": "2015-10-23 20:03:17", "seriesname": "g1341_cwannze", "file": "/media/jbrogan4/scratch2/Reddit_Prov_Dataset_v6/_Carrie_Fisher_as_Slave_Leia_in_the_ocean/g1341_cwannze.jpg", "URL": "http://i.imgur.com/KXHIzLU.jpg", "fileid": "g1341_cwannze.jpg"}, {"id": "g1341_cwajaxq", "comment": "[Leia photobombs Dragoncon](http://imgur.com/73NiH8D)", "date": "2015-10-23 17:46:57", "seriesname": "g1341_cwajaxq", "file": "/media/jbrogan4/scratch2/Reddit_Prov_Dataset_v6/_Carrie_Fisher_as_Slave_Leia_in_the_ocean/g1341_cwajaxq.png", "URL": "http://i.imgur.com/73NiH8D.png", "fileid": "g1341_cwajaxq.png"}, {"id": "g1341_cwaplgi", "comment": "[Like this?](http://i.imgur.com/kuUrdv3.jpg)", "date": "2015-10-23 21:05:29", "seriesname": "g1341_cwaplgi", "file": "/media/jbrogan4/scratch2/Reddit_Prov_Dataset_v6/_Carrie_Fisher_as_Slave_Leia_in_the_ocean/g1341_cwaplgi.jpg", "URL": "http://i.imgur.com/kuUrdv3.jpg", "fileid": "g1341_cwaplgi.jpg"}, {"id": "g1341_cwam3de", "comment": "[im sorry internet, im sorry ( ~~nsfw~~ not suitable for anywhere)](http://imgur.com/5NCZ6uw)", "date": "2015-10-23 19:12:53", "seriesname": "g1341_cwam3de", "file": "/media/jbrogan4/scratch2/Reddit_Prov_Dataset_v6/_Carrie_Fisher_as_Slave_Leia_in_the_ocean/g1341_cwam3de.png", "URL": "http://i.imgur.com/5NCZ6uw.png", "fileid": "g1341_cwam3de.png"}, {"id": "g1341_cwainal", "comment": "http://i.imgur.com/fohSoog.jpg?1", "date": "2015-10-23 17:27:45", "seriesname": "g1341_cwainal", "file": "/media/jbrogan4/scratch2/Reddit_Prov_Dataset_v6/_Carrie_Fisher_as_Slave_Leia_in_the_ocean/g1341_cwainal.jpg", "URL": "http://i.imgur.com/fohSoog.jpg?1", "fileid": "g1341_cwainal.jpg"}, {"id": "g1341_cwajzfe", "comment": "[hybrid sequel](http://i.imgur.com/Zmlh6Wl.jpg)", "date": "2015-10-23 18:07:16", "seriesname": "g1341_cwajzfe", "file": "/media/jbrogan4/scratch2/Reddit_Prov_Dataset_v6/_Carrie_Fisher_as_Slave_Leia_in_the_ocean/g1341_cwajzfe.jpg", "URL": "http://i.imgur.com/Zmlh6Wl.jpg", "fileid": "g1341_cwajzfe.jpg"}, {"id": "g1341_cwaxjp1", "comment": "[Men in Black Star Wars Addition](http://i.imgur.com/ZEi2GBD.jpg)", "date": "2015-10-24 01:51:37", "seriesname": "g1341_cwaxjp1", "file": "/media/jbrogan4/scratch2/Reddit_Prov_Dataset_v6/_Carrie_Fisher_as_Slave_Leia_in_the_ocean/g1341_cwaxjp1.jpg", "URL": "http://i.imgur.com/ZEi2GBD.jpg", "fileid": "g1341_cwaxjp1.jpg"}, {"id": "g1341_cwarlxb", "comment": "[Didn't see that coming](http://i.imgur.com/ycwY9ly.gif)", "date": "2015-10-23 22:10:14", "seriesname": "g1341_cwarlxb", "file": "/media/jbrogan4/scratch2/Reddit_Prov_Dataset_v6/_Carrie_Fisher_as_Slave_Leia_in_the_ocean/g1341_cwarlxb.jpg", "URL": "http://i.imgur.com/ycwY9ly.gif", "fileid": "g1341_cwarlxb.gif"}, {"id": "g1341_cwairut", "comment": "[Carrie fishes](http://i.imgur.com/zfY1ALr.jpg)", "date": "2015-10-23 17:31:24", "seriesname": "g1341_cwairut", "file": "/media/jbrogan4/scratch2/Reddit_Prov_Dataset_v6/_Carrie_Fisher_as_Slave_Leia_in_the_ocean/g1341_cwairut.jpg", "URL": "http://i.imgur.com/zfY1ALr.jpg", "fileid": "g1341_cwairut.jpg"}, {"id": "g1341_cwar0u8", "comment": "http://i.imgur.com/ofhGAAY.jpg", "date": "2015-10-23 21:50:51", "seriesname": "g1341_cwar0u8", "file": "/media/jbrogan4/scratch2/Reddit_Prov_Dataset_v6/_Carrie_Fisher_as_Slave_Leia_in_the_ocean/g1341_cwar0u8.jpg", "URL": "http://i.imgur.com/ofhGAAY.jpg", "fileid": "g1341_cwar0u8.jpg"}, {"id": "g1341_cwaue3w", "comment": "[...a center for womp rats!?](http://i.imgur.com/yriZkpK.jpg)", "date": "2015-10-23 23:42:55", "seriesname": "g1341_cwaue3w", "file": "/media/jbrogan4/scratch2/Reddit_Prov_Dataset_v6/_Carrie_Fisher_as_Slave_Leia_in_the_ocean/g1341_cwaue3w.jpg", "URL": "http://i.imgur.com/yriZkpK.jpg", "fileid": "g1341_cwaue3w.jpg"}, {"id": "g1341_cwaume9", "comment": "http://i.imgur.com/4CrhgtM.jpg?1", "date": "2015-10-23 23:51:12", "seriesname": "g1341_cwaume9", "file": "/media/jbrogan4/scratch2/Reddit_Prov_Dataset_v6/_Carrie_Fisher_as_Slave_Leia_in_the_ocean/g1341_cwaume9.jpg", "URL": "http://i.imgur.com/4CrhgtM.jpg?1", "fileid": "g1341_cwaume9.jpg"}, {"id": "g1341_cwakcs5", "comment": "Math Class:\n\nhttp://i.imgur.com/imiWYcD.jpg", "date": "2015-10-23 18:18:30", "seriesname": "g1341_cwakcs5", "file": "/media/jbrogan4/scratch2/Reddit_Prov_Dataset_v6/_Carrie_Fisher_as_Slave_Leia_in_the_ocean/g1341_cwakcs5.jpg", "URL": "http://i.imgur.com/imiWYcD.jpg", "fileid": "g1341_cwakcs5.jpg"}, {"id": "g1341_cwaiurg", "comment": "[Awww shit](http://imgur.com/jQ5GWSK)", "date": "2015-10-23 17:33:46", "seriesname": "g1341_cwaiurg", "file": "/media/jbrogan4/scratch2/Reddit_Prov_Dataset_v6/_Carrie_Fisher_as_Slave_Leia_in_the_ocean/g1341_cwaiurg.png", "URL": "http://i.imgur.com/jQ5GWSK.png", "fileid": "g1341_cwaiurg.png"}, {"id": "g1341_cwauput", "comment": "[This is really happening!!!!](http://i.imgur.com/5xqLJVx.jpg)", "date": "2015-10-23 23:54:42", "seriesname": "g1341_cwauput", "file": "/media/jbrogan4/scratch2/Reddit_Prov_Dataset_v6/_Carrie_Fisher_as_Slave_Leia_in_the_ocean/g1341_cwauput.jpg", "URL": "http://i.imgur.com/5xqLJVx.jpg", "fileid": "g1341_cwauput.jpg"}, {"id": "g1341_cwak75e", "comment": "[Quick! everyone give Carrie Fisher your energy!](http://i.imgur.com/z3Gmwuj.jpg)", "date": "2015-10-23 18:13:44", "seriesname": "g1341_cwak75e", "file": "/media/jbrogan4/scratch2/Reddit_Prov_Dataset_v6/_Carrie_Fisher_as_Slave_Leia_in_the_ocean/g1341_cwak75e.jpg", "URL": "http://i.imgur.com/z3Gmwuj.jpg", "fileid": "g1341_cwak75e.jpg"}, {"id": "g1341_cwaitmv", "comment": "http://i.imgur.com/XgJqRLN.png", "date": "2015-10-23 17:32:51", "seriesname": "g1341_cwaitmv", "file": "/media/jbrogan4/scratch2/Reddit_Prov_Dataset_v6/_Carrie_Fisher_as_Slave_Leia_in_the_ocean/g1341_cwaitmv.png", "URL": "http://i.imgur.com/XgJqRLN.png", "fileid": "g1341_cwaitmv.png"}, {"id": "g1341_cwahwm7", "comment": "[He is really pushing it with this slave thing](http://i.imgur.com/7xnydfV.jpg)", "date": "2015-10-23 17:07:14", "seriesname": "g1341_cwahwm7", "file": "/media/jbrogan4/scratch2/Reddit_Prov_Dataset_v6/_Carrie_Fisher_as_Slave_Leia_in_the_ocean/g1341_cwahwm7.jpg", "URL": "http://i.imgur.com/7xnydfV.jpg", "fileid": "g1341_cwahwm7.jpg"}, {"id": "g1341_cwaiabq", "comment": "Nice!  I was working on a Zoidberg shop, too:\n\n[\"Watch out!  She's about to sandcrab out of here!\"](http://i.imgur.com/WeaGrEC.jpg)", "date": "2015-10-23 17:17:39", "seriesname": "g1341_cwaiabq", "file": "/media/jbrogan4/scratch2/Reddit_Prov_Dataset_v6/_Carrie_Fisher_as_Slave_Leia_in_the_ocean/g1341_cwaiabq.jpg", "URL": "http://i.imgur.com/WeaGrEC.jpg", "fileid": "g1341_cwaiabq.jpg"}, {"id": "g1341_cwatflb", "comment": "[Leia can't BELIEVE they didn't call a foul.](http://i.imgur.com/K1dPlUW.png)", "date": "2015-10-23 23:09:22", "seriesname": "g1341_cwatflb", "file": "/media/jbrogan4/scratch2/Reddit_Prov_Dataset_v6/_Carrie_Fisher_as_Slave_Leia_in_the_ocean/g1341_cwatflb.png", "URL": "http://i.imgur.com/K1dPlUW.png", "fileid": "g1341_cwatflb.png"}, {"id": "g1341_cwagc1s", "comment": "[Gotta stay fit](http://i.imgur.com/1AvqUqC.jpg)", "date": "2015-10-23 16:25:39", "seriesname": "g1341_cwagc1s", "file": "/media/jbrogan4/scratch2/Reddit_Prov_Dataset_v6/_Carrie_Fisher_as_Slave_Leia_in_the_ocean/g1341_cwagc1s.jpg", "URL": "http://i.imgur.com/1AvqUqC.jpg", "fileid": "g1341_cwagc1s.jpg"}, {"id": "g1341_cwaogyn", "comment": "[WTF](http://i.imgur.com/kaVAEjB.jpg)", "date": "2015-10-23 20:29:34", "seriesname": "g1341_cwaogyn", "file": "/media/jbrogan4/scratch2/Reddit_Prov_Dataset_v6/_Carrie_Fisher_as_Slave_Leia_in_the_ocean/g1341_cwaogyn.jpg", "URL": "http://i.imgur.com/kaVAEjB.jpg", "fileid": "g1341_cwaogyn.jpg"}, {"id": "g1341_cwas25z", "comment": "[Durga Fisher](http://imgur.com/JqYqREh)", "date": "2015-10-23 22:24:56", "seriesname": "g1341_cwas25z", "file": "/media/jbrogan4/scratch2/Reddit_Prov_Dataset_v6/_Carrie_Fisher_as_Slave_Leia_in_the_ocean/g1341_cwas25z.png", "URL": "http://i.imgur.com/JqYqREh.png", "fileid": "g1341_cwas25z.png"}, {"id": "g1341_cwarpyy", "comment": "[She has risen from her slumber](http://i.imgur.com/HWcXT7F.jpg)\nLook closely.", "date": "2015-10-23 22:13:55", "seriesname": "g1341_cwarpyy", "file": "/media/jbrogan4/scratch2/Reddit_Prov_Dataset_v6/_Carrie_Fisher_as_Slave_Leia_in_the_ocean/g1341_cwarpyy.jpg", "URL": "http://i.imgur.com/HWcXT7F.jpg", "fileid": "g1341_cwarpyy.jpg"}, {"id": "g1341_cwanmje", "comment": "[Fisher in a Fissure](http://i.imgur.com/Joi9V14.jpg)", "date": "2015-10-23 20:01:58", "seriesname": "g1341_cwanmje", "file": "/media/jbrogan4/scratch2/Reddit_Prov_Dataset_v6/_Carrie_Fisher_as_Slave_Leia_in_the_ocean/g1341_cwanmje.jpg", "URL": "http://i.imgur.com/Joi9V14.jpg", "fileid": "g1341_cwanmje.jpg"}, {"id": "g1341_cwaiy3j", "comment": "[Weeeeeeeeeeeeee.](http://imgur.com/ek6GsSC)                ", "date": "2015-10-23 17:36:27", "seriesname": "g1341_cwaiy3j", "file": "/media/jbrogan4/scratch2/Reddit_Prov_Dataset_v6/_Carrie_Fisher_as_Slave_Leia_in_the_ocean/g1341_cwaiy3j.png", "URL": "http://i.imgur.com/ek6GsSC.png", "fileid": "g1341_cwaiy3j.png"}, {"id": "g1341_cwahnww", "comment": "http://i.imgur.com/t324XUC.gif", "date": "2015-10-23 17:00:29", "seriesname": "g1341_cwahnww", "file": "/media/jbrogan4/scratch2/Reddit_Prov_Dataset_v6/_Carrie_Fisher_as_Slave_Leia_in_the_ocean/g1341_cwahnww.jpg", "URL": "http://i.imgur.com/t324XUC.gif", "fileid": "g1341_cwahnww.gif"}, {"id": "g1341_cwatbe3", "comment": "Alien* ~~Aliens~~ mashup with Slave Leia http://i.imgur.com/ZMKC9VM.jpg", "date": "2015-10-23 23:05:22", "seriesname": "g1341_cwatbe3", "file": "/media/jbrogan4/scratch2/Reddit_Prov_Dataset_v6/_Carrie_Fisher_as_Slave_Leia_in_the_ocean/g1341_cwatbe3.jpg", "URL": "http://i.imgur.com/ZMKC9VM.jpg", "fileid": "g1341_cwatbe3.jpg"}, {"id": "g1341_cwahcuz", "comment": "[Zoidberg as Slave Leia](http://i.imgur.com/lT2WvTF.jpg)", "date": "2015-10-23 16:52:21", "seriesname": "g1341_cwahcuz", "file": "/media/jbrogan4/scratch2/Reddit_Prov_Dataset_v6/_Carrie_Fisher_as_Slave_Leia_in_the_ocean/g1341_cwahcuz.jpg", "URL": "http://i.imgur.com/lT2WvTF.jpg", "fileid": "g1341_cwahcuz.jpg"}, {"id": "g1341_cwatq4q", "comment": "[Nevermind](http://i.imgur.com/VCfvS9R.jpg)", "date": "2015-10-23 23:19:31", "seriesname": "g1341_cwatq4q", "file": "/media/jbrogan4/scratch2/Reddit_Prov_Dataset_v6/_Carrie_Fisher_as_Slave_Leia_in_the_ocean/g1341_cwatq4q.jpg", "URL": "http://i.imgur.com/VCfvS9R.jpg", "fileid": "g1341_cwatq4q.jpg"}, {"id": "g1341_cwas6f8", "comment": "[Improved her color a bit](http://i.imgur.com/PsPVpvE.jpg)", "date": "2015-10-23 22:28:39", "seriesname": "g1341_cwas6f8", "file": "/media/jbrogan4/scratch2/Reddit_Prov_Dataset_v6/_Carrie_Fisher_as_Slave_Leia_in_the_ocean/g1341_cwas6f8.jpg", "URL": "http://i.imgur.com/PsPVpvE.jpg", "fileid": "g1341_cwas6f8.jpg"}, {"id": "g1341_cwas4vx", "comment": "[ARE YOU NOT A WALKING CARPET??](http://i.imgur.com/vodlBHL.jpg)", "date": "2015-10-23 22:27:18", "seriesname": "g1341_cwas4vx", "file": "/media/jbrogan4/scratch2/Reddit_Prov_Dataset_v6/_Carrie_Fisher_as_Slave_Leia_in_the_ocean/g1341_cwas4vx.jpg", "URL": "http://i.imgur.com/vodlBHL.jpg", "fileid": "g1341_cwas4vx.jpg"}, {"id": "g1341_cwak3kq", "comment": "[\"LOOK WHAT I FOUND!!!!\"](http://i.imgur.com/DO63rLl.png)", "date": "2015-10-23 18:10:45", "seriesname": "g1341_cwak3kq", "file": "/media/jbrogan4/scratch2/Reddit_Prov_Dataset_v6/_Carrie_Fisher_as_Slave_Leia_in_the_ocean/g1341_cwak3kq.png", "URL": "http://i.imgur.com/DO63rLl.png", "fileid": "g1341_cwak3kq.png"}, {"id": "g1341_cwb1cek", "comment": "[obvious next step](http://i.imgur.com/ZpAwC50.png)", "date": "2015-10-24 06:19:09", "seriesname": "g1341_cwb1cek", "file": "/media/jbrogan4/scratch2/Reddit_Prov_Dataset_v6/_Carrie_Fisher_as_Slave_Leia_in_the_ocean/g1341_cwb1cek.png", "URL": "http://i.imgur.com/ZpAwC50.png", "fileid": "g1341_cwb1cek.png"}, {"id": "g1341_cwan06p", "comment": "[Are you not entertained?... Is this not what you wanted?](http://i.imgur.com/VO8BA8p.jpg?1)", "date": "2015-10-23 19:42:06", "seriesname": "g1341_cwan06p", "file": "/media/jbrogan4/scratch2/Reddit_Prov_Dataset_v6/_Carrie_Fisher_as_Slave_Leia_in_the_ocean/g1341_cwan06p.jpg", "URL": "http://i.imgur.com/VO8BA8p.jpg?1", "fileid": "g1341_cwan06p.jpg"}, {"id": "g1341_cwail4j", "comment": "[Damn that tide comes in quick](http://i.imgur.com/tTnUt0Y.jpg)", "date": "2015-10-23 17:26:02", "seriesname": "g1341_cwail4j", "file": "/media/jbrogan4/scratch2/Reddit_Prov_Dataset_v6/_Carrie_Fisher_as_Slave_Leia_in_the_ocean/g1341_cwail4j.jpg", "URL": "http://i.imgur.com/tTnUt0Y.jpg", "fileid": "g1341_cwail4j.jpg"}, {"id": "g1341_cwammpq", "comment": "[what.ever.](http://i.imgur.com/03N6Uf1.jpg)", "date": "2015-10-23 19:30:08", "seriesname": "g1341_cwammpq", "file": "/media/jbrogan4/scratch2/Reddit_Prov_Dataset_v6/_Carrie_Fisher_as_Slave_Leia_in_the_ocean/g1341_cwammpq.jpg", "URL": "http://i.imgur.com/03N6Uf1.jpg", "fileid": "g1341_cwammpq.jpg"}, {"id": "g1341_cwanda1", "comment": "[Siren](https://imgur.com/LGUtbkD)", "date": "2015-10-23 19:53:38", "seriesname": "g1341_cwanda1", "file": "/media/jbrogan4/scratch2/Reddit_Prov_Dataset_v6/_Carrie_Fisher_as_Slave_Leia_in_the_ocean/g1341_cwanda1.png", "URL": "http://i.imgur.com/LGUtbkD.png", "fileid": "g1341_cwanda1.png"}, {"id": "g1341_cwb2gzx", "comment": "http://imgur.com/oSBrQxb.jpg", "date": "2015-10-24 07:48:05", "seriesname": "g1341_cwb2gzx", "file": "/media/jbrogan4/scratch2/Reddit_Prov_Dataset_v6/_Carrie_Fisher_as_Slave_Leia_in_the_ocean/g1341_cwb2gzx.jpg", "URL": "http://imgur.com/oSBrQxb.jpg", "fileid": "g1341_cwb2gzx.jpg"}, {"id": "g1341_cwalbpa", "comment": "As you wish...\n\nhttp://i.imgur.com/F9lxNdd.jpg", "date": "2015-10-23 18:48:17", "seriesname": "g1341_cwalbpa", "file": "/media/jbrogan4/scratch2/Reddit_Prov_Dataset_v6/_Carrie_Fisher_as_Slave_Leia_in_the_ocean/g1341_cwalbpa.jpg", "URL": "http://i.imgur.com/F9lxNdd.jpg", "fileid": "g1341_cwalbpa.jpg"}, {"id": "g1341_cwakwmy", "comment": "http://i.imgur.com/A8g4hD6.jpg", "date": "2015-10-23 18:35:17", "seriesname": "g1341_cwakwmy", "file": "/media/jbrogan4/scratch2/Reddit_Prov_Dataset_v6/_Carrie_Fisher_as_Slave_Leia_in_the_ocean/g1341_cwakwmy.jpg", "URL": "http://i.imgur.com/A8g4hD6.jpg", "fileid": "g1341_cwakwmy.jpg"}, {"id": "g1341_cwall09", "comment": "[Jabba is all finished with her](http://imgur.com/cJ2GadK)", "date": "2015-10-23 18:56:23", "seriesname": "g1341_cwall09", "file": "/media/jbrogan4/scratch2/Reddit_Prov_Dataset_v6/_Carrie_Fisher_as_Slave_Leia_in_the_ocean/g1341_cwall09.png", "URL": "http://i.imgur.com/cJ2GadK.png", "fileid": "g1341_cwall09.png"}, {"id": "g1341_cwamk4o", "comment": "Butterfly Level: [JEDI](http://imgur.com/POhBwj1)", "date": "2015-10-23 19:27:44", "seriesname": "g1341_cwamk4o", "file": "/media/jbrogan4/scratch2/Reddit_Prov_Dataset_v6/_Carrie_Fisher_as_Slave_Leia_in_the_ocean/g1341_cwamk4o.png", "URL": "http://i.imgur.com/POhBwj1.png", "fileid": "g1341_cwamk4o.png"}, {"id": "g1341_cwavmq8", "comment": "[Sure looks like it.](http://i.imgur.com/obZr5HQ.jpg) God damn.\n\nNice touch on Sawgirl there. The question threw me off and I didn't see it right away.", "date": "2015-10-24 00:27:41", "seriesname": "g1341_cwavmq8", "file": "/media/jbrogan4/scratch2/Reddit_Prov_Dataset_v6/_Carrie_Fisher_as_Slave_Leia_in_the_ocean/g1341_cwavmq8.jpg", "URL": "http://i.imgur.com/obZr5HQ.jpg", "fileid": "g1341_cwavmq8.jpg"}, {"id": "g1341_cwawesn", "comment": "[It's unanimous #toronto blames this guy #ComeTogether](http://i.imgur.com/RgVwVuu.jpg)", "date": "2015-10-24 00:58:28", "seriesname": "g1341_cwawesn", "file": "/media/jbrogan4/scratch2/Reddit_Prov_Dataset_v6/_Carrie_Fisher_as_Slave_Leia_in_the_ocean/g1341_cwawesn.jpg", "URL": "http://i.imgur.com/RgVwVuu.jpg", "fileid": "g1341_cwawesn.jpg"}, {"id": "g1341_cwaeizs", "comment": "[Save Our Souls](http://i.imgur.com/pAUpXwn.gif)", "date": "2015-10-23 15:39:19", "seriesname": "g1341_cwaeizs", "file": "/media/jbrogan4/scratch2/Reddit_Prov_Dataset_v6/_Carrie_Fisher_as_Slave_Leia_in_the_ocean/g1341_cwaeizs.jpg", "URL": "http://i.imgur.com/pAUpXwn.gif", "fileid": "g1341_cwaeizs.gif"}, {"id": "g1341_root", "comment": "", "date": "2015-10-23 15:04:10", "seriesname": "g1341_root", "file": "/media/jbrogan4/scratch2/Reddit_Prov_Dataset_v6/_Carrie_Fisher_as_Slave_Leia_in_the_ocean/g1341_root.jpg", "URL": "http://i.imgur.com/uF91VXj.jpg", "fileid": "g1341_root.jpg"}, {"id": "g1341_cwangwq", "comment": "i said i was sorry... here, does this gif version serve as a better apology http://imgur.com/8aWxOQy", "date": "2015-10-23 19:56:51", "seriesname": "g1341_cwangwq", "file": "/media/jbrogan4/scratch2/Reddit_Prov_Dataset_v6/_Carrie_Fisher_as_Slave_Leia_in_the_ocean/g1341_cwangwq.png", "URL": "http://i.imgur.com/8aWxOQy.png", "fileid": "g1341_cwangwq.png"}, {"id": "g1341_cwauheb", "comment": "http://i.imgur.com/PtSsEVA.png", "date": "2015-10-23 23:46:03", "seriesname": "g1341_cwauheb", "file": "/media/jbrogan4/scratch2/Reddit_Prov_Dataset_v6/_Carrie_Fisher_as_Slave_Leia_in_the_ocean/g1341_cwauheb.png", "URL": "http://i.imgur.com/PtSsEVA.png", "fileid": "g1341_cwauheb.png"}], "graph": {"name": "g1341_root"}, "directed": true}