{"links": [{"op": "none", "target": 0, "source": 1}, {"op": "none", "target": 1, "source": 58}, {"op": "none", "target": 2, "source": 58}, {"op": "none", "target": 3, "source": 58}, {"op": "none", "target": 4, "source": 58}, {"op": "none", "target": 5, "source": 58}, {"op": "none", "target": 6, "source": 58}, {"op": "none", "target": 7, "source": 58}, {"op": "none", "target": 8, "source": 58}, {"op": "none", "target": 9, "source": 58}, {"op": "none", "target": 10, "source": 58}, {"op": "none", "target": 11, "source": 28}, {"op": "none", "target": 12, "source": 18}, {"op": "none", "target": 13, "source": 58}, {"op": "none", "target": 14, "source": 58}, {"op": "none", "target": 15, "source": 58}, {"op": "none", "target": 16, "source": 58}, {"op": "none", "target": 17, "source": 19}, {"op": "none", "target": 18, "source": 58}, {"op": "none", "target": 19, "source": 58}, {"op": "none", "target": 20, "source": 58}, {"op": "none", "target": 21, "source": 58}, {"op": "none", "target": 22, "source": 58}, {"op": "none", "target": 23, "source": 58}, {"op": "none", "target": 24, "source": 6}, {"op": "none", "target": 25, "source": 38}, {"op": "none", "target": 26, "source": 58}, {"op": "none", "target": 27, "source": 58}, {"op": "none", "target": 28, "source": 58}, {"op": "none", "target": 29, "source": 58}, {"op": "none", "target": 30, "source": 58}, {"op": "none", "target": 31, "source": 43}, {"op": "none", "target": 32, "source": 58}, {"op": "none", "target": 33, "source": 58}, {"op": "none", "target": 34, "source": 53}, {"op": "none", "target": 35, "source": 58}, {"op": "none", "target": 36, "source": 58}, {"op": "none", "target": 37, "source": 58}, {"op": "none", "target": 38, "source": 58}, {"op": "none", "target": 39, "source": 58}, {"op": "none", "target": 40, "source": 58}, {"op": "none", "target": 41, "source": 58}, {"op": "none", "target": 42, "source": 58}, {"op": "none", "target": 43, "source": 58}, {"op": "none", "target": 44, "source": 58}, {"op": "none", "target": 45, "source": 58}, {"op": "none", "target": 46, "source": 58}, {"op": "none", "target": 47, "source": 58}, {"op": "none", "target": 48, "source": 43}, {"op": "none", "target": 49, "source": 58}, {"op": "none", "target": 50, "source": 58}, {"op": "none", "target": 51, "source": 58}, {"op": "none", "target": 52, "source": 58}, {"op": "none", "target": 53, "source": 58}, {"op": "none", "target": 54, "source": 58}, {"op": "none", "target": 55, "source": 58}, {"op": "none", "target": 56, "source": 58}, {"op": "none", "target": 57, "source": 58}], "title": "_Two_People_Looking_At_Nice_View", "nodes": [{"id": "g1342_cxpi9rl", "comment": "[What about the most obvious one? :D](http://i.imgur.com/53jBGPE.png)", "date": "2015-12-06 16:35:30", "seriesname": "g1342_cxpi9rl", "file": "/media/jbrogan4/scratch2/Reddit_Prov_Dataset_v6/_Two_People_Looking_At_Nice_View/g1342_cxpi9rl.png", "URL": "http://i.imgur.com/53jBGPE.png", "fileid": "g1342_cxpi9rl.png"}, {"id": "g1342_cxp3c2n", "comment": "http://i.imgur.com/BB0inRl.png", "date": "2015-12-06 09:24:46", "seriesname": "g1342_cxp3c2n", "file": "/media/jbrogan4/scratch2/Reddit_Prov_Dataset_v6/_Two_People_Looking_At_Nice_View/g1342_cxp3c2n.png", "URL": "http://i.imgur.com/BB0inRl.png", "fileid": "g1342_cxp3c2n.png"}, {"id": "g1342_cxpo6k4", "comment": "[\"This is so gonna be my new desktop background\"](http://i.imgur.com/RochDZP.jpg)", "date": "2015-12-06 19:00:09", "seriesname": "g1342_cxpo6k4", "file": "/media/jbrogan4/scratch2/Reddit_Prov_Dataset_v6/_Two_People_Looking_At_Nice_View/g1342_cxpo6k4.jpg", "URL": "http://i.imgur.com/RochDZP.jpg", "fileid": "g1342_cxpo6k4.jpg"}, {"id": "g1342_cxp3fqv", "comment": "[Rama](http://i.imgur.com/59QT9iw.jpg)", "date": "2015-12-06 09:29:52", "seriesname": "g1342_cxp3fqv", "file": "/media/jbrogan4/scratch2/Reddit_Prov_Dataset_v6/_Two_People_Looking_At_Nice_View/g1342_cxp3fqv.jpg", "URL": "http://i.imgur.com/59QT9iw.jpg", "fileid": "g1342_cxp3fqv.jpg"}, {"id": "g1342_cxp592t", "comment": "[If J.R.R. Tolkien had taken a more feminine approach](http://i.imgur.com/XDBFxn8.png)", "date": "2015-12-06 10:46:35", "seriesname": "g1342_cxp592t", "file": "/media/jbrogan4/scratch2/Reddit_Prov_Dataset_v6/_Two_People_Looking_At_Nice_View/g1342_cxp592t.png", "URL": "http://i.imgur.com/XDBFxn8.png", "fileid": "g1342_cxp592t.png"}, {"id": "g1342_cxp435b", "comment": "[Uh-oh!](https://i.imgur.com/tLcGXcB.png)\n\nEdit: Fixed it up a bit", "date": "2015-12-06 10:00:02", "seriesname": "g1342_cxp435b", "file": "/media/jbrogan4/scratch2/Reddit_Prov_Dataset_v6/_Two_People_Looking_At_Nice_View/g1342_cxp435b.png", "URL": "https://i.imgur.com/tLcGXcB.png", "fileid": "g1342_cxp435b.png"}, {"id": "g1342_cxp2usu", "comment": "[Meh I've seen better..](http://i.imgur.com/N6KNv0R.jpg)\n*Edit [Reeves getting comfortable](http://i.imgur.com/XUYci2u.jpg)", "date": "2015-12-06 08:59:38", "seriesname": "g1342_cxp2usu", "file": "/media/jbrogan4/scratch2/Reddit_Prov_Dataset_v6/_Two_People_Looking_At_Nice_View/g1342_cxp2usu.jpg", "URL": "http://i.imgur.com/XUYci2u.jpg", "fileid": "g1342_cxp2usu.jpg"}, {"id": "g1342_cxpmstl", "comment": "http://i.imgur.com/ye1c4CQ.png", "date": "2015-12-06 18:27:20", "seriesname": "g1342_cxpmstl", "file": "/media/jbrogan4/scratch2/Reddit_Prov_Dataset_v6/_Two_People_Looking_At_Nice_View/g1342_cxpmstl.png", "URL": "http://i.imgur.com/ye1c4CQ.png", "fileid": "g1342_cxpmstl.png"}, {"id": "g1342_cxpqrtx", "comment": "[Ten years earlier](http://i.imgur.com/YVFTGJC.png)\n\nand ten hours late.  little girls reference: [PSBattle: Two little girls playing on the beach.](https://www.reddit.com/r/photoshopbattles/comments/3vpgsf/psbattle_two_little_girls_playing_on_the_beach/)", "date": "2015-12-06 20:06:24", "seriesname": "g1342_cxpqrtx", "file": "/media/jbrogan4/scratch2/Reddit_Prov_Dataset_v6/_Two_People_Looking_At_Nice_View/g1342_cxpqrtx.png", "URL": "http://i.imgur.com/YVFTGJC.png", "fileid": "g1342_cxpqrtx.png"}, {"id": "g1342_cxpdqvi", "comment": "I miss you, Heather \nhttp://i.imgur.com/P4pUddO.jpg", "date": "2015-12-06 14:49:19", "seriesname": "g1342_cxpdqvi", "file": "/media/jbrogan4/scratch2/Reddit_Prov_Dataset_v6/_Two_People_Looking_At_Nice_View/g1342_cxpdqvi.jpg", "URL": "http://i.imgur.com/P4pUddO.jpg", "fileid": "g1342_cxpdqvi.jpg"}, {"id": "g1342_cxp3t6x", "comment": "http://imgur.com/wPXPS3a", "date": "2015-12-06 09:47:38", "seriesname": "g1342_cxp3t6x", "file": "/media/jbrogan4/scratch2/Reddit_Prov_Dataset_v6/_Two_People_Looking_At_Nice_View/g1342_cxp3t6x.png", "URL": "http://i.imgur.com/wPXPS3a.png", "fileid": "g1342_cxp3t6x.png"}, {"id": "g1342_cxp5n77", "comment": "[Apparently we had the same idea.](http://imgur.com/OT9qeLM.jpg)", "date": "2015-12-06 11:01:14", "seriesname": "g1342_cxp5n77", "file": "/media/jbrogan4/scratch2/Reddit_Prov_Dataset_v6/_Two_People_Looking_At_Nice_View/g1342_cxp5n77.jpg", "URL": "http://imgur.com/OT9qeLM.jpg", "fileid": "g1342_cxp5n77.jpg"}, {"id": "g1342_cxpb3mk", "comment": "It would be absolutely blinding for the first several seconds.\n\n[Fixed](http://i.imgur.com/FBLKnXu.jpg)", "date": "2015-12-06 13:44:52", "seriesname": "g1342_cxpb3mk", "file": "/media/jbrogan4/scratch2/Reddit_Prov_Dataset_v6/_Two_People_Looking_At_Nice_View/g1342_cxpb3mk.jpg", "URL": "http://i.imgur.com/FBLKnXu.jpg", "fileid": "g1342_cxpb3mk.jpg"}, {"id": "g1342_cxp7b4m", "comment": "http://imgur.com/L4eeY0I", "date": "2015-12-06 11:59:04", "seriesname": "g1342_cxp7b4m", "file": "/media/jbrogan4/scratch2/Reddit_Prov_Dataset_v6/_Two_People_Looking_At_Nice_View/g1342_cxp7b4m.png", "URL": "http://i.imgur.com/L4eeY0I.png", "fileid": "g1342_cxp7b4m.png"}, {"id": "g1342_cxp5h7q", "comment": "[This is it.](http://i.imgur.com/yIDC21s.jpg?1)", "date": "2015-12-06 10:54:59", "seriesname": "g1342_cxp5h7q", "file": "/media/jbrogan4/scratch2/Reddit_Prov_Dataset_v6/_Two_People_Looking_At_Nice_View/g1342_cxp5h7q.jpg", "URL": "http://i.imgur.com/yIDC21s.jpg?1", "fileid": "g1342_cxp5h7q.jpg"}, {"id": "g1342_cxpafku", "comment": "[Imgur](http://i.imgur.com/IhCUV4E.jpg)", "date": "2015-12-06 13:27:54", "seriesname": "g1342_cxpafku", "file": "/media/jbrogan4/scratch2/Reddit_Prov_Dataset_v6/_Two_People_Looking_At_Nice_View/g1342_cxpafku.jpg", "URL": "http://i.imgur.com/IhCUV4E.jpg", "fileid": "g1342_cxpafku.jpg"}, {"id": "g1342_cxp7p97", "comment": "[The lake shape was oddly familiar](http://i.imgur.com/3Lg9LZT.jpg)", "date": "2015-12-06 12:11:29", "seriesname": "g1342_cxp7p97", "file": "/media/jbrogan4/scratch2/Reddit_Prov_Dataset_v6/_Two_People_Looking_At_Nice_View/g1342_cxp7p97.jpg", "URL": "http://i.imgur.com/3Lg9LZT.jpg", "fileid": "g1342_cxp7p97.jpg"}, {"id": "g1342_cxp6cjt", "comment": "[Like this?](http://imgur.com/OT9qeLM.jpg)", "date": "2015-12-06 11:25:42", "seriesname": "g1342_cxp6cjt", "file": "/media/jbrogan4/scratch2/Reddit_Prov_Dataset_v6/_Two_People_Looking_At_Nice_View/g1342_cxp6cjt.jpg", "URL": "http://imgur.com/OT9qeLM.jpg", "fileid": "g1342_cxp6cjt.jpg"}, {"id": "g1342_cxp4zap", "comment": "At least we have each other http://i.imgur.com/qf2BokT.jpg", "date": "2015-12-06 10:36:24", "seriesname": "g1342_cxp4zap", "file": "/media/jbrogan4/scratch2/Reddit_Prov_Dataset_v6/_Two_People_Looking_At_Nice_View/g1342_cxp4zap.jpg", "URL": "http://i.imgur.com/qf2BokT.jpg", "fileid": "g1342_cxp4zap.jpg"}, {"id": "g1342_cxp4d0z", "comment": "[Just watching the world burn](http://imgur.com/qHDJ0SP)", "date": "2015-12-06 10:11:54", "seriesname": "g1342_cxp4d0z", "file": "/media/jbrogan4/scratch2/Reddit_Prov_Dataset_v6/_Two_People_Looking_At_Nice_View/g1342_cxp4d0z.png", "URL": "http://i.imgur.com/qHDJ0SP.png", "fileid": "g1342_cxp4d0z.png"}, {"id": "g1342_cxp7qi8", "comment": "[NEW STAR WARS ALMOST HERE!!!](http://i.imgur.com/WtG3fW1.gif)", "date": "2015-12-06 12:12:36", "seriesname": "g1342_cxp7qi8", "file": "/media/jbrogan4/scratch2/Reddit_Prov_Dataset_v6/_Two_People_Looking_At_Nice_View/g1342_cxp7qi8.jpg", "URL": "http://i.imgur.com/WtG3fW1.gif", "fileid": "g1342_cxp7qi8.gif"}, {"id": "g1342_cxp3o4i", "comment": "[I'm confused as to what makes this such a nice view](http://i.imgur.com/DFyWxVv.jpg)", "date": "2015-12-06 09:41:06", "seriesname": "g1342_cxp3o4i", "file": "/media/jbrogan4/scratch2/Reddit_Prov_Dataset_v6/_Two_People_Looking_At_Nice_View/g1342_cxp3o4i.jpg", "URL": "http://i.imgur.com/DFyWxVv.jpg", "fileid": "g1342_cxp3o4i.jpg"}, {"id": "g1342_cxp3o67", "comment": "http://i.imgur.com/RL6dpit.jpg", "date": "2015-12-06 09:41:10", "seriesname": "g1342_cxp3o67", "file": "/media/jbrogan4/scratch2/Reddit_Prov_Dataset_v6/_Two_People_Looking_At_Nice_View/g1342_cxp3o67.jpg", "URL": "http://i.imgur.com/RL6dpit.jpg", "fileid": "g1342_cxp3o67.jpg"}, {"id": "g1342_cxp3zcj", "comment": "[Not what it used to be](http://i.imgur.com/QWkk46v.jpg)", "date": "2015-12-06 09:55:19", "seriesname": "g1342_cxp3zcj", "file": "/media/jbrogan4/scratch2/Reddit_Prov_Dataset_v6/_Two_People_Looking_At_Nice_View/g1342_cxp3zcj.jpg", "URL": "http://i.imgur.com/QWkk46v.jpg", "fileid": "g1342_cxp3zcj.jpg"}, {"id": "g1342_cxp3ja1", "comment": "[Well idk but here's some more copies](http://i.imgur.com/XUYci2u.jpg)", "date": "2015-12-06 09:34:40", "seriesname": "g1342_cxp3ja1", "file": "/media/jbrogan4/scratch2/Reddit_Prov_Dataset_v6/_Two_People_Looking_At_Nice_View/g1342_cxp3ja1.jpg", "URL": "http://i.imgur.com/XUYci2u.jpg", "fileid": "g1342_cxp3ja1.jpg"}, {"id": "g1342_cxp3n1f", "comment": "[Gotta go with the originals](http://i.imgur.com/2VIPEvi.png)", "date": "2015-12-06 09:39:39", "seriesname": "g1342_cxp3n1f", "file": "/media/jbrogan4/scratch2/Reddit_Prov_Dataset_v6/_Two_People_Looking_At_Nice_View/g1342_cxp3n1f.png", "URL": "http://i.imgur.com/2VIPEvi.png", "fileid": "g1342_cxp3n1f.png"}, {"id": "g1342_cxp4rb7", "comment": "I just watched a tutorial on the basics of GIMP so I won't have to wildly fling my arms around anymore, hoping that what I want to do will magically happen. I now even understand that there's *layers* and you need to have them *selected!* Wow~\n\n[Anyway, for a quick exercise I did this,](http://imgur.com/MkLqEM2) and I believe that it's a valuable contribution to the community. (... no, not really.)", "date": "2015-12-06 10:27:48", "seriesname": "g1342_cxp4rb7", "file": "/media/jbrogan4/scratch2/Reddit_Prov_Dataset_v6/_Two_People_Looking_At_Nice_View/g1342_cxp4rb7.png", "URL": "http://i.imgur.com/MkLqEM2.png", "fileid": "g1342_cxp4rb7.png"}, {"id": "g1342_cxp5zhx", "comment": "[Two People Looking at a Not So Nice View.](http://i.imgur.com/N4Gvndl.jpg)", "date": "2015-12-06 11:13:22", "seriesname": "g1342_cxp5zhx", "file": "/media/jbrogan4/scratch2/Reddit_Prov_Dataset_v6/_Two_People_Looking_At_Nice_View/g1342_cxp5zhx.jpg", "URL": "http://i.imgur.com/N4Gvndl.jpg", "fileid": "g1342_cxp5zhx.jpg"}, {"id": "g1342_cxp5g7h", "comment": "http://imgur.com/SMfISKx \n\nHiking at Mt. Etna. My first submission. ", "date": "2015-12-06 10:53:55", "seriesname": "g1342_cxp5g7h", "file": "/media/jbrogan4/scratch2/Reddit_Prov_Dataset_v6/_Two_People_Looking_At_Nice_View/g1342_cxp5g7h.png", "URL": "http://i.imgur.com/SMfISKx.png", "fileid": "g1342_cxp5g7h.png"}, {"id": "g1342_cxp3vvw", "comment": "[Feel The Bern](http://i.imgur.com/24qhSAC.jpg)\n\nI've only take a year long course in Photoshop, and this is my first time using it in 7 months, any tips/criticism would be helpful", "date": "2015-12-06 09:51:02", "seriesname": "g1342_cxp3vvw", "file": "/media/jbrogan4/scratch2/Reddit_Prov_Dataset_v6/_Two_People_Looking_At_Nice_View/g1342_cxp3vvw.jpg", "URL": "http://i.imgur.com/24qhSAC.jpg", "fileid": "g1342_cxp3vvw.jpg"}, {"id": "g1342_cxp82he", "comment": "[I tried](http://i.imgur.com/t8BnaYS.jpg)", "date": "2015-12-06 12:22:49", "seriesname": "g1342_cxp82he", "file": "/media/jbrogan4/scratch2/Reddit_Prov_Dataset_v6/_Two_People_Looking_At_Nice_View/g1342_cxp82he.jpg", "URL": "http://i.imgur.com/t8BnaYS.jpg", "fileid": "g1342_cxp82he.jpg"}, {"id": "g1342_cxp7486", "comment": "http://imgur.com/Te1mfag done!", "date": "2015-12-06 11:52:48", "seriesname": "g1342_cxp7486", "file": "/media/jbrogan4/scratch2/Reddit_Prov_Dataset_v6/_Two_People_Looking_At_Nice_View/g1342_cxp7486.png", "URL": "http://i.imgur.com/Te1mfag.png", "fileid": "g1342_cxp7486.png"}, {"id": "g1342_cxp59ia", "comment": "[Much Better!](http://imgur.com/ZjCxhcH)", "date": "2015-12-06 10:47:00", "seriesname": "g1342_cxp59ia", "file": "/media/jbrogan4/scratch2/Reddit_Prov_Dataset_v6/_Two_People_Looking_At_Nice_View/g1342_cxp59ia.png", "URL": "http://i.imgur.com/ZjCxhcH.png", "fileid": "g1342_cxp59ia.png"}, {"id": "g1342_cxp4wgx", "comment": "[I'd watch it... \\( \u0361\u00b0 \u035c\u0296 \u0361\u00b0\\)](http://i.imgur.com/8YkC35w.jpg)", "date": "2015-12-06 10:33:24", "seriesname": "g1342_cxp4wgx", "file": "/media/jbrogan4/scratch2/Reddit_Prov_Dataset_v6/_Two_People_Looking_At_Nice_View/g1342_cxp4wgx.jpg", "URL": "http://i.imgur.com/8YkC35w.jpg", "fileid": "g1342_cxp4wgx.jpg"}, {"id": "g1342_cxp5bkw", "comment": "[Quick and rough](http://i.imgur.com/OWnVcFu.png)", "date": "2015-12-06 10:49:11", "seriesname": "g1342_cxp5bkw", "file": "/media/jbrogan4/scratch2/Reddit_Prov_Dataset_v6/_Two_People_Looking_At_Nice_View/g1342_cxp5bkw.png", "URL": "http://i.imgur.com/OWnVcFu.png", "fileid": "g1342_cxp5bkw.png"}, {"id": "g1342_cxpiy5p", "comment": "[\"Oh hey there Pope!\"](http://i.imgur.com/AsgvhYC.jpg)", "date": "2015-12-06 16:51:33", "seriesname": "g1342_cxpiy5p", "file": "/media/jbrogan4/scratch2/Reddit_Prov_Dataset_v6/_Two_People_Looking_At_Nice_View/g1342_cxpiy5p.jpg", "URL": "http://i.imgur.com/AsgvhYC.jpg", "fileid": "g1342_cxpiy5p.jpg"}, {"id": "g1342_cxp4bnf", "comment": "http://i.imgur.com/gLeGctG.jpg", "date": "2015-12-06 10:10:17", "seriesname": "g1342_cxp4bnf", "file": "/media/jbrogan4/scratch2/Reddit_Prov_Dataset_v6/_Two_People_Looking_At_Nice_View/g1342_cxp4bnf.jpg", "URL": "http://i.imgur.com/gLeGctG.jpg", "fileid": "g1342_cxp4bnf.jpg"}, {"id": "g1342_cxp7y2b", "comment": "[This'll get buried, but whatever.](http://i.imgur.com/Hw9a71l.jpg)", "date": "2015-12-06 12:19:05", "seriesname": "g1342_cxp7y2b", "file": "/media/jbrogan4/scratch2/Reddit_Prov_Dataset_v6/_Two_People_Looking_At_Nice_View/g1342_cxp7y2b.jpg", "URL": "http://i.imgur.com/Hw9a71l.jpg", "fileid": "g1342_cxp7y2b.jpg"}, {"id": "g1342_cxp36pa", "comment": "[Ruining a perfect shot](http://i.imgur.com/szZ7O2b.jpg)", "date": "2015-12-06 09:17:15", "seriesname": "g1342_cxp36pa", "file": "/media/jbrogan4/scratch2/Reddit_Prov_Dataset_v6/_Two_People_Looking_At_Nice_View/g1342_cxp36pa.jpg", "URL": "http://i.imgur.com/szZ7O2b.jpg", "fileid": "g1342_cxp36pa.jpg"}, {"id": "g1342_cxp3unl", "comment": "[So where is that Kaer Morhen?](http://i.imgur.com/0HY2XWD.jpg )", "date": "2015-12-06 09:49:29", "seriesname": "g1342_cxp3unl", "file": "/media/jbrogan4/scratch2/Reddit_Prov_Dataset_v6/_Two_People_Looking_At_Nice_View/g1342_cxp3unl.jpg", "URL": "http://i.imgur.com/0HY2XWD.jpg", "fileid": "g1342_cxp3unl.jpg"}, {"id": "g1342_cxp4srj", "comment": "[Mordor is nice this time of year.](http://i.imgur.com/SdsiXmk.jpg)", "date": "2015-12-06 10:29:22", "seriesname": "g1342_cxp4srj", "file": "/media/jbrogan4/scratch2/Reddit_Prov_Dataset_v6/_Two_People_Looking_At_Nice_View/g1342_cxp4srj.jpg", "URL": "http://i.imgur.com/SdsiXmk.jpg", "fileid": "g1342_cxp4srj.jpg"}, {"id": "g1342_cxp7zhf", "comment": "[Imgur](http://i.imgur.com/Fljgs17.jpg) ", "date": "2015-12-06 12:20:17", "seriesname": "g1342_cxp7zhf", "file": "/media/jbrogan4/scratch2/Reddit_Prov_Dataset_v6/_Two_People_Looking_At_Nice_View/g1342_cxp7zhf.jpg", "URL": "http://i.imgur.com/Fljgs17.jpg", "fileid": "g1342_cxp7zhf.jpg"}, {"id": "g1342_cxppvjj", "comment": "[Oh no!](http://i.imgur.com/K2mxaoP.jpg)", "date": "2015-12-06 19:42:03", "seriesname": "g1342_cxppvjj", "file": "/media/jbrogan4/scratch2/Reddit_Prov_Dataset_v6/_Two_People_Looking_At_Nice_View/g1342_cxppvjj.jpg", "URL": "http://i.imgur.com/K2mxaoP.jpg", "fileid": "g1342_cxppvjj.jpg"}, {"id": "g1342_cxp3xar", "comment": "http://imgur.com/Nxc49Jx", "date": "2015-12-06 09:52:50", "seriesname": "g1342_cxp3xar", "file": "/media/jbrogan4/scratch2/Reddit_Prov_Dataset_v6/_Two_People_Looking_At_Nice_View/g1342_cxp3xar.png", "URL": "http://i.imgur.com/Nxc49Jx.png", "fileid": "g1342_cxp3xar.png"}, {"id": "g1342_cxpktr1", "comment": "[On that day...](http://imgur.com/uNum7lT)", "date": "2015-12-06 17:37:57", "seriesname": "g1342_cxpktr1", "file": "/media/jbrogan4/scratch2/Reddit_Prov_Dataset_v6/_Two_People_Looking_At_Nice_View/g1342_cxpktr1.png", "URL": "http://i.imgur.com/uNum7lT.png", "fileid": "g1342_cxpktr1.png"}, {"id": "g1342_cxp5bpq", "comment": "[Two People Looking At A Derelict Wasteland](http://imgur.com/bqY2gbx.jpg)", "date": "2015-12-06 10:49:20", "seriesname": "g1342_cxp5bpq", "file": "/media/jbrogan4/scratch2/Reddit_Prov_Dataset_v6/_Two_People_Looking_At_Nice_View/g1342_cxp5bpq.jpg", "URL": "http://imgur.com/bqY2gbx.jpg", "fileid": "g1342_cxp5bpq.jpg"}, {"id": "g1342_cxp4e7e", "comment": "[Cuiva nwalca Carnirasse; nai yarvaxea rasselya!](http://imgur.com/J29dy6t)", "date": "2015-12-06 10:13:17", "seriesname": "g1342_cxp4e7e", "file": "/media/jbrogan4/scratch2/Reddit_Prov_Dataset_v6/_Two_People_Looking_At_Nice_View/g1342_cxp4e7e.png", "URL": "http://i.imgur.com/J29dy6t.png", "fileid": "g1342_cxp4e7e.png"}, {"id": "g1342_cxp3qpb", "comment": "http://imgur.com/CZfAtTu", "date": "2015-12-06 09:44:28", "seriesname": "g1342_cxp3qpb", "file": "/media/jbrogan4/scratch2/Reddit_Prov_Dataset_v6/_Two_People_Looking_At_Nice_View/g1342_cxp3qpb.png", "URL": "http://i.imgur.com/CZfAtTu.png", "fileid": "g1342_cxp3qpb.png"}, {"id": "g1342_cxp5hzh", "comment": "http://i.imgur.com/4KjrNIB.jpg", "date": "2015-12-06 10:55:44", "seriesname": "g1342_cxp5hzh", "file": "/media/jbrogan4/scratch2/Reddit_Prov_Dataset_v6/_Two_People_Looking_At_Nice_View/g1342_cxp5hzh.jpg", "URL": "http://i.imgur.com/4KjrNIB.jpg", "fileid": "g1342_cxp5hzh.jpg"}, {"id": "g1342_cxpe9nj", "comment": "*** NSFW ***\n\nNice view,my ass....\n\nhttp://i.imgur.com/U0Y9hGy.jpg", "date": "2015-12-06 15:02:12", "seriesname": "g1342_cxpe9nj", "file": "/media/jbrogan4/scratch2/Reddit_Prov_Dataset_v6/_Two_People_Looking_At_Nice_View/g1342_cxpe9nj.jpg", "URL": "http://i.imgur.com/U0Y9hGy.jpg", "fileid": "g1342_cxpe9nj.jpg"}, {"id": "g1342_cxp63b6", "comment": "[Into the light](http://i.imgur.com/oSdjlEd.jpg)", "date": "2015-12-06 11:17:01", "seriesname": "g1342_cxp63b6", "file": "/media/jbrogan4/scratch2/Reddit_Prov_Dataset_v6/_Two_People_Looking_At_Nice_View/g1342_cxp63b6.jpg", "URL": "http://i.imgur.com/oSdjlEd.jpg", "fileid": "g1342_cxp63b6.jpg"}, {"id": "g1342_cxp7dx3", "comment": "[After a long hike, they're admiring the Tobias Funke replicator portal](http://i.imgur.com/DdbP0em.jpg)", "date": "2015-12-06 12:01:35", "seriesname": "g1342_cxp7dx3", "file": "/media/jbrogan4/scratch2/Reddit_Prov_Dataset_v6/_Two_People_Looking_At_Nice_View/g1342_cxp7dx3.jpg", "URL": "http://i.imgur.com/DdbP0em.jpg", "fileid": "g1342_cxp7dx3.jpg"}, {"id": "g1342_cxp3sc4", "comment": "[272 years later](http://i.imgur.com/aiKmttJ.jpg)\n\nEdit: cleaned up a bit\n\nAlso, [Suprise!](http://imgur.com/x7mNWzt)", "date": "2015-12-06 09:46:32", "seriesname": "g1342_cxp3sc4", "file": "/media/jbrogan4/scratch2/Reddit_Prov_Dataset_v6/_Two_People_Looking_At_Nice_View/g1342_cxp3sc4.png", "URL": "http://i.imgur.com/x7mNWzt.png", "fileid": "g1342_cxp3sc4.png"}, {"id": "g1342_cxp43yk", "comment": "[Moses parting the mountains](http://i.imgur.com/X8AeI84.png)", "date": "2015-12-06 10:01:01", "seriesname": "g1342_cxp43yk", "file": "/media/jbrogan4/scratch2/Reddit_Prov_Dataset_v6/_Two_People_Looking_At_Nice_View/g1342_cxp43yk.png", "URL": "http://i.imgur.com/X8AeI84.png", "fileid": "g1342_cxp43yk.png"}, {"id": "g1342_cxp7j4s", "comment": "[Show me what you got.  I want to see what you got.](http://i.imgur.com/6QfK6YM.png?1)", "date": "2015-12-06 12:06:12", "seriesname": "g1342_cxp7j4s", "file": "/media/jbrogan4/scratch2/Reddit_Prov_Dataset_v6/_Two_People_Looking_At_Nice_View/g1342_cxp7j4s.png", "URL": "http://i.imgur.com/6QfK6YM.png?1", "fileid": "g1342_cxp7j4s.png"}, {"id": "g1342_cxp8htq", "comment": "['They were waiting for us on the far side of the planet.'](http://i.imgur.com/WUFdL3j.png)\n\n^^-**Cortana**\n\n* edit: [+ Uniforms](http://i.imgur.com/d5vhkdp.png)\n* request fill:[No people in the view](http://i.imgur.com/LF1TTi9.png)\n* edit 3: [Pelican Pick-up](http://i.imgur.com/Cso0RXM.png)\n* request fill: [No People, no Halo ring](http://i.imgur.com/hPKjtJ9.png)\n", "date": "2015-12-06 12:35:19", "seriesname": "g1342_cxp8htq", "file": "/media/jbrogan4/scratch2/Reddit_Prov_Dataset_v6/_Two_People_Looking_At_Nice_View/g1342_cxp8htq.png", "URL": "http://i.imgur.com/hPKjtJ9.png", "fileid": "g1342_cxp8htq.png"}, {"id": "g1342_cxpk0n9", "comment": "http://i.imgur.com/gOmDscN.jpg", "date": "2015-12-06 17:17:44", "seriesname": "g1342_cxpk0n9", "file": "/media/jbrogan4/scratch2/Reddit_Prov_Dataset_v6/_Two_People_Looking_At_Nice_View/g1342_cxpk0n9.jpg", "URL": "http://i.imgur.com/gOmDscN.jpg", "fileid": "g1342_cxpk0n9.jpg"}, {"id": "g1342_cxpbet4", "comment": "[you met me at a very strange time in my life] (http://i.imgur.com/Ei070VE.jpg)  (Fight club)", "date": "2015-12-06 13:52:40", "seriesname": "g1342_cxpbet4", "file": "/media/jbrogan4/scratch2/Reddit_Prov_Dataset_v6/_Two_People_Looking_At_Nice_View/g1342_cxpbet4.jpg", "URL": "http://i.imgur.com/Ei070VE.jpg", "fileid": "g1342_cxpbet4.jpg"}, {"id": "g1342_root", "comment": "", "date": "2015-12-06 07:18:03", "seriesname": "g1342_root", "file": "/media/jbrogan4/scratch2/Reddit_Prov_Dataset_v6/_Two_People_Looking_At_Nice_View/g1342_root.jpg", "URL": "http://i.imgur.com/oML8i4l.jpg", "fileid": "g1342_root.jpg"}], "graph": {"name": "g1342_root"}, "directed": true}