{"links": [{"op": "none", "target": 0, "source": 50}, {"op": "none", "target": 1, "source": 50}, {"op": "none", "target": 2, "source": 50}, {"op": "none", "target": 3, "source": 50}, {"op": "none", "target": 4, "source": 50}, {"op": "none", "target": 5, "source": 50}, {"op": "none", "target": 6, "source": 50}, {"op": "none", "target": 7, "source": 50}, {"op": "none", "target": 8, "source": 50}, {"op": "none", "target": 9, "source": 50}, {"op": "none", "target": 10, "source": 50}, {"op": "none", "target": 11, "source": 50}, {"op": "none", "target": 12, "source": 50}, {"op": "none", "target": 13, "source": 50}, {"op": "none", "target": 14, "source": 50}, {"op": "none", "target": 15, "source": 50}, {"op": "none", "target": 16, "source": 50}, {"op": "none", "target": 17, "source": 50}, {"op": "none", "target": 18, "source": 50}, {"op": "none", "target": 19, "source": 50}, {"op": "none", "target": 20, "source": 50}, {"op": "none", "target": 21, "source": 50}, {"op": "none", "target": 22, "source": 50}, {"op": "none", "target": 23, "source": 50}, {"op": "none", "target": 24, "source": 50}, {"op": "none", "target": 25, "source": 50}, {"op": "none", "target": 26, "source": 50}, {"op": "none", "target": 27, "source": 50}, {"op": "none", "target": 28, "source": 50}, {"op": "none", "target": 29, "source": 50}, {"op": "none", "target": 30, "source": 50}, {"op": "none", "target": 31, "source": 50}, {"op": "none", "target": 32, "source": 50}, {"op": "none", "target": 33, "source": 50}, {"op": "none", "target": 34, "source": 50}, {"op": "none", "target": 35, "source": 50}, {"op": "none", "target": 36, "source": 50}, {"op": "none", "target": 37, "source": 50}, {"op": "none", "target": 38, "source": 50}, {"op": "none", "target": 39, "source": 50}, {"op": "none", "target": 40, "source": 50}, {"op": "none", "target": 41, "source": 50}, {"op": "none", "target": 42, "source": 50}, {"op": "none", "target": 43, "source": 50}, {"op": "none", "target": 44, "source": 3}, {"op": "none", "target": 45, "source": 50}, {"op": "none", "target": 46, "source": 50}, {"op": "none", "target": 47, "source": 50}, {"op": "none", "target": 48, "source": 50}, {"op": "none", "target": 49, "source": 50}], "title": "_Man_wearing_one_hundred_beanies", "nodes": [{"id": "g135_d7ld9ve", "comment": "[Trap Lords](http://i.imgur.com/cQ8QTYy.jpg)", "date": "2016-09-13 15:01:24", "seriesname": "g135_d7ld9ve", "file": "/media/jbrogan4/scratch2/Reddit_Prov_Dataset_v5/_Man_wearing_one_hundred_beanies/g135_d7ld9ve.jpg", "URL": "http://i.imgur.com/cQ8QTYy.jpg", "fileid": "g135_d7ld9ve.jpg"}, {"id": "g135_d7kwx3x", "comment": "[Man wearing one hundred Men wearing beanies](http://imgur.com/Nd6JqYE)", "date": "2016-09-13 09:05:35", "seriesname": "g135_d7kwx3x", "file": "/media/jbrogan4/scratch2/Reddit_Prov_Dataset_v5/_Man_wearing_one_hundred_beanies/g135_d7kwx3x.png", "URL": "http://i.imgur.com/Nd6JqYE.png", "fileid": "g135_d7kwx3x.png"}, {"id": "g135_d7kytoq", "comment": "[Caps For Sale, a classic children's story](http://imgur.com/acGruo0)\n", "date": "2016-09-13 09:57:09", "seriesname": "g135_d7kytoq", "file": "/media/jbrogan4/scratch2/Reddit_Prov_Dataset_v5/_Man_wearing_one_hundred_beanies/g135_d7kytoq.png", "URL": "http://i.imgur.com/acGruo0.png", "fileid": "g135_d7kytoq.png"}, {"id": "g135_d7kv9ow", "comment": "[Ready to launch!](http://i.imgur.com/pRZAidF.jpg)", "date": "2016-09-13 08:11:39", "seriesname": "g135_d7kv9ow", "file": "/media/jbrogan4/scratch2/Reddit_Prov_Dataset_v5/_Man_wearing_one_hundred_beanies/g135_d7kv9ow.jpg", "URL": "http://i.imgur.com/pRZAidF.jpg", "fileid": "g135_d7kv9ow.jpg"}, {"id": "g135_d7ku34w", "comment": "[Slav squatter](http://i.imgur.com/bEeb9w7.jpg)", "date": "2016-09-13 07:22:58", "seriesname": "g135_d7ku34w", "file": "/media/jbrogan4/scratch2/Reddit_Prov_Dataset_v5/_Man_wearing_one_hundred_beanies/g135_d7ku34w.jpg", "URL": "http://i.imgur.com/bEeb9w7.jpg", "fileid": "g135_d7ku34w.jpg"}, {"id": "g135_d7leem0", "comment": "[B.A.M. (Beanie to Air Missile)](http://i.imgur.com/4uukluv.jpg)\n\n[Bonus Ethan \"100 Scoops\" Klein\n](https://i.redditmedia.com/jugEM0sq0nxSjb6skfYfliUw3zFmY3QyA4uxBQYWCko.jpg?w=346&amp;s=1f3152d2f467ecc4604a690f4fefb702)\n\nUsing the wrong picture because I [posted it before this thread](https://www.reddit.com/r/h3h3productions/comments/52dsgz/ethan_100_scoops_klein/)", "date": "2016-09-13 15:24:33", "seriesname": "g135_d7leem0", "file": "/media/jbrogan4/scratch2/Reddit_Prov_Dataset_v5/_Man_wearing_one_hundred_beanies/g135_d7leem0.jpg", "URL": "https://i.redditmedia.com/jugEM0sq0nxSjb6skfYfliUw3zFmY3QyA4uxBQYWCko.jpg?w=346&amp;s=1f3152d2f467ecc4604a690f4fefb702", "fileid": "g135_d7leem0.jpg"}, {"id": "g135_d7l9160", "comment": "[One Hundred Courics](http://i.imgur.com/Qfu8EtE.png)", "date": "2016-09-13 13:35:09", "seriesname": "g135_d7l9160", "file": "/media/jbrogan4/scratch2/Reddit_Prov_Dataset_v5/_Man_wearing_one_hundred_beanies/g135_d7l9160.png", "URL": "http://i.imgur.com/Qfu8EtE.png", "fileid": "g135_d7l9160.png"}, {"id": "g135_d7ktiat", "comment": "http://i.imgur.com/BFjy57R.jpg Leaning tower of beanies", "date": "2016-09-13 06:54:46", "seriesname": "g135_d7ktiat", "file": "/media/jbrogan4/scratch2/Reddit_Prov_Dataset_v5/_Man_wearing_one_hundred_beanies/g135_d7ktiat.jpg", "URL": "http://i.imgur.com/BFjy57R.jpg", "fileid": "g135_d7ktiat.jpg"}, {"id": "g135_d7kvrbq", "comment": "[Caps for sale, 50 cents a cap] (http://imgur.com/LhX4AZb)", "date": "2016-09-13 08:29:04", "seriesname": "g135_d7kvrbq", "file": "/media/jbrogan4/scratch2/Reddit_Prov_Dataset_v5/_Man_wearing_one_hundred_beanies/g135_d7kvrbq.png", "URL": "http://i.imgur.com/LhX4AZb.png", "fileid": "g135_d7kvrbq.png"}, {"id": "g135_d7kyz5j", "comment": "[caps for sale](http://i.imgur.com/TnigCt0.jpg)", "date": "2016-09-13 10:01:01", "seriesname": "g135_d7kyz5j", "file": "/media/jbrogan4/scratch2/Reddit_Prov_Dataset_v5/_Man_wearing_one_hundred_beanies/g135_d7kyz5j.jpg", "URL": "http://i.imgur.com/TnigCt0.jpg", "fileid": "g135_d7kyz5j.jpg"}, {"id": "g135_d7lcxiq", "comment": "Just noticed the dog in the background is doing the perfect StarWars [AT-AT walker](http://i.imgur.com/Il9wrmW.jpg) pose.", "date": "2016-09-13 14:54:28", "seriesname": "g135_d7lcxiq", "file": "/media/jbrogan4/scratch2/Reddit_Prov_Dataset_v5/_Man_wearing_one_hundred_beanies/g135_d7lcxiq.jpg", "URL": "http://i.imgur.com/Il9wrmW.jpg", "fileid": "g135_d7lcxiq.jpg"}, {"id": "g135_d7lc45u", "comment": "[**Beanie Tower, Italy**](http://i.imgur.com/3ORYTwE.jpg)\n\n[Tourists.](http://i.imgur.com/3ORYTwE.jpg)", "date": "2016-09-13 14:37:57", "seriesname": "g135_d7lc45u", "file": "/media/jbrogan4/scratch2/Reddit_Prov_Dataset_v5/_Man_wearing_one_hundred_beanies/g135_d7lc45u.jpg", "URL": "http://i.imgur.com/3ORYTwE.jpg", "fileid": "g135_d7lc45u.jpg"}, {"id": "g135_d7l2x8r", "comment": "[Beauty in space](http://i.imgur.com/OqG6kJp.png)", "date": "2016-09-13 11:30:17", "seriesname": "g135_d7l2x8r", "file": "/media/jbrogan4/scratch2/Reddit_Prov_Dataset_v5/_Man_wearing_one_hundred_beanies/g135_d7l2x8r.png", "URL": "http://i.imgur.com/OqG6kJp.png", "fileid": "g135_d7l2x8r.png"}, {"id": "g135_d7ld6nk", "comment": "[trollio buys a beanie](http://imgur.com/nOt0kQW)", "date": "2016-09-13 14:59:38", "seriesname": "g135_d7ld6nk", "file": "/media/jbrogan4/scratch2/Reddit_Prov_Dataset_v5/_Man_wearing_one_hundred_beanies/g135_d7ld6nk.png", "URL": "http://i.imgur.com/nOt0kQW.png", "fileid": "g135_d7ld6nk.png"}, {"id": "g135_d7kvyc1", "comment": "[S.P.E.W.'s only Elf member thanks Miss Granger](http://i.imgur.com/goqNbtL.png)", "date": "2016-09-13 08:35:33", "seriesname": "g135_d7kvyc1", "file": "/media/jbrogan4/scratch2/Reddit_Prov_Dataset_v5/_Man_wearing_one_hundred_beanies/g135_d7kvyc1.png", "URL": "http://i.imgur.com/goqNbtL.png", "fileid": "g135_d7kvyc1.png"}, {"id": "g135_d7lawl6", "comment": "[Ethan Views](http://i.imgur.com/wkKgSXU.jpg)", "date": "2016-09-13 14:13:16", "seriesname": "g135_d7lawl6", "file": "/media/jbrogan4/scratch2/Reddit_Prov_Dataset_v5/_Man_wearing_one_hundred_beanies/g135_d7lawl6.jpg", "URL": "http://i.imgur.com/wkKgSXU.jpg", "fileid": "g135_d7lawl6.jpg"}, {"id": "g135_d7kux27", "comment": "http://i.imgur.com/eJe171d.jpg", "date": "2016-09-13 07:58:16", "seriesname": "g135_d7kux27", "file": "/media/jbrogan4/scratch2/Reddit_Prov_Dataset_v5/_Man_wearing_one_hundred_beanies/g135_d7kux27.jpg", "URL": "http://i.imgur.com/eJe171d.jpg", "fileid": "g135_d7kux27.jpg"}, {"id": "g135_d7lvwdr", "comment": "[I really hope this doesn't get buried](https://imgur.com/pBAojFz.jpg)\n\nEdit: It got buried :(", "date": "2016-09-13 22:08:01", "seriesname": "g135_d7lvwdr", "file": "/media/jbrogan4/scratch2/Reddit_Prov_Dataset_v5/_Man_wearing_one_hundred_beanies/g135_d7lvwdr.jpg", "URL": "https://imgur.com/pBAojFz.jpg", "fileid": "g135_d7lvwdr.jpg"}, {"id": "g135_d7kzyb1", "comment": "[Maybe he's born with it](http://i.imgur.com/mRZpFqN.png)", "date": "2016-09-13 10:24:41", "seriesname": "g135_d7kzyb1", "file": "/media/jbrogan4/scratch2/Reddit_Prov_Dataset_v5/_Man_wearing_one_hundred_beanies/g135_d7kzyb1.png", "URL": "http://i.imgur.com/mRZpFqN.png", "fileid": "g135_d7kzyb1.png"}, {"id": "g135_d7kxyq4", "comment": "[Beanie wearing one hundred men](http://i.imgur.com/b9LTw6v.jpg)", "date": "2016-09-13 09:34:43", "seriesname": "g135_d7kxyq4", "file": "/media/jbrogan4/scratch2/Reddit_Prov_Dataset_v5/_Man_wearing_one_hundred_beanies/g135_d7kxyq4.jpg", "URL": "http://i.imgur.com/b9LTw6v.jpg", "fileid": "g135_d7kxyq4.jpg"}, {"id": "g135_d7kvqhz", "comment": "[As is tradition](http://i.imgur.com/saftKye.png)", "date": "2016-09-13 08:28:15", "seriesname": "g135_d7kvqhz", "file": "/media/jbrogan4/scratch2/Reddit_Prov_Dataset_v5/_Man_wearing_one_hundred_beanies/g135_d7kvqhz.png", "URL": "http://i.imgur.com/saftKye.png", "fileid": "g135_d7kvqhz.png"}, {"id": "g135_d7ktvue", "comment": "[Everyone wearing one hundred beanies](https://i.imgur.com/7HPvF2c.jpg)", "date": "2016-09-13 07:13:28", "seriesname": "g135_d7ktvue", "file": "/media/jbrogan4/scratch2/Reddit_Prov_Dataset_v5/_Man_wearing_one_hundred_beanies/g135_d7ktvue.jpg", "URL": "https://i.imgur.com/7HPvF2c.jpg", "fileid": "g135_d7ktvue.jpg"}, {"id": "g135_d7kvq6h", "comment": "http://i.imgur.com/faSKeoG.jpg\n\nEdit: Wow!! Thank you for the gold kind stranger!", "date": "2016-09-13 08:27:57", "seriesname": "g135_d7kvq6h", "file": "/media/jbrogan4/scratch2/Reddit_Prov_Dataset_v5/_Man_wearing_one_hundred_beanies/g135_d7kvq6h.jpg", "URL": "http://i.imgur.com/faSKeoG.jpg", "fileid": "g135_d7kvq6h.jpg"}, {"id": "g135_d7kx9yf", "comment": "http://i.imgur.com/ELOhXep.jpg", "date": "2016-09-13 09:15:49", "seriesname": "g135_d7kx9yf", "file": "/media/jbrogan4/scratch2/Reddit_Prov_Dataset_v5/_Man_wearing_one_hundred_beanies/g135_d7kx9yf.jpg", "URL": "http://i.imgur.com/ELOhXep.jpg", "fileid": "g135_d7kx9yf.jpg"}, {"id": "g135_d7kxal2", "comment": "[Beanie \"Saber\"](http://imgur.com/b1CHUsT)\n\nEDIT: Just realized this might make no sense without context (or even with context), so here's where the clip is from: [Jedi A-Holes Strike Back](https://youtu.be/T819usZLQtE?t=21s)", "date": "2016-09-13 09:16:19", "seriesname": "g135_d7kxal2", "file": "/media/jbrogan4/scratch2/Reddit_Prov_Dataset_v5/_Man_wearing_one_hundred_beanies/g135_d7kxal2.png", "URL": "http://i.imgur.com/b1CHUsT.png", "fileid": "g135_d7kxal2.png"}, {"id": "g135_d7kv7we", "comment": "[&lt;&lt;Houston, we have a problem...&gt;&gt;](https://hr.s-ul.eu/O9nzgUpI.jpg)\n\nEDIT: bonus [Alola form](https://hr.s-ul.eu/QGTv2KJr.jpg)", "date": "2016-09-13 08:09:52", "seriesname": "g135_d7kv7we", "file": "/media/jbrogan4/scratch2/Reddit_Prov_Dataset_v5/_Man_wearing_one_hundred_beanies/g135_d7kv7we.jpg", "URL": "https://hr.s-ul.eu/QGTv2KJr.jpg", "fileid": "g135_d7kv7we.jpg"}, {"id": "g135_d7kwm5o", "comment": "[Standoff](http://i.imgur.com/uPeUKBU.jpg)", "date": "2016-09-13 08:56:29", "seriesname": "g135_d7kwm5o", "file": "/media/jbrogan4/scratch2/Reddit_Prov_Dataset_v5/_Man_wearing_one_hundred_beanies/g135_d7kwm5o.jpg", "URL": "http://i.imgur.com/uPeUKBU.jpg", "fileid": "g135_d7kwm5o.jpg"}, {"id": "g135_d7ky0qx", "comment": "[sorry, someone had to do it](http://i.imgur.com/CEeiLCp.jpg)\n", "date": "2016-09-13 09:36:14", "seriesname": "g135_d7ky0qx", "file": "/media/jbrogan4/scratch2/Reddit_Prov_Dataset_v5/_Man_wearing_one_hundred_beanies/g135_d7ky0qx.jpg", "URL": "http://i.imgur.com/CEeiLCp.jpg", "fileid": "g135_d7ky0qx.jpg"}, {"id": "g135_d7lcf11", "comment": "Ethan spotted in Paris:\nhttp://i.imgur.com/3vn7LwC.jpg", "date": "2016-09-13 14:44:09", "seriesname": "g135_d7lcf11", "file": "/media/jbrogan4/scratch2/Reddit_Prov_Dataset_v5/_Man_wearing_one_hundred_beanies/g135_d7lcf11.jpg", "URL": "http://i.imgur.com/3vn7LwC.jpg", "fileid": "g135_d7lcf11.jpg"}, {"id": "g135_d7kxcq5", "comment": "[New toothpaste flavor](http://imgur.com/ug6ofhc.jpg)", "date": "2016-09-13 09:17:57", "seriesname": "g135_d7kxcq5", "file": "/media/jbrogan4/scratch2/Reddit_Prov_Dataset_v5/_Man_wearing_one_hundred_beanies/g135_d7kxcq5.jpg", "URL": "http://imgur.com/ug6ofhc.jpg", "fileid": "g135_d7kxcq5.jpg"}, {"id": "g135_d7l7zei", "comment": "[A beanie wearing 100 H3H3s](http://i.imgur.com/wJJmN3r.jpg)", "date": "2016-09-13 13:13:51", "seriesname": "g135_d7l7zei", "file": "/media/jbrogan4/scratch2/Reddit_Prov_Dataset_v5/_Man_wearing_one_hundred_beanies/g135_d7l7zei.jpg", "URL": "http://i.imgur.com/wJJmN3r.jpg", "fileid": "g135_d7l7zei.jpg"}, {"id": "g135_d7kzavl", "comment": "[Never forget (only a day late)](http://imgur.com/A9MWXFn)", "date": "2016-09-13 10:09:11", "seriesname": "g135_d7kzavl", "file": "/media/jbrogan4/scratch2/Reddit_Prov_Dataset_v5/_Man_wearing_one_hundred_beanies/g135_d7kzavl.png", "URL": "http://i.imgur.com/A9MWXFn.png", "fileid": "g135_d7kzavl.png"}, {"id": "g135_d7kwxni", "comment": "[He's such a lolli-gagger](http://i.imgur.com/hV1JyXE.jpg)", "date": "2016-09-13 09:06:00", "seriesname": "g135_d7kwxni", "file": "/media/jbrogan4/scratch2/Reddit_Prov_Dataset_v5/_Man_wearing_one_hundred_beanies/g135_d7kwxni.jpg", "URL": "http://i.imgur.com/hV1JyXE.jpg", "fileid": "g135_d7kwxni.jpg"}, {"id": "g135_d7lce5s", "comment": "[Beanie flavoured ice cream](http://i.imgur.com/xB3KBrM.jpg)", "date": "2016-09-13 14:43:40", "seriesname": "g135_d7lce5s", "file": "/media/jbrogan4/scratch2/Reddit_Prov_Dataset_v5/_Man_wearing_one_hundred_beanies/g135_d7lce5s.jpg", "URL": "http://i.imgur.com/xB3KBrM.jpg", "fileid": "g135_d7lce5s.jpg"}, {"id": "g135_d7li0ne", "comment": "[Is he Spiderman?](http://i.imgur.com/NWa33t1.png)", "date": "2016-09-13 16:36:58", "seriesname": "g135_d7li0ne", "file": "/media/jbrogan4/scratch2/Reddit_Prov_Dataset_v5/_Man_wearing_one_hundred_beanies/g135_d7li0ne.png", "URL": "http://i.imgur.com/NWa33t1.png", "fileid": "g135_d7li0ne.png"}, {"id": "g135_d7kyi3v", "comment": "[Man wearing one hundred Beans](http://imgur.com/aN29x10.jpg)", "date": "2016-09-13 09:48:59", "seriesname": "g135_d7kyi3v", "file": "/media/jbrogan4/scratch2/Reddit_Prov_Dataset_v5/_Man_wearing_one_hundred_beanies/g135_d7kyi3v.jpg", "URL": "http://imgur.com/aN29x10.jpg", "fileid": "g135_d7kyi3v.jpg"}, {"id": "g135_d7l8kxo", "comment": "[100 layers of Beanies AND 200 Shirts] (http://i.imgur.com/8Qt4XQX.png)", "date": "2016-09-13 13:26:03", "seriesname": "g135_d7l8kxo", "file": "/media/jbrogan4/scratch2/Reddit_Prov_Dataset_v5/_Man_wearing_one_hundred_beanies/g135_d7l8kxo.png", "URL": "http://i.imgur.com/8Qt4XQX.png", "fileid": "g135_d7l8kxo.png"}, {"id": "g135_d7kymwr", "comment": "[Web Nation](http://i.imgur.com/rxrJe4d.jpg)", "date": "2016-09-13 09:52:22", "seriesname": "g135_d7kymwr", "file": "/media/jbrogan4/scratch2/Reddit_Prov_Dataset_v5/_Man_wearing_one_hundred_beanies/g135_d7kymwr.jpg", "URL": "http://i.imgur.com/rxrJe4d.jpg", "fileid": "g135_d7kymwr.jpg"}, {"id": "g135_d7l7nh8", "comment": "[Could he beeee wearing any more hats?!](http://i.imgur.com/RBj02Jh.jpg)", "date": "2016-09-13 13:07:08", "seriesname": "g135_d7l7nh8", "file": "/media/jbrogan4/scratch2/Reddit_Prov_Dataset_v5/_Man_wearing_one_hundred_beanies/g135_d7l7nh8.jpg", "URL": "http://i.imgur.com/RBj02Jh.jpg", "fileid": "g135_d7l7nh8.jpg"}, {"id": "g135_d7kwevh", "comment": "http://i.imgur.com/Eeoitbc.jpg", "date": "2016-09-13 08:50:22", "seriesname": "g135_d7kwevh", "file": "/media/jbrogan4/scratch2/Reddit_Prov_Dataset_v5/_Man_wearing_one_hundred_beanies/g135_d7kwevh.jpg", "URL": "http://i.imgur.com/Eeoitbc.jpg", "fileid": "g135_d7kwevh.jpg"}, {"id": "g135_d7kutw5", "comment": "[Movie Cove] (http://i.imgur.com/rp8IXLi.jpg)", "date": "2016-09-13 07:54:57", "seriesname": "g135_d7kutw5", "file": "/media/jbrogan4/scratch2/Reddit_Prov_Dataset_v5/_Man_wearing_one_hundred_beanies/g135_d7kutw5.jpg", "URL": "http://i.imgur.com/rp8IXLi.jpg", "fileid": "g135_d7kutw5.jpg"}, {"id": "g135_d7l7agn", "comment": "[Leucochloridium paradoxum](http://imgur.com/1ZXvq5Y)", "date": "2016-09-13 12:59:53", "seriesname": "g135_d7l7agn", "file": "/media/jbrogan4/scratch2/Reddit_Prov_Dataset_v5/_Man_wearing_one_hundred_beanies/g135_d7l7agn.png", "URL": "http://i.imgur.com/1ZXvq5Y.png", "fileid": "g135_d7l7agn.png"}, {"id": "g135_d7lnhc9", "comment": "[Oh, The Places He'll Go!] (http://i.imgur.com/hCqtQcJ.jpg)", "date": "2016-09-13 18:38:46", "seriesname": "g135_d7lnhc9", "file": "/media/jbrogan4/scratch2/Reddit_Prov_Dataset_v5/_Man_wearing_one_hundred_beanies/g135_d7lnhc9.jpg", "URL": "http://i.imgur.com/hCqtQcJ.jpg", "fileid": "g135_d7lnhc9.jpg"}, {"id": "g135_d7kyg1g", "comment": " http://i.imgur.com/iJ0F3eW.jpg ", "date": "2016-09-13 09:47:27", "seriesname": "g135_d7kyg1g", "file": "/media/jbrogan4/scratch2/Reddit_Prov_Dataset_v5/_Man_wearing_one_hundred_beanies/g135_d7kyg1g.jpg", "URL": "http://i.imgur.com/iJ0F3eW.jpg", "fileid": "g135_d7kyg1g.jpg"}, {"id": "g135_d7kwmsj", "comment": "[Someone did!](http://i.imgur.com/ANku5gx.jpg)", "date": "2016-09-13 08:57:01", "seriesname": "g135_d7kwmsj", "file": "/media/jbrogan4/scratch2/Reddit_Prov_Dataset_v5/_Man_wearing_one_hundred_beanies/g135_d7kwmsj.jpg", "URL": "http://i.imgur.com/ANku5gx.jpg", "fileid": "g135_d7kwmsj.jpg"}, {"id": "g135_d7l1nq8", "comment": "[Beardception](http://i.imgur.com/XVY5w51.jpg)", "date": "2016-09-13 11:03:04", "seriesname": "g135_d7l1nq8", "file": "/media/jbrogan4/scratch2/Reddit_Prov_Dataset_v5/_Man_wearing_one_hundred_beanies/g135_d7l1nq8.jpg", "URL": "http://i.imgur.com/XVY5w51.jpg", "fileid": "g135_d7l1nq8.jpg"}, {"id": "g135_d7ky9uw", "comment": "Fixed it for ya. http://i.imgur.com/SFKLpIA.jpg", "date": "2016-09-13 09:43:00", "seriesname": "g135_d7ky9uw", "file": "/media/jbrogan4/scratch2/Reddit_Prov_Dataset_v5/_Man_wearing_one_hundred_beanies/g135_d7ky9uw.jpg", "URL": "http://i.imgur.com/SFKLpIA.jpg", "fileid": "g135_d7ky9uw.jpg"}, {"id": "g135_d7la23f", "comment": "[Children's book](http://imgur.com/emoS5dV)", "date": "2016-09-13 13:55:47", "seriesname": "g135_d7la23f", "file": "/media/jbrogan4/scratch2/Reddit_Prov_Dataset_v5/_Man_wearing_one_hundred_beanies/g135_d7la23f.png", "URL": "http://i.imgur.com/emoS5dV.png", "fileid": "g135_d7la23f.png"}, {"id": "g135_d7kv2wu", "comment": "[Marley and me](http://i.imgur.com/sIQjsl4.jpg)", "date": "2016-09-13 08:04:41", "seriesname": "g135_d7kv2wu", "file": "/media/jbrogan4/scratch2/Reddit_Prov_Dataset_v5/_Man_wearing_one_hundred_beanies/g135_d7kv2wu.jpg", "URL": "http://i.imgur.com/sIQjsl4.jpg", "fileid": "g135_d7kv2wu.jpg"}, {"id": "g135_d7kyg1x", "comment": "[Oh jesus christ](http://i.imgur.com/5wU8KEZ.jpg)", "date": "2016-09-13 09:47:28", "seriesname": "g135_d7kyg1x", "file": "/media/jbrogan4/scratch2/Reddit_Prov_Dataset_v5/_Man_wearing_one_hundred_beanies/g135_d7kyg1x.jpg", "URL": "http://i.imgur.com/5wU8KEZ.jpg", "fileid": "g135_d7kyg1x.jpg"}, {"id": "g135_root", "comment": "", "date": "2016-09-13 06:01:36", "seriesname": "g135_root", "file": "/media/jbrogan4/scratch2/Reddit_Prov_Dataset_v5/_Man_wearing_one_hundred_beanies/g135_root.png", "URL": "http://i.imgur.com/dyzroil.png", "fileid": "g135_root.png"}], "graph": {"name": "g135_root"}, "directed": true}