{"links": [{"op": "none", "target": 0, "source": 45}, {"op": "none", "target": 1, "source": 16}, {"op": "none", "target": 2, "source": 45}, {"op": "none", "target": 3, "source": 45}, {"op": "none", "target": 4, "source": 45}, {"op": "none", "target": 5, "source": 45}, {"op": "none", "target": 6, "source": 45}, {"op": "none", "target": 7, "source": 41}, {"op": "none", "target": 8, "source": 45}, {"op": "none", "target": 9, "source": 45}, {"op": "none", "target": 10, "source": 45}, {"op": "none", "target": 11, "source": 45}, {"op": "none", "target": 12, "source": 8}, {"op": "none", "target": 13, "source": 45}, {"op": "none", "target": 14, "source": 45}, {"op": "none", "target": 15, "source": 45}, {"op": "none", "target": 16, "source": 45}, {"op": "none", "target": 17, "source": 45}, {"op": "none", "target": 18, "source": 45}, {"op": "none", "target": 19, "source": 34}, {"op": "none", "target": 20, "source": 45}, {"op": "none", "target": 21, "source": 45}, {"op": "none", "target": 22, "source": 45}, {"op": "none", "target": 23, "source": 8}, {"op": "none", "target": 24, "source": 30}, {"op": "none", "target": 25, "source": 45}, {"op": "none", "target": 26, "source": 45}, {"op": "none", "target": 27, "source": 45}, {"op": "none", "target": 28, "source": 45}, {"op": "none", "target": 29, "source": 45}, {"op": "none", "target": 30, "source": 45}, {"op": "none", "target": 31, "source": 45}, {"op": "none", "target": 32, "source": 45}, {"op": "none", "target": 33, "source": 45}, {"op": "none", "target": 34, "source": 45}, {"op": "none", "target": 35, "source": 45}, {"op": "none", "target": 36, "source": 45}, {"op": "none", "target": 37, "source": 45}, {"op": "none", "target": 38, "source": 45}, {"op": "none", "target": 39, "source": 45}, {"op": "none", "target": 40, "source": 45}, {"op": "none", "target": 41, "source": 28}, {"op": "none", "target": 42, "source": 45}, {"op": "none", "target": 43, "source": 45}, {"op": "none", "target": 44, "source": 31}], "title": "_News_interns_running_out_with_Supreme_Court_ruling_on_gay-marriage", "nodes": [{"id": "g1357_cslqu01", "comment": "[Usain Motherf*cker](http://i.imgur.com/vIAXkAl.png)", "date": "2015-06-28 17:24:30", "seriesname": "g1357_cslqu01", "file": "/media/jbrogan4/scratch2/Reddit_Prov_Dataset_v6/_News_interns_running_out_with_Supreme_Court_ruling_on_gay-marriage/g1357_cslqu01.png", "URL": "http://i.imgur.com/vIAXkAl.png", "fileid": "g1357_cslqu01.png"}, {"id": "g1357_csjtepj", "comment": "[Alternative, better, version](http://imgur.com/b6ON0g1)", "date": "2015-06-26 16:35:48", "seriesname": "g1357_csjtepj", "file": "/media/jbrogan4/scratch2/Reddit_Prov_Dataset_v6/_News_interns_running_out_with_Supreme_Court_ruling_on_gay-marriage/g1357_csjtepj.png", "URL": "http://i.imgur.com/b6ON0g1.png", "fileid": "g1357_csjtepj.png"}, {"id": "g1357_cskca00", "comment": "[Judgment Day](http://i.imgur.com/nOHdszt.jpg) ", "date": "2015-06-27 04:17:03", "seriesname": "g1357_cskca00", "file": "/media/jbrogan4/scratch2/Reddit_Prov_Dataset_v6/_News_interns_running_out_with_Supreme_Court_ruling_on_gay-marriage/g1357_cskca00.jpg", "URL": "http://i.imgur.com/nOHdszt.jpg", "fileid": "g1357_cskca00.jpg"}, {"id": "g1357_cskh9ay", "comment": "Most races they've had in comics, either the Flash wins (because it's his thing to be the fastest) or it's a tie (because it's superman's thing to be the best at everything, but the writer doesn't want to take away the Flash's thing either). [Then this happened.](http://i.imgur.com/6rjr6.jpg)", "date": "2015-06-27 10:06:35", "seriesname": "g1357_cskh9ay", "file": "/media/jbrogan4/scratch2/Reddit_Prov_Dataset_v6/_News_interns_running_out_with_Supreme_Court_ruling_on_gay-marriage/g1357_cskh9ay.jpg", "URL": "http://i.imgur.com/6rjr6.jpg", "fileid": "g1357_cskh9ay.jpg"}, {"id": "g1357_cska6p8", "comment": "[You stay classy, Dan Diego](http://i.imgur.com/pHi88JA.jpg)", "date": "2015-06-27 02:08:59", "seriesname": "g1357_cska6p8", "file": "/media/jbrogan4/scratch2/Reddit_Prov_Dataset_v6/_News_interns_running_out_with_Supreme_Court_ruling_on_gay-marriage/g1357_cska6p8.jpg", "URL": "http://i.imgur.com/pHi88JA.jpg", "fileid": "g1357_cska6p8.jpg"}, {"id": "g1357_csjt258", "comment": "[Misunderstood cop](http://i.imgur.com/lDk6wXw.jpg) also [don't look back now]( http://i.imgur.com/jk1VpGD.jpg)", "date": "2015-06-26 16:26:39", "seriesname": "g1357_csjt258", "file": "/media/jbrogan4/scratch2/Reddit_Prov_Dataset_v6/_News_interns_running_out_with_Supreme_Court_ruling_on_gay-marriage/g1357_csjt258.jpg", "URL": "http://i.imgur.com/jk1VpGD.jpg", "fileid": "g1357_csjt258.jpg"}, {"id": "g1357_csk5qpv", "comment": "[grandpa here, get out of the way](http://i.imgur.com/2BJYcm3.jpg)", "date": "2015-06-26 23:03:45", "seriesname": "g1357_csk5qpv", "file": "/media/jbrogan4/scratch2/Reddit_Prov_Dataset_v6/_News_interns_running_out_with_Supreme_Court_ruling_on_gay-marriage/g1357_csk5qpv.jpg", "URL": "http://i.imgur.com/2BJYcm3.jpg", "fileid": "g1357_csk5qpv.jpg"}, {"id": "g1357_cskg5e6", "comment": "[Here we go again...](http://i.imgur.com/Ps779kO.jpg)", "date": "2015-06-27 09:10:57", "seriesname": "g1357_cskg5e6", "file": "/media/jbrogan4/scratch2/Reddit_Prov_Dataset_v6/_News_interns_running_out_with_Supreme_Court_ruling_on_gay-marriage/g1357_cskg5e6.jpg", "URL": "http://i.imgur.com/Ps779kO.jpg", "fileid": "g1357_cskg5e6.jpg"}, {"id": "g1357_csk0lpv", "comment": "[OOOOOOOOOOOOOOO!!](http://i.imgur.com/4C01CT3.jpg)", "date": "2015-06-26 20:09:49", "seriesname": "g1357_csk0lpv", "file": "/media/jbrogan4/scratch2/Reddit_Prov_Dataset_v6/_News_interns_running_out_with_Supreme_Court_ruling_on_gay-marriage/g1357_csk0lpv.jpg", "URL": "http://i.imgur.com/4C01CT3.jpg", "fileid": "g1357_csk0lpv.jpg"}, {"id": "g1357_csjtxnf", "comment": "[Something Something Rainbows...](http://imgur.com/sCdsACb)", "date": "2015-06-26 16:49:52", "seriesname": "g1357_csjtxnf", "file": "/media/jbrogan4/scratch2/Reddit_Prov_Dataset_v6/_News_interns_running_out_with_Supreme_Court_ruling_on_gay-marriage/g1357_csjtxnf.png", "URL": "http://i.imgur.com/sCdsACb.png", "fileid": "g1357_csjtxnf.png"}, {"id": "g1357_cskd9m6", "comment": "[I thought I'd join for once](http://i.imgur.com/Q7k8RGT.png)", "date": "2015-06-27 05:35:24", "seriesname": "g1357_cskd9m6", "file": "/media/jbrogan4/scratch2/Reddit_Prov_Dataset_v6/_News_interns_running_out_with_Supreme_Court_ruling_on_gay-marriage/g1357_cskd9m6.png", "URL": "http://i.imgur.com/Q7k8RGT.png", "fileid": "g1357_cskd9m6.png"}, {"id": "g1357_cskhcsk", "comment": "[Not so fast](http://i.imgur.com/fvPGtaX.jpg)", "date": "2015-06-27 10:10:49", "seriesname": "g1357_cskhcsk", "file": "/media/jbrogan4/scratch2/Reddit_Prov_Dataset_v6/_News_interns_running_out_with_Supreme_Court_ruling_on_gay-marriage/g1357_cskhcsk.jpg", "URL": "http://i.imgur.com/fvPGtaX.jpg", "fileid": "g1357_cskhcsk.jpg"}, {"id": "g1357_cskax5o", "comment": "[Who lives in a pineapple under the sea?](https://i.imgur.com/Z0QBy6k.jpg)", "date": "2015-06-27 02:48:50", "seriesname": "g1357_cskax5o", "file": "/media/jbrogan4/scratch2/Reddit_Prov_Dataset_v6/_News_interns_running_out_with_Supreme_Court_ruling_on_gay-marriage/g1357_cskax5o.jpg", "URL": "https://i.imgur.com/Z0QBy6k.jpg", "fileid": "g1357_cskax5o.jpg"}, {"id": "g1357_csjsbbx", "comment": "https://i.imgur.com/ltWbVOd.png First is better than best", "date": "2015-06-26 16:06:47", "seriesname": "g1357_csjsbbx", "file": "/media/jbrogan4/scratch2/Reddit_Prov_Dataset_v6/_News_interns_running_out_with_Supreme_Court_ruling_on_gay-marriage/g1357_csjsbbx.png", "URL": "https://i.imgur.com/ltWbVOd.png", "fileid": "g1357_csjsbbx.png"}, {"id": "g1357_csk881v", "comment": "Faster than the flash http://i.imgur.com/8zL3cDb.jpg", "date": "2015-06-27 00:38:53", "seriesname": "g1357_csk881v", "file": "/media/jbrogan4/scratch2/Reddit_Prov_Dataset_v6/_News_interns_running_out_with_Supreme_Court_ruling_on_gay-marriage/g1357_csk881v.jpg", "URL": "http://i.imgur.com/8zL3cDb.jpg", "fileid": "g1357_csk881v.jpg"}, {"id": "g1357_csk8gys", "comment": "[nyan cat!](https://i.imgur.com/rA9Bq9W.jpg)", "date": "2015-06-27 00:49:28", "seriesname": "g1357_csk8gys", "file": "/media/jbrogan4/scratch2/Reddit_Prov_Dataset_v6/_News_interns_running_out_with_Supreme_Court_ruling_on_gay-marriage/g1357_csk8gys.jpg", "URL": "https://i.imgur.com/rA9Bq9W.jpg", "fileid": "g1357_csk8gys.jpg"}, {"id": "g1357_csjsuxi", "comment": "[Not my best work, but here ya go](http://imgur.com/4mhNhYZ)", "date": "2015-06-26 16:21:21", "seriesname": "g1357_csjsuxi", "file": "/media/jbrogan4/scratch2/Reddit_Prov_Dataset_v6/_News_interns_running_out_with_Supreme_Court_ruling_on_gay-marriage/g1357_csjsuxi.png", "URL": "http://i.imgur.com/4mhNhYZ.png", "fileid": "g1357_csjsuxi.png"}, {"id": "g1357_csk8ozd", "comment": "Interns running.....IN SYRIA!!!\nhttp://imgur.com/QM0dZPF", "date": "2015-06-27 00:58:46", "seriesname": "g1357_csk8ozd", "file": "/media/jbrogan4/scratch2/Reddit_Prov_Dataset_v6/_News_interns_running_out_with_Supreme_Court_ruling_on_gay-marriage/g1357_csk8ozd.png", "URL": "http://i.imgur.com/QM0dZPF.png", "fileid": "g1357_csk8ozd.png"}, {"id": "g1357_cskgcpt", "comment": "[Zombies!](http://imgur.com/z3C0kQM)", "date": "2015-06-27 09:22:49", "seriesname": "g1357_cskgcpt", "file": "/media/jbrogan4/scratch2/Reddit_Prov_Dataset_v6/_News_interns_running_out_with_Supreme_Court_ruling_on_gay-marriage/g1357_cskgcpt.png", "URL": "http://i.imgur.com/z3C0kQM.png", "fileid": "g1357_cskgcpt.png"}, {"id": "g1357_cskaxpg", "comment": "[Wait, is that...](http://i.imgur.com/yIiCD3I.jpg)", "date": "2015-06-27 02:49:40", "seriesname": "g1357_cskaxpg", "file": "/media/jbrogan4/scratch2/Reddit_Prov_Dataset_v6/_News_interns_running_out_with_Supreme_Court_ruling_on_gay-marriage/g1357_cskaxpg.jpg", "URL": "http://i.imgur.com/yIiCD3I.jpg", "fileid": "g1357_cskaxpg.jpg"}, {"id": "g1357_csjzg87", "comment": "[Come'on, you know you want papa Bill back in office](http://i.imgur.com/ohlSnPb.jpg)", "date": "2015-06-26 19:33:03", "seriesname": "g1357_csjzg87", "file": "/media/jbrogan4/scratch2/Reddit_Prov_Dataset_v6/_News_interns_running_out_with_Supreme_Court_ruling_on_gay-marriage/g1357_csjzg87.jpg", "URL": "http://i.imgur.com/ohlSnPb.jpg", "fileid": "g1357_csjzg87.jpg"}, {"id": "g1357_cskdash", "comment": "[Get to the news choppa!](http://i.imgur.com/F3g519h.png)  \n  \ndisclaimer: this is ms paint :( and my first submission. Please, be gentle :)", "date": "2015-06-27 05:38:09", "seriesname": "g1357_cskdash", "file": "/media/jbrogan4/scratch2/Reddit_Prov_Dataset_v6/_News_interns_running_out_with_Supreme_Court_ruling_on_gay-marriage/g1357_cskdash.png", "URL": "http://i.imgur.com/F3g519h.png", "fileid": "g1357_cskdash.png"}, {"id": "g1357_csk5jw4", "comment": "[Got a new job](http://i.imgur.com/wjb4YCU.png)", "date": "2015-06-26 22:56:53", "seriesname": "g1357_csk5jw4", "file": "/media/jbrogan4/scratch2/Reddit_Prov_Dataset_v6/_News_interns_running_out_with_Supreme_Court_ruling_on_gay-marriage/g1357_csk5jw4.png", "URL": "http://i.imgur.com/wjb4YCU.png", "fileid": "g1357_csk5jw4.png"}, {"id": "g1357_csk7tq7", "comment": "http://imgur.com/qXFcKyh", "date": "2015-06-27 00:22:27", "seriesname": "g1357_csk7tq7", "file": "/media/jbrogan4/scratch2/Reddit_Prov_Dataset_v6/_News_interns_running_out_with_Supreme_Court_ruling_on_gay-marriage/g1357_csk7tq7.png", "URL": "http://i.imgur.com/qXFcKyh.png", "fileid": "g1357_csk7tq7.png"}, {"id": "g1357_csk2a68", "comment": "[Start the cameras!  START THE CAMERAS!](http://imgur.com/LoZ6EAb)", "date": "2015-06-26 21:04:16", "seriesname": "g1357_csk2a68", "file": "/media/jbrogan4/scratch2/Reddit_Prov_Dataset_v6/_News_interns_running_out_with_Supreme_Court_ruling_on_gay-marriage/g1357_csk2a68.png", "URL": "http://i.imgur.com/LoZ6EAb.png", "fileid": "g1357_csk2a68.png"}, {"id": "g1357_cskdxv4", "comment": "http://i.imgur.com/lE0SAEM.jpg\n", "date": "2015-06-27 06:31:41", "seriesname": "g1357_cskdxv4", "file": "/media/jbrogan4/scratch2/Reddit_Prov_Dataset_v6/_News_interns_running_out_with_Supreme_Court_ruling_on_gay-marriage/g1357_cskdxv4.jpg", "URL": "http://i.imgur.com/lE0SAEM.jpg", "fileid": "g1357_cskdxv4.jpg"}, {"id": "g1357_csk8nm5", "comment": "[more old memes](http://imgur.com/nIsvap9)", "date": "2015-06-27 00:57:08", "seriesname": "g1357_csk8nm5", "file": "/media/jbrogan4/scratch2/Reddit_Prov_Dataset_v6/_News_interns_running_out_with_Supreme_Court_ruling_on_gay-marriage/g1357_csk8nm5.png", "URL": "http://i.imgur.com/nIsvap9.png", "fileid": "g1357_csk8nm5.png"}, {"id": "g1357_csk8l6h", "comment": "[old memes](http://imgur.com/bVPZIco)", "date": "2015-06-27 00:54:16", "seriesname": "g1357_csk8l6h", "file": "/media/jbrogan4/scratch2/Reddit_Prov_Dataset_v6/_News_interns_running_out_with_Supreme_Court_ruling_on_gay-marriage/g1357_csk8l6h.png", "URL": "http://i.imgur.com/bVPZIco.png", "fileid": "g1357_csk8l6h.png"}, {"id": "g1357_csjx5mo", "comment": "http://i.imgur.com/Sk73FuC.jpg", "date": "2015-06-26 18:21:38", "seriesname": "g1357_csjx5mo", "file": "/media/jbrogan4/scratch2/Reddit_Prov_Dataset_v6/_News_interns_running_out_with_Supreme_Court_ruling_on_gay-marriage/g1357_csjx5mo.jpg", "URL": "http://i.imgur.com/Sk73FuC.jpg", "fileid": "g1357_csjx5mo.jpg"}, {"id": "g1357_csk507l", "comment": "Lights. Camera. Action.\nhttp://i.imgur.com/oJWqSqD.png", "date": "2015-06-26 22:37:08", "seriesname": "g1357_csk507l", "file": "/media/jbrogan4/scratch2/Reddit_Prov_Dataset_v6/_News_interns_running_out_with_Supreme_Court_ruling_on_gay-marriage/g1357_csk507l.png", "URL": "http://i.imgur.com/oJWqSqD.png", "fileid": "g1357_csk507l.png"}, {"id": "g1357_csk0co5", "comment": "[Indi Indi!](http://i.imgur.com/ggddJ8m.jpg)", "date": "2015-06-26 20:01:47", "seriesname": "g1357_csk0co5", "file": "/media/jbrogan4/scratch2/Reddit_Prov_Dataset_v6/_News_interns_running_out_with_Supreme_Court_ruling_on_gay-marriage/g1357_csk0co5.jpg", "URL": "http://i.imgur.com/ggddJ8m.jpg", "fileid": "g1357_csk0co5.jpg"}, {"id": "g1357_csjutpm", "comment": "[Researching a movie role as a SCOTUS news media intern](http://i.imgur.com/pTfRNpm.jpg)", "date": "2015-06-26 17:13:57", "seriesname": "g1357_csjutpm", "file": "/media/jbrogan4/scratch2/Reddit_Prov_Dataset_v6/_News_interns_running_out_with_Supreme_Court_ruling_on_gay-marriage/g1357_csjutpm.jpg", "URL": "http://i.imgur.com/pTfRNpm.jpg", "fileid": "g1357_csjutpm.jpg"}, {"id": "g1357_csk5ntj", "comment": "[Gotta get out of the way.](http://i.imgur.com/JHWSSqY.jpg)", "date": "2015-06-26 23:00:46", "seriesname": "g1357_csk5ntj", "file": "/media/jbrogan4/scratch2/Reddit_Prov_Dataset_v6/_News_interns_running_out_with_Supreme_Court_ruling_on_gay-marriage/g1357_csk5ntj.jpg", "URL": "http://i.imgur.com/JHWSSqY.jpg", "fileid": "g1357_csk5ntj.jpg"}, {"id": "g1357_csk9h09", "comment": "[Not everyone is lucky enough to be an intern though...](http://imgur.com/UQPlkXy)", "date": "2015-06-27 01:33:30", "seriesname": "g1357_csk9h09", "file": "/media/jbrogan4/scratch2/Reddit_Prov_Dataset_v6/_News_interns_running_out_with_Supreme_Court_ruling_on_gay-marriage/g1357_csk9h09.png", "URL": "http://i.imgur.com/UQPlkXy.png", "fileid": "g1357_csk9h09.png"}, {"id": "g1357_csjyhxg", "comment": "http://i.imgur.com/vqKUF9k.jpg should they be running away from the glorious leader?", "date": "2015-06-26 19:03:36", "seriesname": "g1357_csjyhxg", "file": "/media/jbrogan4/scratch2/Reddit_Prov_Dataset_v6/_News_interns_running_out_with_Supreme_Court_ruling_on_gay-marriage/g1357_csjyhxg.jpg", "URL": "http://i.imgur.com/vqKUF9k.jpg", "fileid": "g1357_csjyhxg.jpg"}, {"id": "g1357_cskgt8j", "comment": "Kinda new to this, might work on it a bit later: http://i.imgur.com/mpRKKh9.jpg", "date": "2015-06-27 09:45:44", "seriesname": "g1357_cskgt8j", "file": "/media/jbrogan4/scratch2/Reddit_Prov_Dataset_v6/_News_interns_running_out_with_Supreme_Court_ruling_on_gay-marriage/g1357_cskgt8j.jpg", "URL": "http://i.imgur.com/mpRKKh9.jpg", "fileid": "g1357_cskgt8j.jpg"}, {"id": "g1357_csjw6is", "comment": "[And I said to myself this has to be easier than lightning farming...  I'm too old for this shit broski...](http://imgur.com/2OJKBSI)", "date": "2015-06-26 17:52:09", "seriesname": "g1357_csjw6is", "file": "/media/jbrogan4/scratch2/Reddit_Prov_Dataset_v6/_News_interns_running_out_with_Supreme_Court_ruling_on_gay-marriage/g1357_csjw6is.png", "URL": "http://i.imgur.com/2OJKBSI.png", "fileid": "g1357_csjw6is.png"}, {"id": "g1357_csk6s34", "comment": "[Come on, come on, girls. Shake. Shake. Shake.](https://i.imgur.com/gyLfbaH.gif)", "date": "2015-06-26 23:42:03", "seriesname": "g1357_csk6s34", "file": "/media/jbrogan4/scratch2/Reddit_Prov_Dataset_v6/_News_interns_running_out_with_Supreme_Court_ruling_on_gay-marriage/g1357_csk6s34.jpg", "URL": "https://i.imgur.com/gyLfbaH.gif", "fileid": "g1357_csk6s34.gif"}, {"id": "g1357_csjuxtc", "comment": "[Classic](http://imgur.com/mk18a6I)", "date": "2015-06-26 17:17:06", "seriesname": "g1357_csjuxtc", "file": "/media/jbrogan4/scratch2/Reddit_Prov_Dataset_v6/_News_interns_running_out_with_Supreme_Court_ruling_on_gay-marriage/g1357_csjuxtc.png", "URL": "http://i.imgur.com/mk18a6I.png", "fileid": "g1357_csjuxtc.png"}, {"id": "g1357_csk7t36", "comment": "http://i.imgur.com/upmLLck.jpg", "date": "2015-06-27 00:21:45", "seriesname": "g1357_csk7t36", "file": "/media/jbrogan4/scratch2/Reddit_Prov_Dataset_v6/_News_interns_running_out_with_Supreme_Court_ruling_on_gay-marriage/g1357_csk7t36.jpg", "URL": "http://i.imgur.com/upmLLck.jpg", "fileid": "g1357_csk7t36.jpg"}, {"id": "g1357_csk98sz", "comment": "[I am hungry!](http://imgur.com/ftVOYwz)", "date": "2015-06-27 01:23:11", "seriesname": "g1357_csk98sz", "file": "/media/jbrogan4/scratch2/Reddit_Prov_Dataset_v6/_News_interns_running_out_with_Supreme_Court_ruling_on_gay-marriage/g1357_csk98sz.png", "URL": "http://i.imgur.com/ftVOYwz.png", "fileid": "g1357_csk98sz.png"}, {"id": "g1357_cskbmo8", "comment": "http://imgur.com/RYhCIws", "date": "2015-06-27 03:32:21", "seriesname": "g1357_cskbmo8", "file": "/media/jbrogan4/scratch2/Reddit_Prov_Dataset_v6/_News_interns_running_out_with_Supreme_Court_ruling_on_gay-marriage/g1357_cskbmo8.png", "URL": "http://i.imgur.com/RYhCIws.png", "fileid": "g1357_cskbmo8.png"}, {"id": "g1357_csk115u", "comment": "http://i.imgur.com/I14a4xK.png I'm so startled", "date": "2015-06-26 20:23:50", "seriesname": "g1357_csk115u", "file": "/media/jbrogan4/scratch2/Reddit_Prov_Dataset_v6/_News_interns_running_out_with_Supreme_Court_ruling_on_gay-marriage/g1357_csk115u.png", "URL": "http://i.imgur.com/I14a4xK.png", "fileid": "g1357_csk115u.png"}, {"id": "g1357_csjx3zu", "comment": "[Jurassic Court](http://i.imgur.com/sar3h6n.png) \n\nSummer 2016", "date": "2015-06-26 18:20:15", "seriesname": "g1357_csjx3zu", "file": "/media/jbrogan4/scratch2/Reddit_Prov_Dataset_v6/_News_interns_running_out_with_Supreme_Court_ruling_on_gay-marriage/g1357_csjx3zu.png", "URL": "http://i.imgur.com/sar3h6n.png", "fileid": "g1357_csjx3zu.png"}, {"id": "g1357_csk3r5j", "comment": "[I'll allow it](http://i.imgur.com/Cm8NIn5.jpg)", "date": "2015-06-26 21:52:51", "seriesname": "g1357_csk3r5j", "file": "/media/jbrogan4/scratch2/Reddit_Prov_Dataset_v6/_News_interns_running_out_with_Supreme_Court_ruling_on_gay-marriage/g1357_csk3r5j.jpg", "URL": "http://i.imgur.com/Cm8NIn5.jpg", "fileid": "g1357_csk3r5j.jpg"}, {"id": "g1357_root", "comment": "", "date": "2015-06-26 14:59:40", "seriesname": "g1357_root", "file": "/media/jbrogan4/scratch2/Reddit_Prov_Dataset_v6/_News_interns_running_out_with_Supreme_Court_ruling_on_gay-marriage/g1357_root.jpg", "URL": "https://i.imgur.com/TFiaiYl.jpg", "fileid": "g1357_root.jpg"}], "graph": {"name": "g1357_root"}, "directed": true}