{"links": [{"op": "none", "target": 0, "source": 64}, {"op": "none", "target": 1, "source": 64}, {"op": "none", "target": 2, "source": 64}, {"op": "none", "target": 3, "source": 13}, {"op": "none", "target": 4, "source": 64}, {"op": "none", "target": 5, "source": 64}, {"op": "none", "target": 6, "source": 64}, {"op": "none", "target": 7, "source": 64}, {"op": "none", "target": 8, "source": 64}, {"op": "none", "target": 9, "source": 50}, {"op": "none", "target": 10, "source": 64}, {"op": "none", "target": 11, "source": 64}, {"op": "none", "target": 12, "source": 64}, {"op": "none", "target": 13, "source": 37}, {"op": "none", "target": 14, "source": 51}, {"op": "none", "target": 15, "source": 64}, {"op": "none", "target": 16, "source": 64}, {"op": "none", "target": 17, "source": 44}, {"op": "none", "target": 18, "source": 17}, {"op": "none", "target": 19, "source": 64}, {"op": "none", "target": 20, "source": 64}, {"op": "none", "target": 21, "source": 64}, {"op": "none", "target": 22, "source": 59}, {"op": "none", "target": 23, "source": 64}, {"op": "none", "target": 24, "source": 64}, {"op": "none", "target": 25, "source": 64}, {"op": "none", "target": 26, "source": 30}, {"op": "none", "target": 27, "source": 50}, {"op": "none", "target": 28, "source": 64}, {"op": "none", "target": 29, "source": 3}, {"op": "none", "target": 30, "source": 64}, {"op": "none", "target": 31, "source": 64}, {"op": "none", "target": 32, "source": 13}, {"op": "none", "target": 33, "source": 64}, {"op": "none", "target": 34, "source": 64}, {"op": "none", "target": 35, "source": 9}, {"op": "none", "target": 36, "source": 64}, {"op": "none", "target": 37, "source": 16}, {"op": "none", "target": 38, "source": 64}, {"op": "none", "target": 39, "source": 64}, {"op": "none", "target": 40, "source": 64}, {"op": "none", "target": 41, "source": 64}, {"op": "none", "target": 42, "source": 64}, {"op": "none", "target": 43, "source": 64}, {"op": "none", "target": 44, "source": 64}, {"op": "none", "target": 45, "source": 64}, {"op": "none", "target": 46, "source": 27}, {"op": "none", "target": 47, "source": 64}, {"op": "none", "target": 48, "source": 64}, {"op": "none", "target": 49, "source": 13}, {"op": "none", "target": 50, "source": 63}, {"op": "none", "target": 51, "source": 64}, {"op": "none", "target": 52, "source": 64}, {"op": "none", "target": 53, "source": 64}, {"op": "none", "target": 54, "source": 11}, {"op": "none", "target": 55, "source": 49}, {"op": "none", "target": 56, "source": 64}, {"op": "none", "target": 57, "source": 64}, {"op": "none", "target": 58, "source": 13}, {"op": "none", "target": 59, "source": 13}, {"op": "none", "target": 60, "source": 64}, {"op": "none", "target": 61, "source": 64}, {"op": "none", "target": 62, "source": 64}, {"op": "none", "target": 63, "source": 5}, {"op": "none", "target": 65, "source": 64}], "title": "_Runners_crossing_the_finish_line", "nodes": [{"id": "g1353_cypda6b", "comment": "http://imgur.com/nX99t4u\n", "date": "2016-01-07 10:14:05", "seriesname": "g1353_cypda6b", "file": "/media/jbrogan4/scratch2/Reddit_Prov_Dataset_v6/_Runners_crossing_the_finish_line/g1353_cypda6b.png", "URL": "http://i.imgur.com/nX99t4u.png", "fileid": "g1353_cypda6b.png"}, {"id": "g1353_cyoe0bx", "comment": "[Oh girl call the ambulamp cuz that shit right there...](http://i.imgur.com/zQ66xOc.jpg)", "date": "2016-01-06 14:42:10", "seriesname": "g1353_cyoe0bx", "file": "/media/jbrogan4/scratch2/Reddit_Prov_Dataset_v6/_Runners_crossing_the_finish_line/g1353_cyoe0bx.jpg", "URL": "http://i.imgur.com/zQ66xOc.jpg", "fileid": "g1353_cyoe0bx.jpg"}, {"id": "g1353_cyo79k9", "comment": "[y'all some crazy ass white folks!](http://i.imgur.com/6DWVFk3.jpg)", "date": "2016-01-06 12:09:22", "seriesname": "g1353_cyo79k9", "file": "/media/jbrogan4/scratch2/Reddit_Prov_Dataset_v6/_Runners_crossing_the_finish_line/g1353_cyo79k9.jpg", "URL": "http://i.imgur.com/6DWVFk3.jpg", "fileid": "g1353_cyo79k9.jpg"}, {"id": "g1353_cyoh0wm", "comment": "http://imgur.com/mAomAyy.jpg\nEverything's better with vlad \n", "date": "2016-01-06 15:48:12", "seriesname": "g1353_cyoh0wm", "file": "/media/jbrogan4/scratch2/Reddit_Prov_Dataset_v6/_Runners_crossing_the_finish_line/g1353_cyoh0wm.jpg", "URL": "http://imgur.com/mAomAyy.jpg", "fileid": "g1353_cyoh0wm.jpg"}, {"id": "g1353_cyoac3s", "comment": "[\"Sorry, Lagat...  Still a great night!\"](http://i.imgur.com/zc911DA.jpg)", "date": "2016-01-06 13:18:34", "seriesname": "g1353_cyoac3s", "file": "/media/jbrogan4/scratch2/Reddit_Prov_Dataset_v6/_Runners_crossing_the_finish_line/g1353_cyoac3s.jpg", "URL": "http://i.imgur.com/zc911DA.jpg", "fileid": "g1353_cyoac3s.jpg"}, {"id": "g1353_cyo7zjr", "comment": "[I'm impressed he kept up!](http://i.imgur.com/UwkLCdy.png)", "date": "2016-01-06 12:25:31", "seriesname": "g1353_cyo7zjr", "file": "/media/jbrogan4/scratch2/Reddit_Prov_Dataset_v6/_Runners_crossing_the_finish_line/g1353_cyo7zjr.png", "URL": "http://i.imgur.com/UwkLCdy.png", "fileid": "g1353_cyo7zjr.png"}, {"id": "g1353_cyo6235", "comment": "[Trying to get his time under 18 seconds.](http://i.imgur.com/GFfwl1V.png)", "date": "2016-01-06 11:42:03", "seriesname": "g1353_cyo6235", "file": "/media/jbrogan4/scratch2/Reddit_Prov_Dataset_v6/_Runners_crossing_the_finish_line/g1353_cyo6235.png", "URL": "http://i.imgur.com/GFfwl1V.png", "fileid": "g1353_cyo6235.png"}, {"id": "g1353_cyo7tw1", "comment": "[Seriously people, pick up after your dogs!](http://i.imgur.com/auditeT.jpg)", "date": "2016-01-06 12:21:56", "seriesname": "g1353_cyo7tw1", "file": "/media/jbrogan4/scratch2/Reddit_Prov_Dataset_v6/_Runners_crossing_the_finish_line/g1353_cyo7tw1.jpg", "URL": "http://i.imgur.com/auditeT.jpg", "fileid": "g1353_cyo7tw1.jpg"}, {"id": "g1353_cyoyjwf", "comment": "[Over 16 HOURS of race winning... POOWEERRRRRR!!!](http://i.imgur.com/x96RYG8.png)", "date": "2016-01-06 23:07:29", "seriesname": "g1353_cyoyjwf", "file": "/media/jbrogan4/scratch2/Reddit_Prov_Dataset_v6/_Runners_crossing_the_finish_line/g1353_cyoyjwf.png", "URL": "http://i.imgur.com/x96RYG8.png", "fileid": "g1353_cyoyjwf.png"}, {"id": "g1353_cyoajss", "comment": "[They are among us](http://i.imgur.com/LAeR5Pz.jpg)", "date": "2016-01-06 13:23:20", "seriesname": "g1353_cyoajss", "file": "/media/jbrogan4/scratch2/Reddit_Prov_Dataset_v6/_Runners_crossing_the_finish_line/g1353_cyoajss.jpg", "URL": "http://i.imgur.com/LAeR5Pz.jpg", "fileid": "g1353_cyoajss.jpg"}, {"id": "g1353_cyobacp", "comment": "[It's the hair!](http://i.imgur.com/vL8KZj7.jpg)", "date": "2016-01-06 13:39:51", "seriesname": "g1353_cyobacp", "file": "/media/jbrogan4/scratch2/Reddit_Prov_Dataset_v6/_Runners_crossing_the_finish_line/g1353_cyobacp.jpg", "URL": "http://i.imgur.com/vL8KZj7.jpg", "fileid": "g1353_cyobacp.jpg"}, {"id": "g1353_cyo9joc", "comment": "[my smallest photoshop ever - 10kb!](http://i.imgur.com/EwIGmXd.jpg)", "date": "2016-01-06 13:00:40", "seriesname": "g1353_cyo9joc", "file": "/media/jbrogan4/scratch2/Reddit_Prov_Dataset_v6/_Runners_crossing_the_finish_line/g1353_cyo9joc.jpg", "URL": "http://i.imgur.com/EwIGmXd.jpg", "fileid": "g1353_cyo9joc.jpg"}, {"id": "g1353_cyopz55", "comment": "http://imgur.com/Sq8mmnC", "date": "2016-01-06 19:14:15", "seriesname": "g1353_cyopz55", "file": "/media/jbrogan4/scratch2/Reddit_Prov_Dataset_v6/_Runners_crossing_the_finish_line/g1353_cyopz55.png", "URL": "http://i.imgur.com/Sq8mmnC.png", "fileid": "g1353_cyopz55.png"}, {"id": "g1353_cyocokm", "comment": "http://i.snag.gy/TQSYW.jpg\n\nfor some reason imgur is not working for me", "date": "2016-01-06 14:10:50", "seriesname": "g1353_cyocokm", "file": "/media/jbrogan4/scratch2/Reddit_Prov_Dataset_v6/_Runners_crossing_the_finish_line/g1353_cyocokm.jpg", "URL": "http://i.snag.gy/TQSYW.jpg", "fileid": "g1353_cyocokm.jpg"}, {"id": "g1353_cyo9suh", "comment": "[My sandwich!](http://imgur.com/tWRU8EI)", "date": "2016-01-06 13:06:30", "seriesname": "g1353_cyo9suh", "file": "/media/jbrogan4/scratch2/Reddit_Prov_Dataset_v6/_Runners_crossing_the_finish_line/g1353_cyo9suh.png", "URL": "http://i.imgur.com/tWRU8EI.png", "fileid": "g1353_cyo9suh.png"}, {"id": "g1353_cyod3rq", "comment": "[Slip 'n slide](http://imgur.com/eD1Wr3s)", "date": "2016-01-06 14:21:31", "seriesname": "g1353_cyod3rq", "file": "/media/jbrogan4/scratch2/Reddit_Prov_Dataset_v6/_Runners_crossing_the_finish_line/g1353_cyod3rq.png", "URL": "http://i.imgur.com/eD1Wr3s.png", "fileid": "g1353_cyod3rq.png"}, {"id": "g1353_cyo6hjm", "comment": "[Fury Road](http://i.imgur.com/hPSuCa2.jpg)", "date": "2016-01-06 11:51:48", "seriesname": "g1353_cyo6hjm", "file": "/media/jbrogan4/scratch2/Reddit_Prov_Dataset_v6/_Runners_crossing_the_finish_line/g1353_cyo6hjm.jpg", "URL": "http://i.imgur.com/hPSuCa2.jpg", "fileid": "g1353_cyo6hjm.jpg"}, {"id": "g1353_cyoa26q", "comment": "[If you insist...](http://i.imgur.com/yBrW7P1.jpg)", "date": "2016-01-06 13:12:21", "seriesname": "g1353_cyoa26q", "file": "/media/jbrogan4/scratch2/Reddit_Prov_Dataset_v6/_Runners_crossing_the_finish_line/g1353_cyoa26q.jpg", "URL": "http://i.imgur.com/yBrW7P1.jpg", "fileid": "g1353_cyoa26q.jpg"}, {"id": "g1353_cyocyuo", "comment": "[Your wish is my command.](http://i.imgur.com/4col041.jpg)", "date": "2016-01-06 14:17:09", "seriesname": "g1353_cyocyuo", "file": "/media/jbrogan4/scratch2/Reddit_Prov_Dataset_v6/_Runners_crossing_the_finish_line/g1353_cyocyuo.jpg", "URL": "http://i.imgur.com/4col041.jpg", "fileid": "g1353_cyocyuo.jpg"}, {"id": "g1353_cyoomam", "comment": "[Get out the way](http://i.imgur.com/9rwxk2P.jpg)", "date": "2016-01-06 18:40:06", "seriesname": "g1353_cyoomam", "file": "/media/jbrogan4/scratch2/Reddit_Prov_Dataset_v6/_Runners_crossing_the_finish_line/g1353_cyoomam.jpg", "URL": "http://i.imgur.com/9rwxk2P.jpg", "fileid": "g1353_cyoomam.jpg"}, {"id": "g1353_cyoaxox", "comment": "[That dude had a cameo in a Simon Pegg movie.](http://i.imgur.com/gvZZNiG.jpg)", "date": "2016-01-06 13:31:55", "seriesname": "g1353_cyoaxox", "file": "/media/jbrogan4/scratch2/Reddit_Prov_Dataset_v6/_Runners_crossing_the_finish_line/g1353_cyoaxox.jpg", "URL": "http://i.imgur.com/gvZZNiG.jpg", "fileid": "g1353_cyoaxox.jpg"}, {"id": "g1353_cyof6kx", "comment": "[Currahee](http://imgur.com/SoYCyB4)", "date": "2016-01-06 15:08:02", "seriesname": "g1353_cyof6kx", "file": "/media/jbrogan4/scratch2/Reddit_Prov_Dataset_v6/_Runners_crossing_the_finish_line/g1353_cyof6kx.png", "URL": "http://i.imgur.com/SoYCyB4.png", "fileid": "g1353_cyof6kx.png"}, {"id": "g1353_cyp4k9c", "comment": "http://imgur.com/Rlter7j", "date": "2016-01-07 03:00:21", "seriesname": "g1353_cyp4k9c", "file": "/media/jbrogan4/scratch2/Reddit_Prov_Dataset_v6/_Runners_crossing_the_finish_line/g1353_cyp4k9c.png", "URL": "http://i.imgur.com/Rlter7j.png", "fileid": "g1353_cyp4k9c.png"}, {"id": "g1353_cyo893v", "comment": "[Steroid use is getting out of control.](http://i.imgur.com/cdXxNcD.jpg)", "date": "2016-01-06 12:31:25", "seriesname": "g1353_cyo893v", "file": "/media/jbrogan4/scratch2/Reddit_Prov_Dataset_v6/_Runners_crossing_the_finish_line/g1353_cyo893v.jpg", "URL": "http://i.imgur.com/cdXxNcD.jpg", "fileid": "g1353_cyo893v.jpg"}, {"id": "g1353_cyoolmm", "comment": "The Hateful Eight http://i.imgur.com/1vkc3ma.jpg", "date": "2016-01-06 18:39:37", "seriesname": "g1353_cyoolmm", "file": "/media/jbrogan4/scratch2/Reddit_Prov_Dataset_v6/_Runners_crossing_the_finish_line/g1353_cyoolmm.jpg", "URL": "http://i.imgur.com/1vkc3ma.jpg", "fileid": "g1353_cyoolmm.jpg"}, {"id": "g1353_cyo8ucf", "comment": "[extreme ironing](http://i.imgur.com/gzriilJ.jpg)", "date": "2016-01-06 12:44:45", "seriesname": "g1353_cyo8ucf", "file": "/media/jbrogan4/scratch2/Reddit_Prov_Dataset_v6/_Runners_crossing_the_finish_line/g1353_cyo8ucf.jpg", "URL": "http://i.imgur.com/gzriilJ.jpg", "fileid": "g1353_cyo8ucf.jpg"}, {"id": "g1353_cyodsk2", "comment": "[I got more kawaii and sparkles and roses!! Senpai will you notice me now?](http://i.imgur.com/G1qxCtY.jpg)", "date": "2016-01-06 14:37:20", "seriesname": "g1353_cyodsk2", "file": "/media/jbrogan4/scratch2/Reddit_Prov_Dataset_v6/_Runners_crossing_the_finish_line/g1353_cyodsk2.jpg", "URL": "http://i.imgur.com/G1qxCtY.jpg", "fileid": "g1353_cyodsk2.jpg"}, {"id": "g1353_cyoczsu", "comment": "[The Grandparalympics](http://i.imgur.com/xboLcoU.jpg)", "date": "2016-01-06 14:17:43", "seriesname": "g1353_cyoczsu", "file": "/media/jbrogan4/scratch2/Reddit_Prov_Dataset_v6/_Runners_crossing_the_finish_line/g1353_cyoczsu.jpg", "URL": "http://i.imgur.com/xboLcoU.jpg", "fileid": "g1353_cyoczsu.jpg"}, {"id": "g1353_cyoeecy", "comment": "[GET OUT OF THE WAY, GUY](http://i.imgur.com/qqXBtuU.jpg)!", "date": "2016-01-06 14:50:42", "seriesname": "g1353_cyoeecy", "file": "/media/jbrogan4/scratch2/Reddit_Prov_Dataset_v6/_Runners_crossing_the_finish_line/g1353_cyoeecy.jpg", "URL": "http://i.imgur.com/qqXBtuU.jpg)!", "fileid": "g1353_cyoeecy.jpg!"}, {"id": "g1353_cyol4cw", "comment": "[Why only one Vlad when you can have two?](https://i.imgur.com/6mEv8T4.png)", "date": "2016-01-06 17:17:15", "seriesname": "g1353_cyol4cw", "file": "/media/jbrogan4/scratch2/Reddit_Prov_Dataset_v6/_Runners_crossing_the_finish_line/g1353_cyol4cw.png", "URL": "https://i.imgur.com/6mEv8T4.png", "fileid": "g1353_cyol4cw.png"}, {"id": "g1353_cyo8b0p", "comment": "[Notice me, Senpai!](http://i.imgur.com/qvOicAX.png)", "date": "2016-01-06 12:32:38", "seriesname": "g1353_cyo8b0p", "file": "/media/jbrogan4/scratch2/Reddit_Prov_Dataset_v6/_Runners_crossing_the_finish_line/g1353_cyo8b0p.png", "URL": "http://i.imgur.com/qvOicAX.png", "fileid": "g1353_cyo8b0p.png"}, {"id": "g1353_cyoqzdh", "comment": "[something something Oscar Pistorius](http://i.imgur.com/2F60BVH.jpg) ^^^^fuck ^^^^i'm ^^^^late", "date": "2016-01-06 19:40:17", "seriesname": "g1353_cyoqzdh", "file": "/media/jbrogan4/scratch2/Reddit_Prov_Dataset_v6/_Runners_crossing_the_finish_line/g1353_cyoqzdh.jpg", "URL": "http://i.imgur.com/2F60BVH.jpg", "fileid": "g1353_cyoqzdh.jpg"}, {"id": "g1353_cyofakn", "comment": "[It's not over yet](http://i.imgur.com/keqvYoq.jpg)\n\n\nedit: [Supreme leader version](http://i.imgur.com/yU2k7D7.jpg)\n", "date": "2016-01-06 15:10:26", "seriesname": "g1353_cyofakn", "file": "/media/jbrogan4/scratch2/Reddit_Prov_Dataset_v6/_Runners_crossing_the_finish_line/g1353_cyofakn.jpg", "URL": "http://i.imgur.com/yU2k7D7.jpg", "fileid": "g1353_cyofakn.jpg"}, {"id": "g1353_cyo7hot", "comment": "[whoops](http://i.imgur.com/RqcmK1a.jpg)", "date": "2016-01-06 12:14:22", "seriesname": "g1353_cyo7hot", "file": "/media/jbrogan4/scratch2/Reddit_Prov_Dataset_v6/_Runners_crossing_the_finish_line/g1353_cyo7hot.jpg", "URL": "http://i.imgur.com/RqcmK1a.jpg", "fileid": "g1353_cyo7hot.jpg"}, {"id": "g1353_cyoer63", "comment": "[she's so happy](http://i.imgur.com/jUc0uE2.jpg)", "date": "2016-01-06 14:58:24", "seriesname": "g1353_cyoer63", "file": "/media/jbrogan4/scratch2/Reddit_Prov_Dataset_v6/_Runners_crossing_the_finish_line/g1353_cyoer63.jpg", "URL": "http://i.imgur.com/jUc0uE2.jpg", "fileid": "g1353_cyoer63.jpg"}, {"id": "g1353_cyobton", "comment": "[It goes deeper](http://i.imgur.com/8a5WtiB.jpg)", "date": "2016-01-06 13:51:43", "seriesname": "g1353_cyobton", "file": "/media/jbrogan4/scratch2/Reddit_Prov_Dataset_v6/_Runners_crossing_the_finish_line/g1353_cyobton.jpg", "URL": "http://i.imgur.com/8a5WtiB.jpg", "fileid": "g1353_cyobton.jpg"}, {"id": "g1353_cyosgxl", "comment": "http://imgur.com/3FryqgP", "date": "2016-01-06 20:20:06", "seriesname": "g1353_cyosgxl", "file": "/media/jbrogan4/scratch2/Reddit_Prov_Dataset_v6/_Runners_crossing_the_finish_line/g1353_cyosgxl.png", "URL": "http://i.imgur.com/3FryqgP.png", "fileid": "g1353_cyosgxl.png"}, {"id": "g1353_cyo9jsb", "comment": "http://i.imgur.com/yGPdB7q.jpg", "date": "2016-01-06 13:00:45", "seriesname": "g1353_cyo9jsb", "file": "/media/jbrogan4/scratch2/Reddit_Prov_Dataset_v6/_Runners_crossing_the_finish_line/g1353_cyo9jsb.jpg", "URL": "http://i.imgur.com/yGPdB7q.jpg", "fileid": "g1353_cyo9jsb.jpg"}, {"id": "g1353_cyomnx5", "comment": "[I don't know](http://i.imgur.com/WpF8nnK.jpg)", "date": "2016-01-06 17:52:50", "seriesname": "g1353_cyomnx5", "file": "/media/jbrogan4/scratch2/Reddit_Prov_Dataset_v6/_Runners_crossing_the_finish_line/g1353_cyomnx5.jpg", "URL": "http://i.imgur.com/WpF8nnK.jpg", "fileid": "g1353_cyomnx5.jpg"}, {"id": "g1353_cyoxvuu", "comment": " [Run Forrest Run!!!](http://imgur.com/5ctUouV)", "date": "2016-01-06 22:48:08", "seriesname": "g1353_cyoxvuu", "file": "/media/jbrogan4/scratch2/Reddit_Prov_Dataset_v6/_Runners_crossing_the_finish_line/g1353_cyoxvuu.png", "URL": "http://i.imgur.com/5ctUouV.png", "fileid": "g1353_cyoxvuu.png"}, {"id": "g1353_cyo95ar", "comment": "[OMG gurl, imma bout to cry!](http://imgur.com/ZLJfiqz)", "date": "2016-01-06 12:51:41", "seriesname": "g1353_cyo95ar", "file": "/media/jbrogan4/scratch2/Reddit_Prov_Dataset_v6/_Runners_crossing_the_finish_line/g1353_cyo95ar.png", "URL": "http://i.imgur.com/ZLJfiqz.png", "fileid": "g1353_cyo95ar.png"}, {"id": "g1353_cyo6ol9", "comment": "[Raiders of the Lost Ark](http://i.imgur.com/B01nRZM.jpg)", "date": "2016-01-06 11:56:09", "seriesname": "g1353_cyo6ol9", "file": "/media/jbrogan4/scratch2/Reddit_Prov_Dataset_v6/_Runners_crossing_the_finish_line/g1353_cyo6ol9.jpg", "URL": "http://i.imgur.com/B01nRZM.jpg", "fileid": "g1353_cyo6ol9.jpg"}, {"id": "g1353_cyoolxw", "comment": "[Am I late?](http://i.imgur.com/GOJ8KmO.jpg) Very subtle, but I had to fix it.", "date": "2016-01-06 18:39:49", "seriesname": "g1353_cyoolxw", "file": "/media/jbrogan4/scratch2/Reddit_Prov_Dataset_v6/_Runners_crossing_the_finish_line/g1353_cyoolxw.jpg", "URL": "http://i.imgur.com/GOJ8KmO.jpg", "fileid": "g1353_cyoolxw.jpg"}, {"id": "g1353_cyoe1lj", "comment": "[What's she doing here?](http://i.imgur.com/Cs3QtBc.jpg)", "date": "2016-01-06 14:42:56", "seriesname": "g1353_cyoe1lj", "file": "/media/jbrogan4/scratch2/Reddit_Prov_Dataset_v6/_Runners_crossing_the_finish_line/g1353_cyoe1lj.jpg", "URL": "http://i.imgur.com/Cs3QtBc.jpg", "fileid": "g1353_cyoe1lj.jpg"}, {"id": "g1353_cyo8w29", "comment": "[Goofing off in study time.](http://i.imgur.com/1TqTUZ5.jpg)", "date": "2016-01-06 12:45:51", "seriesname": "g1353_cyo8w29", "file": "/media/jbrogan4/scratch2/Reddit_Prov_Dataset_v6/_Runners_crossing_the_finish_line/g1353_cyo8w29.jpg", "URL": "http://i.imgur.com/1TqTUZ5.jpg", "fileid": "g1353_cyo8w29.jpg"}, {"id": "g1353_cyo7wdi", "comment": "[Mount Runmore](http://i.imgur.com/7LA6dyP.png)", "date": "2016-01-06 12:23:28", "seriesname": "g1353_cyo7wdi", "file": "/media/jbrogan4/scratch2/Reddit_Prov_Dataset_v6/_Runners_crossing_the_finish_line/g1353_cyo7wdi.png", "URL": "http://i.imgur.com/7LA6dyP.png", "fileid": "g1353_cyo7wdi.png"}, {"id": "g1353_cyorig0", "comment": "[That beard is Epic!](http://i.imgur.com/KBDHXa1.jpg)", "date": "2016-01-06 19:54:18", "seriesname": "g1353_cyorig0", "file": "/media/jbrogan4/scratch2/Reddit_Prov_Dataset_v6/_Runners_crossing_the_finish_line/g1353_cyorig0.jpg", "URL": "http://i.imgur.com/KBDHXa1.jpg", "fileid": "g1353_cyorig0.jpg"}, {"id": "g1353_cyo9qf9", "comment": "[dont stay to long in the sun kids!](http://imgur.com/Tlw1X3h)", "date": "2016-01-06 13:04:54", "seriesname": "g1353_cyo9qf9", "file": "/media/jbrogan4/scratch2/Reddit_Prov_Dataset_v6/_Runners_crossing_the_finish_line/g1353_cyo9qf9.png", "URL": "http://i.imgur.com/Tlw1X3h.png", "fileid": "g1353_cyo9qf9.png"}, {"id": "g1353_cyoxez2", "comment": "[Push!](http://i.imgur.com/HGXduKI.jpg)", "date": "2016-01-06 22:35:34", "seriesname": "g1353_cyoxez2", "file": "/media/jbrogan4/scratch2/Reddit_Prov_Dataset_v6/_Runners_crossing_the_finish_line/g1353_cyoxez2.jpg", "URL": "http://i.imgur.com/HGXduKI.jpg", "fileid": "g1353_cyoxez2.jpg"}, {"id": "g1353_cyogktj", "comment": "[Directed by Michael Bay](http://i.imgur.com/hutW6L7.jpg)", "date": "2016-01-06 15:38:26", "seriesname": "g1353_cyogktj", "file": "/media/jbrogan4/scratch2/Reddit_Prov_Dataset_v6/_Runners_crossing_the_finish_line/g1353_cyogktj.jpg", "URL": "http://i.imgur.com/hutW6L7.jpg", "fileid": "g1353_cyogktj.jpg"}, {"id": "g1353_cyoa96k", "comment": "[The Paralympics](http://i.imgur.com/AXziqhU.jpg)", "date": "2016-01-06 13:16:46", "seriesname": "g1353_cyoa96k", "file": "/media/jbrogan4/scratch2/Reddit_Prov_Dataset_v6/_Runners_crossing_the_finish_line/g1353_cyoa96k.jpg", "URL": "http://i.imgur.com/AXziqhU.jpg", "fileid": "g1353_cyoa96k.jpg"}, {"id": "g1353_cyo8bav", "comment": "[1000m Ice Cream Relay](https://imgur.com/3FIiYoq)", "date": "2016-01-06 12:32:49", "seriesname": "g1353_cyo8bav", "file": "/media/jbrogan4/scratch2/Reddit_Prov_Dataset_v6/_Runners_crossing_the_finish_line/g1353_cyo8bav.png", "URL": "http://i.imgur.com/3FIiYoq.png", "fileid": "g1353_cyo8bav.png"}, {"id": "g1353_cyo99fi", "comment": "[RUNN](http://i.imgur.com/UybkL1v.png)", "date": "2016-01-06 12:54:16", "seriesname": "g1353_cyo99fi", "file": "/media/jbrogan4/scratch2/Reddit_Prov_Dataset_v6/_Runners_crossing_the_finish_line/g1353_cyo99fi.png", "URL": "http://i.imgur.com/UybkL1v.png", "fileid": "g1353_cyo99fi.png"}, {"id": "g1353_cyocsjs", "comment": "[Running for his life](https://i.gyazo.com/6c894ce7a5136c1567b70da9a018f714.png)", "date": "2016-01-06 14:13:19", "seriesname": "g1353_cyocsjs", "file": "/media/jbrogan4/scratch2/Reddit_Prov_Dataset_v6/_Runners_crossing_the_finish_line/g1353_cyocsjs.png", "URL": "https://i.gyazo.com/6c894ce7a5136c1567b70da9a018f714.png", "fileid": "g1353_cyocsjs.png"}, {"id": "g1353_cyp2e2j", "comment": "Fun fact! As at the time of writing, your image has 0.00408 comment karma per pixel - that's 6 times more than the top comment's [2500x1667](https://i.imgur.com/hPSuCa2.jpg) image. \n\nblue_awning's [880x608](https://i.imgur.com/zc911DA.jpg) image is a close second behind you at 0.00407 points per pixel.\n\n\\#PsBattleForAnts", "date": "2016-01-07 01:16:56", "seriesname": "g1353_cyp2e2j", "file": "/media/jbrogan4/scratch2/Reddit_Prov_Dataset_v6/_Runners_crossing_the_finish_line/g1353_cyp2e2j.jpg", "URL": "https://i.imgur.com/zc911DA.jpg", "fileid": "g1353_cyp2e2j.jpg"}, {"id": "g1353_cyoqa9h", "comment": "[Co-directed by J J Abrams](http://i.imgur.com/bQrxCyk.jpg)", "date": "2016-01-06 19:22:10", "seriesname": "g1353_cyoqa9h", "file": "/media/jbrogan4/scratch2/Reddit_Prov_Dataset_v6/_Runners_crossing_the_finish_line/g1353_cyoqa9h.jpg", "URL": "http://i.imgur.com/bQrxCyk.jpg", "fileid": "g1353_cyoqa9h.jpg"}, {"id": "g1353_cyoextx", "comment": "[Lagat's uncle is the worst at surprises](http://i.imgur.com/KvUr6rh.png)", "date": "2016-01-06 15:02:34", "seriesname": "g1353_cyoextx", "file": "/media/jbrogan4/scratch2/Reddit_Prov_Dataset_v6/_Runners_crossing_the_finish_line/g1353_cyoextx.png", "URL": "http://i.imgur.com/KvUr6rh.png", "fileid": "g1353_cyoextx.png"}, {"id": "g1353_cyp1ani", "comment": "[LAGAT ready to rock - no wait, BAND ON THE RUN](http://i.imgur.com/WSYL59O.jpg)\nI hope it isn't too late to add one more", "date": "2016-01-07 00:35:20", "seriesname": "g1353_cyp1ani", "file": "/media/jbrogan4/scratch2/Reddit_Prov_Dataset_v6/_Runners_crossing_the_finish_line/g1353_cyp1ani.jpg", "URL": "http://i.imgur.com/WSYL59O.jpg", "fileid": "g1353_cyp1ani.jpg"}, {"id": "g1353_cyog07u", "comment": "[You're right](http://i.imgur.com/yU2k7D7.jpg)", "date": "2016-01-06 15:25:55", "seriesname": "g1353_cyog07u", "file": "/media/jbrogan4/scratch2/Reddit_Prov_Dataset_v6/_Runners_crossing_the_finish_line/g1353_cyog07u.jpg", "URL": "http://i.imgur.com/yU2k7D7.jpg", "fileid": "g1353_cyog07u.jpg"}, {"id": "g1353_cyofc6q", "comment": "http://i.imgbox.com/EhKZQw3e.png\n\nimgur also not working for me. :(", "date": "2016-01-06 15:11:25", "seriesname": "g1353_cyofc6q", "file": "/media/jbrogan4/scratch2/Reddit_Prov_Dataset_v6/_Runners_crossing_the_finish_line/g1353_cyofc6q.png", "URL": "http://i.imgbox.com/EhKZQw3e.png", "fileid": "g1353_cyofc6q.png"}, {"id": "g1353_cyojkhh", "comment": "http://imgur.com/so7gOYy\n\n\"These guys are slower than the bulls\"", "date": "2016-01-06 16:42:48", "seriesname": "g1353_cyojkhh", "file": "/media/jbrogan4/scratch2/Reddit_Prov_Dataset_v6/_Runners_crossing_the_finish_line/g1353_cyojkhh.png", "URL": "http://i.imgur.com/so7gOYy.png", "fileid": "g1353_cyojkhh.png"}, {"id": "g1353_cyozn5q", "comment": "[Here's Lagat](http://imgur.com/a/VWcG7)", "date": "2016-01-06 23:40:33", "seriesname": "g1353_cyozn5q", "file": "/media/jbrogan4/scratch2/Reddit_Prov_Dataset_v6/_Runners_crossing_the_finish_line/g1353_cyozn5q.png", "URL": "http://i.imgur.com/VWcG7.png", "fileid": "g1353_cyozn5q.png"}, {"id": "g1353_cyoavra", "comment": "[http://i.imgur.com/DzZFfMI.jpg](http://i.imgur.com/DzZFfMI.jpg)", "date": "2016-01-06 13:30:43", "seriesname": "g1353_cyoavra", "file": "/media/jbrogan4/scratch2/Reddit_Prov_Dataset_v6/_Runners_crossing_the_finish_line/g1353_cyoavra.jpg", "URL": "http://i.imgur.com/DzZFfMI.jpg](http://i.imgur.com/DzZFfMI.jpg", "fileid": "g1353_cyoavra.jpg"}, {"id": "g1353_cyo9pac", "comment": "[Let's not stop here](http://i.imgur.com/vlQ7lZF.jpg)", "date": "2016-01-06 13:04:10", "seriesname": "g1353_cyo9pac", "file": "/media/jbrogan4/scratch2/Reddit_Prov_Dataset_v6/_Runners_crossing_the_finish_line/g1353_cyo9pac.jpg", "URL": "http://i.imgur.com/vlQ7lZF.jpg", "fileid": "g1353_cyo9pac.jpg"}, {"id": "g1353_root", "comment": "", "date": "2016-01-06 10:26:18", "seriesname": "g1353_root", "file": "/media/jbrogan4/scratch2/Reddit_Prov_Dataset_v6/_Runners_crossing_the_finish_line/g1353_root.jpg", "URL": "http://i.imgur.com/CPOiByX.jpg", "fileid": "g1353_root.jpg"}, {"id": "g1353_cyo57u1", "comment": "http://i.imgur.com/RoX0Es4.png\n", "date": "2016-01-06 11:22:44", "seriesname": "g1353_cyo57u1", "file": "/media/jbrogan4/scratch2/Reddit_Prov_Dataset_v6/_Runners_crossing_the_finish_line/g1353_cyo57u1.png", "URL": "http://i.imgur.com/RoX0Es4.png", "fileid": "g1353_cyo57u1.png"}], "graph": {"name": "g1353_root"}, "directed": true}