{"links": [{"op": "none", "target": 0, "source": 47}, {"op": "none", "target": 1, "source": 32}, {"op": "none", "target": 2, "source": 47}, {"op": "none", "target": 3, "source": 47}, {"op": "none", "target": 4, "source": 47}, {"op": "none", "target": 5, "source": 47}, {"op": "none", "target": 6, "source": 47}, {"op": "none", "target": 7, "source": 6}, {"op": "none", "target": 8, "source": 47}, {"op": "none", "target": 9, "source": 47}, {"op": "none", "target": 10, "source": 5}, {"op": "none", "target": 11, "source": 47}, {"op": "none", "target": 12, "source": 47}, {"op": "none", "target": 13, "source": 47}, {"op": "none", "target": 14, "source": 47}, {"op": "none", "target": 15, "source": 47}, {"op": "none", "target": 16, "source": 47}, {"op": "none", "target": 17, "source": 47}, {"op": "none", "target": 18, "source": 47}, {"op": "none", "target": 19, "source": 37}, {"op": "none", "target": 20, "source": 47}, {"op": "none", "target": 21, "source": 47}, {"op": "none", "target": 22, "source": 47}, {"op": "none", "target": 23, "source": 47}, {"op": "none", "target": 24, "source": 47}, {"op": "none", "target": 25, "source": 47}, {"op": "none", "target": 26, "source": 4}, {"op": "none", "target": 27, "source": 47}, {"op": "none", "target": 28, "source": 47}, {"op": "none", "target": 29, "source": 47}, {"op": "none", "target": 30, "source": 23}, {"op": "none", "target": 31, "source": 44}, {"op": "none", "target": 32, "source": 47}, {"op": "none", "target": 33, "source": 6}, {"op": "none", "target": 34, "source": 47}, {"op": "none", "target": 35, "source": 47}, {"op": "none", "target": 36, "source": 47}, {"op": "none", "target": 37, "source": 47}, {"op": "none", "target": 38, "source": 47}, {"op": "none", "target": 39, "source": 32}, {"op": "none", "target": 40, "source": 47}, {"op": "none", "target": 41, "source": 47}, {"op": "none", "target": 42, "source": 47}, {"op": "none", "target": 43, "source": 47}, {"op": "none", "target": 44, "source": 47}, {"op": "none", "target": 45, "source": 47}, {"op": "none", "target": 46, "source": 47}, {"op": "none", "target": 48, "source": 47}], "title": "_Bunny_Bathed_in_Light", "nodes": [{"id": "g1354_d0rdutt", "comment": "[He's so cute i could eat him... *Nom](http://i.imgur.com/lBVNN8X.jpg)", "date": "2016-03-07 18:36:49", "seriesname": "g1354_d0rdutt", "file": "/media/jbrogan4/scratch2/Reddit_Prov_Dataset_v6/_Bunny_Bathed_in_Light/g1354_d0rdutt.jpg", "URL": "http://i.imgur.com/lBVNN8X.jpg", "fileid": "g1354_d0rdutt.jpg"}, {"id": "g1354_d0rxa2k", "comment": "[I've fixed some stuff related to copy-paste edges and lightning.](http://imgur.com/qKdkDT0)", "date": "2016-03-08 06:06:51", "seriesname": "g1354_d0rxa2k", "file": "/media/jbrogan4/scratch2/Reddit_Prov_Dataset_v6/_Bunny_Bathed_in_Light/g1354_d0rxa2k.png", "URL": "http://i.imgur.com/qKdkDT0.png", "fileid": "g1354_d0rxa2k.png"}, {"id": "g1354_d0rs2ta", "comment": "[king Arthur](http://i.imgur.com/j7aP7fd.jpg)", "date": "2016-03-08 01:07:57", "seriesname": "g1354_d0rs2ta", "file": "/media/jbrogan4/scratch2/Reddit_Prov_Dataset_v6/_Bunny_Bathed_in_Light/g1354_d0rs2ta.jpg", "URL": "http://i.imgur.com/j7aP7fd.jpg", "fileid": "g1354_d0rs2ta.jpg"}, {"id": "g1354_d0rdb11", "comment": "[Let it still be there when I open my eyes...please...!](http://i.imgur.com/stktEdE.jpg)", "date": "2016-03-07 18:23:16", "seriesname": "g1354_d0rdb11", "file": "/media/jbrogan4/scratch2/Reddit_Prov_Dataset_v6/_Bunny_Bathed_in_Light/g1354_d0rdb11.jpg", "URL": "http://i.imgur.com/stktEdE.jpg", "fileid": "g1354_d0rdb11.jpg"}, {"id": "g1354_d0rid88", "comment": "[i'll wait till your turn your back](http://i.imgur.com/ayjNLlN.jpg)", "date": "2016-03-07 20:33:02", "seriesname": "g1354_d0rid88", "file": "/media/jbrogan4/scratch2/Reddit_Prov_Dataset_v6/_Bunny_Bathed_in_Light/g1354_d0rid88.jpg", "URL": "http://i.imgur.com/ayjNLlN.jpg", "fileid": "g1354_d0rid88.jpg"}, {"id": "g1354_d0r8uis", "comment": "[Lil' Stinker](http://i.imgur.com/x00C76O.png)", "date": "2016-03-07 16:35:44", "seriesname": "g1354_d0r8uis", "file": "/media/jbrogan4/scratch2/Reddit_Prov_Dataset_v6/_Bunny_Bathed_in_Light/g1354_d0r8uis.png", "URL": "http://i.imgur.com/x00C76O.png", "fileid": "g1354_d0r8uis.png"}, {"id": "g1354_d0rjpme", "comment": "http://i.imgur.com/p79LasO.jpg", "date": "2016-03-07 21:07:52", "seriesname": "g1354_d0rjpme", "file": "/media/jbrogan4/scratch2/Reddit_Prov_Dataset_v6/_Bunny_Bathed_in_Light/g1354_d0rjpme.jpg", "URL": "http://i.imgur.com/p79LasO.jpg", "fileid": "g1354_d0rjpme.jpg"}, {"id": "g1354_d0s0les", "comment": "http://imgur.com/apOt6Ns.jpg \nPrime Minister Viktor Orb\u00e1n has joined the party.", "date": "2016-03-08 08:52:14", "seriesname": "g1354_d0s0les", "file": "/media/jbrogan4/scratch2/Reddit_Prov_Dataset_v6/_Bunny_Bathed_in_Light/g1354_d0s0les.jpg", "URL": "http://imgur.com/apOt6Ns.jpg", "fileid": "g1354_d0s0les.jpg"}, {"id": "g1354_d0rm3j6", "comment": "[Bunny Of The Apocalypse](http://i.imgur.com/xEgoTvM.jpg)", "date": "2016-03-07 22:09:14", "seriesname": "g1354_d0rm3j6", "file": "/media/jbrogan4/scratch2/Reddit_Prov_Dataset_v6/_Bunny_Bathed_in_Light/g1354_d0rm3j6.jpg", "URL": "http://i.imgur.com/xEgoTvM.jpg", "fileid": "g1354_d0rm3j6.jpg"}, {"id": "g1354_d0rib87", "comment": "[When it comes to 2 year old Thumper...Patrick, you are NOT the father!](http://i.imgur.com/IeQAGxA.jpg)", "date": "2016-03-07 20:31:36", "seriesname": "g1354_d0rib87", "file": "/media/jbrogan4/scratch2/Reddit_Prov_Dataset_v6/_Bunny_Bathed_in_Light/g1354_d0rib87.jpg", "URL": "http://i.imgur.com/IeQAGxA.jpg", "fileid": "g1354_d0rib87.jpg"}, {"id": "g1354_d0rhrdb", "comment": "[Ah, mon cheri! It is love at first sight, is it not, no?](http://i.imgur.com/6Y1feyt.jpg)", "date": "2016-03-07 20:17:15", "seriesname": "g1354_d0rhrdb", "file": "/media/jbrogan4/scratch2/Reddit_Prov_Dataset_v6/_Bunny_Bathed_in_Light/g1354_d0rhrdb.jpg", "URL": "http://i.imgur.com/6Y1feyt.jpg", "fileid": "g1354_d0rhrdb.jpg"}, {"id": "g1354_d0rgxjm", "comment": "http://i.imgur.com/pOfN5pW.jpg", "date": "2016-03-07 19:55:55", "seriesname": "g1354_d0rgxjm", "file": "/media/jbrogan4/scratch2/Reddit_Prov_Dataset_v6/_Bunny_Bathed_in_Light/g1354_d0rgxjm.jpg", "URL": "http://i.imgur.com/pOfN5pW.jpg", "fileid": "g1354_d0rgxjm.jpg"}, {"id": "g1354_d0rvufd", "comment": "[It is so cute when they giggle](http://i.imgur.com/OmGMm9S.png)", "date": "2016-03-08 04:27:14", "seriesname": "g1354_d0rvufd", "file": "/media/jbrogan4/scratch2/Reddit_Prov_Dataset_v6/_Bunny_Bathed_in_Light/g1354_d0rvufd.png", "URL": "http://i.imgur.com/OmGMm9S.png", "fileid": "g1354_d0rvufd.png"}, {"id": "g1354_d0rb1cx", "comment": "[Prey to a fox, pray in a church](http://i.imgur.com/LdTCo6R.jpg?1)", "date": "2016-03-07 17:27:29", "seriesname": "g1354_d0rb1cx", "file": "/media/jbrogan4/scratch2/Reddit_Prov_Dataset_v6/_Bunny_Bathed_in_Light/g1354_d0rb1cx.jpg", "URL": "http://i.imgur.com/LdTCo6R.jpg?1", "fileid": "g1354_d0rb1cx.jpg"}, {"id": "g1354_d0s1dnu", "comment": "[Drunk rabbit!!!](http://i.imgur.com/WuO3NR7.jpg)", "date": "2016-03-08 09:19:00", "seriesname": "g1354_d0s1dnu", "file": "/media/jbrogan4/scratch2/Reddit_Prov_Dataset_v6/_Bunny_Bathed_in_Light/g1354_d0s1dnu.jpg", "URL": "http://i.imgur.com/WuO3NR7.jpg", "fileid": "g1354_d0s1dnu.jpg"}, {"id": "g1354_d0s5igu", "comment": "[bunnyscream](http://imgur.com/HNcR2uR)", "date": "2016-03-08 11:14:21", "seriesname": "g1354_d0s5igu", "file": "/media/jbrogan4/scratch2/Reddit_Prov_Dataset_v6/_Bunny_Bathed_in_Light/g1354_d0s5igu.png", "URL": "http://i.imgur.com/HNcR2uR.png", "fileid": "g1354_d0s5igu.png"}, {"id": "g1354_d0razeq", "comment": " [lunchtime snack](http://i.imgur.com/GTHRzNV.jpg)", "date": "2016-03-07 17:26:11", "seriesname": "g1354_d0razeq", "file": "/media/jbrogan4/scratch2/Reddit_Prov_Dataset_v6/_Bunny_Bathed_in_Light/g1354_d0razeq.jpg", "URL": "http://i.imgur.com/GTHRzNV.jpg", "fileid": "g1354_d0razeq.jpg"}, {"id": "g1354_d0r6wxs", "comment": "http://imgur.com/P5fyweF\n\nBomba Bunny", "date": "2016-03-07 15:52:00", "seriesname": "g1354_d0r6wxs", "file": "/media/jbrogan4/scratch2/Reddit_Prov_Dataset_v6/_Bunny_Bathed_in_Light/g1354_d0r6wxs.png", "URL": "http://i.imgur.com/P5fyweF.png", "fileid": "g1354_d0r6wxs.png"}, {"id": "g1354_d0r915x", "comment": "[He looks like a pink nightmare!](http://i.imgur.com/O8J7t86.jpg)", "date": "2016-03-07 16:39:58", "seriesname": "g1354_d0r915x", "file": "/media/jbrogan4/scratch2/Reddit_Prov_Dataset_v6/_Bunny_Bathed_in_Light/g1354_d0r915x.jpg", "URL": "http://i.imgur.com/O8J7t86.jpg", "fileid": "g1354_d0r915x.jpg"}, {"id": "g1354_d0rinbh", "comment": "http://imgur.com/Bxn8BL2", "date": "2016-03-07 20:39:56", "seriesname": "g1354_d0rinbh", "file": "/media/jbrogan4/scratch2/Reddit_Prov_Dataset_v6/_Bunny_Bathed_in_Light/g1354_d0rinbh.png", "URL": "http://i.imgur.com/Bxn8BL2.png", "fileid": "g1354_d0rinbh.png"}, {"id": "g1354_d0ryg95", "comment": "This year, [they'll never find the eggs...!](http://i.imgur.com/xZ7HeCV.jpg)", "date": "2016-03-08 07:17:56", "seriesname": "g1354_d0ryg95", "file": "/media/jbrogan4/scratch2/Reddit_Prov_Dataset_v6/_Bunny_Bathed_in_Light/g1354_d0ryg95.jpg", "URL": "http://i.imgur.com/xZ7HeCV.jpg", "fileid": "g1354_d0ryg95.jpg"}, {"id": "g1354_d0rk2uh", "comment": "[The Daily Grind] (http://imgur.com/qLlnrhF)", "date": "2016-03-07 21:17:28", "seriesname": "g1354_d0rk2uh", "file": "/media/jbrogan4/scratch2/Reddit_Prov_Dataset_v6/_Bunny_Bathed_in_Light/g1354_d0rk2uh.png", "URL": "http://i.imgur.com/qLlnrhF.png", "fileid": "g1354_d0rk2uh.png"}, {"id": "g1354_d0rji44", "comment": "[uh oh :O](http://i.imgur.com/SJM56CK.jpg)", "date": "2016-03-07 21:02:17", "seriesname": "g1354_d0rji44", "file": "/media/jbrogan4/scratch2/Reddit_Prov_Dataset_v6/_Bunny_Bathed_in_Light/g1354_d0rji44.jpg", "URL": "http://i.imgur.com/SJM56CK.jpg", "fileid": "g1354_d0rji44.jpg"}, {"id": "g1354_d0rrfon", "comment": "[Space Bunny!](http://imgur.com/bbrYe0P) ", "date": "2016-03-08 00:46:09", "seriesname": "g1354_d0rrfon", "file": "/media/jbrogan4/scratch2/Reddit_Prov_Dataset_v6/_Bunny_Bathed_in_Light/g1354_d0rrfon.png", "URL": "http://i.imgur.com/bbrYe0P.png", "fileid": "g1354_d0rrfon.png"}, {"id": "g1354_d0rsbf7", "comment": "Hail Satan!   http://imgur.com/JxYWhJU", "date": "2016-03-08 01:17:02", "seriesname": "g1354_d0rsbf7", "file": "/media/jbrogan4/scratch2/Reddit_Prov_Dataset_v6/_Bunny_Bathed_in_Light/g1354_d0rsbf7.png", "URL": "http://i.imgur.com/JxYWhJU.png", "fileid": "g1354_d0rsbf7.png"}, {"id": "g1354_d0r997z", "comment": "[Their strained relationship is really taking its toll on their loved ones.](http://imgur.com/ANiVtUp)", "date": "2016-03-07 16:45:07", "seriesname": "g1354_d0r997z", "file": "/media/jbrogan4/scratch2/Reddit_Prov_Dataset_v6/_Bunny_Bathed_in_Light/g1354_d0r997z.png", "URL": "http://i.imgur.com/ANiVtUp.png", "fileid": "g1354_d0r997z.png"}, {"id": "g1354_d0rnttx", "comment": "Hope you don't mind. I slapped together this as a wallpaper [1920x1080](https://i.imgur.com/6P151Vm.jpg)\n\nLove what you did.", "date": "2016-03-07 22:53:22", "seriesname": "g1354_d0rnttx", "file": "/media/jbrogan4/scratch2/Reddit_Prov_Dataset_v6/_Bunny_Bathed_in_Light/g1354_d0rnttx.jpg", "URL": "https://i.imgur.com/6P151Vm.jpg", "fileid": "g1354_d0rnttx.jpg"}, {"id": "g1354_d0ricsl", "comment": "[Zootopia Cousins](http://i.imgur.com/sLbYNSW.png)", "date": "2016-03-07 20:32:43", "seriesname": "g1354_d0ricsl", "file": "/media/jbrogan4/scratch2/Reddit_Prov_Dataset_v6/_Bunny_Bathed_in_Light/g1354_d0ricsl.png", "URL": "http://i.imgur.com/sLbYNSW.png", "fileid": "g1354_d0ricsl.png"}, {"id": "g1354_d0r9t1g", "comment": "[http://i.imgur.com/NKcSgAp.jpg](http://i.imgur.com/NKcSgAp.jpg)", "date": "2016-03-07 16:57:48", "seriesname": "g1354_d0r9t1g", "file": "/media/jbrogan4/scratch2/Reddit_Prov_Dataset_v6/_Bunny_Bathed_in_Light/g1354_d0r9t1g.jpg", "URL": "http://i.imgur.com/NKcSgAp.jpg](http://i.imgur.com/NKcSgAp.jpg", "fileid": "g1354_d0r9t1g.jpg"}, {"id": "g1354_d0rq8he", "comment": "[Ok now, Breathe ](http://i.imgur.com/qhpUCP0.jpg)", "date": "2016-03-08 00:05:54", "seriesname": "g1354_d0rq8he", "file": "/media/jbrogan4/scratch2/Reddit_Prov_Dataset_v6/_Bunny_Bathed_in_Light/g1354_d0rq8he.jpg", "URL": "http://i.imgur.com/qhpUCP0.jpg", "fileid": "g1354_d0rq8he.jpg"}, {"id": "g1354_d0sfrjs", "comment": "[Here ya are!](http://imgur.com/6kqlHvU) Lost a little quality being scaled up so much, but should be fine. :) If you'd like to see more of my work, check out my [facebook](https://www.facebook.com/NASACats/) page! I post pictures like this pretty often, typically they're cats though. :)", "date": "2016-03-08 15:06:10", "seriesname": "g1354_d0sfrjs", "file": "/media/jbrogan4/scratch2/Reddit_Prov_Dataset_v6/_Bunny_Bathed_in_Light/g1354_d0sfrjs.png", "URL": "http://i.imgur.com/6kqlHvU.png", "fileid": "g1354_d0sfrjs.png"}, {"id": "g1354_d0rh9pn", "comment": "http://imgur.com/FMTiiTQ", "date": "2016-03-07 20:04:49", "seriesname": "g1354_d0rh9pn", "file": "/media/jbrogan4/scratch2/Reddit_Prov_Dataset_v6/_Bunny_Bathed_in_Light/g1354_d0rh9pn.png", "URL": "http://i.imgur.com/FMTiiTQ.png", "fileid": "g1354_d0rh9pn.png"}, {"id": "g1354_d0rbrxa", "comment": "[Bunny Blues](http://i.imgur.com/cjet4VA.jpg)", "date": "2016-03-07 17:45:17", "seriesname": "g1354_d0rbrxa", "file": "/media/jbrogan4/scratch2/Reddit_Prov_Dataset_v6/_Bunny_Bathed_in_Light/g1354_d0rbrxa.jpg", "URL": "http://i.imgur.com/cjet4VA.jpg", "fileid": "g1354_d0rbrxa.jpg"}, {"id": "g1354_d0rmz4e", "comment": "http://i.imgur.com/qx2WLyW.jpg", "date": "2016-03-07 22:31:18", "seriesname": "g1354_d0rmz4e", "file": "/media/jbrogan4/scratch2/Reddit_Prov_Dataset_v6/_Bunny_Bathed_in_Light/g1354_d0rmz4e.jpg", "URL": "http://i.imgur.com/qx2WLyW.jpg", "fileid": "g1354_d0rmz4e.jpg"}, {"id": "g1354_d0ri4hv", "comment": "[Rabite](http://i.imgur.com/EgDrdnK.jpg?1) ", "date": "2016-03-07 20:26:43", "seriesname": "g1354_d0ri4hv", "file": "/media/jbrogan4/scratch2/Reddit_Prov_Dataset_v6/_Bunny_Bathed_in_Light/g1354_d0ri4hv.jpg", "URL": "http://i.imgur.com/EgDrdnK.jpg?1", "fileid": "g1354_d0ri4hv.jpg"}, {"id": "g1354_d0rl28u", "comment": "[Watership Down should never have been marketed to children!](http://i.imgur.com/DYBdhmR.png)", "date": "2016-03-07 21:42:56", "seriesname": "g1354_d0rl28u", "file": "/media/jbrogan4/scratch2/Reddit_Prov_Dataset_v6/_Bunny_Bathed_in_Light/g1354_d0rl28u.png", "URL": "http://i.imgur.com/DYBdhmR.png", "fileid": "g1354_d0rl28u.png"}, {"id": "g1354_d0s4q8k", "comment": "[I said a hip, hop, a hippie](http://i.imgur.com/nGeq8Kp.jpg)", "date": "2016-03-08 10:54:27", "seriesname": "g1354_d0s4q8k", "file": "/media/jbrogan4/scratch2/Reddit_Prov_Dataset_v6/_Bunny_Bathed_in_Light/g1354_d0s4q8k.jpg", "URL": "http://i.imgur.com/nGeq8Kp.jpg", "fileid": "g1354_d0s4q8k.jpg"}, {"id": "g1354_d0r6whd", "comment": "[Aw yeah, that's the shit.](http://imgur.com/wewyE2S)", "date": "2016-03-07 15:51:44", "seriesname": "g1354_d0r6whd", "file": "/media/jbrogan4/scratch2/Reddit_Prov_Dataset_v6/_Bunny_Bathed_in_Light/g1354_d0r6whd.png", "URL": "http://i.imgur.com/wewyE2S.png", "fileid": "g1354_d0r6whd.png"}, {"id": "g1354_d0r85rb", "comment": "[Energized Bunny](http://imgur.com/4qGOejy)", "date": "2016-03-07 16:20:13", "seriesname": "g1354_d0r85rb", "file": "/media/jbrogan4/scratch2/Reddit_Prov_Dataset_v6/_Bunny_Bathed_in_Light/g1354_d0r85rb.png", "URL": "http://i.imgur.com/4qGOejy.png", "fileid": "g1354_d0r85rb.png"}, {"id": "g1354_d0rr6d8", "comment": "[Any way you could make this look like the rabbit version of the legendary Duke Silver?](http://imgur.com/DR8vhes)", "date": "2016-03-08 00:37:27", "seriesname": "g1354_d0rr6d8", "file": "/media/jbrogan4/scratch2/Reddit_Prov_Dataset_v6/_Bunny_Bathed_in_Light/g1354_d0rr6d8.png", "URL": "http://i.imgur.com/DR8vhes.png", "fileid": "g1354_d0rr6d8.png"}, {"id": "g1354_d0sndkt", "comment": "[First upload, sorry if it's a bit messy.](http://i.imgur.com/n65KR53.png)", "date": "2016-03-08 17:57:10", "seriesname": "g1354_d0sndkt", "file": "/media/jbrogan4/scratch2/Reddit_Prov_Dataset_v6/_Bunny_Bathed_in_Light/g1354_d0sndkt.png", "URL": "http://i.imgur.com/n65KR53.png", "fileid": "g1354_d0sndkt.png"}, {"id": "g1354_d0rmz4t", "comment": "[RUN AWAY! RUN AWAY!](http://imgur.com/yEpaLcZ)", "date": "2016-03-07 22:31:18", "seriesname": "g1354_d0rmz4t", "file": "/media/jbrogan4/scratch2/Reddit_Prov_Dataset_v6/_Bunny_Bathed_in_Light/g1354_d0rmz4t.png", "URL": "http://i.imgur.com/yEpaLcZ.png", "fileid": "g1354_d0rmz4t.png"}, {"id": "g1354_d0rfe8v", "comment": "[Magical](http://i.imgur.com/E6jbvQe.jpg)", "date": "2016-03-07 19:15:40", "seriesname": "g1354_d0rfe8v", "file": "/media/jbrogan4/scratch2/Reddit_Prov_Dataset_v6/_Bunny_Bathed_in_Light/g1354_d0rfe8v.jpg", "URL": "http://i.imgur.com/E6jbvQe.jpg", "fileid": "g1354_d0rfe8v.jpg"}, {"id": "g1354_d0rf27b", "comment": "[Ninja like predator avoidance skills](http://i.imgur.com/S4XrXFs.jpg)", "date": "2016-03-07 19:07:01", "seriesname": "g1354_d0rf27b", "file": "/media/jbrogan4/scratch2/Reddit_Prov_Dataset_v6/_Bunny_Bathed_in_Light/g1354_d0rf27b.jpg", "URL": "http://i.imgur.com/S4XrXFs.jpg", "fileid": "g1354_d0rf27b.jpg"}, {"id": "g1354_d0r6eeh", "comment": "[the cutest antichrist](http://i.imgur.com/WUwJxv7.jpg)", "date": "2016-03-07 15:40:35", "seriesname": "g1354_d0r6eeh", "file": "/media/jbrogan4/scratch2/Reddit_Prov_Dataset_v6/_Bunny_Bathed_in_Light/g1354_d0r6eeh.jpg", "URL": "http://i.imgur.com/WUwJxv7.jpg", "fileid": "g1354_d0r6eeh.jpg"}, {"id": "g1354_d0sh1e4", "comment": "[The skin I am in.](http://i.imgur.com/g64ACcQ.jpg)", "date": "2016-03-08 15:33:55", "seriesname": "g1354_d0sh1e4", "file": "/media/jbrogan4/scratch2/Reddit_Prov_Dataset_v6/_Bunny_Bathed_in_Light/g1354_d0sh1e4.jpg", "URL": "http://i.imgur.com/g64ACcQ.jpg", "fileid": "g1354_d0sh1e4.jpg"}, {"id": "g1354_d0rvec7", "comment": "[Back in my day we worked for our own carrots](http://i.imgur.com/u5PLUfj.jpg)", "date": "2016-03-08 03:57:51", "seriesname": "g1354_d0rvec7", "file": "/media/jbrogan4/scratch2/Reddit_Prov_Dataset_v6/_Bunny_Bathed_in_Light/g1354_d0rvec7.jpg", "URL": "http://i.imgur.com/u5PLUfj.jpg", "fileid": "g1354_d0rvec7.jpg"}, {"id": "g1354_root", "comment": "", "date": "2016-03-07 15:07:00", "seriesname": "g1354_root", "file": "/media/jbrogan4/scratch2/Reddit_Prov_Dataset_v6/_Bunny_Bathed_in_Light/g1354_root.jpg", "URL": "http://i.imgur.com/sqd3ElP.jpg", "fileid": "g1354_root.jpg"}, {"id": "g1354_d0rew62", "comment": "[RedBull Bunny](http://i.imgur.com/Y53aTLt.png)", "date": "2016-03-07 19:02:46", "seriesname": "g1354_d0rew62", "file": "/media/jbrogan4/scratch2/Reddit_Prov_Dataset_v6/_Bunny_Bathed_in_Light/g1354_d0rew62.png", "URL": "http://i.imgur.com/Y53aTLt.png", "fileid": "g1354_d0rew62.png"}], "graph": {"name": "g1354_root"}, "directed": true}