{"links": [{"op": "none", "target": 0, "source": 54}, {"op": "none", "target": 1, "source": 54}, {"op": "none", "target": 2, "source": 46}, {"op": "none", "target": 3, "source": 54}, {"op": "none", "target": 4, "source": 54}, {"op": "none", "target": 5, "source": 54}, {"op": "none", "target": 6, "source": 54}, {"op": "none", "target": 7, "source": 46}, {"op": "none", "target": 8, "source": 43}, {"op": "none", "target": 9, "source": 54}, {"op": "none", "target": 10, "source": 7}, {"op": "none", "target": 11, "source": 54}, {"op": "none", "target": 12, "source": 10}, {"op": "none", "target": 13, "source": 54}, {"op": "none", "target": 14, "source": 54}, {"op": "none", "target": 15, "source": 54}, {"op": "none", "target": 16, "source": 54}, {"op": "none", "target": 17, "source": 54}, {"op": "none", "target": 18, "source": 54}, {"op": "none", "target": 19, "source": 45}, {"op": "none", "target": 20, "source": 54}, {"op": "none", "target": 21, "source": 54}, {"op": "none", "target": 22, "source": 54}, {"op": "none", "target": 23, "source": 54}, {"op": "none", "target": 24, "source": 32}, {"op": "none", "target": 25, "source": 54}, {"op": "none", "target": 26, "source": 54}, {"op": "none", "target": 27, "source": 54}, {"op": "none", "target": 28, "source": 32}, {"op": "none", "target": 29, "source": 54}, {"op": "none", "target": 30, "source": 54}, {"op": "none", "target": 31, "source": 54}, {"op": "none", "target": 32, "source": 54}, {"op": "none", "target": 33, "source": 46}, {"op": "none", "target": 34, "source": 54}, {"op": "none", "target": 35, "source": 54}, {"op": "none", "target": 36, "source": 54}, {"op": "none", "target": 37, "source": 42}, {"op": "none", "target": 38, "source": 54}, {"op": "none", "target": 39, "source": 54}, {"op": "none", "target": 40, "source": 54}, {"op": "none", "target": 41, "source": 20}, {"op": "none", "target": 42, "source": 54}, {"op": "none", "target": 43, "source": 54}, {"op": "none", "target": 44, "source": 46}, {"op": "none", "target": 45, "source": 54}, {"op": "none", "target": 46, "source": 54}, {"op": "none", "target": 47, "source": 54}, {"op": "none", "target": 48, "source": 54}, {"op": "none", "target": 49, "source": 54}, {"op": "none", "target": 50, "source": 54}, {"op": "none", "target": 51, "source": 54}, {"op": "none", "target": 52, "source": 54}, {"op": "none", "target": 53, "source": 54}, {"op": "none", "target": 55, "source": 54}, {"op": "none", "target": 56, "source": 54}, {"op": "none", "target": 57, "source": 7}], "title": "_Happy_dude_with_his_grumpy_pug", "nodes": [{"id": "g1350_d00xxak", "comment": "http://i.imgur.com/oG6A9Tf.gif", "date": "2016-02-15 14:07:53", "seriesname": "g1350_d00xxak", "file": "/media/jbrogan4/scratch2/Reddit_Prov_Dataset_v6/_Happy_dude_with_his_grumpy_pug/g1350_d00xxak.jpg", "URL": "http://i.imgur.com/oG6A9Tf.gif", "fileid": "g1350_d00xxak.gif"}, {"id": "g1350_d013h9e", "comment": "The top 1/10 of 1% of pugs do not like photos.\n\nhttp://imgur.com/HzVo8Bd", "date": "2016-02-15 16:20:59", "seriesname": "g1350_d013h9e", "file": "/media/jbrogan4/scratch2/Reddit_Prov_Dataset_v6/_Happy_dude_with_his_grumpy_pug/g1350_d013h9e.png", "URL": "http://i.imgur.com/HzVo8Bd.png", "fileid": "g1350_d013h9e.png"}, {"id": "g1350_d01aki3", "comment": "Half way swapped looks nice too: [Imgur](http://i.imgur.com/f5jxzcD.jpg)", "date": "2016-02-15 19:23:05", "seriesname": "g1350_d01aki3", "file": "/media/jbrogan4/scratch2/Reddit_Prov_Dataset_v6/_Happy_dude_with_his_grumpy_pug/g1350_d01aki3.jpg", "URL": "http://i.imgur.com/f5jxzcD.jpg", "fileid": "g1350_d01aki3.jpg"}, {"id": "g1350_d01acgd", "comment": "[Pug Life](http://i.imgur.com/hLR1TON.jpg)", "date": "2016-02-15 19:17:01", "seriesname": "g1350_d01acgd", "file": "/media/jbrogan4/scratch2/Reddit_Prov_Dataset_v6/_Happy_dude_with_his_grumpy_pug/g1350_d01acgd.jpg", "URL": "http://i.imgur.com/hLR1TON.jpg", "fileid": "g1350_d01acgd.jpg"}, {"id": "g1350_d013mgo", "comment": "[Hi Bros!](http://imgur.com/z5nZwta)", "date": "2016-02-15 16:24:34", "seriesname": "g1350_d013mgo", "file": "/media/jbrogan4/scratch2/Reddit_Prov_Dataset_v6/_Happy_dude_with_his_grumpy_pug/g1350_d013mgo.png", "URL": "http://i.imgur.com/z5nZwta.png", "fileid": "g1350_d013mgo.png"}, {"id": "g1350_d01xmwh", "comment": "Golden puggle http://imgur.com/7BkdOVf", "date": "2016-02-16 10:10:43", "seriesname": "g1350_d01xmwh", "file": "/media/jbrogan4/scratch2/Reddit_Prov_Dataset_v6/_Happy_dude_with_his_grumpy_pug/g1350_d01xmwh.png", "URL": "http://i.imgur.com/7BkdOVf.png", "fileid": "g1350_d01xmwh.png"}, {"id": "g1350_d012dp2", "comment": "[Does that dog have diabetes?](http://i.imgur.com/iLAcJcV.jpg)\n\n*Fur adjustment", "date": "2016-02-15 15:54:26", "seriesname": "g1350_d012dp2", "file": "/media/jbrogan4/scratch2/Reddit_Prov_Dataset_v6/_Happy_dude_with_his_grumpy_pug/g1350_d012dp2.jpg", "URL": "http://i.imgur.com/iLAcJcV.jpg", "fileid": "g1350_d012dp2.jpg"}, {"id": "g1350_d00rjvd", "comment": "[I took a slightly different tack](http://i.imgur.com/BoKPajw.jpg)\n\nI love how dismissive the hand wave becomes", "date": "2016-02-15 11:32:48", "seriesname": "g1350_d00rjvd", "file": "/media/jbrogan4/scratch2/Reddit_Prov_Dataset_v6/_Happy_dude_with_his_grumpy_pug/g1350_d00rjvd.jpg", "URL": "http://i.imgur.com/BoKPajw.jpg", "fileid": "g1350_d00rjvd.jpg"}, {"id": "g1350_d00u8f9", "comment": "FTFY: http://i.imgur.com/dkz1iLN.png", "date": "2016-02-15 12:39:47", "seriesname": "g1350_d00u8f9", "file": "/media/jbrogan4/scratch2/Reddit_Prov_Dataset_v6/_Happy_dude_with_his_grumpy_pug/g1350_d00u8f9.png", "URL": "http://i.imgur.com/dkz1iLN.png", "fileid": "g1350_d00u8f9.png"}, {"id": "g1350_d010vzb", "comment": "[Freaky Friday](http://imgur.com/P1st1Qz.jpg)", "date": "2016-02-15 15:19:01", "seriesname": "g1350_d010vzb", "file": "/media/jbrogan4/scratch2/Reddit_Prov_Dataset_v6/_Happy_dude_with_his_grumpy_pug/g1350_d010vzb.jpg", "URL": "http://imgur.com/P1st1Qz.jpg", "fileid": "g1350_d010vzb.jpg"}, {"id": "g1350_d00ui4f", "comment": "http://i.imgur.com/VkNoUwY.jpg", "date": "2016-02-15 12:46:11", "seriesname": "g1350_d00ui4f", "file": "/media/jbrogan4/scratch2/Reddit_Prov_Dataset_v6/_Happy_dude_with_his_grumpy_pug/g1350_d00ui4f.jpg", "URL": "http://i.imgur.com/VkNoUwY.jpg", "fileid": "g1350_d00ui4f.jpg"}, {"id": "g1350_d00s7jc", "comment": "[Irresponsible feeding](http://imgur.com/T6wDI4m)", "date": "2016-02-15 11:49:41", "seriesname": "g1350_d00s7jc", "file": "/media/jbrogan4/scratch2/Reddit_Prov_Dataset_v6/_Happy_dude_with_his_grumpy_pug/g1350_d00s7jc.png", "URL": "http://i.imgur.com/T6wDI4m.png", "fileid": "g1350_d00s7jc.png"}, {"id": "g1350_d00z5pa", "comment": "[instead of dismissive, i thought i'd go more friendly](http://imgur.com/Lh8NEcR)", "date": "2016-02-15 14:37:12", "seriesname": "g1350_d00z5pa", "file": "/media/jbrogan4/scratch2/Reddit_Prov_Dataset_v6/_Happy_dude_with_his_grumpy_pug/g1350_d00z5pa.png", "URL": "http://i.imgur.com/Lh8NEcR.png", "fileid": "g1350_d00z5pa.png"}, {"id": "g1350_d00xkr9", "comment": "[When you don't have ps installed on your laptop and can't do much with paint...](http://imgur.com/O6sMApS)", "date": "2016-02-15 13:59:39", "seriesname": "g1350_d00xkr9", "file": "/media/jbrogan4/scratch2/Reddit_Prov_Dataset_v6/_Happy_dude_with_his_grumpy_pug/g1350_d00xkr9.png", "URL": "http://i.imgur.com/O6sMApS.png", "fileid": "g1350_d00xkr9.png"}, {"id": "g1350_d01aim6", "comment": "[\"Kevin can we go home? I dont know anyone here.\" Oh come on Gerald I'm having fun!\"](http://imgur.com/eDdRHgH)", "date": "2016-02-15 19:21:39", "seriesname": "g1350_d01aim6", "file": "/media/jbrogan4/scratch2/Reddit_Prov_Dataset_v6/_Happy_dude_with_his_grumpy_pug/g1350_d01aim6.png", "URL": "http://i.imgur.com/eDdRHgH.png", "fileid": "g1350_d01aim6.png"}, {"id": "g1350_d00tvk1", "comment": "[Come on, wave to the crowd darling!](http://i.imgur.com/JzjWbzo.jpg)", "date": "2016-02-15 12:31:08", "seriesname": "g1350_d00tvk1", "file": "/media/jbrogan4/scratch2/Reddit_Prov_Dataset_v6/_Happy_dude_with_his_grumpy_pug/g1350_d00tvk1.jpg", "URL": "http://i.imgur.com/JzjWbzo.jpg", "fileid": "g1350_d00tvk1.jpg"}, {"id": "g1350_d00us4r", "comment": "[I don't usually like these, but this time I couldn't resist](http://i.imgur.com/rRv9wPe.png)", "date": "2016-02-15 12:52:51", "seriesname": "g1350_d00us4r", "file": "/media/jbrogan4/scratch2/Reddit_Prov_Dataset_v6/_Happy_dude_with_his_grumpy_pug/g1350_d00us4r.png", "URL": "http://i.imgur.com/rRv9wPe.png", "fileid": "g1350_d00us4r.png"}, {"id": "g1350_d01xxhx", "comment": "[mandog/dogman](http://i.imgur.com/FpcOsvk.png?1)", "date": "2016-02-16 10:19:08", "seriesname": "g1350_d01xxhx", "file": "/media/jbrogan4/scratch2/Reddit_Prov_Dataset_v6/_Happy_dude_with_his_grumpy_pug/g1350_d01xxhx.png", "URL": "http://i.imgur.com/FpcOsvk.png?1", "fileid": "g1350_d01xxhx.png"}, {"id": "g1350_d01330m", "comment": "[Find God's Match For You](http://imgur.com/LzaSxdl)", "date": "2016-02-15 16:11:24", "seriesname": "g1350_d01330m", "file": "/media/jbrogan4/scratch2/Reddit_Prov_Dataset_v6/_Happy_dude_with_his_grumpy_pug/g1350_d01330m.png", "URL": "http://i.imgur.com/LzaSxdl.png", "fileid": "g1350_d01330m.png"}, {"id": "g1350_d01cf58", "comment": "[Have an up-vote caterpillar... ](http://imgur.com/Z5SjSLF)", "date": "2016-02-15 20:12:40", "seriesname": "g1350_d01cf58", "file": "/media/jbrogan4/scratch2/Reddit_Prov_Dataset_v6/_Happy_dude_with_his_grumpy_pug/g1350_d01cf58.png", "URL": "http://i.imgur.com/Z5SjSLF.png", "fileid": "g1350_d01cf58.png"}, {"id": "g1350_d00sfl7", "comment": "http://i.imgur.com/hzQlNaW.png", "date": "2016-02-15 11:55:14", "seriesname": "g1350_d00sfl7", "file": "/media/jbrogan4/scratch2/Reddit_Prov_Dataset_v6/_Happy_dude_with_his_grumpy_pug/g1350_d00sfl7.png", "URL": "http://i.imgur.com/hzQlNaW.png", "fileid": "g1350_d00sfl7.png"}, {"id": "g1350_d00s6sx", "comment": "http://i.imgur.com/5ZObdmT.jpg", "date": "2016-02-15 11:49:11", "seriesname": "g1350_d00s6sx", "file": "/media/jbrogan4/scratch2/Reddit_Prov_Dataset_v6/_Happy_dude_with_his_grumpy_pug/g1350_d00s6sx.jpg", "URL": "http://i.imgur.com/5ZObdmT.jpg", "fileid": "g1350_d00s6sx.jpg"}, {"id": "g1350_d00sjls", "comment": "[I can show you the world!](http://imgur.com/Yy8v7Fz)", "date": "2016-02-15 11:57:58", "seriesname": "g1350_d00sjls", "file": "/media/jbrogan4/scratch2/Reddit_Prov_Dataset_v6/_Happy_dude_with_his_grumpy_pug/g1350_d00sjls.png", "URL": "http://i.imgur.com/Yy8v7Fz.png", "fileid": "g1350_d00sjls.png"}, {"id": "g1350_d00w9pj", "comment": "[What are we gonna do tonight, Brain?](http://i.imgur.com/k8wFmBf.jpg)", "date": "2016-02-15 13:28:48", "seriesname": "g1350_d00w9pj", "file": "/media/jbrogan4/scratch2/Reddit_Prov_Dataset_v6/_Happy_dude_with_his_grumpy_pug/g1350_d00w9pj.jpg", "URL": "http://i.imgur.com/k8wFmBf.jpg", "fileid": "g1350_d00w9pj.jpg"}, {"id": "g1350_d01fp5m", "comment": "Here you go: \n\n[a bit darker version](http://i.imgur.com/le6U3iV.png)", "date": "2016-02-15 21:38:15", "seriesname": "g1350_d01fp5m", "file": "/media/jbrogan4/scratch2/Reddit_Prov_Dataset_v6/_Happy_dude_with_his_grumpy_pug/g1350_d01fp5m.png", "URL": "http://i.imgur.com/le6U3iV.png", "fileid": "g1350_d01fp5m.png"}, {"id": "g1350_d00vgy9", "comment": "[They say you and your pet look alike after a while...](http://i.imgur.com/mmA3GZR.jpg)", "date": "2016-02-15 13:09:29", "seriesname": "g1350_d00vgy9", "file": "/media/jbrogan4/scratch2/Reddit_Prov_Dataset_v6/_Happy_dude_with_his_grumpy_pug/g1350_d00vgy9.jpg", "URL": "http://i.imgur.com/mmA3GZR.jpg", "fileid": "g1350_d00vgy9.jpg"}, {"id": "g1350_d00tj5a", "comment": "&gt;Instagram filter\n\nClearly makes great decisions,\n\n[this will be his next.](http://i.imgur.com/FJnfrlz.png)", "date": "2016-02-15 12:22:40", "seriesname": "g1350_d00tj5a", "file": "/media/jbrogan4/scratch2/Reddit_Prov_Dataset_v6/_Happy_dude_with_his_grumpy_pug/g1350_d00tj5a.png", "URL": "http://i.imgur.com/FJnfrlz.png", "fileid": "g1350_d00tj5a.png"}, {"id": "g1350_d00xswr", "comment": "[Happy dude with his ~~pug~~ plug](http://i.imgur.com/kOZNL0P.jpg) ", "date": "2016-02-15 14:04:58", "seriesname": "g1350_d00xswr", "file": "/media/jbrogan4/scratch2/Reddit_Prov_Dataset_v6/_Happy_dude_with_his_grumpy_pug/g1350_d00xswr.jpg", "URL": "http://i.imgur.com/kOZNL0P.jpg", "fileid": "g1350_d00xswr.jpg"}, {"id": "g1350_d01ot4z", "comment": "[Done](http://i.imgur.com/djpIB77.png) ", "date": "2016-02-16 02:44:01", "seriesname": "g1350_d01ot4z", "file": "/media/jbrogan4/scratch2/Reddit_Prov_Dataset_v6/_Happy_dude_with_his_grumpy_pug/g1350_d01ot4z.png", "URL": "http://i.imgur.com/djpIB77.png", "fileid": "g1350_d01ot4z.png"}, {"id": "g1350_d00uw3m", "comment": "[topical](http://i.imgur.com/Rrpen7d.png)", "date": "2016-02-15 12:55:31", "seriesname": "g1350_d00uw3m", "file": "/media/jbrogan4/scratch2/Reddit_Prov_Dataset_v6/_Happy_dude_with_his_grumpy_pug/g1350_d00uw3m.png", "URL": "http://i.imgur.com/Rrpen7d.png", "fileid": "g1350_d00uw3m.png"}, {"id": "g1350_d018ic3", "comment": "[Pie Face](http://i.imgur.com/AkXhvYX.jpg)", "date": "2016-02-15 18:27:55", "seriesname": "g1350_d018ic3", "file": "/media/jbrogan4/scratch2/Reddit_Prov_Dataset_v6/_Happy_dude_with_his_grumpy_pug/g1350_d018ic3.jpg", "URL": "http://i.imgur.com/AkXhvYX.jpg", "fileid": "g1350_d018ic3.jpg"}, {"id": "g1350_d00rcy2", "comment": "[Steve Harvey does it again!](http://i.imgur.com/t2zRiYa.jpg)", "date": "2016-02-15 11:27:49", "seriesname": "g1350_d00rcy2", "file": "/media/jbrogan4/scratch2/Reddit_Prov_Dataset_v6/_Happy_dude_with_his_grumpy_pug/g1350_d00rcy2.jpg", "URL": "http://i.imgur.com/t2zRiYa.jpg", "fileid": "g1350_d00rcy2.jpg"}, {"id": "g1350_d00ue4x", "comment": "Edit:\n\n[Thug Life](http://i.imgur.com/le6U3iV.png)", "date": "2016-02-15 12:43:35", "seriesname": "g1350_d00ue4x", "file": "/media/jbrogan4/scratch2/Reddit_Prov_Dataset_v6/_Happy_dude_with_his_grumpy_pug/g1350_d00ue4x.png", "URL": "http://i.imgur.com/le6U3iV.png", "fileid": "g1350_d00ue4x.png"}, {"id": "g1350_d010rp8", "comment": "http://i.imgur.com/2Rkv8iF.jpg", "date": "2016-02-15 15:16:11", "seriesname": "g1350_d010rp8", "file": "/media/jbrogan4/scratch2/Reddit_Prov_Dataset_v6/_Happy_dude_with_his_grumpy_pug/g1350_d010rp8.jpg", "URL": "http://i.imgur.com/2Rkv8iF.jpg", "fileid": "g1350_d010rp8.jpg"}, {"id": "g1350_d01a3u4", "comment": "[He should have won the dunk contest](http://imgur.com/7680KNB)", "date": "2016-02-15 19:10:32", "seriesname": "g1350_d01a3u4", "file": "/media/jbrogan4/scratch2/Reddit_Prov_Dataset_v6/_Happy_dude_with_his_grumpy_pug/g1350_d01a3u4.png", "URL": "http://i.imgur.com/7680KNB.png", "fileid": "g1350_d01a3u4.png"}, {"id": "g1350_d01or6l", "comment": "[Ay gurlllll!](http://i.imgur.com/16299Lh.jpg)", "date": "2016-02-16 02:41:12", "seriesname": "g1350_d01or6l", "file": "/media/jbrogan4/scratch2/Reddit_Prov_Dataset_v6/_Happy_dude_with_his_grumpy_pug/g1350_d01or6l.jpg", "URL": "http://i.imgur.com/16299Lh.jpg", "fileid": "g1350_d01or6l.jpg"}, {"id": "g1350_d00wl8z", "comment": "http://i.imgur.com/xqJxQ6z.jpg", "date": "2016-02-15 13:36:25", "seriesname": "g1350_d00wl8z", "file": "/media/jbrogan4/scratch2/Reddit_Prov_Dataset_v6/_Happy_dude_with_his_grumpy_pug/g1350_d00wl8z.jpg", "URL": "http://i.imgur.com/xqJxQ6z.jpg", "fileid": "g1350_d00wl8z.jpg"}, {"id": "g1350_d00ywz7", "comment": "Not the OP, but something like [this?](http://i.imgur.com/nKkWlFk.png)", "date": "2016-02-15 14:31:22", "seriesname": "g1350_d00ywz7", "file": "/media/jbrogan4/scratch2/Reddit_Prov_Dataset_v6/_Happy_dude_with_his_grumpy_pug/g1350_d00ywz7.png", "URL": "http://i.imgur.com/nKkWlFk.png", "fileid": "g1350_d00ywz7.png"}, {"id": "g1350_d00ydvj", "comment": "Where will you be, when your ear turns into a vagina?\n\n\nhttp://imgur.com/WpX3s3L\n\n", "date": "2016-02-15 14:18:44", "seriesname": "g1350_d00ydvj", "file": "/media/jbrogan4/scratch2/Reddit_Prov_Dataset_v6/_Happy_dude_with_his_grumpy_pug/g1350_d00ydvj.png", "URL": "http://i.imgur.com/WpX3s3L.png", "fileid": "g1350_d00ydvj.png"}, {"id": "g1350_d01r80j", "comment": "[Woof](http://i.imgur.com/RiOd8tr.jpg)", "date": "2016-02-16 05:15:26", "seriesname": "g1350_d01r80j", "file": "/media/jbrogan4/scratch2/Reddit_Prov_Dataset_v6/_Happy_dude_with_his_grumpy_pug/g1350_d01r80j.jpg", "URL": "http://i.imgur.com/RiOd8tr.jpg", "fileid": "g1350_d01r80j.jpg"}, {"id": "g1350_d015rcb", "comment": "When you've got a dog like this you ain't happy.\n\n[ LOL WUT?](http://i.imgur.com/v71HeKz.jpg)", "date": "2016-02-15 17:17:15", "seriesname": "g1350_d015rcb", "file": "/media/jbrogan4/scratch2/Reddit_Prov_Dataset_v6/_Happy_dude_with_his_grumpy_pug/g1350_d015rcb.jpg", "URL": "http://i.imgur.com/v71HeKz.jpg", "fileid": "g1350_d015rcb.jpg"}, {"id": "g1350_d00tyxd", "comment": "[can I haz cookiez now?](http://i.imgur.com/NOkyPl8.png)", "date": "2016-02-15 12:33:25", "seriesname": "g1350_d00tyxd", "file": "/media/jbrogan4/scratch2/Reddit_Prov_Dataset_v6/_Happy_dude_with_his_grumpy_pug/g1350_d00tyxd.png", "URL": "http://i.imgur.com/NOkyPl8.png", "fileid": "g1350_d00tyxd.png"}, {"id": "g1350_d00tk5p", "comment": "\"No dogs in my car.\"\n\n[*\"LOL okay!\"*](http://i.imgur.com/s1ZKMZv.jpg)", "date": "2016-02-15 12:23:22", "seriesname": "g1350_d00tk5p", "file": "/media/jbrogan4/scratch2/Reddit_Prov_Dataset_v6/_Happy_dude_with_his_grumpy_pug/g1350_d00tk5p.jpg", "URL": "http://i.imgur.com/s1ZKMZv.jpg", "fileid": "g1350_d00tk5p.jpg"}, {"id": "g1350_d00t4wk", "comment": "Don't ever let go\n\nhttp://imgur.com/5jSxVyD", "date": "2016-02-15 12:12:54", "seriesname": "g1350_d00t4wk", "file": "/media/jbrogan4/scratch2/Reddit_Prov_Dataset_v6/_Happy_dude_with_his_grumpy_pug/g1350_d00t4wk.png", "URL": "http://i.imgur.com/5jSxVyD.png", "fileid": "g1350_d00t4wk.png"}, {"id": "g1350_d00qyan", "comment": "[Almost made it in time](http://i.imgur.com/DGv5Ngh.jpg)", "date": "2016-02-15 11:17:16", "seriesname": "g1350_d00qyan", "file": "/media/jbrogan4/scratch2/Reddit_Prov_Dataset_v6/_Happy_dude_with_his_grumpy_pug/g1350_d00qyan.jpg", "URL": "http://i.imgur.com/DGv5Ngh.jpg", "fileid": "g1350_d00qyan.jpg"}, {"id": "g1350_d00tb76", "comment": "[not a rescue dog](http://i.imgur.com/Rk1olIi.jpg)", "date": "2016-02-15 12:17:16", "seriesname": "g1350_d00tb76", "file": "/media/jbrogan4/scratch2/Reddit_Prov_Dataset_v6/_Happy_dude_with_his_grumpy_pug/g1350_d00tb76.jpg", "URL": "http://i.imgur.com/Rk1olIi.jpg", "fileid": "g1350_d00tb76.jpg"}, {"id": "g1350_d00qmlf", "comment": "[It had to be done](http://i.imgur.com/GVtH2vJ.jpg)", "date": "2016-02-15 11:08:37", "seriesname": "g1350_d00qmlf", "file": "/media/jbrogan4/scratch2/Reddit_Prov_Dataset_v6/_Happy_dude_with_his_grumpy_pug/g1350_d00qmlf.jpg", "URL": "http://i.imgur.com/GVtH2vJ.jpg", "fileid": "g1350_d00qmlf.jpg"}, {"id": "g1350_d01as8s", "comment": "[Happy dude with his TRUMPy Pug.](http://i.imgur.com/xCkdaSo.jpg)\n\n[Source](https://www.reddit.com/r/pics/comments/448qlk/i_photoshopped_donald_trumps_face_onto_paula_deen/czojyb4) from /u/emeryz.", "date": "2016-02-15 19:28:51", "seriesname": "g1350_d01as8s", "file": "/media/jbrogan4/scratch2/Reddit_Prov_Dataset_v6/_Happy_dude_with_his_grumpy_pug/g1350_d01as8s.jpg", "URL": "http://i.imgur.com/xCkdaSo.jpg", "fileid": "g1350_d01as8s.jpg"}, {"id": "g1350_d00ovkj", "comment": "[Hooman, They Said I Wasn't Tall Enough!](http://i.imgur.com/5pRMYDj.jpg)", "date": "2016-02-15 10:20:06", "seriesname": "g1350_d00ovkj", "file": "/media/jbrogan4/scratch2/Reddit_Prov_Dataset_v6/_Happy_dude_with_his_grumpy_pug/g1350_d00ovkj.jpg", "URL": "http://i.imgur.com/5pRMYDj.jpg", "fileid": "g1350_d00ovkj.jpg"}, {"id": "g1350_d00xnoc", "comment": "This is my first try at one of these battles but so [here](http://i.imgur.com/jQ8kge7.png) ya go.", "date": "2016-02-15 14:01:34", "seriesname": "g1350_d00xnoc", "file": "/media/jbrogan4/scratch2/Reddit_Prov_Dataset_v6/_Happy_dude_with_his_grumpy_pug/g1350_d00xnoc.png", "URL": "http://i.imgur.com/jQ8kge7.png", "fileid": "g1350_d00xnoc.png"}, {"id": "g1350_d00rbsd", "comment": "Edit: **SPOILER ALERT** Walking Dead last night's episode\n\n[who's laughing now, bitch?](http://i.imgur.com/aKYtmZR.jpg)\n\n", "date": "2016-02-15 11:26:58", "seriesname": "g1350_d00rbsd", "file": "/media/jbrogan4/scratch2/Reddit_Prov_Dataset_v6/_Happy_dude_with_his_grumpy_pug/g1350_d00rbsd.jpg", "URL": "http://i.imgur.com/aKYtmZR.jpg", "fileid": "g1350_d00rbsd.jpg"}, {"id": "g1350_d012p8s", "comment": "Hello\n\nhttp://imgur.com/Ac5mUdG", "date": "2016-02-15 16:02:01", "seriesname": "g1350_d012p8s", "file": "/media/jbrogan4/scratch2/Reddit_Prov_Dataset_v6/_Happy_dude_with_his_grumpy_pug/g1350_d012p8s.png", "URL": "http://i.imgur.com/Ac5mUdG.png", "fileid": "g1350_d012p8s.png"}, {"id": "g1350_d013fdd", "comment": "An earlier PS battle inspired me\nhttp://i.imgur.com/7lyWmxp.jpg\nI couldn't decide between the two, so I did a role reversal\nhttp://i.imgur.com/lwfxXMG.jpg", "date": "2016-02-15 16:19:41", "seriesname": "g1350_d013fdd", "file": "/media/jbrogan4/scratch2/Reddit_Prov_Dataset_v6/_Happy_dude_with_his_grumpy_pug/g1350_d013fdd.jpg", "URL": "http://i.imgur.com/lwfxXMG.jpg", "fileid": "g1350_d013fdd.jpg"}, {"id": "g1350_d00tqhv", "comment": "[Pugley Cooper](http://i.imgur.com/i6dJFS0.png)", "date": "2016-02-15 12:27:41", "seriesname": "g1350_d00tqhv", "file": "/media/jbrogan4/scratch2/Reddit_Prov_Dataset_v6/_Happy_dude_with_his_grumpy_pug/g1350_d00tqhv.png", "URL": "http://i.imgur.com/i6dJFS0.png", "fileid": "g1350_d00tqhv.png"}, {"id": "g1350_root", "comment": "", "date": "2016-02-15 08:27:52", "seriesname": "g1350_root", "file": "/media/jbrogan4/scratch2/Reddit_Prov_Dataset_v6/_Happy_dude_with_his_grumpy_pug/g1350_root.jpg", "URL": "http://i.imgur.com/wxyYDXI.jpg", "fileid": "g1350_root.jpg"}, {"id": "g1350_d00wl36", "comment": "[Come on grab your friends  \nwe'll go to very distant lands](http://i.imgur.com/J1lYbjg.jpg)", "date": "2016-02-15 13:36:18", "seriesname": "g1350_d00wl36", "file": "/media/jbrogan4/scratch2/Reddit_Prov_Dataset_v6/_Happy_dude_with_his_grumpy_pug/g1350_d00wl36.jpg", "URL": "http://i.imgur.com/J1lYbjg.jpg", "fileid": "g1350_d00wl36.jpg"}, {"id": "g1350_d00rxal", "comment": "HAHA, MY FARTS SMELL SO BAD! \nhttp://i.imgur.com/4nQzBoe.png", "date": "2016-02-15 11:42:30", "seriesname": "g1350_d00rxal", "file": "/media/jbrogan4/scratch2/Reddit_Prov_Dataset_v6/_Happy_dude_with_his_grumpy_pug/g1350_d00rxal.png", "URL": "http://i.imgur.com/4nQzBoe.png", "fileid": "g1350_d00rxal.png"}, {"id": "g1350_d00v2jb", "comment": "First time doing a swap http://i.imgur.com/LwuAU0Y.jpg", "date": "2016-02-15 12:59:48", "seriesname": "g1350_d00v2jb", "file": "/media/jbrogan4/scratch2/Reddit_Prov_Dataset_v6/_Happy_dude_with_his_grumpy_pug/g1350_d00v2jb.jpg", "URL": "http://i.imgur.com/LwuAU0Y.jpg", "fileid": "g1350_d00v2jb.jpg"}], "graph": {"name": "g1350_root"}, "directed": true}