{"links": [{"op": "none", "target": 0, "source": 46}, {"op": "none", "target": 1, "source": 4}, {"op": "none", "target": 2, "source": 46}, {"op": "none", "target": 3, "source": 46}, {"op": "none", "target": 4, "source": 46}, {"op": "none", "target": 5, "source": 46}, {"op": "none", "target": 6, "source": 46}, {"op": "none", "target": 7, "source": 46}, {"op": "none", "target": 8, "source": 46}, {"op": "none", "target": 9, "source": 46}, {"op": "none", "target": 10, "source": 46}, {"op": "none", "target": 11, "source": 46}, {"op": "none", "target": 12, "source": 46}, {"op": "none", "target": 13, "source": 3}, {"op": "none", "target": 14, "source": 46}, {"op": "none", "target": 15, "source": 46}, {"op": "none", "target": 16, "source": 46}, {"op": "none", "target": 17, "source": 46}, {"op": "none", "target": 18, "source": 46}, {"op": "none", "target": 19, "source": 46}, {"op": "none", "target": 20, "source": 2}, {"op": "none", "target": 21, "source": 46}, {"op": "none", "target": 22, "source": 46}, {"op": "none", "target": 23, "source": 46}, {"op": "none", "target": 24, "source": 46}, {"op": "none", "target": 25, "source": 46}, {"op": "none", "target": 26, "source": 46}, {"op": "none", "target": 27, "source": 4}, {"op": "none", "target": 28, "source": 46}, {"op": "none", "target": 29, "source": 47}, {"op": "none", "target": 30, "source": 22}, {"op": "none", "target": 31, "source": 46}, {"op": "none", "target": 32, "source": 46}, {"op": "none", "target": 33, "source": 46}, {"op": "none", "target": 34, "source": 3}, {"op": "none", "target": 35, "source": 46}, {"op": "none", "target": 36, "source": 46}, {"op": "none", "target": 37, "source": 46}, {"op": "none", "target": 38, "source": 2}, {"op": "none", "target": 39, "source": 46}, {"op": "none", "target": 40, "source": 24}, {"op": "none", "target": 41, "source": 46}, {"op": "none", "target": 42, "source": 29}, {"op": "none", "target": 43, "source": 46}, {"op": "none", "target": 44, "source": 46}, {"op": "none", "target": 45, "source": 3}, {"op": "none", "target": 47, "source": 27}], "title": "_This_chubby_squirrel_(x-post_from__r_aww)", "nodes": [{"id": "g1359_cy5penu", "comment": "[He's ready to watch Ster warz](http://imgur.com/KAyzN4O)", "date": "2015-12-20 14:02:57", "seriesname": "g1359_cy5penu", "file": "/media/jbrogan4/scratch2/Reddit_Prov_Dataset_v6/_This_chubby_squirrel_(x-post_from__r_aww)/g1359_cy5penu.png", "URL": "http://i.imgur.com/KAyzN4O.png", "fileid": "g1359_cy5penu.png"}, {"id": "g1359_cy5x1qb", "comment": "http://i.imgur.com/6mmWzlh.jpg", "date": "2015-12-20 17:23:38", "seriesname": "g1359_cy5x1qb", "file": "/media/jbrogan4/scratch2/Reddit_Prov_Dataset_v6/_This_chubby_squirrel_(x-post_from__r_aww)/g1359_cy5x1qb.jpg", "URL": "http://i.imgur.com/6mmWzlh.jpg", "fileid": "g1359_cy5x1qb.jpg"}, {"id": "g1359_cy5mo1h", "comment": "http://i.imgur.com/TGdpdQC.jpg", "date": "2015-12-20 12:46:23", "seriesname": "g1359_cy5mo1h", "file": "/media/jbrogan4/scratch2/Reddit_Prov_Dataset_v6/_This_chubby_squirrel_(x-post_from__r_aww)/g1359_cy5mo1h.jpg", "URL": "http://i.imgur.com/TGdpdQC.jpg", "fileid": "g1359_cy5mo1h.jpg"}, {"id": "g1359_cy5oidr", "comment": "http://i.imgur.com/W6jN4R9.jpg", "date": "2015-12-20 13:39:24", "seriesname": "g1359_cy5oidr", "file": "/media/jbrogan4/scratch2/Reddit_Prov_Dataset_v6/_This_chubby_squirrel_(x-post_from__r_aww)/g1359_cy5oidr.jpg", "URL": "http://i.imgur.com/W6jN4R9.jpg", "fileid": "g1359_cy5oidr.jpg"}, {"id": "g1359_cy5ofwa", "comment": "[Middle school was rough :(](http://i.imgur.com/s9GDVoZ.jpg)", "date": "2015-12-20 13:37:37", "seriesname": "g1359_cy5ofwa", "file": "/media/jbrogan4/scratch2/Reddit_Prov_Dataset_v6/_This_chubby_squirrel_(x-post_from__r_aww)/g1359_cy5ofwa.jpg", "URL": "http://i.imgur.com/s9GDVoZ.jpg", "fileid": "g1359_cy5ofwa.jpg"}, {"id": "g1359_cy5xb0b", "comment": "[Chubby Sporran!!](http://i.imgur.com/2V77Rlq.png)", "date": "2015-12-20 17:30:44", "seriesname": "g1359_cy5xb0b", "file": "/media/jbrogan4/scratch2/Reddit_Prov_Dataset_v6/_This_chubby_squirrel_(x-post_from__r_aww)/g1359_cy5xb0b.png", "URL": "http://i.imgur.com/2V77Rlq.png", "fileid": "g1359_cy5xb0b.png"}, {"id": "g1359_cy5qoqa", "comment": "[Heavyweight bout](http://imgur.com/z7bla0e)", "date": "2015-12-20 14:36:52", "seriesname": "g1359_cy5qoqa", "file": "/media/jbrogan4/scratch2/Reddit_Prov_Dataset_v6/_This_chubby_squirrel_(x-post_from__r_aww)/g1359_cy5qoqa.png", "URL": "http://i.imgur.com/z7bla0e.png", "fileid": "g1359_cy5qoqa.png"}, {"id": "g1359_cy5nxnw", "comment": "[You like Krabby Patties don't you ~~Mr. Squirrel~~ Sandy?](http://i.imgur.com/ujidEx9.jpg)\n\nEdit, completely forgot there is an actual squirrel in Spongbob....", "date": "2015-12-20 13:23:45", "seriesname": "g1359_cy5nxnw", "file": "/media/jbrogan4/scratch2/Reddit_Prov_Dataset_v6/_This_chubby_squirrel_(x-post_from__r_aww)/g1359_cy5nxnw.jpg", "URL": "http://i.imgur.com/ujidEx9.jpg", "fileid": "g1359_cy5nxnw.jpg"}, {"id": "g1359_cy5mlyf", "comment": "[The cuteness awakens](http://i.imgur.com/aSS6isH.png)\n\nEdit: [added reflection](http://i.imgur.com/McYEhDf.png)", "date": "2015-12-20 12:44:34", "seriesname": "g1359_cy5mlyf", "file": "/media/jbrogan4/scratch2/Reddit_Prov_Dataset_v6/_This_chubby_squirrel_(x-post_from__r_aww)/g1359_cy5mlyf.png", "URL": "http://i.imgur.com/McYEhDf.png", "fileid": "g1359_cy5mlyf.png"}, {"id": "g1359_cy5q6za", "comment": "[Jabba The Nutt](http://imgur.com/ThaliwC)", "date": "2015-12-20 14:23:36", "seriesname": "g1359_cy5q6za", "file": "/media/jbrogan4/scratch2/Reddit_Prov_Dataset_v6/_This_chubby_squirrel_(x-post_from__r_aww)/g1359_cy5q6za.png", "URL": "http://i.imgur.com/ThaliwC.png", "fileid": "g1359_cy5q6za.png"}, {"id": "g1359_cy5pmde", "comment": "This jabba squirrel http://i.imgur.com/YUYLdfJ.jpg", "date": "2015-12-20 14:08:38", "seriesname": "g1359_cy5pmde", "file": "/media/jbrogan4/scratch2/Reddit_Prov_Dataset_v6/_This_chubby_squirrel_(x-post_from__r_aww)/g1359_cy5pmde.jpg", "URL": "http://i.imgur.com/YUYLdfJ.jpg", "fileid": "g1359_cy5pmde.jpg"}, {"id": "g1359_cy5s2v4", "comment": "[Bikini issues.](http://i.imgur.com/l4PBNIF.jpg)", "date": "2015-12-20 15:14:39", "seriesname": "g1359_cy5s2v4", "file": "/media/jbrogan4/scratch2/Reddit_Prov_Dataset_v6/_This_chubby_squirrel_(x-post_from__r_aww)/g1359_cy5s2v4.jpg", "URL": "http://i.imgur.com/l4PBNIF.jpg", "fileid": "g1359_cy5s2v4.jpg"}, {"id": "g1359_cy5kc6v", "comment": "[](/user/Dynamite_Fools)\n\nPlease post any comments or discussion as a reply to this comment.\n\nIf posting a cutout, please use the [new cut-out format](/r/cutouts/wiki/index#wiki_flair.3A).\n\n---\n\n^(Useful subreddits for photoshoppers: /r/cutouts, /r/battleshops, PsB discussion subreddit)\n\n^(Helpful links for this image:) [^Other ^Discussions](https://www.reddit.com/r/photoshopbattles/related/3xl9ni/psbattle_this_chubby_squirrel_xpost_from_raww/) ^| [^KarmaDecay](https://karmadecay.com/r/photoshopbattles/comments/3xl9ni/psbattle_this_chubby_squirrel_xpost_from_raww/) ^| [^Google ^Image ^Search](https://www.google.com/searchbyimage?&amp;image_url=http://imgur.com/tYCRlsr%2ejpg) \n\n---\n\n*^(This is an automated response)* [^FAQ](http://www.reddit.com/r/apicontraptions/wiki/apicontraption_faq) ^| [^Send ^Feedback](http://www.reddit.com/message/compose/?to=apicontraption&amp;subject=Feedback ___thingId___&amp;message=[Link to post](https://www.reddit.com/r/photoshopbattles/comments/3xl9ni/psbattle_this_chubby_squirrel_xpost_from_raww/\\) 'I like feedback')", "date": "2015-12-20 11:29:50", "seriesname": "g1359_cy5kc6v", "file": "/media/jbrogan4/scratch2/Reddit_Prov_Dataset_v6/_This_chubby_squirrel_(x-post_from__r_aww)/g1359_cy5kc6v.png", "URL": "http://i.imgur.com/tYCRlsr%2ejpg.png", "fileid": "g1359_cy5kc6v.png"}, {"id": "g1359_cy5pwlr", "comment": "http://i.imgur.com/3BNrzoV.jpg", "date": "2015-12-20 14:16:07", "seriesname": "g1359_cy5pwlr", "file": "/media/jbrogan4/scratch2/Reddit_Prov_Dataset_v6/_This_chubby_squirrel_(x-post_from__r_aww)/g1359_cy5pwlr.jpg", "URL": "http://i.imgur.com/3BNrzoV.jpg", "fileid": "g1359_cy5pwlr.jpg"}, {"id": "g1359_cy5sv70", "comment": "[A Van Hoytl Original](http://imgur.com/7rO7PYJ)", "date": "2015-12-20 15:34:48", "seriesname": "g1359_cy5sv70", "file": "/media/jbrogan4/scratch2/Reddit_Prov_Dataset_v6/_This_chubby_squirrel_(x-post_from__r_aww)/g1359_cy5sv70.png", "URL": "http://i.imgur.com/7rO7PYJ.png", "fileid": "g1359_cy5sv70.png"}, {"id": "g1359_cy5qwpe", "comment": "[Get off my lawn](http://i.imgur.com/ekAIZy3.jpg)", "date": "2015-12-20 14:42:56", "seriesname": "g1359_cy5qwpe", "file": "/media/jbrogan4/scratch2/Reddit_Prov_Dataset_v6/_This_chubby_squirrel_(x-post_from__r_aww)/g1359_cy5qwpe.jpg", "URL": "http://i.imgur.com/ekAIZy3.jpg", "fileid": "g1359_cy5qwpe.jpg"}, {"id": "g1359_cy5mtvk", "comment": "[He was just bulking](https://imgur.com/yChsYIO)", "date": "2015-12-20 12:51:27", "seriesname": "g1359_cy5mtvk", "file": "/media/jbrogan4/scratch2/Reddit_Prov_Dataset_v6/_This_chubby_squirrel_(x-post_from__r_aww)/g1359_cy5mtvk.png", "URL": "http://i.imgur.com/yChsYIO.png", "fileid": "g1359_cy5mtvk.png"}, {"id": "g1359_cy61wr7", "comment": "Alley Squirrel\nhttp://imgur.com/FLObylK", "date": "2015-12-20 19:39:08", "seriesname": "g1359_cy61wr7", "file": "/media/jbrogan4/scratch2/Reddit_Prov_Dataset_v6/_This_chubby_squirrel_(x-post_from__r_aww)/g1359_cy61wr7.png", "URL": "http://i.imgur.com/FLObylK.png", "fileid": "g1359_cy61wr7.png"}, {"id": "g1359_cy68a6t", "comment": "Wait, I know this movie!  [Jabba the squirrel](http://i.imgur.com/4araLI9.jpg)", "date": "2015-12-20 22:53:48", "seriesname": "g1359_cy68a6t", "file": "/media/jbrogan4/scratch2/Reddit_Prov_Dataset_v6/_This_chubby_squirrel_(x-post_from__r_aww)/g1359_cy68a6t.jpg", "URL": "http://i.imgur.com/4araLI9.jpg", "fileid": "g1359_cy68a6t.jpg"}, {"id": "g1359_cy5z28v", "comment": "Him as a [sleepy college squirrel student](http://i.imgur.com/ekaUdgq.png)", "date": "2015-12-20 18:19:05", "seriesname": "g1359_cy5z28v", "file": "/media/jbrogan4/scratch2/Reddit_Prov_Dataset_v6/_This_chubby_squirrel_(x-post_from__r_aww)/g1359_cy5z28v.png", "URL": "http://i.imgur.com/ekaUdgq.png", "fileid": "g1359_cy5z28v.png"}, {"id": "g1359_cy5pbct", "comment": "[That's just a bit more realistic](http://i.imgur.com/3APcJcr.jpg)", "date": "2015-12-20 14:00:34", "seriesname": "g1359_cy5pbct", "file": "/media/jbrogan4/scratch2/Reddit_Prov_Dataset_v6/_This_chubby_squirrel_(x-post_from__r_aww)/g1359_cy5pbct.jpg", "URL": "http://i.imgur.com/3APcJcr.jpg", "fileid": "g1359_cy5pbct.jpg"}, {"id": "g1359_cy5pmoa", "comment": "[*Fancy seeing you here*](http://i.imgur.com/DK6CK5z.jpg)", "date": "2015-12-20 14:08:52", "seriesname": "g1359_cy5pmoa", "file": "/media/jbrogan4/scratch2/Reddit_Prov_Dataset_v6/_This_chubby_squirrel_(x-post_from__r_aww)/g1359_cy5pmoa.jpg", "URL": "http://i.imgur.com/DK6CK5z.jpg", "fileid": "g1359_cy5pmoa.jpg"}, {"id": "g1359_cy5rew9", "comment": "[This chubby squirrel will play for you the Symphony of Space](http://i.imgur.com/9zx9UkW.jpg)", "date": "2015-12-20 14:56:36", "seriesname": "g1359_cy5rew9", "file": "/media/jbrogan4/scratch2/Reddit_Prov_Dataset_v6/_This_chubby_squirrel_(x-post_from__r_aww)/g1359_cy5rew9.jpg", "URL": "http://i.imgur.com/9zx9UkW.jpg", "fileid": "g1359_cy5rew9.jpg"}, {"id": "g1359_cy60scm", "comment": "http://i.imgur.com/wbHRBqO.jpg", "date": "2015-12-20 19:07:46", "seriesname": "g1359_cy60scm", "file": "/media/jbrogan4/scratch2/Reddit_Prov_Dataset_v6/_This_chubby_squirrel_(x-post_from__r_aww)/g1359_cy60scm.jpg", "URL": "http://i.imgur.com/wbHRBqO.jpg", "fileid": "g1359_cy60scm.jpg"}, {"id": "g1359_cy5qvhc", "comment": "http://i.imgur.com/EmZl1l8.jpg", "date": "2015-12-20 14:42:02", "seriesname": "g1359_cy5qvhc", "file": "/media/jbrogan4/scratch2/Reddit_Prov_Dataset_v6/_This_chubby_squirrel_(x-post_from__r_aww)/g1359_cy5qvhc.jpg", "URL": "http://i.imgur.com/EmZl1l8.jpg", "fileid": "g1359_cy5qvhc.jpg"}, {"id": "g1359_cy5zfx8", "comment": "['Murica](http://i.imgur.com/l34qN27.png)", "date": "2015-12-20 18:29:47", "seriesname": "g1359_cy5zfx8", "file": "/media/jbrogan4/scratch2/Reddit_Prov_Dataset_v6/_This_chubby_squirrel_(x-post_from__r_aww)/g1359_cy5zfx8.png", "URL": "http://i.imgur.com/l34qN27.png", "fileid": "g1359_cy5zfx8.png"}, {"id": "g1359_cy5onyw", "comment": " [Nutella factory](http://i.imgur.com/q0vf6o7.jpg)", "date": "2015-12-20 13:43:34", "seriesname": "g1359_cy5onyw", "file": "/media/jbrogan4/scratch2/Reddit_Prov_Dataset_v6/_This_chubby_squirrel_(x-post_from__r_aww)/g1359_cy5onyw.jpg", "URL": "http://i.imgur.com/q0vf6o7.jpg", "fileid": "g1359_cy5onyw.jpg"}, {"id": "g1359_cy5q205", "comment": "[Glasses + Braces is everyone's bane...](http://i.imgur.com/E6LSKRW.jpg)", "date": "2015-12-20 14:19:53", "seriesname": "g1359_cy5q205", "file": "/media/jbrogan4/scratch2/Reddit_Prov_Dataset_v6/_This_chubby_squirrel_(x-post_from__r_aww)/g1359_cy5q205.jpg", "URL": "http://i.imgur.com/E6LSKRW.jpg", "fileid": "g1359_cy5q205.jpg"}, {"id": "g1359_cy6mw3b", "comment": "http://i.imgur.com/oW9Vqhv.jpg", "date": "2015-12-21 10:27:33", "seriesname": "g1359_cy6mw3b", "file": "/media/jbrogan4/scratch2/Reddit_Prov_Dataset_v6/_This_chubby_squirrel_(x-post_from__r_aww)/g1359_cy6mw3b.jpg", "URL": "http://i.imgur.com/oW9Vqhv.jpg", "fileid": "g1359_cy6mw3b.jpg"}, {"id": "g1359_cy5sj9a", "comment": "[Revenge](http://i.imgur.com/RcLboja.jpg)\n\nCredit to /u/workingat7 for the swole squirrel.", "date": "2015-12-20 15:26:32", "seriesname": "g1359_cy5sj9a", "file": "/media/jbrogan4/scratch2/Reddit_Prov_Dataset_v6/_This_chubby_squirrel_(x-post_from__r_aww)/g1359_cy5sj9a.jpg", "URL": "http://i.imgur.com/RcLboja.jpg", "fileid": "g1359_cy5sj9a.jpg"}, {"id": "g1359_cy5u2c3", "comment": "[here you go](http://imgur.com/KNjuhfP.jpg)", "date": "2015-12-20 16:05:55", "seriesname": "g1359_cy5u2c3", "file": "/media/jbrogan4/scratch2/Reddit_Prov_Dataset_v6/_This_chubby_squirrel_(x-post_from__r_aww)/g1359_cy5u2c3.jpg", "URL": "http://imgur.com/KNjuhfP.jpg", "fileid": "g1359_cy5u2c3.jpg"}, {"id": "g1359_cy645wh", "comment": "[They see me rollin](http://imgur.com/jEJV616)", "date": "2015-12-20 20:46:55", "seriesname": "g1359_cy645wh", "file": "/media/jbrogan4/scratch2/Reddit_Prov_Dataset_v6/_This_chubby_squirrel_(x-post_from__r_aww)/g1359_cy645wh.png", "URL": "http://i.imgur.com/jEJV616.png", "fileid": "g1359_cy645wh.png"}, {"id": "g1359_cy6799a", "comment": "[The True Heros of The Rebellion](http://imgur.com/8T8KHqy)", "date": "2015-12-20 22:22:27", "seriesname": "g1359_cy6799a", "file": "/media/jbrogan4/scratch2/Reddit_Prov_Dataset_v6/_This_chubby_squirrel_(x-post_from__r_aww)/g1359_cy6799a.png", "URL": "http://i.imgur.com/8T8KHqy.png", "fileid": "g1359_cy6799a.png"}, {"id": "g1359_cy5p2kq", "comment": "http://i.imgur.com/pWxjHIe.jpg", "date": "2015-12-20 13:54:19", "seriesname": "g1359_cy5p2kq", "file": "/media/jbrogan4/scratch2/Reddit_Prov_Dataset_v6/_This_chubby_squirrel_(x-post_from__r_aww)/g1359_cy5p2kq.jpg", "URL": "http://i.imgur.com/pWxjHIe.jpg", "fileid": "g1359_cy5p2kq.jpg"}, {"id": "g1359_cy5qats", "comment": "there ya go \n\nhttp://imgur.com/nPWHhWJ", "date": "2015-12-20 14:26:32", "seriesname": "g1359_cy5qats", "file": "/media/jbrogan4/scratch2/Reddit_Prov_Dataset_v6/_This_chubby_squirrel_(x-post_from__r_aww)/g1359_cy5qats.png", "URL": "http://i.imgur.com/nPWHhWJ.png", "fileid": "g1359_cy5qats.png"}, {"id": "g1359_cy6d6s5", "comment": "[that's a nice fucking squirrel right there](http://i.imgur.com/p8tuv2E.jpg)", "date": "2015-12-21 01:58:14", "seriesname": "g1359_cy6d6s5", "file": "/media/jbrogan4/scratch2/Reddit_Prov_Dataset_v6/_This_chubby_squirrel_(x-post_from__r_aww)/g1359_cy6d6s5.jpg", "URL": "http://i.imgur.com/p8tuv2E.jpg", "fileid": "g1359_cy6d6s5.jpg"}, {"id": "g1359_cy5p0qg", "comment": "https://imgur.com/qRp1EYc", "date": "2015-12-20 13:52:57", "seriesname": "g1359_cy5p0qg", "file": "/media/jbrogan4/scratch2/Reddit_Prov_Dataset_v6/_This_chubby_squirrel_(x-post_from__r_aww)/g1359_cy5p0qg.png", "URL": "http://i.imgur.com/qRp1EYc.png", "fileid": "g1359_cy5p0qg.png"}, {"id": "g1359_cy5xzri", "comment": "[This chubby rapper](http://imgur.com/gallery/AiZhjot)", "date": "2015-12-20 17:49:10", "seriesname": "g1359_cy5xzri", "file": "/media/jbrogan4/scratch2/Reddit_Prov_Dataset_v6/_This_chubby_squirrel_(x-post_from__r_aww)/g1359_cy5xzri.png", "URL": "http://i.imgur.com/AiZhjot.png", "fileid": "g1359_cy5xzri.png"}, {"id": "g1359_cy61oc3", "comment": "[Original](http://i.imgur.com/ErFSO7z.jpg). Many good variations of it, too.", "date": "2015-12-20 19:32:44", "seriesname": "g1359_cy61oc3", "file": "/media/jbrogan4/scratch2/Reddit_Prov_Dataset_v6/_This_chubby_squirrel_(x-post_from__r_aww)/g1359_cy61oc3.jpg", "URL": "http://i.imgur.com/ErFSO7z.jpg).", "fileid": "g1359_cy61oc3."}, {"id": "g1359_cy5m3vt", "comment": "http://i.imgur.com/D4ftpDl.jpg", "date": "2015-12-20 12:28:38", "seriesname": "g1359_cy5m3vt", "file": "/media/jbrogan4/scratch2/Reddit_Prov_Dataset_v6/_This_chubby_squirrel_(x-post_from__r_aww)/g1359_cy5m3vt.jpg", "URL": "http://i.imgur.com/D4ftpDl.jpg", "fileid": "g1359_cy5m3vt.jpg"}, {"id": "g1359_cy61qgc", "comment": "[Consequences](http://imgur.com/NTp00hp.jpg)", "date": "2015-12-20 19:34:15", "seriesname": "g1359_cy61qgc", "file": "/media/jbrogan4/scratch2/Reddit_Prov_Dataset_v6/_This_chubby_squirrel_(x-post_from__r_aww)/g1359_cy61qgc.jpg", "URL": "http://imgur.com/NTp00hp.jpg", "fileid": "g1359_cy61qgc.jpg"}, {"id": "g1359_cy63zgh", "comment": "[trouble with squirrels](https://imgur.com/MeCxPEY)", "date": "2015-12-20 20:41:21", "seriesname": "g1359_cy63zgh", "file": "/media/jbrogan4/scratch2/Reddit_Prov_Dataset_v6/_This_chubby_squirrel_(x-post_from__r_aww)/g1359_cy63zgh.png", "URL": "http://i.imgur.com/MeCxPEY.png", "fileid": "g1359_cy63zgh.png"}, {"id": "g1359_cy5ughp", "comment": "[When thoughts turn to actions](http://i.imgur.com/uI9BvZ6.jpg)\n\nFirst time here dont kill me :(", "date": "2015-12-20 16:15:55", "seriesname": "g1359_cy5ughp", "file": "/media/jbrogan4/scratch2/Reddit_Prov_Dataset_v6/_This_chubby_squirrel_(x-post_from__r_aww)/g1359_cy5ughp.jpg", "URL": "http://i.imgur.com/uI9BvZ6.jpg", "fileid": "g1359_cy5ughp.jpg"}, {"id": "g1359_cy5ypkc", "comment": "[Attack of the Giant Spiders](http://i.imgur.com/kLgPyRN.jpg)", "date": "2015-12-20 18:09:06", "seriesname": "g1359_cy5ypkc", "file": "/media/jbrogan4/scratch2/Reddit_Prov_Dataset_v6/_This_chubby_squirrel_(x-post_from__r_aww)/g1359_cy5ypkc.jpg", "URL": "http://i.imgur.com/kLgPyRN.jpg", "fileid": "g1359_cy5ypkc.jpg"}, {"id": "g1359_cy5pwmf", "comment": "http://imgur.com/4SUjBza portrait of the squirrel as a young artist", "date": "2015-12-20 14:16:08", "seriesname": "g1359_cy5pwmf", "file": "/media/jbrogan4/scratch2/Reddit_Prov_Dataset_v6/_This_chubby_squirrel_(x-post_from__r_aww)/g1359_cy5pwmf.png", "URL": "http://i.imgur.com/4SUjBza.png", "fileid": "g1359_cy5pwmf.png"}, {"id": "g1359_cy65fpf", "comment": "[May the squirrel be with you](http://imgur.com/oRONKQn)", "date": "2015-12-20 21:25:54", "seriesname": "g1359_cy65fpf", "file": "/media/jbrogan4/scratch2/Reddit_Prov_Dataset_v6/_This_chubby_squirrel_(x-post_from__r_aww)/g1359_cy65fpf.png", "URL": "http://i.imgur.com/oRONKQn.png", "fileid": "g1359_cy65fpf.png"}, {"id": "g1359_root", "comment": "", "date": "2015-12-20 11:28:09", "seriesname": "g1359_root", "file": "/media/jbrogan4/scratch2/Reddit_Prov_Dataset_v6/_This_chubby_squirrel_(x-post_from__r_aww)/g1359_root.jpg", "URL": "http://imgur.com/tYCRlsr.jpg", "fileid": "g1359_root.jpg"}, {"id": "g1359_cy5s44e", "comment": "[Eye of the tiger...](http://i.imgur.com/J5aasuT.jpg)", "date": "2015-12-20 15:15:34", "seriesname": "g1359_cy5s44e", "file": "/media/jbrogan4/scratch2/Reddit_Prov_Dataset_v6/_This_chubby_squirrel_(x-post_from__r_aww)/g1359_cy5s44e.jpg", "URL": "http://i.imgur.com/J5aasuT.jpg", "fileid": "g1359_cy5s44e.jpg"}], "graph": {"name": "g1359_root"}, "directed": true}