{"links": [{"op": "none", "target": 0, "source": 52}, {"op": "none", "target": 1, "source": 52}, {"op": "none", "target": 2, "source": 52}, {"op": "none", "target": 3, "source": 42}, {"op": "none", "target": 4, "source": 52}, {"op": "none", "target": 5, "source": 52}, {"op": "none", "target": 6, "source": 52}, {"op": "none", "target": 7, "source": 52}, {"op": "none", "target": 8, "source": 52}, {"op": "none", "target": 9, "source": 52}, {"op": "none", "target": 10, "source": 1}, {"op": "none", "target": 11, "source": 52}, {"op": "none", "target": 12, "source": 35}, {"op": "none", "target": 13, "source": 52}, {"op": "none", "target": 14, "source": 52}, {"op": "none", "target": 15, "source": 52}, {"op": "none", "target": 16, "source": 52}, {"op": "none", "target": 17, "source": 52}, {"op": "none", "target": 18, "source": 52}, {"op": "none", "target": 19, "source": 52}, {"op": "none", "target": 20, "source": 52}, {"op": "none", "target": 21, "source": 52}, {"op": "none", "target": 22, "source": 52}, {"op": "none", "target": 23, "source": 52}, {"op": "none", "target": 24, "source": 52}, {"op": "none", "target": 25, "source": 1}, {"op": "none", "target": 26, "source": 52}, {"op": "none", "target": 27, "source": 52}, {"op": "none", "target": 28, "source": 52}, {"op": "none", "target": 29, "source": 52}, {"op": "none", "target": 30, "source": 29}, {"op": "none", "target": 31, "source": 52}, {"op": "none", "target": 32, "source": 52}, {"op": "none", "target": 33, "source": 35}, {"op": "none", "target": 34, "source": 52}, {"op": "none", "target": 35, "source": 52}, {"op": "none", "target": 36, "source": 51}, {"op": "none", "target": 37, "source": 25}, {"op": "none", "target": 38, "source": 52}, {"op": "none", "target": 39, "source": 10}, {"op": "none", "target": 40, "source": 52}, {"op": "none", "target": 41, "source": 52}, {"op": "none", "target": 42, "source": 52}, {"op": "none", "target": 43, "source": 52}, {"op": "none", "target": 44, "source": 32}, {"op": "none", "target": 45, "source": 21}, {"op": "none", "target": 46, "source": 52}, {"op": "none", "target": 47, "source": 30}, {"op": "none", "target": 48, "source": 52}, {"op": "none", "target": 49, "source": 52}, {"op": "none", "target": 50, "source": 1}, {"op": "none", "target": 51, "source": 52}, {"op": "none", "target": 53, "source": 52}], "title": "_Mr_Bean_driving_his_car_like_a_pro", "nodes": [{"id": "g1351_cusfc26", "comment": "[The man can't stand tourists no matter where he goes](http://i.imgur.com/NdHcnLR.jpg)", "date": "2015-09-06 09:07:36", "seriesname": "g1351_cusfc26", "file": "/media/jbrogan4/scratch2/Reddit_Prov_Dataset_v6/_Mr_Bean_driving_his_car_like_a_pro/g1351_cusfc26.jpg", "URL": "http://i.imgur.com/NdHcnLR.jpg", "fileid": "g1351_cusfc26.jpg"}, {"id": "g1351_cusehsy", "comment": "[Mr Bean's Holiday: Australia](http://i.imgur.com/sO61xW1.jpg)", "date": "2015-09-06 08:17:08", "seriesname": "g1351_cusehsy", "file": "/media/jbrogan4/scratch2/Reddit_Prov_Dataset_v6/_Mr_Bean_driving_his_car_like_a_pro/g1351_cusehsy.jpg", "URL": "http://i.imgur.com/sO61xW1.jpg", "fileid": "g1351_cusehsy.jpg"}, {"id": "g1351_cusyf9j", "comment": "[I can show you the world...](http://imgur.com/vOg9OQH)", "date": "2015-09-06 20:03:25", "seriesname": "g1351_cusyf9j", "file": "/media/jbrogan4/scratch2/Reddit_Prov_Dataset_v6/_Mr_Bean_driving_his_car_like_a_pro/g1351_cusyf9j.png", "URL": "http://i.imgur.com/vOg9OQH.png", "fileid": "g1351_cusyf9j.png"}, {"id": "g1351_cuspibf", "comment": "I like [this alot.](http://i.imgur.com/PfdEvje.png)", "date": "2015-09-06 15:08:35", "seriesname": "g1351_cuspibf", "file": "/media/jbrogan4/scratch2/Reddit_Prov_Dataset_v6/_Mr_Bean_driving_his_car_like_a_pro/g1351_cuspibf.png", "URL": "http://i.imgur.com/PfdEvje.png", "fileid": "g1351_cuspibf.png"}, {"id": "g1351_cusgjtu", "comment": "[The mad king](http://i.imgur.com/wZ3TuXp.jpg)", "date": "2015-09-06 10:06:22", "seriesname": "g1351_cusgjtu", "file": "/media/jbrogan4/scratch2/Reddit_Prov_Dataset_v6/_Mr_Bean_driving_his_car_like_a_pro/g1351_cusgjtu.jpg", "URL": "http://i.imgur.com/wZ3TuXp.jpg", "fileid": "g1351_cusgjtu.jpg"}, {"id": "g1351_cuslqcc", "comment": "[Beankhana 5](http://i.imgur.com/gIqtUSm.jpg)\n\nThanks to /u/alexbring for the cutout!", "date": "2015-09-06 13:11:13", "seriesname": "g1351_cuslqcc", "file": "/media/jbrogan4/scratch2/Reddit_Prov_Dataset_v6/_Mr_Bean_driving_his_car_like_a_pro/g1351_cuslqcc.jpg", "URL": "http://i.imgur.com/gIqtUSm.jpg", "fileid": "g1351_cuslqcc.jpg"}, {"id": "g1351_cusjfzr", "comment": "http://i.imgur.com/PhHgRPn.jpg", "date": "2015-09-06 11:56:40", "seriesname": "g1351_cusjfzr", "file": "/media/jbrogan4/scratch2/Reddit_Prov_Dataset_v6/_Mr_Bean_driving_his_car_like_a_pro/g1351_cusjfzr.jpg", "URL": "http://i.imgur.com/PhHgRPn.jpg", "fileid": "g1351_cusjfzr.jpg"}, {"id": "g1351_cuss8il", "comment": "Fast and Furious 8 - Bean @ Race Wars\nhttp://i.imgur.com/KNlIQOJ.png", "date": "2015-09-06 16:34:39", "seriesname": "g1351_cuss8il", "file": "/media/jbrogan4/scratch2/Reddit_Prov_Dataset_v6/_Mr_Bean_driving_his_car_like_a_pro/g1351_cuss8il.png", "URL": "http://i.imgur.com/KNlIQOJ.png", "fileid": "g1351_cuss8il.png"}, {"id": "g1351_cusehuh", "comment": "http://i.imgur.com/8hOUmiT.jpg", "date": "2015-09-06 08:17:11", "seriesname": "g1351_cusehuh", "file": "/media/jbrogan4/scratch2/Reddit_Prov_Dataset_v6/_Mr_Bean_driving_his_car_like_a_pro/g1351_cusehuh.jpg", "URL": "http://i.imgur.com/8hOUmiT.jpg", "fileid": "g1351_cusehuh.jpg"}, {"id": "g1351_cusff8q", "comment": "Bean Hur\n\nhttp://imgur.com/3ZQ7t07", "date": "2015-09-06 09:12:17", "seriesname": "g1351_cusff8q", "file": "/media/jbrogan4/scratch2/Reddit_Prov_Dataset_v6/_Mr_Bean_driving_his_car_like_a_pro/g1351_cusff8q.png", "URL": "http://i.imgur.com/3ZQ7t07.png", "fileid": "g1351_cusff8q.png"}, {"id": "g1351_cusfb0x", "comment": "[Made it more realistic] (http://i.imgur.com/DGEZIaD.png)\n\nEdit: Spider Warning", "date": "2015-09-06 09:06:01", "seriesname": "g1351_cusfb0x", "file": "/media/jbrogan4/scratch2/Reddit_Prov_Dataset_v6/_Mr_Bean_driving_his_car_like_a_pro/g1351_cusfb0x.png", "URL": "http://i.imgur.com/DGEZIaD.png", "fileid": "g1351_cusfb0x.png"}, {"id": "g1351_cushys1", "comment": "[BALDRIIICCKKK!!](http://i.imgur.com/WyU8CEM.jpg)", "date": "2015-09-06 11:03:49", "seriesname": "g1351_cushys1", "file": "/media/jbrogan4/scratch2/Reddit_Prov_Dataset_v6/_Mr_Bean_driving_his_car_like_a_pro/g1351_cushys1.jpg", "URL": "http://i.imgur.com/WyU8CEM.jpg", "fileid": "g1351_cushys1.jpg"}, {"id": "g1351_cuskij8", "comment": "[Like this?](http://i.imgur.com/H0nNC19.png)", "date": "2015-09-06 12:31:57", "seriesname": "g1351_cuskij8", "file": "/media/jbrogan4/scratch2/Reddit_Prov_Dataset_v6/_Mr_Bean_driving_his_car_like_a_pro/g1351_cuskij8.png", "URL": "http://i.imgur.com/H0nNC19.png", "fileid": "g1351_cuskij8.png"}, {"id": "g1351_cusggia", "comment": "[I thought driverless cars were a scam](http://i.imgur.com/HYr9iUN.jpg)\nHappy to be right!", "date": "2015-09-06 10:02:13", "seriesname": "g1351_cusggia", "file": "/media/jbrogan4/scratch2/Reddit_Prov_Dataset_v6/_Mr_Bean_driving_his_car_like_a_pro/g1351_cusggia.jpg", "URL": "http://i.imgur.com/HYr9iUN.jpg", "fileid": "g1351_cusggia.jpg"}, {"id": "g1351_cusnynn", "comment": "http://i.imgur.com/itJJNta.jpg", "date": "2015-09-06 14:20:35", "seriesname": "g1351_cusnynn", "file": "/media/jbrogan4/scratch2/Reddit_Prov_Dataset_v6/_Mr_Bean_driving_his_car_like_a_pro/g1351_cusnynn.jpg", "URL": "http://i.imgur.com/itJJNta.jpg", "fileid": "g1351_cusnynn.jpg"}, {"id": "g1351_cusi69t", "comment": "[I am a generous Bean](http://imgur.com/HmmQ0cK)", "date": "2015-09-06 11:11:28", "seriesname": "g1351_cusi69t", "file": "/media/jbrogan4/scratch2/Reddit_Prov_Dataset_v6/_Mr_Bean_driving_his_car_like_a_pro/g1351_cusi69t.png", "URL": "http://i.imgur.com/HmmQ0cK.png", "fileid": "g1351_cusi69t.png"}, {"id": "g1351_cusdq51", "comment": "[Mr Bean, M\u00fbmakil rider ](http://i.imgur.com/0m6oG22.jpg)", "date": "2015-09-06 07:22:50", "seriesname": "g1351_cusdq51", "file": "/media/jbrogan4/scratch2/Reddit_Prov_Dataset_v6/_Mr_Bean_driving_his_car_like_a_pro/g1351_cusdq51.jpg", "URL": "http://i.imgur.com/0m6oG22.jpg", "fileid": "g1351_cusdq51.jpg"}, {"id": "g1351_cusf7le", "comment": "[He's actually doing surprisingly well!](http://i.imgur.com/MiiMQK5.jpg)", "date": "2015-09-06 09:00:33", "seriesname": "g1351_cusf7le", "file": "/media/jbrogan4/scratch2/Reddit_Prov_Dataset_v6/_Mr_Bean_driving_his_car_like_a_pro/g1351_cusf7le.jpg", "URL": "http://i.imgur.com/MiiMQK5.jpg", "fileid": "g1351_cusf7le.jpg"}, {"id": "g1351_cut3i4y", "comment": "A few last minute changes to the new forza?  \nhttp://i.imgur.com/iWsbxqk.jpg", "date": "2015-09-06 23:05:14", "seriesname": "g1351_cut3i4y", "file": "/media/jbrogan4/scratch2/Reddit_Prov_Dataset_v6/_Mr_Bean_driving_his_car_like_a_pro/g1351_cut3i4y.jpg", "URL": "http://i.imgur.com/iWsbxqk.jpg", "fileid": "g1351_cut3i4y.jpg"}, {"id": "g1351_cusf81b", "comment": "[Banger Racing](http://i.imgur.com/zUqlEdz.jpg)", "date": "2015-09-06 09:01:18", "seriesname": "g1351_cusf81b", "file": "/media/jbrogan4/scratch2/Reddit_Prov_Dataset_v6/_Mr_Bean_driving_his_car_like_a_pro/g1351_cusf81b.jpg", "URL": "http://i.imgur.com/zUqlEdz.jpg", "fileid": "g1351_cusf81b.jpg"}, {"id": "g1351_cusi8g1", "comment": "*[The Bean Connection](http://i.imgur.com/DhgnbP7.jpg)*", "date": "2015-09-06 11:13:43", "seriesname": "g1351_cusi8g1", "file": "/media/jbrogan4/scratch2/Reddit_Prov_Dataset_v6/_Mr_Bean_driving_his_car_like_a_pro/g1351_cusi8g1.jpg", "URL": "http://i.imgur.com/DhgnbP7.jpg)*", "fileid": "g1351_cusi8g1.jpg*"}, {"id": "g1351_cusg5yk", "comment": "http://imgur.com/D8QVmOj", "date": "2015-09-06 09:48:53", "seriesname": "g1351_cusg5yk", "file": "/media/jbrogan4/scratch2/Reddit_Prov_Dataset_v6/_Mr_Bean_driving_his_car_like_a_pro/g1351_cusg5yk.png", "URL": "http://i.imgur.com/D8QVmOj.png", "fileid": "g1351_cusg5yk.png"}, {"id": "g1351_cusfl8l", "comment": "[hood ornament](http://i.imgur.com/b4qPXo9.jpg)", "date": "2015-09-06 09:20:49", "seriesname": "g1351_cusfl8l", "file": "/media/jbrogan4/scratch2/Reddit_Prov_Dataset_v6/_Mr_Bean_driving_his_car_like_a_pro/g1351_cusfl8l.jpg", "URL": "http://i.imgur.com/b4qPXo9.jpg", "fileid": "g1351_cusfl8l.jpg"}, {"id": "g1351_cusjdhq", "comment": "[PLAAAAAAAAAAAAY THE BEST SOOOOOOOOOOONG IN THE WORLD](http://i.imgur.com/26j4lh1.jpg)", "date": "2015-09-06 11:54:18", "seriesname": "g1351_cusjdhq", "file": "/media/jbrogan4/scratch2/Reddit_Prov_Dataset_v6/_Mr_Bean_driving_his_car_like_a_pro/g1351_cusjdhq.jpg", "URL": "http://i.imgur.com/26j4lh1.jpg", "fileid": "g1351_cusjdhq.jpg"}, {"id": "g1351_cusmcxn", "comment": "[My vintage LEGO set!](http://i.imgur.com/n075GbA.png)", "date": "2015-09-06 13:31:05", "seriesname": "g1351_cusmcxn", "file": "/media/jbrogan4/scratch2/Reddit_Prov_Dataset_v6/_Mr_Bean_driving_his_car_like_a_pro/g1351_cusmcxn.png", "URL": "http://i.imgur.com/n075GbA.png", "fileid": "g1351_cusmcxn.png"}, {"id": "g1351_cusfgzd", "comment": "[For you] (http://i.imgur.com/wNSjJ9u.png)", "date": "2015-09-06 09:14:52", "seriesname": "g1351_cusfgzd", "file": "/media/jbrogan4/scratch2/Reddit_Prov_Dataset_v6/_Mr_Bean_driving_his_car_like_a_pro/g1351_cusfgzd.png", "URL": "http://i.imgur.com/wNSjJ9u.png", "fileid": "g1351_cusfgzd.png"}, {"id": "g1351_cusoy33", "comment": "[Eyes front BITCH!!!](http://imgur.com/pga99Az)", "date": "2015-09-06 14:51:23", "seriesname": "g1351_cusoy33", "file": "/media/jbrogan4/scratch2/Reddit_Prov_Dataset_v6/_Mr_Bean_driving_his_car_like_a_pro/g1351_cusoy33.png", "URL": "http://i.imgur.com/pga99Az.png", "fileid": "g1351_cusoy33.png"}, {"id": "g1351_cusdota", "comment": "[Guess I'll start the thread] (http://i.imgur.com/gvVWYHa.png)", "date": "2015-09-06 07:20:01", "seriesname": "g1351_cusdota", "file": "/media/jbrogan4/scratch2/Reddit_Prov_Dataset_v6/_Mr_Bean_driving_his_car_like_a_pro/g1351_cusdota.png", "URL": "http://i.imgur.com/gvVWYHa.png", "fileid": "g1351_cusdota.png"}, {"id": "g1351_cuskl06", "comment": "Who's the new Alpha?\n\n[**You're looking at him, kid!**](http://i.imgur.com/7Kq4hs0.png)", "date": "2015-09-06 12:34:12", "seriesname": "g1351_cuskl06", "file": "/media/jbrogan4/scratch2/Reddit_Prov_Dataset_v6/_Mr_Bean_driving_his_car_like_a_pro/g1351_cuskl06.png", "URL": "http://i.imgur.com/7Kq4hs0.png", "fileid": "g1351_cuskl06.png"}, {"id": "g1351_cusgb2e", "comment": "http://i.imgur.com/KOGQ9Bg.jpg", "date": "2015-09-06 09:55:25", "seriesname": "g1351_cusgb2e", "file": "/media/jbrogan4/scratch2/Reddit_Prov_Dataset_v6/_Mr_Bean_driving_his_car_like_a_pro/g1351_cusgb2e.jpg", "URL": "http://i.imgur.com/KOGQ9Bg.jpg", "fileid": "g1351_cusgb2e.jpg"}, {"id": "g1351_cusu330", "comment": "[Wasn't a fan of the rope.](http://i.imgur.com/xCQuw51.png)", "date": "2015-09-06 17:34:10", "seriesname": "g1351_cusu330", "file": "/media/jbrogan4/scratch2/Reddit_Prov_Dataset_v6/_Mr_Bean_driving_his_car_like_a_pro/g1351_cusu330.png", "URL": "http://i.imgur.com/xCQuw51.png", "fileid": "g1351_cusu330.png"}, {"id": "g1351_cusek8v", "comment": "The worst thing about the modern reboot was how the bastards [recast Mr Bean and the Mini.](http://i.imgur.com/DJfYI76.jpg)", "date": "2015-09-06 08:21:38", "seriesname": "g1351_cusek8v", "file": "/media/jbrogan4/scratch2/Reddit_Prov_Dataset_v6/_Mr_Bean_driving_his_car_like_a_pro/g1351_cusek8v.jpg", "URL": "http://i.imgur.com/DJfYI76.jpg", "fileid": "g1351_cusek8v.jpg"}, {"id": "g1351_cusffkn", "comment": "[Maintaining first place](http://i.imgur.com/MsTFk7z.png)", "date": "2015-09-06 09:12:45", "seriesname": "g1351_cusffkn", "file": "/media/jbrogan4/scratch2/Reddit_Prov_Dataset_v6/_Mr_Bean_driving_his_car_like_a_pro/g1351_cusffkn.png", "URL": "http://i.imgur.com/MsTFk7z.png", "fileid": "g1351_cusffkn.png"}, {"id": "g1351_cuskjr1", "comment": "[\"Damnit Teddy I am losing control, what have you done to the joystick!\"](http://i.imgur.com/YybhYPg.png)", "date": "2015-09-06 12:33:01", "seriesname": "g1351_cuskjr1", "file": "/media/jbrogan4/scratch2/Reddit_Prov_Dataset_v6/_Mr_Bean_driving_his_car_like_a_pro/g1351_cuskjr1.png", "URL": "http://i.imgur.com/YybhYPg.png", "fileid": "g1351_cuskjr1.png"}, {"id": "g1351_cusic69", "comment": "[McLaren discovered his talent!](http://i.imgur.com/C5Haw5x.png)", "date": "2015-09-06 11:17:29", "seriesname": "g1351_cusic69", "file": "/media/jbrogan4/scratch2/Reddit_Prov_Dataset_v6/_Mr_Bean_driving_his_car_like_a_pro/g1351_cusic69.png", "URL": "http://i.imgur.com/C5Haw5x.png", "fileid": "g1351_cusic69.png"}, {"id": "g1351_cusfmw1", "comment": "[Bean Trek](http://i.imgur.com/0Qi0Zl0.png)\n\nEdit: [More lens flare!](http://i.imgur.com/RbJl6t1.png)\n\nEdit2: [With a yellow shirt](http://i.imgur.com/hCGWTb7.png)", "date": "2015-09-06 09:23:12", "seriesname": "g1351_cusfmw1", "file": "/media/jbrogan4/scratch2/Reddit_Prov_Dataset_v6/_Mr_Bean_driving_his_car_like_a_pro/g1351_cusfmw1.png", "URL": "http://i.imgur.com/hCGWTb7.png", "fileid": "g1351_cusfmw1.png"}, {"id": "g1351_cuslihu", "comment": "Example:\n\n\\[Mr Bean's Holiday: Riding](http://imgur.com/uMOMi7h)", "date": "2015-09-06 13:04:18", "seriesname": "g1351_cuslihu", "file": "/media/jbrogan4/scratch2/Reddit_Prov_Dataset_v6/_Mr_Bean_driving_his_car_like_a_pro/g1351_cuslihu.png", "URL": "http://i.imgur.com/uMOMi7h.png", "fileid": "g1351_cuslihu.png"}, {"id": "g1351_cusgazc", "comment": "http://i.imgur.com/Ol4DGeV.png", "date": "2015-09-06 09:55:17", "seriesname": "g1351_cusgazc", "file": "/media/jbrogan4/scratch2/Reddit_Prov_Dataset_v6/_Mr_Bean_driving_his_car_like_a_pro/g1351_cusgazc.png", "URL": "http://i.imgur.com/Ol4DGeV.png", "fileid": "g1351_cusgazc.png"}, {"id": "g1351_cusiauc", "comment": "[Hear me Bean!](http://i.imgur.com/KrIGpSw.png)", "date": "2015-09-06 11:16:09", "seriesname": "g1351_cusiauc", "file": "/media/jbrogan4/scratch2/Reddit_Prov_Dataset_v6/_Mr_Bean_driving_his_car_like_a_pro/g1351_cusiauc.png", "URL": "http://i.imgur.com/KrIGpSw.png", "fileid": "g1351_cusiauc.png"}, {"id": "g1351_cusgte2", "comment": "[Made it more, more realistic](http://i.imgur.com/VQztr0P.png)", "date": "2015-09-06 10:17:48", "seriesname": "g1351_cusgte2", "file": "/media/jbrogan4/scratch2/Reddit_Prov_Dataset_v6/_Mr_Bean_driving_his_car_like_a_pro/g1351_cusgte2.png", "URL": "http://i.imgur.com/VQztr0P.png", "fileid": "g1351_cusgte2.png"}, {"id": "g1351_cusqu1s", "comment": "[Magnus Bean](http://i.imgur.com/jMrjLAX.jpg).", "date": "2015-09-06 15:51:05", "seriesname": "g1351_cusqu1s", "file": "/media/jbrogan4/scratch2/Reddit_Prov_Dataset_v6/_Mr_Bean_driving_his_car_like_a_pro/g1351_cusqu1s.jpg", "URL": "http://i.imgur.com/jMrjLAX.jpg).", "fileid": "g1351_cusqu1s."}, {"id": "g1351_cusgpih", "comment": "http://i.imgur.com/8IMcnb7.jpg", "date": "2015-09-06 10:13:16", "seriesname": "g1351_cusgpih", "file": "/media/jbrogan4/scratch2/Reddit_Prov_Dataset_v6/_Mr_Bean_driving_his_car_like_a_pro/g1351_cusgpih.jpg", "URL": "http://i.imgur.com/8IMcnb7.jpg", "fileid": "g1351_cusgpih.jpg"}, {"id": "g1351_cusfkbd", "comment": "[Mr. Bean, the Rally Legend](http://i.imgur.com/FfKsyhB.jpg)", "date": "2015-09-06 09:19:32", "seriesname": "g1351_cusfkbd", "file": "/media/jbrogan4/scratch2/Reddit_Prov_Dataset_v6/_Mr_Bean_driving_his_car_like_a_pro/g1351_cusfkbd.jpg", "URL": "http://i.imgur.com/FfKsyhB.jpg", "fileid": "g1351_cusfkbd.jpg"}, {"id": "g1351_cusgx5x", "comment": "[I came in like a Mr Bean](http://i.imgur.com/bQrNa83.jpg)", "date": "2015-09-06 10:22:15", "seriesname": "g1351_cusgx5x", "file": "/media/jbrogan4/scratch2/Reddit_Prov_Dataset_v6/_Mr_Bean_driving_his_car_like_a_pro/g1351_cusgx5x.jpg", "URL": "http://i.imgur.com/bQrNa83.jpg", "fileid": "g1351_cusgx5x.jpg"}, {"id": "g1351_cushvxp", "comment": "[Sorry, the numberplate bugged me...](http://i.imgur.com/0Zro4mU.jpg)", "date": "2015-09-06 11:00:50", "seriesname": "g1351_cushvxp", "file": "/media/jbrogan4/scratch2/Reddit_Prov_Dataset_v6/_Mr_Bean_driving_his_car_like_a_pro/g1351_cushvxp.jpg", "URL": "http://i.imgur.com/0Zro4mU.jpg", "fileid": "g1351_cushvxp.jpg"}, {"id": "g1351_cuswy51", "comment": "[A British flying car, you say?](http://i.imgur.com/089O0D2.png)", "date": "2015-09-06 19:10:56", "seriesname": "g1351_cuswy51", "file": "/media/jbrogan4/scratch2/Reddit_Prov_Dataset_v6/_Mr_Bean_driving_his_car_like_a_pro/g1351_cuswy51.png", "URL": "http://i.imgur.com/089O0D2.png", "fileid": "g1351_cuswy51.png"}, {"id": "g1351_cusfs3o", "comment": "[Mr Bean driving a pro like his car](http://imgur.com/Z8yYmS8)", "date": "2015-09-06 09:30:21", "seriesname": "g1351_cusfs3o", "file": "/media/jbrogan4/scratch2/Reddit_Prov_Dataset_v6/_Mr_Bean_driving_his_car_like_a_pro/g1351_cusfs3o.png", "URL": "http://i.imgur.com/Z8yYmS8.png", "fileid": "g1351_cusfs3o.png"}, {"id": "g1351_cut7yc3", "comment": "[R.H.K. redditors for a happier keanu](http://i.imgur.com/qWCCtW6.png)", "date": "2015-09-07 02:07:25", "seriesname": "g1351_cut7yc3", "file": "/media/jbrogan4/scratch2/Reddit_Prov_Dataset_v6/_Mr_Bean_driving_his_car_like_a_pro/g1351_cut7yc3.png", "URL": "http://i.imgur.com/qWCCtW6.png", "fileid": "g1351_cut7yc3.png"}, {"id": "g1351_cuso2qz", "comment": "[Popemobile](http://i.imgur.com/SCRiFX2.jpg) I wish i knew how to make this better lol", "date": "2015-09-06 14:24:03", "seriesname": "g1351_cuso2qz", "file": "/media/jbrogan4/scratch2/Reddit_Prov_Dataset_v6/_Mr_Bean_driving_his_car_like_a_pro/g1351_cuso2qz.jpg", "URL": "http://i.imgur.com/SCRiFX2.jpg", "fileid": "g1351_cuso2qz.jpg"}, {"id": "g1351_cusjdh8", "comment": "Bean League:\nhttp://i.imgur.com/lSoZWet.jpg", "date": "2015-09-06 11:54:17", "seriesname": "g1351_cusjdh8", "file": "/media/jbrogan4/scratch2/Reddit_Prov_Dataset_v6/_Mr_Bean_driving_his_car_like_a_pro/g1351_cusjdh8.jpg", "URL": "http://i.imgur.com/lSoZWet.jpg", "fileid": "g1351_cusjdh8.jpg"}, {"id": "g1351_cusw9xr", "comment": "[Somewhat fixed the sharp edges](http://i.imgur.com/5W7cW9l.png)", "date": "2015-09-06 18:47:38", "seriesname": "g1351_cusw9xr", "file": "/media/jbrogan4/scratch2/Reddit_Prov_Dataset_v6/_Mr_Bean_driving_his_car_like_a_pro/g1351_cusw9xr.png", "URL": "http://i.imgur.com/5W7cW9l.png", "fileid": "g1351_cusw9xr.png"}, {"id": "g1351_cusfnva", "comment": "[Mr Bean's Holiday: Riding] http://imgur.com/uMOMi7h", "date": "2015-09-06 09:24:30", "seriesname": "g1351_cusfnva", "file": "/media/jbrogan4/scratch2/Reddit_Prov_Dataset_v6/_Mr_Bean_driving_his_car_like_a_pro/g1351_cusfnva.png", "URL": "http://i.imgur.com/uMOMi7h.png", "fileid": "g1351_cusfnva.png"}, {"id": "g1351_root", "comment": "", "date": "2015-09-06 06:38:35", "seriesname": "g1351_root", "file": "/media/jbrogan4/scratch2/Reddit_Prov_Dataset_v6/_Mr_Bean_driving_his_car_like_a_pro/g1351_root.jpg", "URL": "http://i.imgur.com/yDJKO4c.jpg", "fileid": "g1351_root.jpg"}, {"id": "g1351_cut2f30", "comment": "[All aboard the PSBattle Carnival Ride!](http://imgur.com/JR9eA5n)\n\nDon't ask how Bean got that car in there... Also, what is Trump doing!?!?!", "date": "2015-09-06 22:26:28", "seriesname": "g1351_cut2f30", "file": "/media/jbrogan4/scratch2/Reddit_Prov_Dataset_v6/_Mr_Bean_driving_his_car_like_a_pro/g1351_cut2f30.png", "URL": "http://i.imgur.com/JR9eA5n.png", "fileid": "g1351_cut2f30.png"}], "graph": {"name": "g1351_root"}, "directed": true}