{"links": [{"op": "none", "target": 0, "source": 45}, {"op": "none", "target": 1, "source": 56}, {"op": "none", "target": 2, "source": 56}, {"op": "none", "target": 3, "source": 56}, {"op": "none", "target": 4, "source": 23}, {"op": "none", "target": 5, "source": 56}, {"op": "none", "target": 6, "source": 56}, {"op": "none", "target": 7, "source": 56}, {"op": "none", "target": 8, "source": 56}, {"op": "none", "target": 9, "source": 56}, {"op": "none", "target": 10, "source": 22}, {"op": "none", "target": 11, "source": 56}, {"op": "none", "target": 12, "source": 55}, {"op": "none", "target": 13, "source": 45}, {"op": "none", "target": 14, "source": 56}, {"op": "none", "target": 15, "source": 56}, {"op": "none", "target": 16, "source": 56}, {"op": "none", "target": 17, "source": 56}, {"op": "none", "target": 18, "source": 56}, {"op": "none", "target": 19, "source": 56}, {"op": "none", "target": 20, "source": 23}, {"op": "none", "target": 21, "source": 56}, {"op": "none", "target": 22, "source": 56}, {"op": "none", "target": 23, "source": 56}, {"op": "none", "target": 24, "source": 41}, {"op": "none", "target": 25, "source": 56}, {"op": "none", "target": 26, "source": 56}, {"op": "none", "target": 27, "source": 56}, {"op": "none", "target": 28, "source": 56}, {"op": "none", "target": 29, "source": 34}, {"op": "none", "target": 30, "source": 56}, {"op": "none", "target": 31, "source": 56}, {"op": "none", "target": 32, "source": 56}, {"op": "none", "target": 33, "source": 56}, {"op": "none", "target": 34, "source": 56}, {"op": "none", "target": 35, "source": 56}, {"op": "none", "target": 36, "source": 56}, {"op": "none", "target": 37, "source": 56}, {"op": "none", "target": 38, "source": 56}, {"op": "none", "target": 39, "source": 56}, {"op": "none", "target": 40, "source": 56}, {"op": "none", "target": 41, "source": 56}, {"op": "none", "target": 42, "source": 56}, {"op": "none", "target": 43, "source": 56}, {"op": "none", "target": 44, "source": 56}, {"op": "none", "target": 45, "source": 40}, {"op": "none", "target": 46, "source": 56}, {"op": "none", "target": 47, "source": 56}, {"op": "none", "target": 48, "source": 56}, {"op": "none", "target": 49, "source": 56}, {"op": "none", "target": 50, "source": 56}, {"op": "none", "target": 51, "source": 56}, {"op": "none", "target": 52, "source": 56}, {"op": "none", "target": 53, "source": 56}, {"op": "none", "target": 54, "source": 56}, {"op": "none", "target": 55, "source": 23}, {"op": "none", "target": 57, "source": 56}, {"op": "none", "target": 58, "source": 56}], "title": "Otter_running_towards_camera", "nodes": [{"id": "g1356_cipzake", "comment": "[How's this](http://i.imgur.com/TFKqULo.jpg)? :)", "date": "2014-07-06 14:19:16", "seriesname": "g1356_cipzake", "file": "/media/jbrogan4/scratch2/Reddit_Prov_Dataset_v6/Otter_running_towards_camera/g1356_cipzake.jpg", "URL": "http://i.imgur.com/TFKqULo.jpg)?", "fileid": "g1356_cipzake.jpg"}, {"id": "g1356_cipxt1y", "comment": "[The Chase - Part II](http://i.imgur.com/oLHW2BG.jpg)", "date": "2014-07-06 13:20:37", "seriesname": "g1356_cipxt1y", "file": "/media/jbrogan4/scratch2/Reddit_Prov_Dataset_v6/Otter_running_towards_camera/g1356_cipxt1y.jpg", "URL": "http://i.imgur.com/oLHW2BG.jpg", "fileid": "g1356_cipxt1y.jpg"}, {"id": "g1356_cipwagw", "comment": "[Cool guys don't look at the explosions](http://imgur.com/Sfe3GAQ)", "date": "2014-07-06 12:18:14", "seriesname": "g1356_cipwagw", "file": "/media/jbrogan4/scratch2/Reddit_Prov_Dataset_v6/Otter_running_towards_camera/g1356_cipwagw.png", "URL": "http://i.imgur.com/Sfe3GAQ.png", "fileid": "g1356_cipwagw.png"}, {"id": "g1356_ciq30ab", "comment": "[King of Otters](http://i.imgur.com/AHdBWWn.png)", "date": "2014-07-06 16:46:22", "seriesname": "g1356_ciq30ab", "file": "/media/jbrogan4/scratch2/Reddit_Prov_Dataset_v6/Otter_running_towards_camera/g1356_ciq30ab.png", "URL": "http://i.imgur.com/AHdBWWn.png", "fileid": "g1356_ciq30ab.png"}, {"id": "g1356_ciq04q2", "comment": "[Race](http://imgur.com/NfAcYdG)\ni saw this long time ago and i had the idea of addn hower cat but when i refreshed i saw someone do it so i will just put it here", "date": "2014-07-06 14:51:46", "seriesname": "g1356_ciq04q2", "file": "/media/jbrogan4/scratch2/Reddit_Prov_Dataset_v6/Otter_running_towards_camera/g1356_ciq04q2.png", "URL": "http://i.imgur.com/NfAcYdG.png", "fileid": "g1356_ciq04q2.png"}, {"id": "g1356_cipxv9w", "comment": "[Destroying Esgaroth.](http://i.imgur.com/JrZwILd.jpg)", "date": "2014-07-06 13:23:06", "seriesname": "g1356_cipxv9w", "file": "/media/jbrogan4/scratch2/Reddit_Prov_Dataset_v6/Otter_running_towards_camera/g1356_cipxv9w.jpg", "URL": "http://i.imgur.com/JrZwILd.jpg", "fileid": "g1356_cipxv9w.jpg"}, {"id": "g1356_cipv2wi", "comment": "[***The only explanation is...'Otters'***](http://imgur.com/9G4QXhf)", "date": "2014-07-06 11:23:33", "seriesname": "g1356_cipv2wi", "file": "/media/jbrogan4/scratch2/Reddit_Prov_Dataset_v6/Otter_running_towards_camera/g1356_cipv2wi.png", "URL": "http://i.imgur.com/9G4QXhf.png", "fileid": "g1356_cipv2wi.png"}, {"id": "g1356_cipvs9e", "comment": "[http://i.imgur.com/fqRdvOv.jpg](http://i.imgur.com/fqRdvOv.jpg)", "date": "2014-07-06 11:56:11", "seriesname": "g1356_cipvs9e", "file": "/media/jbrogan4/scratch2/Reddit_Prov_Dataset_v6/Otter_running_towards_camera/g1356_cipvs9e.jpg", "URL": "http://i.imgur.com/fqRdvOv.jpg](http://i.imgur.com/fqRdvOv.jpg", "fileid": "g1356_cipvs9e.jpg"}, {"id": "g1356_cipszwc", "comment": "[She stole otter's pet rock :(](http://i.imgur.com/PXlpMaq.jpg)", "date": "2014-07-06 09:21:39", "seriesname": "g1356_cipszwc", "file": "/media/jbrogan4/scratch2/Reddit_Prov_Dataset_v6/Otter_running_towards_camera/g1356_cipszwc.jpg", "URL": "http://i.imgur.com/PXlpMaq.jpg", "fileid": "g1356_cipszwc.jpg"}, {"id": "g1356_cipwn2a", "comment": "[OH SHIIIIIIIIIII](http://imgur.com/rYrfXal)", "date": "2014-07-06 12:32:51", "seriesname": "g1356_cipwn2a", "file": "/media/jbrogan4/scratch2/Reddit_Prov_Dataset_v6/Otter_running_towards_camera/g1356_cipwn2a.png", "URL": "http://i.imgur.com/rYrfXal.png", "fileid": "g1356_cipwn2a.png"}, {"id": "g1356_ciq7f8e", "comment": "[Here you go.](http://i.imgur.com/1cUEit4.jpg) Best I could do with it being a low quality image to begin with.\n", "date": "2014-07-06 19:45:11", "seriesname": "g1356_ciq7f8e", "file": "/media/jbrogan4/scratch2/Reddit_Prov_Dataset_v6/Otter_running_towards_camera/g1356_ciq7f8e.jpg", "URL": "http://i.imgur.com/1cUEit4.jpg", "fileid": "g1356_ciq7f8e.jpg"}, {"id": "g1356_ciq97hf", "comment": "[Hoo Hoo. Big Summer Blowout!](http://i.imgur.com/WgL6rkn.png)", "date": "2014-07-06 21:01:20", "seriesname": "g1356_ciq97hf", "file": "/media/jbrogan4/scratch2/Reddit_Prov_Dataset_v6/Otter_running_towards_camera/g1356_ciq97hf.png", "URL": "http://i.imgur.com/WgL6rkn.png", "fileid": "g1356_ciq97hf.png"}, {"id": "g1356_cipwp0h", "comment": "[final form](http://i.imgur.com/WwmlUuT.jpg)\n\n^^^^^^^^^^^wut? ^^^^^^^^^^^is ^^^^^^^^^^^that ^^^^^^^^^^^orca?", "date": "2014-07-06 12:35:07", "seriesname": "g1356_cipwp0h", "file": "/media/jbrogan4/scratch2/Reddit_Prov_Dataset_v6/Otter_running_towards_camera/g1356_cipwp0h.jpg", "URL": "http://i.imgur.com/WwmlUuT.jpg", "fileid": "g1356_cipwp0h.jpg"}, {"id": "g1356_cipz6xr", "comment": "[Here you go!](http://i.imgur.com/nqriYgb.jpg)", "date": "2014-07-06 14:15:21", "seriesname": "g1356_cipz6xr", "file": "/media/jbrogan4/scratch2/Reddit_Prov_Dataset_v6/Otter_running_towards_camera/g1356_cipz6xr.jpg", "URL": "http://i.imgur.com/nqriYgb.jpg", "fileid": "g1356_cipz6xr.jpg"}, {"id": "g1356_ciqedqx", "comment": "[Mad Max!](http://i.imgur.com/8zaLFZY.jpg)", "date": "2014-07-07 00:36:11", "seriesname": "g1356_ciqedqx", "file": "/media/jbrogan4/scratch2/Reddit_Prov_Dataset_v6/Otter_running_towards_camera/g1356_ciqedqx.jpg", "URL": "http://i.imgur.com/8zaLFZY.jpg", "fileid": "g1356_ciqedqx.jpg"}, {"id": "g1356_ciqfoxh", "comment": "* [what nice teeth you have](http://imgur.com/W1jzV2w)\n\n\n\n* [Otterzilla](http://i.imgur.com/mL0X0iK.jpg)\t", "date": "2014-07-07 01:40:19", "seriesname": "g1356_ciqfoxh", "file": "/media/jbrogan4/scratch2/Reddit_Prov_Dataset_v6/Otter_running_towards_camera/g1356_ciqfoxh.jpg", "URL": "http://i.imgur.com/mL0X0iK.jpg", "fileid": "g1356_ciqfoxh.jpg"}, {"id": "g1356_cipv8f6", "comment": "[Spidotter](http://i.imgur.com/LlFAZfS.jpg)", "date": "2014-07-06 11:30:57", "seriesname": "g1356_cipv8f6", "file": "/media/jbrogan4/scratch2/Reddit_Prov_Dataset_v6/Otter_running_towards_camera/g1356_cipv8f6.jpg", "URL": "http://i.imgur.com/LlFAZfS.jpg", "fileid": "g1356_cipv8f6.jpg"}, {"id": "g1356_cipyl3x", "comment": "[not like the other star wars shops](http://i.imgur.com/2pkxnJV.jpg)", "date": "2014-07-06 13:51:21", "seriesname": "g1356_cipyl3x", "file": "/media/jbrogan4/scratch2/Reddit_Prov_Dataset_v6/Otter_running_towards_camera/g1356_cipyl3x.jpg", "URL": "http://i.imgur.com/2pkxnJV.jpg", "fileid": "g1356_cipyl3x.jpg"}, {"id": "g1356_cipvrq7", "comment": "[WATCHOUT!](http://i.imgur.com/KF1Xsmp.gif)", "date": "2014-07-06 11:55:30", "seriesname": "g1356_cipvrq7", "file": "/media/jbrogan4/scratch2/Reddit_Prov_Dataset_v6/Otter_running_towards_camera/g1356_cipvrq7.jpg", "URL": "http://i.imgur.com/KF1Xsmp.gif", "fileid": "g1356_cipvrq7.gif"}, {"id": "g1356_cipwhq2", "comment": "[My first time](http://imgur.com/m8qv70w)", "date": "2014-07-06 12:26:39", "seriesname": "g1356_cipwhq2", "file": "/media/jbrogan4/scratch2/Reddit_Prov_Dataset_v6/Otter_running_towards_camera/g1356_cipwhq2.png", "URL": "http://i.imgur.com/m8qv70w.png", "fileid": "g1356_cipwhq2.png"}, {"id": "g1356_cipz96i", "comment": "[GIF'd!](http://www.gfycat.com/OffensiveSlimyJabiru)\n\n&amp;#0160;\n\n[^(Edit: Imgur Mirror)](http://i.imgur.com/yoPcJ6x.gif)\n\n^(Edit: Thank you, generous stranger :D)", "date": "2014-07-06 14:17:46", "seriesname": "g1356_cipz96i", "file": "/media/jbrogan4/scratch2/Reddit_Prov_Dataset_v6/Otter_running_towards_camera/g1356_cipz96i.jpg", "URL": "http://i.imgur.com/yoPcJ6x.gif", "fileid": "g1356_cipz96i.gif"}, {"id": "g1356_ciqa5v6", "comment": "[Think of the otters!](http://imgur.com/LUJzhxr)", "date": "2014-07-06 21:41:25", "seriesname": "g1356_ciqa5v6", "file": "/media/jbrogan4/scratch2/Reddit_Prov_Dataset_v6/Otter_running_towards_camera/g1356_ciqa5v6.png", "URL": "http://i.imgur.com/LUJzhxr.png", "fileid": "g1356_ciqa5v6.png"}, {"id": "g1356_cipu3aj", "comment": "[giant otter chasing gazelle](http://imgur.com/I7HDpgk)", "date": "2014-07-06 10:31:44", "seriesname": "g1356_cipu3aj", "file": "/media/jbrogan4/scratch2/Reddit_Prov_Dataset_v6/Otter_running_towards_camera/g1356_cipu3aj.png", "URL": "http://i.imgur.com/I7HDpgk.png", "fileid": "g1356_cipu3aj.png"}, {"id": "g1356_cipug6c", "comment": "[Oh shit, oh shit, oh shit...](http://i.imgur.com/gsQhh58.jpg)", "date": "2014-07-06 10:51:05", "seriesname": "g1356_cipug6c", "file": "/media/jbrogan4/scratch2/Reddit_Prov_Dataset_v6/Otter_running_towards_camera/g1356_cipug6c.jpg", "URL": "http://i.imgur.com/gsQhh58.jpg", "fileid": "g1356_cipug6c.jpg"}, {"id": "g1356_ciq6xph", "comment": "Gurpa made one perhaps even more [relevant.](http://i.imgur.com/kVsK6jy.png)\n\n...In case you didn't already see it.", "date": "2014-07-06 19:24:37", "seriesname": "g1356_ciq6xph", "file": "/media/jbrogan4/scratch2/Reddit_Prov_Dataset_v6/Otter_running_towards_camera/g1356_ciq6xph.png", "URL": "http://i.imgur.com/kVsK6jy.png", "fileid": "g1356_ciq6xph.png"}, {"id": "g1356_cipwj02", "comment": "[The Otter Guys](http://i.imgur.com/t3ZVpLL.jpg)", "date": "2014-07-06 12:28:09", "seriesname": "g1356_cipwj02", "file": "/media/jbrogan4/scratch2/Reddit_Prov_Dataset_v6/Otter_running_towards_camera/g1356_cipwj02.jpg", "URL": "http://i.imgur.com/t3ZVpLL.jpg", "fileid": "g1356_cipwj02.jpg"}, {"id": "g1356_cipx24g", "comment": "[Sensual Massage!](http://i.imgur.com/bbbKMPs.jpg)", "date": "2014-07-06 12:49:55", "seriesname": "g1356_cipx24g", "file": "/media/jbrogan4/scratch2/Reddit_Prov_Dataset_v6/Otter_running_towards_camera/g1356_cipx24g.jpg", "URL": "http://i.imgur.com/bbbKMPs.jpg", "fileid": "g1356_cipx24g.jpg"}, {"id": "g1356_cipwkw6", "comment": "[The Otter was made, and we therefore have a use for it](http://i.imgur.com/D2CufId.jpg)", "date": "2014-07-06 12:30:21", "seriesname": "g1356_cipwkw6", "file": "/media/jbrogan4/scratch2/Reddit_Prov_Dataset_v6/Otter_running_towards_camera/g1356_cipwkw6.jpg", "URL": "http://i.imgur.com/D2CufId.jpg", "fileid": "g1356_cipwkw6.jpg"}, {"id": "g1356_cipvmw0", "comment": "http://i.imgur.com/b332hpu.jpg", "date": "2014-07-06 11:49:22", "seriesname": "g1356_cipvmw0", "file": "/media/jbrogan4/scratch2/Reddit_Prov_Dataset_v6/Otter_running_towards_camera/g1356_cipvmw0.jpg", "URL": "http://i.imgur.com/b332hpu.jpg", "fileid": "g1356_cipvmw0.jpg"}, {"id": "g1356_ciq8ay4", "comment": "http://imgur.com/Y3H5G0H", "date": "2014-07-06 20:22:29", "seriesname": "g1356_ciq8ay4", "file": "/media/jbrogan4/scratch2/Reddit_Prov_Dataset_v6/Otter_running_towards_camera/g1356_ciq8ay4.png", "URL": "http://i.imgur.com/Y3H5G0H.png", "fileid": "g1356_ciq8ay4.png"}, {"id": "g1356_cipvb9g", "comment": "[Riding a furry tractor.](http://i.imgur.com/60Dbhmi.jpg)", "date": "2014-07-06 11:34:39", "seriesname": "g1356_cipvb9g", "file": "/media/jbrogan4/scratch2/Reddit_Prov_Dataset_v6/Otter_running_towards_camera/g1356_cipvb9g.jpg", "URL": "http://i.imgur.com/60Dbhmi.jpg", "fileid": "g1356_cipvb9g.jpg"}, {"id": "g1356_cipvciu", "comment": "[Well, I Know where he's going](http://i.imgur.com/gkhb6Jh.jpg)", "date": "2014-07-06 11:36:12", "seriesname": "g1356_cipvciu", "file": "/media/jbrogan4/scratch2/Reddit_Prov_Dataset_v6/Otter_running_towards_camera/g1356_cipvciu.jpg", "URL": "http://i.imgur.com/gkhb6Jh.jpg", "fileid": "g1356_cipvciu.jpg"}, {"id": "g1356_ciq46sj", "comment": "http://imgur.com/tP4unYX\nI don't think you understand the gravity of the situation...", "date": "2014-07-06 17:33:12", "seriesname": "g1356_ciq46sj", "file": "/media/jbrogan4/scratch2/Reddit_Prov_Dataset_v6/Otter_running_towards_camera/g1356_ciq46sj.png", "URL": "http://i.imgur.com/tP4unYX.png", "fileid": "g1356_ciq46sj.png"}, {"id": "g1356_ciq0jw8", "comment": "[Podracing](http://i.imgur.com/NME36h8.jpg)", "date": "2014-07-06 15:08:30", "seriesname": "g1356_ciq0jw8", "file": "/media/jbrogan4/scratch2/Reddit_Prov_Dataset_v6/Otter_running_towards_camera/g1356_ciq0jw8.jpg", "URL": "http://i.imgur.com/NME36h8.jpg", "fileid": "g1356_ciq0jw8.jpg"}, {"id": "g1356_cipumn8", "comment": "[**RUN**](http://i.imgur.com/qRD5CAw.jpg)", "date": "2014-07-06 11:00:39", "seriesname": "g1356_cipumn8", "file": "/media/jbrogan4/scratch2/Reddit_Prov_Dataset_v6/Otter_running_towards_camera/g1356_cipumn8.jpg", "URL": "http://i.imgur.com/qRD5CAw.jpg", "fileid": "g1356_cipumn8.jpg"}, {"id": "g1356_ciqk5vh", "comment": "[It has begun](http://i.imgur.com/KYzD94e.png)", "date": "2014-07-07 07:34:40", "seriesname": "g1356_ciqk5vh", "file": "/media/jbrogan4/scratch2/Reddit_Prov_Dataset_v6/Otter_running_towards_camera/g1356_ciqk5vh.png", "URL": "http://i.imgur.com/KYzD94e.png", "fileid": "g1356_ciqk5vh.png"}, {"id": "g1356_ciq06c0", "comment": "[Buizel, use water jet!] (http://i.imgur.com/RYrARs5.jpg)", "date": "2014-07-06 14:53:33", "seriesname": "g1356_ciq06c0", "file": "/media/jbrogan4/scratch2/Reddit_Prov_Dataset_v6/Otter_running_towards_camera/g1356_ciq06c0.jpg", "URL": "http://i.imgur.com/RYrARs5.jpg", "fileid": "g1356_ciq06c0.jpg"}, {"id": "g1356_cipvb7j", "comment": "[A Quick Getaway](http://i.imgur.com/kVsK6jy.png)\nOh gosh I suck with photoshop...", "date": "2014-07-06 11:34:34", "seriesname": "g1356_cipvb7j", "file": "/media/jbrogan4/scratch2/Reddit_Prov_Dataset_v6/Otter_running_towards_camera/g1356_cipvb7j.png", "URL": "http://i.imgur.com/kVsK6jy.png", "fileid": "g1356_cipvb7j.png"}, {"id": "g1356_cipv67b", "comment": "[A Space Ottersy](http://i.imgur.com/SNDciYq.jpg)", "date": "2014-07-06 11:27:59", "seriesname": "g1356_cipv67b", "file": "/media/jbrogan4/scratch2/Reddit_Prov_Dataset_v6/Otter_running_towards_camera/g1356_cipv67b.jpg", "URL": "http://i.imgur.com/SNDciYq.jpg", "fileid": "g1356_cipv67b.jpg"}, {"id": "g1356_cipuvr9", "comment": "[***MUST GO FASTER!***](http://imgur.com/GvUFeXB)", "date": "2014-07-06 11:13:40", "seriesname": "g1356_cipuvr9", "file": "/media/jbrogan4/scratch2/Reddit_Prov_Dataset_v6/Otter_running_towards_camera/g1356_cipuvr9.png", "URL": "http://i.imgur.com/GvUFeXB.png", "fileid": "g1356_cipuvr9.png"}, {"id": "g1356_cipu4ht", "comment": "[Free spirits running as one](http://i.imgur.com/HkXJbCY.jpg)\n\n([Free spirits actually running as one](http://i.imgur.com/23phnuX.jpg))", "date": "2014-07-06 10:33:36", "seriesname": "g1356_cipu4ht", "file": "/media/jbrogan4/scratch2/Reddit_Prov_Dataset_v6/Otter_running_towards_camera/g1356_cipu4ht.jpg", "URL": "http://i.imgur.com/23phnuX.jpg)", "fileid": "g1356_cipu4ht.jpg"}, {"id": "g1356_cipvj1u", "comment": "[Otter Wars](http://imgur.com/JOt0nyL)", "date": "2014-07-06 11:44:32", "seriesname": "g1356_cipvj1u", "file": "/media/jbrogan4/scratch2/Reddit_Prov_Dataset_v6/Otter_running_towards_camera/g1356_cipvj1u.png", "URL": "http://i.imgur.com/JOt0nyL.png", "fileid": "g1356_cipvj1u.png"}, {"id": "g1356_cipx4t8", "comment": "[Under the sea](http://i.imgur.com/EFY4hTE.jpg)", "date": "2014-07-06 12:53:00", "seriesname": "g1356_cipx4t8", "file": "/media/jbrogan4/scratch2/Reddit_Prov_Dataset_v6/Otter_running_towards_camera/g1356_cipx4t8.jpg", "URL": "http://i.imgur.com/EFY4hTE.jpg", "fileid": "g1356_cipx4t8.jpg"}, {"id": "g1356_cipvtrz", "comment": "[Made this for the /r/animalporn thread.](http://i.imgur.com/RNwA9O6.png)", "date": "2014-07-06 11:58:07", "seriesname": "g1356_cipvtrz", "file": "/media/jbrogan4/scratch2/Reddit_Prov_Dataset_v6/Otter_running_towards_camera/g1356_cipvtrz.png", "URL": "http://i.imgur.com/RNwA9O6.png", "fileid": "g1356_cipvtrz.png"}, {"id": "g1356_cipvivb", "comment": "[PHOTO!!!!!](http://i.imgur.com/N03dHrS.jpg)", "date": "2014-07-06 11:44:18", "seriesname": "g1356_cipvivb", "file": "/media/jbrogan4/scratch2/Reddit_Prov_Dataset_v6/Otter_running_towards_camera/g1356_cipvivb.jpg", "URL": "http://i.imgur.com/N03dHrS.jpg", "fileid": "g1356_cipvivb.jpg"}, {"id": "g1356_cipul21", "comment": "[More feline friends to fly with](http://i.imgur.com/0YRDJp9.jpg)\n\n**Edit:** [Different version](http://i.imgur.com/HmCsNwf.jpg)", "date": "2014-07-06 10:58:18", "seriesname": "g1356_cipul21", "file": "/media/jbrogan4/scratch2/Reddit_Prov_Dataset_v6/Otter_running_towards_camera/g1356_cipul21.jpg", "URL": "http://i.imgur.com/HmCsNwf.jpg", "fileid": "g1356_cipul21.jpg"}, {"id": "g1356_cipxijo", "comment": "[Game cancelled until further notice](http://i.imgur.com/ztZOas7.jpg)", "date": "2014-07-06 13:08:43", "seriesname": "g1356_cipxijo", "file": "/media/jbrogan4/scratch2/Reddit_Prov_Dataset_v6/Otter_running_towards_camera/g1356_cipxijo.jpg", "URL": "http://i.imgur.com/ztZOas7.jpg", "fileid": "g1356_cipxijo.jpg"}, {"id": "g1356_ciq2qrn", "comment": "http://i.imgur.com/GzFrB1X.jpg", "date": "2014-07-06 16:35:40", "seriesname": "g1356_ciq2qrn", "file": "/media/jbrogan4/scratch2/Reddit_Prov_Dataset_v6/Otter_running_towards_camera/g1356_ciq2qrn.jpg", "URL": "http://i.imgur.com/GzFrB1X.jpg", "fileid": "g1356_ciq2qrn.jpg"}, {"id": "g1356_cipxiur", "comment": "[Freefallin'](http://i.imgur.com/Ujk3jSD.jpg)", "date": "2014-07-06 13:09:05", "seriesname": "g1356_cipxiur", "file": "/media/jbrogan4/scratch2/Reddit_Prov_Dataset_v6/Otter_running_towards_camera/g1356_cipxiur.jpg", "URL": "http://i.imgur.com/Ujk3jSD.jpg", "fileid": "g1356_cipxiur.jpg"}, {"id": "g1356_cipvcyp", "comment": "[Charge!](http://i.imgur.com/lmvhw5Q.jpg)", "date": "2014-07-06 11:36:46", "seriesname": "g1356_cipvcyp", "file": "/media/jbrogan4/scratch2/Reddit_Prov_Dataset_v6/Otter_running_towards_camera/g1356_cipvcyp.jpg", "URL": "http://i.imgur.com/lmvhw5Q.jpg", "fileid": "g1356_cipvcyp.jpg"}, {"id": "g1356_ciq6rb2", "comment": "[Otter Dragon](http://i.imgur.com/7RSubbA.jpg)", "date": "2014-07-06 19:17:12", "seriesname": "g1356_ciq6rb2", "file": "/media/jbrogan4/scratch2/Reddit_Prov_Dataset_v6/Otter_running_towards_camera/g1356_ciq6rb2.jpg", "URL": "http://i.imgur.com/7RSubbA.jpg", "fileid": "g1356_ciq6rb2.jpg"}, {"id": "g1356_ciq4470", "comment": "[Otter Loaf](http://i.imgur.com/zzGKOXk.png) or possible hovotter.", "date": "2014-07-06 17:30:37", "seriesname": "g1356_ciq4470", "file": "/media/jbrogan4/scratch2/Reddit_Prov_Dataset_v6/Otter_running_towards_camera/g1356_ciq4470.png", "URL": "http://i.imgur.com/zzGKOXk.png", "fileid": "g1356_ciq4470.png"}, {"id": "g1356_ciq16nv", "comment": "[otterception] (http://imgur.com/707PYdO)", "date": "2014-07-06 15:33:45", "seriesname": "g1356_ciq16nv", "file": "/media/jbrogan4/scratch2/Reddit_Prov_Dataset_v6/Otter_running_towards_camera/g1356_ciq16nv.png", "URL": "http://i.imgur.com/707PYdO.png", "fileid": "g1356_ciq16nv.png"}, {"id": "g1356_ciq7aaa", "comment": "[Mirror, just in case.](http://imgur.com/2AWzMVn)", "date": "2014-07-06 19:39:21", "seriesname": "g1356_ciq7aaa", "file": "/media/jbrogan4/scratch2/Reddit_Prov_Dataset_v6/Otter_running_towards_camera/g1356_ciq7aaa.png", "URL": "http://i.imgur.com/2AWzMVn.png", "fileid": "g1356_ciq7aaa.png"}, {"id": "g1356_cipvzuw", "comment": "[Where's Waldo PSB-edition #3](http://i.imgur.com/zo6Me55.jpg)\n\nMr Otter is in there... also \"a fan\" *(EDIT for clarity: \"the painted german football fan\")*, \"german flag girl\", and don't forget Wally.\n\n[The solution for the lazy](http://i.imgur.com/8iOM0LB.jpg) (or for those who don't care to look).", "date": "2014-07-06 12:05:35", "seriesname": "g1356_cipvzuw", "file": "/media/jbrogan4/scratch2/Reddit_Prov_Dataset_v6/Otter_running_towards_camera/g1356_cipvzuw.jpg", "URL": "http://i.imgur.com/8iOM0LB.jpg", "fileid": "g1356_cipvzuw.jpg"}, {"id": "g1356_cipw74i", "comment": "[the more the merrier](http://i.imgur.com/LQBLYqS.jpg)", "date": "2014-07-06 12:14:20", "seriesname": "g1356_cipw74i", "file": "/media/jbrogan4/scratch2/Reddit_Prov_Dataset_v6/Otter_running_towards_camera/g1356_cipw74i.jpg", "URL": "http://i.imgur.com/LQBLYqS.jpg", "fileid": "g1356_cipw74i.jpg"}, {"id": "g1356_root", "comment": "", "date": "2014-07-06 09:01:22", "seriesname": "g1356_root", "file": "/media/jbrogan4/scratch2/Reddit_Prov_Dataset_v6/Otter_running_towards_camera/g1356_root.jpg", "URL": "http://images.nationalgeographic.com/wpf/media-live/photos/000/811/cache/otter-running-united-kingdom_81118_990x742.jpg", "fileid": "g1356_root.jpg"}, {"id": "g1356_cipvrur", "comment": "[Otter slippers!](http://i.imgur.com/XVpkswk.jpg)", "date": "2014-07-06 11:55:40", "seriesname": "g1356_cipvrur", "file": "/media/jbrogan4/scratch2/Reddit_Prov_Dataset_v6/Otter_running_towards_camera/g1356_cipvrur.jpg", "URL": "http://i.imgur.com/XVpkswk.jpg", "fileid": "g1356_cipvrur.jpg"}, {"id": "g1356_cir40uw", "comment": "[Run Otter Run] (http://i.imgur.com/GHCpDc7.jpg)", "date": "2014-07-07 19:44:56", "seriesname": "g1356_cir40uw", "file": "/media/jbrogan4/scratch2/Reddit_Prov_Dataset_v6/Otter_running_towards_camera/g1356_cir40uw.jpg", "URL": "http://i.imgur.com/GHCpDc7.jpg", "fileid": "g1356_cir40uw.jpg"}], "graph": {"name": "g1356_root"}, "directed": true}