{"links": [{"op": "none", "target": 0, "source": 59}, {"op": "none", "target": 1, "source": 52}, {"op": "none", "target": 2, "source": 59}, {"op": "none", "target": 3, "source": 59}, {"op": "none", "target": 4, "source": 59}, {"op": "none", "target": 5, "source": 59}, {"op": "none", "target": 6, "source": 59}, {"op": "none", "target": 7, "source": 59}, {"op": "none", "target": 8, "source": 59}, {"op": "none", "target": 9, "source": 59}, {"op": "none", "target": 10, "source": 5}, {"op": "none", "target": 11, "source": 59}, {"op": "none", "target": 12, "source": 59}, {"op": "none", "target": 13, "source": 59}, {"op": "none", "target": 14, "source": 59}, {"op": "none", "target": 15, "source": 59}, {"op": "none", "target": 16, "source": 59}, {"op": "none", "target": 17, "source": 59}, {"op": "none", "target": 18, "source": 46}, {"op": "none", "target": 19, "source": 59}, {"op": "none", "target": 20, "source": 59}, {"op": "none", "target": 21, "source": 59}, {"op": "none", "target": 22, "source": 59}, {"op": "none", "target": 23, "source": 59}, {"op": "none", "target": 24, "source": 59}, {"op": "none", "target": 25, "source": 59}, {"op": "none", "target": 26, "source": 59}, {"op": "none", "target": 27, "source": 59}, {"op": "none", "target": 28, "source": 59}, {"op": "none", "target": 29, "source": 59}, {"op": "none", "target": 30, "source": 59}, {"op": "none", "target": 31, "source": 59}, {"op": "none", "target": 32, "source": 59}, {"op": "none", "target": 33, "source": 59}, {"op": "none", "target": 34, "source": 59}, {"op": "none", "target": 35, "source": 59}, {"op": "none", "target": 36, "source": 59}, {"op": "none", "target": 37, "source": 14}, {"op": "none", "target": 38, "source": 59}, {"op": "none", "target": 39, "source": 59}, {"op": "none", "target": 40, "source": 59}, {"op": "none", "target": 41, "source": 59}, {"op": "none", "target": 42, "source": 59}, {"op": "none", "target": 43, "source": 59}, {"op": "none", "target": 44, "source": 59}, {"op": "none", "target": 45, "source": 59}, {"op": "none", "target": 46, "source": 42}, {"op": "none", "target": 47, "source": 59}, {"op": "none", "target": 48, "source": 59}, {"op": "none", "target": 49, "source": 59}, {"op": "none", "target": 50, "source": 59}, {"op": "none", "target": 51, "source": 59}, {"op": "none", "target": 52, "source": 59}, {"op": "none", "target": 53, "source": 20}, {"op": "none", "target": 54, "source": 59}, {"op": "none", "target": 55, "source": 59}, {"op": "none", "target": 56, "source": 59}, {"op": "none", "target": 57, "source": 59}, {"op": "none", "target": 58, "source": 59}, {"op": "none", "target": 60, "source": 59}], "title": "_Obama_wielding_a_lightsaber_in_front_of_the_White_House_while_others_look_on", "nodes": [{"id": "g1367_cndfag2", "comment": "little helper\nhttp://i.imgur.com/WmGnotn.jpg", "date": "2015-01-03 16:17:11", "seriesname": "g1367_cndfag2", "file": "/media/jbrogan4/scratch2/Reddit_Prov_Dataset_v6/_Obama_wielding_a_lightsaber_in_front_of_the_White_House_while_others_look_on/g1367_cndfag2.jpg", "URL": "http://i.imgur.com/WmGnotn.jpg", "fileid": "g1367_cndfag2.jpg"}, {"id": "g1367_cndpunk", "comment": "[Here's a bit of everything.](https://i.imgur.com/kIHCaHh.jpg)", "date": "2015-01-03 21:50:24", "seriesname": "g1367_cndpunk", "file": "/media/jbrogan4/scratch2/Reddit_Prov_Dataset_v6/_Obama_wielding_a_lightsaber_in_front_of_the_White_House_while_others_look_on/g1367_cndpunk.jpg", "URL": "https://i.imgur.com/kIHCaHh.jpg", "fileid": "g1367_cndpunk.jpg"}, {"id": "g1367_cndfe9i", "comment": "[f u mister president](http://i.imgur.com/nlvGeVP.jpg) ", "date": "2015-01-03 16:20:39", "seriesname": "g1367_cndfe9i", "file": "/media/jbrogan4/scratch2/Reddit_Prov_Dataset_v6/_Obama_wielding_a_lightsaber_in_front_of_the_White_House_while_others_look_on/g1367_cndfe9i.jpg", "URL": "http://i.imgur.com/nlvGeVP.jpg", "fileid": "g1367_cndfe9i.jpg"}, {"id": "g1367_cnd9txp", "comment": "[Introducing new Jedi reform, Obamafight](http://i.imgur.com/YefEA3t.png)", "date": "2015-01-03 13:15:32", "seriesname": "g1367_cnd9txp", "file": "/media/jbrogan4/scratch2/Reddit_Prov_Dataset_v6/_Obama_wielding_a_lightsaber_in_front_of_the_White_House_while_others_look_on/g1367_cnd9txp.png", "URL": "http://i.imgur.com/YefEA3t.png", "fileid": "g1367_cnd9txp.png"}, {"id": "g1367_cndcp1s", "comment": "http://i.imgur.com/wCcqBvB.jpg", "date": "2015-01-03 14:50:33", "seriesname": "g1367_cndcp1s", "file": "/media/jbrogan4/scratch2/Reddit_Prov_Dataset_v6/_Obama_wielding_a_lightsaber_in_front_of_the_White_House_while_others_look_on/g1367_cndcp1s.jpg", "URL": "http://i.imgur.com/wCcqBvB.jpg", "fileid": "g1367_cndcp1s.jpg"}, {"id": "g1367_cndad7m", "comment": "[Qui-bama Jinn](http://i.imgur.com/1WOkvgh.png)\n\nEdit:  Added Joebi-den Kenobi", "date": "2015-01-03 13:33:29", "seriesname": "g1367_cndad7m", "file": "/media/jbrogan4/scratch2/Reddit_Prov_Dataset_v6/_Obama_wielding_a_lightsaber_in_front_of_the_White_House_while_others_look_on/g1367_cndad7m.png", "URL": "http://i.imgur.com/1WOkvgh.png", "fileid": "g1367_cndad7m.png"}, {"id": "g1367_cndly0d", "comment": "my first photoshop  http://imgur.com/7U3NEK0", "date": "2015-01-03 19:47:26", "seriesname": "g1367_cndly0d", "file": "/media/jbrogan4/scratch2/Reddit_Prov_Dataset_v6/_Obama_wielding_a_lightsaber_in_front_of_the_White_House_while_others_look_on/g1367_cndly0d.png", "URL": "http://i.imgur.com/7U3NEK0.png", "fileid": "g1367_cndly0d.png"}, {"id": "g1367_cndklfv", "comment": "By request: [Genre Crossing](https://i.imgur.com/QOvULky.jpg)", "date": "2015-01-03 19:06:28", "seriesname": "g1367_cndklfv", "file": "/media/jbrogan4/scratch2/Reddit_Prov_Dataset_v6/_Obama_wielding_a_lightsaber_in_front_of_the_White_House_while_others_look_on/g1367_cndklfv.jpg", "URL": "https://i.imgur.com/QOvULky.jpg", "fileid": "g1367_cndklfv.jpg"}, {"id": "g1367_cnd96z1", "comment": "[The Dark Side........and the light....](http://i.imgur.com/4vTxqsu.jpg)", "date": "2015-01-03 12:53:53", "seriesname": "g1367_cnd96z1", "file": "/media/jbrogan4/scratch2/Reddit_Prov_Dataset_v6/_Obama_wielding_a_lightsaber_in_front_of_the_White_House_while_others_look_on/g1367_cnd96z1.jpg", "URL": "http://i.imgur.com/4vTxqsu.jpg", "fileid": "g1367_cnd96z1.jpg"}, {"id": "g1367_cnditrb", "comment": "[... and here I am, just wanting to make a cool picture of the president with a lightsaber, no jokes, hopefully cool enough.](http://i.imgur.com/OiugmKL.jpg) ", "date": "2015-01-03 18:10:51", "seriesname": "g1367_cnditrb", "file": "/media/jbrogan4/scratch2/Reddit_Prov_Dataset_v6/_Obama_wielding_a_lightsaber_in_front_of_the_White_House_while_others_look_on/g1367_cnditrb.jpg", "URL": "http://i.imgur.com/OiugmKL.jpg", "fileid": "g1367_cnditrb.jpg"}, {"id": "g1367_cnddd5v", "comment": "[You were the chosen one! You were supposed to bring balance to the force, not leave it in darkness!](http://i.imgur.com/qHfskw5.jpg)", "date": "2015-01-03 15:13:08", "seriesname": "g1367_cnddd5v", "file": "/media/jbrogan4/scratch2/Reddit_Prov_Dataset_v6/_Obama_wielding_a_lightsaber_in_front_of_the_White_House_while_others_look_on/g1367_cnddd5v.jpg", "URL": "http://i.imgur.com/qHfskw5.jpg", "fileid": "g1367_cnddd5v.jpg"}, {"id": "g1367_cndbhdl", "comment": "LEAKED CAMEO FROM EPISODE VII: THE FORCE AWAKENS\n\nhttp://imgur.com/i9QpPzc", "date": "2015-01-03 14:10:51", "seriesname": "g1367_cndbhdl", "file": "/media/jbrogan4/scratch2/Reddit_Prov_Dataset_v6/_Obama_wielding_a_lightsaber_in_front_of_the_White_House_while_others_look_on/g1367_cndbhdl.png", "URL": "http://i.imgur.com/i9QpPzc.png", "fileid": "g1367_cndbhdl.png"}, {"id": "g1367_cndarrs", "comment": "http://i.imgur.com/gYafUYF.jpg\n\nEdit: \n[With Joe Biden](http://i.imgur.com/KL8ma1x.jpg)  - thanks /u/Kreeyater for suggestion", "date": "2015-01-03 13:47:07", "seriesname": "g1367_cndarrs", "file": "/media/jbrogan4/scratch2/Reddit_Prov_Dataset_v6/_Obama_wielding_a_lightsaber_in_front_of_the_White_House_while_others_look_on/g1367_cndarrs.jpg", "URL": "http://i.imgur.com/KL8ma1x.jpg", "fileid": "g1367_cndarrs.jpg"}, {"id": "g1367_cndptt9", "comment": "http://i.imgur.com/tjzrEGB.jpg Windu Approved.", "date": "2015-01-03 21:49:41", "seriesname": "g1367_cndptt9", "file": "/media/jbrogan4/scratch2/Reddit_Prov_Dataset_v6/_Obama_wielding_a_lightsaber_in_front_of_the_White_House_while_others_look_on/g1367_cndptt9.jpg", "URL": "http://i.imgur.com/tjzrEGB.jpg", "fileid": "g1367_cndptt9.jpg"}, {"id": "g1367_cndcbrr", "comment": "[I'm not left-handed either](http://i.imgur.com/HJvnXSE.jpg)", "date": "2015-01-03 14:38:23", "seriesname": "g1367_cndcbrr", "file": "/media/jbrogan4/scratch2/Reddit_Prov_Dataset_v6/_Obama_wielding_a_lightsaber_in_front_of_the_White_House_while_others_look_on/g1367_cndcbrr.jpg", "URL": "http://i.imgur.com/HJvnXSE.jpg", "fileid": "g1367_cndcbrr.jpg"}, {"id": "g1367_cndhn4f", "comment": "[My master piece.](http://i.imgur.com/yMqTLOk.png)", "date": "2015-01-03 17:33:23", "seriesname": "g1367_cndhn4f", "file": "/media/jbrogan4/scratch2/Reddit_Prov_Dataset_v6/_Obama_wielding_a_lightsaber_in_front_of_the_White_House_while_others_look_on/g1367_cndhn4f.png", "URL": "http://i.imgur.com/yMqTLOk.png", "fileid": "g1367_cndhn4f.png"}, {"id": "g1367_cndeqwr", "comment": "\"We will not be hostages to be bartered, Putin.\"\n\nhttp://imgur.com/kTirB9G\n\n", "date": "2015-01-03 15:58:49", "seriesname": "g1367_cndeqwr", "file": "/media/jbrogan4/scratch2/Reddit_Prov_Dataset_v6/_Obama_wielding_a_lightsaber_in_front_of_the_White_House_while_others_look_on/g1367_cndeqwr.png", "URL": "http://i.imgur.com/kTirB9G.png", "fileid": "g1367_cndeqwr.png"}, {"id": "g1367_cndqjyy", "comment": "[Presidential Nose Pick A Plenty.](http://imgur.com/hlVdiYq)\n\nEven Michelle.", "date": "2015-01-03 22:12:47", "seriesname": "g1367_cndqjyy", "file": "/media/jbrogan4/scratch2/Reddit_Prov_Dataset_v6/_Obama_wielding_a_lightsaber_in_front_of_the_White_House_while_others_look_on/g1367_cndqjyy.png", "URL": "http://i.imgur.com/hlVdiYq.png", "fileid": "g1367_cndqjyy.png"}, {"id": "g1367_cnda3ts", "comment": "[can I get my prize now?](http://i.imgur.com/lBvfLHq.jpg)", "date": "2015-01-03 13:24:36", "seriesname": "g1367_cnda3ts", "file": "/media/jbrogan4/scratch2/Reddit_Prov_Dataset_v6/_Obama_wielding_a_lightsaber_in_front_of_the_White_House_while_others_look_on/g1367_cnda3ts.jpg", "URL": "http://i.imgur.com/lBvfLHq.jpg", "fileid": "g1367_cnda3ts.jpg"}, {"id": "g1367_cnddgtv", "comment": "[A new disturbance in the force](http://i.imgur.com/Ml8ife7.jpg)", "date": "2015-01-03 15:16:29", "seriesname": "g1367_cnddgtv", "file": "/media/jbrogan4/scratch2/Reddit_Prov_Dataset_v6/_Obama_wielding_a_lightsaber_in_front_of_the_White_House_while_others_look_on/g1367_cnddgtv.jpg", "URL": "http://i.imgur.com/Ml8ife7.jpg", "fileid": "g1367_cnddgtv.jpg"}, {"id": "g1367_cnde07l", "comment": "Mr. President...  Sir... That lightsaber is NOT a toy!!!\n[Imgur](http://i.imgur.com/ifd2oLE.jpg)", "date": "2015-01-03 15:34:15", "seriesname": "g1367_cnde07l", "file": "/media/jbrogan4/scratch2/Reddit_Prov_Dataset_v6/_Obama_wielding_a_lightsaber_in_front_of_the_White_House_while_others_look_on/g1367_cnde07l.jpg", "URL": "http://i.imgur.com/ifd2oLE.jpg", "fileid": "g1367_cnde07l.jpg"}, {"id": "g1367_cndgleq", "comment": "[Prince Obama](http://i.imgur.com/EkpwW9f.jpg)", "date": "2015-01-03 16:59:56", "seriesname": "g1367_cndgleq", "file": "/media/jbrogan4/scratch2/Reddit_Prov_Dataset_v6/_Obama_wielding_a_lightsaber_in_front_of_the_White_House_while_others_look_on/g1367_cndgleq.jpg", "URL": "http://i.imgur.com/EkpwW9f.jpg", "fileid": "g1367_cndgleq.jpg"}, {"id": "g1367_cndqtah", "comment": "[Obama, Quigon and Obi-Wan Kenobi faces off against Darth Maul in this epic 3 v 1 battle](http://imgur.com/W53aDKE)", "date": "2015-01-03 22:20:52", "seriesname": "g1367_cndqtah", "file": "/media/jbrogan4/scratch2/Reddit_Prov_Dataset_v6/_Obama_wielding_a_lightsaber_in_front_of_the_White_House_while_others_look_on/g1367_cndqtah.png", "URL": "http://i.imgur.com/W53aDKE.png", "fileid": "g1367_cndqtah.png"}, {"id": "g1367_cndixlf", "comment": "[Always fun times when the Galactic Empire visits the White House](http://i.imgur.com/1FGnz2x.jpg)", "date": "2015-01-03 18:14:28", "seriesname": "g1367_cndixlf", "file": "/media/jbrogan4/scratch2/Reddit_Prov_Dataset_v6/_Obama_wielding_a_lightsaber_in_front_of_the_White_House_while_others_look_on/g1367_cndixlf.jpg", "URL": "http://i.imgur.com/1FGnz2x.jpg", "fileid": "g1367_cndixlf.jpg"}, {"id": "g1367_cndb7dr", "comment": "[black magic](http://i.imgur.com/keDMYsn.jpg)", "date": "2015-01-03 14:01:35", "seriesname": "g1367_cndb7dr", "file": "/media/jbrogan4/scratch2/Reddit_Prov_Dataset_v6/_Obama_wielding_a_lightsaber_in_front_of_the_White_House_while_others_look_on/g1367_cndb7dr.jpg", "URL": "http://i.imgur.com/keDMYsn.jpg", "fileid": "g1367_cndb7dr.jpg"}, {"id": "g1367_cndamjy", "comment": "[Saving the planet](http://imgur.com/A3GSK6l)", "date": "2015-01-03 13:42:15", "seriesname": "g1367_cndamjy", "file": "/media/jbrogan4/scratch2/Reddit_Prov_Dataset_v6/_Obama_wielding_a_lightsaber_in_front_of_the_White_House_while_others_look_on/g1367_cndamjy.png", "URL": "http://i.imgur.com/A3GSK6l.png", "fileid": "g1367_cndamjy.png"}, {"id": "g1367_cndcn0k", "comment": "[The Galactic Commander in Chief awakened the force](http://i.imgur.com/wHaTBlU.jpg)", "date": "2015-01-03 14:48:36", "seriesname": "g1367_cndcn0k", "file": "/media/jbrogan4/scratch2/Reddit_Prov_Dataset_v6/_Obama_wielding_a_lightsaber_in_front_of_the_White_House_while_others_look_on/g1367_cndcn0k.jpg", "URL": "http://i.imgur.com/wHaTBlU.jpg", "fileid": "g1367_cndcn0k.jpg"}, {"id": "g1367_cndc7qx", "comment": "[OWall-ker](http://i.imgur.com/PlRoYqM.jpg)", "date": "2015-01-03 14:34:45", "seriesname": "g1367_cndc7qx", "file": "/media/jbrogan4/scratch2/Reddit_Prov_Dataset_v6/_Obama_wielding_a_lightsaber_in_front_of_the_White_House_while_others_look_on/g1367_cndc7qx.jpg", "URL": "http://i.imgur.com/PlRoYqM.jpg", "fileid": "g1367_cndc7qx.jpg"}, {"id": "g1367_cndiuw3", "comment": "Everyone knows Obamas light saber should obviously be [PURPLE!](http://i.imgur.com/yhFtibD.jpg)", "date": "2015-01-03 18:11:57", "seriesname": "g1367_cndiuw3", "file": "/media/jbrogan4/scratch2/Reddit_Prov_Dataset_v6/_Obama_wielding_a_lightsaber_in_front_of_the_White_House_while_others_look_on/g1367_cndiuw3.jpg", "URL": "http://i.imgur.com/yhFtibD.jpg", "fileid": "g1367_cndiuw3.jpg"}, {"id": "g1367_cnd8jmt", "comment": "[selfie time](http://i.imgur.com/XImtuNV.jpg)", "date": "2015-01-03 12:31:16", "seriesname": "g1367_cnd8jmt", "file": "/media/jbrogan4/scratch2/Reddit_Prov_Dataset_v6/_Obama_wielding_a_lightsaber_in_front_of_the_White_House_while_others_look_on/g1367_cnd8jmt.jpg", "URL": "http://i.imgur.com/XImtuNV.jpg", "fileid": "g1367_cnd8jmt.jpg"}, {"id": "g1367_cndbqd9", "comment": "[Stereo](http://i.imgur.com/ORqfSkF.jpg)", "date": "2015-01-03 14:18:58", "seriesname": "g1367_cndbqd9", "file": "/media/jbrogan4/scratch2/Reddit_Prov_Dataset_v6/_Obama_wielding_a_lightsaber_in_front_of_the_White_House_while_others_look_on/g1367_cndbqd9.jpg", "URL": "http://i.imgur.com/ORqfSkF.jpg", "fileid": "g1367_cndbqd9.jpg"}, {"id": "g1367_cndi8wb", "comment": "I tryed - \nhttp://i.imgur.com/5vGRghm.png", "date": "2015-01-03 17:51:49", "seriesname": "g1367_cndi8wb", "file": "/media/jbrogan4/scratch2/Reddit_Prov_Dataset_v6/_Obama_wielding_a_lightsaber_in_front_of_the_White_House_while_others_look_on/g1367_cndi8wb.png", "URL": "http://i.imgur.com/5vGRghm.png", "fileid": "g1367_cndi8wb.png"}, {"id": "g1367_cndizbf", "comment": "[Obama activates the \"sith\" option on his lightsaber and suddenly Michelle and her friend's expressions finally make sense:](http://i.imgur.com/3a5weNM.jpg)", "date": "2015-01-03 18:16:04", "seriesname": "g1367_cndizbf", "file": "/media/jbrogan4/scratch2/Reddit_Prov_Dataset_v6/_Obama_wielding_a_lightsaber_in_front_of_the_White_House_while_others_look_on/g1367_cndizbf.jpg", "URL": "http://i.imgur.com/3a5weNM.jpg", "fileid": "g1367_cndizbf.jpg"}, {"id": "g1367_cnd95wx", "comment": "Just itching my [eyeball](http://i.imgur.com/QdC1knn.jpg).", "date": "2015-01-03 12:52:54", "seriesname": "g1367_cnd95wx", "file": "/media/jbrogan4/scratch2/Reddit_Prov_Dataset_v6/_Obama_wielding_a_lightsaber_in_front_of_the_White_House_while_others_look_on/g1367_cnd95wx.jpg", "URL": "http://i.imgur.com/QdC1knn.jpg).", "fileid": "g1367_cnd95wx."}, {"id": "g1367_cnd87p2", "comment": "http://i.imgur.com/SoaDymW.png", "date": "2015-01-03 12:19:25", "seriesname": "g1367_cnd87p2", "file": "/media/jbrogan4/scratch2/Reddit_Prov_Dataset_v6/_Obama_wielding_a_lightsaber_in_front_of_the_White_House_while_others_look_on/g1367_cnd87p2.png", "URL": "http://i.imgur.com/SoaDymW.png", "fileid": "g1367_cnd87p2.png"}, {"id": "g1367_cnd8wq8", "comment": "[not so photogenic guy](http://i.imgur.com/KMMcuGB.jpg)", "date": "2015-01-03 12:43:59", "seriesname": "g1367_cnd8wq8", "file": "/media/jbrogan4/scratch2/Reddit_Prov_Dataset_v6/_Obama_wielding_a_lightsaber_in_front_of_the_White_House_while_others_look_on/g1367_cnd8wq8.jpg", "URL": "http://i.imgur.com/KMMcuGB.jpg", "fileid": "g1367_cnd8wq8.jpg"}, {"id": "g1367_cnddybm", "comment": "[George Lucas' Special Edition](http://i.imgur.com/WoIfRHd.jpg)", "date": "2015-01-03 15:32:30", "seriesname": "g1367_cnddybm", "file": "/media/jbrogan4/scratch2/Reddit_Prov_Dataset_v6/_Obama_wielding_a_lightsaber_in_front_of_the_White_House_while_others_look_on/g1367_cnddybm.jpg", "URL": "http://i.imgur.com/WoIfRHd.jpg", "fileid": "g1367_cnddybm.jpg"}, {"id": "g1367_cndlurp", "comment": "No, really!\n\nhttp://i.imgur.com/PFKWbZh.jpg", "date": "2015-01-03 19:44:37", "seriesname": "g1367_cndlurp", "file": "/media/jbrogan4/scratch2/Reddit_Prov_Dataset_v6/_Obama_wielding_a_lightsaber_in_front_of_the_White_House_while_others_look_on/g1367_cndlurp.jpg", "URL": "http://i.imgur.com/PFKWbZh.jpg", "fileid": "g1367_cndlurp.jpg"}, {"id": "g1367_cndci84", "comment": "[I love Star Wars] (http://imgur.com/iWOvO7t)", "date": "2015-01-03 14:44:14", "seriesname": "g1367_cndci84", "file": "/media/jbrogan4/scratch2/Reddit_Prov_Dataset_v6/_Obama_wielding_a_lightsaber_in_front_of_the_White_House_while_others_look_on/g1367_cndci84.png", "URL": "http://i.imgur.com/iWOvO7t.png", "fileid": "g1367_cndci84.png"}, {"id": "g1367_cnd9sdl", "comment": "[Point OB](http://i.imgur.com/nk0Wkim.jpg)", "date": "2015-01-03 13:14:05", "seriesname": "g1367_cnd9sdl", "file": "/media/jbrogan4/scratch2/Reddit_Prov_Dataset_v6/_Obama_wielding_a_lightsaber_in_front_of_the_White_House_while_others_look_on/g1367_cnd9sdl.jpg", "URL": "http://i.imgur.com/nk0Wkim.jpg", "fileid": "g1367_cnd9sdl.jpg"}, {"id": "g1367_cndkm1s", "comment": "[this took way too long](http://i.imgur.com/R7m99Qe.jpg) but it's all in the name of high art.", "date": "2015-01-03 19:07:00", "seriesname": "g1367_cndkm1s", "file": "/media/jbrogan4/scratch2/Reddit_Prov_Dataset_v6/_Obama_wielding_a_lightsaber_in_front_of_the_White_House_while_others_look_on/g1367_cndkm1s.jpg", "URL": "http://i.imgur.com/R7m99Qe.jpg", "fileid": "g1367_cndkm1s.jpg"}, {"id": "g1367_cndpgzg", "comment": "[one arm behind his back](http://i.imgur.com/J4j3Oq7.jpg)", "date": "2015-01-03 21:38:23", "seriesname": "g1367_cndpgzg", "file": "/media/jbrogan4/scratch2/Reddit_Prov_Dataset_v6/_Obama_wielding_a_lightsaber_in_front_of_the_White_House_while_others_look_on/g1367_cndpgzg.jpg", "URL": "http://i.imgur.com/J4j3Oq7.jpg", "fileid": "g1367_cndpgzg.jpg"}, {"id": "g1367_cnd85th", "comment": "[swap](http://i.imgur.com/9gSvkKe.jpg)", "date": "2015-01-03 12:17:34", "seriesname": "g1367_cnd85th", "file": "/media/jbrogan4/scratch2/Reddit_Prov_Dataset_v6/_Obama_wielding_a_lightsaber_in_front_of_the_White_House_while_others_look_on/g1367_cnd85th.jpg", "URL": "http://i.imgur.com/9gSvkKe.jpg", "fileid": "g1367_cnd85th.jpg"}, {"id": "g1367_cndkmj2", "comment": "[Obama shot first](http://i.imgur.com/BLtcufZ.png)", "date": "2015-01-03 19:07:27", "seriesname": "g1367_cndkmj2", "file": "/media/jbrogan4/scratch2/Reddit_Prov_Dataset_v6/_Obama_wielding_a_lightsaber_in_front_of_the_White_House_while_others_look_on/g1367_cndkmj2.png", "URL": "http://i.imgur.com/BLtcufZ.png", "fileid": "g1367_cndkmj2.png"}, {"id": "g1367_cndbmod", "comment": "[Emperor Putintine Vs. ObamaWan Kenobi](http://i.imgur.com/6nCSC7x.jpg)", "date": "2015-01-03 14:15:34", "seriesname": "g1367_cndbmod", "file": "/media/jbrogan4/scratch2/Reddit_Prov_Dataset_v6/_Obama_wielding_a_lightsaber_in_front_of_the_White_House_while_others_look_on/g1367_cndbmod.jpg", "URL": "http://i.imgur.com/6nCSC7x.jpg", "fileid": "g1367_cndbmod.jpg"}, {"id": "g1367_cndck7o", "comment": "http://i.imgur.com/aAql0Pm.jpg", "date": "2015-01-03 14:46:04", "seriesname": "g1367_cndck7o", "file": "/media/jbrogan4/scratch2/Reddit_Prov_Dataset_v6/_Obama_wielding_a_lightsaber_in_front_of_the_White_House_while_others_look_on/g1367_cndck7o.jpg", "URL": "http://i.imgur.com/aAql0Pm.jpg", "fileid": "g1367_cndck7o.jpg"}, {"id": "g1367_cnd9i4v", "comment": "[you have a weird fetish](http://i.imgur.com/TieHYqj.jpg)", "date": "2015-01-03 13:04:27", "seriesname": "g1367_cnd9i4v", "file": "/media/jbrogan4/scratch2/Reddit_Prov_Dataset_v6/_Obama_wielding_a_lightsaber_in_front_of_the_White_House_while_others_look_on/g1367_cnd9i4v.jpg", "URL": "http://i.imgur.com/TieHYqj.jpg", "fileid": "g1367_cnd9i4v.jpg"}, {"id": "g1367_cndbcjn", "comment": "[Obama's so cool his whole entourage doesn't look at explosions](http://i.imgur.com/V02s4iw.jpg)", "date": "2015-01-03 14:06:26", "seriesname": "g1367_cndbcjn", "file": "/media/jbrogan4/scratch2/Reddit_Prov_Dataset_v6/_Obama_wielding_a_lightsaber_in_front_of_the_White_House_while_others_look_on/g1367_cndbcjn.jpg", "URL": "http://i.imgur.com/V02s4iw.jpg", "fileid": "g1367_cndbcjn.jpg"}, {"id": "g1367_cndhake", "comment": "[Someone feels left out](http://imgur.com/q573j3H)", "date": "2015-01-03 17:22:06", "seriesname": "g1367_cndhake", "file": "/media/jbrogan4/scratch2/Reddit_Prov_Dataset_v6/_Obama_wielding_a_lightsaber_in_front_of_the_White_House_while_others_look_on/g1367_cndhake.png", "URL": "http://i.imgur.com/q573j3H.png", "fileid": "g1367_cndhake.png"}, {"id": "g1367_cnda9mv", "comment": "[http://i.imgur.com/7lxabla.jpg](http://i.imgur.com/7lxabla.jpg)\n\n[Bonus](http://i.imgur.com/WvVl48h.png)\n\n", "date": "2015-01-03 13:30:06", "seriesname": "g1367_cnda9mv", "file": "/media/jbrogan4/scratch2/Reddit_Prov_Dataset_v6/_Obama_wielding_a_lightsaber_in_front_of_the_White_House_while_others_look_on/g1367_cnda9mv.png", "URL": "http://i.imgur.com/WvVl48h.png", "fileid": "g1367_cnda9mv.png"}, {"id": "g1367_cndal38", "comment": "[Thanks Obama.](http://imgur.com/saQhttc)", "date": "2015-01-03 13:40:52", "seriesname": "g1367_cndal38", "file": "/media/jbrogan4/scratch2/Reddit_Prov_Dataset_v6/_Obama_wielding_a_lightsaber_in_front_of_the_White_House_while_others_look_on/g1367_cndal38.png", "URL": "http://i.imgur.com/saQhttc.png", "fileid": "g1367_cndal38.png"}, {"id": "g1367_cndbu42", "comment": "http://i.imgur.com/njdFGDO.jpg\n\n(My first try here...)", "date": "2015-01-03 14:22:23", "seriesname": "g1367_cndbu42", "file": "/media/jbrogan4/scratch2/Reddit_Prov_Dataset_v6/_Obama_wielding_a_lightsaber_in_front_of_the_White_House_while_others_look_on/g1367_cndbu42.jpg", "URL": "http://i.imgur.com/njdFGDO.jpg", "fileid": "g1367_cndbu42.jpg"}, {"id": "g1367_cndfhmq", "comment": "[Leaked Episode 8 Promotional poster?](http://i.imgur.com/B9Gj5Jz.jpg)", "date": "2015-01-03 16:23:49", "seriesname": "g1367_cndfhmq", "file": "/media/jbrogan4/scratch2/Reddit_Prov_Dataset_v6/_Obama_wielding_a_lightsaber_in_front_of_the_White_House_while_others_look_on/g1367_cndfhmq.jpg", "URL": "http://i.imgur.com/B9Gj5Jz.jpg", "fileid": "g1367_cndfhmq.jpg"}, {"id": "g1367_cndgz4z", "comment": "After the beheading everyone held a moment of silence:\n[Imgur](http://i.imgur.com/DgPLaaa.jpg)", "date": "2015-01-03 17:11:58", "seriesname": "g1367_cndgz4z", "file": "/media/jbrogan4/scratch2/Reddit_Prov_Dataset_v6/_Obama_wielding_a_lightsaber_in_front_of_the_White_House_while_others_look_on/g1367_cndgz4z.jpg", "URL": "http://i.imgur.com/DgPLaaa.jpg", "fileid": "g1367_cndgz4z.jpg"}, {"id": "g1367_cndcltw", "comment": "http://i.imgur.com/n35adhE.png\n\nthis was an old battle done before so here is the old one I did at the time \n\nhttp://i.imgur.com/4WRez.jpg", "date": "2015-01-03 14:47:29", "seriesname": "g1367_cndcltw", "file": "/media/jbrogan4/scratch2/Reddit_Prov_Dataset_v6/_Obama_wielding_a_lightsaber_in_front_of_the_White_House_while_others_look_on/g1367_cndcltw.jpg", "URL": "http://i.imgur.com/4WRez.jpg", "fileid": "g1367_cndcltw.jpg"}, {"id": "g1367_cndbpub", "comment": "[Mark Hamill on set with legendary fencer Barack Obama](http://i.imgur.com/7sqElZ2.jpg?1)", "date": "2015-01-03 14:18:31", "seriesname": "g1367_cndbpub", "file": "/media/jbrogan4/scratch2/Reddit_Prov_Dataset_v6/_Obama_wielding_a_lightsaber_in_front_of_the_White_House_while_others_look_on/g1367_cndbpub.jpg", "URL": "http://i.imgur.com/7sqElZ2.jpg?1", "fileid": "g1367_cndbpub.jpg"}, {"id": "g1367_cndfm31", "comment": "https://i.imgur.com/DWWxeqi.jpg", "date": "2015-01-03 16:27:58", "seriesname": "g1367_cndfm31", "file": "/media/jbrogan4/scratch2/Reddit_Prov_Dataset_v6/_Obama_wielding_a_lightsaber_in_front_of_the_White_House_while_others_look_on/g1367_cndfm31.jpg", "URL": "https://i.imgur.com/DWWxeqi.jpg", "fileid": "g1367_cndfm31.jpg"}, {"id": "g1367_cndeef7", "comment": "[I am not really left-handed](http://i.imgur.com/cd1CpE9.jpg)", "date": "2015-01-03 15:47:10", "seriesname": "g1367_cndeef7", "file": "/media/jbrogan4/scratch2/Reddit_Prov_Dataset_v6/_Obama_wielding_a_lightsaber_in_front_of_the_White_House_while_others_look_on/g1367_cndeef7.jpg", "URL": "http://i.imgur.com/cd1CpE9.jpg", "fileid": "g1367_cndeef7.jpg"}, {"id": "g1367_cndmdnh", "comment": "Battle \nhttp://i.imgur.com/mxwHEUc.jpg", "date": "2015-01-03 20:00:57", "seriesname": "g1367_cndmdnh", "file": "/media/jbrogan4/scratch2/Reddit_Prov_Dataset_v6/_Obama_wielding_a_lightsaber_in_front_of_the_White_House_while_others_look_on/g1367_cndmdnh.jpg", "URL": "http://i.imgur.com/mxwHEUc.jpg", "fileid": "g1367_cndmdnh.jpg"}, {"id": "g1367_root", "comment": "[deleted]", "date": "2015-01-03 11:59:46", "seriesname": "g1367_root", "file": "/media/jbrogan4/scratch2/Reddit_Prov_Dataset_v6/_Obama_wielding_a_lightsaber_in_front_of_the_White_House_while_others_look_on/g1367_root.jpg", "URL": "http://i.imgur.com/Uf77wKy.jpg", "fileid": "g1367_root.jpg"}, {"id": "g1367_cndjeip", "comment": "http://imgur.com/MY4IC9N", "date": "2015-01-03 18:29:47", "seriesname": "g1367_cndjeip", "file": "/media/jbrogan4/scratch2/Reddit_Prov_Dataset_v6/_Obama_wielding_a_lightsaber_in_front_of_the_White_House_while_others_look_on/g1367_cndjeip.png", "URL": "http://i.imgur.com/MY4IC9N.png", "fileid": "g1367_cndjeip.png"}], "graph": {"name": "g1367_root"}, "directed": true}