{"links": [{"op": "none", "target": 0, "source": 2}, {"op": "none", "target": 1, "source": 45}, {"op": "none", "target": 2, "source": 7}, {"op": "none", "target": 3, "source": 45}, {"op": "none", "target": 4, "source": 45}, {"op": "none", "target": 5, "source": 6}, {"op": "none", "target": 6, "source": 45}, {"op": "none", "target": 7, "source": 47}, {"op": "none", "target": 8, "source": 45}, {"op": "none", "target": 9, "source": 45}, {"op": "none", "target": 10, "source": 18}, {"op": "none", "target": 11, "source": 45}, {"op": "none", "target": 12, "source": 45}, {"op": "none", "target": 13, "source": 0}, {"op": "none", "target": 14, "source": 45}, {"op": "none", "target": 15, "source": 45}, {"op": "none", "target": 16, "source": 44}, {"op": "none", "target": 17, "source": 12}, {"op": "none", "target": 18, "source": 45}, {"op": "none", "target": 19, "source": 45}, {"op": "none", "target": 20, "source": 45}, {"op": "none", "target": 21, "source": 9}, {"op": "none", "target": 22, "source": 45}, {"op": "none", "target": 23, "source": 45}, {"op": "none", "target": 24, "source": 45}, {"op": "none", "target": 25, "source": 45}, {"op": "none", "target": 26, "source": 23}, {"op": "none", "target": 27, "source": 45}, {"op": "none", "target": 28, "source": 45}, {"op": "none", "target": 29, "source": 45}, {"op": "none", "target": 30, "source": 45}, {"op": "none", "target": 31, "source": 45}, {"op": "none", "target": 32, "source": 42}, {"op": "none", "target": 33, "source": 32}, {"op": "none", "target": 34, "source": 45}, {"op": "none", "target": 35, "source": 45}, {"op": "none", "target": 36, "source": 45}, {"op": "none", "target": 37, "source": 45}, {"op": "none", "target": 38, "source": 45}, {"op": "none", "target": 39, "source": 45}, {"op": "none", "target": 40, "source": 45}, {"op": "none", "target": 41, "source": 45}, {"op": "none", "target": 42, "source": 45}, {"op": "none", "target": 43, "source": 45}, {"op": "none", "target": 44, "source": 45}, {"op": "none", "target": 46, "source": 45}, {"op": "none", "target": 47, "source": 16}, {"op": "none", "target": 48, "source": 45}], "title": "_Will_Ferrell_hits_an_NBA_cheerleader_in_the_face_with_a_basketball_during_a_movie_shoot", "nodes": [{"id": "g1369_cny9heo", "comment": "[here you go](http://i.imgur.com/xRRCnJS.jpg)", "date": "2015-01-23 08:40:15", "seriesname": "g1369_cny9heo", "file": "/media/jbrogan4/scratch2/Reddit_Prov_Dataset_v6/_Will_Ferrell_hits_an_NBA_cheerleader_in_the_face_with_a_basketball_during_a_movie_shoot/g1369_cny9heo.jpg", "URL": "http://i.imgur.com/xRRCnJS.jpg", "fileid": "g1369_cny9heo.jpg"}, {"id": "g1369_cny5wac", "comment": "http://imgur.com/5lFd13y", "date": "2015-01-23 04:31:04", "seriesname": "g1369_cny5wac", "file": "/media/jbrogan4/scratch2/Reddit_Prov_Dataset_v6/_Will_Ferrell_hits_an_NBA_cheerleader_in_the_face_with_a_basketball_during_a_movie_shoot/g1369_cny5wac.png", "URL": "http://i.imgur.com/5lFd13y.png", "fileid": "g1369_cny5wac.png"}, {"id": "g1369_cny8c84", "comment": "How's this?\nhttp://imgur.com/oWzJDvX", "date": "2015-01-23 07:40:00", "seriesname": "g1369_cny8c84", "file": "/media/jbrogan4/scratch2/Reddit_Prov_Dataset_v6/_Will_Ferrell_hits_an_NBA_cheerleader_in_the_face_with_a_basketball_during_a_movie_shoot/g1369_cny8c84.png", "URL": "http://i.imgur.com/oWzJDvX.png", "fileid": "g1369_cny8c84.png"}, {"id": "g1369_cnxpco8", "comment": "[They're coming!!](http://imgur.com/1NgQmvD)", "date": "2015-01-22 18:09:10", "seriesname": "g1369_cnxpco8", "file": "/media/jbrogan4/scratch2/Reddit_Prov_Dataset_v6/_Will_Ferrell_hits_an_NBA_cheerleader_in_the_face_with_a_basketball_during_a_movie_shoot/g1369_cnxpco8.png", "URL": "http://i.imgur.com/1NgQmvD.png", "fileid": "g1369_cnxpco8.png"}, {"id": "g1369_cnxqtec", "comment": "http://i.imgur.com/iva4dN7.jpg", "date": "2015-01-22 18:51:34", "seriesname": "g1369_cnxqtec", "file": "/media/jbrogan4/scratch2/Reddit_Prov_Dataset_v6/_Will_Ferrell_hits_an_NBA_cheerleader_in_the_face_with_a_basketball_during_a_movie_shoot/g1369_cnxqtec.jpg", "URL": "http://i.imgur.com/iva4dN7.jpg", "fileid": "g1369_cnxqtec.jpg"}, {"id": "g1369_cnxnnsq", "comment": "http://i.imgur.com/92tfzAo.png", "date": "2015-01-22 17:21:59", "seriesname": "g1369_cnxnnsq", "file": "/media/jbrogan4/scratch2/Reddit_Prov_Dataset_v6/_Will_Ferrell_hits_an_NBA_cheerleader_in_the_face_with_a_basketball_during_a_movie_shoot/g1369_cnxnnsq.png", "URL": "http://i.imgur.com/92tfzAo.png", "fileid": "g1369_cnxnnsq.png"}, {"id": "g1369_cnxh9vm", "comment": "Run For It \nhttp://i.imgur.com/iX1mUdr.png", "date": "2015-01-22 14:34:44", "seriesname": "g1369_cnxh9vm", "file": "/media/jbrogan4/scratch2/Reddit_Prov_Dataset_v6/_Will_Ferrell_hits_an_NBA_cheerleader_in_the_face_with_a_basketball_during_a_movie_shoot/g1369_cnxh9vm.png", "URL": "http://i.imgur.com/iX1mUdr.png", "fileid": "g1369_cnxh9vm.png"}, {"id": "g1369_cny3xu6", "comment": "[DOES THIS HELP?!?!?!](http://i.imgur.com/eY7qqmf.jpg)\n\nALSO, MY FIRST PHOTOSHOPBATTLES \"ENTRY\" EVER, YOU ARE WELCOME.", "date": "2015-01-23 02:18:15", "seriesname": "g1369_cny3xu6", "file": "/media/jbrogan4/scratch2/Reddit_Prov_Dataset_v6/_Will_Ferrell_hits_an_NBA_cheerleader_in_the_face_with_a_basketball_during_a_movie_shoot/g1369_cny3xu6.jpg", "URL": "http://i.imgur.com/eY7qqmf.jpg", "fileid": "g1369_cny3xu6.jpg"}, {"id": "g1369_cnxsfan", "comment": "[Will Ferrell pranking an NBA cheerleader.](http://i.imgur.com/lhAwc6X.jpg)", "date": "2015-01-22 19:37:47", "seriesname": "g1369_cnxsfan", "file": "/media/jbrogan4/scratch2/Reddit_Prov_Dataset_v6/_Will_Ferrell_hits_an_NBA_cheerleader_in_the_face_with_a_basketball_during_a_movie_shoot/g1369_cnxsfan.jpg", "URL": "http://i.imgur.com/lhAwc6X.jpg", "fileid": "g1369_cnxsfan.jpg"}, {"id": "g1369_cnxeuvp", "comment": "[Can you give me a description of the perpetrator?](http://i.imgur.com/Uz1KbIw.jpg)", "date": "2015-01-22 13:30:26", "seriesname": "g1369_cnxeuvp", "file": "/media/jbrogan4/scratch2/Reddit_Prov_Dataset_v6/_Will_Ferrell_hits_an_NBA_cheerleader_in_the_face_with_a_basketball_during_a_movie_shoot/g1369_cnxeuvp.jpg", "URL": "http://i.imgur.com/Uz1KbIw.jpg", "fileid": "g1369_cnxeuvp.jpg"}, {"id": "g1369_cnxlqut", "comment": "[They're actually a pretty big double act on the breaking scene](http://i.imgur.com/PfLvklN.jpg)", "date": "2015-01-22 16:32:26", "seriesname": "g1369_cnxlqut", "file": "/media/jbrogan4/scratch2/Reddit_Prov_Dataset_v6/_Will_Ferrell_hits_an_NBA_cheerleader_in_the_face_with_a_basketball_during_a_movie_shoot/g1369_cnxlqut.jpg", "URL": "http://i.imgur.com/PfLvklN.jpg", "fileid": "g1369_cnxlqut.jpg"}, {"id": "g1369_cnxno2w", "comment": "[Enter the dragon!](http://imgur.com/rqh4Q0c)", "date": "2015-01-22 17:22:11", "seriesname": "g1369_cnxno2w", "file": "/media/jbrogan4/scratch2/Reddit_Prov_Dataset_v6/_Will_Ferrell_hits_an_NBA_cheerleader_in_the_face_with_a_basketball_during_a_movie_shoot/g1369_cnxno2w.png", "URL": "http://i.imgur.com/rqh4Q0c.png", "fileid": "g1369_cnxno2w.png"}, {"id": "g1369_cnxitqy", "comment": "[http://i.imgur.com/i30r3IG.png](http://i.imgur.com/i30r3IG.png)\n\nEdit: [If you don't see it here's the spoiler.](http://i.imgur.com/ouVK1M1.png)", "date": "2015-01-22 15:15:54", "seriesname": "g1369_cnxitqy", "file": "/media/jbrogan4/scratch2/Reddit_Prov_Dataset_v6/_Will_Ferrell_hits_an_NBA_cheerleader_in_the_face_with_a_basketball_during_a_movie_shoot/g1369_cnxitqy.png", "URL": "http://i.imgur.com/ouVK1M1.png", "fileid": "g1369_cnxitqy.png"}, {"id": "g1369_cnyhc34", "comment": "You guys forgot someone:\n\nhttp://i.imgur.com/ROfJaCB.png", "date": "2015-01-23 12:43:58", "seriesname": "g1369_cnyhc34", "file": "/media/jbrogan4/scratch2/Reddit_Prov_Dataset_v6/_Will_Ferrell_hits_an_NBA_cheerleader_in_the_face_with_a_basketball_during_a_movie_shoot/g1369_cnyhc34.png", "URL": "http://i.imgur.com/ROfJaCB.png", "fileid": "g1369_cnyhc34.png"}, {"id": "g1369_cnxpe1w", "comment": "[That's not the story we're going to tell, though.](http://i.imgur.com/EN5RIMY.jpg)", "date": "2015-01-22 18:10:17", "seriesname": "g1369_cnxpe1w", "file": "/media/jbrogan4/scratch2/Reddit_Prov_Dataset_v6/_Will_Ferrell_hits_an_NBA_cheerleader_in_the_face_with_a_basketball_during_a_movie_shoot/g1369_cnxpe1w.jpg", "URL": "http://i.imgur.com/EN5RIMY.jpg", "fileid": "g1369_cnxpe1w.jpg"}, {"id": "g1369_cny27sm", "comment": "[Release the kragle!](http://imgur.com/ZYLyyFq)", "date": "2015-01-23 00:54:54", "seriesname": "g1369_cny27sm", "file": "/media/jbrogan4/scratch2/Reddit_Prov_Dataset_v6/_Will_Ferrell_hits_an_NBA_cheerleader_in_the_face_with_a_basketball_during_a_movie_shoot/g1369_cny27sm.png", "URL": "http://i.imgur.com/ZYLyyFq.png", "fileid": "g1369_cny27sm.png"}, {"id": "g1369_cnxkeln", "comment": "[Now with more interference?](http://imgur.com/CLvaYTC)", "date": "2015-01-22 15:57:05", "seriesname": "g1369_cnxkeln", "file": "/media/jbrogan4/scratch2/Reddit_Prov_Dataset_v6/_Will_Ferrell_hits_an_NBA_cheerleader_in_the_face_with_a_basketball_during_a_movie_shoot/g1369_cnxkeln.png", "URL": "http://i.imgur.com/CLvaYTC.png", "fileid": "g1369_cnxkeln.png"}, {"id": "g1369_cnxu3vk", "comment": "http://imgur.com/N745Hfd", "date": "2015-01-22 20:27:18", "seriesname": "g1369_cnxu3vk", "file": "/media/jbrogan4/scratch2/Reddit_Prov_Dataset_v6/_Will_Ferrell_hits_an_NBA_cheerleader_in_the_face_with_a_basketball_during_a_movie_shoot/g1369_cnxu3vk.png", "URL": "http://i.imgur.com/N745Hfd.png", "fileid": "g1369_cnxu3vk.png"}, {"id": "g1369_cnxgr9v", "comment": "I'm guessing you didn't know Will Ferrell was also [a mid-80's rapper](http://i.imgur.com/07uzo2R.jpg), did you?", "date": "2015-01-22 14:21:06", "seriesname": "g1369_cnxgr9v", "file": "/media/jbrogan4/scratch2/Reddit_Prov_Dataset_v6/_Will_Ferrell_hits_an_NBA_cheerleader_in_the_face_with_a_basketball_during_a_movie_shoot/g1369_cnxgr9v.jpg", "URL": "http://i.imgur.com/07uzo2R.jpg),", "fileid": "g1369_cnxgr9v.jpg,"}, {"id": "g1369_cnxhr5t", "comment": "http://i.imgur.com/RIYrypy.jpg\n\nNSFW", "date": "2015-01-22 14:47:27", "seriesname": "g1369_cnxhr5t", "file": "/media/jbrogan4/scratch2/Reddit_Prov_Dataset_v6/_Will_Ferrell_hits_an_NBA_cheerleader_in_the_face_with_a_basketball_during_a_movie_shoot/g1369_cnxhr5t.jpg", "URL": "http://i.imgur.com/RIYrypy.jpg", "fileid": "g1369_cnxhr5t.jpg"}, {"id": "g1369_cnxr1ps", "comment": "[THE MOST LETHAL BASKETBALL SNIPER IN U.S. HISTORY.](http://i.imgur.com/kLzVgSE.jpg?1)", "date": "2015-01-22 18:58:14", "seriesname": "g1369_cnxr1ps", "file": "/media/jbrogan4/scratch2/Reddit_Prov_Dataset_v6/_Will_Ferrell_hits_an_NBA_cheerleader_in_the_face_with_a_basketball_during_a_movie_shoot/g1369_cnxr1ps.jpg", "URL": "http://i.imgur.com/kLzVgSE.jpg?1", "fileid": "g1369_cnxr1ps.jpg"}, {"id": "g1369_cnxrz5f", "comment": "[Here. 91 faces. If you find a missed or messed up one, please don't tell me. I *really* don't want to know.](http://i.imgur.com/oE2cDs1.jpg)", "date": "2015-01-22 19:24:47", "seriesname": "g1369_cnxrz5f", "file": "/media/jbrogan4/scratch2/Reddit_Prov_Dataset_v6/_Will_Ferrell_hits_an_NBA_cheerleader_in_the_face_with_a_basketball_during_a_movie_shoot/g1369_cnxrz5f.jpg", "URL": "http://i.imgur.com/oE2cDs1.jpg", "fileid": "g1369_cnxrz5f.jpg"}, {"id": "g1369_cnxcter", "comment": "[OH NOOOOO!] (http://i.imgur.com/qWtWNRN.jpg)", "date": "2015-01-22 12:36:03", "seriesname": "g1369_cnxcter", "file": "/media/jbrogan4/scratch2/Reddit_Prov_Dataset_v6/_Will_Ferrell_hits_an_NBA_cheerleader_in_the_face_with_a_basketball_during_a_movie_shoot/g1369_cnxcter.jpg", "URL": "http://i.imgur.com/qWtWNRN.jpg", "fileid": "g1369_cnxcter.jpg"}, {"id": "g1369_cnxk5bg", "comment": "[Determination](http://imgur.com/ozWw6Bf)", "date": "2015-01-22 15:50:22", "seriesname": "g1369_cnxk5bg", "file": "/media/jbrogan4/scratch2/Reddit_Prov_Dataset_v6/_Will_Ferrell_hits_an_NBA_cheerleader_in_the_face_with_a_basketball_during_a_movie_shoot/g1369_cnxk5bg.png", "URL": "http://i.imgur.com/ozWw6Bf.png", "fileid": "g1369_cnxk5bg.png"}, {"id": "g1369_cnxl0ck", "comment": "[This is Claire Bennet...and that was attempt number 6](http://i.imgur.com/Ej0oc59.jpg)", "date": "2015-01-22 16:13:04", "seriesname": "g1369_cnxl0ck", "file": "/media/jbrogan4/scratch2/Reddit_Prov_Dataset_v6/_Will_Ferrell_hits_an_NBA_cheerleader_in_the_face_with_a_basketball_during_a_movie_shoot/g1369_cnxl0ck.jpg", "URL": "http://i.imgur.com/Ej0oc59.jpg", "fileid": "g1369_cnxl0ck.jpg"}, {"id": "g1369_cnxknf2", "comment": "MY PR firm has made sure Will comes out of this looking like a hero. http://imgur.com/GbW8J8v.jpg", "date": "2015-01-22 16:03:26", "seriesname": "g1369_cnxknf2", "file": "/media/jbrogan4/scratch2/Reddit_Prov_Dataset_v6/_Will_Ferrell_hits_an_NBA_cheerleader_in_the_face_with_a_basketball_during_a_movie_shoot/g1369_cnxknf2.jpg", "URL": "http://imgur.com/GbW8J8v.jpg", "fileid": "g1369_cnxknf2.jpg"}, {"id": "g1369_cnxr71b", "comment": "[Minor edit](http://i.imgur.com/V2qAs66.jpg)\n\n(From my phone sorry)\n\nEdit: Thank you for the good x2", "date": "2015-01-22 19:02:33", "seriesname": "g1369_cnxr71b", "file": "/media/jbrogan4/scratch2/Reddit_Prov_Dataset_v6/_Will_Ferrell_hits_an_NBA_cheerleader_in_the_face_with_a_basketball_during_a_movie_shoot/g1369_cnxr71b.jpg", "URL": "http://i.imgur.com/V2qAs66.jpg", "fileid": "g1369_cnxr71b.jpg"}, {"id": "g1369_cnxd3vo", "comment": "[He's popular with the ladies](http://imgur.com/s7aTjqI)", "date": "2015-01-22 12:43:57", "seriesname": "g1369_cnxd3vo", "file": "/media/jbrogan4/scratch2/Reddit_Prov_Dataset_v6/_Will_Ferrell_hits_an_NBA_cheerleader_in_the_face_with_a_basketball_during_a_movie_shoot/g1369_cnxd3vo.png", "URL": "http://i.imgur.com/s7aTjqI.png", "fileid": "g1369_cnxd3vo.png"}, {"id": "g1369_cnxwwd6", "comment": "It's okay guys, they were just [playing a friendly game of Donkey Kong](http://i.imgur.com/yuYxyKx.png)", "date": "2015-01-22 21:51:00", "seriesname": "g1369_cnxwwd6", "file": "/media/jbrogan4/scratch2/Reddit_Prov_Dataset_v6/_Will_Ferrell_hits_an_NBA_cheerleader_in_the_face_with_a_basketball_during_a_movie_shoot/g1369_cnxwwd6.png", "URL": "http://i.imgur.com/yuYxyKx.png", "fileid": "g1369_cnxwwd6.png"}, {"id": "g1369_cnxji2i", "comment": "[WILL WINS!!!](http://i.imgur.com/JAh7ZJI.jpg)", "date": "2015-01-22 15:33:41", "seriesname": "g1369_cnxji2i", "file": "/media/jbrogan4/scratch2/Reddit_Prov_Dataset_v6/_Will_Ferrell_hits_an_NBA_cheerleader_in_the_face_with_a_basketball_during_a_movie_shoot/g1369_cnxji2i.jpg", "URL": "http://i.imgur.com/JAh7ZJI.jpg", "fileid": "g1369_cnxji2i.jpg"}, {"id": "g1369_cnxik0p", "comment": "[have yet to find nearest island](http://i.imgur.com/7ivufQv.jpg)", "date": "2015-01-22 15:08:44", "seriesname": "g1369_cnxik0p", "file": "/media/jbrogan4/scratch2/Reddit_Prov_Dataset_v6/_Will_Ferrell_hits_an_NBA_cheerleader_in_the_face_with_a_basketball_during_a_movie_shoot/g1369_cnxik0p.jpg", "URL": "http://i.imgur.com/7ivufQv.jpg", "fileid": "g1369_cnxik0p.jpg"}, {"id": "g1369_cny3s89", "comment": "[WILL RUNS](http://imgur.com/yL7TTUV)", "date": "2015-01-23 02:09:49", "seriesname": "g1369_cny3s89", "file": "/media/jbrogan4/scratch2/Reddit_Prov_Dataset_v6/_Will_Ferrell_hits_an_NBA_cheerleader_in_the_face_with_a_basketball_during_a_movie_shoot/g1369_cny3s89.png", "URL": "http://i.imgur.com/yL7TTUV.png", "fileid": "g1369_cny3s89.png"}, {"id": "g1369_cnxkr7m", "comment": "[Small edit](http://i.imgur.com/AivIsLs.jpg)", "date": "2015-01-22 16:06:14", "seriesname": "g1369_cnxkr7m", "file": "/media/jbrogan4/scratch2/Reddit_Prov_Dataset_v6/_Will_Ferrell_hits_an_NBA_cheerleader_in_the_face_with_a_basketball_during_a_movie_shoot/g1369_cnxkr7m.jpg", "URL": "http://i.imgur.com/AivIsLs.jpg", "fileid": "g1369_cnxkr7m.jpg"}, {"id": "g1369_cnxo28o", "comment": "I spent entirely too much time searching for dickbutt; alas, nothing...\n\n[So here it is!!](http://i.imgur.com/Hj5TUIC.png?1)", "date": "2015-01-22 17:33:18", "seriesname": "g1369_cnxo28o", "file": "/media/jbrogan4/scratch2/Reddit_Prov_Dataset_v6/_Will_Ferrell_hits_an_NBA_cheerleader_in_the_face_with_a_basketball_during_a_movie_shoot/g1369_cnxo28o.png", "URL": "http://i.imgur.com/Hj5TUIC.png?1", "fileid": "g1369_cnxo28o.png"}, {"id": "g1369_cnxkdou", "comment": "[Shiva blasted](http://i.imgur.com/WapyRgH.jpg)", "date": "2015-01-22 15:56:26", "seriesname": "g1369_cnxkdou", "file": "/media/jbrogan4/scratch2/Reddit_Prov_Dataset_v6/_Will_Ferrell_hits_an_NBA_cheerleader_in_the_face_with_a_basketball_during_a_movie_shoot/g1369_cnxkdou.jpg", "URL": "http://i.imgur.com/WapyRgH.jpg", "fileid": "g1369_cnxkdou.jpg"}, {"id": "g1369_cnxlfh0", "comment": "[Super Bowl XLII MVP](http://i.imgur.com/XJSz18H.jpg)  \nPatriots beware", "date": "2015-01-22 16:24:15", "seriesname": "g1369_cnxlfh0", "file": "/media/jbrogan4/scratch2/Reddit_Prov_Dataset_v6/_Will_Ferrell_hits_an_NBA_cheerleader_in_the_face_with_a_basketball_during_a_movie_shoot/g1369_cnxlfh0.jpg", "URL": "http://i.imgur.com/XJSz18H.jpg", "fileid": "g1369_cnxlfh0.jpg"}, {"id": "g1369_cnxp5xz", "comment": "[Andre is rethinking this spin-off idea](http://i.imgur.com/8bEfK2f.jpg)", "date": "2015-01-22 18:03:45", "seriesname": "g1369_cnxp5xz", "file": "/media/jbrogan4/scratch2/Reddit_Prov_Dataset_v6/_Will_Ferrell_hits_an_NBA_cheerleader_in_the_face_with_a_basketball_during_a_movie_shoot/g1369_cnxp5xz.jpg", "URL": "http://i.imgur.com/8bEfK2f.jpg", "fileid": "g1369_cnxp5xz.jpg"}, {"id": "g1369_cnxlbnu", "comment": " [space dance battle](http://imgur.com/SRaAH8v)\t", "date": "2015-01-22 16:21:28", "seriesname": "g1369_cnxlbnu", "file": "/media/jbrogan4/scratch2/Reddit_Prov_Dataset_v6/_Will_Ferrell_hits_an_NBA_cheerleader_in_the_face_with_a_basketball_during_a_movie_shoot/g1369_cnxlbnu.png", "URL": "http://i.imgur.com/SRaAH8v.png", "fileid": "g1369_cnxlbnu.png"}, {"id": "g1369_cnxhmbi", "comment": "[forgetting something...](http://i.imgur.com/ghRZ4tz.jpg)", "date": "2015-01-22 14:43:52", "seriesname": "g1369_cnxhmbi", "file": "/media/jbrogan4/scratch2/Reddit_Prov_Dataset_v6/_Will_Ferrell_hits_an_NBA_cheerleader_in_the_face_with_a_basketball_during_a_movie_shoot/g1369_cnxhmbi.jpg", "URL": "http://i.imgur.com/ghRZ4tz.jpg", "fileid": "g1369_cnxhmbi.jpg"}, {"id": "g1369_cnxv9af", "comment": "[Stills from the new Dodgeball movie.](http://imgur.com/uPjiJEE)", "date": "2015-01-22 21:01:15", "seriesname": "g1369_cnxv9af", "file": "/media/jbrogan4/scratch2/Reddit_Prov_Dataset_v6/_Will_Ferrell_hits_an_NBA_cheerleader_in_the_face_with_a_basketball_during_a_movie_shoot/g1369_cnxv9af.png", "URL": "http://i.imgur.com/uPjiJEE.png", "fileid": "g1369_cnxv9af.png"}, {"id": "g1369_cnxmcdt", "comment": "[New movie](http://i.imgur.com/298i9PL.jpg)", "date": "2015-01-22 16:47:37", "seriesname": "g1369_cnxmcdt", "file": "/media/jbrogan4/scratch2/Reddit_Prov_Dataset_v6/_Will_Ferrell_hits_an_NBA_cheerleader_in_the_face_with_a_basketball_during_a_movie_shoot/g1369_cnxmcdt.jpg", "URL": "http://i.imgur.com/298i9PL.jpg", "fileid": "g1369_cnxmcdt.jpg"}, {"id": "g1369_cnxldjc", "comment": "[Wrong place for the right face](http://i.imgur.com/4jy3ZgR.jpg)", "date": "2015-01-22 16:22:50", "seriesname": "g1369_cnxldjc", "file": "/media/jbrogan4/scratch2/Reddit_Prov_Dataset_v6/_Will_Ferrell_hits_an_NBA_cheerleader_in_the_face_with_a_basketball_during_a_movie_shoot/g1369_cnxldjc.jpg", "URL": "http://i.imgur.com/4jy3ZgR.jpg", "fileid": "g1369_cnxldjc.jpg"}, {"id": "g1369_cnxht7e", "comment": "[Boom Shakalaka!](http://i.imgur.com/rcmXZT8.jpg)", "date": "2015-01-22 14:48:58", "seriesname": "g1369_cnxht7e", "file": "/media/jbrogan4/scratch2/Reddit_Prov_Dataset_v6/_Will_Ferrell_hits_an_NBA_cheerleader_in_the_face_with_a_basketball_during_a_movie_shoot/g1369_cnxht7e.jpg", "URL": "http://i.imgur.com/rcmXZT8.jpg", "fileid": "g1369_cnxht7e.jpg"}, {"id": "g1369_cny5ud2", "comment": "[Ferrell HxC](http://imgur.com/0nP9uSZ)", "date": "2015-01-23 04:27:01", "seriesname": "g1369_cny5ud2", "file": "/media/jbrogan4/scratch2/Reddit_Prov_Dataset_v6/_Will_Ferrell_hits_an_NBA_cheerleader_in_the_face_with_a_basketball_during_a_movie_shoot/g1369_cny5ud2.png", "URL": "http://i.imgur.com/0nP9uSZ.png", "fileid": "g1369_cny5ud2.png"}, {"id": "g1369_cnxhecm", "comment": "http://i.imgur.com/LYdHnuk.jpg", "date": "2015-01-22 14:38:01", "seriesname": "g1369_cnxhecm", "file": "/media/jbrogan4/scratch2/Reddit_Prov_Dataset_v6/_Will_Ferrell_hits_an_NBA_cheerleader_in_the_face_with_a_basketball_during_a_movie_shoot/g1369_cnxhecm.jpg", "URL": "http://i.imgur.com/LYdHnuk.jpg", "fileid": "g1369_cnxhecm.jpg"}, {"id": "g1369_root", "comment": "", "date": "2015-01-22 11:55:55", "seriesname": "g1369_root", "file": "/media/jbrogan4/scratch2/Reddit_Prov_Dataset_v6/_Will_Ferrell_hits_an_NBA_cheerleader_in_the_face_with_a_basketball_during_a_movie_shoot/g1369_root.jpg", "URL": "http://i.imgur.com/HGMTVBz.jpg", "fileid": "g1369_root.jpg"}, {"id": "g1369_cny7enc", "comment": "[gravvity](http://i.imgur.com/q8ui4tv.png?1)", "date": "2015-01-23 06:36:09", "seriesname": "g1369_cny7enc", "file": "/media/jbrogan4/scratch2/Reddit_Prov_Dataset_v6/_Will_Ferrell_hits_an_NBA_cheerleader_in_the_face_with_a_basketball_during_a_movie_shoot/g1369_cny7enc.png", "URL": "http://i.imgur.com/q8ui4tv.png?1", "fileid": "g1369_cny7enc.png"}, {"id": "g1369_cnxsx3d", "comment": "http://i.imgur.com/tCU4uPb.jpg", "date": "2015-01-22 19:52:18", "seriesname": "g1369_cnxsx3d", "file": "/media/jbrogan4/scratch2/Reddit_Prov_Dataset_v6/_Will_Ferrell_hits_an_NBA_cheerleader_in_the_face_with_a_basketball_during_a_movie_shoot/g1369_cnxsx3d.jpg", "URL": "http://i.imgur.com/tCU4uPb.jpg", "fileid": "g1369_cnxsx3d.jpg"}, {"id": "g1369_cnxu48b", "comment": "[This is Sparta!](http://i.imgur.com/LGjpvAF.jpg)", "date": "2015-01-22 20:27:36", "seriesname": "g1369_cnxu48b", "file": "/media/jbrogan4/scratch2/Reddit_Prov_Dataset_v6/_Will_Ferrell_hits_an_NBA_cheerleader_in_the_face_with_a_basketball_during_a_movie_shoot/g1369_cnxu48b.jpg", "URL": "http://i.imgur.com/LGjpvAF.jpg", "fileid": "g1369_cnxu48b.jpg"}], "graph": {"name": "g1369_root"}, "directed": true}