{"links": [{"op": "none", "target": 0, "source": 47}, {"op": "none", "target": 1, "source": 64}, {"op": "none", "target": 2, "source": 64}, {"op": "none", "target": 3, "source": 64}, {"op": "none", "target": 4, "source": 64}, {"op": "none", "target": 5, "source": 9}, {"op": "none", "target": 6, "source": 64}, {"op": "none", "target": 7, "source": 64}, {"op": "none", "target": 8, "source": 64}, {"op": "none", "target": 9, "source": 64}, {"op": "none", "target": 10, "source": 64}, {"op": "none", "target": 11, "source": 64}, {"op": "none", "target": 12, "source": 28}, {"op": "none", "target": 13, "source": 64}, {"op": "none", "target": 14, "source": 21}, {"op": "none", "target": 15, "source": 64}, {"op": "none", "target": 16, "source": 64}, {"op": "none", "target": 17, "source": 64}, {"op": "none", "target": 18, "source": 64}, {"op": "none", "target": 19, "source": 64}, {"op": "none", "target": 20, "source": 64}, {"op": "none", "target": 21, "source": 64}, {"op": "none", "target": 22, "source": 1}, {"op": "none", "target": 23, "source": 64}, {"op": "none", "target": 24, "source": 64}, {"op": "none", "target": 25, "source": 64}, {"op": "none", "target": 26, "source": 60}, {"op": "none", "target": 27, "source": 64}, {"op": "none", "target": 28, "source": 64}, {"op": "none", "target": 29, "source": 64}, {"op": "none", "target": 30, "source": 64}, {"op": "none", "target": 31, "source": 8}, {"op": "none", "target": 32, "source": 64}, {"op": "none", "target": 33, "source": 64}, {"op": "none", "target": 34, "source": 64}, {"op": "none", "target": 35, "source": 64}, {"op": "none", "target": 36, "source": 64}, {"op": "none", "target": 37, "source": 64}, {"op": "none", "target": 38, "source": 64}, {"op": "none", "target": 39, "source": 64}, {"op": "none", "target": 40, "source": 22}, {"op": "none", "target": 41, "source": 64}, {"op": "none", "target": 42, "source": 64}, {"op": "none", "target": 43, "source": 1}, {"op": "none", "target": 44, "source": 64}, {"op": "none", "target": 45, "source": 64}, {"op": "none", "target": 46, "source": 64}, {"op": "none", "target": 47, "source": 64}, {"op": "none", "target": 48, "source": 54}, {"op": "none", "target": 49, "source": 64}, {"op": "none", "target": 50, "source": 64}, {"op": "none", "target": 51, "source": 64}, {"op": "none", "target": 52, "source": 64}, {"op": "none", "target": 53, "source": 64}, {"op": "none", "target": 54, "source": 64}, {"op": "none", "target": 55, "source": 64}, {"op": "none", "target": 56, "source": 64}, {"op": "none", "target": 57, "source": 64}, {"op": "none", "target": 58, "source": 64}, {"op": "none", "target": 59, "source": 64}, {"op": "none", "target": 60, "source": 64}, {"op": "none", "target": 61, "source": 64}, {"op": "none", "target": 62, "source": 64}, {"op": "none", "target": 63, "source": 54}, {"op": "none", "target": 65, "source": 28}, {"op": "none", "target": 66, "source": 64}], "title": "_A_baby_turtle_tucked_away_in_its_shell", "nodes": [{"id": "g1366_cn3kuzl", "comment": "[How it all started](http://i.imgur.com/Yl5eddN.jpg)", "date": "2014-12-23 15:42:55", "seriesname": "g1366_cn3kuzl", "file": "/media/jbrogan4/scratch2/Reddit_Prov_Dataset_v6/_A_baby_turtle_tucked_away_in_its_shell/g1366_cn3kuzl.jpg", "URL": "http://i.imgur.com/Yl5eddN.jpg", "fileid": "g1366_cn3kuzl.jpg"}, {"id": "g1366_cn3ev0j", "comment": "[Bandito](http://i.imgur.com/werM5hW.png)", "date": "2014-12-23 12:39:50", "seriesname": "g1366_cn3ev0j", "file": "/media/jbrogan4/scratch2/Reddit_Prov_Dataset_v6/_A_baby_turtle_tucked_away_in_its_shell/g1366_cn3ev0j.png", "URL": "http://i.imgur.com/werM5hW.png", "fileid": "g1366_cn3ev0j.png"}, {"id": "g1366_cn3oeni", "comment": "[nooooooo gramma!](http://imgur.com/eBPhsIK)", "date": "2014-12-23 17:40:24", "seriesname": "g1366_cn3oeni", "file": "/media/jbrogan4/scratch2/Reddit_Prov_Dataset_v6/_A_baby_turtle_tucked_away_in_its_shell/g1366_cn3oeni.png", "URL": "http://i.imgur.com/eBPhsIK.png", "fileid": "g1366_cn3oeni.png"}, {"id": "g1366_cn3kw9h", "comment": "[1986](http://imgur.com/ic7KOhv)", "date": "2014-12-23 15:44:02", "seriesname": "g1366_cn3kw9h", "file": "/media/jbrogan4/scratch2/Reddit_Prov_Dataset_v6/_A_baby_turtle_tucked_away_in_its_shell/g1366_cn3kw9h.png", "URL": "http://i.imgur.com/ic7KOhv.png", "fileid": "g1366_cn3kw9h.png"}, {"id": "g1366_cn3fs3q", "comment": "[Independence Day](http://i.imgur.com/IcN6VYH.png)", "date": "2014-12-23 13:07:57", "seriesname": "g1366_cn3fs3q", "file": "/media/jbrogan4/scratch2/Reddit_Prov_Dataset_v6/_A_baby_turtle_tucked_away_in_its_shell/g1366_cn3fs3q.png", "URL": "http://i.imgur.com/IcN6VYH.png", "fileid": "g1366_cn3fs3q.png"}, {"id": "g1366_cn3kjmg", "comment": "[Best I can do](http://i.imgur.com/XV5jmNG.png)... the source images were pretty small.", "date": "2014-12-23 15:33:20", "seriesname": "g1366_cn3kjmg", "file": "/media/jbrogan4/scratch2/Reddit_Prov_Dataset_v6/_A_baby_turtle_tucked_away_in_its_shell/g1366_cn3kjmg.jpg", "URL": "http://i.imgur.com/XV5jmNG.png)...", "fileid": "g1366_cn3kjmg."}, {"id": "g1366_cn3uabj", "comment": "[Turtle Mexican](http://i.imgur.com/1QpRBY9.png)", "date": "2014-12-23 21:11:55", "seriesname": "g1366_cn3uabj", "file": "/media/jbrogan4/scratch2/Reddit_Prov_Dataset_v6/_A_baby_turtle_tucked_away_in_its_shell/g1366_cn3uabj.png", "URL": "http://i.imgur.com/1QpRBY9.png", "fileid": "g1366_cn3uabj.png"}, {"id": "g1366_cn3jhu6", "comment": "[I Like Turtles](http://i.imgur.com/Zv4XoYP.jpg)", "date": "2014-12-23 15:00:52", "seriesname": "g1366_cn3jhu6", "file": "/media/jbrogan4/scratch2/Reddit_Prov_Dataset_v6/_A_baby_turtle_tucked_away_in_its_shell/g1366_cn3jhu6.jpg", "URL": "http://i.imgur.com/Zv4XoYP.jpg", "fileid": "g1366_cn3jhu6.jpg"}, {"id": "g1366_cn3pgoz", "comment": "[Turtlependence Day](http://imgur.com/QRuVvhS)", "date": "2014-12-23 18:17:34", "seriesname": "g1366_cn3pgoz", "file": "/media/jbrogan4/scratch2/Reddit_Prov_Dataset_v6/_A_baby_turtle_tucked_away_in_its_shell/g1366_cn3pgoz.png", "URL": "http://i.imgur.com/QRuVvhS.png", "fileid": "g1366_cn3pgoz.png"}, {"id": "g1366_cn3icr9", "comment": "[See you out there...](http://i.imgur.com/XV5jmNG.png)\n\n*Edit... re-linked it to the larger version.", "date": "2014-12-23 14:25:51", "seriesname": "g1366_cn3icr9", "file": "/media/jbrogan4/scratch2/Reddit_Prov_Dataset_v6/_A_baby_turtle_tucked_away_in_its_shell/g1366_cn3icr9.png", "URL": "http://i.imgur.com/XV5jmNG.png", "fileid": "g1366_cn3icr9.png"}, {"id": "g1366_cn3q1c5", "comment": "[Think chocolate, think chocolate, you like chocolate!](http://i.imgur.com/8UcbjG4.jpg)", "date": "2014-12-23 18:38:01", "seriesname": "g1366_cn3q1c5", "file": "/media/jbrogan4/scratch2/Reddit_Prov_Dataset_v6/_A_baby_turtle_tucked_away_in_its_shell/g1366_cn3q1c5.jpg", "URL": "http://i.imgur.com/8UcbjG4.jpg", "fileid": "g1366_cn3q1c5.jpg"}, {"id": "g1366_cn431zi", "comment": "http://imgur.com/Mi6r9b9", "date": "2014-12-24 03:57:13", "seriesname": "g1366_cn431zi", "file": "/media/jbrogan4/scratch2/Reddit_Prov_Dataset_v6/_A_baby_turtle_tucked_away_in_its_shell/g1366_cn431zi.png", "URL": "http://i.imgur.com/Mi6r9b9.png", "fileid": "g1366_cn431zi.png"}, {"id": "g1366_cn3k9w1", "comment": "[Going for $99.99 only](http://i.imgur.com/GOcKEyY.jpg)", "date": "2014-12-23 15:25:04", "seriesname": "g1366_cn3k9w1", "file": "/media/jbrogan4/scratch2/Reddit_Prov_Dataset_v6/_A_baby_turtle_tucked_away_in_its_shell/g1366_cn3k9w1.jpg", "URL": "http://i.imgur.com/GOcKEyY.jpg", "fileid": "g1366_cn3k9w1.jpg"}, {"id": "g1366_cn3l3om", "comment": "[Whatever it takes to win](http://i.imgur.com/wYhcYcf.jpg)", "date": "2014-12-23 15:50:35", "seriesname": "g1366_cn3l3om", "file": "/media/jbrogan4/scratch2/Reddit_Prov_Dataset_v6/_A_baby_turtle_tucked_away_in_its_shell/g1366_cn3l3om.jpg", "URL": "http://i.imgur.com/wYhcYcf.jpg", "fileid": "g1366_cn3l3om.jpg"}, {"id": "g1366_cn3w6d3", "comment": "[What If Your Shell Didn't Know It Was A Shell?](http://i.imgur.com/0oOFhDl.png)", "date": "2014-12-23 22:22:26", "seriesname": "g1366_cn3w6d3", "file": "/media/jbrogan4/scratch2/Reddit_Prov_Dataset_v6/_A_baby_turtle_tucked_away_in_its_shell/g1366_cn3w6d3.png", "URL": "http://i.imgur.com/0oOFhDl.png", "fileid": "g1366_cn3w6d3.png"}, {"id": "g1366_cn3enxu", "comment": "[http://i.imgur.com/6J4wgxN.png](http://i.imgur.com/6J4wgxN.png)", "date": "2014-12-23 12:33:45", "seriesname": "g1366_cn3enxu", "file": "/media/jbrogan4/scratch2/Reddit_Prov_Dataset_v6/_A_baby_turtle_tucked_away_in_its_shell/g1366_cn3enxu.png", "URL": "http://i.imgur.com/6J4wgxN.png](http://i.imgur.com/6J4wgxN.png", "fileid": "g1366_cn3enxu.png"}, {"id": "g1366_cn3fenr", "comment": "[Rearry new hat](http://i.imgur.com/TaY7EeH.png)\n\n*Bonus: [Cutout](http://imgur.com/Lx9sSDX)", "date": "2014-12-23 12:56:49", "seriesname": "g1366_cn3fenr", "file": "/media/jbrogan4/scratch2/Reddit_Prov_Dataset_v6/_A_baby_turtle_tucked_away_in_its_shell/g1366_cn3fenr.png", "URL": "http://i.imgur.com/Lx9sSDX.png", "fileid": "g1366_cn3fenr.png"}, {"id": "g1366_cn3el0y", "comment": "[life opens many doors](http://i.imgur.com/BCi8uuG.jpg)", "date": "2014-12-23 12:31:18", "seriesname": "g1366_cn3el0y", "file": "/media/jbrogan4/scratch2/Reddit_Prov_Dataset_v6/_A_baby_turtle_tucked_away_in_its_shell/g1366_cn3el0y.jpg", "URL": "http://i.imgur.com/BCi8uuG.jpg", "fileid": "g1366_cn3el0y.jpg"}, {"id": "g1366_cn3gtky", "comment": "[Beiber's new grill](http://i.imgur.com/1KJQFLw.jpg)", "date": "2014-12-23 13:39:26", "seriesname": "g1366_cn3gtky", "file": "/media/jbrogan4/scratch2/Reddit_Prov_Dataset_v6/_A_baby_turtle_tucked_away_in_its_shell/g1366_cn3gtky.jpg", "URL": "http://i.imgur.com/1KJQFLw.jpg", "fileid": "g1366_cn3gtky.jpg"}, {"id": "g1366_cn3ma26", "comment": "[Mars Turtle Attacks](http://i.imgur.com/57STka7.png)", "date": "2014-12-23 16:28:28", "seriesname": "g1366_cn3ma26", "file": "/media/jbrogan4/scratch2/Reddit_Prov_Dataset_v6/_A_baby_turtle_tucked_away_in_its_shell/g1366_cn3ma26.png", "URL": "http://i.imgur.com/57STka7.png", "fileid": "g1366_cn3ma26.png"}, {"id": "g1366_cn3dz47", "comment": "http://i.imgur.com/EkXwuXQ.jpg", "date": "2014-12-23 12:12:42", "seriesname": "g1366_cn3dz47", "file": "/media/jbrogan4/scratch2/Reddit_Prov_Dataset_v6/_A_baby_turtle_tucked_away_in_its_shell/g1366_cn3dz47.jpg", "URL": "http://i.imgur.com/EkXwuXQ.jpg", "fileid": "g1366_cn3dz47.jpg"}, {"id": "g1366_cn3keff", "comment": "[Wot if your shell didn't know it was a shell?](http://imgur.com/TMucA4Q)", "date": "2014-12-23 15:28:55", "seriesname": "g1366_cn3keff", "file": "/media/jbrogan4/scratch2/Reddit_Prov_Dataset_v6/_A_baby_turtle_tucked_away_in_its_shell/g1366_cn3keff.png", "URL": "http://i.imgur.com/TMucA4Q.png", "fileid": "g1366_cn3keff.png"}, {"id": "g1366_cn3f2kl", "comment": "[I had almost the same idea, mine was just a normal mexican turtle wihthout guns](http://i.imgur.com/lY0poXJ.jpg)", "date": "2014-12-23 12:46:42", "seriesname": "g1366_cn3f2kl", "file": "/media/jbrogan4/scratch2/Reddit_Prov_Dataset_v6/_A_baby_turtle_tucked_away_in_its_shell/g1366_cn3f2kl.jpg", "URL": "http://i.imgur.com/lY0poXJ.jpg", "fileid": "g1366_cn3f2kl.jpg"}, {"id": "g1366_cn3kmdn", "comment": "[Plan 9 From Reddit Space](http://imgur.com/YBw8hg7)", "date": "2014-12-23 15:35:35", "seriesname": "g1366_cn3kmdn", "file": "/media/jbrogan4/scratch2/Reddit_Prov_Dataset_v6/_A_baby_turtle_tucked_away_in_its_shell/g1366_cn3kmdn.png", "URL": "http://i.imgur.com/YBw8hg7.png", "fileid": "g1366_cn3kmdn.png"}, {"id": "g1366_cn3iulu", "comment": "[Say hello to my little friend!](http://imgur.com/zJzQp6b)", "date": "2014-12-23 14:40:58", "seriesname": "g1366_cn3iulu", "file": "/media/jbrogan4/scratch2/Reddit_Prov_Dataset_v6/_A_baby_turtle_tucked_away_in_its_shell/g1366_cn3iulu.png", "URL": "http://i.imgur.com/zJzQp6b.png", "fileid": "g1366_cn3iulu.png"}, {"id": "g1366_cn401n8", "comment": "[too many cooks](http://i.imgur.com/afW03mL.png)", "date": "2014-12-24 01:01:11", "seriesname": "g1366_cn401n8", "file": "/media/jbrogan4/scratch2/Reddit_Prov_Dataset_v6/_A_baby_turtle_tucked_away_in_its_shell/g1366_cn401n8.png", "URL": "http://i.imgur.com/afW03mL.png", "fileid": "g1366_cn401n8.png"}, {"id": "g1366_cn3r533", "comment": "http://i.imgur.com/KtXc2nb.jpg", "date": "2014-12-23 19:18:31", "seriesname": "g1366_cn3r533", "file": "/media/jbrogan4/scratch2/Reddit_Prov_Dataset_v6/_A_baby_turtle_tucked_away_in_its_shell/g1366_cn3r533.jpg", "URL": "http://i.imgur.com/KtXc2nb.jpg", "fileid": "g1366_cn3r533.jpg"}, {"id": "g1366_cn3wxdx", "comment": "[uuuh yup](http://i.imgur.com/urUqrsU.jpg)", "date": "2014-12-23 22:51:46", "seriesname": "g1366_cn3wxdx", "file": "/media/jbrogan4/scratch2/Reddit_Prov_Dataset_v6/_A_baby_turtle_tucked_away_in_its_shell/g1366_cn3wxdx.jpg", "URL": "http://i.imgur.com/urUqrsU.jpg", "fileid": "g1366_cn3wxdx.jpg"}, {"id": "g1366_cn3f632", "comment": "[Going for gold!](http://i.imgur.com/lwLR4xd.jpg)", "date": "2014-12-23 12:49:39", "seriesname": "g1366_cn3f632", "file": "/media/jbrogan4/scratch2/Reddit_Prov_Dataset_v6/_A_baby_turtle_tucked_away_in_its_shell/g1366_cn3f632.jpg", "URL": "http://i.imgur.com/lwLR4xd.jpg", "fileid": "g1366_cn3f632.jpg"}, {"id": "g1366_cn3sxqt", "comment": "[rar](http://i.imgur.com/VIcfms3.jpg)", "date": "2014-12-23 20:23:15", "seriesname": "g1366_cn3sxqt", "file": "/media/jbrogan4/scratch2/Reddit_Prov_Dataset_v6/_A_baby_turtle_tucked_away_in_its_shell/g1366_cn3sxqt.jpg", "URL": "http://i.imgur.com/VIcfms3.jpg", "fileid": "g1366_cn3sxqt.jpg"}, {"id": "g1366_cn3hyer", "comment": "[Alright, alright, alright, Mr. Turtle](http://imgur.com/kCZQX7S)", "date": "2014-12-23 14:13:34", "seriesname": "g1366_cn3hyer", "file": "/media/jbrogan4/scratch2/Reddit_Prov_Dataset_v6/_A_baby_turtle_tucked_away_in_its_shell/g1366_cn3hyer.png", "URL": "http://i.imgur.com/kCZQX7S.png", "fileid": "g1366_cn3hyer.png"}, {"id": "g1366_cn3prb5", "comment": "[He reached the White House!](http://imgur.com/jGWIYk8)", "date": "2014-12-23 18:27:57", "seriesname": "g1366_cn3prb5", "file": "/media/jbrogan4/scratch2/Reddit_Prov_Dataset_v6/_A_baby_turtle_tucked_away_in_its_shell/g1366_cn3prb5.png", "URL": "http://i.imgur.com/jGWIYk8.png", "fileid": "g1366_cn3prb5.png"}, {"id": "g1366_cn3irzi", "comment": "[Seems like a safe place to hide out](http://i.imgur.com/Kfdqkux.jpg)", "date": "2014-12-23 14:38:46", "seriesname": "g1366_cn3irzi", "file": "/media/jbrogan4/scratch2/Reddit_Prov_Dataset_v6/_A_baby_turtle_tucked_away_in_its_shell/g1366_cn3irzi.jpg", "URL": "http://i.imgur.com/Kfdqkux.jpg", "fileid": "g1366_cn3irzi.jpg"}, {"id": "g1366_cn3m5gg", "comment": "I immediately thought of this... I'm a bit weird. [Imgur](http://i.imgur.com/zg1xIoo.jpg)", "date": "2014-12-23 16:24:19", "seriesname": "g1366_cn3m5gg", "file": "/media/jbrogan4/scratch2/Reddit_Prov_Dataset_v6/_A_baby_turtle_tucked_away_in_its_shell/g1366_cn3m5gg.jpg", "URL": "http://i.imgur.com/zg1xIoo.jpg", "fileid": "g1366_cn3m5gg.jpg"}, {"id": "g1366_cn3eog2", "comment": "[Blastoise](http://i.imgur.com/72CVvjb.jpg)", "date": "2014-12-23 12:34:11", "seriesname": "g1366_cn3eog2", "file": "/media/jbrogan4/scratch2/Reddit_Prov_Dataset_v6/_A_baby_turtle_tucked_away_in_its_shell/g1366_cn3eog2.jpg", "URL": "http://i.imgur.com/72CVvjb.jpg", "fileid": "g1366_cn3eog2.jpg"}, {"id": "g1366_cn3symn", "comment": "[\"Hopefully they don't notice me\"](http://imgur.com/alJwI1a)", "date": "2014-12-23 20:24:08", "seriesname": "g1366_cn3symn", "file": "/media/jbrogan4/scratch2/Reddit_Prov_Dataset_v6/_A_baby_turtle_tucked_away_in_its_shell/g1366_cn3symn.png", "URL": "http://i.imgur.com/alJwI1a.png", "fileid": "g1366_cn3symn.png"}, {"id": "g1366_cn3ruy0", "comment": "[Spamming Withdraw like a scrub.](http://imgur.com/miiVQsq)\n\nIt's simple, but I'm proud of my first shop :')", "date": "2014-12-23 19:44:23", "seriesname": "g1366_cn3ruy0", "file": "/media/jbrogan4/scratch2/Reddit_Prov_Dataset_v6/_A_baby_turtle_tucked_away_in_its_shell/g1366_cn3ruy0.png", "URL": "http://i.imgur.com/miiVQsq.png", "fileid": "g1366_cn3ruy0.png"}, {"id": "g1366_cn3njk2", "comment": "[Tortoise and the Hair](http://imgur.com/q5jmXS3)", "date": "2014-12-23 17:10:22", "seriesname": "g1366_cn3njk2", "file": "/media/jbrogan4/scratch2/Reddit_Prov_Dataset_v6/_A_baby_turtle_tucked_away_in_its_shell/g1366_cn3njk2.png", "URL": "http://i.imgur.com/q5jmXS3.png", "fileid": "g1366_cn3njk2.png"}, {"id": "g1366_cn3er0p", "comment": "[Balancing](http://i.imgur.com/En9EiXE.jpg) ^^^^meta", "date": "2014-12-23 12:36:22", "seriesname": "g1366_cn3er0p", "file": "/media/jbrogan4/scratch2/Reddit_Prov_Dataset_v6/_A_baby_turtle_tucked_away_in_its_shell/g1366_cn3er0p.jpg", "URL": "http://i.imgur.com/En9EiXE.jpg", "fileid": "g1366_cn3er0p.jpg"}, {"id": "g1366_cn3r4fe", "comment": "[Super Metroid: Baby Turtle](http://imgur.com/uao88LZ)\n\nI seriously can't believe this wasn't posted already or thought of.", "date": "2014-12-23 19:17:54", "seriesname": "g1366_cn3r4fe", "file": "/media/jbrogan4/scratch2/Reddit_Prov_Dataset_v6/_A_baby_turtle_tucked_away_in_its_shell/g1366_cn3r4fe.png", "URL": "http://i.imgur.com/uao88LZ.png", "fileid": "g1366_cn3r4fe.png"}, {"id": "g1366_cn3l8ji", "comment": "[And a mariachi to go](http://i.imgur.com/TL0Tt7I.jpg)", "date": "2014-12-23 15:54:46", "seriesname": "g1366_cn3l8ji", "file": "/media/jbrogan4/scratch2/Reddit_Prov_Dataset_v6/_A_baby_turtle_tucked_away_in_its_shell/g1366_cn3l8ji.jpg", "URL": "http://i.imgur.com/TL0Tt7I.jpg", "fileid": "g1366_cn3l8ji.jpg"}, {"id": "g1366_cn3n0y4", "comment": "[BBBBRRRRAAAAPPPP](http://i.imgur.com/2zVHsYy.jpg)", "date": "2014-12-23 16:52:52", "seriesname": "g1366_cn3n0y4", "file": "/media/jbrogan4/scratch2/Reddit_Prov_Dataset_v6/_A_baby_turtle_tucked_away_in_its_shell/g1366_cn3n0y4.jpg", "URL": "http://i.imgur.com/2zVHsYy.jpg", "fileid": "g1366_cn3n0y4.jpg"}, {"id": "g1366_cn3hzyf", "comment": "[I wouldn't put your finger near that...](http://i.imgur.com/TBjLn49.png)", "date": "2014-12-23 14:14:54", "seriesname": "g1366_cn3hzyf", "file": "/media/jbrogan4/scratch2/Reddit_Prov_Dataset_v6/_A_baby_turtle_tucked_away_in_its_shell/g1366_cn3hzyf.png", "URL": "http://i.imgur.com/TBjLn49.png", "fileid": "g1366_cn3hzyf.png"}, {"id": "g1366_cn3mm07", "comment": "[Got the old band back together!](http://i.imgur.com/QEjGccn.jpg)", "date": "2014-12-23 16:39:14", "seriesname": "g1366_cn3mm07", "file": "/media/jbrogan4/scratch2/Reddit_Prov_Dataset_v6/_A_baby_turtle_tucked_away_in_its_shell/g1366_cn3mm07.jpg", "URL": "http://i.imgur.com/QEjGccn.jpg", "fileid": "g1366_cn3mm07.jpg"}, {"id": "g1366_cn45fw5", "comment": "[Penis Joke](http://imgur.com/I8X74KT)", "date": "2014-12-24 07:25:28", "seriesname": "g1366_cn45fw5", "file": "/media/jbrogan4/scratch2/Reddit_Prov_Dataset_v6/_A_baby_turtle_tucked_away_in_its_shell/g1366_cn45fw5.png", "URL": "http://i.imgur.com/I8X74KT.png", "fileid": "g1366_cn45fw5.png"}, {"id": "g1366_cn3iphr", "comment": "[Crabby Exoskeleton](http://i.imgur.com/nvefoP6.png)", "date": "2014-12-23 14:36:39", "seriesname": "g1366_cn3iphr", "file": "/media/jbrogan4/scratch2/Reddit_Prov_Dataset_v6/_A_baby_turtle_tucked_away_in_its_shell/g1366_cn3iphr.png", "URL": "http://i.imgur.com/nvefoP6.png", "fileid": "g1366_cn3iphr.png"}, {"id": "g1366_cn3mp13", "comment": "[A new world is born!](http://i.imgur.com/AcFGj0i.jpg)", "date": "2014-12-23 16:42:07", "seriesname": "g1366_cn3mp13", "file": "/media/jbrogan4/scratch2/Reddit_Prov_Dataset_v6/_A_baby_turtle_tucked_away_in_its_shell/g1366_cn3mp13.jpg", "URL": "http://i.imgur.com/AcFGj0i.jpg", "fileid": "g1366_cn3mp13.jpg"}, {"id": "g1366_cn3ecy1", "comment": "[Lil' Raphael](http://i.imgur.com/i9yqSXb.png)", "date": "2014-12-23 12:24:31", "seriesname": "g1366_cn3ecy1", "file": "/media/jbrogan4/scratch2/Reddit_Prov_Dataset_v6/_A_baby_turtle_tucked_away_in_its_shell/g1366_cn3ecy1.png", "URL": "http://i.imgur.com/i9yqSXb.png", "fileid": "g1366_cn3ecy1.png"}, {"id": "g1366_cn3pqkt", "comment": "[If you say so.](http://i.imgur.com/1nfOTBm.jpg)", "date": "2014-12-23 18:27:14", "seriesname": "g1366_cn3pqkt", "file": "/media/jbrogan4/scratch2/Reddit_Prov_Dataset_v6/_A_baby_turtle_tucked_away_in_its_shell/g1366_cn3pqkt.jpg", "URL": "http://i.imgur.com/1nfOTBm.jpg", "fileid": "g1366_cn3pqkt.jpg"}, {"id": "g1366_cn3h68l", "comment": "[Little Abe Sapien](http://imgur.com/h1zB7ND)", "date": "2014-12-23 13:49:57", "seriesname": "g1366_cn3h68l", "file": "/media/jbrogan4/scratch2/Reddit_Prov_Dataset_v6/_A_baby_turtle_tucked_away_in_its_shell/g1366_cn3h68l.png", "URL": "http://i.imgur.com/h1zB7ND.png", "fileid": "g1366_cn3h68l.png"}, {"id": "g1366_cn3notr", "comment": "[Nyan nyan nyan nyan nyan](http://i.imgur.com/Uka3jXk.png)", "date": "2014-12-23 17:15:23", "seriesname": "g1366_cn3notr", "file": "/media/jbrogan4/scratch2/Reddit_Prov_Dataset_v6/_A_baby_turtle_tucked_away_in_its_shell/g1366_cn3notr.png", "URL": "http://i.imgur.com/Uka3jXk.png", "fileid": "g1366_cn3notr.png"}, {"id": "g1366_cn3s8ls", "comment": "[The truth is out there.](http://i.imgur.com/sHKyYkP.jpg)", "date": "2014-12-23 19:57:56", "seriesname": "g1366_cn3s8ls", "file": "/media/jbrogan4/scratch2/Reddit_Prov_Dataset_v6/_A_baby_turtle_tucked_away_in_its_shell/g1366_cn3s8ls.jpg", "URL": "http://i.imgur.com/sHKyYkP.jpg", "fileid": "g1366_cn3s8ls.jpg"}, {"id": "g1366_cn3mn2b", "comment": "[A cracking sound](http://i.imgur.com/gWP7ED6.jpg)", "date": "2014-12-23 16:40:13", "seriesname": "g1366_cn3mn2b", "file": "/media/jbrogan4/scratch2/Reddit_Prov_Dataset_v6/_A_baby_turtle_tucked_away_in_its_shell/g1366_cn3mn2b.jpg", "URL": "http://i.imgur.com/gWP7ED6.jpg", "fileid": "g1366_cn3mn2b.jpg"}, {"id": "g1366_cn3ny21", "comment": "[Piercing armor rounds](http://imgur.com/g3UYvP4)", "date": "2014-12-23 17:24:11", "seriesname": "g1366_cn3ny21", "file": "/media/jbrogan4/scratch2/Reddit_Prov_Dataset_v6/_A_baby_turtle_tucked_away_in_its_shell/g1366_cn3ny21.png", "URL": "http://i.imgur.com/g3UYvP4.png", "fileid": "g1366_cn3ny21.png"}, {"id": "g1366_cn3ii7v", "comment": "http://i.imgur.com/xwBn72S.jpg?1\n\nKame o onegaishimasu.", "date": "2014-12-23 14:30:28", "seriesname": "g1366_cn3ii7v", "file": "/media/jbrogan4/scratch2/Reddit_Prov_Dataset_v6/_A_baby_turtle_tucked_away_in_its_shell/g1366_cn3ii7v.jpg", "URL": "http://i.imgur.com/xwBn72S.jpg?1", "fileid": "g1366_cn3ii7v.jpg"}, {"id": "g1366_cn3ftl5", "comment": "[*You monster*](http://i.imgur.com/TLB9DCG.jpg)", "date": "2014-12-23 13:09:12", "seriesname": "g1366_cn3ftl5", "file": "/media/jbrogan4/scratch2/Reddit_Prov_Dataset_v6/_A_baby_turtle_tucked_away_in_its_shell/g1366_cn3ftl5.jpg", "URL": "http://i.imgur.com/TLB9DCG.jpg", "fileid": "g1366_cn3ftl5.jpg"}, {"id": "g1366_cn3kgmz", "comment": "[Eastern long necked baby turtle](http://i.imgur.com/OeLhJks.jpg)", "date": "2014-12-23 15:30:51", "seriesname": "g1366_cn3kgmz", "file": "/media/jbrogan4/scratch2/Reddit_Prov_Dataset_v6/_A_baby_turtle_tucked_away_in_its_shell/g1366_cn3kgmz.jpg", "URL": "http://i.imgur.com/OeLhJks.jpg", "fileid": "g1366_cn3kgmz.jpg"}, {"id": "g1366_cn3o8xh", "comment": "[am I not Turtley enough](http://imgur.com/7rbvrtf)\n\nI am not a talented man", "date": "2014-12-23 17:34:44", "seriesname": "g1366_cn3o8xh", "file": "/media/jbrogan4/scratch2/Reddit_Prov_Dataset_v6/_A_baby_turtle_tucked_away_in_its_shell/g1366_cn3o8xh.png", "URL": "http://i.imgur.com/7rbvrtf.png", "fileid": "g1366_cn3o8xh.png"}, {"id": "g1366_cn3dxug", "comment": "[mario kart](http://i.imgur.com/a3vOcYw.jpg)", "date": "2014-12-23 12:11:36", "seriesname": "g1366_cn3dxug", "file": "/media/jbrogan4/scratch2/Reddit_Prov_Dataset_v6/_A_baby_turtle_tucked_away_in_its_shell/g1366_cn3dxug.jpg", "URL": "http://i.imgur.com/a3vOcYw.jpg", "fileid": "g1366_cn3dxug.jpg"}, {"id": "g1366_cn3f5jf", "comment": "[Tortuga](http://i.imgur.com/bdlsZih.png)", "date": "2014-12-23 12:49:13", "seriesname": "g1366_cn3f5jf", "file": "/media/jbrogan4/scratch2/Reddit_Prov_Dataset_v6/_A_baby_turtle_tucked_away_in_its_shell/g1366_cn3f5jf.png", "URL": "http://i.imgur.com/bdlsZih.png", "fileid": "g1366_cn3f5jf.png"}, {"id": "g1366_cn3qujc", "comment": "My Dentures feel funny?!? http://i.imgur.com/HyciBhw.jpg", "date": "2014-12-23 19:08:00", "seriesname": "g1366_cn3qujc", "file": "/media/jbrogan4/scratch2/Reddit_Prov_Dataset_v6/_A_baby_turtle_tucked_away_in_its_shell/g1366_cn3qujc.jpg", "URL": "http://i.imgur.com/HyciBhw.jpg", "fileid": "g1366_cn3qujc.jpg"}, {"id": "g1366_cn5pfi1", "comment": "[Mario better watch out...](http://imgur.com/1MaMv60)", "date": "2014-12-26 06:47:13", "seriesname": "g1366_cn5pfi1", "file": "/media/jbrogan4/scratch2/Reddit_Prov_Dataset_v6/_A_baby_turtle_tucked_away_in_its_shell/g1366_cn5pfi1.png", "URL": "http://i.imgur.com/1MaMv60.png", "fileid": "g1366_cn5pfi1.png"}, {"id": "g1366_cn3irjv", "comment": "Turn the page, wash your hands. Turn the page, wash your hands. Turn the page, wash your hands. \n\nhttp://i.imgur.com/RPvl0AP.jpg", "date": "2014-12-23 14:38:25", "seriesname": "g1366_cn3irjv", "file": "/media/jbrogan4/scratch2/Reddit_Prov_Dataset_v6/_A_baby_turtle_tucked_away_in_its_shell/g1366_cn3irjv.jpg", "URL": "http://i.imgur.com/RPvl0AP.jpg", "fileid": "g1366_cn3irjv.jpg"}, {"id": "g1366_cn3ovt8", "comment": "http://i.imgur.com/gWSzrvs.jpg?1", "date": "2014-12-23 17:56:54", "seriesname": "g1366_cn3ovt8", "file": "/media/jbrogan4/scratch2/Reddit_Prov_Dataset_v6/_A_baby_turtle_tucked_away_in_its_shell/g1366_cn3ovt8.jpg", "URL": "http://i.imgur.com/gWSzrvs.jpg?1", "fileid": "g1366_cn3ovt8.jpg"}, {"id": "g1366_root", "comment": "", "date": "2014-12-23 10:41:59", "seriesname": "g1366_root", "file": "/media/jbrogan4/scratch2/Reddit_Prov_Dataset_v6/_A_baby_turtle_tucked_away_in_its_shell/g1366_root.jpg", "URL": "http://i.imgur.com/W2kgRRb.jpg", "fileid": "g1366_root.jpg"}, {"id": "g1366_cn3jzxs", "comment": "[Did one really quick.](http://imgur.com/vO7od4S)\n\nUnfortunately that was the best image I could find, so it's pretty small.\n\nEDIT: Of course, now that I finish I just now found a much better image of that scene.", "date": "2014-12-23 15:16:28", "seriesname": "g1366_cn3jzxs", "file": "/media/jbrogan4/scratch2/Reddit_Prov_Dataset_v6/_A_baby_turtle_tucked_away_in_its_shell/g1366_cn3jzxs.png", "URL": "http://i.imgur.com/vO7od4S.png", "fileid": "g1366_cn3jzxs.png"}, {"id": "g1366_cn3rloy", "comment": "[is it giving birth?](http://imgur.com/vXVn2Hb)", "date": "2014-12-23 19:35:08", "seriesname": "g1366_cn3rloy", "file": "/media/jbrogan4/scratch2/Reddit_Prov_Dataset_v6/_A_baby_turtle_tucked_away_in_its_shell/g1366_cn3rloy.png", "URL": "http://i.imgur.com/vXVn2Hb.png", "fileid": "g1366_cn3rloy.png"}], "graph": {"name": "g1366_root"}, "directed": true}