{"links": [{"op": "none", "target": 0, "source": 63}, {"op": "none", "target": 1, "source": 12}, {"op": "none", "target": 2, "source": 12}, {"op": "none", "target": 3, "source": 12}, {"op": "none", "target": 4, "source": 12}, {"op": "none", "target": 5, "source": 12}, {"op": "none", "target": 6, "source": 12}, {"op": "none", "target": 7, "source": 12}, {"op": "none", "target": 8, "source": 12}, {"op": "none", "target": 9, "source": 12}, {"op": "none", "target": 10, "source": 12}, {"op": "none", "target": 11, "source": 12}, {"op": "none", "target": 13, "source": 12}, {"op": "none", "target": 14, "source": 12}, {"op": "none", "target": 15, "source": 12}, {"op": "none", "target": 16, "source": 12}, {"op": "none", "target": 17, "source": 12}, {"op": "none", "target": 18, "source": 12}, {"op": "none", "target": 19, "source": 14}, {"op": "none", "target": 20, "source": 12}, {"op": "none", "target": 21, "source": 12}, {"op": "none", "target": 22, "source": 12}, {"op": "none", "target": 23, "source": 12}, {"op": "none", "target": 24, "source": 12}, {"op": "none", "target": 25, "source": 44}, {"op": "none", "target": 26, "source": 12}, {"op": "none", "target": 27, "source": 55}, {"op": "none", "target": 28, "source": 55}, {"op": "none", "target": 29, "source": 62}, {"op": "none", "target": 30, "source": 12}, {"op": "none", "target": 31, "source": 43}, {"op": "none", "target": 32, "source": 27}, {"op": "none", "target": 33, "source": 12}, {"op": "none", "target": 34, "source": 12}, {"op": "none", "target": 35, "source": 12}, {"op": "none", "target": 36, "source": 12}, {"op": "none", "target": 37, "source": 12}, {"op": "none", "target": 38, "source": 3}, {"op": "none", "target": 39, "source": 12}, {"op": "none", "target": 40, "source": 11}, {"op": "none", "target": 41, "source": 12}, {"op": "none", "target": 42, "source": 53}, {"op": "none", "target": 43, "source": 44}, {"op": "none", "target": 44, "source": 12}, {"op": "none", "target": 45, "source": 12}, {"op": "none", "target": 46, "source": 12}, {"op": "none", "target": 47, "source": 4}, {"op": "none", "target": 48, "source": 16}, {"op": "none", "target": 49, "source": 12}, {"op": "none", "target": 50, "source": 30}, {"op": "none", "target": 51, "source": 12}, {"op": "none", "target": 52, "source": 12}, {"op": "none", "target": 53, "source": 12}, {"op": "none", "target": 54, "source": 12}, {"op": "none", "target": 55, "source": 12}, {"op": "none", "target": 56, "source": 12}, {"op": "none", "target": 57, "source": 12}, {"op": "none", "target": 58, "source": 12}, {"op": "none", "target": 59, "source": 12}, {"op": "none", "target": 60, "source": 11}, {"op": "none", "target": 61, "source": 12}, {"op": "none", "target": 62, "source": 12}, {"op": "none", "target": 63, "source": 43}, {"op": "none", "target": 64, "source": 12}, {"op": "none", "target": 65, "source": 12}, {"op": "none", "target": 66, "source": 12}], "title": "_Man_with_a_very_long_carrot", "nodes": [{"id": "g1361_cvjup7b", "comment": "[I tried](http://i.imgur.com/0OLGVqE.jpg). Turns out I suck at Photoshop.\n\nEdit: I know a silhouette is supposed to be black but I thought it'd look weird so...", "date": "2015-09-30 18:36:47", "seriesname": "g1361_cvjup7b", "file": "/media/jbrogan4/scratch2/Reddit_Prov_Dataset_v6/_Man_with_a_very_long_carrot/g1361_cvjup7b.jpg", "URL": "http://i.imgur.com/0OLGVqE.jpg).", "fileid": "g1361_cvjup7b."}, {"id": "g1361_cvje2n2", "comment": "[The rabbits are coming](http://i.imgur.com/Rqb3fRA.png)\n\nEdit: [Guest Star - PG-13](http://i.imgur.com/DsPyDQP.png)", "date": "2015-09-30 11:55:56", "seriesname": "g1361_cvje2n2", "file": "/media/jbrogan4/scratch2/Reddit_Prov_Dataset_v6/_Man_with_a_very_long_carrot/g1361_cvje2n2.png", "URL": "http://i.imgur.com/DsPyDQP.png", "fileid": "g1361_cvje2n2.png"}, {"id": "g1361_cvjixjz", "comment": "Hitler http://imgur.com/YajKx1R", "date": "2015-09-30 13:51:11", "seriesname": "g1361_cvjixjz", "file": "/media/jbrogan4/scratch2/Reddit_Prov_Dataset_v6/_Man_with_a_very_long_carrot/g1361_cvjixjz.png", "URL": "http://i.imgur.com/YajKx1R.png", "fileid": "g1361_cvjixjz.png"}, {"id": "g1361_cvjbgiw", "comment": "http://i.imgur.com/AEuYiHE.jpg", "date": "2015-09-30 10:50:24", "seriesname": "g1361_cvjbgiw", "file": "/media/jbrogan4/scratch2/Reddit_Prov_Dataset_v6/_Man_with_a_very_long_carrot/g1361_cvjbgiw.jpg", "URL": "http://i.imgur.com/AEuYiHE.jpg", "fileid": "g1361_cvjbgiw.jpg"}, {"id": "g1361_cvj9107", "comment": "My [first post here](http://i.imgur.com/eXCqkT0.png): it doesn't look so bad, but my brain is bad at perspective", "date": "2015-09-30 09:42:14", "seriesname": "g1361_cvj9107", "file": "/media/jbrogan4/scratch2/Reddit_Prov_Dataset_v6/_Man_with_a_very_long_carrot/g1361_cvj9107.jpg", "URL": "http://i.imgur.com/eXCqkT0.png):", "fileid": "g1361_cvj9107.png:"}, {"id": "g1361_cvjejqz", "comment": "[Guess she did cheat on me](http://i.imgur.com/PYPU7MP.jpg)", "date": "2015-09-30 12:07:25", "seriesname": "g1361_cvjejqz", "file": "/media/jbrogan4/scratch2/Reddit_Prov_Dataset_v6/_Man_with_a_very_long_carrot/g1361_cvjejqz.jpg", "URL": "http://i.imgur.com/PYPU7MP.jpg", "fileid": "g1361_cvjejqz.jpg"}, {"id": "g1361_cvjeoen", "comment": "[Dobby is happy to be with his friend.](http://imgur.com/gsPd0DW)", "date": "2015-09-30 12:10:31", "seriesname": "g1361_cvjeoen", "file": "/media/jbrogan4/scratch2/Reddit_Prov_Dataset_v6/_Man_with_a_very_long_carrot/g1361_cvjeoen.png", "URL": "http://i.imgur.com/gsPd0DW.png", "fileid": "g1361_cvjeoen.png"}, {"id": "g1361_cvjj4o9", "comment": "[Poor guy](https://i.imgur.com/2FQ2rwh.jpg)", "date": "2015-09-30 13:55:51", "seriesname": "g1361_cvjj4o9", "file": "/media/jbrogan4/scratch2/Reddit_Prov_Dataset_v6/_Man_with_a_very_long_carrot/g1361_cvjj4o9.jpg", "URL": "https://i.imgur.com/2FQ2rwh.jpg", "fileid": "g1361_cvjj4o9.jpg"}, {"id": "g1361_cvjcx55", "comment": "[Threes a Crowd](http://imgur.com/59mbd6D)", "date": "2015-09-30 11:27:48", "seriesname": "g1361_cvjcx55", "file": "/media/jbrogan4/scratch2/Reddit_Prov_Dataset_v6/_Man_with_a_very_long_carrot/g1361_cvjcx55.png", "URL": "http://i.imgur.com/59mbd6D.png", "fileid": "g1361_cvjcx55.png"}, {"id": "g1361_cvjekw1", "comment": "[the curse of angry client](http://imgur.com/EEqINQY)", "date": "2015-09-30 12:08:12", "seriesname": "g1361_cvjekw1", "file": "/media/jbrogan4/scratch2/Reddit_Prov_Dataset_v6/_Man_with_a_very_long_carrot/g1361_cvjekw1.png", "URL": "http://i.imgur.com/EEqINQY.png", "fileid": "g1361_cvjekw1.png"}, {"id": "g1361_cvjhqtp", "comment": "[Doing The Tango?](http://imgur.com/hyLpG96)", "date": "2015-09-30 13:23:21", "seriesname": "g1361_cvjhqtp", "file": "/media/jbrogan4/scratch2/Reddit_Prov_Dataset_v6/_Man_with_a_very_long_carrot/g1361_cvjhqtp.png", "URL": "http://i.imgur.com/hyLpG96.png", "fileid": "g1361_cvjhqtp.png"}, {"id": "g1361_cvjafqs", "comment": "http://i.imgur.com/VFm808a.jpg?1\n\nfucked up the hands though :/", "date": "2015-09-30 10:23:11", "seriesname": "g1361_cvjafqs", "file": "/media/jbrogan4/scratch2/Reddit_Prov_Dataset_v6/_Man_with_a_very_long_carrot/g1361_cvjafqs.jpg", "URL": "http://i.imgur.com/VFm808a.jpg?1", "fileid": "g1361_cvjafqs.jpg"}, {"id": "g1361_root", "comment": "", "date": "2015-09-30 08:37:23", "seriesname": "g1361_root", "file": "/media/jbrogan4/scratch2/Reddit_Prov_Dataset_v6/_Man_with_a_very_long_carrot/g1361_root.jpg", "URL": "http://i.imgur.com/xxZOhtt.jpg", "fileid": "g1361_root.jpg"}, {"id": "g1361_cvjqgog", "comment": "[TSA Profiling during Screening Process](http://imgur.com/xrVJqQH)", "date": "2015-09-30 16:47:01", "seriesname": "g1361_cvjqgog", "file": "/media/jbrogan4/scratch2/Reddit_Prov_Dataset_v6/_Man_with_a_very_long_carrot/g1361_cvjqgog.png", "URL": "http://i.imgur.com/xrVJqQH.png", "fileid": "g1361_cvjqgog.png"}, {"id": "g1361_cvj9nqu", "comment": "http://i.imgur.com/ZINZ1Xv.jpg\n\n\nNSFW", "date": "2015-09-30 10:01:17", "seriesname": "g1361_cvj9nqu", "file": "/media/jbrogan4/scratch2/Reddit_Prov_Dataset_v6/_Man_with_a_very_long_carrot/g1361_cvj9nqu.jpg", "URL": "http://i.imgur.com/ZINZ1Xv.jpg", "fileid": "g1361_cvj9nqu.jpg"}, {"id": "g1361_cvjfdc7", "comment": "[The next bestseller](http://i.imgur.com/ARq3Lty.jpg)", "date": "2015-09-30 12:26:57", "seriesname": "g1361_cvjfdc7", "file": "/media/jbrogan4/scratch2/Reddit_Prov_Dataset_v6/_Man_with_a_very_long_carrot/g1361_cvjfdc7.jpg", "URL": "http://i.imgur.com/ARq3Lty.jpg", "fileid": "g1361_cvjfdc7.jpg"}, {"id": "g1361_cvjfdbu", "comment": "[His favorite instrument of pain](http://i.imgur.com/LK7k8kQ.jpg)", "date": "2015-09-30 12:26:57", "seriesname": "g1361_cvjfdbu", "file": "/media/jbrogan4/scratch2/Reddit_Prov_Dataset_v6/_Man_with_a_very_long_carrot/g1361_cvjfdbu.jpg", "URL": "http://i.imgur.com/LK7k8kQ.jpg", "fileid": "g1361_cvjfdbu.jpg"}, {"id": "g1361_cvjyu3m", "comment": "\n\n[Buff Carrot](http://i.imgur.com/7fp8XC1.jpg)", "date": "2015-09-30 20:32:53", "seriesname": "g1361_cvjyu3m", "file": "/media/jbrogan4/scratch2/Reddit_Prov_Dataset_v6/_Man_with_a_very_long_carrot/g1361_cvjyu3m.jpg", "URL": "http://i.imgur.com/7fp8XC1.jpg", "fileid": "g1361_cvjyu3m.jpg"}, {"id": "g1361_cvjdrcu", "comment": "[HM Massed Carrot band](http://i.imgur.com/blZ7uZU.jpg)", "date": "2015-09-30 11:48:15", "seriesname": "g1361_cvjdrcu", "file": "/media/jbrogan4/scratch2/Reddit_Prov_Dataset_v6/_Man_with_a_very_long_carrot/g1361_cvjdrcu.jpg", "URL": "http://i.imgur.com/blZ7uZU.jpg", "fileid": "g1361_cvjdrcu.jpg"}, {"id": "g1361_cvjdx8y", "comment": "[SFW](http://i.imgur.com/d0HrPFM.jpg)", "date": "2015-09-30 11:52:16", "seriesname": "g1361_cvjdx8y", "file": "/media/jbrogan4/scratch2/Reddit_Prov_Dataset_v6/_Man_with_a_very_long_carrot/g1361_cvjdx8y.jpg", "URL": "http://i.imgur.com/d0HrPFM.jpg", "fileid": "g1361_cvjdx8y.jpg"}, {"id": "g1361_cvj9u5c", "comment": "http://i.imgur.com/GCPFbBU.jpg", "date": "2015-09-30 10:06:25", "seriesname": "g1361_cvj9u5c", "file": "/media/jbrogan4/scratch2/Reddit_Prov_Dataset_v6/_Man_with_a_very_long_carrot/g1361_cvj9u5c.jpg", "URL": "http://i.imgur.com/GCPFbBU.jpg", "fileid": "g1361_cvj9u5c.jpg"}, {"id": "g1361_cvjit7z", "comment": "[Hmmmm..](http://imgur.com/rMVSqTh)", "date": "2015-09-30 13:48:21", "seriesname": "g1361_cvjit7z", "file": "/media/jbrogan4/scratch2/Reddit_Prov_Dataset_v6/_Man_with_a_very_long_carrot/g1361_cvjit7z.png", "URL": "http://i.imgur.com/rMVSqTh.png", "fileid": "g1361_cvjit7z.png"}, {"id": "g1361_cvjdwui", "comment": "NSFW: [I want you to draw me wearing this. Wearing - only this.](http://imgur.com/sjAsFO7)", "date": "2015-09-30 11:51:59", "seriesname": "g1361_cvjdwui", "file": "/media/jbrogan4/scratch2/Reddit_Prov_Dataset_v6/_Man_with_a_very_long_carrot/g1361_cvjdwui.png", "URL": "http://i.imgur.com/sjAsFO7.png", "fileid": "g1361_cvjdwui.png"}, {"id": "g1361_cvjh4cb", "comment": "[knot easily impressed](http://i.imgur.com/oSvDa6R.jpg)", "date": "2015-09-30 13:08:17", "seriesname": "g1361_cvjh4cb", "file": "/media/jbrogan4/scratch2/Reddit_Prov_Dataset_v6/_Man_with_a_very_long_carrot/g1361_cvjh4cb.jpg", "URL": "http://i.imgur.com/oSvDa6R.jpg", "fileid": "g1361_cvjh4cb.jpg"}, {"id": "g1361_cvjxroj", "comment": "[The resemblance is uncanny.](http://i.imgur.com/gjCHCAj.jpg)", "date": "2015-09-30 20:03:02", "seriesname": "g1361_cvjxroj", "file": "/media/jbrogan4/scratch2/Reddit_Prov_Dataset_v6/_Man_with_a_very_long_carrot/g1361_cvjxroj.jpg", "URL": "http://i.imgur.com/gjCHCAj.jpg", "fileid": "g1361_cvjxroj.jpg"}, {"id": "g1361_cvk00jr", "comment": "[I'm gonna get dat pesky wabbit](http://i.imgur.com/UzS4Fdb.jpg)", "date": "2015-09-30 21:06:12", "seriesname": "g1361_cvk00jr", "file": "/media/jbrogan4/scratch2/Reddit_Prov_Dataset_v6/_Man_with_a_very_long_carrot/g1361_cvk00jr.jpg", "URL": "http://i.imgur.com/UzS4Fdb.jpg", "fileid": "g1361_cvk00jr.jpg"}, {"id": "g1361_cvj94jm", "comment": "[Considering a new tie](http://i.imgur.com/zSf0q2y.png)", "date": "2015-09-30 09:45:15", "seriesname": "g1361_cvj94jm", "file": "/media/jbrogan4/scratch2/Reddit_Prov_Dataset_v6/_Man_with_a_very_long_carrot/g1361_cvj94jm.png", "URL": "http://i.imgur.com/zSf0q2y.png", "fileid": "g1361_cvj94jm.png"}, {"id": "g1361_cvjdanh", "comment": "[Done](http://i.imgur.com/pEqF75n.jpg)", "date": "2015-09-30 11:36:59", "seriesname": "g1361_cvjdanh", "file": "/media/jbrogan4/scratch2/Reddit_Prov_Dataset_v6/_Man_with_a_very_long_carrot/g1361_cvjdanh.jpg", "URL": "http://i.imgur.com/pEqF75n.jpg", "fileid": "g1361_cvjdanh.jpg"}, {"id": "g1361_cvjdnwn", "comment": "[My attempt](http://i.imgur.com/mhDLufW.jpg)", "date": "2015-09-30 11:45:59", "seriesname": "g1361_cvjdnwn", "file": "/media/jbrogan4/scratch2/Reddit_Prov_Dataset_v6/_Man_with_a_very_long_carrot/g1361_cvjdnwn.jpg", "URL": "http://i.imgur.com/mhDLufW.jpg", "fileid": "g1361_cvjdnwn.jpg"}, {"id": "g1361_cvjwgit", "comment": "[Fixed it up a bit](http://i.imgur.com/xTxody4.jpg)", "date": "2015-09-30 19:26:05", "seriesname": "g1361_cvjwgit", "file": "/media/jbrogan4/scratch2/Reddit_Prov_Dataset_v6/_Man_with_a_very_long_carrot/g1361_cvjwgit.jpg", "URL": "http://i.imgur.com/xTxody4.jpg", "fileid": "g1361_cvjwgit.jpg"}, {"id": "g1361_cvj9t81", "comment": "[This is my least favorite life.](http://i.imgur.com/18YlgBX.jpg) ", "date": "2015-09-30 10:05:42", "seriesname": "g1361_cvj9t81", "file": "/media/jbrogan4/scratch2/Reddit_Prov_Dataset_v6/_Man_with_a_very_long_carrot/g1361_cvj9t81.jpg", "URL": "http://i.imgur.com/18YlgBX.jpg", "fileid": "g1361_cvj9t81.jpg"}, {"id": "g1361_cvjh68f", "comment": "[Too much](http://i.imgur.com/uqZJqeq.jpg)", "date": "2015-09-30 13:09:32", "seriesname": "g1361_cvjh68f", "file": "/media/jbrogan4/scratch2/Reddit_Prov_Dataset_v6/_Man_with_a_very_long_carrot/g1361_cvjh68f.jpg", "URL": "http://i.imgur.com/uqZJqeq.jpg", "fileid": "g1361_cvjh68f.jpg"}, {"id": "g1361_cvje6s5", "comment": "[Bonus version](http://i.imgur.com/ScGhvmc.jpg)", "date": "2015-09-30 11:58:43", "seriesname": "g1361_cvje6s5", "file": "/media/jbrogan4/scratch2/Reddit_Prov_Dataset_v6/_Man_with_a_very_long_carrot/g1361_cvje6s5.jpg", "URL": "http://i.imgur.com/ScGhvmc.jpg", "fileid": "g1361_cvje6s5.jpg"}, {"id": "g1361_cvje4fj", "comment": "Is the weed on the show real?\n\nhttp://i.imgur.com/0Zu66Fu.png", "date": "2015-09-30 11:57:09", "seriesname": "g1361_cvje4fj", "file": "/media/jbrogan4/scratch2/Reddit_Prov_Dataset_v6/_Man_with_a_very_long_carrot/g1361_cvje4fj.png", "URL": "http://i.imgur.com/0Zu66Fu.png", "fileid": "g1361_cvje4fj.png"}, {"id": "g1361_cvjjk2c", "comment": "[Nobody knows the trouble I've seeeen](http://i.imgur.com/4OrSRGW.png)", "date": "2015-09-30 14:05:55", "seriesname": "g1361_cvjjk2c", "file": "/media/jbrogan4/scratch2/Reddit_Prov_Dataset_v6/_Man_with_a_very_long_carrot/g1361_cvjjk2c.png", "URL": "http://i.imgur.com/4OrSRGW.png", "fileid": "g1361_cvjjk2c.png"}, {"id": "g1361_cvjuwmh", "comment": "[My love life in one photo.](http://imgur.com/Vvr6Uw2)", "date": "2015-09-30 18:42:37", "seriesname": "g1361_cvjuwmh", "file": "/media/jbrogan4/scratch2/Reddit_Prov_Dataset_v6/_Man_with_a_very_long_carrot/g1361_cvjuwmh.png", "URL": "http://i.imgur.com/Vvr6Uw2.png", "fileid": "g1361_cvjuwmh.png"}, {"id": "g1361_cvjh2sk", "comment": "http://i.imgur.com/QDOm31D.jpg", "date": "2015-09-30 13:07:16", "seriesname": "g1361_cvjh2sk", "file": "/media/jbrogan4/scratch2/Reddit_Prov_Dataset_v6/_Man_with_a_very_long_carrot/g1361_cvjh2sk.jpg", "URL": "http://i.imgur.com/QDOm31D.jpg", "fileid": "g1361_cvjh2sk.jpg"}, {"id": "g1361_cvjdg1h", "comment": "[My quick attempt](https://imgur.com/M0OlxyD)", "date": "2015-09-30 11:40:40", "seriesname": "g1361_cvjdg1h", "file": "/media/jbrogan4/scratch2/Reddit_Prov_Dataset_v6/_Man_with_a_very_long_carrot/g1361_cvjdg1h.png", "URL": "http://i.imgur.com/M0OlxyD.png", "fileid": "g1361_cvjdg1h.png"}, {"id": "g1361_cvjjdfz", "comment": "[Yeah](http://i.imgur.com/nvlfV1F.jpg)", "date": "2015-09-30 14:01:36", "seriesname": "g1361_cvjjdfz", "file": "/media/jbrogan4/scratch2/Reddit_Prov_Dataset_v6/_Man_with_a_very_long_carrot/g1361_cvjjdfz.jpg", "URL": "http://i.imgur.com/nvlfV1F.jpg", "fileid": "g1361_cvjjdfz.jpg"}, {"id": "g1361_cvjdnsl", "comment": "[When being on the road gets to you.](https://imgur.com/i3rTTcO)", "date": "2015-09-30 11:45:55", "seriesname": "g1361_cvjdnsl", "file": "/media/jbrogan4/scratch2/Reddit_Prov_Dataset_v6/_Man_with_a_very_long_carrot/g1361_cvjdnsl.png", "URL": "http://i.imgur.com/i3rTTcO.png", "fileid": "g1361_cvjdnsl.png"}, {"id": "g1361_cvjaxzx", "comment": "[Fixed.](http://i.imgur.com/R6AFFHL.jpg)", "date": "2015-09-30 10:36:51", "seriesname": "g1361_cvjaxzx", "file": "/media/jbrogan4/scratch2/Reddit_Prov_Dataset_v6/_Man_with_a_very_long_carrot/g1361_cvjaxzx.jpg", "URL": "http://i.imgur.com/R6AFFHL.jpg", "fileid": "g1361_cvjaxzx.jpg"}, {"id": "g1361_cvjdgx5", "comment": "Im really sorry for the terrible quality...I don't use photoshop so this was all done from youtube tutorials but I just had to do this...\n\nhttp://i.imgur.com/GSlikx5.png", "date": "2015-09-30 11:41:18", "seriesname": "g1361_cvjdgx5", "file": "/media/jbrogan4/scratch2/Reddit_Prov_Dataset_v6/_Man_with_a_very_long_carrot/g1361_cvjdgx5.png", "URL": "http://i.imgur.com/GSlikx5.png", "fileid": "g1361_cvjdgx5.png"}, {"id": "g1361_cvjnmi1", "comment": "https://i.imgur.com/pNLPdh2.jpg\n\noriginal reddit post:\n\nhttps://www.reddit.com/r/pics/comments/352utq/we_took_my_grandma_to_hawaii_for_the_first_time/\n", "date": "2015-09-30 15:40:43", "seriesname": "g1361_cvjnmi1", "file": "/media/jbrogan4/scratch2/Reddit_Prov_Dataset_v6/_Man_with_a_very_long_carrot/g1361_cvjnmi1.jpg", "URL": "https://i.imgur.com/pNLPdh2.jpg", "fileid": "g1361_cvjnmi1.jpg"}, {"id": "g1361_cvjdk35", "comment": "[The \"O\" was annoying me](http://i.imgur.com/0QZJtVz.jpg)", "date": "2015-09-30 11:43:23", "seriesname": "g1361_cvjdk35", "file": "/media/jbrogan4/scratch2/Reddit_Prov_Dataset_v6/_Man_with_a_very_long_carrot/g1361_cvjdk35.jpg", "URL": "http://i.imgur.com/0QZJtVz.jpg", "fileid": "g1361_cvjdk35.jpg"}, {"id": "g1361_cvja2no", "comment": "[The man who passes the sentence should swing the carrot](http://i.imgur.com/K8G0UCx.jpg)\n\nGave it some polish since it was so popular: http://i.imgur.com/Kvzq2Zh.jpg", "date": "2015-09-30 10:13:03", "seriesname": "g1361_cvja2no", "file": "/media/jbrogan4/scratch2/Reddit_Prov_Dataset_v6/_Man_with_a_very_long_carrot/g1361_cvja2no.jpg", "URL": "http://i.imgur.com/Kvzq2Zh.jpg", "fileid": "g1361_cvja2no.jpg"}, {"id": "g1361_cvja8e9", "comment": "[Here's looking at you, carrot](http://i.imgur.com/f3HPNhG.jpg)", "date": "2015-09-30 10:17:33", "seriesname": "g1361_cvja8e9", "file": "/media/jbrogan4/scratch2/Reddit_Prov_Dataset_v6/_Man_with_a_very_long_carrot/g1361_cvja8e9.jpg", "URL": "http://i.imgur.com/f3HPNhG.jpg", "fileid": "g1361_cvja8e9.jpg"}, {"id": "g1361_cvjec9o", "comment": "http://i.imgur.com/qTJuTc0.jpg\n\nfirst dickbutt, really?", "date": "2015-09-30 12:02:24", "seriesname": "g1361_cvjec9o", "file": "/media/jbrogan4/scratch2/Reddit_Prov_Dataset_v6/_Man_with_a_very_long_carrot/g1361_cvjec9o.jpg", "URL": "http://i.imgur.com/qTJuTc0.jpg", "fileid": "g1361_cvjec9o.jpg"}, {"id": "g1361_cvjlfy6", "comment": "Great idea with the phone - I like it!  So much in fact that I decided to go ahead and ruin it. Consider it a compliment...\n\n[Longing to be a man with a very long carrot](http://imgur.com/cC7oxZU) NSFW", "date": "2015-09-30 14:50:04", "seriesname": "g1361_cvjlfy6", "file": "/media/jbrogan4/scratch2/Reddit_Prov_Dataset_v6/_Man_with_a_very_long_carrot/g1361_cvjlfy6.png", "URL": "http://i.imgur.com/cC7oxZU.png", "fileid": "g1361_cvjlfy6.png"}, {"id": "g1361_cvk8sfi", "comment": "[Relevant Far Side](http://i.imgur.com/zUnkVdT.jpg)", "date": "2015-10-01 02:05:49", "seriesname": "g1361_cvk8sfi", "file": "/media/jbrogan4/scratch2/Reddit_Prov_Dataset_v6/_Man_with_a_very_long_carrot/g1361_cvk8sfi.jpg", "URL": "http://i.imgur.com/zUnkVdT.jpg", "fileid": "g1361_cvk8sfi.jpg"}, {"id": "g1361_cvjtp7v", "comment": "[Carrot with very long slender Man](http://imgur.com/pn5gMwy)", "date": "2015-09-30 18:09:33", "seriesname": "g1361_cvjtp7v", "file": "/media/jbrogan4/scratch2/Reddit_Prov_Dataset_v6/_Man_with_a_very_long_carrot/g1361_cvjtp7v.png", "URL": "http://i.imgur.com/pn5gMwy.png", "fileid": "g1361_cvjtp7v.png"}, {"id": "g1361_cvjeyty", "comment": "[He should be more happy!](http://i.imgur.com/97x50Jo.jpg)", "date": "2015-09-30 12:17:28", "seriesname": "g1361_cvjeyty", "file": "/media/jbrogan4/scratch2/Reddit_Prov_Dataset_v6/_Man_with_a_very_long_carrot/g1361_cvjeyty.jpg", "URL": "http://i.imgur.com/97x50Jo.jpg", "fileid": "g1361_cvjeyty.jpg"}, {"id": "g1361_cvjfhdt", "comment": "[the obvious choice!](http://imgur.com/LZHKyTN)", "date": "2015-09-30 12:29:34", "seriesname": "g1361_cvjfhdt", "file": "/media/jbrogan4/scratch2/Reddit_Prov_Dataset_v6/_Man_with_a_very_long_carrot/g1361_cvjfhdt.png", "URL": "http://i.imgur.com/LZHKyTN.png", "fileid": "g1361_cvjfhdt.png"}, {"id": "g1361_cvjg4dw", "comment": "And the winner is....\nhttp://imgur.com/1gY1C3m", "date": "2015-09-30 12:44:43", "seriesname": "g1361_cvjg4dw", "file": "/media/jbrogan4/scratch2/Reddit_Prov_Dataset_v6/_Man_with_a_very_long_carrot/g1361_cvjg4dw.png", "URL": "http://i.imgur.com/1gY1C3m.png", "fileid": "g1361_cvjg4dw.png"}, {"id": "g1361_cvjd91f", "comment": "[We took my *Grandpa* to Hawaii for the first time.](http://i.imgur.com/nBPnUjS.jpg)", "date": "2015-09-30 11:35:55", "seriesname": "g1361_cvjd91f", "file": "/media/jbrogan4/scratch2/Reddit_Prov_Dataset_v6/_Man_with_a_very_long_carrot/g1361_cvjd91f.jpg", "URL": "http://i.imgur.com/nBPnUjS.jpg", "fileid": "g1361_cvjd91f.jpg"}, {"id": "g1361_cvjf7j9", "comment": "[Thats no vegetable...](http://i.imgur.com/s8XFh3o.jpg)", "date": "2015-09-30 12:23:10", "seriesname": "g1361_cvjf7j9", "file": "/media/jbrogan4/scratch2/Reddit_Prov_Dataset_v6/_Man_with_a_very_long_carrot/g1361_cvjf7j9.jpg", "URL": "http://i.imgur.com/s8XFh3o.jpg", "fileid": "g1361_cvjf7j9.jpg"}, {"id": "g1361_cvjcah9", "comment": "[FML](http://i.imgur.com/dKV2Z5D.jpg)", "date": "2015-09-30 11:12:03", "seriesname": "g1361_cvjcah9", "file": "/media/jbrogan4/scratch2/Reddit_Prov_Dataset_v6/_Man_with_a_very_long_carrot/g1361_cvjcah9.jpg", "URL": "http://i.imgur.com/dKV2Z5D.jpg", "fileid": "g1361_cvjcah9.jpg"}, {"id": "g1361_cvj8ece", "comment": "[Carrot Wars](http://imgur.com/W5ryDkF)", "date": "2015-09-30 09:21:48", "seriesname": "g1361_cvj8ece", "file": "/media/jbrogan4/scratch2/Reddit_Prov_Dataset_v6/_Man_with_a_very_long_carrot/g1361_cvj8ece.png", "URL": "http://i.imgur.com/W5ryDkF.png", "fileid": "g1361_cvj8ece.png"}, {"id": "g1361_cvjgwx7", "comment": "[2 Carrotz](http://i.imgur.com/RozhOLw.jpg)", "date": "2015-09-30 13:03:19", "seriesname": "g1361_cvjgwx7", "file": "/media/jbrogan4/scratch2/Reddit_Prov_Dataset_v6/_Man_with_a_very_long_carrot/g1361_cvjgwx7.jpg", "URL": "http://i.imgur.com/RozhOLw.jpg", "fileid": "g1361_cvjgwx7.jpg"}, {"id": "g1361_cvjfa4j", "comment": "[Annoying](http://i.imgur.com/DftLD9H.jpg)", "date": "2015-09-30 12:24:52", "seriesname": "g1361_cvjfa4j", "file": "/media/jbrogan4/scratch2/Reddit_Prov_Dataset_v6/_Man_with_a_very_long_carrot/g1361_cvjfa4j.jpg", "URL": "http://i.imgur.com/DftLD9H.jpg", "fileid": "g1361_cvjfa4j.jpg"}, {"id": "g1361_cvjddqx", "comment": "[There's something special about this carrot...](http://i.imgur.com/QuiwmWj.png)", "date": "2015-09-30 11:39:04", "seriesname": "g1361_cvjddqx", "file": "/media/jbrogan4/scratch2/Reddit_Prov_Dataset_v6/_Man_with_a_very_long_carrot/g1361_cvjddqx.png", "URL": "http://i.imgur.com/QuiwmWj.png", "fileid": "g1361_cvjddqx.png"}, {"id": "g1361_cvjc38h", "comment": "[Two minute sketch.](http://i.imgur.com/HG85qtS.jpg)", "date": "2015-09-30 11:06:52", "seriesname": "g1361_cvjc38h", "file": "/media/jbrogan4/scratch2/Reddit_Prov_Dataset_v6/_Man_with_a_very_long_carrot/g1361_cvjc38h.jpg", "URL": "http://i.imgur.com/HG85qtS.jpg", "fileid": "g1361_cvjc38h.jpg"}, {"id": "g1361_cvjewl5", "comment": "[Trying to beat that hard Guitar Hero track](http://i.imgur.com/K1ClrUW.png)", "date": "2015-09-30 12:15:58", "seriesname": "g1361_cvjewl5", "file": "/media/jbrogan4/scratch2/Reddit_Prov_Dataset_v6/_Man_with_a_very_long_carrot/g1361_cvjewl5.png", "URL": "http://i.imgur.com/K1ClrUW.png", "fileid": "g1361_cvjewl5.png"}, {"id": "g1361_cvjb0lv", "comment": "[\"And you have my carrot.\"](http://i.imgur.com/4lqFqUv.jpg)", "date": "2015-09-30 10:38:47", "seriesname": "g1361_cvjb0lv", "file": "/media/jbrogan4/scratch2/Reddit_Prov_Dataset_v6/_Man_with_a_very_long_carrot/g1361_cvjb0lv.jpg", "URL": "http://i.imgur.com/4lqFqUv.jpg", "fileid": "g1361_cvjb0lv.jpg"}, {"id": "g1361_cvjfqm4", "comment": "[As you wish](http://i.imgur.com/cHsaoZ3.jpg)", "date": "2015-09-30 12:35:40", "seriesname": "g1361_cvjfqm4", "file": "/media/jbrogan4/scratch2/Reddit_Prov_Dataset_v6/_Man_with_a_very_long_carrot/g1361_cvjfqm4.jpg", "URL": "http://i.imgur.com/cHsaoZ3.jpg", "fileid": "g1361_cvjfqm4.jpg"}, {"id": "g1361_cvjdxkt", "comment": "Meanwhile on the campaign trail\n\nhttp://i.imgur.com/NM8Pjag.jpg", "date": "2015-09-30 11:52:29", "seriesname": "g1361_cvjdxkt", "file": "/media/jbrogan4/scratch2/Reddit_Prov_Dataset_v6/_Man_with_a_very_long_carrot/g1361_cvjdxkt.jpg", "URL": "http://i.imgur.com/NM8Pjag.jpg", "fileid": "g1361_cvjdxkt.jpg"}, {"id": "g1361_cvjdzll", "comment": "[The pen is mightier](http://i.imgur.com/mIUI3Wq.jpg)", "date": "2015-09-30 11:53:52", "seriesname": "g1361_cvjdzll", "file": "/media/jbrogan4/scratch2/Reddit_Prov_Dataset_v6/_Man_with_a_very_long_carrot/g1361_cvjdzll.jpg", "URL": "http://i.imgur.com/mIUI3Wq.jpg", "fileid": "g1361_cvjdzll.jpg"}, {"id": "g1361_cvjg0t8", "comment": "[Goodbye cruel world](http://i.imgur.com/nrifgpi.jpg?1)", "date": "2015-09-30 12:42:21", "seriesname": "g1361_cvjg0t8", "file": "/media/jbrogan4/scratch2/Reddit_Prov_Dataset_v6/_Man_with_a_very_long_carrot/g1361_cvjg0t8.jpg", "URL": "http://i.imgur.com/nrifgpi.jpg?1", "fileid": "g1361_cvjg0t8.jpg"}], "graph": {"name": "g1361_root"}, "directed": true}