{"links": [{"op": "none", "target": 0, "source": 11}, {"op": "none", "target": 1, "source": 50}, {"op": "none", "target": 2, "source": 50}, {"op": "none", "target": 3, "source": 48}, {"op": "none", "target": 4, "source": 50}, {"op": "none", "target": 5, "source": 50}, {"op": "none", "target": 6, "source": 50}, {"op": "none", "target": 7, "source": 22}, {"op": "none", "target": 8, "source": 50}, {"op": "none", "target": 9, "source": 50}, {"op": "none", "target": 10, "source": 50}, {"op": "none", "target": 11, "source": 50}, {"op": "none", "target": 12, "source": 3}, {"op": "none", "target": 13, "source": 50}, {"op": "none", "target": 14, "source": 50}, {"op": "none", "target": 15, "source": 50}, {"op": "none", "target": 16, "source": 50}, {"op": "none", "target": 17, "source": 50}, {"op": "none", "target": 18, "source": 50}, {"op": "none", "target": 19, "source": 11}, {"op": "none", "target": 20, "source": 3}, {"op": "none", "target": 21, "source": 3}, {"op": "none", "target": 22, "source": 50}, {"op": "none", "target": 23, "source": 50}, {"op": "none", "target": 24, "source": 27}, {"op": "none", "target": 25, "source": 50}, {"op": "none", "target": 26, "source": 35}, {"op": "none", "target": 27, "source": 50}, {"op": "none", "target": 28, "source": 50}, {"op": "none", "target": 29, "source": 0}, {"op": "none", "target": 30, "source": 42}, {"op": "none", "target": 31, "source": 21}, {"op": "none", "target": 32, "source": 50}, {"op": "none", "target": 33, "source": 50}, {"op": "none", "target": 34, "source": 43}, {"op": "none", "target": 35, "source": 41}, {"op": "none", "target": 36, "source": 35}, {"op": "none", "target": 37, "source": 50}, {"op": "none", "target": 38, "source": 50}, {"op": "none", "target": 39, "source": 50}, {"op": "none", "target": 40, "source": 50}, {"op": "none", "target": 41, "source": 50}, {"op": "none", "target": 42, "source": 24}, {"op": "none", "target": 43, "source": 50}, {"op": "none", "target": 44, "source": 50}, {"op": "none", "target": 45, "source": 50}, {"op": "none", "target": 46, "source": 50}, {"op": "none", "target": 47, "source": 10}, {"op": "none", "target": 48, "source": 35}, {"op": "none", "target": 49, "source": 50}, {"op": "none", "target": 51, "source": 50}], "title": "_An_elderly_woman_observes_a_young_topless_woman_wearing_body_paint_in_Times_Square_(NSFW)", "nodes": [{"id": "g1365_cufdn9t", "comment": "http://i.imgur.com/NQs2VUA.gif", "date": "2015-08-25 15:02:36", "seriesname": "g1365_cufdn9t", "file": "/media/jbrogan4/scratch2/Reddit_Prov_Dataset_v6/_An_elderly_woman_observes_a_young_topless_woman_wearing_body_paint_in_Times_Square_(NSFW)/g1365_cufdn9t.jpg", "URL": "http://i.imgur.com/NQs2VUA.gif", "fileid": "g1365_cufdn9t.gif"}, {"id": "g1365_cufki8b", "comment": "[You know you want it grandma!](http://i.imgur.com/nYwzoPi.jpg)", "date": "2015-08-25 17:58:01", "seriesname": "g1365_cufki8b", "file": "/media/jbrogan4/scratch2/Reddit_Prov_Dataset_v6/_An_elderly_woman_observes_a_young_topless_woman_wearing_body_paint_in_Times_Square_(NSFW)/g1365_cufki8b.jpg", "URL": "http://i.imgur.com/nYwzoPi.jpg", "fileid": "g1365_cufki8b.jpg"}, {"id": "g1365_cufffi7", "comment": "[\u00af\\\\(\u00b0_o)/\u00af](http://i.imgur.com/lpKTeZ6.jpg)", "date": "2015-08-25 15:47:12", "seriesname": "g1365_cufffi7", "file": "/media/jbrogan4/scratch2/Reddit_Prov_Dataset_v6/_An_elderly_woman_observes_a_young_topless_woman_wearing_body_paint_in_Times_Square_(NSFW)/g1365_cufffi7.jpg", "URL": "http://i.imgur.com/lpKTeZ6.jpg", "fileid": "g1365_cufffi7.jpg"}, {"id": "g1365_cufb1c8", "comment": "http://i.imgur.com/J0eLrnZ.png", "date": "2015-08-25 13:57:47", "seriesname": "g1365_cufb1c8", "file": "/media/jbrogan4/scratch2/Reddit_Prov_Dataset_v6/_An_elderly_woman_observes_a_young_topless_woman_wearing_body_paint_in_Times_Square_(NSFW)/g1365_cufb1c8.png", "URL": "http://i.imgur.com/J0eLrnZ.png", "fileid": "g1365_cufb1c8.png"}, {"id": "g1365_cufl9d0", "comment": "[Should have more stripes](http://i.imgur.com/1TixIEs.jpg)", "date": "2015-08-25 18:18:52", "seriesname": "g1365_cufl9d0", "file": "/media/jbrogan4/scratch2/Reddit_Prov_Dataset_v6/_An_elderly_woman_observes_a_young_topless_woman_wearing_body_paint_in_Times_Square_(NSFW)/g1365_cufl9d0.jpg", "URL": "http://i.imgur.com/1TixIEs.jpg", "fileid": "g1365_cufl9d0.jpg"}, {"id": "g1365_cufi593", "comment": "[Elbow Boob](http://imgur.com/Q7ykBUb)", "date": "2015-08-25 16:55:15", "seriesname": "g1365_cufi593", "file": "/media/jbrogan4/scratch2/Reddit_Prov_Dataset_v6/_An_elderly_woman_observes_a_young_topless_woman_wearing_body_paint_in_Times_Square_(NSFW)/g1365_cufi593.png", "URL": "http://i.imgur.com/Q7ykBUb.png", "fileid": "g1365_cufi593.png"}, {"id": "g1365_cufprx7", "comment": "[Terry Crews being awesome, but the old lady doesn't seem to agree.](http://i.imgur.com/vZkM3nS.jpg?1)", "date": "2015-08-25 20:27:12", "seriesname": "g1365_cufprx7", "file": "/media/jbrogan4/scratch2/Reddit_Prov_Dataset_v6/_An_elderly_woman_observes_a_young_topless_woman_wearing_body_paint_in_Times_Square_(NSFW)/g1365_cufprx7.jpg", "URL": "http://i.imgur.com/vZkM3nS.jpg?1", "fileid": "g1365_cufprx7.jpg"}, {"id": "g1365_cufbtv1", "comment": "[Bag for a boob touch, any takers?](http://i.imgur.com/AJfOhWU.gif)", "date": "2015-08-25 14:17:35", "seriesname": "g1365_cufbtv1", "file": "/media/jbrogan4/scratch2/Reddit_Prov_Dataset_v6/_An_elderly_woman_observes_a_young_topless_woman_wearing_body_paint_in_Times_Square_(NSFW)/g1365_cufbtv1.jpg", "URL": "http://i.imgur.com/AJfOhWU.gif", "fileid": "g1365_cufbtv1.gif"}, {"id": "g1365_cufbst6", "comment": "http://i.imgur.com/5Ns9nod.jpg", "date": "2015-08-25 14:16:50", "seriesname": "g1365_cufbst6", "file": "/media/jbrogan4/scratch2/Reddit_Prov_Dataset_v6/_An_elderly_woman_observes_a_young_topless_woman_wearing_body_paint_in_Times_Square_(NSFW)/g1365_cufbst6.jpg", "URL": "http://i.imgur.com/5Ns9nod.jpg", "fileid": "g1365_cufbst6.jpg"}, {"id": "g1365_cufex38", "comment": "http://i.imgur.com/AyyDM01.jpg", "date": "2015-08-25 15:34:23", "seriesname": "g1365_cufex38", "file": "/media/jbrogan4/scratch2/Reddit_Prov_Dataset_v6/_An_elderly_woman_observes_a_young_topless_woman_wearing_body_paint_in_Times_Square_(NSFW)/g1365_cufex38.jpg", "URL": "http://i.imgur.com/AyyDM01.jpg", "fileid": "g1365_cufex38.jpg"}, {"id": "g1365_cuf8wff", "comment": "[No](http://i.imgur.com/C1agPrM.jpg)", "date": "2015-08-25 13:04:56", "seriesname": "g1365_cuf8wff", "file": "/media/jbrogan4/scratch2/Reddit_Prov_Dataset_v6/_An_elderly_woman_observes_a_young_topless_woman_wearing_body_paint_in_Times_Square_(NSFW)/g1365_cuf8wff.jpg", "URL": "http://i.imgur.com/C1agPrM.jpg", "fileid": "g1365_cuf8wff.jpg"}, {"id": "g1365_cufawsi", "comment": "[Granny likes what she sees](http://i.imgur.com/fK46EKf.gif)", "date": "2015-08-25 13:54:37", "seriesname": "g1365_cufawsi", "file": "/media/jbrogan4/scratch2/Reddit_Prov_Dataset_v6/_An_elderly_woman_observes_a_young_topless_woman_wearing_body_paint_in_Times_Square_(NSFW)/g1365_cufawsi.jpg", "URL": "http://i.imgur.com/fK46EKf.gif", "fileid": "g1365_cufawsi.gif"}, {"id": "g1365_cuffl7f", "comment": "http://i.imgur.com/0cWnfdo.gif", "date": "2015-08-25 15:51:11", "seriesname": "g1365_cuffl7f", "file": "/media/jbrogan4/scratch2/Reddit_Prov_Dataset_v6/_An_elderly_woman_observes_a_young_topless_woman_wearing_body_paint_in_Times_Square_(NSFW)/g1365_cuffl7f.jpg", "URL": "http://i.imgur.com/0cWnfdo.gif", "fileid": "g1365_cuffl7f.gif"}, {"id": "g1365_cufcjoz", "comment": "[\"I'm watching you Boobowski...... always watching!\"](http://imgur.com/xKhmnJM)", "date": "2015-08-25 14:35:12", "seriesname": "g1365_cufcjoz", "file": "/media/jbrogan4/scratch2/Reddit_Prov_Dataset_v6/_An_elderly_woman_observes_a_young_topless_woman_wearing_body_paint_in_Times_Square_(NSFW)/g1365_cufcjoz.png", "URL": "http://i.imgur.com/xKhmnJM.png", "fileid": "g1365_cufcjoz.png"}, {"id": "g1365_cufbjg8", "comment": "http://i.imgur.com/Y6bwTcq.png\n\nedit: just confirming that this sub is a spankbank and quality content is ignored, merci beaucoup", "date": "2015-08-25 14:10:25", "seriesname": "g1365_cufbjg8", "file": "/media/jbrogan4/scratch2/Reddit_Prov_Dataset_v6/_An_elderly_woman_observes_a_young_topless_woman_wearing_body_paint_in_Times_Square_(NSFW)/g1365_cufbjg8.png", "URL": "http://i.imgur.com/Y6bwTcq.png", "fileid": "g1365_cufbjg8.png"}, {"id": "g1365_cufdi4o", "comment": "http://i.imgur.com/2mKF9Gy.jpg who said young?\n", "date": "2015-08-25 14:59:03", "seriesname": "g1365_cufdi4o", "file": "/media/jbrogan4/scratch2/Reddit_Prov_Dataset_v6/_An_elderly_woman_observes_a_young_topless_woman_wearing_body_paint_in_Times_Square_(NSFW)/g1365_cufdi4o.jpg", "URL": "http://i.imgur.com/2mKF9Gy.jpg", "fileid": "g1365_cufdi4o.jpg"}, {"id": "g1365_cufe23d", "comment": "[wat](http://i.imgur.com/1VvnRE8.jpg?1)", "date": "2015-08-25 15:12:57", "seriesname": "g1365_cufe23d", "file": "/media/jbrogan4/scratch2/Reddit_Prov_Dataset_v6/_An_elderly_woman_observes_a_young_topless_woman_wearing_body_paint_in_Times_Square_(NSFW)/g1365_cufe23d.jpg", "URL": "http://i.imgur.com/1VvnRE8.jpg?1", "fileid": "g1365_cufe23d.jpg"}, {"id": "g1365_cufku4g", "comment": "http://imgur.com/vjU8jNb\n\n: ))", "date": "2015-08-25 18:07:09", "seriesname": "g1365_cufku4g", "file": "/media/jbrogan4/scratch2/Reddit_Prov_Dataset_v6/_An_elderly_woman_observes_a_young_topless_woman_wearing_body_paint_in_Times_Square_(NSFW)/g1365_cufku4g.png", "URL": "http://i.imgur.com/vjU8jNb.png", "fileid": "g1365_cufku4g.png"}, {"id": "g1365_cufglyq", "comment": "[The elderly woman debating against Ken Ham](http://i.imgur.com/ZtBhpCM.jpg)\n~~I'm awesome at Photoshop~~", "date": "2015-08-25 16:16:50", "seriesname": "g1365_cufglyq", "file": "/media/jbrogan4/scratch2/Reddit_Prov_Dataset_v6/_An_elderly_woman_observes_a_young_topless_woman_wearing_body_paint_in_Times_Square_(NSFW)/g1365_cufglyq.jpg", "URL": "http://i.imgur.com/ZtBhpCM.jpg", "fileid": "g1365_cufglyq.jpg"}, {"id": "g1365_cuffqty", "comment": "I want to learn After Effects because I hear it's a lot easier, but for now I just do simple frame animations in Photoshop.  It's hiding/revealing layers in a specific order, then timed using the Timeline.  Here's what it looks like in PS:\n\n[Real-time](http://i.imgur.com/IOUZNmb.gif)\n\n[Slowed](http://i.imgur.com/WYiMshb.gif)\n\nThe edits to her face (eyebrows, mouth, wink) were done with Liquify.", "date": "2015-08-25 15:55:05", "seriesname": "g1365_cuffqty", "file": "/media/jbrogan4/scratch2/Reddit_Prov_Dataset_v6/_An_elderly_woman_observes_a_young_topless_woman_wearing_body_paint_in_Times_Square_(NSFW)/g1365_cuffqty.jpg", "URL": "http://i.imgur.com/WYiMshb.gif", "fileid": "g1365_cuffqty.gif"}, {"id": "g1365_cufeyx2", "comment": "[Plus noneck and subtle bonus!](http://i.imgur.com/K5PUOCi.png)\n\nI learned some new photoshop techniques working this one out...", "date": "2015-08-25 15:35:37", "seriesname": "g1365_cufeyx2", "file": "/media/jbrogan4/scratch2/Reddit_Prov_Dataset_v6/_An_elderly_woman_observes_a_young_topless_woman_wearing_body_paint_in_Times_Square_(NSFW)/g1365_cufeyx2.png", "URL": "http://i.imgur.com/K5PUOCi.png", "fileid": "g1365_cufeyx2.png"}, {"id": "g1365_cuffw2m", "comment": "http://i.imgur.com/FUtzFvk.jpg", "date": "2015-08-25 15:58:45", "seriesname": "g1365_cuffw2m", "file": "/media/jbrogan4/scratch2/Reddit_Prov_Dataset_v6/_An_elderly_woman_observes_a_young_topless_woman_wearing_body_paint_in_Times_Square_(NSFW)/g1365_cuffw2m.jpg", "URL": "http://i.imgur.com/FUtzFvk.jpg", "fileid": "g1365_cuffw2m.jpg"}, {"id": "g1365_cuf93f3", "comment": "http://i.imgur.com/ILyKbOf.jpg", "date": "2015-08-25 13:09:46", "seriesname": "g1365_cuf93f3", "file": "/media/jbrogan4/scratch2/Reddit_Prov_Dataset_v6/_An_elderly_woman_observes_a_young_topless_woman_wearing_body_paint_in_Times_Square_(NSFW)/g1365_cuf93f3.jpg", "URL": "http://i.imgur.com/ILyKbOf.jpg", "fileid": "g1365_cuf93f3.jpg"}, {"id": "g1365_cufbc2i", "comment": "[Do not deny me my freedom.](http://i.imgur.com/evyMLVY.jpg)", "date": "2015-08-25 14:05:19", "seriesname": "g1365_cufbc2i", "file": "/media/jbrogan4/scratch2/Reddit_Prov_Dataset_v6/_An_elderly_woman_observes_a_young_topless_woman_wearing_body_paint_in_Times_Square_(NSFW)/g1365_cufbc2i.jpg", "URL": "http://i.imgur.com/evyMLVY.jpg", "fileid": "g1365_cufbc2i.jpg"}, {"id": "g1365_cufg1hi", "comment": "[Yes... I like Google too.](http://i.imgur.com/jaeJRx6.gif)", "date": "2015-08-25 16:02:32", "seriesname": "g1365_cufg1hi", "file": "/media/jbrogan4/scratch2/Reddit_Prov_Dataset_v6/_An_elderly_woman_observes_a_young_topless_woman_wearing_body_paint_in_Times_Square_(NSFW)/g1365_cufg1hi.jpg", "URL": "http://i.imgur.com/jaeJRx6.gif", "fileid": "g1365_cufg1hi.gif"}, {"id": "g1365_cufl2ku", "comment": "[Late to the party but here goes](http://i.imgur.com/vgneGkb.jpg)", "date": "2015-08-25 18:13:38", "seriesname": "g1365_cufl2ku", "file": "/media/jbrogan4/scratch2/Reddit_Prov_Dataset_v6/_An_elderly_woman_observes_a_young_topless_woman_wearing_body_paint_in_Times_Square_(NSFW)/g1365_cufl2ku.jpg", "URL": "http://i.imgur.com/vgneGkb.jpg", "fileid": "g1365_cufl2ku.jpg"}, {"id": "g1365_cufa3ti", "comment": "\"You're [not the Mama](http://i.imgur.com/HJ1ZqGG.jpg)\n\nbut I really do not care\n\nthis arraignment's fine.\"", "date": "2015-08-25 13:34:29", "seriesname": "g1365_cufa3ti", "file": "/media/jbrogan4/scratch2/Reddit_Prov_Dataset_v6/_An_elderly_woman_observes_a_young_topless_woman_wearing_body_paint_in_Times_Square_(NSFW)/g1365_cufa3ti.jpg", "URL": "http://i.imgur.com/HJ1ZqGG.jpg", "fileid": "g1365_cufa3ti.jpg"}, {"id": "g1365_cufeix5", "comment": "[\"Well I never!\"](http://i.imgur.com/W0zKrQW.jpg)\n\nMuch obliged!", "date": "2015-08-25 15:24:36", "seriesname": "g1365_cufeix5", "file": "/media/jbrogan4/scratch2/Reddit_Prov_Dataset_v6/_An_elderly_woman_observes_a_young_topless_woman_wearing_body_paint_in_Times_Square_(NSFW)/g1365_cufeix5.jpg", "URL": "http://i.imgur.com/W0zKrQW.jpg", "fileid": "g1365_cufeix5.jpg"}, {"id": "g1365_cufaqrf", "comment": "http://i.imgur.com/azQMu43.jpg", "date": "2015-08-25 13:50:23", "seriesname": "g1365_cufaqrf", "file": "/media/jbrogan4/scratch2/Reddit_Prov_Dataset_v6/_An_elderly_woman_observes_a_young_topless_woman_wearing_body_paint_in_Times_Square_(NSFW)/g1365_cufaqrf.jpg", "URL": "http://i.imgur.com/azQMu43.jpg", "fileid": "g1365_cufaqrf.jpg"}, {"id": "g1365_cufevom", "comment": "[Needs more GIF compression.](http://i.imgur.com/CwQmBs9.gif)", "date": "2015-08-25 15:33:26", "seriesname": "g1365_cufevom", "file": "/media/jbrogan4/scratch2/Reddit_Prov_Dataset_v6/_An_elderly_woman_observes_a_young_topless_woman_wearing_body_paint_in_Times_Square_(NSFW)/g1365_cufevom.jpg", "URL": "http://i.imgur.com/CwQmBs9.gif", "fileid": "g1365_cufevom.gif"}, {"id": "g1365_cufl2mc", "comment": "[you wish you were this meta](http://i.imgur.com/pGwaNRL.gif)", "date": "2015-08-25 18:13:40", "seriesname": "g1365_cufl2mc", "file": "/media/jbrogan4/scratch2/Reddit_Prov_Dataset_v6/_An_elderly_woman_observes_a_young_topless_woman_wearing_body_paint_in_Times_Square_(NSFW)/g1365_cufl2mc.jpg", "URL": "http://i.imgur.com/pGwaNRL.gif", "fileid": "g1365_cufl2mc.gif"}, {"id": "g1365_cufp6wd", "comment": "http://imgur.com/PA9bXER", "date": "2015-08-25 20:10:18", "seriesname": "g1365_cufp6wd", "file": "/media/jbrogan4/scratch2/Reddit_Prov_Dataset_v6/_An_elderly_woman_observes_a_young_topless_woman_wearing_body_paint_in_Times_Square_(NSFW)/g1365_cufp6wd.png", "URL": "http://i.imgur.com/PA9bXER.png", "fileid": "g1365_cufp6wd.png"}, {"id": "g1365_cuf7u57", "comment": "http://i.imgur.com/zGPxUEi.jpg", "date": "2015-08-25 12:38:58", "seriesname": "g1365_cuf7u57", "file": "/media/jbrogan4/scratch2/Reddit_Prov_Dataset_v6/_An_elderly_woman_observes_a_young_topless_woman_wearing_body_paint_in_Times_Square_(NSFW)/g1365_cuf7u57.jpg", "URL": "http://i.imgur.com/zGPxUEi.jpg", "fileid": "g1365_cuf7u57.jpg"}, {"id": "g1365_cuf9evw", "comment": "[\"MURICA](http://i.imgur.com/ZzXptKG.jpg)", "date": "2015-08-25 13:17:27", "seriesname": "g1365_cuf9evw", "file": "/media/jbrogan4/scratch2/Reddit_Prov_Dataset_v6/_An_elderly_woman_observes_a_young_topless_woman_wearing_body_paint_in_Times_Square_(NSFW)/g1365_cuf9evw.jpg", "URL": "http://i.imgur.com/ZzXptKG.jpg", "fileid": "g1365_cuf9evw.jpg"}, {"id": "g1365_cufd95t", "comment": "http://i.imgur.com/TvbOjcN.jpg", "date": "2015-08-25 14:52:53", "seriesname": "g1365_cufd95t", "file": "/media/jbrogan4/scratch2/Reddit_Prov_Dataset_v6/_An_elderly_woman_observes_a_young_topless_woman_wearing_body_paint_in_Times_Square_(NSFW)/g1365_cufd95t.jpg", "URL": "http://i.imgur.com/TvbOjcN.jpg", "fileid": "g1365_cufd95t.jpg"}, {"id": "g1365_cuf8cg3", "comment": "http://i.imgur.com/ETuKjBE.jpg", "date": "2015-08-25 12:51:22", "seriesname": "g1365_cuf8cg3", "file": "/media/jbrogan4/scratch2/Reddit_Prov_Dataset_v6/_An_elderly_woman_observes_a_young_topless_woman_wearing_body_paint_in_Times_Square_(NSFW)/g1365_cuf8cg3.jpg", "URL": "http://i.imgur.com/ETuKjBE.jpg", "fileid": "g1365_cuf8cg3.jpg"}, {"id": "g1365_cuf9ahx", "comment": "[Neckless](http://i.imgur.com/7klPppg.jpg)", "date": "2015-08-25 13:14:29", "seriesname": "g1365_cuf9ahx", "file": "/media/jbrogan4/scratch2/Reddit_Prov_Dataset_v6/_An_elderly_woman_observes_a_young_topless_woman_wearing_body_paint_in_Times_Square_(NSFW)/g1365_cuf9ahx.jpg", "URL": "http://i.imgur.com/7klPppg.jpg", "fileid": "g1365_cuf9ahx.jpg"}, {"id": "g1365_cug6tbx", "comment": "[Murica!](http://i.imgur.com/btxyf6W.jpg)", "date": "2015-08-26 08:53:59", "seriesname": "g1365_cug6tbx", "file": "/media/jbrogan4/scratch2/Reddit_Prov_Dataset_v6/_An_elderly_woman_observes_a_young_topless_woman_wearing_body_paint_in_Times_Square_(NSFW)/g1365_cug6tbx.jpg", "URL": "http://i.imgur.com/btxyf6W.jpg", "fileid": "g1365_cug6tbx.jpg"}, {"id": "g1365_cufgltt", "comment": "[Goddammit](http://i.imgur.com/apW4Tlx.png)...", "date": "2015-08-25 16:16:45", "seriesname": "g1365_cufgltt", "file": "/media/jbrogan4/scratch2/Reddit_Prov_Dataset_v6/_An_elderly_woman_observes_a_young_topless_woman_wearing_body_paint_in_Times_Square_(NSFW)/g1365_cufgltt.jpg", "URL": "http://i.imgur.com/apW4Tlx.png)...", "fileid": "g1365_cufgltt."}, {"id": "g1365_cufg36l", "comment": "http://i.imgur.com/IaSB3WM.jpg", "date": "2015-08-25 16:03:45", "seriesname": "g1365_cufg36l", "file": "/media/jbrogan4/scratch2/Reddit_Prov_Dataset_v6/_An_elderly_woman_observes_a_young_topless_woman_wearing_body_paint_in_Times_Square_(NSFW)/g1365_cufg36l.jpg", "URL": "http://i.imgur.com/IaSB3WM.jpg", "fileid": "g1365_cufg36l.jpg"}, {"id": "g1365_cufdl7f", "comment": "[History needs to be rewritten](http://i.imgur.com/qQKefqR.png)", "date": "2015-08-25 15:01:13", "seriesname": "g1365_cufdl7f", "file": "/media/jbrogan4/scratch2/Reddit_Prov_Dataset_v6/_An_elderly_woman_observes_a_young_topless_woman_wearing_body_paint_in_Times_Square_(NSFW)/g1365_cufdl7f.png", "URL": "http://i.imgur.com/qQKefqR.png", "fileid": "g1365_cufdl7f.png"}, {"id": "g1365_cuf4xhz", "comment": "http://i.imgur.com/Jv3a9br.jpg", "date": "2015-08-25 11:25:36", "seriesname": "g1365_cuf4xhz", "file": "/media/jbrogan4/scratch2/Reddit_Prov_Dataset_v6/_An_elderly_woman_observes_a_young_topless_woman_wearing_body_paint_in_Times_Square_(NSFW)/g1365_cuf4xhz.jpg", "URL": "http://i.imgur.com/Jv3a9br.jpg", "fileid": "g1365_cuf4xhz.jpg"}, {"id": "g1365_cufjafa", "comment": "http://i.imgur.com/48L2Jna.gif", "date": "2015-08-25 17:25:26", "seriesname": "g1365_cufjafa", "file": "/media/jbrogan4/scratch2/Reddit_Prov_Dataset_v6/_An_elderly_woman_observes_a_young_topless_woman_wearing_body_paint_in_Times_Square_(NSFW)/g1365_cufjafa.jpg", "URL": "http://i.imgur.com/48L2Jna.gif", "fileid": "g1365_cufjafa.gif"}, {"id": "g1365_cufbber", "comment": "http://i.imgur.com/kCPwqSk.jpg", "date": "2015-08-25 14:04:52", "seriesname": "g1365_cufbber", "file": "/media/jbrogan4/scratch2/Reddit_Prov_Dataset_v6/_An_elderly_woman_observes_a_young_topless_woman_wearing_body_paint_in_Times_Square_(NSFW)/g1365_cufbber.jpg", "URL": "http://i.imgur.com/kCPwqSk.jpg", "fileid": "g1365_cufbber.jpg"}, {"id": "g1365_cufct1d", "comment": "http://imgur.com/yGBolNB", "date": "2015-08-25 14:41:34", "seriesname": "g1365_cufct1d", "file": "/media/jbrogan4/scratch2/Reddit_Prov_Dataset_v6/_An_elderly_woman_observes_a_young_topless_woman_wearing_body_paint_in_Times_Square_(NSFW)/g1365_cufct1d.png", "URL": "http://i.imgur.com/yGBolNB.png", "fileid": "g1365_cufct1d.png"}, {"id": "g1365_cufg99d", "comment": "[Grandma is happy to think the south may rise again.](http://imgur.com/26tZEtI) And I'm terrible at PS", "date": "2015-08-25 16:08:00", "seriesname": "g1365_cufg99d", "file": "/media/jbrogan4/scratch2/Reddit_Prov_Dataset_v6/_An_elderly_woman_observes_a_young_topless_woman_wearing_body_paint_in_Times_Square_(NSFW)/g1365_cufg99d.png", "URL": "http://i.imgur.com/26tZEtI.png", "fileid": "g1365_cufg99d.png"}, {"id": "g1365_cufb58g", "comment": "[It was only a matter of time](http://imgur.com/iTpfbKl)", "date": "2015-08-25 14:00:31", "seriesname": "g1365_cufb58g", "file": "/media/jbrogan4/scratch2/Reddit_Prov_Dataset_v6/_An_elderly_woman_observes_a_young_topless_woman_wearing_body_paint_in_Times_Square_(NSFW)/g1365_cufb58g.png", "URL": "http://i.imgur.com/iTpfbKl.png", "fileid": "g1365_cufb58g.png"}, {"id": "g1365_cufgpl1", "comment": "[Yes](http://i.imgur.com/z6MggCG.gif)", "date": "2015-08-25 16:19:22", "seriesname": "g1365_cufgpl1", "file": "/media/jbrogan4/scratch2/Reddit_Prov_Dataset_v6/_An_elderly_woman_observes_a_young_topless_woman_wearing_body_paint_in_Times_Square_(NSFW)/g1365_cufgpl1.jpg", "URL": "http://i.imgur.com/z6MggCG.gif", "fileid": "g1365_cufgpl1.gif"}, {"id": "g1365_cuf95m2", "comment": "[http://i.imgur.com/JDt2yIT.png](http://i.imgur.com/JDt2yIT.png)\n\nEdit: Thanks for the gold! ", "date": "2015-08-25 13:11:13", "seriesname": "g1365_cuf95m2", "file": "/media/jbrogan4/scratch2/Reddit_Prov_Dataset_v6/_An_elderly_woman_observes_a_young_topless_woman_wearing_body_paint_in_Times_Square_(NSFW)/g1365_cuf95m2.png", "URL": "http://i.imgur.com/JDt2yIT.png](http://i.imgur.com/JDt2yIT.png", "fileid": "g1365_cuf95m2.png"}, {"id": "g1365_cufezon", "comment": "[Smol face](http://i.imgur.com/34kZRqL.png)", "date": "2015-08-25 15:36:10", "seriesname": "g1365_cufezon", "file": "/media/jbrogan4/scratch2/Reddit_Prov_Dataset_v6/_An_elderly_woman_observes_a_young_topless_woman_wearing_body_paint_in_Times_Square_(NSFW)/g1365_cufezon.png", "URL": "http://i.imgur.com/34kZRqL.png", "fileid": "g1365_cufezon.png"}, {"id": "g1365_root", "comment": "", "date": "2015-08-25 10:59:25", "seriesname": "g1365_root", "file": "/media/jbrogan4/scratch2/Reddit_Prov_Dataset_v6/_An_elderly_woman_observes_a_young_topless_woman_wearing_body_paint_in_Times_Square_(NSFW)/g1365_root.jpg", "URL": "http://i.imgur.com/qZOhWM0.jpg", "fileid": "g1365_root.jpg"}, {"id": "g1365_cufpekp", "comment": "[Thanks Obama!](http://imgur.com/cGi5E97)", "date": "2015-08-25 20:16:24", "seriesname": "g1365_cufpekp", "file": "/media/jbrogan4/scratch2/Reddit_Prov_Dataset_v6/_An_elderly_woman_observes_a_young_topless_woman_wearing_body_paint_in_Times_Square_(NSFW)/g1365_cufpekp.png", "URL": "http://i.imgur.com/cGi5E97.png", "fileid": "g1365_cufpekp.png"}], "graph": {"name": "g1365_root"}, "directed": true}