{"links": [{"op": "none", "target": 0, "source": 46}, {"op": "none", "target": 1, "source": 46}, {"op": "none", "target": 2, "source": 42}, {"op": "none", "target": 3, "source": 46}, {"op": "none", "target": 4, "source": 46}, {"op": "none", "target": 5, "source": 46}, {"op": "none", "target": 6, "source": 46}, {"op": "none", "target": 7, "source": 46}, {"op": "none", "target": 8, "source": 46}, {"op": "none", "target": 9, "source": 46}, {"op": "none", "target": 10, "source": 11}, {"op": "none", "target": 11, "source": 46}, {"op": "none", "target": 12, "source": 46}, {"op": "none", "target": 13, "source": 46}, {"op": "none", "target": 14, "source": 46}, {"op": "none", "target": 15, "source": 46}, {"op": "none", "target": 16, "source": 46}, {"op": "none", "target": 17, "source": 46}, {"op": "none", "target": 18, "source": 46}, {"op": "none", "target": 19, "source": 46}, {"op": "none", "target": 20, "source": 46}, {"op": "none", "target": 21, "source": 46}, {"op": "none", "target": 22, "source": 46}, {"op": "none", "target": 23, "source": 46}, {"op": "none", "target": 24, "source": 46}, {"op": "none", "target": 25, "source": 46}, {"op": "none", "target": 26, "source": 0}, {"op": "none", "target": 27, "source": 46}, {"op": "none", "target": 28, "source": 46}, {"op": "none", "target": 29, "source": 46}, {"op": "none", "target": 30, "source": 46}, {"op": "none", "target": 31, "source": 46}, {"op": "none", "target": 32, "source": 46}, {"op": "none", "target": 33, "source": 46}, {"op": "none", "target": 34, "source": 46}, {"op": "none", "target": 35, "source": 46}, {"op": "none", "target": 36, "source": 46}, {"op": "none", "target": 37, "source": 46}, {"op": "none", "target": 38, "source": 46}, {"op": "none", "target": 39, "source": 46}, {"op": "none", "target": 40, "source": 46}, {"op": "none", "target": 41, "source": 46}, {"op": "none", "target": 42, "source": 46}, {"op": "none", "target": 43, "source": 46}, {"op": "none", "target": 44, "source": 46}, {"op": "none", "target": 45, "source": 46}, {"op": "none", "target": 47, "source": 46}], "title": "_Norm_MacDonald_as_the_New_Colonel_Sanders", "nodes": [{"id": "g1373_cu6f88w", "comment": "[\"Oops\"](http://i.imgur.com/gLuEJZQ.jpg)", "date": "2015-08-17 18:54:51", "seriesname": "g1373_cu6f88w", "file": "/media/jbrogan4/scratch2/Reddit_Prov_Dataset_v6/_Norm_MacDonald_as_the_New_Colonel_Sanders/g1373_cu6f88w.jpg", "URL": "http://i.imgur.com/gLuEJZQ.jpg", "fileid": "g1373_cu6f88w.jpg"}, {"id": "g1373_cu69ham", "comment": "[\"What is that, like a Genital Cleanser?\"](http://i.imgur.com/oYw941G.jpg)", "date": "2015-08-17 16:22:20", "seriesname": "g1373_cu69ham", "file": "/media/jbrogan4/scratch2/Reddit_Prov_Dataset_v6/_Norm_MacDonald_as_the_New_Colonel_Sanders/g1373_cu69ham.jpg", "URL": "http://i.imgur.com/oYw941G.jpg", "fileid": "g1373_cu69ham.jpg"}, {"id": "g1373_cu6ypes", "comment": "[It's a major award!](https://i.imgur.com/1I81If9.jpg)", "date": "2015-08-18 08:39:03", "seriesname": "g1373_cu6ypes", "file": "/media/jbrogan4/scratch2/Reddit_Prov_Dataset_v6/_Norm_MacDonald_as_the_New_Colonel_Sanders/g1373_cu6ypes.jpg", "URL": "https://i.imgur.com/1I81If9.jpg", "fileid": "g1373_cu6ypes.jpg"}, {"id": "g1373_cu6ckg2", "comment": "[Mr &amp; Mrs Smith... in a parallel universe](http://i.imgur.com/6wT3zU1.jpg)", "date": "2015-08-17 17:40:15", "seriesname": "g1373_cu6ckg2", "file": "/media/jbrogan4/scratch2/Reddit_Prov_Dataset_v6/_Norm_MacDonald_as_the_New_Colonel_Sanders/g1373_cu6ckg2.jpg", "URL": "http://i.imgur.com/6wT3zU1.jpg", "fileid": "g1373_cu6ckg2.jpg"}, {"id": "g1373_cu6casz", "comment": "http://i.imgur.com/AtVtlA7.png", "date": "2015-08-17 17:33:09", "seriesname": "g1373_cu6casz", "file": "/media/jbrogan4/scratch2/Reddit_Prov_Dataset_v6/_Norm_MacDonald_as_the_New_Colonel_Sanders/g1373_cu6casz.png", "URL": "http://i.imgur.com/AtVtlA7.png", "fileid": "g1373_cu6casz.png"}, {"id": "g1373_cu68j2v", "comment": "[It rubs the lotion on the... chicken skin...](http://i.imgur.com/AqWQkac.jpg)", "date": "2015-08-17 15:58:39", "seriesname": "g1373_cu68j2v", "file": "/media/jbrogan4/scratch2/Reddit_Prov_Dataset_v6/_Norm_MacDonald_as_the_New_Colonel_Sanders/g1373_cu68j2v.jpg", "URL": "http://i.imgur.com/AqWQkac.jpg", "fileid": "g1373_cu68j2v.jpg"}, {"id": "g1373_cu6d640", "comment": "[I did not have sexual relations with that chicken](http://imgur.com/fnZA84W)\t", "date": "2015-08-17 17:56:41", "seriesname": "g1373_cu6d640", "file": "/media/jbrogan4/scratch2/Reddit_Prov_Dataset_v6/_Norm_MacDonald_as_the_New_Colonel_Sanders/g1373_cu6d640.png", "URL": "http://i.imgur.com/fnZA84W.png", "fileid": "g1373_cu6d640.png"}, {"id": "g1373_cu69yxg", "comment": "http://i.imgur.com/cvnncRr.png\n\nedit: another one.. [Django Uncooked](https://i.imgur.com/DPRYGcL.png)", "date": "2015-08-17 16:34:29", "seriesname": "g1373_cu69yxg", "file": "/media/jbrogan4/scratch2/Reddit_Prov_Dataset_v6/_Norm_MacDonald_as_the_New_Colonel_Sanders/g1373_cu69yxg.png", "URL": "https://i.imgur.com/DPRYGcL.png", "fileid": "g1373_cu69yxg.png"}, {"id": "g1373_cu6e7tp", "comment": "http://i.imgur.com/UxuWohl.png \n  \n", "date": "2015-08-17 18:25:57", "seriesname": "g1373_cu6e7tp", "file": "/media/jbrogan4/scratch2/Reddit_Prov_Dataset_v6/_Norm_MacDonald_as_the_New_Colonel_Sanders/g1373_cu6e7tp.png", "URL": "http://i.imgur.com/UxuWohl.png", "fileid": "g1373_cu6e7tp.png"}, {"id": "g1373_cu6eebn", "comment": "[I like to pee on tour.](http://i.imgur.com/nWVgFU2.jpg)", "date": "2015-08-17 18:31:02", "seriesname": "g1373_cu6eebn", "file": "/media/jbrogan4/scratch2/Reddit_Prov_Dataset_v6/_Norm_MacDonald_as_the_New_Colonel_Sanders/g1373_cu6eebn.jpg", "URL": "http://i.imgur.com/nWVgFU2.jpg", "fileid": "g1373_cu6eebn.jpg"}, {"id": "g1373_cu6rll7", "comment": "http://imgur.com/tkfpyp5", "date": "2015-08-18 01:32:43", "seriesname": "g1373_cu6rll7", "file": "/media/jbrogan4/scratch2/Reddit_Prov_Dataset_v6/_Norm_MacDonald_as_the_New_Colonel_Sanders/g1373_cu6rll7.png", "URL": "http://i.imgur.com/tkfpyp5.png", "fileid": "g1373_cu6rll7.png"}, {"id": "g1373_cu68wu4", "comment": "[http://i.imgur.com/g04X8Tk.png](http://i.imgur.com/g04X8Tk.png)", "date": "2015-08-17 16:08:09", "seriesname": "g1373_cu68wu4", "file": "/media/jbrogan4/scratch2/Reddit_Prov_Dataset_v6/_Norm_MacDonald_as_the_New_Colonel_Sanders/g1373_cu68wu4.png", "URL": "http://i.imgur.com/g04X8Tk.png](http://i.imgur.com/g04X8Tk.png", "fileid": "g1373_cu68wu4.png"}, {"id": "g1373_cu6c6p0", "comment": "[gimme the secret!!!](http://i.imgur.com/KAIBHD1.jpg?1)", "date": "2015-08-17 17:30:06", "seriesname": "g1373_cu6c6p0", "file": "/media/jbrogan4/scratch2/Reddit_Prov_Dataset_v6/_Norm_MacDonald_as_the_New_Colonel_Sanders/g1373_cu6c6p0.jpg", "URL": "http://i.imgur.com/KAIBHD1.jpg?1", "fileid": "g1373_cu6c6p0.jpg"}, {"id": "g1373_cu6elld", "comment": "[The resemblance is uncanny](http://i.imgur.com/yJZrM3l.jpg)", "date": "2015-08-17 18:36:51", "seriesname": "g1373_cu6elld", "file": "/media/jbrogan4/scratch2/Reddit_Prov_Dataset_v6/_Norm_MacDonald_as_the_New_Colonel_Sanders/g1373_cu6elld.jpg", "URL": "http://i.imgur.com/yJZrM3l.jpg", "fileid": "g1373_cu6elld.jpg"}, {"id": "g1373_cu6d52m", "comment": "[Immortalized](http://imgur.com/mMz0ZRt) ", "date": "2015-08-17 17:55:53", "seriesname": "g1373_cu6d52m", "file": "/media/jbrogan4/scratch2/Reddit_Prov_Dataset_v6/_Norm_MacDonald_as_the_New_Colonel_Sanders/g1373_cu6d52m.png", "URL": "http://i.imgur.com/mMz0ZRt.png", "fileid": "g1373_cu6d52m.png"}, {"id": "g1373_cu6c8yb", "comment": "[http://i.imgur.com/2bRdhnh.jpg](http://i.imgur.com/2bRdhnh.jpg)", "date": "2015-08-17 17:31:46", "seriesname": "g1373_cu6c8yb", "file": "/media/jbrogan4/scratch2/Reddit_Prov_Dataset_v6/_Norm_MacDonald_as_the_New_Colonel_Sanders/g1373_cu6c8yb.jpg", "URL": "http://i.imgur.com/2bRdhnh.jpg](http://i.imgur.com/2bRdhnh.jpg", "fileid": "g1373_cu6c8yb.jpg"}, {"id": "g1373_cu6ejne", "comment": "[Reality](http://i.imgur.com/s68NbQo.png)", "date": "2015-08-17 18:35:17", "seriesname": "g1373_cu6ejne", "file": "/media/jbrogan4/scratch2/Reddit_Prov_Dataset_v6/_Norm_MacDonald_as_the_New_Colonel_Sanders/g1373_cu6ejne.png", "URL": "http://i.imgur.com/s68NbQo.png", "fileid": "g1373_cu6ejne.png"}, {"id": "g1373_cu6l9vv", "comment": "[Colonel Hammond - Jurrasic Park](http://imgur.com/jxibXee)", "date": "2015-08-17 21:56:13", "seriesname": "g1373_cu6l9vv", "file": "/media/jbrogan4/scratch2/Reddit_Prov_Dataset_v6/_Norm_MacDonald_as_the_New_Colonel_Sanders/g1373_cu6l9vv.png", "URL": "http://i.imgur.com/jxibXee.png", "fileid": "g1373_cu6l9vv.png"}, {"id": "g1373_cu6espd", "comment": "[Imgur](http://i.imgur.com/hsh7jvd.jpg)\n\nNothing beats the ORIGINAL\n\n", "date": "2015-08-17 18:42:35", "seriesname": "g1373_cu6espd", "file": "/media/jbrogan4/scratch2/Reddit_Prov_Dataset_v6/_Norm_MacDonald_as_the_New_Colonel_Sanders/g1373_cu6espd.jpg", "URL": "http://i.imgur.com/hsh7jvd.jpg", "fileid": "g1373_cu6espd.jpg"}, {"id": "g1373_cu6aar7", "comment": "[It's Money Making Good] (http://i.imgur.com/glhH5wi.jpg)", "date": "2015-08-17 16:42:37", "seriesname": "g1373_cu6aar7", "file": "/media/jbrogan4/scratch2/Reddit_Prov_Dataset_v6/_Norm_MacDonald_as_the_New_Colonel_Sanders/g1373_cu6aar7.jpg", "URL": "http://i.imgur.com/glhH5wi.jpg", "fileid": "g1373_cu6aar7.jpg"}, {"id": "g1373_cu6gf4j", "comment": "[My first psbattle](http://i.imgur.com/RTtx3Dh.png)", "date": "2015-08-17 19:30:41", "seriesname": "g1373_cu6gf4j", "file": "/media/jbrogan4/scratch2/Reddit_Prov_Dataset_v6/_Norm_MacDonald_as_the_New_Colonel_Sanders/g1373_cu6gf4j.png", "URL": "http://i.imgur.com/RTtx3Dh.png", "fileid": "g1373_cu6gf4j.png"}, {"id": "g1373_cu6als1", "comment": "http://i.imgur.com/97nfa6y.jpg\n\nI wonder what it took.  &lt;3 Norm. ", "date": "2015-08-17 16:50:07", "seriesname": "g1373_cu6als1", "file": "/media/jbrogan4/scratch2/Reddit_Prov_Dataset_v6/_Norm_MacDonald_as_the_New_Colonel_Sanders/g1373_cu6als1.jpg", "URL": "http://i.imgur.com/97nfa6y.jpg", "fileid": "g1373_cu6als1.jpg"}, {"id": "g1373_cu6f7px", "comment": "[norm macdonald: executioner](http://i.imgur.com/WDtkAjU.jpg)", "date": "2015-08-17 18:54:24", "seriesname": "g1373_cu6f7px", "file": "/media/jbrogan4/scratch2/Reddit_Prov_Dataset_v6/_Norm_MacDonald_as_the_New_Colonel_Sanders/g1373_cu6f7px.jpg", "URL": "http://i.imgur.com/WDtkAjU.jpg", "fileid": "g1373_cu6f7px.jpg"}, {"id": "g1373_cu6ajpa", "comment": "[Mr. Candy](http://i.imgur.com/LeLBEQa.jpg) likes his Candy. ", "date": "2015-08-17 16:48:44", "seriesname": "g1373_cu6ajpa", "file": "/media/jbrogan4/scratch2/Reddit_Prov_Dataset_v6/_Norm_MacDonald_as_the_New_Colonel_Sanders/g1373_cu6ajpa.jpg", "URL": "http://i.imgur.com/LeLBEQa.jpg", "fileid": "g1373_cu6ajpa.jpg"}, {"id": "g1373_cu6mqh8", "comment": "http://imgur.com/UkA7rD2.jpg\n\nKentucky Fresh Veggies!! They've gone vegan!", "date": "2015-08-17 22:39:07", "seriesname": "g1373_cu6mqh8", "file": "/media/jbrogan4/scratch2/Reddit_Prov_Dataset_v6/_Norm_MacDonald_as_the_New_Colonel_Sanders/g1373_cu6mqh8.jpg", "URL": "http://imgur.com/UkA7rD2.jpg", "fileid": "g1373_cu6mqh8.jpg"}, {"id": "g1373_cu6f61r", "comment": "Kentucky Fried [Bear](http://i.imgur.com/YuYyEs5.jpg)", "date": "2015-08-17 18:53:05", "seriesname": "g1373_cu6f61r", "file": "/media/jbrogan4/scratch2/Reddit_Prov_Dataset_v6/_Norm_MacDonald_as_the_New_Colonel_Sanders/g1373_cu6f61r.jpg", "URL": "http://i.imgur.com/YuYyEs5.jpg", "fileid": "g1373_cu6f61r.jpg"}, {"id": "g1373_cu6j93e", "comment": "[Doesn't matter; ate fried chicken.](http://i.imgur.com/WerWqRZ.jpg)", "date": "2015-08-17 20:55:37", "seriesname": "g1373_cu6j93e", "file": "/media/jbrogan4/scratch2/Reddit_Prov_Dataset_v6/_Norm_MacDonald_as_the_New_Colonel_Sanders/g1373_cu6j93e.jpg", "URL": "http://i.imgur.com/WerWqRZ.jpg", "fileid": "g1373_cu6j93e.jpg"}, {"id": "g1373_cu6dmwj", "comment": "[Latest addition to the Smash roster](http://i.imgur.com/WSkXnxs.jpg)", "date": "2015-08-17 18:09:40", "seriesname": "g1373_cu6dmwj", "file": "/media/jbrogan4/scratch2/Reddit_Prov_Dataset_v6/_Norm_MacDonald_as_the_New_Colonel_Sanders/g1373_cu6dmwj.jpg", "URL": "http://i.imgur.com/WSkXnxs.jpg", "fileid": "g1373_cu6dmwj.jpg"}, {"id": "g1373_cu6cosm", "comment": "[Flip the script](https://imgur.com/Qcs2EkG)", "date": "2015-08-17 17:43:30", "seriesname": "g1373_cu6cosm", "file": "/media/jbrogan4/scratch2/Reddit_Prov_Dataset_v6/_Norm_MacDonald_as_the_New_Colonel_Sanders/g1373_cu6cosm.png", "URL": "http://i.imgur.com/Qcs2EkG.png", "fileid": "g1373_cu6cosm.png"}, {"id": "g1373_cu6avb2", "comment": "[Cough](http://i.imgur.com/FfukvbV.gif)", "date": "2015-08-17 16:56:29", "seriesname": "g1373_cu6avb2", "file": "/media/jbrogan4/scratch2/Reddit_Prov_Dataset_v6/_Norm_MacDonald_as_the_New_Colonel_Sanders/g1373_cu6avb2.jpg", "URL": "http://i.imgur.com/FfukvbV.gif", "fileid": "g1373_cu6avb2.gif"}, {"id": "g1373_cu6f26i", "comment": "[Sanders is in.](http://i.imgur.com/eMCltOG.jpg?1)", "date": "2015-08-17 18:50:01", "seriesname": "g1373_cu6f26i", "file": "/media/jbrogan4/scratch2/Reddit_Prov_Dataset_v6/_Norm_MacDonald_as_the_New_Colonel_Sanders/g1373_cu6f26i.jpg", "URL": "http://i.imgur.com/eMCltOG.jpg?1", "fileid": "g1373_cu6f26i.jpg"}, {"id": "g1373_cu6fvsl", "comment": "[Burger King Colonel Sanders](http://i.imgur.com/7YXNniP.jpg)", "date": "2015-08-17 19:14:30", "seriesname": "g1373_cu6fvsl", "file": "/media/jbrogan4/scratch2/Reddit_Prov_Dataset_v6/_Norm_MacDonald_as_the_New_Colonel_Sanders/g1373_cu6fvsl.jpg", "URL": "http://i.imgur.com/7YXNniP.jpg", "fileid": "g1373_cu6fvsl.jpg"}, {"id": "g1373_cu692hq", "comment": "[I don't think that's quite right](http://i.imgur.com/Ih4HNNo.jpg)", "date": "2015-08-17 16:12:02", "seriesname": "g1373_cu692hq", "file": "/media/jbrogan4/scratch2/Reddit_Prov_Dataset_v6/_Norm_MacDonald_as_the_New_Colonel_Sanders/g1373_cu692hq.jpg", "URL": "http://i.imgur.com/Ih4HNNo.jpg", "fileid": "g1373_cu692hq.jpg"}, {"id": "g1373_cu6ety2", "comment": "[Colonel Ferguson](http://imgur.com/KYFsBor)", "date": "2015-08-17 18:43:32", "seriesname": "g1373_cu6ety2", "file": "/media/jbrogan4/scratch2/Reddit_Prov_Dataset_v6/_Norm_MacDonald_as_the_New_Colonel_Sanders/g1373_cu6ety2.png", "URL": "http://i.imgur.com/KYFsBor.png", "fileid": "g1373_cu6ety2.png"}, {"id": "g1373_cu6g3ex", "comment": "[This chicken is *fantastic*](http://i.imgur.com/W9QyuQD.png)", "date": "2015-08-17 19:20:59", "seriesname": "g1373_cu6g3ex", "file": "/media/jbrogan4/scratch2/Reddit_Prov_Dataset_v6/_Norm_MacDonald_as_the_New_Colonel_Sanders/g1373_cu6g3ex.png", "URL": "http://i.imgur.com/W9QyuQD.png", "fileid": "g1373_cu6g3ex.png"}, {"id": "g1373_cu6e7lg", "comment": "http://i.imgur.com/KHyGENz.jpg", "date": "2015-08-17 18:25:46", "seriesname": "g1373_cu6e7lg", "file": "/media/jbrogan4/scratch2/Reddit_Prov_Dataset_v6/_Norm_MacDonald_as_the_New_Colonel_Sanders/g1373_cu6e7lg.jpg", "URL": "http://i.imgur.com/KHyGENz.jpg", "fileid": "g1373_cu6e7lg.jpg"}, {"id": "g1373_cu6fzu5", "comment": "http://i.imgur.com/9aSQCSL.jpg\n\nHello, Neo.", "date": "2015-08-17 19:17:59", "seriesname": "g1373_cu6fzu5", "file": "/media/jbrogan4/scratch2/Reddit_Prov_Dataset_v6/_Norm_MacDonald_as_the_New_Colonel_Sanders/g1373_cu6fzu5.jpg", "URL": "http://i.imgur.com/9aSQCSL.jpg", "fileid": "g1373_cu6fzu5.jpg"}, {"id": "g1373_cu6etkv", "comment": "[Did someone say McDonalds?](http://i.imgur.com/cPPhXFE.gif)", "date": "2015-08-17 18:43:15", "seriesname": "g1373_cu6etkv", "file": "/media/jbrogan4/scratch2/Reddit_Prov_Dataset_v6/_Norm_MacDonald_as_the_New_Colonel_Sanders/g1373_cu6etkv.jpg", "URL": "http://i.imgur.com/cPPhXFE.gif", "fileid": "g1373_cu6etkv.gif"}, {"id": "g1373_cu6j603", "comment": "[The path of the warrior.](http://imgur.com/cdPxCl6)", "date": "2015-08-17 20:53:04", "seriesname": "g1373_cu6j603", "file": "/media/jbrogan4/scratch2/Reddit_Prov_Dataset_v6/_Norm_MacDonald_as_the_New_Colonel_Sanders/g1373_cu6j603.png", "URL": "http://i.imgur.com/cdPxCl6.png", "fileid": "g1373_cu6j603.png"}, {"id": "g1373_cu6ko7m", "comment": "http://imgur.com/LLAt6JG\nThis is my first time uploading here so give me some feedback.", "date": "2015-08-17 21:38:08", "seriesname": "g1373_cu6ko7m", "file": "/media/jbrogan4/scratch2/Reddit_Prov_Dataset_v6/_Norm_MacDonald_as_the_New_Colonel_Sanders/g1373_cu6ko7m.png", "URL": "http://i.imgur.com/LLAt6JG.png", "fileid": "g1373_cu6ko7m.png"}, {"id": "g1373_cu6a0yk", "comment": "[Secret Recipe](http://i.imgur.com/dkagSUR.gif)", "date": "2015-08-17 16:35:53", "seriesname": "g1373_cu6a0yk", "file": "/media/jbrogan4/scratch2/Reddit_Prov_Dataset_v6/_Norm_MacDonald_as_the_New_Colonel_Sanders/g1373_cu6a0yk.jpg", "URL": "http://i.imgur.com/dkagSUR.gif", "fileid": "g1373_cu6a0yk.gif"}, {"id": "g1373_cu6ahvv", "comment": "\"[C'mon Ronald listen to me, I didn't sign any deal with colonel sanders, it was probably the shifty looking guy with BURGERS on his tie! BURGERS! BURGER KING! LETS GET HIM!](http://i.imgur.com/mNU9i8z.png)\"", "date": "2015-08-17 16:47:29", "seriesname": "g1373_cu6ahvv", "file": "/media/jbrogan4/scratch2/Reddit_Prov_Dataset_v6/_Norm_MacDonald_as_the_New_Colonel_Sanders/g1373_cu6ahvv.png", "URL": "http://i.imgur.com/mNU9i8z.png", "fileid": "g1373_cu6ahvv.png"}, {"id": "g1373_cu6bf20", "comment": "[norm is looking good](http://i.imgur.com/Eefrasz.jpg)", "date": "2015-08-17 17:10:28", "seriesname": "g1373_cu6bf20", "file": "/media/jbrogan4/scratch2/Reddit_Prov_Dataset_v6/_Norm_MacDonald_as_the_New_Colonel_Sanders/g1373_cu6bf20.jpg", "URL": "http://i.imgur.com/Eefrasz.jpg", "fileid": "g1373_cu6bf20.jpg"}, {"id": "g1373_cu68c7f", "comment": "http://i.imgur.com/zzZvyVr.jpg\n\nIt's funny. It's funny because it's ah, bigger than, ah... you know, a normal bucket.", "date": "2015-08-17 15:53:59", "seriesname": "g1373_cu68c7f", "file": "/media/jbrogan4/scratch2/Reddit_Prov_Dataset_v6/_Norm_MacDonald_as_the_New_Colonel_Sanders/g1373_cu68c7f.jpg", "URL": "http://i.imgur.com/zzZvyVr.jpg", "fileid": "g1373_cu68c7f.jpg"}, {"id": "g1373_cu6gcw5", "comment": "[No one told Norm what sort of cane he should have brought](http://i.imgur.com/1X9Dgv9.jpg)", "date": "2015-08-17 19:28:53", "seriesname": "g1373_cu6gcw5", "file": "/media/jbrogan4/scratch2/Reddit_Prov_Dataset_v6/_Norm_MacDonald_as_the_New_Colonel_Sanders/g1373_cu6gcw5.jpg", "URL": "http://i.imgur.com/1X9Dgv9.jpg", "fileid": "g1373_cu6gcw5.jpg"}, {"id": "g1373_cu6p8ii", "comment": "http://i.imgur.com/gWIcI1o.jpg", "date": "2015-08-17 23:58:42", "seriesname": "g1373_cu6p8ii", "file": "/media/jbrogan4/scratch2/Reddit_Prov_Dataset_v6/_Norm_MacDonald_as_the_New_Colonel_Sanders/g1373_cu6p8ii.jpg", "URL": "http://i.imgur.com/gWIcI1o.jpg", "fileid": "g1373_cu6p8ii.jpg"}, {"id": "g1373_root", "comment": "", "date": "2015-08-17 14:15:06", "seriesname": "g1373_root", "file": "/media/jbrogan4/scratch2/Reddit_Prov_Dataset_v6/_Norm_MacDonald_as_the_New_Colonel_Sanders/g1373_root.jpg", "URL": "http://www.adweek.com/files/2015_Aug/norm-macdonald-kfc-2.jpg", "fileid": "g1373_root.jpg"}, {"id": "g1373_cu6au9s", "comment": "[Big head, tiny body...](http://i.imgur.com/A8E7kvS.jpg)", "date": "2015-08-17 16:55:49", "seriesname": "g1373_cu6au9s", "file": "/media/jbrogan4/scratch2/Reddit_Prov_Dataset_v6/_Norm_MacDonald_as_the_New_Colonel_Sanders/g1373_cu6au9s.jpg", "URL": "http://i.imgur.com/A8E7kvS.jpg", "fileid": "g1373_cu6au9s.jpg"}], "graph": {"name": "g1373_root"}, "directed": true}