{"links": [{"op": "none", "target": 0, "source": 52}, {"op": "none", "target": 1, "source": 52}, {"op": "none", "target": 2, "source": 52}, {"op": "none", "target": 3, "source": 52}, {"op": "none", "target": 4, "source": 52}, {"op": "none", "target": 5, "source": 52}, {"op": "none", "target": 6, "source": 52}, {"op": "none", "target": 7, "source": 52}, {"op": "none", "target": 8, "source": 52}, {"op": "none", "target": 9, "source": 52}, {"op": "none", "target": 10, "source": 52}, {"op": "none", "target": 11, "source": 52}, {"op": "none", "target": 12, "source": 52}, {"op": "none", "target": 13, "source": 8}, {"op": "none", "target": 14, "source": 52}, {"op": "none", "target": 15, "source": 52}, {"op": "none", "target": 16, "source": 52}, {"op": "none", "target": 17, "source": 52}, {"op": "none", "target": 18, "source": 52}, {"op": "none", "target": 19, "source": 52}, {"op": "none", "target": 20, "source": 52}, {"op": "none", "target": 21, "source": 52}, {"op": "none", "target": 22, "source": 52}, {"op": "none", "target": 23, "source": 52}, {"op": "none", "target": 24, "source": 52}, {"op": "none", "target": 25, "source": 52}, {"op": "none", "target": 26, "source": 52}, {"op": "none", "target": 27, "source": 10}, {"op": "none", "target": 28, "source": 52}, {"op": "none", "target": 29, "source": 15}, {"op": "none", "target": 30, "source": 13}, {"op": "none", "target": 31, "source": 52}, {"op": "none", "target": 32, "source": 52}, {"op": "none", "target": 33, "source": 52}, {"op": "none", "target": 34, "source": 52}, {"op": "none", "target": 35, "source": 53}, {"op": "none", "target": 36, "source": 52}, {"op": "none", "target": 37, "source": 52}, {"op": "none", "target": 38, "source": 52}, {"op": "none", "target": 39, "source": 34}, {"op": "none", "target": 40, "source": 52}, {"op": "none", "target": 41, "source": 52}, {"op": "none", "target": 42, "source": 52}, {"op": "none", "target": 43, "source": 52}, {"op": "none", "target": 44, "source": 52}, {"op": "none", "target": 45, "source": 52}, {"op": "none", "target": 46, "source": 52}, {"op": "none", "target": 47, "source": 52}, {"op": "none", "target": 48, "source": 15}, {"op": "none", "target": 49, "source": 52}, {"op": "none", "target": 50, "source": 52}, {"op": "none", "target": 51, "source": 52}, {"op": "none", "target": 53, "source": 52}], "title": "_This_Cat,_Drinking_From_a_Bird_Bath", "nodes": [{"id": "g1379_cv8dd4u", "comment": "cat is missing\nhttp://imgur.com/3j5FXzq", "date": "2015-09-20 18:22:53", "seriesname": "g1379_cv8dd4u", "file": "/media/jbrogan4/scratch2/Reddit_Prov_Dataset_v6/_This_Cat,_Drinking_From_a_Bird_Bath/g1379_cv8dd4u.png", "URL": "http://i.imgur.com/3j5FXzq.png", "fileid": "g1379_cv8dd4u.png"}, {"id": "g1379_cv8ome7", "comment": "Does anyone need some [motivation?](http://imgur.com/AKW1OtI)", "date": "2015-09-20 23:40:37", "seriesname": "g1379_cv8ome7", "file": "/media/jbrogan4/scratch2/Reddit_Prov_Dataset_v6/_This_Cat,_Drinking_From_a_Bird_Bath/g1379_cv8ome7.png", "URL": "http://i.imgur.com/AKW1OtI.png", "fileid": "g1379_cv8ome7.png"}, {"id": "g1379_cv8znaw", "comment": "[Ack!](http://i.imgur.com/agMOexW.jpg)", "date": "2015-09-21 09:53:55", "seriesname": "g1379_cv8znaw", "file": "/media/jbrogan4/scratch2/Reddit_Prov_Dataset_v6/_This_Cat,_Drinking_From_a_Bird_Bath/g1379_cv8znaw.jpg", "URL": "http://i.imgur.com/agMOexW.jpg", "fileid": "g1379_cv8znaw.jpg"}, {"id": "g1379_cv7v16i", "comment": "[They be rare](http://i.imgur.com/S5FWT5L.jpg)", "date": "2015-09-20 09:34:10", "seriesname": "g1379_cv7v16i", "file": "/media/jbrogan4/scratch2/Reddit_Prov_Dataset_v6/_This_Cat,_Drinking_From_a_Bird_Bath/g1379_cv7v16i.jpg", "URL": "http://i.imgur.com/S5FWT5L.jpg", "fileid": "g1379_cv7v16i.jpg"}, {"id": "g1379_cv7uxa2", "comment": "[How about a beer?](http://i.imgur.com/qwNxaJk.jpg)", "date": "2015-09-20 09:28:37", "seriesname": "g1379_cv7uxa2", "file": "/media/jbrogan4/scratch2/Reddit_Prov_Dataset_v6/_This_Cat,_Drinking_From_a_Bird_Bath/g1379_cv7uxa2.jpg", "URL": "http://i.imgur.com/qwNxaJk.jpg", "fileid": "g1379_cv7uxa2.jpg"}, {"id": "g1379_cv91ba2", "comment": "this got buried because I posted it as a reply: [cat haka](https://pbs.twimg.com/media/CPZCufgWUAEpgq6.jpg)", "date": "2015-09-21 10:45:06", "seriesname": "g1379_cv91ba2", "file": "/media/jbrogan4/scratch2/Reddit_Prov_Dataset_v6/_This_Cat,_Drinking_From_a_Bird_Bath/g1379_cv91ba2.jpg", "URL": "https://pbs.twimg.com/media/CPZCufgWUAEpgq6.jpg", "fileid": "g1379_cv91ba2.jpg"}, {"id": "g1379_cv7u5ww", "comment": "http://i.imgur.com/Hd7tOH3.jpg", "date": "2015-09-20 08:48:47", "seriesname": "g1379_cv7u5ww", "file": "/media/jbrogan4/scratch2/Reddit_Prov_Dataset_v6/_This_Cat,_Drinking_From_a_Bird_Bath/g1379_cv7u5ww.jpg", "URL": "http://i.imgur.com/Hd7tOH3.jpg", "fileid": "g1379_cv7u5ww.jpg"}, {"id": "g1379_cv7z0dc", "comment": "http://i.imgur.com/kl9a9e1.png", "date": "2015-09-20 12:17:26", "seriesname": "g1379_cv7z0dc", "file": "/media/jbrogan4/scratch2/Reddit_Prov_Dataset_v6/_This_Cat,_Drinking_From_a_Bird_Bath/g1379_cv7z0dc.png", "URL": "http://i.imgur.com/kl9a9e1.png", "fileid": "g1379_cv7z0dc.png"}, {"id": "g1379_cv7tdaq", "comment": "http://imgur.com/bTFBzDD", "date": "2015-09-20 08:01:10", "seriesname": "g1379_cv7tdaq", "file": "/media/jbrogan4/scratch2/Reddit_Prov_Dataset_v6/_This_Cat,_Drinking_From_a_Bird_Bath/g1379_cv7tdaq.png", "URL": "http://i.imgur.com/bTFBzDD.png", "fileid": "g1379_cv7tdaq.png"}, {"id": "g1379_cv7wsvw", "comment": "[Don't Leave me alone , Come back !!](http://imgur.com/vcOkk9K)", "date": "2015-09-20 11:04:11", "seriesname": "g1379_cv7wsvw", "file": "/media/jbrogan4/scratch2/Reddit_Prov_Dataset_v6/_This_Cat,_Drinking_From_a_Bird_Bath/g1379_cv7wsvw.png", "URL": "http://i.imgur.com/vcOkk9K.png", "fileid": "g1379_cv7wsvw.png"}, {"id": "g1379_cv8e6ql", "comment": "http://i.imgur.com/F622dW6.gif", "date": "2015-09-20 18:44:37", "seriesname": "g1379_cv8e6ql", "file": "/media/jbrogan4/scratch2/Reddit_Prov_Dataset_v6/_This_Cat,_Drinking_From_a_Bird_Bath/g1379_cv8e6ql.jpg", "URL": "http://i.imgur.com/F622dW6.gif", "fileid": "g1379_cv8e6ql.gif"}, {"id": "g1379_cv7x6pp", "comment": "[catbirdbath.exe error](http://i.imgur.com/gvnGmfj.gif)", "date": "2015-09-20 11:20:11", "seriesname": "g1379_cv7x6pp", "file": "/media/jbrogan4/scratch2/Reddit_Prov_Dataset_v6/_This_Cat,_Drinking_From_a_Bird_Bath/g1379_cv7x6pp.jpg", "URL": "http://i.imgur.com/gvnGmfj.gif", "fileid": "g1379_cv7x6pp.gif"}, {"id": "g1379_cv7xauj", "comment": "[Speed ticket](http://i.imgur.com/03HpCFv.jpg)", "date": "2015-09-20 11:24:21", "seriesname": "g1379_cv7xauj", "file": "/media/jbrogan4/scratch2/Reddit_Prov_Dataset_v6/_This_Cat,_Drinking_From_a_Bird_Bath/g1379_cv7xauj.jpg", "URL": "http://i.imgur.com/03HpCFv.jpg", "fileid": "g1379_cv7xauj.jpg"}, {"id": "g1379_cv7urgw", "comment": "http://i.imgur.com/v5gMqIU.jpg", "date": "2015-09-20 09:20:15", "seriesname": "g1379_cv7urgw", "file": "/media/jbrogan4/scratch2/Reddit_Prov_Dataset_v6/_This_Cat,_Drinking_From_a_Bird_Bath/g1379_cv7urgw.jpg", "URL": "http://i.imgur.com/v5gMqIU.jpg", "fileid": "g1379_cv7urgw.jpg"}, {"id": "g1379_cv7z8hw", "comment": "[Look into the Mirror](http://i.imgur.com/rvhYR4E.jpg)", "date": "2015-09-20 12:23:54", "seriesname": "g1379_cv7z8hw", "file": "/media/jbrogan4/scratch2/Reddit_Prov_Dataset_v6/_This_Cat,_Drinking_From_a_Bird_Bath/g1379_cv7z8hw.jpg", "URL": "http://i.imgur.com/rvhYR4E.jpg", "fileid": "g1379_cv7z8hw.jpg"}, {"id": "g1379_cv7sqv5", "comment": "[I'm not very good at this](http://i.imgur.com/KJf9eSi.jpg)", "date": "2015-09-20 07:16:51", "seriesname": "g1379_cv7sqv5", "file": "/media/jbrogan4/scratch2/Reddit_Prov_Dataset_v6/_This_Cat,_Drinking_From_a_Bird_Bath/g1379_cv7sqv5.jpg", "URL": "http://i.imgur.com/KJf9eSi.jpg", "fileid": "g1379_cv7sqv5.jpg"}, {"id": "g1379_cv88t03", "comment": "[You gonna finish that? Can I haz?](http://i.imgur.com/Sv3yLoj.jpg)", "date": "2015-09-20 16:22:56", "seriesname": "g1379_cv88t03", "file": "/media/jbrogan4/scratch2/Reddit_Prov_Dataset_v6/_This_Cat,_Drinking_From_a_Bird_Bath/g1379_cv88t03.jpg", "URL": "http://i.imgur.com/Sv3yLoj.jpg", "fileid": "g1379_cv88t03.jpg"}, {"id": "g1379_cv7wuxa", "comment": "[Day at the pool](https://imgur.com/WlOfQLD)", "date": "2015-09-20 11:06:54", "seriesname": "g1379_cv7wuxa", "file": "/media/jbrogan4/scratch2/Reddit_Prov_Dataset_v6/_This_Cat,_Drinking_From_a_Bird_Bath/g1379_cv7wuxa.png", "URL": "http://i.imgur.com/WlOfQLD.png", "fileid": "g1379_cv7wuxa.png"}, {"id": "g1379_cv84esy", "comment": "[CATSTEIN](http://imgur.com/CT3GaqF)", "date": "2015-09-20 14:36:26", "seriesname": "g1379_cv84esy", "file": "/media/jbrogan4/scratch2/Reddit_Prov_Dataset_v6/_This_Cat,_Drinking_From_a_Bird_Bath/g1379_cv84esy.png", "URL": "http://i.imgur.com/CT3GaqF.png", "fileid": "g1379_cv84esy.png"}, {"id": "g1379_cv8fhib", "comment": "[You get the idea](http://i.imgur.com/7IOrCVv.jpg)\n", "date": "2015-09-20 19:18:50", "seriesname": "g1379_cv8fhib", "file": "/media/jbrogan4/scratch2/Reddit_Prov_Dataset_v6/_This_Cat,_Drinking_From_a_Bird_Bath/g1379_cv8fhib.jpg", "URL": "http://i.imgur.com/7IOrCVv.jpg", "fileid": "g1379_cv8fhib.jpg"}, {"id": "g1379_cv7vn9a", "comment": "[It rose from the deep](http://i.imgur.com/twsQGqu.png)", "date": "2015-09-20 10:06:03", "seriesname": "g1379_cv7vn9a", "file": "/media/jbrogan4/scratch2/Reddit_Prov_Dataset_v6/_This_Cat,_Drinking_From_a_Bird_Bath/g1379_cv7vn9a.png", "URL": "http://i.imgur.com/twsQGqu.png", "fileid": "g1379_cv7vn9a.png"}, {"id": "g1379_cv8iz0g", "comment": "http://i.imgur.com/EzLetUc.jpg\n'Wilson?'\n(long time lurker, first time Battler)", "date": "2015-09-20 20:59:31", "seriesname": "g1379_cv8iz0g", "file": "/media/jbrogan4/scratch2/Reddit_Prov_Dataset_v6/_This_Cat,_Drinking_From_a_Bird_Bath/g1379_cv8iz0g.jpg", "URL": "http://i.imgur.com/EzLetUc.jpg", "fileid": "g1379_cv8iz0g.jpg"}, {"id": "g1379_cv7yjtg", "comment": "[Sorry, movie fans](http://i.imgur.com/NEUZRtu.png)", "date": "2015-09-20 12:03:58", "seriesname": "g1379_cv7yjtg", "file": "/media/jbrogan4/scratch2/Reddit_Prov_Dataset_v6/_This_Cat,_Drinking_From_a_Bird_Bath/g1379_cv7yjtg.png", "URL": "http://i.imgur.com/NEUZRtu.png", "fileid": "g1379_cv7yjtg.png"}, {"id": "g1379_cv7vn1e", "comment": "[Sorry] (http://imgur.com/PsjxTfG)", "date": "2015-09-20 10:05:44", "seriesname": "g1379_cv7vn1e", "file": "/media/jbrogan4/scratch2/Reddit_Prov_Dataset_v6/_This_Cat,_Drinking_From_a_Bird_Bath/g1379_cv7vn1e.png", "URL": "http://i.imgur.com/PsjxTfG.png", "fileid": "g1379_cv7vn1e.png"}, {"id": "g1379_cv88s4p", "comment": "[Hang in there](http://i.imgur.com/wPHUMY2.jpg) Sometimes you need a little modivation", "date": "2015-09-20 16:22:22", "seriesname": "g1379_cv88s4p", "file": "/media/jbrogan4/scratch2/Reddit_Prov_Dataset_v6/_This_Cat,_Drinking_From_a_Bird_Bath/g1379_cv88s4p.jpg", "URL": "http://i.imgur.com/wPHUMY2.jpg", "fileid": "g1379_cv88s4p.jpg"}, {"id": "g1379_cv8jxjj", "comment": "[True Lies](http://imgur.com/Efhu3yM)", "date": "2015-09-20 21:26:50", "seriesname": "g1379_cv8jxjj", "file": "/media/jbrogan4/scratch2/Reddit_Prov_Dataset_v6/_This_Cat,_Drinking_From_a_Bird_Bath/g1379_cv8jxjj.png", "URL": "http://i.imgur.com/Efhu3yM.png", "fileid": "g1379_cv8jxjj.png"}, {"id": "g1379_cv7x8jr", "comment": "Sufferin' Succotash!\n\nEdit:  I suck at photoshop....\n\nhttp://i.imgur.com/7Emyyiq.jpg\n", "date": "2015-09-20 11:22:05", "seriesname": "g1379_cv7x8jr", "file": "/media/jbrogan4/scratch2/Reddit_Prov_Dataset_v6/_This_Cat,_Drinking_From_a_Bird_Bath/g1379_cv7x8jr.jpg", "URL": "http://i.imgur.com/7Emyyiq.jpg", "fileid": "g1379_cv7x8jr.jpg"}, {"id": "g1379_cv8lgb4", "comment": "[I'd first like to thank the subreddit, I wouldn't be here if weren't for you guys..](http://i.imgur.com/pxzdwqQ.gif)", "date": "2015-09-20 22:08:28", "seriesname": "g1379_cv8lgb4", "file": "/media/jbrogan4/scratch2/Reddit_Prov_Dataset_v6/_This_Cat,_Drinking_From_a_Bird_Bath/g1379_cv8lgb4.jpg", "URL": "http://i.imgur.com/pxzdwqQ.gif", "fileid": "g1379_cv8lgb4.gif"}, {"id": "g1379_cv99edv", "comment": "http://imgur.com/MDZ48kD\n\nkitty kiss", "date": "2015-09-21 14:17:35", "seriesname": "g1379_cv99edv", "file": "/media/jbrogan4/scratch2/Reddit_Prov_Dataset_v6/_This_Cat,_Drinking_From_a_Bird_Bath/g1379_cv99edv.png", "URL": "http://i.imgur.com/MDZ48kD.png", "fileid": "g1379_cv99edv.png"}, {"id": "g1379_cv7wxbw", "comment": "[already did that](http://imgur.com/vcOkk9K) \n\nDidnt see this comment though :P", "date": "2015-09-20 11:09:56", "seriesname": "g1379_cv7wxbw", "file": "/media/jbrogan4/scratch2/Reddit_Prov_Dataset_v6/_This_Cat,_Drinking_From_a_Bird_Bath/g1379_cv7wxbw.png", "URL": "http://i.imgur.com/vcOkk9K.png", "fileid": "g1379_cv7wxbw.png"}, {"id": "g1379_cv7wmqh", "comment": "[OKAY!](http://i.imgur.com/ODf03G2.jpg)", "date": "2015-09-20 10:55:54", "seriesname": "g1379_cv7wmqh", "file": "/media/jbrogan4/scratch2/Reddit_Prov_Dataset_v6/_This_Cat,_Drinking_From_a_Bird_Bath/g1379_cv7wmqh.jpg", "URL": "http://i.imgur.com/ODf03G2.jpg", "fileid": "g1379_cv7wmqh.jpg"}, {"id": "g1379_cv7w88c", "comment": "Amber Licker - http://imgur.com/P1ATwuy", "date": "2015-09-20 10:35:42", "seriesname": "g1379_cv7w88c", "file": "/media/jbrogan4/scratch2/Reddit_Prov_Dataset_v6/_This_Cat,_Drinking_From_a_Bird_Bath/g1379_cv7w88c.png", "URL": "http://i.imgur.com/P1ATwuy.png", "fileid": "g1379_cv7w88c.png"}, {"id": "g1379_cv7zm0f", "comment": "[after all, it is a movie for kids....](http://imgur.com/7rRkfY7)", "date": "2015-09-20 12:34:37", "seriesname": "g1379_cv7zm0f", "file": "/media/jbrogan4/scratch2/Reddit_Prov_Dataset_v6/_This_Cat,_Drinking_From_a_Bird_Bath/g1379_cv7zm0f.png", "URL": "http://i.imgur.com/7rRkfY7.png", "fileid": "g1379_cv7zm0f.png"}, {"id": "g1379_cv7vazm", "comment": "[Morbid](http://i.imgur.com/ol7WGQw.jpg)", "date": "2015-09-20 09:48:15", "seriesname": "g1379_cv7vazm", "file": "/media/jbrogan4/scratch2/Reddit_Prov_Dataset_v6/_This_Cat,_Drinking_From_a_Bird_Bath/g1379_cv7vazm.jpg", "URL": "http://i.imgur.com/ol7WGQw.jpg", "fileid": "g1379_cv7vazm.jpg"}, {"id": "g1379_cv7vafz", "comment": " [The Forgotten One](http://i.imgur.com/IXWMHg6.jpg)                                                                                          \nEdit : Ahh.. I always dreamed to say that:  Thank you for the gold, kind stranger :D !", "date": "2015-09-20 09:47:28", "seriesname": "g1379_cv7vafz", "file": "/media/jbrogan4/scratch2/Reddit_Prov_Dataset_v6/_This_Cat,_Drinking_From_a_Bird_Bath/g1379_cv7vafz.jpg", "URL": "http://i.imgur.com/IXWMHg6.jpg", "fileid": "g1379_cv7vafz.jpg"}, {"id": "g1379_cv7x8q1", "comment": "http://i.imgur.com/a6Qc2pV.jpg", "date": "2015-09-20 11:22:16", "seriesname": "g1379_cv7x8q1", "file": "/media/jbrogan4/scratch2/Reddit_Prov_Dataset_v6/_This_Cat,_Drinking_From_a_Bird_Bath/g1379_cv7x8q1.jpg", "URL": "http://i.imgur.com/a6Qc2pV.jpg", "fileid": "g1379_cv7x8q1.jpg"}, {"id": "g1379_cv8qh0h", "comment": "I only have eyes for you...  http://imgur.com/AzL9q3d", "date": "2015-09-21 00:56:23", "seriesname": "g1379_cv8qh0h", "file": "/media/jbrogan4/scratch2/Reddit_Prov_Dataset_v6/_This_Cat,_Drinking_From_a_Bird_Bath/g1379_cv8qh0h.png", "URL": "http://i.imgur.com/AzL9q3d.png", "fileid": "g1379_cv8qh0h.png"}, {"id": "g1379_cv85toa", "comment": "Don't worry it doesn't hurt http://imgur.com/2jt9kSe", "date": "2015-09-20 15:12:00", "seriesname": "g1379_cv85toa", "file": "/media/jbrogan4/scratch2/Reddit_Prov_Dataset_v6/_This_Cat,_Drinking_From_a_Bird_Bath/g1379_cv85toa.png", "URL": "http://i.imgur.com/2jt9kSe.png", "fileid": "g1379_cv85toa.png"}, {"id": "g1379_cv7tjlr", "comment": "[Overcrowded!](http://i.imgur.com/90d3y95.png)", "date": "2015-09-20 08:12:43", "seriesname": "g1379_cv7tjlr", "file": "/media/jbrogan4/scratch2/Reddit_Prov_Dataset_v6/_This_Cat,_Drinking_From_a_Bird_Bath/g1379_cv7tjlr.png", "URL": "http://i.imgur.com/90d3y95.png", "fileid": "g1379_cv7tjlr.png"}, {"id": "g1379_cv7x2g4", "comment": "Nice! Added KISS to your idea - can't believe KISS had a photo almost in the same situation [KISS DIS](http://i.imgur.com/ZwlwJve.jpg)\n\n(edit: sexier link name)", "date": "2015-09-20 11:15:45", "seriesname": "g1379_cv7x2g4", "file": "/media/jbrogan4/scratch2/Reddit_Prov_Dataset_v6/_This_Cat,_Drinking_From_a_Bird_Bath/g1379_cv7x2g4.jpg", "URL": "http://i.imgur.com/ZwlwJve.jpg", "fileid": "g1379_cv7x2g4.jpg"}, {"id": "g1379_cv7xmb2", "comment": "[Now, this looks familiar...](http://i.imgur.com/zis58G0.jpg)", "date": "2015-09-20 11:35:21", "seriesname": "g1379_cv7xmb2", "file": "/media/jbrogan4/scratch2/Reddit_Prov_Dataset_v6/_This_Cat,_Drinking_From_a_Bird_Bath/g1379_cv7xmb2.jpg", "URL": "http://i.imgur.com/zis58G0.jpg", "fileid": "g1379_cv7xmb2.jpg"}, {"id": "g1379_cv7tkm8", "comment": "[When the cat's away, the mice will play... Wait...](http://imgur.com/72WYng7)", "date": "2015-09-20 08:14:29", "seriesname": "g1379_cv7tkm8", "file": "/media/jbrogan4/scratch2/Reddit_Prov_Dataset_v6/_This_Cat,_Drinking_From_a_Bird_Bath/g1379_cv7tkm8.png", "URL": "http://i.imgur.com/72WYng7.png", "fileid": "g1379_cv7tkm8.png"}, {"id": "g1379_cv7veao", "comment": "[Tom and Jerry](http://i.imgur.com/lm7FxIS.png)", "date": "2015-09-20 09:53:02", "seriesname": "g1379_cv7veao", "file": "/media/jbrogan4/scratch2/Reddit_Prov_Dataset_v6/_This_Cat,_Drinking_From_a_Bird_Bath/g1379_cv7veao.png", "URL": "http://i.imgur.com/lm7FxIS.png", "fileid": "g1379_cv7veao.png"}, {"id": "g1379_cv8pbuq", "comment": "[I call this one Cat Gifman](http://imgur.com/tvaf37F)", "date": "2015-09-21 00:03:08", "seriesname": "g1379_cv8pbuq", "file": "/media/jbrogan4/scratch2/Reddit_Prov_Dataset_v6/_This_Cat,_Drinking_From_a_Bird_Bath/g1379_cv8pbuq.png", "URL": "http://i.imgur.com/tvaf37F.png", "fileid": "g1379_cv8pbuq.png"}, {"id": "g1379_cv7x8ir", "comment": "http://imgur.com/QqlBSRx", "date": "2015-09-20 11:22:03", "seriesname": "g1379_cv7x8ir", "file": "/media/jbrogan4/scratch2/Reddit_Prov_Dataset_v6/_This_Cat,_Drinking_From_a_Bird_Bath/g1379_cv7x8ir.png", "URL": "http://i.imgur.com/QqlBSRx.png", "fileid": "g1379_cv7x8ir.png"}, {"id": "g1379_cv8klfa", "comment": "Extreme opposites haha : http://imgur.com/Gv37qIC", "date": "2015-09-20 21:44:36", "seriesname": "g1379_cv8klfa", "file": "/media/jbrogan4/scratch2/Reddit_Prov_Dataset_v6/_This_Cat,_Drinking_From_a_Bird_Bath/g1379_cv8klfa.png", "URL": "http://i.imgur.com/Gv37qIC.png", "fileid": "g1379_cv8klfa.png"}, {"id": "g1379_cv7tht0", "comment": "[Fly you fools!](https://imgur.com/oQppj6a)", "date": "2015-09-20 08:09:35", "seriesname": "g1379_cv7tht0", "file": "/media/jbrogan4/scratch2/Reddit_Prov_Dataset_v6/_This_Cat,_Drinking_From_a_Bird_Bath/g1379_cv7tht0.png", "URL": "http://i.imgur.com/oQppj6a.png", "fileid": "g1379_cv7tht0.png"}, {"id": "g1379_cv7xfng", "comment": "[Peter Criss isn't the only cool cat now](http://i.imgur.com/gTC3zKw.jpg)", "date": "2015-09-20 11:29:11", "seriesname": "g1379_cv7xfng", "file": "/media/jbrogan4/scratch2/Reddit_Prov_Dataset_v6/_This_Cat,_Drinking_From_a_Bird_Bath/g1379_cv7xfng.jpg", "URL": "http://i.imgur.com/gTC3zKw.jpg", "fileid": "g1379_cv7xfng.jpg"}, {"id": "g1379_cv7wo2z", "comment": "got that from the front page [earlier](http://i.imgur.com/YJpLaT2.jpg)", "date": "2015-09-20 10:57:45", "seriesname": "g1379_cv7wo2z", "file": "/media/jbrogan4/scratch2/Reddit_Prov_Dataset_v6/_This_Cat,_Drinking_From_a_Bird_Bath/g1379_cv7wo2z.jpg", "URL": "http://i.imgur.com/YJpLaT2.jpg", "fileid": "g1379_cv7wo2z.jpg"}, {"id": "g1379_cv8kod4", "comment": "[Just DO IT!](http://imgur.com/NxZ4s19)", "date": "2015-09-20 21:46:58", "seriesname": "g1379_cv8kod4", "file": "/media/jbrogan4/scratch2/Reddit_Prov_Dataset_v6/_This_Cat,_Drinking_From_a_Bird_Bath/g1379_cv8kod4.png", "URL": "http://i.imgur.com/NxZ4s19.png", "fileid": "g1379_cv8kod4.png"}, {"id": "g1379_cv7uxdp", "comment": "[Cattenstein](http://imgur.com/Wun6sxq)", "date": "2015-09-20 09:28:45", "seriesname": "g1379_cv7uxdp", "file": "/media/jbrogan4/scratch2/Reddit_Prov_Dataset_v6/_This_Cat,_Drinking_From_a_Bird_Bath/g1379_cv7uxdp.png", "URL": "http://i.imgur.com/Wun6sxq.png", "fileid": "g1379_cv7uxdp.png"}, {"id": "g1379_cv82m77", "comment": "Believe http://i.imgur.com/HoDACJd.png", "date": "2015-09-20 13:53:24", "seriesname": "g1379_cv82m77", "file": "/media/jbrogan4/scratch2/Reddit_Prov_Dataset_v6/_This_Cat,_Drinking_From_a_Bird_Bath/g1379_cv82m77.png", "URL": "http://i.imgur.com/HoDACJd.png", "fileid": "g1379_cv82m77.png"}, {"id": "g1379_root", "comment": "", "date": "2015-09-20 07:15:59", "seriesname": "g1379_root", "file": "/media/jbrogan4/scratch2/Reddit_Prov_Dataset_v6/_This_Cat,_Drinking_From_a_Bird_Bath/g1379_root.jpg", "URL": "https://i.imgur.com/IKrMwSK.jpg", "fileid": "g1379_root.jpg"}, {"id": "g1379_cv7vp99", "comment": "[http://i.imgur.com/oGPlCcW.png](http://i.imgur.com/oGPlCcW.png)", "date": "2015-09-20 10:08:51", "seriesname": "g1379_cv7vp99", "file": "/media/jbrogan4/scratch2/Reddit_Prov_Dataset_v6/_This_Cat,_Drinking_From_a_Bird_Bath/g1379_cv7vp99.png", "URL": "http://i.imgur.com/oGPlCcW.png](http://i.imgur.com/oGPlCcW.png", "fileid": "g1379_cv7vp99.png"}], "graph": {"name": "g1379_root"}, "directed": true}