{"links": [{"op": "none", "target": 0, "source": 43}, {"op": "none", "target": 1, "source": 43}, {"op": "none", "target": 2, "source": 43}, {"op": "none", "target": 3, "source": 43}, {"op": "none", "target": 4, "source": 43}, {"op": "none", "target": 5, "source": 43}, {"op": "none", "target": 6, "source": 43}, {"op": "none", "target": 7, "source": 4}, {"op": "none", "target": 8, "source": 43}, {"op": "none", "target": 9, "source": 43}, {"op": "none", "target": 10, "source": 43}, {"op": "none", "target": 11, "source": 43}, {"op": "none", "target": 12, "source": 43}, {"op": "none", "target": 13, "source": 43}, {"op": "none", "target": 14, "source": 22}, {"op": "none", "target": 15, "source": 43}, {"op": "none", "target": 16, "source": 43}, {"op": "none", "target": 17, "source": 4}, {"op": "none", "target": 18, "source": 43}, {"op": "none", "target": 19, "source": 27}, {"op": "none", "target": 20, "source": 43}, {"op": "none", "target": 21, "source": 43}, {"op": "none", "target": 22, "source": 43}, {"op": "none", "target": 23, "source": 43}, {"op": "none", "target": 24, "source": 43}, {"op": "none", "target": 25, "source": 43}, {"op": "none", "target": 26, "source": 43}, {"op": "none", "target": 27, "source": 43}, {"op": "none", "target": 28, "source": 36}, {"op": "none", "target": 29, "source": 43}, {"op": "none", "target": 30, "source": 43}, {"op": "none", "target": 31, "source": 43}, {"op": "none", "target": 32, "source": 43}, {"op": "none", "target": 33, "source": 4}, {"op": "none", "target": 34, "source": 20}, {"op": "none", "target": 35, "source": 43}, {"op": "none", "target": 36, "source": 43}, {"op": "none", "target": 37, "source": 43}, {"op": "none", "target": 38, "source": 42}, {"op": "none", "target": 39, "source": 43}, {"op": "none", "target": 40, "source": 43}, {"op": "none", "target": 41, "source": 43}, {"op": "none", "target": 42, "source": 29}, {"op": "none", "target": 44, "source": 43}, {"op": "none", "target": 45, "source": 28}], "title": "_Boy_in_his_cardboard_X_Wing", "nodes": [{"id": "g1374_cyxy8w7", "comment": "[Battle of Hoth](http://i.imgur.com/aChbw3c.jpg)", "date": "2016-01-14 10:13:00", "seriesname": "g1374_cyxy8w7", "file": "/media/jbrogan4/scratch2/Reddit_Prov_Dataset_v6/_Boy_in_his_cardboard_X_Wing/g1374_cyxy8w7.jpg", "URL": "http://i.imgur.com/aChbw3c.jpg", "fileid": "g1374_cyxy8w7.jpg"}, {"id": "g1374_cyy6ze7", "comment": "[No. Try not. Do... or do not. There is no try. ](http://i.imgur.com/E129y72.jpg)", "date": "2016-01-14 13:38:59", "seriesname": "g1374_cyy6ze7", "file": "/media/jbrogan4/scratch2/Reddit_Prov_Dataset_v6/_Boy_in_his_cardboard_X_Wing/g1374_cyy6ze7.jpg", "URL": "http://i.imgur.com/E129y72.jpg", "fileid": "g1374_cyy6ze7.jpg"}, {"id": "g1374_cyybcae", "comment": "[Are you proud of me GrandPop?](http://imgur.com/9AhnhEY)", "date": "2016-01-14 15:16:53", "seriesname": "g1374_cyybcae", "file": "/media/jbrogan4/scratch2/Reddit_Prov_Dataset_v6/_Boy_in_his_cardboard_X_Wing/g1374_cyybcae.png", "URL": "http://i.imgur.com/9AhnhEY.png", "fileid": "g1374_cyybcae.png"}, {"id": "g1374_cyyc6dw", "comment": "[Used to be cannon.](http://i.imgur.com/BanjSYH.jpg)", "date": "2016-01-14 15:35:52", "seriesname": "g1374_cyyc6dw", "file": "/media/jbrogan4/scratch2/Reddit_Prov_Dataset_v6/_Boy_in_his_cardboard_X_Wing/g1374_cyyc6dw.jpg", "URL": "http://i.imgur.com/BanjSYH.jpg", "fileid": "g1374_cyyc6dw.jpg"}, {"id": "g1374_cyxxw2i", "comment": "[Imagination](http://imgur.com/bxRrfIc)", "date": "2016-01-14 10:03:01", "seriesname": "g1374_cyxxw2i", "file": "/media/jbrogan4/scratch2/Reddit_Prov_Dataset_v6/_Boy_in_his_cardboard_X_Wing/g1374_cyxxw2i.png", "URL": "http://i.imgur.com/bxRrfIc.png", "fileid": "g1374_cyxxw2i.png"}, {"id": "g1374_cyxy47u", "comment": "[Dismaland wasn't great and it wasn't bad](http://i.imgur.com/NIOnEy8.jpg)\n\n**Edit: [My first ever After Effects gif](http://i.imgur.com/Js7xUpt.gif)**", "date": "2016-01-14 10:09:24", "seriesname": "g1374_cyxy47u", "file": "/media/jbrogan4/scratch2/Reddit_Prov_Dataset_v6/_Boy_in_his_cardboard_X_Wing/g1374_cyxy47u.jpg", "URL": "http://i.imgur.com/Js7xUpt.gif)**", "fileid": "g1374_cyxy47u.gif**"}, {"id": "g1374_cyyapgd", "comment": "http://www.imgur.com/QTqCFvr.jpg coming in for landing", "date": "2016-01-14 15:02:28", "seriesname": "g1374_cyyapgd", "file": "/media/jbrogan4/scratch2/Reddit_Prov_Dataset_v6/_Boy_in_his_cardboard_X_Wing/g1374_cyyapgd.jpg", "URL": "http://www.imgur.com/QTqCFvr.jpg", "fileid": "g1374_cyyapgd.jpg"}, {"id": "g1374_cyybja6", "comment": "[For you!](http://imgur.com/EcbtGJF)", "date": "2016-01-14 15:21:15", "seriesname": "g1374_cyybja6", "file": "/media/jbrogan4/scratch2/Reddit_Prov_Dataset_v6/_Boy_in_his_cardboard_X_Wing/g1374_cyybja6.png", "URL": "http://i.imgur.com/EcbtGJF.png", "fileid": "g1374_cyybja6.png"}, {"id": "g1374_cyy0ntu", "comment": "[As you can see I know many things of your American Science Fiction](http://i.imgur.com/zJ8mDQm.jpg)", "date": "2016-01-14 11:14:47", "seriesname": "g1374_cyy0ntu", "file": "/media/jbrogan4/scratch2/Reddit_Prov_Dataset_v6/_Boy_in_his_cardboard_X_Wing/g1374_cyy0ntu.jpg", "URL": "http://i.imgur.com/zJ8mDQm.jpg", "fileid": "g1374_cyy0ntu.jpg"}, {"id": "g1374_cyxxgqq", "comment": "[Sir, how much have you had to drink tonight?](http://i.imgur.com/qlncZHp.jpg)", "date": "2016-01-14 09:51:02", "seriesname": "g1374_cyxxgqq", "file": "/media/jbrogan4/scratch2/Reddit_Prov_Dataset_v6/_Boy_in_his_cardboard_X_Wing/g1374_cyxxgqq.jpg", "URL": "http://i.imgur.com/qlncZHp.jpg", "fileid": "g1374_cyxxgqq.jpg"}, {"id": "g1374_cyz2fgk", "comment": "[Special Edition](http://i.imgur.com/uMlBXJ0l.jpg)", "date": "2016-01-15 05:52:45", "seriesname": "g1374_cyz2fgk", "file": "/media/jbrogan4/scratch2/Reddit_Prov_Dataset_v6/_Boy_in_his_cardboard_X_Wing/g1374_cyz2fgk.jpg", "URL": "http://i.imgur.com/uMlBXJ0l.jpg", "fileid": "g1374_cyz2fgk.jpg"}, {"id": "g1374_cyxvgfz", "comment": " http://i.imgur.com/gt5MAto.jpg ", "date": "2016-01-14 08:46:52", "seriesname": "g1374_cyxvgfz", "file": "/media/jbrogan4/scratch2/Reddit_Prov_Dataset_v6/_Boy_in_his_cardboard_X_Wing/g1374_cyxvgfz.jpg", "URL": "http://i.imgur.com/gt5MAto.jpg", "fileid": "g1374_cyxvgfz.jpg"}, {"id": "g1374_cyxve2e", "comment": "[Into the movie](http://i.imgur.com/84BCavJ.jpg)", "date": "2016-01-14 08:44:30", "seriesname": "g1374_cyxve2e", "file": "/media/jbrogan4/scratch2/Reddit_Prov_Dataset_v6/_Boy_in_his_cardboard_X_Wing/g1374_cyxve2e.jpg", "URL": "http://i.imgur.com/84BCavJ.jpg", "fileid": "g1374_cyxve2e.jpg"}, {"id": "g1374_cyy6dou", "comment": "[On your six!!!](http://i.imgur.com/jWBFrxm.jpg)", "date": "2016-01-14 13:26:00", "seriesname": "g1374_cyy6dou", "file": "/media/jbrogan4/scratch2/Reddit_Prov_Dataset_v6/_Boy_in_his_cardboard_X_Wing/g1374_cyy6dou.jpg", "URL": "http://i.imgur.com/jWBFrxm.jpg", "fileid": "g1374_cyy6dou.jpg"}, {"id": "g1374_cyyb7f4", "comment": "[I added a background with at right scale](http://i.imgur.com/1Qq7thb.jpg)\n\n[cutout version if someone has a background idea](http://i.imgur.com/BshltGl.png)", "date": "2016-01-14 15:13:47", "seriesname": "g1374_cyyb7f4", "file": "/media/jbrogan4/scratch2/Reddit_Prov_Dataset_v6/_Boy_in_his_cardboard_X_Wing/g1374_cyyb7f4.png", "URL": "http://i.imgur.com/BshltGl.png", "fileid": "g1374_cyyb7f4.png"}, {"id": "g1374_cyyg2w7", "comment": "Reddit: http://i.imgur.com/1TASvLr.jpg", "date": "2016-01-14 17:04:23", "seriesname": "g1374_cyyg2w7", "file": "/media/jbrogan4/scratch2/Reddit_Prov_Dataset_v6/_Boy_in_his_cardboard_X_Wing/g1374_cyyg2w7.jpg", "URL": "http://i.imgur.com/1TASvLr.jpg", "fileid": "g1374_cyyg2w7.jpg"}, {"id": "g1374_cyxz81h", "comment": "[Imgur](http://i.imgur.com/Zp4saBK.jpg)", "date": "2016-01-14 10:38:38", "seriesname": "g1374_cyxz81h", "file": "/media/jbrogan4/scratch2/Reddit_Prov_Dataset_v6/_Boy_in_his_cardboard_X_Wing/g1374_cyxz81h.jpg", "URL": "http://i.imgur.com/Zp4saBK.jpg", "fileid": "g1374_cyxz81h.jpg"}, {"id": "g1374_cyych3q", "comment": "[Imagination from a different perspective](http://i.imgur.com/792gDIs.jpg)", "date": "2016-01-14 15:42:36", "seriesname": "g1374_cyych3q", "file": "/media/jbrogan4/scratch2/Reddit_Prov_Dataset_v6/_Boy_in_his_cardboard_X_Wing/g1374_cyych3q.jpg", "URL": "http://i.imgur.com/792gDIs.jpg", "fileid": "g1374_cyych3q.jpg"}, {"id": "g1374_cyxw1jm", "comment": "[Any Top Gear Fans?](http://i.imgur.com/1TASvLr.jpg)", "date": "2016-01-14 09:07:04", "seriesname": "g1374_cyxw1jm", "file": "/media/jbrogan4/scratch2/Reddit_Prov_Dataset_v6/_Boy_in_his_cardboard_X_Wing/g1374_cyxw1jm.jpg", "URL": "http://i.imgur.com/1TASvLr.jpg", "fileid": "g1374_cyxw1jm.jpg"}, {"id": "g1374_cyxzio5", "comment": "http://i.imgur.com/Soh5pQD.jpg", "date": "2016-01-14 10:46:19", "seriesname": "g1374_cyxzio5", "file": "/media/jbrogan4/scratch2/Reddit_Prov_Dataset_v6/_Boy_in_his_cardboard_X_Wing/g1374_cyxzio5.jpg", "URL": "http://i.imgur.com/Soh5pQD.jpg", "fileid": "g1374_cyxzio5.jpg"}, {"id": "g1374_cyxz8tz", "comment": "[Cardboard Wars](http://i.imgur.com/hulXhGY.jpg)", "date": "2016-01-14 10:39:11", "seriesname": "g1374_cyxz8tz", "file": "/media/jbrogan4/scratch2/Reddit_Prov_Dataset_v6/_Boy_in_his_cardboard_X_Wing/g1374_cyxz8tz.jpg", "URL": "http://i.imgur.com/hulXhGY.jpg", "fileid": "g1374_cyxz8tz.jpg"}, {"id": "g1374_cyy7oer", "comment": "i think this is the wrong universe.\n\nhttp://i.imgur.com/d9neKIo.jpg?1", "date": "2016-01-14 13:54:04", "seriesname": "g1374_cyy7oer", "file": "/media/jbrogan4/scratch2/Reddit_Prov_Dataset_v6/_Boy_in_his_cardboard_X_Wing/g1374_cyy7oer.jpg", "URL": "http://i.imgur.com/d9neKIo.jpg?1", "fileid": "g1374_cyy7oer.jpg"}, {"id": "g1374_cyy1zqr", "comment": "[Boy in his cardboard AT-AT](http://i.imgur.com/fA1VFqF.jpg)", "date": "2016-01-14 11:46:43", "seriesname": "g1374_cyy1zqr", "file": "/media/jbrogan4/scratch2/Reddit_Prov_Dataset_v6/_Boy_in_his_cardboard_X_Wing/g1374_cyy1zqr.jpg", "URL": "http://i.imgur.com/fA1VFqF.jpg", "fileid": "g1374_cyy1zqr.jpg"}, {"id": "g1374_cyy65j8", "comment": "[How it feels to chew 5 gum](http://i.imgur.com/FB5Szds.jpg)", "date": "2016-01-14 13:21:07", "seriesname": "g1374_cyy65j8", "file": "/media/jbrogan4/scratch2/Reddit_Prov_Dataset_v6/_Boy_in_his_cardboard_X_Wing/g1374_cyy65j8.jpg", "URL": "http://i.imgur.com/FB5Szds.jpg", "fileid": "g1374_cyy65j8.jpg"}, {"id": "g1374_cyy26ac", "comment": "Because it hadn't been done yet:\n\n[Driving](http://i.imgur.com/gvHp8X2.png)\n\n[Riding Shotgun](http://i.imgur.com/4CF2w7O.png)", "date": "2016-01-14 11:51:00", "seriesname": "g1374_cyy26ac", "file": "/media/jbrogan4/scratch2/Reddit_Prov_Dataset_v6/_Boy_in_his_cardboard_X_Wing/g1374_cyy26ac.png", "URL": "http://i.imgur.com/4CF2w7O.png", "fileid": "g1374_cyy26ac.png"}, {"id": "g1374_cyxw8t1", "comment": "[A New Hope.jpg](https://i.imgur.com/X2lFu87.jpg)", "date": "2016-01-14 09:13:36", "seriesname": "g1374_cyxw8t1", "file": "/media/jbrogan4/scratch2/Reddit_Prov_Dataset_v6/_Boy_in_his_cardboard_X_Wing/g1374_cyxw8t1.jpg", "URL": "https://i.imgur.com/X2lFu87.jpg", "fileid": "g1374_cyxw8t1.jpg"}, {"id": "g1374_cyxyn42", "comment": "[Holy shit! Kid, look out!](http://i.imgur.com/wboO4A8.jpg)", "date": "2016-01-14 10:23:31", "seriesname": "g1374_cyxyn42", "file": "/media/jbrogan4/scratch2/Reddit_Prov_Dataset_v6/_Boy_in_his_cardboard_X_Wing/g1374_cyxyn42.jpg", "URL": "http://i.imgur.com/wboO4A8.jpg", "fileid": "g1374_cyxyn42.jpg"}, {"id": "g1374_cyxwls9", "comment": "[Pew! Pew!](http://i.imgur.com/2P0c3ZZ.gifv)\n\nEdit: Bonus.\n\n[That's not reddit gold!!!! That's a... oh, wait. That *is* the reddit gold I was looking for.](http://i.imgur.com/2cM0e48.gif)\n\nThank you for the delicious gold, /u/unreqistered!", "date": "2016-01-14 09:25:10", "seriesname": "g1374_cyxwls9", "file": "/media/jbrogan4/scratch2/Reddit_Prov_Dataset_v6/_Boy_in_his_cardboard_X_Wing/g1374_cyxwls9.jpg", "URL": "http://i.imgur.com/2cM0e48.gif", "fileid": "g1374_cyxwls9.gif"}, {"id": "g1374_cyy1f83", "comment": "[Opportunity seized](http://i.imgur.com/q99WTx6.png)", "date": "2016-01-14 11:33:22", "seriesname": "g1374_cyy1f83", "file": "/media/jbrogan4/scratch2/Reddit_Prov_Dataset_v6/_Boy_in_his_cardboard_X_Wing/g1374_cyy1f83.png", "URL": "http://i.imgur.com/q99WTx6.png", "fileid": "g1374_cyy1f83.png"}, {"id": "g1374_cyxz5ho", "comment": "[PIMP MY RIDE: Kidz edition!](http://i.imgur.com/7SlAC4O.jpg)", "date": "2016-01-14 10:36:50", "seriesname": "g1374_cyxz5ho", "file": "/media/jbrogan4/scratch2/Reddit_Prov_Dataset_v6/_Boy_in_his_cardboard_X_Wing/g1374_cyxz5ho.jpg", "URL": "http://i.imgur.com/7SlAC4O.jpg", "fileid": "g1374_cyxz5ho.jpg"}, {"id": "g1374_cyyeex5", "comment": "http://i.imgur.com/l7MGqbx.jpg?1", "date": "2016-01-14 16:26:09", "seriesname": "g1374_cyyeex5", "file": "/media/jbrogan4/scratch2/Reddit_Prov_Dataset_v6/_Boy_in_his_cardboard_X_Wing/g1374_cyyeex5.jpg", "URL": "http://i.imgur.com/l7MGqbx.jpg?1", "fileid": "g1374_cyyeex5.jpg"}, {"id": "g1374_cyyai60", "comment": "[Stormtrooper Boy in his cardboard Airplane](http://imgur.com/Li90Lti)", "date": "2016-01-14 14:57:52", "seriesname": "g1374_cyyai60", "file": "/media/jbrogan4/scratch2/Reddit_Prov_Dataset_v6/_Boy_in_his_cardboard_X_Wing/g1374_cyyai60.png", "URL": "http://i.imgur.com/Li90Lti.png", "fileid": "g1374_cyyai60.png"}, {"id": "g1374_cyy29v7", "comment": "[I knew it.](http://imgur.com/6FMQSTd)", "date": "2016-01-14 11:53:21", "seriesname": "g1374_cyy29v7", "file": "/media/jbrogan4/scratch2/Reddit_Prov_Dataset_v6/_Boy_in_his_cardboard_X_Wing/g1374_cyy29v7.png", "URL": "http://i.imgur.com/6FMQSTd.png", "fileid": "g1374_cyy29v7.png"}, {"id": "g1374_cyyhgzd", "comment": "I am his dad and this is incredible! I gave my friend /u/technobass permission to post but never thought it would blow up like this. /r/photoshopbattles is amazing!!  Proof:http://i.imgur.com/LLYJKei.jpg", "date": "2016-01-14 17:37:19", "seriesname": "g1374_cyyhgzd", "file": "/media/jbrogan4/scratch2/Reddit_Prov_Dataset_v6/_Boy_in_his_cardboard_X_Wing/g1374_cyyhgzd.jpg", "URL": "http://i.imgur.com/LLYJKei.jpg", "fileid": "g1374_cyyhgzd.jpg"}, {"id": "g1374_cyylvb2", "comment": "Awesome, here is his. https://m.imgur.com/a/pR2FJ", "date": "2016-01-14 19:31:42", "seriesname": "g1374_cyylvb2", "file": "/media/jbrogan4/scratch2/Reddit_Prov_Dataset_v6/_Boy_in_his_cardboard_X_Wing/g1374_cyylvb2.png", "URL": "http://i.imgur.com/pR2FJ.png", "fileid": "g1374_cyylvb2.png"}, {"id": "g1374_cyy1j54", "comment": "[Ww2 battle](http://imgur.com/4UJWhcX)", "date": "2016-01-14 11:35:58", "seriesname": "g1374_cyy1j54", "file": "/media/jbrogan4/scratch2/Reddit_Prov_Dataset_v6/_Boy_in_his_cardboard_X_Wing/g1374_cyy1j54.png", "URL": "http://i.imgur.com/4UJWhcX.png", "fileid": "g1374_cyy1j54.png"}, {"id": "g1374_cyxyl75", "comment": "[Collect the whole fleet - Fisher Price](http://i.imgur.com/miu7O90.png)", "date": "2016-01-14 10:22:05", "seriesname": "g1374_cyxyl75", "file": "/media/jbrogan4/scratch2/Reddit_Prov_Dataset_v6/_Boy_in_his_cardboard_X_Wing/g1374_cyxyl75.png", "URL": "http://i.imgur.com/miu7O90.png", "fileid": "g1374_cyxyl75.png"}, {"id": "g1374_cyy96n6", "comment": "[incoming fleet](http://imgur.com/E7NkgDw)", "date": "2016-01-14 14:27:48", "seriesname": "g1374_cyy96n6", "file": "/media/jbrogan4/scratch2/Reddit_Prov_Dataset_v6/_Boy_in_his_cardboard_X_Wing/g1374_cyy96n6.png", "URL": "http://i.imgur.com/E7NkgDw.png", "fileid": "g1374_cyy96n6.png"}, {"id": "g1374_cyy55fx", "comment": "the original (pic I used) was for the Super Nintendo but yeah, they did make one for the [N64](http://img.gamefaqs.net/box/8/4/0/3840_front.jpg)", "date": "2016-01-14 12:59:08", "seriesname": "g1374_cyy55fx", "file": "/media/jbrogan4/scratch2/Reddit_Prov_Dataset_v6/_Boy_in_his_cardboard_X_Wing/g1374_cyy55fx.jpg", "URL": "http://img.gamefaqs.net/box/8/4/0/3840_front.jpg", "fileid": "g1374_cyy55fx.jpg"}, {"id": "g1374_cyy3ujt", "comment": "[My favorite quote from Steven Spielberg's The Matrix](http://i.imgur.com/0TFNLAR.jpg)", "date": "2016-01-14 12:29:36", "seriesname": "g1374_cyy3ujt", "file": "/media/jbrogan4/scratch2/Reddit_Prov_Dataset_v6/_Boy_in_his_cardboard_X_Wing/g1374_cyy3ujt.jpg", "URL": "http://i.imgur.com/0TFNLAR.jpg", "fileid": "g1374_cyy3ujt.jpg"}, {"id": "g1374_cyy11lq", "comment": "[Wow, Poe Dameron really can fly anything...](http://i.imgur.com/l0uLuq8.jpg)", "date": "2016-01-14 11:24:14", "seriesname": "g1374_cyy11lq", "file": "/media/jbrogan4/scratch2/Reddit_Prov_Dataset_v6/_Boy_in_his_cardboard_X_Wing/g1374_cyy11lq.jpg", "URL": "http://i.imgur.com/l0uLuq8.jpg", "fileid": "g1374_cyy11lq.jpg"}, {"id": "g1374_cyy69b9", "comment": "[Battle of Endor](http://i.imgur.com/O0wKa1n.jpg)\n  \nIf you're reading this, good on you kid. Keep it up. This thread is an homage to imagination.", "date": "2016-01-14 13:23:22", "seriesname": "g1374_cyy69b9", "file": "/media/jbrogan4/scratch2/Reddit_Prov_Dataset_v6/_Boy_in_his_cardboard_X_Wing/g1374_cyy69b9.jpg", "URL": "http://i.imgur.com/O0wKa1n.jpg", "fileid": "g1374_cyy69b9.jpg"}, {"id": "g1374_cyy2yra", "comment": "[F-Zero](http://i.imgur.com/qKUlEEC.jpg)", "date": "2016-01-14 12:09:19", "seriesname": "g1374_cyy2yra", "file": "/media/jbrogan4/scratch2/Reddit_Prov_Dataset_v6/_Boy_in_his_cardboard_X_Wing/g1374_cyy2yra.jpg", "URL": "http://i.imgur.com/qKUlEEC.jpg", "fileid": "g1374_cyy2yra.jpg"}, {"id": "g1374_root", "comment": "", "date": "2016-01-14 07:37:07", "seriesname": "g1374_root", "file": "/media/jbrogan4/scratch2/Reddit_Prov_Dataset_v6/_Boy_in_his_cardboard_X_Wing/g1374_root.jpg", "URL": "http://i.imgur.com/M3rUd2o.jpg", "fileid": "g1374_root.jpg"}, {"id": "g1374_cyy175p", "comment": "[in his mind](http://i.imgur.com/PMfuSOJ.jpg)", "date": "2016-01-14 11:27:56", "seriesname": "g1374_cyy175p", "file": "/media/jbrogan4/scratch2/Reddit_Prov_Dataset_v6/_Boy_in_his_cardboard_X_Wing/g1374_cyy175p.jpg", "URL": "http://i.imgur.com/PMfuSOJ.jpg", "fileid": "g1374_cyy175p.jpg"}, {"id": "g1374_cyy6jh4", "comment": "[* Action Figures Sold Separately](http://i.imgur.com/gUgEY4r.jpg)", "date": "2016-01-14 13:29:30", "seriesname": "g1374_cyy6jh4", "file": "/media/jbrogan4/scratch2/Reddit_Prov_Dataset_v6/_Boy_in_his_cardboard_X_Wing/g1374_cyy6jh4.jpg", "URL": "http://i.imgur.com/gUgEY4r.jpg", "fileid": "g1374_cyy6jh4.jpg"}], "graph": {"name": "g1374_root"}, "directed": true}