{"links": [{"op": "none", "target": 0, "source": 45}, {"op": "none", "target": 1, "source": 45}, {"op": "none", "target": 2, "source": 45}, {"op": "none", "target": 3, "source": 45}, {"op": "none", "target": 4, "source": 45}, {"op": "none", "target": 5, "source": 45}, {"op": "none", "target": 6, "source": 45}, {"op": "none", "target": 7, "source": 45}, {"op": "none", "target": 8, "source": 2}, {"op": "none", "target": 9, "source": 45}, {"op": "none", "target": 10, "source": 45}, {"op": "none", "target": 11, "source": 45}, {"op": "none", "target": 12, "source": 45}, {"op": "none", "target": 13, "source": 45}, {"op": "none", "target": 14, "source": 45}, {"op": "none", "target": 15, "source": 31}, {"op": "none", "target": 16, "source": 37}, {"op": "none", "target": 17, "source": 45}, {"op": "none", "target": 18, "source": 45}, {"op": "none", "target": 19, "source": 10}, {"op": "none", "target": 20, "source": 45}, {"op": "none", "target": 21, "source": 17}, {"op": "none", "target": 22, "source": 45}, {"op": "none", "target": 23, "source": 45}, {"op": "none", "target": 24, "source": 45}, {"op": "none", "target": 25, "source": 45}, {"op": "none", "target": 26, "source": 45}, {"op": "none", "target": 27, "source": 45}, {"op": "none", "target": 28, "source": 45}, {"op": "none", "target": 29, "source": 45}, {"op": "none", "target": 30, "source": 45}, {"op": "none", "target": 31, "source": 45}, {"op": "none", "target": 32, "source": 45}, {"op": "none", "target": 33, "source": 45}, {"op": "none", "target": 34, "source": 45}, {"op": "none", "target": 35, "source": 45}, {"op": "none", "target": 36, "source": 45}, {"op": "none", "target": 37, "source": 45}, {"op": "none", "target": 38, "source": 45}, {"op": "none", "target": 39, "source": 2}, {"op": "none", "target": 40, "source": 45}, {"op": "none", "target": 41, "source": 45}, {"op": "none", "target": 42, "source": 45}, {"op": "none", "target": 43, "source": 45}, {"op": "none", "target": 44, "source": 45}, {"op": "none", "target": 46, "source": 45}, {"op": "none", "target": 47, "source": 45}], "title": "_My_tortoise_trying_to_eat_a_bolt", "nodes": [{"id": "g1389_coe3t63", "comment": "[Fighting Godzilla](http://i.imgur.com/dsubv1c.jpg)", "date": "2015-02-07 10:32:16", "seriesname": "g1389_coe3t63", "file": "/media/jbrogan4/scratch2/Reddit_Prov_Dataset_v6/_My_tortoise_trying_to_eat_a_bolt/g1389_coe3t63.jpg", "URL": "http://i.imgur.com/dsubv1c.jpg", "fileid": "g1389_coe3t63.jpg"}, {"id": "g1389_coe7l1p", "comment": "[Young Love](http://i.imgur.com/ZYz8X13.jpg)", "date": "2015-02-07 12:48:44", "seriesname": "g1389_coe7l1p", "file": "/media/jbrogan4/scratch2/Reddit_Prov_Dataset_v6/_My_tortoise_trying_to_eat_a_bolt/g1389_coe7l1p.jpg", "URL": "http://i.imgur.com/ZYz8X13.jpg", "fileid": "g1389_coe7l1p.jpg"}, {"id": "g1389_coe7j6j", "comment": "[spending time with the kids](http://imgur.com/wmUdnC1)", "date": "2015-02-07 12:46:57", "seriesname": "g1389_coe7j6j", "file": "/media/jbrogan4/scratch2/Reddit_Prov_Dataset_v6/_My_tortoise_trying_to_eat_a_bolt/g1389_coe7j6j.png", "URL": "http://i.imgur.com/wmUdnC1.png", "fileid": "g1389_coe7j6j.png"}, {"id": "g1389_coeaej9", "comment": "[Woah That's High](http://imgur.com/vojmumf)", "date": "2015-02-07 14:23:17", "seriesname": "g1389_coeaej9", "file": "/media/jbrogan4/scratch2/Reddit_Prov_Dataset_v6/_My_tortoise_trying_to_eat_a_bolt/g1389_coeaej9.png", "URL": "http://i.imgur.com/vojmumf.png", "fileid": "g1389_coeaej9.png"}, {"id": "g1389_coe957u", "comment": "[true ninja turtle](http://i.imgur.com/9JjPmab.jpg)", "date": "2015-02-07 13:41:22", "seriesname": "g1389_coe957u", "file": "/media/jbrogan4/scratch2/Reddit_Prov_Dataset_v6/_My_tortoise_trying_to_eat_a_bolt/g1389_coe957u.jpg", "URL": "http://i.imgur.com/9JjPmab.jpg", "fileid": "g1389_coe957u.jpg"}, {"id": "g1389_coeaduq", "comment": "[Two correspondents are better than one](http://i.imgur.com/Ryl2D1k.jpg)", "date": "2015-02-07 14:22:44", "seriesname": "g1389_coeaduq", "file": "/media/jbrogan4/scratch2/Reddit_Prov_Dataset_v6/_My_tortoise_trying_to_eat_a_bolt/g1389_coeaduq.jpg", "URL": "http://i.imgur.com/Ryl2D1k.jpg", "fileid": "g1389_coeaduq.jpg"}, {"id": "g1389_coea5d8", "comment": "[LIVE on Senate floor: \"Today I RECLAIM the good name of our PEOPLE!!\"](http://i.imgur.com/AGZUjrt.jpg)", "date": "2015-02-07 14:14:45", "seriesname": "g1389_coea5d8", "file": "/media/jbrogan4/scratch2/Reddit_Prov_Dataset_v6/_My_tortoise_trying_to_eat_a_bolt/g1389_coea5d8.jpg", "URL": "http://i.imgur.com/AGZUjrt.jpg", "fileid": "g1389_coea5d8.jpg"}, {"id": "g1389_coe6ak0", "comment": "[I'm a fucking turtle and I wont even eat this shit!!](http://i.imgur.com/WyY28F0.jpg)", "date": "2015-02-07 12:04:01", "seriesname": "g1389_coe6ak0", "file": "/media/jbrogan4/scratch2/Reddit_Prov_Dataset_v6/_My_tortoise_trying_to_eat_a_bolt/g1389_coe6ak0.jpg", "URL": "http://i.imgur.com/WyY28F0.jpg", "fileid": "g1389_coe6ak0.jpg"}, {"id": "g1389_coe8h79", "comment": "[Barack Obama](http://i.imgur.com/YE2ZSQX.jpg?1)", "date": "2015-02-07 13:19:15", "seriesname": "g1389_coe8h79", "file": "/media/jbrogan4/scratch2/Reddit_Prov_Dataset_v6/_My_tortoise_trying_to_eat_a_bolt/g1389_coe8h79.jpg", "URL": "http://i.imgur.com/YE2ZSQX.jpg?1", "fileid": "g1389_coe8h79.jpg"}, {"id": "g1389_coedhpx", "comment": "For all the Terry Pratchett fans out there. [the Discworld](http://i.imgur.com/GmPkeNJ.jpg)", "date": "2015-02-07 16:08:16", "seriesname": "g1389_coedhpx", "file": "/media/jbrogan4/scratch2/Reddit_Prov_Dataset_v6/_My_tortoise_trying_to_eat_a_bolt/g1389_coedhpx.jpg", "URL": "http://i.imgur.com/GmPkeNJ.jpg", "fileid": "g1389_coedhpx.jpg"}, {"id": "g1389_coe9kty", "comment": "[Dovahkiin vs Turtlein](http://i.imgur.com/luTbxuc.jpg)", "date": "2015-02-07 13:55:49", "seriesname": "g1389_coe9kty", "file": "/media/jbrogan4/scratch2/Reddit_Prov_Dataset_v6/_My_tortoise_trying_to_eat_a_bolt/g1389_coe9kty.jpg", "URL": "http://i.imgur.com/luTbxuc.jpg", "fileid": "g1389_coe9kty.jpg"}, {"id": "g1389_coe6vp6", "comment": "[An Intense Naval Battle](http://i.imgur.com/U4vEGGZ.jpg?1)", "date": "2015-02-07 12:24:16", "seriesname": "g1389_coe6vp6", "file": "/media/jbrogan4/scratch2/Reddit_Prov_Dataset_v6/_My_tortoise_trying_to_eat_a_bolt/g1389_coe6vp6.jpg", "URL": "http://i.imgur.com/U4vEGGZ.jpg?1", "fileid": "g1389_coe6vp6.jpg"}, {"id": "g1389_coe8ig7", "comment": "[Halo Jump](http://i.imgur.com/2vJuq10.jpg)\n\nEdit: somehow I didn't like that logo, so [there](http://i.imgur.com/JkAoqul.jpg). And with [Godzilla above](http://i.imgur.com/p8Y1yU1.jpg).", "date": "2015-02-07 13:20:26", "seriesname": "g1389_coe8ig7", "file": "/media/jbrogan4/scratch2/Reddit_Prov_Dataset_v6/_My_tortoise_trying_to_eat_a_bolt/g1389_coe8ig7.jpg", "URL": "http://i.imgur.com/p8Y1yU1.jpg).", "fileid": "g1389_coe8ig7."}, {"id": "g1389_coeat6u", "comment": "[Am I not turtley enough for the turtle club?](http://i.imgur.com/EVYk0Xt.jpg)", "date": "2015-02-07 14:36:39", "seriesname": "g1389_coeat6u", "file": "/media/jbrogan4/scratch2/Reddit_Prov_Dataset_v6/_My_tortoise_trying_to_eat_a_bolt/g1389_coeat6u.jpg", "URL": "http://i.imgur.com/EVYk0Xt.jpg", "fileid": "g1389_coeat6u.jpg"}, {"id": "g1389_coeei1y", "comment": "[Aphex Tortoise](http://i.imgur.com/DYAPhXF.jpg)", "date": "2015-02-07 16:43:38", "seriesname": "g1389_coeei1y", "file": "/media/jbrogan4/scratch2/Reddit_Prov_Dataset_v6/_My_tortoise_trying_to_eat_a_bolt/g1389_coeei1y.jpg", "URL": "http://i.imgur.com/DYAPhXF.jpg", "fileid": "g1389_coeei1y.jpg"}, {"id": "g1389_coe5irr", "comment": "[Done](http://i.imgur.com/HqeEYDi.jpg)", "date": "2015-02-07 11:37:55", "seriesname": "g1389_coe5irr", "file": "/media/jbrogan4/scratch2/Reddit_Prov_Dataset_v6/_My_tortoise_trying_to_eat_a_bolt/g1389_coe5irr.jpg", "URL": "http://i.imgur.com/HqeEYDi.jpg", "fileid": "g1389_coe5irr.jpg"}, {"id": "g1389_coeaxpu", "comment": "Here's a transparent version you can use http://i.imgur.com/0Hmbvit.gif", "date": "2015-02-07 14:40:49", "seriesname": "g1389_coeaxpu", "file": "/media/jbrogan4/scratch2/Reddit_Prov_Dataset_v6/_My_tortoise_trying_to_eat_a_bolt/g1389_coeaxpu.jpg", "URL": "http://i.imgur.com/0Hmbvit.gif", "fileid": "g1389_coeaxpu.gif"}, {"id": "g1389_coebd3n", "comment": "[My tortoise trying to be the world.](http://imgur.com/ZTBXED6)", "date": "2015-02-07 14:55:05", "seriesname": "g1389_coebd3n", "file": "/media/jbrogan4/scratch2/Reddit_Prov_Dataset_v6/_My_tortoise_trying_to_eat_a_bolt/g1389_coebd3n.png", "URL": "http://i.imgur.com/ZTBXED6.png", "fileid": "g1389_coebd3n.png"}, {"id": "g1389_coe6rdh", "comment": "[Leonardo struggling at 3 sword style!](https://i.imgur.com/gt2NXPi.jpg)", "date": "2015-02-07 12:20:07", "seriesname": "g1389_coe6rdh", "file": "/media/jbrogan4/scratch2/Reddit_Prov_Dataset_v6/_My_tortoise_trying_to_eat_a_bolt/g1389_coe6rdh.jpg", "URL": "https://i.imgur.com/gt2NXPi.jpg", "fileid": "g1389_coe6rdh.jpg"}, {"id": "g1389_cof0i3g", "comment": "[here](http://i.imgur.com/vmRZhHy.jpg) you go", "date": "2015-02-08 10:43:38", "seriesname": "g1389_cof0i3g", "file": "/media/jbrogan4/scratch2/Reddit_Prov_Dataset_v6/_My_tortoise_trying_to_eat_a_bolt/g1389_cof0i3g.jpg", "URL": "http://i.imgur.com/vmRZhHy.jpg", "fileid": "g1389_cof0i3g.jpg"}, {"id": "g1389_coefq5n", "comment": "[let go of me](http://i.imgur.com/xOcFW9x.jpg)", "date": "2015-02-07 17:27:01", "seriesname": "g1389_coefq5n", "file": "/media/jbrogan4/scratch2/Reddit_Prov_Dataset_v6/_My_tortoise_trying_to_eat_a_bolt/g1389_coefq5n.jpg", "URL": "http://i.imgur.com/xOcFW9x.jpg", "fileid": "g1389_coefq5n.jpg"}, {"id": "g1389_coedtzz", "comment": "oh, dammit. I wish I had seen this [before I made mine. ](http://i.imgur.com/GmPkeNJ.jpg)", "date": "2015-02-07 16:20:03", "seriesname": "g1389_coedtzz", "file": "/media/jbrogan4/scratch2/Reddit_Prov_Dataset_v6/_My_tortoise_trying_to_eat_a_bolt/g1389_coedtzz.jpg", "URL": "http://i.imgur.com/GmPkeNJ.jpg", "fileid": "g1389_coedtzz.jpg"}, {"id": "g1389_coe6f54", "comment": "[Wazzup](http://i.imgur.com/wiUmArh.jpg)", "date": "2015-02-07 12:08:32", "seriesname": "g1389_coe6f54", "file": "/media/jbrogan4/scratch2/Reddit_Prov_Dataset_v6/_My_tortoise_trying_to_eat_a_bolt/g1389_coe6f54.jpg", "URL": "http://i.imgur.com/wiUmArh.jpg", "fileid": "g1389_coe6f54.jpg"}, {"id": "g1389_coecdsp", "comment": "[Oh God What Have I Done..] (http://i.imgur.com/MC98Uo8.jpg)", "date": "2015-02-07 15:29:28", "seriesname": "g1389_coecdsp", "file": "/media/jbrogan4/scratch2/Reddit_Prov_Dataset_v6/_My_tortoise_trying_to_eat_a_bolt/g1389_coecdsp.jpg", "URL": "http://i.imgur.com/MC98Uo8.jpg", "fileid": "g1389_coecdsp.jpg"}, {"id": "g1389_coecfit", "comment": "[raphael](http://i.imgur.com/Ff000PX.jpg)", "date": "2015-02-07 15:31:09", "seriesname": "g1389_coecfit", "file": "/media/jbrogan4/scratch2/Reddit_Prov_Dataset_v6/_My_tortoise_trying_to_eat_a_bolt/g1389_coecfit.jpg", "URL": "http://i.imgur.com/Ff000PX.jpg", "fileid": "g1389_coecfit.jpg"}, {"id": "g1389_coe8h4k", "comment": "Where is the [dovahkiin](http://i.imgur.com/E2U9Vxt.jpg) when you need him.", "date": "2015-02-07 13:19:11", "seriesname": "g1389_coe8h4k", "file": "/media/jbrogan4/scratch2/Reddit_Prov_Dataset_v6/_My_tortoise_trying_to_eat_a_bolt/g1389_coe8h4k.jpg", "URL": "http://i.imgur.com/E2U9Vxt.jpg", "fileid": "g1389_coe8h4k.jpg"}, {"id": "g1389_coeqjad", "comment": "[I knew I recognized that turtle!](https://i.imgur.com/LEY5sgd.jpg)", "date": "2015-02-08 00:04:34", "seriesname": "g1389_coeqjad", "file": "/media/jbrogan4/scratch2/Reddit_Prov_Dataset_v6/_My_tortoise_trying_to_eat_a_bolt/g1389_coeqjad.jpg", "URL": "https://i.imgur.com/LEY5sgd.jpg", "fileid": "g1389_coeqjad.jpg"}, {"id": "g1389_coebvz5", "comment": "[They crave that mineral.](http://i.imgur.com/a5GaJbb.jpg)\n\n(I'm so sorry.)", "date": "2015-02-07 15:12:30", "seriesname": "g1389_coebvz5", "file": "/media/jbrogan4/scratch2/Reddit_Prov_Dataset_v6/_My_tortoise_trying_to_eat_a_bolt/g1389_coebvz5.jpg", "URL": "http://i.imgur.com/a5GaJbb.jpg", "fileid": "g1389_coebvz5.jpg"}, {"id": "g1389_coe81c8", "comment": "[\"The snozberries taste like snozberries!\"](http://i.imgur.com/8EHy78U.png)\n\n\n", "date": "2015-02-07 13:04:09", "seriesname": "g1389_coe81c8", "file": "/media/jbrogan4/scratch2/Reddit_Prov_Dataset_v6/_My_tortoise_trying_to_eat_a_bolt/g1389_coe81c8.png", "URL": "http://i.imgur.com/8EHy78U.png", "fileid": "g1389_coe81c8.png"}, {"id": "g1389_coe5z8a", "comment": "[yup](http://i.imgur.com/XBX9rff.jpg)", "date": "2015-02-07 11:53:22", "seriesname": "g1389_coe5z8a", "file": "/media/jbrogan4/scratch2/Reddit_Prov_Dataset_v6/_My_tortoise_trying_to_eat_a_bolt/g1389_coe5z8a.jpg", "URL": "http://i.imgur.com/XBX9rff.jpg", "fileid": "g1389_coe5z8a.jpg"}, {"id": "g1389_coeaay3", "comment": "/u/Chomas - [Such an adventurer!](http://i.imgur.com/s3xypGy.jpg)", "date": "2015-02-07 14:19:59", "seriesname": "g1389_coeaay3", "file": "/media/jbrogan4/scratch2/Reddit_Prov_Dataset_v6/_My_tortoise_trying_to_eat_a_bolt/g1389_coeaay3.jpg", "URL": "http://i.imgur.com/s3xypGy.jpg", "fileid": "g1389_coeaay3.jpg"}, {"id": "g1389_coe53nn", "comment": "[My try](http://i.imgur.com/4oNGNlv.jpg)\n\nedit: [Now with face swap](http://i.imgur.com/HqeEYDi.jpg)", "date": "2015-02-07 11:23:33", "seriesname": "g1389_coe53nn", "file": "/media/jbrogan4/scratch2/Reddit_Prov_Dataset_v6/_My_tortoise_trying_to_eat_a_bolt/g1389_coe53nn.jpg", "URL": "http://i.imgur.com/HqeEYDi.jpg", "fileid": "g1389_coe53nn.jpg"}, {"id": "g1389_coe4ngr", "comment": "[My tortoise trying to eat the world.](http://i.imgur.com/L0gX762.png)", "date": "2015-02-07 11:06:30", "seriesname": "g1389_coe4ngr", "file": "/media/jbrogan4/scratch2/Reddit_Prov_Dataset_v6/_My_tortoise_trying_to_eat_a_bolt/g1389_coe4ngr.png", "URL": "http://i.imgur.com/L0gX762.png", "fileid": "g1389_coe4ngr.png"}, {"id": "g1389_coehap5", "comment": "[dayum](http://i.imgur.com/GCt8gmZ.jpg)", "date": "2015-02-07 18:22:24", "seriesname": "g1389_coehap5", "file": "/media/jbrogan4/scratch2/Reddit_Prov_Dataset_v6/_My_tortoise_trying_to_eat_a_bolt/g1389_coehap5.jpg", "URL": "http://i.imgur.com/GCt8gmZ.jpg", "fileid": "g1389_coehap5.jpg"}, {"id": "g1389_coepx9f", "comment": "http://i.imgur.com/LNxnrd8.gif", "date": "2015-02-07 23:39:23", "seriesname": "g1389_coepx9f", "file": "/media/jbrogan4/scratch2/Reddit_Prov_Dataset_v6/_My_tortoise_trying_to_eat_a_bolt/g1389_coepx9f.jpg", "URL": "http://i.imgur.com/LNxnrd8.gif", "fileid": "g1389_coepx9f.gif"}, {"id": "g1389_cok6afo", "comment": "Fluffle Puff NOOOOOOOO\n\n\nhttp://i.imgur.com/rp2djOm.jpg", "date": "2015-02-13 05:25:03", "seriesname": "g1389_cok6afo", "file": "/media/jbrogan4/scratch2/Reddit_Prov_Dataset_v6/_My_tortoise_trying_to_eat_a_bolt/g1389_cok6afo.jpg", "URL": "http://i.imgur.com/rp2djOm.jpg", "fileid": "g1389_cok6afo.jpg"}, {"id": "g1389_coed1ze", "comment": "[This girl doesn't like turtles](http://imgur.com/fBINGVE)", "date": "2015-02-07 15:52:50", "seriesname": "g1389_coed1ze", "file": "/media/jbrogan4/scratch2/Reddit_Prov_Dataset_v6/_My_tortoise_trying_to_eat_a_bolt/g1389_coed1ze.png", "URL": "http://i.imgur.com/fBINGVE.png", "fileid": "g1389_coed1ze.png"}, {"id": "g1389_coe7byt", "comment": "http://i.imgur.com/e2CsQil.gif", "date": "2015-02-07 12:40:01", "seriesname": "g1389_coe7byt", "file": "/media/jbrogan4/scratch2/Reddit_Prov_Dataset_v6/_My_tortoise_trying_to_eat_a_bolt/g1389_coe7byt.jpg", "URL": "http://i.imgur.com/e2CsQil.gif", "fileid": "g1389_coe7byt.gif"}, {"id": "g1389_coe78b3", "comment": "[Come on Frank, its time for your break](http://i.imgur.com/Ml7qgGd.jpg)", "date": "2015-02-07 12:36:33", "seriesname": "g1389_coe78b3", "file": "/media/jbrogan4/scratch2/Reddit_Prov_Dataset_v6/_My_tortoise_trying_to_eat_a_bolt/g1389_coe78b3.jpg", "URL": "http://i.imgur.com/Ml7qgGd.jpg", "fileid": "g1389_coe78b3.jpg"}, {"id": "g1389_coegmuf", "comment": "[It had to be done](http://i.imgur.com/Dmmavmb.jpg)", "date": "2015-02-07 17:59:11", "seriesname": "g1389_coegmuf", "file": "/media/jbrogan4/scratch2/Reddit_Prov_Dataset_v6/_My_tortoise_trying_to_eat_a_bolt/g1389_coegmuf.jpg", "URL": "http://i.imgur.com/Dmmavmb.jpg", "fileid": "g1389_coegmuf.jpg"}, {"id": "g1389_coe81pq", "comment": "[m](http://i.imgur.com/sDEIld2.jpg)", "date": "2015-02-07 13:04:32", "seriesname": "g1389_coe81pq", "file": "/media/jbrogan4/scratch2/Reddit_Prov_Dataset_v6/_My_tortoise_trying_to_eat_a_bolt/g1389_coe81pq.jpg", "URL": "http://i.imgur.com/sDEIld2.jpg", "fileid": "g1389_coe81pq.jpg"}, {"id": "g1389_coe5z0e", "comment": "[Eating Giant Cake](http://i.imgur.com/ITNkKvQ.png)", "date": "2015-02-07 11:53:09", "seriesname": "g1389_coe5z0e", "file": "/media/jbrogan4/scratch2/Reddit_Prov_Dataset_v6/_My_tortoise_trying_to_eat_a_bolt/g1389_coe5z0e.png", "URL": "http://i.imgur.com/ITNkKvQ.png", "fileid": "g1389_coe5z0e.png"}, {"id": "g1389_coetztx", "comment": "[stand back people, its mating season!] (http://imgur.com/D1je5bz)", "date": "2015-02-08 02:57:12", "seriesname": "g1389_coetztx", "file": "/media/jbrogan4/scratch2/Reddit_Prov_Dataset_v6/_My_tortoise_trying_to_eat_a_bolt/g1389_coetztx.png", "URL": "http://i.imgur.com/D1je5bz.png", "fileid": "g1389_coetztx.png"}, {"id": "g1389_coenlg3", "comment": "[But our princess is in another castle!](http://i.imgur.com/yAwF6wc.png)", "date": "2015-02-07 22:09:27", "seriesname": "g1389_coenlg3", "file": "/media/jbrogan4/scratch2/Reddit_Prov_Dataset_v6/_My_tortoise_trying_to_eat_a_bolt/g1389_coenlg3.png", "URL": "http://i.imgur.com/yAwF6wc.png", "fileid": "g1389_coenlg3.png"}, {"id": "g1389_coe7upx", "comment": "[Blastoise GO!](http://i.imgur.com/xc5H0BP.jpg)", "date": "2015-02-07 12:57:51", "seriesname": "g1389_coe7upx", "file": "/media/jbrogan4/scratch2/Reddit_Prov_Dataset_v6/_My_tortoise_trying_to_eat_a_bolt/g1389_coe7upx.jpg", "URL": "http://i.imgur.com/xc5H0BP.jpg", "fileid": "g1389_coe7upx.jpg"}, {"id": "g1389_root", "comment": "", "date": "2015-02-07 09:37:44", "seriesname": "g1389_root", "file": "/media/jbrogan4/scratch2/Reddit_Prov_Dataset_v6/_My_tortoise_trying_to_eat_a_bolt/g1389_root.jpg", "URL": "http://i.imgur.com/RpwrHjh.jpg", "fileid": "g1389_root.jpg"}, {"id": "g1389_coe2xru", "comment": "[NSFW] [Having fun](http://i.imgur.com/mh0hl0N.jpg)", "date": "2015-02-07 09:53:57", "seriesname": "g1389_coe2xru", "file": "/media/jbrogan4/scratch2/Reddit_Prov_Dataset_v6/_My_tortoise_trying_to_eat_a_bolt/g1389_coe2xru.jpg", "URL": "http://i.imgur.com/mh0hl0N.jpg", "fileid": "g1389_coe2xru.jpg"}, {"id": "g1389_coe886c", "comment": "[angry biped turtles](http://i.imgur.com/XYvt9HN.jpg?1)", "date": "2015-02-07 13:10:47", "seriesname": "g1389_coe886c", "file": "/media/jbrogan4/scratch2/Reddit_Prov_Dataset_v6/_My_tortoise_trying_to_eat_a_bolt/g1389_coe886c.jpg", "URL": "http://i.imgur.com/XYvt9HN.jpg?1", "fileid": "g1389_coe886c.jpg"}], "graph": {"name": "g1389_root"}, "directed": true}