{"links": [{"op": "none", "target": 0, "source": 31}, {"op": "none", "target": 1, "source": 50}, {"op": "none", "target": 2, "source": 43}, {"op": "none", "target": 3, "source": 43}, {"op": "none", "target": 4, "source": 43}, {"op": "none", "target": 5, "source": 43}, {"op": "none", "target": 6, "source": 43}, {"op": "none", "target": 7, "source": 43}, {"op": "none", "target": 8, "source": 43}, {"op": "none", "target": 9, "source": 43}, {"op": "none", "target": 10, "source": 43}, {"op": "none", "target": 11, "source": 43}, {"op": "none", "target": 12, "source": 43}, {"op": "none", "target": 13, "source": 43}, {"op": "none", "target": 14, "source": 43}, {"op": "none", "target": 15, "source": 9}, {"op": "none", "target": 16, "source": 43}, {"op": "none", "target": 17, "source": 43}, {"op": "none", "target": 18, "source": 32}, {"op": "none", "target": 19, "source": 43}, {"op": "none", "target": 20, "source": 43}, {"op": "none", "target": 21, "source": 43}, {"op": "none", "target": 22, "source": 43}, {"op": "none", "target": 23, "source": 43}, {"op": "none", "target": 24, "source": 43}, {"op": "none", "target": 25, "source": 43}, {"op": "none", "target": 26, "source": 43}, {"op": "none", "target": 27, "source": 43}, {"op": "none", "target": 28, "source": 12}, {"op": "none", "target": 29, "source": 16}, {"op": "none", "target": 30, "source": 43}, {"op": "none", "target": 31, "source": 43}, {"op": "none", "target": 32, "source": 43}, {"op": "none", "target": 33, "source": 43}, {"op": "none", "target": 34, "source": 43}, {"op": "none", "target": 35, "source": 43}, {"op": "none", "target": 36, "source": 43}, {"op": "none", "target": 37, "source": 43}, {"op": "none", "target": 38, "source": 43}, {"op": "none", "target": 39, "source": 43}, {"op": "none", "target": 40, "source": 43}, {"op": "none", "target": 41, "source": 43}, {"op": "none", "target": 42, "source": 43}, {"op": "none", "target": 44, "source": 0}, {"op": "none", "target": 45, "source": 43}, {"op": "none", "target": 46, "source": 43}, {"op": "none", "target": 47, "source": 43}, {"op": "none", "target": 48, "source": 43}, {"op": "none", "target": 49, "source": 43}, {"op": "none", "target": 50, "source": 43}, {"op": "none", "target": 51, "source": 43}, {"op": "none", "target": 52, "source": 43}], "title": "Kid_running_from_guy_in_mankini", "nodes": [{"id": "g1383_ciz3w0w", "comment": "as requested, even though I am not the original creator of the putin edit. http://i.imgur.com/2yGMCcL.jpg Also, sorry. it is a bit rushed.\n\nEdit: awesome, as someone who lurked mostly, but just recently started commenting and posting more, I am glad my highest rated thing so far is a picture of Vladimir Putin, holding a surfboard while scaring some kid shitless on a beach shore.", "date": "2014-07-16 12:29:47", "seriesname": "g1383_ciz3w0w", "file": "/media/jbrogan4/scratch2/Reddit_Prov_Dataset_v6/Kid_running_from_guy_in_mankini/g1383_ciz3w0w.jpg", "URL": "http://i.imgur.com/2yGMCcL.jpg", "fileid": "g1383_ciz3w0w.jpg"}, {"id": "g1383_ciz98f5", "comment": "[minor adjustment](http://imgur.com/R7r8TZL)", "date": "2014-07-16 15:10:39", "seriesname": "g1383_ciz98f5", "file": "/media/jbrogan4/scratch2/Reddit_Prov_Dataset_v6/Kid_running_from_guy_in_mankini/g1383_ciz98f5.png", "URL": "http://i.imgur.com/R7r8TZL.png", "fileid": "g1383_ciz98f5.png"}, {"id": "g1383_ciz2t03", "comment": "['Ello poppet!](http://i.imgur.com/dvd1eWN.jpg)\n\nAlternative caption: Swiggity swooty &gt;:)", "date": "2014-07-16 11:55:41", "seriesname": "g1383_ciz2t03", "file": "/media/jbrogan4/scratch2/Reddit_Prov_Dataset_v6/Kid_running_from_guy_in_mankini/g1383_ciz2t03.jpg", "URL": "http://i.imgur.com/dvd1eWN.jpg", "fileid": "g1383_ciz2t03.jpg"}, {"id": "g1383_ciz6ave", "comment": "[Ima fire mah lazer](http://i.imgur.com/dWQigo7.png)", "date": "2014-07-16 13:43:21", "seriesname": "g1383_ciz6ave", "file": "/media/jbrogan4/scratch2/Reddit_Prov_Dataset_v6/Kid_running_from_guy_in_mankini/g1383_ciz6ave.png", "URL": "http://i.imgur.com/dWQigo7.png", "fileid": "g1383_ciz6ave.png"}, {"id": "g1383_ciz2mgi", "comment": "First time doing a photoshap battle. Bodyswapping!\n\n[Imgur](http://i.imgur.com/Csfx2zc.jpg?1)\n\nFeedback is welcome!", "date": "2014-07-16 11:49:56", "seriesname": "g1383_ciz2mgi", "file": "/media/jbrogan4/scratch2/Reddit_Prov_Dataset_v6/Kid_running_from_guy_in_mankini/g1383_ciz2mgi.jpg", "URL": "http://i.imgur.com/Csfx2zc.jpg?1", "fileid": "g1383_ciz2mgi.jpg"}, {"id": "g1383_cizf5ff", "comment": "[Under water predator](http://i.imgur.com/neMzGFm.jpg)\n\nDisclaimer: I know the hand and head are disproportional and it doesn't seem anatomically correct, but whatever. :P", "date": "2014-07-16 18:14:03", "seriesname": "g1383_cizf5ff", "file": "/media/jbrogan4/scratch2/Reddit_Prov_Dataset_v6/Kid_running_from_guy_in_mankini/g1383_cizf5ff.jpg", "URL": "http://i.imgur.com/neMzGFm.jpg", "fileid": "g1383_cizf5ff.jpg"}, {"id": "g1383_ciyy234", "comment": "http://i.imgur.com/Huo0fc1.jpg", "date": "2014-07-16 09:00:18", "seriesname": "g1383_ciyy234", "file": "/media/jbrogan4/scratch2/Reddit_Prov_Dataset_v6/Kid_running_from_guy_in_mankini/g1383_ciyy234.jpg", "URL": "http://i.imgur.com/Huo0fc1.jpg", "fileid": "g1383_ciyy234.jpg"}, {"id": "g1383_cizb2g8", "comment": "[Did someone say Attack on Titan?](http://imgur.com/ngPmn7g)", "date": "2014-07-16 16:05:34", "seriesname": "g1383_cizb2g8", "file": "/media/jbrogan4/scratch2/Reddit_Prov_Dataset_v6/Kid_running_from_guy_in_mankini/g1383_cizb2g8.png", "URL": "http://i.imgur.com/ngPmn7g.png", "fileid": "g1383_cizb2g8.png"}, {"id": "g1383_ciz2d1v", "comment": "[Nice beach day](http://i.imgur.com/MH3e5QO.jpg)", "date": "2014-07-16 11:41:42", "seriesname": "g1383_ciz2d1v", "file": "/media/jbrogan4/scratch2/Reddit_Prov_Dataset_v6/Kid_running_from_guy_in_mankini/g1383_ciz2d1v.jpg", "URL": "http://i.imgur.com/MH3e5QO.jpg", "fileid": "g1383_ciz2d1v.jpg"}, {"id": "g1383_ciz0jke", "comment": "[Guess he wasn't feeling fancy](http://i.imgur.com/wzEV5M5.jpg)", "date": "2014-07-16 10:41:40", "seriesname": "g1383_ciz0jke", "file": "/media/jbrogan4/scratch2/Reddit_Prov_Dataset_v6/Kid_running_from_guy_in_mankini/g1383_ciz0jke.jpg", "URL": "http://i.imgur.com/wzEV5M5.jpg", "fileid": "g1383_ciz0jke.jpg"}, {"id": "g1383_ciz2y11", "comment": "In theaters this summer: Godzilla wants to destroy yet another city....but this one is [defended](http://i.imgur.com/5sIkJ1h.png). ", "date": "2014-07-16 12:00:07", "seriesname": "g1383_ciz2y11", "file": "/media/jbrogan4/scratch2/Reddit_Prov_Dataset_v6/Kid_running_from_guy_in_mankini/g1383_ciz2y11.jpg", "URL": "http://i.imgur.com/5sIkJ1h.png).", "fileid": "g1383_ciz2y11."}, {"id": "g1383_ciz9hpw", "comment": "[FROM THE TOP ROPE!](http://i.imgur.com/0b9pCAS.jpg)", "date": "2014-07-16 15:18:16", "seriesname": "g1383_ciz9hpw", "file": "/media/jbrogan4/scratch2/Reddit_Prov_Dataset_v6/Kid_running_from_guy_in_mankini/g1383_ciz9hpw.jpg", "URL": "http://i.imgur.com/0b9pCAS.jpg", "fileid": "g1383_ciz9hpw.jpg"}, {"id": "g1383_ciz2dvo", "comment": "[Rawr, I'm a shark!](http://i.imgur.com/abdnWG5.jpg)", "date": "2014-07-16 11:42:27", "seriesname": "g1383_ciz2dvo", "file": "/media/jbrogan4/scratch2/Reddit_Prov_Dataset_v6/Kid_running_from_guy_in_mankini/g1383_ciz2dvo.jpg", "URL": "http://i.imgur.com/abdnWG5.jpg", "fileid": "g1383_ciz2dvo.jpg"}, {"id": "g1383_ciz4xy6", "comment": "[*Keep running, kid!*](http://i.imgur.com/Xb6vLmv.png)", "date": "2014-07-16 13:02:11", "seriesname": "g1383_ciz4xy6", "file": "/media/jbrogan4/scratch2/Reddit_Prov_Dataset_v6/Kid_running_from_guy_in_mankini/g1383_ciz4xy6.png", "URL": "http://i.imgur.com/Xb6vLmv.png", "fileid": "g1383_ciz4xy6.png"}, {"id": "g1383_ciz9diz", "comment": "I love when zombie movies put really oddly dressed zombies in them to represent the random instances in which people were killed/zombefied.\n\nhttp://i.imgur.com/D1Ui8uF.jpg", "date": "2014-07-16 15:14:50", "seriesname": "g1383_ciz9diz", "file": "/media/jbrogan4/scratch2/Reddit_Prov_Dataset_v6/Kid_running_from_guy_in_mankini/g1383_ciz9diz.jpg", "URL": "http://i.imgur.com/D1Ui8uF.jpg", "fileid": "g1383_ciz9diz.jpg"}, {"id": "g1383_ciz7hw8", "comment": "Wait isn't that princess [Estelle](http://cdn01.nyheter24.se/b47d84cc0102020000/2014/06/06/961419/estelle%20nationaldag.jpg) of Sweden? \n\n**Edit:** [Yep, that's her all right.](http://stoppapressarna.se/sites/default/files/styles/flexslider_full/public/artikelalbum/oland7.jpg)", "date": "2014-07-16 14:19:28", "seriesname": "g1383_ciz7hw8", "file": "/media/jbrogan4/scratch2/Reddit_Prov_Dataset_v6/Kid_running_from_guy_in_mankini/g1383_ciz7hw8.jpg", "URL": "http://stoppapressarna.se/sites/default/files/styles/flexslider_full/public/artikelalbum/oland7.jpg", "fileid": "g1383_ciz7hw8.jpg"}, {"id": "g1383_ciz3z62", "comment": "[I'M OLD GREEEEG!!!](http://imgur.com/77GzDMX)\n\nedit: quick touch up", "date": "2014-07-16 12:32:36", "seriesname": "g1383_ciz3z62", "file": "/media/jbrogan4/scratch2/Reddit_Prov_Dataset_v6/Kid_running_from_guy_in_mankini/g1383_ciz3z62.png", "URL": "http://i.imgur.com/77GzDMX.png", "fileid": "g1383_ciz3z62.png"}, {"id": "g1383_ciz78ud", "comment": "[No one cared who I was until I put on the mankini...](http://i.imgur.com/4aCt5Mc.png)", "date": "2014-07-16 14:11:51", "seriesname": "g1383_ciz78ud", "file": "/media/jbrogan4/scratch2/Reddit_Prov_Dataset_v6/Kid_running_from_guy_in_mankini/g1383_ciz78ud.png", "URL": "http://i.imgur.com/4aCt5Mc.png", "fileid": "g1383_ciz78ud.png"}, {"id": "g1383_cizfx37", "comment": "[You knew what you were doing.](http://i.imgur.com/tgoZYDM.jpg)", "date": "2014-07-16 18:40:31", "seriesname": "g1383_cizfx37", "file": "/media/jbrogan4/scratch2/Reddit_Prov_Dataset_v6/Kid_running_from_guy_in_mankini/g1383_cizfx37.jpg", "URL": "http://i.imgur.com/tgoZYDM.jpg", "fileid": "g1383_cizfx37.jpg"}, {"id": "g1383_ciz2nvd", "comment": "[Run, kid, run!!](http://i.imgur.com/EDnUMnq.jpg)", "date": "2014-07-16 11:51:12", "seriesname": "g1383_ciz2nvd", "file": "/media/jbrogan4/scratch2/Reddit_Prov_Dataset_v6/Kid_running_from_guy_in_mankini/g1383_ciz2nvd.jpg", "URL": "http://i.imgur.com/EDnUMnq.jpg", "fileid": "g1383_ciz2nvd.jpg"}, {"id": "g1383_ciz7jzc", "comment": "[For your use!](http://i.imgur.com/zqEQHxy.png)", "date": "2014-07-16 14:21:12", "seriesname": "g1383_ciz7jzc", "file": "/media/jbrogan4/scratch2/Reddit_Prov_Dataset_v6/Kid_running_from_guy_in_mankini/g1383_ciz7jzc.png", "URL": "http://i.imgur.com/zqEQHxy.png", "fileid": "g1383_ciz7jzc.png"}, {"id": "g1383_ciz4v5a", "comment": "[Mortal Kombat Mankini-Off](http://imgur.com/iznN1nG.jpg)", "date": "2014-07-16 12:59:51", "seriesname": "g1383_ciz4v5a", "file": "/media/jbrogan4/scratch2/Reddit_Prov_Dataset_v6/Kid_running_from_guy_in_mankini/g1383_ciz4v5a.jpg", "URL": "http://imgur.com/iznN1nG.jpg", "fileid": "g1383_ciz4v5a.jpg"}, {"id": "g1383_ciznpck", "comment": "[HEE HEE!](http://i.imgur.com/UA1evNT.jpg)", "date": "2014-07-16 23:31:32", "seriesname": "g1383_ciznpck", "file": "/media/jbrogan4/scratch2/Reddit_Prov_Dataset_v6/Kid_running_from_guy_in_mankini/g1383_ciznpck.jpg", "URL": "http://i.imgur.com/UA1evNT.jpg", "fileid": "g1383_ciznpck.jpg"}, {"id": "g1383_ciz3q8n", "comment": "[the mankini fad is catching on](http://i.imgur.com/QBwuAMD.png)", "date": "2014-07-16 12:24:49", "seriesname": "g1383_ciz3q8n", "file": "/media/jbrogan4/scratch2/Reddit_Prov_Dataset_v6/Kid_running_from_guy_in_mankini/g1383_ciz3q8n.png", "URL": "http://i.imgur.com/QBwuAMD.png", "fileid": "g1383_ciz3q8n.png"}, {"id": "g1383_cizdcn8", "comment": "[KANEDA!!!](http://i.imgur.com/eg9Xlx7.jpg)", "date": "2014-07-16 17:15:23", "seriesname": "g1383_cizdcn8", "file": "/media/jbrogan4/scratch2/Reddit_Prov_Dataset_v6/Kid_running_from_guy_in_mankini/g1383_cizdcn8.jpg", "URL": "http://i.imgur.com/eg9Xlx7.jpg", "fileid": "g1383_cizdcn8.jpg"}, {"id": "g1383_ciz4sr2", "comment": "[Run girl!](http://i.imgur.com/rXGS6Jp.jpg)\n\nedit: [minor touch-up](http://i.imgur.com/B2r4Hut.jpg) ", "date": "2014-07-16 12:57:54", "seriesname": "g1383_ciz4sr2", "file": "/media/jbrogan4/scratch2/Reddit_Prov_Dataset_v6/Kid_running_from_guy_in_mankini/g1383_ciz4sr2.jpg", "URL": "http://i.imgur.com/B2r4Hut.jpg", "fileid": "g1383_ciz4sr2.jpg"}, {"id": "g1383_cizegfg", "comment": "I'm new to photoshop but here is my attempt http://i.imgur.com/nbT3Zpk.jpg\n", "date": "2014-07-16 17:50:40", "seriesname": "g1383_cizegfg", "file": "/media/jbrogan4/scratch2/Reddit_Prov_Dataset_v6/Kid_running_from_guy_in_mankini/g1383_cizegfg.jpg", "URL": "http://i.imgur.com/nbT3Zpk.jpg", "fileid": "g1383_cizegfg.jpg"}, {"id": "g1383_cizddkv", "comment": "[Free Candy!](http://i.imgur.com/UGKty8X.jpg)", "date": "2014-07-16 17:16:13", "seriesname": "g1383_cizddkv", "file": "/media/jbrogan4/scratch2/Reddit_Prov_Dataset_v6/Kid_running_from_guy_in_mankini/g1383_cizddkv.jpg", "URL": "http://i.imgur.com/UGKty8X.jpg", "fileid": "g1383_cizddkv.jpg"}, {"id": "g1383_ciz4ayd", "comment": "[Rawr, I'm a creepy shark!](http://i.imgur.com/gc2s6IE.jpg)", "date": "2014-07-16 12:42:59", "seriesname": "g1383_ciz4ayd", "file": "/media/jbrogan4/scratch2/Reddit_Prov_Dataset_v6/Kid_running_from_guy_in_mankini/g1383_ciz4ayd.jpg", "URL": "http://i.imgur.com/gc2s6IE.jpg", "fileid": "g1383_ciz4ayd.jpg"}, {"id": "g1383_cizczlv", "comment": "[Added Bailey's](http://i.imgur.com/Kn8aObV.jpg)  Close enough to get your eyes wet.", "date": "2014-07-16 17:03:51", "seriesname": "g1383_cizczlv", "file": "/media/jbrogan4/scratch2/Reddit_Prov_Dataset_v6/Kid_running_from_guy_in_mankini/g1383_cizczlv.jpg", "URL": "http://i.imgur.com/Kn8aObV.jpg", "fileid": "g1383_cizczlv.jpg"}, {"id": "g1383_ciz1jko", "comment": "[Had to be done](http://imgur.com/rr8OkyD)", "date": "2014-07-16 11:15:12", "seriesname": "g1383_ciz1jko", "file": "/media/jbrogan4/scratch2/Reddit_Prov_Dataset_v6/Kid_running_from_guy_in_mankini/g1383_ciz1jko.png", "URL": "http://i.imgur.com/rr8OkyD.png", "fileid": "g1383_ciz1jko.png"}, {"id": "g1383_ciz0xt8", "comment": "[Run Kid!](http://i.imgur.com/HvvgvWu.jpg)", "date": "2014-07-16 10:55:16", "seriesname": "g1383_ciz0xt8", "file": "/media/jbrogan4/scratch2/Reddit_Prov_Dataset_v6/Kid_running_from_guy_in_mankini/g1383_ciz0xt8.jpg", "URL": "http://i.imgur.com/HvvgvWu.jpg", "fileid": "g1383_ciz0xt8.jpg"}, {"id": "g1383_ciz38j9", "comment": "http://i.imgur.com/vgnVWkP.jpg", "date": "2014-07-16 12:09:24", "seriesname": "g1383_ciz38j9", "file": "/media/jbrogan4/scratch2/Reddit_Prov_Dataset_v6/Kid_running_from_guy_in_mankini/g1383_ciz38j9.jpg", "URL": "http://i.imgur.com/vgnVWkP.jpg", "fileid": "g1383_ciz38j9.jpg"}, {"id": "g1383_cj1lzee", "comment": "Submitted to the \"hail storm on the beach\" picture earlier.\r\rhttp://imgur.com/fJdkT5b\r", "date": "2014-07-19 02:12:02", "seriesname": "g1383_cj1lzee", "file": "/media/jbrogan4/scratch2/Reddit_Prov_Dataset_v6/Kid_running_from_guy_in_mankini/g1383_cj1lzee.png", "URL": "http://i.imgur.com/fJdkT5b.png", "fileid": "g1383_cj1lzee.png"}, {"id": "g1383_ciz9un2", "comment": "[Say hi to Pedobear!](http://imgur.com/QbckenI)", "date": "2014-07-16 15:28:59", "seriesname": "g1383_ciz9un2", "file": "/media/jbrogan4/scratch2/Reddit_Prov_Dataset_v6/Kid_running_from_guy_in_mankini/g1383_ciz9un2.png", "URL": "http://i.imgur.com/QbckenI.png", "fileid": "g1383_ciz9un2.png"}, {"id": "g1383_ciz8loz", "comment": "First attempt at a battle, but seeing the original pic I immediately thought-\n\"Open wide kid! Cause I'm gonna grape you in the mouth!\"\n[Imgur](http://i.imgur.com/c4D6X5F.jpg)\n", "date": "2014-07-16 14:52:00", "seriesname": "g1383_ciz8loz", "file": "/media/jbrogan4/scratch2/Reddit_Prov_Dataset_v6/Kid_running_from_guy_in_mankini/g1383_ciz8loz.jpg", "URL": "http://i.imgur.com/c4D6X5F.jpg", "fileid": "g1383_ciz8loz.jpg"}, {"id": "g1383_cizb7id", "comment": "http://i.imgur.com/Cjg1taJ.png", "date": "2014-07-16 16:09:50", "seriesname": "g1383_cizb7id", "file": "/media/jbrogan4/scratch2/Reddit_Prov_Dataset_v6/Kid_running_from_guy_in_mankini/g1383_cizb7id.png", "URL": "http://i.imgur.com/Cjg1taJ.png", "fileid": "g1383_cizb7id.png"}, {"id": "g1383_cize5h5", "comment": "[\"Come with me if you want to live\"](http://i.imgur.com/FI43RSg.jpg)", "date": "2014-07-16 17:40:50", "seriesname": "g1383_cize5h5", "file": "/media/jbrogan4/scratch2/Reddit_Prov_Dataset_v6/Kid_running_from_guy_in_mankini/g1383_cize5h5.jpg", "URL": "http://i.imgur.com/FI43RSg.jpg", "fileid": "g1383_cize5h5.jpg"}, {"id": "g1383_ciz4igj", "comment": "[duel of fate](http://i.imgur.com/IcgaGRQ.jpg)", "date": "2014-07-16 12:49:15", "seriesname": "g1383_ciz4igj", "file": "/media/jbrogan4/scratch2/Reddit_Prov_Dataset_v6/Kid_running_from_guy_in_mankini/g1383_ciz4igj.jpg", "URL": "http://i.imgur.com/IcgaGRQ.jpg", "fileid": "g1383_ciz4igj.jpg"}, {"id": "g1383_cizgjma", "comment": "twist http://imgur.com/rGtw9Mk", "date": "2014-07-16 19:02:28", "seriesname": "g1383_cizgjma", "file": "/media/jbrogan4/scratch2/Reddit_Prov_Dataset_v6/Kid_running_from_guy_in_mankini/g1383_cizgjma.png", "URL": "http://i.imgur.com/rGtw9Mk.png", "fileid": "g1383_cizgjma.png"}, {"id": "g1383_cjai4je", "comment": "[Uh...](http://imgur.com/WBFi0ga)", "date": "2014-07-28 19:44:50", "seriesname": "g1383_cjai4je", "file": "/media/jbrogan4/scratch2/Reddit_Prov_Dataset_v6/Kid_running_from_guy_in_mankini/g1383_cjai4je.png", "URL": "http://i.imgur.com/WBFi0ga.png", "fileid": "g1383_cjai4je.png"}, {"id": "g1383_ciz31o4", "comment": "[Oh shit OH SHIT **OH SHIT**](http://i.imgur.com/dBFb16d.jpg)", "date": "2014-07-16 12:03:20", "seriesname": "g1383_ciz31o4", "file": "/media/jbrogan4/scratch2/Reddit_Prov_Dataset_v6/Kid_running_from_guy_in_mankini/g1383_ciz31o4.jpg", "URL": "http://i.imgur.com/dBFb16d.jpg", "fileid": "g1383_ciz31o4.jpg"}, {"id": "g1383_ciz0cc9", "comment": "[Is the Pope catholic, and making the world safe for pedophiles?](http://i.imgur.com/k0iPxsG.jpg)", "date": "2014-07-16 10:34:37", "seriesname": "g1383_ciz0cc9", "file": "/media/jbrogan4/scratch2/Reddit_Prov_Dataset_v6/Kid_running_from_guy_in_mankini/g1383_ciz0cc9.jpg", "URL": "http://i.imgur.com/k0iPxsG.jpg", "fileid": "g1383_ciz0cc9.jpg"}, {"id": "g1383_root", "comment": "", "date": "2014-07-16 07:45:01", "seriesname": "g1383_root", "file": "/media/jbrogan4/scratch2/Reddit_Prov_Dataset_v6/Kid_running_from_guy_in_mankini/g1383_root.jpg", "URL": "http://i.imgur.com/APszCQ8.jpg", "fileid": "g1383_root.jpg"}, {"id": "g1383_ciz4h59", "comment": "Haha thats good.\n[Here's mine](http://i.imgur.com/0zacH1n.jpg)", "date": "2014-07-16 12:48:09", "seriesname": "g1383_ciz4h59", "file": "/media/jbrogan4/scratch2/Reddit_Prov_Dataset_v6/Kid_running_from_guy_in_mankini/g1383_ciz4h59.jpg", "URL": "http://i.imgur.com/0zacH1n.jpg", "fileid": "g1383_ciz4h59.jpg"}, {"id": "g1383_ciyz9qf", "comment": "[Nightmare](http://i.imgur.com/6jVXhhk.gif)", "date": "2014-07-16 09:54:14", "seriesname": "g1383_ciyz9qf", "file": "/media/jbrogan4/scratch2/Reddit_Prov_Dataset_v6/Kid_running_from_guy_in_mankini/g1383_ciyz9qf.jpg", "URL": "http://i.imgur.com/6jVXhhk.gif", "fileid": "g1383_ciyz9qf.gif"}, {"id": "g1383_ciz3buk", "comment": "[Hulk Smash!](http://i.imgur.com/V3FkeOE.jpg)", "date": "2014-07-16 12:12:18", "seriesname": "g1383_ciz3buk", "file": "/media/jbrogan4/scratch2/Reddit_Prov_Dataset_v6/Kid_running_from_guy_in_mankini/g1383_ciz3buk.jpg", "URL": "http://i.imgur.com/V3FkeOE.jpg", "fileid": "g1383_ciz3buk.jpg"}, {"id": "g1383_ciz54n5", "comment": "[Kid running from Sir Patrick](http://i.imgur.com/F8lzQRV.png)", "date": "2014-07-16 13:07:52", "seriesname": "g1383_ciz54n5", "file": "/media/jbrogan4/scratch2/Reddit_Prov_Dataset_v6/Kid_running_from_guy_in_mankini/g1383_ciz54n5.png", "URL": "http://i.imgur.com/F8lzQRV.png", "fileid": "g1383_ciz54n5.png"}, {"id": "g1383_ciz9mov", "comment": "[Attack On Titan](http://i.imgur.com/ghnt380.jpg)", "date": "2014-07-16 15:22:24", "seriesname": "g1383_ciz9mov", "file": "/media/jbrogan4/scratch2/Reddit_Prov_Dataset_v6/Kid_running_from_guy_in_mankini/g1383_ciz9mov.jpg", "URL": "http://i.imgur.com/ghnt380.jpg", "fileid": "g1383_ciz9mov.jpg"}, {"id": "g1383_ciz4gfn", "comment": "[I'd run too!](http://i.imgur.com/WQtBo6O.jpg)", "date": "2014-07-16 12:47:34", "seriesname": "g1383_ciz4gfn", "file": "/media/jbrogan4/scratch2/Reddit_Prov_Dataset_v6/Kid_running_from_guy_in_mankini/g1383_ciz4gfn.jpg", "URL": "http://i.imgur.com/WQtBo6O.jpg", "fileid": "g1383_ciz4gfn.jpg"}, {"id": "g1383_ciz6t3d", "comment": "[I'd be scared, too.](http://i.imgur.com/hwWmPAh.jpg)", "date": "2014-07-16 13:58:32", "seriesname": "g1383_ciz6t3d", "file": "/media/jbrogan4/scratch2/Reddit_Prov_Dataset_v6/Kid_running_from_guy_in_mankini/g1383_ciz6t3d.jpg", "URL": "http://i.imgur.com/hwWmPAh.jpg", "fileid": "g1383_ciz6t3d.jpg"}, {"id": "g1383_ciz3aen", "comment": "[I'm flying, Jack!](http://i.imgur.com/b2RFWka.jpg)", "date": "2014-07-16 12:11:03", "seriesname": "g1383_ciz3aen", "file": "/media/jbrogan4/scratch2/Reddit_Prov_Dataset_v6/Kid_running_from_guy_in_mankini/g1383_ciz3aen.jpg", "URL": "http://i.imgur.com/b2RFWka.jpg", "fileid": "g1383_ciz3aen.jpg"}, {"id": "g1383_cj0agrs", "comment": "[DEFCON 3!!](http://i.imgur.com/DCGt3NV.jpg)", "date": "2014-07-17 16:32:50", "seriesname": "g1383_cj0agrs", "file": "/media/jbrogan4/scratch2/Reddit_Prov_Dataset_v6/Kid_running_from_guy_in_mankini/g1383_cj0agrs.jpg", "URL": "http://i.imgur.com/DCGt3NV.jpg", "fileid": "g1383_cj0agrs.jpg"}], "graph": {"name": "g1383_root"}, "directed": true}