{"links": [{"op": "none", "target": 0, "source": 60}, {"op": "none", "target": 1, "source": 60}, {"op": "none", "target": 2, "source": 60}, {"op": "none", "target": 3, "source": 60}, {"op": "none", "target": 4, "source": 60}, {"op": "none", "target": 5, "source": 60}, {"op": "none", "target": 6, "source": 60}, {"op": "none", "target": 7, "source": 60}, {"op": "none", "target": 8, "source": 14}, {"op": "none", "target": 9, "source": 60}, {"op": "none", "target": 10, "source": 60}, {"op": "none", "target": 11, "source": 5}, {"op": "none", "target": 12, "source": 60}, {"op": "none", "target": 13, "source": 60}, {"op": "none", "target": 14, "source": 60}, {"op": "none", "target": 15, "source": 60}, {"op": "none", "target": 16, "source": 60}, {"op": "none", "target": 17, "source": 60}, {"op": "none", "target": 18, "source": 60}, {"op": "none", "target": 19, "source": 60}, {"op": "none", "target": 20, "source": 60}, {"op": "none", "target": 21, "source": 60}, {"op": "none", "target": 22, "source": 24}, {"op": "none", "target": 23, "source": 60}, {"op": "none", "target": 24, "source": 60}, {"op": "none", "target": 25, "source": 60}, {"op": "none", "target": 26, "source": 60}, {"op": "none", "target": 27, "source": 60}, {"op": "none", "target": 28, "source": 60}, {"op": "none", "target": 29, "source": 60}, {"op": "none", "target": 30, "source": 60}, {"op": "none", "target": 31, "source": 60}, {"op": "none", "target": 32, "source": 60}, {"op": "none", "target": 33, "source": 60}, {"op": "none", "target": 34, "source": 60}, {"op": "none", "target": 35, "source": 60}, {"op": "none", "target": 36, "source": 60}, {"op": "none", "target": 37, "source": 60}, {"op": "none", "target": 38, "source": 60}, {"op": "none", "target": 39, "source": 60}, {"op": "none", "target": 40, "source": 60}, {"op": "none", "target": 41, "source": 60}, {"op": "none", "target": 42, "source": 60}, {"op": "none", "target": 43, "source": 60}, {"op": "none", "target": 44, "source": 60}, {"op": "none", "target": 45, "source": 60}, {"op": "none", "target": 46, "source": 60}, {"op": "none", "target": 47, "source": 60}, {"op": "none", "target": 48, "source": 60}, {"op": "none", "target": 49, "source": 60}, {"op": "none", "target": 50, "source": 60}, {"op": "none", "target": 51, "source": 60}, {"op": "none", "target": 52, "source": 60}, {"op": "none", "target": 53, "source": 30}, {"op": "none", "target": 54, "source": 60}, {"op": "none", "target": 55, "source": 60}, {"op": "none", "target": 56, "source": 60}, {"op": "none", "target": 57, "source": 60}, {"op": "none", "target": 58, "source": 60}, {"op": "none", "target": 59, "source": 60}, {"op": "none", "target": 61, "source": 60}], "title": "_This_kid_posing_for_a_band_photo", "nodes": [{"id": "g1386_cv5ajxl", "comment": "[Having the time of his life...](http://i.imgur.com/QVzdpdM.jpg)", "date": "2015-09-17 19:54:08", "seriesname": "g1386_cv5ajxl", "file": "/media/jbrogan4/scratch2/Reddit_Prov_Dataset_v6/_This_kid_posing_for_a_band_photo/g1386_cv5ajxl.jpg", "URL": "http://i.imgur.com/QVzdpdM.jpg", "fileid": "g1386_cv5ajxl.jpg"}, {"id": "g1386_cv51kmr", "comment": "[Yes Katniss, please have your way with me...](http://i.imgur.com/7vnK5r0.jpg)\n\nEDIT:  Maybe kinda sorta NSFW", "date": "2015-09-17 15:44:28", "seriesname": "g1386_cv51kmr", "file": "/media/jbrogan4/scratch2/Reddit_Prov_Dataset_v6/_This_kid_posing_for_a_band_photo/g1386_cv51kmr.jpg", "URL": "http://i.imgur.com/7vnK5r0.jpg", "fileid": "g1386_cv51kmr.jpg"}, {"id": "g1386_cv4w74d", "comment": "http://i.imgur.com/504D2k2.png", "date": "2015-09-17 13:31:23", "seriesname": "g1386_cv4w74d", "file": "/media/jbrogan4/scratch2/Reddit_Prov_Dataset_v6/_This_kid_posing_for_a_band_photo/g1386_cv4w74d.png", "URL": "http://i.imgur.com/504D2k2.png", "fileid": "g1386_cv4w74d.png"}, {"id": "g1386_cv4vbwf", "comment": "[Look where his career has taken him](http://i.imgur.com/pdwtzO6.jpg)", "date": "2015-09-17 13:09:55", "seriesname": "g1386_cv4vbwf", "file": "/media/jbrogan4/scratch2/Reddit_Prov_Dataset_v6/_This_kid_posing_for_a_band_photo/g1386_cv4vbwf.jpg", "URL": "http://i.imgur.com/pdwtzO6.jpg", "fileid": "g1386_cv4vbwf.jpg"}, {"id": "g1386_cv4xhlf", "comment": "[Free with his brothers](http://imgur.com/YT1aOSX)", "date": "2015-09-17 14:03:23", "seriesname": "g1386_cv4xhlf", "file": "/media/jbrogan4/scratch2/Reddit_Prov_Dataset_v6/_This_kid_posing_for_a_band_photo/g1386_cv4xhlf.png", "URL": "http://i.imgur.com/YT1aOSX.png", "fileid": "g1386_cv4xhlf.png"}, {"id": "g1386_cv4ucsr", "comment": "[About that birdy thing...](http://imgur.com/gzXVzg7)", "date": "2015-09-17 12:45:26", "seriesname": "g1386_cv4ucsr", "file": "/media/jbrogan4/scratch2/Reddit_Prov_Dataset_v6/_This_kid_posing_for_a_band_photo/g1386_cv4ucsr.png", "URL": "http://i.imgur.com/gzXVzg7.png", "fileid": "g1386_cv4ucsr.png"}, {"id": "g1386_cv524ju", "comment": "[Free Willy](http://i.imgur.com/W0LuLsx.jpg)", "date": "2015-09-17 15:58:07", "seriesname": "g1386_cv524ju", "file": "/media/jbrogan4/scratch2/Reddit_Prov_Dataset_v6/_This_kid_posing_for_a_band_photo/g1386_cv524ju.jpg", "URL": "http://i.imgur.com/W0LuLsx.jpg", "fileid": "g1386_cv524ju.jpg"}, {"id": "g1386_cv4wb8v", "comment": "[Mission Drumpossible](https://imgur.com/Ne9yqjN)", "date": "2015-09-17 13:34:17", "seriesname": "g1386_cv4wb8v", "file": "/media/jbrogan4/scratch2/Reddit_Prov_Dataset_v6/_This_kid_posing_for_a_band_photo/g1386_cv4wb8v.png", "URL": "http://i.imgur.com/Ne9yqjN.png", "fileid": "g1386_cv4wb8v.png"}, {"id": "g1386_cv4v2rp", "comment": "http://i.imgur.com/4U678E3.jpg", "date": "2015-09-17 13:03:29", "seriesname": "g1386_cv4v2rp", "file": "/media/jbrogan4/scratch2/Reddit_Prov_Dataset_v6/_This_kid_posing_for_a_band_photo/g1386_cv4v2rp.jpg", "URL": "http://i.imgur.com/4U678E3.jpg", "fileid": "g1386_cv4v2rp.jpg"}, {"id": "g1386_cv5ejz2", "comment": "This is for the folks back home\n\n\nhttp://imgur.com/615XaLG", "date": "2015-09-17 21:49:22", "seriesname": "g1386_cv5ejz2", "file": "/media/jbrogan4/scratch2/Reddit_Prov_Dataset_v6/_This_kid_posing_for_a_band_photo/g1386_cv5ejz2.png", "URL": "http://i.imgur.com/615XaLG.png", "fileid": "g1386_cv5ejz2.png"}, {"id": "g1386_cv51ngx", "comment": "Late to the battle, but I made a [300 drummer](http://i.imgur.com/W2tvf5O.png).", "date": "2015-09-17 15:46:26", "seriesname": "g1386_cv51ngx", "file": "/media/jbrogan4/scratch2/Reddit_Prov_Dataset_v6/_This_kid_posing_for_a_band_photo/g1386_cv51ngx.jpg", "URL": "http://i.imgur.com/W2tvf5O.png).", "fileid": "g1386_cv51ngx."}, {"id": "g1386_cv54faj", "comment": "http://i.imgur.com/OEB8OGX.png", "date": "2015-09-17 16:56:26", "seriesname": "g1386_cv54faj", "file": "/media/jbrogan4/scratch2/Reddit_Prov_Dataset_v6/_This_kid_posing_for_a_band_photo/g1386_cv54faj.png", "URL": "http://i.imgur.com/OEB8OGX.png", "fileid": "g1386_cv54faj.png"}, {"id": "g1386_cv4vmct", "comment": "[Hold me like the oscar you never won](http://imgur.com/EH00zp9)", "date": "2015-09-17 13:17:06", "seriesname": "g1386_cv4vmct", "file": "/media/jbrogan4/scratch2/Reddit_Prov_Dataset_v6/_This_kid_posing_for_a_band_photo/g1386_cv4vmct.png", "URL": "http://i.imgur.com/EH00zp9.png", "fileid": "g1386_cv4vmct.png"}, {"id": "g1386_cv4vjuk", "comment": "[It's Bad Luck to Bring a Percussionist on Board](http://i.imgur.com/Rs8gqCY.jpg)", "date": "2015-09-17 13:15:20", "seriesname": "g1386_cv4vjuk", "file": "/media/jbrogan4/scratch2/Reddit_Prov_Dataset_v6/_This_kid_posing_for_a_band_photo/g1386_cv4vjuk.jpg", "URL": "http://i.imgur.com/Rs8gqCY.jpg", "fileid": "g1386_cv4vjuk.jpg"}, {"id": "g1386_cv4updb", "comment": "http://i.imgur.com/mZJ1Mxu.jpg", "date": "2015-09-17 12:54:07", "seriesname": "g1386_cv4updb", "file": "/media/jbrogan4/scratch2/Reddit_Prov_Dataset_v6/_This_kid_posing_for_a_band_photo/g1386_cv4updb.jpg", "URL": "http://i.imgur.com/mZJ1Mxu.jpg", "fileid": "g1386_cv4updb.jpg"}, {"id": "g1386_cv4t6gy", "comment": "[He fits in quite well.](http://i.imgur.com/zOunYMk.jpg)", "date": "2015-09-17 12:15:33", "seriesname": "g1386_cv4t6gy", "file": "/media/jbrogan4/scratch2/Reddit_Prov_Dataset_v6/_This_kid_posing_for_a_band_photo/g1386_cv4t6gy.jpg", "URL": "http://i.imgur.com/zOunYMk.jpg", "fileid": "g1386_cv4t6gy.jpg"}, {"id": "g1386_cv53u2w", "comment": "[Cutout Collage](http://i.imgur.com/M396SqM.jpg?1) \nI may have went a bit overboard", "date": "2015-09-17 16:41:21", "seriesname": "g1386_cv53u2w", "file": "/media/jbrogan4/scratch2/Reddit_Prov_Dataset_v6/_This_kid_posing_for_a_band_photo/g1386_cv53u2w.jpg", "URL": "http://i.imgur.com/M396SqM.jpg?1", "fileid": "g1386_cv53u2w.jpg"}, {"id": "g1386_cv56be2", "comment": "[Painting](http://i.imgur.com/qt8hyES.jpg)", "date": "2015-09-17 17:47:13", "seriesname": "g1386_cv56be2", "file": "/media/jbrogan4/scratch2/Reddit_Prov_Dataset_v6/_This_kid_posing_for_a_band_photo/g1386_cv56be2.jpg", "URL": "http://i.imgur.com/qt8hyES.jpg", "fileid": "g1386_cv56be2.jpg"}, {"id": "g1386_cv57t23", "comment": "[Witness him](http://imgur.com/G0dkY4f)", "date": "2015-09-17 18:30:12", "seriesname": "g1386_cv57t23", "file": "/media/jbrogan4/scratch2/Reddit_Prov_Dataset_v6/_This_kid_posing_for_a_band_photo/g1386_cv57t23.png", "URL": "http://i.imgur.com/G0dkY4f.png", "fileid": "g1386_cv57t23.png"}, {"id": "g1386_cv5apud", "comment": "I'm sure something like this has already been done, but . . .\nhttp://imgur.com/OFpeISJ", "date": "2015-09-17 19:59:11", "seriesname": "g1386_cv5apud", "file": "/media/jbrogan4/scratch2/Reddit_Prov_Dataset_v6/_This_kid_posing_for_a_band_photo/g1386_cv5apud.png", "URL": "http://i.imgur.com/OFpeISJ.png", "fileid": "g1386_cv5apud.png"}, {"id": "g1386_cv4xw2z", "comment": "[Ringo, acting the maggot.](http://i.imgur.com/uRwkvIk.jpg)", "date": "2015-09-17 14:13:12", "seriesname": "g1386_cv4xw2z", "file": "/media/jbrogan4/scratch2/Reddit_Prov_Dataset_v6/_This_kid_posing_for_a_band_photo/g1386_cv4xw2z.jpg", "URL": "http://i.imgur.com/uRwkvIk.jpg", "fileid": "g1386_cv4xw2z.jpg"}, {"id": "g1386_cv5oiz1", "comment": "They called him Flipper, Flipper, Flipper. http://i.imgur.com/srcjBMq.jpg, http://imgur.com/E2v9B2g", "date": "2015-09-18 05:08:11", "seriesname": "g1386_cv5oiz1", "file": "/media/jbrogan4/scratch2/Reddit_Prov_Dataset_v6/_This_kid_posing_for_a_band_photo/g1386_cv5oiz1.png", "URL": "http://i.imgur.com/E2v9B2g.png", "fileid": "g1386_cv5oiz1.png"}, {"id": "g1386_cv54wae", "comment": "[For the Smash fans out there.](http://i.imgur.com/G444RUe.png)", "date": "2015-09-17 17:08:57", "seriesname": "g1386_cv54wae", "file": "/media/jbrogan4/scratch2/Reddit_Prov_Dataset_v6/_This_kid_posing_for_a_band_photo/g1386_cv54wae.png", "URL": "http://i.imgur.com/G444RUe.png", "fileid": "g1386_cv54wae.png"}, {"id": "g1386_cv52i2n", "comment": "[Our glorious leader soaring through skies of NY](http://i.imgur.com/bC4AuAD.png)", "date": "2015-09-17 16:07:30", "seriesname": "g1386_cv52i2n", "file": "/media/jbrogan4/scratch2/Reddit_Prov_Dataset_v6/_This_kid_posing_for_a_band_photo/g1386_cv52i2n.png", "URL": "http://i.imgur.com/bC4AuAD.png", "fileid": "g1386_cv52i2n.png"}, {"id": "g1386_cv4v3gx", "comment": "http://i.imgur.com/TyIof4Q.jpg", "date": "2015-09-17 13:03:58", "seriesname": "g1386_cv4v3gx", "file": "/media/jbrogan4/scratch2/Reddit_Prov_Dataset_v6/_This_kid_posing_for_a_band_photo/g1386_cv4v3gx.jpg", "URL": "http://i.imgur.com/TyIof4Q.jpg", "fileid": "g1386_cv4v3gx.jpg"}, {"id": "g1386_cv5b5bc", "comment": "A Sistine surprise. http://imgur.com/4Eq5nhM", "date": "2015-09-17 20:12:29", "seriesname": "g1386_cv5b5bc", "file": "/media/jbrogan4/scratch2/Reddit_Prov_Dataset_v6/_This_kid_posing_for_a_band_photo/g1386_cv5b5bc.png", "URL": "http://i.imgur.com/4Eq5nhM.png", "fileid": "g1386_cv5b5bc.png"}, {"id": "g1386_cv4w4qv", "comment": "[Little Drummer Boy](http://imgur.com/YYag3Ob)", "date": "2015-09-17 13:29:47", "seriesname": "g1386_cv4w4qv", "file": "/media/jbrogan4/scratch2/Reddit_Prov_Dataset_v6/_This_kid_posing_for_a_band_photo/g1386_cv4w4qv.png", "URL": "http://i.imgur.com/YYag3Ob.png", "fileid": "g1386_cv4w4qv.png"}, {"id": "g1386_cv51901", "comment": "[They said I could be anything.](http://i.imgur.com/AY3bqJs.jpg)", "date": "2015-09-17 15:36:34", "seriesname": "g1386_cv51901", "file": "/media/jbrogan4/scratch2/Reddit_Prov_Dataset_v6/_This_kid_posing_for_a_band_photo/g1386_cv51901.jpg", "URL": "http://i.imgur.com/AY3bqJs.jpg", "fileid": "g1386_cv51901.jpg"}, {"id": "g1386_cv4xk17", "comment": "[Magic trick!](http://i.imgur.com/lFkHnf0.png) [NSFW]", "date": "2015-09-17 14:05:04", "seriesname": "g1386_cv4xk17", "file": "/media/jbrogan4/scratch2/Reddit_Prov_Dataset_v6/_This_kid_posing_for_a_band_photo/g1386_cv4xk17.png", "URL": "http://i.imgur.com/lFkHnf0.png", "fileid": "g1386_cv4xk17.png"}, {"id": "g1386_cv4x2ul", "comment": "[You Can Fly!](http://i.imgur.com/bL6P72U.jpg)", "date": "2015-09-17 13:53:18", "seriesname": "g1386_cv4x2ul", "file": "/media/jbrogan4/scratch2/Reddit_Prov_Dataset_v6/_This_kid_posing_for_a_band_photo/g1386_cv4x2ul.jpg", "URL": "http://i.imgur.com/bL6P72U.jpg", "fileid": "g1386_cv4x2ul.jpg"}, {"id": "g1386_cv4upnn", "comment": "[Fuck off, kid](http://i.imgur.com/y1YIQKI.jpg)", "date": "2015-09-17 12:54:18", "seriesname": "g1386_cv4upnn", "file": "/media/jbrogan4/scratch2/Reddit_Prov_Dataset_v6/_This_kid_posing_for_a_band_photo/g1386_cv4upnn.jpg", "URL": "http://i.imgur.com/y1YIQKI.jpg", "fileid": "g1386_cv4upnn.jpg"}, {"id": "g1386_cv5oq32", "comment": "http://imgur.com/ZPLOhZy \n\nKidcycle \n", "date": "2015-09-18 05:23:18", "seriesname": "g1386_cv5oq32", "file": "/media/jbrogan4/scratch2/Reddit_Prov_Dataset_v6/_This_kid_posing_for_a_band_photo/g1386_cv5oq32.png", "URL": "http://i.imgur.com/ZPLOhZy.png", "fileid": "g1386_cv5oq32.png"}, {"id": "g1386_cv4yyy2", "comment": "[Flappy Nerd](http://i.imgur.com/8VFCvZq.jpg)", "date": "2015-09-17 14:40:02", "seriesname": "g1386_cv4yyy2", "file": "/media/jbrogan4/scratch2/Reddit_Prov_Dataset_v6/_This_kid_posing_for_a_band_photo/g1386_cv4yyy2.jpg", "URL": "http://i.imgur.com/8VFCvZq.jpg", "fileid": "g1386_cv4yyy2.jpg"}, {"id": "g1386_cv5f7dw", "comment": "[Seal on a rock](http://i.imgur.com/Mn8mcHh.jpg)", "date": "2015-09-17 22:07:45", "seriesname": "g1386_cv5f7dw", "file": "/media/jbrogan4/scratch2/Reddit_Prov_Dataset_v6/_This_kid_posing_for_a_band_photo/g1386_cv5f7dw.jpg", "URL": "http://i.imgur.com/Mn8mcHh.jpg", "fileid": "g1386_cv5f7dw.jpg"}, {"id": "g1386_cv52tz5", "comment": "Flap, Flap, god dammit.\nhttp://i.imgur.com/gc0bKiz.jpg", "date": "2015-09-17 16:15:56", "seriesname": "g1386_cv52tz5", "file": "/media/jbrogan4/scratch2/Reddit_Prov_Dataset_v6/_This_kid_posing_for_a_band_photo/g1386_cv52tz5.jpg", "URL": "http://i.imgur.com/gc0bKiz.jpg", "fileid": "g1386_cv52tz5.jpg"}, {"id": "g1386_cv4vvsx", "comment": "[Late for parents evening](http://i.imgur.com/Enrbj3l.png)", "date": "2015-09-17 13:23:39", "seriesname": "g1386_cv4vvsx", "file": "/media/jbrogan4/scratch2/Reddit_Prov_Dataset_v6/_This_kid_posing_for_a_band_photo/g1386_cv4vvsx.png", "URL": "http://i.imgur.com/Enrbj3l.png", "fileid": "g1386_cv4vvsx.png"}, {"id": "g1386_cv5rffl", "comment": "[NO! not that\u2026 way](http://imgur.com/w6qLHbI)", "date": "2015-09-18 08:11:01", "seriesname": "g1386_cv5rffl", "file": "/media/jbrogan4/scratch2/Reddit_Prov_Dataset_v6/_This_kid_posing_for_a_band_photo/g1386_cv5rffl.png", "URL": "http://i.imgur.com/w6qLHbI.png", "fileid": "g1386_cv5rffl.png"}, {"id": "g1386_cv4w3z8", "comment": "[GOTTA GO SLOO^O^O^O^W^W^W^W^W](http://i.imgur.com/9msPH8v.png)", "date": "2015-09-17 13:29:16", "seriesname": "g1386_cv4w3z8", "file": "/media/jbrogan4/scratch2/Reddit_Prov_Dataset_v6/_This_kid_posing_for_a_band_photo/g1386_cv4w3z8.png", "URL": "http://i.imgur.com/9msPH8v.png", "fileid": "g1386_cv4w3z8.png"}, {"id": "g1386_cv56tbl", "comment": "http://i.imgur.com/bQkAlfz.jpg", "date": "2015-09-17 18:01:04", "seriesname": "g1386_cv56tbl", "file": "/media/jbrogan4/scratch2/Reddit_Prov_Dataset_v6/_This_kid_posing_for_a_band_photo/g1386_cv56tbl.jpg", "URL": "http://i.imgur.com/bQkAlfz.jpg", "fileid": "g1386_cv56tbl.jpg"}, {"id": "g1386_cv549pt", "comment": "[Dreams do come true](http://i.imgur.com/LckfzPm.png)", "date": "2015-09-17 16:52:29", "seriesname": "g1386_cv549pt", "file": "/media/jbrogan4/scratch2/Reddit_Prov_Dataset_v6/_This_kid_posing_for_a_band_photo/g1386_cv549pt.png", "URL": "http://i.imgur.com/LckfzPm.png", "fileid": "g1386_cv549pt.png"}, {"id": "g1386_cv5b9no", "comment": "[Dreamworks](http://i.imgur.com/DnKETMT.jpg)", "date": "2015-09-17 20:16:07", "seriesname": "g1386_cv5b9no", "file": "/media/jbrogan4/scratch2/Reddit_Prov_Dataset_v6/_This_kid_posing_for_a_band_photo/g1386_cv5b9no.jpg", "URL": "http://i.imgur.com/DnKETMT.jpg", "fileid": "g1386_cv5b9no.jpg"}, {"id": "g1386_cv4wzp7", "comment": "http://i.imgur.com/LxOXlbb.jpg", "date": "2015-09-17 13:51:09", "seriesname": "g1386_cv4wzp7", "file": "/media/jbrogan4/scratch2/Reddit_Prov_Dataset_v6/_This_kid_posing_for_a_band_photo/g1386_cv4wzp7.jpg", "URL": "http://i.imgur.com/LxOXlbb.jpg", "fileid": "g1386_cv4wzp7.jpg"}, {"id": "g1386_cv4zcs3", "comment": "they said i could become anything,\nso i became the terror of the seas\nhttps://imgur.com/XlOOYu7", "date": "2015-09-17 14:49:47", "seriesname": "g1386_cv4zcs3", "file": "/media/jbrogan4/scratch2/Reddit_Prov_Dataset_v6/_This_kid_posing_for_a_band_photo/g1386_cv4zcs3.png", "URL": "http://i.imgur.com/XlOOYu7.png", "fileid": "g1386_cv4zcs3.png"}, {"id": "g1386_cv51jr4", "comment": "[off the top rope](http://imgur.com/DCwlOmb)", "date": "2015-09-17 15:43:54", "seriesname": "g1386_cv51jr4", "file": "/media/jbrogan4/scratch2/Reddit_Prov_Dataset_v6/_This_kid_posing_for_a_band_photo/g1386_cv51jr4.png", "URL": "http://i.imgur.com/DCwlOmb.png", "fileid": "g1386_cv51jr4.png"}, {"id": "g1386_cv4ypwl", "comment": "http://i.imgur.com/w8qfsRO.jpg", "date": "2015-09-17 14:33:39", "seriesname": "g1386_cv4ypwl", "file": "/media/jbrogan4/scratch2/Reddit_Prov_Dataset_v6/_This_kid_posing_for_a_band_photo/g1386_cv4ypwl.jpg", "URL": "http://i.imgur.com/w8qfsRO.jpg", "fileid": "g1386_cv4ypwl.jpg"}, {"id": "g1386_cv52n1s", "comment": "The Kid has moves http://imgur.com/wsRRKrp ", "date": "2015-09-17 16:11:03", "seriesname": "g1386_cv52n1s", "file": "/media/jbrogan4/scratch2/Reddit_Prov_Dataset_v6/_This_kid_posing_for_a_band_photo/g1386_cv52n1s.png", "URL": "http://i.imgur.com/wsRRKrp.png", "fileid": "g1386_cv52n1s.png"}, {"id": "g1386_cv4yvvm", "comment": "[Show 'em how it's done](http://i.imgur.com/kenwDKh.jpg)", "date": "2015-09-17 14:37:56", "seriesname": "g1386_cv4yvvm", "file": "/media/jbrogan4/scratch2/Reddit_Prov_Dataset_v6/_This_kid_posing_for_a_band_photo/g1386_cv4yvvm.jpg", "URL": "http://i.imgur.com/kenwDKh.jpg", "fileid": "g1386_cv4yvvm.jpg"}, {"id": "g1386_cv52055", "comment": "[Free Drummy!](http://i.imgur.com/qLvZFuL.png)", "date": "2015-09-17 15:55:05", "seriesname": "g1386_cv52055", "file": "/media/jbrogan4/scratch2/Reddit_Prov_Dataset_v6/_This_kid_posing_for_a_band_photo/g1386_cv52055.png", "URL": "http://i.imgur.com/qLvZFuL.png", "fileid": "g1386_cv52055.png"}, {"id": "g1386_cv5ayur", "comment": "[terrible that it's the first thing that came to mind](http://i.imgur.com/We2li6F.jpg)", "date": "2015-09-17 20:06:57", "seriesname": "g1386_cv5ayur", "file": "/media/jbrogan4/scratch2/Reddit_Prov_Dataset_v6/_This_kid_posing_for_a_band_photo/g1386_cv5ayur.jpg", "URL": "http://i.imgur.com/We2li6F.jpg", "fileid": "g1386_cv5ayur.jpg"}, {"id": "g1386_cv56kh8", "comment": "http://imgur.com/1ik9o6C Blades of Glory meets little drummer boy", "date": "2015-09-17 17:54:16", "seriesname": "g1386_cv56kh8", "file": "/media/jbrogan4/scratch2/Reddit_Prov_Dataset_v6/_This_kid_posing_for_a_band_photo/g1386_cv56kh8.png", "URL": "http://i.imgur.com/1ik9o6C.png", "fileid": "g1386_cv56kh8.png"}, {"id": "g1386_cv4xjf5", "comment": "[They've got style, I'll give them that.](http://i.imgur.com/QV10jhd.png)", "date": "2015-09-17 14:04:38", "seriesname": "g1386_cv4xjf5", "file": "/media/jbrogan4/scratch2/Reddit_Prov_Dataset_v6/_This_kid_posing_for_a_band_photo/g1386_cv4xjf5.png", "URL": "http://i.imgur.com/QV10jhd.png", "fileid": "g1386_cv4xjf5.png"}, {"id": "g1386_cv54v2k", "comment": "http://imgur.com/CqwYfxN On your six ", "date": "2015-09-17 17:08:02", "seriesname": "g1386_cv54v2k", "file": "/media/jbrogan4/scratch2/Reddit_Prov_Dataset_v6/_This_kid_posing_for_a_band_photo/g1386_cv54v2k.png", "URL": "http://i.imgur.com/CqwYfxN.png", "fileid": "g1386_cv54v2k.png"}, {"id": "g1386_cv4zleo", "comment": "http://imgur.com/R4FoqA2\n", "date": "2015-09-17 14:55:45", "seriesname": "g1386_cv4zleo", "file": "/media/jbrogan4/scratch2/Reddit_Prov_Dataset_v6/_This_kid_posing_for_a_band_photo/g1386_cv4zleo.png", "URL": "http://i.imgur.com/R4FoqA2.png", "fileid": "g1386_cv4zleo.png"}, {"id": "g1386_cv4wtjn", "comment": "http://i.imgur.com/umdrBCk.png", "date": "2015-09-17 13:46:58", "seriesname": "g1386_cv4wtjn", "file": "/media/jbrogan4/scratch2/Reddit_Prov_Dataset_v6/_This_kid_posing_for_a_band_photo/g1386_cv4wtjn.png", "URL": "http://i.imgur.com/umdrBCk.png", "fileid": "g1386_cv4wtjn.png"}, {"id": "g1386_cv4y27m", "comment": "[Dirty Drummer](http://i.imgur.com/d4nYk1l.jpg)", "date": "2015-09-17 14:17:23", "seriesname": "g1386_cv4y27m", "file": "/media/jbrogan4/scratch2/Reddit_Prov_Dataset_v6/_This_kid_posing_for_a_band_photo/g1386_cv4y27m.jpg", "URL": "http://i.imgur.com/d4nYk1l.jpg", "fileid": "g1386_cv4y27m.jpg"}, {"id": "g1386_cv5e0s8", "comment": "[Leap of Faith](http://i.imgur.com/IMK3UwL.png)", "date": "2015-09-17 21:34:55", "seriesname": "g1386_cv5e0s8", "file": "/media/jbrogan4/scratch2/Reddit_Prov_Dataset_v6/_This_kid_posing_for_a_band_photo/g1386_cv5e0s8.png", "URL": "http://i.imgur.com/IMK3UwL.png", "fileid": "g1386_cv5e0s8.png"}, {"id": "g1386_cv5o4qc", "comment": "[It's just a normal drummer](http://i.imgur.com/dhoT95t.jpg)", "date": "2015-09-18 04:37:46", "seriesname": "g1386_cv5o4qc", "file": "/media/jbrogan4/scratch2/Reddit_Prov_Dataset_v6/_This_kid_posing_for_a_band_photo/g1386_cv5o4qc.jpg", "URL": "http://i.imgur.com/dhoT95t.jpg", "fileid": "g1386_cv5o4qc.jpg"}, {"id": "g1386_cv5b7lg", "comment": "[I\u2019m scared of walking out of this room and never feeling the rest of my whole life the way I feel when I\u2019m with you.](http://i.imgur.com/R7JYbgH.png)", "date": "2015-09-17 20:14:24", "seriesname": "g1386_cv5b7lg", "file": "/media/jbrogan4/scratch2/Reddit_Prov_Dataset_v6/_This_kid_posing_for_a_band_photo/g1386_cv5b7lg.png", "URL": "http://i.imgur.com/R7JYbgH.png", "fileid": "g1386_cv5b7lg.png"}, {"id": "g1386_cv574fv", "comment": "[Handles Like A Dream](http://i.imgur.com/mnGLm9J.jpg)", "date": "2015-09-17 18:10:04", "seriesname": "g1386_cv574fv", "file": "/media/jbrogan4/scratch2/Reddit_Prov_Dataset_v6/_This_kid_posing_for_a_band_photo/g1386_cv574fv.jpg", "URL": "http://i.imgur.com/mnGLm9J.jpg", "fileid": "g1386_cv574fv.jpg"}, {"id": "g1386_cv4zftl", "comment": "[One of Many Kids](http://i.imgur.com/ssaHTYi.jpg)", "date": "2015-09-17 14:51:55", "seriesname": "g1386_cv4zftl", "file": "/media/jbrogan4/scratch2/Reddit_Prov_Dataset_v6/_This_kid_posing_for_a_band_photo/g1386_cv4zftl.jpg", "URL": "http://i.imgur.com/ssaHTYi.jpg", "fileid": "g1386_cv4zftl.jpg"}, {"id": "g1386_root", "comment": "", "date": "2015-09-17 10:48:56", "seriesname": "g1386_root", "file": "/media/jbrogan4/scratch2/Reddit_Prov_Dataset_v6/_This_kid_posing_for_a_band_photo/g1386_root.jpg", "URL": "http://i.imgur.com/srcjBMq.jpg", "fileid": "g1386_root.jpg"}, {"id": "g1386_cv58h9z", "comment": "[\u266b I can show you the world \u266b](http://i.imgur.com/papVxM3.jpg)", "date": "2015-09-17 18:50:07", "seriesname": "g1386_cv58h9z", "file": "/media/jbrogan4/scratch2/Reddit_Prov_Dataset_v6/_This_kid_posing_for_a_band_photo/g1386_cv58h9z.jpg", "URL": "http://i.imgur.com/papVxM3.jpg", "fileid": "g1386_cv58h9z.jpg"}], "graph": {"name": "g1386_root"}, "directed": true}