{"links": [{"op": "none", "target": 0, "source": 61}, {"op": "none", "target": 1, "source": 61}, {"op": "none", "target": 2, "source": 61}, {"op": "none", "target": 3, "source": 61}, {"op": "none", "target": 4, "source": 61}, {"op": "none", "target": 5, "source": 61}, {"op": "none", "target": 6, "source": 61}, {"op": "none", "target": 7, "source": 61}, {"op": "none", "target": 8, "source": 61}, {"op": "none", "target": 9, "source": 61}, {"op": "none", "target": 10, "source": 61}, {"op": "none", "target": 11, "source": 61}, {"op": "none", "target": 12, "source": 61}, {"op": "none", "target": 13, "source": 61}, {"op": "none", "target": 14, "source": 61}, {"op": "none", "target": 15, "source": 61}, {"op": "none", "target": 16, "source": 61}, {"op": "none", "target": 17, "source": 61}, {"op": "none", "target": 18, "source": 61}, {"op": "none", "target": 19, "source": 61}, {"op": "none", "target": 20, "source": 61}, {"op": "none", "target": 21, "source": 61}, {"op": "none", "target": 22, "source": 17}, {"op": "none", "target": 23, "source": 61}, {"op": "none", "target": 24, "source": 61}, {"op": "none", "target": 25, "source": 61}, {"op": "none", "target": 26, "source": 61}, {"op": "none", "target": 27, "source": 49}, {"op": "none", "target": 28, "source": 61}, {"op": "none", "target": 29, "source": 49}, {"op": "none", "target": 30, "source": 61}, {"op": "none", "target": 31, "source": 61}, {"op": "none", "target": 32, "source": 61}, {"op": "none", "target": 33, "source": 19}, {"op": "none", "target": 34, "source": 61}, {"op": "none", "target": 35, "source": 61}, {"op": "none", "target": 36, "source": 64}, {"op": "none", "target": 37, "source": 61}, {"op": "none", "target": 38, "source": 61}, {"op": "none", "target": 39, "source": 61}, {"op": "none", "target": 40, "source": 61}, {"op": "none", "target": 41, "source": 61}, {"op": "none", "target": 42, "source": 18}, {"op": "none", "target": 43, "source": 61}, {"op": "none", "target": 44, "source": 61}, {"op": "none", "target": 45, "source": 61}, {"op": "none", "target": 46, "source": 61}, {"op": "none", "target": 47, "source": 61}, {"op": "none", "target": 48, "source": 61}, {"op": "none", "target": 49, "source": 10}, {"op": "none", "target": 50, "source": 1}, {"op": "none", "target": 51, "source": 61}, {"op": "none", "target": 52, "source": 61}, {"op": "none", "target": 53, "source": 61}, {"op": "none", "target": 54, "source": 61}, {"op": "none", "target": 55, "source": 61}, {"op": "none", "target": 56, "source": 52}, {"op": "none", "target": 57, "source": 61}, {"op": "none", "target": 58, "source": 61}, {"op": "none", "target": 59, "source": 61}, {"op": "none", "target": 60, "source": 23}, {"op": "none", "target": 62, "source": 61}, {"op": "none", "target": 63, "source": 33}, {"op": "none", "target": 64, "source": 61}], "title": "_Cat_outside_in_the_snow,_posing_with_it's_paw_on_it's_chest", "nodes": [{"id": "g1393_cozho3i", "comment": "[Freedom](http://i.imgur.com/g9tbrSA.jpg)", "date": "2015-02-27 19:29:33", "seriesname": "g1393_cozho3i", "file": "/media/jbrogan4/scratch2/Reddit_Prov_Dataset_v6/_Cat_outside_in_the_snow,_posing_with_it's_paw_on_it's_chest/g1393_cozho3i.jpg", "URL": "http://i.imgur.com/g9tbrSA.jpg", "fileid": "g1393_cozho3i.jpg"}, {"id": "g1393_cozatrn", "comment": "http://imgur.com/9lVA3Xa", "date": "2015-02-27 15:59:21", "seriesname": "g1393_cozatrn", "file": "/media/jbrogan4/scratch2/Reddit_Prov_Dataset_v6/_Cat_outside_in_the_snow,_posing_with_it's_paw_on_it's_chest/g1393_cozatrn.png", "URL": "http://i.imgur.com/9lVA3Xa.png", "fileid": "g1393_cozatrn.png"}, {"id": "g1393_cozep86", "comment": "[english](http://imgur.com/m99OdSy.jpg)", "date": "2015-02-27 17:52:49", "seriesname": "g1393_cozep86", "file": "/media/jbrogan4/scratch2/Reddit_Prov_Dataset_v6/_Cat_outside_in_the_snow,_posing_with_it's_paw_on_it's_chest/g1393_cozep86.jpg", "URL": "http://imgur.com/m99OdSy.jpg", "fileid": "g1393_cozep86.jpg"}, {"id": "g1393_cozhyfw", "comment": "[Napoleon Cataparte](http://imgur.com/deWbRLQ)", "date": "2015-02-27 19:39:25", "seriesname": "g1393_cozhyfw", "file": "/media/jbrogan4/scratch2/Reddit_Prov_Dataset_v6/_Cat_outside_in_the_snow,_posing_with_it's_paw_on_it's_chest/g1393_cozhyfw.png", "URL": "http://i.imgur.com/deWbRLQ.png", "fileid": "g1393_cozhyfw.png"}, {"id": "g1393_coz6p3x", "comment": "[Christ, I wish he'd give it a break, he's not even that cute](http://imgur.com/toFyz8R)", "date": "2015-02-27 14:04:43", "seriesname": "g1393_coz6p3x", "file": "/media/jbrogan4/scratch2/Reddit_Prov_Dataset_v6/_Cat_outside_in_the_snow,_posing_with_it's_paw_on_it's_chest/g1393_coz6p3x.png", "URL": "http://i.imgur.com/toFyz8R.png", "fileid": "g1393_coz6p3x.png"}, {"id": "g1393_cozszfk", "comment": "[I want you!](http://i.imgur.com/p5nsv0X.jpg)", "date": "2015-02-28 03:45:32", "seriesname": "g1393_cozszfk", "file": "/media/jbrogan4/scratch2/Reddit_Prov_Dataset_v6/_Cat_outside_in_the_snow,_posing_with_it's_paw_on_it's_chest/g1393_cozszfk.jpg", "URL": "http://i.imgur.com/p5nsv0X.jpg", "fileid": "g1393_cozszfk.jpg"}, {"id": "g1393_coz4909", "comment": "[Oh say can you see...](http://i.imgur.com/8qQwZ9D.png)", "date": "2015-02-27 12:56:57", "seriesname": "g1393_coz4909", "file": "/media/jbrogan4/scratch2/Reddit_Prov_Dataset_v6/_Cat_outside_in_the_snow,_posing_with_it's_paw_on_it's_chest/g1393_coz4909.png", "URL": "http://i.imgur.com/8qQwZ9D.png", "fileid": "g1393_coz4909.png"}, {"id": "g1393_coz8l7s", "comment": "[tsundere](http://i.imgur.com/1Of37P5.png)\n\nMy first submission here, just made the first thing I thought of.", "date": "2015-02-27 14:57:09", "seriesname": "g1393_coz8l7s", "file": "/media/jbrogan4/scratch2/Reddit_Prov_Dataset_v6/_Cat_outside_in_the_snow,_posing_with_it's_paw_on_it's_chest/g1393_coz8l7s.png", "URL": "http://i.imgur.com/1Of37P5.png", "fileid": "g1393_coz8l7s.png"}, {"id": "g1393_coz63qx", "comment": "[The survey corps just got cuter](http://i.imgur.com/bR10MWU.jpg)", "date": "2015-02-27 13:48:10", "seriesname": "g1393_coz63qx", "file": "/media/jbrogan4/scratch2/Reddit_Prov_Dataset_v6/_Cat_outside_in_the_snow,_posing_with_it's_paw_on_it's_chest/g1393_coz63qx.jpg", "URL": "http://i.imgur.com/bR10MWU.jpg", "fileid": "g1393_coz63qx.jpg"}, {"id": "g1393_coz5ae6", "comment": "[A-Cat On Titan] (http://imgur.com/r8Ojt5y)", "date": "2015-02-27 13:25:34", "seriesname": "g1393_coz5ae6", "file": "/media/jbrogan4/scratch2/Reddit_Prov_Dataset_v6/_Cat_outside_in_the_snow,_posing_with_it's_paw_on_it's_chest/g1393_coz5ae6.png", "URL": "http://i.imgur.com/r8Ojt5y.png", "fileid": "g1393_coz5ae6.png"}, {"id": "g1393_coz2vhb", "comment": "[Cattitude.](http://i.imgur.com/2HTRic9.jpg)", "date": "2015-02-27 12:19:08", "seriesname": "g1393_coz2vhb", "file": "/media/jbrogan4/scratch2/Reddit_Prov_Dataset_v6/_Cat_outside_in_the_snow,_posing_with_it's_paw_on_it's_chest/g1393_coz2vhb.jpg", "URL": "http://i.imgur.com/2HTRic9.jpg", "fileid": "g1393_coz2vhb.jpg"}, {"id": "g1393_cozeapg", "comment": "[Watching a man swing, and a squirrel building a snowman](http://i.imgur.com/EUZhBiK.jpg)", "date": "2015-02-27 17:40:43", "seriesname": "g1393_cozeapg", "file": "/media/jbrogan4/scratch2/Reddit_Prov_Dataset_v6/_Cat_outside_in_the_snow,_posing_with_it's_paw_on_it's_chest/g1393_cozeapg.jpg", "URL": "http://i.imgur.com/EUZhBiK.jpg", "fileid": "g1393_cozeapg.jpg"}, {"id": "g1393_cozdfhd", "comment": "[I have been, and always shall be, your friend...](http://i.imgur.com/nhitcw7.jpg)", "date": "2015-02-27 17:14:10", "seriesname": "g1393_cozdfhd", "file": "/media/jbrogan4/scratch2/Reddit_Prov_Dataset_v6/_Cat_outside_in_the_snow,_posing_with_it's_paw_on_it's_chest/g1393_cozdfhd.jpg", "URL": "http://i.imgur.com/nhitcw7.jpg", "fileid": "g1393_cozdfhd.jpg"}, {"id": "g1393_coz88yl", "comment": "[House of Cats](http://i.imgur.com/maJh178.jpg)\n-\nOriginal: [House of Cards](http://i.imgur.com/BnzlyGX.jpg)", "date": "2015-02-27 14:47:51", "seriesname": "g1393_coz88yl", "file": "/media/jbrogan4/scratch2/Reddit_Prov_Dataset_v6/_Cat_outside_in_the_snow,_posing_with_it's_paw_on_it's_chest/g1393_coz88yl.jpg", "URL": "http://i.imgur.com/BnzlyGX.jpg", "fileid": "g1393_coz88yl.jpg"}, {"id": "g1393_coz6fum", "comment": "[http://i.imgur.com/c7EXGPG.png](http://i.imgur.com/c7EXGPG.png)", "date": "2015-02-27 13:57:33", "seriesname": "g1393_coz6fum", "file": "/media/jbrogan4/scratch2/Reddit_Prov_Dataset_v6/_Cat_outside_in_the_snow,_posing_with_it's_paw_on_it's_chest/g1393_coz6fum.png", "URL": "http://i.imgur.com/c7EXGPG.png](http://i.imgur.com/c7EXGPG.png", "fileid": "g1393_coz6fum.png"}, {"id": "g1393_coz9n9u", "comment": "[Thanks Obama](http://imgur.com/VNzVh7h)\n", "date": "2015-02-27 15:26:18", "seriesname": "g1393_coz9n9u", "file": "/media/jbrogan4/scratch2/Reddit_Prov_Dataset_v6/_Cat_outside_in_the_snow,_posing_with_it's_paw_on_it's_chest/g1393_coz9n9u.png", "URL": "http://i.imgur.com/VNzVh7h.png", "fileid": "g1393_coz9n9u.png"}, {"id": "g1393_coz6l5o", "comment": "[Oh travolta-sensei] (http://imgur.com/Bo6aUiS)", "date": "2015-02-27 14:01:38", "seriesname": "g1393_coz6l5o", "file": "/media/jbrogan4/scratch2/Reddit_Prov_Dataset_v6/_Cat_outside_in_the_snow,_posing_with_it's_paw_on_it's_chest/g1393_coz6l5o.png", "URL": "http://i.imgur.com/Bo6aUiS.png", "fileid": "g1393_coz6l5o.png"}, {"id": "g1393_coz9ede", "comment": "[Why? Because fuck it, that's why](http://i.imgur.com/IGAGLUw.png)", "date": "2015-02-27 15:19:37", "seriesname": "g1393_coz9ede", "file": "/media/jbrogan4/scratch2/Reddit_Prov_Dataset_v6/_Cat_outside_in_the_snow,_posing_with_it's_paw_on_it's_chest/g1393_coz9ede.png", "URL": "http://i.imgur.com/IGAGLUw.png", "fileid": "g1393_coz9ede.png"}, {"id": "g1393_coz89qy", "comment": "[Brace Yourselves](http://imgur.com/1elbe4j)", "date": "2015-02-27 14:48:26", "seriesname": "g1393_coz89qy", "file": "/media/jbrogan4/scratch2/Reddit_Prov_Dataset_v6/_Cat_outside_in_the_snow,_posing_with_it's_paw_on_it's_chest/g1393_coz89qy.png", "URL": "http://i.imgur.com/1elbe4j.png", "fileid": "g1393_coz89qy.png"}, {"id": "g1393_coz6ckt", "comment": "[Biden is at it again.](http://i.imgur.com/Su0cGvg.png)", "date": "2015-02-27 13:55:04", "seriesname": "g1393_coz6ckt", "file": "/media/jbrogan4/scratch2/Reddit_Prov_Dataset_v6/_Cat_outside_in_the_snow,_posing_with_it's_paw_on_it's_chest/g1393_coz6ckt.png", "URL": "http://i.imgur.com/Su0cGvg.png", "fileid": "g1393_coz6ckt.png"}, {"id": "g1393_cozb7ek", "comment": "[The Knug is proud of his country's cat.](http://i.imgur.com/rM7PTNv.jpg)", "date": "2015-02-27 16:09:58", "seriesname": "g1393_cozb7ek", "file": "/media/jbrogan4/scratch2/Reddit_Prov_Dataset_v6/_Cat_outside_in_the_snow,_posing_with_it's_paw_on_it's_chest/g1393_cozb7ek.jpg", "URL": "http://i.imgur.com/rM7PTNv.jpg", "fileid": "g1393_cozb7ek.jpg"}, {"id": "g1393_coz85k3", "comment": "[You want me to play the Symphony of Space?](http://i.imgur.com/whUjvT7.jpg)", "date": "2015-02-27 14:45:15", "seriesname": "g1393_coz85k3", "file": "/media/jbrogan4/scratch2/Reddit_Prov_Dataset_v6/_Cat_outside_in_the_snow,_posing_with_it's_paw_on_it's_chest/g1393_coz85k3.jpg", "URL": "http://i.imgur.com/whUjvT7.jpg", "fileid": "g1393_coz85k3.jpg"}, {"id": "g1393_coze6fb", "comment": "http://imgur.com/mc0QqZL", "date": "2015-02-27 17:37:01", "seriesname": "g1393_coze6fb", "file": "/media/jbrogan4/scratch2/Reddit_Prov_Dataset_v6/_Cat_outside_in_the_snow,_posing_with_it's_paw_on_it's_chest/g1393_coze6fb.png", "URL": "http://i.imgur.com/mc0QqZL.png", "fileid": "g1393_coze6fb.png"}, {"id": "g1393_coz4m6l", "comment": "[All I see is black and blue](http://imgur.com/NtGuEVx.jpg)", "date": "2015-02-27 13:07:00", "seriesname": "g1393_coz4m6l", "file": "/media/jbrogan4/scratch2/Reddit_Prov_Dataset_v6/_Cat_outside_in_the_snow,_posing_with_it's_paw_on_it's_chest/g1393_coz4m6l.jpg", "URL": "http://imgur.com/NtGuEVx.jpg", "fileid": "g1393_coz4m6l.jpg"}, {"id": "g1393_cozgv1g", "comment": "[Will you be attending the Catsquerade?](http://i.imgur.com/MTHgFwg.png)", "date": "2015-02-27 19:02:25", "seriesname": "g1393_cozgv1g", "file": "/media/jbrogan4/scratch2/Reddit_Prov_Dataset_v6/_Cat_outside_in_the_snow,_posing_with_it's_paw_on_it's_chest/g1393_cozgv1g.png", "URL": "http://i.imgur.com/MTHgFwg.png", "fileid": "g1393_cozgv1g.png"}, {"id": "g1393_coz5ymj", "comment": "[If elected, I promise clean litter boxes, fuzzy mice and an unlimited supply of lasagna](http://i.imgur.com/g1Ffw1J.jpg)", "date": "2015-02-27 13:44:14", "seriesname": "g1393_coz5ymj", "file": "/media/jbrogan4/scratch2/Reddit_Prov_Dataset_v6/_Cat_outside_in_the_snow,_posing_with_it's_paw_on_it's_chest/g1393_coz5ymj.jpg", "URL": "http://i.imgur.com/g1Ffw1J.jpg", "fileid": "g1393_coz5ymj.jpg"}, {"id": "g1393_cozdtjj", "comment": "My first time submitting to PS Battles\n\n[Look at me, I have the catnip now!](http://i.imgur.com/0PGjsBU.jpg)", "date": "2015-02-27 17:26:04", "seriesname": "g1393_cozdtjj", "file": "/media/jbrogan4/scratch2/Reddit_Prov_Dataset_v6/_Cat_outside_in_the_snow,_posing_with_it's_paw_on_it's_chest/g1393_cozdtjj.jpg", "URL": "http://i.imgur.com/0PGjsBU.jpg", "fileid": "g1393_cozdtjj.jpg"}, {"id": "g1393_coz8w26", "comment": "I don't want to kill you... [but...](http://i.imgur.com/6so5qPj.jpg)", "date": "2015-02-27 15:05:29", "seriesname": "g1393_coz8w26", "file": "/media/jbrogan4/scratch2/Reddit_Prov_Dataset_v6/_Cat_outside_in_the_snow,_posing_with_it's_paw_on_it's_chest/g1393_coz8w26.jpg", "URL": "http://i.imgur.com/6so5qPj.jpg", "fileid": "g1393_coz8w26.jpg"}, {"id": "g1393_cozgczs", "comment": "[Traditional Japanese Cat...](http://i.imgur.com/SSZWusp.jpg)", "date": "2015-02-27 18:45:57", "seriesname": "g1393_cozgczs", "file": "/media/jbrogan4/scratch2/Reddit_Prov_Dataset_v6/_Cat_outside_in_the_snow,_posing_with_it's_paw_on_it's_chest/g1393_cozgczs.jpg", "URL": "http://i.imgur.com/SSZWusp.jpg", "fileid": "g1393_cozgczs.jpg"}, {"id": "g1393_cozbzod", "comment": "[Also Expendables 4.](http://i.imgur.com/7M0lKQN.jpg)", "date": "2015-02-27 16:32:14", "seriesname": "g1393_cozbzod", "file": "/media/jbrogan4/scratch2/Reddit_Prov_Dataset_v6/_Cat_outside_in_the_snow,_posing_with_it's_paw_on_it's_chest/g1393_cozbzod.jpg", "URL": "http://i.imgur.com/7M0lKQN.jpg", "fileid": "g1393_cozbzod.jpg"}, {"id": "g1393_cozajip", "comment": "[Obligatory Buscemi](http://i.imgur.com/ZtdvWir.jpg)", "date": "2015-02-27 15:51:26", "seriesname": "g1393_cozajip", "file": "/media/jbrogan4/scratch2/Reddit_Prov_Dataset_v6/_Cat_outside_in_the_snow,_posing_with_it's_paw_on_it's_chest/g1393_cozajip.jpg", "URL": "http://i.imgur.com/ZtdvWir.jpg", "fileid": "g1393_cozajip.jpg"}, {"id": "g1393_cozibuu", "comment": "[Do you wish me a good morning, or mean that it is a good morning whether I want it or not; or that you feel good this morning; or that it is a morning to be good on?](http://i.imgur.com/0K1pn1A.jpg)", "date": "2015-02-27 19:52:25", "seriesname": "g1393_cozibuu", "file": "/media/jbrogan4/scratch2/Reddit_Prov_Dataset_v6/_Cat_outside_in_the_snow,_posing_with_it's_paw_on_it's_chest/g1393_cozibuu.jpg", "URL": "http://i.imgur.com/0K1pn1A.jpg", "fileid": "g1393_cozibuu.jpg"}, {"id": "g1393_cozqby3", "comment": "[WE THE PEOPLE!](http://i.imgur.com/szsTyuR.jpg)", "date": "2015-02-28 01:00:54", "seriesname": "g1393_cozqby3", "file": "/media/jbrogan4/scratch2/Reddit_Prov_Dataset_v6/_Cat_outside_in_the_snow,_posing_with_it's_paw_on_it's_chest/g1393_cozqby3.jpg", "URL": "http://i.imgur.com/szsTyuR.jpg", "fileid": "g1393_cozqby3.jpg"}, {"id": "g1393_coz9ec2", "comment": "[As requested.](http://i.imgur.com/1hox9I6.png)\n", "date": "2015-02-27 15:19:35", "seriesname": "g1393_coz9ec2", "file": "/media/jbrogan4/scratch2/Reddit_Prov_Dataset_v6/_Cat_outside_in_the_snow,_posing_with_it's_paw_on_it's_chest/g1393_coz9ec2.png", "URL": "http://i.imgur.com/1hox9I6.png", "fileid": "g1393_coz9ec2.png"}, {"id": "g1393_coz2qqw", "comment": "[Gary Busey](http://i.imgur.com/xDDScOh.jpg)", "date": "2015-02-27 12:15:27", "seriesname": "g1393_coz2qqw", "file": "/media/jbrogan4/scratch2/Reddit_Prov_Dataset_v6/_Cat_outside_in_the_snow,_posing_with_it's_paw_on_it's_chest/g1393_coz2qqw.jpg", "URL": "http://i.imgur.com/xDDScOh.jpg", "fileid": "g1393_coz2qqw.jpg"}, {"id": "g1393_coz8oj9", "comment": "[I'm flying, Jack!] (http://i.imgur.com/BITMnwf.jpg)", "date": "2015-02-27 14:59:39", "seriesname": "g1393_coz8oj9", "file": "/media/jbrogan4/scratch2/Reddit_Prov_Dataset_v6/_Cat_outside_in_the_snow,_posing_with_it's_paw_on_it's_chest/g1393_coz8oj9.jpg", "URL": "http://i.imgur.com/BITMnwf.jpg", "fileid": "g1393_coz8oj9.jpg"}, {"id": "g1393_coz4z9b", "comment": "[if you prefer it that way...](http://i.imgur.com/9F9sJar.jpg)", "date": "2015-02-27 13:16:55", "seriesname": "g1393_coz4z9b", "file": "/media/jbrogan4/scratch2/Reddit_Prov_Dataset_v6/_Cat_outside_in_the_snow,_posing_with_it's_paw_on_it's_chest/g1393_coz4z9b.jpg", "URL": "http://i.imgur.com/9F9sJar.jpg", "fileid": "g1393_coz4z9b.jpg"}, {"id": "g1393_cozf2hx", "comment": "[cat-san wants u to be g-g-gentle](http://i.imgur.com/A4OAZro.jpg)", "date": "2015-02-27 18:04:11", "seriesname": "g1393_cozf2hx", "file": "/media/jbrogan4/scratch2/Reddit_Prov_Dataset_v6/_Cat_outside_in_the_snow,_posing_with_it's_paw_on_it's_chest/g1393_cozf2hx.jpg", "URL": "http://i.imgur.com/A4OAZro.jpg", "fileid": "g1393_cozf2hx.jpg"}, {"id": "g1393_cozjeie", "comment": "[Love, Catually](http://imgur.com/dM9CsqN)", "date": "2015-02-27 20:29:56", "seriesname": "g1393_cozjeie", "file": "/media/jbrogan4/scratch2/Reddit_Prov_Dataset_v6/_Cat_outside_in_the_snow,_posing_with_it's_paw_on_it's_chest/g1393_cozjeie.png", "URL": "http://i.imgur.com/dM9CsqN.png", "fileid": "g1393_cozjeie.png"}, {"id": "g1393_cozqdla", "comment": "[Oh, is it my turn already?](http://i.imgur.com/G7UlE1g.jpg)    ", "date": "2015-02-28 01:03:09", "seriesname": "g1393_cozqdla", "file": "/media/jbrogan4/scratch2/Reddit_Prov_Dataset_v6/_Cat_outside_in_the_snow,_posing_with_it's_paw_on_it's_chest/g1393_cozqdla.jpg", "URL": "http://i.imgur.com/G7UlE1g.jpg", "fileid": "g1393_cozqdla.jpg"}, {"id": "g1393_cozcavc", "comment": "[It's been a long day bro](http://i.imgur.com/MeL3L3Q.jpg)\n", "date": "2015-02-27 16:40:57", "seriesname": "g1393_cozcavc", "file": "/media/jbrogan4/scratch2/Reddit_Prov_Dataset_v6/_Cat_outside_in_the_snow,_posing_with_it's_paw_on_it's_chest/g1393_cozcavc.jpg", "URL": "http://i.imgur.com/MeL3L3Q.jpg", "fileid": "g1393_cozcavc.jpg"}, {"id": "g1393_coz77yz", "comment": "[Take that as a warning... no one steals my catnip](http://i.imgur.com/juiiPRd.jpg)", "date": "2015-02-27 14:19:14", "seriesname": "g1393_coz77yz", "file": "/media/jbrogan4/scratch2/Reddit_Prov_Dataset_v6/_Cat_outside_in_the_snow,_posing_with_it's_paw_on_it's_chest/g1393_coz77yz.jpg", "URL": "http://i.imgur.com/juiiPRd.jpg", "fileid": "g1393_coz77yz.jpg"}, {"id": "g1393_cozg5kg", "comment": "[The man who passes the sentence should swing the sword.](http://i.imgur.com/zLtPwmg.jpg)", "date": "2015-02-27 18:39:18", "seriesname": "g1393_cozg5kg", "file": "/media/jbrogan4/scratch2/Reddit_Prov_Dataset_v6/_Cat_outside_in_the_snow,_posing_with_it's_paw_on_it's_chest/g1393_cozg5kg.jpg", "URL": "http://i.imgur.com/zLtPwmg.jpg", "fileid": "g1393_cozg5kg.jpg"}, {"id": "g1393_coz9qn4", "comment": "http://imgur.com/tuRytAW\n \nedit: [fixed a thing](http://imgur.com/FdxgAwU)\n", "date": "2015-02-27 15:28:52", "seriesname": "g1393_coz9qn4", "file": "/media/jbrogan4/scratch2/Reddit_Prov_Dataset_v6/_Cat_outside_in_the_snow,_posing_with_it's_paw_on_it's_chest/g1393_coz9qn4.png", "URL": "http://i.imgur.com/FdxgAwU.png", "fileid": "g1393_coz9qn4.png"}, {"id": "g1393_cozn1wg", "comment": "[Birth of Venus Cat] (http://i.imgur.com/5zoEYwF.jpg)\n\nGirlfriend made this.  She's not very proud of it but it needed to be done.  Can someone do it better?\n", "date": "2015-02-27 22:42:37", "seriesname": "g1393_cozn1wg", "file": "/media/jbrogan4/scratch2/Reddit_Prov_Dataset_v6/_Cat_outside_in_the_snow,_posing_with_it's_paw_on_it's_chest/g1393_cozn1wg.jpg", "URL": "http://i.imgur.com/5zoEYwF.jpg", "fileid": "g1393_cozn1wg.jpg"}, {"id": "g1393_coz4wvu", "comment": "[Cat visits Magic: The Gathering Tournament](http://i.imgur.com/uvdFZMG.jpg)", "date": "2015-02-27 13:15:06", "seriesname": "g1393_coz4wvu", "file": "/media/jbrogan4/scratch2/Reddit_Prov_Dataset_v6/_Cat_outside_in_the_snow,_posing_with_it's_paw_on_it's_chest/g1393_coz4wvu.jpg", "URL": "http://i.imgur.com/uvdFZMG.jpg", "fileid": "g1393_coz4wvu.jpg"}, {"id": "g1393_cozcqg2", "comment": "['Who? Me??!'](http://i.imgur.com/0m0aVrn.jpg)", "date": "2015-02-27 16:53:23", "seriesname": "g1393_cozcqg2", "file": "/media/jbrogan4/scratch2/Reddit_Prov_Dataset_v6/_Cat_outside_in_the_snow,_posing_with_it's_paw_on_it's_chest/g1393_cozcqg2.jpg", "URL": "http://i.imgur.com/0m0aVrn.jpg", "fileid": "g1393_cozcqg2.jpg"}, {"id": "g1393_cozbyrv", "comment": "[For me!!? Oh, you shouldn't have! Aren't you just the sweetest thing?](http://i.imgur.com/adqcdB9.png)", "date": "2015-02-27 16:31:33", "seriesname": "g1393_cozbyrv", "file": "/media/jbrogan4/scratch2/Reddit_Prov_Dataset_v6/_Cat_outside_in_the_snow,_posing_with_it's_paw_on_it's_chest/g1393_cozbyrv.png", "URL": "http://i.imgur.com/adqcdB9.png", "fileid": "g1393_cozbyrv.png"}, {"id": "g1393_cozaone", "comment": "here's mine. a nice trip in venice\n\nhttp://i.imgur.com/8oZ6vsu.jpg", "date": "2015-02-27 15:55:23", "seriesname": "g1393_cozaone", "file": "/media/jbrogan4/scratch2/Reddit_Prov_Dataset_v6/_Cat_outside_in_the_snow,_posing_with_it's_paw_on_it's_chest/g1393_cozaone.jpg", "URL": "http://i.imgur.com/8oZ6vsu.jpg", "fileid": "g1393_cozaone.jpg"}, {"id": "g1393_coz6d75", "comment": "[As requested.](http://i.imgur.com/IEkwGkt.jpg)", "date": "2015-02-27 13:55:33", "seriesname": "g1393_coz6d75", "file": "/media/jbrogan4/scratch2/Reddit_Prov_Dataset_v6/_Cat_outside_in_the_snow,_posing_with_it's_paw_on_it's_chest/g1393_coz6d75.jpg", "URL": "http://i.imgur.com/IEkwGkt.jpg", "fileid": "g1393_coz6d75.jpg"}, {"id": "g1393_cozi131", "comment": "This reminds me of those old pet horror movies\n\n[Werecat \\(1990\\)](http://i.imgur.com/pzUdYhY.jpg)", "date": "2015-02-27 19:41:59", "seriesname": "g1393_cozi131", "file": "/media/jbrogan4/scratch2/Reddit_Prov_Dataset_v6/_Cat_outside_in_the_snow,_posing_with_it's_paw_on_it's_chest/g1393_cozi131.jpg", "URL": "http://i.imgur.com/pzUdYhY.jpg", "fileid": "g1393_cozi131.jpg"}, {"id": "g1393_coz2ey5", "comment": "[First thing I thought of.](http://i.imgur.com/rWL5POS.jpg?1)", "date": "2015-02-27 12:06:08", "seriesname": "g1393_coz2ey5", "file": "/media/jbrogan4/scratch2/Reddit_Prov_Dataset_v6/_Cat_outside_in_the_snow,_posing_with_it's_paw_on_it's_chest/g1393_coz2ey5.jpg", "URL": "http://i.imgur.com/rWL5POS.jpg?1", "fileid": "g1393_coz2ey5.jpg"}, {"id": "g1393_coz3bgf", "comment": "[OMG YES!](http://i.imgur.com/7wErl8j.jpg)", "date": "2015-02-27 12:31:19", "seriesname": "g1393_coz3bgf", "file": "/media/jbrogan4/scratch2/Reddit_Prov_Dataset_v6/_Cat_outside_in_the_snow,_posing_with_it's_paw_on_it's_chest/g1393_coz3bgf.jpg", "URL": "http://i.imgur.com/7wErl8j.jpg", "fileid": "g1393_coz3bgf.jpg"}, {"id": "g1393_coz66xn", "comment": "[The original casting choice](http://i.imgur.com/wAL6xNL.jpg)", "date": "2015-02-27 13:50:40", "seriesname": "g1393_coz66xn", "file": "/media/jbrogan4/scratch2/Reddit_Prov_Dataset_v6/_Cat_outside_in_the_snow,_posing_with_it's_paw_on_it's_chest/g1393_coz66xn.jpg", "URL": "http://i.imgur.com/wAL6xNL.jpg", "fileid": "g1393_coz66xn.jpg"}, {"id": "g1393_coz5s52", "comment": "[She's finally single!](http://i.imgur.com/7aovdFa.png)", "date": "2015-02-27 13:39:10", "seriesname": "g1393_coz5s52", "file": "/media/jbrogan4/scratch2/Reddit_Prov_Dataset_v6/_Cat_outside_in_the_snow,_posing_with_it's_paw_on_it's_chest/g1393_coz5s52.png", "URL": "http://i.imgur.com/7aovdFa.png", "fileid": "g1393_coz5s52.png"}, {"id": "g1393_cozb219", "comment": "[Here's Johny](http://i.imgur.com/KlU3QUr.jpg)", "date": "2015-02-27 16:05:49", "seriesname": "g1393_cozb219", "file": "/media/jbrogan4/scratch2/Reddit_Prov_Dataset_v6/_Cat_outside_in_the_snow,_posing_with_it's_paw_on_it's_chest/g1393_cozb219.jpg", "URL": "http://i.imgur.com/KlU3QUr.jpg", "fileid": "g1393_cozb219.jpg"}, {"id": "g1393_coz4u20", "comment": "[Had the same thought](http://i.imgur.com/dS9ut4m.jpg)\n\n*fixed the eyes", "date": "2015-02-27 13:12:53", "seriesname": "g1393_coz4u20", "file": "/media/jbrogan4/scratch2/Reddit_Prov_Dataset_v6/_Cat_outside_in_the_snow,_posing_with_it's_paw_on_it's_chest/g1393_coz4u20.jpg", "URL": "http://i.imgur.com/dS9ut4m.jpg", "fileid": "g1393_coz4u20.jpg"}, {"id": "g1393_coze35r", "comment": "im a photoshop noob but heres mine :http://imgur.com/RiLW2ey", "date": "2015-02-27 17:34:14", "seriesname": "g1393_coze35r", "file": "/media/jbrogan4/scratch2/Reddit_Prov_Dataset_v6/_Cat_outside_in_the_snow,_posing_with_it's_paw_on_it's_chest/g1393_coze35r.png", "URL": "http://i.imgur.com/RiLW2ey.png", "fileid": "g1393_coze35r.png"}, {"id": "g1393_cozc8fg", "comment": "[Cat Jack](http://i.imgur.com/rwCq4fQ.gif)", "date": "2015-02-27 16:38:58", "seriesname": "g1393_cozc8fg", "file": "/media/jbrogan4/scratch2/Reddit_Prov_Dataset_v6/_Cat_outside_in_the_snow,_posing_with_it's_paw_on_it's_chest/g1393_cozc8fg.jpg", "URL": "http://i.imgur.com/rwCq4fQ.gif", "fileid": "g1393_cozc8fg.gif"}, {"id": "g1393_coz9i74", "comment": "[thats a big buuuulllll](http://i.imgur.com/CeNPACx.png)", "date": "2015-02-27 15:22:28", "seriesname": "g1393_coz9i74", "file": "/media/jbrogan4/scratch2/Reddit_Prov_Dataset_v6/_Cat_outside_in_the_snow,_posing_with_it's_paw_on_it's_chest/g1393_coz9i74.png", "URL": "http://i.imgur.com/CeNPACx.png", "fileid": "g1393_coz9i74.png"}, {"id": "g1393_coz86zt", "comment": "[Nah, it's definitely white and gold.](http://i.imgur.com/UIYmrIv.jpg)", "date": "2015-02-27 14:46:21", "seriesname": "g1393_coz86zt", "file": "/media/jbrogan4/scratch2/Reddit_Prov_Dataset_v6/_Cat_outside_in_the_snow,_posing_with_it's_paw_on_it's_chest/g1393_coz86zt.jpg", "URL": "http://i.imgur.com/UIYmrIv.jpg", "fileid": "g1393_coz86zt.jpg"}, {"id": "g1393_root", "comment": "", "date": "2015-02-27 11:36:31", "seriesname": "g1393_root", "file": "/media/jbrogan4/scratch2/Reddit_Prov_Dataset_v6/_Cat_outside_in_the_snow,_posing_with_it's_paw_on_it's_chest/g1393_root.jpg", "URL": "http://glagne.com/wp-content/uploads/2014/07/cat-i-swear.jpg", "fileid": "g1393_root.jpg"}, {"id": "g1393_coz8eqw", "comment": "[You Just Activated My Trap Card!](http://i.imgur.com/MUNw8gq.jpg)", "date": "2015-02-27 14:52:16", "seriesname": "g1393_coz8eqw", "file": "/media/jbrogan4/scratch2/Reddit_Prov_Dataset_v6/_Cat_outside_in_the_snow,_posing_with_it's_paw_on_it's_chest/g1393_coz8eqw.jpg", "URL": "http://i.imgur.com/MUNw8gq.jpg", "fileid": "g1393_coz8eqw.jpg"}, {"id": "g1393_coznytv", "comment": "[It isn't perfect but, as requested.](http://i.imgur.com/ucSaN7n.jpg)", "date": "2015-02-27 23:18:20", "seriesname": "g1393_coznytv", "file": "/media/jbrogan4/scratch2/Reddit_Prov_Dataset_v6/_Cat_outside_in_the_snow,_posing_with_it's_paw_on_it's_chest/g1393_coznytv.jpg", "URL": "http://i.imgur.com/ucSaN7n.jpg", "fileid": "g1393_coznytv.jpg"}, {"id": "g1393_coz48zr", "comment": "[*\"Look at me. Look at me. I'm your captain now!\"*](http://i.imgur.com/OyWusTs.jpg)\n\n/u/PinkDalek's suggestion", "date": "2015-02-27 12:56:57", "seriesname": "g1393_coz48zr", "file": "/media/jbrogan4/scratch2/Reddit_Prov_Dataset_v6/_Cat_outside_in_the_snow,_posing_with_it's_paw_on_it's_chest/g1393_coz48zr.jpg", "URL": "http://i.imgur.com/OyWusTs.jpg", "fileid": "g1393_coz48zr.jpg"}], "graph": {"name": "g1393_root"}, "directed": true}