{"links": [{"op": "none", "target": 0, "source": 4}, {"op": "none", "target": 1, "source": 54}, {"op": "none", "target": 2, "source": 54}, {"op": "none", "target": 3, "source": 54}, {"op": "none", "target": 4, "source": 54}, {"op": "none", "target": 5, "source": 54}, {"op": "none", "target": 6, "source": 54}, {"op": "none", "target": 7, "source": 54}, {"op": "none", "target": 8, "source": 4}, {"op": "none", "target": 9, "source": 54}, {"op": "none", "target": 10, "source": 54}, {"op": "none", "target": 11, "source": 7}, {"op": "none", "target": 12, "source": 54}, {"op": "none", "target": 13, "source": 54}, {"op": "none", "target": 14, "source": 54}, {"op": "none", "target": 15, "source": 54}, {"op": "none", "target": 16, "source": 54}, {"op": "none", "target": 17, "source": 54}, {"op": "none", "target": 18, "source": 21}, {"op": "none", "target": 19, "source": 54}, {"op": "none", "target": 20, "source": 54}, {"op": "none", "target": 21, "source": 54}, {"op": "none", "target": 22, "source": 54}, {"op": "none", "target": 23, "source": 54}, {"op": "none", "target": 24, "source": 54}, {"op": "none", "target": 25, "source": 54}, {"op": "none", "target": 26, "source": 54}, {"op": "none", "target": 27, "source": 54}, {"op": "none", "target": 28, "source": 54}, {"op": "none", "target": 29, "source": 54}, {"op": "none", "target": 30, "source": 54}, {"op": "none", "target": 31, "source": 54}, {"op": "none", "target": 32, "source": 54}, {"op": "none", "target": 33, "source": 54}, {"op": "none", "target": 34, "source": 54}, {"op": "none", "target": 35, "source": 54}, {"op": "none", "target": 36, "source": 54}, {"op": "none", "target": 37, "source": 0}, {"op": "none", "target": 38, "source": 54}, {"op": "none", "target": 39, "source": 54}, {"op": "none", "target": 40, "source": 54}, {"op": "none", "target": 41, "source": 27}, {"op": "none", "target": 42, "source": 54}, {"op": "none", "target": 43, "source": 44}, {"op": "none", "target": 44, "source": 54}, {"op": "none", "target": 45, "source": 54}, {"op": "none", "target": 46, "source": 54}, {"op": "none", "target": 47, "source": 54}, {"op": "none", "target": 48, "source": 54}, {"op": "none", "target": 49, "source": 54}, {"op": "none", "target": 50, "source": 54}, {"op": "none", "target": 51, "source": 54}, {"op": "none", "target": 52, "source": 54}, {"op": "none", "target": 53, "source": 36}], "title": "_Two_girls_on_a_trampoline", "nodes": [{"id": "g1399_d2pwiwf", "comment": "http://i.imgur.com/BbgL7x3.gif", "date": "2016-05-02 14:07:09", "seriesname": "g1399_d2pwiwf", "file": "/media/jbrogan4/scratch2/Reddit_Prov_Dataset_v6/_Two_girls_on_a_trampoline/g1399_d2pwiwf.jpg", "URL": "http://i.imgur.com/BbgL7x3.gif", "fileid": "g1399_d2pwiwf.gif"}, {"id": "g1399_d2qaxv1", "comment": "[Wrestling](http://i.imgur.com/5MENvwD.jpg)", "date": "2016-05-02 19:12:40", "seriesname": "g1399_d2qaxv1", "file": "/media/jbrogan4/scratch2/Reddit_Prov_Dataset_v6/_Two_girls_on_a_trampoline/g1399_d2qaxv1.jpg", "URL": "http://i.imgur.com/5MENvwD.jpg", "fileid": "g1399_d2qaxv1.jpg"}, {"id": "g1399_d2ptui2", "comment": "[SMACKDOWN!] (http://imgur.com/hosYVJF)", "date": "2016-05-02 13:10:49", "seriesname": "g1399_d2ptui2", "file": "/media/jbrogan4/scratch2/Reddit_Prov_Dataset_v6/_Two_girls_on_a_trampoline/g1399_d2ptui2.png", "URL": "http://i.imgur.com/hosYVJF.png", "fileid": "g1399_d2ptui2.png"}, {"id": "g1399_d2q6o46", "comment": "http://i.imgur.com/rmBEzAe.jpg\n\n\n", "date": "2016-05-02 17:35:40", "seriesname": "g1399_d2q6o46", "file": "/media/jbrogan4/scratch2/Reddit_Prov_Dataset_v6/_Two_girls_on_a_trampoline/g1399_d2q6o46.jpg", "URL": "http://i.imgur.com/rmBEzAe.jpg", "fileid": "g1399_d2q6o46.jpg"}, {"id": "g1399_d2pr2t5", "comment": "[Eagle Food](http://i.imgur.com/vSzdINU.jpg)", "date": "2016-05-02 12:07:11", "seriesname": "g1399_d2pr2t5", "file": "/media/jbrogan4/scratch2/Reddit_Prov_Dataset_v6/_Two_girls_on_a_trampoline/g1399_d2pr2t5.jpg", "URL": "http://i.imgur.com/vSzdINU.jpg", "fileid": "g1399_d2pr2t5.jpg"}, {"id": "g1399_d2q2sg8", "comment": "[Claw machine. Just the toy I wanted!](http://i.imgur.com/g0IT5b2.jpg)", "date": "2016-05-02 16:17:26", "seriesname": "g1399_d2q2sg8", "file": "/media/jbrogan4/scratch2/Reddit_Prov_Dataset_v6/_Two_girls_on_a_trampoline/g1399_d2q2sg8.jpg", "URL": "http://i.imgur.com/g0IT5b2.jpg", "fileid": "g1399_d2q2sg8.jpg"}, {"id": "g1399_d2q2ipu", "comment": "[your tauntaun will freeze before you reach the 1st marker](http://i.imgur.com/0WQL46M.jpg)", "date": "2016-05-02 16:11:44", "seriesname": "g1399_d2q2ipu", "file": "/media/jbrogan4/scratch2/Reddit_Prov_Dataset_v6/_Two_girls_on_a_trampoline/g1399_d2q2ipu.jpg", "URL": "http://i.imgur.com/0WQL46M.jpg", "fileid": "g1399_d2q2ipu.jpg"}, {"id": "g1399_d2pxacz", "comment": "http://i.imgur.com/xFsDnx6.png", "date": "2016-05-02 14:23:01", "seriesname": "g1399_d2pxacz", "file": "/media/jbrogan4/scratch2/Reddit_Prov_Dataset_v6/_Two_girls_on_a_trampoline/g1399_d2pxacz.png", "URL": "http://i.imgur.com/xFsDnx6.png", "fileid": "g1399_d2pxacz.png"}, {"id": "g1399_d2qg562", "comment": "[Here, I made it convincing enough for Facebook.](http://imgur.com/BlptTaX)", "date": "2016-05-02 21:20:35", "seriesname": "g1399_d2qg562", "file": "/media/jbrogan4/scratch2/Reddit_Prov_Dataset_v6/_Two_girls_on_a_trampoline/g1399_d2qg562.png", "URL": "http://i.imgur.com/BlptTaX.png", "fileid": "g1399_d2qg562.png"}, {"id": "g1399_d2qaxlv", "comment": "You think this is a game?!\nhttp://imgur.com/2i3Cm8U", "date": "2016-05-02 19:12:30", "seriesname": "g1399_d2qaxlv", "file": "/media/jbrogan4/scratch2/Reddit_Prov_Dataset_v6/_Two_girls_on_a_trampoline/g1399_d2qaxlv.png", "URL": "http://i.imgur.com/2i3Cm8U.png", "fileid": "g1399_d2qaxlv.png"}, {"id": "g1399_d2q7eyc", "comment": "[I also thought of Star Wars](http://i.imgur.com/hixVbVU.jpg)", "date": "2016-05-02 17:52:11", "seriesname": "g1399_d2q7eyc", "file": "/media/jbrogan4/scratch2/Reddit_Prov_Dataset_v6/_Two_girls_on_a_trampoline/g1399_d2q7eyc.jpg", "URL": "http://i.imgur.com/hixVbVU.jpg", "fileid": "g1399_d2q7eyc.jpg"}, {"id": "g1399_d2qhlxo", "comment": "http://i.imgur.com/8UaiZq5.jpg", "date": "2016-05-02 21:54:10", "seriesname": "g1399_d2qhlxo", "file": "/media/jbrogan4/scratch2/Reddit_Prov_Dataset_v6/_Two_girls_on_a_trampoline/g1399_d2qhlxo.jpg", "URL": "http://i.imgur.com/8UaiZq5.jpg", "fileid": "g1399_d2qhlxo.jpg"}, {"id": "g1399_d2q6wp7", "comment": "[SHE'S DOING THE SISTER SUPLEX](http://i.imgur.com/5KVmPHO.jpg)", "date": "2016-05-02 17:40:58", "seriesname": "g1399_d2q6wp7", "file": "/media/jbrogan4/scratch2/Reddit_Prov_Dataset_v6/_Two_girls_on_a_trampoline/g1399_d2q6wp7.jpg", "URL": "http://i.imgur.com/5KVmPHO.jpg", "fileid": "g1399_d2q6wp7.jpg"}, {"id": "g1399_d2puk5b", "comment": "[There is no try...](http://imgur.com/ORc6Qgi)", "date": "2016-05-02 13:25:59", "seriesname": "g1399_d2puk5b", "file": "/media/jbrogan4/scratch2/Reddit_Prov_Dataset_v6/_Two_girls_on_a_trampoline/g1399_d2puk5b.png", "URL": "http://i.imgur.com/ORc6Qgi.png", "fileid": "g1399_d2puk5b.png"}, {"id": "g1399_d2pxu3s", "comment": "[Nyan flight](http://i.imgur.com/QthYKxW.gif?1)", "date": "2016-05-02 14:34:34", "seriesname": "g1399_d2pxu3s", "file": "/media/jbrogan4/scratch2/Reddit_Prov_Dataset_v6/_Two_girls_on_a_trampoline/g1399_d2pxu3s.jpg", "URL": "http://i.imgur.com/QthYKxW.gif?1", "fileid": "g1399_d2pxu3s.gif"}, {"id": "g1399_d2q15ft", "comment": "[Don't crash, please.](http://i.imgur.com/rAnSVov.jpg)", "date": "2016-05-02 15:44:11", "seriesname": "g1399_d2q15ft", "file": "/media/jbrogan4/scratch2/Reddit_Prov_Dataset_v6/_Two_girls_on_a_trampoline/g1399_d2q15ft.jpg", "URL": "http://i.imgur.com/rAnSVov.jpg", "fileid": "g1399_d2q15ft.jpg"}, {"id": "g1399_d2qeebp", "comment": "Am I late to the party?\n\nhttp://imgur.com/BA7HdfE", "date": "2016-05-02 20:39:01", "seriesname": "g1399_d2qeebp", "file": "/media/jbrogan4/scratch2/Reddit_Prov_Dataset_v6/_Two_girls_on_a_trampoline/g1399_d2qeebp.png", "URL": "http://i.imgur.com/BA7HdfE.png", "fileid": "g1399_d2qeebp.png"}, {"id": "g1399_d2qvyyj", "comment": " http://i.imgur.com/EHQ8ifn.jpg ", "date": "2016-05-03 07:48:41", "seriesname": "g1399_d2qvyyj", "file": "/media/jbrogan4/scratch2/Reddit_Prov_Dataset_v6/_Two_girls_on_a_trampoline/g1399_d2qvyyj.jpg", "URL": "http://i.imgur.com/EHQ8ifn.jpg", "fileid": "g1399_d2qvyyj.jpg"}, {"id": "g1399_d2q86gy", "comment": "Next time do: \\[HAAAA ZEBENYAAAAAAAAA\\](http://imgur.com/EOmKXTO)", "date": "2016-05-02 18:09:25", "seriesname": "g1399_d2q86gy", "file": "/media/jbrogan4/scratch2/Reddit_Prov_Dataset_v6/_Two_girls_on_a_trampoline/g1399_d2q86gy.png", "URL": "http://i.imgur.com/EOmKXTO.png", "fileid": "g1399_d2q86gy.png"}, {"id": "g1399_d2q54y7", "comment": "http://imgur.com/n0GJbFe cropped the trampoline to make it look dramatic. ", "date": "2016-05-02 17:03:54", "seriesname": "g1399_d2q54y7", "file": "/media/jbrogan4/scratch2/Reddit_Prov_Dataset_v6/_Two_girls_on_a_trampoline/g1399_d2q54y7.png", "URL": "http://i.imgur.com/n0GJbFe.png", "fileid": "g1399_d2q54y7.png"}, {"id": "g1399_d2qcu1g", "comment": "[Higher comrade!](http://imgur.com/imuRo2r)", "date": "2016-05-02 19:59:51", "seriesname": "g1399_d2qcu1g", "file": "/media/jbrogan4/scratch2/Reddit_Prov_Dataset_v6/_Two_girls_on_a_trampoline/g1399_d2qcu1g.png", "URL": "http://i.imgur.com/imuRo2r.png", "fileid": "g1399_d2qcu1g.png"}, {"id": "g1399_d2pufx4", "comment": "HAAAA ZEBENYAAAAAAAAA\n(Lion king, ya'll)\nhttp://imgur.com/EOmKXTO", "date": "2016-05-02 13:23:32", "seriesname": "g1399_d2pufx4", "file": "/media/jbrogan4/scratch2/Reddit_Prov_Dataset_v6/_Two_girls_on_a_trampoline/g1399_d2pufx4.png", "URL": "http://i.imgur.com/EOmKXTO.png", "fileid": "g1399_d2pufx4.png"}, {"id": "g1399_d2r7b46", "comment": "It's my first one, don't be too harsh s'il vous please \nhttp://i.imgur.com/JFEX8kq.png?1", "date": "2016-05-03 12:48:38", "seriesname": "g1399_d2r7b46", "file": "/media/jbrogan4/scratch2/Reddit_Prov_Dataset_v6/_Two_girls_on_a_trampoline/g1399_d2r7b46.png", "URL": "http://i.imgur.com/JFEX8kq.png?1", "fileid": "g1399_d2r7b46.png"}, {"id": "g1399_d2q2lml", "comment": "[kiids iiiiin spaaaaaace](http://i.imgur.com/2wIaaxF.jpg)\n\nedit: [update](http://i.imgur.com/YmQ7npc.jpg)", "date": "2016-05-02 16:13:25", "seriesname": "g1399_d2q2lml", "file": "/media/jbrogan4/scratch2/Reddit_Prov_Dataset_v6/_Two_girls_on_a_trampoline/g1399_d2q2lml.jpg", "URL": "http://i.imgur.com/YmQ7npc.jpg", "fileid": "g1399_d2q2lml.jpg"}, {"id": "g1399_d2q7dpc", "comment": "http://i.imgur.com/VKiFdI3.jpg\n\nnever come \"tween\" a nazgul and it's prey", "date": "2016-05-02 17:51:23", "seriesname": "g1399_d2q7dpc", "file": "/media/jbrogan4/scratch2/Reddit_Prov_Dataset_v6/_Two_girls_on_a_trampoline/g1399_d2q7dpc.jpg", "URL": "http://i.imgur.com/VKiFdI3.jpg", "fileid": "g1399_d2q7dpc.jpg"}, {"id": "g1399_d2qhugs", "comment": " http://imgur.com/ymfTjOq ", "date": "2016-05-02 21:59:44", "seriesname": "g1399_d2qhugs", "file": "/media/jbrogan4/scratch2/Reddit_Prov_Dataset_v6/_Two_girls_on_a_trampoline/g1399_d2qhugs.png", "URL": "http://i.imgur.com/ymfTjOq.png", "fileid": "g1399_d2qhugs.png"}, {"id": "g1399_d2pp1lq", "comment": "[Next time don't forget your gym clothes and equipment.](http://i.imgur.com/7PLQ8T0.jpg)", "date": "2016-05-02 11:03:46", "seriesname": "g1399_d2pp1lq", "file": "/media/jbrogan4/scratch2/Reddit_Prov_Dataset_v6/_Two_girls_on_a_trampoline/g1399_d2pp1lq.jpg", "URL": "http://i.imgur.com/7PLQ8T0.jpg", "fileid": "g1399_d2pp1lq.jpg"}, {"id": "g1399_d2pvojh", "comment": "(http://i.imgur.com/CQY5ooj.jpg)", "date": "2016-05-02 13:49:30", "seriesname": "g1399_d2pvojh", "file": "/media/jbrogan4/scratch2/Reddit_Prov_Dataset_v6/_Two_girls_on_a_trampoline/g1399_d2pvojh.jpg", "URL": "http://i.imgur.com/CQY5ooj.jpg", "fileid": "g1399_d2pvojh.jpg"}, {"id": "g1399_d2q4yau", "comment": "[Weekend at Bernie's](http://imgur.com/pQds7W5)", "date": "2016-05-02 17:00:32", "seriesname": "g1399_d2q4yau", "file": "/media/jbrogan4/scratch2/Reddit_Prov_Dataset_v6/_Two_girls_on_a_trampoline/g1399_d2q4yau.png", "URL": "http://i.imgur.com/pQds7W5.png", "fileid": "g1399_d2q4yau.png"}, {"id": "g1399_d2qm3ox", "comment": "[Not Impressed](http://i.imgur.com/iAhLFEk.jpg)", "date": "2016-05-02 23:49:56", "seriesname": "g1399_d2qm3ox", "file": "/media/jbrogan4/scratch2/Reddit_Prov_Dataset_v6/_Two_girls_on_a_trampoline/g1399_d2qm3ox.jpg", "URL": "http://i.imgur.com/iAhLFEk.jpg", "fileid": "g1399_d2qm3ox.jpg"}, {"id": "g1399_d2q527y", "comment": "[How'd he get up there?](http://i.imgur.com/bPvPVt8.jpg)", "date": "2016-05-02 17:02:32", "seriesname": "g1399_d2q527y", "file": "/media/jbrogan4/scratch2/Reddit_Prov_Dataset_v6/_Two_girls_on_a_trampoline/g1399_d2q527y.jpg", "URL": "http://i.imgur.com/bPvPVt8.jpg", "fileid": "g1399_d2q527y.jpg"}, {"id": "g1399_d2q5tti", "comment": "[Extra!  Extra!  Read all about it!](http://i.imgur.com/H6JGDGv.jpg)", "date": "2016-05-02 17:17:52", "seriesname": "g1399_d2q5tti", "file": "/media/jbrogan4/scratch2/Reddit_Prov_Dataset_v6/_Two_girls_on_a_trampoline/g1399_d2q5tti.jpg", "URL": "http://i.imgur.com/H6JGDGv.jpg", "fileid": "g1399_d2q5tti.jpg"}, {"id": "g1399_d2q4qrd", "comment": "[THE CLAW!] (http://i.imgur.com/uXHAF0w.jpg)", "date": "2016-05-02 16:56:57", "seriesname": "g1399_d2q4qrd", "file": "/media/jbrogan4/scratch2/Reddit_Prov_Dataset_v6/_Two_girls_on_a_trampoline/g1399_d2q4qrd.jpg", "URL": "http://i.imgur.com/uXHAF0w.jpg", "fileid": "g1399_d2q4qrd.jpg"}, {"id": "g1399_d2q4cxo", "comment": "[Sorry, had to do it really fast as I am leaving work now](http://i.imgur.com/OIuy6di.jpg)", "date": "2016-05-02 16:49:36", "seriesname": "g1399_d2q4cxo", "file": "/media/jbrogan4/scratch2/Reddit_Prov_Dataset_v6/_Two_girls_on_a_trampoline/g1399_d2q4cxo.jpg", "URL": "http://i.imgur.com/OIuy6di.jpg", "fileid": "g1399_d2q4cxo.jpg"}, {"id": "g1399_d2q2nj6", "comment": "[Smackdown](http://i.imgur.com/ZbZ0a9T.jpg)", "date": "2016-05-02 16:14:33", "seriesname": "g1399_d2q2nj6", "file": "/media/jbrogan4/scratch2/Reddit_Prov_Dataset_v6/_Two_girls_on_a_trampoline/g1399_d2q2nj6.jpg", "URL": "http://i.imgur.com/ZbZ0a9T.jpg", "fileid": "g1399_d2q2nj6.jpg"}, {"id": "g1399_d2qir71", "comment": "Not my best work, but I had fun with it :) \n[Imgur](http://i.imgur.com/9glnPDZ.jpg)", "date": "2016-05-02 22:21:29", "seriesname": "g1399_d2qir71", "file": "/media/jbrogan4/scratch2/Reddit_Prov_Dataset_v6/_Two_girls_on_a_trampoline/g1399_d2qir71.jpg", "URL": "http://i.imgur.com/9glnPDZ.jpg", "fileid": "g1399_d2qir71.jpg"}, {"id": "g1399_d2pr72w", "comment": "http://i.imgur.com/Wzktbja.jpg\n\nAdd: [pink version](http://i.imgur.com/1RqB82c.jpg)\n\nAdd: [orange version](http://i.imgur.com/AOr8JaH.jpg)", "date": "2016-05-02 12:11:12", "seriesname": "g1399_d2pr72w", "file": "/media/jbrogan4/scratch2/Reddit_Prov_Dataset_v6/_Two_girls_on_a_trampoline/g1399_d2pr72w.jpg", "URL": "http://i.imgur.com/AOr8JaH.jpg", "fileid": "g1399_d2pr72w.jpg"}, {"id": "g1399_d2qfib7", "comment": "Hey, I don't have much to share, but you can pass [this](http://c.thumbs.redditmedia.com/ePp0jGaDP4z85G4J.png) along to /u/Spiritimvu. Cheers /u/aWanderingSpirit ", "date": "2016-05-02 21:05:27", "seriesname": "g1399_d2qfib7", "file": "/media/jbrogan4/scratch2/Reddit_Prov_Dataset_v6/_Two_girls_on_a_trampoline/g1399_d2qfib7.png", "URL": "http://c.thumbs.redditmedia.com/ePp0jGaDP4z85G4J.png", "fileid": "g1399_d2qfib7.png"}, {"id": "g1399_d2qdjri", "comment": "[BrrrrAAAAAAAAAAAAAAAAP!](http://imgur.com/FGNKuV2)", "date": "2016-05-02 20:17:52", "seriesname": "g1399_d2qdjri", "file": "/media/jbrogan4/scratch2/Reddit_Prov_Dataset_v6/_Two_girls_on_a_trampoline/g1399_d2qdjri.png", "URL": "http://i.imgur.com/FGNKuV2.png", "fileid": "g1399_d2qdjri.png"}, {"id": "g1399_d2q2n2b", "comment": "Weeeeeeeee!!! http://imgur.com/NmGNcYY", "date": "2016-05-02 16:14:17", "seriesname": "g1399_d2q2n2b", "file": "/media/jbrogan4/scratch2/Reddit_Prov_Dataset_v6/_Two_girls_on_a_trampoline/g1399_d2q2n2b.png", "URL": "http://i.imgur.com/NmGNcYY.png", "fileid": "g1399_d2q2n2b.png"}, {"id": "g1399_d2ps2t6", "comment": "[Knights of the round table](http://imgur.com/Csg5FCz)\n...fixed a couple things[here](http://imgur.com/1Yvi43Q)", "date": "2016-05-02 12:31:49", "seriesname": "g1399_d2ps2t6", "file": "/media/jbrogan4/scratch2/Reddit_Prov_Dataset_v6/_Two_girls_on_a_trampoline/g1399_d2ps2t6.png", "URL": "http://i.imgur.com/1Yvi43Q.png", "fileid": "g1399_d2ps2t6.png"}, {"id": "g1399_d2pz6h7", "comment": "[That background scenery looks oddly familiar.]( https://www.reddit.com/r/photoshopbattles/comments/2nrkzo/psbattle_family_playing_backyard_football/cmgb18l)\n\nEdit: Also this. http://i.imgur.com/1Reb8el.png", "date": "2016-05-02 15:03:00", "seriesname": "g1399_d2pz6h7", "file": "/media/jbrogan4/scratch2/Reddit_Prov_Dataset_v6/_Two_girls_on_a_trampoline/g1399_d2pz6h7.png", "URL": "http://i.imgur.com/1Reb8el.png", "fileid": "g1399_d2pz6h7.png"}, {"id": "g1399_d2q548d", "comment": "The Annual Jumping Girl Water Bear [Competition.](http://imgur.com/ARlk9oc)", "date": "2016-05-02 17:03:32", "seriesname": "g1399_d2q548d", "file": "/media/jbrogan4/scratch2/Reddit_Prov_Dataset_v6/_Two_girls_on_a_trampoline/g1399_d2q548d.png", "URL": "http://i.imgur.com/ARlk9oc.png", "fileid": "g1399_d2q548d.png"}, {"id": "g1399_d2q3df1", "comment": "I liked yours so much I cleaned it up a [bit.](http://imgur.com/IsrfjhG)\n\nCloser to the [original.](http://i.imgur.com/PrJ6bch.png)\n\nAnd finally a pixelized [version.](http://i.imgur.com/TX9p6Sa.png)", "date": "2016-05-02 16:29:38", "seriesname": "g1399_d2q3df1", "file": "/media/jbrogan4/scratch2/Reddit_Prov_Dataset_v6/_Two_girls_on_a_trampoline/g1399_d2q3df1.png", "URL": "http://i.imgur.com/TX9p6Sa.png", "fileid": "g1399_d2q3df1.png"}, {"id": "g1399_d2pypwf", "comment": "Bad photo shop is bad, but done at work.\n\nI'm sorry Yoshi. I have no choice...\n\nhttp://i.imgur.com/jnDBRca.png", "date": "2016-05-02 14:53:10", "seriesname": "g1399_d2pypwf", "file": "/media/jbrogan4/scratch2/Reddit_Prov_Dataset_v6/_Two_girls_on_a_trampoline/g1399_d2pypwf.png", "URL": "http://i.imgur.com/jnDBRca.png", "fileid": "g1399_d2pypwf.png"}, {"id": "g1399_d2pxsgf", "comment": "[The Blair Witch Project](http://i.imgur.com/Zzww3zA.png)", "date": "2016-05-02 14:33:36", "seriesname": "g1399_d2pxsgf", "file": "/media/jbrogan4/scratch2/Reddit_Prov_Dataset_v6/_Two_girls_on_a_trampoline/g1399_d2pxsgf.png", "URL": "http://i.imgur.com/Zzww3zA.png", "fileid": "g1399_d2pxsgf.png"}, {"id": "g1399_d2prt4c", "comment": "\n[Damn Sis, you are heavy!](http://loopnroll.com/p/E5SKF) (sound)\n\n\nimg\n\n[here](http://imgur.com/75Aik2A)\n", "date": "2016-05-02 12:25:37", "seriesname": "g1399_d2prt4c", "file": "/media/jbrogan4/scratch2/Reddit_Prov_Dataset_v6/_Two_girls_on_a_trampoline/g1399_d2prt4c.png", "URL": "http://i.imgur.com/75Aik2A.png", "fileid": "g1399_d2prt4c.png"}, {"id": "g1399_d2prxyr", "comment": "[hitman-girl](http://i.imgur.com/4dm2syW.jpg)", "date": "2016-05-02 12:28:42", "seriesname": "g1399_d2prxyr", "file": "/media/jbrogan4/scratch2/Reddit_Prov_Dataset_v6/_Two_girls_on_a_trampoline/g1399_d2prxyr.jpg", "URL": "http://i.imgur.com/4dm2syW.jpg", "fileid": "g1399_d2prxyr.jpg"}, {"id": "g1399_d2pyn32", "comment": "[Save her unkindled one] (http://i.imgur.com/IjP8nuv.jpg)", "date": "2016-05-02 14:51:31", "seriesname": "g1399_d2pyn32", "file": "/media/jbrogan4/scratch2/Reddit_Prov_Dataset_v6/_Two_girls_on_a_trampoline/g1399_d2pyn32.jpg", "URL": "http://i.imgur.com/IjP8nuv.jpg", "fileid": "g1399_d2pyn32.jpg"}, {"id": "g1399_d2ps1qj", "comment": "[On Hoth](http://i.imgur.com/60uTlFy.jpg)", "date": "2016-05-02 12:31:07", "seriesname": "g1399_d2ps1qj", "file": "/media/jbrogan4/scratch2/Reddit_Prov_Dataset_v6/_Two_girls_on_a_trampoline/g1399_d2ps1qj.jpg", "URL": "http://i.imgur.com/60uTlFy.jpg", "fileid": "g1399_d2ps1qj.jpg"}, {"id": "g1399_d2q10ad", "comment": "[Help: I can't swim](http://i.imgur.com/3vC7c8W.jpg)", "date": "2016-05-02 15:41:15", "seriesname": "g1399_d2q10ad", "file": "/media/jbrogan4/scratch2/Reddit_Prov_Dataset_v6/_Two_girls_on_a_trampoline/g1399_d2q10ad.jpg", "URL": "http://i.imgur.com/3vC7c8W.jpg", "fileid": "g1399_d2q10ad.jpg"}, {"id": "g1399_d2pybxy", "comment": "[GOOD GOD, SHE BROKE HER IN HALF!!!](http://i768.photobucket.com/albums/xx330/presidentjenkins/WWE_ring-1_zpsydyuwiuy.jpg)", "date": "2016-05-02 14:45:04", "seriesname": "g1399_d2pybxy", "file": "/media/jbrogan4/scratch2/Reddit_Prov_Dataset_v6/_Two_girls_on_a_trampoline/g1399_d2pybxy.jpg", "URL": "http://i768.photobucket.com/albums/xx330/presidentjenkins/WWE_ring-1_zpsydyuwiuy.jpg", "fileid": "g1399_d2pybxy.jpg"}, {"id": "g1399_d2q0qak", "comment": "[Just keep looking the other way...](http://imgur.com/iIWrOkd) it'll be over soon.", "date": "2016-05-02 15:35:36", "seriesname": "g1399_d2q0qak", "file": "/media/jbrogan4/scratch2/Reddit_Prov_Dataset_v6/_Two_girls_on_a_trampoline/g1399_d2q0qak.png", "URL": "http://i.imgur.com/iIWrOkd.png", "fileid": "g1399_d2q0qak.png"}, {"id": "g1399_d2q3l7w", "comment": "http://imgur.com/hV7VdLo", "date": "2016-05-02 16:34:13", "seriesname": "g1399_d2q3l7w", "file": "/media/jbrogan4/scratch2/Reddit_Prov_Dataset_v6/_Two_girls_on_a_trampoline/g1399_d2q3l7w.png", "URL": "http://i.imgur.com/hV7VdLo.png", "fileid": "g1399_d2q3l7w.png"}, {"id": "g1399_root", "comment": "", "date": "2016-05-02 09:55:39", "seriesname": "g1399_root", "file": "/media/jbrogan4/scratch2/Reddit_Prov_Dataset_v6/_Two_girls_on_a_trampoline/g1399_root.jpg", "URL": "http://i.imgur.com/N82VD5P.jpg", "fileid": "g1399_root.jpg"}], "graph": {"name": "g1399_root"}, "directed": true}