{"links": [{"op": "none", "target": 0, "source": 45}, {"op": "none", "target": 1, "source": 49}, {"op": "none", "target": 2, "source": 49}, {"op": "none", "target": 3, "source": 49}, {"op": "none", "target": 4, "source": 49}, {"op": "none", "target": 5, "source": 49}, {"op": "none", "target": 6, "source": 49}, {"op": "none", "target": 7, "source": 49}, {"op": "none", "target": 8, "source": 49}, {"op": "none", "target": 9, "source": 49}, {"op": "none", "target": 10, "source": 49}, {"op": "none", "target": 11, "source": 49}, {"op": "none", "target": 12, "source": 49}, {"op": "none", "target": 13, "source": 49}, {"op": "none", "target": 14, "source": 49}, {"op": "none", "target": 15, "source": 49}, {"op": "none", "target": 16, "source": 49}, {"op": "none", "target": 17, "source": 49}, {"op": "none", "target": 18, "source": 49}, {"op": "none", "target": 19, "source": 49}, {"op": "none", "target": 20, "source": 49}, {"op": "none", "target": 21, "source": 0}, {"op": "none", "target": 22, "source": 15}, {"op": "none", "target": 23, "source": 49}, {"op": "none", "target": 24, "source": 49}, {"op": "none", "target": 25, "source": 49}, {"op": "none", "target": 26, "source": 45}, {"op": "none", "target": 27, "source": 49}, {"op": "none", "target": 28, "source": 49}, {"op": "none", "target": 29, "source": 49}, {"op": "none", "target": 30, "source": 49}, {"op": "none", "target": 31, "source": 49}, {"op": "none", "target": 32, "source": 49}, {"op": "none", "target": 33, "source": 49}, {"op": "none", "target": 34, "source": 49}, {"op": "none", "target": 35, "source": 49}, {"op": "none", "target": 36, "source": 49}, {"op": "none", "target": 37, "source": 49}, {"op": "none", "target": 38, "source": 49}, {"op": "none", "target": 39, "source": 49}, {"op": "none", "target": 40, "source": 49}, {"op": "none", "target": 41, "source": 49}, {"op": "none", "target": 42, "source": 49}, {"op": "none", "target": 43, "source": 49}, {"op": "none", "target": 44, "source": 49}, {"op": "none", "target": 45, "source": 49}, {"op": "none", "target": 46, "source": 49}, {"op": "none", "target": 47, "source": 49}, {"op": "none", "target": 48, "source": 49}, {"op": "none", "target": 50, "source": 49}, {"op": "none", "target": 51, "source": 49}], "title": "_A_man_standing_on_a_subway_vent", "nodes": [{"id": "g1401_d4qkw71", "comment": "[Good Evening](http://imgur.com/1O54PYr)", "date": "2016-06-27 20:07:52", "seriesname": "g1401_d4qkw71", "file": "/media/jbrogan4/scratch2/Reddit_Prov_Dataset_v6/_A_man_standing_on_a_subway_vent/g1401_d4qkw71.png", "URL": "http://i.imgur.com/1O54PYr.png", "fileid": "g1401_d4qkw71.png"}, {"id": "g1401_d4qqyxq", "comment": "Centaur:\n\nhttps://i.imgur.com/CUOHq8F.jpg", "date": "2016-06-27 22:49:49", "seriesname": "g1401_d4qqyxq", "file": "/media/jbrogan4/scratch2/Reddit_Prov_Dataset_v6/_A_man_standing_on_a_subway_vent/g1401_d4qqyxq.jpg", "URL": "https://i.imgur.com/CUOHq8F.jpg", "fileid": "g1401_d4qqyxq.jpg"}, {"id": "g1401_d4qz6cu", "comment": "[P.Y.T](http://i.imgur.com/ce8ACQv.jpg?1)", "date": "2016-06-28 04:13:10", "seriesname": "g1401_d4qz6cu", "file": "/media/jbrogan4/scratch2/Reddit_Prov_Dataset_v6/_A_man_standing_on_a_subway_vent/g1401_d4qz6cu.jpg", "URL": "http://i.imgur.com/ce8ACQv.jpg?1", "fileid": "g1401_d4qz6cu.jpg"}, {"id": "g1401_d4qia9k", "comment": "[don't ask](http://i.imgur.com/CSSJzeV.png)", "date": "2016-06-27 18:59:34", "seriesname": "g1401_d4qia9k", "file": "/media/jbrogan4/scratch2/Reddit_Prov_Dataset_v6/_A_man_standing_on_a_subway_vent/g1401_d4qia9k.png", "URL": "http://i.imgur.com/CSSJzeV.png", "fileid": "g1401_d4qia9k.png"}, {"id": "g1401_d4qc1ss", "comment": "[NSFW][I had to sit for 12 hours, and he made it smaller!](http://i.imgur.com/y29pIx7.jpg)", "date": "2016-06-27 16:37:18", "seriesname": "g1401_d4qc1ss", "file": "/media/jbrogan4/scratch2/Reddit_Prov_Dataset_v6/_A_man_standing_on_a_subway_vent/g1401_d4qc1ss.jpg", "URL": "http://i.imgur.com/y29pIx7.jpg", "fileid": "g1401_d4qc1ss.jpg"}, {"id": "g1401_d4qs8tg", "comment": "http://i.imgur.com/54suH2l.jpg\n\nI hope I'm not too late\n\n( bonus points if you know where this is from)", "date": "2016-06-27 23:26:36", "seriesname": "g1401_d4qs8tg", "file": "/media/jbrogan4/scratch2/Reddit_Prov_Dataset_v6/_A_man_standing_on_a_subway_vent/g1401_d4qs8tg.jpg", "URL": "http://i.imgur.com/54suH2l.jpg", "fileid": "g1401_d4qs8tg.jpg"}, {"id": "g1401_d4qsre7", "comment": "I know I'm a little late to the party, but here's my [contribution](http://i.imgur.com/rGpqZFg.jpg).\n\n", "date": "2016-06-27 23:42:22", "seriesname": "g1401_d4qsre7", "file": "/media/jbrogan4/scratch2/Reddit_Prov_Dataset_v6/_A_man_standing_on_a_subway_vent/g1401_d4qsre7.jpg", "URL": "http://i.imgur.com/rGpqZFg.jpg).", "fileid": "g1401_d4qsre7."}, {"id": "g1401_d4qhgn8", "comment": "[A Norman Rockwell classic.](http://i.imgur.com/fZFOfRh.jpg)", "date": "2016-06-27 18:38:32", "seriesname": "g1401_d4qhgn8", "file": "/media/jbrogan4/scratch2/Reddit_Prov_Dataset_v6/_A_man_standing_on_a_subway_vent/g1401_d4qhgn8.jpg", "URL": "http://i.imgur.com/fZFOfRh.jpg", "fileid": "g1401_d4qhgn8.jpg"}, {"id": "g1401_d4qc5xo", "comment": "http://imgur.com/ruHIDI8\nhttps://www.youtube.com/watch?v=nrOWquvup58", "date": "2016-06-27 16:39:45", "seriesname": "g1401_d4qc5xo", "file": "/media/jbrogan4/scratch2/Reddit_Prov_Dataset_v6/_A_man_standing_on_a_subway_vent/g1401_d4qc5xo.png", "URL": "http://i.imgur.com/ruHIDI8.png", "fileid": "g1401_d4qc5xo.png"}, {"id": "g1401_d4qbiny", "comment": "[Dance Off!](http://imgur.com/KghmAMi)", "date": "2016-06-27 16:26:05", "seriesname": "g1401_d4qbiny", "file": "/media/jbrogan4/scratch2/Reddit_Prov_Dataset_v6/_A_man_standing_on_a_subway_vent/g1401_d4qbiny.png", "URL": "http://i.imgur.com/KghmAMi.png", "fileid": "g1401_d4qbiny.png"}, {"id": "g1401_d4qnqtr", "comment": "[Alrighty then...](http://i.imgur.com/TqG8Ah8.jpg)", "date": "2016-06-27 21:22:40", "seriesname": "g1401_d4qnqtr", "file": "/media/jbrogan4/scratch2/Reddit_Prov_Dataset_v6/_A_man_standing_on_a_subway_vent/g1401_d4qnqtr.jpg", "URL": "http://i.imgur.com/TqG8Ah8.jpg", "fileid": "g1401_d4qnqtr.jpg"}, {"id": "g1401_d4qsobb", "comment": "I posted it in the Beyonce thread, but i'll post it here as well:\n\n[Ventyonce](http://i.imgur.com/aQCkiLi.jpg)", "date": "2016-06-27 23:39:47", "seriesname": "g1401_d4qsobb", "file": "/media/jbrogan4/scratch2/Reddit_Prov_Dataset_v6/_A_man_standing_on_a_subway_vent/g1401_d4qsobb.jpg", "URL": "http://i.imgur.com/aQCkiLi.jpg", "fileid": "g1401_d4qsobb.jpg"}, {"id": "g1401_d4qdgpk", "comment": "[Such chemistry!](http://i.imgur.com/nn4wnrK.jpg)", "date": "2016-06-27 17:04:48", "seriesname": "g1401_d4qdgpk", "file": "/media/jbrogan4/scratch2/Reddit_Prov_Dataset_v6/_A_man_standing_on_a_subway_vent/g1401_d4qdgpk.jpg", "URL": "http://i.imgur.com/nn4wnrK.jpg", "fileid": "g1401_d4qdgpk.jpg"}, {"id": "g1401_d4qmlp1", "comment": "[Got Ham City](http://i.imgur.com/pKRwfSX.jpg)\n\n[To the Signal!!](http://i.imgur.com/XHUxBKZ.jpg)\n\nEdit: Added another submission cause having a lot of fun doing this XD", "date": "2016-06-27 20:51:55", "seriesname": "g1401_d4qmlp1", "file": "/media/jbrogan4/scratch2/Reddit_Prov_Dataset_v6/_A_man_standing_on_a_subway_vent/g1401_d4qmlp1.jpg", "URL": "http://i.imgur.com/XHUxBKZ.jpg", "fileid": "g1401_d4qmlp1.jpg"}, {"id": "g1401_d4qr2t3", "comment": "[Unimpressed with the Delaware.](http://i.imgur.com/SFkr3L2.jpg)", "date": "2016-06-27 22:52:41", "seriesname": "g1401_d4qr2t3", "file": "/media/jbrogan4/scratch2/Reddit_Prov_Dataset_v6/_A_man_standing_on_a_subway_vent/g1401_d4qr2t3.jpg", "URL": "http://i.imgur.com/SFkr3L2.jpg", "fileid": "g1401_d4qr2t3.jpg"}, {"id": "g1401_d4qdtx2", "comment": "[Blown Away by the sound](http://i.imgur.com/Mp2qYbl.jpg) Potatoshopped it!", "date": "2016-06-27 17:12:42", "seriesname": "g1401_d4qdtx2", "file": "/media/jbrogan4/scratch2/Reddit_Prov_Dataset_v6/_A_man_standing_on_a_subway_vent/g1401_d4qdtx2.jpg", "URL": "http://i.imgur.com/Mp2qYbl.jpg", "fileid": "g1401_d4qdtx2.jpg"}, {"id": "g1401_d4qe4iq", "comment": "[Hitchcock Shadow](http://i.imgur.com/YREA5nF.png)", "date": "2016-06-27 17:19:05", "seriesname": "g1401_d4qe4iq", "file": "/media/jbrogan4/scratch2/Reddit_Prov_Dataset_v6/_A_man_standing_on_a_subway_vent/g1401_d4qe4iq.png", "URL": "http://i.imgur.com/YREA5nF.png", "fileid": "g1401_d4qe4iq.png"}, {"id": "g1401_d4t3swy", "comment": "[Harry Poppins](http://imgur.com/1HgOc6F) ", "date": "2016-06-29 16:58:49", "seriesname": "g1401_d4t3swy", "file": "/media/jbrogan4/scratch2/Reddit_Prov_Dataset_v6/_A_man_standing_on_a_subway_vent/g1401_d4t3swy.png", "URL": "http://i.imgur.com/1HgOc6F.png", "fileid": "g1401_d4t3swy.png"}, {"id": "g1401_d4qnltb", "comment": "[ONE PUUUUUUUUUUUUUUUNCH!](https://i.imgur.com/juhsKwQ.jpg)", "date": "2016-06-27 21:18:50", "seriesname": "g1401_d4qnltb", "file": "/media/jbrogan4/scratch2/Reddit_Prov_Dataset_v6/_A_man_standing_on_a_subway_vent/g1401_d4qnltb.jpg", "URL": "https://i.imgur.com/juhsKwQ.jpg", "fileid": "g1401_d4qnltb.jpg"}, {"id": "g1401_d4qn33a", "comment": "[Deactivated Lasers, with my DICK!](http://i.imgur.com/0JuLqD7.jpg)\n\nFirst Timer in PSBATTLE", "date": "2016-06-27 21:04:41", "seriesname": "g1401_d4qn33a", "file": "/media/jbrogan4/scratch2/Reddit_Prov_Dataset_v6/_A_man_standing_on_a_subway_vent/g1401_d4qn33a.jpg", "URL": "http://i.imgur.com/0JuLqD7.jpg", "fileid": "g1401_d4qn33a.jpg"}, {"id": "g1401_d4qoey4", "comment": "[Pants-X](http://i.imgur.com/vH4yk02.jpg)", "date": "2016-06-27 21:40:45", "seriesname": "g1401_d4qoey4", "file": "/media/jbrogan4/scratch2/Reddit_Prov_Dataset_v6/_A_man_standing_on_a_subway_vent/g1401_d4qoey4.jpg", "URL": "http://i.imgur.com/vH4yk02.jpg", "fileid": "g1401_d4qoey4.jpg"}, {"id": "g1401_d4qm73e", "comment": "[Another fine mess](http://imgur.com/b0prSTb)", "date": "2016-06-27 20:41:18", "seriesname": "g1401_d4qm73e", "file": "/media/jbrogan4/scratch2/Reddit_Prov_Dataset_v6/_A_man_standing_on_a_subway_vent/g1401_d4qm73e.png", "URL": "http://i.imgur.com/b0prSTb.png", "fileid": "g1401_d4qm73e.png"}, {"id": "g1401_d4rfii4", "comment": "http://i.imgur.com/YJnfeZT.jpg", "date": "2016-06-28 13:21:10", "seriesname": "g1401_d4rfii4", "file": "/media/jbrogan4/scratch2/Reddit_Prov_Dataset_v6/_A_man_standing_on_a_subway_vent/g1401_d4rfii4.jpg", "URL": "http://i.imgur.com/YJnfeZT.jpg", "fileid": "g1401_d4rfii4.jpg"}, {"id": "g1401_d4qzxe6", "comment": "[ITS OVER 9000!!!!](http://imgur.com/mjsYHuK)", "date": "2016-06-28 04:58:26", "seriesname": "g1401_d4qzxe6", "file": "/media/jbrogan4/scratch2/Reddit_Prov_Dataset_v6/_A_man_standing_on_a_subway_vent/g1401_d4qzxe6.png", "URL": "http://i.imgur.com/mjsYHuK.png", "fileid": "g1401_d4qzxe6.png"}, {"id": "g1401_d4qbn82", "comment": "[D-Pants](http://i.imgur.com/dtd9EF0.jpg)", "date": "2016-06-27 16:28:41", "seriesname": "g1401_d4qbn82", "file": "/media/jbrogan4/scratch2/Reddit_Prov_Dataset_v6/_A_man_standing_on_a_subway_vent/g1401_d4qbn82.jpg", "URL": "http://i.imgur.com/dtd9EF0.jpg", "fileid": "g1401_d4qbn82.jpg"}, {"id": "g1401_d4qn5re", "comment": "[Pantsman will protect us!](http://i.imgur.com/O5N47A3.jpg)", "date": "2016-06-27 21:06:45", "seriesname": "g1401_d4qn5re", "file": "/media/jbrogan4/scratch2/Reddit_Prov_Dataset_v6/_A_man_standing_on_a_subway_vent/g1401_d4qn5re.jpg", "URL": "http://i.imgur.com/O5N47A3.jpg", "fileid": "g1401_d4qn5re.jpg"}, {"id": "g1401_d4qvarp", "comment": "[Another kind of Bean](http://i.imgur.com/JdN0a1K.png)", "date": "2016-06-28 01:08:58", "seriesname": "g1401_d4qvarp", "file": "/media/jbrogan4/scratch2/Reddit_Prov_Dataset_v6/_A_man_standing_on_a_subway_vent/g1401_d4qvarp.png", "URL": "http://i.imgur.com/JdN0a1K.png", "fileid": "g1401_d4qvarp.png"}, {"id": "g1401_d4qjqrb", "comment": "http://i.imgur.com/oKA7SjN.jpg", "date": "2016-06-27 19:37:32", "seriesname": "g1401_d4qjqrb", "file": "/media/jbrogan4/scratch2/Reddit_Prov_Dataset_v6/_A_man_standing_on_a_subway_vent/g1401_d4qjqrb.jpg", "URL": "http://i.imgur.com/oKA7SjN.jpg", "fileid": "g1401_d4qjqrb.jpg"}, {"id": "g1401_d4qcmrk", "comment": "[I'm getting too old for this ](http://i.imgur.com/WMXAnLi.jpg)", "date": "2016-06-27 16:49:15", "seriesname": "g1401_d4qcmrk", "file": "/media/jbrogan4/scratch2/Reddit_Prov_Dataset_v6/_A_man_standing_on_a_subway_vent/g1401_d4qcmrk.jpg", "URL": "http://i.imgur.com/WMXAnLi.jpg", "fileid": "g1401_d4qcmrk.jpg"}, {"id": "g1401_d4qbrnu", "comment": "[My first thing??](http://i.imgur.com/AGIcWSU.png)", "date": "2016-06-27 16:31:13", "seriesname": "g1401_d4qbrnu", "file": "/media/jbrogan4/scratch2/Reddit_Prov_Dataset_v6/_A_man_standing_on_a_subway_vent/g1401_d4qbrnu.png", "URL": "http://i.imgur.com/AGIcWSU.png", "fileid": "g1401_d4qbrnu.png"}, {"id": "g1401_d4qffda", "comment": "[This is my fav sports league](http://imgur.com/cjXVDUg)", "date": "2016-06-27 17:48:36", "seriesname": "g1401_d4qffda", "file": "/media/jbrogan4/scratch2/Reddit_Prov_Dataset_v6/_A_man_standing_on_a_subway_vent/g1401_d4qffda.png", "URL": "http://i.imgur.com/cjXVDUg.png", "fileid": "g1401_d4qffda.png"}, {"id": "g1401_d4qayaa", "comment": "[That 70 year itch](http://i.imgur.com/pPHMfHR.jpg)", "date": "2016-06-27 16:14:10", "seriesname": "g1401_d4qayaa", "file": "/media/jbrogan4/scratch2/Reddit_Prov_Dataset_v6/_A_man_standing_on_a_subway_vent/g1401_d4qayaa.jpg", "URL": "http://i.imgur.com/pPHMfHR.jpg", "fileid": "g1401_d4qayaa.jpg"}, {"id": "g1401_d4qc1tw", "comment": "[Rare Pepe In His Element](https://i.imgur.com/nn2oeZS.jpg)", "date": "2016-06-27 16:37:19", "seriesname": "g1401_d4qc1tw", "file": "/media/jbrogan4/scratch2/Reddit_Prov_Dataset_v6/_A_man_standing_on_a_subway_vent/g1401_d4qc1tw.jpg", "URL": "https://i.imgur.com/nn2oeZS.jpg", "fileid": "g1401_d4qc1tw.jpg"}, {"id": "g1401_d4qo4cx", "comment": "[Tiananmen Square](http://i.imgur.com/Ym8HYaU.jpg)", "date": "2016-06-27 21:32:42", "seriesname": "g1401_d4qo4cx", "file": "/media/jbrogan4/scratch2/Reddit_Prov_Dataset_v6/_A_man_standing_on_a_subway_vent/g1401_d4qo4cx.jpg", "URL": "http://i.imgur.com/Ym8HYaU.jpg", "fileid": "g1401_d4qo4cx.jpg"}, {"id": "g1401_d4r42va", "comment": "\n[Spirit animal illustrated](http://imgur.com/MuIg3J0)\n", "date": "2016-06-28 08:34:36", "seriesname": "g1401_d4r42va", "file": "/media/jbrogan4/scratch2/Reddit_Prov_Dataset_v6/_A_man_standing_on_a_subway_vent/g1401_d4r42va.png", "URL": "http://i.imgur.com/MuIg3J0.png", "fileid": "g1401_d4r42va.png"}, {"id": "g1401_d4qauty", "comment": "[Vogue!](http://i.imgur.com/LG9krNO.jpg)", "date": "2016-06-27 16:12:11", "seriesname": "g1401_d4qauty", "file": "/media/jbrogan4/scratch2/Reddit_Prov_Dataset_v6/_A_man_standing_on_a_subway_vent/g1401_d4qauty.jpg", "URL": "http://i.imgur.com/LG9krNO.jpg", "fileid": "g1401_d4qauty.jpg"}, {"id": "g1401_d4qtq5v", "comment": "[I made this](http://i.imgur.com/lwDSXJ2.jpg)", "date": "2016-06-28 00:13:27", "seriesname": "g1401_d4qtq5v", "file": "/media/jbrogan4/scratch2/Reddit_Prov_Dataset_v6/_A_man_standing_on_a_subway_vent/g1401_d4qtq5v.jpg", "URL": "http://i.imgur.com/lwDSXJ2.jpg", "fileid": "g1401_d4qtq5v.jpg"}, {"id": "g1401_d4qp62i", "comment": "[Runway](http://i.imgur.com/TFbXy7P.jpg)", "date": "2016-06-27 22:01:14", "seriesname": "g1401_d4qp62i", "file": "/media/jbrogan4/scratch2/Reddit_Prov_Dataset_v6/_A_man_standing_on_a_subway_vent/g1401_d4qp62i.jpg", "URL": "http://i.imgur.com/TFbXy7P.jpg", "fileid": "g1401_d4qp62i.jpg"}, {"id": "g1401_d4qvq5t", "comment": "http://i.imgur.com/SYQDB1K.jpg", "date": "2016-06-28 01:25:50", "seriesname": "g1401_d4qvq5t", "file": "/media/jbrogan4/scratch2/Reddit_Prov_Dataset_v6/_A_man_standing_on_a_subway_vent/g1401_d4qvq5t.jpg", "URL": "http://i.imgur.com/SYQDB1K.jpg", "fileid": "g1401_d4qvq5t.jpg"}, {"id": "g1401_d4qyzly", "comment": "[That vent isn't even on..](http://i.imgur.com/49AIEnL.png)\n(Yes, I am 12)", "date": "2016-06-28 04:02:24", "seriesname": "g1401_d4qyzly", "file": "/media/jbrogan4/scratch2/Reddit_Prov_Dataset_v6/_A_man_standing_on_a_subway_vent/g1401_d4qyzly.png", "URL": "http://i.imgur.com/49AIEnL.png", "fileid": "g1401_d4qyzly.png"}, {"id": "g1401_d4r0e01", "comment": "[Superman really let himself go](http://i.imgur.com/5RMpC7t.jpg)", "date": "2016-06-28 05:27:46", "seriesname": "g1401_d4r0e01", "file": "/media/jbrogan4/scratch2/Reddit_Prov_Dataset_v6/_A_man_standing_on_a_subway_vent/g1401_d4r0e01.jpg", "URL": "http://i.imgur.com/5RMpC7t.jpg", "fileid": "g1401_d4r0e01.jpg"}, {"id": "g1401_d4qr60z", "comment": "[Maxell, it's worth it](http://i.imgur.com/Xkusph3.jpg) (I tried)", "date": "2016-06-27 22:55:10", "seriesname": "g1401_d4qr60z", "file": "/media/jbrogan4/scratch2/Reddit_Prov_Dataset_v6/_A_man_standing_on_a_subway_vent/g1401_d4qr60z.jpg", "URL": "http://i.imgur.com/Xkusph3.jpg", "fileid": "g1401_d4qr60z.jpg"}, {"id": "g1401_d4qoq5q", "comment": "[Faster than a FXVI](https://i.imgur.com/csL76PN.png)", "date": "2016-06-27 21:49:15", "seriesname": "g1401_d4qoq5q", "file": "/media/jbrogan4/scratch2/Reddit_Prov_Dataset_v6/_A_man_standing_on_a_subway_vent/g1401_d4qoq5q.png", "URL": "https://i.imgur.com/csL76PN.png", "fileid": "g1401_d4qoq5q.png"}, {"id": "g1401_d4qnw5a", "comment": "[Small but you get the point](http://i.imgur.com/2i3nKo3.png)", "date": "2016-06-27 21:26:41", "seriesname": "g1401_d4qnw5a", "file": "/media/jbrogan4/scratch2/Reddit_Prov_Dataset_v6/_A_man_standing_on_a_subway_vent/g1401_d4qnw5a.png", "URL": "http://i.imgur.com/2i3nKo3.png", "fileid": "g1401_d4qnw5a.png"}, {"id": "g1401_d4qrcqn", "comment": "[Sumorai Champloo](http://i.imgur.com/x56wkR0.jpg)\n\nEdit: [Extra detailing](http://i.imgur.com/lQwhPhk.jpg)", "date": "2016-06-27 23:00:25", "seriesname": "g1401_d4qrcqn", "file": "/media/jbrogan4/scratch2/Reddit_Prov_Dataset_v6/_A_man_standing_on_a_subway_vent/g1401_d4qrcqn.jpg", "URL": "http://i.imgur.com/lQwhPhk.jpg", "fileid": "g1401_d4qrcqn.jpg"}, {"id": "g1401_d4qcztb", "comment": "[Hello](http://imgur.com/s4QwlN2)", "date": "2016-06-27 16:55:30", "seriesname": "g1401_d4qcztb", "file": "/media/jbrogan4/scratch2/Reddit_Prov_Dataset_v6/_A_man_standing_on_a_subway_vent/g1401_d4qcztb.png", "URL": "http://i.imgur.com/s4QwlN2.png", "fileid": "g1401_d4qcztb.png"}, {"id": "g1401_d4qg0rr", "comment": "http://i.imgur.com/COQ7j5N.jpg", "date": "2016-06-27 18:02:43", "seriesname": "g1401_d4qg0rr", "file": "/media/jbrogan4/scratch2/Reddit_Prov_Dataset_v6/_A_man_standing_on_a_subway_vent/g1401_d4qg0rr.jpg", "URL": "http://i.imgur.com/COQ7j5N.jpg", "fileid": "g1401_d4qg0rr.jpg"}, {"id": "g1401_d4qa93b", "comment": "[Paradise](https://i.imgur.com/Ku9ZoM8.jpg)", "date": "2016-06-27 15:59:32", "seriesname": "g1401_d4qa93b", "file": "/media/jbrogan4/scratch2/Reddit_Prov_Dataset_v6/_A_man_standing_on_a_subway_vent/g1401_d4qa93b.jpg", "URL": "https://i.imgur.com/Ku9ZoM8.jpg", "fileid": "g1401_d4qa93b.jpg"}, {"id": "g1401_d4qouqv", "comment": "[here's mine](http://i.imgur.com/1uj1o30.png?1)", "date": "2016-06-27 21:52:42", "seriesname": "g1401_d4qouqv", "file": "/media/jbrogan4/scratch2/Reddit_Prov_Dataset_v6/_A_man_standing_on_a_subway_vent/g1401_d4qouqv.png", "URL": "http://i.imgur.com/1uj1o30.png?1", "fileid": "g1401_d4qouqv.png"}, {"id": "g1401_root", "comment": "", "date": "2016-06-27 15:00:12", "seriesname": "g1401_root", "file": "/media/jbrogan4/scratch2/Reddit_Prov_Dataset_v6/_A_man_standing_on_a_subway_vent/g1401_root.jpg", "URL": "http://i.imgur.com/YJnfeZT.jpg", "fileid": "g1401_root.jpg"}, {"id": "g1401_d4r1ww6", "comment": "[He did it again! ](http://m.imgur.com/MY5NxI5) ", "date": "2016-06-28 06:58:45", "seriesname": "g1401_d4r1ww6", "file": "/media/jbrogan4/scratch2/Reddit_Prov_Dataset_v6/_A_man_standing_on_a_subway_vent/g1401_d4r1ww6.png", "URL": "http://i.imgur.com/MY5NxI5.png", "fileid": "g1401_d4r1ww6.png"}, {"id": "g1401_d4qma9r", "comment": "[Obligatory Final Form Meme](http://i.imgur.com/XJHlbOt.jpg)", "date": "2016-06-27 20:43:34", "seriesname": "g1401_d4qma9r", "file": "/media/jbrogan4/scratch2/Reddit_Prov_Dataset_v6/_A_man_standing_on_a_subway_vent/g1401_d4qma9r.jpg", "URL": "http://i.imgur.com/XJHlbOt.jpg", "fileid": "g1401_d4qma9r.jpg"}], "graph": {"name": "g1401_root"}, "directed": true}