{"links": [{"op": "none", "target": 0, "source": 59}, {"op": "none", "target": 1, "source": 59}, {"op": "none", "target": 2, "source": 59}, {"op": "none", "target": 3, "source": 59}, {"op": "none", "target": 4, "source": 59}, {"op": "none", "target": 5, "source": 8}, {"op": "none", "target": 6, "source": 59}, {"op": "none", "target": 7, "source": 59}, {"op": "none", "target": 8, "source": 59}, {"op": "none", "target": 9, "source": 59}, {"op": "none", "target": 10, "source": 59}, {"op": "none", "target": 11, "source": 43}, {"op": "none", "target": 12, "source": 59}, {"op": "none", "target": 13, "source": 59}, {"op": "none", "target": 14, "source": 59}, {"op": "none", "target": 15, "source": 59}, {"op": "none", "target": 16, "source": 59}, {"op": "none", "target": 17, "source": 23}, {"op": "none", "target": 18, "source": 59}, {"op": "none", "target": 19, "source": 59}, {"op": "none", "target": 20, "source": 59}, {"op": "none", "target": 21, "source": 59}, {"op": "none", "target": 22, "source": 59}, {"op": "none", "target": 23, "source": 59}, {"op": "none", "target": 24, "source": 59}, {"op": "none", "target": 25, "source": 59}, {"op": "none", "target": 26, "source": 59}, {"op": "none", "target": 27, "source": 59}, {"op": "none", "target": 28, "source": 59}, {"op": "none", "target": 29, "source": 59}, {"op": "none", "target": 30, "source": 59}, {"op": "none", "target": 31, "source": 59}, {"op": "none", "target": 32, "source": 59}, {"op": "none", "target": 33, "source": 59}, {"op": "none", "target": 34, "source": 59}, {"op": "none", "target": 35, "source": 13}, {"op": "none", "target": 36, "source": 0}, {"op": "none", "target": 37, "source": 38}, {"op": "none", "target": 38, "source": 12}, {"op": "none", "target": 39, "source": 59}, {"op": "none", "target": 40, "source": 59}, {"op": "none", "target": 41, "source": 59}, {"op": "none", "target": 42, "source": 59}, {"op": "none", "target": 43, "source": 59}, {"op": "none", "target": 44, "source": 59}, {"op": "none", "target": 45, "source": 59}, {"op": "none", "target": 46, "source": 59}, {"op": "none", "target": 47, "source": 59}, {"op": "none", "target": 48, "source": 59}, {"op": "none", "target": 49, "source": 8}, {"op": "none", "target": 50, "source": 59}, {"op": "none", "target": 51, "source": 59}, {"op": "none", "target": 52, "source": 59}, {"op": "none", "target": 53, "source": 8}, {"op": "none", "target": 54, "source": 59}, {"op": "none", "target": 55, "source": 59}, {"op": "none", "target": 56, "source": 59}, {"op": "none", "target": 57, "source": 59}, {"op": "none", "target": 58, "source": 59}, {"op": "none", "target": 60, "source": 59}, {"op": "none", "target": 61, "source": 59}], "title": "_Wet_cat_peeking_out_of_the_bathroom", "nodes": [{"id": "g1408_d0tdj8e", "comment": "[Moist Pussy.](http://i.imgur.com/Ukkv4cu.jpg)", "date": "2016-03-09 09:38:32", "seriesname": "g1408_d0tdj8e", "file": "/media/jbrogan4/scratch2/Reddit_Prov_Dataset_v6/_Wet_cat_peeking_out_of_the_bathroom/g1408_d0tdj8e.jpg", "URL": "http://i.imgur.com/Ukkv4cu.jpg", "fileid": "g1408_d0tdj8e.jpg"}, {"id": "g1408_d0u039p", "comment": "http://imgur.com/sJNKYwT", "date": "2016-03-09 18:15:06", "seriesname": "g1408_d0u039p", "file": "/media/jbrogan4/scratch2/Reddit_Prov_Dataset_v6/_Wet_cat_peeking_out_of_the_bathroom/g1408_d0u039p.png", "URL": "http://i.imgur.com/sJNKYwT.png", "fileid": "g1408_d0u039p.png"}, {"id": "g1408_d0th3ac", "comment": "[Cattack on Titan](http://imgur.com/p1oHrwn)", "date": "2016-03-09 11:11:15", "seriesname": "g1408_d0th3ac", "file": "/media/jbrogan4/scratch2/Reddit_Prov_Dataset_v6/_Wet_cat_peeking_out_of_the_bathroom/g1408_d0th3ac.png", "URL": "http://i.imgur.com/p1oHrwn.png", "fileid": "g1408_d0th3ac.png"}, {"id": "g1408_d0te4d9", "comment": "[Donald Prrump](http://i.imgur.com/L0cfEbu.jpg) \ud83d\ude40", "date": "2016-03-09 09:55:07", "seriesname": "g1408_d0te4d9", "file": "/media/jbrogan4/scratch2/Reddit_Prov_Dataset_v6/_Wet_cat_peeking_out_of_the_bathroom/g1408_d0te4d9.jpg", "URL": "http://i.imgur.com/L0cfEbu.jpg", "fileid": "g1408_d0te4d9.jpg"}, {"id": "g1408_d0u5u7z", "comment": "[Meowzers For President 2016](http://imgur.com/SM2ph6J)", "date": "2016-03-09 20:48:44", "seriesname": "g1408_d0u5u7z", "file": "/media/jbrogan4/scratch2/Reddit_Prov_Dataset_v6/_Wet_cat_peeking_out_of_the_bathroom/g1408_d0u5u7z.png", "URL": "http://i.imgur.com/SM2ph6J.png", "fileid": "g1408_d0u5u7z.png"}, {"id": "g1408_d0tn422", "comment": "http://i.imgur.com/nj8Aof5.jpg", "date": "2016-03-09 13:26:41", "seriesname": "g1408_d0tn422", "file": "/media/jbrogan4/scratch2/Reddit_Prov_Dataset_v6/_Wet_cat_peeking_out_of_the_bathroom/g1408_d0tn422.jpg", "URL": "http://i.imgur.com/nj8Aof5.jpg", "fileid": "g1408_d0tn422.jpg"}, {"id": "g1408_d0tdhbc", "comment": "[Obligatory Milton cat](http://i.imgur.com/6j9d4qx.jpg)", "date": "2016-03-09 09:36:57", "seriesname": "g1408_d0tdhbc", "file": "/media/jbrogan4/scratch2/Reddit_Prov_Dataset_v6/_Wet_cat_peeking_out_of_the_bathroom/g1408_d0tdhbc.jpg", "URL": "http://i.imgur.com/6j9d4qx.jpg", "fileid": "g1408_d0tdhbc.jpg"}, {"id": "g1408_d0uapu2", "comment": "http://imgur.com/KpViCUV Trump Cat!!!!!!", "date": "2016-03-09 22:45:01", "seriesname": "g1408_d0uapu2", "file": "/media/jbrogan4/scratch2/Reddit_Prov_Dataset_v6/_Wet_cat_peeking_out_of_the_bathroom/g1408_d0uapu2.png", "URL": "http://i.imgur.com/KpViCUV.png", "fileid": "g1408_d0uapu2.png"}, {"id": "g1408_d0tcbw5", "comment": "http://i.imgur.com/eeNz7rf.jpg - ET\n\nhttp://i.imgur.com/jA1C1RU.jpg - Yoda\n\nhttp://i.imgur.com/zCTZyKQ.jpg - Catndalf ", "date": "2016-03-09 09:00:36", "seriesname": "g1408_d0tcbw5", "file": "/media/jbrogan4/scratch2/Reddit_Prov_Dataset_v6/_Wet_cat_peeking_out_of_the_bathroom/g1408_d0tcbw5.jpg", "URL": "http://i.imgur.com/zCTZyKQ.jpg", "fileid": "g1408_d0tcbw5.jpg"}, {"id": "g1408_d0tgy1b", "comment": "[Dark Souls 3 Last Boss](http://i.imgur.com/eaYPd2C.jpg)", "date": "2016-03-09 11:07:44", "seriesname": "g1408_d0tgy1b", "file": "/media/jbrogan4/scratch2/Reddit_Prov_Dataset_v6/_Wet_cat_peeking_out_of_the_bathroom/g1408_d0tgy1b.jpg", "URL": "http://i.imgur.com/eaYPd2C.jpg", "fileid": "g1408_d0tgy1b.jpg"}, {"id": "g1408_d0tlf14", "comment": "[Young Obi-Wan uses the worst toilet in Scotland.](http://i.imgur.com/pXOo9Yq.gif)", "date": "2016-03-09 12:48:55", "seriesname": "g1408_d0tlf14", "file": "/media/jbrogan4/scratch2/Reddit_Prov_Dataset_v6/_Wet_cat_peeking_out_of_the_bathroom/g1408_d0tlf14.jpg", "URL": "http://i.imgur.com/pXOo9Yq.gif", "fileid": "g1408_d0tlf14.gif"}, {"id": "g1408_d0tgtmu", "comment": "[Attack On Tiger](http://imgur.com/vX6qTQV)", "date": "2016-03-09 11:04:48", "seriesname": "g1408_d0tgtmu", "file": "/media/jbrogan4/scratch2/Reddit_Prov_Dataset_v6/_Wet_cat_peeking_out_of_the_bathroom/g1408_d0tgtmu.png", "URL": "http://i.imgur.com/vX6qTQV.png", "fileid": "g1408_d0tgtmu.png"}, {"id": "g1408_d0tiumk", "comment": "[Say NO to drugs kids!](http://i.imgur.com/gtWXJNm.png)", "date": "2016-03-09 11:51:15", "seriesname": "g1408_d0tiumk", "file": "/media/jbrogan4/scratch2/Reddit_Prov_Dataset_v6/_Wet_cat_peeking_out_of_the_bathroom/g1408_d0tiumk.png", "URL": "http://i.imgur.com/gtWXJNm.png", "fileid": "g1408_d0tiumk.png"}, {"id": "g1408_d0tcqfw", "comment": "http://i.imgur.com/nKYPaJP.jpg", "date": "2016-03-09 09:14:00", "seriesname": "g1408_d0tcqfw", "file": "/media/jbrogan4/scratch2/Reddit_Prov_Dataset_v6/_Wet_cat_peeking_out_of_the_bathroom/g1408_d0tcqfw.jpg", "URL": "http://i.imgur.com/nKYPaJP.jpg", "fileid": "g1408_d0tcqfw.jpg"}, {"id": "g1408_d0tstm6", "comment": "[Squanchy](http://i.imgur.com/NZdhzHl.png)", "date": "2016-03-09 15:31:36", "seriesname": "g1408_d0tstm6", "file": "/media/jbrogan4/scratch2/Reddit_Prov_Dataset_v6/_Wet_cat_peeking_out_of_the_bathroom/g1408_d0tstm6.png", "URL": "http://i.imgur.com/NZdhzHl.png", "fileid": "g1408_d0tstm6.png"}, {"id": "g1408_d0td1be", "comment": "[Your father was a dog and your mother smelt of cucumbers!](http://i.imgur.com/ziNHoIx.jpg)", "date": "2016-03-09 09:23:29", "seriesname": "g1408_d0td1be", "file": "/media/jbrogan4/scratch2/Reddit_Prov_Dataset_v6/_Wet_cat_peeking_out_of_the_bathroom/g1408_d0td1be.jpg", "URL": "http://i.imgur.com/ziNHoIx.jpg", "fileid": "g1408_d0td1be.jpg"}, {"id": "g1408_d0tcexm", "comment": "[Shit, wrong scene!](http://i.imgur.com/BbEiXjH.jpg)", "date": "2016-03-09 09:03:28", "seriesname": "g1408_d0tcexm", "file": "/media/jbrogan4/scratch2/Reddit_Prov_Dataset_v6/_Wet_cat_peeking_out_of_the_bathroom/g1408_d0tcexm.jpg", "URL": "http://i.imgur.com/BbEiXjH.jpg", "fileid": "g1408_d0tcexm.jpg"}, {"id": "g1408_d0tdqu1", "comment": "[Of course the dog has no fucking clue](http://i.imgur.com/7ZnuZCZ.jpg)", "date": "2016-03-09 09:44:33", "seriesname": "g1408_d0tdqu1", "file": "/media/jbrogan4/scratch2/Reddit_Prov_Dataset_v6/_Wet_cat_peeking_out_of_the_bathroom/g1408_d0tdqu1.jpg", "URL": "http://i.imgur.com/7ZnuZCZ.jpg", "fileid": "g1408_d0tdqu1.jpg"}, {"id": "g1408_d0thtvm", "comment": "[TRUMP WON MICHIGAN TOO](http://imgur.com/O6Adpzz)", "date": "2016-03-09 11:28:16", "seriesname": "g1408_d0thtvm", "file": "/media/jbrogan4/scratch2/Reddit_Prov_Dataset_v6/_Wet_cat_peeking_out_of_the_bathroom/g1408_d0thtvm.png", "URL": "http://i.imgur.com/O6Adpzz.png", "fileid": "g1408_d0thtvm.png"}, {"id": "g1408_d0tqqvs", "comment": "[I love trash](http://i.imgur.com/utSrxy8.jpg?1)", "date": "2016-03-09 14:47:19", "seriesname": "g1408_d0tqqvs", "file": "/media/jbrogan4/scratch2/Reddit_Prov_Dataset_v6/_Wet_cat_peeking_out_of_the_bathroom/g1408_d0tqqvs.jpg", "URL": "http://i.imgur.com/utSrxy8.jpg?1", "fileid": "g1408_d0tqqvs.jpg"}, {"id": "g1408_d0tc1tv", "comment": "[Cutout](http://i.imgur.com/CgG7zLL.png)", "date": "2016-03-09 08:50:56", "seriesname": "g1408_d0tc1tv", "file": "/media/jbrogan4/scratch2/Reddit_Prov_Dataset_v6/_Wet_cat_peeking_out_of_the_bathroom/g1408_d0tc1tv.png", "URL": "http://i.imgur.com/CgG7zLL.png", "fileid": "g1408_d0tc1tv.png"}, {"id": "g1408_d0td83m", "comment": "[Looks like Adam Savage found an adequate replacement.](http://i.imgur.com/6ZgRmBZ.jpg)", "date": "2016-03-09 09:29:14", "seriesname": "g1408_d0td83m", "file": "/media/jbrogan4/scratch2/Reddit_Prov_Dataset_v6/_Wet_cat_peeking_out_of_the_bathroom/g1408_d0td83m.jpg", "URL": "http://i.imgur.com/6ZgRmBZ.jpg", "fileid": "g1408_d0td83m.jpg"}, {"id": "g1408_d0terg0", "comment": "[Why me?](http://i.imgur.com/Z4Gz8lK.jpg)", "date": "2016-03-09 10:12:44", "seriesname": "g1408_d0terg0", "file": "/media/jbrogan4/scratch2/Reddit_Prov_Dataset_v6/_Wet_cat_peeking_out_of_the_bathroom/g1408_d0terg0.jpg", "URL": "http://i.imgur.com/Z4Gz8lK.jpg", "fileid": "g1408_d0terg0.jpg"}, {"id": "g1408_d0tczvd", "comment": "http://i.imgur.com/APLgXRi.jpg", "date": "2016-03-09 09:22:15", "seriesname": "g1408_d0tczvd", "file": "/media/jbrogan4/scratch2/Reddit_Prov_Dataset_v6/_Wet_cat_peeking_out_of_the_bathroom/g1408_d0tczvd.jpg", "URL": "http://i.imgur.com/APLgXRi.jpg", "fileid": "g1408_d0tczvd.jpg"}, {"id": "g1408_d0tfj62", "comment": "[LUV BATHTIME!](http://i.imgur.com/GOhIu79.png)", "date": "2016-03-09 10:33:00", "seriesname": "g1408_d0tfj62", "file": "/media/jbrogan4/scratch2/Reddit_Prov_Dataset_v6/_Wet_cat_peeking_out_of_the_bathroom/g1408_d0tfj62.png", "URL": "http://i.imgur.com/GOhIu79.png", "fileid": "g1408_d0tfj62.png"}, {"id": "g1408_d0tnhuo", "comment": "[Everybody John Hurts](http://i.imgur.com/bSvdBL8.jpg)", "date": "2016-03-09 13:35:04", "seriesname": "g1408_d0tnhuo", "file": "/media/jbrogan4/scratch2/Reddit_Prov_Dataset_v6/_Wet_cat_peeking_out_of_the_bathroom/g1408_d0tnhuo.jpg", "URL": "http://i.imgur.com/bSvdBL8.jpg", "fileid": "g1408_d0tnhuo.jpg"}, {"id": "g1408_d0trzgy", "comment": "[Wet puss-waaaaaait a minute](http://imgur.com/SDXV08X)", "date": "2016-03-09 15:14:11", "seriesname": "g1408_d0trzgy", "file": "/media/jbrogan4/scratch2/Reddit_Prov_Dataset_v6/_Wet_cat_peeking_out_of_the_bathroom/g1408_d0trzgy.png", "URL": "http://i.imgur.com/SDXV08X.png", "fileid": "g1408_d0trzgy.png"}, {"id": "g1408_d0tsl33", "comment": "[Oscar The Grouch](http://i.imgur.com/UGMerBO.jpg)", "date": "2016-03-09 15:26:42", "seriesname": "g1408_d0tsl33", "file": "/media/jbrogan4/scratch2/Reddit_Prov_Dataset_v6/_Wet_cat_peeking_out_of_the_bathroom/g1408_d0tsl33.jpg", "URL": "http://i.imgur.com/UGMerBO.jpg", "fileid": "g1408_d0tsl33.jpg"}, {"id": "g1408_d0tlzjm", "comment": "Gollum and Smeag... [hmm... wait](http://i.imgur.com/Dwho9xn.jpg)", "date": "2016-03-09 13:01:31", "seriesname": "g1408_d0tlzjm", "file": "/media/jbrogan4/scratch2/Reddit_Prov_Dataset_v6/_Wet_cat_peeking_out_of_the_bathroom/g1408_d0tlzjm.jpg", "URL": "http://i.imgur.com/Dwho9xn.jpg", "fileid": "g1408_d0tlzjm.jpg"}, {"id": "g1408_d0tqctp", "comment": "[Fly, you fools!](http://i.imgur.com/q1o0qtG.jpg)", "date": "2016-03-09 14:38:47", "seriesname": "g1408_d0tqctp", "file": "/media/jbrogan4/scratch2/Reddit_Prov_Dataset_v6/_Wet_cat_peeking_out_of_the_bathroom/g1408_d0tqctp.jpg", "URL": "http://i.imgur.com/q1o0qtG.jpg", "fileid": "g1408_d0tqctp.jpg"}, {"id": "g1408_d0tcrpx", "comment": "[Cat to the Future](http://i.imgur.com/HQVvc7U.jpg)", "date": "2016-03-09 09:15:06", "seriesname": "g1408_d0tcrpx", "file": "/media/jbrogan4/scratch2/Reddit_Prov_Dataset_v6/_Wet_cat_peeking_out_of_the_bathroom/g1408_d0tcrpx.jpg", "URL": "http://i.imgur.com/HQVvc7U.jpg", "fileid": "g1408_d0tcrpx.jpg"}, {"id": "g1408_d0tgvvg", "comment": "[i look ridiculous](http://imgur.com/4dGJMd0)", "date": "2016-03-09 11:06:18", "seriesname": "g1408_d0tgvvg", "file": "/media/jbrogan4/scratch2/Reddit_Prov_Dataset_v6/_Wet_cat_peeking_out_of_the_bathroom/g1408_d0tgvvg.png", "URL": "http://i.imgur.com/4dGJMd0.png", "fileid": "g1408_d0tgvvg.png"}, {"id": "g1408_d0u27gx", "comment": "[Let's save her now...](http://i.imgur.com/2lf2W6b.jpg) (my last one for today)", "date": "2016-03-09 19:10:38", "seriesname": "g1408_d0u27gx", "file": "/media/jbrogan4/scratch2/Reddit_Prov_Dataset_v6/_Wet_cat_peeking_out_of_the_bathroom/g1408_d0u27gx.jpg", "URL": "http://i.imgur.com/2lf2W6b.jpg", "fileid": "g1408_d0u27gx.jpg"}, {"id": "g1408_d0u53an", "comment": "[Attack on Kitty](http://i.imgur.com/TBqHnmU.jpg)", "date": "2016-03-09 20:28:37", "seriesname": "g1408_d0u53an", "file": "/media/jbrogan4/scratch2/Reddit_Prov_Dataset_v6/_Wet_cat_peeking_out_of_the_bathroom/g1408_d0u53an.jpg", "URL": "http://i.imgur.com/TBqHnmU.jpg", "fileid": "g1408_d0u53an.jpg"}, {"id": "g1408_d0te0vf", "comment": "[Kat Von D turned out way creepier than I had expected.](http://i.imgur.com/p7uXHXy.jpg)", "date": "2016-03-09 09:52:28", "seriesname": "g1408_d0te0vf", "file": "/media/jbrogan4/scratch2/Reddit_Prov_Dataset_v6/_Wet_cat_peeking_out_of_the_bathroom/g1408_d0te0vf.jpg", "URL": "http://i.imgur.com/p7uXHXy.jpg", "fileid": "g1408_d0te0vf.jpg"}, {"id": "g1408_d0u52k7", "comment": "http://i.imgur.com/7YSCQ1i.jpeg", "date": "2016-03-09 20:28:04", "seriesname": "g1408_d0u52k7", "file": "/media/jbrogan4/scratch2/Reddit_Prov_Dataset_v6/_Wet_cat_peeking_out_of_the_bathroom/g1408_d0u52k7.jpg", "URL": "http://i.imgur.com/7YSCQ1i.jpeg", "fileid": "g1408_d0u52k7.jpeg"}, {"id": "g1408_d0tfxue", "comment": "[Potty version](http://i.imgur.com/LPS0rTS.jpg)", "date": "2016-03-09 10:43:19", "seriesname": "g1408_d0tfxue", "file": "/media/jbrogan4/scratch2/Reddit_Prov_Dataset_v6/_Wet_cat_peeking_out_of_the_bathroom/g1408_d0tfxue.jpg", "URL": "http://i.imgur.com/LPS0rTS.jpg", "fileid": "g1408_d0tfxue.jpg"}, {"id": "g1408_d0tjnfb", "comment": "[Alright, last one.](http://i.imgur.com/90f9JWK.png)", "date": "2016-03-09 12:09:15", "seriesname": "g1408_d0tjnfb", "file": "/media/jbrogan4/scratch2/Reddit_Prov_Dataset_v6/_Wet_cat_peeking_out_of_the_bathroom/g1408_d0tjnfb.png", "URL": "http://i.imgur.com/90f9JWK.png", "fileid": "g1408_d0tjnfb.png"}, {"id": "g1408_d0tj1g3", "comment": "[More drug Garfield.](http://i.imgur.com/74bJj2b.png)", "date": "2016-03-09 11:55:26", "seriesname": "g1408_d0tj1g3", "file": "/media/jbrogan4/scratch2/Reddit_Prov_Dataset_v6/_Wet_cat_peeking_out_of_the_bathroom/g1408_d0tj1g3.png", "URL": "http://i.imgur.com/74bJj2b.png", "fileid": "g1408_d0tj1g3.png"}, {"id": "g1408_d0temq8", "comment": "[Make America Wet Again: Small Paws Style](http://i.imgur.com/yjDejVG.jpg)", "date": "2016-03-09 10:09:09", "seriesname": "g1408_d0temq8", "file": "/media/jbrogan4/scratch2/Reddit_Prov_Dataset_v6/_Wet_cat_peeking_out_of_the_bathroom/g1408_d0temq8.jpg", "URL": "http://i.imgur.com/yjDejVG.jpg", "fileid": "g1408_d0temq8.jpg"}, {"id": "g1408_d0tfm1s", "comment": "http://i.imgur.com/chkho8N.jpg - Taking an unexpected ride with his man Kim", "date": "2016-03-09 10:35:01", "seriesname": "g1408_d0tfm1s", "file": "/media/jbrogan4/scratch2/Reddit_Prov_Dataset_v6/_Wet_cat_peeking_out_of_the_bathroom/g1408_d0tfm1s.jpg", "URL": "http://i.imgur.com/chkho8N.jpg", "fileid": "g1408_d0tfm1s.jpg"}, {"id": "g1408_d0u0t26", "comment": "[What do you mean he just wasn't here?](http://i.imgur.com/1Bgpj5Y.jpg)\n\nSorry for poor Photoshop. ", "date": "2016-03-09 18:33:48", "seriesname": "g1408_d0u0t26", "file": "/media/jbrogan4/scratch2/Reddit_Prov_Dataset_v6/_Wet_cat_peeking_out_of_the_bathroom/g1408_d0u0t26.jpg", "URL": "http://i.imgur.com/1Bgpj5Y.jpg", "fileid": "g1408_d0u0t26.jpg"}, {"id": "g1408_d0tem5i", "comment": "[My little contribution to water conservation...](http://i.imgur.com/HtjNHy1.jpg)", "date": "2016-03-09 10:08:45", "seriesname": "g1408_d0tem5i", "file": "/media/jbrogan4/scratch2/Reddit_Prov_Dataset_v6/_Wet_cat_peeking_out_of_the_bathroom/g1408_d0tem5i.jpg", "URL": "http://i.imgur.com/HtjNHy1.jpg", "fileid": "g1408_d0tem5i.jpg"}, {"id": "g1408_d0tdtpk", "comment": "[ms painted it as a proof of concept](http://i.imgur.com/4REHVUp.png) (hopefully someone with photoshop/similar can do a better job of this)", "date": "2016-03-09 09:46:48", "seriesname": "g1408_d0tdtpk", "file": "/media/jbrogan4/scratch2/Reddit_Prov_Dataset_v6/_Wet_cat_peeking_out_of_the_bathroom/g1408_d0tdtpk.png", "URL": "http://i.imgur.com/4REHVUp.png", "fileid": "g1408_d0tdtpk.png"}, {"id": "g1408_d0tsx93", "comment": "[Wrong movie?] (http://i.imgur.com/lhpYXiG.jpg)\n", "date": "2016-03-09 15:33:39", "seriesname": "g1408_d0tsx93", "file": "/media/jbrogan4/scratch2/Reddit_Prov_Dataset_v6/_Wet_cat_peeking_out_of_the_bathroom/g1408_d0tsx93.jpg", "URL": "http://i.imgur.com/lhpYXiG.jpg", "fileid": "g1408_d0tsx93.jpg"}, {"id": "g1408_d0tfm21", "comment": "[My Captain](http://i.imgur.com/2rFXfqq.jpg)", "date": "2016-03-09 10:35:02", "seriesname": "g1408_d0tfm21", "file": "/media/jbrogan4/scratch2/Reddit_Prov_Dataset_v6/_Wet_cat_peeking_out_of_the_bathroom/g1408_d0tfm21.jpg", "URL": "http://i.imgur.com/2rFXfqq.jpg", "fileid": "g1408_d0tfm21.jpg"}, {"id": "g1408_d0td10h", "comment": "[subtle](http://imgur.com/7WRWFyT)", "date": "2016-03-09 09:23:14", "seriesname": "g1408_d0td10h", "file": "/media/jbrogan4/scratch2/Reddit_Prov_Dataset_v6/_Wet_cat_peeking_out_of_the_bathroom/g1408_d0td10h.png", "URL": "http://i.imgur.com/7WRWFyT.png", "fileid": "g1408_d0td10h.png"}, {"id": "g1408_d0tt1n9", "comment": "http://i.imgur.com/KnhcFvM.jpg Meowna Lisa", "date": "2016-03-09 15:36:10", "seriesname": "g1408_d0tt1n9", "file": "/media/jbrogan4/scratch2/Reddit_Prov_Dataset_v6/_Wet_cat_peeking_out_of_the_bathroom/g1408_d0tt1n9.jpg", "URL": "http://i.imgur.com/KnhcFvM.jpg", "fileid": "g1408_d0tt1n9.jpg"}, {"id": "g1408_d0td4b9", "comment": "[Seen some shit](http://i.imgur.com/pvTXIOJ.jpg)", "date": "2016-03-09 09:26:04", "seriesname": "g1408_d0td4b9", "file": "/media/jbrogan4/scratch2/Reddit_Prov_Dataset_v6/_Wet_cat_peeking_out_of_the_bathroom/g1408_d0td4b9.jpg", "URL": "http://i.imgur.com/pvTXIOJ.jpg", "fileid": "g1408_d0td4b9.jpg"}, {"id": "g1408_d0thdh2", "comment": "[Teddy](http://i.imgur.com/SHbYXgj.jpg)", "date": "2016-03-09 11:17:53", "seriesname": "g1408_d0thdh2", "file": "/media/jbrogan4/scratch2/Reddit_Prov_Dataset_v6/_Wet_cat_peeking_out_of_the_bathroom/g1408_d0thdh2.jpg", "URL": "http://i.imgur.com/SHbYXgj.jpg", "fileid": "g1408_d0thdh2.jpg"}, {"id": "g1408_d0tf12f", "comment": "[Meow, you fools!](http://imgur.com/fOxRroL)", "date": "2016-03-09 10:19:59", "seriesname": "g1408_d0tf12f", "file": "/media/jbrogan4/scratch2/Reddit_Prov_Dataset_v6/_Wet_cat_peeking_out_of_the_bathroom/g1408_d0tf12f.png", "URL": "http://i.imgur.com/fOxRroL.png", "fileid": "g1408_d0tf12f.png"}, {"id": "g1408_d0tbdxu", "comment": "http://imgur.com/MdF60nN", "date": "2016-03-09 08:26:08", "seriesname": "g1408_d0tbdxu", "file": "/media/jbrogan4/scratch2/Reddit_Prov_Dataset_v6/_Wet_cat_peeking_out_of_the_bathroom/g1408_d0tbdxu.png", "URL": "http://i.imgur.com/MdF60nN.png", "fileid": "g1408_d0tbdxu.png"}, {"id": "g1408_d0tdocp", "comment": "http://i.imgur.com/z3SRQUS.jpg", "date": "2016-03-09 09:42:36", "seriesname": "g1408_d0tdocp", "file": "/media/jbrogan4/scratch2/Reddit_Prov_Dataset_v6/_Wet_cat_peeking_out_of_the_bathroom/g1408_d0tdocp.jpg", "URL": "http://i.imgur.com/z3SRQUS.jpg", "fileid": "g1408_d0tdocp.jpg"}, {"id": "g1408_d0td8iu", "comment": "http://i.imgur.com/RV2ivSw.jpg or http://i.imgur.com/SGFyayZ.jpg  \nedit to add or link", "date": "2016-03-09 09:29:36", "seriesname": "g1408_d0td8iu", "file": "/media/jbrogan4/scratch2/Reddit_Prov_Dataset_v6/_Wet_cat_peeking_out_of_the_bathroom/g1408_d0td8iu.jpg", "URL": "http://i.imgur.com/SGFyayZ.jpg", "fileid": "g1408_d0td8iu.jpg"}, {"id": "g1408_d0tgful", "comment": "[Helping Snake out.](http://imgur.com/c2U7lSX)", "date": "2016-03-09 10:55:39", "seriesname": "g1408_d0tgful", "file": "/media/jbrogan4/scratch2/Reddit_Prov_Dataset_v6/_Wet_cat_peeking_out_of_the_bathroom/g1408_d0tgful.png", "URL": "http://i.imgur.com/c2U7lSX.png", "fileid": "g1408_d0tgful.png"}, {"id": "g1408_d0tebks", "comment": "http://imgur.com/fnlziru", "date": "2016-03-09 10:00:42", "seriesname": "g1408_d0tebks", "file": "/media/jbrogan4/scratch2/Reddit_Prov_Dataset_v6/_Wet_cat_peeking_out_of_the_bathroom/g1408_d0tebks.png", "URL": "http://i.imgur.com/fnlziru.png", "fileid": "g1408_d0tebks.png"}, {"id": "g1408_d0te710", "comment": "[Trump Loves Wet Pussy](http://imgur.com/d0Fzlt9)", "date": "2016-03-09 09:57:09", "seriesname": "g1408_d0te710", "file": "/media/jbrogan4/scratch2/Reddit_Prov_Dataset_v6/_Wet_cat_peeking_out_of_the_bathroom/g1408_d0te710.png", "URL": "http://i.imgur.com/d0Fzlt9.png", "fileid": "g1408_d0te710.png"}, {"id": "g1408_d0tg0xz", "comment": "[Trumped](http://i.imgur.com/22Mm9Xt.jpg)\n\n(as requested by /u/PM_YOUR_BOOBS_PLS_)", "date": "2016-03-09 10:45:30", "seriesname": "g1408_d0tg0xz", "file": "/media/jbrogan4/scratch2/Reddit_Prov_Dataset_v6/_Wet_cat_peeking_out_of_the_bathroom/g1408_d0tg0xz.jpg", "URL": "http://i.imgur.com/22Mm9Xt.jpg", "fileid": "g1408_d0tg0xz.jpg"}, {"id": "g1408_d0tckc2", "comment": "[One catnip and two marijuanas PLEASE!](http://i.imgur.com/CaIn5Rl.jpg)", "date": "2016-03-09 09:08:24", "seriesname": "g1408_d0tckc2", "file": "/media/jbrogan4/scratch2/Reddit_Prov_Dataset_v6/_Wet_cat_peeking_out_of_the_bathroom/g1408_d0tckc2.jpg", "URL": "http://i.imgur.com/CaIn5Rl.jpg", "fileid": "g1408_d0tckc2.jpg"}, {"id": "g1408_root", "comment": "", "date": "2016-03-09 07:18:37", "seriesname": "g1408_root", "file": "/media/jbrogan4/scratch2/Reddit_Prov_Dataset_v6/_Wet_cat_peeking_out_of_the_bathroom/g1408_root.jpg", "URL": "http://i.imgur.com/Ygy6XSk.jpg", "fileid": "g1408_root.jpg"}, {"id": "g1408_d0ubb9t", "comment": "[Mr. Trump, the cat.](http://i.imgur.com/y87kjtb.png)", "date": "2016-03-09 22:59:23", "seriesname": "g1408_d0ubb9t", "file": "/media/jbrogan4/scratch2/Reddit_Prov_Dataset_v6/_Wet_cat_peeking_out_of_the_bathroom/g1408_d0ubb9t.png", "URL": "http://i.imgur.com/y87kjtb.png", "fileid": "g1408_d0ubb9t.png"}, {"id": "g1408_d0tirxq", "comment": "[What a Space Cat Chicken Thing](http://i.imgur.com/hCMD2R6.jpg)", "date": "2016-03-09 11:49:37", "seriesname": "g1408_d0tirxq", "file": "/media/jbrogan4/scratch2/Reddit_Prov_Dataset_v6/_Wet_cat_peeking_out_of_the_bathroom/g1408_d0tirxq.jpg", "URL": "http://i.imgur.com/hCMD2R6.jpg", "fileid": "g1408_d0tirxq.jpg"}], "graph": {"name": "g1408_root"}, "directed": true}