{"links": [{"op": "none", "target": 0, "source": 41}, {"op": "none", "target": 1, "source": 17}, {"op": "none", "target": 2, "source": 41}, {"op": "none", "target": 3, "source": 41}, {"op": "none", "target": 4, "source": 41}, {"op": "none", "target": 5, "source": 41}, {"op": "none", "target": 6, "source": 41}, {"op": "none", "target": 7, "source": 41}, {"op": "none", "target": 8, "source": 41}, {"op": "none", "target": 9, "source": 17}, {"op": "none", "target": 10, "source": 41}, {"op": "none", "target": 11, "source": 41}, {"op": "none", "target": 12, "source": 41}, {"op": "none", "target": 13, "source": 41}, {"op": "none", "target": 14, "source": 41}, {"op": "none", "target": 15, "source": 41}, {"op": "none", "target": 16, "source": 41}, {"op": "none", "target": 17, "source": 41}, {"op": "none", "target": 18, "source": 41}, {"op": "none", "target": 19, "source": 41}, {"op": "none", "target": 20, "source": 41}, {"op": "none", "target": 21, "source": 15}, {"op": "none", "target": 22, "source": 5}, {"op": "none", "target": 23, "source": 41}, {"op": "none", "target": 24, "source": 41}, {"op": "none", "target": 25, "source": 9}, {"op": "none", "target": 26, "source": 41}, {"op": "none", "target": 27, "source": 41}, {"op": "none", "target": 28, "source": 41}, {"op": "none", "target": 29, "source": 41}, {"op": "none", "target": 30, "source": 41}, {"op": "none", "target": 31, "source": 41}, {"op": "none", "target": 32, "source": 41}, {"op": "none", "target": 33, "source": 41}, {"op": "none", "target": 34, "source": 41}, {"op": "none", "target": 35, "source": 41}, {"op": "none", "target": 36, "source": 41}, {"op": "none", "target": 37, "source": 41}, {"op": "none", "target": 38, "source": 22}, {"op": "none", "target": 39, "source": 41}, {"op": "none", "target": 40, "source": 41}, {"op": "none", "target": 42, "source": 41}, {"op": "none", "target": 43, "source": 17}], "title": "_Sep_Blatter_after_a_protester_threw_money_at_him", "nodes": [{"id": "g1414_ctanpsl", "comment": "Blatter working it at Vanilla Unicorn - GTA Style\n\nhttp://i.imgur.com/jvqGlJI.jpg", "date": "2015-07-21 03:19:47", "seriesname": "g1414_ctanpsl", "file": "/media/jbrogan4/scratch2/Reddit_Prov_Dataset_v6/_Sep_Blatter_after_a_protester_threw_money_at_him/g1414_ctanpsl.jpg", "URL": "http://i.imgur.com/jvqGlJI.jpg", "fileid": "g1414_ctanpsl.jpg"}, {"id": "g1414_ctagakl", "comment": "I just happened to be on imgur with this open and saw someone copy pasta'd your skills. lol http://imgur.com/gallery/jDNg4nO", "date": "2015-07-20 22:27:53", "seriesname": "g1414_ctagakl", "file": "/media/jbrogan4/scratch2/Reddit_Prov_Dataset_v6/_Sep_Blatter_after_a_protester_threw_money_at_him/g1414_ctagakl.png", "URL": "http://i.imgur.com/jDNg4nO.png", "fileid": "g1414_ctagakl.png"}, {"id": "g1414_ctajwdu", "comment": "[chuck e cheese](http://i.imgur.com/u2K8LU4.jpg)", "date": "2015-07-21 00:25:19", "seriesname": "g1414_ctajwdu", "file": "/media/jbrogan4/scratch2/Reddit_Prov_Dataset_v6/_Sep_Blatter_after_a_protester_threw_money_at_him/g1414_ctajwdu.jpg", "URL": "http://i.imgur.com/u2K8LU4.jpg", "fileid": "g1414_ctajwdu.jpg"}, {"id": "g1414_cta7jl2", "comment": "[Bobo. :(](http://i.imgur.com/uyYVxmy.png)", "date": "2015-07-20 18:14:22", "seriesname": "g1414_cta7jl2", "file": "/media/jbrogan4/scratch2/Reddit_Prov_Dataset_v6/_Sep_Blatter_after_a_protester_threw_money_at_him/g1414_cta7jl2.png", "URL": "http://i.imgur.com/uyYVxmy.png", "fileid": "g1414_cta7jl2.png"}, {"id": "g1414_cta10yl", "comment": "[Reflecting on how he got to this point in his life...] (http://i.imgur.com/SRTuQEy.png).", "date": "2015-07-20 15:29:04", "seriesname": "g1414_cta10yl", "file": "/media/jbrogan4/scratch2/Reddit_Prov_Dataset_v6/_Sep_Blatter_after_a_protester_threw_money_at_him/g1414_cta10yl.jpg", "URL": "http://i.imgur.com/SRTuQEy.png).", "fileid": "g1414_cta10yl."}, {"id": "g1414_cta6z8k", "comment": "[fifa dollar](http://i.imgur.com/AucGwAI.jpg)", "date": "2015-07-20 17:58:52", "seriesname": "g1414_cta6z8k", "file": "/media/jbrogan4/scratch2/Reddit_Prov_Dataset_v6/_Sep_Blatter_after_a_protester_threw_money_at_him/g1414_cta6z8k.jpg", "URL": "http://i.imgur.com/AucGwAI.jpg", "fileid": "g1414_cta6z8k.jpg"}, {"id": "g1414_ctalghi", "comment": "[The Football is strong with this one.](http://i.imgur.com/yP2fEOx.jpg)", "date": "2015-07-21 01:27:11", "seriesname": "g1414_ctalghi", "file": "/media/jbrogan4/scratch2/Reddit_Prov_Dataset_v6/_Sep_Blatter_after_a_protester_threw_money_at_him/g1414_ctalghi.jpg", "URL": "http://i.imgur.com/yP2fEOx.jpg", "fileid": "g1414_ctalghi.jpg"}, {"id": "g1414_ctap1c0", "comment": "[Sep Blatter his true identity](http://i.imgur.com/QzcEa8T.jpg)\n", "date": "2015-07-21 04:42:36", "seriesname": "g1414_ctap1c0", "file": "/media/jbrogan4/scratch2/Reddit_Prov_Dataset_v6/_Sep_Blatter_after_a_protester_threw_money_at_him/g1414_ctap1c0.jpg", "URL": "http://i.imgur.com/QzcEa8T.jpg", "fileid": "g1414_ctap1c0.jpg"}, {"id": "g1414_cta6n87", "comment": "[Will you start the fans please!](http://i.imgur.com/2e9HPot.jpg)", "date": "2015-07-20 17:49:55", "seriesname": "g1414_cta6n87", "file": "/media/jbrogan4/scratch2/Reddit_Prov_Dataset_v6/_Sep_Blatter_after_a_protester_threw_money_at_him/g1414_cta6n87.jpg", "URL": "http://i.imgur.com/2e9HPot.jpg", "fileid": "g1414_cta6n87.jpg"}, {"id": "g1414_cta46ug", "comment": "[With Company!](http://i.imgur.com/yJ6sEaz.png)\n\nEdit:\n[100% more Kompany, Rethinking his life choices](http://i.imgur.com/dSYnOCX.png)", "date": "2015-07-20 16:47:17", "seriesname": "g1414_cta46ug", "file": "/media/jbrogan4/scratch2/Reddit_Prov_Dataset_v6/_Sep_Blatter_after_a_protester_threw_money_at_him/g1414_cta46ug.png", "URL": "http://i.imgur.com/dSYnOCX.png", "fileid": "g1414_cta46ug.png"}, {"id": "g1414_ct9vo5w", "comment": "First time trying this, [It](http://imgur.com/gallery/FLZkHmM) had to be done", "date": "2015-07-20 13:15:44", "seriesname": "g1414_ct9vo5w", "file": "/media/jbrogan4/scratch2/Reddit_Prov_Dataset_v6/_Sep_Blatter_after_a_protester_threw_money_at_him/g1414_ct9vo5w.png", "URL": "http://i.imgur.com/FLZkHmM.png", "fileid": "g1414_ct9vo5w.png"}, {"id": "g1414_ctaau5a", "comment": "[The ol' Fifa switcheroo](http://i.imgur.com/vDkhtZv.jpg)", "date": "2015-07-20 19:49:14", "seriesname": "g1414_ctaau5a", "file": "/media/jbrogan4/scratch2/Reddit_Prov_Dataset_v6/_Sep_Blatter_after_a_protester_threw_money_at_him/g1414_ctaau5a.jpg", "URL": "http://i.imgur.com/vDkhtZv.jpg", "fileid": "g1414_ctaau5a.jpg"}, {"id": "g1414_ctah8sl", "comment": "[RAINMAAAKKKKAAAA](http://i.imgur.com/YvlAav0.png), this is my first ever photoshop post ,sorry if it sucks.", "date": "2015-07-20 22:56:25", "seriesname": "g1414_ctah8sl", "file": "/media/jbrogan4/scratch2/Reddit_Prov_Dataset_v6/_Sep_Blatter_after_a_protester_threw_money_at_him/g1414_ctah8sl.jpg", "URL": "http://i.imgur.com/YvlAav0.png),", "fileid": "g1414_ctah8sl.png,"}, {"id": "g1414_cta3rft", "comment": "[Rainy Day Sepp](http://i.imgur.com/d5w2kDi.jpg)", "date": "2015-07-20 16:36:39", "seriesname": "g1414_cta3rft", "file": "/media/jbrogan4/scratch2/Reddit_Prov_Dataset_v6/_Sep_Blatter_after_a_protester_threw_money_at_him/g1414_cta3rft.jpg", "URL": "http://i.imgur.com/d5w2kDi.jpg", "fileid": "g1414_cta3rft.jpg"}, {"id": "g1414_ctajhml", "comment": "[For Americans hoping to get the 2022 World Cup](http://i.imgur.com/buQk4zS.png)", "date": "2015-07-21 00:10:38", "seriesname": "g1414_ctajhml", "file": "/media/jbrogan4/scratch2/Reddit_Prov_Dataset_v6/_Sep_Blatter_after_a_protester_threw_money_at_him/g1414_ctajhml.png", "URL": "http://i.imgur.com/buQk4zS.png", "fileid": "g1414_ctajhml.png"}, {"id": "g1414_ct9y194", "comment": "[Moneyrain you say?](http://i.imgur.com/gPgE5g8.jpg)", "date": "2015-07-20 14:13:58", "seriesname": "g1414_ct9y194", "file": "/media/jbrogan4/scratch2/Reddit_Prov_Dataset_v6/_Sep_Blatter_after_a_protester_threw_money_at_him/g1414_ct9y194.jpg", "URL": "http://i.imgur.com/gPgE5g8.jpg", "fileid": "g1414_ct9y194.jpg"}, {"id": "g1414_ctakm4p", "comment": "Mine! https://imgur.com/v0lKxki", "date": "2015-07-21 00:52:13", "seriesname": "g1414_ctakm4p", "file": "/media/jbrogan4/scratch2/Reddit_Prov_Dataset_v6/_Sep_Blatter_after_a_protester_threw_money_at_him/g1414_ctakm4p.png", "URL": "http://i.imgur.com/v0lKxki.png", "fileid": "g1414_ctakm4p.png"}, {"id": "g1414_ct9w3a8", "comment": "[Sepp Baller, making it rain](http://i.imgur.com/jGJTFK9.png)", "date": "2015-07-20 13:25:51", "seriesname": "g1414_ct9w3a8", "file": "/media/jbrogan4/scratch2/Reddit_Prov_Dataset_v6/_Sep_Blatter_after_a_protester_threw_money_at_him/g1414_ct9w3a8.png", "URL": "http://i.imgur.com/jGJTFK9.png", "fileid": "g1414_ct9w3a8.png"}, {"id": "g1414_ctalftv", "comment": "[I'VE DONE IT! THE DEVICE IS WORKING!](http://i.imgur.com/RUHRLN6.jpg)", "date": "2015-07-21 01:26:24", "seriesname": "g1414_ctalftv", "file": "/media/jbrogan4/scratch2/Reddit_Prov_Dataset_v6/_Sep_Blatter_after_a_protester_threw_money_at_him/g1414_ctalftv.jpg", "URL": "http://i.imgur.com/RUHRLN6.jpg", "fileid": "g1414_ctalftv.jpg"}, {"id": "g1414_ctanxmn", "comment": "And the Dark Lord shall rule!  Ha ha ha ha ha...\nhttp://i.imgur.com/20pcNMR.jpg", "date": "2015-07-21 03:32:22", "seriesname": "g1414_ctanxmn", "file": "/media/jbrogan4/scratch2/Reddit_Prov_Dataset_v6/_Sep_Blatter_after_a_protester_threw_money_at_him/g1414_ctanxmn.jpg", "URL": "http://i.imgur.com/20pcNMR.jpg", "fileid": "g1414_ctanxmn.jpg"}, {"id": "g1414_cta2l31", "comment": "[New one dollar bill reveal](http://i.imgur.com/NJQiHNE.png)", "date": "2015-07-20 16:07:42", "seriesname": "g1414_cta2l31", "file": "/media/jbrogan4/scratch2/Reddit_Prov_Dataset_v6/_Sep_Blatter_after_a_protester_threw_money_at_him/g1414_cta2l31.png", "URL": "http://i.imgur.com/NJQiHNE.png", "fileid": "g1414_cta2l31.png"}, {"id": "g1414_ct9yk2m", "comment": "[Walter Blatter finds the money. Not impressed.](http://i.imgur.com/9CQ2rxf.png)", "date": "2015-07-20 14:26:45", "seriesname": "g1414_ct9yk2m", "file": "/media/jbrogan4/scratch2/Reddit_Prov_Dataset_v6/_Sep_Blatter_after_a_protester_threw_money_at_him/g1414_ct9yk2m.png", "URL": "http://i.imgur.com/9CQ2rxf.png", "fileid": "g1414_ct9yk2m.png"}, {"id": "g1414_ctaacjr", "comment": "If you could see my face you'd understand what it looks like to be completely clueless. \n\n[](http://i.imgur.com/Epi7uqB.jpg)", "date": "2015-07-20 19:34:45", "seriesname": "g1414_ctaacjr", "file": "/media/jbrogan4/scratch2/Reddit_Prov_Dataset_v6/_Sep_Blatter_after_a_protester_threw_money_at_him/g1414_ctaacjr.jpg", "URL": "http://i.imgur.com/Epi7uqB.jpg", "fileid": "g1414_ctaacjr.jpg"}, {"id": "g1414_ct9w3fs", "comment": "Happy happy Sepp\n\nhttp://i.imgur.com/lkB8tct.jpg", "date": "2015-07-20 13:25:57", "seriesname": "g1414_ct9w3fs", "file": "/media/jbrogan4/scratch2/Reddit_Prov_Dataset_v6/_Sep_Blatter_after_a_protester_threw_money_at_him/g1414_ct9w3fs.jpg", "URL": "http://i.imgur.com/lkB8tct.jpg", "fileid": "g1414_ct9w3fs.jpg"}, {"id": "g1414_cta5jlo", "comment": "[Sep and Huell](http://i.imgur.com/KWTy2MG.jpg?1)", "date": "2015-07-20 17:21:06", "seriesname": "g1414_cta5jlo", "file": "/media/jbrogan4/scratch2/Reddit_Prov_Dataset_v6/_Sep_Blatter_after_a_protester_threw_money_at_him/g1414_cta5jlo.jpg", "URL": "http://i.imgur.com/KWTy2MG.jpg?1", "fileid": "g1414_cta5jlo.jpg"}, {"id": "g1414_ctabfgu", "comment": "[Did someone say Kompany?](http://i.imgur.com/8OpjcfH.jpg)", "date": "2015-07-20 20:07:08", "seriesname": "g1414_ctabfgu", "file": "/media/jbrogan4/scratch2/Reddit_Prov_Dataset_v6/_Sep_Blatter_after_a_protester_threw_money_at_him/g1414_ctabfgu.jpg", "URL": "http://i.imgur.com/8OpjcfH.jpg", "fileid": "g1414_ctabfgu.jpg"}, {"id": "g1414_ctaq4tp", "comment": "[Z\u00fcrich, 2 December 2010](http://i.imgur.com/Ns4FXnI.jpg)", "date": "2015-07-21 05:58:33", "seriesname": "g1414_ctaq4tp", "file": "/media/jbrogan4/scratch2/Reddit_Prov_Dataset_v6/_Sep_Blatter_after_a_protester_threw_money_at_him/g1414_ctaq4tp.jpg", "URL": "http://i.imgur.com/Ns4FXnI.jpg", "fileid": "g1414_ctaq4tp.jpg"}, {"id": "g1414_cta4gb3", "comment": "[The gang's all here](http://i.imgur.com/LlUy9vs.jpg)", "date": "2015-07-20 16:53:39", "seriesname": "g1414_cta4gb3", "file": "/media/jbrogan4/scratch2/Reddit_Prov_Dataset_v6/_Sep_Blatter_after_a_protester_threw_money_at_him/g1414_cta4gb3.jpg", "URL": "http://i.imgur.com/LlUy9vs.jpg", "fileid": "g1414_cta4gb3.jpg"}, {"id": "g1414_ctaeynm", "comment": "[Drake making him work hard for all that cash.](http://i.imgur.com/RrV0DEE.jpg)", "date": "2015-07-20 21:49:06", "seriesname": "g1414_ctaeynm", "file": "/media/jbrogan4/scratch2/Reddit_Prov_Dataset_v6/_Sep_Blatter_after_a_protester_threw_money_at_him/g1414_ctaeynm.jpg", "URL": "http://i.imgur.com/RrV0DEE.jpg", "fileid": "g1414_ctaeynm.jpg"}, {"id": "g1414_cta04ae", "comment": "[Blatter aint only got strippers](http://i.imgur.com/qp8UMNF.jpg)", "date": "2015-07-20 15:04:51", "seriesname": "g1414_cta04ae", "file": "/media/jbrogan4/scratch2/Reddit_Prov_Dataset_v6/_Sep_Blatter_after_a_protester_threw_money_at_him/g1414_cta04ae.jpg", "URL": "http://i.imgur.com/qp8UMNF.jpg", "fileid": "g1414_cta04ae.jpg"}, {"id": "g1414_ctaiefa", "comment": "I added a shadow on his face to make it look more realistic!\n\nhttp://i.imgur.com/YlThBLy.png", "date": "2015-07-20 23:33:25", "seriesname": "g1414_ctaiefa", "file": "/media/jbrogan4/scratch2/Reddit_Prov_Dataset_v6/_Sep_Blatter_after_a_protester_threw_money_at_him/g1414_ctaiefa.png", "URL": "http://i.imgur.com/YlThBLy.png", "fileid": "g1414_ctaiefa.png"}, {"id": "g1414_ctakwv1", "comment": "Anamorphic Dr ivo eggman Says Hello http://imgur.com/klixeET", "date": "2015-07-21 01:04:11", "seriesname": "g1414_ctakwv1", "file": "/media/jbrogan4/scratch2/Reddit_Prov_Dataset_v6/_Sep_Blatter_after_a_protester_threw_money_at_him/g1414_ctakwv1.png", "URL": "http://i.imgur.com/klixeET.png", "fileid": "g1414_ctakwv1.png"}, {"id": "g1414_ctan2a2", "comment": "[D...Do it again...](http://imgur.com/quwxdqF)", "date": "2015-07-21 02:43:53", "seriesname": "g1414_ctan2a2", "file": "/media/jbrogan4/scratch2/Reddit_Prov_Dataset_v6/_Sep_Blatter_after_a_protester_threw_money_at_him/g1414_ctan2a2.png", "URL": "http://i.imgur.com/quwxdqF.png", "fileid": "g1414_ctan2a2.png"}, {"id": "g1414_cta57fs", "comment": "[Gotcha!](https://farm1.staticflickr.com/487/19867705585_9987c99402_b.jpg)", "date": "2015-07-20 17:12:25", "seriesname": "g1414_cta57fs", "file": "/media/jbrogan4/scratch2/Reddit_Prov_Dataset_v6/_Sep_Blatter_after_a_protester_threw_money_at_him/g1414_cta57fs.jpg", "URL": "https://farm1.staticflickr.com/487/19867705585_9987c99402_b.jpg", "fileid": "g1414_cta57fs.jpg"}, {"id": "g1414_ctaq7lr", "comment": "Sep Blatter a G \n\n[Imgur](http://i.imgur.com/QTNQPxu.jpg)", "date": "2015-07-21 06:04:03", "seriesname": "g1414_ctaq7lr", "file": "/media/jbrogan4/scratch2/Reddit_Prov_Dataset_v6/_Sep_Blatter_after_a_protester_threw_money_at_him/g1414_ctaq7lr.jpg", "URL": "http://i.imgur.com/QTNQPxu.jpg", "fileid": "g1414_ctaq7lr.jpg"}, {"id": "g1414_ctacxnf", "comment": "A shot at one of those Obama style posters, in black and white because it looks better.\n\nhttp://imgur.com/4ViQuaw", "date": "2015-07-20 20:51:11", "seriesname": "g1414_ctacxnf", "file": "/media/jbrogan4/scratch2/Reddit_Prov_Dataset_v6/_Sep_Blatter_after_a_protester_threw_money_at_him/g1414_ctacxnf.png", "URL": "http://i.imgur.com/4ViQuaw.png", "fileid": "g1414_ctacxnf.png"}, {"id": "g1414_cta84d5", "comment": "[FIFA: The Desolation of Sepp](http://i.imgur.com/VR7NlRN.jpg)\t", "date": "2015-07-20 18:30:25", "seriesname": "g1414_cta84d5", "file": "/media/jbrogan4/scratch2/Reddit_Prov_Dataset_v6/_Sep_Blatter_after_a_protester_threw_money_at_him/g1414_cta84d5.jpg", "URL": "http://i.imgur.com/VR7NlRN.jpg", "fileid": "g1414_cta84d5.jpg"}, {"id": "g1414_cta04jr", "comment": "[You win!](http://i.imgur.com/LAgdYOL.png)", "date": "2015-07-20 15:05:03", "seriesname": "g1414_cta04jr", "file": "/media/jbrogan4/scratch2/Reddit_Prov_Dataset_v6/_Sep_Blatter_after_a_protester_threw_money_at_him/g1414_cta04jr.png", "URL": "http://i.imgur.com/LAgdYOL.png", "fileid": "g1414_cta04jr.png"}, {"id": "g1414_ctaow16", "comment": "&gt; cmd-U\n\n[Didn't work.](http://i.imgur.com/CbxPtus.png)", "date": "2015-07-21 04:32:55", "seriesname": "g1414_ctaow16", "file": "/media/jbrogan4/scratch2/Reddit_Prov_Dataset_v6/_Sep_Blatter_after_a_protester_threw_money_at_him/g1414_ctaow16.png", "URL": "http://i.imgur.com/CbxPtus.png", "fileid": "g1414_ctaow16.png"}, {"id": "g1414_ctape8m", "comment": "[Pre-order anyone?](http://i.imgur.com/YMoSk4x.jpg)", "date": "2015-07-21 05:06:55", "seriesname": "g1414_ctape8m", "file": "/media/jbrogan4/scratch2/Reddit_Prov_Dataset_v6/_Sep_Blatter_after_a_protester_threw_money_at_him/g1414_ctape8m.jpg", "URL": "http://i.imgur.com/YMoSk4x.jpg", "fileid": "g1414_ctape8m.jpg"}, {"id": "g1414_ctaasgf", "comment": "[He looks upset about the whole ordeal](http://imgur.com/Q5qSBBC)", "date": "2015-07-20 19:47:50", "seriesname": "g1414_ctaasgf", "file": "/media/jbrogan4/scratch2/Reddit_Prov_Dataset_v6/_Sep_Blatter_after_a_protester_threw_money_at_him/g1414_ctaasgf.png", "URL": "http://i.imgur.com/Q5qSBBC.png", "fileid": "g1414_ctaasgf.png"}, {"id": "g1414_root", "comment": "", "date": "2015-07-20 12:55:11", "seriesname": "g1414_root", "file": "/media/jbrogan4/scratch2/Reddit_Prov_Dataset_v6/_Sep_Blatter_after_a_protester_threw_money_at_him/g1414_root.jpg", "URL": "http://i.imgur.com/lsdRz3W.jpg", "fileid": "g1414_root.jpg"}, {"id": "g1414_cta85hq", "comment": "[Who Wants to Be a Millionaire ?](http://i.imgur.com/onrzpnJ.jpg)", "date": "2015-07-20 18:31:17", "seriesname": "g1414_cta85hq", "file": "/media/jbrogan4/scratch2/Reddit_Prov_Dataset_v6/_Sep_Blatter_after_a_protester_threw_money_at_him/g1414_cta85hq.jpg", "URL": "http://i.imgur.com/onrzpnJ.jpg", "fileid": "g1414_cta85hq.jpg"}, {"id": "g1414_ctaokja", "comment": "[Wow](http://i.imgur.com/euCwjSa.png)\n\nNice work btw, I honestly thought it was the real image when I saw it on facebook first", "date": "2015-07-21 04:11:59", "seriesname": "g1414_ctaokja", "file": "/media/jbrogan4/scratch2/Reddit_Prov_Dataset_v6/_Sep_Blatter_after_a_protester_threw_money_at_him/g1414_ctaokja.png", "URL": "http://i.imgur.com/euCwjSa.png", "fileid": "g1414_ctaokja.png"}], "graph": {"name": "g1414_root"}, "directed": true}