{"links": [{"op": "none", "target": 0, "source": 49}, {"op": "none", "target": 1, "source": 22}, {"op": "none", "target": 2, "source": 49}, {"op": "none", "target": 3, "source": 49}, {"op": "none", "target": 4, "source": 49}, {"op": "none", "target": 5, "source": 49}, {"op": "none", "target": 6, "source": 49}, {"op": "none", "target": 7, "source": 49}, {"op": "none", "target": 8, "source": 31}, {"op": "none", "target": 9, "source": 49}, {"op": "none", "target": 10, "source": 49}, {"op": "none", "target": 11, "source": 47}, {"op": "none", "target": 12, "source": 49}, {"op": "none", "target": 13, "source": 49}, {"op": "none", "target": 14, "source": 49}, {"op": "none", "target": 15, "source": 49}, {"op": "none", "target": 16, "source": 49}, {"op": "none", "target": 17, "source": 49}, {"op": "none", "target": 18, "source": 49}, {"op": "none", "target": 19, "source": 32}, {"op": "none", "target": 20, "source": 49}, {"op": "none", "target": 21, "source": 46}, {"op": "none", "target": 22, "source": 49}, {"op": "none", "target": 23, "source": 49}, {"op": "none", "target": 24, "source": 49}, {"op": "none", "target": 25, "source": 49}, {"op": "none", "target": 26, "source": 50}, {"op": "none", "target": 27, "source": 49}, {"op": "none", "target": 28, "source": 49}, {"op": "none", "target": 29, "source": 44}, {"op": "none", "target": 30, "source": 49}, {"op": "none", "target": 31, "source": 49}, {"op": "none", "target": 32, "source": 21}, {"op": "none", "target": 33, "source": 49}, {"op": "none", "target": 34, "source": 49}, {"op": "none", "target": 35, "source": 29}, {"op": "none", "target": 36, "source": 49}, {"op": "none", "target": 37, "source": 49}, {"op": "none", "target": 38, "source": 49}, {"op": "none", "target": 39, "source": 49}, {"op": "none", "target": 40, "source": 49}, {"op": "none", "target": 41, "source": 49}, {"op": "none", "target": 42, "source": 19}, {"op": "none", "target": 43, "source": 49}, {"op": "none", "target": 44, "source": 42}, {"op": "none", "target": 45, "source": 49}, {"op": "none", "target": 46, "source": 11}, {"op": "none", "target": 47, "source": 49}, {"op": "none", "target": 48, "source": 13}, {"op": "none", "target": 50, "source": 49}, {"op": "none", "target": 51, "source": 49}], "title": "_Happy_dog_looking_upward", "nodes": [{"id": "g1415_csb0c6f", "comment": "Disney needs to make this...\n\n[Dog - E](http://i.imgur.com/yLJpCer.jpg)", "date": "2015-06-18 14:55:19", "seriesname": "g1415_csb0c6f", "file": "/media/jbrogan4/scratch2/Reddit_Prov_Dataset_v6/_Happy_dog_looking_upward/g1415_csb0c6f.jpg", "URL": "http://i.imgur.com/yLJpCer.jpg", "fileid": "g1415_csb0c6f.jpg"}, {"id": "g1415_csbeg03", "comment": "For future reference, on reddit you use this format:\n\n[link text](link)\n\nFor example\n\n[First time giving photoshop a try](http://i.imgur.com/FUDkjdn.jpg)\n\nClick the source button on this comment to see the formatting if you need to.", "date": "2015-06-18 21:28:44", "seriesname": "g1415_csbeg03", "file": "/media/jbrogan4/scratch2/Reddit_Prov_Dataset_v6/_Happy_dog_looking_upward/g1415_csbeg03.jpg", "URL": "http://i.imgur.com/FUDkjdn.jpg", "fileid": "g1415_csbeg03.jpg"}, {"id": "g1415_csbct84", "comment": "[Nightmare Before Barkmas!!](https://imgur.com/3wRcQaC)", "date": "2015-06-18 20:35:33", "seriesname": "g1415_csbct84", "file": "/media/jbrogan4/scratch2/Reddit_Prov_Dataset_v6/_Happy_dog_looking_upward/g1415_csbct84.png", "URL": "http://i.imgur.com/3wRcQaC.png", "fileid": "g1415_csbct84.png"}, {"id": "g1415_csatwv7", "comment": "[Pyro Fun](http://i.imgur.com/TBIkyRO.png)", "date": "2015-06-18 12:21:45", "seriesname": "g1415_csatwv7", "file": "/media/jbrogan4/scratch2/Reddit_Prov_Dataset_v6/_Happy_dog_looking_upward/g1415_csatwv7.png", "URL": "http://i.imgur.com/TBIkyRO.png", "fileid": "g1415_csatwv7.png"}, {"id": "g1415_csamti0", "comment": "[Jurassic Bark - Coming Soon](http://i.imgur.com/n9QWrsr.png)", "date": "2015-06-18 08:54:49", "seriesname": "g1415_csamti0", "file": "/media/jbrogan4/scratch2/Reddit_Prov_Dataset_v6/_Happy_dog_looking_upward/g1415_csamti0.png", "URL": "http://i.imgur.com/n9QWrsr.png", "fileid": "g1415_csamti0.png"}, {"id": "g1415_csb2oa9", "comment": "\n[No,this is bunny](http://i.imgur.com/UMCAuAJ.png)", "date": "2015-06-18 15:52:17", "seriesname": "g1415_csb2oa9", "file": "/media/jbrogan4/scratch2/Reddit_Prov_Dataset_v6/_Happy_dog_looking_upward/g1415_csb2oa9.png", "URL": "http://i.imgur.com/UMCAuAJ.png", "fileid": "g1415_csb2oa9.png"}, {"id": "g1415_csaudw5", "comment": "[Photobomb](http://i.imgur.com/3UCI95G.jpg)\n\n*Edit: [Now available with more tongue!](http://i.imgur.com/mXlbTPZ.jpg)\n", "date": "2015-06-18 12:33:24", "seriesname": "g1415_csaudw5", "file": "/media/jbrogan4/scratch2/Reddit_Prov_Dataset_v6/_Happy_dog_looking_upward/g1415_csaudw5.jpg", "URL": "http://i.imgur.com/mXlbTPZ.jpg", "fileid": "g1415_csaudw5.jpg"}, {"id": "g1415_csax9g3", "comment": "[Not a Toupee](http://i.imgur.com/IMjYNeH.png)", "date": "2015-06-18 13:41:42", "seriesname": "g1415_csax9g3", "file": "/media/jbrogan4/scratch2/Reddit_Prov_Dataset_v6/_Happy_dog_looking_upward/g1415_csax9g3.png", "URL": "http://i.imgur.com/IMjYNeH.png", "fileid": "g1415_csax9g3.png"}, {"id": "g1415_csamo9v", "comment": "[dammit you beat me to it](http://i.imgur.com/tjHupBn.jpg)", "date": "2015-06-18 08:48:53", "seriesname": "g1415_csamo9v", "file": "/media/jbrogan4/scratch2/Reddit_Prov_Dataset_v6/_Happy_dog_looking_upward/g1415_csamo9v.jpg", "URL": "http://i.imgur.com/tjHupBn.jpg", "fileid": "g1415_csamo9v.jpg"}, {"id": "g1415_csart92", "comment": "[I think I've gone too far ...](http://i.imgur.com/wgy3m4E.jpg)", "date": "2015-06-18 11:28:56", "seriesname": "g1415_csart92", "file": "/media/jbrogan4/scratch2/Reddit_Prov_Dataset_v6/_Happy_dog_looking_upward/g1415_csart92.jpg", "URL": "http://i.imgur.com/wgy3m4E.jpg", "fileid": "g1415_csart92.jpg"}, {"id": "g1415_csarsft", "comment": "[Boss fight](http://i.imgur.com/ouE3fIN.jpg)", "date": "2015-06-18 11:28:21", "seriesname": "g1415_csarsft", "file": "/media/jbrogan4/scratch2/Reddit_Prov_Dataset_v6/_Happy_dog_looking_upward/g1415_csarsft.jpg", "URL": "http://i.imgur.com/ouE3fIN.jpg", "fileid": "g1415_csarsft.jpg"}, {"id": "g1415_csatvtr", "comment": "http://i.imgur.com/QgbSNCP.jpg\n\nEdit: Thank you to the anonymous gold giving strangers!", "date": "2015-06-18 12:21:01", "seriesname": "g1415_csatvtr", "file": "/media/jbrogan4/scratch2/Reddit_Prov_Dataset_v6/_Happy_dog_looking_upward/g1415_csatvtr.jpg", "URL": "http://i.imgur.com/QgbSNCP.jpg", "fileid": "g1415_csatvtr.jpg"}, {"id": "g1415_csblnem", "comment": "We are not alone.. and they are friendly... http://i.imgur.com/ab5kEO0.jpg", "date": "2015-06-19 01:50:09", "seriesname": "g1415_csblnem", "file": "/media/jbrogan4/scratch2/Reddit_Prov_Dataset_v6/_Happy_dog_looking_upward/g1415_csblnem.jpg", "URL": "http://i.imgur.com/ab5kEO0.jpg", "fileid": "g1415_csblnem.jpg"}, {"id": "g1415_csaygqg", "comment": "[anyone else?](http://i.imgur.com/A1aoHv8.jpg)\n\n\n[Or maybe with teeth?](http://i.imgur.com/dorttRe.jpg)", "date": "2015-06-18 14:09:54", "seriesname": "g1415_csaygqg", "file": "/media/jbrogan4/scratch2/Reddit_Prov_Dataset_v6/_Happy_dog_looking_upward/g1415_csaygqg.jpg", "URL": "http://i.imgur.com/dorttRe.jpg", "fileid": "g1415_csaygqg.jpg"}, {"id": "g1415_csau0gi", "comment": "[All I see is a fat seal.](http://i.imgur.com/a6ey3tf.png)", "date": "2015-06-18 12:24:11", "seriesname": "g1415_csau0gi", "file": "/media/jbrogan4/scratch2/Reddit_Prov_Dataset_v6/_Happy_dog_looking_upward/g1415_csau0gi.png", "URL": "http://i.imgur.com/a6ey3tf.png", "fileid": "g1415_csau0gi.png"}, {"id": "g1415_csaz3pu", "comment": "[Susuwatari](http://i.imgur.com/FeFIZHy.jpg)", "date": "2015-06-18 14:25:28", "seriesname": "g1415_csaz3pu", "file": "/media/jbrogan4/scratch2/Reddit_Prov_Dataset_v6/_Happy_dog_looking_upward/g1415_csaz3pu.jpg", "URL": "http://i.imgur.com/FeFIZHy.jpg", "fileid": "g1415_csaz3pu.jpg"}, {"id": "g1415_csb19tp", "comment": "http://i.imgur.com/MVuWlZ4.jpg", "date": "2015-06-18 15:18:14", "seriesname": "g1415_csb19tp", "file": "/media/jbrogan4/scratch2/Reddit_Prov_Dataset_v6/_Happy_dog_looking_upward/g1415_csb19tp.jpg", "URL": "http://i.imgur.com/MVuWlZ4.jpg", "fileid": "g1415_csb19tp.jpg"}, {"id": "g1415_csaz4sa", "comment": "[That\u2019s no cave!](http://i.imgur.com/OTpbk0K.jpg)", "date": "2015-06-18 14:26:12", "seriesname": "g1415_csaz4sa", "file": "/media/jbrogan4/scratch2/Reddit_Prov_Dataset_v6/_Happy_dog_looking_upward/g1415_csaz4sa.jpg", "URL": "http://i.imgur.com/OTpbk0K.jpg", "fileid": "g1415_csaz4sa.jpg"}, {"id": "g1415_csat2xt", "comment": "[\"Look at me and see the universe!\"](http://i.imgur.com/0blsPqU.jpg)", "date": "2015-06-18 12:01:08", "seriesname": "g1415_csat2xt", "file": "/media/jbrogan4/scratch2/Reddit_Prov_Dataset_v6/_Happy_dog_looking_upward/g1415_csat2xt.jpg", "URL": "http://i.imgur.com/0blsPqU.jpg", "fileid": "g1415_csat2xt.jpg"}, {"id": "g1415_csazjwb", "comment": "http://i.imgur.com/1iTaqH2.jpg", "date": "2015-06-18 14:36:24", "seriesname": "g1415_csazjwb", "file": "/media/jbrogan4/scratch2/Reddit_Prov_Dataset_v6/_Happy_dog_looking_upward/g1415_csazjwb.jpg", "URL": "http://i.imgur.com/1iTaqH2.jpg", "fileid": "g1415_csazjwb.jpg"}, {"id": "g1415_csayecp", "comment": "http://i.imgur.com/67Qz7iX.jpg", "date": "2015-06-18 14:08:19", "seriesname": "g1415_csayecp", "file": "/media/jbrogan4/scratch2/Reddit_Prov_Dataset_v6/_Happy_dog_looking_upward/g1415_csayecp.jpg", "URL": "http://i.imgur.com/67Qz7iX.jpg", "fileid": "g1415_csayecp.jpg"}, {"id": "g1415_csay3fv", "comment": "http://i.imgur.com/hEVpbXq.jpg", "date": "2015-06-18 14:01:12", "seriesname": "g1415_csay3fv", "file": "/media/jbrogan4/scratch2/Reddit_Prov_Dataset_v6/_Happy_dog_looking_upward/g1415_csay3fv.jpg", "URL": "http://i.imgur.com/hEVpbXq.jpg", "fileid": "g1415_csay3fv.jpg"}, {"id": "g1415_csb8ev9", "comment": "First time giving Photoshop a try [img]http://i.imgur.com/FUDkjdn.jpg[/img]", "date": "2015-06-18 18:21:00", "seriesname": "g1415_csb8ev9", "file": "/media/jbrogan4/scratch2/Reddit_Prov_Dataset_v6/_Happy_dog_looking_upward/g1415_csb8ev9.jpg", "URL": "http://i.imgur.com/FUDkjdn.jpg[/img]", "fileid": "g1415_csb8ev9.img]"}, {"id": "g1415_csbkfmq", "comment": "[Skeleton Dog](http://i.imgur.com/1KqAL8f.jpg)", "date": "2015-06-19 00:56:54", "seriesname": "g1415_csbkfmq", "file": "/media/jbrogan4/scratch2/Reddit_Prov_Dataset_v6/_Happy_dog_looking_upward/g1415_csbkfmq.jpg", "URL": "http://i.imgur.com/1KqAL8f.jpg", "fileid": "g1415_csbkfmq.jpg"}, {"id": "g1415_csasyj7", "comment": "[Giggity](http://imgur.com/Zf1Dgem)", "date": "2015-06-18 11:58:02", "seriesname": "g1415_csasyj7", "file": "/media/jbrogan4/scratch2/Reddit_Prov_Dataset_v6/_Happy_dog_looking_upward/g1415_csasyj7.png", "URL": "http://i.imgur.com/Zf1Dgem.png", "fileid": "g1415_csasyj7.png"}, {"id": "g1415_csavxyv", "comment": "[nope](http://i.imgur.com/Za2ziW8.jpg)", "date": "2015-06-18 13:10:48", "seriesname": "g1415_csavxyv", "file": "/media/jbrogan4/scratch2/Reddit_Prov_Dataset_v6/_Happy_dog_looking_upward/g1415_csavxyv.jpg", "URL": "http://i.imgur.com/Za2ziW8.jpg", "fileid": "g1415_csavxyv.jpg"}, {"id": "g1415_csbbabk", "comment": "http://i.imgur.com/1B67Iu8.jpg", "date": "2015-06-18 19:47:12", "seriesname": "g1415_csbbabk", "file": "/media/jbrogan4/scratch2/Reddit_Prov_Dataset_v6/_Happy_dog_looking_upward/g1415_csbbabk.jpg", "URL": "http://i.imgur.com/1B67Iu8.jpg", "fileid": "g1415_csbbabk.jpg"}, {"id": "g1415_csavc7z", "comment": "http://i.imgur.com/NXkTBaJ.jpg\n\n\n[EDIT: Alright feet for a face might have been a little ridiculous lol](http://i.imgur.com/eGJLsKh.jpg)", "date": "2015-06-18 12:56:29", "seriesname": "g1415_csavc7z", "file": "/media/jbrogan4/scratch2/Reddit_Prov_Dataset_v6/_Happy_dog_looking_upward/g1415_csavc7z.jpg", "URL": "http://i.imgur.com/eGJLsKh.jpg", "fileid": "g1415_csavc7z.jpg"}, {"id": "g1415_csaqrql", "comment": "[Oink!](http://i.imgur.com/EPU7dWH.jpg)", "date": "2015-06-18 11:01:14", "seriesname": "g1415_csaqrql", "file": "/media/jbrogan4/scratch2/Reddit_Prov_Dataset_v6/_Happy_dog_looking_upward/g1415_csaqrql.jpg", "URL": "http://i.imgur.com/EPU7dWH.jpg", "fileid": "g1415_csaqrql.jpg"}, {"id": "g1415_csb2hyy", "comment": "[http://i.imgur.com/T1fYyzT.png](http://i.imgur.com/T1fYyzT.png)", "date": "2015-06-18 15:48:01", "seriesname": "g1415_csb2hyy", "file": "/media/jbrogan4/scratch2/Reddit_Prov_Dataset_v6/_Happy_dog_looking_upward/g1415_csb2hyy.png", "URL": "http://i.imgur.com/T1fYyzT.png](http://i.imgur.com/T1fYyzT.png", "fileid": "g1415_csb2hyy.png"}, {"id": "g1415_csas2d4", "comment": "[War of the worlds](http://imgur.com/kQZtwgE)", "date": "2015-06-18 11:35:31", "seriesname": "g1415_csas2d4", "file": "/media/jbrogan4/scratch2/Reddit_Prov_Dataset_v6/_Happy_dog_looking_upward/g1415_csas2d4.png", "URL": "http://i.imgur.com/kQZtwgE.png", "fileid": "g1415_csas2d4.png"}, {"id": "g1415_csamehz", "comment": "[I don't think that's a dog.](http://i.imgur.com/SVSqpkg.jpg)", "date": "2015-06-18 08:37:26", "seriesname": "g1415_csamehz", "file": "/media/jbrogan4/scratch2/Reddit_Prov_Dataset_v6/_Happy_dog_looking_upward/g1415_csamehz.jpg", "URL": "http://i.imgur.com/SVSqpkg.jpg", "fileid": "g1415_csamehz.jpg"}, {"id": "g1415_csaymm6", "comment": "[http://i.imgur.com/ZKGkW0g.png](http://i.imgur.com/ZKGkW0g.png)", "date": "2015-06-18 14:13:53", "seriesname": "g1415_csaymm6", "file": "/media/jbrogan4/scratch2/Reddit_Prov_Dataset_v6/_Happy_dog_looking_upward/g1415_csaymm6.png", "URL": "http://i.imgur.com/ZKGkW0g.png](http://i.imgur.com/ZKGkW0g.png", "fileid": "g1415_csaymm6.png"}, {"id": "g1415_csbm0qz", "comment": "[Somebody probably already did this](http://i.imgur.com/wrKVEs7.jpg)\nEdit:Yup", "date": "2015-06-19 02:08:40", "seriesname": "g1415_csbm0qz", "file": "/media/jbrogan4/scratch2/Reddit_Prov_Dataset_v6/_Happy_dog_looking_upward/g1415_csbm0qz.jpg", "URL": "http://i.imgur.com/wrKVEs7.jpg", "fileid": "g1415_csbm0qz.jpg"}, {"id": "g1415_csauurz", "comment": "[Happy dog on acid](http://i.imgur.com/HpnA5Vb.jpg)", "date": "2015-06-18 12:44:47", "seriesname": "g1415_csauurz", "file": "/media/jbrogan4/scratch2/Reddit_Prov_Dataset_v6/_Happy_dog_looking_upward/g1415_csauurz.jpg", "URL": "http://i.imgur.com/HpnA5Vb.jpg", "fileid": "g1415_csauurz.jpg"}, {"id": "g1415_csb3fi3", "comment": "http://i.imgur.com/qikK4zW.jpg", "date": "2015-06-18 16:10:56", "seriesname": "g1415_csb3fi3", "file": "/media/jbrogan4/scratch2/Reddit_Prov_Dataset_v6/_Happy_dog_looking_upward/g1415_csb3fi3.jpg", "URL": "http://i.imgur.com/qikK4zW.jpg", "fileid": "g1415_csb3fi3.jpg"}, {"id": "g1415_csamksg", "comment": "[Don't let him/her out of sight](http://i.imgur.com/P1dSLJr.jpg)", "date": "2015-06-18 08:44:48", "seriesname": "g1415_csamksg", "file": "/media/jbrogan4/scratch2/Reddit_Prov_Dataset_v6/_Happy_dog_looking_upward/g1415_csamksg.jpg", "URL": "http://i.imgur.com/P1dSLJr.jpg", "fileid": "g1415_csamksg.jpg"}, {"id": "g1415_csb2yh5", "comment": "[Snout of Sauron](http://i.imgur.com/fMDwc1R.png)", "date": "2015-06-18 15:59:15", "seriesname": "g1415_csb2yh5", "file": "/media/jbrogan4/scratch2/Reddit_Prov_Dataset_v6/_Happy_dog_looking_upward/g1415_csb2yh5.png", "URL": "http://i.imgur.com/fMDwc1R.png", "fileid": "g1415_csb2yh5.png"}, {"id": "g1415_csarz04", "comment": "[Say your prayers, motherfucker.](http://imgur.com/PumPC9O)", "date": "2015-06-18 11:33:01", "seriesname": "g1415_csarz04", "file": "/media/jbrogan4/scratch2/Reddit_Prov_Dataset_v6/_Happy_dog_looking_upward/g1415_csarz04.png", "URL": "http://i.imgur.com/PumPC9O.png", "fileid": "g1415_csarz04.png"}, {"id": "g1415_csatnwr", "comment": "[North American Snout Owl](http://imgur.com/dpaDqmd)", "date": "2015-06-18 12:15:39", "seriesname": "g1415_csatnwr", "file": "/media/jbrogan4/scratch2/Reddit_Prov_Dataset_v6/_Happy_dog_looking_upward/g1415_csatnwr.png", "URL": "http://i.imgur.com/dpaDqmd.png", "fileid": "g1415_csatnwr.png"}, {"id": "g1415_csbc1xw", "comment": "[FIXED](http://i.imgur.com/YD3wzvC.jpg)", "date": "2015-06-18 20:11:19", "seriesname": "g1415_csbc1xw", "file": "/media/jbrogan4/scratch2/Reddit_Prov_Dataset_v6/_Happy_dog_looking_upward/g1415_csbc1xw.jpg", "URL": "http://i.imgur.com/YD3wzvC.jpg", "fileid": "g1415_csbc1xw.jpg"}, {"id": "g1415_csb2qom", "comment": "[I think I see what the problem is now...](http://i.imgur.com/otH1vSt.jpg?1)", "date": "2015-06-18 15:53:57", "seriesname": "g1415_csb2qom", "file": "/media/jbrogan4/scratch2/Reddit_Prov_Dataset_v6/_Happy_dog_looking_upward/g1415_csb2qom.jpg", "URL": "http://i.imgur.com/otH1vSt.jpg?1", "fileid": "g1415_csb2qom.jpg"}, {"id": "g1415_csb0bep", "comment": "[http://i.imgur.com/04eXYfE.png](http://i.imgur.com/04eXYfE.png)", "date": "2015-06-18 14:54:47", "seriesname": "g1415_csb0bep", "file": "/media/jbrogan4/scratch2/Reddit_Prov_Dataset_v6/_Happy_dog_looking_upward/g1415_csb0bep.png", "URL": "http://i.imgur.com/04eXYfE.png](http://i.imgur.com/04eXYfE.png", "fileid": "g1415_csb0bep.png"}, {"id": "g1415_csat9og", "comment": "[Can I has an ocarina?](http://i.imgur.com/XUj15M1.jpg)", "date": "2015-06-18 12:05:53", "seriesname": "g1415_csat9og", "file": "/media/jbrogan4/scratch2/Reddit_Prov_Dataset_v6/_Happy_dog_looking_upward/g1415_csat9og.jpg", "URL": "http://i.imgur.com/XUj15M1.jpg", "fileid": "g1415_csat9og.jpg"}, {"id": "g1415_csb1c4k", "comment": "http://i.imgur.com/TMsWJvS.jpg", "date": "2015-06-18 15:19:48", "seriesname": "g1415_csb1c4k", "file": "/media/jbrogan4/scratch2/Reddit_Prov_Dataset_v6/_Happy_dog_looking_upward/g1415_csb1c4k.jpg", "URL": "http://i.imgur.com/TMsWJvS.jpg", "fileid": "g1415_csb1c4k.jpg"}, {"id": "g1415_csarpc6", "comment": "Just keep swimming...\n\nhttp://i.imgur.com/e3nMorU.jpg", "date": "2015-06-18 11:26:08", "seriesname": "g1415_csarpc6", "file": "/media/jbrogan4/scratch2/Reddit_Prov_Dataset_v6/_Happy_dog_looking_upward/g1415_csarpc6.jpg", "URL": "http://i.imgur.com/e3nMorU.jpg", "fileid": "g1415_csarpc6.jpg"}, {"id": "g1415_csaulxk", "comment": "[http://i.imgur.com/4rFuHOc.png](http://i.imgur.com/4rFuHOc.png)", "date": "2015-06-18 12:38:51", "seriesname": "g1415_csaulxk", "file": "/media/jbrogan4/scratch2/Reddit_Prov_Dataset_v6/_Happy_dog_looking_upward/g1415_csaulxk.png", "URL": "http://i.imgur.com/4rFuHOc.png](http://i.imgur.com/4rFuHOc.png", "fileid": "g1415_csaulxk.png"}, {"id": "g1415_csarlne", "comment": "[http://i.imgur.com/ZNGt2e1.png](http://i.imgur.com/ZNGt2e1.png)", "date": "2015-06-18 11:23:29", "seriesname": "g1415_csarlne", "file": "/media/jbrogan4/scratch2/Reddit_Prov_Dataset_v6/_Happy_dog_looking_upward/g1415_csarlne.png", "URL": "http://i.imgur.com/ZNGt2e1.png](http://i.imgur.com/ZNGt2e1.png", "fileid": "g1415_csarlne.png"}, {"id": "g1415_csb5l4a", "comment": "[Better](http://imgur.com/zqNMN33.jpg)", "date": "2015-06-18 17:04:31", "seriesname": "g1415_csb5l4a", "file": "/media/jbrogan4/scratch2/Reddit_Prov_Dataset_v6/_Happy_dog_looking_upward/g1415_csb5l4a.jpg", "URL": "http://imgur.com/zqNMN33.jpg", "fileid": "g1415_csb5l4a.jpg"}, {"id": "g1415_root", "comment": "", "date": "2015-06-18 07:11:58", "seriesname": "g1415_root", "file": "/media/jbrogan4/scratch2/Reddit_Prov_Dataset_v6/_Happy_dog_looking_upward/g1415_root.jpg", "URL": "http://i.imgur.com/n1oLuXu.jpg", "fileid": "g1415_root.jpg"}, {"id": "g1415_csb18sh", "comment": "[FOREVERRRR](http://imgur.com/VF9yvAx)", "date": "2015-06-18 15:17:31", "seriesname": "g1415_csb18sh", "file": "/media/jbrogan4/scratch2/Reddit_Prov_Dataset_v6/_Happy_dog_looking_upward/g1415_csb18sh.png", "URL": "http://i.imgur.com/VF9yvAx.png", "fileid": "g1415_csb18sh.png"}, {"id": "g1415_csawh9x", "comment": "http://i.imgur.com/m7fgn9l.png", "date": "2015-06-18 13:23:12", "seriesname": "g1415_csawh9x", "file": "/media/jbrogan4/scratch2/Reddit_Prov_Dataset_v6/_Happy_dog_looking_upward/g1415_csawh9x.png", "URL": "http://i.imgur.com/m7fgn9l.png", "fileid": "g1415_csawh9x.png"}], "graph": {"name": "g1415_root"}, "directed": true}