{"links": [{"op": "none", "target": 0, "source": 51}, {"op": "none", "target": 1, "source": 51}, {"op": "none", "target": 2, "source": 51}, {"op": "none", "target": 3, "source": 51}, {"op": "none", "target": 4, "source": 51}, {"op": "none", "target": 5, "source": 51}, {"op": "none", "target": 6, "source": 51}, {"op": "none", "target": 7, "source": 51}, {"op": "none", "target": 8, "source": 51}, {"op": "none", "target": 9, "source": 51}, {"op": "none", "target": 10, "source": 51}, {"op": "none", "target": 11, "source": 51}, {"op": "none", "target": 12, "source": 51}, {"op": "none", "target": 13, "source": 51}, {"op": "none", "target": 14, "source": 51}, {"op": "none", "target": 15, "source": 51}, {"op": "none", "target": 16, "source": 51}, {"op": "none", "target": 17, "source": 51}, {"op": "none", "target": 18, "source": 51}, {"op": "none", "target": 19, "source": 51}, {"op": "none", "target": 20, "source": 7}, {"op": "none", "target": 21, "source": 51}, {"op": "none", "target": 22, "source": 51}, {"op": "none", "target": 23, "source": 63}, {"op": "none", "target": 24, "source": 51}, {"op": "none", "target": 25, "source": 51}, {"op": "none", "target": 26, "source": 51}, {"op": "none", "target": 27, "source": 15}, {"op": "none", "target": 28, "source": 51}, {"op": "none", "target": 29, "source": 51}, {"op": "none", "target": 30, "source": 51}, {"op": "none", "target": 31, "source": 51}, {"op": "none", "target": 32, "source": 51}, {"op": "none", "target": 33, "source": 51}, {"op": "none", "target": 34, "source": 51}, {"op": "none", "target": 35, "source": 51}, {"op": "none", "target": 36, "source": 51}, {"op": "none", "target": 37, "source": 14}, {"op": "none", "target": 38, "source": 5}, {"op": "none", "target": 39, "source": 51}, {"op": "none", "target": 40, "source": 51}, {"op": "none", "target": 41, "source": 51}, {"op": "none", "target": 42, "source": 51}, {"op": "none", "target": 43, "source": 35}, {"op": "none", "target": 44, "source": 51}, {"op": "none", "target": 45, "source": 51}, {"op": "none", "target": 46, "source": 51}, {"op": "none", "target": 47, "source": 14}, {"op": "none", "target": 48, "source": 51}, {"op": "none", "target": 49, "source": 51}, {"op": "none", "target": 50, "source": 51}, {"op": "none", "target": 52, "source": 51}, {"op": "none", "target": 53, "source": 51}, {"op": "none", "target": 54, "source": 51}, {"op": "none", "target": 55, "source": 51}, {"op": "none", "target": 56, "source": 24}, {"op": "none", "target": 57, "source": 51}, {"op": "none", "target": 58, "source": 51}, {"op": "none", "target": 59, "source": 1}, {"op": "none", "target": 60, "source": 46}, {"op": "none", "target": 61, "source": 51}, {"op": "none", "target": 62, "source": 51}, {"op": "none", "target": 63, "source": 51}, {"op": "none", "target": 64, "source": 51}, {"op": "none", "target": 65, "source": 51}, {"op": "none", "target": 66, "source": 51}, {"op": "none", "target": 67, "source": 68}, {"op": "none", "target": 68, "source": 51}, {"op": "none", "target": 69, "source": 51}, {"op": "none", "target": 70, "source": 51}, {"op": "none", "target": 71, "source": 51}, {"op": "none", "target": 72, "source": 51}, {"op": "none", "target": 73, "source": 51}, {"op": "none", "target": 74, "source": 51}, {"op": "none", "target": 75, "source": 51}, {"op": "none", "target": 76, "source": 51}, {"op": "none", "target": 77, "source": 51}], "title": "_These_squirrels_fighting", "nodes": [{"id": "g1411_czuw18s", "comment": "Not again..\n\nhttp://imgur.com/NJ0RzRb", "date": "2016-02-10 11:39:54", "seriesname": "g1411_czuw18s", "file": "/media/jbrogan4/scratch2/Reddit_Prov_Dataset_v6/_These_squirrels_fighting/g1411_czuw18s.png", "URL": "http://i.imgur.com/NJ0RzRb.png", "fileid": "g1411_czuw18s.png"}, {"id": "g1411_czux4ef", "comment": "http://imgur.com/r3iS5fC", "date": "2016-02-10 12:05:19", "seriesname": "g1411_czux4ef", "file": "/media/jbrogan4/scratch2/Reddit_Prov_Dataset_v6/_These_squirrels_fighting/g1411_czux4ef.png", "URL": "http://i.imgur.com/r3iS5fC.png", "fileid": "g1411_czux4ef.png"}, {"id": "g1411_czvsnx1", "comment": "[Japan is naturally on the case!](http://i.imgur.com/M3GtZKW.png)", "date": "2016-02-11 02:25:37", "seriesname": "g1411_czvsnx1", "file": "/media/jbrogan4/scratch2/Reddit_Prov_Dataset_v6/_These_squirrels_fighting/g1411_czvsnx1.png", "URL": "http://i.imgur.com/M3GtZKW.png", "fileid": "g1411_czvsnx1.png"}, {"id": "g1411_czvinfn", "comment": "[Epic Rap Battles Of Forestryyyyyyyy](https://imgur.com/A2nSn45)", "date": "2016-02-10 20:47:47", "seriesname": "g1411_czvinfn", "file": "/media/jbrogan4/scratch2/Reddit_Prov_Dataset_v6/_These_squirrels_fighting/g1411_czvinfn.png", "URL": "http://i.imgur.com/A2nSn45.png", "fileid": "g1411_czvinfn.png"}, {"id": "g1411_czviukr", "comment": "http://imgur.com/gallery/PJUCkxc", "date": "2016-02-10 20:53:17", "seriesname": "g1411_czviukr", "file": "/media/jbrogan4/scratch2/Reddit_Prov_Dataset_v6/_These_squirrels_fighting/g1411_czviukr.png", "URL": "http://i.imgur.com/PJUCkxc.png", "fileid": "g1411_czviukr.png"}, {"id": "g1411_czuzxfp", "comment": "da da da daaaaa, here comes the Squirrel Orchestra! \nhttp://imgur.com/O6wc7nm", "date": "2016-02-10 13:09:53", "seriesname": "g1411_czuzxfp", "file": "/media/jbrogan4/scratch2/Reddit_Prov_Dataset_v6/_These_squirrels_fighting/g1411_czuzxfp.png", "URL": "http://i.imgur.com/O6wc7nm.png", "fileid": "g1411_czuzxfp.png"}, {"id": "g1411_czuumjh", "comment": "[*\"'Cause this is thriller, thriller night\"*](http://i.imgur.com/Oj63Inz.png)", "date": "2016-02-10 11:05:29", "seriesname": "g1411_czuumjh", "file": "/media/jbrogan4/scratch2/Reddit_Prov_Dataset_v6/_These_squirrels_fighting/g1411_czuumjh.png", "URL": "http://i.imgur.com/Oj63Inz.png", "fileid": "g1411_czuumjh.png"}, {"id": "g1411_czuug1b", "comment": "[Avada kedavra](http://i.imgur.com/taehgpO.jpg)\n\n[Edited](http://i.imgur.com/OEVteQw.jpg)", "date": "2016-02-10 11:00:59", "seriesname": "g1411_czuug1b", "file": "/media/jbrogan4/scratch2/Reddit_Prov_Dataset_v6/_These_squirrels_fighting/g1411_czuug1b.jpg", "URL": "http://i.imgur.com/OEVteQw.jpg", "fileid": "g1411_czuug1b.jpg"}, {"id": "g1411_czux074", "comment": "[Stand off](http://i.imgur.com/Iol9g7G.jpg)", "date": "2016-02-10 12:02:29", "seriesname": "g1411_czux074", "file": "/media/jbrogan4/scratch2/Reddit_Prov_Dataset_v6/_These_squirrels_fighting/g1411_czux074.jpg", "URL": "http://i.imgur.com/Iol9g7G.jpg", "fileid": "g1411_czux074.jpg"}, {"id": "g1411_czuzvga", "comment": "[http://i.imgur.com/YQ7Wx9k.jpg](http://i.imgur.com/YQ7Wx9k.jpg)", "date": "2016-02-10 13:08:38", "seriesname": "g1411_czuzvga", "file": "/media/jbrogan4/scratch2/Reddit_Prov_Dataset_v6/_These_squirrels_fighting/g1411_czuzvga.jpg", "URL": "http://i.imgur.com/YQ7Wx9k.jpg](http://i.imgur.com/YQ7Wx9k.jpg", "fileid": "g1411_czuzvga.jpg"}, {"id": "g1411_czuwwzd", "comment": "[Quaid... Open your mind, Quaid.](http://i.imgur.com/DSIFXO8.jpg)", "date": "2016-02-10 12:00:23", "seriesname": "g1411_czuwwzd", "file": "/media/jbrogan4/scratch2/Reddit_Prov_Dataset_v6/_These_squirrels_fighting/g1411_czuwwzd.jpg", "URL": "http://i.imgur.com/DSIFXO8.jpg", "fileid": "g1411_czuwwzd.jpg"}, {"id": "g1411_czv6axk", "comment": "[Dat lighstaber!](http://imgur.com/CYg3pFG)", "date": "2016-02-10 15:35:27", "seriesname": "g1411_czv6axk", "file": "/media/jbrogan4/scratch2/Reddit_Prov_Dataset_v6/_These_squirrels_fighting/g1411_czv6axk.png", "URL": "http://i.imgur.com/CYg3pFG.png", "fileid": "g1411_czv6axk.png"}, {"id": "g1411_czv09ck", "comment": "[\"And then I says, I says to Margret...\"](http://imgur.com/kb5nrQr)", "date": "2016-02-10 13:17:19", "seriesname": "g1411_czv09ck", "file": "/media/jbrogan4/scratch2/Reddit_Prov_Dataset_v6/_These_squirrels_fighting/g1411_czv09ck.png", "URL": "http://i.imgur.com/kb5nrQr.png", "fileid": "g1411_czv09ck.png"}, {"id": "g1411_czuv99e", "comment": "[my first thought](https://i.imgur.com/PwZqIrd.png)", "date": "2016-02-10 11:21:13", "seriesname": "g1411_czuv99e", "file": "/media/jbrogan4/scratch2/Reddit_Prov_Dataset_v6/_These_squirrels_fighting/g1411_czuv99e.png", "URL": "https://i.imgur.com/PwZqIrd.png", "fileid": "g1411_czuv99e.png"}, {"id": "g1411_czuugkf", "comment": "[Steady. Steady... no NO NOOOO!](http://i.imgur.com/1Dk6LRr.jpg)", "date": "2016-02-10 11:01:20", "seriesname": "g1411_czuugkf", "file": "/media/jbrogan4/scratch2/Reddit_Prov_Dataset_v6/_These_squirrels_fighting/g1411_czuugkf.jpg", "URL": "http://i.imgur.com/1Dk6LRr.jpg", "fileid": "g1411_czuugkf.jpg"}, {"id": "g1411_czuuc9l", "comment": "[These perverts are everywhere...](http://i.imgur.com/6VA26v2.jpg)", "date": "2016-02-10 10:58:23", "seriesname": "g1411_czuuc9l", "file": "/media/jbrogan4/scratch2/Reddit_Prov_Dataset_v6/_These_squirrels_fighting/g1411_czuuc9l.jpg", "URL": "http://i.imgur.com/6VA26v2.jpg", "fileid": "g1411_czuuc9l.jpg"}, {"id": "g1411_czv0m5e", "comment": "[FURRY RAT TRAPPED IN A DIGITAL HELL](http://i.imgur.com/UkrlWzD.jpg)", "date": "2016-02-10 13:25:23", "seriesname": "g1411_czv0m5e", "file": "/media/jbrogan4/scratch2/Reddit_Prov_Dataset_v6/_These_squirrels_fighting/g1411_czv0m5e.jpg", "URL": "http://i.imgur.com/UkrlWzD.jpg", "fileid": "g1411_czv0m5e.jpg"}, {"id": "g1411_czuz0xm", "comment": "[Samurai Squirrels](http://imgur.com/3PiblNz)", "date": "2016-02-10 12:49:28", "seriesname": "g1411_czuz0xm", "file": "/media/jbrogan4/scratch2/Reddit_Prov_Dataset_v6/_These_squirrels_fighting/g1411_czuz0xm.png", "URL": "http://i.imgur.com/3PiblNz.png", "fileid": "g1411_czuz0xm.png"}, {"id": "g1411_czuvw5q", "comment": "[I vant to suck your blood](http://imgur.com/64rVYQp)", "date": "2016-02-10 11:36:34", "seriesname": "g1411_czuvw5q", "file": "/media/jbrogan4/scratch2/Reddit_Prov_Dataset_v6/_These_squirrels_fighting/g1411_czuvw5q.png", "URL": "http://i.imgur.com/64rVYQp.png", "fileid": "g1411_czuvw5q.png"}, {"id": "g1411_czuvkai", "comment": "[Late to the party](http://i.imgur.com/TeFbXBu.jpg)\nMy second time ever using photoshop so sorry for it being shitty.", "date": "2016-02-10 11:28:41", "seriesname": "g1411_czuvkai", "file": "/media/jbrogan4/scratch2/Reddit_Prov_Dataset_v6/_These_squirrels_fighting/g1411_czuvkai.jpg", "URL": "http://i.imgur.com/TeFbXBu.jpg", "fileid": "g1411_czuvkai.jpg"}, {"id": "g1411_czuvd9v", "comment": "Because Voldemort killed Sandy\n\n[Better?](http://i.imgur.com/KWbxyjz.jpg)", "date": "2016-02-10 11:23:57", "seriesname": "g1411_czuvd9v", "file": "/media/jbrogan4/scratch2/Reddit_Prov_Dataset_v6/_These_squirrels_fighting/g1411_czuvd9v.jpg", "URL": "http://i.imgur.com/KWbxyjz.jpg", "fileid": "g1411_czuvd9v.jpg"}, {"id": "g1411_czuvs34", "comment": "[The Bride is back](http://i.imgur.com/lt4FGEw.jpg)", "date": "2016-02-10 11:33:52", "seriesname": "g1411_czuvs34", "file": "/media/jbrogan4/scratch2/Reddit_Prov_Dataset_v6/_These_squirrels_fighting/g1411_czuvs34.jpg", "URL": "http://i.imgur.com/lt4FGEw.jpg", "fileid": "g1411_czuvs34.jpg"}, {"id": "g1411_czuuwew", "comment": "https://i.imgur.com/78vPV69.jpg", "date": "2016-02-10 11:12:24", "seriesname": "g1411_czuuwew", "file": "/media/jbrogan4/scratch2/Reddit_Prov_Dataset_v6/_These_squirrels_fighting/g1411_czuuwew.jpg", "URL": "https://i.imgur.com/78vPV69.jpg", "fileid": "g1411_czuuwew.jpg"}, {"id": "g1411_czv23ku", "comment": "[There for you good Sir](http://i.imgur.com/Kj5Hm5x.png)", "date": "2016-02-10 13:59:12", "seriesname": "g1411_czv23ku", "file": "/media/jbrogan4/scratch2/Reddit_Prov_Dataset_v6/_These_squirrels_fighting/g1411_czv23ku.png", "URL": "http://i.imgur.com/Kj5Hm5x.png", "fileid": "g1411_czv23ku.png"}, {"id": "g1411_czuu7hx", "comment": "[Come at me bro](http://i.imgur.com/tNKdE36.jpg)", "date": "2016-02-10 10:55:02", "seriesname": "g1411_czuu7hx", "file": "/media/jbrogan4/scratch2/Reddit_Prov_Dataset_v6/_These_squirrels_fighting/g1411_czuu7hx.jpg", "URL": "http://i.imgur.com/tNKdE36.jpg", "fileid": "g1411_czuu7hx.jpg"}, {"id": "g1411_czuyduz", "comment": "[SWEEP THE LEG!](http://i.imgur.com/VNKFWEy.png)", "date": "2016-02-10 12:34:53", "seriesname": "g1411_czuyduz", "file": "/media/jbrogan4/scratch2/Reddit_Prov_Dataset_v6/_These_squirrels_fighting/g1411_czuyduz.png", "URL": "http://i.imgur.com/VNKFWEy.png", "fileid": "g1411_czuyduz.png"}, {"id": "g1411_czv64b9", "comment": "[The Farce Awakens](http://i.imgur.com/CchKQNe.jpg)", "date": "2016-02-10 15:31:18", "seriesname": "g1411_czv64b9", "file": "/media/jbrogan4/scratch2/Reddit_Prov_Dataset_v6/_These_squirrels_fighting/g1411_czv64b9.jpg", "URL": "http://i.imgur.com/CchKQNe.jpg", "fileid": "g1411_czv64b9.jpg"}, {"id": "g1411_czuwy82", "comment": "[Good thing mom's here](http://i.imgur.com/MlgkqsC.jpg)", "date": "2016-02-10 12:01:11", "seriesname": "g1411_czuwy82", "file": "/media/jbrogan4/scratch2/Reddit_Prov_Dataset_v6/_These_squirrels_fighting/g1411_czuwy82.jpg", "URL": "http://i.imgur.com/MlgkqsC.jpg", "fileid": "g1411_czuwy82.jpg"}, {"id": "g1411_czvgaef", "comment": "[I'll have what the squirrel is having](http://i.imgur.com/RvKhftH.png)", "date": "2016-02-10 19:43:09", "seriesname": "g1411_czvgaef", "file": "/media/jbrogan4/scratch2/Reddit_Prov_Dataset_v6/_These_squirrels_fighting/g1411_czvgaef.png", "URL": "http://i.imgur.com/RvKhftH.png", "fileid": "g1411_czvgaef.png"}, {"id": "g1411_czv42a2", "comment": "[Qapla!](http://i.imgur.com/QVsAmlo.png)", "date": "2016-02-10 14:44:27", "seriesname": "g1411_czv42a2", "file": "/media/jbrogan4/scratch2/Reddit_Prov_Dataset_v6/_These_squirrels_fighting/g1411_czv42a2.png", "URL": "http://i.imgur.com/QVsAmlo.png", "fileid": "g1411_czv42a2.png"}, {"id": "g1411_czv78zx", "comment": "[Sword and Axe](http://i.imgur.com/cQmTFED.jpg)", "date": "2016-02-10 15:56:51", "seriesname": "g1411_czv78zx", "file": "/media/jbrogan4/scratch2/Reddit_Prov_Dataset_v6/_These_squirrels_fighting/g1411_czv78zx.jpg", "URL": "http://i.imgur.com/cQmTFED.jpg", "fileid": "g1411_czv78zx.jpg"}, {"id": "g1411_czvavb3", "comment": "[Putin Squirel ](http://i.imgur.com/q9ofFfG.jpg)", "date": "2016-02-10 17:20:03", "seriesname": "g1411_czvavb3", "file": "/media/jbrogan4/scratch2/Reddit_Prov_Dataset_v6/_These_squirrels_fighting/g1411_czvavb3.jpg", "URL": "http://i.imgur.com/q9ofFfG.jpg", "fileid": "g1411_czvavb3.jpg"}, {"id": "g1411_czv1haq", "comment": "[I have the high ground!](http://i.imgur.com/uyqI8zy.jpg)", "date": "2016-02-10 13:45:08", "seriesname": "g1411_czv1haq", "file": "/media/jbrogan4/scratch2/Reddit_Prov_Dataset_v6/_These_squirrels_fighting/g1411_czv1haq.jpg", "URL": "http://i.imgur.com/uyqI8zy.jpg", "fileid": "g1411_czv1haq.jpg"}, {"id": "g1411_czvb8ku", "comment": "[Darth versus Inigo](http://i.imgur.com/n9t8qKt.jpg)", "date": "2016-02-10 17:28:55", "seriesname": "g1411_czvb8ku", "file": "/media/jbrogan4/scratch2/Reddit_Prov_Dataset_v6/_These_squirrels_fighting/g1411_czvb8ku.jpg", "URL": "http://i.imgur.com/n9t8qKt.jpg", "fileid": "g1411_czvb8ku.jpg"}, {"id": "g1411_czvs70v", "comment": "[Squirlary](http://imgur.com/dZYi1Z4)", "date": "2016-02-11 02:00:48", "seriesname": "g1411_czvs70v", "file": "/media/jbrogan4/scratch2/Reddit_Prov_Dataset_v6/_These_squirrels_fighting/g1411_czvs70v.png", "URL": "http://i.imgur.com/dZYi1Z4.png", "fileid": "g1411_czvs70v.png"}, {"id": "g1411_czuvfam", "comment": "[Back Foul Beast!](http://i.imgur.com/DYEcNT4.jpg)\n\nedit: glad you guys are enjoying it! :D", "date": "2016-02-10 11:25:18", "seriesname": "g1411_czuvfam", "file": "/media/jbrogan4/scratch2/Reddit_Prov_Dataset_v6/_These_squirrels_fighting/g1411_czuvfam.jpg", "URL": "http://i.imgur.com/DYEcNT4.jpg", "fileid": "g1411_czuvfam.jpg"}, {"id": "g1411_czv8d6j", "comment": "[Cause this is thriller!!](http://i.imgur.com/wx5Hy76.jpg)", "date": "2016-02-10 16:22:14", "seriesname": "g1411_czv8d6j", "file": "/media/jbrogan4/scratch2/Reddit_Prov_Dataset_v6/_These_squirrels_fighting/g1411_czv8d6j.jpg", "URL": "http://i.imgur.com/wx5Hy76.jpg", "fileid": "g1411_czv8d6j.jpg"}, {"id": "g1411_czuymjj", "comment": "[ RUN AWAY GIRL ITS FALLING ] (http://img14.deviantart.net/90ce/i/2016/041/0/3/rungirlbokeh_by_zappian-d9r8lql.jpg) ", "date": "2016-02-10 12:40:25", "seriesname": "g1411_czuymjj", "file": "/media/jbrogan4/scratch2/Reddit_Prov_Dataset_v6/_These_squirrels_fighting/g1411_czuymjj.jpg", "URL": "http://img14.deviantart.net/90ce/i/2016/041/0/3/rungirlbokeh_by_zappian-d9r8lql.jpg", "fileid": "g1411_czuymjj.jpg"}, {"id": "g1411_czvbg1a", "comment": "haha whoops! my bad :D Problem fixed http://imgur.com/tXITDkJ", "date": "2016-02-10 17:33:56", "seriesname": "g1411_czvbg1a", "file": "/media/jbrogan4/scratch2/Reddit_Prov_Dataset_v6/_These_squirrels_fighting/g1411_czvbg1a.png", "URL": "http://i.imgur.com/tXITDkJ.png", "fileid": "g1411_czvbg1a.png"}, {"id": "g1411_czuw2wj", "comment": "[make love not war](http://imgur.com/2jVRLBO)", "date": "2016-02-10 11:40:59", "seriesname": "g1411_czuw2wj", "file": "/media/jbrogan4/scratch2/Reddit_Prov_Dataset_v6/_These_squirrels_fighting/g1411_czuw2wj.png", "URL": "http://i.imgur.com/2jVRLBO.png", "fileid": "g1411_czuw2wj.png"}, {"id": "g1411_czv66tu", "comment": "[(The)Emperor Squirrel](http://i.imgur.com/GZqZU8V.jpg?1)", "date": "2016-02-10 15:32:54", "seriesname": "g1411_czv66tu", "file": "/media/jbrogan4/scratch2/Reddit_Prov_Dataset_v6/_These_squirrels_fighting/g1411_czv66tu.jpg", "URL": "http://i.imgur.com/GZqZU8V.jpg?1", "fileid": "g1411_czv66tu.jpg"}, {"id": "g1411_czuu28i", "comment": "[obligatory](http://i.imgur.com/E4RVpFV.jpg)", "date": "2016-02-10 10:51:20", "seriesname": "g1411_czuu28i", "file": "/media/jbrogan4/scratch2/Reddit_Prov_Dataset_v6/_These_squirrels_fighting/g1411_czuu28i.jpg", "URL": "http://i.imgur.com/E4RVpFV.jpg", "fileid": "g1411_czuu28i.jpg"}, {"id": "g1411_czv4am6", "comment": "[Nutallica](http://imgur.com/85CFiBR)", "date": "2016-02-10 14:49:45", "seriesname": "g1411_czv4am6", "file": "/media/jbrogan4/scratch2/Reddit_Prov_Dataset_v6/_These_squirrels_fighting/g1411_czv4am6.png", "URL": "http://i.imgur.com/85CFiBR.png", "fileid": "g1411_czv4am6.png"}, {"id": "g1411_czvgq1k", "comment": "[This should do it.](https://i.imgur.com/3782Kep.png)", "date": "2016-02-10 19:55:01", "seriesname": "g1411_czvgq1k", "file": "/media/jbrogan4/scratch2/Reddit_Prov_Dataset_v6/_These_squirrels_fighting/g1411_czvgq1k.png", "URL": "https://i.imgur.com/3782Kep.png", "fileid": "g1411_czvgq1k.png"}, {"id": "g1411_czuzdgh", "comment": "[Imgur](http://i.imgur.com/hXy9zLS.jpg)", "date": "2016-02-10 12:57:16", "seriesname": "g1411_czuzdgh", "file": "/media/jbrogan4/scratch2/Reddit_Prov_Dataset_v6/_These_squirrels_fighting/g1411_czuzdgh.jpg", "URL": "http://i.imgur.com/hXy9zLS.jpg", "fileid": "g1411_czuzdgh.jpg"}, {"id": "g1411_czuw04h", "comment": "[Uh oh...](http://i.imgur.com/DyHVfYJ.png)\n\nEDIT: [Number 2](http://i.imgur.com/TQqmOZB.jpg)", "date": "2016-02-10 11:39:07", "seriesname": "g1411_czuw04h", "file": "/media/jbrogan4/scratch2/Reddit_Prov_Dataset_v6/_These_squirrels_fighting/g1411_czuw04h.jpg", "URL": "http://i.imgur.com/TQqmOZB.jpg", "fileid": "g1411_czuw04h.jpg"}, {"id": "g1411_czvbc67", "comment": "star wars squirrels \n\nhttp://imgur.com/UPWHCHs", "date": "2016-02-10 17:31:15", "seriesname": "g1411_czvbc67", "file": "/media/jbrogan4/scratch2/Reddit_Prov_Dataset_v6/_These_squirrels_fighting/g1411_czvbc67.png", "URL": "http://i.imgur.com/UPWHCHs.png", "fileid": "g1411_czvbc67.png"}, {"id": "g1411_czuy5cf", "comment": "[Family game night](http://i.imgur.com/2CVx6wx.jpg)\n\nEDIT: Cleaned it up a bit", "date": "2016-02-10 12:29:24", "seriesname": "g1411_czuy5cf", "file": "/media/jbrogan4/scratch2/Reddit_Prov_Dataset_v6/_These_squirrels_fighting/g1411_czuy5cf.jpg", "URL": "http://i.imgur.com/2CVx6wx.jpg", "fileid": "g1411_czuy5cf.jpg"}, {"id": "g1411_czvh3cp", "comment": "When I thought of two squirrels fighting, world star came to mind.\nhttp://imgur.com/hlTIlTz", "date": "2016-02-10 20:05:09", "seriesname": "g1411_czvh3cp", "file": "/media/jbrogan4/scratch2/Reddit_Prov_Dataset_v6/_These_squirrels_fighting/g1411_czvh3cp.png", "URL": "http://i.imgur.com/hlTIlTz.png", "fileid": "g1411_czvh3cp.png"}, {"id": "g1411_czvp9dz", "comment": "\nThat's not a fight, that's [Squirrel Jam](http://i.imgur.com/D0Asovt.jpg)", "date": "2016-02-11 00:01:02", "seriesname": "g1411_czvp9dz", "file": "/media/jbrogan4/scratch2/Reddit_Prov_Dataset_v6/_These_squirrels_fighting/g1411_czvp9dz.jpg", "URL": "http://i.imgur.com/D0Asovt.jpg", "fileid": "g1411_czvp9dz.jpg"}, {"id": "g1411_czvl6no", "comment": "[SQUIRRELZILLA](http://i.imgur.com/7B9k4ls.jpg)", "date": "2016-02-10 21:58:05", "seriesname": "g1411_czvl6no", "file": "/media/jbrogan4/scratch2/Reddit_Prov_Dataset_v6/_These_squirrels_fighting/g1411_czvl6no.jpg", "URL": "http://i.imgur.com/7B9k4ls.jpg", "fileid": "g1411_czvl6no.jpg"}, {"id": "g1411_root", "comment": "", "date": "2016-02-10 08:56:02", "seriesname": "g1411_root", "file": "/media/jbrogan4/scratch2/Reddit_Prov_Dataset_v6/_These_squirrels_fighting/g1411_root.jpg", "URL": "http://i.imgur.com/ULjaXF8.jpg", "fileid": "g1411_root.jpg"}, {"id": "g1411_czuwk3u", "comment": "[Squirrel of Rock](http://i.imgur.com/I3ZmWDk.jpg)", "date": "2016-02-10 11:52:01", "seriesname": "g1411_czuwk3u", "file": "/media/jbrogan4/scratch2/Reddit_Prov_Dataset_v6/_These_squirrels_fighting/g1411_czuwk3u.jpg", "URL": "http://i.imgur.com/I3ZmWDk.jpg", "fileid": "g1411_czuwk3u.jpg"}, {"id": "g1411_czuwhvv", "comment": "[Naked Thor without his hammer](http://i.imgur.com/TY5fQzd.png)", "date": "2016-02-10 11:50:39", "seriesname": "g1411_czuwhvv", "file": "/media/jbrogan4/scratch2/Reddit_Prov_Dataset_v6/_These_squirrels_fighting/g1411_czuwhvv.png", "URL": "http://i.imgur.com/TY5fQzd.png", "fileid": "g1411_czuwhvv.png"}, {"id": "g1411_czuwywn", "comment": "[Squilzilla Attacks](http://i.imgur.com/OFJFGj0.jpg)", "date": "2016-02-10 12:01:39", "seriesname": "g1411_czuwywn", "file": "/media/jbrogan4/scratch2/Reddit_Prov_Dataset_v6/_These_squirrels_fighting/g1411_czuwywn.jpg", "URL": "http://i.imgur.com/OFJFGj0.jpg", "fileid": "g1411_czuwywn.jpg"}, {"id": "g1411_czuzaag", "comment": "[Lightsaber duel](http://imgur.com/RWTwhZc.jpg)", "date": "2016-02-10 12:55:18", "seriesname": "g1411_czuzaag", "file": "/media/jbrogan4/scratch2/Reddit_Prov_Dataset_v6/_These_squirrels_fighting/g1411_czuzaag.jpg", "URL": "http://imgur.com/RWTwhZc.jpg", "fileid": "g1411_czuzaag.jpg"}, {"id": "g1411_czv1upc", "comment": "[Sorry, I disappointed you](http://i.imgur.com/p1Ej4Zn.jpg)", "date": "2016-02-10 13:53:31", "seriesname": "g1411_czv1upc", "file": "/media/jbrogan4/scratch2/Reddit_Prov_Dataset_v6/_These_squirrels_fighting/g1411_czv1upc.jpg", "URL": "http://i.imgur.com/p1Ej4Zn.jpg", "fileid": "g1411_czv1upc.jpg"}, {"id": "g1411_czvgs2x", "comment": "[Squeakuel in a squeakuel](http://i.imgur.com/IZTuAF0.png)", "date": "2016-02-10 19:56:36", "seriesname": "g1411_czvgs2x", "file": "/media/jbrogan4/scratch2/Reddit_Prov_Dataset_v6/_These_squirrels_fighting/g1411_czvgs2x.png", "URL": "http://i.imgur.com/IZTuAF0.png", "fileid": "g1411_czvgs2x.png"}, {"id": "g1411_czvlhpq", "comment": "[My lazy attempt to squirrel kaiju](http://i.imgur.com/dm5TmlU.jpg)", "date": "2016-02-10 22:06:45", "seriesname": "g1411_czvlhpq", "file": "/media/jbrogan4/scratch2/Reddit_Prov_Dataset_v6/_These_squirrels_fighting/g1411_czvlhpq.jpg", "URL": "http://i.imgur.com/dm5TmlU.jpg", "fileid": "g1411_czvlhpq.jpg"}, {"id": "g1411_czvg55p", "comment": "[The battle begins...](http://i.imgur.com/nbPQ4xy.jpg)\n\nEdit: minor corrections. ;)", "date": "2016-02-10 19:39:05", "seriesname": "g1411_czvg55p", "file": "/media/jbrogan4/scratch2/Reddit_Prov_Dataset_v6/_These_squirrels_fighting/g1411_czvg55p.jpg", "URL": "http://i.imgur.com/nbPQ4xy.jpg", "fileid": "g1411_czvg55p.jpg"}, {"id": "g1411_czvnlqo", "comment": "Have you no respect for [Lucas' original vision for the movie?](http://i.imgur.com/67CMXLD.jpg)", "date": "2016-02-10 23:07:41", "seriesname": "g1411_czvnlqo", "file": "/media/jbrogan4/scratch2/Reddit_Prov_Dataset_v6/_These_squirrels_fighting/g1411_czvnlqo.jpg", "URL": "http://i.imgur.com/67CMXLD.jpg", "fileid": "g1411_czvnlqo.jpg"}, {"id": "g1411_czuukxy", "comment": "[I tried it](http://imgur.com/bxYVm9G)", "date": "2016-02-10 11:04:23", "seriesname": "g1411_czuukxy", "file": "/media/jbrogan4/scratch2/Reddit_Prov_Dataset_v6/_These_squirrels_fighting/g1411_czuukxy.png", "URL": "http://i.imgur.com/bxYVm9G.png", "fileid": "g1411_czuukxy.png"}, {"id": "g1411_czuym6t", "comment": "[Squirrels rap battle](http://i.imgur.com/l6oEotd.jpg)", "date": "2016-02-10 12:40:12", "seriesname": "g1411_czuym6t", "file": "/media/jbrogan4/scratch2/Reddit_Prov_Dataset_v6/_These_squirrels_fighting/g1411_czuym6t.jpg", "URL": "http://i.imgur.com/l6oEotd.jpg", "fileid": "g1411_czuym6t.jpg"}, {"id": "g1411_czuu47b", "comment": "[NSFW] [Damn son](http://i.imgur.com/8zSPmK5.png)", "date": "2016-02-10 10:52:42", "seriesname": "g1411_czuu47b", "file": "/media/jbrogan4/scratch2/Reddit_Prov_Dataset_v6/_These_squirrels_fighting/g1411_czuu47b.png", "URL": "http://i.imgur.com/8zSPmK5.png", "fileid": "g1411_czuu47b.png"}, {"id": "g1411_czv31i8", "comment": "[Di-... did someone say somethin' about a certain plurality of rodents?](http://i.imgur.com/q8Q9yGr.jpg)", "date": "2016-02-10 14:20:46", "seriesname": "g1411_czv31i8", "file": "/media/jbrogan4/scratch2/Reddit_Prov_Dataset_v6/_These_squirrels_fighting/g1411_czv31i8.jpg", "URL": "http://i.imgur.com/q8Q9yGr.jpg", "fileid": "g1411_czv31i8.jpg"}, {"id": "g1411_czux622", "comment": "[fellow squirrels](http://i.imgur.com/4DH9sWP.jpg)", "date": "2016-02-10 12:06:28", "seriesname": "g1411_czux622", "file": "/media/jbrogan4/scratch2/Reddit_Prov_Dataset_v6/_These_squirrels_fighting/g1411_czux622.jpg", "URL": "http://i.imgur.com/4DH9sWP.jpg", "fileid": "g1411_czux622.jpg"}, {"id": "g1411_czuv0y1", "comment": "[Prank goes wrong! You won't believe what happens next!](http://i.imgur.com/Aw0QKIH.jpg)", "date": "2016-02-10 11:15:27", "seriesname": "g1411_czuv0y1", "file": "/media/jbrogan4/scratch2/Reddit_Prov_Dataset_v6/_These_squirrels_fighting/g1411_czuv0y1.jpg", "URL": "http://i.imgur.com/Aw0QKIH.jpg", "fileid": "g1411_czuv0y1.jpg"}, {"id": "g1411_czuzmq7", "comment": "Thats weird man.\n\nHere is the imgur mirror:\n\nhttp://i.imgur.com/152vD66.png\n\nI usually post my stuff on devianart not to be pretentious but because imgur blurs it somewhat.\n\n", "date": "2016-02-10 13:03:04", "seriesname": "g1411_czuzmq7", "file": "/media/jbrogan4/scratch2/Reddit_Prov_Dataset_v6/_These_squirrels_fighting/g1411_czuzmq7.png", "URL": "http://i.imgur.com/152vD66.png", "fileid": "g1411_czuzmq7.png"}, {"id": "g1411_czutro2", "comment": "[Im Going to Hell for this] (http://orig04.deviantart.net/f9f8/f/2016/041/3/3/cyclosquirel_by_zappian-d9r8qms.jpg)\n\n[Putin Squirel ](http://i.imgur.com/q9ofFfG.jpg)", "date": "2016-02-10 10:44:04", "seriesname": "g1411_czutro2", "file": "/media/jbrogan4/scratch2/Reddit_Prov_Dataset_v6/_These_squirrels_fighting/g1411_czutro2.jpg", "URL": "http://i.imgur.com/q9ofFfG.jpg", "fileid": "g1411_czutro2.jpg"}, {"id": "g1411_czuwp2j", "comment": "[Ardilla del canto (singing squirrel)](http://i.imgur.com/ZTUyRSo.jpg)", "date": "2016-02-10 11:55:17", "seriesname": "g1411_czuwp2j", "file": "/media/jbrogan4/scratch2/Reddit_Prov_Dataset_v6/_These_squirrels_fighting/g1411_czuwp2j.jpg", "URL": "http://i.imgur.com/ZTUyRSo.jpg", "fileid": "g1411_czuwp2j.jpg"}, {"id": "g1411_czuzlvl", "comment": "[Vampire Squirrel](http://imgur.com/x51pWeI)", "date": "2016-02-10 13:02:32", "seriesname": "g1411_czuzlvl", "file": "/media/jbrogan4/scratch2/Reddit_Prov_Dataset_v6/_These_squirrels_fighting/g1411_czuzlvl.png", "URL": "http://i.imgur.com/x51pWeI.png", "fileid": "g1411_czuzlvl.png"}, {"id": "g1411_czuvuxq", "comment": "[:(](http://i.imgur.com/kCBjRgt.jpg)", "date": "2016-02-10 11:35:46", "seriesname": "g1411_czuvuxq", "file": "/media/jbrogan4/scratch2/Reddit_Prov_Dataset_v6/_These_squirrels_fighting/g1411_czuvuxq.jpg", "URL": "http://i.imgur.com/kCBjRgt.jpg", "fileid": "g1411_czuvuxq.jpg"}, {"id": "g1411_czvufx5", "comment": "[Ha! I pee in your face!](http://i.imgur.com/ZQBndC3.jpg)", "date": "2016-02-11 04:13:31", "seriesname": "g1411_czvufx5", "file": "/media/jbrogan4/scratch2/Reddit_Prov_Dataset_v6/_These_squirrels_fighting/g1411_czvufx5.jpg", "URL": "http://i.imgur.com/ZQBndC3.jpg", "fileid": "g1411_czvufx5.jpg"}, {"id": "g1411_czvrbco", "comment": "[Flipping the Table!](http://i.imgur.com/3m07uiM.jpg)", "date": "2016-02-11 01:19:04", "seriesname": "g1411_czvrbco", "file": "/media/jbrogan4/scratch2/Reddit_Prov_Dataset_v6/_These_squirrels_fighting/g1411_czvrbco.jpg", "URL": "http://i.imgur.com/3m07uiM.jpg", "fileid": "g1411_czvrbco.jpg"}, {"id": "g1411_czutc8w", "comment": "[wtf](http://imgur.com/znuUdYn)", "date": "2016-02-10 10:33:12", "seriesname": "g1411_czutc8w", "file": "/media/jbrogan4/scratch2/Reddit_Prov_Dataset_v6/_These_squirrels_fighting/g1411_czutc8w.png", "URL": "http://i.imgur.com/znuUdYn.png", "fileid": "g1411_czutc8w.png"}, {"id": "g1411_czuwgik", "comment": "[Godzilla](http://i.imgur.com/jNXTM1I.jpg)", "date": "2016-02-10 11:49:45", "seriesname": "g1411_czuwgik", "file": "/media/jbrogan4/scratch2/Reddit_Prov_Dataset_v6/_These_squirrels_fighting/g1411_czuwgik.jpg", "URL": "http://i.imgur.com/jNXTM1I.jpg", "fileid": "g1411_czuwgik.jpg"}, {"id": "g1411_czv3y7a", "comment": "[Those nut-cases](http://i.imgur.com/2fwn2iv.png).", "date": "2016-02-10 14:41:52", "seriesname": "g1411_czv3y7a", "file": "/media/jbrogan4/scratch2/Reddit_Prov_Dataset_v6/_These_squirrels_fighting/g1411_czv3y7a.jpg", "URL": "http://i.imgur.com/2fwn2iv.png).", "fileid": "g1411_czv3y7a."}, {"id": "g1411_czv36j0", "comment": "Magic trick gone wrong http://imgur.com/03Wcr3X", "date": "2016-02-10 14:24:06", "seriesname": "g1411_czv36j0", "file": "/media/jbrogan4/scratch2/Reddit_Prov_Dataset_v6/_These_squirrels_fighting/g1411_czv36j0.png", "URL": "http://i.imgur.com/03Wcr3X.png", "fileid": "g1411_czv36j0.png"}], "graph": {"name": "g1411_root"}, "directed": true}