{"links": [{"op": "none", "target": 0, "source": 46}, {"op": "none", "target": 1, "source": 46}, {"op": "none", "target": 2, "source": 46}, {"op": "none", "target": 3, "source": 46}, {"op": "none", "target": 4, "source": 25}, {"op": "none", "target": 5, "source": 46}, {"op": "none", "target": 6, "source": 46}, {"op": "none", "target": 7, "source": 37}, {"op": "none", "target": 8, "source": 31}, {"op": "none", "target": 9, "source": 50}, {"op": "none", "target": 10, "source": 46}, {"op": "none", "target": 11, "source": 46}, {"op": "none", "target": 12, "source": 46}, {"op": "none", "target": 13, "source": 46}, {"op": "none", "target": 14, "source": 46}, {"op": "none", "target": 15, "source": 46}, {"op": "none", "target": 16, "source": 46}, {"op": "none", "target": 17, "source": 46}, {"op": "none", "target": 18, "source": 46}, {"op": "none", "target": 19, "source": 46}, {"op": "none", "target": 20, "source": 46}, {"op": "none", "target": 21, "source": 46}, {"op": "none", "target": 22, "source": 26}, {"op": "none", "target": 23, "source": 46}, {"op": "none", "target": 24, "source": 46}, {"op": "none", "target": 25, "source": 46}, {"op": "none", "target": 26, "source": 46}, {"op": "none", "target": 27, "source": 46}, {"op": "none", "target": 28, "source": 46}, {"op": "none", "target": 29, "source": 46}, {"op": "none", "target": 30, "source": 46}, {"op": "none", "target": 31, "source": 46}, {"op": "none", "target": 32, "source": 46}, {"op": "none", "target": 33, "source": 47}, {"op": "none", "target": 34, "source": 39}, {"op": "none", "target": 35, "source": 46}, {"op": "none", "target": 36, "source": 46}, {"op": "none", "target": 37, "source": 46}, {"op": "none", "target": 38, "source": 46}, {"op": "none", "target": 39, "source": 46}, {"op": "none", "target": 40, "source": 46}, {"op": "none", "target": 41, "source": 46}, {"op": "none", "target": 42, "source": 46}, {"op": "none", "target": 43, "source": 46}, {"op": "none", "target": 44, "source": 18}, {"op": "none", "target": 45, "source": 23}, {"op": "none", "target": 47, "source": 46}, {"op": "none", "target": 48, "source": 46}, {"op": "none", "target": 49, "source": 46}, {"op": "none", "target": 50, "source": 39}, {"op": "none", "target": 51, "source": 46}, {"op": "none", "target": 52, "source": 46}, {"op": "none", "target": 53, "source": 19}, {"op": "none", "target": 54, "source": 46}, {"op": "none", "target": 55, "source": 46}], "title": "_Sheep_Selfie_(x-post_from__r_aww)", "nodes": [{"id": "g1416_ctsrjvv", "comment": "my first submission, used gimp\n\nSheep at Magic The Gathering Convention\nhttp://imgur.com/X8zUBQB", "date": "2015-08-05 16:46:32", "seriesname": "g1416_ctsrjvv", "file": "/media/jbrogan4/scratch2/Reddit_Prov_Dataset_v6/_Sheep_Selfie_(x-post_from__r_aww)/g1416_ctsrjvv.png", "URL": "http://i.imgur.com/X8zUBQB.png", "fileid": "g1416_ctsrjvv.png"}, {"id": "g1416_ctsm3yx", "comment": "[BA](http://i.imgur.com/IF85mtV.png)", "date": "2015-08-05 14:41:36", "seriesname": "g1416_ctsm3yx", "file": "/media/jbrogan4/scratch2/Reddit_Prov_Dataset_v6/_Sheep_Selfie_(x-post_from__r_aww)/g1416_ctsm3yx.png", "URL": "http://i.imgur.com/IF85mtV.png", "fileid": "g1416_ctsm3yx.png"}, {"id": "g1416_ctt01lf", "comment": "http://i.imgur.com/yNhuHn8.jpg", "date": "2015-08-05 20:18:47", "seriesname": "g1416_ctt01lf", "file": "/media/jbrogan4/scratch2/Reddit_Prov_Dataset_v6/_Sheep_Selfie_(x-post_from__r_aww)/g1416_ctt01lf.jpg", "URL": "http://i.imgur.com/yNhuHn8.jpg", "fileid": "g1416_ctt01lf.jpg"}, {"id": "g1416_ctt77y1", "comment": "Silence of the Bahhh !\nhttp://i.imgur.com/xNRjdPL.jpg", "date": "2015-08-05 23:46:05", "seriesname": "g1416_ctt77y1", "file": "/media/jbrogan4/scratch2/Reddit_Prov_Dataset_v6/_Sheep_Selfie_(x-post_from__r_aww)/g1416_ctt77y1.jpg", "URL": "http://i.imgur.com/xNRjdPL.jpg", "fileid": "g1416_ctt77y1.jpg"}, {"id": "g1416_ctssl36", "comment": "[Give credit where credit is due.](http://i.imgur.com/dWetkVR.jpg)", "date": "2015-08-05 17:09:47", "seriesname": "g1416_ctssl36", "file": "/media/jbrogan4/scratch2/Reddit_Prov_Dataset_v6/_Sheep_Selfie_(x-post_from__r_aww)/g1416_ctssl36.jpg", "URL": "http://i.imgur.com/dWetkVR.jpg", "fileid": "g1416_ctssl36.jpg"}, {"id": "g1416_cttdztm", "comment": "[Sheep Launcher!](http://i.imgur.com/VmzMKF3.jpg)", "date": "2015-08-06 05:19:46", "seriesname": "g1416_cttdztm", "file": "/media/jbrogan4/scratch2/Reddit_Prov_Dataset_v6/_Sheep_Selfie_(x-post_from__r_aww)/g1416_cttdztm.jpg", "URL": "http://i.imgur.com/VmzMKF3.jpg", "fileid": "g1416_cttdztm.jpg"}, {"id": "g1416_ctt0w9t", "comment": "[Photobomb Scares Reporter](http://www.imgur.com/a/mfPoo)", "date": "2015-08-05 20:42:03", "seriesname": "g1416_ctt0w9t", "file": "/media/jbrogan4/scratch2/Reddit_Prov_Dataset_v6/_Sheep_Selfie_(x-post_from__r_aww)/g1416_ctt0w9t.png", "URL": "http://i.imgur.com/mfPoo.png", "fileid": "g1416_ctt0w9t.png"}, {"id": "g1416_cttce9p", "comment": "[Now you can do just that, I won't let your dreams be dreams.](http://i.imgur.com/Y91bSfI.jpg)", "date": "2015-08-06 03:33:26", "seriesname": "g1416_cttce9p", "file": "/media/jbrogan4/scratch2/Reddit_Prov_Dataset_v6/_Sheep_Selfie_(x-post_from__r_aww)/g1416_cttce9p.jpg", "URL": "http://i.imgur.com/Y91bSfI.jpg", "fileid": "g1416_cttce9p.jpg"}, {"id": "g1416_ctt0pbf", "comment": "Nope, look a little further\nhttp://imgur.com/GtBksoR\n", "date": "2015-08-05 20:36:49", "seriesname": "g1416_ctt0pbf", "file": "/media/jbrogan4/scratch2/Reddit_Prov_Dataset_v6/_Sheep_Selfie_(x-post_from__r_aww)/g1416_ctt0pbf.png", "URL": "http://i.imgur.com/GtBksoR.png", "fileid": "g1416_ctt0pbf.png"}, {"id": "g1416_ctsm8rn", "comment": "http://i.imgur.com/8pAC6Rn.jpg", "date": "2015-08-05 14:44:47", "seriesname": "g1416_ctsm8rn", "file": "/media/jbrogan4/scratch2/Reddit_Prov_Dataset_v6/_Sheep_Selfie_(x-post_from__r_aww)/g1416_ctsm8rn.jpg", "URL": "http://i.imgur.com/8pAC6Rn.jpg", "fileid": "g1416_ctsm8rn.jpg"}, {"id": "g1416_ctsr1s0", "comment": "[unlikely animal best friends](http://i.imgur.com/zvfYwMd.jpg)", "date": "2015-08-05 16:35:34", "seriesname": "g1416_ctsr1s0", "file": "/media/jbrogan4/scratch2/Reddit_Prov_Dataset_v6/_Sheep_Selfie_(x-post_from__r_aww)/g1416_ctsr1s0.jpg", "URL": "http://i.imgur.com/zvfYwMd.jpg", "fileid": "g1416_ctsr1s0.jpg"}, {"id": "g1416_ctsnak8", "comment": "[It's just a ewe-phemeism, really.](http://i.imgur.com/5q8iAjm.jpg) Maybe the follow up album will be the Wool Tang Clan.", "date": "2015-08-05 15:09:19", "seriesname": "g1416_ctsnak8", "file": "/media/jbrogan4/scratch2/Reddit_Prov_Dataset_v6/_Sheep_Selfie_(x-post_from__r_aww)/g1416_ctsnak8.jpg", "URL": "http://i.imgur.com/5q8iAjm.jpg", "fileid": "g1416_ctsnak8.jpg"}, {"id": "g1416_ctsl8ot", "comment": "My [second gif](http://i.imgur.com/97XA64M.gif)", "date": "2015-08-05 14:21:34", "seriesname": "g1416_ctsl8ot", "file": "/media/jbrogan4/scratch2/Reddit_Prov_Dataset_v6/_Sheep_Selfie_(x-post_from__r_aww)/g1416_ctsl8ot.jpg", "URL": "http://i.imgur.com/97XA64M.gif", "fileid": "g1416_ctsl8ot.gif"}, {"id": "g1416_ctu6ain", "comment": "Sorry Zero\nhttp://imgur.com/6KOKKHr", "date": "2015-08-06 19:07:31", "seriesname": "g1416_ctu6ain", "file": "/media/jbrogan4/scratch2/Reddit_Prov_Dataset_v6/_Sheep_Selfie_(x-post_from__r_aww)/g1416_ctu6ain.png", "URL": "http://i.imgur.com/6KOKKHr.png", "fileid": "g1416_ctu6ain.png"}, {"id": "g1416_ctt46k6", "comment": "fixed http://i.imgur.com/ItlNIEk.png", "date": "2015-08-05 22:13:10", "seriesname": "g1416_ctt46k6", "file": "/media/jbrogan4/scratch2/Reddit_Prov_Dataset_v6/_Sheep_Selfie_(x-post_from__r_aww)/g1416_ctt46k6.png", "URL": "http://i.imgur.com/ItlNIEk.png", "fileid": "g1416_ctt46k6.png"}, {"id": "g1416_ctsufrr", "comment": "[Here's Johnny](http://i.imgur.com/2aS7Pem.jpg)", "date": "2015-08-05 17:53:22", "seriesname": "g1416_ctsufrr", "file": "/media/jbrogan4/scratch2/Reddit_Prov_Dataset_v6/_Sheep_Selfie_(x-post_from__r_aww)/g1416_ctsufrr.jpg", "URL": "http://i.imgur.com/2aS7Pem.jpg", "fileid": "g1416_ctsufrr.jpg"}, {"id": "g1416_ctsfqy6", "comment": "The worst invention ever.\n\nhttp://i.imgur.com/8l2guWP.jpg", "date": "2015-08-05 12:13:37", "seriesname": "g1416_ctsfqy6", "file": "/media/jbrogan4/scratch2/Reddit_Prov_Dataset_v6/_Sheep_Selfie_(x-post_from__r_aww)/g1416_ctsfqy6.jpg", "URL": "http://i.imgur.com/8l2guWP.jpg", "fileid": "g1416_ctsfqy6.jpg"}, {"id": "g1416_ctsl4iv", "comment": "[Oh, ewe!](http://imgur.com/hoBYlPZ)", "date": "2015-08-05 14:18:56", "seriesname": "g1416_ctsl4iv", "file": "/media/jbrogan4/scratch2/Reddit_Prov_Dataset_v6/_Sheep_Selfie_(x-post_from__r_aww)/g1416_ctsl4iv.png", "URL": "http://i.imgur.com/hoBYlPZ.png", "fileid": "g1416_ctsl4iv.png"}, {"id": "g1416_ctsolnk", "comment": "[Dr. Dre was actually a vet](http://i.imgur.com/qvZABO9.jpg)", "date": "2015-08-05 15:39:19", "seriesname": "g1416_ctsolnk", "file": "/media/jbrogan4/scratch2/Reddit_Prov_Dataset_v6/_Sheep_Selfie_(x-post_from__r_aww)/g1416_ctsolnk.jpg", "URL": "http://i.imgur.com/qvZABO9.jpg", "fileid": "g1416_ctsolnk.jpg"}, {"id": "g1416_ctsmk87", "comment": "[Richmond Sheepstyle](http://i.imgur.com/W09vm0R.jpg)", "date": "2015-08-05 14:52:15", "seriesname": "g1416_ctsmk87", "file": "/media/jbrogan4/scratch2/Reddit_Prov_Dataset_v6/_Sheep_Selfie_(x-post_from__r_aww)/g1416_ctsmk87.jpg", "URL": "http://i.imgur.com/W09vm0R.jpg", "fileid": "g1416_ctsmk87.jpg"}, {"id": "g1416_ctsvagq", "comment": "[2015 Selfie](http://i.imgur.com/TnjcbEp.png)\n", "date": "2015-08-05 18:14:40", "seriesname": "g1416_ctsvagq", "file": "/media/jbrogan4/scratch2/Reddit_Prov_Dataset_v6/_Sheep_Selfie_(x-post_from__r_aww)/g1416_ctsvagq.png", "URL": "http://i.imgur.com/TnjcbEp.png", "fileid": "g1416_ctsvagq.png"}, {"id": "g1416_ctt6z0z", "comment": "[Come on guys, stop playing around!](http://imgur.com/zcVWOXE)", "date": "2015-08-05 23:37:56", "seriesname": "g1416_ctt6z0z", "file": "/media/jbrogan4/scratch2/Reddit_Prov_Dataset_v6/_Sheep_Selfie_(x-post_from__r_aww)/g1416_ctt6z0z.png", "URL": "http://i.imgur.com/zcVWOXE.png", "fileid": "g1416_ctt6z0z.png"}, {"id": "g1416_cttsrb6", "comment": "[source](https://i.imgur.com/tQdxm99.jpg)", "date": "2015-08-06 13:40:15", "seriesname": "g1416_cttsrb6", "file": "/media/jbrogan4/scratch2/Reddit_Prov_Dataset_v6/_Sheep_Selfie_(x-post_from__r_aww)/g1416_cttsrb6.jpg", "URL": "https://i.imgur.com/tQdxm99.jpg", "fileid": "g1416_cttsrb6.jpg"}, {"id": "g1416_ctsi9yb", "comment": "pho\u00b7to\u00b7bomb\n\u02c8f\u014dd\u014d\u02ccb\u00e4m/\n\ninformal\n\nverb\n\n1. spoil a photograph of (a person or thing) by [unexpectedly appearing](http://i.imgur.com/KcVnMg9.jpg) in the camera's field of view as the picture is taken, typically as a prank or practical joke.", "date": "2015-08-05 13:13:59", "seriesname": "g1416_ctsi9yb", "file": "/media/jbrogan4/scratch2/Reddit_Prov_Dataset_v6/_Sheep_Selfie_(x-post_from__r_aww)/g1416_ctsi9yb.jpg", "URL": "http://i.imgur.com/KcVnMg9.jpg", "fileid": "g1416_ctsi9yb.jpg"}, {"id": "g1416_cttal0v", "comment": "[Bill Fuckin' Mmmehurray](http://imgur.com/CSHoAh7)", "date": "2015-08-06 01:56:52", "seriesname": "g1416_cttal0v", "file": "/media/jbrogan4/scratch2/Reddit_Prov_Dataset_v6/_Sheep_Selfie_(x-post_from__r_aww)/g1416_cttal0v.png", "URL": "http://i.imgur.com/CSHoAh7.png", "fileid": "g1416_cttal0v.png"}, {"id": "g1416_ctsno8y", "comment": "Extra credit! https://imgur.com/vSvvIRl", "date": "2015-08-05 15:18:01", "seriesname": "g1416_ctsno8y", "file": "/media/jbrogan4/scratch2/Reddit_Prov_Dataset_v6/_Sheep_Selfie_(x-post_from__r_aww)/g1416_ctsno8y.png", "URL": "http://i.imgur.com/vSvvIRl.png", "fileid": "g1416_ctsno8y.png"}, {"id": "g1416_ctsg7sl", "comment": "Not today \n\nhttp://i.imgur.com/sa5rJ5P.jpg", "date": "2015-08-05 12:24:57", "seriesname": "g1416_ctsg7sl", "file": "/media/jbrogan4/scratch2/Reddit_Prov_Dataset_v6/_Sheep_Selfie_(x-post_from__r_aww)/g1416_ctsg7sl.jpg", "URL": "http://i.imgur.com/sa5rJ5P.jpg", "fileid": "g1416_ctsg7sl.jpg"}, {"id": "g1416_ctstcsh", "comment": "[One giant leap for sheepkind](http://i.imgur.com/10AD2W4.jpg)", "date": "2015-08-05 17:27:45", "seriesname": "g1416_ctstcsh", "file": "/media/jbrogan4/scratch2/Reddit_Prov_Dataset_v6/_Sheep_Selfie_(x-post_from__r_aww)/g1416_ctstcsh.jpg", "URL": "http://i.imgur.com/10AD2W4.jpg", "fileid": "g1416_ctstcsh.jpg"}, {"id": "g1416_ctshj6q", "comment": "[Quack](http://i.imgur.com/kX0CpZq.png)", "date": "2015-08-05 12:56:19", "seriesname": "g1416_ctshj6q", "file": "/media/jbrogan4/scratch2/Reddit_Prov_Dataset_v6/_Sheep_Selfie_(x-post_from__r_aww)/g1416_ctshj6q.png", "URL": "http://i.imgur.com/kX0CpZq.png", "fileid": "g1416_ctshj6q.png"}, {"id": "g1416_ctsis4y", "comment": "http://i.imgur.com/c0Q0gVs.jpg", "date": "2015-08-05 13:25:49", "seriesname": "g1416_ctsis4y", "file": "/media/jbrogan4/scratch2/Reddit_Prov_Dataset_v6/_Sheep_Selfie_(x-post_from__r_aww)/g1416_ctsis4y.jpg", "URL": "http://i.imgur.com/c0Q0gVs.jpg", "fileid": "g1416_ctsis4y.jpg"}, {"id": "g1416_ctsopkg", "comment": "http://i.imgur.com/R9SiV92.png", "date": "2015-08-05 15:41:50", "seriesname": "g1416_ctsopkg", "file": "/media/jbrogan4/scratch2/Reddit_Prov_Dataset_v6/_Sheep_Selfie_(x-post_from__r_aww)/g1416_ctsopkg.png", "URL": "http://i.imgur.com/R9SiV92.png", "fileid": "g1416_ctsopkg.png"}, {"id": "g1416_ctsjpw4", "comment": "[It was just a disguise](http://i.imgur.com/XJPk7HN.jpg)", "date": "2015-08-05 13:47:08", "seriesname": "g1416_ctsjpw4", "file": "/media/jbrogan4/scratch2/Reddit_Prov_Dataset_v6/_Sheep_Selfie_(x-post_from__r_aww)/g1416_ctsjpw4.jpg", "URL": "http://i.imgur.com/XJPk7HN.jpg", "fileid": "g1416_ctsjpw4.jpg"}, {"id": "g1416_ctt1czw", "comment": "[I'm Here In My Garage](http://i.imgur.com/lK6bngx.jpg)", "date": "2015-08-05 20:54:43", "seriesname": "g1416_ctt1czw", "file": "/media/jbrogan4/scratch2/Reddit_Prov_Dataset_v6/_Sheep_Selfie_(x-post_from__r_aww)/g1416_ctt1czw.jpg", "URL": "http://i.imgur.com/lK6bngx.jpg", "fileid": "g1416_ctt1czw.jpg"}, {"id": "g1416_ctsyzmb", "comment": "The number of upvotes was just too perfect:\n\nhttp://imgur.com/sX2kWSj", "date": "2015-08-05 19:50:34", "seriesname": "g1416_ctsyzmb", "file": "/media/jbrogan4/scratch2/Reddit_Prov_Dataset_v6/_Sheep_Selfie_(x-post_from__r_aww)/g1416_ctsyzmb.png", "URL": "http://i.imgur.com/sX2kWSj.png", "fileid": "g1416_ctsyzmb.png"}, {"id": "g1416_ctsjhjj", "comment": "http://i.imgur.com/fWIB2w2.png", "date": "2015-08-05 13:41:50", "seriesname": "g1416_ctsjhjj", "file": "/media/jbrogan4/scratch2/Reddit_Prov_Dataset_v6/_Sheep_Selfie_(x-post_from__r_aww)/g1416_ctsjhjj.png", "URL": "http://i.imgur.com/fWIB2w2.png", "fileid": "g1416_ctsjhjj.png"}, {"id": "g1416_ctsi3gv", "comment": "[This sheep is pure evil...](http://i.imgur.com/v5Ehyoy.jpg)", "date": "2015-08-05 13:09:38", "seriesname": "g1416_ctsi3gv", "file": "/media/jbrogan4/scratch2/Reddit_Prov_Dataset_v6/_Sheep_Selfie_(x-post_from__r_aww)/g1416_ctsi3gv.jpg", "URL": "http://i.imgur.com/v5Ehyoy.jpg", "fileid": "g1416_ctsi3gv.jpg"}, {"id": "g1416_cttxfc1", "comment": "[Holy Sheep!](http://i.imgur.com/bd1nC9J.jpg)", "date": "2015-08-06 15:25:36", "seriesname": "g1416_cttxfc1", "file": "/media/jbrogan4/scratch2/Reddit_Prov_Dataset_v6/_Sheep_Selfie_(x-post_from__r_aww)/g1416_cttxfc1.jpg", "URL": "http://i.imgur.com/bd1nC9J.jpg", "fileid": "g1416_cttxfc1.jpg"}, {"id": "g1416_ctsnwpa", "comment": "[I can't post this..Yes you can, just do it! Why did you even create it? Its gonna get downvoted because its offensive and just not right, JUST DO IT](http://i.imgur.com/SIJ7vQs.jpg)", "date": "2015-08-05 15:23:22", "seriesname": "g1416_ctsnwpa", "file": "/media/jbrogan4/scratch2/Reddit_Prov_Dataset_v6/_Sheep_Selfie_(x-post_from__r_aww)/g1416_ctsnwpa.jpg", "URL": "http://i.imgur.com/SIJ7vQs.jpg", "fileid": "g1416_ctsnwpa.jpg"}, {"id": "g1416_ctt2fub", "comment": "http://i.imgur.com/jIwiXFp.png", "date": "2015-08-05 21:24:31", "seriesname": "g1416_ctt2fub", "file": "/media/jbrogan4/scratch2/Reddit_Prov_Dataset_v6/_Sheep_Selfie_(x-post_from__r_aww)/g1416_ctt2fub.png", "URL": "http://i.imgur.com/jIwiXFp.png", "fileid": "g1416_ctt2fub.png"}, {"id": "g1416_ctsh9wi", "comment": "http://i.imgur.com/ozbELED.jpg", "date": "2015-08-05 12:50:19", "seriesname": "g1416_ctsh9wi", "file": "/media/jbrogan4/scratch2/Reddit_Prov_Dataset_v6/_Sheep_Selfie_(x-post_from__r_aww)/g1416_ctsh9wi.jpg", "URL": "http://i.imgur.com/ozbELED.jpg", "fileid": "g1416_ctsh9wi.jpg"}, {"id": "g1416_ctsvqvq", "comment": "He was fooling us the entire time. http://imgur.com/wQA7ehJ", "date": "2015-08-05 18:26:12", "seriesname": "g1416_ctsvqvq", "file": "/media/jbrogan4/scratch2/Reddit_Prov_Dataset_v6/_Sheep_Selfie_(x-post_from__r_aww)/g1416_ctsvqvq.png", "URL": "http://i.imgur.com/wQA7ehJ.png", "fileid": "g1416_ctsvqvq.png"}, {"id": "g1416_ctsldxb", "comment": "[The true meaning of wolf in sheep's clothing](http://i.imgur.com/1tvLt4r.jpg)", "date": "2015-08-05 14:24:51", "seriesname": "g1416_ctsldxb", "file": "/media/jbrogan4/scratch2/Reddit_Prov_Dataset_v6/_Sheep_Selfie_(x-post_from__r_aww)/g1416_ctsldxb.jpg", "URL": "http://i.imgur.com/1tvLt4r.jpg", "fileid": "g1416_ctsldxb.jpg"}, {"id": "g1416_ctso65o", "comment": "I just felt like this should be a thing.\n\nhttp://i299.photobucket.com/albums/mm284/ztakxilef/sheepman_zpsjn57jzxs.png\n\nedit: I feel like this subreddit is lacking Seaman fans. ", "date": "2015-08-05 15:29:23", "seriesname": "g1416_ctso65o", "file": "/media/jbrogan4/scratch2/Reddit_Prov_Dataset_v6/_Sheep_Selfie_(x-post_from__r_aww)/g1416_ctso65o.png", "URL": "http://i299.photobucket.com/albums/mm284/ztakxilef/sheepman_zpsjn57jzxs.png", "fileid": "g1416_ctso65o.png"}, {"id": "g1416_ctsnsab", "comment": "[kids are evil](http://i.imgur.com/coS8tGe.jpg?1)", "date": "2015-08-05 15:20:36", "seriesname": "g1416_ctsnsab", "file": "/media/jbrogan4/scratch2/Reddit_Prov_Dataset_v6/_Sheep_Selfie_(x-post_from__r_aww)/g1416_ctsnsab.jpg", "URL": "http://i.imgur.com/coS8tGe.jpg?1", "fileid": "g1416_ctsnsab.jpg"}, {"id": "g1416_cttd6l8", "comment": "[here you go](http://i.imgur.com/x05s1RE.jpg)", "date": "2015-08-06 04:23:53", "seriesname": "g1416_cttd6l8", "file": "/media/jbrogan4/scratch2/Reddit_Prov_Dataset_v6/_Sheep_Selfie_(x-post_from__r_aww)/g1416_cttd6l8.jpg", "URL": "http://i.imgur.com/x05s1RE.jpg", "fileid": "g1416_cttd6l8.jpg"}, {"id": "g1416_ctsn4rz", "comment": ".. 2. spoil a photograph of (a person or thing) by [unexpectedly detonating a bomb](http://i.imgur.com/vK2LJjI.png) in the camera's field of view as the picture is taken, typically as a prank or practical joke used by YouTube pranksters and suicide bombers.", "date": "2015-08-05 15:05:36", "seriesname": "g1416_ctsn4rz", "file": "/media/jbrogan4/scratch2/Reddit_Prov_Dataset_v6/_Sheep_Selfie_(x-post_from__r_aww)/g1416_ctsn4rz.png", "URL": "http://i.imgur.com/vK2LJjI.png", "fileid": "g1416_ctsn4rz.png"}, {"id": "g1416_root", "comment": "", "date": "2015-08-05 11:48:51", "seriesname": "g1416_root", "file": "/media/jbrogan4/scratch2/Reddit_Prov_Dataset_v6/_Sheep_Selfie_(x-post_from__r_aww)/g1416_root.jpg", "URL": "https://i.imgur.com/tQdxm99.jpg", "fileid": "g1416_root.jpg"}, {"id": "g1416_ctsijom", "comment": "http://i.imgur.com/a8z6BF3.jpg", "date": "2015-08-05 13:20:24", "seriesname": "g1416_ctsijom", "file": "/media/jbrogan4/scratch2/Reddit_Prov_Dataset_v6/_Sheep_Selfie_(x-post_from__r_aww)/g1416_ctsijom.jpg", "URL": "http://i.imgur.com/a8z6BF3.jpg", "fileid": "g1416_ctsijom.jpg"}, {"id": "g1416_ctsmenx", "comment": "[Catch Them if Ewe Can!](http://i.imgur.com/8Br3uK5.jpg)", "date": "2015-08-05 14:48:37", "seriesname": "g1416_ctsmenx", "file": "/media/jbrogan4/scratch2/Reddit_Prov_Dataset_v6/_Sheep_Selfie_(x-post_from__r_aww)/g1416_ctsmenx.jpg", "URL": "http://i.imgur.com/8Br3uK5.jpg", "fileid": "g1416_ctsmenx.jpg"}, {"id": "g1416_ctsn3lq", "comment": "http://i.imgur.com/jJ6GSKS.jpg", "date": "2015-08-05 15:04:50", "seriesname": "g1416_ctsn3lq", "file": "/media/jbrogan4/scratch2/Reddit_Prov_Dataset_v6/_Sheep_Selfie_(x-post_from__r_aww)/g1416_ctsn3lq.jpg", "URL": "http://i.imgur.com/jJ6GSKS.jpg", "fileid": "g1416_ctsn3lq.jpg"}, {"id": "g1416_ctslc6k", "comment": "[http://i.imgur.com/AiyjkUB.png](http://i.imgur.com/AiyjkUB.png)", "date": "2015-08-05 14:23:45", "seriesname": "g1416_ctslc6k", "file": "/media/jbrogan4/scratch2/Reddit_Prov_Dataset_v6/_Sheep_Selfie_(x-post_from__r_aww)/g1416_ctslc6k.png", "URL": "http://i.imgur.com/AiyjkUB.png](http://i.imgur.com/AiyjkUB.png", "fileid": "g1416_ctslc6k.png"}, {"id": "g1416_ctsjexd", "comment": "[Assisting Benedict Cumber-baaaaaaaaa-tch](http://i.imgur.com/BdsqqUB.png)", "date": "2015-08-05 13:40:15", "seriesname": "g1416_ctsjexd", "file": "/media/jbrogan4/scratch2/Reddit_Prov_Dataset_v6/_Sheep_Selfie_(x-post_from__r_aww)/g1416_ctsjexd.png", "URL": "http://i.imgur.com/BdsqqUB.png", "fileid": "g1416_ctsjexd.png"}, {"id": "g1416_ctsor9d", "comment": "[This sheep recognizes something](http://imgur.com/8QCzIUk) NSFW", "date": "2015-08-05 15:42:56", "seriesname": "g1416_ctsor9d", "file": "/media/jbrogan4/scratch2/Reddit_Prov_Dataset_v6/_Sheep_Selfie_(x-post_from__r_aww)/g1416_ctsor9d.png", "URL": "http://i.imgur.com/8QCzIUk.png", "fileid": "g1416_ctsor9d.png"}, {"id": "g1416_ctsnmqk", "comment": "[has meta gone too far?](http://i.imgur.com/V9bzXP5.png)  ", "date": "2015-08-05 15:17:04", "seriesname": "g1416_ctsnmqk", "file": "/media/jbrogan4/scratch2/Reddit_Prov_Dataset_v6/_Sheep_Selfie_(x-post_from__r_aww)/g1416_ctsnmqk.png", "URL": "http://i.imgur.com/V9bzXP5.png", "fileid": "g1416_ctsnmqk.png"}, {"id": "g1416_ctswwon", "comment": "[Next time, on Baaaaa-arrested Development](http://i.imgur.com/FF70HKX.jpg)", "date": "2015-08-05 18:56:05", "seriesname": "g1416_ctswwon", "file": "/media/jbrogan4/scratch2/Reddit_Prov_Dataset_v6/_Sheep_Selfie_(x-post_from__r_aww)/g1416_ctswwon.jpg", "URL": "http://i.imgur.com/FF70HKX.jpg", "fileid": "g1416_ctswwon.jpg"}, {"id": "g1416_ctskvj1", "comment": "[They don't even know](http://i.imgur.com/Z5aHuY4.png)", "date": "2015-08-05 14:13:16", "seriesname": "g1416_ctskvj1", "file": "/media/jbrogan4/scratch2/Reddit_Prov_Dataset_v6/_Sheep_Selfie_(x-post_from__r_aww)/g1416_ctskvj1.png", "URL": "http://i.imgur.com/Z5aHuY4.png", "fileid": "g1416_ctskvj1.png"}], "graph": {"name": "g1416_root"}, "directed": true}