{"links": [{"op": "none", "target": 0, "source": 52}, {"op": "none", "target": 1, "source": 52}, {"op": "none", "target": 2, "source": 52}, {"op": "none", "target": 3, "source": 52}, {"op": "none", "target": 4, "source": 13}, {"op": "none", "target": 5, "source": 52}, {"op": "none", "target": 6, "source": 52}, {"op": "none", "target": 7, "source": 38}, {"op": "none", "target": 8, "source": 52}, {"op": "none", "target": 9, "source": 52}, {"op": "none", "target": 10, "source": 31}, {"op": "none", "target": 11, "source": 52}, {"op": "none", "target": 12, "source": 35}, {"op": "none", "target": 13, "source": 52}, {"op": "none", "target": 14, "source": 52}, {"op": "none", "target": 15, "source": 52}, {"op": "none", "target": 16, "source": 52}, {"op": "none", "target": 17, "source": 52}, {"op": "none", "target": 18, "source": 52}, {"op": "none", "target": 19, "source": 52}, {"op": "none", "target": 20, "source": 14}, {"op": "none", "target": 21, "source": 47}, {"op": "none", "target": 22, "source": 52}, {"op": "none", "target": 23, "source": 52}, {"op": "none", "target": 24, "source": 52}, {"op": "none", "target": 25, "source": 52}, {"op": "none", "target": 26, "source": 52}, {"op": "none", "target": 27, "source": 52}, {"op": "none", "target": 28, "source": 52}, {"op": "none", "target": 29, "source": 52}, {"op": "none", "target": 30, "source": 52}, {"op": "none", "target": 31, "source": 52}, {"op": "none", "target": 32, "source": 52}, {"op": "none", "target": 33, "source": 52}, {"op": "none", "target": 34, "source": 52}, {"op": "none", "target": 35, "source": 22}, {"op": "none", "target": 36, "source": 52}, {"op": "none", "target": 37, "source": 52}, {"op": "none", "target": 38, "source": 52}, {"op": "none", "target": 39, "source": 52}, {"op": "none", "target": 40, "source": 51}, {"op": "none", "target": 41, "source": 52}, {"op": "none", "target": 42, "source": 52}, {"op": "none", "target": 43, "source": 32}, {"op": "none", "target": 44, "source": 52}, {"op": "none", "target": 45, "source": 52}, {"op": "none", "target": 46, "source": 52}, {"op": "none", "target": 47, "source": 18}, {"op": "none", "target": 48, "source": 52}, {"op": "none", "target": 49, "source": 52}, {"op": "none", "target": 50, "source": 52}, {"op": "none", "target": 51, "source": 52}, {"op": "none", "target": 53, "source": 52}], "title": "Someone_suggested_I_post_this_here_Gf_sent_me_it_while_she's_on_vacation", "nodes": [{"id": "g1418_cj4bt0t", "comment": "I'm kind of new to this stuff. Hope you like it :) http://i.imgur.com/sEhHEjq.jpg", "date": "2014-07-22 06:54:12", "seriesname": "g1418_cj4bt0t", "file": "/media/jbrogan4/scratch2/Reddit_Prov_Dataset_v6/Someone_suggested_I_post_this_here_Gf_sent_me_it_while_she's_on_vacation/g1418_cj4bt0t.jpg", "URL": "http://i.imgur.com/sEhHEjq.jpg", "fileid": "g1418_cj4bt0t.jpg"}, {"id": "g1418_cj3opnc", "comment": "Grand Theft Lizard http://i.imgur.com/8LGOZ3n.png?1", "date": "2014-07-21 15:30:00", "seriesname": "g1418_cj3opnc", "file": "/media/jbrogan4/scratch2/Reddit_Prov_Dataset_v6/Someone_suggested_I_post_this_here_Gf_sent_me_it_while_she's_on_vacation/g1418_cj3opnc.png", "URL": "http://i.imgur.com/8LGOZ3n.png?1", "fileid": "g1418_cj3opnc.png"}, {"id": "g1418_cj45yso", "comment": "Whatup. http://i.imgur.com/e5ENaNa.jpg\n\nEDIT: just realized it's a nazi plane o-O whoops... lol", "date": "2014-07-22 00:54:22", "seriesname": "g1418_cj45yso", "file": "/media/jbrogan4/scratch2/Reddit_Prov_Dataset_v6/Someone_suggested_I_post_this_here_Gf_sent_me_it_while_she's_on_vacation/g1418_cj45yso.jpg", "URL": "http://i.imgur.com/e5ENaNa.jpg", "fileid": "g1418_cj45yso.jpg"}, {"id": "g1418_cj3om3h", "comment": "[Mr. Gecko enters politics](http://i.imgur.com/e43HO3a.jpg)", "date": "2014-07-21 15:27:04", "seriesname": "g1418_cj3om3h", "file": "/media/jbrogan4/scratch2/Reddit_Prov_Dataset_v6/Someone_suggested_I_post_this_here_Gf_sent_me_it_while_she's_on_vacation/g1418_cj3om3h.jpg", "URL": "http://i.imgur.com/e43HO3a.jpg", "fileid": "g1418_cj3om3h.jpg"}, {"id": "g1418_cj3qjkj", "comment": "[I felt like he should be french.](http://i.imgur.com/ITBhGqi.jpg) I hope no one has done this already. \n\nEdit: [This is another with some suggestions from below.](http://i.imgur.com/CwwZmx3.jpg) Not the best but I try, pretty rusty on my photoshop stuffs.\n\nEdit 2: Now hes starting to remind me of that french iguana from sly cooper...Dimitri.", "date": "2014-07-21 16:22:46", "seriesname": "g1418_cj3qjkj", "file": "/media/jbrogan4/scratch2/Reddit_Prov_Dataset_v6/Someone_suggested_I_post_this_here_Gf_sent_me_it_while_she's_on_vacation/g1418_cj3qjkj.jpg", "URL": "http://i.imgur.com/CwwZmx3.jpg", "fileid": "g1418_cj3qjkj.jpg"}, {"id": "g1418_cj3picw", "comment": "http://i.imgur.com/2XSY1LL.png", "date": "2014-07-21 15:53:19", "seriesname": "g1418_cj3picw", "file": "/media/jbrogan4/scratch2/Reddit_Prov_Dataset_v6/Someone_suggested_I_post_this_here_Gf_sent_me_it_while_she's_on_vacation/g1418_cj3picw.png", "URL": "http://i.imgur.com/2XSY1LL.png", "fileid": "g1418_cj3picw.png"}, {"id": "g1418_cj3oq4h", "comment": "[Gecko Fonzarelli](http://i.imgur.com/eeAEvbU.jpg)", "date": "2014-07-21 15:30:22", "seriesname": "g1418_cj3oq4h", "file": "/media/jbrogan4/scratch2/Reddit_Prov_Dataset_v6/Someone_suggested_I_post_this_here_Gf_sent_me_it_while_she's_on_vacation/g1418_cj3oq4h.jpg", "URL": "http://i.imgur.com/eeAEvbU.jpg", "fileid": "g1418_cj3oq4h.jpg"}, {"id": "g1418_cj3txnh", "comment": "http://i.imgur.com/9rAnYe6.png\n\nBetter?", "date": "2014-07-21 18:01:15", "seriesname": "g1418_cj3txnh", "file": "/media/jbrogan4/scratch2/Reddit_Prov_Dataset_v6/Someone_suggested_I_post_this_here_Gf_sent_me_it_while_she's_on_vacation/g1418_cj3txnh.png", "URL": "http://i.imgur.com/9rAnYe6.png", "fileid": "g1418_cj3txnh.png"}, {"id": "g1418_cj3nprl", "comment": "[Pst...](http://i.imgur.com/Du6RmwQ.jpg)", "date": "2014-07-21 15:00:44", "seriesname": "g1418_cj3nprl", "file": "/media/jbrogan4/scratch2/Reddit_Prov_Dataset_v6/Someone_suggested_I_post_this_here_Gf_sent_me_it_while_she's_on_vacation/g1418_cj3nprl.jpg", "URL": "http://i.imgur.com/Du6RmwQ.jpg", "fileid": "g1418_cj3nprl.jpg"}, {"id": "g1418_cj3oc0x", "comment": "[Stand-in](http://i.imgur.com/aI1zUH5.jpg)", "date": "2014-07-21 15:18:59", "seriesname": "g1418_cj3oc0x", "file": "/media/jbrogan4/scratch2/Reddit_Prov_Dataset_v6/Someone_suggested_I_post_this_here_Gf_sent_me_it_while_she's_on_vacation/g1418_cj3oc0x.jpg", "URL": "http://i.imgur.com/aI1zUH5.jpg", "fileid": "g1418_cj3oc0x.jpg"}, {"id": "g1418_cj3z7jw", "comment": "http://i.imgur.com/Hm208zg.jpg", "date": "2014-07-21 20:58:50", "seriesname": "g1418_cj3z7jw", "file": "/media/jbrogan4/scratch2/Reddit_Prov_Dataset_v6/Someone_suggested_I_post_this_here_Gf_sent_me_it_while_she's_on_vacation/g1418_cj3z7jw.jpg", "URL": "http://i.imgur.com/Hm208zg.jpg", "fileid": "g1418_cj3z7jw.jpg"}, {"id": "g1418_cj3qcjt", "comment": "[Sup](http://i.imgur.com/pcXxZZe.jpg)", "date": "2014-07-21 16:17:07", "seriesname": "g1418_cj3qcjt", "file": "/media/jbrogan4/scratch2/Reddit_Prov_Dataset_v6/Someone_suggested_I_post_this_here_Gf_sent_me_it_while_she's_on_vacation/g1418_cj3qcjt.jpg", "URL": "http://i.imgur.com/pcXxZZe.jpg", "fileid": "g1418_cj3qcjt.jpg"}, {"id": "g1418_cj42dcu", "comment": "[OK, quick add-on](http://i.imgur.com/tyX8sZ3.gif). ", "date": "2014-07-21 22:44:39", "seriesname": "g1418_cj42dcu", "file": "/media/jbrogan4/scratch2/Reddit_Prov_Dataset_v6/Someone_suggested_I_post_this_here_Gf_sent_me_it_while_she's_on_vacation/g1418_cj42dcu.jpg", "URL": "http://i.imgur.com/tyX8sZ3.gif).", "fileid": "g1418_cj42dcu."}, {"id": "g1418_cj3md07", "comment": "[yeah man, whatever...](http://i.imgur.com/gTDhRLN.jpg)", "date": "2014-07-21 14:21:30", "seriesname": "g1418_cj3md07", "file": "/media/jbrogan4/scratch2/Reddit_Prov_Dataset_v6/Someone_suggested_I_post_this_here_Gf_sent_me_it_while_she's_on_vacation/g1418_cj3md07.jpg", "URL": "http://i.imgur.com/gTDhRLN.jpg", "fileid": "g1418_cj3md07.jpg"}, {"id": "g1418_cj3odyy", "comment": "[Winter is coming.](http://i.imgur.com/V1z7V4d.jpg?1)", "date": "2014-07-21 15:20:37", "seriesname": "g1418_cj3odyy", "file": "/media/jbrogan4/scratch2/Reddit_Prov_Dataset_v6/Someone_suggested_I_post_this_here_Gf_sent_me_it_while_she's_on_vacation/g1418_cj3odyy.jpg", "URL": "http://i.imgur.com/V1z7V4d.jpg?1", "fileid": "g1418_cj3odyy.jpg"}, {"id": "g1418_cj3qysz", "comment": "[Country cruisin' sounds like a grand idea, indeed.](http://i.imgur.com/w77t7yI.jpg)\n\nEdited for direct link", "date": "2014-07-21 16:34:41", "seriesname": "g1418_cj3qysz", "file": "/media/jbrogan4/scratch2/Reddit_Prov_Dataset_v6/Someone_suggested_I_post_this_here_Gf_sent_me_it_while_she's_on_vacation/g1418_cj3qysz.jpg", "URL": "http://i.imgur.com/w77t7yI.jpg", "fileid": "g1418_cj3qysz.jpg"}, {"id": "g1418_cj3ocgb", "comment": "[My dawg](http://i.imgur.com/6rgBDSn.jpg).", "date": "2014-07-21 15:19:21", "seriesname": "g1418_cj3ocgb", "file": "/media/jbrogan4/scratch2/Reddit_Prov_Dataset_v6/Someone_suggested_I_post_this_here_Gf_sent_me_it_while_she's_on_vacation/g1418_cj3ocgb.jpg", "URL": "http://i.imgur.com/6rgBDSn.jpg).", "fileid": "g1418_cj3ocgb."}, {"id": "g1418_cj3mrw7", "comment": "[Hot coffee](http://imgur.com/FMJSpMD)", "date": "2014-07-21 14:33:22", "seriesname": "g1418_cj3mrw7", "file": "/media/jbrogan4/scratch2/Reddit_Prov_Dataset_v6/Someone_suggested_I_post_this_here_Gf_sent_me_it_while_she's_on_vacation/g1418_cj3mrw7.png", "URL": "http://i.imgur.com/FMJSpMD.png", "fileid": "g1418_cj3mrw7.png"}, {"id": "g1418_cj3mpp5", "comment": "[Jacuzzi](http://i.imgur.com/f5xqBxu.jpg)", "date": "2014-07-21 14:31:35", "seriesname": "g1418_cj3mpp5", "file": "/media/jbrogan4/scratch2/Reddit_Prov_Dataset_v6/Someone_suggested_I_post_this_here_Gf_sent_me_it_while_she's_on_vacation/g1418_cj3mpp5.jpg", "URL": "http://i.imgur.com/f5xqBxu.jpg", "fileid": "g1418_cj3mpp5.jpg"}, {"id": "g1418_cj3r6nz", "comment": "[Charmander Hatchling](http://imgur.com/Lhhq6J8)\n\nEDIT: Gold gratefully received!", "date": "2014-07-21 16:40:28", "seriesname": "g1418_cj3r6nz", "file": "/media/jbrogan4/scratch2/Reddit_Prov_Dataset_v6/Someone_suggested_I_post_this_here_Gf_sent_me_it_while_she's_on_vacation/g1418_cj3r6nz.png", "URL": "http://i.imgur.com/Lhhq6J8.png", "fileid": "g1418_cj3r6nz.png"}, {"id": "g1418_cj3za68", "comment": "[Only a cat of a different coat.. I mean only a coat of a different cat.. or.. damnit](http://i.imgur.com/F7poXSl.jpg)", "date": "2014-07-21 21:01:22", "seriesname": "g1418_cj3za68", "file": "/media/jbrogan4/scratch2/Reddit_Prov_Dataset_v6/Someone_suggested_I_post_this_here_Gf_sent_me_it_while_she's_on_vacation/g1418_cj3za68.jpg", "URL": "http://i.imgur.com/F7poXSl.jpg", "fileid": "g1418_cj3za68.jpg"}, {"id": "g1418_cj3td6u", "comment": "[I'm not.](http://i.imgur.com/GHFdDHu.jpg)", "date": "2014-07-21 17:43:44", "seriesname": "g1418_cj3td6u", "file": "/media/jbrogan4/scratch2/Reddit_Prov_Dataset_v6/Someone_suggested_I_post_this_here_Gf_sent_me_it_while_she's_on_vacation/g1418_cj3td6u.jpg", "URL": "http://i.imgur.com/GHFdDHu.jpg", "fileid": "g1418_cj3td6u.jpg"}, {"id": "g1418_cj3psso", "comment": "[Car insurance for only 50 cent.](http://imgur.com/6wkMbWU)\n\nEDIT: Tried to improve on what /u/Ragoogle said [(still crappy)](http://imgur.com/gttQicM)\n\nEdit2: /u/ThrobinWigwams &amp; /u/ErnieFarias had a great [idea](http://imgur.com/pXXiRJH)\n\nEdit3: Thanks for the gold :3", "date": "2014-07-21 16:01:35", "seriesname": "g1418_cj3psso", "file": "/media/jbrogan4/scratch2/Reddit_Prov_Dataset_v6/Someone_suggested_I_post_this_here_Gf_sent_me_it_while_she's_on_vacation/g1418_cj3psso.png", "URL": "http://i.imgur.com/pXXiRJH.png", "fileid": "g1418_cj3psso.png"}, {"id": "g1418_cj3tudp", "comment": "[You don't have the balls.](http://i.imgur.com/qtyKRGR.jpg)", "date": "2014-07-21 17:58:25", "seriesname": "g1418_cj3tudp", "file": "/media/jbrogan4/scratch2/Reddit_Prov_Dataset_v6/Someone_suggested_I_post_this_here_Gf_sent_me_it_while_she's_on_vacation/g1418_cj3tudp.jpg", "URL": "http://i.imgur.com/qtyKRGR.jpg", "fileid": "g1418_cj3tudp.jpg"}, {"id": "g1418_cj3s766", "comment": "[Did you see the new Star Wars leak? I think JJ is on to something..](http://i.imgur.com/D3rX9i8.jpg)", "date": "2014-07-21 17:08:40", "seriesname": "g1418_cj3s766", "file": "/media/jbrogan4/scratch2/Reddit_Prov_Dataset_v6/Someone_suggested_I_post_this_here_Gf_sent_me_it_while_she's_on_vacation/g1418_cj3s766.jpg", "URL": "http://i.imgur.com/D3rX9i8.jpg", "fileid": "g1418_cj3s766.jpg"}, {"id": "g1418_cj4b3lj", "comment": "[Lizardall Boggs](http://i.imgur.com/ravQguY.jpg)", "date": "2014-07-22 05:55:57", "seriesname": "g1418_cj4b3lj", "file": "/media/jbrogan4/scratch2/Reddit_Prov_Dataset_v6/Someone_suggested_I_post_this_here_Gf_sent_me_it_while_she's_on_vacation/g1418_cj4b3lj.jpg", "URL": "http://i.imgur.com/ravQguY.jpg", "fileid": "g1418_cj4b3lj.jpg"}, {"id": "g1418_cj3nt56", "comment": "[Today was a good day.](http://i.imgur.com/HzgIraT.png)", "date": "2014-07-21 15:03:29", "seriesname": "g1418_cj3nt56", "file": "/media/jbrogan4/scratch2/Reddit_Prov_Dataset_v6/Someone_suggested_I_post_this_here_Gf_sent_me_it_while_she's_on_vacation/g1418_cj3nt56.png", "URL": "http://i.imgur.com/HzgIraT.png", "fileid": "g1418_cj3nt56.png"}, {"id": "g1418_cj3o1h6", "comment": "[YOU'LL NEVAR GET AWAY WITH ME SECRET FORMULER](http://imgur.com/Eogloo2)", "date": "2014-07-21 15:10:25", "seriesname": "g1418_cj3o1h6", "file": "/media/jbrogan4/scratch2/Reddit_Prov_Dataset_v6/Someone_suggested_I_post_this_here_Gf_sent_me_it_while_she's_on_vacation/g1418_cj3o1h6.png", "URL": "http://i.imgur.com/Eogloo2.png", "fileid": "g1418_cj3o1h6.png"}, {"id": "g1418_cj41oul", "comment": "Made two. Second one is my favorite lol.\nhttp://imgur.com/wgNWZvF\nhttp://imgur.com/y18oy6F", "date": "2014-07-21 22:21:34", "seriesname": "g1418_cj41oul", "file": "/media/jbrogan4/scratch2/Reddit_Prov_Dataset_v6/Someone_suggested_I_post_this_here_Gf_sent_me_it_while_she's_on_vacation/g1418_cj41oul.png", "URL": "http://i.imgur.com/y18oy6F.png", "fileid": "g1418_cj41oul.png"}, {"id": "g1418_cj4aej3", "comment": "http://i.imgur.com/b7JDTJU.jpg\n\nI don't know how to make the fancy links. Unimpressed gekko, though! ", "date": "2014-07-22 04:58:57", "seriesname": "g1418_cj4aej3", "file": "/media/jbrogan4/scratch2/Reddit_Prov_Dataset_v6/Someone_suggested_I_post_this_here_Gf_sent_me_it_while_she's_on_vacation/g1418_cj4aej3.jpg", "URL": "http://i.imgur.com/b7JDTJU.jpg", "fileid": "g1418_cj4aej3.jpg"}, {"id": "g1418_cj3p689", "comment": "[I've been expecting you.](http://i.imgur.com/1JSE5ju.jpg)", "date": "2014-07-21 15:43:36", "seriesname": "g1418_cj3p689", "file": "/media/jbrogan4/scratch2/Reddit_Prov_Dataset_v6/Someone_suggested_I_post_this_here_Gf_sent_me_it_while_she's_on_vacation/g1418_cj3p689.jpg", "URL": "http://i.imgur.com/1JSE5ju.jpg", "fileid": "g1418_cj3p689.jpg"}, {"id": "g1418_cj3oc3q", "comment": "[I knew it was a bad idea to drop acid in the morning.](http://i.imgur.com/F7poXSl.jpg)", "date": "2014-07-21 15:19:02", "seriesname": "g1418_cj3oc3q", "file": "/media/jbrogan4/scratch2/Reddit_Prov_Dataset_v6/Someone_suggested_I_post_this_here_Gf_sent_me_it_while_she's_on_vacation/g1418_cj3oc3q.jpg", "URL": "http://i.imgur.com/F7poXSl.jpg", "fileid": "g1418_cj3oc3q.jpg"}, {"id": "g1418_cj3p5op", "comment": "http://i.imgur.com/og0IejV.png\n\nLizard Lick Towing.", "date": "2014-07-21 15:43:10", "seriesname": "g1418_cj3p5op", "file": "/media/jbrogan4/scratch2/Reddit_Prov_Dataset_v6/Someone_suggested_I_post_this_here_Gf_sent_me_it_while_she's_on_vacation/g1418_cj3p5op.png", "URL": "http://i.imgur.com/og0IejV.png", "fileid": "g1418_cj3p5op.png"}, {"id": "g1418_cj3x3e6", "comment": "Toobin' baby:\n\nhttp://i.imgur.com/KZILVwk.jpg", "date": "2014-07-21 19:45:58", "seriesname": "g1418_cj3x3e6", "file": "/media/jbrogan4/scratch2/Reddit_Prov_Dataset_v6/Someone_suggested_I_post_this_here_Gf_sent_me_it_while_she's_on_vacation/g1418_cj3x3e6.jpg", "URL": "http://i.imgur.com/KZILVwk.jpg", "fileid": "g1418_cj3x3e6.jpg"}, {"id": "g1418_cj3qp1q", "comment": "[It might be a trap, man.](http://i.imgur.com/QJxEoFH.png)", "date": "2014-07-21 16:27:08", "seriesname": "g1418_cj3qp1q", "file": "/media/jbrogan4/scratch2/Reddit_Prov_Dataset_v6/Someone_suggested_I_post_this_here_Gf_sent_me_it_while_she's_on_vacation/g1418_cj3qp1q.png", "URL": "http://i.imgur.com/QJxEoFH.png", "fileid": "g1418_cj3qp1q.png"}, {"id": "g1418_cj3sukv", "comment": "[Making sure you don't get bert.](http://i.imgur.com/4EjKqUq.gif)\n\n[^*Made ^an ^addition](http://i.imgur.com/rwKOnJn.gif)^; ^I ^didn't ^add ^on ^to ^the ^others' ^since ^it ^would ^unfortunately ^require ^a ^lot ^more ^work.", "date": "2014-07-21 17:27:58", "seriesname": "g1418_cj3sukv", "file": "/media/jbrogan4/scratch2/Reddit_Prov_Dataset_v6/Someone_suggested_I_post_this_here_Gf_sent_me_it_while_she's_on_vacation/g1418_cj3sukv.jpg", "URL": "http://i.imgur.com/rwKOnJn.gif)^;", "fileid": "g1418_cj3sukv.gif^;"}, {"id": "g1418_cj3p02t", "comment": "[enjoying the vacation](http://i.imgur.com/PZvGDnQ.png)  \n\nEDIT: sorry, guys, apparently I got it backwards. [Fixed.](http://i.imgur.com/JgWlngy.jpg)", "date": "2014-07-21 15:38:31", "seriesname": "g1418_cj3p02t", "file": "/media/jbrogan4/scratch2/Reddit_Prov_Dataset_v6/Someone_suggested_I_post_this_here_Gf_sent_me_it_while_she's_on_vacation/g1418_cj3p02t.jpg", "URL": "http://i.imgur.com/JgWlngy.jpg", "fileid": "g1418_cj3p02t.jpg"}, {"id": "g1418_cj3xh3x", "comment": "[what the heck is this](http://imgur.com/Prq9vxn)", "date": "2014-07-21 19:59:05", "seriesname": "g1418_cj3xh3x", "file": "/media/jbrogan4/scratch2/Reddit_Prov_Dataset_v6/Someone_suggested_I_post_this_here_Gf_sent_me_it_while_she's_on_vacation/g1418_cj3xh3x.png", "URL": "http://i.imgur.com/Prq9vxn.png", "fileid": "g1418_cj3xh3x.png"}, {"id": "g1418_cj3nh59", "comment": "http://imgur.com/DY9kvX6", "date": "2014-07-21 14:53:44", "seriesname": "g1418_cj3nh59", "file": "/media/jbrogan4/scratch2/Reddit_Prov_Dataset_v6/Someone_suggested_I_post_this_here_Gf_sent_me_it_while_she's_on_vacation/g1418_cj3nh59.png", "URL": "http://i.imgur.com/DY9kvX6.png", "fileid": "g1418_cj3nh59.png"}, {"id": "g1418_cj3tghc", "comment": "[First thing that came to mind](http://i.imgur.com/HCSYcC2.jpg)\n\nEdit: [original- Pajama Day Kid](http://i.imgur.com/1I5nqe0.jpg)", "date": "2014-07-21 17:46:31", "seriesname": "g1418_cj3tghc", "file": "/media/jbrogan4/scratch2/Reddit_Prov_Dataset_v6/Someone_suggested_I_post_this_here_Gf_sent_me_it_while_she's_on_vacation/g1418_cj3tghc.jpg", "URL": "http://i.imgur.com/1I5nqe0.jpg", "fileid": "g1418_cj3tghc.jpg"}, {"id": "g1418_cj3y5ir", "comment": "[Best I felt like doing with the GIMP](http://imgur.com/Cftbe8I)", "date": "2014-07-21 20:22:30", "seriesname": "g1418_cj3y5ir", "file": "/media/jbrogan4/scratch2/Reddit_Prov_Dataset_v6/Someone_suggested_I_post_this_here_Gf_sent_me_it_while_she's_on_vacation/g1418_cj3y5ir.png", "URL": "http://i.imgur.com/Cftbe8I.png", "fileid": "g1418_cj3y5ir.png"}, {"id": "g1418_cj3rvtn", "comment": "[Squeezed too hard!](http://i.imgur.com/yv8x9ie.gif)", "date": "2014-07-21 16:59:36", "seriesname": "g1418_cj3rvtn", "file": "/media/jbrogan4/scratch2/Reddit_Prov_Dataset_v6/Someone_suggested_I_post_this_here_Gf_sent_me_it_while_she's_on_vacation/g1418_cj3rvtn.jpg", "URL": "http://i.imgur.com/yv8x9ie.gif", "fileid": "g1418_cj3rvtn.gif"}, {"id": "g1418_cj3r4gw", "comment": "http://i.imgur.com/WGeOIzo.jpg\n\nThey know how to open doors", "date": "2014-07-21 16:38:51", "seriesname": "g1418_cj3r4gw", "file": "/media/jbrogan4/scratch2/Reddit_Prov_Dataset_v6/Someone_suggested_I_post_this_here_Gf_sent_me_it_while_she's_on_vacation/g1418_cj3r4gw.jpg", "URL": "http://i.imgur.com/WGeOIzo.jpg", "fileid": "g1418_cj3r4gw.jpg"}, {"id": "g1418_cj4pk3z", "comment": "http://i.imgur.com/Aki93dX.png Done.", "date": "2014-07-22 15:05:29", "seriesname": "g1418_cj4pk3z", "file": "/media/jbrogan4/scratch2/Reddit_Prov_Dataset_v6/Someone_suggested_I_post_this_here_Gf_sent_me_it_while_she's_on_vacation/g1418_cj4pk3z.png", "URL": "http://i.imgur.com/Aki93dX.png", "fileid": "g1418_cj4pk3z.png"}, {"id": "g1418_cj3ocwk", "comment": "[This does not look good...](http://imgur.com/oxhzo9S)", "date": "2014-07-21 15:19:44", "seriesname": "g1418_cj3ocwk", "file": "/media/jbrogan4/scratch2/Reddit_Prov_Dataset_v6/Someone_suggested_I_post_this_here_Gf_sent_me_it_while_she's_on_vacation/g1418_cj3ocwk.png", "URL": "http://i.imgur.com/oxhzo9S.png", "fileid": "g1418_cj3ocwk.png"}, {"id": "g1418_cj493xr", "comment": "[Happy lizard](http://i.imgur.com/AZf98WG.jpg)", "date": "2014-07-22 03:26:44", "seriesname": "g1418_cj493xr", "file": "/media/jbrogan4/scratch2/Reddit_Prov_Dataset_v6/Someone_suggested_I_post_this_here_Gf_sent_me_it_while_she's_on_vacation/g1418_cj493xr.jpg", "URL": "http://i.imgur.com/AZf98WG.jpg", "fileid": "g1418_cj493xr.jpg"}, {"id": "g1418_cj3n420", "comment": "[15 minutes could save you 15% or more on car insurance](http://imgur.com/CbDW4rg)", "date": "2014-07-21 14:43:10", "seriesname": "g1418_cj3n420", "file": "/media/jbrogan4/scratch2/Reddit_Prov_Dataset_v6/Someone_suggested_I_post_this_here_Gf_sent_me_it_while_she's_on_vacation/g1418_cj3n420.png", "URL": "http://i.imgur.com/CbDW4rg.png", "fileid": "g1418_cj3n420.png"}, {"id": "g1418_cj3rkg9", "comment": "[Im sorry](http://imgur.com/QEprIPa)", "date": "2014-07-21 16:50:55", "seriesname": "g1418_cj3rkg9", "file": "/media/jbrogan4/scratch2/Reddit_Prov_Dataset_v6/Someone_suggested_I_post_this_here_Gf_sent_me_it_while_she's_on_vacation/g1418_cj3rkg9.png", "URL": "http://i.imgur.com/QEprIPa.png", "fileid": "g1418_cj3rkg9.png"}, {"id": "g1418_cj4hip0", "comment": "[chillin with girls more his size] (http://i.imgur.com/BvhtVh1.jpg)", "date": "2014-07-22 11:12:07", "seriesname": "g1418_cj4hip0", "file": "/media/jbrogan4/scratch2/Reddit_Prov_Dataset_v6/Someone_suggested_I_post_this_here_Gf_sent_me_it_while_she's_on_vacation/g1418_cj4hip0.jpg", "URL": "http://i.imgur.com/BvhtVh1.jpg", "fileid": "g1418_cj4hip0.jpg"}, {"id": "g1418_cj3u16s", "comment": "[What happened to this cool guy anyway?](http://imgur.com/XEr3iu9)", "date": "2014-07-21 18:04:26", "seriesname": "g1418_cj3u16s", "file": "/media/jbrogan4/scratch2/Reddit_Prov_Dataset_v6/Someone_suggested_I_post_this_here_Gf_sent_me_it_while_she's_on_vacation/g1418_cj3u16s.png", "URL": "http://i.imgur.com/XEr3iu9.png", "fileid": "g1418_cj3u16s.png"}, {"id": "g1418_cj3uhhg", "comment": "Can't believe no one thought about this before. Forgive the utter shittyness of it all [lightly **NSFW**].\n\nhttp://imgur.com/EdJ7jPB\n", "date": "2014-07-21 18:19:10", "seriesname": "g1418_cj3uhhg", "file": "/media/jbrogan4/scratch2/Reddit_Prov_Dataset_v6/Someone_suggested_I_post_this_here_Gf_sent_me_it_while_she's_on_vacation/g1418_cj3uhhg.png", "URL": "http://i.imgur.com/EdJ7jPB.png", "fileid": "g1418_cj3uhhg.png"}, {"id": "g1418_cj3q1kq", "comment": "http://i.imgur.com/c2B1OPj.jpg", "date": "2014-07-21 16:08:33", "seriesname": "g1418_cj3q1kq", "file": "/media/jbrogan4/scratch2/Reddit_Prov_Dataset_v6/Someone_suggested_I_post_this_here_Gf_sent_me_it_while_she's_on_vacation/g1418_cj3q1kq.jpg", "URL": "http://i.imgur.com/c2B1OPj.jpg", "fileid": "g1418_cj3q1kq.jpg"}, {"id": "g1418_root", "comment": "", "date": "2014-07-21 14:00:39", "seriesname": "g1418_root", "file": "/media/jbrogan4/scratch2/Reddit_Prov_Dataset_v6/Someone_suggested_I_post_this_here_Gf_sent_me_it_while_she's_on_vacation/g1418_root.jpg", "URL": "http://i.imgur.com/iI978m2.jpg", "fileid": "g1418_root.jpg"}, {"id": "g1418_cj3tkwq", "comment": "[let's hit the pond.](http://imgur.com/l5HdlLI) ", "date": "2014-07-21 17:50:19", "seriesname": "g1418_cj3tkwq", "file": "/media/jbrogan4/scratch2/Reddit_Prov_Dataset_v6/Someone_suggested_I_post_this_here_Gf_sent_me_it_while_she's_on_vacation/g1418_cj3tkwq.png", "URL": "http://i.imgur.com/l5HdlLI.png", "fileid": "g1418_cj3tkwq.png"}], "graph": {"name": "g1418_root"}, "directed": true}