{"links": [{"op": "none", "target": 0, "source": 45}, {"op": "none", "target": 1, "source": 45}, {"op": "none", "target": 2, "source": 45}, {"op": "none", "target": 3, "source": 45}, {"op": "none", "target": 4, "source": 45}, {"op": "none", "target": 5, "source": 45}, {"op": "none", "target": 6, "source": 45}, {"op": "none", "target": 7, "source": 1}, {"op": "none", "target": 8, "source": 45}, {"op": "none", "target": 9, "source": 45}, {"op": "none", "target": 10, "source": 12}, {"op": "none", "target": 11, "source": 45}, {"op": "none", "target": 12, "source": 45}, {"op": "none", "target": 13, "source": 45}, {"op": "none", "target": 14, "source": 45}, {"op": "none", "target": 15, "source": 45}, {"op": "none", "target": 16, "source": 45}, {"op": "none", "target": 17, "source": 45}, {"op": "none", "target": 18, "source": 45}, {"op": "none", "target": 19, "source": 45}, {"op": "none", "target": 20, "source": 45}, {"op": "none", "target": 21, "source": 45}, {"op": "none", "target": 22, "source": 45}, {"op": "none", "target": 23, "source": 1}, {"op": "none", "target": 24, "source": 45}, {"op": "none", "target": 25, "source": 45}, {"op": "none", "target": 26, "source": 45}, {"op": "none", "target": 27, "source": 45}, {"op": "none", "target": 28, "source": 9}, {"op": "none", "target": 29, "source": 28}, {"op": "none", "target": 30, "source": 39}, {"op": "none", "target": 31, "source": 45}, {"op": "none", "target": 32, "source": 9}, {"op": "none", "target": 33, "source": 45}, {"op": "none", "target": 34, "source": 45}, {"op": "none", "target": 35, "source": 10}, {"op": "none", "target": 36, "source": 22}, {"op": "none", "target": 37, "source": 44}, {"op": "none", "target": 38, "source": 45}, {"op": "none", "target": 39, "source": 45}, {"op": "none", "target": 40, "source": 45}, {"op": "none", "target": 41, "source": 9}, {"op": "none", "target": 42, "source": 45}, {"op": "none", "target": 43, "source": 45}, {"op": "none", "target": 44, "source": 45}, {"op": "none", "target": 46, "source": 45}], "title": "_Man_observing_an_oil_painting_of_himself", "nodes": [{"id": "g1420_d07mjz4", "comment": "[Vigo](http://i.imgur.com/E6Zj6iY.jpg)", "date": "2016-02-20 20:09:39", "seriesname": "g1420_d07mjz4", "file": "/media/jbrogan4/scratch2/Reddit_Prov_Dataset_v6/_Man_observing_an_oil_painting_of_himself/g1420_d07mjz4.jpg", "URL": "http://i.imgur.com/E6Zj6iY.jpg", "fileid": "g1420_d07mjz4.jpg"}, {"id": "g1420_d07eddm", "comment": "[21 years later, William still can't see the god damned sailboat.](http://i.imgur.com/LIgIygi.jpg) ", "date": "2016-02-20 16:13:47", "seriesname": "g1420_d07eddm", "file": "/media/jbrogan4/scratch2/Reddit_Prov_Dataset_v6/_Man_observing_an_oil_painting_of_himself/g1420_d07eddm.jpg", "URL": "http://i.imgur.com/LIgIygi.jpg", "fileid": "g1420_d07eddm.jpg"}, {"id": "g1420_d07kwkf", "comment": "[Well...](http://i.imgur.com/g5aXeUx.png)\n\nEdit: Well, shit. I just changed the comments to best to see all of the top comments with this idea. Guess it's a different angle to it!", "date": "2016-02-20 19:20:47", "seriesname": "g1420_d07kwkf", "file": "/media/jbrogan4/scratch2/Reddit_Prov_Dataset_v6/_Man_observing_an_oil_painting_of_himself/g1420_d07kwkf.png", "URL": "http://i.imgur.com/g5aXeUx.png", "fileid": "g1420_d07kwkf.png"}, {"id": "g1420_d07jk2p", "comment": "[Yeah, I\u2019m a great quitter. It\u2019s one of the few things I do well. I come from a long line of quitters. My father was a quitter, my grandfather was a quitter\u2026 I was raised to give up.](http://i.imgur.com/YRQPn5o.jpg)", "date": "2016-02-20 18:41:31", "seriesname": "g1420_d07jk2p", "file": "/media/jbrogan4/scratch2/Reddit_Prov_Dataset_v6/_Man_observing_an_oil_painting_of_himself/g1420_d07jk2p.jpg", "URL": "http://i.imgur.com/YRQPn5o.jpg", "fileid": "g1420_d07jk2p.jpg"}, {"id": "g1420_d07l9on", "comment": "[Dickbutt](http://i.imgur.com/DJ1Cmn2.jpg)", "date": "2016-02-20 19:31:43", "seriesname": "g1420_d07l9on", "file": "/media/jbrogan4/scratch2/Reddit_Prov_Dataset_v6/_Man_observing_an_oil_painting_of_himself/g1420_d07l9on.jpg", "URL": "http://i.imgur.com/DJ1Cmn2.jpg", "fileid": "g1420_d07l9on.jpg"}, {"id": "g1420_d07kpou", "comment": "[He loves Bernie Jesus](http://imgur.com/ealL7Kx)", "date": "2016-02-20 19:15:04", "seriesname": "g1420_d07kpou", "file": "/media/jbrogan4/scratch2/Reddit_Prov_Dataset_v6/_Man_observing_an_oil_painting_of_himself/g1420_d07kpou.png", "URL": "http://i.imgur.com/ealL7Kx.png", "fileid": "g1420_d07kpou.png"}, {"id": "g1420_d07e24r", "comment": "[my first thought right when I saw the title](http://imgur.com/S4xUhcO)", "date": "2016-02-20 16:04:26", "seriesname": "g1420_d07e24r", "file": "/media/jbrogan4/scratch2/Reddit_Prov_Dataset_v6/_Man_observing_an_oil_painting_of_himself/g1420_d07e24r.png", "URL": "http://i.imgur.com/S4xUhcO.png", "fileid": "g1420_d07e24r.png"}, {"id": "g1420_d07f7pg", "comment": "Nice Mallrats reference. Now with more [reference.](http://i.imgur.com/hiZSfbS.jpg)", "date": "2016-02-20 16:39:17", "seriesname": "g1420_d07f7pg", "file": "/media/jbrogan4/scratch2/Reddit_Prov_Dataset_v6/_Man_observing_an_oil_painting_of_himself/g1420_d07f7pg.jpg", "URL": "http://i.imgur.com/hiZSfbS.jpg", "fileid": "g1420_d07f7pg.jpg"}, {"id": "g1420_d073aal", "comment": "[They are like the buzzing of flies to you](http://i.imgur.com/lgfBhBd.jpg)", "date": "2016-02-20 10:34:21", "seriesname": "g1420_d073aal", "file": "/media/jbrogan4/scratch2/Reddit_Prov_Dataset_v6/_Man_observing_an_oil_painting_of_himself/g1420_d073aal.jpg", "URL": "http://i.imgur.com/lgfBhBd.jpg", "fileid": "g1420_d073aal.jpg"}, {"id": "g1420_d072i9h", "comment": "[art](http://i.imgur.com/1Iqma35.jpg)", "date": "2016-02-20 10:05:07", "seriesname": "g1420_d072i9h", "file": "/media/jbrogan4/scratch2/Reddit_Prov_Dataset_v6/_Man_observing_an_oil_painting_of_himself/g1420_d072i9h.jpg", "URL": "http://i.imgur.com/1Iqma35.jpg", "fileid": "g1420_d072i9h.jpg"}, {"id": "g1420_d074ks2", "comment": "[Who let her in?](http://i.imgur.com/OZ5HMm5.jpg)", "date": "2016-02-20 11:17:47", "seriesname": "g1420_d074ks2", "file": "/media/jbrogan4/scratch2/Reddit_Prov_Dataset_v6/_Man_observing_an_oil_painting_of_himself/g1420_d074ks2.jpg", "URL": "http://i.imgur.com/OZ5HMm5.jpg", "fileid": "g1420_d074ks2.jpg"}, {"id": "g1420_d07o01e", "comment": "[Contemplation](http://i.imgur.com/VualA0x.jpg)", "date": "2016-02-20 20:52:22", "seriesname": "g1420_d07o01e", "file": "/media/jbrogan4/scratch2/Reddit_Prov_Dataset_v6/_Man_observing_an_oil_painting_of_himself/g1420_d07o01e.jpg", "URL": "http://i.imgur.com/VualA0x.jpg", "fileid": "g1420_d07o01e.jpg"}, {"id": "g1420_d073g7x", "comment": "[Make sure it's clean](http://i.imgur.com/iGku4Z8.jpg)", "date": "2016-02-20 10:40:19", "seriesname": "g1420_d073g7x", "file": "/media/jbrogan4/scratch2/Reddit_Prov_Dataset_v6/_Man_observing_an_oil_painting_of_himself/g1420_d073g7x.jpg", "URL": "http://i.imgur.com/iGku4Z8.jpg", "fileid": "g1420_d073g7x.jpg"}, {"id": "g1420_d07iddy", "comment": "***It's a whee bit smaller than I thought'd be.***\n\nhttp://i.imgur.com/EYKJjvS.jpg", "date": "2016-02-20 18:07:57", "seriesname": "g1420_d07iddy", "file": "/media/jbrogan4/scratch2/Reddit_Prov_Dataset_v6/_Man_observing_an_oil_painting_of_himself/g1420_d07iddy.jpg", "URL": "http://i.imgur.com/EYKJjvS.jpg", "fileid": "g1420_d07iddy.jpg"}, {"id": "g1420_d07hbgc", "comment": "[Nein! Wo ist mein Schnurrbart?](http://i.imgur.com/hztW2GH.jpg)\nNein, nein, nein. I should be studying, not doing photoshops.. ", "date": "2016-02-20 17:38:24", "seriesname": "g1420_d07hbgc", "file": "/media/jbrogan4/scratch2/Reddit_Prov_Dataset_v6/_Man_observing_an_oil_painting_of_himself/g1420_d07hbgc.jpg", "URL": "http://i.imgur.com/hztW2GH.jpg", "fileid": "g1420_d07hbgc.jpg"}, {"id": "g1420_d07hiuz", "comment": "[Mona Lisa](http://i.imgur.com/HwcX5ND.jpg)", "date": "2016-02-20 17:44:10", "seriesname": "g1420_d07hiuz", "file": "/media/jbrogan4/scratch2/Reddit_Prov_Dataset_v6/_Man_observing_an_oil_painting_of_himself/g1420_d07hiuz.jpg", "URL": "http://i.imgur.com/HwcX5ND.jpg", "fileid": "g1420_d07hiuz.jpg"}, {"id": "g1420_d07aa3d", "comment": "[What he REALLY wanted](http://imgur.com/6d9DNJM)", "date": "2016-02-20 14:09:46", "seriesname": "g1420_d07aa3d", "file": "/media/jbrogan4/scratch2/Reddit_Prov_Dataset_v6/_Man_observing_an_oil_painting_of_himself/g1420_d07aa3d.png", "URL": "http://i.imgur.com/6d9DNJM.png", "fileid": "g1420_d07aa3d.png"}, {"id": "g1420_d07fg08", "comment": "[Newman Buys a Kramer](http://i.imgur.com/tdswXaA.png).", "date": "2016-02-20 16:46:09", "seriesname": "g1420_d07fg08", "file": "/media/jbrogan4/scratch2/Reddit_Prov_Dataset_v6/_Man_observing_an_oil_painting_of_himself/g1420_d07fg08.jpg", "URL": "http://i.imgur.com/tdswXaA.png).", "fileid": "g1420_d07fg08."}, {"id": "g1420_d07m79f", "comment": "[When I was young, it seemed that life was so wonderful...](http://i.imgur.com/K6rurOL.jpg)", "date": "2016-02-20 19:59:11", "seriesname": "g1420_d07m79f", "file": "/media/jbrogan4/scratch2/Reddit_Prov_Dataset_v6/_Man_observing_an_oil_painting_of_himself/g1420_d07m79f.jpg", "URL": "http://i.imgur.com/K6rurOL.jpg", "fileid": "g1420_d07m79f.jpg"}, {"id": "g1420_d077dyt", "comment": "[A souvenir](http://i.imgur.com/iwd2OKf.png).", "date": "2016-02-20 12:44:08", "seriesname": "g1420_d077dyt", "file": "/media/jbrogan4/scratch2/Reddit_Prov_Dataset_v6/_Man_observing_an_oil_painting_of_himself/g1420_d077dyt.jpg", "URL": "http://i.imgur.com/iwd2OKf.png).", "fileid": "g1420_d077dyt."}, {"id": "g1420_d07q6fh", "comment": "[I know that this sucks](http://i.imgur.com/zUtdEGy.jpg)", "date": "2016-02-20 21:57:56", "seriesname": "g1420_d07q6fh", "file": "/media/jbrogan4/scratch2/Reddit_Prov_Dataset_v6/_Man_observing_an_oil_painting_of_himself/g1420_d07q6fh.jpg", "URL": "http://i.imgur.com/zUtdEGy.jpg", "fileid": "g1420_d07q6fh.jpg"}, {"id": "g1420_d073x85", "comment": "[NFSW?](http://i.imgur.com/k8iChIU.jpg)", "date": "2016-02-20 10:56:24", "seriesname": "g1420_d073x85", "file": "/media/jbrogan4/scratch2/Reddit_Prov_Dataset_v6/_Man_observing_an_oil_painting_of_himself/g1420_d073x85.jpg", "URL": "http://i.imgur.com/k8iChIU.jpg", "fileid": "g1420_d073x85.jpg"}, {"id": "g1420_d079zgm", "comment": "[Observer](http://i.imgur.com/HaS5Xo9.jpg)", "date": "2016-02-20 14:01:00", "seriesname": "g1420_d079zgm", "file": "/media/jbrogan4/scratch2/Reddit_Prov_Dataset_v6/_Man_observing_an_oil_painting_of_himself/g1420_d079zgm.jpg", "URL": "http://i.imgur.com/HaS5Xo9.jpg", "fileid": "g1420_d079zgm.jpg"}, {"id": "g1420_d07xkkh", "comment": "I couldn't really find a good sized one that was a standalone. [This is the closest I could find that was a decent size.](http://i.imgur.com/LVJumHr.jpg)", "date": "2016-02-21 02:45:24", "seriesname": "g1420_d07xkkh", "file": "/media/jbrogan4/scratch2/Reddit_Prov_Dataset_v6/_Man_observing_an_oil_painting_of_himself/g1420_d07xkkh.jpg", "URL": "http://i.imgur.com/LVJumHr.jpg", "fileid": "g1420_d07xkkh.jpg"}, {"id": "g1420_d07egml", "comment": "[random h3?](http://i.imgur.com/eOLiaEv.png)", "date": "2016-02-20 16:16:32", "seriesname": "g1420_d07egml", "file": "/media/jbrogan4/scratch2/Reddit_Prov_Dataset_v6/_Man_observing_an_oil_painting_of_himself/g1420_d07egml.png", "URL": "http://i.imgur.com/eOLiaEv.png", "fileid": "g1420_d07egml.png"}, {"id": "g1420_d07a9nh", "comment": "[Transcendence](http://i.imgur.com/fBfAPIs.jpg?1)", "date": "2016-02-20 14:09:25", "seriesname": "g1420_d07a9nh", "file": "/media/jbrogan4/scratch2/Reddit_Prov_Dataset_v6/_Man_observing_an_oil_painting_of_himself/g1420_d07a9nh.jpg", "URL": "http://i.imgur.com/fBfAPIs.jpg?1", "fileid": "g1420_d07a9nh.jpg"}, {"id": "g1420_d07a0vd", "comment": "[That color suits him.](http://i.imgur.com/7Hojrjp.jpg)", "date": "2016-02-20 14:02:08", "seriesname": "g1420_d07a0vd", "file": "/media/jbrogan4/scratch2/Reddit_Prov_Dataset_v6/_Man_observing_an_oil_painting_of_himself/g1420_d07a0vd.jpg", "URL": "http://i.imgur.com/7Hojrjp.jpg", "fileid": "g1420_d07a0vd.jpg"}, {"id": "g1420_d07ek9q", "comment": "Let's class this joint up a little. Finally proof I have a [girlfriend.](http://i.imgur.com/2a0DkK9.jpg)", "date": "2016-02-20 16:19:37", "seriesname": "g1420_d07ek9q", "file": "/media/jbrogan4/scratch2/Reddit_Prov_Dataset_v6/_Man_observing_an_oil_painting_of_himself/g1420_d07ek9q.jpg", "URL": "http://i.imgur.com/2a0DkK9.jpg", "fileid": "g1420_d07ek9q.jpg"}, {"id": "g1420_d073dks", "comment": "[LOL, samesies.](http://i.imgur.com/FHX6Zuc.jpg)", "date": "2016-02-20 10:37:39", "seriesname": "g1420_d073dks", "file": "/media/jbrogan4/scratch2/Reddit_Prov_Dataset_v6/_Man_observing_an_oil_painting_of_himself/g1420_d073dks.jpg", "URL": "http://i.imgur.com/FHX6Zuc.jpg", "fileid": "g1420_d073dks.jpg"}, {"id": "g1420_d073men", "comment": "[And here was me thinking I was gonna be first to post this idea!](http://i.imgur.com/7qMh9Id.jpg)", "date": "2016-02-20 10:46:15", "seriesname": "g1420_d073men", "file": "/media/jbrogan4/scratch2/Reddit_Prov_Dataset_v6/_Man_observing_an_oil_painting_of_himself/g1420_d073men.jpg", "URL": "http://i.imgur.com/7qMh9Id.jpg", "fileid": "g1420_d073men.jpg"}, {"id": "g1420_d07ar2s", "comment": "[I was working on something similar](http://i.imgur.com/WzOrpdJ.jpg)", "date": "2016-02-20 14:23:46", "seriesname": "g1420_d07ar2s", "file": "/media/jbrogan4/scratch2/Reddit_Prov_Dataset_v6/_Man_observing_an_oil_painting_of_himself/g1420_d07ar2s.jpg", "URL": "http://i.imgur.com/WzOrpdJ.jpg", "fileid": "g1420_d07ar2s.jpg"}, {"id": "g1420_d07gejr", "comment": "There seems to be something [in the way](http://i.imgur.com/XzI5m09.jpg)", "date": "2016-02-20 17:13:13", "seriesname": "g1420_d07gejr", "file": "/media/jbrogan4/scratch2/Reddit_Prov_Dataset_v6/_Man_observing_an_oil_painting_of_himself/g1420_d07gejr.jpg", "URL": "http://i.imgur.com/XzI5m09.jpg", "fileid": "g1420_d07gejr.jpg"}, {"id": "g1420_d074i74", "comment": "[The painting was delivered on an otherwise normal day in California.  It was perfect and he was pleased.  No one could have imagined that this would be the day...](http://imgur.com/X74Qcda)", "date": "2016-02-20 11:15:31", "seriesname": "g1420_d074i74", "file": "/media/jbrogan4/scratch2/Reddit_Prov_Dataset_v6/_Man_observing_an_oil_painting_of_himself/g1420_d074i74.png", "URL": "http://i.imgur.com/X74Qcda.png", "fileid": "g1420_d074i74.png"}, {"id": "g1420_d075x3w", "comment": "[\"We had it restored for you!\"](http://i.imgur.com/tQ49bnr.jpg)", "date": "2016-02-20 11:59:43", "seriesname": "g1420_d075x3w", "file": "/media/jbrogan4/scratch2/Reddit_Prov_Dataset_v6/_Man_observing_an_oil_painting_of_himself/g1420_d075x3w.jpg", "URL": "http://i.imgur.com/tQ49bnr.jpg", "fileid": "g1420_d075x3w.jpg"}, {"id": "g1420_d07g954", "comment": "[Tsipras ain't so happy about the new gift from germoney](http://i.imgur.com/26SilKA.jpg)", "date": "2016-02-20 17:08:58", "seriesname": "g1420_d07g954", "file": "/media/jbrogan4/scratch2/Reddit_Prov_Dataset_v6/_Man_observing_an_oil_painting_of_himself/g1420_d07g954.jpg", "URL": "http://i.imgur.com/26SilKA.jpg", "fileid": "g1420_d07g954.jpg"}, {"id": "g1420_d076qfx", "comment": "[Say hello to your new friends...](http://i.imgur.com/9QaD1xW.jpg)", "date": "2016-02-20 12:24:33", "seriesname": "g1420_d076qfx", "file": "/media/jbrogan4/scratch2/Reddit_Prov_Dataset_v6/_Man_observing_an_oil_painting_of_himself/g1420_d076qfx.jpg", "URL": "http://i.imgur.com/9QaD1xW.jpg", "fileid": "g1420_d076qfx.jpg"}, {"id": "g1420_d07aam5", "comment": "I was expecting an observer from Fringe\n\nhttp://www.caliqo.com/ebay/hats_masks_gloves/fringe_observer_hat05.jpg", "date": "2016-02-20 14:10:12", "seriesname": "g1420_d07aam5", "file": "/media/jbrogan4/scratch2/Reddit_Prov_Dataset_v6/_Man_observing_an_oil_painting_of_himself/g1420_d07aam5.jpg", "URL": "http://www.caliqo.com/ebay/hats_masks_gloves/fringe_observer_hat05.jpg", "fileid": "g1420_d07aam5.jpg"}, {"id": "g1420_d07de39", "comment": "[Deeper!](http://imgur.com/uZnM0VD)", "date": "2016-02-20 15:44:20", "seriesname": "g1420_d07de39", "file": "/media/jbrogan4/scratch2/Reddit_Prov_Dataset_v6/_Man_observing_an_oil_painting_of_himself/g1420_d07de39.png", "URL": "http://i.imgur.com/uZnM0VD.png", "fileid": "g1420_d07de39.png"}, {"id": "g1420_d07otwk", "comment": "[next lel propaganda grind](http://imgur.com/qwLC03M)\n", "date": "2016-02-20 21:17:09", "seriesname": "g1420_d07otwk", "file": "/media/jbrogan4/scratch2/Reddit_Prov_Dataset_v6/_Man_observing_an_oil_painting_of_himself/g1420_d07otwk.png", "URL": "http://i.imgur.com/qwLC03M.png", "fileid": "g1420_d07otwk.png"}, {"id": "g1420_d072kka", "comment": "[Praise be!](http://i.imgur.com/kXXGCtb.jpg)", "date": "2016-02-20 10:07:39", "seriesname": "g1420_d072kka", "file": "/media/jbrogan4/scratch2/Reddit_Prov_Dataset_v6/_Man_observing_an_oil_painting_of_himself/g1420_d072kka.jpg", "URL": "http://i.imgur.com/kXXGCtb.jpg", "fileid": "g1420_d072kka.jpg"}, {"id": "g1420_d079bnd", "comment": "[Shkaaa, shkaaa, shkaaa](http://imgur.com/u6knGjZ)", "date": "2016-02-20 13:41:44", "seriesname": "g1420_d079bnd", "file": "/media/jbrogan4/scratch2/Reddit_Prov_Dataset_v6/_Man_observing_an_oil_painting_of_himself/g1420_d079bnd.png", "URL": "http://i.imgur.com/u6knGjZ.png", "fileid": "g1420_d079bnd.png"}, {"id": "g1420_d07jme0", "comment": "[\"Now it's art!\"](http://i.imgur.com/i3Zn1aj.jpg)\n\n-Squidward", "date": "2016-02-20 18:43:21", "seriesname": "g1420_d07jme0", "file": "/media/jbrogan4/scratch2/Reddit_Prov_Dataset_v6/_Man_observing_an_oil_painting_of_himself/g1420_d07jme0.jpg", "URL": "http://i.imgur.com/i3Zn1aj.jpg", "fileid": "g1420_d07jme0.jpg"}, {"id": "g1420_d077ljn", "comment": "[Vigo's cheered up a bit.](http://i.imgur.com/lcGJivX.jpg)", "date": "2016-02-20 12:50:29", "seriesname": "g1420_d077ljn", "file": "/media/jbrogan4/scratch2/Reddit_Prov_Dataset_v6/_Man_observing_an_oil_painting_of_himself/g1420_d077ljn.jpg", "URL": "http://i.imgur.com/lcGJivX.jpg", "fileid": "g1420_d077ljn.jpg"}, {"id": "g1420_d079njd", "comment": "[body dysmorphia](http://i.imgur.com/czB4hmH.jpg)", "date": "2016-02-20 13:51:21", "seriesname": "g1420_d079njd", "file": "/media/jbrogan4/scratch2/Reddit_Prov_Dataset_v6/_Man_observing_an_oil_painting_of_himself/g1420_d079njd.jpg", "URL": "http://i.imgur.com/czB4hmH.jpg", "fileid": "g1420_d079njd.jpg"}, {"id": "g1420_d078zu4", "comment": "[Beautiful beauty](http://i.imgur.com/cSCcHWL.jpg)", "date": "2016-02-20 13:32:09", "seriesname": "g1420_d078zu4", "file": "/media/jbrogan4/scratch2/Reddit_Prov_Dataset_v6/_Man_observing_an_oil_painting_of_himself/g1420_d078zu4.jpg", "URL": "http://i.imgur.com/cSCcHWL.jpg", "fileid": "g1420_d078zu4.jpg"}, {"id": "g1420_root", "comment": "", "date": "2016-02-20 09:22:41", "seriesname": "g1420_root", "file": "/media/jbrogan4/scratch2/Reddit_Prov_Dataset_v6/_Man_observing_an_oil_painting_of_himself/g1420_root.jpg", "URL": "http://i.imgur.com/qghwIHf.jpg", "fileid": "g1420_root.jpg"}, {"id": "g1420_d072hcb", "comment": "A man observing\n\nan oil painting of us all.\n\n[*Every one of us.*](http://i.imgur.com/w0RMiut.jpg)", "date": "2016-02-20 10:04:08", "seriesname": "g1420_d072hcb", "file": "/media/jbrogan4/scratch2/Reddit_Prov_Dataset_v6/_Man_observing_an_oil_painting_of_himself/g1420_d072hcb.jpg", "URL": "http://i.imgur.com/w0RMiut.jpg", "fileid": "g1420_d072hcb.jpg"}], "graph": {"name": "g1420_root"}, "directed": true}