{"links": [{"op": "none", "target": 0, "source": 53}, {"op": "none", "target": 1, "source": 53}, {"op": "none", "target": 2, "source": 53}, {"op": "none", "target": 3, "source": 53}, {"op": "none", "target": 4, "source": 53}, {"op": "none", "target": 5, "source": 53}, {"op": "none", "target": 6, "source": 53}, {"op": "none", "target": 7, "source": 53}, {"op": "none", "target": 8, "source": 53}, {"op": "none", "target": 9, "source": 53}, {"op": "none", "target": 10, "source": 53}, {"op": "none", "target": 11, "source": 53}, {"op": "none", "target": 12, "source": 53}, {"op": "none", "target": 13, "source": 53}, {"op": "none", "target": 14, "source": 53}, {"op": "none", "target": 15, "source": 53}, {"op": "none", "target": 16, "source": 53}, {"op": "none", "target": 17, "source": 13}, {"op": "none", "target": 18, "source": 53}, {"op": "none", "target": 19, "source": 53}, {"op": "none", "target": 20, "source": 53}, {"op": "none", "target": 21, "source": 53}, {"op": "none", "target": 22, "source": 53}, {"op": "none", "target": 23, "source": 53}, {"op": "none", "target": 24, "source": 53}, {"op": "none", "target": 25, "source": 53}, {"op": "none", "target": 26, "source": 53}, {"op": "none", "target": 27, "source": 53}, {"op": "none", "target": 28, "source": 37}, {"op": "none", "target": 29, "source": 53}, {"op": "none", "target": 30, "source": 53}, {"op": "none", "target": 31, "source": 53}, {"op": "none", "target": 32, "source": 53}, {"op": "none", "target": 33, "source": 53}, {"op": "none", "target": 34, "source": 53}, {"op": "none", "target": 35, "source": 47}, {"op": "none", "target": 36, "source": 53}, {"op": "none", "target": 37, "source": 53}, {"op": "none", "target": 38, "source": 53}, {"op": "none", "target": 39, "source": 53}, {"op": "none", "target": 40, "source": 53}, {"op": "none", "target": 41, "source": 53}, {"op": "none", "target": 42, "source": 53}, {"op": "none", "target": 43, "source": 53}, {"op": "none", "target": 44, "source": 53}, {"op": "none", "target": 45, "source": 53}, {"op": "none", "target": 46, "source": 53}, {"op": "none", "target": 47, "source": 53}, {"op": "none", "target": 48, "source": 53}, {"op": "none", "target": 49, "source": 53}, {"op": "none", "target": 50, "source": 53}, {"op": "none", "target": 51, "source": 53}, {"op": "none", "target": 52, "source": 53}, {"op": "none", "target": 54, "source": 6}], "title": "_A_low-flying_kestrel_in_mid-flap", "nodes": [{"id": "g1425_czgp4ih", "comment": "[Reload, Doctor Freeman!](http://i.imgur.com/d2kGlvs.png)", "date": "2016-01-29 14:00:58", "seriesname": "g1425_czgp4ih", "file": "/media/jbrogan4/scratch2/Reddit_Prov_Dataset_v6/_A_low-flying_kestrel_in_mid-flap/g1425_czgp4ih.png", "URL": "http://i.imgur.com/d2kGlvs.png", "fileid": "g1425_czgp4ih.png"}, {"id": "g1425_czgpaxk", "comment": "[http://i.imgur.com/KfOJbb4.jpg](http://i.imgur.com/KfOJbb4.jpg)", "date": "2016-01-29 14:05:05", "seriesname": "g1425_czgpaxk", "file": "/media/jbrogan4/scratch2/Reddit_Prov_Dataset_v6/_A_low-flying_kestrel_in_mid-flap/g1425_czgpaxk.jpg", "URL": "http://i.imgur.com/KfOJbb4.jpg](http://i.imgur.com/KfOJbb4.jpg", "fileid": "g1425_czgpaxk.jpg"}, {"id": "g1425_czgvjsh", "comment": "[IDENTIFY PROGRAM](http://i.imgur.com/uL6rwN3.jpg).\n\n(sorry for the MS Paint potato quality.)", "date": "2016-01-29 16:30:17", "seriesname": "g1425_czgvjsh", "file": "/media/jbrogan4/scratch2/Reddit_Prov_Dataset_v6/_A_low-flying_kestrel_in_mid-flap/g1425_czgvjsh.jpg", "URL": "http://i.imgur.com/uL6rwN3.jpg).", "fileid": "g1425_czgvjsh."}, {"id": "g1425_czgy3nb", "comment": "Tonto got a replacement. http://i.imgur.com/afOFPBh.jpg ", "date": "2016-01-29 17:34:21", "seriesname": "g1425_czgy3nb", "file": "/media/jbrogan4/scratch2/Reddit_Prov_Dataset_v6/_A_low-flying_kestrel_in_mid-flap/g1425_czgy3nb.jpg", "URL": "http://i.imgur.com/afOFPBh.jpg", "fileid": "g1425_czgy3nb.jpg"}, {"id": "g1425_czgqggq", "comment": "[Prince Vultan](http://i.imgur.com/1WVpbjQ.jpg)\n\nIt goes with his outfit...", "date": "2016-01-29 14:31:33", "seriesname": "g1425_czgqggq", "file": "/media/jbrogan4/scratch2/Reddit_Prov_Dataset_v6/_A_low-flying_kestrel_in_mid-flap/g1425_czgqggq.jpg", "URL": "http://i.imgur.com/1WVpbjQ.jpg", "fileid": "g1425_czgqggq.jpg"}, {"id": "g1425_czger9q", "comment": "[Yah, you betcha!](http://i.imgur.com/hfD7kBV.jpg)", "date": "2016-01-29 09:55:17", "seriesname": "g1425_czger9q", "file": "/media/jbrogan4/scratch2/Reddit_Prov_Dataset_v6/_A_low-flying_kestrel_in_mid-flap/g1425_czger9q.jpg", "URL": "http://i.imgur.com/hfD7kBV.jpg", "fileid": "g1425_czger9q.jpg"}, {"id": "g1425_czgm5az", "comment": "[A high-flying kestrel in mid-flap](http://i.imgur.com/p7zJvE5.jpg)", "date": "2016-01-29 12:53:32", "seriesname": "g1425_czgm5az", "file": "/media/jbrogan4/scratch2/Reddit_Prov_Dataset_v6/_A_low-flying_kestrel_in_mid-flap/g1425_czgm5az.jpg", "URL": "http://i.imgur.com/p7zJvE5.jpg", "fileid": "g1425_czgm5az.jpg"}, {"id": "g1425_czgohc8", "comment": "[Falconzord?](http://i.imgur.com/hhf07M3.jpg)", "date": "2016-01-29 13:46:22", "seriesname": "g1425_czgohc8", "file": "/media/jbrogan4/scratch2/Reddit_Prov_Dataset_v6/_A_low-flying_kestrel_in_mid-flap/g1425_czgohc8.jpg", "URL": "http://i.imgur.com/hhf07M3.jpg", "fileid": "g1425_czgohc8.jpg"}, {"id": "g1425_czgx0ct", "comment": "[The shuttle has landed](http://i.imgur.com/lNUWzWX.png)", "date": "2016-01-29 17:05:40", "seriesname": "g1425_czgx0ct", "file": "/media/jbrogan4/scratch2/Reddit_Prov_Dataset_v6/_A_low-flying_kestrel_in_mid-flap/g1425_czgx0ct.png", "URL": "http://i.imgur.com/lNUWzWX.png", "fileid": "g1425_czgx0ct.png"}, {"id": "g1425_czgml2o", "comment": "[Falcon Walker](http://imgur.com/0qYNZMV)", "date": "2016-01-29 13:03:08", "seriesname": "g1425_czgml2o", "file": "/media/jbrogan4/scratch2/Reddit_Prov_Dataset_v6/_A_low-flying_kestrel_in_mid-flap/g1425_czgml2o.png", "URL": "http://i.imgur.com/0qYNZMV.png", "fileid": "g1425_czgml2o.png"}, {"id": "g1425_czggjkn", "comment": "http://imgur.com/KGhDNzh.jpg", "date": "2016-01-29 10:42:58", "seriesname": "g1425_czggjkn", "file": "/media/jbrogan4/scratch2/Reddit_Prov_Dataset_v6/_A_low-flying_kestrel_in_mid-flap/g1425_czggjkn.jpg", "URL": "http://imgur.com/KGhDNzh.jpg", "fileid": "g1425_czggjkn.jpg"}, {"id": "g1425_czgtn77", "comment": "[Use the Force!](http://i.imgur.com/OZ3PZSF.jpg)", "date": "2016-01-29 15:45:38", "seriesname": "g1425_czgtn77", "file": "/media/jbrogan4/scratch2/Reddit_Prov_Dataset_v6/_A_low-flying_kestrel_in_mid-flap/g1425_czgtn77.jpg", "URL": "http://i.imgur.com/OZ3PZSF.jpg", "fileid": "g1425_czgtn77.jpg"}, {"id": "g1425_czglvux", "comment": "[birds in the future](http://i.imgur.com/neYYM8m.jpg)", "date": "2016-01-29 12:47:37", "seriesname": "g1425_czglvux", "file": "/media/jbrogan4/scratch2/Reddit_Prov_Dataset_v6/_A_low-flying_kestrel_in_mid-flap/g1425_czglvux.jpg", "URL": "http://i.imgur.com/neYYM8m.jpg", "fileid": "g1425_czglvux.jpg"}, {"id": "g1425_czgjtr0", "comment": "[war of the worlds anyone?](http://imgur.com/kZQR2sh)", "date": "2016-01-29 12:00:12", "seriesname": "g1425_czgjtr0", "file": "/media/jbrogan4/scratch2/Reddit_Prov_Dataset_v6/_A_low-flying_kestrel_in_mid-flap/g1425_czgjtr0.png", "URL": "http://i.imgur.com/kZQR2sh.png", "fileid": "g1425_czgjtr0.png"}, {"id": "g1425_czgkrch", "comment": "Someone over in /r/perfecttiming wanted to see him in flight. [So here you go.](http://i.imgur.com/4oPc06X.gif)", "date": "2016-01-29 12:21:53", "seriesname": "g1425_czgkrch", "file": "/media/jbrogan4/scratch2/Reddit_Prov_Dataset_v6/_A_low-flying_kestrel_in_mid-flap/g1425_czgkrch.jpg", "URL": "http://i.imgur.com/4oPc06X.gif", "fileid": "g1425_czgkrch.gif"}, {"id": "g1425_czgjl4w", "comment": "[Fuckin' windows!](http://i.imgur.com/l70GLcf.png)", "date": "2016-01-29 11:54:43", "seriesname": "g1425_czgjl4w", "file": "/media/jbrogan4/scratch2/Reddit_Prov_Dataset_v6/_A_low-flying_kestrel_in_mid-flap/g1425_czgjl4w.png", "URL": "http://i.imgur.com/l70GLcf.png", "fileid": "g1425_czgjl4w.png"}, {"id": "g1425_czghm8n", "comment": "[Kylo Ren's new shuttle](http://imgur.com/qBIUNtB)", "date": "2016-01-29 11:09:16", "seriesname": "g1425_czghm8n", "file": "/media/jbrogan4/scratch2/Reddit_Prov_Dataset_v6/_A_low-flying_kestrel_in_mid-flap/g1425_czghm8n.png", "URL": "http://i.imgur.com/qBIUNtB.png", "fileid": "g1425_czghm8n.png"}, {"id": "g1425_czgp7ww", "comment": "I had a similar idea but with the striders from HL2: http://i.imgur.com/d2kGlvs.png", "date": "2016-01-29 14:03:11", "seriesname": "g1425_czgp7ww", "file": "/media/jbrogan4/scratch2/Reddit_Prov_Dataset_v6/_A_low-flying_kestrel_in_mid-flap/g1425_czgp7ww.png", "URL": "http://i.imgur.com/d2kGlvs.png", "fileid": "g1425_czgp7ww.png"}, {"id": "g1425_czgk1qw", "comment": "[While we're on the subject of 2015 action movies\u2026](http://i.imgur.com/lrQgh81.jpg)", "date": "2016-01-29 12:05:23", "seriesname": "g1425_czgk1qw", "file": "/media/jbrogan4/scratch2/Reddit_Prov_Dataset_v6/_A_low-flying_kestrel_in_mid-flap/g1425_czgk1qw.jpg", "URL": "http://i.imgur.com/lrQgh81.jpg", "fileid": "g1425_czgk1qw.jpg"}, {"id": "g1425_czgu9wr", "comment": "Shitty, fast and super late but this was the first thing I thought of when I saw it and nobody put it! [Wheelers](http://imgur.com/s99TYPR)", "date": "2016-01-29 16:00:09", "seriesname": "g1425_czgu9wr", "file": "/media/jbrogan4/scratch2/Reddit_Prov_Dataset_v6/_A_low-flying_kestrel_in_mid-flap/g1425_czgu9wr.png", "URL": "http://i.imgur.com/s99TYPR.png", "fileid": "g1425_czgu9wr.png"}, {"id": "g1425_czgjwhl", "comment": "Star Wars you say? http://imgur.com/jAoG0Wj", "date": "2016-01-29 12:01:55", "seriesname": "g1425_czgjwhl", "file": "/media/jbrogan4/scratch2/Reddit_Prov_Dataset_v6/_A_low-flying_kestrel_in_mid-flap/g1425_czgjwhl.png", "URL": "http://i.imgur.com/jAoG0Wj.png", "fileid": "g1425_czgjwhl.png"}, {"id": "g1425_czggfw7", "comment": "[How is that possible?](http://i.imgur.com/KGx1bJ2.png)", "date": "2016-01-29 10:40:20", "seriesname": "g1425_czggfw7", "file": "/media/jbrogan4/scratch2/Reddit_Prov_Dataset_v6/_A_low-flying_kestrel_in_mid-flap/g1425_czggfw7.png", "URL": "http://i.imgur.com/KGx1bJ2.png", "fileid": "g1425_czggfw7.png"}, {"id": "g1425_czgi8do", "comment": "[Kylo wRen's Ship](http://i.imgur.com/kcwonbs.png)", "date": "2016-01-29 11:23:27", "seriesname": "g1425_czgi8do", "file": "/media/jbrogan4/scratch2/Reddit_Prov_Dataset_v6/_A_low-flying_kestrel_in_mid-flap/g1425_czgi8do.png", "URL": "http://i.imgur.com/kcwonbs.png", "fileid": "g1425_czgi8do.png"}, {"id": "g1425_czhhno0", "comment": "[Gimp's sleeping.](https://i.imgur.com/xnjRwyZ.jpg)", "date": "2016-01-30 07:27:53", "seriesname": "g1425_czhhno0", "file": "/media/jbrogan4/scratch2/Reddit_Prov_Dataset_v6/_A_low-flying_kestrel_in_mid-flap/g1425_czhhno0.jpg", "URL": "https://i.imgur.com/xnjRwyZ.jpg", "fileid": "g1425_czhhno0.jpg"}, {"id": "g1425_czgiy05", "comment": "[Merger](http://i.imgur.com/3D6VADb.jpg)", "date": "2016-01-29 11:39:52", "seriesname": "g1425_czgiy05", "file": "/media/jbrogan4/scratch2/Reddit_Prov_Dataset_v6/_A_low-flying_kestrel_in_mid-flap/g1425_czgiy05.jpg", "URL": "http://i.imgur.com/3D6VADb.jpg", "fileid": "g1425_czgiy05.jpg"}, {"id": "g1425_czgl14e", "comment": "[Bravo India Romeo Delta  Mike Alfa November! You are all clear for takeoff! **GO GO GO!**](http://i.imgur.com/t4P50QQ.jpg)\n\n", "date": "2016-01-29 12:28:02", "seriesname": "g1425_czgl14e", "file": "/media/jbrogan4/scratch2/Reddit_Prov_Dataset_v6/_A_low-flying_kestrel_in_mid-flap/g1425_czgl14e.jpg", "URL": "http://i.imgur.com/t4P50QQ.jpg", "fileid": "g1425_czgl14e.jpg"}, {"id": "g1425_czgi7kc", "comment": "[Pizza Saver insures a cheese-free lid!](http://i.imgur.com/wNdjtX0.jpg)", "date": "2016-01-29 11:22:56", "seriesname": "g1425_czgi7kc", "file": "/media/jbrogan4/scratch2/Reddit_Prov_Dataset_v6/_A_low-flying_kestrel_in_mid-flap/g1425_czgi7kc.jpg", "URL": "http://i.imgur.com/wNdjtX0.jpg", "fileid": "g1425_czgi7kc.jpg"}, {"id": "g1425_czgg23x", "comment": "[Aggressive Swingset](http://i.imgur.com/B3loyfv.jpg)", "date": "2016-01-29 10:30:33", "seriesname": "g1425_czgg23x", "file": "/media/jbrogan4/scratch2/Reddit_Prov_Dataset_v6/_A_low-flying_kestrel_in_mid-flap/g1425_czgg23x.jpg", "URL": "http://i.imgur.com/B3loyfv.jpg", "fileid": "g1425_czgg23x.jpg"}, {"id": "g1425_czgihzr", "comment": "http://i.imgur.com/96CTJh1.jpg", "date": "2016-01-29 11:29:40", "seriesname": "g1425_czgihzr", "file": "/media/jbrogan4/scratch2/Reddit_Prov_Dataset_v6/_A_low-flying_kestrel_in_mid-flap/g1425_czgihzr.jpg", "URL": "http://i.imgur.com/96CTJh1.jpg", "fileid": "g1425_czgihzr.jpg"}, {"id": "g1425_czgoime", "comment": "[Trump](http://imgur.com/mi0WnvU)", "date": "2016-01-29 13:47:13", "seriesname": "g1425_czgoime", "file": "/media/jbrogan4/scratch2/Reddit_Prov_Dataset_v6/_A_low-flying_kestrel_in_mid-flap/g1425_czgoime.png", "URL": "http://i.imgur.com/mi0WnvU.png", "fileid": "g1425_czgoime.png"}, {"id": "g1425_czh5m2z", "comment": "[Autonomous](http://i.imgur.com/2ceOhlc.jpg)\n", "date": "2016-01-29 21:17:06", "seriesname": "g1425_czh5m2z", "file": "/media/jbrogan4/scratch2/Reddit_Prov_Dataset_v6/_A_low-flying_kestrel_in_mid-flap/g1425_czh5m2z.jpg", "URL": "http://i.imgur.com/2ceOhlc.jpg", "fileid": "g1425_czh5m2z.jpg"}, {"id": "g1425_czgngiw", "comment": "[Watch Out Kylo Renn is on your tail](http://i.imgur.com/kE8pNyL.jpg)", "date": "2016-01-29 13:23:02", "seriesname": "g1425_czgngiw", "file": "/media/jbrogan4/scratch2/Reddit_Prov_Dataset_v6/_A_low-flying_kestrel_in_mid-flap/g1425_czgngiw.jpg", "URL": "http://i.imgur.com/kE8pNyL.jpg", "fileid": "g1425_czgngiw.jpg"}, {"id": "g1425_czgkq4o", "comment": "[K-Rod denies performance-enhancing drugs reports; \"I've never used steroids!\"](http://i.imgur.com/AnSoxMP.jpg)", "date": "2016-01-29 12:21:08", "seriesname": "g1425_czgkq4o", "file": "/media/jbrogan4/scratch2/Reddit_Prov_Dataset_v6/_A_low-flying_kestrel_in_mid-flap/g1425_czgkq4o.jpg", "URL": "http://i.imgur.com/AnSoxMP.jpg", "fileid": "g1425_czgkq4o.jpg"}, {"id": "g1425_czgi4xi", "comment": "[Imposter](http://i.imgur.com/p31mro2.jpg)", "date": "2016-01-29 11:21:13", "seriesname": "g1425_czgi4xi", "file": "/media/jbrogan4/scratch2/Reddit_Prov_Dataset_v6/_A_low-flying_kestrel_in_mid-flap/g1425_czgi4xi.jpg", "URL": "http://i.imgur.com/p31mro2.jpg", "fileid": "g1425_czgi4xi.jpg"}, {"id": "g1425_czgiylq", "comment": "[A star, a star, shining in the night....](http://i.imgur.com/9KlV9Zt.png)", "date": "2016-01-29 11:40:14", "seriesname": "g1425_czgiylq", "file": "/media/jbrogan4/scratch2/Reddit_Prov_Dataset_v6/_A_low-flying_kestrel_in_mid-flap/g1425_czgiylq.png", "URL": "http://i.imgur.com/9KlV9Zt.png", "fileid": "g1425_czgiylq.png"}, {"id": "g1425_czgi4q0", "comment": "[Happy ending](http://imgur.com/cIRw3Ci)", "date": "2016-01-29 11:21:05", "seriesname": "g1425_czgi4q0", "file": "/media/jbrogan4/scratch2/Reddit_Prov_Dataset_v6/_A_low-flying_kestrel_in_mid-flap/g1425_czgi4q0.png", "URL": "http://i.imgur.com/cIRw3Ci.png", "fileid": "g1425_czgi4q0.png"}, {"id": "g1425_czgideg", "comment": "[trump hawk toupee](http://imgur.com/OpGUOFz)", "date": "2016-01-29 11:26:42", "seriesname": "g1425_czgideg", "file": "/media/jbrogan4/scratch2/Reddit_Prov_Dataset_v6/_A_low-flying_kestrel_in_mid-flap/g1425_czgideg.png", "URL": "http://i.imgur.com/OpGUOFz.png", "fileid": "g1425_czgideg.png"}, {"id": "g1425_czghn9h", "comment": "[Call on the field is a touchdown.](http://i.imgur.com/XHvK0sb.jpg)\n\nEdit: Thanks for the gold!", "date": "2016-01-29 11:09:56", "seriesname": "g1425_czghn9h", "file": "/media/jbrogan4/scratch2/Reddit_Prov_Dataset_v6/_A_low-flying_kestrel_in_mid-flap/g1425_czghn9h.jpg", "URL": "http://i.imgur.com/XHvK0sb.jpg", "fileid": "g1425_czghn9h.jpg"}, {"id": "g1425_czgkczd", "comment": "[I'm flying!](http://i.imgur.com/yOqmRuf.jpg)", "date": "2016-01-29 12:12:39", "seriesname": "g1425_czgkczd", "file": "/media/jbrogan4/scratch2/Reddit_Prov_Dataset_v6/_A_low-flying_kestrel_in_mid-flap/g1425_czgkczd.jpg", "URL": "http://i.imgur.com/yOqmRuf.jpg", "fileid": "g1425_czgkczd.jpg"}, {"id": "g1425_czha0pq", "comment": "[Vulture Droid](http://imgur.com/gallery/Xc9Tmhe)", "date": "2016-01-29 23:53:33", "seriesname": "g1425_czha0pq", "file": "/media/jbrogan4/scratch2/Reddit_Prov_Dataset_v6/_A_low-flying_kestrel_in_mid-flap/g1425_czha0pq.png", "URL": "http://i.imgur.com/Xc9Tmhe.png", "fileid": "g1425_czha0pq.png"}, {"id": "g1425_czgoypc", "comment": "[Assault on Hoth](http://i.imgur.com/Sbrn4bR.jpg)", "date": "2016-01-29 13:57:20", "seriesname": "g1425_czgoypc", "file": "/media/jbrogan4/scratch2/Reddit_Prov_Dataset_v6/_A_low-flying_kestrel_in_mid-flap/g1425_czgoypc.jpg", "URL": "http://i.imgur.com/Sbrn4bR.jpg", "fileid": "g1425_czgoypc.jpg"}, {"id": "g1425_czgkwqt", "comment": "We're under attack!\n\nhttp://imgur.com/fFAYUEq", "date": "2016-01-29 12:25:14", "seriesname": "g1425_czgkwqt", "file": "/media/jbrogan4/scratch2/Reddit_Prov_Dataset_v6/_A_low-flying_kestrel_in_mid-flap/g1425_czgkwqt.png", "URL": "http://i.imgur.com/fFAYUEq.png", "fileid": "g1425_czgkwqt.png"}, {"id": "g1425_czgm9aq", "comment": "[Potty trained](http://imgur.com/Mc59eZL)", "date": "2016-01-29 12:55:56", "seriesname": "g1425_czgm9aq", "file": "/media/jbrogan4/scratch2/Reddit_Prov_Dataset_v6/_A_low-flying_kestrel_in_mid-flap/g1425_czgm9aq.png", "URL": "http://i.imgur.com/Mc59eZL.png", "fileid": "g1425_czgm9aq.png"}, {"id": "g1425_czgjpxe", "comment": "[Mine](http://i.imgur.com/siZ2pOK.jpg)\n\n[animated version](https://media.giphy.com/media/l2JIhIZq0vLTUcLEk/giphy.gif)", "date": "2016-01-29 11:57:49", "seriesname": "g1425_czgjpxe", "file": "/media/jbrogan4/scratch2/Reddit_Prov_Dataset_v6/_A_low-flying_kestrel_in_mid-flap/g1425_czgjpxe.jpg", "URL": "https://media.giphy.com/media/l2JIhIZq0vLTUcLEk/giphy.gif", "fileid": "g1425_czgjpxe.gif"}, {"id": "g1425_czgh2k9", "comment": "[So majestic](http://imgur.com/Gfi3Aw1)", "date": "2016-01-29 10:56:04", "seriesname": "g1425_czgh2k9", "file": "/media/jbrogan4/scratch2/Reddit_Prov_Dataset_v6/_A_low-flying_kestrel_in_mid-flap/g1425_czgh2k9.png", "URL": "http://i.imgur.com/Gfi3Aw1.png", "fileid": "g1425_czgh2k9.png"}, {"id": "g1425_czgl4q2", "comment": "[I don't know why no one flipped the wings yet](http://imgur.com/R4yWt3i)", "date": "2016-01-29 12:30:21", "seriesname": "g1425_czgl4q2", "file": "/media/jbrogan4/scratch2/Reddit_Prov_Dataset_v6/_A_low-flying_kestrel_in_mid-flap/g1425_czgl4q2.png", "URL": "http://i.imgur.com/R4yWt3i.png", "fileid": "g1425_czgl4q2.png"}, {"id": "g1425_czgek3z", "comment": "[Bring me mutton and mead](http://i.imgur.com/qFkWMzD.jpg)", "date": "2016-01-29 09:49:39", "seriesname": "g1425_czgek3z", "file": "/media/jbrogan4/scratch2/Reddit_Prov_Dataset_v6/_A_low-flying_kestrel_in_mid-flap/g1425_czgek3z.jpg", "URL": "http://i.imgur.com/qFkWMzD.jpg", "fileid": "g1425_czgek3z.jpg"}, {"id": "g1425_czgg7m0", "comment": "[The Hero we Deserve](http://imgur.com/fDUOMbB)", "date": "2016-01-29 10:34:27", "seriesname": "g1425_czgg7m0", "file": "/media/jbrogan4/scratch2/Reddit_Prov_Dataset_v6/_A_low-flying_kestrel_in_mid-flap/g1425_czgg7m0.png", "URL": "http://i.imgur.com/fDUOMbB.png", "fileid": "g1425_czgg7m0.png"}, {"id": "g1425_czgg6a2", "comment": "http://imgur.com/yePD7Iw.jpg", "date": "2016-01-29 10:33:30", "seriesname": "g1425_czgg6a2", "file": "/media/jbrogan4/scratch2/Reddit_Prov_Dataset_v6/_A_low-flying_kestrel_in_mid-flap/g1425_czgg6a2.jpg", "URL": "http://imgur.com/yePD7Iw.jpg", "fileid": "g1425_czgg6a2.jpg"}, {"id": "g1425_czhf5rw", "comment": "[In the Victorian era, these sorts of hats were high fashion.](http://imgur.com/8d41bPQ)", "date": "2016-01-30 04:21:07", "seriesname": "g1425_czhf5rw", "file": "/media/jbrogan4/scratch2/Reddit_Prov_Dataset_v6/_A_low-flying_kestrel_in_mid-flap/g1425_czhf5rw.png", "URL": "http://i.imgur.com/8d41bPQ.png", "fileid": "g1425_czhf5rw.png"}, {"id": "g1425_czha8rz", "comment": "http://imgur.com/GRBFRCT\n", "date": "2016-01-30 00:01:59", "seriesname": "g1425_czha8rz", "file": "/media/jbrogan4/scratch2/Reddit_Prov_Dataset_v6/_A_low-flying_kestrel_in_mid-flap/g1425_czha8rz.png", "URL": "http://i.imgur.com/GRBFRCT.png", "fileid": "g1425_czha8rz.png"}, {"id": "g1425_czgtmka", "comment": "[Run away!](http://i.imgur.com/txUdrC1.jpg)", "date": "2016-01-29 15:45:12", "seriesname": "g1425_czgtmka", "file": "/media/jbrogan4/scratch2/Reddit_Prov_Dataset_v6/_A_low-flying_kestrel_in_mid-flap/g1425_czgtmka.jpg", "URL": "http://i.imgur.com/txUdrC1.jpg", "fileid": "g1425_czgtmka.jpg"}, {"id": "g1425_czgtlcf", "comment": "It was alot funnier in my head.. http://imgur.com/Ytydpdu", "date": "2016-01-29 15:44:26", "seriesname": "g1425_czgtlcf", "file": "/media/jbrogan4/scratch2/Reddit_Prov_Dataset_v6/_A_low-flying_kestrel_in_mid-flap/g1425_czgtlcf.png", "URL": "http://i.imgur.com/Ytydpdu.png", "fileid": "g1425_czgtlcf.png"}, {"id": "g1425_root", "comment": "", "date": "2016-01-29 08:50:49", "seriesname": "g1425_root", "file": "/media/jbrogan4/scratch2/Reddit_Prov_Dataset_v6/_A_low-flying_kestrel_in_mid-flap/g1425_root.jpg", "URL": "http://i.imgur.com/phTIIFm.jpg", "fileid": "g1425_root.jpg"}, {"id": "g1425_czgsggc", "comment": "[A high-flying kestrel in mid-fap (bonus cheeky wink)](http://i.imgur.com/vUOHmRM.jpg)", "date": "2016-01-29 15:17:54", "seriesname": "g1425_czgsggc", "file": "/media/jbrogan4/scratch2/Reddit_Prov_Dataset_v6/_A_low-flying_kestrel_in_mid-flap/g1425_czgsggc.jpg", "URL": "http://i.imgur.com/vUOHmRM.jpg", "fileid": "g1425_czgsggc.jpg"}], "graph": {"name": "g1425_root"}, "directed": true}