{"links": [{"op": "none", "target": 0, "source": 54}, {"op": "none", "target": 1, "source": 54}, {"op": "none", "target": 2, "source": 54}, {"op": "none", "target": 3, "source": 21}, {"op": "none", "target": 4, "source": 54}, {"op": "none", "target": 5, "source": 54}, {"op": "none", "target": 6, "source": 54}, {"op": "none", "target": 7, "source": 54}, {"op": "none", "target": 8, "source": 47}, {"op": "none", "target": 9, "source": 54}, {"op": "none", "target": 10, "source": 54}, {"op": "none", "target": 11, "source": 54}, {"op": "none", "target": 12, "source": 54}, {"op": "none", "target": 13, "source": 54}, {"op": "none", "target": 14, "source": 54}, {"op": "none", "target": 15, "source": 54}, {"op": "none", "target": 16, "source": 14}, {"op": "none", "target": 17, "source": 54}, {"op": "none", "target": 18, "source": 54}, {"op": "none", "target": 19, "source": 54}, {"op": "none", "target": 20, "source": 7}, {"op": "none", "target": 21, "source": 54}, {"op": "none", "target": 22, "source": 54}, {"op": "none", "target": 23, "source": 54}, {"op": "none", "target": 24, "source": 54}, {"op": "none", "target": 25, "source": 54}, {"op": "none", "target": 26, "source": 54}, {"op": "none", "target": 27, "source": 54}, {"op": "none", "target": 28, "source": 54}, {"op": "none", "target": 29, "source": 54}, {"op": "none", "target": 30, "source": 54}, {"op": "none", "target": 31, "source": 54}, {"op": "none", "target": 32, "source": 54}, {"op": "none", "target": 33, "source": 54}, {"op": "none", "target": 34, "source": 54}, {"op": "none", "target": 35, "source": 54}, {"op": "none", "target": 36, "source": 54}, {"op": "none", "target": 37, "source": 54}, {"op": "none", "target": 38, "source": 54}, {"op": "none", "target": 39, "source": 13}, {"op": "none", "target": 40, "source": 54}, {"op": "none", "target": 41, "source": 54}, {"op": "none", "target": 42, "source": 54}, {"op": "none", "target": 43, "source": 54}, {"op": "none", "target": 44, "source": 54}, {"op": "none", "target": 45, "source": 54}, {"op": "none", "target": 46, "source": 54}, {"op": "none", "target": 47, "source": 54}, {"op": "none", "target": 48, "source": 54}, {"op": "none", "target": 49, "source": 54}, {"op": "none", "target": 50, "source": 54}, {"op": "none", "target": 51, "source": 54}, {"op": "none", "target": 52, "source": 54}, {"op": "none", "target": 53, "source": 54}, {"op": "none", "target": 55, "source": 54}], "title": "_Trump_screaming_in_a_stack_of_newspapers", "nodes": [{"id": "g1450_dsy5xyg", "comment": "[Attack on Trump-tan](https://i.imgur.com/4qYs1Ah.jpg) (Feel free to share your best wall-related puns with me)", "date": "2018-01-19 20:18:07", "seriesname": "g1450_dsy5xyg", "file": "/media/jbrogan4/scratch2/Reddit_Prov_Dataset_v6/_Trump_screaming_in_a_stack_of_newspapers/g1450_dsy5xyg.jpg", "URL": "https://i.imgur.com/4qYs1Ah.jpg", "fileid": "g1450_dsy5xyg.jpg"}, {"id": "g1450_dvntf2w", "comment": "[This was never going to be seriously Photoshopped. I was dicking around with my boyfriend watching me Photoshop and this happened. Enjoy.](https://i.imgur.com/3axFxjf.png)", "date": "2018-03-13 21:10:04", "seriesname": "g1450_dvntf2w", "file": "/media/jbrogan4/scratch2/Reddit_Prov_Dataset_v6/_Trump_screaming_in_a_stack_of_newspapers/g1450_dvntf2w.png", "URL": "https://i.imgur.com/3axFxjf.png", "fileid": "g1450_dvntf2w.png"}, {"id": "g1450_dsxsdl5", "comment": "[Hotline Miami 2: Wrong President](https://imgur.com/a/RKL1y) - the first thing that came to my mind. Hopefully ends differently than the game. Damn. \n\n^^^^Also, ^^^^it's ^^^^my ^^^^first ^^^^shop ^^^^ever, ^^^^pls ^^^^be ^^^^kind.", "date": "2018-01-19 16:00:42", "seriesname": "g1450_dsxsdl5", "file": "/media/jbrogan4/scratch2/Reddit_Prov_Dataset_v6/_Trump_screaming_in_a_stack_of_newspapers/g1450_dsxsdl5.png", "URL": "http://i.imgur.com/RKL1y.png", "fileid": "g1450_dsxsdl5.png"}, {"id": "g1450_dsy1ke3", "comment": "I feel like you need a picture of a Screamer in the game, to show people who wouldn't recognize it. [Here ya go](https://imgur.com/DBHbYu6) for those that don't recognize the reference.", "date": "2018-01-19 18:46:51", "seriesname": "g1450_dsy1ke3", "file": "/media/jbrogan4/scratch2/Reddit_Prov_Dataset_v6/_Trump_screaming_in_a_stack_of_newspapers/g1450_dsy1ke3.png", "URL": "http://i.imgur.com/DBHbYu6.png", "fileid": "g1450_dsy1ke3.png"}, {"id": "g1450_dsxf4px", "comment": "[I always thought this looked like a painting by Francis Bacon](https://i.imgur.com/KeeUNA2.jpg)", "date": "2018-01-19 12:24:25", "seriesname": "g1450_dsxf4px", "file": "/media/jbrogan4/scratch2/Reddit_Prov_Dataset_v6/_Trump_screaming_in_a_stack_of_newspapers/g1450_dsxf4px.jpg", "URL": "https://i.imgur.com/KeeUNA2.jpg", "fileid": "g1450_dsxf4px.jpg"}, {"id": "g1450_dt0c1ia", "comment": "[Spitter from Left 4 Trump 2] (http://imgur.com/CJ4Dduh)", "date": "2018-01-21 07:49:31", "seriesname": "g1450_dt0c1ia", "file": "/media/jbrogan4/scratch2/Reddit_Prov_Dataset_v6/_Trump_screaming_in_a_stack_of_newspapers/g1450_dt0c1ia.png", "URL": "http://i.imgur.com/CJ4Dduh.png", "fileid": "g1450_dt0c1ia.png"}, {"id": "g1450_dsxn7ag", "comment": "[Zip It](https://i.imgur.com/KUXKnr8.jpg)", "date": "2018-01-19 14:34:40", "seriesname": "g1450_dsxn7ag", "file": "/media/jbrogan4/scratch2/Reddit_Prov_Dataset_v6/_Trump_screaming_in_a_stack_of_newspapers/g1450_dsxn7ag.jpg", "URL": "https://i.imgur.com/KUXKnr8.jpg", "fileid": "g1450_dsxn7ag.jpg"}, {"id": "g1450_dsxoqg6", "comment": "[Donnie's makes his disco debut](https://i.imgur.com/sLJZjl4.png)", "date": "2018-01-19 14:59:49", "seriesname": "g1450_dsxoqg6", "file": "/media/jbrogan4/scratch2/Reddit_Prov_Dataset_v6/_Trump_screaming_in_a_stack_of_newspapers/g1450_dsxoqg6.png", "URL": "https://i.imgur.com/sLJZjl4.png", "fileid": "g1450_dsxoqg6.png"}, {"id": "g1450_dsxmirj", "comment": "https://i.imgur.com/kjeGDE7.jpg", "date": "2018-01-19 14:23:25", "seriesname": "g1450_dsxmirj", "file": "/media/jbrogan4/scratch2/Reddit_Prov_Dataset_v6/_Trump_screaming_in_a_stack_of_newspapers/g1450_dsxmirj.jpg", "URL": "https://i.imgur.com/kjeGDE7.jpg", "fileid": "g1450_dsxmirj.jpg"}, {"id": "g1450_dsxzfpg", "comment": "[HIGH ENERGY SHOOP](https://i.imgur.com/YrFwBZU.png)", "date": "2018-01-19 18:05:04", "seriesname": "g1450_dsxzfpg", "file": "/media/jbrogan4/scratch2/Reddit_Prov_Dataset_v6/_Trump_screaming_in_a_stack_of_newspapers/g1450_dsxzfpg.png", "URL": "https://i.imgur.com/YrFwBZU.png", "fileid": "g1450_dsxzfpg.png"}, {"id": "g1450_dsxo0xm", "comment": "[Make the Rhythm Great Again](https://imgur.com/rRIrWZF)", "date": "2018-01-19 14:48:10", "seriesname": "g1450_dsxo0xm", "file": "/media/jbrogan4/scratch2/Reddit_Prov_Dataset_v6/_Trump_screaming_in_a_stack_of_newspapers/g1450_dsxo0xm.png", "URL": "http://i.imgur.com/rRIrWZF.png", "fileid": "g1450_dsxo0xm.png"}, {"id": "g1450_dsxuv5e", "comment": "https://m.imgur.com/gFRZaup", "date": "2018-01-19 16:42:21", "seriesname": "g1450_dsxuv5e", "file": "/media/jbrogan4/scratch2/Reddit_Prov_Dataset_v6/_Trump_screaming_in_a_stack_of_newspapers/g1450_dsxuv5e.png", "URL": "http://i.imgur.com/gFRZaup.png", "fileid": "g1450_dsxuv5e.png"}, {"id": "g1450_dsxpv9s", "comment": "[Watch out for its infinite hands! If it grabs you, tap any button to escape! Aim for its head!](https://i.imgur.com/JlrDU5f.jpg)", "date": "2018-01-19 15:18:40", "seriesname": "g1450_dsxpv9s", "file": "/media/jbrogan4/scratch2/Reddit_Prov_Dataset_v6/_Trump_screaming_in_a_stack_of_newspapers/g1450_dsxpv9s.jpg", "URL": "https://i.imgur.com/JlrDU5f.jpg", "fileid": "g1450_dsxpv9s.jpg"}, {"id": "g1450_dsxjepp", "comment": "https://i.imgur.com/Za6kAKY.jpg", "date": "2018-01-19 13:32:29", "seriesname": "g1450_dsxjepp", "file": "/media/jbrogan4/scratch2/Reddit_Prov_Dataset_v6/_Trump_screaming_in_a_stack_of_newspapers/g1450_dsxjepp.jpg", "URL": "https://i.imgur.com/Za6kAKY.jpg", "fileid": "g1450_dsxjepp.jpg"}, {"id": "g1450_dsxtl3k", "comment": "[DRR... DRR... DRR...](https://i.imgur.com/OiyC3vf.png)", "date": "2018-01-19 16:20:37", "seriesname": "g1450_dsxtl3k", "file": "/media/jbrogan4/scratch2/Reddit_Prov_Dataset_v6/_Trump_screaming_in_a_stack_of_newspapers/g1450_dsxtl3k.png", "URL": "https://i.imgur.com/OiyC3vf.png", "fileid": "g1450_dsxtl3k.png"}, {"id": "g1450_dsxtg4e", "comment": "[Dump Trump](https://i.imgur.com/osXsXYy.jpg)", "date": "2018-01-19 16:18:14", "seriesname": "g1450_dsxtg4e", "file": "/media/jbrogan4/scratch2/Reddit_Prov_Dataset_v6/_Trump_screaming_in_a_stack_of_newspapers/g1450_dsxtg4e.jpg", "URL": "https://i.imgur.com/osXsXYy.jpg", "fileid": "g1450_dsxtg4e.jpg"}, {"id": "g1450_dsxtru5", "comment": "[You had the same thought as me lol](https://i.imgur.com/e6svIyh.png)", "date": "2018-01-19 16:23:48", "seriesname": "g1450_dsxtru5", "file": "/media/jbrogan4/scratch2/Reddit_Prov_Dataset_v6/_Trump_screaming_in_a_stack_of_newspapers/g1450_dsxtru5.png", "URL": "https://i.imgur.com/e6svIyh.png", "fileid": "g1450_dsxtru5.png"}, {"id": "g1450_dsy34an", "comment": "[A Hole](https://imgur.com/dbp6CYo)", "date": "2018-01-19 19:18:20", "seriesname": "g1450_dsy34an", "file": "/media/jbrogan4/scratch2/Reddit_Prov_Dataset_v6/_Trump_screaming_in_a_stack_of_newspapers/g1450_dsy34an.png", "URL": "http://i.imgur.com/dbp6CYo.png", "fileid": "g1450_dsy34an.png"}, {"id": "g1450_dsxo65j", "comment": "[\u201cI\u2019m just going to move this top copy down a bit...\u201d \u201cHans! You ruined the funny!\u201d](https://imgur.com/AHAxhCp) ", "date": "2018-01-19 14:50:34", "seriesname": "g1450_dsxo65j", "file": "/media/jbrogan4/scratch2/Reddit_Prov_Dataset_v6/_Trump_screaming_in_a_stack_of_newspapers/g1450_dsxo65j.png", "URL": "http://i.imgur.com/AHAxhCp.png", "fileid": "g1450_dsxo65j.png"}, {"id": "g1450_dsxosti", "comment": "[Gotta Catch Them All](https://imgur.com/HzWHK9q.jpg)", "date": "2018-01-19 15:00:55", "seriesname": "g1450_dsxosti", "file": "/media/jbrogan4/scratch2/Reddit_Prov_Dataset_v6/_Trump_screaming_in_a_stack_of_newspapers/g1450_dsxosti.jpg", "URL": "https://imgur.com/HzWHK9q.jpg", "fileid": "g1450_dsxosti.jpg"}, {"id": "g1450_dsxqjws", "comment": "First thing I thought of too! https://i.imgur.com/ITcdbHx.jpg", "date": "2018-01-19 15:30:11", "seriesname": "g1450_dsxqjws", "file": "/media/jbrogan4/scratch2/Reddit_Prov_Dataset_v6/_Trump_screaming_in_a_stack_of_newspapers/g1450_dsxqjws.jpg", "URL": "https://i.imgur.com/ITcdbHx.jpg", "fileid": "g1450_dsxqjws.jpg"}, {"id": "g1450_dsxnpmw", "comment": "[Might and Magic 3 - Screamer](https://i.imgur.com/lXXWxVY.jpg) Reminded me right off the bat of an enemy from the old video game \"Might and Magic 3\"\n\nBe gentle; it's my first shop =)\n\nEdit: oh my! You popped my gold cherry! I can finally say it: thank you kind stranger!!", "date": "2018-01-19 14:43:02", "seriesname": "g1450_dsxnpmw", "file": "/media/jbrogan4/scratch2/Reddit_Prov_Dataset_v6/_Trump_screaming_in_a_stack_of_newspapers/g1450_dsxnpmw.jpg", "URL": "https://i.imgur.com/lXXWxVY.jpg", "fileid": "g1450_dsxnpmw.jpg"}, {"id": "g1450_dsxhwx0", "comment": "[With Melania](https://i.imgur.com/DRK8trD.jpg)", "date": "2018-01-19 13:08:33", "seriesname": "g1450_dsxhwx0", "file": "/media/jbrogan4/scratch2/Reddit_Prov_Dataset_v6/_Trump_screaming_in_a_stack_of_newspapers/g1450_dsxhwx0.jpg", "URL": "https://i.imgur.com/DRK8trD.jpg", "fileid": "g1450_dsxhwx0.jpg"}, {"id": "g1450_dsxzyx8", "comment": "https://imgur.com/a/cO9VL", "date": "2018-01-19 18:15:27", "seriesname": "g1450_dsxzyx8", "file": "/media/jbrogan4/scratch2/Reddit_Prov_Dataset_v6/_Trump_screaming_in_a_stack_of_newspapers/g1450_dsxzyx8.png", "URL": "http://i.imgur.com/cO9VL.png", "fileid": "g1450_dsxzyx8.png"}, {"id": "g1450_dsxqc29", "comment": "https://i.imgur.com/OqOJlyV.png\n\nInvasion of the Body Snatchers seemed pretty obvious.", "date": "2018-01-19 15:26:28", "seriesname": "g1450_dsxqc29", "file": "/media/jbrogan4/scratch2/Reddit_Prov_Dataset_v6/_Trump_screaming_in_a_stack_of_newspapers/g1450_dsxqc29.png", "URL": "https://i.imgur.com/OqOJlyV.png", "fileid": "g1450_dsxqc29.png"}, {"id": "g1450_dsxq7v8", "comment": "[I wish America Was Great Again](https://imgur.com/gallery/kUcCB)", "date": "2018-01-19 15:24:28", "seriesname": "g1450_dsxq7v8", "file": "/media/jbrogan4/scratch2/Reddit_Prov_Dataset_v6/_Trump_screaming_in_a_stack_of_newspapers/g1450_dsxq7v8.png", "URL": "http://i.imgur.com/kUcCB.png", "fileid": "g1450_dsxq7v8.png"}, {"id": "g1450_dsxqyk6", "comment": "[Don't look at its face](https://imgur.com/a/bsi0U)", "date": "2018-01-19 15:37:03", "seriesname": "g1450_dsxqyk6", "file": "/media/jbrogan4/scratch2/Reddit_Prov_Dataset_v6/_Trump_screaming_in_a_stack_of_newspapers/g1450_dsxqyk6.png", "URL": "http://i.imgur.com/bsi0U.png", "fileid": "g1450_dsxqyk6.png"}, {"id": "g1450_dsy1cnh", "comment": "[The Wall](https://imgur.com/fQvy8CF)", "date": "2018-01-19 18:42:33", "seriesname": "g1450_dsy1cnh", "file": "/media/jbrogan4/scratch2/Reddit_Prov_Dataset_v6/_Trump_screaming_in_a_stack_of_newspapers/g1450_dsy1cnh.png", "URL": "http://i.imgur.com/fQvy8CF.png", "fileid": "g1450_dsy1cnh.png"}, {"id": "g1450_dsxjvs0", "comment": "[We have liftoff] (https://media.giphy.com/media/xULW8ESHGSbZlAqWPK/giphy.gif)", "date": "2018-01-19 13:40:10", "seriesname": "g1450_dsxjvs0", "file": "/media/jbrogan4/scratch2/Reddit_Prov_Dataset_v6/_Trump_screaming_in_a_stack_of_newspapers/g1450_dsxjvs0.jpg", "URL": "https://media.giphy.com/media/xULW8ESHGSbZlAqWPK/giphy.gif", "fileid": "g1450_dsxjvs0.gif"}, {"id": "g1450_dsxmx6b", "comment": "[Wabbatrump](https://imgur.com/a/EhdAT)", "date": "2018-01-19 14:29:55", "seriesname": "g1450_dsxmx6b", "file": "/media/jbrogan4/scratch2/Reddit_Prov_Dataset_v6/_Trump_screaming_in_a_stack_of_newspapers/g1450_dsxmx6b.png", "URL": "http://i.imgur.com/EhdAT.png", "fileid": "g1450_dsxmx6b.png"}, {"id": "g1450_dsxgrpe", "comment": "[Press Conference](https://imgur.com/xfiaU44)", "date": "2018-01-19 12:50:23", "seriesname": "g1450_dsxgrpe", "file": "/media/jbrogan4/scratch2/Reddit_Prov_Dataset_v6/_Trump_screaming_in_a_stack_of_newspapers/g1450_dsxgrpe.png", "URL": "http://i.imgur.com/xfiaU44.png", "fileid": "g1450_dsxgrpe.png"}, {"id": "g1450_dsxnvbz", "comment": "[FEED ME](https://imgur.com/12vmVUC)", "date": "2018-01-19 14:45:39", "seriesname": "g1450_dsxnvbz", "file": "/media/jbrogan4/scratch2/Reddit_Prov_Dataset_v6/_Trump_screaming_in_a_stack_of_newspapers/g1450_dsxnvbz.png", "URL": "http://i.imgur.com/12vmVUC.png", "fileid": "g1450_dsxnvbz.png"}, {"id": "g1450_dsykz99", "comment": "[The Dummy](https://imgur.com/gallery/To67g) ", "date": "2018-01-20 02:49:16", "seriesname": "g1450_dsykz99", "file": "/media/jbrogan4/scratch2/Reddit_Prov_Dataset_v6/_Trump_screaming_in_a_stack_of_newspapers/g1450_dsykz99.png", "URL": "http://i.imgur.com/To67g.png", "fileid": "g1450_dsykz99.png"}, {"id": "g1450_dszpcgb", "comment": "[Someone's got the munchie's..](https://i.imgur.com/YVH58BJ.jpg)", "date": "2018-01-20 20:21:44", "seriesname": "g1450_dszpcgb", "file": "/media/jbrogan4/scratch2/Reddit_Prov_Dataset_v6/_Trump_screaming_in_a_stack_of_newspapers/g1450_dszpcgb.jpg", "URL": "https://i.imgur.com/YVH58BJ.jpg", "fileid": "g1450_dszpcgb.jpg"}, {"id": "g1450_dsxhone", "comment": "[Scream](https://i.imgur.com/Mvmg7zq.jpg)", "date": "2018-01-19 13:04:53", "seriesname": "g1450_dsxhone", "file": "/media/jbrogan4/scratch2/Reddit_Prov_Dataset_v6/_Trump_screaming_in_a_stack_of_newspapers/g1450_dsxhone.jpg", "URL": "https://i.imgur.com/Mvmg7zq.jpg", "fileid": "g1450_dsxhone.jpg"}, {"id": "g1450_dsxow0w", "comment": "[Check out my new accordeon!](https://i.imgur.com/Y5rYUSY.png)", "date": "2018-01-19 15:02:25", "seriesname": "g1450_dsxow0w", "file": "/media/jbrogan4/scratch2/Reddit_Prov_Dataset_v6/_Trump_screaming_in_a_stack_of_newspapers/g1450_dsxow0w.png", "URL": "https://i.imgur.com/Y5rYUSY.png", "fileid": "g1450_dsxow0w.png"}, {"id": "g1450_dsxoi7s", "comment": "[Trump's Pain](https://imgur.com/a/xxzEl)", "date": "2018-01-19 14:56:02", "seriesname": "g1450_dsxoi7s", "file": "/media/jbrogan4/scratch2/Reddit_Prov_Dataset_v6/_Trump_screaming_in_a_stack_of_newspapers/g1450_dsxoi7s.png", "URL": "http://i.imgur.com/xxzEl.png", "fileid": "g1450_dsxoi7s.png"}, {"id": "g1450_dsxl9zk", "comment": "[Om Nom Nom Nom](https://i.imgur.com/LWTuIT8.png)", "date": "2018-01-19 14:02:56", "seriesname": "g1450_dsxl9zk", "file": "/media/jbrogan4/scratch2/Reddit_Prov_Dataset_v6/_Trump_screaming_in_a_stack_of_newspapers/g1450_dsxl9zk.png", "URL": "https://i.imgur.com/LWTuIT8.png", "fileid": "g1450_dsxl9zk.png"}, {"id": "g1450_dsxfmvl", "comment": "[It turns out that he's Canadian](https://i.imgur.com/RFReeAm.jpg)", "date": "2018-01-19 12:32:28", "seriesname": "g1450_dsxfmvl", "file": "/media/jbrogan4/scratch2/Reddit_Prov_Dataset_v6/_Trump_screaming_in_a_stack_of_newspapers/g1450_dsxfmvl.jpg", "URL": "https://i.imgur.com/RFReeAm.jpg", "fileid": "g1450_dsxfmvl.jpg"}, {"id": "g1450_dsxvgyj", "comment": "[The Finglonger!](https://imgur.com/yyN80cz)\n\n", "date": "2018-01-19 16:52:45", "seriesname": "g1450_dsxvgyj", "file": "/media/jbrogan4/scratch2/Reddit_Prov_Dataset_v6/_Trump_screaming_in_a_stack_of_newspapers/g1450_dsxvgyj.png", "URL": "http://i.imgur.com/yyN80cz.png", "fileid": "g1450_dsxvgyj.png"}, {"id": "g1450_dsxl751", "comment": "[Screaming Lisa](https://imgur.com/a/FmgNA)", "date": "2018-01-19 14:01:37", "seriesname": "g1450_dsxl751", "file": "/media/jbrogan4/scratch2/Reddit_Prov_Dataset_v6/_Trump_screaming_in_a_stack_of_newspapers/g1450_dsxl751.png", "URL": "http://i.imgur.com/FmgNA.png", "fileid": "g1450_dsxl751.png"}, {"id": "g1450_dsxnnry", "comment": "[The best weapon in the game](https://imgur.com/a/qRE46)", "date": "2018-01-19 14:42:12", "seriesname": "g1450_dsxnnry", "file": "/media/jbrogan4/scratch2/Reddit_Prov_Dataset_v6/_Trump_screaming_in_a_stack_of_newspapers/g1450_dsxnnry.png", "URL": "http://i.imgur.com/qRE46.png", "fileid": "g1450_dsxnnry.png"}, {"id": "g1450_dsxkouq", "comment": "[Roble! Roble!](https://i.imgur.com/ZtlAY9L.jpg)", "date": "2018-01-19 13:53:18", "seriesname": "g1450_dsxkouq", "file": "/media/jbrogan4/scratch2/Reddit_Prov_Dataset_v6/_Trump_screaming_in_a_stack_of_newspapers/g1450_dsxkouq.jpg", "URL": "https://i.imgur.com/ZtlAY9L.jpg", "fileid": "g1450_dsxkouq.jpg"}, {"id": "g1450_dsxrpom", "comment": "I will EAT your soul... https://imgur.com/Saa5xo5", "date": "2018-01-19 15:49:36", "seriesname": "g1450_dsxrpom", "file": "/media/jbrogan4/scratch2/Reddit_Prov_Dataset_v6/_Trump_screaming_in_a_stack_of_newspapers/g1450_dsxrpom.png", "URL": "http://i.imgur.com/Saa5xo5.png", "fileid": "g1450_dsxrpom.png"}, {"id": "g1450_dsxv7rr", "comment": "[All too real...](https://i.imgur.com/zYmtmvh.jpg)", "date": "2018-01-19 16:48:20", "seriesname": "g1450_dsxv7rr", "file": "/media/jbrogan4/scratch2/Reddit_Prov_Dataset_v6/_Trump_screaming_in_a_stack_of_newspapers/g1450_dsxv7rr.jpg", "URL": "https://i.imgur.com/zYmtmvh.jpg", "fileid": "g1450_dsxv7rr.jpg"}, {"id": "g1450_dszpsb1", "comment": "[Get your orange tickets](https://i.imgur.com/wzFuxBt.jpg)", "date": "2018-01-20 20:30:54", "seriesname": "g1450_dszpsb1", "file": "/media/jbrogan4/scratch2/Reddit_Prov_Dataset_v6/_Trump_screaming_in_a_stack_of_newspapers/g1450_dszpsb1.jpg", "URL": "https://i.imgur.com/wzFuxBt.jpg", "fileid": "g1450_dszpsb1.jpg"}, {"id": "g1450_dsxou4j", "comment": "[Trump eating a hot dog](https://i.imgur.com/r9if8Gb.jpg)", "date": "2018-01-19 15:01:31", "seriesname": "g1450_dsxou4j", "file": "/media/jbrogan4/scratch2/Reddit_Prov_Dataset_v6/_Trump_screaming_in_a_stack_of_newspapers/g1450_dsxou4j.jpg", "URL": "https://i.imgur.com/r9if8Gb.jpg", "fileid": "g1450_dsxou4j.jpg"}, {"id": "g1450_dsxeicx", "comment": "[The Scream - Edvard Munch](https://i.imgur.com/jahnr4z.jpg)", "date": "2018-01-19 12:14:36", "seriesname": "g1450_dsxeicx", "file": "/media/jbrogan4/scratch2/Reddit_Prov_Dataset_v6/_Trump_screaming_in_a_stack_of_newspapers/g1450_dsxeicx.jpg", "URL": "https://i.imgur.com/jahnr4z.jpg", "fileid": "g1450_dsxeicx.jpg"}, {"id": "g1450_dsxkwx3", "comment": "[I am Legend 2: Trump Attacks](https://imgur.com/a/aTPMY)", "date": "2018-01-19 13:56:57", "seriesname": "g1450_dsxkwx3", "file": "/media/jbrogan4/scratch2/Reddit_Prov_Dataset_v6/_Trump_screaming_in_a_stack_of_newspapers/g1450_dsxkwx3.png", "URL": "http://i.imgur.com/aTPMY.png", "fileid": "g1450_dsxkwx3.png"}, {"id": "g1450_dsxwrsm", "comment": "[when you're alone as a kid the monsters see you as weaker. You don't even know they're getting closer until it's too late](https://i.imgur.com/dT1e7Xf.jpg?2)", "date": "2018-01-19 17:15:55", "seriesname": "g1450_dsxwrsm", "file": "/media/jbrogan4/scratch2/Reddit_Prov_Dataset_v6/_Trump_screaming_in_a_stack_of_newspapers/g1450_dsxwrsm.jpg", "URL": "https://i.imgur.com/dT1e7Xf.jpg?2", "fileid": "g1450_dsxwrsm.jpg"}, {"id": "g1450_dsxqyrb", "comment": "First attempt using phone app. [please be gentle](https://i.imgur.com/MflAOim.jpg)", "date": "2018-01-19 15:37:08", "seriesname": "g1450_dsxqyrb", "file": "/media/jbrogan4/scratch2/Reddit_Prov_Dataset_v6/_Trump_screaming_in_a_stack_of_newspapers/g1450_dsxqyrb.jpg", "URL": "https://i.imgur.com/MflAOim.jpg", "fileid": "g1450_dsxqyrb.jpg"}, {"id": "g1450_dsxb2hw", "comment": "[Make America Gape Again](https://i.imgur.com/HBtLvuG.jpg)", "date": "2018-01-19 11:19:39", "seriesname": "g1450_dsxb2hw", "file": "/media/jbrogan4/scratch2/Reddit_Prov_Dataset_v6/_Trump_screaming_in_a_stack_of_newspapers/g1450_dsxb2hw.jpg", "URL": "https://i.imgur.com/HBtLvuG.jpg", "fileid": "g1450_dsxb2hw.jpg"}, {"id": "g1450_dsxtjnc", "comment": "[Drr... drr.... drrr....](https://i.imgur.com/e6svIyh.png)", "date": "2018-01-19 16:19:55", "seriesname": "g1450_dsxtjnc", "file": "/media/jbrogan4/scratch2/Reddit_Prov_Dataset_v6/_Trump_screaming_in_a_stack_of_newspapers/g1450_dsxtjnc.png", "URL": "https://i.imgur.com/e6svIyh.png", "fileid": "g1450_dsxtjnc.png"}, {"id": "g1450_dsyk63r", "comment": "Talkin' outa both sides his mouth.  https://i.imgur.com/B7ZGhhh.png", "date": "2018-01-20 02:19:07", "seriesname": "g1450_dsyk63r", "file": "/media/jbrogan4/scratch2/Reddit_Prov_Dataset_v6/_Trump_screaming_in_a_stack_of_newspapers/g1450_dsyk63r.png", "URL": "https://i.imgur.com/B7ZGhhh.png", "fileid": "g1450_dsyk63r.png"}, {"id": "g1450_root", "comment": "", "date": "2018-01-19 10:59:15", "seriesname": "g1450_root", "file": "/media/jbrogan4/scratch2/Reddit_Prov_Dataset_v6/_Trump_screaming_in_a_stack_of_newspapers/g1450_root.jpg", "URL": "https://i.redd.it/3vv8ysrhr1b01.jpg", "fileid": "g1450_root.jpg"}, {"id": "g1450_dsxnuyk", "comment": "[Channelling Grace Jones advertising Citroen](https://i.imgur.com/0T9wH78.jpg)", "date": "2018-01-19 14:45:29", "seriesname": "g1450_dsxnuyk", "file": "/media/jbrogan4/scratch2/Reddit_Prov_Dataset_v6/_Trump_screaming_in_a_stack_of_newspapers/g1450_dsxnuyk.jpg", "URL": "https://i.imgur.com/0T9wH78.jpg", "fileid": "g1450_dsxnuyk.jpg"}], "graph": {"name": "g1450_root"}, "directed": true}