{"links": [{"op": "none", "target": 0, "source": 49}, {"op": "none", "target": 1, "source": 49}, {"op": "none", "target": 2, "source": 8}, {"op": "none", "target": 3, "source": 49}, {"op": "none", "target": 4, "source": 49}, {"op": "none", "target": 5, "source": 49}, {"op": "none", "target": 6, "source": 49}, {"op": "none", "target": 7, "source": 49}, {"op": "none", "target": 8, "source": 49}, {"op": "none", "target": 9, "source": 49}, {"op": "none", "target": 10, "source": 49}, {"op": "none", "target": 11, "source": 49}, {"op": "none", "target": 12, "source": 49}, {"op": "none", "target": 13, "source": 49}, {"op": "none", "target": 14, "source": 49}, {"op": "none", "target": 15, "source": 49}, {"op": "none", "target": 16, "source": 49}, {"op": "none", "target": 17, "source": 49}, {"op": "none", "target": 18, "source": 49}, {"op": "none", "target": 19, "source": 49}, {"op": "none", "target": 20, "source": 49}, {"op": "none", "target": 21, "source": 49}, {"op": "none", "target": 22, "source": 49}, {"op": "none", "target": 23, "source": 49}, {"op": "none", "target": 24, "source": 49}, {"op": "none", "target": 25, "source": 49}, {"op": "none", "target": 26, "source": 49}, {"op": "none", "target": 27, "source": 49}, {"op": "none", "target": 28, "source": 49}, {"op": "none", "target": 29, "source": 49}, {"op": "none", "target": 30, "source": 49}, {"op": "none", "target": 31, "source": 49}, {"op": "none", "target": 32, "source": 49}, {"op": "none", "target": 33, "source": 49}, {"op": "none", "target": 34, "source": 49}, {"op": "none", "target": 35, "source": 49}, {"op": "none", "target": 36, "source": 49}, {"op": "none", "target": 37, "source": 49}, {"op": "none", "target": 38, "source": 49}, {"op": "none", "target": 39, "source": 49}, {"op": "none", "target": 40, "source": 49}, {"op": "none", "target": 41, "source": 49}, {"op": "none", "target": 42, "source": 49}, {"op": "none", "target": 43, "source": 49}, {"op": "none", "target": 44, "source": 49}, {"op": "none", "target": 45, "source": 49}, {"op": "none", "target": 46, "source": 49}, {"op": "none", "target": 47, "source": 49}, {"op": "none", "target": 48, "source": 49}], "title": "_Small_child_commanding_a_fleet_of_kites", "nodes": [{"id": "g171_d6s1c55", "comment": "[Imperial Commander](http://i.imgur.com/Y8T46ht.jpg)", "date": "2016-08-22 12:45:38", "seriesname": "g171_d6s1c55", "file": "/media/jbrogan4/scratch2/Reddit_Prov_Dataset_v5/_Small_child_commanding_a_fleet_of_kites/g171_d6s1c55.jpg", "URL": "http://i.imgur.com/Y8T46ht.jpg", "fileid": "g171_d6s1c55.jpg"}, {"id": "g171_d6sb4oo", "comment": "Apparently it's from a game called \"Mortal Online\", here's the [original artwork](http://i.imgur.com/KPXbg8d.jpg)", "date": "2016-08-22 16:14:29", "seriesname": "g171_d6sb4oo", "file": "/media/jbrogan4/scratch2/Reddit_Prov_Dataset_v5/_Small_child_commanding_a_fleet_of_kites/g171_d6sb4oo.jpg", "URL": "http://i.imgur.com/KPXbg8d.jpg", "fileid": "g171_d6sb4oo.jpg"}, {"id": "g171_d6sicl9", "comment": "this is photoshopped, the [original cat wasn't white](https://s-media-cache-ak0.pinimg.com/236x/e4/42/e9/e442e9f91aee252304ef644bee1ff939.jpg)", "date": "2016-08-22 18:59:40", "seriesname": "g171_d6sicl9", "file": "/media/jbrogan4/scratch2/Reddit_Prov_Dataset_v5/_Small_child_commanding_a_fleet_of_kites/g171_d6sicl9.jpg", "URL": "https://s-media-cache-ak0.pinimg.com/236x/e4/42/e9/e442e9f91aee252304ef644bee1ff939.jpg", "fileid": "g171_d6sicl9.jpg"}, {"id": "g171_d6s8vx8", "comment": "https://i.imgur.com/v1DKIwX.jpg some ppl just want to watch the world burn ", "date": "2016-08-22 15:27:09", "seriesname": "g171_d6s8vx8", "file": "/media/jbrogan4/scratch2/Reddit_Prov_Dataset_v5/_Small_child_commanding_a_fleet_of_kites/g171_d6s8vx8.jpg", "URL": "https://i.imgur.com/v1DKIwX.jpg", "fileid": "g171_d6s8vx8.jpg"}, {"id": "g171_d6skobt", "comment": "Felt like a [movie poster](http://i.imgur.com/62K3tKX.jpg) to me.", "date": "2016-08-22 19:58:45", "seriesname": "g171_d6skobt", "file": "/media/jbrogan4/scratch2/Reddit_Prov_Dataset_v5/_Small_child_commanding_a_fleet_of_kites/g171_d6skobt.jpg", "URL": "http://i.imgur.com/62K3tKX.jpg", "fileid": "g171_d6skobt.jpg"}, {"id": "g171_d6sho3x", "comment": "That will be $20 for the damages, Mr. Lochte.\nhttp://imgur.com/iCmpTZX", "date": "2016-08-22 18:43:12", "seriesname": "g171_d6sho3x", "file": "/media/jbrogan4/scratch2/Reddit_Prov_Dataset_v5/_Small_child_commanding_a_fleet_of_kites/g171_d6sho3x.png", "URL": "http://i.imgur.com/iCmpTZX.png", "fileid": "g171_d6sho3x.png"}, {"id": "g171_d6shsny", "comment": "Fire starter http://imgur.com/I1kxx0L", "date": "2016-08-22 18:46:19", "seriesname": "g171_d6shsny", "file": "/media/jbrogan4/scratch2/Reddit_Prov_Dataset_v5/_Small_child_commanding_a_fleet_of_kites/g171_d6shsny.png", "URL": "http://i.imgur.com/I1kxx0L.png", "fileid": "g171_d6shsny.png"}, {"id": "g171_d6sgpjj", "comment": "http://imgur.com/af8CYlx", "date": "2016-08-22 18:19:46", "seriesname": "g171_d6sgpjj", "file": "/media/jbrogan4/scratch2/Reddit_Prov_Dataset_v5/_Small_child_commanding_a_fleet_of_kites/g171_d6sgpjj.png", "URL": "http://i.imgur.com/af8CYlx.png", "fileid": "g171_d6sgpjj.png"}, {"id": "g171_d6s86q0", "comment": "[If you look closely you'll see a giant cat in the background](http://i.imgur.com/wbZXQu7.jpg)", "date": "2016-08-22 15:12:00", "seriesname": "g171_d6s86q0", "file": "/media/jbrogan4/scratch2/Reddit_Prov_Dataset_v5/_Small_child_commanding_a_fleet_of_kites/g171_d6s86q0.jpg", "URL": "http://i.imgur.com/wbZXQu7.jpg", "fileid": "g171_d6s86q0.jpg"}, {"id": "g171_d6s76n8", "comment": "[this child will save the world](http://i.imgur.com/hnSxotI.jpg)", "date": "2016-08-22 14:50:31", "seriesname": "g171_d6s76n8", "file": "/media/jbrogan4/scratch2/Reddit_Prov_Dataset_v5/_Small_child_commanding_a_fleet_of_kites/g171_d6s76n8.jpg", "URL": "http://i.imgur.com/hnSxotI.jpg", "fileid": "g171_d6s76n8.jpg"}, {"id": "g171_d6stpo8", "comment": "[Game of Kites!](http://i.imgur.com/s6JXC94.jpg)", "date": "2016-08-22 23:56:09", "seriesname": "g171_d6stpo8", "file": "/media/jbrogan4/scratch2/Reddit_Prov_Dataset_v5/_Small_child_commanding_a_fleet_of_kites/g171_d6stpo8.jpg", "URL": "http://i.imgur.com/s6JXC94.jpg", "fileid": "g171_d6stpo8.jpg"}, {"id": "g171_d6t36zn", "comment": "\n[**Sith vs. Jedi**](http://i.imgur.com/CfDsMwl.jpg)", "date": "2016-08-23 07:27:23", "seriesname": "g171_d6t36zn", "file": "/media/jbrogan4/scratch2/Reddit_Prov_Dataset_v5/_Small_child_commanding_a_fleet_of_kites/g171_d6t36zn.jpg", "URL": "http://i.imgur.com/CfDsMwl.jpg", "fileid": "g171_d6t36zn.jpg"}, {"id": "g171_d6s6kd7", "comment": "[Powering up](http://i.imgur.com/KEIXSjn.jpg)", "date": "2016-08-22 14:37:11", "seriesname": "g171_d6s6kd7", "file": "/media/jbrogan4/scratch2/Reddit_Prov_Dataset_v5/_Small_child_commanding_a_fleet_of_kites/g171_d6s6kd7.jpg", "URL": "http://i.imgur.com/KEIXSjn.jpg", "fileid": "g171_d6s6kd7.jpg"}, {"id": "g171_d6sb0ks", "comment": "[Kept the sword because why not](http://i.imgur.com/IWfeAJy.jpg)", "date": "2016-08-22 16:12:01", "seriesname": "g171_d6sb0ks", "file": "/media/jbrogan4/scratch2/Reddit_Prov_Dataset_v5/_Small_child_commanding_a_fleet_of_kites/g171_d6sb0ks.jpg", "URL": "http://i.imgur.com/IWfeAJy.jpg", "fileid": "g171_d6sb0ks.jpg"}, {"id": "g171_d6sps6b", "comment": "[When I am gone, you will have never been.](http://i.imgur.com/RFsPQEi.jpg)", "date": "2016-08-22 22:08:34", "seriesname": "g171_d6sps6b", "file": "/media/jbrogan4/scratch2/Reddit_Prov_Dataset_v5/_Small_child_commanding_a_fleet_of_kites/g171_d6sps6b.jpg", "URL": "http://i.imgur.com/RFsPQEi.jpg", "fileid": "g171_d6sps6b.jpg"}, {"id": "g171_d6sef78", "comment": "Done with my thumb on a cellphone. \n[I'm not hearing the strings in the second row!](https://imgur.com/PABUG7c)", "date": "2016-08-22 17:26:11", "seriesname": "g171_d6sef78", "file": "/media/jbrogan4/scratch2/Reddit_Prov_Dataset_v5/_Small_child_commanding_a_fleet_of_kites/g171_d6sef78.png", "URL": "http://i.imgur.com/PABUG7c.png", "fileid": "g171_d6sef78.png"}, {"id": "g171_d6s8pbs", "comment": "[Possibly inappropriate](http://i.imgur.com/g6WuNwY.jpg)", "date": "2016-08-22 15:23:14", "seriesname": "g171_d6s8pbs", "file": "/media/jbrogan4/scratch2/Reddit_Prov_Dataset_v5/_Small_child_commanding_a_fleet_of_kites/g171_d6s8pbs.jpg", "URL": "http://i.imgur.com/g6WuNwY.jpg", "fileid": "g171_d6s8pbs.jpg"}, {"id": "g171_d6sk75a", "comment": "[Cello Suites](http://i.imgur.com/PdKG1sE.jpg)", "date": "2016-08-22 19:46:35", "seriesname": "g171_d6sk75a", "file": "/media/jbrogan4/scratch2/Reddit_Prov_Dataset_v5/_Small_child_commanding_a_fleet_of_kites/g171_d6sk75a.jpg", "URL": "http://i.imgur.com/PdKG1sE.jpg", "fileid": "g171_d6sk75a.jpg"}, {"id": "g171_d6sj73y", "comment": "http://i.imgur.com/nKWg7Bg.jpg\n\nOh my god i'm so late to the party, sorry!", "date": "2016-08-22 19:20:58", "seriesname": "g171_d6sj73y", "file": "/media/jbrogan4/scratch2/Reddit_Prov_Dataset_v5/_Small_child_commanding_a_fleet_of_kites/g171_d6sj73y.jpg", "URL": "http://i.imgur.com/nKWg7Bg.jpg", "fileid": "g171_d6sj73y.jpg"}, {"id": "g171_d6srzau", "comment": "[Trying something different.](http://i.imgur.com/gV1IdiU.jpg)", "date": "2016-08-22 23:06:02", "seriesname": "g171_d6srzau", "file": "/media/jbrogan4/scratch2/Reddit_Prov_Dataset_v5/_Small_child_commanding_a_fleet_of_kites/g171_d6srzau.jpg", "URL": "http://i.imgur.com/gV1IdiU.jpg", "fileid": "g171_d6srzau.jpg"}, {"id": "g171_d6sfbhe", "comment": "http://i.imgur.com/8l97YGH.jpg \nAgainst the power of kites, there can be no victory.", "date": "2016-08-22 17:46:57", "seriesname": "g171_d6sfbhe", "file": "/media/jbrogan4/scratch2/Reddit_Prov_Dataset_v5/_Small_child_commanding_a_fleet_of_kites/g171_d6sfbhe.jpg", "URL": "http://i.imgur.com/8l97YGH.jpg", "fileid": "g171_d6sfbhe.jpg"}, {"id": "g171_d6t1ht2", "comment": "[New job as shooter on aircraft carrier](http://i.imgur.com/jAgCc9A.png)", "date": "2016-08-23 05:58:03", "seriesname": "g171_d6t1ht2", "file": "/media/jbrogan4/scratch2/Reddit_Prov_Dataset_v5/_Small_child_commanding_a_fleet_of_kites/g171_d6t1ht2.png", "URL": "http://i.imgur.com/jAgCc9A.png", "fileid": "g171_d6t1ht2.png"}, {"id": "g171_d6sb33x", "comment": "[God knows](http://i.imgur.com/99NdizO.jpg)", "date": "2016-08-22 16:13:32", "seriesname": "g171_d6sb33x", "file": "/media/jbrogan4/scratch2/Reddit_Prov_Dataset_v5/_Small_child_commanding_a_fleet_of_kites/g171_d6sb33x.jpg", "URL": "http://i.imgur.com/99NdizO.jpg", "fileid": "g171_d6sb33x.jpg"}, {"id": "g171_d6sa8mp", "comment": "[YOU SHALL NOT PASS!](http://i.imgur.com/BtJO5hM.jpg)", "date": "2016-08-22 15:55:25", "seriesname": "g171_d6sa8mp", "file": "/media/jbrogan4/scratch2/Reddit_Prov_Dataset_v5/_Small_child_commanding_a_fleet_of_kites/g171_d6sa8mp.jpg", "URL": "http://i.imgur.com/BtJO5hM.jpg", "fileid": "g171_d6sa8mp.jpg"}, {"id": "g171_d6slo91", "comment": "[Explore Fearlessly](http://i.imgur.com/u4S6qgl.jpg)\n\n[Without Text](http://i.imgur.com/dipRncG.jpg)", "date": "2016-08-22 20:23:40", "seriesname": "g171_d6slo91", "file": "/media/jbrogan4/scratch2/Reddit_Prov_Dataset_v5/_Small_child_commanding_a_fleet_of_kites/g171_d6slo91.jpg", "URL": "http://i.imgur.com/dipRncG.jpg", "fileid": "g171_d6slo91.jpg"}, {"id": "g171_d6svofa", "comment": "http://imgur.com/hbh4YdO", "date": "2016-08-23 01:01:21", "seriesname": "g171_d6svofa", "file": "/media/jbrogan4/scratch2/Reddit_Prov_Dataset_v5/_Small_child_commanding_a_fleet_of_kites/g171_d6svofa.png", "URL": "http://i.imgur.com/hbh4YdO.png", "fileid": "g171_d6svofa.png"}, {"id": "g171_d6ssuzv", "comment": "[Battle of Kites](http://i.imgur.com/Vh3jsx1.jpg) coming 2017", "date": "2016-08-22 23:30:48", "seriesname": "g171_d6ssuzv", "file": "/media/jbrogan4/scratch2/Reddit_Prov_Dataset_v5/_Small_child_commanding_a_fleet_of_kites/g171_d6ssuzv.jpg", "URL": "http://i.imgur.com/Vh3jsx1.jpg", "fileid": "g171_d6ssuzv.jpg"}, {"id": "g171_d6st7hz", "comment": "\"I find your lack of faith disturbing\"\nhttp://imgur.com/hVIdh9e\n\nmy first PsBattle! made on mobile so please excuse the potato quality.", "date": "2016-08-22 23:40:59", "seriesname": "g171_d6st7hz", "file": "/media/jbrogan4/scratch2/Reddit_Prov_Dataset_v5/_Small_child_commanding_a_fleet_of_kites/g171_d6st7hz.png", "URL": "http://i.imgur.com/hVIdh9e.png", "fileid": "g171_d6st7hz.png"}, {"id": "g171_d6swqqd", "comment": "http://imgur.com/kqJTKDh", "date": "2016-08-23 01:43:24", "seriesname": "g171_d6swqqd", "file": "/media/jbrogan4/scratch2/Reddit_Prov_Dataset_v5/_Small_child_commanding_a_fleet_of_kites/g171_d6swqqd.png", "URL": "http://i.imgur.com/kqJTKDh.png", "fileid": "g171_d6swqqd.png"}, {"id": "g171_d6svsik", "comment": "Speaking of prototype I had done a [Joker texture mod](http://pre00.deviantart.net/6bea/th/pre/i/2009/176/3/e/_prototype_the_joker_by_almightynugget.jpg) back then using paint", "date": "2016-08-23 01:05:30", "seriesname": "g171_d6svsik", "file": "/media/jbrogan4/scratch2/Reddit_Prov_Dataset_v5/_Small_child_commanding_a_fleet_of_kites/g171_d6svsik.jpg", "URL": "http://pre00.deviantart.net/6bea/th/pre/i/2009/176/3/e/_prototype_the_joker_by_almightynugget.jpg", "fileid": "g171_d6svsik.jpg"}, {"id": "g171_d6t3qf3", "comment": "[Kite's Vs. Dragon](http://i.imgur.com/BZFRlZP.jpg)\n\n^please ^be ^gentle", "date": "2016-08-23 07:49:57", "seriesname": "g171_d6t3qf3", "file": "/media/jbrogan4/scratch2/Reddit_Prov_Dataset_v5/_Small_child_commanding_a_fleet_of_kites/g171_d6t3qf3.jpg", "URL": "http://i.imgur.com/BZFRlZP.jpg", "fileid": "g171_d6t3qf3.jpg"}, {"id": "g171_d6smang", "comment": "Toddler Night King\n\nhttp://imgur.com/kqJTKDh", "date": "2016-08-22 20:39:12", "seriesname": "g171_d6smang", "file": "/media/jbrogan4/scratch2/Reddit_Prov_Dataset_v5/_Small_child_commanding_a_fleet_of_kites/g171_d6smang.png", "URL": "http://i.imgur.com/kqJTKDh.png", "fileid": "g171_d6smang.png"}, {"id": "g171_d6s6sqo", "comment": "[This was my rest day](http://i.imgur.com/L2G7mUF.jpg)", "date": "2016-08-22 14:42:13", "seriesname": "g171_d6s6sqo", "file": "/media/jbrogan4/scratch2/Reddit_Prov_Dataset_v5/_Small_child_commanding_a_fleet_of_kites/g171_d6s6sqo.jpg", "URL": "http://i.imgur.com/L2G7mUF.jpg", "fileid": "g171_d6s6sqo.jpg"}, {"id": "g171_d6sbk0l", "comment": "http://i.imgur.com/yldx6O5.jpg Hardhome", "date": "2016-08-22 16:23:35", "seriesname": "g171_d6sbk0l", "file": "/media/jbrogan4/scratch2/Reddit_Prov_Dataset_v5/_Small_child_commanding_a_fleet_of_kites/g171_d6sbk0l.jpg", "URL": "http://i.imgur.com/yldx6O5.jpg", "fileid": "g171_d6sbk0l.jpg"}, {"id": "g171_d6scosa", "comment": "[Hardhone](http://imgur.com/h8WXcBC) \u2013 (Possible GOT Spoilers)", "date": "2016-08-22 16:47:58", "seriesname": "g171_d6scosa", "file": "/media/jbrogan4/scratch2/Reddit_Prov_Dataset_v5/_Small_child_commanding_a_fleet_of_kites/g171_d6scosa.png", "URL": "http://i.imgur.com/h8WXcBC.png", "fileid": "g171_d6scosa.png"}, {"id": "g171_d6sdsce", "comment": "[Baby sith](http://i.imgur.com/H8dzHqL.jpg)", "date": "2016-08-22 17:11:52", "seriesname": "g171_d6sdsce", "file": "/media/jbrogan4/scratch2/Reddit_Prov_Dataset_v5/_Small_child_commanding_a_fleet_of_kites/g171_d6sdsce.jpg", "URL": "http://i.imgur.com/H8dzHqL.jpg", "fileid": "g171_d6sdsce.jpg"}, {"id": "g171_d6s9vse", "comment": "[I tried\u2122](http://i.imgur.com/WIE0hr0.png) ", "date": "2016-08-22 15:48:00", "seriesname": "g171_d6s9vse", "file": "/media/jbrogan4/scratch2/Reddit_Prov_Dataset_v5/_Small_child_commanding_a_fleet_of_kites/g171_d6s9vse.png", "URL": "http://i.imgur.com/WIE0hr0.png", "fileid": "g171_d6s9vse.png"}, {"id": "g171_d6so8hw", "comment": "http://imgur.com/yS3ugYt.jpg", "date": "2016-08-22 21:29:08", "seriesname": "g171_d6so8hw", "file": "/media/jbrogan4/scratch2/Reddit_Prov_Dataset_v5/_Small_child_commanding_a_fleet_of_kites/g171_d6so8hw.jpg", "URL": "http://imgur.com/yS3ugYt.jpg", "fileid": "g171_d6so8hw.jpg"}, {"id": "g171_d6s28xt", "comment": "[Young Thor &amp; Lightning Road](http://i.imgur.com/gB3WcqA.jpg)", "date": "2016-08-22 13:05:22", "seriesname": "g171_d6s28xt", "file": "/media/jbrogan4/scratch2/Reddit_Prov_Dataset_v5/_Small_child_commanding_a_fleet_of_kites/g171_d6s28xt.jpg", "URL": "http://i.imgur.com/gB3WcqA.jpg", "fileid": "g171_d6s28xt.jpg"}, {"id": "g171_d6sco60", "comment": "[It's not over yet](http://imgur.com/yS3ugYt)\n\n^^^sorry ^^^this ^^^was ^^^rushed...", "date": "2016-08-22 16:47:36", "seriesname": "g171_d6sco60", "file": "/media/jbrogan4/scratch2/Reddit_Prov_Dataset_v5/_Small_child_commanding_a_fleet_of_kites/g171_d6sco60.png", "URL": "http://i.imgur.com/yS3ugYt.png", "fileid": "g171_d6sco60.png"}, {"id": "g171_d6sa2ht", "comment": "[I've been dying for this album to drop!](http://imgur.com/iEC2vmc)", "date": "2016-08-22 15:51:51", "seriesname": "g171_d6sa2ht", "file": "/media/jbrogan4/scratch2/Reddit_Prov_Dataset_v5/_Small_child_commanding_a_fleet_of_kites/g171_d6sa2ht.png", "URL": "http://i.imgur.com/iEC2vmc.png", "fileid": "g171_d6sa2ht.png"}, {"id": "g171_d6smcbc", "comment": "[Disaster Girl(s)](http://i.imgur.com/TQvvQkj.png)", "date": "2016-08-22 20:40:24", "seriesname": "g171_d6smcbc", "file": "/media/jbrogan4/scratch2/Reddit_Prov_Dataset_v5/_Small_child_commanding_a_fleet_of_kites/g171_d6smcbc.png", "URL": "http://i.imgur.com/TQvvQkj.png", "fileid": "g171_d6smcbc.png"}, {"id": "g171_d6selz9", "comment": "Some children just wanna watch the world Burn!!\n\nhttp://imgur.com/5S5ylT4", "date": "2016-08-22 17:30:29", "seriesname": "g171_d6selz9", "file": "/media/jbrogan4/scratch2/Reddit_Prov_Dataset_v5/_Small_child_commanding_a_fleet_of_kites/g171_d6selz9.png", "URL": "http://i.imgur.com/5S5ylT4.png", "fileid": "g171_d6selz9.png"}, {"id": "g171_d6sb7tg", "comment": "[Clogging the system.](http://i.imgur.com/7KjeEaR.jpg)", "date": "2016-08-22 16:16:21", "seriesname": "g171_d6sb7tg", "file": "/media/jbrogan4/scratch2/Reddit_Prov_Dataset_v5/_Small_child_commanding_a_fleet_of_kites/g171_d6sb7tg.jpg", "URL": "http://i.imgur.com/7KjeEaR.jpg", "fileid": "g171_d6sb7tg.jpg"}, {"id": "g171_d6soz96", "comment": "Overlooking the battle.\nhttp://imgur.com/poTaLdU", "date": "2016-08-22 21:48:18", "seriesname": "g171_d6soz96", "file": "/media/jbrogan4/scratch2/Reddit_Prov_Dataset_v5/_Small_child_commanding_a_fleet_of_kites/g171_d6soz96.png", "URL": "http://i.imgur.com/poTaLdU.png", "fileid": "g171_d6soz96.png"}, {"id": "g171_d6sb7va", "comment": "The force is strong with this one \nhttp://m.imgur.com/TE2xU36", "date": "2016-08-22 16:16:23", "seriesname": "g171_d6sb7va", "file": "/media/jbrogan4/scratch2/Reddit_Prov_Dataset_v5/_Small_child_commanding_a_fleet_of_kites/g171_d6sb7va.png", "URL": "http://i.imgur.com/TE2xU36.png", "fileid": "g171_d6sb7va.png"}, {"id": "g171_d6sdk2x", "comment": "I made this...\n \nhttp://i.imgur.com/UJJAclV.png", "date": "2016-08-22 17:06:48", "seriesname": "g171_d6sdk2x", "file": "/media/jbrogan4/scratch2/Reddit_Prov_Dataset_v5/_Small_child_commanding_a_fleet_of_kites/g171_d6sdk2x.png", "URL": "http://i.imgur.com/UJJAclV.png", "fileid": "g171_d6sdk2x.png"}, {"id": "g171_d6s29cp", "comment": "[Fulfill your destiny](http://i.imgur.com/vhHMmW8.png)", "date": "2016-08-22 13:05:35", "seriesname": "g171_d6s29cp", "file": "/media/jbrogan4/scratch2/Reddit_Prov_Dataset_v5/_Small_child_commanding_a_fleet_of_kites/g171_d6s29cp.png", "URL": "http://i.imgur.com/vhHMmW8.png", "fileid": "g171_d6s29cp.png"}, {"id": "g171_d6sko34", "comment": "Mirror! [MIRROR](http://i.imgur.com/ScjolL7.jpg)!!!", "date": "2016-08-22 19:58:35", "seriesname": "g171_d6sko34", "file": "/media/jbrogan4/scratch2/Reddit_Prov_Dataset_v5/_Small_child_commanding_a_fleet_of_kites/g171_d6sko34.jpg", "URL": "http://i.imgur.com/ScjolL7.jpg)!!!", "fileid": "g171_d6sko34.jpg!!!"}, {"id": "g171_root", "comment": "", "date": "2016-08-22 11:14:17", "seriesname": "g171_root", "file": "/media/jbrogan4/scratch2/Reddit_Prov_Dataset_v5/_Small_child_commanding_a_fleet_of_kites/g171_root.jpg", "URL": "http://i.imgur.com/RWsAdQD.jpg", "fileid": "g171_root.jpg"}], "graph": {"name": "g171_root"}, "directed": true}