{"links": [{"op": "none", "target": 0, "source": 59}, {"op": "none", "target": 1, "source": 59}, {"op": "none", "target": 2, "source": 59}, {"op": "none", "target": 3, "source": 59}, {"op": "none", "target": 4, "source": 59}, {"op": "none", "target": 5, "source": 59}, {"op": "none", "target": 6, "source": 59}, {"op": "none", "target": 7, "source": 59}, {"op": "none", "target": 8, "source": 59}, {"op": "none", "target": 9, "source": 59}, {"op": "none", "target": 10, "source": 17}, {"op": "none", "target": 11, "source": 17}, {"op": "none", "target": 12, "source": 59}, {"op": "none", "target": 13, "source": 59}, {"op": "none", "target": 14, "source": 59}, {"op": "none", "target": 15, "source": 10}, {"op": "none", "target": 16, "source": 59}, {"op": "none", "target": 17, "source": 59}, {"op": "none", "target": 18, "source": 59}, {"op": "none", "target": 19, "source": 59}, {"op": "none", "target": 20, "source": 10}, {"op": "none", "target": 21, "source": 52}, {"op": "none", "target": 22, "source": 43}, {"op": "none", "target": 23, "source": 59}, {"op": "none", "target": 24, "source": 59}, {"op": "none", "target": 25, "source": 59}, {"op": "none", "target": 26, "source": 59}, {"op": "none", "target": 27, "source": 59}, {"op": "none", "target": 28, "source": 59}, {"op": "none", "target": 29, "source": 59}, {"op": "none", "target": 30, "source": 59}, {"op": "none", "target": 31, "source": 59}, {"op": "none", "target": 32, "source": 59}, {"op": "none", "target": 33, "source": 59}, {"op": "none", "target": 34, "source": 59}, {"op": "none", "target": 35, "source": 50}, {"op": "none", "target": 36, "source": 59}, {"op": "none", "target": 37, "source": 21}, {"op": "none", "target": 38, "source": 59}, {"op": "none", "target": 39, "source": 37}, {"op": "none", "target": 40, "source": 59}, {"op": "none", "target": 41, "source": 59}, {"op": "none", "target": 42, "source": 59}, {"op": "none", "target": 43, "source": 35}, {"op": "none", "target": 44, "source": 59}, {"op": "none", "target": 45, "source": 59}, {"op": "none", "target": 46, "source": 59}, {"op": "none", "target": 47, "source": 59}, {"op": "none", "target": 48, "source": 59}, {"op": "none", "target": 49, "source": 59}, {"op": "none", "target": 50, "source": 39}, {"op": "none", "target": 51, "source": 59}, {"op": "none", "target": 52, "source": 59}, {"op": "none", "target": 53, "source": 59}, {"op": "none", "target": 54, "source": 59}, {"op": "none", "target": 55, "source": 59}, {"op": "none", "target": 56, "source": 59}, {"op": "none", "target": 57, "source": 59}, {"op": "none", "target": 58, "source": 20}, {"op": "none", "target": 60, "source": 59}], "title": "_Friend's_son_lost_his_favorite_toy_Parents_said_the_elephant_is_traveling_around_the_world_Would_love_to_share_images_of_his_travels_with_the_son", "nodes": [{"id": "g177_d4v271s", "comment": "On a trip through India...\n\nhttp://i.imgur.com/p9yJAS8.jpg", "date": "2016-07-01 02:50:17", "seriesname": "g177_d4v271s", "file": "/media/jbrogan4/scratch2/Reddit_Prov_Dataset_v5/_Friend's_son_lost_his_favorite_toy_Parents_said_the_elephant_is_traveling_around_the_world_Would_love_to_share_images_of_his_travels_with_the_son/g177_d4v271s.jpg", "URL": "http://i.imgur.com/p9yJAS8.jpg", "fileid": "g177_d4v271s.jpg"}, {"id": "g177_d4v68ud", "comment": "[He seems to have travelled  back in time for a bit](http://i.imgur.com/tLeB6BL.jpg)", "date": "2016-07-01 06:34:02", "seriesname": "g177_d4v68ud", "file": "/media/jbrogan4/scratch2/Reddit_Prov_Dataset_v5/_Friend's_son_lost_his_favorite_toy_Parents_said_the_elephant_is_traveling_around_the_world_Would_love_to_share_images_of_his_travels_with_the_son/g177_d4v68ud.jpg", "URL": "http://i.imgur.com/tLeB6BL.jpg", "fileid": "g177_d4v68ud.jpg"}, {"id": "g177_d4uznff", "comment": "[He went on a cruise](http://i.imgur.com/L8erjey.jpg)", "date": "2016-07-01 01:07:15", "seriesname": "g177_d4uznff", "file": "/media/jbrogan4/scratch2/Reddit_Prov_Dataset_v5/_Friend's_son_lost_his_favorite_toy_Parents_said_the_elephant_is_traveling_around_the_world_Would_love_to_share_images_of_his_travels_with_the_son/g177_d4uznff.jpg", "URL": "http://i.imgur.com/L8erjey.jpg", "fileid": "g177_d4uznff.jpg"}, {"id": "g177_d4uzg9o", "comment": "http://i.imgur.com/CNLfvpQ.jpg  My attempt at Fezzik going to Pompeii.", "date": "2016-07-01 01:00:09", "seriesname": "g177_d4uzg9o", "file": "/media/jbrogan4/scratch2/Reddit_Prov_Dataset_v5/_Friend's_son_lost_his_favorite_toy_Parents_said_the_elephant_is_traveling_around_the_world_Would_love_to_share_images_of_his_travels_with_the_son/g177_d4uzg9o.jpg", "URL": "http://i.imgur.com/CNLfvpQ.jpg", "fileid": "g177_d4uzg9o.jpg"}, {"id": "g177_d4v2v0a", "comment": "[Oli The Elephant Parachuting Near Table Mountain - South Africa](https://imgur.com/GJ4mgf3)", "date": "2016-07-01 03:22:49", "seriesname": "g177_d4v2v0a", "file": "/media/jbrogan4/scratch2/Reddit_Prov_Dataset_v5/_Friend's_son_lost_his_favorite_toy_Parents_said_the_elephant_is_traveling_around_the_world_Would_love_to_share_images_of_his_travels_with_the_son/g177_d4v2v0a.png", "URL": "http://i.imgur.com/GJ4mgf3.png", "fileid": "g177_d4v2v0a.png"}, {"id": "g177_d4v46g2", "comment": "[He looks like an Indian Elephant, Taj Mahal Selfie](http://imgur.com/hjpn9cC)", "date": "2016-07-01 04:31:52", "seriesname": "g177_d4v46g2", "file": "/media/jbrogan4/scratch2/Reddit_Prov_Dataset_v5/_Friend's_son_lost_his_favorite_toy_Parents_said_the_elephant_is_traveling_around_the_world_Would_love_to_share_images_of_his_travels_with_the_son/g177_d4v46g2.png", "URL": "http://i.imgur.com/hjpn9cC.png", "fileid": "g177_d4v46g2.png"}, {"id": "g177_d4v3zp4", "comment": "[The Happiest Place on Earth!](http://imgur.com/ik5lp2f)", "date": "2016-07-01 04:21:43", "seriesname": "g177_d4v3zp4", "file": "/media/jbrogan4/scratch2/Reddit_Prov_Dataset_v5/_Friend's_son_lost_his_favorite_toy_Parents_said_the_elephant_is_traveling_around_the_world_Would_love_to_share_images_of_his_travels_with_the_son/g177_d4v3zp4.png", "URL": "http://i.imgur.com/ik5lp2f.png", "fileid": "g177_d4v3zp4.png"}, {"id": "g177_d4v0npl", "comment": "[To the moon](http://i.imgur.com/ipOfuIn.jpg)", "date": "2016-07-01 01:44:28", "seriesname": "g177_d4v0npl", "file": "/media/jbrogan4/scratch2/Reddit_Prov_Dataset_v5/_Friend's_son_lost_his_favorite_toy_Parents_said_the_elephant_is_traveling_around_the_world_Would_love_to_share_images_of_his_travels_with_the_son/g177_d4v0npl.jpg", "URL": "http://i.imgur.com/ipOfuIn.jpg", "fileid": "g177_d4v0npl.jpg"}, {"id": "g177_d4v0j5r", "comment": "[Bannockburn](http://i.imgur.com/xkMNyT7.jpg)", "date": "2016-07-01 01:39:30", "seriesname": "g177_d4v0j5r", "file": "/media/jbrogan4/scratch2/Reddit_Prov_Dataset_v5/_Friend's_son_lost_his_favorite_toy_Parents_said_the_elephant_is_traveling_around_the_world_Would_love_to_share_images_of_his_travels_with_the_son/g177_d4v0j5r.jpg", "URL": "http://i.imgur.com/xkMNyT7.jpg", "fileid": "g177_d4v0j5r.jpg"}, {"id": "g177_d4v69rg", "comment": "[He sailed off through night and day and in and out of weeks and almost over a year to where the wild things are](http://i.imgur.com/QghZHKe.jpg)", "date": "2016-07-01 06:35:29", "seriesname": "g177_d4v69rg", "file": "/media/jbrogan4/scratch2/Reddit_Prov_Dataset_v5/_Friend's_son_lost_his_favorite_toy_Parents_said_the_elephant_is_traveling_around_the_world_Would_love_to_share_images_of_his_travels_with_the_son/g177_d4v69rg.jpg", "URL": "http://i.imgur.com/QghZHKe.jpg", "fileid": "g177_d4v69rg.jpg"}, {"id": "g177_d4v436f", "comment": "Cutout: Lying down.\nhttp://imgur.com/2pbSGnI", "date": "2016-07-01 04:27:00", "seriesname": "g177_d4v436f", "file": "/media/jbrogan4/scratch2/Reddit_Prov_Dataset_v5/_Friend's_son_lost_his_favorite_toy_Parents_said_the_elephant_is_traveling_around_the_world_Would_love_to_share_images_of_his_travels_with_the_son/g177_d4v436f.png", "URL": "http://i.imgur.com/2pbSGnI.png", "fileid": "g177_d4v436f.png"}, {"id": "g177_d4v5q7y", "comment": "Cutout: From the back http://i.imgur.com/aaTQrTm.png", "date": "2016-07-01 06:04:09", "seriesname": "g177_d4v5q7y", "file": "/media/jbrogan4/scratch2/Reddit_Prov_Dataset_v5/_Friend's_son_lost_his_favorite_toy_Parents_said_the_elephant_is_traveling_around_the_world_Would_love_to_share_images_of_his_travels_with_the_son/g177_d4v5q7y.png", "URL": "http://i.imgur.com/aaTQrTm.png", "fileid": "g177_d4v5q7y.png"}, {"id": "g177_d4v1dvt", "comment": "https://imgur.com/UUt8zXE", "date": "2016-07-01 02:14:11", "seriesname": "g177_d4v1dvt", "file": "/media/jbrogan4/scratch2/Reddit_Prov_Dataset_v5/_Friend's_son_lost_his_favorite_toy_Parents_said_the_elephant_is_traveling_around_the_world_Would_love_to_share_images_of_his_travels_with_the_son/g177_d4v1dvt.png", "URL": "http://i.imgur.com/UUt8zXE.png", "fileid": "g177_d4v1dvt.png"}, {"id": "g177_d4v4m3l", "comment": "[Going back to it's roots](http://i.imgur.com/Vpc0LdS.jpg)", "date": "2016-07-01 04:56:55", "seriesname": "g177_d4v4m3l", "file": "/media/jbrogan4/scratch2/Reddit_Prov_Dataset_v5/_Friend's_son_lost_his_favorite_toy_Parents_said_the_elephant_is_traveling_around_the_world_Would_love_to_share_images_of_his_travels_with_the_son/g177_d4v4m3l.jpg", "URL": "http://i.imgur.com/Vpc0LdS.jpg", "fileid": "g177_d4v4m3l.jpg"}, {"id": "g177_d4v7g83", "comment": "[He also went to Rome!](http://i.imgur.com/KzhwKPz.png)", "date": "2016-07-01 07:36:54", "seriesname": "g177_d4v7g83", "file": "/media/jbrogan4/scratch2/Reddit_Prov_Dataset_v5/_Friend's_son_lost_his_favorite_toy_Parents_said_the_elephant_is_traveling_around_the_world_Would_love_to_share_images_of_his_travels_with_the_son/g177_d4v7g83.png", "URL": "http://i.imgur.com/KzhwKPz.png", "fileid": "g177_d4v7g83.png"}, {"id": "g177_d4v5lgu", "comment": "[thanks, had good use for it](http://i.imgur.com/bSfOxqA.jpg)", "date": "2016-07-01 05:56:19", "seriesname": "g177_d4v5lgu", "file": "/media/jbrogan4/scratch2/Reddit_Prov_Dataset_v5/_Friend's_son_lost_his_favorite_toy_Parents_said_the_elephant_is_traveling_around_the_world_Would_love_to_share_images_of_his_travels_with_the_son/g177_d4v5lgu.jpg", "URL": "http://i.imgur.com/bSfOxqA.jpg", "fileid": "g177_d4v5lgu.jpg"}, {"id": "g177_d4v1g7m", "comment": "[Walking through the forest](http://i.imgur.com/i3ydYKx.jpg)", "date": "2016-07-01 02:16:58", "seriesname": "g177_d4v1g7m", "file": "/media/jbrogan4/scratch2/Reddit_Prov_Dataset_v5/_Friend's_son_lost_his_favorite_toy_Parents_said_the_elephant_is_traveling_around_the_world_Would_love_to_share_images_of_his_travels_with_the_son/g177_d4v1g7m.jpg", "URL": "http://i.imgur.com/i3ydYKx.jpg", "fileid": "g177_d4v1g7m.jpg"}, {"id": "g177_d4uyxk3", "comment": "Cutout:\nhttp://i.imgur.com/MpCOE9P.png", "date": "2016-07-01 00:42:22", "seriesname": "g177_d4uyxk3", "file": "/media/jbrogan4/scratch2/Reddit_Prov_Dataset_v5/_Friend's_son_lost_his_favorite_toy_Parents_said_the_elephant_is_traveling_around_the_world_Would_love_to_share_images_of_his_travels_with_the_son/g177_d4uyxk3.png", "URL": "http://i.imgur.com/MpCOE9P.png", "fileid": "g177_d4uyxk3.png"}, {"id": "g177_d4v1dfz", "comment": "https://imgur.com/HAE71JT", "date": "2016-07-01 02:13:39", "seriesname": "g177_d4v1dfz", "file": "/media/jbrogan4/scratch2/Reddit_Prov_Dataset_v5/_Friend's_son_lost_his_favorite_toy_Parents_said_the_elephant_is_traveling_around_the_world_Would_love_to_share_images_of_his_travels_with_the_son/g177_d4v1dfz.png", "URL": "http://i.imgur.com/HAE71JT.png", "fileid": "g177_d4v1dfz.png"}, {"id": "g177_d4v1ite", "comment": "Here's the little guy on all 7 continents!  http://imgur.com/a/DFhF0\n\nEdit:  Wow!  Thanks for all the kind words.  Hopefully the little kid gets a smile out of these as well.  \n\nAlso, I'm pretty sure I slept through high school geography and it was late last night when I made these.  Let's try again - http://imgur.com/LzQzsgf\n\nEdit 2:  Hahaha, my inbox is blowing up with \"Easter Island isn't a continent!\"  [More South America!](http://imgur.com/a/GRIbx)  ", "date": "2016-07-01 02:20:04", "seriesname": "g177_d4v1ite", "file": "/media/jbrogan4/scratch2/Reddit_Prov_Dataset_v5/_Friend's_son_lost_his_favorite_toy_Parents_said_the_elephant_is_traveling_around_the_world_Would_love_to_share_images_of_his_travels_with_the_son/g177_d4v1ite.png", "URL": "http://i.imgur.com/GRIbx.png", "fileid": "g177_d4v1ite.png"}, {"id": "g177_d4v65ox", "comment": "Good call!\n\nhttp://i.imgur.com/p9Ykc2v.jpg", "date": "2016-07-01 06:29:00", "seriesname": "g177_d4v65ox", "file": "/media/jbrogan4/scratch2/Reddit_Prov_Dataset_v5/_Friend's_son_lost_his_favorite_toy_Parents_said_the_elephant_is_traveling_around_the_world_Would_love_to_share_images_of_his_travels_with_the_son/g177_d4v65ox.jpg", "URL": "http://i.imgur.com/p9Ykc2v.jpg", "fileid": "g177_d4v65ox.jpg"}, {"id": "g177_d4v4fad", "comment": "[And making new best friends already!](http://imgur.com/kbnrW3T)", "date": "2016-07-01 04:45:46", "seriesname": "g177_d4v4fad", "file": "/media/jbrogan4/scratch2/Reddit_Prov_Dataset_v5/_Friend's_son_lost_his_favorite_toy_Parents_said_the_elephant_is_traveling_around_the_world_Would_love_to_share_images_of_his_travels_with_the_son/g177_d4v4fad.png", "URL": "http://i.imgur.com/kbnrW3T.png", "fileid": "g177_d4v4fad.png"}, {"id": "g177_d4v65ri", "comment": "[Playing hide and seek](http://i.imgur.com/QnCD58M.jpg) ", "date": "2016-07-01 06:29:06", "seriesname": "g177_d4v65ri", "file": "/media/jbrogan4/scratch2/Reddit_Prov_Dataset_v5/_Friend's_son_lost_his_favorite_toy_Parents_said_the_elephant_is_traveling_around_the_world_Would_love_to_share_images_of_his_travels_with_the_son/g177_d4v65ri.jpg", "URL": "http://i.imgur.com/QnCD58M.jpg", "fileid": "g177_d4v65ri.jpg"}, {"id": "g177_d4v3anu", "comment": "[In the Happiest Place on Earth\u2122](http://imgur.com/UXhU0Kh)", "date": "2016-07-01 03:44:50", "seriesname": "g177_d4v3anu", "file": "/media/jbrogan4/scratch2/Reddit_Prov_Dataset_v5/_Friend's_son_lost_his_favorite_toy_Parents_said_the_elephant_is_traveling_around_the_world_Would_love_to_share_images_of_his_travels_with_the_son/g177_d4v3anu.png", "URL": "http://i.imgur.com/UXhU0Kh.png", "fileid": "g177_d4v3anu.png"}, {"id": "g177_d4v1zeo", "comment": "[\"You mean I'm not alone anymore?\"](http://i.imgur.com/vrzkhKG.jpg)", "date": "2016-07-01 02:40:21", "seriesname": "g177_d4v1zeo", "file": "/media/jbrogan4/scratch2/Reddit_Prov_Dataset_v5/_Friend's_son_lost_his_favorite_toy_Parents_said_the_elephant_is_traveling_around_the_world_Would_love_to_share_images_of_his_travels_with_the_son/g177_d4v1zeo.jpg", "URL": "http://i.imgur.com/vrzkhKG.jpg", "fileid": "g177_d4v1zeo.jpg"}, {"id": "g177_d4v4xan", "comment": "Having a fun romp in space! http://imgur.com/7jcEeeW", "date": "2016-07-01 05:15:22", "seriesname": "g177_d4v4xan", "file": "/media/jbrogan4/scratch2/Reddit_Prov_Dataset_v5/_Friend's_son_lost_his_favorite_toy_Parents_said_the_elephant_is_traveling_around_the_world_Would_love_to_share_images_of_his_travels_with_the_son/g177_d4v4xan.png", "URL": "http://i.imgur.com/7jcEeeW.png", "fileid": "g177_d4v4xan.png"}, {"id": "g177_d4uxrjk", "comment": "http://imgur.com/mUbi6zF", "date": "2016-07-01 00:05:38", "seriesname": "g177_d4uxrjk", "file": "/media/jbrogan4/scratch2/Reddit_Prov_Dataset_v5/_Friend's_son_lost_his_favorite_toy_Parents_said_the_elephant_is_traveling_around_the_world_Would_love_to_share_images_of_his_travels_with_the_son/g177_d4uxrjk.png", "URL": "http://i.imgur.com/mUbi6zF.png", "fileid": "g177_d4uxrjk.png"}, {"id": "g177_d4v0c0k", "comment": "[chillin with lady Liberty](http://imgur.com/Re4b1yW) \n\nHope he cheers up a little! I remember losing my favorite toy as a child :(", "date": "2016-07-01 01:32:05", "seriesname": "g177_d4v0c0k", "file": "/media/jbrogan4/scratch2/Reddit_Prov_Dataset_v5/_Friend's_son_lost_his_favorite_toy_Parents_said_the_elephant_is_traveling_around_the_world_Would_love_to_share_images_of_his_travels_with_the_son/g177_d4v0c0k.png", "URL": "http://i.imgur.com/Re4b1yW.png", "fileid": "g177_d4v0c0k.png"}, {"id": "g177_d4v29ic", "comment": "[Quite the daredevil](https://imgur.com/jIanBpZ)", "date": "2016-07-01 02:53:29", "seriesname": "g177_d4v29ic", "file": "/media/jbrogan4/scratch2/Reddit_Prov_Dataset_v5/_Friend's_son_lost_his_favorite_toy_Parents_said_the_elephant_is_traveling_around_the_world_Would_love_to_share_images_of_his_travels_with_the_son/g177_d4v29ic.png", "URL": "http://i.imgur.com/jIanBpZ.png", "fileid": "g177_d4v29ic.png"}, {"id": "g177_d4v26jj", "comment": "I made an account just for this: [Here's a classic!](http://i.imgur.com/X64lIfp.jpg) ", "date": "2016-07-01 02:49:39", "seriesname": "g177_d4v26jj", "file": "/media/jbrogan4/scratch2/Reddit_Prov_Dataset_v5/_Friend's_son_lost_his_favorite_toy_Parents_said_the_elephant_is_traveling_around_the_world_Would_love_to_share_images_of_his_travels_with_the_son/g177_d4v26jj.jpg", "URL": "http://i.imgur.com/X64lIfp.jpg", "fileid": "g177_d4v26jj.jpg"}, {"id": "g177_d4v376n", "comment": "Elephant got a little lost while travelling through time, and tried to make his way around. He went to an interesting speech, but was not agreeing with what the speaker was saying. Refusing to follow everyone else, he decided not to raise his right arm, and stay calm. Sometimes you have to stand out from the crowd, and not be afraid to be different.\n\nhttp://i.imgur.com/EQxwUz3.jpg", "date": "2016-07-01 03:39:54", "seriesname": "g177_d4v376n", "file": "/media/jbrogan4/scratch2/Reddit_Prov_Dataset_v5/_Friend's_son_lost_his_favorite_toy_Parents_said_the_elephant_is_traveling_around_the_world_Would_love_to_share_images_of_his_travels_with_the_son/g177_d4v376n.jpg", "URL": "http://i.imgur.com/EQxwUz3.jpg", "fileid": "g177_d4v376n.jpg"}, {"id": "g177_d4v54hn", "comment": "Spotted. Couldn't take a clearer photo because the weather was really awful that day...\n\nhttp://imgur.com/RDiRq2n\n\nEDIT: I saw him a little bit later. On the other side of the mountain there were no clouds. Here's a better picture of him: http://imgur.com/xcYbDmc\n\nEDIT2: Had to do this, sorry I did't see it sooner. http://imgur.com/eMiJ8un", "date": "2016-07-01 05:27:21", "seriesname": "g177_d4v54hn", "file": "/media/jbrogan4/scratch2/Reddit_Prov_Dataset_v5/_Friend's_son_lost_his_favorite_toy_Parents_said_the_elephant_is_traveling_around_the_world_Would_love_to_share_images_of_his_travels_with_the_son/g177_d4v54hn.png", "URL": "http://i.imgur.com/eMiJ8un.png", "fileid": "g177_d4v54hn.png"}, {"id": "g177_d4v04jz", "comment": "[He might have been lost, but he seems to have found himself.](http://i.imgur.com/fhvKm0c.jpg)", "date": "2016-07-01 01:24:25", "seriesname": "g177_d4v04jz", "file": "/media/jbrogan4/scratch2/Reddit_Prov_Dataset_v5/_Friend's_son_lost_his_favorite_toy_Parents_said_the_elephant_is_traveling_around_the_world_Would_love_to_share_images_of_his_travels_with_the_son/g177_d4v04jz.jpg", "URL": "http://i.imgur.com/fhvKm0c.jpg", "fileid": "g177_d4v04jz.jpg"}, {"id": "g177_d4v334h", "comment": "Hey, he visited my part of the world.\n\nhttp://i.imgur.com/18LRY0k.jpg\n\nSame, sans title\n\nhttp://i.imgur.com/c854ed8.jpg", "date": "2016-07-01 03:34:11", "seriesname": "g177_d4v334h", "file": "/media/jbrogan4/scratch2/Reddit_Prov_Dataset_v5/_Friend's_son_lost_his_favorite_toy_Parents_said_the_elephant_is_traveling_around_the_world_Would_love_to_share_images_of_his_travels_with_the_son/g177_d4v334h.jpg", "URL": "http://i.imgur.com/c854ed8.jpg", "fileid": "g177_d4v334h.jpg"}, {"id": "g177_d4uzffl", "comment": "[Oh, The Places You'll Go!](http://i.imgur.com/aHN50pC.jpg) *(I'll uh, I'll contribute something useful later.)*", "date": "2016-07-01 00:59:21", "seriesname": "g177_d4uzffl", "file": "/media/jbrogan4/scratch2/Reddit_Prov_Dataset_v5/_Friend's_son_lost_his_favorite_toy_Parents_said_the_elephant_is_traveling_around_the_world_Would_love_to_share_images_of_his_travels_with_the_son/g177_d4uzffl.jpg", "URL": "http://i.imgur.com/aHN50pC.jpg", "fileid": "g177_d4uzffl.jpg"}, {"id": "g177_d4v5750", "comment": "[Running around](http://imgur.com/wClBlon)", "date": "2016-07-01 05:31:49", "seriesname": "g177_d4v5750", "file": "/media/jbrogan4/scratch2/Reddit_Prov_Dataset_v5/_Friend's_son_lost_his_favorite_toy_Parents_said_the_elephant_is_traveling_around_the_world_Would_love_to_share_images_of_his_travels_with_the_son/g177_d4v5750.png", "URL": "http://i.imgur.com/wClBlon.png", "fileid": "g177_d4v5750.png"}, {"id": "g177_d4v1tmy", "comment": "[What wacky mishaps he gets into!](http://i.imgur.com/XUZIGSD.jpg)", "date": "2016-07-01 02:33:01", "seriesname": "g177_d4v1tmy", "file": "/media/jbrogan4/scratch2/Reddit_Prov_Dataset_v5/_Friend's_son_lost_his_favorite_toy_Parents_said_the_elephant_is_traveling_around_the_world_Would_love_to_share_images_of_his_travels_with_the_son/g177_d4v1tmy.jpg", "URL": "http://i.imgur.com/XUZIGSD.jpg", "fileid": "g177_d4v1tmy.jpg"}, {"id": "g177_d4v4p8l", "comment": "[Playing Soccer!](http://imgur.com/CWcIWFp)", "date": "2016-07-01 05:02:04", "seriesname": "g177_d4v4p8l", "file": "/media/jbrogan4/scratch2/Reddit_Prov_Dataset_v5/_Friend's_son_lost_his_favorite_toy_Parents_said_the_elephant_is_traveling_around_the_world_Would_love_to_share_images_of_his_travels_with_the_son/g177_d4v4p8l.png", "URL": "http://i.imgur.com/CWcIWFp.png", "fileid": "g177_d4v4p8l.png"}, {"id": "g177_d4v1qd0", "comment": "[Teleported bread for 3 days.](http://m.imgur.com/xezGyb9)", "date": "2016-07-01 02:28:57", "seriesname": "g177_d4v1qd0", "file": "/media/jbrogan4/scratch2/Reddit_Prov_Dataset_v5/_Friend's_son_lost_his_favorite_toy_Parents_said_the_elephant_is_traveling_around_the_world_Would_love_to_share_images_of_his_travels_with_the_son/g177_d4v1qd0.png", "URL": "http://i.imgur.com/xezGyb9.png", "fileid": "g177_d4v1qd0.png"}, {"id": "g177_d4v4u43", "comment": "[Chasing Birds!](http://imgur.com/r49Arqf)", "date": "2016-07-01 05:10:08", "seriesname": "g177_d4v4u43", "file": "/media/jbrogan4/scratch2/Reddit_Prov_Dataset_v5/_Friend's_son_lost_his_favorite_toy_Parents_said_the_elephant_is_traveling_around_the_world_Would_love_to_share_images_of_his_travels_with_the_son/g177_d4v4u43.png", "URL": "http://i.imgur.com/r49Arqf.png", "fileid": "g177_d4v4u43.png"}, {"id": "g177_d4uzwad", "comment": "http://imgur.com/FH4awgU\n\nChecking out the turtles at the Great Barrier Reef", "date": "2016-07-01 01:16:04", "seriesname": "g177_d4uzwad", "file": "/media/jbrogan4/scratch2/Reddit_Prov_Dataset_v5/_Friend's_son_lost_his_favorite_toy_Parents_said_the_elephant_is_traveling_around_the_world_Would_love_to_share_images_of_his_travels_with_the_son/g177_d4uzwad.png", "URL": "http://i.imgur.com/FH4awgU.png", "fileid": "g177_d4uzwad.png"}, {"id": "g177_d4v3tlv", "comment": "It's been places, seen people: http://imgur.com/MhX3jpX", "date": "2016-07-01 04:12:43", "seriesname": "g177_d4v3tlv", "file": "/media/jbrogan4/scratch2/Reddit_Prov_Dataset_v5/_Friend's_son_lost_his_favorite_toy_Parents_said_the_elephant_is_traveling_around_the_world_Would_love_to_share_images_of_his_travels_with_the_son/g177_d4v3tlv.png", "URL": "http://i.imgur.com/MhX3jpX.png", "fileid": "g177_d4v3tlv.png"}, {"id": "g177_d4v6sdw", "comment": "Cedar Point\n http://i.imgur.com/nmwbnRZ.jpg ", "date": "2016-07-01 07:04:24", "seriesname": "g177_d4v6sdw", "file": "/media/jbrogan4/scratch2/Reddit_Prov_Dataset_v5/_Friend's_son_lost_his_favorite_toy_Parents_said_the_elephant_is_traveling_around_the_world_Would_love_to_share_images_of_his_travels_with_the_son/g177_d4v6sdw.jpg", "URL": "http://i.imgur.com/nmwbnRZ.jpg", "fileid": "g177_d4v6sdw.jpg"}, {"id": "g177_d4v5bym", "comment": "[Spreading Love!](http://imgur.com/2QAitKE)", "date": "2016-07-01 05:39:58", "seriesname": "g177_d4v5bym", "file": "/media/jbrogan4/scratch2/Reddit_Prov_Dataset_v5/_Friend's_son_lost_his_favorite_toy_Parents_said_the_elephant_is_traveling_around_the_world_Would_love_to_share_images_of_his_travels_with_the_son/g177_d4v5bym.png", "URL": "http://i.imgur.com/2QAitKE.png", "fileid": "g177_d4v5bym.png"}, {"id": "g177_d4v1hcu", "comment": "http://imgur.com/sxccCH0\nOne small step for elephant...", "date": "2016-07-01 02:18:19", "seriesname": "g177_d4v1hcu", "file": "/media/jbrogan4/scratch2/Reddit_Prov_Dataset_v5/_Friend's_son_lost_his_favorite_toy_Parents_said_the_elephant_is_traveling_around_the_world_Would_love_to_share_images_of_his_travels_with_the_son/g177_d4v1hcu.png", "URL": "http://i.imgur.com/sxccCH0.png", "fileid": "g177_d4v1hcu.png"}, {"id": "g177_d4v1xta", "comment": "[Elephant meets the President!](http://i.imgur.com/eDaybod.jpg)", "date": "2016-07-01 02:38:20", "seriesname": "g177_d4v1xta", "file": "/media/jbrogan4/scratch2/Reddit_Prov_Dataset_v5/_Friend's_son_lost_his_favorite_toy_Parents_said_the_elephant_is_traveling_around_the_world_Would_love_to_share_images_of_his_travels_with_the_son/g177_d4v1xta.jpg", "URL": "http://i.imgur.com/eDaybod.jpg", "fileid": "g177_d4v1xta.jpg"}, {"id": "g177_d4v5nlu", "comment": "Keeping an eye on the Queen for us http://i.imgur.com/3XgHIT2.jpg\n\nMy first PSB, loving this tread (reddit has made me too skeptical - I just hope OP story is true)\n\n*edit: spelling", "date": "2016-07-01 05:59:55", "seriesname": "g177_d4v5nlu", "file": "/media/jbrogan4/scratch2/Reddit_Prov_Dataset_v5/_Friend's_son_lost_his_favorite_toy_Parents_said_the_elephant_is_traveling_around_the_world_Would_love_to_share_images_of_his_travels_with_the_son/g177_d4v5nlu.jpg", "URL": "http://i.imgur.com/3XgHIT2.jpg", "fileid": "g177_d4v5nlu.jpg"}, {"id": "g177_d4ve8xf", "comment": "He went on a Star Wars adventure:\n\nLeia gave him the plans.\n\n[Imgur](http://i.imgur.com/ug5RF1N.png)\n\nBeing bought by Luke from the Jawas.\n\n[Imgur](http://i.imgur.com/Ci2qnHZ.png)\n\n\"This is not the toy elephant you are looking for\".\nA close call at Mos Eisley.\n\n[Imgur](http://i.imgur.com/uqJlqfH.jpg)\n\nMeeting Han Solo and Chewie.\n\n[Imgur](http://i.imgur.com/u6vqoyo.jpg)\n\nOn the Millennium Falcon.\n\n[Imgur](http://i.imgur.com/mnY2JJp.png)\n\nHelping rescue Princess Leia.\n\n[Imgur](http://i.imgur.com/5btQleI.png)\n\nGoing into battle with Luke.\n\n[Imgur](http://i.imgur.com/25MIKBp.png)\n\nAnd he became a hero!\n\n[Imgur](http://i.imgur.com/t68eIi7.jpg)\n", "date": "2016-07-01 11:01:10", "seriesname": "g177_d4ve8xf", "file": "/media/jbrogan4/scratch2/Reddit_Prov_Dataset_v5/_Friend's_son_lost_his_favorite_toy_Parents_said_the_elephant_is_traveling_around_the_world_Would_love_to_share_images_of_his_travels_with_the_son/g177_d4ve8xf.jpg", "URL": "http://i.imgur.com/t68eIi7.jpg", "fileid": "g177_d4ve8xf.jpg"}, {"id": "g177_d4v2rdl", "comment": "[Now there's something you don't see everyday.](https://imgur.com/aXR9UWP)", "date": "2016-07-01 03:17:44", "seriesname": "g177_d4v2rdl", "file": "/media/jbrogan4/scratch2/Reddit_Prov_Dataset_v5/_Friend's_son_lost_his_favorite_toy_Parents_said_the_elephant_is_traveling_around_the_world_Would_love_to_share_images_of_his_travels_with_the_son/g177_d4v2rdl.png", "URL": "http://i.imgur.com/aXR9UWP.png", "fileid": "g177_d4v2rdl.png"}, {"id": "g177_d4v0vax", "comment": "[Elephant rides a camel across the Arabian Peninsula](http://i.imgur.com/0IEgd6W.jpg)\n", "date": "2016-07-01 01:52:50", "seriesname": "g177_d4v0vax", "file": "/media/jbrogan4/scratch2/Reddit_Prov_Dataset_v5/_Friend's_son_lost_his_favorite_toy_Parents_said_the_elephant_is_traveling_around_the_world_Would_love_to_share_images_of_his_travels_with_the_son/g177_d4v0vax.jpg", "URL": "http://i.imgur.com/0IEgd6W.jpg", "fileid": "g177_d4v0vax.jpg"}, {"id": "g177_d4v4ygz", "comment": "[Acting silly](http://imgur.com/LLsWA2h)", "date": "2016-07-01 05:17:23", "seriesname": "g177_d4v4ygz", "file": "/media/jbrogan4/scratch2/Reddit_Prov_Dataset_v5/_Friend's_son_lost_his_favorite_toy_Parents_said_the_elephant_is_traveling_around_the_world_Would_love_to_share_images_of_his_travels_with_the_son/g177_d4v4ygz.png", "URL": "http://i.imgur.com/LLsWA2h.png", "fileid": "g177_d4v4ygz.png"}, {"id": "g177_d4v1zbb", "comment": "Went to [Hawaii](http://i.imgur.com/OUcgcz2.jpg), [Taj Mahal](http://i.imgur.com/KRB2xrG.jpg), [Giza](http://i.imgur.com/u1mp6EC.jpg), [Machu Picchu](http://i.imgur.com/m4avcMB.jpg), [The Great Wall](http://i.imgur.com/rBCYkWM.jpg) and [London](http://i.imgur.com/3rPeJCm.jpg).\n\n*He sent me a few new pictures: [France](http://i.imgur.com/f7dh5fJ.jpg), [Italy](http://i.imgur.com/PBAXA2N.jpg) and [Norway](http://i.imgur.com/sAM6rsQ.jpg).", "date": "2016-07-01 02:40:14", "seriesname": "g177_d4v1zbb", "file": "/media/jbrogan4/scratch2/Reddit_Prov_Dataset_v5/_Friend's_son_lost_his_favorite_toy_Parents_said_the_elephant_is_traveling_around_the_world_Would_love_to_share_images_of_his_travels_with_the_son/g177_d4v1zbb.jpg", "URL": "http://i.imgur.com/sAM6rsQ.jpg).", "fileid": "g177_d4v1zbb."}, {"id": "g177_d4v1nmm", "comment": "[He found his family!](http://i.imgur.com/Sknhrj9.jpg)", "date": "2016-07-01 02:25:46", "seriesname": "g177_d4v1nmm", "file": "/media/jbrogan4/scratch2/Reddit_Prov_Dataset_v5/_Friend's_son_lost_his_favorite_toy_Parents_said_the_elephant_is_traveling_around_the_world_Would_love_to_share_images_of_his_travels_with_the_son/g177_d4v1nmm.jpg", "URL": "http://i.imgur.com/Sknhrj9.jpg", "fileid": "g177_d4v1nmm.jpg"}, {"id": "g177_d4v8hi9", "comment": "[His heart will go on](http://imgur.com/M4bumLs)\n\nI just had to :D", "date": "2016-07-01 08:20:10", "seriesname": "g177_d4v8hi9", "file": "/media/jbrogan4/scratch2/Reddit_Prov_Dataset_v5/_Friend's_son_lost_his_favorite_toy_Parents_said_the_elephant_is_traveling_around_the_world_Would_love_to_share_images_of_his_travels_with_the_son/g177_d4v8hi9.png", "URL": "http://i.imgur.com/M4bumLs.png", "fileid": "g177_d4v8hi9.png"}, {"id": "g177_d4v14ee", "comment": "[Space drift](http://i.imgur.com/pe3Reez.jpg)", "date": "2016-07-01 02:03:05", "seriesname": "g177_d4v14ee", "file": "/media/jbrogan4/scratch2/Reddit_Prov_Dataset_v5/_Friend's_son_lost_his_favorite_toy_Parents_said_the_elephant_is_traveling_around_the_world_Would_love_to_share_images_of_his_travels_with_the_son/g177_d4v14ee.jpg", "URL": "http://i.imgur.com/pe3Reez.jpg", "fileid": "g177_d4v14ee.jpg"}, {"id": "g177_d4v6c80", "comment": "Protip: tell your friend that, before elephant comes home, they should swaddle it in clothes the kid wore. Smell is *extremely* important! (Speaking from experience.)\n\n\nElephant goes to Japan!\n\n[What y'all looking at?](http://i.imgur.com/SpCKEAV.png)\n\n[Kom van dat dak af, 'k waarschuw niet meer](http://i.imgur.com/8xztzcN.png)\n\n[Peekaboo! I love you!](http://i.imgur.com/MzJem9C.png)\n\n[One mississippi, two mississippi...](http://i.imgur.com/PRywRYl.png)\n\n[Red light! Green light... red light!]\n(http://i.imgur.com/NZZQm7a.png)\n\n[Obligatory tori picture](http://i.imgur.com/lDYnBqx.png)\n\n[Get. That thing. Off of me.](http://i.imgur.com/aZxTkH0.png)\n\n[Obligatory sakura picture!](http://i.imgur.com/K0TOd08.png)", "date": "2016-07-01 06:39:18", "seriesname": "g177_d4v6c80", "file": "/media/jbrogan4/scratch2/Reddit_Prov_Dataset_v5/_Friend's_son_lost_his_favorite_toy_Parents_said_the_elephant_is_traveling_around_the_world_Would_love_to_share_images_of_his_travels_with_the_son/g177_d4v6c80.png", "URL": "http://i.imgur.com/K0TOd08.png", "fileid": "g177_d4v6c80.png"}, {"id": "g177_d4v28jh", "comment": "http://i.imgur.com/HzuxQMb.jpg", "date": "2016-07-01 02:52:13", "seriesname": "g177_d4v28jh", "file": "/media/jbrogan4/scratch2/Reddit_Prov_Dataset_v5/_Friend's_son_lost_his_favorite_toy_Parents_said_the_elephant_is_traveling_around_the_world_Would_love_to_share_images_of_his_travels_with_the_son/g177_d4v28jh.jpg", "URL": "http://i.imgur.com/HzuxQMb.jpg", "fileid": "g177_d4v28jh.jpg"}, {"id": "g177_d4v7mkn", "comment": "Posting these I'm not very good at Photoshop but I thought I'd have a crack as I lost my toy when I was younger.\n\n[Give me stripes too!](http://i.imgur.com/OjtFvoL.jpg)\n\n[Down the beach](http://i.imgur.com/lPN2Q91.jpg)\n\n[He's in really good GUMPany](http://i.imgur.com/fTl32iU.jpg)\n\n[Met some friends!](http://i.imgur.com/SqkT2J9.jpg)", "date": "2016-07-01 07:44:56", "seriesname": "g177_d4v7mkn", "file": "/media/jbrogan4/scratch2/Reddit_Prov_Dataset_v5/_Friend's_son_lost_his_favorite_toy_Parents_said_the_elephant_is_traveling_around_the_world_Would_love_to_share_images_of_his_travels_with_the_son/g177_d4v7mkn.jpg", "URL": "http://i.imgur.com/SqkT2J9.jpg", "fileid": "g177_d4v7mkn.jpg"}, {"id": "g177_d4v6q9n", "comment": "[Safety first!](http://i.imgur.com/Koyhy5R.jpg) ", "date": "2016-07-01 07:01:06", "seriesname": "g177_d4v6q9n", "file": "/media/jbrogan4/scratch2/Reddit_Prov_Dataset_v5/_Friend's_son_lost_his_favorite_toy_Parents_said_the_elephant_is_traveling_around_the_world_Would_love_to_share_images_of_his_travels_with_the_son/g177_d4v6q9n.jpg", "URL": "http://i.imgur.com/Koyhy5R.jpg", "fileid": "g177_d4v6q9n.jpg"}, {"id": "g177_root", "comment": "", "date": "2016-06-30 23:54:17", "seriesname": "g177_root", "file": "/media/jbrogan4/scratch2/Reddit_Prov_Dataset_v5/_Friend's_son_lost_his_favorite_toy_Parents_said_the_elephant_is_traveling_around_the_world_Would_love_to_share_images_of_his_travels_with_the_son/g177_root.jpg", "URL": "http://i.imgur.com/W7RVsXR.jpg", "fileid": "g177_root.jpg"}, {"id": "g177_d4v3qxh", "comment": "[Curiosity Bear](http://imgur.com/xYXDPc1)", "date": "2016-07-01 04:08:42", "seriesname": "g177_d4v3qxh", "file": "/media/jbrogan4/scratch2/Reddit_Prov_Dataset_v5/_Friend's_son_lost_his_favorite_toy_Parents_said_the_elephant_is_traveling_around_the_world_Would_love_to_share_images_of_his_travels_with_the_son/g177_d4v3qxh.png", "URL": "http://i.imgur.com/xYXDPc1.png", "fileid": "g177_d4v3qxh.png"}], "graph": {"name": "g177_root"}, "directed": true}