{"links": [{"op": "none", "target": 0, "source": 72}, {"op": "none", "target": 1, "source": 72}, {"op": "none", "target": 2, "source": 72}, {"op": "none", "target": 3, "source": 64}, {"op": "none", "target": 4, "source": 72}, {"op": "none", "target": 5, "source": 72}, {"op": "none", "target": 6, "source": 72}, {"op": "none", "target": 7, "source": 72}, {"op": "none", "target": 8, "source": 72}, {"op": "none", "target": 9, "source": 72}, {"op": "none", "target": 10, "source": 72}, {"op": "none", "target": 11, "source": 72}, {"op": "none", "target": 12, "source": 72}, {"op": "none", "target": 13, "source": 72}, {"op": "none", "target": 14, "source": 72}, {"op": "none", "target": 15, "source": 72}, {"op": "none", "target": 16, "source": 72}, {"op": "none", "target": 17, "source": 72}, {"op": "none", "target": 18, "source": 72}, {"op": "none", "target": 19, "source": 72}, {"op": "none", "target": 20, "source": 72}, {"op": "none", "target": 21, "source": 72}, {"op": "none", "target": 22, "source": 72}, {"op": "none", "target": 23, "source": 72}, {"op": "none", "target": 24, "source": 72}, {"op": "none", "target": 25, "source": 72}, {"op": "none", "target": 26, "source": 72}, {"op": "none", "target": 27, "source": 72}, {"op": "none", "target": 28, "source": 72}, {"op": "none", "target": 29, "source": 72}, {"op": "none", "target": 30, "source": 72}, {"op": "none", "target": 31, "source": 72}, {"op": "none", "target": 32, "source": 72}, {"op": "none", "target": 33, "source": 72}, {"op": "none", "target": 34, "source": 72}, {"op": "none", "target": 35, "source": 72}, {"op": "none", "target": 36, "source": 72}, {"op": "none", "target": 37, "source": 72}, {"op": "none", "target": 38, "source": 72}, {"op": "none", "target": 39, "source": 72}, {"op": "none", "target": 40, "source": 72}, {"op": "none", "target": 41, "source": 72}, {"op": "none", "target": 42, "source": 72}, {"op": "none", "target": 43, "source": 72}, {"op": "none", "target": 44, "source": 22}, {"op": "none", "target": 45, "source": 72}, {"op": "none", "target": 46, "source": 60}, {"op": "none", "target": 47, "source": 72}, {"op": "none", "target": 48, "source": 72}, {"op": "none", "target": 49, "source": 72}, {"op": "none", "target": 50, "source": 72}, {"op": "none", "target": 51, "source": 72}, {"op": "none", "target": 52, "source": 72}, {"op": "none", "target": 53, "source": 72}, {"op": "none", "target": 54, "source": 72}, {"op": "none", "target": 55, "source": 72}, {"op": "none", "target": 56, "source": 72}, {"op": "none", "target": 57, "source": 72}, {"op": "none", "target": 58, "source": 72}, {"op": "none", "target": 59, "source": 72}, {"op": "none", "target": 60, "source": 72}, {"op": "none", "target": 61, "source": 72}, {"op": "none", "target": 62, "source": 72}, {"op": "none", "target": 63, "source": 72}, {"op": "none", "target": 64, "source": 72}, {"op": "none", "target": 65, "source": 72}, {"op": "none", "target": 66, "source": 72}, {"op": "none", "target": 67, "source": 72}, {"op": "none", "target": 68, "source": 72}, {"op": "none", "target": 69, "source": 72}, {"op": "none", "target": 70, "source": 72}, {"op": "none", "target": 71, "source": 72}, {"op": "none", "target": 73, "source": 72}], "title": "_Peter_Dinklage_riding_a_scooter", "nodes": [{"id": "g186_d4jrjgh", "comment": "[\"Let me give you some advice, bastard.\"](https://i.imgur.com/ULO6sN9.jpg)", "date": "2016-06-22 15:09:06", "seriesname": "g186_d4jrjgh", "file": "/media/jbrogan4/scratch2/Reddit_Prov_Dataset_v5/_Peter_Dinklage_riding_a_scooter/g186_d4jrjgh.jpg", "URL": "https://i.imgur.com/ULO6sN9.jpg", "fileid": "g186_d4jrjgh.jpg"}, {"id": "g186_d4k6fxu", "comment": "[Pete-Hur](http://i.imgur.com/EjRCHSG.jpg)", "date": "2016-06-22 20:46:08", "seriesname": "g186_d4k6fxu", "file": "/media/jbrogan4/scratch2/Reddit_Prov_Dataset_v5/_Peter_Dinklage_riding_a_scooter/g186_d4k6fxu.jpg", "URL": "http://i.imgur.com/EjRCHSG.jpg", "fileid": "g186_d4k6fxu.jpg"}, {"id": "g186_d4kntps", "comment": "[Not in Kansas Anymore](http://i.imgur.com/5tj3FWm.jpg)", "date": "2016-06-23 07:50:17", "seriesname": "g186_d4kntps", "file": "/media/jbrogan4/scratch2/Reddit_Prov_Dataset_v5/_Peter_Dinklage_riding_a_scooter/g186_d4kntps.jpg", "URL": "http://i.imgur.com/5tj3FWm.jpg", "fileid": "g186_d4kntps.jpg"}, {"id": "g186_d4jcqk7", "comment": "[your wish is my command](http://imgur.com/vRX1Zq7)", "date": "2016-06-22 09:51:02", "seriesname": "g186_d4jcqk7", "file": "/media/jbrogan4/scratch2/Reddit_Prov_Dataset_v5/_Peter_Dinklage_riding_a_scooter/g186_d4jcqk7.png", "URL": "http://i.imgur.com/vRX1Zq7.png", "fileid": "g186_d4jcqk7.png"}, {"id": "g186_d4jt6cp", "comment": "[When do I get patched Jax?](http://i.imgur.com/vYY5sfd.jpg)", "date": "2016-06-22 15:42:13", "seriesname": "g186_d4jt6cp", "file": "/media/jbrogan4/scratch2/Reddit_Prov_Dataset_v5/_Peter_Dinklage_riding_a_scooter/g186_d4jt6cp.jpg", "URL": "http://i.imgur.com/vYY5sfd.jpg", "fileid": "g186_d4jt6cp.jpg"}, {"id": "g186_d4k2ifl", "comment": "[North of the wall](http://i.imgur.com/sKy3qqb.jpg)", "date": "2016-06-22 19:06:40", "seriesname": "g186_d4k2ifl", "file": "/media/jbrogan4/scratch2/Reddit_Prov_Dataset_v5/_Peter_Dinklage_riding_a_scooter/g186_d4k2ifl.jpg", "URL": "http://i.imgur.com/sKy3qqb.jpg", "fileid": "g186_d4k2ifl.jpg"}, {"id": "g186_d4jhy2n", "comment": "[High Born As Fuck](http://i.imgur.com/rq1q0jM.jpg)", "date": "2016-06-22 11:53:02", "seriesname": "g186_d4jhy2n", "file": "/media/jbrogan4/scratch2/Reddit_Prov_Dataset_v5/_Peter_Dinklage_riding_a_scooter/g186_d4jhy2n.jpg", "URL": "http://i.imgur.com/rq1q0jM.jpg", "fileid": "g186_d4jhy2n.jpg"}, {"id": "g186_d4jm8ki", "comment": "[The Dinklenator](http://imgur.com/DZL1VsY)", "date": "2016-06-22 13:21:53", "seriesname": "g186_d4jm8ki", "file": "/media/jbrogan4/scratch2/Reddit_Prov_Dataset_v5/_Peter_Dinklage_riding_a_scooter/g186_d4jm8ki.png", "URL": "http://i.imgur.com/DZL1VsY.png", "fileid": "g186_d4jm8ki.png"}, {"id": "g186_d4jopkh", "comment": "GoT Season 6 [Imgur](http://i.imgur.com/cHCV1V2.jpg)", "date": "2016-06-22 14:11:25", "seriesname": "g186_d4jopkh", "file": "/media/jbrogan4/scratch2/Reddit_Prov_Dataset_v5/_Peter_Dinklage_riding_a_scooter/g186_d4jopkh.jpg", "URL": "http://i.imgur.com/cHCV1V2.jpg", "fileid": "g186_d4jopkh.jpg"}, {"id": "g186_d4km3qw", "comment": "[Phone Home 2, Riding in style!](http://i.imgur.com/xdphKFJ.jpg)", "date": "2016-06-23 06:25:14", "seriesname": "g186_d4km3qw", "file": "/media/jbrogan4/scratch2/Reddit_Prov_Dataset_v5/_Peter_Dinklage_riding_a_scooter/g186_d4km3qw.jpg", "URL": "http://i.imgur.com/xdphKFJ.jpg", "fileid": "g186_d4km3qw.jpg"}, {"id": "g186_d4jxint", "comment": "[Can't believe no one did this one yet](http://imgur.com/oaoYLyy)", "date": "2016-06-22 17:10:08", "seriesname": "g186_d4jxint", "file": "/media/jbrogan4/scratch2/Reddit_Prov_Dataset_v5/_Peter_Dinklage_riding_a_scooter/g186_d4jxint.png", "URL": "http://i.imgur.com/oaoYLyy.png", "fileid": "g186_d4jxint.png"}, {"id": "g186_d4jk8ju", "comment": "[Hipster Ewok](http://i.imgur.com/zAEZ29U.jpg)", "date": "2016-06-22 12:41:26", "seriesname": "g186_d4jk8ju", "file": "/media/jbrogan4/scratch2/Reddit_Prov_Dataset_v5/_Peter_Dinklage_riding_a_scooter/g186_d4jk8ju.jpg", "URL": "http://i.imgur.com/zAEZ29U.jpg", "fileid": "g186_d4jk8ju.jpg"}, {"id": "g186_d4jdszr", "comment": "[Born to be wild](http://i.imgur.com/UWCWZOw.jpg?1)", "date": "2016-06-22 10:18:49", "seriesname": "g186_d4jdszr", "file": "/media/jbrogan4/scratch2/Reddit_Prov_Dataset_v5/_Peter_Dinklage_riding_a_scooter/g186_d4jdszr.jpg", "URL": "http://i.imgur.com/UWCWZOw.jpg?1", "fileid": "g186_d4jdszr.jpg"}, {"id": "g186_d4jhp5m", "comment": "[Evel Knievel feat. Peter Dinklage](http://imgur.com/Zd3b624)", "date": "2016-06-22 11:47:44", "seriesname": "g186_d4jhp5m", "file": "/media/jbrogan4/scratch2/Reddit_Prov_Dataset_v5/_Peter_Dinklage_riding_a_scooter/g186_d4jhp5m.png", "URL": "http://i.imgur.com/Zd3b624.png", "fileid": "g186_d4jhp5m.png"}, {"id": "g186_d4jg44n", "comment": "[Quick cutout](http://i.imgur.com/Pk3UN3b.png)", "date": "2016-06-22 11:13:01", "seriesname": "g186_d4jg44n", "file": "/media/jbrogan4/scratch2/Reddit_Prov_Dataset_v5/_Peter_Dinklage_riding_a_scooter/g186_d4jg44n.png", "URL": "http://i.imgur.com/Pk3UN3b.png", "fileid": "g186_d4jg44n.png"}, {"id": "g186_d4jlk5g", "comment": "[FHRITP](http://i.imgur.com/pm8NWNW.jpg)", "date": "2016-06-22 13:08:41", "seriesname": "g186_d4jlk5g", "file": "/media/jbrogan4/scratch2/Reddit_Prov_Dataset_v5/_Peter_Dinklage_riding_a_scooter/g186_d4jlk5g.jpg", "URL": "http://i.imgur.com/pm8NWNW.jpg", "fileid": "g186_d4jlk5g.jpg"}, {"id": "g186_d4jqotl", "comment": "[Everybody do the dinosaur](http://i.imgur.com/HELrmir.jpg)", "date": "2016-06-22 14:51:39", "seriesname": "g186_d4jqotl", "file": "/media/jbrogan4/scratch2/Reddit_Prov_Dataset_v5/_Peter_Dinklage_riding_a_scooter/g186_d4jqotl.jpg", "URL": "http://i.imgur.com/HELrmir.jpg", "fileid": "g186_d4jqotl.jpg"}, {"id": "g186_d4k0qty", "comment": "[What are we looking at?](http://i.imgur.com/ygWD9Bd.png)", "date": "2016-06-22 18:23:23", "seriesname": "g186_d4k0qty", "file": "/media/jbrogan4/scratch2/Reddit_Prov_Dataset_v5/_Peter_Dinklage_riding_a_scooter/g186_d4k0qty.png", "URL": "http://i.imgur.com/ygWD9Bd.png", "fileid": "g186_d4k0qty.png"}, {"id": "g186_d4jmqn8", "comment": "[A Little Party Never Killed Nobody](http://i.imgur.com/cvwyuPr.png)", "date": "2016-06-22 13:32:06", "seriesname": "g186_d4jmqn8", "file": "/media/jbrogan4/scratch2/Reddit_Prov_Dataset_v5/_Peter_Dinklage_riding_a_scooter/g186_d4jmqn8.png", "URL": "http://i.imgur.com/cvwyuPr.png", "fileid": "g186_d4jmqn8.png"}, {"id": "g186_d4jj5y1", "comment": "[Ape Dinklage riding a scooter](http://i.imgur.com/W0pk5O9.png)", "date": "2016-06-22 12:19:15", "seriesname": "g186_d4jj5y1", "file": "/media/jbrogan4/scratch2/Reddit_Prov_Dataset_v5/_Peter_Dinklage_riding_a_scooter/g186_d4jj5y1.png", "URL": "http://i.imgur.com/W0pk5O9.png", "fileid": "g186_d4jj5y1.png"}, {"id": "g186_d4jdiiw", "comment": "[MINIBOMBER] (http://imgur.com/JSHz32N)", "date": "2016-06-22 10:11:29", "seriesname": "g186_d4jdiiw", "file": "/media/jbrogan4/scratch2/Reddit_Prov_Dataset_v5/_Peter_Dinklage_riding_a_scooter/g186_d4jdiiw.png", "URL": "http://i.imgur.com/JSHz32N.png", "fileid": "g186_d4jdiiw.png"}, {"id": "g186_d4k5o86", "comment": "I'm a little late to the party, but I didn't see [what we were all really looking for, so I made it.](https://i.imgur.com/XOxQqDz.jpg)\n\n**EDIT:** Words and grammar. Can't photoshop those.", "date": "2016-06-22 20:26:27", "seriesname": "g186_d4k5o86", "file": "/media/jbrogan4/scratch2/Reddit_Prov_Dataset_v5/_Peter_Dinklage_riding_a_scooter/g186_d4k5o86.jpg", "URL": "https://i.imgur.com/XOxQqDz.jpg", "fileid": "g186_d4k5o86.jpg"}, {"id": "g186_d4jmnr1", "comment": " http://i.imgur.com/JRlldEc.jpg ", "date": "2016-06-22 13:30:27", "seriesname": "g186_d4jmnr1", "file": "/media/jbrogan4/scratch2/Reddit_Prov_Dataset_v5/_Peter_Dinklage_riding_a_scooter/g186_d4jmnr1.jpg", "URL": "http://i.imgur.com/JRlldEc.jpg", "fileid": "g186_d4jmnr1.jpg"}, {"id": "g186_d4ll0dw", "comment": "[PUG LIFE!](http://i.imgur.com/KHkaalB.jpg)", "date": "2016-06-23 20:43:02", "seriesname": "g186_d4ll0dw", "file": "/media/jbrogan4/scratch2/Reddit_Prov_Dataset_v5/_Peter_Dinklage_riding_a_scooter/g186_d4ll0dw.jpg", "URL": "http://i.imgur.com/KHkaalB.jpg", "fileid": "g186_d4ll0dw.jpg"}, {"id": "g186_d4klda5", "comment": "[He rose from the ashes of the nuclear fire](http://i.imgur.com/G7d3iU3.jpg)", "date": "2016-06-23 05:42:30", "seriesname": "g186_d4klda5", "file": "/media/jbrogan4/scratch2/Reddit_Prov_Dataset_v5/_Peter_Dinklage_riding_a_scooter/g186_d4klda5.jpg", "URL": "http://i.imgur.com/G7d3iU3.jpg", "fileid": "g186_d4klda5.jpg"}, {"id": "g186_d4k5lmp", "comment": "http://imgur.com/dBsnTsq Damn it Peter!", "date": "2016-06-22 20:24:39", "seriesname": "g186_d4k5lmp", "file": "/media/jbrogan4/scratch2/Reddit_Prov_Dataset_v5/_Peter_Dinklage_riding_a_scooter/g186_d4k5lmp.png", "URL": "http://i.imgur.com/dBsnTsq.png", "fileid": "g186_d4k5lmp.png"}, {"id": "g186_d4jo1ao", "comment": "Phone Home....! http://i.imgur.com/CzYaEQu.jpg ", "date": "2016-06-22 13:57:52", "seriesname": "g186_d4jo1ao", "file": "/media/jbrogan4/scratch2/Reddit_Prov_Dataset_v5/_Peter_Dinklage_riding_a_scooter/g186_d4jo1ao.jpg", "URL": "http://i.imgur.com/CzYaEQu.jpg", "fileid": "g186_d4jo1ao.jpg"}, {"id": "g186_d4n854n", "comment": "[Going for Gold](http://i.imgur.com/CvwuHGc.png)", "date": "2016-06-25 01:18:23", "seriesname": "g186_d4n854n", "file": "/media/jbrogan4/scratch2/Reddit_Prov_Dataset_v5/_Peter_Dinklage_riding_a_scooter/g186_d4n854n.png", "URL": "http://i.imgur.com/CvwuHGc.png", "fileid": "g186_d4n854n.png"}, {"id": "g186_d4nlfus", "comment": "* [That chase scene from Rogue Nation](http://i.imgur.com/zTYH8mj.jpg?1)\n* [A car chase scene from the James Bond film 'GoldenEye'](https://scontent.fmnl4-4.fna.fbcdn.net/v/t1.0-9/13508837_1805687636335010_3877570372547368130_n.jpg?oh=9e3ca33c12e31341512cf5ca0f4839b0&amp;oe=5802582B)\n* [The tank chase from Fast 6](https://scontent.fmnl4-4.fna.fbcdn.net/v/t1.0-9/13516471_1805687629668344_1313079020567126956_n.jpg?oh=d93230fcc05ba4caf7b7fa1d918415b9&amp;oe=57FC5DC2)", "date": "2016-06-25 11:47:36", "seriesname": "g186_d4nlfus", "file": "/media/jbrogan4/scratch2/Reddit_Prov_Dataset_v5/_Peter_Dinklage_riding_a_scooter/g186_d4nlfus.jpg", "URL": "https://scontent.fmnl4-4.fna.fbcdn.net/v/t1.0-9/13516471_1805687629668344_1313079020567126956_n.jpg?oh=d93230fcc05ba4caf7b7fa1d918415b9&amp;oe=57FC5DC2", "fileid": "g186_d4nlfus.jpg"}, {"id": "g186_d4jimo5", "comment": "[Making an entrance](http://i.imgur.com/I1DMViY.jpg)", "date": "2016-06-22 12:07:54", "seriesname": "g186_d4jimo5", "file": "/media/jbrogan4/scratch2/Reddit_Prov_Dataset_v5/_Peter_Dinklage_riding_a_scooter/g186_d4jimo5.jpg", "URL": "http://i.imgur.com/I1DMViY.jpg", "fileid": "g186_d4jimo5.jpg"}, {"id": "g186_d4key15", "comment": "[Mall Cop 2 Redux](http://i.imgur.com/56zvQ56.jpg)", "date": "2016-06-23 00:39:41", "seriesname": "g186_d4key15", "file": "/media/jbrogan4/scratch2/Reddit_Prov_Dataset_v5/_Peter_Dinklage_riding_a_scooter/g186_d4key15.jpg", "URL": "http://i.imgur.com/56zvQ56.jpg", "fileid": "g186_d4key15.jpg"}, {"id": "g186_d4jihhs", "comment": "[they see us rollin...they hatin](http://i.imgur.com/pC3Dwqq.jpg?1)", "date": "2016-06-22 12:04:47", "seriesname": "g186_d4jihhs", "file": "/media/jbrogan4/scratch2/Reddit_Prov_Dataset_v5/_Peter_Dinklage_riding_a_scooter/g186_d4jihhs.jpg", "URL": "http://i.imgur.com/pC3Dwqq.jpg?1", "fileid": "g186_d4jihhs.jpg"}, {"id": "g186_d4jqxg4", "comment": "Rollin' in, hella deep, headin' to the mezzanine. http://i.imgur.com/sgsRY2j.jpg", "date": "2016-06-22 14:56:32", "seriesname": "g186_d4jqxg4", "file": "/media/jbrogan4/scratch2/Reddit_Prov_Dataset_v5/_Peter_Dinklage_riding_a_scooter/g186_d4jqxg4.jpg", "URL": "http://i.imgur.com/sgsRY2j.jpg", "fileid": "g186_d4jqxg4.jpg"}, {"id": "g186_d4jnkbr", "comment": "[This is what came to me](http://imgur.com/6uY6v2R)                        ", "date": "2016-06-22 13:48:54", "seriesname": "g186_d4jnkbr", "file": "/media/jbrogan4/scratch2/Reddit_Prov_Dataset_v5/_Peter_Dinklage_riding_a_scooter/g186_d4jnkbr.png", "URL": "http://i.imgur.com/6uY6v2R.png", "fileid": "g186_d4jnkbr.png"}, {"id": "g186_d4jj2ak", "comment": "I guess this didn't make the final cut of the movie...\nhttp://imgur.com/Fb3wZpb", "date": "2016-06-22 12:17:11", "seriesname": "g186_d4jj2ak", "file": "/media/jbrogan4/scratch2/Reddit_Prov_Dataset_v5/_Peter_Dinklage_riding_a_scooter/g186_d4jj2ak.png", "URL": "http://i.imgur.com/Fb3wZpb.png", "fileid": "g186_d4jj2ak.png"}, {"id": "g186_d4l5rx9", "comment": "[Welcome to The Grid](http://i.imgur.com/tPpmiVd.jpg)", "date": "2016-06-23 14:53:29", "seriesname": "g186_d4l5rx9", "file": "/media/jbrogan4/scratch2/Reddit_Prov_Dataset_v5/_Peter_Dinklage_riding_a_scooter/g186_d4l5rx9.jpg", "URL": "http://i.imgur.com/tPpmiVd.jpg", "fileid": "g186_d4l5rx9.jpg"}, {"id": "g186_d4lcldz", "comment": "It's hard out here for a...[caption](http://imgur.com/B658uaI.jpg)", "date": "2016-06-23 17:17:16", "seriesname": "g186_d4lcldz", "file": "/media/jbrogan4/scratch2/Reddit_Prov_Dataset_v5/_Peter_Dinklage_riding_a_scooter/g186_d4lcldz.jpg", "URL": "http://imgur.com/B658uaI.jpg", "fileid": "g186_d4lcldz.jpg"}, {"id": "g186_d4jfzgy", "comment": "[Just a little explosion](http://i.imgur.com/Dw1ba8Hl.jpg) ", "date": "2016-06-22 11:10:04", "seriesname": "g186_d4jfzgy", "file": "/media/jbrogan4/scratch2/Reddit_Prov_Dataset_v5/_Peter_Dinklage_riding_a_scooter/g186_d4jfzgy.jpg", "URL": "http://i.imgur.com/Dw1ba8Hl.jpg", "fileid": "g186_d4jfzgy.jpg"}, {"id": "g186_d4jcfpm", "comment": "[For fuck's sake Peter, you're in the shot](http://i.imgur.com/P5Nxrqv.jpg)", "date": "2016-06-22 09:42:47", "seriesname": "g186_d4jcfpm", "file": "/media/jbrogan4/scratch2/Reddit_Prov_Dataset_v5/_Peter_Dinklage_riding_a_scooter/g186_d4jcfpm.jpg", "URL": "http://i.imgur.com/P5Nxrqv.jpg", "fileid": "g186_d4jcfpm.jpg"}, {"id": "g186_d4jg0by", "comment": "[Turn 3](http://imgur.com/Hi3Pq9l) ", "date": "2016-06-22 11:10:37", "seriesname": "g186_d4jg0by", "file": "/media/jbrogan4/scratch2/Reddit_Prov_Dataset_v5/_Peter_Dinklage_riding_a_scooter/g186_d4jg0by.png", "URL": "http://i.imgur.com/Hi3Pq9l.png", "fileid": "g186_d4jg0by.png"}, {"id": "g186_d4jspar", "comment": "[Meh... I tried] (http://imgur.com/bbqPey5)  ", "date": "2016-06-22 15:32:49", "seriesname": "g186_d4jspar", "file": "/media/jbrogan4/scratch2/Reddit_Prov_Dataset_v5/_Peter_Dinklage_riding_a_scooter/g186_d4jspar.png", "URL": "http://i.imgur.com/bbqPey5.png", "fileid": "g186_d4jspar.png"}, {"id": "g186_d4jnhfw", "comment": "Who knew such a small person could lift so much weight?\nhttp://imgur.com/IBRFWVa", "date": "2016-06-22 13:47:20", "seriesname": "g186_d4jnhfw", "file": "/media/jbrogan4/scratch2/Reddit_Prov_Dataset_v5/_Peter_Dinklage_riding_a_scooter/g186_d4jnhfw.png", "URL": "http://i.imgur.com/IBRFWVa.png", "fileid": "g186_d4jnhfw.png"}, {"id": "g186_d4jk1c7", "comment": "[Requiescat in Pace, motherfucker](http://i.imgur.com/1okj5EH.jpg)", "date": "2016-06-22 12:37:15", "seriesname": "g186_d4jk1c7", "file": "/media/jbrogan4/scratch2/Reddit_Prov_Dataset_v5/_Peter_Dinklage_riding_a_scooter/g186_d4jk1c7.jpg", "URL": "http://i.imgur.com/1okj5EH.jpg", "fileid": "g186_d4jk1c7.jpg"}, {"id": "g186_d4jitck", "comment": "Ka-BOOM http://i.imgur.com/IGr8I6A.jpg?1 (OC)", "date": "2016-06-22 12:11:51", "seriesname": "g186_d4jitck", "file": "/media/jbrogan4/scratch2/Reddit_Prov_Dataset_v5/_Peter_Dinklage_riding_a_scooter/g186_d4jitck.jpg", "URL": "http://i.imgur.com/IGr8I6A.jpg?1", "fileid": "g186_d4jitck.jpg"}, {"id": "g186_d4jmwf4", "comment": "Actually, this is more appropriate  http://i.imgur.com/zHrlvkG.jpg ", "date": "2016-06-22 13:35:28", "seriesname": "g186_d4jmwf4", "file": "/media/jbrogan4/scratch2/Reddit_Prov_Dataset_v5/_Peter_Dinklage_riding_a_scooter/g186_d4jmwf4.jpg", "URL": "http://i.imgur.com/zHrlvkG.jpg", "fileid": "g186_d4jmwf4.jpg"}, {"id": "g186_d4jp9pt", "comment": "http://imgur.com/0Oirlpd\n\nThe original version of ET, pre-Special Edition where they removed the guns and some other stuff.", "date": "2016-06-22 14:22:39", "seriesname": "g186_d4jp9pt", "file": "/media/jbrogan4/scratch2/Reddit_Prov_Dataset_v5/_Peter_Dinklage_riding_a_scooter/g186_d4jp9pt.png", "URL": "http://i.imgur.com/0Oirlpd.png", "fileid": "g186_d4jp9pt.png"}, {"id": "g186_d4jl7nb", "comment": "[Watch your six!](http://i.imgur.com/JdXnfq0.jpg)", "date": "2016-06-22 13:01:31", "seriesname": "g186_d4jl7nb", "file": "/media/jbrogan4/scratch2/Reddit_Prov_Dataset_v5/_Peter_Dinklage_riding_a_scooter/g186_d4jl7nb.jpg", "URL": "http://i.imgur.com/JdXnfq0.jpg", "fileid": "g186_d4jl7nb.jpg"}, {"id": "g186_d4jfar4", "comment": "[White Scooterers](http://imgur.com/rOOa4pE)", "date": "2016-06-22 10:54:24", "seriesname": "g186_d4jfar4", "file": "/media/jbrogan4/scratch2/Reddit_Prov_Dataset_v5/_Peter_Dinklage_riding_a_scooter/g186_d4jfar4.png", "URL": "http://i.imgur.com/rOOa4pE.png", "fileid": "g186_d4jfar4.png"}, {"id": "g186_d4kavjz", "comment": "[The Rider On The Wall](http://i.imgur.com/4HR45vY.png)", "date": "2016-06-22 22:43:26", "seriesname": "g186_d4kavjz", "file": "/media/jbrogan4/scratch2/Reddit_Prov_Dataset_v5/_Peter_Dinklage_riding_a_scooter/g186_d4kavjz.png", "URL": "http://i.imgur.com/4HR45vY.png", "fileid": "g186_d4kavjz.png"}, {"id": "g186_d4jjtl3", "comment": "When you're [BIG in New York](http://i.imgur.com/Vc24edl.jpg)\n\nWho you goina' call?", "date": "2016-06-22 12:32:47", "seriesname": "g186_d4jjtl3", "file": "/media/jbrogan4/scratch2/Reddit_Prov_Dataset_v5/_Peter_Dinklage_riding_a_scooter/g186_d4jjtl3.jpg", "URL": "http://i.imgur.com/Vc24edl.jpg", "fileid": "g186_d4jjtl3.jpg"}, {"id": "g186_d4jlb7o", "comment": "[He was somewhere around Barstow on the edge of the desert, when the drugs began to take hold...](http://i.imgur.com/X5fYFWU.jpg)", "date": "2016-06-22 13:03:36", "seriesname": "g186_d4jlb7o", "file": "/media/jbrogan4/scratch2/Reddit_Prov_Dataset_v5/_Peter_Dinklage_riding_a_scooter/g186_d4jlb7o.jpg", "URL": "http://i.imgur.com/X5fYFWU.jpg", "fileid": "g186_d4jlb7o.jpg"}, {"id": "g186_d4jpfk0", "comment": "[Did someone say BOOM?](http://imgur.com/wiv5qhK)", "date": "2016-06-22 14:25:52", "seriesname": "g186_d4jpfk0", "file": "/media/jbrogan4/scratch2/Reddit_Prov_Dataset_v5/_Peter_Dinklage_riding_a_scooter/g186_d4jpfk0.png", "URL": "http://i.imgur.com/wiv5qhK.png", "fileid": "g186_d4jpfk0.png"}, {"id": "g186_d4jrw8o", "comment": "[Fuck her right in the pussy](http://imgur.com/CX6IckZ)", "date": "2016-06-22 15:16:29", "seriesname": "g186_d4jrw8o", "file": "/media/jbrogan4/scratch2/Reddit_Prov_Dataset_v5/_Peter_Dinklage_riding_a_scooter/g186_d4jrw8o.png", "URL": "http://i.imgur.com/CX6IckZ.png", "fileid": "g186_d4jrw8o.png"}, {"id": "g186_d4jhmt5", "comment": "[PD Go Home](http://imgur.com/vAlRcXR)", "date": "2016-06-22 11:46:20", "seriesname": "g186_d4jhmt5", "file": "/media/jbrogan4/scratch2/Reddit_Prov_Dataset_v5/_Peter_Dinklage_riding_a_scooter/g186_d4jhmt5.png", "URL": "http://i.imgur.com/vAlRcXR.png", "fileid": "g186_d4jhmt5.png"}, {"id": "g186_d4jsoyz", "comment": "[Nailed it...](http://i.imgur.com/jhn00rJ.jpg)", "date": "2016-06-22 15:32:38", "seriesname": "g186_d4jsoyz", "file": "/media/jbrogan4/scratch2/Reddit_Prov_Dataset_v5/_Peter_Dinklage_riding_a_scooter/g186_d4jsoyz.jpg", "URL": "http://i.imgur.com/jhn00rJ.jpg", "fileid": "g186_d4jsoyz.jpg"}, {"id": "g186_d4jmxkv", "comment": "[He deserves so much better than this](http://i.imgur.com/sNsvBix.jpg)", "date": "2016-06-22 13:36:06", "seriesname": "g186_d4jmxkv", "file": "/media/jbrogan4/scratch2/Reddit_Prov_Dataset_v5/_Peter_Dinklage_riding_a_scooter/g186_d4jmxkv.jpg", "URL": "http://i.imgur.com/sNsvBix.jpg", "fileid": "g186_d4jmxkv.jpg"}, {"id": "g186_d4jhu2b", "comment": "[Through the Fire](http://i.imgur.com/4qKHjEm.jpg)", "date": "2016-06-22 11:50:39", "seriesname": "g186_d4jhu2b", "file": "/media/jbrogan4/scratch2/Reddit_Prov_Dataset_v5/_Peter_Dinklage_riding_a_scooter/g186_d4jhu2b.jpg", "URL": "http://i.imgur.com/4qKHjEm.jpg", "fileid": "g186_d4jhu2b.jpg"}, {"id": "g186_d4jorml", "comment": "Tony Hawk Pro Skater [Imgur](http://i.imgur.com/hpqlVij.jpg)\n\nExplosion [Imgur](http://i.imgur.com/z6D275K.jpg)", "date": "2016-06-22 14:12:36", "seriesname": "g186_d4jorml", "file": "/media/jbrogan4/scratch2/Reddit_Prov_Dataset_v5/_Peter_Dinklage_riding_a_scooter/g186_d4jorml.jpg", "URL": "http://i.imgur.com/z6D275K.jpg", "fileid": "g186_d4jorml.jpg"}, {"id": "g186_d4k4wcd", "comment": "[When Peter gives up on his acting career.](http://i.imgur.com/svkp42V.jpg)", "date": "2016-06-22 20:07:09", "seriesname": "g186_d4k4wcd", "file": "/media/jbrogan4/scratch2/Reddit_Prov_Dataset_v5/_Peter_Dinklage_riding_a_scooter/g186_d4k4wcd.jpg", "URL": "http://i.imgur.com/svkp42V.jpg", "fileid": "g186_d4k4wcd.jpg"}, {"id": "g186_d4jic46", "comment": "[Season 6 Spoiler (not really)](http://i.imgur.com/oy9FOyo.png)\n\nDisclaimer: did this one a while ago from a different angle from the same footage, seems?  figured you might enjoy it anyway.", "date": "2016-06-22 12:01:30", "seriesname": "g186_d4jic46", "file": "/media/jbrogan4/scratch2/Reddit_Prov_Dataset_v5/_Peter_Dinklage_riding_a_scooter/g186_d4jic46.png", "URL": "http://i.imgur.com/oy9FOyo.png", "fileid": "g186_d4jic46.png"}, {"id": "g186_d4jicpe", "comment": "3rd thing that came to mind http://imgur.com/TMQvrIo", "date": "2016-06-22 12:01:51", "seriesname": "g186_d4jicpe", "file": "/media/jbrogan4/scratch2/Reddit_Prov_Dataset_v5/_Peter_Dinklage_riding_a_scooter/g186_d4jicpe.png", "URL": "http://i.imgur.com/TMQvrIo.png", "fileid": "g186_d4jicpe.png"}, {"id": "g186_d4jm9bk", "comment": "[I needed this](https://imgur.com/S5qe7qR)", "date": "2016-06-22 13:22:17", "seriesname": "g186_d4jm9bk", "file": "/media/jbrogan4/scratch2/Reddit_Prov_Dataset_v5/_Peter_Dinklage_riding_a_scooter/g186_d4jm9bk.png", "URL": "http://i.imgur.com/S5qe7qR.png", "fileid": "g186_d4jm9bk.png"}, {"id": "g186_d4vafae", "comment": "LOL, I'm new to Photoshop wars, but I love it! Cheers!\n\nhttp://imgur.com/bsiSzmE", "date": "2016-07-01 09:24:56", "seriesname": "g186_d4vafae", "file": "/media/jbrogan4/scratch2/Reddit_Prov_Dataset_v5/_Peter_Dinklage_riding_a_scooter/g186_d4vafae.png", "URL": "http://i.imgur.com/bsiSzmE.png", "fileid": "g186_d4vafae.png"}, {"id": "g186_d4jpir1", "comment": "[In a world full of unsullied, the scooter riding imp is king!](http://imgur.com/Ra70cj3)", "date": "2016-06-22 14:27:40", "seriesname": "g186_d4jpir1", "file": "/media/jbrogan4/scratch2/Reddit_Prov_Dataset_v5/_Peter_Dinklage_riding_a_scooter/g186_d4jpir1.png", "URL": "http://i.imgur.com/Ra70cj3.png", "fileid": "g186_d4jpir1.png"}, {"id": "g186_d4jbp47", "comment": "[what a badass](http://imgur.com/K7XjCWw)", "date": "2016-06-22 09:21:42", "seriesname": "g186_d4jbp47", "file": "/media/jbrogan4/scratch2/Reddit_Prov_Dataset_v5/_Peter_Dinklage_riding_a_scooter/g186_d4jbp47.png", "URL": "http://i.imgur.com/K7XjCWw.png", "fileid": "g186_d4jbp47.png"}, {"id": "g186_d4jv0ne", "comment": "http://imgur.com/qrz45Nw", "date": "2016-06-22 16:18:57", "seriesname": "g186_d4jv0ne", "file": "/media/jbrogan4/scratch2/Reddit_Prov_Dataset_v5/_Peter_Dinklage_riding_a_scooter/g186_d4jv0ne.png", "URL": "http://i.imgur.com/qrz45Nw.png", "fileid": "g186_d4jv0ne.png"}, {"id": "g186_d4k9kz4", "comment": "[Late to the party.... NAILS IT](http://imgur.com/nmaCMZc)", "date": "2016-06-22 22:07:58", "seriesname": "g186_d4k9kz4", "file": "/media/jbrogan4/scratch2/Reddit_Prov_Dataset_v5/_Peter_Dinklage_riding_a_scooter/g186_d4k9kz4.png", "URL": "http://i.imgur.com/nmaCMZc.png", "fileid": "g186_d4k9kz4.png"}, {"id": "g186_d4ke145", "comment": "Who remembers this race? \"I gotta dollar, I gotta dollar.....\" http://imgur.com/p189pXM", "date": "2016-06-23 00:09:48", "seriesname": "g186_d4ke145", "file": "/media/jbrogan4/scratch2/Reddit_Prov_Dataset_v5/_Peter_Dinklage_riding_a_scooter/g186_d4ke145.png", "URL": "http://i.imgur.com/p189pXM.png", "fileid": "g186_d4ke145.png"}, {"id": "g186_d4jffug", "comment": "[Fury Road](http://i.imgur.com/H5L5n1H.jpg)", "date": "2016-06-22 10:57:39", "seriesname": "g186_d4jffug", "file": "/media/jbrogan4/scratch2/Reddit_Prov_Dataset_v5/_Peter_Dinklage_riding_a_scooter/g186_d4jffug.jpg", "URL": "http://i.imgur.com/H5L5n1H.jpg", "fileid": "g186_d4jffug.jpg"}, {"id": "g186_d4ju5fv", "comment": "[He's a rider. On a mission.](http://i.imgur.com/CG6Jmjx.jpg)", "date": "2016-06-22 16:01:23", "seriesname": "g186_d4ju5fv", "file": "/media/jbrogan4/scratch2/Reddit_Prov_Dataset_v5/_Peter_Dinklage_riding_a_scooter/g186_d4ju5fv.jpg", "URL": "http://i.imgur.com/CG6Jmjx.jpg", "fileid": "g186_d4ju5fv.jpg"}, {"id": "g186_d4jogm4", "comment": "[Dinklage &amp; The Punishers](https://i.imgur.com/0Nj4VJM.jpg)", "date": "2016-06-22 14:06:22", "seriesname": "g186_d4jogm4", "file": "/media/jbrogan4/scratch2/Reddit_Prov_Dataset_v5/_Peter_Dinklage_riding_a_scooter/g186_d4jogm4.jpg", "URL": "https://i.imgur.com/0Nj4VJM.jpg", "fileid": "g186_d4jogm4.jpg"}, {"id": "g186_d4jmqnd", "comment": "[Imgur](http://i.imgur.com/LruLYVi.jpg)", "date": "2016-06-22 13:32:06", "seriesname": "g186_d4jmqnd", "file": "/media/jbrogan4/scratch2/Reddit_Prov_Dataset_v5/_Peter_Dinklage_riding_a_scooter/g186_d4jmqnd.jpg", "URL": "http://i.imgur.com/LruLYVi.jpg", "fileid": "g186_d4jmqnd.jpg"}, {"id": "g186_root", "comment": "", "date": "2016-06-22 09:00:45", "seriesname": "g186_root", "file": "/media/jbrogan4/scratch2/Reddit_Prov_Dataset_v5/_Peter_Dinklage_riding_a_scooter/g186_root.jpg", "URL": "http://i.imgur.com/vrMkgxQ.jpg", "fileid": "g186_root.jpg"}, {"id": "g186_d4kayoq", "comment": "[...Tiptoe in the street like Ballet.  Pulled up, moped to the valley...](http://i.imgur.com/c45Rl4L.jpg)", "date": "2016-06-22 22:45:55", "seriesname": "g186_d4kayoq", "file": "/media/jbrogan4/scratch2/Reddit_Prov_Dataset_v5/_Peter_Dinklage_riding_a_scooter/g186_d4kayoq.jpg", "URL": "http://i.imgur.com/c45Rl4L.jpg", "fileid": "g186_d4kayoq.jpg"}], "graph": {"name": "g186_root"}, "directed": true}