{"links": [{"op": "none", "target": 0, "source": 37}, {"op": "none", "target": 1, "source": 32}, {"op": "none", "target": 2, "source": 37}, {"op": "none", "target": 3, "source": 37}, {"op": "none", "target": 4, "source": 37}, {"op": "none", "target": 5, "source": 37}, {"op": "none", "target": 6, "source": 37}, {"op": "none", "target": 7, "source": 37}, {"op": "none", "target": 8, "source": 37}, {"op": "none", "target": 9, "source": 37}, {"op": "none", "target": 10, "source": 37}, {"op": "none", "target": 11, "source": 37}, {"op": "none", "target": 12, "source": 37}, {"op": "none", "target": 13, "source": 37}, {"op": "none", "target": 14, "source": 37}, {"op": "none", "target": 15, "source": 37}, {"op": "none", "target": 16, "source": 37}, {"op": "none", "target": 17, "source": 37}, {"op": "none", "target": 18, "source": 37}, {"op": "none", "target": 19, "source": 37}, {"op": "none", "target": 20, "source": 37}, {"op": "none", "target": 21, "source": 37}, {"op": "none", "target": 22, "source": 37}, {"op": "none", "target": 23, "source": 37}, {"op": "none", "target": 24, "source": 37}, {"op": "none", "target": 25, "source": 37}, {"op": "none", "target": 26, "source": 37}, {"op": "none", "target": 27, "source": 37}, {"op": "none", "target": 28, "source": 37}, {"op": "none", "target": 29, "source": 37}, {"op": "none", "target": 30, "source": 37}, {"op": "none", "target": 31, "source": 37}, {"op": "none", "target": 32, "source": 37}, {"op": "none", "target": 33, "source": 37}, {"op": "none", "target": 34, "source": 37}, {"op": "none", "target": 35, "source": 37}, {"op": "none", "target": 36, "source": 37}, {"op": "none", "target": 38, "source": 37}, {"op": "none", "target": 39, "source": 37}, {"op": "none", "target": 40, "source": 37}, {"op": "none", "target": 41, "source": 37}, {"op": "none", "target": 42, "source": 36}, {"op": "none", "target": 43, "source": 37}, {"op": "none", "target": 44, "source": 37}, {"op": "none", "target": 45, "source": 37}, {"op": "none", "target": 46, "source": 37}, {"op": "none", "target": 47, "source": 37}, {"op": "none", "target": 48, "source": 37}, {"op": "none", "target": 49, "source": 37}, {"op": "none", "target": 50, "source": 37}], "title": "_Perfectly_round_snowball", "nodes": [{"id": "g187_da53wfy", "comment": "https://i.imgur.com/pjiaTnZ.jpg", "date": "2016-11-17 21:11:19", "seriesname": "g187_da53wfy", "file": "/media/jbrogan4/scratch2/Reddit_Prov_Dataset_v5/_Perfectly_round_snowball/g187_da53wfy.jpg", "URL": "https://i.imgur.com/pjiaTnZ.jpg", "fileid": "g187_da53wfy.jpg"}, {"id": "g187_da4sjte", "comment": "http://i.imgur.com/0ucioME.jpg", "date": "2016-11-17 16:50:36", "seriesname": "g187_da4sjte", "file": "/media/jbrogan4/scratch2/Reddit_Prov_Dataset_v5/_Perfectly_round_snowball/g187_da4sjte.jpg", "URL": "http://i.imgur.com/0ucioME.jpg", "fileid": "g187_da4sjte.jpg"}, {"id": "g187_da58juy", "comment": "http://i.imgur.com/7Xj1LkY.png\n\nGuardian", "date": "2016-11-17 23:05:55", "seriesname": "g187_da58juy", "file": "/media/jbrogan4/scratch2/Reddit_Prov_Dataset_v5/_Perfectly_round_snowball/g187_da58juy.png", "URL": "http://i.imgur.com/7Xj1LkY.png", "fileid": "g187_da58juy.png"}, {"id": "g187_da4hs04", "comment": "[NSFW](http://m.imgur.com/O9Q6Myu)", "date": "2016-11-17 13:12:47", "seriesname": "g187_da4hs04", "file": "/media/jbrogan4/scratch2/Reddit_Prov_Dataset_v5/_Perfectly_round_snowball/g187_da4hs04.png", "URL": "http://i.imgur.com/O9Q6Myu.png", "fileid": "g187_da4hs04.png"}, {"id": "g187_da50r8h", "comment": "[Based off this](http://i.imgur.com/xiVpAzD.jpg), he most likely took some areas of snow from the picture and added them together. ", "date": "2016-11-17 19:56:11", "seriesname": "g187_da50r8h", "file": "/media/jbrogan4/scratch2/Reddit_Prov_Dataset_v5/_Perfectly_round_snowball/g187_da50r8h.jpg", "URL": "http://i.imgur.com/xiVpAzD.jpg),", "fileid": "g187_da50r8h.jpg,"}, {"id": "g187_da4f97x", "comment": "[Raiders of the Lost Ark](http://i.imgur.com/bI26imj.jpg)", "date": "2016-11-17 12:22:20", "seriesname": "g187_da4f97x", "file": "/media/jbrogan4/scratch2/Reddit_Prov_Dataset_v5/_Perfectly_round_snowball/g187_da4f97x.jpg", "URL": "http://i.imgur.com/bI26imj.jpg", "fileid": "g187_da4f97x.jpg"}, {"id": "g187_da48bqu", "comment": "I'm not very good at PS but [how's this?](http://i.imgur.com/imtc6w0.png)", "date": "2016-11-17 09:54:11", "seriesname": "g187_da48bqu", "file": "/media/jbrogan4/scratch2/Reddit_Prov_Dataset_v5/_Perfectly_round_snowball/g187_da48bqu.png", "URL": "http://i.imgur.com/imtc6w0.png", "fileid": "g187_da48bqu.png"}, {"id": "g187_da4mu2r", "comment": "This looked oddly familiar to a post in /r/starwars. Someone could probably combine them. \n\nhttps://i.redd.it/f5kyqaidh6yx.jpg", "date": "2016-11-17 14:54:50", "seriesname": "g187_da4mu2r", "file": "/media/jbrogan4/scratch2/Reddit_Prov_Dataset_v5/_Perfectly_round_snowball/g187_da4mu2r.jpg", "URL": "https://i.redd.it/f5kyqaidh6yx.jpg", "fileid": "g187_da4mu2r.jpg"}, {"id": "g187_da4ircu", "comment": "[pet](http://i.imgur.com/QCQjThR.jpg)", "date": "2016-11-17 13:32:36", "seriesname": "g187_da4ircu", "file": "/media/jbrogan4/scratch2/Reddit_Prov_Dataset_v5/_Perfectly_round_snowball/g187_da4ircu.jpg", "URL": "http://i.imgur.com/QCQjThR.jpg", "fileid": "g187_da4ircu.jpg"}, {"id": "g187_da4hco8", "comment": "[Our Solar System](http://i.imgur.com/vBz6zYo.jpg)", "date": "2016-11-17 13:04:01", "seriesname": "g187_da4hco8", "file": "/media/jbrogan4/scratch2/Reddit_Prov_Dataset_v5/_Perfectly_round_snowball/g187_da4hco8.jpg", "URL": "http://i.imgur.com/vBz6zYo.jpg", "fileid": "g187_da4hco8.jpg"}, {"id": "g187_da4bcdr", "comment": "[Karl Pilkington](http://i.imgur.com/xBwgTTM.jpg)", "date": "2016-11-17 11:02:01", "seriesname": "g187_da4bcdr", "file": "/media/jbrogan4/scratch2/Reddit_Prov_Dataset_v5/_Perfectly_round_snowball/g187_da4bcdr.jpg", "URL": "http://i.imgur.com/xBwgTTM.jpg", "fileid": "g187_da4bcdr.jpg"}, {"id": "g187_da4lwiq", "comment": "First post, but how did nobody see [this?](http://i.imgur.com/A9CkDRS.png)", "date": "2016-11-17 14:36:16", "seriesname": "g187_da4lwiq", "file": "/media/jbrogan4/scratch2/Reddit_Prov_Dataset_v5/_Perfectly_round_snowball/g187_da4lwiq.png", "URL": "http://i.imgur.com/A9CkDRS.png", "fileid": "g187_da4lwiq.png"}, {"id": "g187_da4ye1u", "comment": "[Oh wait...](http://i.imgur.com/jdwCHdp.jpg)", "date": "2016-11-17 18:59:14", "seriesname": "g187_da4ye1u", "file": "/media/jbrogan4/scratch2/Reddit_Prov_Dataset_v5/_Perfectly_round_snowball/g187_da4ye1u.jpg", "URL": "http://i.imgur.com/jdwCHdp.jpg", "fileid": "g187_da4ye1u.jpg"}, {"id": "g187_da4pbpf", "comment": "[Booty Grab](http://i.imgur.com/3i1eAX0.jpg)", "date": "2016-11-17 15:45:12", "seriesname": "g187_da4pbpf", "file": "/media/jbrogan4/scratch2/Reddit_Prov_Dataset_v5/_Perfectly_round_snowball/g187_da4pbpf.jpg", "URL": "http://i.imgur.com/3i1eAX0.jpg", "fileid": "g187_da4pbpf.jpg"}, {"id": "g187_da4hhh8", "comment": "[I've been present for the birth of every little snowball on this island](http://i.imgur.com/UCCRWAU.jpg)", "date": "2016-11-17 13:06:47", "seriesname": "g187_da4hhh8", "file": "/media/jbrogan4/scratch2/Reddit_Prov_Dataset_v5/_Perfectly_round_snowball/g187_da4hhh8.jpg", "URL": "http://i.imgur.com/UCCRWAU.jpg", "fileid": "g187_da4hhh8.jpg"}, {"id": "g187_da4ihtq", "comment": "[Nobody can live up to these unrealistic beauty standards.](http://i.imgur.com/QaDKmOi.jpg)", "date": "2016-11-17 13:27:16", "seriesname": "g187_da4ihtq", "file": "/media/jbrogan4/scratch2/Reddit_Prov_Dataset_v5/_Perfectly_round_snowball/g187_da4ihtq.jpg", "URL": "http://i.imgur.com/QaDKmOi.jpg", "fileid": "g187_da4ihtq.jpg"}, {"id": "g187_da4hlu5", "comment": "snowstar - http://imgur.com/WflKwp3\n(original poster - https://i.redd.it/f5kyqaidh6yx.jpg)", "date": "2016-11-17 13:09:17", "seriesname": "g187_da4hlu5", "file": "/media/jbrogan4/scratch2/Reddit_Prov_Dataset_v5/_Perfectly_round_snowball/g187_da4hlu5.jpg", "URL": "https://i.redd.it/f5kyqaidh6yx.jpg", "fileid": "g187_da4hlu5.jpg"}, {"id": "g187_da4ev6k", "comment": "[Deeeeeeeeeelicious!!](http://i.imgur.com/wRj9OUm.png)", "date": "2016-11-17 12:14:25", "seriesname": "g187_da4ev6k", "file": "/media/jbrogan4/scratch2/Reddit_Prov_Dataset_v5/_Perfectly_round_snowball/g187_da4ev6k.png", "URL": "http://i.imgur.com/wRj9OUm.png", "fileid": "g187_da4ev6k.png"}, {"id": "g187_da4uiza", "comment": "[That's No Moon](http://i.imgur.com/f9RfufJ.png)", "date": "2016-11-17 17:32:20", "seriesname": "g187_da4uiza", "file": "/media/jbrogan4/scratch2/Reddit_Prov_Dataset_v5/_Perfectly_round_snowball/g187_da4uiza.png", "URL": "http://i.imgur.com/f9RfufJ.png", "fileid": "g187_da4uiza.png"}, {"id": "g187_da4bc4u", "comment": "[One down, six to go.](http://i.imgur.com/uzMG3Io.jpg)", "date": "2016-11-17 11:01:52", "seriesname": "g187_da4bc4u", "file": "/media/jbrogan4/scratch2/Reddit_Prov_Dataset_v5/_Perfectly_round_snowball/g187_da4bc4u.jpg", "URL": "http://i.imgur.com/uzMG3Io.jpg", "fileid": "g187_da4bc4u.jpg"}, {"id": "g187_da4h7mq", "comment": "[Roundest object in the world](http://i.imgur.com/49yGAfj.jpg)", "date": "2016-11-17 13:01:11", "seriesname": "g187_da4h7mq", "file": "/media/jbrogan4/scratch2/Reddit_Prov_Dataset_v5/_Perfectly_round_snowball/g187_da4h7mq.jpg", "URL": "http://i.imgur.com/49yGAfj.jpg", "fileid": "g187_da4h7mq.jpg"}, {"id": "g187_da4icvq", "comment": "[With apologies to /u/Aingeruh](http://i.imgur.com/BpPsT2F.jpg).\n\nEdit: I see now that I'm like the fourth person to do this.", "date": "2016-11-17 13:24:28", "seriesname": "g187_da4icvq", "file": "/media/jbrogan4/scratch2/Reddit_Prov_Dataset_v5/_Perfectly_round_snowball/g187_da4icvq.jpg", "URL": "http://i.imgur.com/BpPsT2F.jpg).", "fileid": "g187_da4icvq."}, {"id": "g187_da4jiwp", "comment": "[Perfectly round snowtunnle.](http://photonshop.deviantart.com/art/Perfectly-tunnely-snowtunnle-646359934)\n\n\n[Imgur Mirror](http://i.imgur.com/vlTzgaa.jpg)", "date": "2016-11-17 13:48:04", "seriesname": "g187_da4jiwp", "file": "/media/jbrogan4/scratch2/Reddit_Prov_Dataset_v5/_Perfectly_round_snowball/g187_da4jiwp.jpg", "URL": "http://i.imgur.com/vlTzgaa.jpg", "fileid": "g187_da4jiwp.jpg"}, {"id": "g187_da4kvs7", "comment": " [Turn up the intensity](http://i.imgur.com/7wCByBj.jpg)\n\nFirst submission, be nice-ish.", "date": "2016-11-17 14:15:33", "seriesname": "g187_da4kvs7", "file": "/media/jbrogan4/scratch2/Reddit_Prov_Dataset_v5/_Perfectly_round_snowball/g187_da4kvs7.jpg", "URL": "http://i.imgur.com/7wCByBj.jpg", "fileid": "g187_da4kvs7.jpg"}, {"id": "g187_da4g22j", "comment": "The magical snowball\nhttp://i.imgur.com/ZDGCQsm.jpg", "date": "2016-11-17 12:38:16", "seriesname": "g187_da4g22j", "file": "/media/jbrogan4/scratch2/Reddit_Prov_Dataset_v5/_Perfectly_round_snowball/g187_da4g22j.jpg", "URL": "http://i.imgur.com/ZDGCQsm.jpg", "fileid": "g187_da4g22j.jpg"}, {"id": "g187_da5ee8u", "comment": "[Monkey Igloo House ](http://i.imgur.com/DwqYwlt.jpg)", "date": "2016-11-18 02:23:41", "seriesname": "g187_da5ee8u", "file": "/media/jbrogan4/scratch2/Reddit_Prov_Dataset_v5/_Perfectly_round_snowball/g187_da5ee8u.jpg", "URL": "http://i.imgur.com/DwqYwlt.jpg", "fileid": "g187_da5ee8u.jpg"}, {"id": "g187_da4dhzl", "comment": "[It didn't have to be like this](http://imgur.com/RfA3WDF)", "date": "2016-11-17 11:46:46", "seriesname": "g187_da4dhzl", "file": "/media/jbrogan4/scratch2/Reddit_Prov_Dataset_v5/_Perfectly_round_snowball/g187_da4dhzl.png", "URL": "http://i.imgur.com/RfA3WDF.png", "fileid": "g187_da4dhzl.png"}, {"id": "g187_da4gr6l", "comment": "[Doggoball](http://imgur.com/cl6KOMq)", "date": "2016-11-17 12:52:10", "seriesname": "g187_da4gr6l", "file": "/media/jbrogan4/scratch2/Reddit_Prov_Dataset_v5/_Perfectly_round_snowball/g187_da4gr6l.png", "URL": "http://i.imgur.com/cl6KOMq.png", "fileid": "g187_da4gr6l.png"}, {"id": "g187_da4h51i", "comment": "[Steady ... steady](http://i.imgur.com/SWCinOG.jpg)", "date": "2016-11-17 12:59:44", "seriesname": "g187_da4h51i", "file": "/media/jbrogan4/scratch2/Reddit_Prov_Dataset_v5/_Perfectly_round_snowball/g187_da4h51i.jpg", "URL": "http://i.imgur.com/SWCinOG.jpg", "fileid": "g187_da4h51i.jpg"}, {"id": "g187_da4k1t5", "comment": "Snobal Warning\n[](http://i.imgur.com/nPuqDRm.jpg)", "date": "2016-11-17 13:58:36", "seriesname": "g187_da4k1t5", "file": "/media/jbrogan4/scratch2/Reddit_Prov_Dataset_v5/_Perfectly_round_snowball/g187_da4k1t5.jpg", "URL": "http://i.imgur.com/nPuqDRm.jpg", "fileid": "g187_da4k1t5.jpg"}, {"id": "g187_da4o35f", "comment": "[supersnowmoon] (http://imgur.com/M6dep8J)", "date": "2016-11-17 15:20:19", "seriesname": "g187_da4o35f", "file": "/media/jbrogan4/scratch2/Reddit_Prov_Dataset_v5/_Perfectly_round_snowball/g187_da4o35f.png", "URL": "http://i.imgur.com/M6dep8J.png", "fileid": "g187_da4o35f.png"}, {"id": "g187_da4p0c6", "comment": "[That snow moon] (http://imgur.com/Cd5wkpz)", "date": "2016-11-17 15:38:53", "seriesname": "g187_da4p0c6", "file": "/media/jbrogan4/scratch2/Reddit_Prov_Dataset_v5/_Perfectly_round_snowball/g187_da4p0c6.png", "URL": "http://i.imgur.com/Cd5wkpz.png", "fileid": "g187_da4p0c6.png"}, {"id": "g187_da4f3h8", "comment": "http://i.imgur.com/ZXMQtib.jpg", "date": "2016-11-17 12:19:07", "seriesname": "g187_da4f3h8", "file": "/media/jbrogan4/scratch2/Reddit_Prov_Dataset_v5/_Perfectly_round_snowball/g187_da4f3h8.jpg", "URL": "http://i.imgur.com/ZXMQtib.jpg", "fileid": "g187_da4f3h8.jpg"}, {"id": "g187_da4e3q9", "comment": "[Perfectly round Snow ball](http://i.imgur.com/4GlItpQ.jpg)", "date": "2016-11-17 11:58:55", "seriesname": "g187_da4e3q9", "file": "/media/jbrogan4/scratch2/Reddit_Prov_Dataset_v5/_Perfectly_round_snowball/g187_da4e3q9.jpg", "URL": "http://i.imgur.com/4GlItpQ.jpg", "fileid": "g187_da4e3q9.jpg"}, {"id": "g187_da515jc", "comment": "[The supermoon's a conspiracy](http://i.imgur.com/5XzHykn.jpg)", "date": "2016-11-17 20:05:44", "seriesname": "g187_da515jc", "file": "/media/jbrogan4/scratch2/Reddit_Prov_Dataset_v5/_Perfectly_round_snowball/g187_da515jc.jpg", "URL": "http://i.imgur.com/5XzHykn.jpg", "fileid": "g187_da515jc.jpg"}, {"id": "g187_da55y5d", "comment": "&gt; RASENGAN\n\nHeh, I thought of something similar.\n[Rasengan!](http://imgur.com/yoh6ZHs)", "date": "2016-11-17 22:00:23", "seriesname": "g187_da55y5d", "file": "/media/jbrogan4/scratch2/Reddit_Prov_Dataset_v5/_Perfectly_round_snowball/g187_da55y5d.png", "URL": "http://i.imgur.com/yoh6ZHs.png", "fileid": "g187_da55y5d.png"}, {"id": "g187_da4da51", "comment": "[I call your snowball, and raise you a sun](http://i.imgur.com/jzrNFT3.jpg)", "date": "2016-11-17 11:42:20", "seriesname": "g187_da4da51", "file": "/media/jbrogan4/scratch2/Reddit_Prov_Dataset_v5/_Perfectly_round_snowball/g187_da4da51.jpg", "URL": "http://i.imgur.com/jzrNFT3.jpg", "fileid": "g187_da4da51.jpg"}, {"id": "g187_root", "comment": "", "date": "2016-11-17 09:27:53", "seriesname": "g187_root", "file": "/media/jbrogan4/scratch2/Reddit_Prov_Dataset_v5/_Perfectly_round_snowball/g187_root.jpg", "URL": "http://i.imgur.com/XNya6Y3.jpg", "fileid": "g187_root.jpg"}, {"id": "g187_da4ir3f", "comment": "[supermoon](http://i.imgur.com/OspjTG1.png)", "date": "2016-11-17 13:32:28", "seriesname": "g187_da4ir3f", "file": "/media/jbrogan4/scratch2/Reddit_Prov_Dataset_v5/_Perfectly_round_snowball/g187_da4ir3f.png", "URL": "http://i.imgur.com/OspjTG1.png", "fileid": "g187_da4ir3f.png"}, {"id": "g187_da55vrh", "comment": "[Rasengan!](http://imgur.com/yoh6ZHs)", "date": "2016-11-17 21:58:45", "seriesname": "g187_da55vrh", "file": "/media/jbrogan4/scratch2/Reddit_Prov_Dataset_v5/_Perfectly_round_snowball/g187_da55vrh.png", "URL": "http://i.imgur.com/yoh6ZHs.png", "fileid": "g187_da55vrh.png"}, {"id": "g187_da4vlzi", "comment": "This is my first photoshop battle, so I hope I did decently. Not much of a change. [Nurufufufu!](http://i.imgur.com/W0dEIDN.png)\n\n", "date": "2016-11-17 17:55:49", "seriesname": "g187_da4vlzi", "file": "/media/jbrogan4/scratch2/Reddit_Prov_Dataset_v5/_Perfectly_round_snowball/g187_da4vlzi.png", "URL": "http://i.imgur.com/W0dEIDN.png", "fileid": "g187_da4vlzi.png"}, {"id": "g187_da4q5ze", "comment": "[Which Pokemon's silhouette forms a perfect circle?](http://i.imgur.com/qpbm5DH.jpg)\nSorry I'm not more clever.\n\nEdit: [Here's an HD version](http://i.imgur.com/AOlKTnI.jpg) and [a shaded version](http://i.imgur.com/9Uhto7L.jpg).", "date": "2016-11-17 16:01:52", "seriesname": "g187_da4q5ze", "file": "/media/jbrogan4/scratch2/Reddit_Prov_Dataset_v5/_Perfectly_round_snowball/g187_da4q5ze.jpg", "URL": "http://i.imgur.com/9Uhto7L.jpg).", "fileid": "g187_da4q5ze."}, {"id": "g187_da4kzqg", "comment": "[Snowsengan!?](http://i63.tinypic.com/2w73ccy.jpg)", "date": "2016-11-17 14:17:50", "seriesname": "g187_da4kzqg", "file": "/media/jbrogan4/scratch2/Reddit_Prov_Dataset_v5/_Perfectly_round_snowball/g187_da4kzqg.jpg", "URL": "http://i63.tinypic.com/2w73ccy.jpg", "fileid": "g187_da4kzqg.jpg"}, {"id": "g187_da4ekat", "comment": "[The answer to life.. the universe.. and everything](http://imgur.com/3TZUx0l)", "date": "2016-11-17 12:08:16", "seriesname": "g187_da4ekat", "file": "/media/jbrogan4/scratch2/Reddit_Prov_Dataset_v5/_Perfectly_round_snowball/g187_da4ekat.png", "URL": "http://i.imgur.com/3TZUx0l.png", "fileid": "g187_da4ekat.png"}, {"id": "g187_da4t8i6", "comment": "[Do you see this too ?](http://i.imgur.com/CqUWpZa.jpg)", "date": "2016-11-17 17:04:44", "seriesname": "g187_da4t8i6", "file": "/media/jbrogan4/scratch2/Reddit_Prov_Dataset_v5/_Perfectly_round_snowball/g187_da4t8i6.jpg", "URL": "http://i.imgur.com/CqUWpZa.jpg", "fileid": "g187_da4t8i6.jpg"}, {"id": "g187_da4ozju", "comment": "[I'm the moon ](http://imgur.com/Shpb1bs) ", "date": "2016-11-17 15:38:29", "seriesname": "g187_da4ozju", "file": "/media/jbrogan4/scratch2/Reddit_Prov_Dataset_v5/_Perfectly_round_snowball/g187_da4ozju.png", "URL": "http://i.imgur.com/Shpb1bs.png", "fileid": "g187_da4ozju.png"}, {"id": "g187_da4jh8e", "comment": "Bad Tiger\nhttps://i.imgur.com/f3LGfuZ.jpg\n", "date": "2016-11-17 13:47:07", "seriesname": "g187_da4jh8e", "file": "/media/jbrogan4/scratch2/Reddit_Prov_Dataset_v5/_Perfectly_round_snowball/g187_da4jh8e.jpg", "URL": "https://i.imgur.com/f3LGfuZ.jpg", "fileid": "g187_da4jh8e.jpg"}, {"id": "g187_da57jtm", "comment": "[coming winter 2017](http://i.imgur.com/ufhaQPE.jpg)", "date": "2016-11-17 22:40:16", "seriesname": "g187_da57jtm", "file": "/media/jbrogan4/scratch2/Reddit_Prov_Dataset_v5/_Perfectly_round_snowball/g187_da57jtm.jpg", "URL": "http://i.imgur.com/ufhaQPE.jpg", "fileid": "g187_da57jtm.jpg"}, {"id": "g187_da5b48t", "comment": "[Now witness the firepower of this fully armed and operational Snowball Station!](http://imgur.com/Lm4zmtr)", "date": "2016-11-18 00:17:52", "seriesname": "g187_da5b48t", "file": "/media/jbrogan4/scratch2/Reddit_Prov_Dataset_v5/_Perfectly_round_snowball/g187_da5b48t.png", "URL": "http://i.imgur.com/Lm4zmtr.png", "fileid": "g187_da5b48t.png"}, {"id": "g187_da4gh3u", "comment": "I'm on my phone, so I did the best I could, but [I couldn't resist...](http://imgur.com/R3lSq2k)", "date": "2016-11-17 12:46:32", "seriesname": "g187_da4gh3u", "file": "/media/jbrogan4/scratch2/Reddit_Prov_Dataset_v5/_Perfectly_round_snowball/g187_da4gh3u.png", "URL": "http://i.imgur.com/R3lSq2k.png", "fileid": "g187_da4gh3u.png"}, {"id": "g187_da4hclq", "comment": "[Supermoon is weird.](http://imgur.com/YfMdDCc)", "date": "2016-11-17 13:03:58", "seriesname": "g187_da4hclq", "file": "/media/jbrogan4/scratch2/Reddit_Prov_Dataset_v5/_Perfectly_round_snowball/g187_da4hclq.png", "URL": "http://i.imgur.com/YfMdDCc.png", "fileid": "g187_da4hclq.png"}], "graph": {"name": "g187_root"}, "directed": true}