{"links": [{"op": "none", "target": 0, "source": 44}, {"op": "none", "target": 1, "source": 44}, {"op": "none", "target": 2, "source": 44}, {"op": "none", "target": 3, "source": 44}, {"op": "none", "target": 4, "source": 44}, {"op": "none", "target": 5, "source": 44}, {"op": "none", "target": 6, "source": 44}, {"op": "none", "target": 7, "source": 44}, {"op": "none", "target": 8, "source": 44}, {"op": "none", "target": 9, "source": 44}, {"op": "none", "target": 10, "source": 44}, {"op": "none", "target": 11, "source": 44}, {"op": "none", "target": 12, "source": 44}, {"op": "none", "target": 13, "source": 44}, {"op": "none", "target": 14, "source": 44}, {"op": "none", "target": 15, "source": 44}, {"op": "none", "target": 16, "source": 44}, {"op": "none", "target": 17, "source": 44}, {"op": "none", "target": 18, "source": 44}, {"op": "none", "target": 19, "source": 44}, {"op": "none", "target": 20, "source": 44}, {"op": "none", "target": 21, "source": 44}, {"op": "none", "target": 22, "source": 44}, {"op": "none", "target": 23, "source": 44}, {"op": "none", "target": 24, "source": 44}, {"op": "none", "target": 25, "source": 44}, {"op": "none", "target": 26, "source": 44}, {"op": "none", "target": 27, "source": 44}, {"op": "none", "target": 28, "source": 44}, {"op": "none", "target": 29, "source": 44}, {"op": "none", "target": 30, "source": 44}, {"op": "none", "target": 31, "source": 10}, {"op": "none", "target": 32, "source": 44}, {"op": "none", "target": 33, "source": 44}, {"op": "none", "target": 34, "source": 44}, {"op": "none", "target": 35, "source": 44}, {"op": "none", "target": 36, "source": 44}, {"op": "none", "target": 37, "source": 44}, {"op": "none", "target": 38, "source": 44}, {"op": "none", "target": 39, "source": 44}, {"op": "none", "target": 40, "source": 44}, {"op": "none", "target": 41, "source": 44}, {"op": "none", "target": 42, "source": 21}, {"op": "none", "target": 43, "source": 44}], "title": "_Margot_Robbie_excited_at_a_hockey_game", "nodes": [{"id": "g201_dbxfx15", "comment": "It has been a long time since I have been on a date but I am glad I went. Momma says I need to get out of the house more often and meet a nice girl. I am not saying marriage...But we had a good time and I would love to go out with her again. I would love to go on a second date. I think we hit it off well. She could be the one.  http://i.imgur.com/BaL3IIe.jpg", "date": "2017-01-02 21:42:20", "seriesname": "g201_dbxfx15", "file": "/media/jbrogan4/scratch2/Reddit_Prov_Dataset_v5/_Margot_Robbie_excited_at_a_hockey_game/g201_dbxfx15.jpg", "URL": "http://i.imgur.com/BaL3IIe.jpg", "fileid": "g201_dbxfx15.jpg"}, {"id": "g201_dbxd0kg", "comment": "[Why not Gandalf as Margot?](http://i.imgur.com/KafqRGd.jpg)\nedit: thanks for the gold, mang!", "date": "2017-01-02 20:40:52", "seriesname": "g201_dbxd0kg", "file": "/media/jbrogan4/scratch2/Reddit_Prov_Dataset_v5/_Margot_Robbie_excited_at_a_hockey_game/g201_dbxd0kg.jpg", "URL": "http://i.imgur.com/KafqRGd.jpg", "fileid": "g201_dbxd0kg.jpg"}, {"id": "g201_dbx3r9a", "comment": "[Warrior Queen Fantasy Art](http://imgur.com/YI6v6qV.jpg)", "date": "2017-01-02 17:16:29", "seriesname": "g201_dbx3r9a", "file": "/media/jbrogan4/scratch2/Reddit_Prov_Dataset_v5/_Margot_Robbie_excited_at_a_hockey_game/g201_dbx3r9a.jpg", "URL": "http://imgur.com/YI6v6qV.jpg", "fileid": "g201_dbx3r9a.jpg"}, {"id": "g201_dby2wgx", "comment": "http://imgur.com/gallery/2r1EqTj &lt;--- Margot Robbie leading her Japanese Battalion into certain death against allied forces, circa 1944, Colorized.", "date": "2017-01-03 10:45:18", "seriesname": "g201_dby2wgx", "file": "/media/jbrogan4/scratch2/Reddit_Prov_Dataset_v5/_Margot_Robbie_excited_at_a_hockey_game/g201_dby2wgx.png", "URL": "http://i.imgur.com/2r1EqTj.png", "fileid": "g201_dby2wgx.png"}, {"id": "g201_dbxv76l", "comment": "[Could she BE anymore of a Rangers fan?] (http://i.imgur.com/kj1ZLnM.jpg)", "date": "2017-01-03 06:21:57", "seriesname": "g201_dbxv76l", "file": "/media/jbrogan4/scratch2/Reddit_Prov_Dataset_v5/_Margot_Robbie_excited_at_a_hockey_game/g201_dbxv76l.jpg", "URL": "http://i.imgur.com/kj1ZLnM.jpg", "fileid": "g201_dbxv76l.jpg"}, {"id": "g201_dbx5hj3", "comment": "[the hair reminded me of this scene](http://imgur.com/Tg5wGL2) ", "date": "2017-01-02 17:54:37", "seriesname": "g201_dbx5hj3", "file": "/media/jbrogan4/scratch2/Reddit_Prov_Dataset_v5/_Margot_Robbie_excited_at_a_hockey_game/g201_dbx5hj3.png", "URL": "http://i.imgur.com/Tg5wGL2.png", "fileid": "g201_dbx5hj3.png"}, {"id": "g201_dbxb1ml", "comment": "[attack on titan](http://i.imgur.com/B8Yl7LI.jpg)", "date": "2017-01-02 19:58:31", "seriesname": "g201_dbxb1ml", "file": "/media/jbrogan4/scratch2/Reddit_Prov_Dataset_v5/_Margot_Robbie_excited_at_a_hockey_game/g201_dbxb1ml.jpg", "URL": "http://i.imgur.com/B8Yl7LI.jpg", "fileid": "g201_dbxb1ml.jpg"}, {"id": "g201_dbwwtig", "comment": "That's [Her](http://i.imgur.com/Qbdp9mU.jpg) midget tossing face.", "date": "2017-01-02 14:48:38", "seriesname": "g201_dbwwtig", "file": "/media/jbrogan4/scratch2/Reddit_Prov_Dataset_v5/_Margot_Robbie_excited_at_a_hockey_game/g201_dbwwtig.jpg", "URL": "http://i.imgur.com/Qbdp9mU.jpg", "fileid": "g201_dbwwtig.jpg"}, {"id": "g201_dbxjowv", "comment": "NSFW [how bout dis? ( \u0361\u00b0 \u035c\u0296 \u0361\u00b0)] (http://i.imgur.com/3cV7mz6.jpg)", "date": "2017-01-02 23:08:16", "seriesname": "g201_dbxjowv", "file": "/media/jbrogan4/scratch2/Reddit_Prov_Dataset_v5/_Margot_Robbie_excited_at_a_hockey_game/g201_dbxjowv.jpg", "URL": "http://i.imgur.com/3cV7mz6.jpg", "fileid": "g201_dbxjowv.jpg"}, {"id": "g201_dbxp8y4", "comment": "[inner thoughts ](https://i.imgur.com/4gDuyGU.jpg) ", "date": "2017-01-03 01:45:14", "seriesname": "g201_dbxp8y4", "file": "/media/jbrogan4/scratch2/Reddit_Prov_Dataset_v5/_Margot_Robbie_excited_at_a_hockey_game/g201_dbxp8y4.jpg", "URL": "https://i.imgur.com/4gDuyGU.jpg", "fileid": "g201_dbxp8y4.jpg"}, {"id": "g201_dbx9pye", "comment": "[\"GOOD MORNING VIETNAM!!!\" - Margot Robin Williams](http://i.imgur.com/VLFcaFs.jpg)\n\n[Higher res/less cropped version](http://i.imgur.com/dcVnrFr.jpg)\n\n[Head cutout](http://i.imgur.com/SNMyNMb.png)", "date": "2017-01-02 19:29:08", "seriesname": "g201_dbx9pye", "file": "/media/jbrogan4/scratch2/Reddit_Prov_Dataset_v5/_Margot_Robbie_excited_at_a_hockey_game/g201_dbx9pye.png", "URL": "http://i.imgur.com/SNMyNMb.png", "fileid": "g201_dbx9pye.png"}, {"id": "g201_dbwwua4", "comment": "[Super Saiyan 3](http://imgur.com/s46QSXj)", "date": "2017-01-02 14:49:05", "seriesname": "g201_dbwwua4", "file": "/media/jbrogan4/scratch2/Reddit_Prov_Dataset_v5/_Margot_Robbie_excited_at_a_hockey_game/g201_dbwwua4.png", "URL": "http://i.imgur.com/s46QSXj.png", "fileid": "g201_dbwwua4.png"}, {"id": "g201_dbx3rd9", "comment": "[I'm told she's a big fan.](http://i.imgur.com/49omrJW.jpg)", "date": "2017-01-02 17:16:33", "seriesname": "g201_dbx3rd9", "file": "/media/jbrogan4/scratch2/Reddit_Prov_Dataset_v5/_Margot_Robbie_excited_at_a_hockey_game/g201_dbx3rd9.jpg", "URL": "http://i.imgur.com/49omrJW.jpg", "fileid": "g201_dbx3rd9.jpg"}, {"id": "g201_dbx8e5c", "comment": "[GERMAN SCIENCE IS THE BEST IN THE WORLD !!!](http://i.imgur.com/pUYkWPw.png)", "date": "2017-01-02 18:59:07", "seriesname": "g201_dbx8e5c", "file": "/media/jbrogan4/scratch2/Reddit_Prov_Dataset_v5/_Margot_Robbie_excited_at_a_hockey_game/g201_dbx8e5c.png", "URL": "http://i.imgur.com/pUYkWPw.png", "fileid": "g201_dbx8e5c.png"}, {"id": "g201_dbx66dz", "comment": "[http://i.imgur.com/KMQArVO.png](http://i.imgur.com/thd5moH.png)", "date": "2017-01-02 18:09:55", "seriesname": "g201_dbx66dz", "file": "/media/jbrogan4/scratch2/Reddit_Prov_Dataset_v5/_Margot_Robbie_excited_at_a_hockey_game/g201_dbx66dz.png", "URL": "http://i.imgur.com/KMQArVO.png](http://i.imgur.com/thd5moH.png", "fileid": "g201_dbx66dz.png"}, {"id": "g201_dbx9k29", "comment": "[Margot joins the X-Men](http://i.imgur.com/7sjRWfh.png)", "date": "2017-01-02 19:25:27", "seriesname": "g201_dbx9k29", "file": "/media/jbrogan4/scratch2/Reddit_Prov_Dataset_v5/_Margot_Robbie_excited_at_a_hockey_game/g201_dbx9k29.png", "URL": "http://i.imgur.com/7sjRWfh.png", "fileid": "g201_dbx9k29.png"}, {"id": "g201_dbx743s", "comment": "[Definitely screaming her face off in excitement](http://i.imgur.com/QWFK5xT.jpg)", "date": "2017-01-02 18:30:39", "seriesname": "g201_dbx743s", "file": "/media/jbrogan4/scratch2/Reddit_Prov_Dataset_v5/_Margot_Robbie_excited_at_a_hockey_game/g201_dbx743s.jpg", "URL": "http://i.imgur.com/QWFK5xT.jpg", "fileid": "g201_dbx743s.jpg"}, {"id": "g201_dbx2aiz", "comment": "[How you doin'](http://imgur.com/kvpneoC)", "date": "2017-01-02 16:43:56", "seriesname": "g201_dbx2aiz", "file": "/media/jbrogan4/scratch2/Reddit_Prov_Dataset_v5/_Margot_Robbie_excited_at_a_hockey_game/g201_dbx2aiz.png", "URL": "http://i.imgur.com/kvpneoC.png", "fileid": "g201_dbx2aiz.png"}, {"id": "g201_dbxbbko", "comment": "[She has gone Super Saiyan!](http://i.imgur.com/lCjJnc4.jpg)", "date": "2017-01-02 20:04:35", "seriesname": "g201_dbxbbko", "file": "/media/jbrogan4/scratch2/Reddit_Prov_Dataset_v5/_Margot_Robbie_excited_at_a_hockey_game/g201_dbxbbko.jpg", "URL": "http://i.imgur.com/lCjJnc4.jpg", "fileid": "g201_dbxbbko.jpg"}, {"id": "g201_dbx11t2", "comment": "[roller coaster] (http://i.cubeupload.com/W9eZEi.jpg)", "date": "2017-01-02 16:16:42", "seriesname": "g201_dbx11t2", "file": "/media/jbrogan4/scratch2/Reddit_Prov_Dataset_v5/_Margot_Robbie_excited_at_a_hockey_game/g201_dbx11t2.jpg", "URL": "http://i.cubeupload.com/W9eZEi.jpg", "fileid": "g201_dbx11t2.jpg"}, {"id": "g201_dbx9etv", "comment": "http://i.imgur.com/m6ib6jN.jpg", "date": "2017-01-02 19:22:10", "seriesname": "g201_dbx9etv", "file": "/media/jbrogan4/scratch2/Reddit_Prov_Dataset_v5/_Margot_Robbie_excited_at_a_hockey_game/g201_dbx9etv.jpg", "URL": "http://i.imgur.com/m6ib6jN.jpg", "fileid": "g201_dbx9etv.jpg"}, {"id": "g201_dbxk1ct", "comment": "Over 500 comments in this thread, there's no way this would *blow up*:\n\n[NSFW Expectations XXIX: Leftover Balloon Stock Images](http://i.imgur.com/StaW5wW.jpg)\n\n[*Creation gif*](http://i.imgur.com/IoUCneg.gifv)\n\n[Rest of the series here.](http://imgur.com/a/6pVmX)", "date": "2017-01-02 23:16:35", "seriesname": "g201_dbxk1ct", "file": "/media/jbrogan4/scratch2/Reddit_Prov_Dataset_v5/_Margot_Robbie_excited_at_a_hockey_game/g201_dbxk1ct.png", "URL": "http://i.imgur.com/6pVmX.png", "fileid": "g201_dbxk1ct.png"}, {"id": "g201_dbxihek", "comment": "[Thor no More](http://i.imgur.com/rdkRbI6.png)", "date": "2017-01-02 22:39:42", "seriesname": "g201_dbxihek", "file": "/media/jbrogan4/scratch2/Reddit_Prov_Dataset_v5/_Margot_Robbie_excited_at_a_hockey_game/g201_dbxihek.png", "URL": "http://i.imgur.com/rdkRbI6.png", "fileid": "g201_dbxihek.png"}, {"id": "g201_dbxfhig", "comment": "[we are number one but at a hockey game](http://i.imgur.com/5JP6Vjy.jpg)\n\nor, Margot Robbie Rotten", "date": "2017-01-02 21:33:18", "seriesname": "g201_dbxfhig", "file": "/media/jbrogan4/scratch2/Reddit_Prov_Dataset_v5/_Margot_Robbie_excited_at_a_hockey_game/g201_dbxfhig.jpg", "URL": "http://i.imgur.com/5JP6Vjy.jpg", "fileid": "g201_dbxfhig.jpg"}, {"id": "g201_dbwtnvj", "comment": "[My edit](http://imgur.com/DNeNVyK)", "date": "2017-01-02 13:44:10", "seriesname": "g201_dbwtnvj", "file": "/media/jbrogan4/scratch2/Reddit_Prov_Dataset_v5/_Margot_Robbie_excited_at_a_hockey_game/g201_dbwtnvj.png", "URL": "http://i.imgur.com/DNeNVyK.png", "fileid": "g201_dbwtnvj.png"}, {"id": "g201_dbx0ne1", "comment": "[Let's goooo Deeeevils!](http://i.imgur.com/EVOlSXC.jpg)", "date": "2017-01-02 16:08:01", "seriesname": "g201_dbx0ne1", "file": "/media/jbrogan4/scratch2/Reddit_Prov_Dataset_v5/_Margot_Robbie_excited_at_a_hockey_game/g201_dbx0ne1.jpg", "URL": "http://i.imgur.com/EVOlSXC.jpg", "fileid": "g201_dbx0ne1.jpg"}, {"id": "g201_dbx8vvg", "comment": "http://i.imgur.com/LqSmnWY.jpg", "date": "2017-01-02 19:10:11", "seriesname": "g201_dbx8vvg", "file": "/media/jbrogan4/scratch2/Reddit_Prov_Dataset_v5/_Margot_Robbie_excited_at_a_hockey_game/g201_dbx8vvg.jpg", "URL": "http://i.imgur.com/LqSmnWY.jpg", "fileid": "g201_dbx8vvg.jpg"}, {"id": "g201_dbx2diy", "comment": "http://i.imgur.com/s573CvC.png\n\nEdit: @[\u2013]Dash_Redditor ---&gt; http://i.imgur.com/igqVXc3.jpg\n", "date": "2017-01-02 16:45:45", "seriesname": "g201_dbx2diy", "file": "/media/jbrogan4/scratch2/Reddit_Prov_Dataset_v5/_Margot_Robbie_excited_at_a_hockey_game/g201_dbx2diy.jpg", "URL": "http://i.imgur.com/igqVXc3.jpg", "fileid": "g201_dbx2diy.jpg"}, {"id": "g201_dbx0cql", "comment": "[Usually this would be a bed time 'shop](http://i.imgur.com/IZG6eWy.png)", "date": "2017-01-02 16:01:53", "seriesname": "g201_dbx0cql", "file": "/media/jbrogan4/scratch2/Reddit_Prov_Dataset_v5/_Margot_Robbie_excited_at_a_hockey_game/g201_dbx0cql.png", "URL": "http://i.imgur.com/IZG6eWy.png", "fileid": "g201_dbx0cql.png"}, {"id": "g201_dbx6dar", "comment": "[When Nature Calls!](http://imgur.com/TdpBnrd)", "date": "2017-01-02 18:14:16", "seriesname": "g201_dbx6dar", "file": "/media/jbrogan4/scratch2/Reddit_Prov_Dataset_v5/_Margot_Robbie_excited_at_a_hockey_game/g201_dbx6dar.png", "URL": "http://i.imgur.com/TdpBnrd.png", "fileid": "g201_dbx6dar.png"}, {"id": "g201_dbx0etb", "comment": "[She has fun everywhere](http://i.imgur.com/rMPScgb.jpg)", "date": "2017-01-02 16:03:03", "seriesname": "g201_dbx0etb", "file": "/media/jbrogan4/scratch2/Reddit_Prov_Dataset_v5/_Margot_Robbie_excited_at_a_hockey_game/g201_dbx0etb.jpg", "URL": "http://i.imgur.com/rMPScgb.jpg", "fileid": "g201_dbx0etb.jpg"}, {"id": "g201_dbxb95u", "comment": "[Margot-Go Gadget...](http://i.imgur.com/3h0srf7.jpg)", "date": "2017-01-02 20:03:09", "seriesname": "g201_dbxb95u", "file": "/media/jbrogan4/scratch2/Reddit_Prov_Dataset_v5/_Margot_Robbie_excited_at_a_hockey_game/g201_dbxb95u.jpg", "URL": "http://i.imgur.com/3h0srf7.jpg", "fileid": "g201_dbxb95u.jpg"}, {"id": "g201_dbx933b", "comment": "http://i.imgur.com/Qkzgqkf.jpg", "date": "2017-01-02 19:14:48", "seriesname": "g201_dbx933b", "file": "/media/jbrogan4/scratch2/Reddit_Prov_Dataset_v5/_Margot_Robbie_excited_at_a_hockey_game/g201_dbx933b.jpg", "URL": "http://i.imgur.com/Qkzgqkf.jpg", "fileid": "g201_dbx933b.jpg"}, {"id": "g201_dbx7oyo", "comment": "[Day[9] is that you?](http://i.imgur.com/w3CeZtJ.png)", "date": "2017-01-02 18:43:39", "seriesname": "g201_dbx7oyo", "file": "/media/jbrogan4/scratch2/Reddit_Prov_Dataset_v5/_Margot_Robbie_excited_at_a_hockey_game/g201_dbx7oyo.png", "URL": "http://i.imgur.com/w3CeZtJ.png", "fileid": "g201_dbx7oyo.png"}, {"id": "g201_dbx43ql", "comment": "[First thing that came to mind](http://i.imgur.com/miWrxa4.jpg)\n", "date": "2017-01-02 17:23:55", "seriesname": "g201_dbx43ql", "file": "/media/jbrogan4/scratch2/Reddit_Prov_Dataset_v5/_Margot_Robbie_excited_at_a_hockey_game/g201_dbx43ql.jpg", "URL": "http://i.imgur.com/miWrxa4.jpg", "fileid": "g201_dbx43ql.jpg"}, {"id": "g201_dbx4crt", "comment": "[At a different game](http://i.imgur.com/71rk8nF.jpg)", "date": "2017-01-02 17:29:24", "seriesname": "g201_dbx4crt", "file": "/media/jbrogan4/scratch2/Reddit_Prov_Dataset_v5/_Margot_Robbie_excited_at_a_hockey_game/g201_dbx4crt.jpg", "URL": "http://i.imgur.com/71rk8nF.jpg", "fileid": "g201_dbx4crt.jpg"}, {"id": "g201_dbxyejg", "comment": "http://i.imgur.com/56OHWho.jpg", "date": "2017-01-03 08:41:02", "seriesname": "g201_dbxyejg", "file": "/media/jbrogan4/scratch2/Reddit_Prov_Dataset_v5/_Margot_Robbie_excited_at_a_hockey_game/g201_dbxyejg.jpg", "URL": "http://i.imgur.com/56OHWho.jpg", "fileid": "g201_dbxyejg.jpg"}, {"id": "g201_dbx78to", "comment": "[I am mildly pleased by this goal.](http://i.imgur.com/zJIJH1a.png)", "date": "2017-01-02 18:33:29", "seriesname": "g201_dbx78to", "file": "/media/jbrogan4/scratch2/Reddit_Prov_Dataset_v5/_Margot_Robbie_excited_at_a_hockey_game/g201_dbx78to.png", "URL": "http://i.imgur.com/zJIJH1a.png", "fileid": "g201_dbx78to.png"}, {"id": "g201_dbx2f75", "comment": "[Your question answered](http://imgur.com/vekhVbr.jpg)", "date": "2017-01-02 16:46:48", "seriesname": "g201_dbx2f75", "file": "/media/jbrogan4/scratch2/Reddit_Prov_Dataset_v5/_Margot_Robbie_excited_at_a_hockey_game/g201_dbx2f75.jpg", "URL": "http://imgur.com/vekhVbr.jpg", "fileid": "g201_dbx2f75.jpg"}, {"id": "g201_dbx1kfg", "comment": "[Puddin's a fan](http://i.imgur.com/hjh1Vux.jpg)", "date": "2017-01-02 16:27:55", "seriesname": "g201_dbx1kfg", "file": "/media/jbrogan4/scratch2/Reddit_Prov_Dataset_v5/_Margot_Robbie_excited_at_a_hockey_game/g201_dbx1kfg.jpg", "URL": "http://i.imgur.com/hjh1Vux.jpg", "fileid": "g201_dbx1kfg.jpg"}, {"id": "g201_dbxb037", "comment": "http://i.imgur.com/G4x5ser.jpg", "date": "2017-01-02 19:57:34", "seriesname": "g201_dbxb037", "file": "/media/jbrogan4/scratch2/Reddit_Prov_Dataset_v5/_Margot_Robbie_excited_at_a_hockey_game/g201_dbxb037.jpg", "URL": "http://i.imgur.com/G4x5ser.jpg", "fileid": "g201_dbxb037.jpg"}, {"id": "g201_dbx17ze", "comment": "[It was such an exciting game](http://i.imgur.com/2BVEkGc.jpg)", "date": "2017-01-02 16:20:20", "seriesname": "g201_dbx17ze", "file": "/media/jbrogan4/scratch2/Reddit_Prov_Dataset_v5/_Margot_Robbie_excited_at_a_hockey_game/g201_dbx17ze.jpg", "URL": "http://i.imgur.com/2BVEkGc.jpg", "fileid": "g201_dbx17ze.jpg"}, {"id": "g201_dbxot92", "comment": "[HAHA \ud83c\udf89](http://i.imgur.com/du0Bsio.jpg)\n\nBut seriously, it just takes practice. [This was my very first post on this sub a little more than a year ago.](http://i.imgur.com/ZXUBGsY.jpg) It's not terrible, but it's also not technically impressive \u2014 cut and paste with lasso tool, that's the limit of my PS skills.\n\nEver since then, I experimented with other tools and techniques and shared my process with this sub in the form of creation gifs and tutorials (the documenting of steps and repetition also helped me improve). \n\nEvery technique from the creation gif above has been shared either as a tutorial on [my website](http://oneksy.com/) or in a [screen recording](https://www.youtube.com/oneksy) over the past year. Feel free to reach out if you have any other questions!", "date": "2017-01-03 01:30:03", "seriesname": "g201_dbxot92", "file": "/media/jbrogan4/scratch2/Reddit_Prov_Dataset_v5/_Margot_Robbie_excited_at_a_hockey_game/g201_dbxot92.jpg", "URL": "http://i.imgur.com/ZXUBGsY.jpg", "fileid": "g201_dbxot92.jpg"}, {"id": "g201_dbwxvh6", "comment": "[Obligatory](http://i.imgur.com/gznPyNP.png)", "date": "2017-01-02 15:10:56", "seriesname": "g201_dbwxvh6", "file": "/media/jbrogan4/scratch2/Reddit_Prov_Dataset_v5/_Margot_Robbie_excited_at_a_hockey_game/g201_dbwxvh6.png", "URL": "http://i.imgur.com/gznPyNP.png", "fileid": "g201_dbwxvh6.png"}, {"id": "g201_root", "comment": "", "date": "2017-01-02 13:15:54", "seriesname": "g201_root", "file": "/media/jbrogan4/scratch2/Reddit_Prov_Dataset_v5/_Margot_Robbie_excited_at_a_hockey_game/g201_root.jpg", "URL": "http://imgur.com/LqSmnWY.jpg", "fileid": "g201_root.jpg"}], "graph": {"name": "g201_root"}, "directed": true}