{"links": [{"op": "none", "target": 0, "source": 44}, {"op": "none", "target": 1, "source": 42}, {"op": "none", "target": 2, "source": 44}, {"op": "none", "target": 3, "source": 27}, {"op": "none", "target": 4, "source": 44}, {"op": "none", "target": 5, "source": 44}, {"op": "none", "target": 6, "source": 44}, {"op": "none", "target": 7, "source": 44}, {"op": "none", "target": 8, "source": 44}, {"op": "none", "target": 9, "source": 11}, {"op": "none", "target": 10, "source": 44}, {"op": "none", "target": 11, "source": 44}, {"op": "none", "target": 12, "source": 18}, {"op": "none", "target": 13, "source": 44}, {"op": "none", "target": 14, "source": 44}, {"op": "none", "target": 15, "source": 44}, {"op": "none", "target": 16, "source": 44}, {"op": "none", "target": 17, "source": 44}, {"op": "none", "target": 18, "source": 44}, {"op": "none", "target": 19, "source": 44}, {"op": "none", "target": 20, "source": 44}, {"op": "none", "target": 21, "source": 44}, {"op": "none", "target": 22, "source": 44}, {"op": "none", "target": 23, "source": 44}, {"op": "none", "target": 24, "source": 17}, {"op": "none", "target": 25, "source": 44}, {"op": "none", "target": 26, "source": 44}, {"op": "none", "target": 27, "source": 44}, {"op": "none", "target": 28, "source": 5}, {"op": "none", "target": 29, "source": 44}, {"op": "none", "target": 30, "source": 20}, {"op": "none", "target": 31, "source": 44}, {"op": "none", "target": 32, "source": 44}, {"op": "none", "target": 33, "source": 44}, {"op": "none", "target": 34, "source": 44}, {"op": "none", "target": 35, "source": 44}, {"op": "none", "target": 36, "source": 44}, {"op": "none", "target": 37, "source": 44}, {"op": "none", "target": 38, "source": 44}, {"op": "none", "target": 39, "source": 44}, {"op": "none", "target": 40, "source": 44}, {"op": "none", "target": 41, "source": 15}, {"op": "none", "target": 42, "source": 44}, {"op": "none", "target": 43, "source": 15}], "title": "_2016_Olympic_Ping_Pong", "nodes": [{"id": "g202_d6jswpm", "comment": "http://i.imgur.com/1jAWDj0.png", "date": "2016-08-16 11:39:28", "seriesname": "g202_d6jswpm", "file": "/media/jbrogan4/scratch2/Reddit_Prov_Dataset_v5/_2016_Olympic_Ping_Pong/g202_d6jswpm.png", "URL": "http://i.imgur.com/1jAWDj0.png", "fileid": "g202_d6jswpm.png"}, {"id": "g202_d6k382f", "comment": "Yeah, I didn't even know [Trump was competing in the Olympics](http://i.imgur.com/g2KrW3r.jpg)!", "date": "2016-08-16 15:10:57", "seriesname": "g202_d6k382f", "file": "/media/jbrogan4/scratch2/Reddit_Prov_Dataset_v5/_2016_Olympic_Ping_Pong/g202_d6k382f.jpg", "URL": "http://i.imgur.com/g2KrW3r.jpg)!", "fileid": "g202_d6k382f.jpg!"}, {"id": "g202_d6jy7y2", "comment": "[FTFY](http://m.imgur.com/Qaz6FJw)", "date": "2016-08-16 13:30:01", "seriesname": "g202_d6jy7y2", "file": "/media/jbrogan4/scratch2/Reddit_Prov_Dataset_v5/_2016_Olympic_Ping_Pong/g202_d6jy7y2.png", "URL": "http://i.imgur.com/Qaz6FJw.png", "fileid": "g202_d6jy7y2.png"}, {"id": "g202_d6k1fze", "comment": "http://i.imgur.com/aQK88vn.gif", "date": "2016-08-16 14:34:52", "seriesname": "g202_d6k1fze", "file": "/media/jbrogan4/scratch2/Reddit_Prov_Dataset_v5/_2016_Olympic_Ping_Pong/g202_d6k1fze.jpg", "URL": "http://i.imgur.com/aQK88vn.gif", "fileid": "g202_d6k1fze.gif"}, {"id": "g202_d6k8ppf", "comment": "http://i.imgur.com/fBjFXpi.jpg", "date": "2016-08-16 17:05:32", "seriesname": "g202_d6k8ppf", "file": "/media/jbrogan4/scratch2/Reddit_Prov_Dataset_v5/_2016_Olympic_Ping_Pong/g202_d6k8ppf.jpg", "URL": "http://i.imgur.com/fBjFXpi.jpg", "fileid": "g202_d6k8ppf.jpg"}, {"id": "g202_d6jvlgx", "comment": "[Dafuq](http://i.imgur.com/7igaFU9.jpg) ", "date": "2016-08-16 12:36:08", "seriesname": "g202_d6jvlgx", "file": "/media/jbrogan4/scratch2/Reddit_Prov_Dataset_v5/_2016_Olympic_Ping_Pong/g202_d6jvlgx.jpg", "URL": "http://i.imgur.com/7igaFU9.jpg", "fileid": "g202_d6jvlgx.jpg"}, {"id": "g202_d6k14bs", "comment": "[Nerves of steel](http://i.imgur.com/9SwBuNO.jpg)", "date": "2016-08-16 14:28:15", "seriesname": "g202_d6k14bs", "file": "/media/jbrogan4/scratch2/Reddit_Prov_Dataset_v5/_2016_Olympic_Ping_Pong/g202_d6k14bs.jpg", "URL": "http://i.imgur.com/9SwBuNO.jpg", "fileid": "g202_d6k14bs.jpg"}, {"id": "g202_d6k0sbm", "comment": "[Warcraft anyone...?](http://i.imgur.com/E5p1kGK.jpg)", "date": "2016-08-16 14:21:37", "seriesname": "g202_d6k0sbm", "file": "/media/jbrogan4/scratch2/Reddit_Prov_Dataset_v5/_2016_Olympic_Ping_Pong/g202_d6k0sbm.jpg", "URL": "http://i.imgur.com/E5p1kGK.jpg", "fileid": "g202_d6k0sbm.jpg"}, {"id": "g202_d6jt800", "comment": "[Olympic Grump](http://i.imgur.com/ce0Rfsz.jpg)", "date": "2016-08-16 11:46:09", "seriesname": "g202_d6jt800", "file": "/media/jbrogan4/scratch2/Reddit_Prov_Dataset_v5/_2016_Olympic_Ping_Pong/g202_d6jt800.jpg", "URL": "http://i.imgur.com/ce0Rfsz.jpg", "fileid": "g202_d6jt800.jpg"}, {"id": "g202_d6jzg5k", "comment": "[FTFY](http://i.imgur.com/i2ORzcI.jpg)", "date": "2016-08-16 13:55:02", "seriesname": "g202_d6jzg5k", "file": "/media/jbrogan4/scratch2/Reddit_Prov_Dataset_v5/_2016_Olympic_Ping_Pong/g202_d6jzg5k.jpg", "URL": "http://i.imgur.com/i2ORzcI.jpg", "fileid": "g202_d6jzg5k.jpg"}, {"id": "g202_d6jy7ue", "comment": "[Sexy](http://imgur.com/ByCqRaD)", "date": "2016-08-16 13:29:58", "seriesname": "g202_d6jy7ue", "file": "/media/jbrogan4/scratch2/Reddit_Prov_Dataset_v5/_2016_Olympic_Ping_Pong/g202_d6jy7ue.png", "URL": "http://i.imgur.com/ByCqRaD.png", "fileid": "g202_d6jy7ue.png"}, {"id": "g202_d6jrvtp", "comment": "[It had to be done](http://i.imgur.com/7RIyBxF.jpg)", "date": "2016-08-16 11:17:28", "seriesname": "g202_d6jrvtp", "file": "/media/jbrogan4/scratch2/Reddit_Prov_Dataset_v5/_2016_Olympic_Ping_Pong/g202_d6jrvtp.jpg", "URL": "http://i.imgur.com/7RIyBxF.jpg", "fileid": "g202_d6jrvtp.jpg"}, {"id": "g202_d6juw6i", "comment": "http://i.imgur.com/SpC3BXK.jpg", "date": "2016-08-16 12:21:28", "seriesname": "g202_d6juw6i", "file": "/media/jbrogan4/scratch2/Reddit_Prov_Dataset_v5/_2016_Olympic_Ping_Pong/g202_d6juw6i.jpg", "URL": "http://i.imgur.com/SpC3BXK.jpg", "fileid": "g202_d6juw6i.jpg"}, {"id": "g202_d6kc7qu", "comment": " http://i.imgur.com/MUSbCRE.jpg ", "date": "2016-08-16 18:26:02", "seriesname": "g202_d6kc7qu", "file": "/media/jbrogan4/scratch2/Reddit_Prov_Dataset_v5/_2016_Olympic_Ping_Pong/g202_d6kc7qu.jpg", "URL": "http://i.imgur.com/MUSbCRE.jpg", "fileid": "g202_d6kc7qu.jpg"}, {"id": "g202_d6kiam5", "comment": "That mouth, that neck, reminds me of someone... http://imgur.com/YV6XKPQ\n", "date": "2016-08-16 20:54:28", "seriesname": "g202_d6kiam5", "file": "/media/jbrogan4/scratch2/Reddit_Prov_Dataset_v5/_2016_Olympic_Ping_Pong/g202_d6kiam5.png", "URL": "http://i.imgur.com/YV6XKPQ.png", "fileid": "g202_d6kiam5.png"}, {"id": "g202_d6jtz7z", "comment": "[Juggling Skilz](http://i.imgur.com/7RDZxGd.jpg)", "date": "2016-08-16 12:02:03", "seriesname": "g202_d6jtz7z", "file": "/media/jbrogan4/scratch2/Reddit_Prov_Dataset_v5/_2016_Olympic_Ping_Pong/g202_d6jtz7z.jpg", "URL": "http://i.imgur.com/7RDZxGd.jpg", "fileid": "g202_d6jtz7z.jpg"}, {"id": "g202_d6js5x0", "comment": "[Jabba the Ping-Pong Player](http://i.imgur.com/GQrjjDs.jpg)", "date": "2016-08-16 11:23:31", "seriesname": "g202_d6js5x0", "file": "/media/jbrogan4/scratch2/Reddit_Prov_Dataset_v5/_2016_Olympic_Ping_Pong/g202_d6js5x0.jpg", "URL": "http://i.imgur.com/GQrjjDs.jpg", "fileid": "g202_d6js5x0.jpg"}, {"id": "g202_d6jrn1y", "comment": "http://i.imgur.com/9lV9omp.png", "date": "2016-08-16 11:12:12", "seriesname": "g202_d6jrn1y", "file": "/media/jbrogan4/scratch2/Reddit_Prov_Dataset_v5/_2016_Olympic_Ping_Pong/g202_d6jrn1y.png", "URL": "http://i.imgur.com/9lV9omp.png", "fileid": "g202_d6jrn1y.png"}, {"id": "g202_d6jsx73", "comment": "[Chestburster](http://i.imgur.com/a5ro2iz.jpg) \n[NSFW]", "date": "2016-08-16 11:39:46", "seriesname": "g202_d6jsx73", "file": "/media/jbrogan4/scratch2/Reddit_Prov_Dataset_v5/_2016_Olympic_Ping_Pong/g202_d6jsx73.jpg", "URL": "http://i.imgur.com/a5ro2iz.jpg", "fileid": "g202_d6jsx73.jpg"}, {"id": "g202_d6jtdpe", "comment": "[Whoopsadaisy](http://i.imgur.com/Ja2u0mB.jpg)", "date": "2016-08-16 11:49:33", "seriesname": "g202_d6jtdpe", "file": "/media/jbrogan4/scratch2/Reddit_Prov_Dataset_v5/_2016_Olympic_Ping_Pong/g202_d6jtdpe.jpg", "URL": "http://i.imgur.com/Ja2u0mB.jpg", "fileid": "g202_d6jtdpe.jpg"}, {"id": "g202_d6jsiyi", "comment": "[\"Go, my son...\"](http://i.imgur.com/xCfhLZm.png)", "date": "2016-08-16 11:31:22", "seriesname": "g202_d6jsiyi", "file": "/media/jbrogan4/scratch2/Reddit_Prov_Dataset_v5/_2016_Olympic_Ping_Pong/g202_d6jsiyi.png", "URL": "http://i.imgur.com/xCfhLZm.png", "fileid": "g202_d6jsiyi.png"}, {"id": "g202_d6jsy8y", "comment": "[Breakfast of Champions](http://i.imgur.com/97Hc8Sj.jpg)\n\n*[Creation gif](http://i.imgur.com/MmLsYxH.gifv)*", "date": "2016-08-16 11:40:24", "seriesname": "g202_d6jsy8y", "file": "/media/jbrogan4/scratch2/Reddit_Prov_Dataset_v5/_2016_Olympic_Ping_Pong/g202_d6jsy8y.jpg", "URL": "http://i.imgur.com/97Hc8Sj.jpg", "fileid": "g202_d6jsy8y.jpg"}, {"id": "g202_d6jz8ck", "comment": "not very original.. BUT STILL FUNNY \nhttp://i.imgur.com/QmJDrpb.jpg", "date": "2016-08-16 13:50:49", "seriesname": "g202_d6jz8ck", "file": "/media/jbrogan4/scratch2/Reddit_Prov_Dataset_v5/_2016_Olympic_Ping_Pong/g202_d6jz8ck.jpg", "URL": "http://i.imgur.com/QmJDrpb.jpg", "fileid": "g202_d6jz8ck.jpg"}, {"id": "g202_d6kc69b", "comment": "[Watermark gone.](http://i.imgur.com/LhHoJJk.png)", "date": "2016-08-16 18:25:00", "seriesname": "g202_d6kc69b", "file": "/media/jbrogan4/scratch2/Reddit_Prov_Dataset_v5/_2016_Olympic_Ping_Pong/g202_d6kc69b.png", "URL": "http://i.imgur.com/LhHoJJk.png", "fileid": "g202_d6kc69b.png"}, {"id": "g202_d6k1ikz", "comment": "http://imgur.com/gallery/bf113CM", "date": "2016-08-16 14:36:21", "seriesname": "g202_d6k1ikz", "file": "/media/jbrogan4/scratch2/Reddit_Prov_Dataset_v5/_2016_Olympic_Ping_Pong/g202_d6k1ikz.png", "URL": "http://i.imgur.com/bf113CM.png", "fileid": "g202_d6k1ikz.png"}, {"id": "g202_d6jxhpk", "comment": "[Sun](https://i.imgur.com/6EVZcCQ.png)", "date": "2016-08-16 13:15:06", "seriesname": "g202_d6jxhpk", "file": "/media/jbrogan4/scratch2/Reddit_Prov_Dataset_v5/_2016_Olympic_Ping_Pong/g202_d6jxhpk.png", "URL": "https://i.imgur.com/6EVZcCQ.png", "fileid": "g202_d6jxhpk.png"}, {"id": "g202_d6jsazd", "comment": "[Not while I'm playing frogger!!](http://i.imgur.com/7dOQGI2.jpg)", "date": "2016-08-16 11:26:37", "seriesname": "g202_d6jsazd", "file": "/media/jbrogan4/scratch2/Reddit_Prov_Dataset_v5/_2016_Olympic_Ping_Pong/g202_d6jsazd.jpg", "URL": "http://i.imgur.com/7dOQGI2.jpg", "fileid": "g202_d6jsazd.jpg"}, {"id": "g202_d6jrvm6", "comment": "http://imgur.com/OrywhrI", "date": "2016-08-16 11:17:20", "seriesname": "g202_d6jrvm6", "file": "/media/jbrogan4/scratch2/Reddit_Prov_Dataset_v5/_2016_Olympic_Ping_Pong/g202_d6jrvm6.png", "URL": "http://i.imgur.com/OrywhrI.png", "fileid": "g202_d6jrvm6.png"}, {"id": "g202_d6jvvmc", "comment": "[Dafuq 2](http://i.imgur.com/uANh7Vi.jpg)", "date": "2016-08-16 12:42:01", "seriesname": "g202_d6jvvmc", "file": "/media/jbrogan4/scratch2/Reddit_Prov_Dataset_v5/_2016_Olympic_Ping_Pong/g202_d6jvvmc.jpg", "URL": "http://i.imgur.com/uANh7Vi.jpg", "fileid": "g202_d6jvvmc.jpg"}, {"id": "g202_d6jw7wo", "comment": "[Dodging the bullets](http://i.imgur.com/497KVqU.png)", "date": "2016-08-16 12:49:07", "seriesname": "g202_d6jw7wo", "file": "/media/jbrogan4/scratch2/Reddit_Prov_Dataset_v5/_2016_Olympic_Ping_Pong/g202_d6jw7wo.png", "URL": "http://i.imgur.com/497KVqU.png", "fileid": "g202_d6jw7wo.png"}, {"id": "g202_d6kb2t7", "comment": "That's awesome man!\n[I went with the more obvious Star Wars reference...](http://i.imgur.com/awyKhpi.png)", "date": "2016-08-16 17:58:53", "seriesname": "g202_d6kb2t7", "file": "/media/jbrogan4/scratch2/Reddit_Prov_Dataset_v5/_2016_Olympic_Ping_Pong/g202_d6kb2t7.png", "URL": "http://i.imgur.com/awyKhpi.png", "fileid": "g202_d6kb2t7.png"}, {"id": "g202_d6jsi6k", "comment": "[You're gonna need a bigger boat. ](http://i.imgur.com/UpfYBvA.jpg)", "date": "2016-08-16 11:30:55", "seriesname": "g202_d6jsi6k", "file": "/media/jbrogan4/scratch2/Reddit_Prov_Dataset_v5/_2016_Olympic_Ping_Pong/g202_d6jsi6k.jpg", "URL": "http://i.imgur.com/UpfYBvA.jpg", "fileid": "g202_d6jsi6k.jpg"}, {"id": "g202_d6k6j0l", "comment": "[blob fish](http://i.imgur.com/OSTd5YZ.jpg)", "date": "2016-08-16 16:19:26", "seriesname": "g202_d6k6j0l", "file": "/media/jbrogan4/scratch2/Reddit_Prov_Dataset_v5/_2016_Olympic_Ping_Pong/g202_d6k6j0l.jpg", "URL": "http://i.imgur.com/OSTd5YZ.jpg", "fileid": "g202_d6k6j0l.jpg"}, {"id": "g202_d6k1a41", "comment": "[Surprised this wasn't done yet](http://i.imgur.com/j1KqySC.png)\n", "date": "2016-08-16 14:31:33", "seriesname": "g202_d6k1a41", "file": "/media/jbrogan4/scratch2/Reddit_Prov_Dataset_v5/_2016_Olympic_Ping_Pong/g202_d6k1a41.png", "URL": "http://i.imgur.com/j1KqySC.png", "fileid": "g202_d6k1a41.png"}, {"id": "g202_d6jynge", "comment": "[trump](https://i.imgur.com/tSl9ecI.jpg) ", "date": "2016-08-16 13:39:01", "seriesname": "g202_d6jynge", "file": "/media/jbrogan4/scratch2/Reddit_Prov_Dataset_v5/_2016_Olympic_Ping_Pong/g202_d6jynge.jpg", "URL": "https://i.imgur.com/tSl9ecI.jpg", "fileid": "g202_d6jynge.jpg"}, {"id": "g202_d6jrx3a", "comment": "[meta](http://imgur.com/7E3F32b.png)", "date": "2016-08-16 11:18:15", "seriesname": "g202_d6jrx3a", "file": "/media/jbrogan4/scratch2/Reddit_Prov_Dataset_v5/_2016_Olympic_Ping_Pong/g202_d6jrx3a.png", "URL": "http://imgur.com/7E3F32b.png", "fileid": "g202_d6jrx3a.png"}, {"id": "g202_d6jv70t", "comment": "[FRIEZA, STOP THIS!!](http://i.imgur.com/mwmvAi2.png)", "date": "2016-08-16 12:27:45", "seriesname": "g202_d6jv70t", "file": "/media/jbrogan4/scratch2/Reddit_Prov_Dataset_v5/_2016_Olympic_Ping_Pong/g202_d6jv70t.png", "URL": "http://i.imgur.com/mwmvAi2.png", "fileid": "g202_d6jv70t.png"}, {"id": "g202_d6juf20", "comment": "[A little dark...](http://i.imgur.com/EG2Myy6.jpg)", "date": "2016-08-16 12:11:27", "seriesname": "g202_d6juf20", "file": "/media/jbrogan4/scratch2/Reddit_Prov_Dataset_v5/_2016_Olympic_Ping_Pong/g202_d6juf20.jpg", "URL": "http://i.imgur.com/EG2Myy6.jpg", "fileid": "g202_d6juf20.jpg"}, {"id": "g202_d6jr2if", "comment": "http://imgur.com/Q9aNkix\n", "date": "2016-08-16 10:59:36", "seriesname": "g202_d6jr2if", "file": "/media/jbrogan4/scratch2/Reddit_Prov_Dataset_v5/_2016_Olympic_Ping_Pong/g202_d6jr2if.png", "URL": "http://i.imgur.com/Q9aNkix.png", "fileid": "g202_d6jr2if.png"}, {"id": "g202_d6jtb9y", "comment": "[Smell my balls](http://i.imgur.com/DM7Ccez.jpg)\n\n&amp;\n\n\n[Animated with SOUND](http://loopnroll.com/p/ocuZ5)\n\n", "date": "2016-08-16 11:48:09", "seriesname": "g202_d6jtb9y", "file": "/media/jbrogan4/scratch2/Reddit_Prov_Dataset_v5/_2016_Olympic_Ping_Pong/g202_d6jtb9y.jpg", "URL": "http://i.imgur.com/DM7Ccez.jpg", "fileid": "g202_d6jtb9y.jpg"}, {"id": "g202_d6k5c4l", "comment": "http://i.imgur.com/gbPU43F.jpg Jabba The Hutt", "date": "2016-08-16 15:54:20", "seriesname": "g202_d6k5c4l", "file": "/media/jbrogan4/scratch2/Reddit_Prov_Dataset_v5/_2016_Olympic_Ping_Pong/g202_d6k5c4l.jpg", "URL": "http://i.imgur.com/gbPU43F.jpg", "fileid": "g202_d6k5c4l.jpg"}, {"id": "g202_d6kh051", "comment": "[Are derivative Photoshops allowed?](https://i.imgur.com/mtofmf8.png)", "date": "2016-08-16 20:22:52", "seriesname": "g202_d6kh051", "file": "/media/jbrogan4/scratch2/Reddit_Prov_Dataset_v5/_2016_Olympic_Ping_Pong/g202_d6kh051.png", "URL": "https://i.imgur.com/mtofmf8.png", "fileid": "g202_d6kh051.png"}, {"id": "g202_d6ju70r", "comment": "[Make America Great Again!](http://i.imgur.com/MiiDyl9.png)", "date": "2016-08-16 12:06:40", "seriesname": "g202_d6ju70r", "file": "/media/jbrogan4/scratch2/Reddit_Prov_Dataset_v5/_2016_Olympic_Ping_Pong/g202_d6ju70r.png", "URL": "http://i.imgur.com/MiiDyl9.png", "fileid": "g202_d6ju70r.png"}, {"id": "g202_d6kg1qb", "comment": "http://i.imgur.com/G1kz7wN.jpg", "date": "2016-08-16 19:59:08", "seriesname": "g202_d6kg1qb", "file": "/media/jbrogan4/scratch2/Reddit_Prov_Dataset_v5/_2016_Olympic_Ping_Pong/g202_d6kg1qb.jpg", "URL": "http://i.imgur.com/G1kz7wN.jpg", "fileid": "g202_d6kg1qb.jpg"}, {"id": "g202_root", "comment": "", "date": "2016-08-16 09:35:09", "seriesname": "g202_root", "file": "/media/jbrogan4/scratch2/Reddit_Prov_Dataset_v5/_2016_Olympic_Ping_Pong/g202_root.jpg", "URL": "https://i.redd.it/1i6mgbqmyqfx.jpg", "fileid": "g202_root.jpg"}], "graph": {"name": "g202_root"}, "directed": true}