{"links": [{"op": "none", "target": 0, "source": 50}, {"op": "none", "target": 1, "source": 50}, {"op": "none", "target": 2, "source": 50}, {"op": "none", "target": 3, "source": 50}, {"op": "none", "target": 4, "source": 50}, {"op": "none", "target": 5, "source": 50}, {"op": "none", "target": 6, "source": 50}, {"op": "none", "target": 7, "source": 50}, {"op": "none", "target": 8, "source": 50}, {"op": "none", "target": 9, "source": 50}, {"op": "none", "target": 10, "source": 50}, {"op": "none", "target": 11, "source": 50}, {"op": "none", "target": 12, "source": 50}, {"op": "none", "target": 13, "source": 50}, {"op": "none", "target": 14, "source": 50}, {"op": "none", "target": 15, "source": 50}, {"op": "none", "target": 16, "source": 50}, {"op": "none", "target": 17, "source": 50}, {"op": "none", "target": 18, "source": 50}, {"op": "none", "target": 19, "source": 50}, {"op": "none", "target": 20, "source": 50}, {"op": "none", "target": 21, "source": 50}, {"op": "none", "target": 22, "source": 50}, {"op": "none", "target": 23, "source": 50}, {"op": "none", "target": 24, "source": 50}, {"op": "none", "target": 25, "source": 50}, {"op": "none", "target": 26, "source": 50}, {"op": "none", "target": 27, "source": 50}, {"op": "none", "target": 28, "source": 50}, {"op": "none", "target": 29, "source": 50}, {"op": "none", "target": 30, "source": 50}, {"op": "none", "target": 31, "source": 50}, {"op": "none", "target": 32, "source": 50}, {"op": "none", "target": 33, "source": 50}, {"op": "none", "target": 34, "source": 50}, {"op": "none", "target": 35, "source": 50}, {"op": "none", "target": 36, "source": 50}, {"op": "none", "target": 37, "source": 50}, {"op": "none", "target": 38, "source": 50}, {"op": "none", "target": 39, "source": 50}, {"op": "none", "target": 40, "source": 50}, {"op": "none", "target": 41, "source": 50}, {"op": "none", "target": 42, "source": 50}, {"op": "none", "target": 43, "source": 50}, {"op": "none", "target": 44, "source": 50}, {"op": "none", "target": 45, "source": 29}, {"op": "none", "target": 46, "source": 50}, {"op": "none", "target": 47, "source": 50}, {"op": "none", "target": 48, "source": 50}, {"op": "none", "target": 49, "source": 50}, {"op": "none", "target": 51, "source": 50}], "title": "_Cat_sitting_in_a_bag_with_a_porthole", "nodes": [{"id": "g203_d9zeko7", "comment": "http://i.imgur.com/riRZx03.jpg", "date": "2016-11-13 23:15:35", "seriesname": "g203_d9zeko7", "file": "/media/jbrogan4/scratch2/Reddit_Prov_Dataset_v5/_Cat_sitting_in_a_bag_with_a_porthole/g203_d9zeko7.jpg", "URL": "http://i.imgur.com/riRZx03.jpg", "fileid": "g203_d9zeko7.jpg"}, {"id": "g203_d9z6jua", "comment": "[Deep dream version](https://i.imgur.com/H1vj16G.jpg)", "date": "2016-11-13 20:01:49", "seriesname": "g203_d9z6jua", "file": "/media/jbrogan4/scratch2/Reddit_Prov_Dataset_v5/_Cat_sitting_in_a_bag_with_a_porthole/g203_d9z6jua.jpg", "URL": "https://i.imgur.com/H1vj16G.jpg", "fileid": "g203_d9z6jua.jpg"}, {"id": "g203_d9zef0j", "comment": "[Cats in space](http://i.imgur.com/0lS9woh.jpg)", "date": "2016-11-13 23:11:41", "seriesname": "g203_d9zef0j", "file": "/media/jbrogan4/scratch2/Reddit_Prov_Dataset_v5/_Cat_sitting_in_a_bag_with_a_porthole/g203_d9zef0j.jpg", "URL": "http://i.imgur.com/0lS9woh.jpg", "fileid": "g203_d9zef0j.jpg"}, {"id": "g203_d9ytwlh", "comment": "[Big Daddy](http://imgur.com/gfHZmBN)", "date": "2016-11-13 15:20:34", "seriesname": "g203_d9ytwlh", "file": "/media/jbrogan4/scratch2/Reddit_Prov_Dataset_v5/_Cat_sitting_in_a_bag_with_a_porthole/g203_d9ytwlh.png", "URL": "http://i.imgur.com/gfHZmBN.png", "fileid": "g203_d9ytwlh.png"}, {"id": "g203_d9z7sj9", "comment": "[Why is she in a ~~washing machine~~ backpack?](http://i.imgur.com/rcjXObi.png)", "date": "2016-11-13 20:32:27", "seriesname": "g203_d9z7sj9", "file": "/media/jbrogan4/scratch2/Reddit_Prov_Dataset_v5/_Cat_sitting_in_a_bag_with_a_porthole/g203_d9z7sj9.png", "URL": "http://i.imgur.com/rcjXObi.png", "fileid": "g203_d9z7sj9.png"}, {"id": "g203_d9yvrg9", "comment": "[Cat in Space](http://imgur.com/LIMjbHH)", "date": "2016-11-13 15:58:37", "seriesname": "g203_d9yvrg9", "file": "/media/jbrogan4/scratch2/Reddit_Prov_Dataset_v5/_Cat_sitting_in_a_bag_with_a_porthole/g203_d9yvrg9.png", "URL": "http://i.imgur.com/LIMjbHH.png", "fileid": "g203_d9yvrg9.png"}, {"id": "g203_d9ywwla", "comment": "[The tables have turned](http://i.imgur.com/v7CIPfv.jpg)", "date": "2016-11-13 16:21:12", "seriesname": "g203_d9ywwla", "file": "/media/jbrogan4/scratch2/Reddit_Prov_Dataset_v5/_Cat_sitting_in_a_bag_with_a_porthole/g203_d9ywwla.jpg", "URL": "http://i.imgur.com/v7CIPfv.jpg", "fileid": "g203_d9ywwla.jpg"}, {"id": "g203_d9z08er", "comment": "[NOT PENNY'S BOAT](http://i.imgur.com/QE1XP4Z.jpg)", "date": "2016-11-13 17:33:53", "seriesname": "g203_d9z08er", "file": "/media/jbrogan4/scratch2/Reddit_Prov_Dataset_v5/_Cat_sitting_in_a_bag_with_a_porthole/g203_d9z08er.jpg", "URL": "http://i.imgur.com/QE1XP4Z.jpg", "fileid": "g203_d9z08er.jpg"}, {"id": "g203_d9yup7c", "comment": "[James Cat-eron, raising the bar.] (http://i.imgur.com/imlVHkk.jpg)", "date": "2016-11-13 15:36:43", "seriesname": "g203_d9yup7c", "file": "/media/jbrogan4/scratch2/Reddit_Prov_Dataset_v5/_Cat_sitting_in_a_bag_with_a_porthole/g203_d9yup7c.jpg", "URL": "http://i.imgur.com/imlVHkk.jpg", "fileid": "g203_d9yup7c.jpg"}, {"id": "g203_d9yys3g", "comment": "[More common pet you'll find in an enclosure that shape](http://i.imgur.com/PnwXhUo.jpg)", "date": "2016-11-13 17:01:28", "seriesname": "g203_d9yys3g", "file": "/media/jbrogan4/scratch2/Reddit_Prov_Dataset_v5/_Cat_sitting_in_a_bag_with_a_porthole/g203_d9yys3g.jpg", "URL": "http://i.imgur.com/PnwXhUo.jpg", "fileid": "g203_d9yys3g.jpg"}, {"id": "g203_d9zct5y", "comment": "&gt;Better keep that under your hat.\n\n[This hat?](https://bdn-data.s3.amazonaws.com/blogs.dir/121/files/2016/04/71KpvfCqQzL._UL1500_.jpg)", "date": "2016-11-13 22:32:01", "seriesname": "g203_d9zct5y", "file": "/media/jbrogan4/scratch2/Reddit_Prov_Dataset_v5/_Cat_sitting_in_a_bag_with_a_porthole/g203_d9zct5y.jpg", "URL": "https://bdn-data.s3.amazonaws.com/blogs.dir/121/files/2016/04/71KpvfCqQzL._UL1500_.jpg", "fileid": "g203_d9zct5y.jpg"}, {"id": "g203_d9z9xv8", "comment": "[Willy Wonka](http://i.imgur.com/SXzAmQB.jpg)", "date": "2016-11-13 21:24:18", "seriesname": "g203_d9z9xv8", "file": "/media/jbrogan4/scratch2/Reddit_Prov_Dataset_v5/_Cat_sitting_in_a_bag_with_a_porthole/g203_d9z9xv8.jpg", "URL": "http://i.imgur.com/SXzAmQB.jpg", "fileid": "g203_d9z9xv8.jpg"}, {"id": "g203_d9z8r9w", "comment": "http://i.imgur.com/E00nl.gif", "date": "2016-11-13 20:55:50", "seriesname": "g203_d9z8r9w", "file": "/media/jbrogan4/scratch2/Reddit_Prov_Dataset_v5/_Cat_sitting_in_a_bag_with_a_porthole/g203_d9z8r9w.jpg", "URL": "http://i.imgur.com/E00nl.gif", "fileid": "g203_d9z8r9w.gif"}, {"id": "g203_d9z3ut8", "comment": "[K(at)rang](https://i.imgur.com/AUGbVEY.jpg)", "date": "2016-11-13 18:58:20", "seriesname": "g203_d9z3ut8", "file": "/media/jbrogan4/scratch2/Reddit_Prov_Dataset_v5/_Cat_sitting_in_a_bag_with_a_porthole/g203_d9z3ut8.jpg", "URL": "https://i.imgur.com/AUGbVEY.jpg", "fileid": "g203_d9z3ut8.jpg"}, {"id": "g203_da02chw", "comment": "[Not really sure about a good title](http://imgur.com/NRkKvyt)", "date": "2016-11-14 12:58:49", "seriesname": "g203_da02chw", "file": "/media/jbrogan4/scratch2/Reddit_Prov_Dataset_v5/_Cat_sitting_in_a_bag_with_a_porthole/g203_da02chw.png", "URL": "http://i.imgur.com/NRkKvyt.png", "fileid": "g203_da02chw.png"}, {"id": "g203_da0hgkc", "comment": "[2 da moon!](http://i.imgur.com/LR1TJqa.png)", "date": "2016-11-14 18:07:39", "seriesname": "g203_da0hgkc", "file": "/media/jbrogan4/scratch2/Reddit_Prov_Dataset_v5/_Cat_sitting_in_a_bag_with_a_porthole/g203_da0hgkc.png", "URL": "http://i.imgur.com/LR1TJqa.png", "fileid": "g203_da0hgkc.png"}, {"id": "g203_d9z0fzv", "comment": "[Catonaut](http://i.imgur.com/oJw7uS1.jpg)", "date": "2016-11-13 17:38:52", "seriesname": "g203_d9z0fzv", "file": "/media/jbrogan4/scratch2/Reddit_Prov_Dataset_v5/_Cat_sitting_in_a_bag_with_a_porthole/g203_d9z0fzv.jpg", "URL": "http://i.imgur.com/oJw7uS1.jpg", "fileid": "g203_d9z0fzv.jpg"}, {"id": "g203_d9yx9xb", "comment": "[The Fifth Beatle](http://i.imgur.com/jGqozMG.jpg)\n\n\n\n&amp;\n\n[Animated with Music ](http://loopnroll.com/p/UbirV)\n\n", "date": "2016-11-13 16:29:08", "seriesname": "g203_d9yx9xb", "file": "/media/jbrogan4/scratch2/Reddit_Prov_Dataset_v5/_Cat_sitting_in_a_bag_with_a_porthole/g203_d9yx9xb.jpg", "URL": "http://i.imgur.com/jGqozMG.jpg", "fileid": "g203_d9yx9xb.jpg"}, {"id": "g203_d9z4k77", "comment": "[That's right... grab her by the pussy....](http://i.imgur.com/C9tYDBm.jpg)", "date": "2016-11-13 19:15:08", "seriesname": "g203_d9z4k77", "file": "/media/jbrogan4/scratch2/Reddit_Prov_Dataset_v5/_Cat_sitting_in_a_bag_with_a_porthole/g203_d9z4k77.jpg", "URL": "http://i.imgur.com/C9tYDBm.jpg", "fileid": "g203_d9z4k77.jpg"}, {"id": "g203_d9yuwtu", "comment": "[Bring him home](http://i.imgur.com/CYHsvze.jpg)", "date": "2016-11-13 15:41:08", "seriesname": "g203_d9yuwtu", "file": "/media/jbrogan4/scratch2/Reddit_Prov_Dataset_v5/_Cat_sitting_in_a_bag_with_a_porthole/g203_d9yuwtu.jpg", "URL": "http://i.imgur.com/CYHsvze.jpg", "fileid": "g203_d9yuwtu.jpg"}, {"id": "g203_d9z08re", "comment": "[Backless backpack](http://i.imgur.com/DLs0PKu.jpg)", "date": "2016-11-13 17:34:08", "seriesname": "g203_d9z08re", "file": "/media/jbrogan4/scratch2/Reddit_Prov_Dataset_v5/_Cat_sitting_in_a_bag_with_a_porthole/g203_d9z08re.jpg", "URL": "http://i.imgur.com/DLs0PKu.jpg", "fileid": "g203_d9z08re.jpg"}, {"id": "g203_d9ympn7", "comment": "[First thing that came to mind...](http://i.imgur.com/vAZe1Yh.jpg)", "date": "2016-11-13 12:45:58", "seriesname": "g203_d9ympn7", "file": "/media/jbrogan4/scratch2/Reddit_Prov_Dataset_v5/_Cat_sitting_in_a_bag_with_a_porthole/g203_d9ympn7.jpg", "URL": "http://i.imgur.com/vAZe1Yh.jpg", "fileid": "g203_d9ympn7.jpg"}, {"id": "g203_d9znt7a", "comment": "[Say my name...](http://i.imgur.com/ilC8eGf.jpg) ", "date": "2016-11-14 05:47:23", "seriesname": "g203_d9znt7a", "file": "/media/jbrogan4/scratch2/Reddit_Prov_Dataset_v5/_Cat_sitting_in_a_bag_with_a_porthole/g203_d9znt7a.jpg", "URL": "http://i.imgur.com/ilC8eGf.jpg", "fileid": "g203_d9znt7a.jpg"}, {"id": "g203_d9z7665", "comment": "[Unmanned Exploration Vessel](http://i.imgur.com/v9ROxWS.jpg)", "date": "2016-11-13 20:17:09", "seriesname": "g203_d9z7665", "file": "/media/jbrogan4/scratch2/Reddit_Prov_Dataset_v5/_Cat_sitting_in_a_bag_with_a_porthole/g203_d9z7665.jpg", "URL": "http://i.imgur.com/v9ROxWS.jpg", "fileid": "g203_d9z7665.jpg"}, {"id": "g203_d9zdlro", "comment": "[Love Bug CAT MOD](http://i.imgur.com/IRKyKdS.jpg)", "date": "2016-11-13 22:51:32", "seriesname": "g203_d9zdlro", "file": "/media/jbrogan4/scratch2/Reddit_Prov_Dataset_v5/_Cat_sitting_in_a_bag_with_a_porthole/g203_d9zdlro.jpg", "URL": "http://i.imgur.com/IRKyKdS.jpg", "fileid": "g203_d9zdlro.jpg"}, {"id": "g203_da04p3u", "comment": "[The Deep](http://i.imgur.com/Ar8Ebax.jpg)", "date": "2016-11-14 13:46:21", "seriesname": "g203_da04p3u", "file": "/media/jbrogan4/scratch2/Reddit_Prov_Dataset_v5/_Cat_sitting_in_a_bag_with_a_porthole/g203_da04p3u.jpg", "URL": "http://i.imgur.com/Ar8Ebax.jpg", "fileid": "g203_da04p3u.jpg"}, {"id": "g203_d9z9nmk", "comment": "[Back in the spy game](http://i.imgur.com/SRkTE5R.jpg)", "date": "2016-11-13 21:17:31", "seriesname": "g203_d9z9nmk", "file": "/media/jbrogan4/scratch2/Reddit_Prov_Dataset_v5/_Cat_sitting_in_a_bag_with_a_porthole/g203_d9z9nmk.jpg", "URL": "http://i.imgur.com/SRkTE5R.jpg", "fileid": "g203_d9z9nmk.jpg"}, {"id": "g203_d9yu641", "comment": "[It puts the lotion on the fur](http://i.imgur.com/b1zFypw.jpg)", "date": "2016-11-13 15:25:57", "seriesname": "g203_d9yu641", "file": "/media/jbrogan4/scratch2/Reddit_Prov_Dataset_v5/_Cat_sitting_in_a_bag_with_a_porthole/g203_d9yu641.jpg", "URL": "http://i.imgur.com/b1zFypw.jpg", "fileid": "g203_d9yu641.jpg"}, {"id": "g203_d9ytqtr", "comment": "[Kitty was my slave name, you can call me fireball because my armor is yellow and impenetrable.] (http://i.imgur.com/euxM5n4.png)", "date": "2016-11-13 15:17:12", "seriesname": "g203_d9ytqtr", "file": "/media/jbrogan4/scratch2/Reddit_Prov_Dataset_v5/_Cat_sitting_in_a_bag_with_a_porthole/g203_d9ytqtr.png", "URL": "http://i.imgur.com/euxM5n4.png", "fileid": "g203_d9ytqtr.png"}, {"id": "g203_d9yueb7", "comment": "2 ideas came to mind...\n\n[Number One!](http://imgur.com/x3wlKIt)\n\n[Number Two!](http://imgur.com/C8lpyWD)\n\nEdit: fixed in order to reduce fatality rate of mobile user fingers.", "date": "2016-11-13 15:30:36", "seriesname": "g203_d9yueb7", "file": "/media/jbrogan4/scratch2/Reddit_Prov_Dataset_v5/_Cat_sitting_in_a_bag_with_a_porthole/g203_d9yueb7.png", "URL": "http://i.imgur.com/C8lpyWD.png", "fileid": "g203_d9yueb7.png"}, {"id": "g203_d9yzds5", "comment": "[First ever attempt](https://i.imgur.com/bRYhsbw.jpg).\n\n\nedit: if anyone was wondering, I used the penguin from [here](https://www.reddit.com/r/photoshopbattles/comments/5cqcsy/psbattle_penguin_in_a_wetsuit/)", "date": "2016-11-13 17:14:35", "seriesname": "g203_d9yzds5", "file": "/media/jbrogan4/scratch2/Reddit_Prov_Dataset_v5/_Cat_sitting_in_a_bag_with_a_porthole/g203_d9yzds5.jpg", "URL": "https://i.imgur.com/bRYhsbw.jpg).", "fileid": "g203_d9yzds5."}, {"id": "g203_d9z1xfj", "comment": "[Tatata bala tu!](http://imgur.com/OSVK7x9)", "date": "2016-11-13 18:13:23", "seriesname": "g203_d9z1xfj", "file": "/media/jbrogan4/scratch2/Reddit_Prov_Dataset_v5/_Cat_sitting_in_a_bag_with_a_porthole/g203_d9z1xfj.png", "URL": "http://i.imgur.com/OSVK7x9.png", "fileid": "g203_d9z1xfj.png"}, {"id": "g203_d9zkz9l", "comment": "http://i.imgur.com/xOCDvkG.jpg", "date": "2016-11-14 03:02:04", "seriesname": "g203_d9zkz9l", "file": "/media/jbrogan4/scratch2/Reddit_Prov_Dataset_v5/_Cat_sitting_in_a_bag_with_a_porthole/g203_d9zkz9l.jpg", "URL": "http://i.imgur.com/xOCDvkG.jpg", "fileid": "g203_d9zkz9l.jpg"}, {"id": "g203_d9yz98b", "comment": "[dolphin and whale](http://i.imgur.com/v0TU2sv.jpg)", "date": "2016-11-13 17:11:49", "seriesname": "g203_d9yz98b", "file": "/media/jbrogan4/scratch2/Reddit_Prov_Dataset_v5/_Cat_sitting_in_a_bag_with_a_porthole/g203_d9yz98b.jpg", "URL": "http://i.imgur.com/v0TU2sv.jpg", "fileid": "g203_d9yz98b.jpg"}, {"id": "g203_d9ysb4w", "comment": "[Tychos](http://i.imgur.com/Wkb83Ku.png)", "date": "2016-11-13 14:45:32", "seriesname": "g203_d9ysb4w", "file": "/media/jbrogan4/scratch2/Reddit_Prov_Dataset_v5/_Cat_sitting_in_a_bag_with_a_porthole/g203_d9ysb4w.png", "URL": "http://i.imgur.com/Wkb83Ku.png", "fileid": "g203_d9ysb4w.png"}, {"id": "g203_d9z39w3", "comment": "[Open your mind!](http://i.imgur.com/1m3zjKN.jpg)", "date": "2016-11-13 18:44:46", "seriesname": "g203_d9z39w3", "file": "/media/jbrogan4/scratch2/Reddit_Prov_Dataset_v5/_Cat_sitting_in_a_bag_with_a_porthole/g203_d9z39w3.jpg", "URL": "http://i.imgur.com/1m3zjKN.jpg", "fileid": "g203_d9z39w3.jpg"}, {"id": "g203_d9yx3nx", "comment": "[Minion](http://i.imgur.com/eBRL131.jpg)", "date": "2016-11-13 16:25:21", "seriesname": "g203_d9yx3nx", "file": "/media/jbrogan4/scratch2/Reddit_Prov_Dataset_v5/_Cat_sitting_in_a_bag_with_a_porthole/g203_d9yx3nx.jpg", "URL": "http://i.imgur.com/eBRL131.jpg", "fileid": "g203_d9yx3nx.jpg"}, {"id": "g203_d9zjjg0", "comment": "[how we see the cat.](http://imgur.com/W05ImQo) \n\nVs \n\n[how the cat sees us ](http://imgur.com/o5GE7yy) \n\n\n\n\n[bonus how the cat sees us gif](http://imgur.com/gioVEsB) \n\nSorry the gif is kinda sloppy.  Any how enjoy!!", "date": "2016-11-14 01:54:42", "seriesname": "g203_d9zjjg0", "file": "/media/jbrogan4/scratch2/Reddit_Prov_Dataset_v5/_Cat_sitting_in_a_bag_with_a_porthole/g203_d9zjjg0.png", "URL": "http://i.imgur.com/gioVEsB.png", "fileid": "g203_d9zjjg0.png"}, {"id": "g203_d9ysc8s", "comment": "[spaaaaaace](http://i.imgur.com/OnRGYWg.png)", "date": "2016-11-13 14:46:14", "seriesname": "g203_d9ysc8s", "file": "/media/jbrogan4/scratch2/Reddit_Prov_Dataset_v5/_Cat_sitting_in_a_bag_with_a_porthole/g203_d9ysc8s.png", "URL": "http://i.imgur.com/OnRGYWg.png", "fileid": "g203_d9ysc8s.png"}, {"id": "g203_d9yz892", "comment": "LockedOut :( http://i.imgur.com/KtTQ2X9.jpg", "date": "2016-11-13 17:11:13", "seriesname": "g203_d9yz892", "file": "/media/jbrogan4/scratch2/Reddit_Prov_Dataset_v5/_Cat_sitting_in_a_bag_with_a_porthole/g203_d9yz892.jpg", "URL": "http://i.imgur.com/KtTQ2X9.jpg", "fileid": "g203_d9yz892.jpg"}, {"id": "g203_d9zc0xt", "comment": "[Stray](http://imgur.com/hFZ8CA2)", "date": "2016-11-13 22:13:17", "seriesname": "g203_d9zc0xt", "file": "/media/jbrogan4/scratch2/Reddit_Prov_Dataset_v5/_Cat_sitting_in_a_bag_with_a_porthole/g203_d9zc0xt.png", "URL": "http://i.imgur.com/hFZ8CA2.png", "fileid": "g203_d9zc0xt.png"}, {"id": "g203_d9znd14", "comment": "[It's been a long time](http://i.imgur.com/Q5vKkfV.png)", "date": "2016-11-14 05:19:25", "seriesname": "g203_d9znd14", "file": "/media/jbrogan4/scratch2/Reddit_Prov_Dataset_v5/_Cat_sitting_in_a_bag_with_a_porthole/g203_d9znd14.png", "URL": "http://i.imgur.com/Q5vKkfV.png", "fileid": "g203_d9znd14.png"}, {"id": "g203_d9zvlgz", "comment": "[Bring him home!](http://i.imgur.com/WsGwdH3.jpg)", "date": "2016-11-14 10:34:15", "seriesname": "g203_d9zvlgz", "file": "/media/jbrogan4/scratch2/Reddit_Prov_Dataset_v5/_Cat_sitting_in_a_bag_with_a_porthole/g203_d9zvlgz.jpg", "URL": "http://i.imgur.com/WsGwdH3.jpg", "fileid": "g203_d9zvlgz.jpg"}, {"id": "g203_d9yv4ib", "comment": "[Trapped with Cosby](http://i.imgur.com/6Kkt3kC.jpg)", "date": "2016-11-13 15:45:34", "seriesname": "g203_d9yv4ib", "file": "/media/jbrogan4/scratch2/Reddit_Prov_Dataset_v5/_Cat_sitting_in_a_bag_with_a_porthole/g203_d9yv4ib.jpg", "URL": "http://i.imgur.com/6Kkt3kC.jpg", "fileid": "g203_d9yv4ib.jpg"}, {"id": "g203_d9z2ga9", "comment": "[Catiraptor](http://i.imgur.com/IsZcmVO.jpg) ", "date": "2016-11-13 18:25:32", "seriesname": "g203_d9z2ga9", "file": "/media/jbrogan4/scratch2/Reddit_Prov_Dataset_v5/_Cat_sitting_in_a_bag_with_a_porthole/g203_d9z2ga9.jpg", "URL": "http://i.imgur.com/IsZcmVO.jpg", "fileid": "g203_d9z2ga9.jpg"}, {"id": "g203_d9z0s6a", "comment": "My links to the pictures used to be like this:\n\n[1](http://imgur.com/x3wlKIt)\n\n[2](http://imgur.com/C8lpyWD)\n\nThe links were pretty hard to click on if you were on mobile (actually it isn't much easier on PC now that I look at it).", "date": "2016-11-13 17:46:46", "seriesname": "g203_d9z0s6a", "file": "/media/jbrogan4/scratch2/Reddit_Prov_Dataset_v5/_Cat_sitting_in_a_bag_with_a_porthole/g203_d9z0s6a.png", "URL": "http://i.imgur.com/C8lpyWD.png", "fileid": "g203_d9z0s6a.png"}, {"id": "g203_d9zkvob", "comment": "[Porthole Pepper](http://i.imgur.com/nfYLYY2.jpg)", "date": "2016-11-14 02:57:05", "seriesname": "g203_d9zkvob", "file": "/media/jbrogan4/scratch2/Reddit_Prov_Dataset_v5/_Cat_sitting_in_a_bag_with_a_porthole/g203_d9zkvob.jpg", "URL": "http://i.imgur.com/nfYLYY2.jpg", "fileid": "g203_d9zkvob.jpg"}, {"id": "g203_d9z28gn", "comment": "[One giant leap...](http://i.imgur.com/MNMY8tA.jpg)", "date": "2016-11-13 18:20:28", "seriesname": "g203_d9z28gn", "file": "/media/jbrogan4/scratch2/Reddit_Prov_Dataset_v5/_Cat_sitting_in_a_bag_with_a_porthole/g203_d9z28gn.jpg", "URL": "http://i.imgur.com/MNMY8tA.jpg", "fileid": "g203_d9z28gn.jpg"}, {"id": "g203_d9zebm4", "comment": "[First cat on the moon](http://i.imgur.com/bsqHeh6.jpg)", "date": "2016-11-13 23:09:18", "seriesname": "g203_d9zebm4", "file": "/media/jbrogan4/scratch2/Reddit_Prov_Dataset_v5/_Cat_sitting_in_a_bag_with_a_porthole/g203_d9zebm4.jpg", "URL": "http://i.imgur.com/bsqHeh6.jpg", "fileid": "g203_d9zebm4.jpg"}, {"id": "g203_d9z2fis", "comment": "A little late to the party but I had to put a [Power Ranger](http://imgur.com/Xab4gM7) twist on things.", "date": "2016-11-13 18:25:02", "seriesname": "g203_d9z2fis", "file": "/media/jbrogan4/scratch2/Reddit_Prov_Dataset_v5/_Cat_sitting_in_a_bag_with_a_porthole/g203_d9z2fis.png", "URL": "http://i.imgur.com/Xab4gM7.png", "fileid": "g203_d9z2fis.png"}, {"id": "g203_root", "comment": "", "date": "2016-11-13 11:30:57", "seriesname": "g203_root", "file": "/media/jbrogan4/scratch2/Reddit_Prov_Dataset_v5/_Cat_sitting_in_a_bag_with_a_porthole/g203_root.jpg", "URL": "http://i.imgur.com/Pqhv8DM.jpg", "fileid": "g203_root.jpg"}, {"id": "g203_d9ysqnq", "comment": "[The ultimate lottery](http://i.imgur.com/0lCKt0i.jpg)", "date": "2016-11-13 14:55:05", "seriesname": "g203_d9ysqnq", "file": "/media/jbrogan4/scratch2/Reddit_Prov_Dataset_v5/_Cat_sitting_in_a_bag_with_a_porthole/g203_d9ysqnq.jpg", "URL": "http://i.imgur.com/0lCKt0i.jpg", "fileid": "g203_d9ysqnq.jpg"}], "graph": {"name": "g203_root"}, "directed": true}