{"links": [{"op": "none", "target": 0, "source": 46}, {"op": "none", "target": 1, "source": 46}, {"op": "none", "target": 2, "source": 46}, {"op": "none", "target": 3, "source": 46}, {"op": "none", "target": 4, "source": 46}, {"op": "none", "target": 5, "source": 46}, {"op": "none", "target": 6, "source": 46}, {"op": "none", "target": 7, "source": 46}, {"op": "none", "target": 8, "source": 46}, {"op": "none", "target": 9, "source": 46}, {"op": "none", "target": 10, "source": 46}, {"op": "none", "target": 11, "source": 46}, {"op": "none", "target": 12, "source": 45}, {"op": "none", "target": 13, "source": 46}, {"op": "none", "target": 14, "source": 46}, {"op": "none", "target": 15, "source": 46}, {"op": "none", "target": 16, "source": 46}, {"op": "none", "target": 17, "source": 46}, {"op": "none", "target": 18, "source": 46}, {"op": "none", "target": 19, "source": 46}, {"op": "none", "target": 20, "source": 46}, {"op": "none", "target": 21, "source": 46}, {"op": "none", "target": 22, "source": 46}, {"op": "none", "target": 23, "source": 46}, {"op": "none", "target": 24, "source": 35}, {"op": "none", "target": 25, "source": 46}, {"op": "none", "target": 26, "source": 46}, {"op": "none", "target": 27, "source": 46}, {"op": "none", "target": 28, "source": 46}, {"op": "none", "target": 29, "source": 46}, {"op": "none", "target": 30, "source": 46}, {"op": "none", "target": 31, "source": 46}, {"op": "none", "target": 32, "source": 46}, {"op": "none", "target": 33, "source": 46}, {"op": "none", "target": 34, "source": 46}, {"op": "none", "target": 35, "source": 45}, {"op": "none", "target": 36, "source": 46}, {"op": "none", "target": 37, "source": 46}, {"op": "none", "target": 38, "source": 46}, {"op": "none", "target": 39, "source": 46}, {"op": "none", "target": 40, "source": 46}, {"op": "none", "target": 41, "source": 46}, {"op": "none", "target": 42, "source": 46}, {"op": "none", "target": 43, "source": 46}, {"op": "none", "target": 44, "source": 46}, {"op": "none", "target": 45, "source": 46}], "title": "_This_beautifully_lined_up_eight_headed_selfie", "nodes": [{"id": "g206_d4yyr1n", "comment": "[Welcome to Art History, please open your text to chapter 1 - The Golden Ratio](http://i.imgur.com/RHxJHz2.jpg)", "date": "2016-07-04 13:06:46", "seriesname": "g206_d4yyr1n", "file": "/media/jbrogan4/scratch2/Reddit_Prov_Dataset_v5/_This_beautifully_lined_up_eight_headed_selfie/g206_d4yyr1n.jpg", "URL": "http://i.imgur.com/RHxJHz2.jpg", "fileid": "g206_d4yyr1n.jpg"}, {"id": "g206_d4yoa0l", "comment": "[The Last Supper](http://i.imgur.com/8yNGvbU.png)", "date": "2016-07-04 07:21:13", "seriesname": "g206_d4yoa0l", "file": "/media/jbrogan4/scratch2/Reddit_Prov_Dataset_v5/_This_beautifully_lined_up_eight_headed_selfie/g206_d4yoa0l.png", "URL": "http://i.imgur.com/8yNGvbU.png", "fileid": "g206_d4yoa0l.png"}, {"id": "g206_d4ypubm", "comment": "[RONALDO](http://imgur.com/YMP2e0y)", "date": "2016-07-04 08:43:45", "seriesname": "g206_d4ypubm", "file": "/media/jbrogan4/scratch2/Reddit_Prov_Dataset_v5/_This_beautifully_lined_up_eight_headed_selfie/g206_d4ypubm.png", "URL": "http://i.imgur.com/YMP2e0y.png", "fileid": "g206_d4ypubm.png"}, {"id": "g206_d4yp5pb", "comment": "[Animorphs Cover](http://i.imgur.com/zNyh6Pa.png) as requested", "date": "2016-07-04 08:10:09", "seriesname": "g206_d4yp5pb", "file": "/media/jbrogan4/scratch2/Reddit_Prov_Dataset_v5/_This_beautifully_lined_up_eight_headed_selfie/g206_d4yp5pb.png", "URL": "http://i.imgur.com/zNyh6Pa.png", "fileid": "g206_d4yp5pb.png"}, {"id": "g206_d4ytah7", "comment": "[Ball Boys](https://imgur.com/qzCtilp) ", "date": "2016-07-04 10:51:23", "seriesname": "g206_d4ytah7", "file": "/media/jbrogan4/scratch2/Reddit_Prov_Dataset_v5/_This_beautifully_lined_up_eight_headed_selfie/g206_d4ytah7.png", "URL": "http://i.imgur.com/qzCtilp.png", "fileid": "g206_d4ytah7.png"}, {"id": "g206_d4yt1eq", "comment": "[trippy](http://i.imgur.com/4mZRsY6.jpg)", "date": "2016-07-04 10:43:43", "seriesname": "g206_d4yt1eq", "file": "/media/jbrogan4/scratch2/Reddit_Prov_Dataset_v5/_This_beautifully_lined_up_eight_headed_selfie/g206_d4yt1eq.jpg", "URL": "http://i.imgur.com/4mZRsY6.jpg", "fileid": "g206_d4yt1eq.jpg"}, {"id": "g206_d4yt30r", "comment": "[headley's Comet](http://i.imgur.com/XmisSuv.jpg)", "date": "2016-07-04 10:45:05", "seriesname": "g206_d4yt30r", "file": "/media/jbrogan4/scratch2/Reddit_Prov_Dataset_v5/_This_beautifully_lined_up_eight_headed_selfie/g206_d4yt30r.jpg", "URL": "http://i.imgur.com/XmisSuv.jpg", "fileid": "g206_d4yt30r.jpg"}, {"id": "g206_d4ynm79", "comment": "\n[Inception - PIC](http://i.imgur.com/PkBLZhF.jpg)\n\n&amp;\n\n[Animation with sound](http://loopnroll.com/p/HK1MW)\n\n\n", "date": "2016-07-04 06:41:18", "seriesname": "g206_d4ynm79", "file": "/media/jbrogan4/scratch2/Reddit_Prov_Dataset_v5/_This_beautifully_lined_up_eight_headed_selfie/g206_d4ynm79.jpg", "URL": "http://i.imgur.com/PkBLZhF.jpg", "fileid": "g206_d4ynm79.jpg"}, {"id": "g206_d4ynjvr", "comment": "[Error: Windows Crashed and needs to Restart](http://i.imgur.com/ftoJrSc.jpg)\n\nEdit: [Extra](http://i.imgur.com/Ma9KFw8.jpg)", "date": "2016-07-04 06:37:17", "seriesname": "g206_d4ynjvr", "file": "/media/jbrogan4/scratch2/Reddit_Prov_Dataset_v5/_This_beautifully_lined_up_eight_headed_selfie/g206_d4ynjvr.jpg", "URL": "http://i.imgur.com/Ma9KFw8.jpg", "fileid": "g206_d4ynjvr.jpg"}, {"id": "g206_d50xfba", "comment": "[Riding the Face of the Wave ](http://i.imgur.com/dWL8RUn.jpg)", "date": "2016-07-05 23:16:34", "seriesname": "g206_d50xfba", "file": "/media/jbrogan4/scratch2/Reddit_Prov_Dataset_v5/_This_beautifully_lined_up_eight_headed_selfie/g206_d50xfba.jpg", "URL": "http://i.imgur.com/dWL8RUn.jpg", "fileid": "g206_d50xfba.jpg"}, {"id": "g206_d4ypduj", "comment": "[Jimbledon](http://i.imgur.com/BKNyOgD.jpg)\nEDIT: gold! thank you incredibly generous anonymous!", "date": "2016-07-04 08:21:43", "seriesname": "g206_d4ypduj", "file": "/media/jbrogan4/scratch2/Reddit_Prov_Dataset_v5/_This_beautifully_lined_up_eight_headed_selfie/g206_d4ypduj.jpg", "URL": "http://i.imgur.com/BKNyOgD.jpg", "fileid": "g206_d4ypduj.jpg"}, {"id": "g206_d4ypke2", "comment": "[Free kick to the head(s)](http://i.imgur.com/VT3wBRE.png)", "date": "2016-07-04 08:30:37", "seriesname": "g206_d4ypke2", "file": "/media/jbrogan4/scratch2/Reddit_Prov_Dataset_v5/_This_beautifully_lined_up_eight_headed_selfie/g206_d4ypke2.png", "URL": "http://i.imgur.com/VT3wBRE.png", "fileid": "g206_d4ypke2.png"}, {"id": "g206_d4yophu", "comment": "[It checks out](http://i.imgur.com/w4Gjosg.jpg)", "date": "2016-07-04 07:45:58", "seriesname": "g206_d4yophu", "file": "/media/jbrogan4/scratch2/Reddit_Prov_Dataset_v5/_This_beautifully_lined_up_eight_headed_selfie/g206_d4yophu.jpg", "URL": "http://i.imgur.com/w4Gjosg.jpg", "fileid": "g206_d4yophu.jpg"}, {"id": "g206_d4ynuf8", "comment": "[Magnifico](http://imgur.com/yo7Qash)", "date": "2016-07-04 06:55:11", "seriesname": "g206_d4ynuf8", "file": "/media/jbrogan4/scratch2/Reddit_Prov_Dataset_v5/_This_beautifully_lined_up_eight_headed_selfie/g206_d4ynuf8.png", "URL": "http://i.imgur.com/yo7Qash.png", "fileid": "g206_d4ynuf8.png"}, {"id": "g206_d4ymhqs", "comment": "[Auditioning for the role of Harry](http://i.imgur.com/NOmNocN.jpg)", "date": "2016-07-04 05:30:43", "seriesname": "g206_d4ymhqs", "file": "/media/jbrogan4/scratch2/Reddit_Prov_Dataset_v5/_This_beautifully_lined_up_eight_headed_selfie/g206_d4ymhqs.jpg", "URL": "http://i.imgur.com/NOmNocN.jpg", "fileid": "g206_d4ymhqs.jpg"}, {"id": "g206_d4z8rtb", "comment": "[I hear it's nice this time of year.](http://i.imgur.com/0UOW9gQ.png)", "date": "2016-07-04 17:18:51", "seriesname": "g206_d4z8rtb", "file": "/media/jbrogan4/scratch2/Reddit_Prov_Dataset_v5/_This_beautifully_lined_up_eight_headed_selfie/g206_d4z8rtb.png", "URL": "http://i.imgur.com/0UOW9gQ.png", "fileid": "g206_d4z8rtb.png"}, {"id": "g206_d4z63sq", "comment": "[Me Myself and I](http://imgur.com/siD4AB7)", "date": "2016-07-04 16:08:43", "seriesname": "g206_d4z63sq", "file": "/media/jbrogan4/scratch2/Reddit_Prov_Dataset_v5/_This_beautifully_lined_up_eight_headed_selfie/g206_d4z63sq.png", "URL": "http://i.imgur.com/siD4AB7.png", "fileid": "g206_d4z63sq.png"}, {"id": "g206_d4ym8hg", "comment": "I tried [this](http://i.imgur.com/cdcJMtP.jpg) for the first time.", "date": "2016-07-04 05:14:46", "seriesname": "g206_d4ym8hg", "file": "/media/jbrogan4/scratch2/Reddit_Prov_Dataset_v5/_This_beautifully_lined_up_eight_headed_selfie/g206_d4ym8hg.jpg", "URL": "http://i.imgur.com/cdcJMtP.jpg", "fileid": "g206_d4ym8hg.jpg"}, {"id": "g206_d4yqgnk", "comment": "[look, a shooting star!](http://i.imgur.com/8URSJ9H.jpg)", "date": "2016-07-04 09:11:08", "seriesname": "g206_d4yqgnk", "file": "/media/jbrogan4/scratch2/Reddit_Prov_Dataset_v5/_This_beautifully_lined_up_eight_headed_selfie/g206_d4yqgnk.jpg", "URL": "http://i.imgur.com/8URSJ9H.jpg", "fileid": "g206_d4yqgnk.jpg"}, {"id": "g206_d4ypf5c", "comment": "http://m.imgur.com/youzTV0", "date": "2016-07-04 08:23:30", "seriesname": "g206_d4ypf5c", "file": "/media/jbrogan4/scratch2/Reddit_Prov_Dataset_v5/_This_beautifully_lined_up_eight_headed_selfie/g206_d4ypf5c.png", "URL": "http://i.imgur.com/youzTV0.png", "fileid": "g206_d4ypf5c.png"}, {"id": "g206_d4yowb7", "comment": "[They all look the same!](https://imgur.com/sWPgkr5)", "date": "2016-07-04 07:56:16", "seriesname": "g206_d4yowb7", "file": "/media/jbrogan4/scratch2/Reddit_Prov_Dataset_v5/_This_beautifully_lined_up_eight_headed_selfie/g206_d4yowb7.png", "URL": "http://i.imgur.com/sWPgkr5.png", "fileid": "g206_d4yowb7.png"}, {"id": "g206_d4yqgrg", "comment": "That's better. https://imgur.com/95NXpok", "date": "2016-07-04 09:11:16", "seriesname": "g206_d4yqgrg", "file": "/media/jbrogan4/scratch2/Reddit_Prov_Dataset_v5/_This_beautifully_lined_up_eight_headed_selfie/g206_d4yqgrg.png", "URL": "http://i.imgur.com/95NXpok.png", "fileid": "g206_d4yqgrg.png"}, {"id": "g206_d4yw5re", "comment": "[*Take me out to the ballgame...*](http://i.imgur.com/OlGKUPd.jpg)", "date": "2016-07-04 12:06:13", "seriesname": "g206_d4yw5re", "file": "/media/jbrogan4/scratch2/Reddit_Prov_Dataset_v5/_This_beautifully_lined_up_eight_headed_selfie/g206_d4yw5re.jpg", "URL": "http://i.imgur.com/OlGKUPd.jpg", "fileid": "g206_d4yw5re.jpg"}, {"id": "g206_d4yxprl", "comment": "[The More You Know!](http://i.imgur.com/GwBq2TS.jpg)\n\n...and now back to my BBQ.", "date": "2016-07-04 12:42:19", "seriesname": "g206_d4yxprl", "file": "/media/jbrogan4/scratch2/Reddit_Prov_Dataset_v5/_This_beautifully_lined_up_eight_headed_selfie/g206_d4yxprl.jpg", "URL": "http://i.imgur.com/GwBq2TS.jpg", "fileid": "g206_d4yxprl.jpg"}, {"id": "g206_d4yzbjd", "comment": "[1024x768](http://i.imgur.com/peRO2k8.jpg)", "date": "2016-07-04 13:20:24", "seriesname": "g206_d4yzbjd", "file": "/media/jbrogan4/scratch2/Reddit_Prov_Dataset_v5/_This_beautifully_lined_up_eight_headed_selfie/g206_d4yzbjd.jpg", "URL": "http://i.imgur.com/peRO2k8.jpg", "fileid": "g206_d4yzbjd.jpg"}, {"id": "g206_d4ypo6o", "comment": "http://imgur.com/57PbPak RAINBOWS", "date": "2016-07-04 08:35:42", "seriesname": "g206_d4ypo6o", "file": "/media/jbrogan4/scratch2/Reddit_Prov_Dataset_v5/_This_beautifully_lined_up_eight_headed_selfie/g206_d4ypo6o.png", "URL": "http://i.imgur.com/57PbPak.png", "fileid": "g206_d4ypo6o.png"}, {"id": "g206_d4yoq1x", "comment": "http://i.imgur.com/j1QZ94W.jpg", "date": "2016-07-04 07:46:49", "seriesname": "g206_d4yoq1x", "file": "/media/jbrogan4/scratch2/Reddit_Prov_Dataset_v5/_This_beautifully_lined_up_eight_headed_selfie/g206_d4yoq1x.jpg", "URL": "http://i.imgur.com/j1QZ94W.jpg", "fileid": "g206_d4yoq1x.jpg"}, {"id": "g206_d4ypl6e", "comment": "[Is this better?](http://i.imgur.com/xI8l2XD.jpg)", "date": "2016-07-04 08:31:41", "seriesname": "g206_d4ypl6e", "file": "/media/jbrogan4/scratch2/Reddit_Prov_Dataset_v5/_This_beautifully_lined_up_eight_headed_selfie/g206_d4ypl6e.jpg", "URL": "http://i.imgur.com/xI8l2XD.jpg", "fileid": "g206_d4ypl6e.jpg"}, {"id": "g206_d4ynps2", "comment": "[Kite](http://i.imgur.com/31jKHGq.jpg)", "date": "2016-07-04 06:47:16", "seriesname": "g206_d4ynps2", "file": "/media/jbrogan4/scratch2/Reddit_Prov_Dataset_v5/_This_beautifully_lined_up_eight_headed_selfie/g206_d4ynps2.jpg", "URL": "http://i.imgur.com/31jKHGq.jpg", "fileid": "g206_d4ynps2.jpg"}, {"id": "g206_d4yrxn2", "comment": "Potters..... http://i.imgur.com/66aOwoZ.jpg ", "date": "2016-07-04 10:07:15", "seriesname": "g206_d4yrxn2", "file": "/media/jbrogan4/scratch2/Reddit_Prov_Dataset_v5/_This_beautifully_lined_up_eight_headed_selfie/g206_d4yrxn2.jpg", "URL": "http://i.imgur.com/66aOwoZ.jpg", "fileid": "g206_d4yrxn2.jpg"}, {"id": "g206_d4yrtcy", "comment": "[I knew I recognized those guys from somewhere](https://i.imgur.com/wJAOWIP.png)", "date": "2016-07-04 10:03:01", "seriesname": "g206_d4yrtcy", "file": "/media/jbrogan4/scratch2/Reddit_Prov_Dataset_v5/_This_beautifully_lined_up_eight_headed_selfie/g206_d4yrtcy.png", "URL": "https://i.imgur.com/wJAOWIP.png", "fileid": "g206_d4yrtcy.png"}, {"id": "g206_d4yrewm", "comment": "[Beginner in Photoshop, be nice...](https://i.imgur.com/QQcSW6B.png)", "date": "2016-07-04 09:48:31", "seriesname": "g206_d4yrewm", "file": "/media/jbrogan4/scratch2/Reddit_Prov_Dataset_v5/_This_beautifully_lined_up_eight_headed_selfie/g206_d4yrewm.png", "URL": "https://i.imgur.com/QQcSW6B.png", "fileid": "g206_d4yrewm.png"}, {"id": "g206_d4yz8hk", "comment": "First time submitting!\n\n[The match they wanted to see](http://i.imgur.com/JXl7nSj.jpg)", "date": "2016-07-04 13:18:21", "seriesname": "g206_d4yz8hk", "file": "/media/jbrogan4/scratch2/Reddit_Prov_Dataset_v5/_This_beautifully_lined_up_eight_headed_selfie/g206_d4yz8hk.jpg", "URL": "http://i.imgur.com/JXl7nSj.jpg", "fileid": "g206_d4yz8hk.jpg"}, {"id": "g206_d4yvy8y", "comment": "They actually took this picture while doing the wave. \nhttp://imgur.com/WeVb4kT", "date": "2016-07-04 12:01:15", "seriesname": "g206_d4yvy8y", "file": "/media/jbrogan4/scratch2/Reddit_Prov_Dataset_v5/_This_beautifully_lined_up_eight_headed_selfie/g206_d4yvy8y.png", "URL": "http://i.imgur.com/WeVb4kT.png", "fileid": "g206_d4yvy8y.png"}, {"id": "g206_d4yw5hv", "comment": "First ever photoshop don't hate\nhttp://i.imgur.com/wuZ1fbA.jpg", "date": "2016-07-04 12:06:01", "seriesname": "g206_d4yw5hv", "file": "/media/jbrogan4/scratch2/Reddit_Prov_Dataset_v5/_This_beautifully_lined_up_eight_headed_selfie/g206_d4yw5hv.jpg", "URL": "http://i.imgur.com/wuZ1fbA.jpg", "fileid": "g206_d4yw5hv.jpg"}, {"id": "g206_d4ypr1y", "comment": "[Went derper](http://i.imgur.com/JFt4Zke.jpg)", "date": "2016-07-04 08:39:28", "seriesname": "g206_d4ypr1y", "file": "/media/jbrogan4/scratch2/Reddit_Prov_Dataset_v5/_This_beautifully_lined_up_eight_headed_selfie/g206_d4ypr1y.jpg", "URL": "http://i.imgur.com/JFt4Zke.jpg", "fileid": "g206_d4ypr1y.jpg"}, {"id": "g206_d4ynxd9", "comment": "[I have no idea what I'm doing.](https://i.imgur.com/loZgxI4.jpg)", "date": "2016-07-04 07:00:11", "seriesname": "g206_d4ynxd9", "file": "/media/jbrogan4/scratch2/Reddit_Prov_Dataset_v5/_This_beautifully_lined_up_eight_headed_selfie/g206_d4ynxd9.jpg", "URL": "https://i.imgur.com/loZgxI4.jpg", "fileid": "g206_d4ynxd9.jpg"}, {"id": "g206_d4yq39u", "comment": "Behind you!\n\n[om nom nom](http://i.imgur.com/1xt5vAP.png)", "date": "2016-07-04 08:55:01", "seriesname": "g206_d4yq39u", "file": "/media/jbrogan4/scratch2/Reddit_Prov_Dataset_v5/_This_beautifully_lined_up_eight_headed_selfie/g206_d4yq39u.png", "URL": "http://i.imgur.com/1xt5vAP.png", "fileid": "g206_d4yq39u.png"}, {"id": "g206_d4z8tex", "comment": "[Our One True God](http://i.imgur.com/OLC4eMQ.png)", "date": "2016-07-04 17:20:01", "seriesname": "g206_d4z8tex", "file": "/media/jbrogan4/scratch2/Reddit_Prov_Dataset_v5/_This_beautifully_lined_up_eight_headed_selfie/g206_d4z8tex.png", "URL": "http://i.imgur.com/OLC4eMQ.png", "fileid": "g206_d4z8tex.png"}, {"id": "g206_d4ym9eg", "comment": "[Newton's Selfie](http://i.imgur.com/aTO1PMc.png) - not sure why", "date": "2016-07-04 05:16:27", "seriesname": "g206_d4ym9eg", "file": "/media/jbrogan4/scratch2/Reddit_Prov_Dataset_v5/_This_beautifully_lined_up_eight_headed_selfie/g206_d4ym9eg.png", "URL": "http://i.imgur.com/aTO1PMc.png", "fileid": "g206_d4ym9eg.png"}, {"id": "g206_d4ysa32", "comment": "[He just loves tennis](http://i.imgur.com/RI8W4Nl.jpg)\n\n&amp;\n\n\n\n[I can be your HERO - Animated with Sound](http://loopnroll.com/p/OezNH)\n\n", "date": "2016-07-04 10:19:11", "seriesname": "g206_d4ysa32", "file": "/media/jbrogan4/scratch2/Reddit_Prov_Dataset_v5/_This_beautifully_lined_up_eight_headed_selfie/g206_d4ysa32.jpg", "URL": "http://i.imgur.com/RI8W4Nl.jpg", "fileid": "g206_d4ysa32.jpg"}, {"id": "g206_d4yp82b", "comment": "[Tribute to the Many-Faced God](http://i.imgur.com/FanL2qz.jpg)", "date": "2016-07-04 08:13:31", "seriesname": "g206_d4yp82b", "file": "/media/jbrogan4/scratch2/Reddit_Prov_Dataset_v5/_This_beautifully_lined_up_eight_headed_selfie/g206_d4yp82b.jpg", "URL": "http://i.imgur.com/FanL2qz.jpg", "fileid": "g206_d4yp82b.jpg"}, {"id": "g206_d53ow85", "comment": "[Reddit fans at a Cardinals game?](http://imgur.com/PpJgm1V) ", "date": "2016-07-07 21:55:09", "seriesname": "g206_d53ow85", "file": "/media/jbrogan4/scratch2/Reddit_Prov_Dataset_v5/_This_beautifully_lined_up_eight_headed_selfie/g206_d53ow85.png", "URL": "http://i.imgur.com/PpJgm1V.png", "fileid": "g206_d53ow85.png"}, {"id": "g206_d4ypr79", "comment": "[Shouldn't you be on court?](http://i.imgur.com/6aE9iKM.png)", "date": "2016-07-04 08:39:40", "seriesname": "g206_d4ypr79", "file": "/media/jbrogan4/scratch2/Reddit_Prov_Dataset_v5/_This_beautifully_lined_up_eight_headed_selfie/g206_d4ypr79.png", "URL": "http://i.imgur.com/6aE9iKM.png", "fileid": "g206_d4ypr79.png"}, {"id": "g206_d4yxlj4", "comment": "Human \"snake\"-tipede\nhttp://imgur.com/K8ydo6V", "date": "2016-07-04 12:39:34", "seriesname": "g206_d4yxlj4", "file": "/media/jbrogan4/scratch2/Reddit_Prov_Dataset_v5/_This_beautifully_lined_up_eight_headed_selfie/g206_d4yxlj4.png", "URL": "http://i.imgur.com/K8ydo6V.png", "fileid": "g206_d4yxlj4.png"}, {"id": "g206_d4yll70", "comment": "http://i.imgur.com/HAZu4xi.jpg", "date": "2016-07-04 04:34:19", "seriesname": "g206_d4yll70", "file": "/media/jbrogan4/scratch2/Reddit_Prov_Dataset_v5/_This_beautifully_lined_up_eight_headed_selfie/g206_d4yll70.jpg", "URL": "http://i.imgur.com/HAZu4xi.jpg", "fileid": "g206_d4yll70.jpg"}, {"id": "g206_root", "comment": "", "date": "2016-07-04 03:20:33", "seriesname": "g206_root", "file": "/media/jbrogan4/scratch2/Reddit_Prov_Dataset_v5/_This_beautifully_lined_up_eight_headed_selfie/g206_root.jpg", "URL": "http://i.imgur.com/zf4KMWV.jpg", "fileid": "g206_root.jpg"}], "graph": {"name": "g206_root"}, "directed": true}