{"links": [{"op": "none", "target": 0, "source": 46}, {"op": "none", "target": 1, "source": 46}, {"op": "none", "target": 2, "source": 16}, {"op": "none", "target": 3, "source": 46}, {"op": "none", "target": 4, "source": 18}, {"op": "none", "target": 5, "source": 46}, {"op": "none", "target": 6, "source": 46}, {"op": "none", "target": 7, "source": 46}, {"op": "none", "target": 8, "source": 46}, {"op": "none", "target": 9, "source": 46}, {"op": "none", "target": 10, "source": 31}, {"op": "none", "target": 11, "source": 46}, {"op": "none", "target": 12, "source": 18}, {"op": "none", "target": 13, "source": 46}, {"op": "none", "target": 14, "source": 46}, {"op": "none", "target": 15, "source": 46}, {"op": "none", "target": 16, "source": 41}, {"op": "none", "target": 17, "source": 46}, {"op": "none", "target": 18, "source": 46}, {"op": "none", "target": 19, "source": 46}, {"op": "none", "target": 20, "source": 46}, {"op": "none", "target": 21, "source": 46}, {"op": "none", "target": 22, "source": 46}, {"op": "none", "target": 23, "source": 25}, {"op": "none", "target": 24, "source": 46}, {"op": "none", "target": 25, "source": 46}, {"op": "none", "target": 26, "source": 46}, {"op": "none", "target": 27, "source": 15}, {"op": "none", "target": 28, "source": 46}, {"op": "none", "target": 29, "source": 46}, {"op": "none", "target": 30, "source": 46}, {"op": "none", "target": 31, "source": 46}, {"op": "none", "target": 32, "source": 46}, {"op": "none", "target": 33, "source": 46}, {"op": "none", "target": 34, "source": 46}, {"op": "none", "target": 35, "source": 46}, {"op": "none", "target": 36, "source": 12}, {"op": "none", "target": 37, "source": 46}, {"op": "none", "target": 38, "source": 46}, {"op": "none", "target": 39, "source": 46}, {"op": "none", "target": 40, "source": 4}, {"op": "none", "target": 41, "source": 46}, {"op": "none", "target": 42, "source": 46}, {"op": "none", "target": 43, "source": 46}, {"op": "none", "target": 44, "source": 46}, {"op": "none", "target": 45, "source": 46}, {"op": "none", "target": 47, "source": 46}, {"op": "none", "target": 48, "source": 46}, {"op": "none", "target": 49, "source": 46}], "title": "_Dodging_a_ball", "nodes": [{"id": "g223_dfkmb5x", "comment": "[You forgot the Jerk glasses!](http://i.imgur.com/4KEsSW3.jpg)", "date": "2017-03-29 15:24:43", "seriesname": "g223_dfkmb5x", "file": "/media/jbrogan4/scratch2/Reddit_Prov_Dataset_v5/_Dodging_a_ball/g223_dfkmb5x.jpg", "URL": "http://i.imgur.com/4KEsSW3.jpg", "fileid": "g223_dfkmb5x.jpg"}, {"id": "g223_dfkzrj1", "comment": "[I heard he still owns the highest score...](http://i.imgur.com/4LD5Q3E.jpg)", "date": "2017-03-29 19:45:33", "seriesname": "g223_dfkzrj1", "file": "/media/jbrogan4/scratch2/Reddit_Prov_Dataset_v5/_Dodging_a_ball/g223_dfkzrj1.jpg", "URL": "http://i.imgur.com/4LD5Q3E.jpg", "fileid": "g223_dfkzrj1.jpg"}, {"id": "g223_dfkjuj7", "comment": "[Completely without glasses](http://imgur.com/jXzgiZa)", "date": "2017-03-29 14:41:48", "seriesname": "g223_dfkjuj7", "file": "/media/jbrogan4/scratch2/Reddit_Prov_Dataset_v5/_Dodging_a_ball/g223_dfkjuj7.png", "URL": "http://i.imgur.com/jXzgiZa.png", "fileid": "g223_dfkjuj7.png"}, {"id": "g223_dfkawv9", "comment": "[frozen](http://i.imgur.com/fYuYZYM.jpg)", "date": "2017-03-29 12:07:00", "seriesname": "g223_dfkawv9", "file": "/media/jbrogan4/scratch2/Reddit_Prov_Dataset_v5/_Dodging_a_ball/g223_dfkawv9.jpg", "URL": "http://i.imgur.com/fYuYZYM.jpg", "fileid": "g223_dfkawv9.jpg"}, {"id": "g223_dfketxj", "comment": "https://s-media-cache-ak0.pinimg.com/564x/5c/69/06/5c6906e113b83add5b0e7621ff0a0004.jpg\nadd him here", "date": "2017-03-29 13:14:36", "seriesname": "g223_dfketxj", "file": "/media/jbrogan4/scratch2/Reddit_Prov_Dataset_v5/_Dodging_a_ball/g223_dfketxj.jpg", "URL": "https://s-media-cache-ak0.pinimg.com/564x/5c/69/06/5c6906e113b83add5b0e7621ff0a0004.jpg", "fileid": "g223_dfketxj.jpg"}, {"id": "g223_dfkfv67", "comment": "[I almost died in 1965!!!](http://imgur.com/Sjo6SxW)", "date": "2017-03-29 13:32:18", "seriesname": "g223_dfkfv67", "file": "/media/jbrogan4/scratch2/Reddit_Prov_Dataset_v5/_Dodging_a_ball/g223_dfkfv67.png", "URL": "http://i.imgur.com/Sjo6SxW.png", "fileid": "g223_dfkfv67.png"}, {"id": "g223_dfkcpfo", "comment": "[About to get hit with a water balloon!](http://imgur.com/KXQwkRm)", "date": "2017-03-29 12:37:45", "seriesname": "g223_dfkcpfo", "file": "/media/jbrogan4/scratch2/Reddit_Prov_Dataset_v5/_Dodging_a_ball/g223_dfkcpfo.png", "URL": "http://i.imgur.com/KXQwkRm.png", "fileid": "g223_dfkcpfo.png"}, {"id": "g223_dfk2fhq", "comment": " MS Paint best photoshop\n[I had to post this on a different reddit sub because imgur is blocked where I am](https://i.redd.it/mw1o64lzkcoy.png)", "date": "2017-03-29 09:21:40", "seriesname": "g223_dfk2fhq", "file": "/media/jbrogan4/scratch2/Reddit_Prov_Dataset_v5/_Dodging_a_ball/g223_dfk2fhq.png", "URL": "https://i.redd.it/mw1o64lzkcoy.png", "fileid": "g223_dfk2fhq.png"}, {"id": "g223_dfkcaqw", "comment": "[How many assholes we got in this gym anyhow?](http://i.imgur.com/bTfo4D7.jpg)", "date": "2017-03-29 12:30:49", "seriesname": "g223_dfkcaqw", "file": "/media/jbrogan4/scratch2/Reddit_Prov_Dataset_v5/_Dodging_a_ball/g223_dfkcaqw.jpg", "URL": "http://i.imgur.com/bTfo4D7.jpg", "fileid": "g223_dfkcaqw.jpg"}, {"id": "g223_dfk5uc0", "comment": "[Darkness falls across the land](http://i.imgur.com/dnjb0vG.jpg)", "date": "2017-03-29 10:34:47", "seriesname": "g223_dfk5uc0", "file": "/media/jbrogan4/scratch2/Reddit_Prov_Dataset_v5/_Dodging_a_ball/g223_dfk5uc0.jpg", "URL": "http://i.imgur.com/dnjb0vG.jpg", "fileid": "g223_dfk5uc0.jpg"}, {"id": "g223_dfk6yan", "comment": "[like this?](http://i.imgur.com/YIDoJ4i.jpg)", "date": "2017-03-29 10:55:49", "seriesname": "g223_dfk6yan", "file": "/media/jbrogan4/scratch2/Reddit_Prov_Dataset_v5/_Dodging_a_ball/g223_dfk6yan.jpg", "URL": "http://i.imgur.com/YIDoJ4i.jpg", "fileid": "g223_dfk6yan.jpg"}, {"id": "g223_dfk9u3h", "comment": "[Wildcats everywhere, Wave your hands up in the air.](http://i.imgur.com/nldn0Hy.jpg)", "date": "2017-03-29 11:48:13", "seriesname": "g223_dfk9u3h", "file": "/media/jbrogan4/scratch2/Reddit_Prov_Dataset_v5/_Dodging_a_ball/g223_dfk9u3h.jpg", "URL": "http://i.imgur.com/nldn0Hy.jpg", "fileid": "g223_dfk9u3h.jpg"}, {"id": "g223_dfk6iol", "comment": "[like this?](http://i.imgur.com/YObXS6s.jpg)", "date": "2017-03-29 10:47:38", "seriesname": "g223_dfk6iol", "file": "/media/jbrogan4/scratch2/Reddit_Prov_Dataset_v5/_Dodging_a_ball/g223_dfk6iol.jpg", "URL": "http://i.imgur.com/YObXS6s.jpg", "fileid": "g223_dfk6iol.jpg"}, {"id": "g223_dfk4rnz", "comment": "[The ~~king~~ joker of pop](http://i.imgur.com/rcy75Up.jpg)", "date": "2017-03-29 10:13:02", "seriesname": "g223_dfk4rnz", "file": "/media/jbrogan4/scratch2/Reddit_Prov_Dataset_v5/_Dodging_a_ball/g223_dfk4rnz.jpg", "URL": "http://i.imgur.com/rcy75Up.jpg", "fileid": "g223_dfk4rnz.jpg"}, {"id": "g223_dfk4zm4", "comment": "So glad I'm not the only one who thought Michael Jackson.\n\n[Thriller](http://i.imgur.com/oNq1IJY.jpg)", "date": "2017-03-29 10:17:36", "seriesname": "g223_dfk4zm4", "file": "/media/jbrogan4/scratch2/Reddit_Prov_Dataset_v5/_Dodging_a_ball/g223_dfk4zm4.jpg", "URL": "http://i.imgur.com/oNq1IJY.jpg", "fileid": "g223_dfk4zm4.jpg"}, {"id": "g223_dfk52yy", "comment": "A third dancer has entered the contest.\n\nhttp://imgur.com/YLyTVG3", "date": "2017-03-29 10:19:34", "seriesname": "g223_dfk52yy", "file": "/media/jbrogan4/scratch2/Reddit_Prov_Dataset_v5/_Dodging_a_ball/g223_dfk52yy.png", "URL": "http://i.imgur.com/YLyTVG3.png", "fileid": "g223_dfk52yy.png"}, {"id": "g223_dfk6qri", "comment": "[Without glasses](http://i.imgur.com/7vAsuTA.jpg)", "date": "2017-03-29 10:51:52", "seriesname": "g223_dfk6qri", "file": "/media/jbrogan4/scratch2/Reddit_Prov_Dataset_v5/_Dodging_a_ball/g223_dfk6qri.jpg", "URL": "http://i.imgur.com/7vAsuTA.jpg", "fileid": "g223_dfk6qri.jpg"}, {"id": "g223_dfk9j65", "comment": "http://i.imgur.com/tkrwCst.jpg", "date": "2017-03-29 11:42:53", "seriesname": "g223_dfk9j65", "file": "/media/jbrogan4/scratch2/Reddit_Prov_Dataset_v5/_Dodging_a_ball/g223_dfk9j65.jpg", "URL": "http://i.imgur.com/tkrwCst.jpg", "fileid": "g223_dfk9j65.jpg"}, {"id": "g223_dfk4dnv", "comment": "http://i.imgur.com/WLgXKMt.jpg\n\nEdit: Wow! Thanks for the gold, /u/BrowncoatUVA !", "date": "2017-03-29 10:04:59", "seriesname": "g223_dfk4dnv", "file": "/media/jbrogan4/scratch2/Reddit_Prov_Dataset_v5/_Dodging_a_ball/g223_dfk4dnv.jpg", "URL": "http://i.imgur.com/WLgXKMt.jpg", "fileid": "g223_dfk4dnv.jpg"}, {"id": "g223_dfk55c7", "comment": "[Vanta Black Dodgeball](http://i.imgur.com/4sRRdfj.jpg)", "date": "2017-03-29 10:20:52", "seriesname": "g223_dfk55c7", "file": "/media/jbrogan4/scratch2/Reddit_Prov_Dataset_v5/_Dodging_a_ball/g223_dfk55c7.jpg", "URL": "http://i.imgur.com/4sRRdfj.jpg", "fileid": "g223_dfk55c7.jpg"}, {"id": "g223_dfkgpxo", "comment": "[Learning to dance at Alvin Ailey](http://i.imgur.com/7WOpfwb.jpg)", "date": "2017-03-29 13:46:58", "seriesname": "g223_dfkgpxo", "file": "/media/jbrogan4/scratch2/Reddit_Prov_Dataset_v5/_Dodging_a_ball/g223_dfkgpxo.jpg", "URL": "http://i.imgur.com/7WOpfwb.jpg", "fileid": "g223_dfkgpxo.jpg"}, {"id": "g223_dfkp04t", "comment": "[Karate Dogde] (http://imgur.com/szn9yXx)", "date": "2017-03-29 16:12:00", "seriesname": "g223_dfkp04t", "file": "/media/jbrogan4/scratch2/Reddit_Prov_Dataset_v5/_Dodging_a_ball/g223_dfkp04t.png", "URL": "http://i.imgur.com/szn9yXx.png", "fileid": "g223_dfkp04t.png"}, {"id": "g223_dfk4kj1", "comment": "Gotta go\n\nhttp://imgur.com/HM4L7WY", "date": "2017-03-29 10:08:58", "seriesname": "g223_dfk4kj1", "file": "/media/jbrogan4/scratch2/Reddit_Prov_Dataset_v5/_Dodging_a_ball/g223_dfk4kj1.png", "URL": "http://i.imgur.com/HM4L7WY.png", "fileid": "g223_dfk4kj1.png"}, {"id": "g223_dfk9vw6", "comment": "Hahaha looks like a [follow up to mine!](http://i.imgur.com/WKaKJA3.jpg\n)", "date": "2017-03-29 11:49:04", "seriesname": "g223_dfk9vw6", "file": "/media/jbrogan4/scratch2/Reddit_Prov_Dataset_v5/_Dodging_a_ball/g223_dfk9vw6.jpg", "URL": "http://i.imgur.com/WKaKJA3.jpg", "fileid": "g223_dfk9vw6.jpg"}, {"id": "g223_dfk6soc", "comment": "[Tricky pool Shot](http://imgur.com/kdsJD2b.jpg)", "date": "2017-03-29 10:52:52", "seriesname": "g223_dfk6soc", "file": "/media/jbrogan4/scratch2/Reddit_Prov_Dataset_v5/_Dodging_a_ball/g223_dfk6soc.jpg", "URL": "http://imgur.com/kdsJD2b.jpg", "fileid": "g223_dfk6soc.jpg"}, {"id": "g223_dfk7c9u", "comment": "[Oh Shit!](http://i.imgur.com/jL8Uj2m.jpg)", "date": "2017-03-29 11:02:58", "seriesname": "g223_dfk7c9u", "file": "/media/jbrogan4/scratch2/Reddit_Prov_Dataset_v5/_Dodging_a_ball/g223_dfk7c9u.jpg", "URL": "http://i.imgur.com/jL8Uj2m.jpg", "fileid": "g223_dfk7c9u.jpg"}, {"id": "g223_dfkklhb", "comment": "http://i.imgur.com/epq8Wcj.png", "date": "2017-03-29 14:54:38", "seriesname": "g223_dfkklhb", "file": "/media/jbrogan4/scratch2/Reddit_Prov_Dataset_v5/_Dodging_a_ball/g223_dfkklhb.png", "URL": "http://i.imgur.com/epq8Wcj.png", "fileid": "g223_dfkklhb.png"}, {"id": "g223_dfkjplk", "comment": "[And then he joins](http://oi68.tinypic.com/103c114.jpg)", "date": "2017-03-29 14:39:25", "seriesname": "g223_dfkjplk", "file": "/media/jbrogan4/scratch2/Reddit_Prov_Dataset_v5/_Dodging_a_ball/g223_dfkjplk.jpg", "URL": "http://oi68.tinypic.com/103c114.jpg", "fileid": "g223_dfkjplk.jpg"}, {"id": "g223_dfk6an7", "comment": "[Footloose](http://i.imgur.com/GkO4pOf.png)", "date": "2017-03-29 10:43:26", "seriesname": "g223_dfk6an7", "file": "/media/jbrogan4/scratch2/Reddit_Prov_Dataset_v5/_Dodging_a_ball/g223_dfk6an7.png", "URL": "http://i.imgur.com/GkO4pOf.png", "fileid": "g223_dfk6an7.png"}, {"id": "g223_dfka7pa", "comment": "[http://i.imgur.com/1utvxan.jpg](http://i.imgur.com/1utvxan.jpg)", "date": "2017-03-29 11:54:50", "seriesname": "g223_dfka7pa", "file": "/media/jbrogan4/scratch2/Reddit_Prov_Dataset_v5/_Dodging_a_ball/g223_dfka7pa.jpg", "URL": "http://i.imgur.com/1utvxan.jpg](http://i.imgur.com/1utvxan.jpg", "fileid": "g223_dfka7pa.jpg"}, {"id": "g223_dfk74uc", "comment": "[GloboGym's newest recruit](http://i.imgur.com/Ene3y8k.jpg)", "date": "2017-03-29 10:59:08", "seriesname": "g223_dfk74uc", "file": "/media/jbrogan4/scratch2/Reddit_Prov_Dataset_v5/_Dodging_a_ball/g223_dfk74uc.jpg", "URL": "http://i.imgur.com/Ene3y8k.jpg", "fileid": "g223_dfk74uc.jpg"}, {"id": "g223_dfk409a", "comment": "[The Birth of Venus - Sandro Botticelli](http://i.imgur.com/yGOmacY.jpg)\n\nAdd: [flipped version](http://i.imgur.com/YIDoJ4i.jpg)", "date": "2017-03-29 09:57:03", "seriesname": "g223_dfk409a", "file": "/media/jbrogan4/scratch2/Reddit_Prov_Dataset_v5/_Dodging_a_ball/g223_dfk409a.jpg", "URL": "http://i.imgur.com/YIDoJ4i.jpg", "fileid": "g223_dfk409a.jpg"}, {"id": "g223_dfk5i11", "comment": "[Tequila!](http://i.imgur.com/5Lj2Lta.png)", "date": "2017-03-29 10:28:01", "seriesname": "g223_dfk5i11", "file": "/media/jbrogan4/scratch2/Reddit_Prov_Dataset_v5/_Dodging_a_ball/g223_dfk5i11.png", "URL": "http://i.imgur.com/5Lj2Lta.png", "fileid": "g223_dfk5i11.png"}, {"id": "g223_dfk5a85", "comment": "[Award Winning!](http://i.imgur.com/xNlaYeZ.jpg)", "date": "2017-03-29 10:23:39", "seriesname": "g223_dfk5a85", "file": "/media/jbrogan4/scratch2/Reddit_Prov_Dataset_v5/_Dodging_a_ball/g223_dfk5a85.jpg", "URL": "http://i.imgur.com/xNlaYeZ.jpg", "fileid": "g223_dfk5a85.jpg"}, {"id": "g223_dfk87j8", "comment": "[God, I hope he gets it] (http://i.imgur.com/uvnHP1i.jpg)", "date": "2017-03-29 11:19:03", "seriesname": "g223_dfk87j8", "file": "/media/jbrogan4/scratch2/Reddit_Prov_Dataset_v5/_Dodging_a_ball/g223_dfk87j8.jpg", "URL": "http://i.imgur.com/uvnHP1i.jpg", "fileid": "g223_dfk87j8.jpg"}, {"id": "g223_dfkmx08", "comment": "[Jurassic park scare](http://imgur.com/LYfPm7l)", "date": "2017-03-29 15:35:13", "seriesname": "g223_dfkmx08", "file": "/media/jbrogan4/scratch2/Reddit_Prov_Dataset_v5/_Dodging_a_ball/g223_dfkmx08.png", "URL": "http://i.imgur.com/LYfPm7l.png", "fileid": "g223_dfkmx08.png"}, {"id": "g223_dfkao88", "comment": "[Or maybe like this](http://i.imgur.com/546yuEa.jpg)", "date": "2017-03-29 12:02:48", "seriesname": "g223_dfkao88", "file": "/media/jbrogan4/scratch2/Reddit_Prov_Dataset_v5/_Dodging_a_ball/g223_dfkao88.jpg", "URL": "http://i.imgur.com/546yuEa.jpg", "fileid": "g223_dfkao88.jpg"}, {"id": "g223_dfk99r3", "comment": "I call this work of art:\n\n###*[Wrench Dodge](http://i.imgur.com/HTd66Xf.jpg)*\n\n&gt;**Patches O'Houlihan:** *If you can dodge a wrench, you can dodge a ball.*\n\n&gt;**Justin:** *What?*\n\n&gt;*[Patches throws a wrench at Justin]*", "date": "2017-03-29 11:38:13", "seriesname": "g223_dfk99r3", "file": "/media/jbrogan4/scratch2/Reddit_Prov_Dataset_v5/_Dodging_a_ball/g223_dfk99r3.jpg", "URL": "http://i.imgur.com/HTd66Xf.jpg)*", "fileid": "g223_dfk99r3.jpg*"}, {"id": "g223_dfkki1b", "comment": "http://i.imgur.com/gOivf0l.jpg", "date": "2017-03-29 14:53:00", "seriesname": "g223_dfkki1b", "file": "/media/jbrogan4/scratch2/Reddit_Prov_Dataset_v5/_Dodging_a_ball/g223_dfkki1b.jpg", "URL": "http://i.imgur.com/gOivf0l.jpg", "fileid": "g223_dfkki1b.jpg"}, {"id": "g223_dfka78r", "comment": "[Downhill Skating](https://i.imgur.com/AMf89MH.png) is super fun! ", "date": "2017-03-29 11:54:37", "seriesname": "g223_dfka78r", "file": "/media/jbrogan4/scratch2/Reddit_Prov_Dataset_v5/_Dodging_a_ball/g223_dfka78r.png", "URL": "https://i.imgur.com/AMf89MH.png", "fileid": "g223_dfka78r.png"}, {"id": "g223_dfkqfve", "comment": "[like this?](http://i.imgur.com/mTK7KVx.jpg)", "date": "2017-03-29 16:37:30", "seriesname": "g223_dfkqfve", "file": "/media/jbrogan4/scratch2/Reddit_Prov_Dataset_v5/_Dodging_a_ball/g223_dfkqfve.jpg", "URL": "http://i.imgur.com/mTK7KVx.jpg", "fileid": "g223_dfkqfve.jpg"}, {"id": "g223_dfk495e", "comment": "[Joffrey](http://imgur.com/W95DY5Y)", "date": "2017-03-29 10:02:20", "seriesname": "g223_dfk495e", "file": "/media/jbrogan4/scratch2/Reddit_Prov_Dataset_v5/_Dodging_a_ball/g223_dfk495e.png", "URL": "http://i.imgur.com/W95DY5Y.png", "fileid": "g223_dfk495e.png"}, {"id": "g223_dfk656k", "comment": "[This is it.](https://i.redd.it/5kfruipbzcoy.jpg)", "date": "2017-03-29 10:40:32", "seriesname": "g223_dfk656k", "file": "/media/jbrogan4/scratch2/Reddit_Prov_Dataset_v5/_Dodging_a_ball/g223_dfk656k.jpg", "URL": "https://i.redd.it/5kfruipbzcoy.jpg", "fileid": "g223_dfk656k.jpg"}, {"id": "g223_dfkkpvh", "comment": "[live](http://i.imgur.com/hbg3ewF.gif)", "date": "2017-03-29 14:56:43", "seriesname": "g223_dfkkpvh", "file": "/media/jbrogan4/scratch2/Reddit_Prov_Dataset_v5/_Dodging_a_ball/g223_dfkkpvh.jpg", "URL": "http://i.imgur.com/hbg3ewF.gif", "fileid": "g223_dfkkpvh.gif"}, {"id": "g223_dfk6ouf", "comment": "[Can't dodge the Devil](http://i.imgur.com/qapiO7B.png)", "date": "2017-03-29 10:50:53", "seriesname": "g223_dfk6ouf", "file": "/media/jbrogan4/scratch2/Reddit_Prov_Dataset_v5/_Dodging_a_ball/g223_dfk6ouf.png", "URL": "http://i.imgur.com/qapiO7B.png", "fileid": "g223_dfk6ouf.png"}, {"id": "g223_dfk76cc", "comment": "[Twisterrrr](http://imgur.com/vl8s9yt)\nThis is my first one, please be kind :)", "date": "2017-03-29 10:59:54", "seriesname": "g223_dfk76cc", "file": "/media/jbrogan4/scratch2/Reddit_Prov_Dataset_v5/_Dodging_a_ball/g223_dfk76cc.png", "URL": "http://i.imgur.com/vl8s9yt.png", "fileid": "g223_dfk76cc.png"}, {"id": "g223_root", "comment": "", "date": "2017-03-29 08:27:16", "seriesname": "g223_root", "file": "/media/jbrogan4/scratch2/Reddit_Prov_Dataset_v5/_Dodging_a_ball/g223_root.jpg", "URL": "https://i.redd.it/8ctzmv5hbcoy.jpg", "fileid": "g223_root.jpg"}, {"id": "g223_dfk4zqm", "comment": "[/r/ActLikeYouBelong](http://i.imgur.com/QHgw0e1.jpg)", "date": "2017-03-29 10:17:40", "seriesname": "g223_dfk4zqm", "file": "/media/jbrogan4/scratch2/Reddit_Prov_Dataset_v5/_Dodging_a_ball/g223_dfk4zqm.jpg", "URL": "http://i.imgur.com/QHgw0e1.jpg", "fileid": "g223_dfk4zqm.jpg"}, {"id": "g223_dfk991k", "comment": "[JESUS CHRIST HUGH WATCH THE ROAD!](http://i.imgur.com/WKaKJA3.jpg)", "date": "2017-03-29 11:37:52", "seriesname": "g223_dfk991k", "file": "/media/jbrogan4/scratch2/Reddit_Prov_Dataset_v5/_Dodging_a_ball/g223_dfk991k.jpg", "URL": "http://i.imgur.com/WKaKJA3.jpg", "fileid": "g223_dfk991k.jpg"}, {"id": "g223_dfka9fj", "comment": "[Ed](http://i.imgur.com/epq8Wcj.png)", "date": "2017-03-29 11:55:41", "seriesname": "g223_dfka9fj", "file": "/media/jbrogan4/scratch2/Reddit_Prov_Dataset_v5/_Dodging_a_ball/g223_dfka9fj.png", "URL": "http://i.imgur.com/epq8Wcj.png", "fileid": "g223_dfka9fj.png"}], "graph": {"name": "g223_root"}, "directed": true}