{"links": [{"op": "none", "target": 0, "source": 46}, {"op": "none", "target": 1, "source": 46}, {"op": "none", "target": 2, "source": 46}, {"op": "none", "target": 3, "source": 46}, {"op": "none", "target": 4, "source": 46}, {"op": "none", "target": 5, "source": 46}, {"op": "none", "target": 6, "source": 46}, {"op": "none", "target": 7, "source": 46}, {"op": "none", "target": 8, "source": 46}, {"op": "none", "target": 9, "source": 46}, {"op": "none", "target": 10, "source": 46}, {"op": "none", "target": 11, "source": 46}, {"op": "none", "target": 12, "source": 46}, {"op": "none", "target": 13, "source": 46}, {"op": "none", "target": 14, "source": 46}, {"op": "none", "target": 15, "source": 46}, {"op": "none", "target": 16, "source": 46}, {"op": "none", "target": 17, "source": 46}, {"op": "none", "target": 18, "source": 46}, {"op": "none", "target": 19, "source": 46}, {"op": "none", "target": 20, "source": 46}, {"op": "none", "target": 21, "source": 46}, {"op": "none", "target": 22, "source": 46}, {"op": "none", "target": 23, "source": 46}, {"op": "none", "target": 24, "source": 46}, {"op": "none", "target": 25, "source": 46}, {"op": "none", "target": 26, "source": 46}, {"op": "none", "target": 27, "source": 1}, {"op": "none", "target": 28, "source": 46}, {"op": "none", "target": 29, "source": 46}, {"op": "none", "target": 30, "source": 46}, {"op": "none", "target": 31, "source": 46}, {"op": "none", "target": 32, "source": 46}, {"op": "none", "target": 33, "source": 46}, {"op": "none", "target": 34, "source": 46}, {"op": "none", "target": 35, "source": 46}, {"op": "none", "target": 36, "source": 46}, {"op": "none", "target": 37, "source": 46}, {"op": "none", "target": 38, "source": 46}, {"op": "none", "target": 39, "source": 46}, {"op": "none", "target": 40, "source": 46}, {"op": "none", "target": 41, "source": 46}, {"op": "none", "target": 42, "source": 46}, {"op": "none", "target": 43, "source": 46}, {"op": "none", "target": 44, "source": 46}, {"op": "none", "target": 45, "source": 46}, {"op": "none", "target": 47, "source": 46}, {"op": "none", "target": 48, "source": 46}], "title": "_Airport_security_dog_with_ski_goggles_and_ear_protection", "nodes": [{"id": "g225_d7z0tev", "comment": "[Sunshine](http://i.imgur.com/1UlL6KJ.jpg)", "date": "2016-09-23 12:23:14", "seriesname": "g225_d7z0tev", "file": "/media/jbrogan4/scratch2/Reddit_Prov_Dataset_v5/_Airport_security_dog_with_ski_goggles_and_ear_protection/g225_d7z0tev.jpg", "URL": "http://i.imgur.com/1UlL6KJ.jpg", "fileid": "g225_d7z0tev.jpg"}, {"id": "g225_d7yvl4r", "comment": "[Doginator](http://imgur.com/fLEEBdJ)    ", "date": "2016-09-23 10:30:54", "seriesname": "g225_d7yvl4r", "file": "/media/jbrogan4/scratch2/Reddit_Prov_Dataset_v5/_Airport_security_dog_with_ski_goggles_and_ear_protection/g225_d7yvl4r.png", "URL": "http://i.imgur.com/fLEEBdJ.png", "fileid": "g225_d7yvl4r.png"}, {"id": "g225_d7zlehe", "comment": "[Red Baron](http://i.imgur.com/EWB6zPe.jpg)", "date": "2016-09-23 20:27:07", "seriesname": "g225_d7zlehe", "file": "/media/jbrogan4/scratch2/Reddit_Prov_Dataset_v5/_Airport_security_dog_with_ski_goggles_and_ear_protection/g225_d7zlehe.jpg", "URL": "http://i.imgur.com/EWB6zPe.jpg", "fileid": "g225_d7zlehe.jpg"}, {"id": "g225_d7yz69v", "comment": "[Rebels special forces.](https://i.imgur.com/aITdPzB.jpg)", "date": "2016-09-23 11:48:35", "seriesname": "g225_d7yz69v", "file": "/media/jbrogan4/scratch2/Reddit_Prov_Dataset_v5/_Airport_security_dog_with_ski_goggles_and_ear_protection/g225_d7yz69v.jpg", "URL": "https://i.imgur.com/aITdPzB.jpg", "fileid": "g225_d7yz69v.jpg"}, {"id": "g225_d7ywdzh", "comment": "[(Z or R twice)](http://i.imgur.com/KKaCG0r.jpg)", "date": "2016-09-23 10:48:59", "seriesname": "g225_d7ywdzh", "file": "/media/jbrogan4/scratch2/Reddit_Prov_Dataset_v5/_Airport_security_dog_with_ski_goggles_and_ear_protection/g225_d7ywdzh.jpg", "URL": "http://i.imgur.com/KKaCG0r.jpg", "fileid": "g225_d7ywdzh.jpg"}, {"id": "g225_d7z63u2", "comment": "[DOGGOCOP](http://i.imgur.com/xsSYbgA.jpg)", "date": "2016-09-23 14:14:28", "seriesname": "g225_d7z63u2", "file": "/media/jbrogan4/scratch2/Reddit_Prov_Dataset_v5/_Airport_security_dog_with_ski_goggles_and_ear_protection/g225_d7z63u2.jpg", "URL": "http://i.imgur.com/xsSYbgA.jpg", "fileid": "g225_d7z63u2.jpg"}, {"id": "g225_d7ywoh5", "comment": "[\"What a beautifukl day\"](http://i.imgur.com/s9pK5xd.jpg)", "date": "2016-09-23 10:55:23", "seriesname": "g225_d7ywoh5", "file": "/media/jbrogan4/scratch2/Reddit_Prov_Dataset_v5/_Airport_security_dog_with_ski_goggles_and_ear_protection/g225_d7ywoh5.jpg", "URL": "http://i.imgur.com/s9pK5xd.jpg", "fileid": "g225_d7ywoh5.jpg"}, {"id": "g225_d7yw99f", "comment": "[Cocked, locked &amp; ready to rock](http://i.imgur.com/nOsn7Yw.jpg)", "date": "2016-09-23 10:46:06", "seriesname": "g225_d7yw99f", "file": "/media/jbrogan4/scratch2/Reddit_Prov_Dataset_v5/_Airport_security_dog_with_ski_goggles_and_ear_protection/g225_d7yw99f.jpg", "URL": "http://i.imgur.com/nOsn7Yw.jpg", "fileid": "g225_d7yw99f.jpg"}, {"id": "g225_d7yvoop", "comment": "[prescription goggles](http://i.imgur.com/gUyTvCU.jpg)", "date": "2016-09-23 10:33:10", "seriesname": "g225_d7yvoop", "file": "/media/jbrogan4/scratch2/Reddit_Prov_Dataset_v5/_Airport_security_dog_with_ski_goggles_and_ear_protection/g225_d7yvoop.jpg", "URL": "http://i.imgur.com/gUyTvCU.jpg", "fileid": "g225_d7yvoop.jpg"}, {"id": "g225_d7yx8yn", "comment": "[out of my way!](http://i.imgur.com/Xw3nriC.jpg)", "date": "2016-09-23 11:07:46", "seriesname": "g225_d7yx8yn", "file": "/media/jbrogan4/scratch2/Reddit_Prov_Dataset_v5/_Airport_security_dog_with_ski_goggles_and_ear_protection/g225_d7yx8yn.jpg", "URL": "http://i.imgur.com/Xw3nriC.jpg", "fileid": "g225_d7yx8yn.jpg"}, {"id": "g225_d7z9y7d", "comment": "[I love the smell of dog food in the morning](http://i.imgur.com/b7w5EkF.jpg)", "date": "2016-09-23 15:36:24", "seriesname": "g225_d7z9y7d", "file": "/media/jbrogan4/scratch2/Reddit_Prov_Dataset_v5/_Airport_security_dog_with_ski_goggles_and_ear_protection/g225_d7z9y7d.jpg", "URL": "http://i.imgur.com/b7w5EkF.jpg", "fileid": "g225_d7z9y7d.jpg"}, {"id": "g225_d7zgnlr", "comment": "[Pupper on Point](http://i.imgur.com/Mjv9F4D.jpg)", "date": "2016-09-23 18:14:24", "seriesname": "g225_d7zgnlr", "file": "/media/jbrogan4/scratch2/Reddit_Prov_Dataset_v5/_Airport_security_dog_with_ski_goggles_and_ear_protection/g225_d7zgnlr.jpg", "URL": "http://i.imgur.com/Mjv9F4D.jpg", "fileid": "g225_d7zgnlr.jpg"}, {"id": "g225_d7yyf0j", "comment": "[tough guys](http://i.imgur.com/siZ6feA.jpg)", "date": "2016-09-23 11:32:46", "seriesname": "g225_d7yyf0j", "file": "/media/jbrogan4/scratch2/Reddit_Prov_Dataset_v5/_Airport_security_dog_with_ski_goggles_and_ear_protection/g225_d7yyf0j.jpg", "URL": "http://i.imgur.com/siZ6feA.jpg", "fileid": "g225_d7yyf0j.jpg"}, {"id": "g225_d7zhyzh", "comment": "[Get to the choppa](http://imgur.com/kIso2Fd)", "date": "2016-09-23 18:49:17", "seriesname": "g225_d7zhyzh", "file": "/media/jbrogan4/scratch2/Reddit_Prov_Dataset_v5/_Airport_security_dog_with_ski_goggles_and_ear_protection/g225_d7zhyzh.png", "URL": "http://i.imgur.com/kIso2Fd.png", "fileid": "g225_d7zhyzh.png"}, {"id": "g225_d7yxef8", "comment": "[Yuri Barkgarin \u2014 First woofer in space, 1961.](http://i.imgur.com/v6d6r1U.jpg)\n\n*[Creation gif](http://i.imgur.com/EhfcGaO.gifv)*\n\nSince people have been complaining about not being able to learn from the gifs, [here's the full process on Youtube.](https://www.youtube.com/watch?v=ySclnUGb4Bk)", "date": "2016-09-23 11:11:02", "seriesname": "g225_d7yxef8", "file": "/media/jbrogan4/scratch2/Reddit_Prov_Dataset_v5/_Airport_security_dog_with_ski_goggles_and_ear_protection/g225_d7yxef8.jpg", "URL": "http://i.imgur.com/v6d6r1U.jpg", "fileid": "g225_d7yxef8.jpg"}, {"id": "g225_d7zyvul", "comment": "http://imgur.com/Lju7SoP", "date": "2016-09-24 05:51:01", "seriesname": "g225_d7zyvul", "file": "/media/jbrogan4/scratch2/Reddit_Prov_Dataset_v5/_Airport_security_dog_with_ski_goggles_and_ear_protection/g225_d7zyvul.png", "URL": "http://i.imgur.com/Lju7SoP.png", "fileid": "g225_d7zyvul.png"}, {"id": "g225_d80dxhm", "comment": "[rescue dog with couch cat.](https://imgur.com/sArWtJP) ", "date": "2016-09-24 14:25:38", "seriesname": "g225_d80dxhm", "file": "/media/jbrogan4/scratch2/Reddit_Prov_Dataset_v5/_Airport_security_dog_with_ski_goggles_and_ear_protection/g225_d80dxhm.png", "URL": "http://i.imgur.com/sArWtJP.png", "fileid": "g225_d80dxhm.png"}, {"id": "g225_d7yu95y", "comment": "\n[Take Your Dog To Work ](http://i.imgur.com/xHm2ivm.jpg)\n\n&amp;\n\n\n[ANIMATED with MUSIC](http://loopnroll.com/p/b6Lad)\n\n\n\n\n\n\n\n", "date": "2016-09-23 09:58:39", "seriesname": "g225_d7yu95y", "file": "/media/jbrogan4/scratch2/Reddit_Prov_Dataset_v5/_Airport_security_dog_with_ski_goggles_and_ear_protection/g225_d7yu95y.jpg", "URL": "http://i.imgur.com/xHm2ivm.jpg", "fileid": "g225_d7yu95y.jpg"}, {"id": "g225_d7yuhop", "comment": "[Daft Punk got a new member.](http://i.imgur.com/2P7f0Qr.jpg)", "date": "2016-09-23 10:04:40", "seriesname": "g225_d7yuhop", "file": "/media/jbrogan4/scratch2/Reddit_Prov_Dataset_v5/_Airport_security_dog_with_ski_goggles_and_ear_protection/g225_d7yuhop.jpg", "URL": "http://i.imgur.com/2P7f0Qr.jpg", "fileid": "g225_d7yuhop.jpg"}, {"id": "g225_d7yujag", "comment": "[Cool dogs don't look at explosions.](http://i.imgur.com/KAb2bQD.jpg)\n\n(my first 'shop)\n\n^^^Edit: ^^^cleared ^^^up ^^^the ^^^picture ^^^a ^^^little", "date": "2016-09-23 10:05:48", "seriesname": "g225_d7yujag", "file": "/media/jbrogan4/scratch2/Reddit_Prov_Dataset_v5/_Airport_security_dog_with_ski_goggles_and_ear_protection/g225_d7yujag.jpg", "URL": "http://i.imgur.com/KAb2bQD.jpg", "fileid": "g225_d7yujag.jpg"}, {"id": "g225_d7zhrpr", "comment": "[Commander \\(not a German\\) Shepherd.](http://imgur.com/RPwl0sL)", "date": "2016-09-23 18:43:51", "seriesname": "g225_d7zhrpr", "file": "/media/jbrogan4/scratch2/Reddit_Prov_Dataset_v5/_Airport_security_dog_with_ski_goggles_and_ear_protection/g225_d7zhrpr.png", "URL": "http://i.imgur.com/RPwl0sL.png", "fileid": "g225_d7zhrpr.png"}, {"id": "g225_d7zmfae", "comment": "[oh no doggo what are you doing? :(](http://i.imgur.com/t0UOLc8.png)", "date": "2016-09-23 20:58:18", "seriesname": "g225_d7zmfae", "file": "/media/jbrogan4/scratch2/Reddit_Prov_Dataset_v5/_Airport_security_dog_with_ski_goggles_and_ear_protection/g225_d7zmfae.png", "URL": "http://i.imgur.com/t0UOLc8.png", "fileid": "g225_d7zmfae.png"}, {"id": "g225_d7yyyjt", "comment": "First shot at this...\n[PSBattle: Woofer hanging out with his Crew](http://i.imgur.com/7HqwK2r.jpg)", "date": "2016-09-23 11:44:08", "seriesname": "g225_d7yyyjt", "file": "/media/jbrogan4/scratch2/Reddit_Prov_Dataset_v5/_Airport_security_dog_with_ski_goggles_and_ear_protection/g225_d7yyyjt.jpg", "URL": "http://i.imgur.com/7HqwK2r.jpg", "fileid": "g225_d7yyyjt.jpg"}, {"id": "g225_d7za3qf", "comment": "[Ready to board](http://i.imgur.com/yioLLVF.jpg)\nFirst go at this! ", "date": "2016-09-23 15:39:45", "seriesname": "g225_d7za3qf", "file": "/media/jbrogan4/scratch2/Reddit_Prov_Dataset_v5/_Airport_security_dog_with_ski_goggles_and_ear_protection/g225_d7za3qf.jpg", "URL": "http://i.imgur.com/yioLLVF.jpg", "fileid": "g225_d7za3qf.jpg"}, {"id": "g225_d7yys8z", "comment": "[Facebook Dog VRalker \u2122](http://imgur.com/A9a1pua)\n", "date": "2016-09-23 11:40:29", "seriesname": "g225_d7yys8z", "file": "/media/jbrogan4/scratch2/Reddit_Prov_Dataset_v5/_Airport_security_dog_with_ski_goggles_and_ear_protection/g225_d7yys8z.png", "URL": "http://i.imgur.com/A9a1pua.png", "fileid": "g225_d7yys8z.png"}, {"id": "g225_d7yufui", "comment": "[Bill Cunningham](http://i.imgur.com/5lRawiP.jpg)", "date": "2016-09-23 10:03:23", "seriesname": "g225_d7yufui", "file": "/media/jbrogan4/scratch2/Reddit_Prov_Dataset_v5/_Airport_security_dog_with_ski_goggles_and_ear_protection/g225_d7yufui.jpg", "URL": "http://i.imgur.com/5lRawiP.jpg", "fileid": "g225_d7yufui.jpg"}, {"id": "g225_d7zfopq", "comment": "[Mixtape volume woof](http://i.imgur.com/JlwG4py.jpg)", "date": "2016-09-23 17:49:17", "seriesname": "g225_d7zfopq", "file": "/media/jbrogan4/scratch2/Reddit_Prov_Dataset_v5/_Airport_security_dog_with_ski_goggles_and_ear_protection/g225_d7zfopq.jpg", "URL": "http://i.imgur.com/JlwG4py.jpg", "fileid": "g225_d7zfopq.jpg"}, {"id": "g225_d7z0txo", "comment": "[Bonus \"The Doginator\" (1080p wallpaper)](http://imgur.com/b2RARiZ)", "date": "2016-09-23 12:23:31", "seriesname": "g225_d7z0txo", "file": "/media/jbrogan4/scratch2/Reddit_Prov_Dataset_v5/_Airport_security_dog_with_ski_goggles_and_ear_protection/g225_d7z0txo.png", "URL": "http://i.imgur.com/b2RARiZ.png", "fileid": "g225_d7z0txo.png"}, {"id": "g225_d80bx23", "comment": "Piper off duty https://i.redd.it/509q9w0wdinx.jpg", "date": "2016-09-24 13:34:39", "seriesname": "g225_d80bx23", "file": "/media/jbrogan4/scratch2/Reddit_Prov_Dataset_v5/_Airport_security_dog_with_ski_goggles_and_ear_protection/g225_d80bx23.jpg", "URL": "https://i.redd.it/509q9w0wdinx.jpg", "fileid": "g225_d80bx23.jpg"}, {"id": "g225_d7yv5s5", "comment": "[He wasn't supposed to wake up](http://i.imgur.com/DkZN7fY.jpg)", "date": "2016-09-23 10:20:57", "seriesname": "g225_d7yv5s5", "file": "/media/jbrogan4/scratch2/Reddit_Prov_Dataset_v5/_Airport_security_dog_with_ski_goggles_and_ear_protection/g225_d7yv5s5.jpg", "URL": "http://i.imgur.com/DkZN7fY.jpg", "fileid": "g225_d7yv5s5.jpg"}, {"id": "g225_d7z8oso", "comment": "You may enter...\n\nhttps://imgur.com/jMXJjR8", "date": "2016-09-23 15:09:22", "seriesname": "g225_d7z8oso", "file": "/media/jbrogan4/scratch2/Reddit_Prov_Dataset_v5/_Airport_security_dog_with_ski_goggles_and_ear_protection/g225_d7z8oso.png", "URL": "http://i.imgur.com/jMXJjR8.png", "fileid": "g225_d7z8oso.png"}, {"id": "g225_d7yzd5i", "comment": "[Come on bitches! Let's have fun!]\n(http://imgur.com/8LcGINx)", "date": "2016-09-23 11:52:32", "seriesname": "g225_d7yzd5i", "file": "/media/jbrogan4/scratch2/Reddit_Prov_Dataset_v5/_Airport_security_dog_with_ski_goggles_and_ear_protection/g225_d7yzd5i.png", "URL": "http://i.imgur.com/8LcGINx.png", "fileid": "g225_d7yzd5i.png"}, {"id": "g225_d7z7y7h", "comment": "[Who's a big beautiful doggie?](http://i.imgur.com/G3KeYfz.jpg)", "date": "2016-09-23 14:53:29", "seriesname": "g225_d7z7y7h", "file": "/media/jbrogan4/scratch2/Reddit_Prov_Dataset_v5/_Airport_security_dog_with_ski_goggles_and_ear_protection/g225_d7z7y7h.jpg", "URL": "http://i.imgur.com/G3KeYfz.jpg", "fileid": "g225_d7z7y7h.jpg"}, {"id": "g225_d7yv1q9", "comment": "http://i.imgur.com/5W1ihyB.jpg", "date": "2016-09-23 10:18:15", "seriesname": "g225_d7yv1q9", "file": "/media/jbrogan4/scratch2/Reddit_Prov_Dataset_v5/_Airport_security_dog_with_ski_goggles_and_ear_protection/g225_d7yv1q9.jpg", "URL": "http://i.imgur.com/5W1ihyB.jpg", "fileid": "g225_d7yv1q9.jpg"}, {"id": "g225_d7zjl3z", "comment": "[Who Let the Dogs Out](https://m.imgur.com/gallery/XbRvu51) \n\nFirst ps battle", "date": "2016-09-23 19:34:03", "seriesname": "g225_d7zjl3z", "file": "/media/jbrogan4/scratch2/Reddit_Prov_Dataset_v5/_Airport_security_dog_with_ski_goggles_and_ear_protection/g225_d7zjl3z.png", "URL": "http://i.imgur.com/XbRvu51.png", "fileid": "g225_d7zjl3z.png"}, {"id": "g225_d7ywmx8", "comment": "[War's a bitch](http://i.imgur.com/NthIZOT.png)", "date": "2016-09-23 10:54:28", "seriesname": "g225_d7ywmx8", "file": "/media/jbrogan4/scratch2/Reddit_Prov_Dataset_v5/_Airport_security_dog_with_ski_goggles_and_ear_protection/g225_d7ywmx8.png", "URL": "http://i.imgur.com/NthIZOT.png", "fileid": "g225_d7ywmx8.png"}, {"id": "g225_d7zuday", "comment": "Maverick http://i.imgur.com/OiFOxyd.jpg", "date": "2016-09-24 01:30:20", "seriesname": "g225_d7zuday", "file": "/media/jbrogan4/scratch2/Reddit_Prov_Dataset_v5/_Airport_security_dog_with_ski_goggles_and_ear_protection/g225_d7zuday.jpg", "URL": "http://i.imgur.com/OiFOxyd.jpg", "fileid": "g225_d7zuday.jpg"}, {"id": "g225_d7yvjmg", "comment": "[X-dog](http://i.imgur.com/4QgrP8d.jpg)", "date": "2016-09-23 10:29:56", "seriesname": "g225_d7yvjmg", "file": "/media/jbrogan4/scratch2/Reddit_Prov_Dataset_v5/_Airport_security_dog_with_ski_goggles_and_ear_protection/g225_d7yvjmg.jpg", "URL": "http://i.imgur.com/4QgrP8d.jpg", "fileid": "g225_d7yvjmg.jpg"}, {"id": "g225_d7zlegx", "comment": "[One small step for dog...](http://i.imgur.com/1fGC58R.jpg)", "date": "2016-09-23 20:27:07", "seriesname": "g225_d7zlegx", "file": "/media/jbrogan4/scratch2/Reddit_Prov_Dataset_v5/_Airport_security_dog_with_ski_goggles_and_ear_protection/g225_d7zlegx.jpg", "URL": "http://i.imgur.com/1fGC58R.jpg", "fileid": "g225_d7zlegx.jpg"}, {"id": "g225_d7yy9ow", "comment": "[Prepare for Takeoff](http://m.imgur.com/sqIvk5Z)", "date": "2016-09-23 11:29:34", "seriesname": "g225_d7yy9ow", "file": "/media/jbrogan4/scratch2/Reddit_Prov_Dataset_v5/_Airport_security_dog_with_ski_goggles_and_ear_protection/g225_d7yy9ow.png", "URL": "http://i.imgur.com/sqIvk5Z.png", "fileid": "g225_d7yy9ow.png"}, {"id": "g225_d7yxzy6", "comment": "[party animal](http://i.imgur.com/KJxfrz4.jpg)", "date": "2016-09-23 11:23:49", "seriesname": "g225_d7yxzy6", "file": "/media/jbrogan4/scratch2/Reddit_Prov_Dataset_v5/_Airport_security_dog_with_ski_goggles_and_ear_protection/g225_d7yxzy6.jpg", "URL": "http://i.imgur.com/KJxfrz4.jpg", "fileid": "g225_d7yxzy6.jpg"}, {"id": "g225_d7zqu90", "comment": "[Cloning](http://imgur.com/ek73Ecn) ", "date": "2016-09-23 23:17:39", "seriesname": "g225_d7zqu90", "file": "/media/jbrogan4/scratch2/Reddit_Prov_Dataset_v5/_Airport_security_dog_with_ski_goggles_and_ear_protection/g225_d7zqu90.png", "URL": "http://i.imgur.com/ek73Ecn.png", "fileid": "g225_d7zqu90.png"}, {"id": "g225_d7yvsuj", "comment": "[TIFU](http://i.imgur.com/vHYo8Ub.jpg)", "date": "2016-09-23 10:35:48", "seriesname": "g225_d7yvsuj", "file": "/media/jbrogan4/scratch2/Reddit_Prov_Dataset_v5/_Airport_security_dog_with_ski_goggles_and_ear_protection/g225_d7yvsuj.jpg", "URL": "http://i.imgur.com/vHYo8Ub.jpg", "fileid": "g225_d7yvsuj.jpg"}, {"id": "g225_d7yyek5", "comment": "[Where are my testicles Summer?](http://i.imgur.com/NLsDO7n.jpg)", "date": "2016-09-23 11:32:29", "seriesname": "g225_d7yyek5", "file": "/media/jbrogan4/scratch2/Reddit_Prov_Dataset_v5/_Airport_security_dog_with_ski_goggles_and_ear_protection/g225_d7yyek5.jpg", "URL": "http://i.imgur.com/NLsDO7n.jpg", "fileid": "g225_d7yyek5.jpg"}, {"id": "g225_d7zel3d", "comment": "[Right on Commander!](http://i.imgur.com/QCSRNjM.png)\n\nThis is also a shameless plug for /r/EliteDangerous", "date": "2016-09-23 17:21:50", "seriesname": "g225_d7zel3d", "file": "/media/jbrogan4/scratch2/Reddit_Prov_Dataset_v5/_Airport_security_dog_with_ski_goggles_and_ear_protection/g225_d7zel3d.png", "URL": "http://i.imgur.com/QCSRNjM.png", "fileid": "g225_d7zel3d.png"}, {"id": "g225_d7yv9eh", "comment": "[DJ WHERE MY BITCHES AT?](http://i.imgur.com/DVTnrJc.png)", "date": "2016-09-23 10:23:19", "seriesname": "g225_d7yv9eh", "file": "/media/jbrogan4/scratch2/Reddit_Prov_Dataset_v5/_Airport_security_dog_with_ski_goggles_and_ear_protection/g225_d7yv9eh.png", "URL": "http://i.imgur.com/DVTnrJc.png", "fileid": "g225_d7yv9eh.png"}, {"id": "g225_root", "comment": "", "date": "2016-09-23 07:46:29", "seriesname": "g225_root", "file": "/media/jbrogan4/scratch2/Reddit_Prov_Dataset_v5/_Airport_security_dog_with_ski_goggles_and_ear_protection/g225_root.jpg", "URL": "https://i.imgur.com/7Bqvv5a.jpg", "fileid": "g225_root.jpg"}, {"id": "g225_d7z0f0w", "comment": "[Oh my god, it's Doggo Bourne.](http://i.imgur.com/u7St5R1.png)\n\n\n^^im ^^sorry", "date": "2016-09-23 12:14:48", "seriesname": "g225_d7z0f0w", "file": "/media/jbrogan4/scratch2/Reddit_Prov_Dataset_v5/_Airport_security_dog_with_ski_goggles_and_ear_protection/g225_d7z0f0w.png", "URL": "http://i.imgur.com/u7St5R1.png", "fileid": "g225_d7z0f0w.png"}, {"id": "g225_d80f6me", "comment": "[I'll be your guide](http://i.imgur.com/mtYcupP.jpg)", "date": "2016-09-24 14:58:13", "seriesname": "g225_d80f6me", "file": "/media/jbrogan4/scratch2/Reddit_Prov_Dataset_v5/_Airport_security_dog_with_ski_goggles_and_ear_protection/g225_d80f6me.jpg", "URL": "http://i.imgur.com/mtYcupP.jpg", "fileid": "g225_d80f6me.jpg"}], "graph": {"name": "g225_root"}, "directed": true}