{"links": [{"op": "none", "target": 0, "source": 28}, {"op": "none", "target": 1, "source": 28}, {"op": "none", "target": 2, "source": 5}, {"op": "none", "target": 3, "source": 28}, {"op": "none", "target": 4, "source": 28}, {"op": "none", "target": 5, "source": 28}, {"op": "none", "target": 6, "source": 28}, {"op": "none", "target": 7, "source": 28}, {"op": "none", "target": 8, "source": 28}, {"op": "none", "target": 9, "source": 28}, {"op": "none", "target": 10, "source": 28}, {"op": "none", "target": 11, "source": 28}, {"op": "none", "target": 12, "source": 28}, {"op": "none", "target": 13, "source": 28}, {"op": "none", "target": 14, "source": 28}, {"op": "none", "target": 15, "source": 21}, {"op": "none", "target": 16, "source": 28}, {"op": "none", "target": 17, "source": 28}, {"op": "none", "target": 18, "source": 28}, {"op": "none", "target": 19, "source": 28}, {"op": "none", "target": 20, "source": 21}, {"op": "none", "target": 21, "source": 28}, {"op": "none", "target": 22, "source": 28}, {"op": "none", "target": 23, "source": 28}, {"op": "none", "target": 24, "source": 28}, {"op": "none", "target": 25, "source": 28}, {"op": "none", "target": 26, "source": 28}, {"op": "none", "target": 27, "source": 28}, {"op": "none", "target": 29, "source": 28}, {"op": "none", "target": 30, "source": 45}, {"op": "none", "target": 31, "source": 28}, {"op": "none", "target": 32, "source": 28}, {"op": "none", "target": 33, "source": 28}, {"op": "none", "target": 34, "source": 28}, {"op": "none", "target": 35, "source": 28}, {"op": "none", "target": 36, "source": 28}, {"op": "none", "target": 37, "source": 28}, {"op": "none", "target": 38, "source": 28}, {"op": "none", "target": 39, "source": 28}, {"op": "none", "target": 40, "source": 28}, {"op": "none", "target": 41, "source": 28}, {"op": "none", "target": 42, "source": 28}, {"op": "none", "target": 43, "source": 28}, {"op": "none", "target": 44, "source": 28}, {"op": "none", "target": 45, "source": 28}], "title": "_Brown_Squirrel", "nodes": [{"id": "g227_d7xoxno", "comment": "[Fist of Furry](http://i.imgur.com/bemVHLk.jpg)\n\n*[Creation gif](http://i.imgur.com/TKgP55p.gifv)*", "date": "2016-09-22 13:17:23", "seriesname": "g227_d7xoxno", "file": "/media/jbrogan4/scratch2/Reddit_Prov_Dataset_v5/_Brown_Squirrel/g227_d7xoxno.jpg", "URL": "http://i.imgur.com/bemVHLk.jpg", "fileid": "g227_d7xoxno.jpg"}, {"id": "g227_d7xp4kf", "comment": "http://i.imgur.com/dJonA2h.jpg B-Boy", "date": "2016-09-22 13:21:21", "seriesname": "g227_d7xp4kf", "file": "/media/jbrogan4/scratch2/Reddit_Prov_Dataset_v5/_Brown_Squirrel/g227_d7xp4kf.jpg", "URL": "http://i.imgur.com/dJonA2h.jpg", "fileid": "g227_d7xp4kf.jpg"}, {"id": "g227_d7y8bbm", "comment": "[Michael Phelps style](http://i.imgur.com/P6kKQJm.jpg)\n\n[Atlantic article on Mr. Phelps' anti-science role-modelling.](http://www.theatlantic.com/health/archive/2016/08/phelps-cupsanity/495026/)", "date": "2016-09-22 20:35:01", "seriesname": "g227_d7y8bbm", "file": "/media/jbrogan4/scratch2/Reddit_Prov_Dataset_v5/_Brown_Squirrel/g227_d7y8bbm.jpg", "URL": "http://i.imgur.com/P6kKQJm.jpg", "fileid": "g227_d7y8bbm.jpg"}, {"id": "g227_d7xnxdo", "comment": "[Hustler](http://i.imgur.com/3ZM5kqx.png)", "date": "2016-09-22 12:56:28", "seriesname": "g227_d7xnxdo", "file": "/media/jbrogan4/scratch2/Reddit_Prov_Dataset_v5/_Brown_Squirrel/g227_d7xnxdo.png", "URL": "http://i.imgur.com/3ZM5kqx.png", "fileid": "g227_d7xnxdo.png"}, {"id": "g227_d7xvgwn", "comment": "[Making cookies! :3](http://i.imgur.com/j9WNjIr.jpg)", "date": "2016-09-22 15:33:42", "seriesname": "g227_d7xvgwn", "file": "/media/jbrogan4/scratch2/Reddit_Prov_Dataset_v5/_Brown_Squirrel/g227_d7xvgwn.jpg", "URL": "http://i.imgur.com/j9WNjIr.jpg", "fileid": "g227_d7xvgwn.jpg"}, {"id": "g227_d7xuqgr", "comment": "[**Eye On The Prize**](http://i.imgur.com/eFPOlHi.jpg)\n\nEDIT:  [I like this one too.](https://www.reddit.com/r/photoshopbattles/comments/541iyz/psbattle_shark_bursting_out_of_the_ocean/d7yavvk)", "date": "2016-09-22 15:18:21", "seriesname": "g227_d7xuqgr", "file": "/media/jbrogan4/scratch2/Reddit_Prov_Dataset_v5/_Brown_Squirrel/g227_d7xuqgr.jpg", "URL": "http://i.imgur.com/eFPOlHi.jpg", "fileid": "g227_d7xuqgr.jpg"}, {"id": "g227_d7y8qjr", "comment": "[SuperSaiyen](http://img.photobucket.com/albums/v661/whitebeau/wut/2C045BDA-171B-40AB-AE2A-8142B1F5CAEE_zps74xpsz9m.jpg)\n\nPower stance made me think of this...", "date": "2016-09-22 20:45:37", "seriesname": "g227_d7y8qjr", "file": "/media/jbrogan4/scratch2/Reddit_Prov_Dataset_v5/_Brown_Squirrel/g227_d7y8qjr.jpg", "URL": "http://img.photobucket.com/albums/v661/whitebeau/wut/2C045BDA-171B-40AB-AE2A-8142B1F5CAEE_zps74xpsz9m.jpg", "fileid": "g227_d7y8qjr.jpg"}, {"id": "g227_d7xvh28", "comment": "[Police training](http://i.imgur.com/3BpOhua.jpg)", "date": "2016-09-22 15:33:47", "seriesname": "g227_d7xvh28", "file": "/media/jbrogan4/scratch2/Reddit_Prov_Dataset_v5/_Brown_Squirrel/g227_d7xvh28.jpg", "URL": "http://i.imgur.com/3BpOhua.jpg", "fileid": "g227_d7xvh28.jpg"}, {"id": "g227_d7xx27v", "comment": "[Captain Squirrel](http://i.imgur.com/gfB9LJ8.jpg)", "date": "2016-09-22 16:06:44", "seriesname": "g227_d7xx27v", "file": "/media/jbrogan4/scratch2/Reddit_Prov_Dataset_v5/_Brown_Squirrel/g227_d7xx27v.jpg", "URL": "http://i.imgur.com/gfB9LJ8.jpg", "fileid": "g227_d7xx27v.jpg"}, {"id": "g227_d7ywlni", "comment": "Iron Rat MK 42 http://i.imgur.com/FeSOQGJ.jpg, fixed it", "date": "2016-09-23 10:53:42", "seriesname": "g227_d7ywlni", "file": "/media/jbrogan4/scratch2/Reddit_Prov_Dataset_v5/_Brown_Squirrel/g227_d7ywlni.jpg", "URL": "http://i.imgur.com/FeSOQGJ.jpg,", "fileid": "g227_d7ywlni.jpg,"}, {"id": "g227_d7y30ev", "comment": "[He never asked for this.](http://i.imgur.com/RpGOYDp.png)", "date": "2016-09-22 18:21:03", "seriesname": "g227_d7y30ev", "file": "/media/jbrogan4/scratch2/Reddit_Prov_Dataset_v5/_Brown_Squirrel/g227_d7y30ev.png", "URL": "http://i.imgur.com/RpGOYDp.png", "fileid": "g227_d7y30ev.png"}, {"id": "g227_d7xxlfd", "comment": "[Professor Chaos](http://i.imgur.com/5zv3uQ0.jpg)", "date": "2016-09-22 16:18:11", "seriesname": "g227_d7xxlfd", "file": "/media/jbrogan4/scratch2/Reddit_Prov_Dataset_v5/_Brown_Squirrel/g227_d7xxlfd.jpg", "URL": "http://i.imgur.com/5zv3uQ0.jpg", "fileid": "g227_d7xxlfd.jpg"}, {"id": "g227_d7xpbh2", "comment": "FINISH HIM!\n\nhttp://imgur.com/3fpRP0Z\n\n", "date": "2016-09-22 13:25:17", "seriesname": "g227_d7xpbh2", "file": "/media/jbrogan4/scratch2/Reddit_Prov_Dataset_v5/_Brown_Squirrel/g227_d7xpbh2.png", "URL": "http://i.imgur.com/3fpRP0Z.png", "fileid": "g227_d7xpbh2.png"}, {"id": "g227_d7y9fb9", "comment": "[It Came From Beneath The Tree](http://i.imgur.com/xdYP6if.jpg)", "date": "2016-09-22 21:02:20", "seriesname": "g227_d7y9fb9", "file": "/media/jbrogan4/scratch2/Reddit_Prov_Dataset_v5/_Brown_Squirrel/g227_d7y9fb9.jpg", "URL": "http://i.imgur.com/xdYP6if.jpg", "fileid": "g227_d7y9fb9.jpg"}, {"id": "g227_d7y3zxb", "comment": "[He who wields the hammer of Thor](http://i.imgur.com/6T4GEJT.jpg)\n", "date": "2016-09-22 18:44:58", "seriesname": "g227_d7y3zxb", "file": "/media/jbrogan4/scratch2/Reddit_Prov_Dataset_v5/_Brown_Squirrel/g227_d7y3zxb.jpg", "URL": "http://i.imgur.com/6T4GEJT.jpg", "fileid": "g227_d7y3zxb.jpg"}, {"id": "g227_d7yrdfx", "comment": "Like this?\n\nhttp://i.imgur.com/aWpzMOQ.png ", "date": "2016-09-23 08:35:37", "seriesname": "g227_d7yrdfx", "file": "/media/jbrogan4/scratch2/Reddit_Prov_Dataset_v5/_Brown_Squirrel/g227_d7yrdfx.png", "URL": "http://i.imgur.com/aWpzMOQ.png", "fileid": "g227_d7yrdfx.png"}, {"id": "g227_d7y7jda", "comment": "[New Kung Fu Panda's friend!](http://i.imgur.com/2pqFKcb.jpg)", "date": "2016-09-22 20:15:19", "seriesname": "g227_d7y7jda", "file": "/media/jbrogan4/scratch2/Reddit_Prov_Dataset_v5/_Brown_Squirrel/g227_d7y7jda.jpg", "URL": "http://i.imgur.com/2pqFKcb.jpg", "fileid": "g227_d7y7jda.jpg"}, {"id": "g227_d7y9mm8", "comment": "Little late to the show but..\n[You Are NOT Prepared!](http://i.imgur.com/t0J6tIv.png)", "date": "2016-09-22 21:06:49", "seriesname": "g227_d7y9mm8", "file": "/media/jbrogan4/scratch2/Reddit_Prov_Dataset_v5/_Brown_Squirrel/g227_d7y9mm8.png", "URL": "http://i.imgur.com/t0J6tIv.png", "fileid": "g227_d7y9mm8.png"}, {"id": "g227_d7y17ev", "comment": "[Back to Back](http://i.imgur.com/tslJDnu.png)", "date": "2016-09-22 17:38:03", "seriesname": "g227_d7y17ev", "file": "/media/jbrogan4/scratch2/Reddit_Prov_Dataset_v5/_Brown_Squirrel/g227_d7y17ev.png", "URL": "http://i.imgur.com/tslJDnu.png", "fileid": "g227_d7y17ev.png"}, {"id": "g227_d7y451e", "comment": "[He is The One](http://i.imgur.com/SPQyolN.jpg)", "date": "2016-09-22 18:48:27", "seriesname": "g227_d7y451e", "file": "/media/jbrogan4/scratch2/Reddit_Prov_Dataset_v5/_Brown_Squirrel/g227_d7y451e.jpg", "URL": "http://i.imgur.com/SPQyolN.jpg", "fileid": "g227_d7y451e.jpg"}, {"id": "g227_d7yofhf", "comment": "I'm not great with PS but I tried!\nhttp://imgur.com/OowSUy4", "date": "2016-09-23 06:27:13", "seriesname": "g227_d7yofhf", "file": "/media/jbrogan4/scratch2/Reddit_Prov_Dataset_v5/_Brown_Squirrel/g227_d7yofhf.png", "URL": "http://i.imgur.com/OowSUy4.png", "fileid": "g227_d7yofhf.png"}, {"id": "g227_d7xph0j", "comment": "[Darth Squeek](http://i.imgur.com/6KrbdgW.png)", "date": "2016-09-22 13:28:24", "seriesname": "g227_d7xph0j", "file": "/media/jbrogan4/scratch2/Reddit_Prov_Dataset_v5/_Brown_Squirrel/g227_d7xph0j.png", "URL": "http://i.imgur.com/6KrbdgW.png", "fileid": "g227_d7xph0j.png"}, {"id": "g227_d7yd658", "comment": "[Pokemon Stadium minigame ](https://m.imgur.com/wS2mCJw) \n\n(First entry !)", "date": "2016-09-22 22:33:17", "seriesname": "g227_d7yd658", "file": "/media/jbrogan4/scratch2/Reddit_Prov_Dataset_v5/_Brown_Squirrel/g227_d7yd658.png", "URL": "http://i.imgur.com/wS2mCJw.png", "fileid": "g227_d7yd658.png"}, {"id": "g227_d7xvnsw", "comment": "[Gettin' Oldschool](http://imgur.com/92KRfMM)\n", "date": "2016-09-22 15:37:40", "seriesname": "g227_d7xvnsw", "file": "/media/jbrogan4/scratch2/Reddit_Prov_Dataset_v5/_Brown_Squirrel/g227_d7xvnsw.png", "URL": "http://i.imgur.com/92KRfMM.png", "fileid": "g227_d7xvnsw.png"}, {"id": "g227_d7ycyv8", "comment": "I am a little late but [In a hole in the ground there lived a hob..squirrel](http://i.imgur.com/HktSeoy.jpg)", "date": "2016-09-22 22:28:26", "seriesname": "g227_d7ycyv8", "file": "/media/jbrogan4/scratch2/Reddit_Prov_Dataset_v5/_Brown_Squirrel/g227_d7ycyv8.jpg", "URL": "http://i.imgur.com/HktSeoy.jpg", "fileid": "g227_d7ycyv8.jpg"}, {"id": "g227_d7y0f18", "comment": "[Seven Days...](http://i.imgur.com/ZvSYQIG.jpg)", "date": "2016-09-22 17:20:05", "seriesname": "g227_d7y0f18", "file": "/media/jbrogan4/scratch2/Reddit_Prov_Dataset_v5/_Brown_Squirrel/g227_d7y0f18.jpg", "URL": "http://i.imgur.com/ZvSYQIG.jpg", "fileid": "g227_d7y0f18.jpg"}, {"id": "g227_d7ybu6r", "comment": "Happy fall everyone! http://imgur.com/gallery/YzbKGeo", "date": "2016-09-22 22:00:38", "seriesname": "g227_d7ybu6r", "file": "/media/jbrogan4/scratch2/Reddit_Prov_Dataset_v5/_Brown_Squirrel/g227_d7ybu6r.png", "URL": "http://i.imgur.com/YzbKGeo.png", "fileid": "g227_d7ybu6r.png"}, {"id": "g227_d7xzyci", "comment": "Three years ago, in our senior year, my friend and I made this in computer class, we submitted to r/photoshopbattles not knowing it was for un-photoshopped images for other people to Photoshop. It's our time to shine /u/Jancer16.   http://imgur.com/EDJFPu3", "date": "2016-09-22 17:09:30", "seriesname": "g227_d7xzyci", "file": "/media/jbrogan4/scratch2/Reddit_Prov_Dataset_v5/_Brown_Squirrel/g227_d7xzyci.png", "URL": "http://i.imgur.com/EDJFPu3.png", "fileid": "g227_d7xzyci.png"}, {"id": "g227_root", "comment": "", "date": "2016-09-22 10:52:50", "seriesname": "g227_root", "file": "/media/jbrogan4/scratch2/Reddit_Prov_Dataset_v5/_Brown_Squirrel/g227_root.jpg", "URL": "http://i.imgur.com/ncZLvG6.jpg", "fileid": "g227_root.jpg"}, {"id": "g227_d7xs1n0", "comment": "Surfing..... http://i.imgur.com/2b89aLm.jpg ", "date": "2016-09-22 14:22:06", "seriesname": "g227_d7xs1n0", "file": "/media/jbrogan4/scratch2/Reddit_Prov_Dataset_v5/_Brown_Squirrel/g227_d7xs1n0.jpg", "URL": "http://i.imgur.com/2b89aLm.jpg", "fileid": "g227_d7xs1n0.jpg"}, {"id": "g227_d7xrgfb", "comment": "[Does it?](http://i.imgur.com/AefOf2P.jpg)", "date": "2016-09-22 14:09:44", "seriesname": "g227_d7xrgfb", "file": "/media/jbrogan4/scratch2/Reddit_Prov_Dataset_v5/_Brown_Squirrel/g227_d7xrgfb.jpg", "URL": "http://i.imgur.com/AefOf2P.jpg", "fileid": "g227_d7xrgfb.jpg"}, {"id": "g227_d7xogft", "comment": "[Say that again](http://i.imgur.com/MJW7HCe.jpg)", "date": "2016-09-22 13:07:24", "seriesname": "g227_d7xogft", "file": "/media/jbrogan4/scratch2/Reddit_Prov_Dataset_v5/_Brown_Squirrel/g227_d7xogft.jpg", "URL": "http://i.imgur.com/MJW7HCe.jpg", "fileid": "g227_d7xogft.jpg"}, {"id": "g227_d7xrpkc", "comment": "[kuchiyose no jutsu!](http://i.imgur.com/up3i38a.png)", "date": "2016-09-22 14:15:02", "seriesname": "g227_d7xrpkc", "file": "/media/jbrogan4/scratch2/Reddit_Prov_Dataset_v5/_Brown_Squirrel/g227_d7xrpkc.png", "URL": "http://i.imgur.com/up3i38a.png", "fileid": "g227_d7xrpkc.png"}, {"id": "g227_d7xv19j", "comment": "[Butcher](http://imgur.com/rdsCkMd)", "date": "2016-09-22 15:24:36", "seriesname": "g227_d7xv19j", "file": "/media/jbrogan4/scratch2/Reddit_Prov_Dataset_v5/_Brown_Squirrel/g227_d7xv19j.png", "URL": "http://i.imgur.com/rdsCkMd.png", "fileid": "g227_d7xv19j.png"}, {"id": "g227_d7ycbk1", "comment": "Someone please do the [Halo 4 cover](http://images.vg247.com/current//2012/05/20120515halo4_full_1.jpg)", "date": "2016-09-22 22:12:58", "seriesname": "g227_d7ycbk1", "file": "/media/jbrogan4/scratch2/Reddit_Prov_Dataset_v5/_Brown_Squirrel/g227_d7ycbk1.jpg", "URL": "http://images.vg247.com/current//2012/05/20120515halo4_full_1.jpg", "fileid": "g227_d7ycbk1.jpg"}, {"id": "g227_d7xsfe9", "comment": "http://i.imgur.com/ESIkhui.jpg", "date": "2016-09-22 14:30:03", "seriesname": "g227_d7xsfe9", "file": "/media/jbrogan4/scratch2/Reddit_Prov_Dataset_v5/_Brown_Squirrel/g227_d7xsfe9.jpg", "URL": "http://i.imgur.com/ESIkhui.jpg", "fileid": "g227_d7xsfe9.jpg"}, {"id": "g227_d7xrr2z", "comment": "This was actually submitted three years ago when this sub was still sorta new. Here's my three year old take on it:\n\n[Charging Power!](http://imgur.com/ca2w4)\n\nLink: https://m.reddit.com/r/photoshopbattles/comments/13tz0c/attacking_squirrel/", "date": "2016-09-22 14:15:55", "seriesname": "g227_d7xrr2z", "file": "/media/jbrogan4/scratch2/Reddit_Prov_Dataset_v5/_Brown_Squirrel/g227_d7xrr2z.png", "URL": "http://i.imgur.com/ca2w4.png", "fileid": "g227_d7xrr2z.png"}, {"id": "g227_d7zakh6", "comment": "[Get A Nut](http://i.imgur.com/H4cheNJ.jpg)", "date": "2016-09-23 15:49:53", "seriesname": "g227_d7zakh6", "file": "/media/jbrogan4/scratch2/Reddit_Prov_Dataset_v5/_Brown_Squirrel/g227_d7zakh6.jpg", "URL": "http://i.imgur.com/H4cheNJ.jpg", "fileid": "g227_d7zakh6.jpg"}, {"id": "g227_d7xxuci", "comment": "[Damn you, Frieza! Now I'm going NUUUUUUUTS!](http://imgur.com/wBoRjBn)", "date": "2016-09-22 16:23:35", "seriesname": "g227_d7xxuci", "file": "/media/jbrogan4/scratch2/Reddit_Prov_Dataset_v5/_Brown_Squirrel/g227_d7xxuci.png", "URL": "http://i.imgur.com/wBoRjBn.png", "fileid": "g227_d7xxuci.png"}, {"id": "g227_d7ylozc", "comment": "[Badass Surfing](http://i.imgur.com/Fmw1h0q.jpg)", "date": "2016-09-23 03:40:33", "seriesname": "g227_d7ylozc", "file": "/media/jbrogan4/scratch2/Reddit_Prov_Dataset_v5/_Brown_Squirrel/g227_d7ylozc.jpg", "URL": "http://i.imgur.com/Fmw1h0q.jpg", "fileid": "g227_d7ylozc.jpg"}, {"id": "g227_d7xltcx", "comment": "[Cheap game mechanics](http://i.imgur.com/BEcGd5q.png)", "date": "2016-09-22 12:12:39", "seriesname": "g227_d7xltcx", "file": "/media/jbrogan4/scratch2/Reddit_Prov_Dataset_v5/_Brown_Squirrel/g227_d7xltcx.png", "URL": "http://i.imgur.com/BEcGd5q.png", "fileid": "g227_d7xltcx.png"}, {"id": "g227_d7y0fjp", "comment": "[Samurai Squirrel](http://i.imgur.com/uJiV2B3.jpg)", "date": "2016-09-22 17:20:25", "seriesname": "g227_d7y0fjp", "file": "/media/jbrogan4/scratch2/Reddit_Prov_Dataset_v5/_Brown_Squirrel/g227_d7y0fjp.jpg", "URL": "http://i.imgur.com/uJiV2B3.jpg", "fileid": "g227_d7y0fjp.jpg"}, {"id": "g227_d7xyccm", "comment": "[Kamehameha!](http://i.imgur.com/qiCLh34.jpg)", "date": "2016-09-22 16:34:17", "seriesname": "g227_d7xyccm", "file": "/media/jbrogan4/scratch2/Reddit_Prov_Dataset_v5/_Brown_Squirrel/g227_d7xyccm.jpg", "URL": "http://i.imgur.com/qiCLh34.jpg", "fileid": "g227_d7xyccm.jpg"}, {"id": "g227_d7xylqq", "comment": "[Mahjong](http://i.imgur.com/hLMWpyX.jpg)", "date": "2016-09-22 16:39:52", "seriesname": "g227_d7xylqq", "file": "/media/jbrogan4/scratch2/Reddit_Prov_Dataset_v5/_Brown_Squirrel/g227_d7xylqq.jpg", "URL": "http://i.imgur.com/hLMWpyX.jpg", "fileid": "g227_d7xylqq.jpg"}, {"id": "g227_d7y997j", "comment": "[The Coon!](http://i.imgur.com/HZPiQvX.jpg)", "date": "2016-09-22 20:58:26", "seriesname": "g227_d7y997j", "file": "/media/jbrogan4/scratch2/Reddit_Prov_Dataset_v5/_Brown_Squirrel/g227_d7y997j.jpg", "URL": "http://i.imgur.com/HZPiQvX.jpg", "fileid": "g227_d7y997j.jpg"}, {"id": "g227_d7xlii8", "comment": "[lol, I shouldn't have bothered. Yours is way better!](http://i.imgur.com/yAEq5by.jpg) ", "date": "2016-09-22 12:06:11", "seriesname": "g227_d7xlii8", "file": "/media/jbrogan4/scratch2/Reddit_Prov_Dataset_v5/_Brown_Squirrel/g227_d7xlii8.jpg", "URL": "http://i.imgur.com/yAEq5by.jpg", "fileid": "g227_d7xlii8.jpg"}], "graph": {"name": "g227_root"}, "directed": true}