{"links": [{"op": "none", "target": 0, "source": 45}, {"op": "none", "target": 1, "source": 45}, {"op": "none", "target": 2, "source": 45}, {"op": "none", "target": 3, "source": 45}, {"op": "none", "target": 4, "source": 45}, {"op": "none", "target": 5, "source": 45}, {"op": "none", "target": 6, "source": 45}, {"op": "none", "target": 7, "source": 45}, {"op": "none", "target": 8, "source": 45}, {"op": "none", "target": 9, "source": 27}, {"op": "none", "target": 10, "source": 45}, {"op": "none", "target": 11, "source": 10}, {"op": "none", "target": 12, "source": 45}, {"op": "none", "target": 13, "source": 45}, {"op": "none", "target": 14, "source": 35}, {"op": "none", "target": 15, "source": 45}, {"op": "none", "target": 16, "source": 45}, {"op": "none", "target": 17, "source": 45}, {"op": "none", "target": 18, "source": 10}, {"op": "none", "target": 19, "source": 33}, {"op": "none", "target": 20, "source": 10}, {"op": "none", "target": 21, "source": 45}, {"op": "none", "target": 22, "source": 45}, {"op": "none", "target": 23, "source": 45}, {"op": "none", "target": 24, "source": 10}, {"op": "none", "target": 25, "source": 8}, {"op": "none", "target": 26, "source": 22}, {"op": "none", "target": 27, "source": 45}, {"op": "none", "target": 28, "source": 31}, {"op": "none", "target": 29, "source": 45}, {"op": "none", "target": 30, "source": 45}, {"op": "none", "target": 31, "source": 45}, {"op": "none", "target": 32, "source": 45}, {"op": "none", "target": 33, "source": 45}, {"op": "none", "target": 34, "source": 45}, {"op": "none", "target": 35, "source": 13}, {"op": "none", "target": 36, "source": 10}, {"op": "none", "target": 37, "source": 1}, {"op": "none", "target": 38, "source": 45}, {"op": "none", "target": 39, "source": 10}, {"op": "none", "target": 40, "source": 45}, {"op": "none", "target": 41, "source": 14}, {"op": "none", "target": 42, "source": 45}, {"op": "none", "target": 43, "source": 45}, {"op": "none", "target": 44, "source": 45}, {"op": "none", "target": 46, "source": 45}], "title": "_Time_slice_photography_of_the_Moon_rising_over_Los_Angeles", "nodes": [{"id": "g275_d2vm0qu", "comment": "http://i.imgur.com/DRB92pl.jpg\n\nThat's no moon...", "date": "2016-05-06 16:43:10", "seriesname": "g275_d2vm0qu", "file": "/media/jbrogan4/scratch2/Reddit_Prov_Dataset_v5/_Time_slice_photography_of_the_Moon_rising_over_Los_Angeles/g275_d2vm0qu.jpg", "URL": "http://i.imgur.com/DRB92pl.jpg", "fileid": "g275_d2vm0qu.jpg"}, {"id": "g275_d2v78he", "comment": "[Dance with the devil in the pale moonlight.](http://imgur.com/FyIKbub)", "date": "2016-05-06 11:09:46", "seriesname": "g275_d2v78he", "file": "/media/jbrogan4/scratch2/Reddit_Prov_Dataset_v5/_Time_slice_photography_of_the_Moon_rising_over_Los_Angeles/g275_d2v78he.png", "URL": "http://i.imgur.com/FyIKbub.png", "fileid": "g275_d2v78he.png"}, {"id": "g275_d2vc1ub", "comment": "[Gotta stop Gohan!](http://imgur.com/gallery/aGN5Dh9)", "date": "2016-05-06 12:56:00", "seriesname": "g275_d2vc1ub", "file": "/media/jbrogan4/scratch2/Reddit_Prov_Dataset_v5/_Time_slice_photography_of_the_Moon_rising_over_Los_Angeles/g275_d2vc1ub.png", "URL": "http://i.imgur.com/aGN5Dh9.png", "fileid": "g275_d2vc1ub.png"}, {"id": "g275_d2vbd6x", "comment": "http://i.imgur.com/nqe6j5U.jpg", "date": "2016-05-06 12:41:10", "seriesname": "g275_d2vbd6x", "file": "/media/jbrogan4/scratch2/Reddit_Prov_Dataset_v5/_Time_slice_photography_of_the_Moon_rising_over_Los_Angeles/g275_d2vbd6x.jpg", "URL": "http://i.imgur.com/nqe6j5U.jpg", "fileid": "g275_d2vbd6x.jpg"}, {"id": "g275_d2v5kyl", "comment": "Maybe somebody else can make a good version of this, but here you go:\n\nhttp://imgur.com/0qUIudM", "date": "2016-05-06 10:31:37", "seriesname": "g275_d2v5kyl", "file": "/media/jbrogan4/scratch2/Reddit_Prov_Dataset_v5/_Time_slice_photography_of_the_Moon_rising_over_Los_Angeles/g275_d2v5kyl.png", "URL": "http://i.imgur.com/0qUIudM.png", "fileid": "g275_d2v5kyl.png"}, {"id": "g275_d2v9q4v", "comment": "[Photobomb](http://i.imgur.com/pOxSvKt.jpg?1)", "date": "2016-05-06 12:04:50", "seriesname": "g275_d2v9q4v", "file": "/media/jbrogan4/scratch2/Reddit_Prov_Dataset_v5/_Time_slice_photography_of_the_Moon_rising_over_Los_Angeles/g275_d2v9q4v.jpg", "URL": "http://i.imgur.com/pOxSvKt.jpg?1", "fileid": "g275_d2v9q4v.jpg"}, {"id": "g275_d2vcqmr", "comment": "[IMA FIRIN MA LAZER!!!!](http://i.imgur.com/qMQ6Css.jpg)", "date": "2016-05-06 13:11:21", "seriesname": "g275_d2vcqmr", "file": "/media/jbrogan4/scratch2/Reddit_Prov_Dataset_v5/_Time_slice_photography_of_the_Moon_rising_over_Los_Angeles/g275_d2vcqmr.jpg", "URL": "http://i.imgur.com/qMQ6Css.jpg", "fileid": "g275_d2vcqmr.jpg"}, {"id": "g275_d2vmsx8", "comment": "[Can someone photoshop the moon between my fingers?](http://imgur.com/a0dcg55)", "date": "2016-05-06 17:01:38", "seriesname": "g275_d2vmsx8", "file": "/media/jbrogan4/scratch2/Reddit_Prov_Dataset_v5/_Time_slice_photography_of_the_Moon_rising_over_Los_Angeles/g275_d2vmsx8.png", "URL": "http://i.imgur.com/a0dcg55.png", "fileid": "g275_d2vmsx8.png"}, {"id": "g275_d2v54yx", "comment": "http://i.imgur.com/0z9K3it.jpg", "date": "2016-05-06 10:20:43", "seriesname": "g275_d2v54yx", "file": "/media/jbrogan4/scratch2/Reddit_Prov_Dataset_v5/_Time_slice_photography_of_the_Moon_rising_over_Los_Angeles/g275_d2v54yx.jpg", "URL": "http://i.imgur.com/0z9K3it.jpg", "fileid": "g275_d2v54yx.jpg"}, {"id": "g275_d2vsz1k", "comment": "He's actually not moving at all, he's just hovering in mid air. He only appears to be moving due to Earth's rotation, as seen here: http://giant.gfycat.com/InexperiencedQuestionableAegeancat.gif", "date": "2016-05-06 19:50:39", "seriesname": "g275_d2vsz1k", "file": "/media/jbrogan4/scratch2/Reddit_Prov_Dataset_v5/_Time_slice_photography_of_the_Moon_rising_over_Los_Angeles/g275_d2vsz1k.jpg", "URL": "http://giant.gfycat.com/InexperiencedQuestionableAegeancat.gif", "fileid": "g275_d2vsz1k.gif"}, {"id": "g275_d2v62zl", "comment": "[Blinds](http://i.imgur.com/xCUfMsv.jpg)", "date": "2016-05-06 10:43:31", "seriesname": "g275_d2v62zl", "file": "/media/jbrogan4/scratch2/Reddit_Prov_Dataset_v5/_Time_slice_photography_of_the_Moon_rising_over_Los_Angeles/g275_d2v62zl.jpg", "URL": "http://i.imgur.com/xCUfMsv.jpg", "fileid": "g275_d2v62zl.jpg"}, {"id": "g275_d2v9nyz", "comment": "Why would you need it sharper?\n\n[Does this work for you?](http://imgur.com/1sx0HWW)", "date": "2016-05-06 12:03:26", "seriesname": "g275_d2v9nyz", "file": "/media/jbrogan4/scratch2/Reddit_Prov_Dataset_v5/_Time_slice_photography_of_the_Moon_rising_over_Los_Angeles/g275_d2v9nyz.png", "URL": "http://i.imgur.com/1sx0HWW.png", "fileid": "g275_d2v9nyz.png"}, {"id": "g275_d2vktma", "comment": "[Poorly Blended](http://i.imgur.com/lDIp6EV.jpg)", "date": "2016-05-06 16:15:31", "seriesname": "g275_d2vktma", "file": "/media/jbrogan4/scratch2/Reddit_Prov_Dataset_v5/_Time_slice_photography_of_the_Moon_rising_over_Los_Angeles/g275_d2vktma.jpg", "URL": "http://i.imgur.com/lDIp6EV.jpg", "fileid": "g275_d2vktma.jpg"}, {"id": "g275_d2v7psi", "comment": "[Straightened](http://i.imgur.com/lvfGyVA.jpg)\n", "date": "2016-05-06 11:20:31", "seriesname": "g275_d2v7psi", "file": "/media/jbrogan4/scratch2/Reddit_Prov_Dataset_v5/_Time_slice_photography_of_the_Moon_rising_over_Los_Angeles/g275_d2v7psi.jpg", "URL": "http://i.imgur.com/lvfGyVA.jpg", "fileid": "g275_d2v7psi.jpg"}, {"id": "g275_d2vsel4", "comment": "[I tried...](http://imgur.com/P9kq2eU)\n\nHonestly I'm not even sure if this is exactly what you wanted but I had some time so I felt like at least trying to do something cool.", "date": "2016-05-06 19:34:22", "seriesname": "g275_d2vsel4", "file": "/media/jbrogan4/scratch2/Reddit_Prov_Dataset_v5/_Time_slice_photography_of_the_Moon_rising_over_Los_Angeles/g275_d2vsel4.png", "URL": "http://i.imgur.com/P9kq2eU.png", "fileid": "g275_d2vsel4.png"}, {"id": "g275_d2v8ifn", "comment": "[A triumphant return.](http://i.imgur.com/rcDcdfb.png)", "date": "2016-05-06 11:38:07", "seriesname": "g275_d2v8ifn", "file": "/media/jbrogan4/scratch2/Reddit_Prov_Dataset_v5/_Time_slice_photography_of_the_Moon_rising_over_Los_Angeles/g275_d2v8ifn.png", "URL": "http://i.imgur.com/rcDcdfb.png", "fileid": "g275_d2v8ifn.png"}, {"id": "g275_d2vfqn3", "comment": "[Orlando](http://i.imgur.com/oQZqv28.jpg)", "date": "2016-05-06 14:18:18", "seriesname": "g275_d2vfqn3", "file": "/media/jbrogan4/scratch2/Reddit_Prov_Dataset_v5/_Time_slice_photography_of_the_Moon_rising_over_Los_Angeles/g275_d2vfqn3.jpg", "URL": "http://i.imgur.com/oQZqv28.jpg", "fileid": "g275_d2vfqn3.jpg"}, {"id": "g275_d2vf7f8", "comment": "[Can You Please Photoshop The Moon Between My Fingers?](http://i.imgur.com/p9IccFl.jpg?1)", "date": "2016-05-06 14:06:26", "seriesname": "g275_d2vf7f8", "file": "/media/jbrogan4/scratch2/Reddit_Prov_Dataset_v5/_Time_slice_photography_of_the_Moon_rising_over_Los_Angeles/g275_d2vf7f8.jpg", "URL": "http://i.imgur.com/p9IccFl.jpg?1", "fileid": "g275_d2vf7f8.jpg"}, {"id": "g275_d2vguo7", "comment": "&gt; think outside of the box\n\n[Done](http://imgur.com/BaLJLLV)", "date": "2016-05-06 14:43:06", "seriesname": "g275_d2vguo7", "file": "/media/jbrogan4/scratch2/Reddit_Prov_Dataset_v5/_Time_slice_photography_of_the_Moon_rising_over_Los_Angeles/g275_d2vguo7.png", "URL": "http://i.imgur.com/BaLJLLV.png", "fileid": "g275_d2vguo7.png"}, {"id": "g275_d2vbeg5", "comment": "Link because I was curious: http://m.imgur.com/gallery/xQ35UUr", "date": "2016-05-06 12:41:56", "seriesname": "g275_d2vbeg5", "file": "/media/jbrogan4/scratch2/Reddit_Prov_Dataset_v5/_Time_slice_photography_of_the_Moon_rising_over_Los_Angeles/g275_d2vbeg5.png", "URL": "http://i.imgur.com/xQ35UUr.png", "fileid": "g275_d2vbeg5.png"}, {"id": "g275_d2v9ed4", "comment": "[Peek-A-Boo](http://i.imgur.com/pm5wR2j.jpg).", "date": "2016-05-06 11:57:34", "seriesname": "g275_d2v9ed4", "file": "/media/jbrogan4/scratch2/Reddit_Prov_Dataset_v5/_Time_slice_photography_of_the_Moon_rising_over_Los_Angeles/g275_d2v9ed4.jpg", "URL": "http://i.imgur.com/pm5wR2j.jpg).", "fileid": "g275_d2v9ed4."}, {"id": "g275_d2vaqyb", "comment": "[Welcome to Home Depot.](http://i.imgur.com/Tt8VDnT.jpg)", "date": "2016-05-06 12:27:41", "seriesname": "g275_d2vaqyb", "file": "/media/jbrogan4/scratch2/Reddit_Prov_Dataset_v5/_Time_slice_photography_of_the_Moon_rising_over_Los_Angeles/g275_d2vaqyb.jpg", "URL": "http://i.imgur.com/Tt8VDnT.jpg", "fileid": "g275_d2vaqyb.jpg"}, {"id": "g275_d2v5rlg", "comment": "http://i.imgur.com/ARyuGxA.jpg", "date": "2016-05-06 10:36:06", "seriesname": "g275_d2v5rlg", "file": "/media/jbrogan4/scratch2/Reddit_Prov_Dataset_v5/_Time_slice_photography_of_the_Moon_rising_over_Los_Angeles/g275_d2v5rlg.jpg", "URL": "http://i.imgur.com/ARyuGxA.jpg", "fileid": "g275_d2v5rlg.jpg"}, {"id": "g275_d2v651y", "comment": "[Kamehameha!](http://i.imgur.com/2yBSKsp.png)", "date": "2016-05-06 10:44:50", "seriesname": "g275_d2v651y", "file": "/media/jbrogan4/scratch2/Reddit_Prov_Dataset_v5/_Time_slice_photography_of_the_Moon_rising_over_Los_Angeles/g275_d2v651y.png", "URL": "http://i.imgur.com/2yBSKsp.png", "fileid": "g275_d2v651y.png"}, {"id": "g275_d2v6tsj", "comment": "Beat me to it! **[Here's my shop'.](http://i.imgur.com/ef7uBXj.jpg)**", "date": "2016-05-06 11:00:37", "seriesname": "g275_d2v6tsj", "file": "/media/jbrogan4/scratch2/Reddit_Prov_Dataset_v5/_Time_slice_photography_of_the_Moon_rising_over_Los_Angeles/g275_d2v6tsj.jpg", "URL": "http://i.imgur.com/ef7uBXj.jpg)**", "fileid": "g275_d2v6tsj.jpg**"}, {"id": "g275_d2vhdag", "comment": "Is [this](http://i.imgur.com/Y8gu5xs.jpg) what you're after?", "date": "2016-05-06 14:54:47", "seriesname": "g275_d2vhdag", "file": "/media/jbrogan4/scratch2/Reddit_Prov_Dataset_v5/_Time_slice_photography_of_the_Moon_rising_over_Los_Angeles/g275_d2vhdag.jpg", "URL": "http://i.imgur.com/Y8gu5xs.jpg", "fileid": "g275_d2vhdag.jpg"}, {"id": "g275_d2vh60a", "comment": "[Los Angeles shot first.](http://i.imgur.com/rYwcUlY.gif)", "date": "2016-05-06 14:50:13", "seriesname": "g275_d2vh60a", "file": "/media/jbrogan4/scratch2/Reddit_Prov_Dataset_v5/_Time_slice_photography_of_the_Moon_rising_over_Los_Angeles/g275_d2vh60a.jpg", "URL": "http://i.imgur.com/rYwcUlY.gif", "fileid": "g275_d2vh60a.gif"}, {"id": "g275_d2v74zh", "comment": "[Imgur](http://i.imgur.com/g5hEzEU.jpg)", "date": "2016-05-06 11:07:37", "seriesname": "g275_d2v74zh", "file": "/media/jbrogan4/scratch2/Reddit_Prov_Dataset_v5/_Time_slice_photography_of_the_Moon_rising_over_Los_Angeles/g275_d2v74zh.jpg", "URL": "http://i.imgur.com/g5hEzEU.jpg", "fileid": "g275_d2v74zh.jpg"}, {"id": "g275_d2vxd3g", "comment": "[Tesla Gone Mad - Shock the Kid] (http://i.imgur.com/qenOvYB.png)", "date": "2016-05-06 22:02:47", "seriesname": "g275_d2vxd3g", "file": "/media/jbrogan4/scratch2/Reddit_Prov_Dataset_v5/_Time_slice_photography_of_the_Moon_rising_over_Los_Angeles/g275_d2vxd3g.png", "URL": "http://i.imgur.com/qenOvYB.png", "fileid": "g275_d2vxd3g.png"}, {"id": "g275_d2v6be7", "comment": "[An elegant weapon for a more civilized age.](http://i.imgur.com/AxN5eQi.jpg?1)", "date": "2016-05-06 10:48:58", "seriesname": "g275_d2v6be7", "file": "/media/jbrogan4/scratch2/Reddit_Prov_Dataset_v5/_Time_slice_photography_of_the_Moon_rising_over_Los_Angeles/g275_d2v6be7.jpg", "URL": "http://i.imgur.com/AxN5eQi.jpg?1", "fileid": "g275_d2v6be7.jpg"}, {"id": "g275_d2vd6f7", "comment": "[http://i.imgur.com/Lxl2Ue1.jpg](http://i.imgur.com/Lxl2Ue1.jpg)", "date": "2016-05-06 13:21:12", "seriesname": "g275_d2vd6f7", "file": "/media/jbrogan4/scratch2/Reddit_Prov_Dataset_v5/_Time_slice_photography_of_the_Moon_rising_over_Los_Angeles/g275_d2vd6f7.jpg", "URL": "http://i.imgur.com/Lxl2Ue1.jpg](http://i.imgur.com/Lxl2Ue1.jpg", "fileid": "g275_d2vd6f7.jpg"}, {"id": "g275_d2v58d5", "comment": "[Tesla gone crazy](http://i.imgur.com/OuiN1wp.jpg?1)", "date": "2016-05-06 10:23:05", "seriesname": "g275_d2v58d5", "file": "/media/jbrogan4/scratch2/Reddit_Prov_Dataset_v5/_Time_slice_photography_of_the_Moon_rising_over_Los_Angeles/g275_d2v58d5.jpg", "URL": "http://i.imgur.com/OuiN1wp.jpg?1", "fileid": "g275_d2v58d5.jpg"}, {"id": "g275_d2v7bsc", "comment": "[Graffiti](http://i.imgur.com/OpwrwlD.jpg)", "date": "2016-05-06 11:11:49", "seriesname": "g275_d2v7bsc", "file": "/media/jbrogan4/scratch2/Reddit_Prov_Dataset_v5/_Time_slice_photography_of_the_Moon_rising_over_Los_Angeles/g275_d2v7bsc.jpg", "URL": "http://i.imgur.com/OpwrwlD.jpg", "fileid": "g275_d2v7bsc.jpg"}, {"id": "g275_d2v5pr5", "comment": "[Fire the Lazaaaar!](http://imgur.com/f7eMMb2)", "date": "2016-05-06 10:34:51", "seriesname": "g275_d2v5pr5", "file": "/media/jbrogan4/scratch2/Reddit_Prov_Dataset_v5/_Time_slice_photography_of_the_Moon_rising_over_Los_Angeles/g275_d2v5pr5.png", "URL": "http://i.imgur.com/f7eMMb2.png", "fileid": "g275_d2v5pr5.png"}, {"id": "g275_d2vh7gl", "comment": "[woven .... meh ](http://i.imgur.com/BMKeYqP.jpg)", "date": "2016-05-06 14:51:07", "seriesname": "g275_d2vh7gl", "file": "/media/jbrogan4/scratch2/Reddit_Prov_Dataset_v5/_Time_slice_photography_of_the_Moon_rising_over_Los_Angeles/g275_d2vh7gl.jpg", "URL": "http://i.imgur.com/BMKeYqP.jpg", "fileid": "g275_d2vh7gl.jpg"}, {"id": "g275_d2vaosv", "comment": "**[HADOUUUUKEEEN](https://i.imgur.com/j3cKl56.jpg)**  \n-", "date": "2016-05-06 12:26:23", "seriesname": "g275_d2vaosv", "file": "/media/jbrogan4/scratch2/Reddit_Prov_Dataset_v5/_Time_slice_photography_of_the_Moon_rising_over_Los_Angeles/g275_d2vaosv.jpg", "URL": "https://i.imgur.com/j3cKl56.jpg)**", "fileid": "g275_d2vaosv.jpg**"}, {"id": "g275_d2v8z2d", "comment": "is this sharp enough for you http://imgur.com/aVovaDV.jpg", "date": "2016-05-06 11:48:22", "seriesname": "g275_d2v8z2d", "file": "/media/jbrogan4/scratch2/Reddit_Prov_Dataset_v5/_Time_slice_photography_of_the_Moon_rising_over_Los_Angeles/g275_d2v8z2d.jpg", "URL": "http://imgur.com/aVovaDV.jpg", "fileid": "g275_d2v8z2d.jpg"}, {"id": "g275_d2vo9f1", "comment": "I made my own version. Before I realized this was /r/photoshopbattles I was going to comment that someone needs to put the bat symbol on (at least) one of those moons. So I did.\n\n[There's a Bat-Moon on the Rise.](http://i.imgur.com/5rOo8uh.jpg)", "date": "2016-05-06 17:38:05", "seriesname": "g275_d2vo9f1", "file": "/media/jbrogan4/scratch2/Reddit_Prov_Dataset_v5/_Time_slice_photography_of_the_Moon_rising_over_Los_Angeles/g275_d2vo9f1.jpg", "URL": "http://i.imgur.com/5rOo8uh.jpg", "fileid": "g275_d2vo9f1.jpg"}, {"id": "g275_d2vdcy8", "comment": "This did not pan out the way I thought. But here is [Batman](http://i.imgur.com/bbHDx5f.jpg)", "date": "2016-05-06 13:25:17", "seriesname": "g275_d2vdcy8", "file": "/media/jbrogan4/scratch2/Reddit_Prov_Dataset_v5/_Time_slice_photography_of_the_Moon_rising_over_Los_Angeles/g275_d2vdcy8.jpg", "URL": "http://i.imgur.com/bbHDx5f.jpg", "fileid": "g275_d2vdcy8.jpg"}, {"id": "g275_d2vdqrv", "comment": "http://imgur.com/3tg0iMl", "date": "2016-05-06 13:33:54", "seriesname": "g275_d2vdqrv", "file": "/media/jbrogan4/scratch2/Reddit_Prov_Dataset_v5/_Time_slice_photography_of_the_Moon_rising_over_Los_Angeles/g275_d2vdqrv.png", "URL": "http://i.imgur.com/3tg0iMl.png", "fileid": "g275_d2vdqrv.png"}, {"id": "g275_d2va5go", "comment": "[She has to go, her people need her.](http://i.imgur.com/Ea8EbS3.jpg)", "date": "2016-05-06 12:14:25", "seriesname": "g275_d2va5go", "file": "/media/jbrogan4/scratch2/Reddit_Prov_Dataset_v5/_Time_slice_photography_of_the_Moon_rising_over_Los_Angeles/g275_d2va5go.jpg", "URL": "http://i.imgur.com/Ea8EbS3.jpg", "fileid": "g275_d2va5go.jpg"}, {"id": "g275_d2w5s6y", "comment": "Very nice; Thank you!\n\n[This is my poor amateur MS Paint attempt at doing it how I imagined](http://imgur.com/RhI0QvA)\n\n\nI doubt I can do it but I'll probably work on a version that is mirrored but instead of 2 Ryu's the mirror image would be Ken and his hadouken would be the original red/orange colors of the photo. ", "date": "2016-05-07 03:48:53", "seriesname": "g275_d2w5s6y", "file": "/media/jbrogan4/scratch2/Reddit_Prov_Dataset_v5/_Time_slice_photography_of_the_Moon_rising_over_Los_Angeles/g275_d2w5s6y.png", "URL": "http://i.imgur.com/RhI0QvA.png", "fileid": "g275_d2w5s6y.png"}, {"id": "g275_d2ve326", "comment": "[Seamless](http://i.imgur.com/FOemOL6.jpg)", "date": "2016-05-06 13:41:22", "seriesname": "g275_d2ve326", "file": "/media/jbrogan4/scratch2/Reddit_Prov_Dataset_v5/_Time_slice_photography_of_the_Moon_rising_over_Los_Angeles/g275_d2ve326.jpg", "URL": "http://i.imgur.com/FOemOL6.jpg", "fileid": "g275_d2ve326.jpg"}, {"id": "g275_d2v6dxt", "comment": "[Our only way back](http://i.imgur.com/pJQkSuB.jpg)", "date": "2016-05-06 10:50:38", "seriesname": "g275_d2v6dxt", "file": "/media/jbrogan4/scratch2/Reddit_Prov_Dataset_v5/_Time_slice_photography_of_the_Moon_rising_over_Los_Angeles/g275_d2v6dxt.jpg", "URL": "http://i.imgur.com/pJQkSuB.jpg", "fileid": "g275_d2v6dxt.jpg"}, {"id": "g275_d2vapmh", "comment": "[streets of rage skyline](http://i.imgur.com/k9y8Qbp.jpg)", "date": "2016-05-06 12:26:52", "seriesname": "g275_d2vapmh", "file": "/media/jbrogan4/scratch2/Reddit_Prov_Dataset_v5/_Time_slice_photography_of_the_Moon_rising_over_Los_Angeles/g275_d2vapmh.jpg", "URL": "http://i.imgur.com/k9y8Qbp.jpg", "fileid": "g275_d2vapmh.jpg"}, {"id": "g275_root", "comment": "", "date": "2016-05-06 09:15:54", "seriesname": "g275_root", "file": "/media/jbrogan4/scratch2/Reddit_Prov_Dataset_v5/_Time_slice_photography_of_the_Moon_rising_over_Los_Angeles/g275_root.jpg", "URL": "http://i.imgur.com/SqCiZD9.jpg", "fileid": "g275_root.jpg"}, {"id": "g275_d2vdffd", "comment": "[Da da da da da da da da](http://i.imgur.com/DpzOfHs.jpg)", "date": "2016-05-06 13:26:50", "seriesname": "g275_d2vdffd", "file": "/media/jbrogan4/scratch2/Reddit_Prov_Dataset_v5/_Time_slice_photography_of_the_Moon_rising_over_Los_Angeles/g275_d2vdffd.jpg", "URL": "http://i.imgur.com/DpzOfHs.jpg", "fileid": "g275_d2vdffd.jpg"}], "graph": {"name": "g275_root"}, "directed": true}