{"links": [{"op": "none", "target": 0, "source": 50}, {"op": "none", "target": 1, "source": 50}, {"op": "none", "target": 2, "source": 50}, {"op": "none", "target": 3, "source": 50}, {"op": "none", "target": 4, "source": 50}, {"op": "none", "target": 5, "source": 50}, {"op": "none", "target": 6, "source": 30}, {"op": "none", "target": 7, "source": 49}, {"op": "none", "target": 8, "source": 50}, {"op": "none", "target": 9, "source": 50}, {"op": "none", "target": 10, "source": 50}, {"op": "none", "target": 11, "source": 50}, {"op": "none", "target": 12, "source": 50}, {"op": "none", "target": 13, "source": 50}, {"op": "none", "target": 14, "source": 50}, {"op": "none", "target": 15, "source": 50}, {"op": "none", "target": 16, "source": 50}, {"op": "none", "target": 17, "source": 48}, {"op": "none", "target": 18, "source": 50}, {"op": "none", "target": 19, "source": 50}, {"op": "none", "target": 20, "source": 50}, {"op": "none", "target": 21, "source": 50}, {"op": "none", "target": 22, "source": 50}, {"op": "none", "target": 23, "source": 50}, {"op": "none", "target": 24, "source": 50}, {"op": "none", "target": 25, "source": 50}, {"op": "none", "target": 26, "source": 49}, {"op": "none", "target": 27, "source": 50}, {"op": "none", "target": 28, "source": 50}, {"op": "none", "target": 29, "source": 50}, {"op": "none", "target": 30, "source": 50}, {"op": "none", "target": 31, "source": 50}, {"op": "none", "target": 32, "source": 50}, {"op": "none", "target": 33, "source": 50}, {"op": "none", "target": 34, "source": 50}, {"op": "none", "target": 35, "source": 50}, {"op": "none", "target": 36, "source": 50}, {"op": "none", "target": 37, "source": 50}, {"op": "none", "target": 38, "source": 50}, {"op": "none", "target": 39, "source": 50}, {"op": "none", "target": 40, "source": 53}, {"op": "none", "target": 41, "source": 50}, {"op": "none", "target": 42, "source": 50}, {"op": "none", "target": 43, "source": 50}, {"op": "none", "target": 44, "source": 50}, {"op": "none", "target": 45, "source": 50}, {"op": "none", "target": 46, "source": 50}, {"op": "none", "target": 47, "source": 50}, {"op": "none", "target": 48, "source": 39}, {"op": "none", "target": 49, "source": 50}, {"op": "none", "target": 51, "source": 50}, {"op": "none", "target": 52, "source": 50}, {"op": "none", "target": 53, "source": 50}], "title": "_A_New_Zealand_Lamb", "nodes": [{"id": "g283_d8x9sl0", "comment": "[space lamb](http://i.imgur.com/vei93VA.jpg)\np.s. sorry for the rhyming", "date": "2016-10-18 11:00:41", "seriesname": "g283_d8x9sl0", "file": "/media/jbrogan4/scratch2/Reddit_Prov_Dataset_v5/_A_New_Zealand_Lamb/g283_d8x9sl0.jpg", "URL": "http://i.imgur.com/vei93VA.jpg", "fileid": "g283_d8x9sl0.jpg"}, {"id": "g283_d8xg9x4", "comment": "They're extremely close, in an ambiguous way.  http://imgur.com/bawEg5k", "date": "2016-10-18 13:07:12", "seriesname": "g283_d8xg9x4", "file": "/media/jbrogan4/scratch2/Reddit_Prov_Dataset_v5/_A_New_Zealand_Lamb/g283_d8xg9x4.png", "URL": "http://i.imgur.com/bawEg5k.png", "fileid": "g283_d8xg9x4.png"}, {"id": "g283_d8x2z9h", "comment": "I'm surprised nobody made an XP desktop --- https://i.imgur.com/vte9WMi.png", "date": "2016-10-18 08:03:26", "seriesname": "g283_d8x2z9h", "file": "/media/jbrogan4/scratch2/Reddit_Prov_Dataset_v5/_A_New_Zealand_Lamb/g283_d8x2z9h.png", "URL": "https://i.imgur.com/vte9WMi.png", "fileid": "g283_d8x2z9h.png"}, {"id": "g283_d8wxdmb", "comment": "[A New England Lamb](http://i.imgur.com/hNfr9qs.jpg)", "date": "2016-10-18 03:07:31", "seriesname": "g283_d8wxdmb", "file": "/media/jbrogan4/scratch2/Reddit_Prov_Dataset_v5/_A_New_Zealand_Lamb/g283_d8wxdmb.jpg", "URL": "http://i.imgur.com/hNfr9qs.jpg", "fileid": "g283_d8wxdmb.jpg"}, {"id": "g283_d8x8nhw", "comment": "[Cage Free](http://i.imgur.com/Xh4vO03.jpg)", "date": "2016-10-18 10:36:36", "seriesname": "g283_d8x8nhw", "file": "/media/jbrogan4/scratch2/Reddit_Prov_Dataset_v5/_A_New_Zealand_Lamb/g283_d8x8nhw.jpg", "URL": "http://i.imgur.com/Xh4vO03.jpg", "fileid": "g283_d8x8nhw.jpg"}, {"id": "g283_d8x699d", "comment": "Hey Riri how much dope you put in that? You know me snoops, it's [rammed](http://i.imgur.com/9O3l1ZV.jpg)", "date": "2016-10-18 09:40:58", "seriesname": "g283_d8x699d", "file": "/media/jbrogan4/scratch2/Reddit_Prov_Dataset_v5/_A_New_Zealand_Lamb/g283_d8x699d.jpg", "URL": "http://i.imgur.com/9O3l1ZV.jpg", "fileid": "g283_d8x699d.jpg"}, {"id": "g283_d8wypct", "comment": "[Shit! You beat me!](http://i.imgur.com/rYYoRvl.jpg)", "date": "2016-10-18 04:19:31", "seriesname": "g283_d8wypct", "file": "/media/jbrogan4/scratch2/Reddit_Prov_Dataset_v5/_A_New_Zealand_Lamb/g283_d8wypct.jpg", "URL": "http://i.imgur.com/rYYoRvl.jpg", "fileid": "g283_d8wypct.jpg"}, {"id": "g283_d8wxj0k", "comment": "http://i.imgur.com/gNVkN.png", "date": "2016-10-18 03:15:05", "seriesname": "g283_d8wxj0k", "file": "/media/jbrogan4/scratch2/Reddit_Prov_Dataset_v5/_A_New_Zealand_Lamb/g283_d8wxj0k.png", "URL": "http://i.imgur.com/gNVkN.png", "fileid": "g283_d8wxj0k.png"}, {"id": "g283_d8wxj6o", "comment": "[my daughter](http://imgur.com/fEyvNjv)", "date": "2016-10-18 03:15:19", "seriesname": "g283_d8wxj6o", "file": "/media/jbrogan4/scratch2/Reddit_Prov_Dataset_v5/_A_New_Zealand_Lamb/g283_d8wxj6o.png", "URL": "http://i.imgur.com/fEyvNjv.png", "fileid": "g283_d8wxj6o.png"}, {"id": "g283_d8x4ybp", "comment": "[Am I seriously the first one to do this?](http://i.imgur.com/X5J2n93.png) I expected to find at least two but I couldn't find any ITT.", "date": "2016-10-18 09:07:28", "seriesname": "g283_d8x4ybp", "file": "/media/jbrogan4/scratch2/Reddit_Prov_Dataset_v5/_A_New_Zealand_Lamb/g283_d8x4ybp.png", "URL": "http://i.imgur.com/X5J2n93.png", "fileid": "g283_d8x4ybp.png"}, {"id": "g283_d8wuzjt", "comment": "[And they do that every day!](http://i.imgur.com/Zda2S6E.jpg)", "date": "2016-10-18 01:25:53", "seriesname": "g283_d8wuzjt", "file": "/media/jbrogan4/scratch2/Reddit_Prov_Dataset_v5/_A_New_Zealand_Lamb/g283_d8wuzjt.jpg", "URL": "http://i.imgur.com/Zda2S6E.jpg", "fileid": "g283_d8wuzjt.jpg"}, {"id": "g283_d8xtqzv", "comment": "[kaboom!](http://imgur.com/GCtuBzo)", "date": "2016-10-18 17:18:55", "seriesname": "g283_d8xtqzv", "file": "/media/jbrogan4/scratch2/Reddit_Prov_Dataset_v5/_A_New_Zealand_Lamb/g283_d8xtqzv.png", "URL": "http://i.imgur.com/GCtuBzo.png", "fileid": "g283_d8xtqzv.png"}, {"id": "g283_d8x3v9w", "comment": "[Our savior.](http://imgur.com/DDJQFnR)", "date": "2016-10-18 08:34:02", "seriesname": "g283_d8x3v9w", "file": "/media/jbrogan4/scratch2/Reddit_Prov_Dataset_v5/_A_New_Zealand_Lamb/g283_d8x3v9w.png", "URL": "http://i.imgur.com/DDJQFnR.png", "fileid": "g283_d8x3v9w.png"}, {"id": "g283_d8wwmag", "comment": "http://i.imgur.com/2QaCawI.jpg the great escape", "date": "2016-10-18 02:32:10", "seriesname": "g283_d8wwmag", "file": "/media/jbrogan4/scratch2/Reddit_Prov_Dataset_v5/_A_New_Zealand_Lamb/g283_d8wwmag.jpg", "URL": "http://i.imgur.com/2QaCawI.jpg", "fileid": "g283_d8wwmag.jpg"}, {"id": "g283_d8wy367", "comment": "[Lamb Air Traffic](http://i.imgur.com/vpvG5uj.jpg)", "date": "2016-10-18 03:44:21", "seriesname": "g283_d8wy367", "file": "/media/jbrogan4/scratch2/Reddit_Prov_Dataset_v5/_A_New_Zealand_Lamb/g283_d8wy367.jpg", "URL": "http://i.imgur.com/vpvG5uj.jpg", "fileid": "g283_d8wy367.jpg"}, {"id": "g283_d8x1383", "comment": "I mean a New Zealand sheep and no one did [that](http://i.imgur.com/hA1Le7g.png)?", "date": "2016-10-18 06:39:43", "seriesname": "g283_d8x1383", "file": "/media/jbrogan4/scratch2/Reddit_Prov_Dataset_v5/_A_New_Zealand_Lamb/g283_d8x1383.png", "URL": "http://i.imgur.com/hA1Le7g.png)?", "fileid": "g283_d8x1383.png"}, {"id": "g283_d8wyaq7", "comment": "[Free Wooly](http://i.imgur.com/kxX2bk1.jpg)", "date": "2016-10-18 03:56:06", "seriesname": "g283_d8wyaq7", "file": "/media/jbrogan4/scratch2/Reddit_Prov_Dataset_v5/_A_New_Zealand_Lamb/g283_d8wyaq7.jpg", "URL": "http://i.imgur.com/kxX2bk1.jpg", "fileid": "g283_d8wyaq7.jpg"}, {"id": "g283_d8x8t5h", "comment": "http://i.imgur.com/SHhFJdi.jpg", "date": "2016-10-18 10:39:57", "seriesname": "g283_d8x8t5h", "file": "/media/jbrogan4/scratch2/Reddit_Prov_Dataset_v5/_A_New_Zealand_Lamb/g283_d8x8t5h.jpg", "URL": "http://i.imgur.com/SHhFJdi.jpg", "fileid": "g283_d8x8t5h.jpg"}, {"id": "g283_d8wvoba", "comment": "[A boy, on an adventure with his cat and sheep.](http://i.imgur.com/SBEUpWh.png)", "date": "2016-10-18 01:52:37", "seriesname": "g283_d8wvoba", "file": "/media/jbrogan4/scratch2/Reddit_Prov_Dataset_v5/_A_New_Zealand_Lamb/g283_d8wvoba.png", "URL": "http://i.imgur.com/SBEUpWh.png", "fileid": "g283_d8wvoba.png"}, {"id": "g283_d8wyo53", "comment": "[Falkor!](http://i.imgur.com/rYYoRvl.jpg)", "date": "2016-10-18 04:17:33", "seriesname": "g283_d8wyo53", "file": "/media/jbrogan4/scratch2/Reddit_Prov_Dataset_v5/_A_New_Zealand_Lamb/g283_d8wyo53.jpg", "URL": "http://i.imgur.com/rYYoRvl.jpg", "fileid": "g283_d8wyo53.jpg"}, {"id": "g283_d8xtbpg", "comment": "Air Sheep : http://imgur.com/0f4xJKO", "date": "2016-10-18 17:10:18", "seriesname": "g283_d8xtbpg", "file": "/media/jbrogan4/scratch2/Reddit_Prov_Dataset_v5/_A_New_Zealand_Lamb/g283_d8xtbpg.png", "URL": "http://i.imgur.com/0f4xJKO.png", "fileid": "g283_d8xtbpg.png"}, {"id": "g283_d8wxnx9", "comment": "http://i.imgur.com/yTrbwjd.jpg THEY COME TO TAKE ALL OUR SHEEP", "date": "2016-10-18 03:21:50", "seriesname": "g283_d8wxnx9", "file": "/media/jbrogan4/scratch2/Reddit_Prov_Dataset_v5/_A_New_Zealand_Lamb/g283_d8wxnx9.jpg", "URL": "http://i.imgur.com/yTrbwjd.jpg", "fileid": "g283_d8wxnx9.jpg"}, {"id": "g283_d8wwncs", "comment": "http://i.imgur.com/sV4CjSf.png", "date": "2016-10-18 02:33:27", "seriesname": "g283_d8wwncs", "file": "/media/jbrogan4/scratch2/Reddit_Prov_Dataset_v5/_A_New_Zealand_Lamb/g283_d8wwncs.png", "URL": "http://i.imgur.com/sV4CjSf.png", "fileid": "g283_d8wwncs.png"}, {"id": "g283_d8xldln", "comment": "SHEEP in SPACE http://imgur.com/iJj6e8B", "date": "2016-10-18 14:44:54", "seriesname": "g283_d8xldln", "file": "/media/jbrogan4/scratch2/Reddit_Prov_Dataset_v5/_A_New_Zealand_Lamb/g283_d8xldln.png", "URL": "http://i.imgur.com/iJj6e8B.png", "fileid": "g283_d8xldln.png"}, {"id": "g283_d8y8iyg", "comment": "[BOOOIIINNGGG] http://i.imgur.com/EPFwkza.jpg ", "date": "2016-10-18 22:46:09", "seriesname": "g283_d8y8iyg", "file": "/media/jbrogan4/scratch2/Reddit_Prov_Dataset_v5/_A_New_Zealand_Lamb/g283_d8y8iyg.jpg", "URL": "http://i.imgur.com/EPFwkza.jpg", "fileid": "g283_d8y8iyg.jpg"}, {"id": "g283_d8x66i1", "comment": "[Where's Waldo?](http://imgur.com/33ifB1z)\t", "date": "2016-10-18 09:39:08", "seriesname": "g283_d8x66i1", "file": "/media/jbrogan4/scratch2/Reddit_Prov_Dataset_v5/_A_New_Zealand_Lamb/g283_d8x66i1.png", "URL": "http://i.imgur.com/33ifB1z.png", "fileid": "g283_d8x66i1.png"}, {"id": "g283_d8x1m6g", "comment": "[Have you ever been so pissed that you start swinging a sheep?](https://i.imgur.com/XfG9bk1.jpg)\n\n^^^^[Reference](https://www.youtube.com/watch?v=l12FMqDvweQ)", "date": "2016-10-18 07:05:55", "seriesname": "g283_d8x1m6g", "file": "/media/jbrogan4/scratch2/Reddit_Prov_Dataset_v5/_A_New_Zealand_Lamb/g283_d8x1m6g.jpg", "URL": "https://i.imgur.com/XfG9bk1.jpg", "fileid": "g283_d8x1m6g.jpg"}, {"id": "g283_d8ww0ky", "comment": "[I really have no idea why.  You don't know me.](http://i.imgur.com/Ucun8uy.png)", "date": "2016-10-18 02:06:35", "seriesname": "g283_d8ww0ky", "file": "/media/jbrogan4/scratch2/Reddit_Prov_Dataset_v5/_A_New_Zealand_Lamb/g283_d8ww0ky.png", "URL": "http://i.imgur.com/Ucun8uy.png", "fileid": "g283_d8ww0ky.png"}, {"id": "g283_d8wyvdj", "comment": "[These beards contests are really getting out of hand](http://i.imgur.com/RCa25Bj.jpg)", "date": "2016-10-18 04:29:23", "seriesname": "g283_d8wyvdj", "file": "/media/jbrogan4/scratch2/Reddit_Prov_Dataset_v5/_A_New_Zealand_Lamb/g283_d8wyvdj.jpg", "URL": "http://i.imgur.com/RCa25Bj.jpg", "fileid": "g283_d8wyvdj.jpg"}, {"id": "g283_d8wxyiu", "comment": "[SpaceSheep ](http://i.imgur.com/Zl5dcdq.jpg)\n\n\n&amp;\n\n\n[ANIMATED with SOUND](http://loopnroll.com/p/Px2Cc)\n\n", "date": "2016-10-18 03:37:13", "seriesname": "g283_d8wxyiu", "file": "/media/jbrogan4/scratch2/Reddit_Prov_Dataset_v5/_A_New_Zealand_Lamb/g283_d8wxyiu.jpg", "URL": "http://i.imgur.com/Zl5dcdq.jpg", "fileid": "g283_d8wxyiu.jpg"}, {"id": "g283_d8ww3pa", "comment": "[ATREYU](http://i.imgur.com/tSDDBx7.jpg)", "date": "2016-10-18 02:10:16", "seriesname": "g283_d8ww3pa", "file": "/media/jbrogan4/scratch2/Reddit_Prov_Dataset_v5/_A_New_Zealand_Lamb/g283_d8ww3pa.jpg", "URL": "http://i.imgur.com/tSDDBx7.jpg", "fileid": "g283_d8ww3pa.jpg"}, {"id": "g283_d8x2tr7", "comment": "[Stargazing](http://imgur.com/c4M5v4W)", "date": "2016-10-18 07:57:39", "seriesname": "g283_d8x2tr7", "file": "/media/jbrogan4/scratch2/Reddit_Prov_Dataset_v5/_A_New_Zealand_Lamb/g283_d8x2tr7.png", "URL": "http://i.imgur.com/c4M5v4W.png", "fileid": "g283_d8x2tr7.png"}, {"id": "g283_d8wxlip", "comment": "[Just trying to fit in](http://i.imgur.com/9P0TsVY.jpg)", "date": "2016-10-18 03:18:27", "seriesname": "g283_d8wxlip", "file": "/media/jbrogan4/scratch2/Reddit_Prov_Dataset_v5/_A_New_Zealand_Lamb/g283_d8wxlip.jpg", "URL": "http://i.imgur.com/9P0TsVY.jpg", "fileid": "g283_d8wxlip.jpg"}, {"id": "g283_d8x35y2", "comment": "http://i.imgur.com/YJXuyYx.jpg Are you sleeping brothers?", "date": "2016-10-18 08:10:09", "seriesname": "g283_d8x35y2", "file": "/media/jbrogan4/scratch2/Reddit_Prov_Dataset_v5/_A_New_Zealand_Lamb/g283_d8x35y2.jpg", "URL": "http://i.imgur.com/YJXuyYx.jpg", "fileid": "g283_d8x35y2.jpg"}, {"id": "g283_d8xu3sn", "comment": "We believe!  http://imgur.com/rTvE7yT\n\n", "date": "2016-10-18 17:26:07", "seriesname": "g283_d8xu3sn", "file": "/media/jbrogan4/scratch2/Reddit_Prov_Dataset_v5/_A_New_Zealand_Lamb/g283_d8xu3sn.png", "URL": "http://i.imgur.com/rTvE7yT.png", "fileid": "g283_d8xu3sn.png"}, {"id": "g283_d8wwuk4", "comment": "Just a couple of Kiwis flying thru.\nhttp://imgur.com/0pLZPJu", "date": "2016-10-18 02:42:19", "seriesname": "g283_d8wwuk4", "file": "/media/jbrogan4/scratch2/Reddit_Prov_Dataset_v5/_A_New_Zealand_Lamb/g283_d8wwuk4.png", "URL": "http://i.imgur.com/0pLZPJu.png", "fileid": "g283_d8wwuk4.png"}, {"id": "g283_d8x10mt", "comment": "http://i.imgur.com/RaqxurY.jpg", "date": "2016-10-18 06:35:50", "seriesname": "g283_d8x10mt", "file": "/media/jbrogan4/scratch2/Reddit_Prov_Dataset_v5/_A_New_Zealand_Lamb/g283_d8x10mt.jpg", "URL": "http://i.imgur.com/RaqxurY.jpg", "fileid": "g283_d8x10mt.jpg"}, {"id": "g283_d8x0bcy", "comment": "New Zeppelin Lamb\n\nhttp://i.imgur.com/jhW8tIt.jpg", "date": "2016-10-18 05:55:32", "seriesname": "g283_d8x0bcy", "file": "/media/jbrogan4/scratch2/Reddit_Prov_Dataset_v5/_A_New_Zealand_Lamb/g283_d8x0bcy.jpg", "URL": "http://i.imgur.com/jhW8tIt.jpg", "fileid": "g283_d8x0bcy.jpg"}, {"id": "g283_d8x3qjb", "comment": "[BAH-17, The Flying Sheepness](http://imgur.com/OwO3eEP)", "date": "2016-10-18 08:29:42", "seriesname": "g283_d8x3qjb", "file": "/media/jbrogan4/scratch2/Reddit_Prov_Dataset_v5/_A_New_Zealand_Lamb/g283_d8x3qjb.png", "URL": "http://i.imgur.com/OwO3eEP.png", "fileid": "g283_d8x3qjb.png"}, {"id": "g283_d8wvqwf", "comment": "It's my first post, [and I don't know why](http://i.imgur.com/CQkMA6W.jpg).", "date": "2016-10-18 01:55:23", "seriesname": "g283_d8wvqwf", "file": "/media/jbrogan4/scratch2/Reddit_Prov_Dataset_v5/_A_New_Zealand_Lamb/g283_d8wvqwf.jpg", "URL": "http://i.imgur.com/CQkMA6W.jpg).", "fileid": "g283_d8wvqwf."}, {"id": "g283_d8xkzjp", "comment": "[Spoilers.](https://i.imgur.com/LgKbCez.jpg)\n\nI never found the dickbutt, though.", "date": "2016-10-18 14:37:37", "seriesname": "g283_d8xkzjp", "file": "/media/jbrogan4/scratch2/Reddit_Prov_Dataset_v5/_A_New_Zealand_Lamb/g283_d8xkzjp.jpg", "URL": "https://i.imgur.com/LgKbCez.jpg", "fileid": "g283_d8xkzjp.jpg"}, {"id": "g283_d8wwf57", "comment": "[Again?!](http://imgur.com/xP5IhYv.jpg)", "date": "2016-10-18 02:23:28", "seriesname": "g283_d8wwf57", "file": "/media/jbrogan4/scratch2/Reddit_Prov_Dataset_v5/_A_New_Zealand_Lamb/g283_d8wwf57.jpg", "URL": "http://imgur.com/xP5IhYv.jpg", "fileid": "g283_d8wwf57.jpg"}, {"id": "g283_d8wzkmk", "comment": "Who needs flying kiwis when you've got NZ lamb this good?\n\nhttp://i.imgur.com/xto7NAl.jpg", "date": "2016-10-18 05:11:17", "seriesname": "g283_d8wzkmk", "file": "/media/jbrogan4/scratch2/Reddit_Prov_Dataset_v5/_A_New_Zealand_Lamb/g283_d8wzkmk.jpg", "URL": "http://i.imgur.com/xto7NAl.jpg", "fileid": "g283_d8wzkmk.jpg"}, {"id": "g283_d8xbrpj", "comment": "[nyansheep](http://imgur.com/Ui7Z63J)\n\nI wondered if anything like this showed up. \nedit: durr, I should know that it's a sheep, not goat. -.-", "date": "2016-10-18 11:41:05", "seriesname": "g283_d8xbrpj", "file": "/media/jbrogan4/scratch2/Reddit_Prov_Dataset_v5/_A_New_Zealand_Lamb/g283_d8xbrpj.png", "URL": "http://i.imgur.com/Ui7Z63J.png", "fileid": "g283_d8xbrpj.png"}, {"id": "g283_d8y5xu0", "comment": "[Lambo phone home] http://imgur.com/3rhRkil.jpg \n\n", "date": "2016-10-18 21:47:33", "seriesname": "g283_d8y5xu0", "file": "/media/jbrogan4/scratch2/Reddit_Prov_Dataset_v5/_A_New_Zealand_Lamb/g283_d8y5xu0.jpg", "URL": "http://imgur.com/3rhRkil.jpg", "fileid": "g283_d8y5xu0.jpg"}, {"id": "g283_d8wvr26", "comment": "[Lambo](http://i.imgur.com/Q7RFpOG.png)", "date": "2016-10-18 01:55:34", "seriesname": "g283_d8wvr26", "file": "/media/jbrogan4/scratch2/Reddit_Prov_Dataset_v5/_A_New_Zealand_Lamb/g283_d8wvr26.png", "URL": "http://i.imgur.com/Q7RFpOG.png", "fileid": "g283_d8wvr26.png"}, {"id": "g283_d8y6u97", "comment": "[SURF &amp; TURF]   http://i.imgur.com/vuIa9j1.jpg", "date": "2016-10-18 22:07:51", "seriesname": "g283_d8y6u97", "file": "/media/jbrogan4/scratch2/Reddit_Prov_Dataset_v5/_A_New_Zealand_Lamb/g283_d8y6u97.jpg", "URL": "http://i.imgur.com/vuIa9j1.jpg", "fileid": "g283_d8y6u97.jpg"}, {"id": "g283_d8xde0k", "comment": "http://i.imgur.com/4g6khBG.jpg", "date": "2016-10-18 12:12:11", "seriesname": "g283_d8xde0k", "file": "/media/jbrogan4/scratch2/Reddit_Prov_Dataset_v5/_A_New_Zealand_Lamb/g283_d8xde0k.jpg", "URL": "http://i.imgur.com/4g6khBG.jpg", "fileid": "g283_d8xde0k.jpg"}, {"id": "g283_d8wwksh", "comment": "[Beat me to the punch](http://i.imgur.com/fkbPvYJ.jpg)! Should have been faster than a sheeping bullet. \n", "date": "2016-10-18 02:30:20", "seriesname": "g283_d8wwksh", "file": "/media/jbrogan4/scratch2/Reddit_Prov_Dataset_v5/_A_New_Zealand_Lamb/g283_d8wwksh.jpg", "URL": "http://i.imgur.com/fkbPvYJ.jpg)!", "fileid": "g283_d8wwksh.jpg!"}, {"id": "g283_d8ww8vu", "comment": "[Have you ever been so pissed off that you start swinging a sheep?](http://i.imgur.com/e9Fjq7s.jpg)", "date": "2016-10-18 02:16:12", "seriesname": "g283_d8ww8vu", "file": "/media/jbrogan4/scratch2/Reddit_Prov_Dataset_v5/_A_New_Zealand_Lamb/g283_d8ww8vu.jpg", "URL": "http://i.imgur.com/e9Fjq7s.jpg", "fileid": "g283_d8ww8vu.jpg"}, {"id": "g283_root", "comment": "", "date": "2016-10-17 22:45:57", "seriesname": "g283_root", "file": "/media/jbrogan4/scratch2/Reddit_Prov_Dataset_v5/_A_New_Zealand_Lamb/g283_root.jpg", "URL": "http://i.imgur.com/RLm9ljo.jpg", "fileid": "g283_root.jpg"}, {"id": "g283_d8xlqt8", "comment": "404 http://m.imgur.com/XbkXgua", "date": "2016-10-18 14:51:56", "seriesname": "g283_d8xlqt8", "file": "/media/jbrogan4/scratch2/Reddit_Prov_Dataset_v5/_A_New_Zealand_Lamb/g283_d8xlqt8.png", "URL": "http://i.imgur.com/XbkXgua.png", "fileid": "g283_d8xlqt8.png"}, {"id": "g283_d8xbkig", "comment": "[Mach 1](http://imgur.com/p6HcxHd)", "date": "2016-10-18 11:37:04", "seriesname": "g283_d8xbkig", "file": "/media/jbrogan4/scratch2/Reddit_Prov_Dataset_v5/_A_New_Zealand_Lamb/g283_d8xbkig.png", "URL": "http://i.imgur.com/p6HcxHd.png", "fileid": "g283_d8xbkig.png"}, {"id": "g283_d8wwx6t", "comment": "[Day 3: They still suspect nothing](http://imgur.com/EAtDy8o.jpg)", "date": "2016-10-18 02:45:38", "seriesname": "g283_d8wwx6t", "file": "/media/jbrogan4/scratch2/Reddit_Prov_Dataset_v5/_A_New_Zealand_Lamb/g283_d8wwx6t.jpg", "URL": "http://imgur.com/EAtDy8o.jpg", "fileid": "g283_d8wwx6t.jpg"}], "graph": {"name": "g283_root"}, "directed": true}