{"links": [{"op": "none", "target": 0, "source": 20}, {"op": "none", "target": 1, "source": 39}, {"op": "none", "target": 2, "source": 44}, {"op": "none", "target": 3, "source": 44}, {"op": "none", "target": 4, "source": 44}, {"op": "none", "target": 5, "source": 6}, {"op": "none", "target": 6, "source": 2}, {"op": "none", "target": 7, "source": 44}, {"op": "none", "target": 8, "source": 44}, {"op": "none", "target": 9, "source": 11}, {"op": "none", "target": 10, "source": 44}, {"op": "none", "target": 11, "source": 44}, {"op": "none", "target": 12, "source": 44}, {"op": "none", "target": 13, "source": 44}, {"op": "none", "target": 14, "source": 41}, {"op": "none", "target": 15, "source": 44}, {"op": "none", "target": 16, "source": 44}, {"op": "none", "target": 17, "source": 40}, {"op": "none", "target": 18, "source": 20}, {"op": "none", "target": 19, "source": 44}, {"op": "none", "target": 20, "source": 44}, {"op": "none", "target": 21, "source": 44}, {"op": "none", "target": 22, "source": 44}, {"op": "none", "target": 23, "source": 27}, {"op": "none", "target": 24, "source": 44}, {"op": "none", "target": 25, "source": 32}, {"op": "none", "target": 26, "source": 29}, {"op": "none", "target": 27, "source": 44}, {"op": "none", "target": 28, "source": 44}, {"op": "none", "target": 29, "source": 44}, {"op": "none", "target": 30, "source": 42}, {"op": "none", "target": 31, "source": 4}, {"op": "none", "target": 32, "source": 42}, {"op": "none", "target": 33, "source": 44}, {"op": "none", "target": 34, "source": 44}, {"op": "none", "target": 35, "source": 44}, {"op": "none", "target": 36, "source": 44}, {"op": "none", "target": 37, "source": 44}, {"op": "none", "target": 38, "source": 44}, {"op": "none", "target": 39, "source": 44}, {"op": "none", "target": 40, "source": 44}, {"op": "none", "target": 41, "source": 32}, {"op": "none", "target": 42, "source": 44}, {"op": "none", "target": 43, "source": 44}, {"op": "none", "target": 45, "source": 44}, {"op": "none", "target": 46, "source": 44}], "title": "_Gorilla_eating_a_carrot", "nodes": [{"id": "g286_df4l6jy", "comment": "[Winston reporting!](http://i.imgur.com/O8LX4GP.png)", "date": "2017-03-19 08:17:51", "seriesname": "g286_df4l6jy", "file": "/media/jbrogan4/scratch2/Reddit_Prov_Dataset_v5/_Gorilla_eating_a_carrot/g286_df4l6jy.png", "URL": "http://i.imgur.com/O8LX4GP.png", "fileid": "g286_df4l6jy.png"}, {"id": "g286_df4wbnc", "comment": "[it is his](http://i.imgur.com/8U0DMXN.jpg)", "date": "2017-03-19 13:23:50", "seriesname": "g286_df4wbnc", "file": "/media/jbrogan4/scratch2/Reddit_Prov_Dataset_v5/_Gorilla_eating_a_carrot/g286_df4wbnc.jpg", "URL": "http://i.imgur.com/8U0DMXN.jpg", "fileid": "g286_df4wbnc.jpg"}, {"id": "g286_df4lply", "comment": "[Kong](http://i.imgur.com/vt0rr6T.jpg)", "date": "2017-03-19 08:40:28", "seriesname": "g286_df4lply", "file": "/media/jbrogan4/scratch2/Reddit_Prov_Dataset_v5/_Gorilla_eating_a_carrot/g286_df4lply.jpg", "URL": "http://i.imgur.com/vt0rr6T.jpg", "fileid": "g286_df4lply.jpg"}, {"id": "g286_df4q769", "comment": "[GET ME PICTURES OF SPIDERMAN](http://imgur.com/LLdWCEg)", "date": "2017-03-19 11:03:30", "seriesname": "g286_df4q769", "file": "/media/jbrogan4/scratch2/Reddit_Prov_Dataset_v5/_Gorilla_eating_a_carrot/g286_df4q769.png", "URL": "http://i.imgur.com/LLdWCEg.png", "fileid": "g286_df4q769.png"}, {"id": "g286_df4jg1a", "comment": "[Mafia time](http://i.imgur.com/AU17zBE.png)\n\nI don't like it but there is another one: [Poker time](http://i.imgur.com/oJULVPE.png)", "date": "2017-03-19 06:45:40", "seriesname": "g286_df4jg1a", "file": "/media/jbrogan4/scratch2/Reddit_Prov_Dataset_v5/_Gorilla_eating_a_carrot/g286_df4jg1a.png", "URL": "http://i.imgur.com/oJULVPE.png", "fileid": "g286_df4jg1a.png"}, {"id": "g286_df4paja", "comment": "http://i.imgur.com/H1CnsxR.jpg", "date": "2017-03-19 10:39:09", "seriesname": "g286_df4paja", "file": "/media/jbrogan4/scratch2/Reddit_Prov_Dataset_v5/_Gorilla_eating_a_carrot/g286_df4paja.jpg", "URL": "http://i.imgur.com/H1CnsxR.jpg", "fileid": "g286_df4paja.jpg"}, {"id": "g286_df4m011", "comment": "[With his lady friend](http://i.imgur.com/H0oaY27.jpg)", "date": "2017-03-19 08:52:17", "seriesname": "g286_df4m011", "file": "/media/jbrogan4/scratch2/Reddit_Prov_Dataset_v5/_Gorilla_eating_a_carrot/g286_df4m011.jpg", "URL": "http://i.imgur.com/H0oaY27.jpg", "fileid": "g286_df4m011.jpg"}, {"id": "g286_df4tmym", "comment": "[Saving Private Gorilla](http://imgur.com/kE5fVdj)\n\nP.S. My first try on PsBattle ", "date": "2017-03-19 12:25:35", "seriesname": "g286_df4tmym", "file": "/media/jbrogan4/scratch2/Reddit_Prov_Dataset_v5/_Gorilla_eating_a_carrot/g286_df4tmym.png", "URL": "http://i.imgur.com/kE5fVdj.png", "fileid": "g286_df4tmym.png"}, {"id": "g286_df4jf95", "comment": "[ate 2](http://i.imgur.com/0tFmbbn.jpg)", "date": "2017-03-19 06:44:19", "seriesname": "g286_df4jf95", "file": "/media/jbrogan4/scratch2/Reddit_Prov_Dataset_v5/_Gorilla_eating_a_carrot/g286_df4jf95.jpg", "URL": "http://i.imgur.com/0tFmbbn.jpg", "fileid": "g286_df4jf95.jpg"}, {"id": "g286_df4p23i", "comment": "[The Gorillafather](http://i.imgur.com/DvXfrrI.png)", "date": "2017-03-19 10:32:28", "seriesname": "g286_df4p23i", "file": "/media/jbrogan4/scratch2/Reddit_Prov_Dataset_v5/_Gorilla_eating_a_carrot/g286_df4p23i.png", "URL": "http://i.imgur.com/DvXfrrI.png", "fileid": "g286_df4p23i.png"}, {"id": "g286_df4qpg7", "comment": "[Disney character eating a carrot](http://i.imgur.com/yNZPHYh.png)", "date": "2017-03-19 11:16:24", "seriesname": "g286_df4qpg7", "file": "/media/jbrogan4/scratch2/Reddit_Prov_Dataset_v5/_Gorilla_eating_a_carrot/g286_df4qpg7.png", "URL": "http://i.imgur.com/yNZPHYh.png", "fileid": "g286_df4qpg7.png"}, {"id": "g286_df4knuw", "comment": "[Mafia Boss](http://i.imgur.com/LjCpzb0.jpg)\n\n[Hellboy](http://i.imgur.com/cMySUnz.jpg)\n\nmy submissions from the original post.", "date": "2017-03-19 07:52:51", "seriesname": "g286_df4knuw", "file": "/media/jbrogan4/scratch2/Reddit_Prov_Dataset_v5/_Gorilla_eating_a_carrot/g286_df4knuw.jpg", "URL": "http://i.imgur.com/cMySUnz.jpg", "fileid": "g286_df4knuw.jpg"}, {"id": "g286_df4qk92", "comment": "[Carrots are good for your eyes](http://i.imgur.com/wCqGJsz.png)", "date": "2017-03-19 11:12:44", "seriesname": "g286_df4qk92", "file": "/media/jbrogan4/scratch2/Reddit_Prov_Dataset_v5/_Gorilla_eating_a_carrot/g286_df4qk92.png", "URL": "http://i.imgur.com/wCqGJsz.png", "fileid": "g286_df4qk92.png"}, {"id": "g286_df51dh3", "comment": "looks like someone beat me to it! but here it is anyway\n\n[whoa-hoaaaa](http://i.imgur.com/AaCchgl.jpg)", "date": "2017-03-19 15:11:33", "seriesname": "g286_df51dh3", "file": "/media/jbrogan4/scratch2/Reddit_Prov_Dataset_v5/_Gorilla_eating_a_carrot/g286_df51dh3.jpg", "URL": "http://i.imgur.com/AaCchgl.jpg", "fileid": "g286_df51dh3.jpg"}, {"id": "g286_df4v52q", "comment": "[like this?](http://i.imgur.com/1AkcyRK.jpg)", "date": "2017-03-19 12:58:46", "seriesname": "g286_df4v52q", "file": "/media/jbrogan4/scratch2/Reddit_Prov_Dataset_v5/_Gorilla_eating_a_carrot/g286_df4v52q.jpg", "URL": "http://i.imgur.com/1AkcyRK.jpg", "fileid": "g286_df4v52q.jpg"}, {"id": "g286_df4pjgt", "comment": "[One ugly mofo](http://i.imgur.com/mVpR5ki.jpg)", "date": "2017-03-19 10:46:02", "seriesname": "g286_df4pjgt", "file": "/media/jbrogan4/scratch2/Reddit_Prov_Dataset_v5/_Gorilla_eating_a_carrot/g286_df4pjgt.jpg", "URL": "http://i.imgur.com/mVpR5ki.jpg", "fileid": "g286_df4pjgt.jpg"}, {"id": "g286_df4xa6x", "comment": "[Smith &amp; Wesson and me. Go ahead make my day](http://imgur.com/8HN5JM6)", "date": "2017-03-19 13:44:07", "seriesname": "g286_df4xa6x", "file": "/media/jbrogan4/scratch2/Reddit_Prov_Dataset_v5/_Gorilla_eating_a_carrot/g286_df4xa6x.png", "URL": "http://i.imgur.com/8HN5JM6.png", "fileid": "g286_df4xa6x.png"}, {"id": "g286_df4mpn6", "comment": "[like this?](http://i.imgur.com/OEJBpPO.jpg)", "date": "2017-03-19 09:19:24", "seriesname": "g286_df4mpn6", "file": "/media/jbrogan4/scratch2/Reddit_Prov_Dataset_v5/_Gorilla_eating_a_carrot/g286_df4mpn6.jpg", "URL": "http://i.imgur.com/OEJBpPO.jpg", "fileid": "g286_df4mpn6.jpg"}, {"id": "g286_df4rrot", "comment": "[Excuse me for dropping in!](http://i.imgur.com/cl2eUVu.jpg)", "date": "2017-03-19 11:42:21", "seriesname": "g286_df4rrot", "file": "/media/jbrogan4/scratch2/Reddit_Prov_Dataset_v5/_Gorilla_eating_a_carrot/g286_df4rrot.jpg", "URL": "http://i.imgur.com/cl2eUVu.jpg", "fileid": "g286_df4rrot.jpg"}, {"id": "g286_df5ajuq", "comment": "[A-Team  \"I love it when a plan comes together\".](http://i.imgur.com/yAP7v4E.jpg)\n\n\n", "date": "2017-03-19 18:10:03", "seriesname": "g286_df5ajuq", "file": "/media/jbrogan4/scratch2/Reddit_Prov_Dataset_v5/_Gorilla_eating_a_carrot/g286_df5ajuq.jpg", "URL": "http://i.imgur.com/yAP7v4E.jpg", "fileid": "g286_df5ajuq.jpg"}, {"id": "g286_df4kohv", "comment": "[Justice ain't gonna dispense itself.](http://i.imgur.com/KCtBMOP.jpg)", "date": "2017-03-19 07:53:47", "seriesname": "g286_df4kohv", "file": "/media/jbrogan4/scratch2/Reddit_Prov_Dataset_v5/_Gorilla_eating_a_carrot/g286_df4kohv.jpg", "URL": "http://i.imgur.com/KCtBMOP.jpg", "fileid": "g286_df4kohv.jpg"}, {"id": "g286_df4pq47", "comment": " [HaRambo Ready for Battle](http://i.imgur.com/S3ZPWSA.jpg)", "date": "2017-03-19 10:50:57", "seriesname": "g286_df4pq47", "file": "/media/jbrogan4/scratch2/Reddit_Prov_Dataset_v5/_Gorilla_eating_a_carrot/g286_df4pq47.jpg", "URL": "http://i.imgur.com/S3ZPWSA.jpg", "fileid": "g286_df4pq47.jpg"}, {"id": "g286_df4o9yx", "comment": "[J. Jonah Gorillasan](http://imgur.com/dbJDrXB)\n\nEdit: [with cigar lit and smoke effects](http://imgur.com/ZWIshEs)", "date": "2017-03-19 10:09:25", "seriesname": "g286_df4o9yx", "file": "/media/jbrogan4/scratch2/Reddit_Prov_Dataset_v5/_Gorilla_eating_a_carrot/g286_df4o9yx.png", "URL": "http://i.imgur.com/ZWIshEs.png", "fileid": "g286_df4o9yx.png"}, {"id": "g286_df4mtb6", "comment": "I said my name is Guybr... [WAIT WHAT IS THAT BEHIND YOU?](http://i.imgur.com/l0xnDQ4.jpg)", "date": "2017-03-19 09:22:53", "seriesname": "g286_df4mtb6", "file": "/media/jbrogan4/scratch2/Reddit_Prov_Dataset_v5/_Gorilla_eating_a_carrot/g286_df4mtb6.jpg", "URL": "http://i.imgur.com/l0xnDQ4.jpg", "fileid": "g286_df4mtb6.jpg"}, {"id": "g286_df4peik", "comment": "[Parker, I need pictures of Spiderman!](http://i.imgur.com/rWurixRg.jpg)", "date": "2017-03-19 10:42:17", "seriesname": "g286_df4peik", "file": "/media/jbrogan4/scratch2/Reddit_Prov_Dataset_v5/_Gorilla_eating_a_carrot/g286_df4peik.jpg", "URL": "http://i.imgur.com/rWurixRg.jpg", "fileid": "g286_df4peik.jpg"}, {"id": "g286_df4sjvw", "comment": "[Inspired](http://i.imgur.com/RhStVVo.jpg)", "date": "2017-03-19 12:00:43", "seriesname": "g286_df4sjvw", "file": "/media/jbrogan4/scratch2/Reddit_Prov_Dataset_v5/_Gorilla_eating_a_carrot/g286_df4sjvw.jpg", "URL": "http://i.imgur.com/RhStVVo.jpg", "fileid": "g286_df4sjvw.jpg"}, {"id": "g286_df4q7iz", "comment": "[Does anybody know the name of this instrument?](http://i.imgur.com/4hsEFnu.png)", "date": "2017-03-19 11:03:45", "seriesname": "g286_df4q7iz", "file": "/media/jbrogan4/scratch2/Reddit_Prov_Dataset_v5/_Gorilla_eating_a_carrot/g286_df4q7iz.png", "URL": "http://i.imgur.com/4hsEFnu.png", "fileid": "g286_df4q7iz.png"}, {"id": "g286_df4iy8l", "comment": "[The new A-Team](http://i.imgur.com/hoOroz9.jpg)", "date": "2017-03-19 06:16:38", "seriesname": "g286_df4iy8l", "file": "/media/jbrogan4/scratch2/Reddit_Prov_Dataset_v5/_Gorilla_eating_a_carrot/g286_df4iy8l.jpg", "URL": "http://i.imgur.com/hoOroz9.jpg", "fileid": "g286_df4iy8l.jpg"}, {"id": "g286_df4ptfc", "comment": "[Checkmate riot](http://i.imgur.com/rmvgD12.jpg) ", "date": "2017-03-19 10:53:25", "seriesname": "g286_df4ptfc", "file": "/media/jbrogan4/scratch2/Reddit_Prov_Dataset_v5/_Gorilla_eating_a_carrot/g286_df4ptfc.jpg", "URL": "http://i.imgur.com/rmvgD12.jpg", "fileid": "g286_df4ptfc.jpg"}, {"id": "g286_df4l667", "comment": "[Blues Legend](http://i.imgur.com/UWxGyza.jpg)", "date": "2017-03-19 08:17:23", "seriesname": "g286_df4l667", "file": "/media/jbrogan4/scratch2/Reddit_Prov_Dataset_v5/_Gorilla_eating_a_carrot/g286_df4l667.jpg", "URL": "http://i.imgur.com/UWxGyza.jpg", "fileid": "g286_df4l667.jpg"}, {"id": "g286_df4uxjr", "comment": "I'm not a expert at Photoshop, but what I would recommend doing is creating a smart object with your text/image, and using the Perspective and Warp tools that Photoshop provides (A shortcut would be using Ctrl+T and right clicking on the box)\n\n[You can get a pretty similar result by doing so.](http://i.imgur.com/xEOdNiQ.png)", "date": "2017-03-19 12:54:17", "seriesname": "g286_df4uxjr", "file": "/media/jbrogan4/scratch2/Reddit_Prov_Dataset_v5/_Gorilla_eating_a_carrot/g286_df4uxjr.png", "URL": "http://i.imgur.com/xEOdNiQ.png", "fileid": "g286_df4uxjr.png"}, {"id": "g286_df4nzea", "comment": "[Dealer: \"I'm sorry sir, but the minimum bet on this table is two bananas\"](http://i.imgur.com/mW976SV.jpg)", "date": "2017-03-19 10:00:37", "seriesname": "g286_df4nzea", "file": "/media/jbrogan4/scratch2/Reddit_Prov_Dataset_v5/_Gorilla_eating_a_carrot/g286_df4nzea.jpg", "URL": "http://i.imgur.com/mW976SV.jpg", "fileid": "g286_df4nzea.jpg"}, {"id": "g286_df4rr9j", "comment": "http://i.imgur.com/LheqGMq.jpg", "date": "2017-03-19 11:42:05", "seriesname": "g286_df4rr9j", "file": "/media/jbrogan4/scratch2/Reddit_Prov_Dataset_v5/_Gorilla_eating_a_carrot/g286_df4rr9j.jpg", "URL": "http://i.imgur.com/LheqGMq.jpg", "fileid": "g286_df4rr9j.jpg"}, {"id": "g286_df4ootx", "comment": "[Fidel](https://i.imgur.com/LtRHbxe.jpg)", "date": "2017-03-19 10:21:43", "seriesname": "g286_df4ootx", "file": "/media/jbrogan4/scratch2/Reddit_Prov_Dataset_v5/_Gorilla_eating_a_carrot/g286_df4ootx.jpg", "URL": "https://i.imgur.com/LtRHbxe.jpg", "fileid": "g286_df4ootx.jpg"}, {"id": "g286_df4lt6w", "comment": "[I need Picture of spiderman!](http://i.imgur.com/FUpytdd.jpg)", "date": "2017-03-19 08:44:35", "seriesname": "g286_df4lt6w", "file": "/media/jbrogan4/scratch2/Reddit_Prov_Dataset_v5/_Gorilla_eating_a_carrot/g286_df4lt6w.jpg", "URL": "http://i.imgur.com/FUpytdd.jpg", "fileid": "g286_df4lt6w.jpg"}, {"id": "g286_df4m628", "comment": "[I am a bad, bad ape.](http://i.imgur.com/GMbE61k.png)\n\nEdit: Actually, a better quote would be: \"Stick your hand in the cage, and you just might lose it.\"", "date": "2017-03-19 08:59:04", "seriesname": "g286_df4m628", "file": "/media/jbrogan4/scratch2/Reddit_Prov_Dataset_v5/_Gorilla_eating_a_carrot/g286_df4m628.png", "URL": "http://i.imgur.com/GMbE61k.png", "fileid": "g286_df4m628.png"}, {"id": "g286_df4isgb", "comment": "[Harambe](http://i.imgur.com/F9mvThV.jpg)", "date": "2017-03-19 06:07:04", "seriesname": "g286_df4isgb", "file": "/media/jbrogan4/scratch2/Reddit_Prov_Dataset_v5/_Gorilla_eating_a_carrot/g286_df4isgb.jpg", "URL": "http://i.imgur.com/F9mvThV.jpg", "fileid": "g286_df4isgb.jpg"}, {"id": "g286_df4qbwb", "comment": "[Hell, it's about time.](http://imgur.com/McA8qjB)\n\nGorrila Tychus Findlay from Starcraft II. Tried adding some scars. Turned the carrot to a cigar. Edited the shoulder art too.", "date": "2017-03-19 11:06:47", "seriesname": "g286_df4qbwb", "file": "/media/jbrogan4/scratch2/Reddit_Prov_Dataset_v5/_Gorilla_eating_a_carrot/g286_df4qbwb.png", "URL": "http://i.imgur.com/McA8qjB.png", "fileid": "g286_df4qbwb.png"}, {"id": "g286_df4k21i", "comment": "[Open your mouth, pls](http://i.imgur.com/WM0EYt1.jpg)", "date": "2017-03-19 07:20:24", "seriesname": "g286_df4k21i", "file": "/media/jbrogan4/scratch2/Reddit_Prov_Dataset_v5/_Gorilla_eating_a_carrot/g286_df4k21i.jpg", "URL": "http://i.imgur.com/WM0EYt1.jpg", "fileid": "g286_df4k21i.jpg"}, {"id": "g286_df4lchm", "comment": "[Familiar eyes](http://i.imgur.com/fkdpHWq.jpg)", "date": "2017-03-19 08:25:12", "seriesname": "g286_df4lchm", "file": "/media/jbrogan4/scratch2/Reddit_Prov_Dataset_v5/_Gorilla_eating_a_carrot/g286_df4lchm.jpg", "URL": "http://i.imgur.com/fkdpHWq.jpg", "fileid": "g286_df4lchm.jpg"}, {"id": "g286_df4heqy", "comment": "[al capone](http://i.imgur.com/DCqs2pi.jpg)\n\nAdd: [carrot version](http://i.imgur.com/OEJBpPO.jpg)", "date": "2017-03-19 04:45:32", "seriesname": "g286_df4heqy", "file": "/media/jbrogan4/scratch2/Reddit_Prov_Dataset_v5/_Gorilla_eating_a_carrot/g286_df4heqy.jpg", "URL": "http://i.imgur.com/OEJBpPO.jpg", "fileid": "g286_df4heqy.jpg"}, {"id": "g286_df4tzjb", "comment": "Wish someone would edit a carrot into this tho: https://s-media-cache-ak0.pinimg.com/736x/c5/f4/27/c5f42768e4aacbabbbf07b23a77cc363.jpg", "date": "2017-03-19 12:33:26", "seriesname": "g286_df4tzjb", "file": "/media/jbrogan4/scratch2/Reddit_Prov_Dataset_v5/_Gorilla_eating_a_carrot/g286_df4tzjb.jpg", "URL": "https://s-media-cache-ak0.pinimg.com/736x/c5/f4/27/c5f42768e4aacbabbbf07b23a77cc363.jpg", "fileid": "g286_df4tzjb.jpg"}, {"id": "g286_df4mikn", "comment": "http://i.imgur.com/qdxpFF4.jpg", "date": "2017-03-19 09:12:15", "seriesname": "g286_df4mikn", "file": "/media/jbrogan4/scratch2/Reddit_Prov_Dataset_v5/_Gorilla_eating_a_carrot/g286_df4mikn.jpg", "URL": "http://i.imgur.com/qdxpFF4.jpg", "fileid": "g286_df4mikn.jpg"}, {"id": "g286_df4ohck", "comment": "[Show me the gold!](http://i.imgur.com/tVWkOEr.jpg)", "date": "2017-03-19 10:15:35", "seriesname": "g286_df4ohck", "file": "/media/jbrogan4/scratch2/Reddit_Prov_Dataset_v5/_Gorilla_eating_a_carrot/g286_df4ohck.jpg", "URL": "http://i.imgur.com/tVWkOEr.jpg", "fileid": "g286_df4ohck.jpg"}, {"id": "g286_root", "comment": "", "date": "2017-03-19 04:19:05", "seriesname": "g286_root", "file": "/media/jbrogan4/scratch2/Reddit_Prov_Dataset_v5/_Gorilla_eating_a_carrot/g286_root.jpg", "URL": "https://i.redd.it/txek0aegqbmy.jpg", "fileid": "g286_root.jpg"}, {"id": "g286_df4u1ub", "comment": "[Colonel, I just want to say it's been an honor fighting with you against Hank and his forces.](https://i.imgur.com/Ll4dMjK.png)   ", "date": "2017-03-19 12:34:53", "seriesname": "g286_df4u1ub", "file": "/media/jbrogan4/scratch2/Reddit_Prov_Dataset_v5/_Gorilla_eating_a_carrot/g286_df4u1ub.png", "URL": "https://i.imgur.com/Ll4dMjK.png", "fileid": "g286_df4u1ub.png"}, {"id": "g286_df4yvwi", "comment": "[If you're going through hell, keep going](http://imgur.com/EfnSTRB)", "date": "2017-03-19 14:17:56", "seriesname": "g286_df4yvwi", "file": "/media/jbrogan4/scratch2/Reddit_Prov_Dataset_v5/_Gorilla_eating_a_carrot/g286_df4yvwi.png", "URL": "http://i.imgur.com/EfnSTRB.png", "fileid": "g286_df4yvwi.png"}], "graph": {"name": "g286_root"}, "directed": true}