{"links": [{"op": "none", "target": 0, "source": 11}, {"op": "none", "target": 1, "source": 11}, {"op": "none", "target": 2, "source": 11}, {"op": "none", "target": 3, "source": 43}, {"op": "none", "target": 4, "source": 11}, {"op": "none", "target": 5, "source": 11}, {"op": "none", "target": 6, "source": 11}, {"op": "none", "target": 7, "source": 11}, {"op": "none", "target": 8, "source": 11}, {"op": "none", "target": 9, "source": 11}, {"op": "none", "target": 10, "source": 11}, {"op": "none", "target": 12, "source": 11}, {"op": "none", "target": 13, "source": 11}, {"op": "none", "target": 14, "source": 42}, {"op": "none", "target": 15, "source": 11}, {"op": "none", "target": 16, "source": 11}, {"op": "none", "target": 17, "source": 11}, {"op": "none", "target": 18, "source": 11}, {"op": "none", "target": 19, "source": 11}, {"op": "none", "target": 20, "source": 11}, {"op": "none", "target": 21, "source": 11}, {"op": "none", "target": 22, "source": 37}, {"op": "none", "target": 23, "source": 11}, {"op": "none", "target": 24, "source": 11}, {"op": "none", "target": 25, "source": 11}, {"op": "none", "target": 26, "source": 11}, {"op": "none", "target": 27, "source": 11}, {"op": "none", "target": 28, "source": 11}, {"op": "none", "target": 29, "source": 48}, {"op": "none", "target": 30, "source": 11}, {"op": "none", "target": 31, "source": 11}, {"op": "none", "target": 32, "source": 11}, {"op": "none", "target": 33, "source": 11}, {"op": "none", "target": 34, "source": 11}, {"op": "none", "target": 35, "source": 11}, {"op": "none", "target": 36, "source": 11}, {"op": "none", "target": 37, "source": 14}, {"op": "none", "target": 38, "source": 11}, {"op": "none", "target": 39, "source": 11}, {"op": "none", "target": 40, "source": 11}, {"op": "none", "target": 41, "source": 11}, {"op": "none", "target": 42, "source": 11}, {"op": "none", "target": 43, "source": 11}, {"op": "none", "target": 44, "source": 11}, {"op": "none", "target": 45, "source": 11}, {"op": "none", "target": 46, "source": 11}, {"op": "none", "target": 47, "source": 11}, {"op": "none", "target": 48, "source": 11}, {"op": "none", "target": 49, "source": 11}, {"op": "none", "target": 50, "source": 11}, {"op": "none", "target": 51, "source": 11}, {"op": "none", "target": 52, "source": 22}, {"op": "none", "target": 53, "source": 11}], "title": "_This_eagle_with_wings_spread", "nodes": [{"id": "g295_dcdfegv", "comment": "[Edward Featherhands](https://i.imgur.com/ODKnEEc.jpg)", "date": "2017-01-13 06:57:59", "seriesname": "g295_dcdfegv", "file": "/media/jbrogan4/scratch2/Reddit_Prov_Dataset_v5/_This_eagle_with_wings_spread/g295_dcdfegv.jpg", "URL": "https://i.imgur.com/ODKnEEc.jpg", "fileid": "g295_dcdfegv.jpg"}, {"id": "g295_dcem7d5", "comment": "[Dildo Eagle! NSFW](http://i.imgur.com/jqrRqKM.png)", "date": "2017-01-13 23:01:16", "seriesname": "g295_dcem7d5", "file": "/media/jbrogan4/scratch2/Reddit_Prov_Dataset_v5/_This_eagle_with_wings_spread/g295_dcem7d5.png", "URL": "http://i.imgur.com/jqrRqKM.png", "fileid": "g295_dcem7d5.png"}, {"id": "g295_dcdtz78", "comment": "[Dracula the Animorph](http://i.imgur.com/UScvZHk.png)", "date": "2017-01-13 12:46:03", "seriesname": "g295_dcdtz78", "file": "/media/jbrogan4/scratch2/Reddit_Prov_Dataset_v5/_This_eagle_with_wings_spread/g295_dcdtz78.png", "URL": "http://i.imgur.com/UScvZHk.png", "fileid": "g295_dcdtz78.png"}, {"id": "g295_dcdj9n8", "comment": "&gt; Down with the false idol\n\n[In bird culture, this is considered a dick move.](http://i.imgur.com/FnqZcuj.jpg)", "date": "2017-01-13 09:08:13", "seriesname": "g295_dcdj9n8", "file": "/media/jbrogan4/scratch2/Reddit_Prov_Dataset_v5/_This_eagle_with_wings_spread/g295_dcdj9n8.jpg", "URL": "http://i.imgur.com/FnqZcuj.jpg", "fileid": "g295_dcdj9n8.jpg"}, {"id": "g295_dcdk3x6", "comment": "[Oh the humanity](http://i.imgur.com/VkWINSj.jpg)", "date": "2017-01-13 09:29:17", "seriesname": "g295_dcdk3x6", "file": "/media/jbrogan4/scratch2/Reddit_Prov_Dataset_v5/_This_eagle_with_wings_spread/g295_dcdk3x6.jpg", "URL": "http://i.imgur.com/VkWINSj.jpg", "fileid": "g295_dcdk3x6.jpg"}, {"id": "g295_dcdm12i", "comment": "http://i.imgur.com/qOFH0iD.jpg", "date": "2017-01-13 10:12:50", "seriesname": "g295_dcdm12i", "file": "/media/jbrogan4/scratch2/Reddit_Prov_Dataset_v5/_This_eagle_with_wings_spread/g295_dcdm12i.jpg", "URL": "http://i.imgur.com/qOFH0iD.jpg", "fileid": "g295_dcdm12i.jpg"}, {"id": "g295_dcdptiu", "comment": "[Flight of the Bumblebees, AGAIN!](http://i.imgur.com/tQrkiNM.jpg)", "date": "2017-01-13 11:27:44", "seriesname": "g295_dcdptiu", "file": "/media/jbrogan4/scratch2/Reddit_Prov_Dataset_v5/_This_eagle_with_wings_spread/g295_dcdptiu.jpg", "URL": "http://i.imgur.com/tQrkiNM.jpg", "fileid": "g295_dcdptiu.jpg"}, {"id": "g295_dcebjsh", "comment": "[Knight vs eagle](http://i.imgur.com/d90RJgb.jpg)", "date": "2017-01-13 18:31:01", "seriesname": "g295_dcebjsh", "file": "/media/jbrogan4/scratch2/Reddit_Prov_Dataset_v5/_This_eagle_with_wings_spread/g295_dcebjsh.jpg", "URL": "http://i.imgur.com/d90RJgb.jpg", "fileid": "g295_dcebjsh.jpg"}, {"id": "g295_dceeyji", "comment": "[Irrashaimase...Table Fo' Fo'](http://i.imgur.com/EnHM6Gy.png)", "date": "2017-01-13 19:52:16", "seriesname": "g295_dceeyji", "file": "/media/jbrogan4/scratch2/Reddit_Prov_Dataset_v5/_This_eagle_with_wings_spread/g295_dceeyji.png", "URL": "http://i.imgur.com/EnHM6Gy.png", "fileid": "g295_dceeyji.png"}, {"id": "g295_dce9jx8", "comment": "[GET OFF MY PROPERTY!](http://i.imgur.com/i1OMARQ.jpg)\n", "date": "2017-01-13 17:46:20", "seriesname": "g295_dce9jx8", "file": "/media/jbrogan4/scratch2/Reddit_Prov_Dataset_v5/_This_eagle_with_wings_spread/g295_dce9jx8.jpg", "URL": "http://i.imgur.com/i1OMARQ.jpg", "fileid": "g295_dce9jx8.jpg"}, {"id": "g295_dce5tpd", "comment": "[It's that time again](http://i.imgur.com/ZyRBxmW.jpg)", "date": "2017-01-13 16:28:07", "seriesname": "g295_dce5tpd", "file": "/media/jbrogan4/scratch2/Reddit_Prov_Dataset_v5/_This_eagle_with_wings_spread/g295_dce5tpd.jpg", "URL": "http://i.imgur.com/ZyRBxmW.jpg", "fileid": "g295_dce5tpd.jpg"}, {"id": "g295_root", "comment": "", "date": "2017-01-13 04:32:54", "seriesname": "g295_root", "file": "/media/jbrogan4/scratch2/Reddit_Prov_Dataset_v5/_This_eagle_with_wings_spread/g295_root.jpg", "URL": "http://i.imgur.com/xKfD4Nw.jpg", "fileid": "g295_root.jpg"}, {"id": "g295_dcdftjt", "comment": "[The lords of Eagletown](http://i.imgur.com/FY0wrN5.jpg)", "date": "2017-01-13 07:16:05", "seriesname": "g295_dcdftjt", "file": "/media/jbrogan4/scratch2/Reddit_Prov_Dataset_v5/_This_eagle_with_wings_spread/g295_dcdftjt.jpg", "URL": "http://i.imgur.com/FY0wrN5.jpg", "fileid": "g295_dcdftjt.jpg"}, {"id": "g295_dcdl7dk", "comment": "[Don't do it Nic!](http://i.imgur.com/51c71S3.jpg)", "date": "2017-01-13 09:54:36", "seriesname": "g295_dcdl7dk", "file": "/media/jbrogan4/scratch2/Reddit_Prov_Dataset_v5/_This_eagle_with_wings_spread/g295_dcdl7dk.jpg", "URL": "http://i.imgur.com/51c71S3.jpg", "fileid": "g295_dcdl7dk.jpg"}, {"id": "g295_dcdiabs", "comment": "[Reinforcement](http://imgur.com/RN1iw6X.jpg)", "date": "2017-01-13 08:40:49", "seriesname": "g295_dcdiabs", "file": "/media/jbrogan4/scratch2/Reddit_Prov_Dataset_v5/_This_eagle_with_wings_spread/g295_dcdiabs.jpg", "URL": "http://imgur.com/RN1iw6X.jpg", "fileid": "g295_dcdiabs.jpg"}, {"id": "g295_dcdng41", "comment": "[I've come to suck your blood!](http://i.imgur.com/97pJzbT.jpg)", "date": "2017-01-13 10:42:03", "seriesname": "g295_dcdng41", "file": "/media/jbrogan4/scratch2/Reddit_Prov_Dataset_v5/_This_eagle_with_wings_spread/g295_dcdng41.jpg", "URL": "http://i.imgur.com/97pJzbT.jpg", "fileid": "g295_dcdng41.jpg"}, {"id": "g295_dcdd6n1", "comment": "[Cue boss battle music](http://i.imgur.com/BKUgcSo.png)", "date": "2017-01-13 05:08:21", "seriesname": "g295_dcdd6n1", "file": "/media/jbrogan4/scratch2/Reddit_Prov_Dataset_v5/_This_eagle_with_wings_spread/g295_dcdd6n1.png", "URL": "http://i.imgur.com/BKUgcSo.png", "fileid": "g295_dcdd6n1.png"}, {"id": "g295_dce2mnf", "comment": "[Come at me](http://i.imgur.com/nOgEFJj.jpg)", "date": "2017-01-13 15:26:00", "seriesname": "g295_dce2mnf", "file": "/media/jbrogan4/scratch2/Reddit_Prov_Dataset_v5/_This_eagle_with_wings_spread/g295_dce2mnf.jpg", "URL": "http://i.imgur.com/nOgEFJj.jpg", "fileid": "g295_dce2mnf.jpg"}, {"id": "g295_dcdwcwg", "comment": "[Jayhawk Basketball Releases New Update Court Design](http://imgur.com/Iv2leAo)", "date": "2017-01-13 13:29:59", "seriesname": "g295_dcdwcwg", "file": "/media/jbrogan4/scratch2/Reddit_Prov_Dataset_v5/_This_eagle_with_wings_spread/g295_dcdwcwg.png", "URL": "http://i.imgur.com/Iv2leAo.png", "fileid": "g295_dcdwcwg.png"}, {"id": "g295_dcdipi1", "comment": "http://imgur.com/aaFtjWu.jpg", "date": "2017-01-13 08:52:59", "seriesname": "g295_dcdipi1", "file": "/media/jbrogan4/scratch2/Reddit_Prov_Dataset_v5/_This_eagle_with_wings_spread/g295_dcdipi1.jpg", "URL": "http://imgur.com/aaFtjWu.jpg", "fileid": "g295_dcdipi1.jpg"}, {"id": "g295_dcdi2nh", "comment": "http://i.imgur.com/RSpwvZk.jpg", "date": "2017-01-13 08:34:30", "seriesname": "g295_dcdi2nh", "file": "/media/jbrogan4/scratch2/Reddit_Prov_Dataset_v5/_This_eagle_with_wings_spread/g295_dcdi2nh.jpg", "URL": "http://i.imgur.com/RSpwvZk.jpg", "fileid": "g295_dcdi2nh.jpg"}, {"id": "g295_dcdizvc", "comment": "['SUP BRAH?](http://i.imgur.com/HL9KI4L.png)", "date": "2017-01-13 09:00:59", "seriesname": "g295_dcdizvc", "file": "/media/jbrogan4/scratch2/Reddit_Prov_Dataset_v5/_This_eagle_with_wings_spread/g295_dcdizvc.png", "URL": "http://i.imgur.com/HL9KI4L.png", "fileid": "g295_dcdizvc.png"}, {"id": "g295_dcdjoqf", "comment": "[You won this round.. but we need to go deeper!](http://imgur.com/W8hwtBX.jpg)", "date": "2017-01-13 09:19:04", "seriesname": "g295_dcdjoqf", "file": "/media/jbrogan4/scratch2/Reddit_Prov_Dataset_v5/_This_eagle_with_wings_spread/g295_dcdjoqf.jpg", "URL": "http://imgur.com/W8hwtBX.jpg", "fileid": "g295_dcdjoqf.jpg"}, {"id": "g295_dceps2c", "comment": "I may be late to the party, but [It's noon somewhere](http://i.imgur.com/d96F9w5.jpg)", "date": "2017-01-14 00:51:23", "seriesname": "g295_dceps2c", "file": "/media/jbrogan4/scratch2/Reddit_Prov_Dataset_v5/_This_eagle_with_wings_spread/g295_dceps2c.jpg", "URL": "http://i.imgur.com/d96F9w5.jpg", "fileid": "g295_dceps2c.jpg"}, {"id": "g295_dcdj40z", "comment": "[Desert Eagle](http://i.imgur.com/N38pbhd.jpg)", "date": "2017-01-13 09:04:02", "seriesname": "g295_dcdj40z", "file": "/media/jbrogan4/scratch2/Reddit_Prov_Dataset_v5/_This_eagle_with_wings_spread/g295_dcdj40z.jpg", "URL": "http://i.imgur.com/N38pbhd.jpg", "fileid": "g295_dcdj40z.jpg"}, {"id": "g295_dcdio0e", "comment": "[I respect you BRAH!](http://i.imgur.com/3ewUzlW.png)", "date": "2017-01-13 08:51:49", "seriesname": "g295_dcdio0e", "file": "/media/jbrogan4/scratch2/Reddit_Prov_Dataset_v5/_This_eagle_with_wings_spread/g295_dcdio0e.png", "URL": "http://i.imgur.com/3ewUzlW.png", "fileid": "g295_dcdio0e.png"}, {"id": "g295_dce0w1t", "comment": "[COME AT ME BRO](http://i.imgur.com/vfTOxVR.jpg)", "date": "2017-01-13 14:54:05", "seriesname": "g295_dce0w1t", "file": "/media/jbrogan4/scratch2/Reddit_Prov_Dataset_v5/_This_eagle_with_wings_spread/g295_dce0w1t.jpg", "URL": "http://i.imgur.com/vfTOxVR.jpg", "fileid": "g295_dce0w1t.jpg"}, {"id": "g295_dced4bc", "comment": "[Beware of the trumplican!](http://i.imgur.com/Ue7KLzj.jpg)", "date": "2017-01-13 19:08:08", "seriesname": "g295_dced4bc", "file": "/media/jbrogan4/scratch2/Reddit_Prov_Dataset_v5/_This_eagle_with_wings_spread/g295_dced4bc.jpg", "URL": "http://i.imgur.com/Ue7KLzj.jpg", "fileid": "g295_dced4bc.jpg"}, {"id": "g295_dcdqf79", "comment": "[Happens all the time](http://i.imgur.com/WPHHQPL.jpg)", "date": "2017-01-13 11:39:16", "seriesname": "g295_dcdqf79", "file": "/media/jbrogan4/scratch2/Reddit_Prov_Dataset_v5/_This_eagle_with_wings_spread/g295_dcdqf79.jpg", "URL": "http://i.imgur.com/WPHHQPL.jpg", "fileid": "g295_dcdqf79.jpg"}, {"id": "g295_dce1m2v", "comment": "[I added one extra little touch](http://i.imgur.com/Ii12cYy.jpg)", "date": "2017-01-13 15:07:23", "seriesname": "g295_dce1m2v", "file": "/media/jbrogan4/scratch2/Reddit_Prov_Dataset_v5/_This_eagle_with_wings_spread/g295_dce1m2v.jpg", "URL": "http://i.imgur.com/Ii12cYy.jpg", "fileid": "g295_dce1m2v.jpg"}, {"id": "g295_dcdfhw1", "comment": "[Eaglezilla!](http://i.imgur.com/aGtGKVC.jpg)", "date": "2017-01-13 07:02:13", "seriesname": "g295_dcdfhw1", "file": "/media/jbrogan4/scratch2/Reddit_Prov_Dataset_v5/_This_eagle_with_wings_spread/g295_dcdfhw1.jpg", "URL": "http://i.imgur.com/aGtGKVC.jpg", "fileid": "g295_dcdfhw1.jpg"}, {"id": "g295_dcdqw35", "comment": "[If one of you little shits makes me drop my J\u00e4ger, you're dead](http://i.imgur.com/CibG6MU.png)", "date": "2017-01-13 11:48:05", "seriesname": "g295_dcdqw35", "file": "/media/jbrogan4/scratch2/Reddit_Prov_Dataset_v5/_This_eagle_with_wings_spread/g295_dcdqw35.png", "URL": "http://i.imgur.com/CibG6MU.png", "fileid": "g295_dcdqw35.png"}, {"id": "g295_dcdja6j", "comment": "[Dance me to the end of love!](http://imgur.com/DJ42Elx)", "date": "2017-01-13 09:08:37", "seriesname": "g295_dcdja6j", "file": "/media/jbrogan4/scratch2/Reddit_Prov_Dataset_v5/_This_eagle_with_wings_spread/g295_dcdja6j.png", "URL": "http://i.imgur.com/DJ42Elx.png", "fileid": "g295_dcdja6j.png"}, {"id": "g295_dceha94", "comment": "[Tump vs America](http://imgur.com/DHGv24k)", "date": "2017-01-13 20:50:19", "seriesname": "g295_dceha94", "file": "/media/jbrogan4/scratch2/Reddit_Prov_Dataset_v5/_This_eagle_with_wings_spread/g295_dceha94.png", "URL": "http://i.imgur.com/DHGv24k.png", "fileid": "g295_dceha94.png"}, {"id": "g295_dcdjsl3", "comment": "[eagle roar](https://i.imgur.com/ZINPnha.jpg)", "date": "2017-01-13 09:21:42", "seriesname": "g295_dcdjsl3", "file": "/media/jbrogan4/scratch2/Reddit_Prov_Dataset_v5/_This_eagle_with_wings_spread/g295_dcdjsl3.jpg", "URL": "https://i.imgur.com/ZINPnha.jpg", "fileid": "g295_dcdjsl3.jpg"}, {"id": "g295_dcdntnr", "comment": "[Do not, I say, do not pick a fight with that eagle, boy!](http://imgur.com/JTM5M1G.jpg)", "date": "2017-01-13 10:49:20", "seriesname": "g295_dcdntnr", "file": "/media/jbrogan4/scratch2/Reddit_Prov_Dataset_v5/_This_eagle_with_wings_spread/g295_dcdntnr.jpg", "URL": "http://imgur.com/JTM5M1G.jpg", "fileid": "g295_dcdntnr.jpg"}, {"id": "g295_dcdju14", "comment": "[Cthulhu!](http://imgur.com/ozcegkL) ", "date": "2017-01-13 09:22:39", "seriesname": "g295_dcdju14", "file": "/media/jbrogan4/scratch2/Reddit_Prov_Dataset_v5/_This_eagle_with_wings_spread/g295_dcdju14.png", "URL": "http://i.imgur.com/ozcegkL.png", "fileid": "g295_dcdju14.png"}, {"id": "g295_dcdif9g", "comment": "[beat me to it but different idea]\n(http://i.imgur.com/Q5O02nk.jpg)", "date": "2017-01-13 08:44:49", "seriesname": "g295_dcdif9g", "file": "/media/jbrogan4/scratch2/Reddit_Prov_Dataset_v5/_This_eagle_with_wings_spread/g295_dcdif9g.jpg", "URL": "http://i.imgur.com/Q5O02nk.jpg", "fileid": "g295_dcdif9g.jpg"}, {"id": "g295_dcdiopl", "comment": " http://i.imgur.com/uW9whH9.jpg ", "date": "2017-01-13 08:52:21", "seriesname": "g295_dcdiopl", "file": "/media/jbrogan4/scratch2/Reddit_Prov_Dataset_v5/_This_eagle_with_wings_spread/g295_dcdiopl.jpg", "URL": "http://i.imgur.com/uW9whH9.jpg", "fileid": "g295_dcdiopl.jpg"}, {"id": "g295_dceeyl0", "comment": "[Eagle Joins The Brawl](http://i.imgur.com/qjc29tG.jpg)\n", "date": "2017-01-13 19:52:17", "seriesname": "g295_dceeyl0", "file": "/media/jbrogan4/scratch2/Reddit_Prov_Dataset_v5/_This_eagle_with_wings_spread/g295_dceeyl0.jpg", "URL": "http://i.imgur.com/qjc29tG.jpg", "fileid": "g295_dceeyl0.jpg"}, {"id": "g295_dcdmrm3", "comment": "[Epic Chicken Fight : New Target Acquired](http://i.imgur.com/w21ZDTH.jpg)", "date": "2017-01-13 10:28:10", "seriesname": "g295_dcdmrm3", "file": "/media/jbrogan4/scratch2/Reddit_Prov_Dataset_v5/_This_eagle_with_wings_spread/g295_dcdmrm3.jpg", "URL": "http://i.imgur.com/w21ZDTH.jpg", "fileid": "g295_dcdmrm3.jpg"}, {"id": "g295_dceeyja", "comment": "[Lord of The Wing!](http://i.imgur.com/S3W0Qdb.png)", "date": "2017-01-13 19:52:16", "seriesname": "g295_dceeyja", "file": "/media/jbrogan4/scratch2/Reddit_Prov_Dataset_v5/_This_eagle_with_wings_spread/g295_dceeyja.png", "URL": "http://i.imgur.com/S3W0Qdb.png", "fileid": "g295_dceeyja.png"}, {"id": "g295_dcdhs57", "comment": "http://i.imgur.com/XOwJIlu.jpg", "date": "2017-01-13 08:25:42", "seriesname": "g295_dcdhs57", "file": "/media/jbrogan4/scratch2/Reddit_Prov_Dataset_v5/_This_eagle_with_wings_spread/g295_dcdhs57.jpg", "URL": "http://i.imgur.com/XOwJIlu.jpg", "fileid": "g295_dcdhs57.jpg"}, {"id": "g295_dcdh6x1", "comment": "[fite me, fgt](http://i.imgur.com/OQT7Diz.jpg)", "date": "2017-01-13 08:07:18", "seriesname": "g295_dcdh6x1", "file": "/media/jbrogan4/scratch2/Reddit_Prov_Dataset_v5/_This_eagle_with_wings_spread/g295_dcdh6x1.jpg", "URL": "http://i.imgur.com/OQT7Diz.jpg", "fileid": "g295_dcdh6x1.jpg"}, {"id": "g295_dcdxbel", "comment": "[You shall not pass!](http://imgur.com/Kuhfs6G)", "date": "2017-01-13 13:47:38", "seriesname": "g295_dcdxbel", "file": "/media/jbrogan4/scratch2/Reddit_Prov_Dataset_v5/_This_eagle_with_wings_spread/g295_dcdxbel.png", "URL": "http://i.imgur.com/Kuhfs6G.png", "fileid": "g295_dcdxbel.png"}, {"id": "g295_dcdqv5m", "comment": "[Badlands Rider](http://i.imgur.com/uGPjtgt.jpg)", "date": "2017-01-13 11:47:37", "seriesname": "g295_dcdqv5m", "file": "/media/jbrogan4/scratch2/Reddit_Prov_Dataset_v5/_This_eagle_with_wings_spread/g295_dcdqv5m.jpg", "URL": "http://i.imgur.com/uGPjtgt.jpg", "fileid": "g295_dcdqv5m.jpg"}, {"id": "g295_dcdjnmg", "comment": "[Flashing each other](http://i.imgur.com/euRoLsU.jpg)", "date": "2017-01-13 09:18:16", "seriesname": "g295_dcdjnmg", "file": "/media/jbrogan4/scratch2/Reddit_Prov_Dataset_v5/_This_eagle_with_wings_spread/g295_dcdjnmg.jpg", "URL": "http://i.imgur.com/euRoLsU.jpg", "fileid": "g295_dcdjnmg.jpg"}, {"id": "g295_dcdjvev", "comment": "[Ill-eagle X Games](http://i.imgur.com/4x714vl.png)", "date": "2017-01-13 09:23:35", "seriesname": "g295_dcdjvev", "file": "/media/jbrogan4/scratch2/Reddit_Prov_Dataset_v5/_This_eagle_with_wings_spread/g295_dcdjvev.png", "URL": "http://i.imgur.com/4x714vl.png", "fileid": "g295_dcdjvev.png"}, {"id": "g295_dcdo7pg", "comment": "[Vulcan Cannon Eagle](http://i.imgur.com/bNjpiL3.jpg)", "date": "2017-01-13 10:56:58", "seriesname": "g295_dcdo7pg", "file": "/media/jbrogan4/scratch2/Reddit_Prov_Dataset_v5/_This_eagle_with_wings_spread/g295_dcdo7pg.jpg", "URL": "http://i.imgur.com/bNjpiL3.jpg", "fileid": "g295_dcdo7pg.jpg"}, {"id": "g295_dcdhpfd", "comment": "[...the fuck is that?!!!](http://i.imgur.com/Grch6BK.png)\n\n\n^^P.S.  ^^Obligatory ^^GAR ^^GAR.  ^^GLORY ^^TO ^^THE ^^ALL ^^FATHER!", "date": "2017-01-13 08:23:26", "seriesname": "g295_dcdhpfd", "file": "/media/jbrogan4/scratch2/Reddit_Prov_Dataset_v5/_This_eagle_with_wings_spread/g295_dcdhpfd.png", "URL": "http://i.imgur.com/Grch6BK.png", "fileid": "g295_dcdhpfd.png"}, {"id": "g295_dcdpiqd", "comment": "[Random Enemy Encounter!](http://i.imgur.com/Ra0t2W8.jpg)", "date": "2017-01-13 11:22:06", "seriesname": "g295_dcdpiqd", "file": "/media/jbrogan4/scratch2/Reddit_Prov_Dataset_v5/_This_eagle_with_wings_spread/g295_dcdpiqd.jpg", "URL": "http://i.imgur.com/Ra0t2W8.jpg", "fileid": "g295_dcdpiqd.jpg"}, {"id": "g295_dcds9l0", "comment": "[Hey kid, come here I can give you a nice price.] (http://imgur.com/SyinIVe)", "date": "2017-01-13 12:14:09", "seriesname": "g295_dcds9l0", "file": "/media/jbrogan4/scratch2/Reddit_Prov_Dataset_v5/_This_eagle_with_wings_spread/g295_dcds9l0.png", "URL": "http://i.imgur.com/SyinIVe.png", "fileid": "g295_dcds9l0.png"}, {"id": "g295_dcdmhmb", "comment": "[He's not gone yet...](http://i.imgur.com/lcOcVdF.jpg)", "date": "2017-01-13 10:22:25", "seriesname": "g295_dcdmhmb", "file": "/media/jbrogan4/scratch2/Reddit_Prov_Dataset_v5/_This_eagle_with_wings_spread/g295_dcdmhmb.jpg", "URL": "http://i.imgur.com/lcOcVdF.jpg", "fileid": "g295_dcdmhmb.jpg"}, {"id": "g295_dcfinzq", "comment": "http://i.imgur.com/IlbOEsW.jpg", "date": "2017-01-14 16:40:42", "seriesname": "g295_dcfinzq", "file": "/media/jbrogan4/scratch2/Reddit_Prov_Dataset_v5/_This_eagle_with_wings_spread/g295_dcfinzq.jpg", "URL": "http://i.imgur.com/IlbOEsW.jpg", "fileid": "g295_dcfinzq.jpg"}], "graph": {"name": "g295_root"}, "directed": true}