{"links": [{"op": "none", "target": 0, "source": 42}, {"op": "none", "target": 1, "source": 62}, {"op": "none", "target": 2, "source": 62}, {"op": "none", "target": 3, "source": 53}, {"op": "none", "target": 4, "source": 15}, {"op": "none", "target": 5, "source": 62}, {"op": "none", "target": 6, "source": 42}, {"op": "none", "target": 7, "source": 62}, {"op": "none", "target": 8, "source": 62}, {"op": "none", "target": 9, "source": 62}, {"op": "none", "target": 10, "source": 47}, {"op": "none", "target": 11, "source": 62}, {"op": "none", "target": 12, "source": 62}, {"op": "none", "target": 13, "source": 62}, {"op": "none", "target": 14, "source": 62}, {"op": "none", "target": 15, "source": 62}, {"op": "none", "target": 16, "source": 62}, {"op": "none", "target": 17, "source": 62}, {"op": "none", "target": 18, "source": 62}, {"op": "none", "target": 19, "source": 3}, {"op": "none", "target": 20, "source": 62}, {"op": "none", "target": 21, "source": 15}, {"op": "none", "target": 22, "source": 62}, {"op": "none", "target": 23, "source": 62}, {"op": "none", "target": 24, "source": 62}, {"op": "none", "target": 25, "source": 62}, {"op": "none", "target": 26, "source": 62}, {"op": "none", "target": 27, "source": 19}, {"op": "none", "target": 28, "source": 62}, {"op": "none", "target": 29, "source": 42}, {"op": "none", "target": 30, "source": 62}, {"op": "none", "target": 31, "source": 62}, {"op": "none", "target": 32, "source": 47}, {"op": "none", "target": 33, "source": 62}, {"op": "none", "target": 34, "source": 62}, {"op": "none", "target": 35, "source": 62}, {"op": "none", "target": 36, "source": 12}, {"op": "none", "target": 37, "source": 62}, {"op": "none", "target": 38, "source": 62}, {"op": "none", "target": 39, "source": 62}, {"op": "none", "target": 40, "source": 62}, {"op": "none", "target": 41, "source": 62}, {"op": "none", "target": 42, "source": 62}, {"op": "none", "target": 43, "source": 62}, {"op": "none", "target": 44, "source": 42}, {"op": "none", "target": 45, "source": 62}, {"op": "none", "target": 46, "source": 62}, {"op": "none", "target": 47, "source": 62}, {"op": "none", "target": 48, "source": 62}, {"op": "none", "target": 49, "source": 62}, {"op": "none", "target": 50, "source": 62}, {"op": "none", "target": 51, "source": 3}, {"op": "none", "target": 52, "source": 62}, {"op": "none", "target": 53, "source": 62}, {"op": "none", "target": 54, "source": 62}, {"op": "none", "target": 55, "source": 62}, {"op": "none", "target": 56, "source": 35}, {"op": "none", "target": 57, "source": 21}, {"op": "none", "target": 58, "source": 62}, {"op": "none", "target": 59, "source": 62}, {"op": "none", "target": 60, "source": 62}, {"op": "none", "target": 61, "source": 62}], "title": "_A_dehydrated_pumpkin", "nodes": [{"id": "g305_d2xiqip", "comment": "[Was working on one as you uploaded too](http://i.imgur.com/gIFm01e.png)", "date": "2016-05-08 12:08:00", "seriesname": "g305_d2xiqip", "file": "/media/jbrogan4/scratch2/Reddit_Prov_Dataset_v5/_A_dehydrated_pumpkin/g305_d2xiqip.png", "URL": "http://i.imgur.com/gIFm01e.png", "fileid": "g305_d2xiqip.png"}, {"id": "g305_d2xjmj8", "comment": "[Git gud.](http://i.imgur.com/jqzXXXR.png)", "date": "2016-05-08 12:32:05", "seriesname": "g305_d2xjmj8", "file": "/media/jbrogan4/scratch2/Reddit_Prov_Dataset_v5/_A_dehydrated_pumpkin/g305_d2xjmj8.png", "URL": "http://i.imgur.com/jqzXXXR.png", "fileid": "g305_d2xjmj8.png"}, {"id": "g305_d2xi3a3", "comment": "[Captain Keyes!](http://imgur.com/eyjgvYC)", "date": "2016-05-08 11:49:28", "seriesname": "g305_d2xi3a3", "file": "/media/jbrogan4/scratch2/Reddit_Prov_Dataset_v5/_A_dehydrated_pumpkin/g305_d2xi3a3.png", "URL": "http://i.imgur.com/eyjgvYC.png", "fileid": "g305_d2xi3a3.png"}, {"id": "g305_d2xihf5", "comment": "even more diversity http://i.imgur.com/mLM3KA0.jpg", "date": "2016-05-08 12:00:40", "seriesname": "g305_d2xihf5", "file": "/media/jbrogan4/scratch2/Reddit_Prov_Dataset_v5/_A_dehydrated_pumpkin/g305_d2xihf5.jpg", "URL": "http://i.imgur.com/mLM3KA0.jpg", "fileid": "g305_d2xihf5.jpg"}, {"id": "g305_d2xnz5t", "comment": "[okay](http://i.imgur.com/5AsX4IC.jpg)", "date": "2016-05-08 14:29:50", "seriesname": "g305_d2xnz5t", "file": "/media/jbrogan4/scratch2/Reddit_Prov_Dataset_v5/_A_dehydrated_pumpkin/g305_d2xnz5t.jpg", "URL": "http://i.imgur.com/5AsX4IC.jpg", "fileid": "g305_d2xnz5t.jpg"}, {"id": "g305_d2xhoxu", "comment": "[You will pay the price for your lack of vision](http://i.imgur.com/ANvZfnF.jpg)", "date": "2016-05-08 11:37:55", "seriesname": "g305_d2xhoxu", "file": "/media/jbrogan4/scratch2/Reddit_Prov_Dataset_v5/_A_dehydrated_pumpkin/g305_d2xhoxu.jpg", "URL": "http://i.imgur.com/ANvZfnF.jpg", "fileid": "g305_d2xhoxu.jpg"}, {"id": "g305_d2xop9b", "comment": "[I did my best](https://i.imgur.com/B3tqS97.png)\n\nEDIT: Thanks for the gold :)", "date": "2016-05-08 14:48:46", "seriesname": "g305_d2xop9b", "file": "/media/jbrogan4/scratch2/Reddit_Prov_Dataset_v5/_A_dehydrated_pumpkin/g305_d2xop9b.png", "URL": "https://i.imgur.com/B3tqS97.png", "fileid": "g305_d2xop9b.png"}, {"id": "g305_d2xiz2m", "comment": "[Wilson](http://i.imgur.com/ODuFwKY.jpg)", "date": "2016-05-08 12:14:30", "seriesname": "g305_d2xiz2m", "file": "/media/jbrogan4/scratch2/Reddit_Prov_Dataset_v5/_A_dehydrated_pumpkin/g305_d2xiz2m.jpg", "URL": "http://i.imgur.com/ODuFwKY.jpg", "fileid": "g305_d2xiz2m.jpg"}, {"id": "g305_d2xhwv4", "comment": "Beat me to it: [Roman Holiday](http://i.imgur.com/C9doJ23.jpg)", "date": "2016-05-08 11:44:21", "seriesname": "g305_d2xhwv4", "file": "/media/jbrogan4/scratch2/Reddit_Prov_Dataset_v5/_A_dehydrated_pumpkin/g305_d2xhwv4.jpg", "URL": "http://i.imgur.com/C9doJ23.jpg", "fileid": "g305_d2xhwv4.jpg"}, {"id": "g305_d2xgnhk", "comment": "[I dont need it](http://i.imgur.com/hDFg95o.png)", "date": "2016-05-08 11:07:20", "seriesname": "g305_d2xgnhk", "file": "/media/jbrogan4/scratch2/Reddit_Prov_Dataset_v5/_A_dehydrated_pumpkin/g305_d2xgnhk.png", "URL": "http://i.imgur.com/hDFg95o.png", "fileid": "g305_d2xgnhk.png"}, {"id": "g305_d2xidqk", "comment": "[works both ways](http://i.imgur.com/JHetrFZ.jpg)", "date": "2016-05-08 11:57:48", "seriesname": "g305_d2xidqk", "file": "/media/jbrogan4/scratch2/Reddit_Prov_Dataset_v5/_A_dehydrated_pumpkin/g305_d2xidqk.jpg", "URL": "http://i.imgur.com/JHetrFZ.jpg", "fileid": "g305_d2xidqk.jpg"}, {"id": "g305_d2xgk6b", "comment": "[Legends of the Dehydrated Temple](https://i.imgur.com/cRp1UQ8.png)", "date": "2016-05-08 11:04:35", "seriesname": "g305_d2xgk6b", "file": "/media/jbrogan4/scratch2/Reddit_Prov_Dataset_v5/_A_dehydrated_pumpkin/g305_d2xgk6b.png", "URL": "https://i.imgur.com/cRp1UQ8.png", "fileid": "g305_d2xgk6b.png"}, {"id": "g305_d2xgdcb", "comment": "[Headless Horseman](http://i.imgur.com/ra1J2io.jpg)", "date": "2016-05-08 10:58:29", "seriesname": "g305_d2xgdcb", "file": "/media/jbrogan4/scratch2/Reddit_Prov_Dataset_v5/_A_dehydrated_pumpkin/g305_d2xgdcb.jpg", "URL": "http://i.imgur.com/ra1J2io.jpg", "fileid": "g305_d2xgdcb.jpg"}, {"id": "g305_d2xlyc5", "comment": "[The legend never dies](http://imgur.com/56V0Jlp)", "date": "2016-05-08 13:35:10", "seriesname": "g305_d2xlyc5", "file": "/media/jbrogan4/scratch2/Reddit_Prov_Dataset_v5/_A_dehydrated_pumpkin/g305_d2xlyc5.png", "URL": "http://i.imgur.com/56V0Jlp.png", "fileid": "g305_d2xlyc5.png"}, {"id": "g305_d2xhpcs", "comment": "[That time Hillary Clinton forgot to apply the makeup.](http://i.imgur.com/JGGp057.jpg)", "date": "2016-05-08 11:38:15", "seriesname": "g305_d2xhpcs", "file": "/media/jbrogan4/scratch2/Reddit_Prov_Dataset_v5/_A_dehydrated_pumpkin/g305_d2xhpcs.jpg", "URL": "http://i.imgur.com/JGGp057.jpg", "fileid": "g305_d2xhpcs.jpg"}, {"id": "g305_d2xfh9d", "comment": "[I tried to make it less creepy, but I think I made it worse.](http://i.imgur.com/5AsX4IC.jpg)", "date": "2016-05-08 10:29:20", "seriesname": "g305_d2xfh9d", "file": "/media/jbrogan4/scratch2/Reddit_Prov_Dataset_v5/_A_dehydrated_pumpkin/g305_d2xfh9d.jpg", "URL": "http://i.imgur.com/5AsX4IC.jpg", "fileid": "g305_d2xfh9d.jpg"}, {"id": "g305_d2xi3jv", "comment": "[May The Force Be With You](http://imgur.com/tBkHfcu)", "date": "2016-05-08 11:49:42", "seriesname": "g305_d2xi3jv", "file": "/media/jbrogan4/scratch2/Reddit_Prov_Dataset_v5/_A_dehydrated_pumpkin/g305_d2xi3jv.png", "URL": "http://i.imgur.com/tBkHfcu.png", "fileid": "g305_d2xi3jv.png"}, {"id": "g305_d2xfzs7", "comment": "[Game of Thrones](http://i.imgur.com/dvmvZ4R.jpg)", "date": "2016-05-08 10:46:21", "seriesname": "g305_d2xfzs7", "file": "/media/jbrogan4/scratch2/Reddit_Prov_Dataset_v5/_A_dehydrated_pumpkin/g305_d2xfzs7.jpg", "URL": "http://i.imgur.com/dvmvZ4R.jpg", "fileid": "g305_d2xfzs7.jpg"}, {"id": "g305_d2xgim9", "comment": "http://imgur.com/yMxNGSP", "date": "2016-05-08 11:03:11", "seriesname": "g305_d2xgim9", "file": "/media/jbrogan4/scratch2/Reddit_Prov_Dataset_v5/_A_dehydrated_pumpkin/g305_d2xgim9.png", "URL": "http://i.imgur.com/yMxNGSP.png", "fileid": "g305_d2xgim9.png"}, {"id": "g305_d2xjq55", "comment": "moooar  http://i.imgur.com/tmHdP4z.jpg", "date": "2016-05-08 12:34:48", "seriesname": "g305_d2xjq55", "file": "/media/jbrogan4/scratch2/Reddit_Prov_Dataset_v5/_A_dehydrated_pumpkin/g305_d2xjq55.jpg", "URL": "http://i.imgur.com/tmHdP4z.jpg", "fileid": "g305_d2xjq55.jpg"}, {"id": "g305_d2xmyqo", "comment": "http://i.imgur.com/inDK21I.jpg", "date": "2016-05-08 14:02:44", "seriesname": "g305_d2xmyqo", "file": "/media/jbrogan4/scratch2/Reddit_Prov_Dataset_v5/_A_dehydrated_pumpkin/g305_d2xmyqo.jpg", "URL": "http://i.imgur.com/inDK21I.jpg", "fileid": "g305_d2xmyqo.jpg"}, {"id": "g305_d2xurv3", "comment": "I hit zoom on that. Jesus Christ\nhttp://imgur.com/eHCpfYZ", "date": "2016-05-08 17:28:12", "seriesname": "g305_d2xurv3", "file": "/media/jbrogan4/scratch2/Reddit_Prov_Dataset_v5/_A_dehydrated_pumpkin/g305_d2xurv3.png", "URL": "http://i.imgur.com/eHCpfYZ.png", "fileid": "g305_d2xurv3.png"}, {"id": "g305_d2xl10k", "comment": "[Palpy.](http://i.imgur.com/CP4ZCEQ.jpg)", "date": "2016-05-08 13:09:50", "seriesname": "g305_d2xl10k", "file": "/media/jbrogan4/scratch2/Reddit_Prov_Dataset_v5/_A_dehydrated_pumpkin/g305_d2xl10k.jpg", "URL": "http://i.imgur.com/CP4ZCEQ.jpg", "fileid": "g305_d2xl10k.jpg"}, {"id": "g305_d2xfwd7", "comment": "[A squirrel stealing a dehydrated pumpkin](http://i.imgur.com/CQhULEL.jpg?1)", "date": "2016-05-08 10:43:14", "seriesname": "g305_d2xfwd7", "file": "/media/jbrogan4/scratch2/Reddit_Prov_Dataset_v5/_A_dehydrated_pumpkin/g305_d2xfwd7.jpg", "URL": "http://i.imgur.com/CQhULEL.jpg?1", "fileid": "g305_d2xfwd7.jpg"}, {"id": "g305_d2xn9im", "comment": "[Wat do you want?](http://i.imgur.com/Ml7X2be.jpg)", "date": "2016-05-08 14:10:50", "seriesname": "g305_d2xn9im", "file": "/media/jbrogan4/scratch2/Reddit_Prov_Dataset_v5/_A_dehydrated_pumpkin/g305_d2xn9im.jpg", "URL": "http://i.imgur.com/Ml7X2be.jpg", "fileid": "g305_d2xn9im.jpg"}, {"id": "g305_d2xmpj9", "comment": "My low effort contribution: [Snapchat's new filter](http://i.imgur.com/W2iQMQw.jpg)", "date": "2016-05-08 13:55:54", "seriesname": "g305_d2xmpj9", "file": "/media/jbrogan4/scratch2/Reddit_Prov_Dataset_v5/_A_dehydrated_pumpkin/g305_d2xmpj9.jpg", "URL": "http://i.imgur.com/W2iQMQw.jpg", "fileid": "g305_d2xmpj9.jpg"}, {"id": "g305_d2xgtg7", "comment": "[Grand Maester Pumpkincelle](http://i.imgur.com/UQeyG1q.jpg)", "date": "2016-05-08 11:12:06", "seriesname": "g305_d2xgtg7", "file": "/media/jbrogan4/scratch2/Reddit_Prov_Dataset_v5/_A_dehydrated_pumpkin/g305_d2xgtg7.jpg", "URL": "http://i.imgur.com/UQeyG1q.jpg", "fileid": "g305_d2xgtg7.jpg"}, {"id": "g305_d2xl23k", "comment": "[Even deeper](http://i.imgur.com/S7pvIq5.jpg)", "date": "2016-05-08 13:10:40", "seriesname": "g305_d2xl23k", "file": "/media/jbrogan4/scratch2/Reddit_Prov_Dataset_v5/_A_dehydrated_pumpkin/g305_d2xl23k.jpg", "URL": "http://i.imgur.com/S7pvIq5.jpg", "fileid": "g305_d2xl23k.jpg"}, {"id": "g305_d2xsnmg", "comment": "[Pinky Up!](http://imgur.com/l1d7nVS)", "date": "2016-05-08 16:31:44", "seriesname": "g305_d2xsnmg", "file": "/media/jbrogan4/scratch2/Reddit_Prov_Dataset_v5/_A_dehydrated_pumpkin/g305_d2xsnmg.png", "URL": "http://i.imgur.com/l1d7nVS.png", "fileid": "g305_d2xsnmg.png"}, {"id": "g305_d2xgufv", "comment": "I'm afraid that's above my skill level. [Here's a compromise.](http://i.imgur.com/4MxhWkn.png)", "date": "2016-05-08 11:12:55", "seriesname": "g305_d2xgufv", "file": "/media/jbrogan4/scratch2/Reddit_Prov_Dataset_v5/_A_dehydrated_pumpkin/g305_d2xgufv.png", "URL": "http://i.imgur.com/4MxhWkn.png", "fileid": "g305_d2xgufv.png"}, {"id": "g305_d2xfrzd", "comment": "[Le Voyage dans la Citrouille](https://i.imgur.com/QEeuWiL.png)", "date": "2016-05-08 10:39:16", "seriesname": "g305_d2xfrzd", "file": "/media/jbrogan4/scratch2/Reddit_Prov_Dataset_v5/_A_dehydrated_pumpkin/g305_d2xfrzd.png", "URL": "https://i.imgur.com/QEeuWiL.png", "fileid": "g305_d2xfrzd.png"}, {"id": "g305_d2xescd", "comment": "http://i.imgur.com/VCLodAV.jpg", "date": "2016-05-08 10:04:15", "seriesname": "g305_d2xescd", "file": "/media/jbrogan4/scratch2/Reddit_Prov_Dataset_v5/_A_dehydrated_pumpkin/g305_d2xescd.jpg", "URL": "http://i.imgur.com/VCLodAV.jpg", "fileid": "g305_d2xescd.jpg"}, {"id": "g305_d2xk3z4", "comment": "This is such a simple comment to be given gold. Huh.\n\nEdit: mfw I'm in the middle of a gold sandwich but no gold for me http://imgur.com/A1kTYLi.jpg", "date": "2016-05-08 12:45:21", "seriesname": "g305_d2xk3z4", "file": "/media/jbrogan4/scratch2/Reddit_Prov_Dataset_v5/_A_dehydrated_pumpkin/g305_d2xk3z4.jpg", "URL": "http://imgur.com/A1kTYLi.jpg", "fileid": "g305_d2xk3z4.jpg"}, {"id": "g305_d2xu1fq", "comment": "[Restored!](http://i.imgur.com/T3MwLNm.jpg)", "date": "2016-05-08 17:08:24", "seriesname": "g305_d2xu1fq", "file": "/media/jbrogan4/scratch2/Reddit_Prov_Dataset_v5/_A_dehydrated_pumpkin/g305_d2xu1fq.jpg", "URL": "http://i.imgur.com/T3MwLNm.jpg", "fileid": "g305_d2xu1fq.jpg"}, {"id": "g305_d2xg012", "comment": "[It seems the time has come for the boy without a fairy to begin his journey... ](http://imgur.com/3IzsVf7)", "date": "2016-05-08 10:46:33", "seriesname": "g305_d2xg012", "file": "/media/jbrogan4/scratch2/Reddit_Prov_Dataset_v5/_A_dehydrated_pumpkin/g305_d2xg012.png", "URL": "http://i.imgur.com/3IzsVf7.png", "fileid": "g305_d2xg012.png"}, {"id": "g305_d2xfnb0", "comment": "http://i.imgur.com/uUPtCr3.jpg", "date": "2016-05-08 10:34:57", "seriesname": "g305_d2xfnb0", "file": "/media/jbrogan4/scratch2/Reddit_Prov_Dataset_v5/_A_dehydrated_pumpkin/g305_d2xfnb0.jpg", "URL": "http://i.imgur.com/uUPtCr3.jpg", "fileid": "g305_d2xfnb0.jpg"}, {"id": "g305_d2xi6mb", "comment": "[Indeed.](http://i.imgur.com/sSjCSdn.png?1)", "date": "2016-05-08 11:52:06", "seriesname": "g305_d2xi6mb", "file": "/media/jbrogan4/scratch2/Reddit_Prov_Dataset_v5/_A_dehydrated_pumpkin/g305_d2xi6mb.png", "URL": "http://i.imgur.com/sSjCSdn.png?1", "fileid": "g305_d2xi6mb.png"}, {"id": "g305_d2xjpa3", "comment": "[Soooo.... ummm... cute? Well, he looks just like you.](http://imgur.com/U1M2kgr)", "date": "2016-05-08 12:34:09", "seriesname": "g305_d2xjpa3", "file": "/media/jbrogan4/scratch2/Reddit_Prov_Dataset_v5/_A_dehydrated_pumpkin/g305_d2xjpa3.png", "URL": "http://i.imgur.com/U1M2kgr.png", "fileid": "g305_d2xjpa3.png"}, {"id": "g305_d2xgk35", "comment": "[This part of Fellowship of the Ring still scares me.](http://imgur.com/Fc220fT)", "date": "2016-05-08 11:04:30", "seriesname": "g305_d2xgk35", "file": "/media/jbrogan4/scratch2/Reddit_Prov_Dataset_v5/_A_dehydrated_pumpkin/g305_d2xgk35.png", "URL": "http://i.imgur.com/Fc220fT.png", "fileid": "g305_d2xgk35.png"}, {"id": "g305_d2xhphb", "comment": "[Hey kids, anyone wanna buy some KFC?](http://i.imgur.com/Un8IG2q.jpg)", "date": "2016-05-08 11:38:20", "seriesname": "g305_d2xhphb", "file": "/media/jbrogan4/scratch2/Reddit_Prov_Dataset_v5/_A_dehydrated_pumpkin/g305_d2xhphb.jpg", "URL": "http://i.imgur.com/Un8IG2q.jpg", "fileid": "g305_d2xhphb.jpg"}, {"id": "g305_d2xhh99", "comment": "[Mars](http://i.imgur.com/jER4RVK.jpg)", "date": "2016-05-08 11:31:41", "seriesname": "g305_d2xhh99", "file": "/media/jbrogan4/scratch2/Reddit_Prov_Dataset_v5/_A_dehydrated_pumpkin/g305_d2xhh99.jpg", "URL": "http://i.imgur.com/jER4RVK.jpg", "fileid": "g305_d2xhh99.jpg"}, {"id": "g305_d2xm836", "comment": "[Yeah, take it away, Ernie!](http://imgur.com/iSbpITz)", "date": "2016-05-08 13:42:32", "seriesname": "g305_d2xm836", "file": "/media/jbrogan4/scratch2/Reddit_Prov_Dataset_v5/_A_dehydrated_pumpkin/g305_d2xm836.png", "URL": "http://i.imgur.com/iSbpITz.png", "fileid": "g305_d2xm836.png"}, {"id": "g305_d2xg14n", "comment": "[deku](http://i.imgur.com/ndgsaf6.png)", "date": "2016-05-08 10:47:34", "seriesname": "g305_d2xg14n", "file": "/media/jbrogan4/scratch2/Reddit_Prov_Dataset_v5/_A_dehydrated_pumpkin/g305_d2xg14n.png", "URL": "http://i.imgur.com/ndgsaf6.png", "fileid": "g305_d2xg14n.png"}, {"id": "g305_d2xh8eb", "comment": "[Jason \"Pumkinface\" Sawyer](http://i.imgur.com/nDIyYkk.png?1)", "date": "2016-05-08 11:24:30", "seriesname": "g305_d2xh8eb", "file": "/media/jbrogan4/scratch2/Reddit_Prov_Dataset_v5/_A_dehydrated_pumpkin/g305_d2xh8eb.png", "URL": "http://i.imgur.com/nDIyYkk.png?1", "fileid": "g305_d2xh8eb.png"}, {"id": "g305_d2xg7x6", "comment": "[Ha, I literally posted 60 seconds after you!](http://imgur.com/3IzsVf7) I've been watching the Game Grumps play through of Ocarina, and it was just the first thing that popped into my mind.", "date": "2016-05-08 10:53:37", "seriesname": "g305_d2xg7x6", "file": "/media/jbrogan4/scratch2/Reddit_Prov_Dataset_v5/_A_dehydrated_pumpkin/g305_d2xg7x6.png", "URL": "http://i.imgur.com/3IzsVf7.png", "fileid": "g305_d2xg7x6.png"}, {"id": "g305_d2xpmi5", "comment": "[Deleted Scene](http://i.imgur.com/OSzw9CB.png)", "date": "2016-05-08 15:12:47", "seriesname": "g305_d2xpmi5", "file": "/media/jbrogan4/scratch2/Reddit_Prov_Dataset_v5/_A_dehydrated_pumpkin/g305_d2xpmi5.png", "URL": "http://i.imgur.com/OSzw9CB.png", "fileid": "g305_d2xpmi5.png"}, {"id": "g305_d2xyzhu", "comment": "Ladies and gentlemen the next presidant of the united states, Donald Trumpkin\n\nhttp://imgur.com/J1uD1If", "date": "2016-05-08 19:28:48", "seriesname": "g305_d2xyzhu", "file": "/media/jbrogan4/scratch2/Reddit_Prov_Dataset_v5/_A_dehydrated_pumpkin/g305_d2xyzhu.png", "URL": "http://i.imgur.com/J1uD1If.png", "fileid": "g305_d2xyzhu.png"}, {"id": "g305_d2xfrg6", "comment": "[Wat](http://imgur.com/A1kTYLi)\n\nEdit: THANKS for the golds! I'm glad you enjoyed my photoshop.", "date": "2016-05-08 10:38:47", "seriesname": "g305_d2xfrg6", "file": "/media/jbrogan4/scratch2/Reddit_Prov_Dataset_v5/_A_dehydrated_pumpkin/g305_d2xfrg6.png", "URL": "http://i.imgur.com/A1kTYLi.png", "fileid": "g305_d2xfrg6.png"}, {"id": "g305_d2xh8sl", "comment": "[What's the difference?](http://i.imgur.com/82TthSS.jpg)", "date": "2016-05-08 11:24:48", "seriesname": "g305_d2xh8sl", "file": "/media/jbrogan4/scratch2/Reddit_Prov_Dataset_v5/_A_dehydrated_pumpkin/g305_d2xh8sl.jpg", "URL": "http://i.imgur.com/82TthSS.jpg", "fileid": "g305_d2xh8sl.jpg"}, {"id": "g305_d2xg2zo", "comment": "[Weirwood](http://imgur.com/fwRefP4)", "date": "2016-05-08 10:49:15", "seriesname": "g305_d2xg2zo", "file": "/media/jbrogan4/scratch2/Reddit_Prov_Dataset_v5/_A_dehydrated_pumpkin/g305_d2xg2zo.png", "URL": "http://i.imgur.com/fwRefP4.png", "fileid": "g305_d2xg2zo.png"}, {"id": "g305_d2xhjnk", "comment": "[galaxy is on orion's belt](http://i.imgur.com/mMjFodf.jpg?1)", "date": "2016-05-08 11:33:36", "seriesname": "g305_d2xhjnk", "file": "/media/jbrogan4/scratch2/Reddit_Prov_Dataset_v5/_A_dehydrated_pumpkin/g305_d2xhjnk.jpg", "URL": "http://i.imgur.com/mMjFodf.jpg?1", "fileid": "g305_d2xhjnk.jpg"}, {"id": "g305_d2xjv1u", "comment": "http://i.imgur.com/Kqq5Svi.jpg", "date": "2016-05-08 12:38:30", "seriesname": "g305_d2xjv1u", "file": "/media/jbrogan4/scratch2/Reddit_Prov_Dataset_v5/_A_dehydrated_pumpkin/g305_d2xjv1u.jpg", "URL": "http://i.imgur.com/Kqq5Svi.jpg", "fileid": "g305_d2xjv1u.jpg"}, {"id": "g305_d2xj1x8", "comment": "In [the original posting of this](https://www.reddit.com/r/pics/comments/3s1u5x/we_still_have_this_small_pumpkin_my_wife_carved_3/cwth15p), I made [Darth Sidious](http://i.imgur.com/DNgbB9D.png)", "date": "2016-05-08 12:16:40", "seriesname": "g305_d2xj1x8", "file": "/media/jbrogan4/scratch2/Reddit_Prov_Dataset_v5/_A_dehydrated_pumpkin/g305_d2xj1x8.png", "URL": "http://i.imgur.com/DNgbB9D.png", "fileid": "g305_d2xj1x8.png"}, {"id": "g305_d2xgg2v", "comment": "[Meet the Customer Service Team](http://www.imgur.com/yA07qrQ.jpg)", "date": "2016-05-08 11:00:54", "seriesname": "g305_d2xgg2v", "file": "/media/jbrogan4/scratch2/Reddit_Prov_Dataset_v5/_A_dehydrated_pumpkin/g305_d2xgg2v.jpg", "URL": "http://www.imgur.com/yA07qrQ.jpg", "fileid": "g305_d2xgg2v.jpg"}, {"id": "g305_d2xg0s6", "comment": "[The Giving Tree with no one left to give to...](http://i.imgur.com/qhCiXvs.jpg)", "date": "2016-05-08 10:47:13", "seriesname": "g305_d2xg0s6", "file": "/media/jbrogan4/scratch2/Reddit_Prov_Dataset_v5/_A_dehydrated_pumpkin/g305_d2xg0s6.jpg", "URL": "http://i.imgur.com/qhCiXvs.jpg", "fileid": "g305_d2xg0s6.jpg"}, {"id": "g305_d2xhlci", "comment": "[Congratulations, it's a monster](http://i.imgur.com/CVSiJjU.jpg)", "date": "2016-05-08 11:34:58", "seriesname": "g305_d2xhlci", "file": "/media/jbrogan4/scratch2/Reddit_Prov_Dataset_v5/_A_dehydrated_pumpkin/g305_d2xhlci.jpg", "URL": "http://i.imgur.com/CVSiJjU.jpg", "fileid": "g305_d2xhlci.jpg"}, {"id": "g305_d2z2anv", "comment": "I know I'm a little late to the party, but I got you - http://imgur.com/ftXP3K3", "date": "2016-05-09 16:47:19", "seriesname": "g305_d2z2anv", "file": "/media/jbrogan4/scratch2/Reddit_Prov_Dataset_v5/_A_dehydrated_pumpkin/g305_d2z2anv.png", "URL": "http://i.imgur.com/ftXP3K3.png", "fileid": "g305_d2z2anv.png"}, {"id": "g305_d2y3zp2", "comment": "http://imgur.com/OZvVXB9", "date": "2016-05-08 21:59:04", "seriesname": "g305_d2y3zp2", "file": "/media/jbrogan4/scratch2/Reddit_Prov_Dataset_v5/_A_dehydrated_pumpkin/g305_d2y3zp2.png", "URL": "http://i.imgur.com/OZvVXB9.png", "fileid": "g305_d2y3zp2.png"}, {"id": "g305_d2xrqgk", "comment": "[They still scare me](https://i.imgur.com/0a4DxB6.jpg)", "date": "2016-05-08 16:08:15", "seriesname": "g305_d2xrqgk", "file": "/media/jbrogan4/scratch2/Reddit_Prov_Dataset_v5/_A_dehydrated_pumpkin/g305_d2xrqgk.jpg", "URL": "https://i.imgur.com/0a4DxB6.jpg", "fileid": "g305_d2xrqgk.jpg"}, {"id": "g305_d2xj2i2", "comment": "[...hey *Wild Cats*.](https://i.imgur.com/6p4FdEZ.png)", "date": "2016-05-08 12:17:07", "seriesname": "g305_d2xj2i2", "file": "/media/jbrogan4/scratch2/Reddit_Prov_Dataset_v5/_A_dehydrated_pumpkin/g305_d2xj2i2.png", "URL": "https://i.imgur.com/6p4FdEZ.png", "fileid": "g305_d2xj2i2.png"}, {"id": "g305_d2xplfb", "comment": "[Pocahontas](https://i.imgur.com/StOlfhW.jpg)", "date": "2016-05-08 15:11:59", "seriesname": "g305_d2xplfb", "file": "/media/jbrogan4/scratch2/Reddit_Prov_Dataset_v5/_A_dehydrated_pumpkin/g305_d2xplfb.jpg", "URL": "https://i.imgur.com/StOlfhW.jpg", "fileid": "g305_d2xplfb.jpg"}, {"id": "g305_d2xgz5f", "comment": "[You can get the best deals on costumes 6 months after Halloween](http://imgur.com/HBoKcSN)", "date": "2016-05-08 11:16:49", "seriesname": "g305_d2xgz5f", "file": "/media/jbrogan4/scratch2/Reddit_Prov_Dataset_v5/_A_dehydrated_pumpkin/g305_d2xgz5f.png", "URL": "http://i.imgur.com/HBoKcSN.png", "fileid": "g305_d2xgz5f.png"}, {"id": "g305_root", "comment": "", "date": "2016-05-08 09:17:41", "seriesname": "g305_root", "file": "/media/jbrogan4/scratch2/Reddit_Prov_Dataset_v5/_A_dehydrated_pumpkin/g305_root.jpg", "URL": "http://i.imgur.com/ophN48C.jpg", "fileid": "g305_root.jpg"}], "graph": {"name": "g305_root"}, "directed": true}