{"links": [{"op": "none", "target": 0, "source": 52}, {"op": "none", "target": 1, "source": 52}, {"op": "none", "target": 2, "source": 52}, {"op": "none", "target": 3, "source": 12}, {"op": "none", "target": 4, "source": 52}, {"op": "none", "target": 5, "source": 52}, {"op": "none", "target": 6, "source": 52}, {"op": "none", "target": 7, "source": 52}, {"op": "none", "target": 8, "source": 9}, {"op": "none", "target": 9, "source": 52}, {"op": "none", "target": 10, "source": 30}, {"op": "none", "target": 11, "source": 52}, {"op": "none", "target": 12, "source": 52}, {"op": "none", "target": 13, "source": 52}, {"op": "none", "target": 14, "source": 52}, {"op": "none", "target": 15, "source": 52}, {"op": "none", "target": 16, "source": 41}, {"op": "none", "target": 17, "source": 52}, {"op": "none", "target": 18, "source": 52}, {"op": "none", "target": 19, "source": 52}, {"op": "none", "target": 20, "source": 44}, {"op": "none", "target": 21, "source": 52}, {"op": "none", "target": 22, "source": 52}, {"op": "none", "target": 23, "source": 52}, {"op": "none", "target": 24, "source": 52}, {"op": "none", "target": 25, "source": 52}, {"op": "none", "target": 26, "source": 52}, {"op": "none", "target": 27, "source": 14}, {"op": "none", "target": 28, "source": 40}, {"op": "none", "target": 29, "source": 52}, {"op": "none", "target": 30, "source": 52}, {"op": "none", "target": 31, "source": 52}, {"op": "none", "target": 32, "source": 52}, {"op": "none", "target": 33, "source": 52}, {"op": "none", "target": 34, "source": 32}, {"op": "none", "target": 35, "source": 52}, {"op": "none", "target": 36, "source": 37}, {"op": "none", "target": 37, "source": 52}, {"op": "none", "target": 38, "source": 52}, {"op": "none", "target": 39, "source": 52}, {"op": "none", "target": 40, "source": 52}, {"op": "none", "target": 41, "source": 52}, {"op": "none", "target": 42, "source": 52}, {"op": "none", "target": 43, "source": 52}, {"op": "none", "target": 44, "source": 52}, {"op": "none", "target": 45, "source": 52}, {"op": "none", "target": 46, "source": 52}, {"op": "none", "target": 47, "source": 52}, {"op": "none", "target": 48, "source": 52}, {"op": "none", "target": 49, "source": 52}, {"op": "none", "target": 50, "source": 52}, {"op": "none", "target": 51, "source": 41}, {"op": "none", "target": 53, "source": 52}], "title": "_This_man_sleeping_in_the_office_in_front_of_his_colleagues", "nodes": [{"id": "g315_czm0c6x", "comment": "[Sorry if this is a little crude, it's kinda late in here](http://imgur.com/F6t9h1d)", "date": "2016-02-03 01:33:14", "seriesname": "g315_czm0c6x", "file": "/media/jbrogan4/scratch2/Reddit_Prov_Dataset_v5/_This_man_sleeping_in_the_office_in_front_of_his_colleagues/g315_czm0c6x.png", "URL": "http://i.imgur.com/F6t9h1d.png", "fileid": "g315_czm0c6x.png"}, {"id": "g315_czlqiso", "comment": "[Fine boss](http://i.imgur.com/Yusnluq.jpg)", "date": "2016-02-02 20:28:56", "seriesname": "g315_czlqiso", "file": "/media/jbrogan4/scratch2/Reddit_Prov_Dataset_v5/_This_man_sleeping_in_the_office_in_front_of_his_colleagues/g315_czlqiso.jpg", "URL": "http://i.imgur.com/Yusnluq.jpg", "fileid": "g315_czlqiso.jpg"}, {"id": "g315_czlp3e2", "comment": "[Let him be](http://i.imgur.com/e6cO4rY.jpg)", "date": "2016-02-02 19:50:35", "seriesname": "g315_czlp3e2", "file": "/media/jbrogan4/scratch2/Reddit_Prov_Dataset_v5/_This_man_sleeping_in_the_office_in_front_of_his_colleagues/g315_czlp3e2.jpg", "URL": "http://i.imgur.com/e6cO4rY.jpg", "fileid": "g315_czlp3e2.jpg"}, {"id": "g315_czlq19v", "comment": "[Well that took forever.](http://imgur.com/9WR5AhG)", "date": "2016-02-02 20:15:44", "seriesname": "g315_czlq19v", "file": "/media/jbrogan4/scratch2/Reddit_Prov_Dataset_v5/_This_man_sleeping_in_the_office_in_front_of_his_colleagues/g315_czlq19v.png", "URL": "http://i.imgur.com/9WR5AhG.png", "fileid": "g315_czlq19v.png"}, {"id": "g315_czly18x", "comment": "[Don't wake me, I'm working..](http://imgur.com/5JG8kwI.jpg)", "date": "2016-02-03 00:04:06", "seriesname": "g315_czly18x", "file": "/media/jbrogan4/scratch2/Reddit_Prov_Dataset_v5/_This_man_sleeping_in_the_office_in_front_of_his_colleagues/g315_czly18x.jpg", "URL": "http://imgur.com/5JG8kwI.jpg", "fileid": "g315_czly18x.jpg"}, {"id": "g315_czlo1tl", "comment": "http://i.imgur.com/cqtk7ia.jpg", "date": "2016-02-02 19:22:43", "seriesname": "g315_czlo1tl", "file": "/media/jbrogan4/scratch2/Reddit_Prov_Dataset_v5/_This_man_sleeping_in_the_office_in_front_of_his_colleagues/g315_czlo1tl.jpg", "URL": "http://i.imgur.com/cqtk7ia.jpg", "fileid": "g315_czlo1tl.jpg"}, {"id": "g315_czlo582", "comment": "[So fast!](http://imgur.com/OCgHGTZ)\n", "date": "2016-02-02 19:25:11", "seriesname": "g315_czlo582", "file": "/media/jbrogan4/scratch2/Reddit_Prov_Dataset_v5/_This_man_sleeping_in_the_office_in_front_of_his_colleagues/g315_czlo582.png", "URL": "http://i.imgur.com/OCgHGTZ.png", "fileid": "g315_czlo582.png"}, {"id": "g315_czlranb", "comment": "semi nsfw [dreaming](http://i.imgur.com/f1kVRWM.jpg)", "date": "2016-02-02 20:49:32", "seriesname": "g315_czlranb", "file": "/media/jbrogan4/scratch2/Reddit_Prov_Dataset_v5/_This_man_sleeping_in_the_office_in_front_of_his_colleagues/g315_czlranb.jpg", "URL": "http://i.imgur.com/f1kVRWM.jpg", "fileid": "g315_czlranb.jpg"}, {"id": "g315_czlp2bh", "comment": "[Done](http://i.imgur.com/drk4BGw.jpg)\n\nEdit: [Limited edition all-gold office](http://i.imgur.com/WBjqVGj.jpg) ", "date": "2016-02-02 19:49:47", "seriesname": "g315_czlp2bh", "file": "/media/jbrogan4/scratch2/Reddit_Prov_Dataset_v5/_This_man_sleeping_in_the_office_in_front_of_his_colleagues/g315_czlp2bh.jpg", "URL": "http://i.imgur.com/WBjqVGj.jpg", "fileid": "g315_czlp2bh.jpg"}, {"id": "g315_czlnou7", "comment": "[The most diverse office I've ever seen.](https://i.imgur.com/kBpXvLC.jpg)", "date": "2016-02-02 19:13:02", "seriesname": "g315_czlnou7", "file": "/media/jbrogan4/scratch2/Reddit_Prov_Dataset_v5/_This_man_sleeping_in_the_office_in_front_of_his_colleagues/g315_czlnou7.jpg", "URL": "https://i.imgur.com/kBpXvLC.jpg", "fileid": "g315_czlnou7.jpg"}, {"id": "g315_czlq0dl", "comment": "[Yknow what, it actually works pretty well](http://imgur.com/VEuda8c)", "date": "2016-02-02 20:15:06", "seriesname": "g315_czlq0dl", "file": "/media/jbrogan4/scratch2/Reddit_Prov_Dataset_v5/_This_man_sleeping_in_the_office_in_front_of_his_colleagues/g315_czlq0dl.png", "URL": "http://i.imgur.com/VEuda8c.png", "fileid": "g315_czlq0dl.png"}, {"id": "g315_czltgsv", "comment": "[you don't say](http://i.imgur.com/iGeJACz.jpg)", "date": "2016-02-02 21:46:43", "seriesname": "g315_czltgsv", "file": "/media/jbrogan4/scratch2/Reddit_Prov_Dataset_v5/_This_man_sleeping_in_the_office_in_front_of_his_colleagues/g315_czltgsv.jpg", "URL": "http://i.imgur.com/iGeJACz.jpg", "fileid": "g315_czltgsv.jpg"}, {"id": "g315_czlop6r", "comment": "[This office is so \"in\" on the reddit jokes](http://i.imgur.com/KqIz9p5.jpg)", "date": "2016-02-02 19:40:03", "seriesname": "g315_czlop6r", "file": "/media/jbrogan4/scratch2/Reddit_Prov_Dataset_v5/_This_man_sleeping_in_the_office_in_front_of_his_colleagues/g315_czlop6r.jpg", "URL": "http://i.imgur.com/KqIz9p5.jpg", "fileid": "g315_czlop6r.jpg"}, {"id": "g315_czm7518", "comment": "[Another boring shift...](http://i.imgur.com/z8PiVif.jpg)", "date": "2016-02-03 08:14:26", "seriesname": "g315_czm7518", "file": "/media/jbrogan4/scratch2/Reddit_Prov_Dataset_v5/_This_man_sleeping_in_the_office_in_front_of_his_colleagues/g315_czm7518.jpg", "URL": "http://i.imgur.com/z8PiVif.jpg", "fileid": "g315_czm7518.jpg"}, {"id": "g315_czlptbe", "comment": "We've all been there...\n\nhttp://i.imgur.com/hawgr7f.png", "date": "2016-02-02 20:09:49", "seriesname": "g315_czlptbe", "file": "/media/jbrogan4/scratch2/Reddit_Prov_Dataset_v5/_This_man_sleeping_in_the_office_in_front_of_his_colleagues/g315_czlptbe.png", "URL": "http://i.imgur.com/hawgr7f.png", "fileid": "g315_czlptbe.png"}, {"id": "g315_czm17ao", "comment": "And trump was grinning\nhttp://i.imgur.com/l9HedMp.jpg", "date": "2016-02-03 02:14:21", "seriesname": "g315_czm17ao", "file": "/media/jbrogan4/scratch2/Reddit_Prov_Dataset_v5/_This_man_sleeping_in_the_office_in_front_of_his_colleagues/g315_czm17ao.jpg", "URL": "http://i.imgur.com/l9HedMp.jpg", "fileid": "g315_czm17ao.jpg"}, {"id": "g315_czlthfm", "comment": "[Oh how far we have come.](http://i.imgur.com/3kNe7aY.jpg) [NSFW]", "date": "2016-02-02 21:47:12", "seriesname": "g315_czlthfm", "file": "/media/jbrogan4/scratch2/Reddit_Prov_Dataset_v5/_This_man_sleeping_in_the_office_in_front_of_his_colleagues/g315_czlthfm.jpg", "URL": "http://i.imgur.com/3kNe7aY.jpg", "fileid": "g315_czlthfm.jpg"}, {"id": "g315_czm2r9t", "comment": "[Fell asleep on /nosleep...](http://i.imgur.com/vQIKIek.jpg)", "date": "2016-02-03 03:42:41", "seriesname": "g315_czm2r9t", "file": "/media/jbrogan4/scratch2/Reddit_Prov_Dataset_v5/_This_man_sleeping_in_the_office_in_front_of_his_colleagues/g315_czm2r9t.jpg", "URL": "http://i.imgur.com/vQIKIek.jpg", "fileid": "g315_czm2r9t.jpg"}, {"id": "g315_czm9gap", "comment": "[can you feel the love tonight](http://i.imgur.com/XyxZ3P6.jpg)", "date": "2016-02-03 09:35:15", "seriesname": "g315_czm9gap", "file": "/media/jbrogan4/scratch2/Reddit_Prov_Dataset_v5/_This_man_sleeping_in_the_office_in_front_of_his_colleagues/g315_czm9gap.jpg", "URL": "http://i.imgur.com/XyxZ3P6.jpg", "fileid": "g315_czm9gap.jpg"}, {"id": "g315_czm6iyo", "comment": "[I wish my colleagues were this supportive of my lifestyle choices](http://i.imgur.com/FzYV9bg.gif)", "date": "2016-02-03 07:46:31", "seriesname": "g315_czm6iyo", "file": "/media/jbrogan4/scratch2/Reddit_Prov_Dataset_v5/_This_man_sleeping_in_the_office_in_front_of_his_colleagues/g315_czm6iyo.jpg", "URL": "http://i.imgur.com/FzYV9bg.gif", "fileid": "g315_czm6iyo.gif"}, {"id": "g315_czlvs8a", "comment": "[looks like Nathan](http://i.imgur.com/Zn31joQ.jpg)", "date": "2016-02-02 22:52:48", "seriesname": "g315_czlvs8a", "file": "/media/jbrogan4/scratch2/Reddit_Prov_Dataset_v5/_This_man_sleeping_in_the_office_in_front_of_his_colleagues/g315_czlvs8a.jpg", "URL": "http://i.imgur.com/Zn31joQ.jpg", "fileid": "g315_czlvs8a.jpg"}, {"id": "g315_czlovym", "comment": "[Weekend at Bernie's Office](http://i.imgur.com/fsSw0Ki.jpg)\n\nLooks like me and /u/djtitmasterflex had the same idea :)", "date": "2016-02-02 19:45:01", "seriesname": "g315_czlovym", "file": "/media/jbrogan4/scratch2/Reddit_Prov_Dataset_v5/_This_man_sleeping_in_the_office_in_front_of_his_colleagues/g315_czlovym.jpg", "URL": "http://i.imgur.com/fsSw0Ki.jpg", "fileid": "g315_czlovym.jpg"}, {"id": "g315_czlwicy", "comment": "[*Every* party](http://i.imgur.com/EsH8xvY.gif)", "date": "2016-02-02 23:14:48", "seriesname": "g315_czlwicy", "file": "/media/jbrogan4/scratch2/Reddit_Prov_Dataset_v5/_This_man_sleeping_in_the_office_in_front_of_his_colleagues/g315_czlwicy.jpg", "URL": "http://i.imgur.com/EsH8xvY.gif", "fileid": "g315_czlwicy.gif"}, {"id": "g315_czlsmay", "comment": "First photoshop battle try:\n\nhttp://i.imgur.com/UzSBuTc.png\n\nResident Trump.\n\nI will fix it up a bit later.", "date": "2016-02-02 21:24:30", "seriesname": "g315_czlsmay", "file": "/media/jbrogan4/scratch2/Reddit_Prov_Dataset_v5/_This_man_sleeping_in_the_office_in_front_of_his_colleagues/g315_czlsmay.png", "URL": "http://i.imgur.com/UzSBuTc.png", "fileid": "g315_czlsmay.png"}, {"id": "g315_czlp0sc", "comment": "I don't know why this came to mind.\n\nhttp://imgur.com/2VUDWsm", "date": "2016-02-02 19:48:39", "seriesname": "g315_czlp0sc", "file": "/media/jbrogan4/scratch2/Reddit_Prov_Dataset_v5/_This_man_sleeping_in_the_office_in_front_of_his_colleagues/g315_czlp0sc.png", "URL": "http://i.imgur.com/2VUDWsm.png", "fileid": "g315_czlp0sc.png"}, {"id": "g315_czo89ab", "comment": "http://i.imgur.com/yN3kggR.jpg", "date": "2016-02-04 19:25:14", "seriesname": "g315_czo89ab", "file": "/media/jbrogan4/scratch2/Reddit_Prov_Dataset_v5/_This_man_sleeping_in_the_office_in_front_of_his_colleagues/g315_czo89ab.jpg", "URL": "http://i.imgur.com/yN3kggR.jpg", "fileid": "g315_czo89ab.jpg"}, {"id": "g315_czlvq4a", "comment": "[Sorry I Vitiligo'd your arm! ](http://i.imgur.com/g9DKQgc.jpg)", "date": "2016-02-02 22:51:01", "seriesname": "g315_czlvq4a", "file": "/media/jbrogan4/scratch2/Reddit_Prov_Dataset_v5/_This_man_sleeping_in_the_office_in_front_of_his_colleagues/g315_czlvq4a.jpg", "URL": "http://i.imgur.com/g9DKQgc.jpg", "fileid": "g315_czlvq4a.jpg"}, {"id": "g315_czm254c", "comment": "http://i.imgur.com/7DkSkNs.gif", "date": "2016-02-03 03:05:18", "seriesname": "g315_czm254c", "file": "/media/jbrogan4/scratch2/Reddit_Prov_Dataset_v5/_This_man_sleeping_in_the_office_in_front_of_his_colleagues/g315_czm254c.jpg", "URL": "http://i.imgur.com/7DkSkNs.gif", "fileid": "g315_czm254c.gif"}, {"id": "g315_czlrxoo", "comment": "[Borat's comin' back!](http://i.imgur.com/AB3Dpwb.jpg)", "date": "2016-02-02 21:06:24", "seriesname": "g315_czlrxoo", "file": "/media/jbrogan4/scratch2/Reddit_Prov_Dataset_v5/_This_man_sleeping_in_the_office_in_front_of_his_colleagues/g315_czlrxoo.jpg", "URL": "http://i.imgur.com/AB3Dpwb.jpg", "fileid": "g315_czlrxoo.jpg"}, {"id": "g315_czm5svo", "comment": "[Dammit, Chumlee.](https://i.imgur.com/tVpzSt1.jpg) ", "date": "2016-02-03 07:09:12", "seriesname": "g315_czm5svo", "file": "/media/jbrogan4/scratch2/Reddit_Prov_Dataset_v5/_This_man_sleeping_in_the_office_in_front_of_his_colleagues/g315_czm5svo.jpg", "URL": "https://i.imgur.com/tVpzSt1.jpg", "fileid": "g315_czm5svo.jpg"}, {"id": "g315_czlmz42", "comment": "[Thought this would be appropriate](http://imgur.com/i7iu2SO)", "date": "2016-02-02 18:53:52", "seriesname": "g315_czlmz42", "file": "/media/jbrogan4/scratch2/Reddit_Prov_Dataset_v5/_This_man_sleeping_in_the_office_in_front_of_his_colleagues/g315_czlmz42.png", "URL": "http://i.imgur.com/i7iu2SO.png", "fileid": "g315_czlmz42.png"}, {"id": "g315_czlttqe", "comment": "[Later that day....]\n(http://i.imgur.com/TSAtnbW.jpg)", "date": "2016-02-02 21:56:30", "seriesname": "g315_czlttqe", "file": "/media/jbrogan4/scratch2/Reddit_Prov_Dataset_v5/_This_man_sleeping_in_the_office_in_front_of_his_colleagues/g315_czlttqe.jpg", "URL": "http://i.imgur.com/TSAtnbW.jpg", "fileid": "g315_czlttqe.jpg"}, {"id": "g315_czlqn3q", "comment": "http://imgur.com/zi6eA0d", "date": "2016-02-02 20:32:09", "seriesname": "g315_czlqn3q", "file": "/media/jbrogan4/scratch2/Reddit_Prov_Dataset_v5/_This_man_sleeping_in_the_office_in_front_of_his_colleagues/g315_czlqn3q.png", "URL": "http://i.imgur.com/zi6eA0d.png", "fileid": "g315_czlqn3q.png"}, {"id": "g315_czlnr4m", "comment": "[yep](http://imgur.com/o3DhZQg)", "date": "2016-02-02 19:14:46", "seriesname": "g315_czlnr4m", "file": "/media/jbrogan4/scratch2/Reddit_Prov_Dataset_v5/_This_man_sleeping_in_the_office_in_front_of_his_colleagues/g315_czlnr4m.png", "URL": "http://i.imgur.com/o3DhZQg.png", "fileid": "g315_czlnr4m.png"}, {"id": "g315_czlwljw", "comment": "[Poor guy.](http://i.imgur.com/ECyCipv.gif)", "date": "2016-02-02 23:17:32", "seriesname": "g315_czlwljw", "file": "/media/jbrogan4/scratch2/Reddit_Prov_Dataset_v5/_This_man_sleeping_in_the_office_in_front_of_his_colleagues/g315_czlwljw.jpg", "URL": "http://i.imgur.com/ECyCipv.gif", "fileid": "g315_czlwljw.gif"}, {"id": "g315_czlvk9o", "comment": "[Swapery](http://i.imgur.com/n8VhXtk.jpg)\n", "date": "2016-02-02 22:46:11", "seriesname": "g315_czlvk9o", "file": "/media/jbrogan4/scratch2/Reddit_Prov_Dataset_v5/_This_man_sleeping_in_the_office_in_front_of_his_colleagues/g315_czlvk9o.jpg", "URL": "http://i.imgur.com/n8VhXtk.jpg", "fileid": "g315_czlvk9o.jpg"}, {"id": "g315_czm261f", "comment": "http://i.imgur.com/Ca1p9Pn.gif", "date": "2016-02-03 03:06:47", "seriesname": "g315_czm261f", "file": "/media/jbrogan4/scratch2/Reddit_Prov_Dataset_v5/_This_man_sleeping_in_the_office_in_front_of_his_colleagues/g315_czm261f.jpg", "URL": "http://i.imgur.com/Ca1p9Pn.gif", "fileid": "g315_czm261f.gif"}, {"id": "g315_czlpd3i", "comment": "[Plot twist. He's not sleeping.](http://i.imgur.com/jfQofBB.jpg)", "date": "2016-02-02 19:57:47", "seriesname": "g315_czlpd3i", "file": "/media/jbrogan4/scratch2/Reddit_Prov_Dataset_v5/_This_man_sleeping_in_the_office_in_front_of_his_colleagues/g315_czlpd3i.jpg", "URL": "http://i.imgur.com/jfQofBB.jpg", "fileid": "g315_czlpd3i.jpg"}, {"id": "g315_czmg0g2", "comment": "Sometimes the QA department gets a little carried away. [Jihad.com](http://i.imgur.com/xrfp8W8.jpg)", "date": "2016-02-03 12:19:53", "seriesname": "g315_czmg0g2", "file": "/media/jbrogan4/scratch2/Reddit_Prov_Dataset_v5/_This_man_sleeping_in_the_office_in_front_of_his_colleagues/g315_czmg0g2.jpg", "URL": "http://i.imgur.com/xrfp8W8.jpg", "fileid": "g315_czmg0g2.jpg"}, {"id": "g315_czln7u7", "comment": "[And I say *ZZZ ^zzz ^^ZZZ ^^^ZZ ^^^^zz*](http://i.imgur.com/ZAI1fh1.gif)", "date": "2016-02-02 19:00:19", "seriesname": "g315_czln7u7", "file": "/media/jbrogan4/scratch2/Reddit_Prov_Dataset_v5/_This_man_sleeping_in_the_office_in_front_of_his_colleagues/g315_czln7u7.jpg", "URL": "http://i.imgur.com/ZAI1fh1.gif", "fileid": "g315_czln7u7.gif"}, {"id": "g315_czlohhy", "comment": "VERY NICE!!\n\nhttp://i.imgur.com/qqHWitN.jpg", "date": "2016-02-02 19:34:21", "seriesname": "g315_czlohhy", "file": "/media/jbrogan4/scratch2/Reddit_Prov_Dataset_v5/_This_man_sleeping_in_the_office_in_front_of_his_colleagues/g315_czlohhy.jpg", "URL": "http://i.imgur.com/qqHWitN.jpg", "fileid": "g315_czlohhy.jpg"}, {"id": "g315_czlnkpp", "comment": "[Enjoying some VR alone time in the office](http://i.imgur.com/P4e3qcu.jpg)", "date": "2016-02-02 19:09:53", "seriesname": "g315_czlnkpp", "file": "/media/jbrogan4/scratch2/Reddit_Prov_Dataset_v5/_This_man_sleeping_in_the_office_in_front_of_his_colleagues/g315_czlnkpp.jpg", "URL": "http://i.imgur.com/P4e3qcu.jpg", "fileid": "g315_czlnkpp.jpg"}, {"id": "g315_czlz1mc", "comment": "[Nien Nunb](http://i.imgur.com/5SG1CqX.jpg)\n\nEDIT: Because I've been asked, he's from Star Wars...", "date": "2016-02-03 00:40:41", "seriesname": "g315_czlz1mc", "file": "/media/jbrogan4/scratch2/Reddit_Prov_Dataset_v5/_This_man_sleeping_in_the_office_in_front_of_his_colleagues/g315_czlz1mc.jpg", "URL": "http://i.imgur.com/5SG1CqX.jpg", "fileid": "g315_czlz1mc.jpg"}, {"id": "g315_czlrab2", "comment": "[On The Job. Someone's getting fired. Clear your desk this April.](http://i.imgur.com/aBdbn4f.jpg)", "date": "2016-02-02 20:49:17", "seriesname": "g315_czlrab2", "file": "/media/jbrogan4/scratch2/Reddit_Prov_Dataset_v5/_This_man_sleeping_in_the_office_in_front_of_his_colleagues/g315_czlrab2.jpg", "URL": "http://i.imgur.com/aBdbn4f.jpg", "fileid": "g315_czlrab2.jpg"}, {"id": "g315_czlobvn", "comment": "[And so began the summer we'd never forget...](http://imgur.com/Hhpl0Jo)", "date": "2016-02-02 19:30:08", "seriesname": "g315_czlobvn", "file": "/media/jbrogan4/scratch2/Reddit_Prov_Dataset_v5/_This_man_sleeping_in_the_office_in_front_of_his_colleagues/g315_czlobvn.png", "URL": "http://i.imgur.com/Hhpl0Jo.png", "fileid": "g315_czlobvn.png"}, {"id": "g315_czm2hhg", "comment": "[Happy humper and hairy choke](http://imgur.com/zTCruSv)", "date": "2016-02-03 03:25:34", "seriesname": "g315_czm2hhg", "file": "/media/jbrogan4/scratch2/Reddit_Prov_Dataset_v5/_This_man_sleeping_in_the_office_in_front_of_his_colleagues/g315_czm2hhg.png", "URL": "http://i.imgur.com/zTCruSv.png", "fileid": "g315_czm2hhg.png"}, {"id": "g315_czp69li", "comment": "http://imgur.com/uJeA9hd", "date": "2016-02-05 14:43:44", "seriesname": "g315_czp69li", "file": "/media/jbrogan4/scratch2/Reddit_Prov_Dataset_v5/_This_man_sleeping_in_the_office_in_front_of_his_colleagues/g315_czp69li.png", "URL": "http://i.imgur.com/uJeA9hd.png", "fileid": "g315_czp69li.png"}, {"id": "g315_czlvjvz", "comment": "[Payday at the office] (http://i.imgur.com/uSb0Uml.png)", "date": "2016-02-02 22:45:53", "seriesname": "g315_czlvjvz", "file": "/media/jbrogan4/scratch2/Reddit_Prov_Dataset_v5/_This_man_sleeping_in_the_office_in_front_of_his_colleagues/g315_czlvjvz.png", "URL": "http://i.imgur.com/uSb0Uml.png", "fileid": "g315_czlvjvz.png"}, {"id": "g315_czls5ud", "comment": "[That guy from Game of thrones?](http://imgur.com/dFaRNHG)", "date": "2016-02-02 21:12:22", "seriesname": "g315_czls5ud", "file": "/media/jbrogan4/scratch2/Reddit_Prov_Dataset_v5/_This_man_sleeping_in_the_office_in_front_of_his_colleagues/g315_czls5ud.png", "URL": "http://i.imgur.com/dFaRNHG.png", "fileid": "g315_czls5ud.png"}, {"id": "g315_czrzxwp", "comment": "[http://i.imgur.com/Al3a5CH.jpg](http://i.imgur.com/Al3a5CH.jpg)", "date": "2016-02-08 02:21:00", "seriesname": "g315_czrzxwp", "file": "/media/jbrogan4/scratch2/Reddit_Prov_Dataset_v5/_This_man_sleeping_in_the_office_in_front_of_his_colleagues/g315_czrzxwp.jpg", "URL": "http://i.imgur.com/Al3a5CH.jpg](http://i.imgur.com/Al3a5CH.jpg", "fileid": "g315_czrzxwp.jpg"}, {"id": "g315_czlxjih", "comment": "[Jim's 1st bJ - NSFW](http://imgur.com/ldCcly2)", "date": "2016-02-02 23:47:23", "seriesname": "g315_czlxjih", "file": "/media/jbrogan4/scratch2/Reddit_Prov_Dataset_v5/_This_man_sleeping_in_the_office_in_front_of_his_colleagues/g315_czlxjih.png", "URL": "http://i.imgur.com/ldCcly2.png", "fileid": "g315_czlxjih.png"}, {"id": "g315_czlsh2y", "comment": "http://i.imgur.com/aggI3Ep.jpg", "date": "2016-02-02 21:20:40", "seriesname": "g315_czlsh2y", "file": "/media/jbrogan4/scratch2/Reddit_Prov_Dataset_v5/_This_man_sleeping_in_the_office_in_front_of_his_colleagues/g315_czlsh2y.jpg", "URL": "http://i.imgur.com/aggI3Ep.jpg", "fileid": "g315_czlsh2y.jpg"}, {"id": "g315_root", "comment": "", "date": "2016-02-02 17:53:01", "seriesname": "g315_root", "file": "/media/jbrogan4/scratch2/Reddit_Prov_Dataset_v5/_This_man_sleeping_in_the_office_in_front_of_his_colleagues/g315_root.jpg", "URL": "https://i.imgur.com/pkCwSEF.jpg", "fileid": "g315_root.jpg"}, {"id": "g315_czlrlb1", "comment": "[They may be laughing at you now, but tell me, when was the last time one of those dicks killed a motherfucking mythical beast?](http://i.imgur.com/vKTShMz.png)", "date": "2016-02-02 20:57:25", "seriesname": "g315_czlrlb1", "file": "/media/jbrogan4/scratch2/Reddit_Prov_Dataset_v5/_This_man_sleeping_in_the_office_in_front_of_his_colleagues/g315_czlrlb1.png", "URL": "http://i.imgur.com/vKTShMz.png", "fileid": "g315_czlrlb1.png"}], "graph": {"name": "g315_root"}, "directed": true}