{"links": [{"op": "none", "target": 0, "source": 47}, {"op": "none", "target": 1, "source": 47}, {"op": "none", "target": 2, "source": 47}, {"op": "none", "target": 3, "source": 47}, {"op": "none", "target": 4, "source": 47}, {"op": "none", "target": 5, "source": 47}, {"op": "none", "target": 6, "source": 47}, {"op": "none", "target": 7, "source": 47}, {"op": "none", "target": 8, "source": 47}, {"op": "none", "target": 9, "source": 47}, {"op": "none", "target": 10, "source": 47}, {"op": "none", "target": 11, "source": 47}, {"op": "none", "target": 12, "source": 47}, {"op": "none", "target": 13, "source": 47}, {"op": "none", "target": 14, "source": 47}, {"op": "none", "target": 15, "source": 47}, {"op": "none", "target": 16, "source": 47}, {"op": "none", "target": 17, "source": 47}, {"op": "none", "target": 18, "source": 47}, {"op": "none", "target": 19, "source": 47}, {"op": "none", "target": 20, "source": 47}, {"op": "none", "target": 21, "source": 47}, {"op": "none", "target": 22, "source": 14}, {"op": "none", "target": 23, "source": 47}, {"op": "none", "target": 24, "source": 47}, {"op": "none", "target": 25, "source": 47}, {"op": "none", "target": 26, "source": 47}, {"op": "none", "target": 27, "source": 47}, {"op": "none", "target": 28, "source": 47}, {"op": "none", "target": 29, "source": 47}, {"op": "none", "target": 30, "source": 47}, {"op": "none", "target": 31, "source": 47}, {"op": "none", "target": 32, "source": 47}, {"op": "none", "target": 33, "source": 47}, {"op": "none", "target": 34, "source": 47}, {"op": "none", "target": 35, "source": 47}, {"op": "none", "target": 36, "source": 47}, {"op": "none", "target": 37, "source": 47}, {"op": "none", "target": 38, "source": 47}, {"op": "none", "target": 39, "source": 47}, {"op": "none", "target": 40, "source": 47}, {"op": "none", "target": 41, "source": 47}, {"op": "none", "target": 42, "source": 47}, {"op": "none", "target": 43, "source": 50}, {"op": "none", "target": 44, "source": 47}, {"op": "none", "target": 45, "source": 47}, {"op": "none", "target": 46, "source": 47}, {"op": "none", "target": 48, "source": 47}, {"op": "none", "target": 49, "source": 47}, {"op": "none", "target": 50, "source": 0}], "title": "_2_month_old_baby_with_pretty_hair", "nodes": [{"id": "g339_d8gd0v6", "comment": "[The Ultimate man!](http://imgur.com/z7Min3E.jpg)", "date": "2016-10-06 08:58:13", "seriesname": "g339_d8gd0v6", "file": "/media/jbrogan4/scratch2/Reddit_Prov_Dataset_v5/_2_month_old_baby_with_pretty_hair/g339_d8gd0v6.jpg", "URL": "http://imgur.com/z7Min3E.jpg", "fileid": "g339_d8gd0v6.jpg"}, {"id": "g339_d8gopy3", "comment": "[MasterRace](http://i.imgur.com/DWijTNy.png)", "date": "2016-10-06 13:20:33", "seriesname": "g339_d8gopy3", "file": "/media/jbrogan4/scratch2/Reddit_Prov_Dataset_v5/_2_month_old_baby_with_pretty_hair/g339_d8gopy3.png", "URL": "http://i.imgur.com/DWijTNy.png", "fileid": "g339_d8gopy3.png"}, {"id": "g339_d8gjt23", "comment": "[\"It's GOTTA be the hair Cotton. It's beautiful! Feathered AND lethal, you just don't see it nowadays!\"](http://i.imgur.com/DpXM9nl.jpg)", "date": "2016-10-06 11:40:33", "seriesname": "g339_d8gjt23", "file": "/media/jbrogan4/scratch2/Reddit_Prov_Dataset_v5/_2_month_old_baby_with_pretty_hair/g339_d8gjt23.jpg", "URL": "http://i.imgur.com/DpXM9nl.jpg", "fileid": "g339_d8gjt23.jpg"}, {"id": "g339_d8goyla", "comment": "http://imgur.com/r41WUzm", "date": "2016-10-06 13:25:21", "seriesname": "g339_d8goyla", "file": "/media/jbrogan4/scratch2/Reddit_Prov_Dataset_v5/_2_month_old_baby_with_pretty_hair/g339_d8goyla.png", "URL": "http://i.imgur.com/r41WUzm.png", "fileid": "g339_d8goyla.png"}, {"id": "g339_d8gh132", "comment": "[Reminded me of Mortal Kombat's Erron Black](http://i.imgur.com/16ZEgay.jpg)", "date": "2016-10-06 10:41:11", "seriesname": "g339_d8gh132", "file": "/media/jbrogan4/scratch2/Reddit_Prov_Dataset_v5/_2_month_old_baby_with_pretty_hair/g339_d8gh132.jpg", "URL": "http://i.imgur.com/16ZEgay.jpg", "fileid": "g339_d8gh132.jpg"}, {"id": "g339_d8geqqk", "comment": "[I don't know](http://i.imgur.com/oXPMXGR.jpg)", "date": "2016-10-06 09:46:03", "seriesname": "g339_d8geqqk", "file": "/media/jbrogan4/scratch2/Reddit_Prov_Dataset_v5/_2_month_old_baby_with_pretty_hair/g339_d8geqqk.jpg", "URL": "http://i.imgur.com/oXPMXGR.jpg", "fileid": "g339_d8geqqk.jpg"}, {"id": "g339_d8gf3xq", "comment": "[Go home and be a family man.](http://i.imgur.com/xPobpOH.jpg)", "date": "2016-10-06 09:55:30", "seriesname": "g339_d8gf3xq", "file": "/media/jbrogan4/scratch2/Reddit_Prov_Dataset_v5/_2_month_old_baby_with_pretty_hair/g339_d8gf3xq.jpg", "URL": "http://i.imgur.com/xPobpOH.jpg", "fileid": "g339_d8gf3xq.jpg"}, {"id": "g339_d8gibay", "comment": "[M:I](http://i.imgur.com/wo8Bw8s.jpg)", "date": "2016-10-06 11:09:35", "seriesname": "g339_d8gibay", "file": "/media/jbrogan4/scratch2/Reddit_Prov_Dataset_v5/_2_month_old_baby_with_pretty_hair/g339_d8gibay.jpg", "URL": "http://i.imgur.com/wo8Bw8s.jpg", "fileid": "g339_d8gibay.jpg"}, {"id": "g339_d8goa8j", "comment": "http://i.imgur.com/3QHvIQr.jpg", "date": "2016-10-06 13:11:40", "seriesname": "g339_d8goa8j", "file": "/media/jbrogan4/scratch2/Reddit_Prov_Dataset_v5/_2_month_old_baby_with_pretty_hair/g339_d8goa8j.jpg", "URL": "http://i.imgur.com/3QHvIQr.jpg", "fileid": "g339_d8goa8j.jpg"}, {"id": "g339_d8gsfdr", "comment": "HE LIVES\n\nhttp://i.imgur.com/VxyzGiV.jpg", "date": "2016-10-06 14:34:55", "seriesname": "g339_d8gsfdr", "file": "/media/jbrogan4/scratch2/Reddit_Prov_Dataset_v5/_2_month_old_baby_with_pretty_hair/g339_d8gsfdr.jpg", "URL": "http://i.imgur.com/VxyzGiV.jpg", "fileid": "g339_d8gsfdr.jpg"}, {"id": "g339_d8gch52", "comment": "[Grease](http://i.imgur.com/dp75Hf7.jpg)", "date": "2016-10-06 08:40:53", "seriesname": "g339_d8gch52", "file": "/media/jbrogan4/scratch2/Reddit_Prov_Dataset_v5/_2_month_old_baby_with_pretty_hair/g339_d8gch52.jpg", "URL": "http://i.imgur.com/dp75Hf7.jpg", "fileid": "g339_d8gch52.jpg"}, {"id": "g339_d8gjju0", "comment": "[It's Calvin Klein!](http://i.imgur.com/AFVAkJOh.jpg)", "date": "2016-10-06 11:35:17", "seriesname": "g339_d8gjju0", "file": "/media/jbrogan4/scratch2/Reddit_Prov_Dataset_v5/_2_month_old_baby_with_pretty_hair/g339_d8gjju0.jpg", "URL": "http://i.imgur.com/AFVAkJOh.jpg", "fileid": "g339_d8gjju0.jpg"}, {"id": "g339_d8gh06n", "comment": "[They call him Babyface, but pray he never hears you saying that name](http://i.imgur.com/F8XTwbs.jpg)", "date": "2016-10-06 10:40:37", "seriesname": "g339_d8gh06n", "file": "/media/jbrogan4/scratch2/Reddit_Prov_Dataset_v5/_2_month_old_baby_with_pretty_hair/g339_d8gh06n.jpg", "URL": "http://i.imgur.com/F8XTwbs.jpg", "fileid": "g339_d8gh06n.jpg"}, {"id": "g339_d8gjp6h", "comment": "[Fast forward](http://imgur.com/jwz66XT)", "date": "2016-10-06 11:38:21", "seriesname": "g339_d8gjp6h", "file": "/media/jbrogan4/scratch2/Reddit_Prov_Dataset_v5/_2_month_old_baby_with_pretty_hair/g339_d8gjp6h.png", "URL": "http://i.imgur.com/jwz66XT.png", "fileid": "g339_d8gjp6h.png"}, {"id": "g339_d8gf0x9", "comment": "[Mac's Mom](http://i.imgur.com/ZH9Mt9J.jpg)", "date": "2016-10-06 09:53:23", "seriesname": "g339_d8gf0x9", "file": "/media/jbrogan4/scratch2/Reddit_Prov_Dataset_v5/_2_month_old_baby_with_pretty_hair/g339_d8gf0x9.jpg", "URL": "http://i.imgur.com/ZH9Mt9J.jpg", "fileid": "g339_d8gf0x9.jpg"}, {"id": "g339_d8gk0wm", "comment": "[The next Burgundy generation](http://imgur.com/tFSn63M)", "date": "2016-10-06 11:45:06", "seriesname": "g339_d8gk0wm", "file": "/media/jbrogan4/scratch2/Reddit_Prov_Dataset_v5/_2_month_old_baby_with_pretty_hair/g339_d8gk0wm.png", "URL": "http://i.imgur.com/tFSn63M.png", "fileid": "g339_d8gk0wm.png"}, {"id": "g339_d8gegkq", "comment": "Fully Baby: [Here is a cutout](http://imgur.com/tugEKKb.png)\n\nBaby's Head: [Here is a cutout](http://imgur.com/C0SaL03.png)", "date": "2016-10-06 09:38:44", "seriesname": "g339_d8gegkq", "file": "/media/jbrogan4/scratch2/Reddit_Prov_Dataset_v5/_2_month_old_baby_with_pretty_hair/g339_d8gegkq.png", "URL": "http://imgur.com/C0SaL03.png", "fileid": "g339_d8gegkq.png"}, {"id": "g339_d8gwmns", "comment": "I AM NOT [\"THE NORM\"](http://i.imgur.com/9AJTaiC.jpg)", "date": "2016-10-06 16:00:18", "seriesname": "g339_d8gwmns", "file": "/media/jbrogan4/scratch2/Reddit_Prov_Dataset_v5/_2_month_old_baby_with_pretty_hair/g339_d8gwmns.jpg", "URL": "http://i.imgur.com/9AJTaiC.jpg", "fileid": "g339_d8gwmns.jpg"}, {"id": "g339_d8game3", "comment": "[Baby Galafinakis](http://i.imgur.com/tjDkgb7.jpg)", "date": "2016-10-06 07:30:24", "seriesname": "g339_d8game3", "file": "/media/jbrogan4/scratch2/Reddit_Prov_Dataset_v5/_2_month_old_baby_with_pretty_hair/g339_d8game3.jpg", "URL": "http://i.imgur.com/tjDkgb7.jpg", "fileid": "g339_d8game3.jpg"}, {"id": "g339_d8gpmh8", "comment": "[Coming to you with the latest updates](http://i.imgur.com/rpCekDa.jpg)", "date": "2016-10-06 13:38:23", "seriesname": "g339_d8gpmh8", "file": "/media/jbrogan4/scratch2/Reddit_Prov_Dataset_v5/_2_month_old_baby_with_pretty_hair/g339_d8gpmh8.jpg", "URL": "http://i.imgur.com/rpCekDa.jpg", "fileid": "g339_d8gpmh8.jpg"}, {"id": "g339_d8h5vys", "comment": "http://i.dailymail.co.uk/i/pix/2014/11/20/1416470749671_Image_galleryImage_joe_dirt_jpg.JPG\n\nIt is him grown up!", "date": "2016-10-06 19:32:21", "seriesname": "g339_d8h5vys", "file": "/media/jbrogan4/scratch2/Reddit_Prov_Dataset_v5/_2_month_old_baby_with_pretty_hair/g339_d8h5vys.jpg", "URL": "http://i.dailymail.co.uk/i/pix/2014/11/20/1416470749671_Image_galleryImage_joe_dirt_jpg.JPG", "fileid": "g339_d8h5vys.JPG"}, {"id": "g339_d8gffli", "comment": "http://i.imgur.com/V5h2VrQ.jpg", "date": "2016-10-06 10:03:39", "seriesname": "g339_d8gffli", "file": "/media/jbrogan4/scratch2/Reddit_Prov_Dataset_v5/_2_month_old_baby_with_pretty_hair/g339_d8gffli.jpg", "URL": "http://i.imgur.com/V5h2VrQ.jpg", "fileid": "g339_d8gffli.jpg"}, {"id": "g339_d8gi5k1", "comment": "[I think you're an ugly man..](http://imgur.com/lObAeTe)", "date": "2016-10-06 11:06:04", "seriesname": "g339_d8gi5k1", "file": "/media/jbrogan4/scratch2/Reddit_Prov_Dataset_v5/_2_month_old_baby_with_pretty_hair/g339_d8gi5k1.png", "URL": "http://i.imgur.com/lObAeTe.png", "fileid": "g339_d8gi5k1.png"}, {"id": "g339_d8gijgg", "comment": "[good god, Lemon](http://i.imgur.com/eO0zyPf.png)", "date": "2016-10-06 11:14:17", "seriesname": "g339_d8gijgg", "file": "/media/jbrogan4/scratch2/Reddit_Prov_Dataset_v5/_2_month_old_baby_with_pretty_hair/g339_d8gijgg.png", "URL": "http://i.imgur.com/eO0zyPf.png", "fileid": "g339_d8gijgg.png"}, {"id": "g339_d8gdntx", "comment": "[I've been milkin' and plowin' so long that even Ezekiel thinks that my mind is gone](http://i.imgur.com/L1NyTWj.jpg)\n\n* Thanks for the gold :)", "date": "2016-10-06 09:17:05", "seriesname": "g339_d8gdntx", "file": "/media/jbrogan4/scratch2/Reddit_Prov_Dataset_v5/_2_month_old_baby_with_pretty_hair/g339_d8gdntx.jpg", "URL": "http://i.imgur.com/L1NyTWj.jpg", "fileid": "g339_d8gdntx.jpg"}, {"id": "g339_d8glxv4", "comment": "[Round 1 - FIGHT!](http://imgur.com/9hsa5Hi)", "date": "2016-10-06 12:24:15", "seriesname": "g339_d8glxv4", "file": "/media/jbrogan4/scratch2/Reddit_Prov_Dataset_v5/_2_month_old_baby_with_pretty_hair/g339_d8glxv4.png", "URL": "http://i.imgur.com/9hsa5Hi.png", "fileid": "g339_d8glxv4.png"}, {"id": "g339_d8gidxq", "comment": "[\"My dad just died, we just killed Bambi, I'm out here getting my ass kicked and every time I drive down the road I wanna jerk the wheel into a god damn bridge abutment!\"](http://i.imgur.com/LVxw4Lo.jpg)", "date": "2016-10-06 11:11:07", "seriesname": "g339_d8gidxq", "file": "/media/jbrogan4/scratch2/Reddit_Prov_Dataset_v5/_2_month_old_baby_with_pretty_hair/g339_d8gidxq.jpg", "URL": "http://i.imgur.com/LVxw4Lo.jpg", "fileid": "g339_d8gidxq.jpg"}, {"id": "g339_d8gg85g", "comment": "[YOU'RE BALD](http://i.imgur.com/6OlAedm.jpg)", "date": "2016-10-06 10:22:53", "seriesname": "g339_d8gg85g", "file": "/media/jbrogan4/scratch2/Reddit_Prov_Dataset_v5/_2_month_old_baby_with_pretty_hair/g339_d8gg85g.jpg", "URL": "http://i.imgur.com/6OlAedm.jpg", "fileid": "g339_d8gg85g.jpg"}, {"id": "g339_d8gdnrv", "comment": "[They started out young back in the old days!](http://i.imgur.com/XZWDIaa.jpg)\n\n[Larger head :P](http://i.imgur.com/Fw0JXMv.jpg)", "date": "2016-10-06 09:17:02", "seriesname": "g339_d8gdnrv", "file": "/media/jbrogan4/scratch2/Reddit_Prov_Dataset_v5/_2_month_old_baby_with_pretty_hair/g339_d8gdnrv.jpg", "URL": "http://i.imgur.com/Fw0JXMv.jpg", "fileid": "g339_d8gdnrv.jpg"}, {"id": "g339_d8h7njq", "comment": "This guy\n\nhttp://i.imgur.com/Bl82Q1N.jpg", "date": "2016-10-06 20:15:40", "seriesname": "g339_d8h7njq", "file": "/media/jbrogan4/scratch2/Reddit_Prov_Dataset_v5/_2_month_old_baby_with_pretty_hair/g339_d8h7njq.jpg", "URL": "http://i.imgur.com/Bl82Q1N.jpg", "fileid": "g339_d8h7njq.jpg"}, {"id": "g339_d8ggb7w", "comment": "[Landscape photography](http://imgur.com/lkdmotX.jpg)\n\nEdit: Thanks a million, kind guilder!", "date": "2016-10-06 10:24:55", "seriesname": "g339_d8ggb7w", "file": "/media/jbrogan4/scratch2/Reddit_Prov_Dataset_v5/_2_month_old_baby_with_pretty_hair/g339_d8ggb7w.jpg", "URL": "http://imgur.com/lkdmotX.jpg", "fileid": "g339_d8ggb7w.jpg"}, {"id": "g339_d8gkz7q", "comment": "[Friends 'til the end! Remember?](http://i.imgur.com/YxTRoq0.jpg)", "date": "2016-10-06 12:04:34", "seriesname": "g339_d8gkz7q", "file": "/media/jbrogan4/scratch2/Reddit_Prov_Dataset_v5/_2_month_old_baby_with_pretty_hair/g339_d8gkz7q.jpg", "URL": "http://i.imgur.com/YxTRoq0.jpg", "fileid": "g339_d8gkz7q.jpg"}, {"id": "g339_d8gmfr0", "comment": "[Has he already started walken?](http://i.imgur.com/64CbtwA.jpg)", "date": "2016-10-06 12:34:16", "seriesname": "g339_d8gmfr0", "file": "/media/jbrogan4/scratch2/Reddit_Prov_Dataset_v5/_2_month_old_baby_with_pretty_hair/g339_d8gmfr0.jpg", "URL": "http://i.imgur.com/64CbtwA.jpg", "fileid": "g339_d8gmfr0.jpg"}, {"id": "g339_d8gfze3", "comment": "[Chris Farley Baby](http://imgur.com/wKiw5rd)", "date": "2016-10-06 10:17:06", "seriesname": "g339_d8gfze3", "file": "/media/jbrogan4/scratch2/Reddit_Prov_Dataset_v5/_2_month_old_baby_with_pretty_hair/g339_d8gfze3.png", "URL": "http://i.imgur.com/wKiw5rd.png", "fileid": "g339_d8gfze3.png"}, {"id": "g339_d8gkrms", "comment": "http://imgur.com/9UFKVw6\n", "date": "2016-10-06 12:00:15", "seriesname": "g339_d8gkrms", "file": "/media/jbrogan4/scratch2/Reddit_Prov_Dataset_v5/_2_month_old_baby_with_pretty_hair/g339_d8gkrms.png", "URL": "http://i.imgur.com/9UFKVw6.png", "fileid": "g339_d8gkrms.png"}, {"id": "g339_d8ghgb7", "comment": "[Trumprize](http://i.imgur.com/7OZkLxU.jpg)", "date": "2016-10-06 10:50:29", "seriesname": "g339_d8ghgb7", "file": "/media/jbrogan4/scratch2/Reddit_Prov_Dataset_v5/_2_month_old_baby_with_pretty_hair/g339_d8ghgb7.jpg", "URL": "http://i.imgur.com/7OZkLxU.jpg", "fileid": "g339_d8ghgb7.jpg"}, {"id": "g339_d8grxhm", "comment": "http://i.imgur.com/wVCvkDc.png Awesome looking baby!", "date": "2016-10-06 14:25:00", "seriesname": "g339_d8grxhm", "file": "/media/jbrogan4/scratch2/Reddit_Prov_Dataset_v5/_2_month_old_baby_with_pretty_hair/g339_d8grxhm.png", "URL": "http://i.imgur.com/wVCvkDc.png", "fileid": "g339_d8grxhm.png"}, {"id": "g339_d8giak2", "comment": "[Junior Dirt](http://i.imgur.com/u4eLvkj.jpg)", "date": "2016-10-06 11:09:08", "seriesname": "g339_d8giak2", "file": "/media/jbrogan4/scratch2/Reddit_Prov_Dataset_v5/_2_month_old_baby_with_pretty_hair/g339_d8giak2.jpg", "URL": "http://i.imgur.com/u4eLvkj.jpg", "fileid": "g339_d8giak2.jpg"}, {"id": "g339_d8gzbwt", "comment": "[A little ditty about Jack &amp; Jill](https://i.imgur.com/MU893O3.png)", "date": "2016-10-06 16:55:06", "seriesname": "g339_d8gzbwt", "file": "/media/jbrogan4/scratch2/Reddit_Prov_Dataset_v5/_2_month_old_baby_with_pretty_hair/g339_d8gzbwt.png", "URL": "https://i.imgur.com/MU893O3.png", "fileid": "g339_d8gzbwt.png"}, {"id": "g339_d8geppp", "comment": "http://i.imgur.com/205fnfa.png", "date": "2016-10-06 09:45:20", "seriesname": "g339_d8geppp", "file": "/media/jbrogan4/scratch2/Reddit_Prov_Dataset_v5/_2_month_old_baby_with_pretty_hair/g339_d8geppp.png", "URL": "http://i.imgur.com/205fnfa.png", "fileid": "g339_d8geppp.png"}, {"id": "g339_d8gf7mx", "comment": "[Why so serious?](http://imgur.com/1h3CQpy.jpg)", "date": "2016-10-06 09:58:05", "seriesname": "g339_d8gf7mx", "file": "/media/jbrogan4/scratch2/Reddit_Prov_Dataset_v5/_2_month_old_baby_with_pretty_hair/g339_d8gf7mx.jpg", "URL": "http://imgur.com/1h3CQpy.jpg", "fileid": "g339_d8gf7mx.jpg"}, {"id": "g339_d8gvutt", "comment": "[John Mellencamp doesn't age](http://i.imgur.com/sswKJhE.jpg)", "date": "2016-10-06 15:44:38", "seriesname": "g339_d8gvutt", "file": "/media/jbrogan4/scratch2/Reddit_Prov_Dataset_v5/_2_month_old_baby_with_pretty_hair/g339_d8gvutt.jpg", "URL": "http://i.imgur.com/sswKJhE.jpg", "fileid": "g339_d8gvutt.jpg"}, {"id": "g339_d8gfwa2", "comment": "[Good Guy Doll](http://i.imgur.com/qPAUXcY.jpg)", "date": "2016-10-06 10:15:01", "seriesname": "g339_d8gfwa2", "file": "/media/jbrogan4/scratch2/Reddit_Prov_Dataset_v5/_2_month_old_baby_with_pretty_hair/g339_d8gfwa2.jpg", "URL": "http://i.imgur.com/qPAUXcY.jpg", "fileid": "g339_d8gfwa2.jpg"}, {"id": "g339_d8gee4k", "comment": "[that still only counts as one!](http://imgur.com/kbculvf.jpeg)", "date": "2016-10-06 09:36:52", "seriesname": "g339_d8gee4k", "file": "/media/jbrogan4/scratch2/Reddit_Prov_Dataset_v5/_2_month_old_baby_with_pretty_hair/g339_d8gee4k.jpg", "URL": "http://imgur.com/kbculvf.jpeg", "fileid": "g339_d8gee4k.jpeg"}, {"id": "g339_d8gkd20", "comment": "[Hasta la vista baby](http://66.media.tumblr.com/7256162f4bc7337187f1fa5e83d989f5/tumblr_oemumbp4211udb64go1_500.jpg)\n\nExcuse the non-imgur upload. I can't access imgur from work =/", "date": "2016-10-06 11:51:55", "seriesname": "g339_d8gkd20", "file": "/media/jbrogan4/scratch2/Reddit_Prov_Dataset_v5/_2_month_old_baby_with_pretty_hair/g339_d8gkd20.jpg", "URL": "http://66.media.tumblr.com/7256162f4bc7337187f1fa5e83d989f5/tumblr_oemumbp4211udb64go1_500.jpg", "fileid": "g339_d8gkd20.jpg"}, {"id": "g339_d8gcp6r", "comment": "\n[Player](http://i.imgur.com/bB5MC4y.jpg)\n\n&amp;\n\n\n[ANIMATED with MUSIC](http://loopnroll.com/p/919FH)\n\n\n\n", "date": "2016-10-06 08:48:04", "seriesname": "g339_d8gcp6r", "file": "/media/jbrogan4/scratch2/Reddit_Prov_Dataset_v5/_2_month_old_baby_with_pretty_hair/g339_d8gcp6r.jpg", "URL": "http://i.imgur.com/bB5MC4y.jpg", "fileid": "g339_d8gcp6r.jpg"}, {"id": "g339_d8gc1b8", "comment": "[Trolololol](http://i.imgur.com/cF1l3q8.jpg)\n\nEdit: fixed link", "date": "2016-10-06 08:26:09", "seriesname": "g339_d8gc1b8", "file": "/media/jbrogan4/scratch2/Reddit_Prov_Dataset_v5/_2_month_old_baby_with_pretty_hair/g339_d8gc1b8.jpg", "URL": "http://i.imgur.com/cF1l3q8.jpg", "fileid": "g339_d8gc1b8.jpg"}, {"id": "g339_root", "comment": "", "date": "2016-10-06 06:25:54", "seriesname": "g339_root", "file": "/media/jbrogan4/scratch2/Reddit_Prov_Dataset_v5/_2_month_old_baby_with_pretty_hair/g339_root.jpg", "URL": "http://i.imgur.com/k8GZKCx.jpg", "fileid": "g339_root.jpg"}, {"id": "g339_d8gg28b", "comment": "[Love the soft natural fibers! Great for sensitive skin too!](http://i.imgur.com/Gn0vgS1.jpg)", "date": "2016-10-06 10:19:00", "seriesname": "g339_d8gg28b", "file": "/media/jbrogan4/scratch2/Reddit_Prov_Dataset_v5/_2_month_old_baby_with_pretty_hair/g339_d8gg28b.jpg", "URL": "http://i.imgur.com/Gn0vgS1.jpg", "fileid": "g339_d8gg28b.jpg"}, {"id": "g339_d8gfqx5", "comment": "[Over 9000!](http://imgur.com/MfmDMgM)", "date": "2016-10-06 10:11:29", "seriesname": "g339_d8gfqx5", "file": "/media/jbrogan4/scratch2/Reddit_Prov_Dataset_v5/_2_month_old_baby_with_pretty_hair/g339_d8gfqx5.png", "URL": "http://i.imgur.com/MfmDMgM.png", "fileid": "g339_d8gfqx5.png"}, {"id": "g339_d8gdyvt", "comment": "[Chewie, We're Home..] (http://i.imgur.com/0xE9T0G.jpeg)", "date": "2016-10-06 09:25:30", "seriesname": "g339_d8gdyvt", "file": "/media/jbrogan4/scratch2/Reddit_Prov_Dataset_v5/_2_month_old_baby_with_pretty_hair/g339_d8gdyvt.jpg", "URL": "http://i.imgur.com/0xE9T0G.jpeg", "fileid": "g339_d8gdyvt.jpeg"}], "graph": {"name": "g339_root"}, "directed": true}