{"links": [{"op": "none", "target": 0, "source": 43}, {"op": "none", "target": 1, "source": 43}, {"op": "none", "target": 2, "source": 43}, {"op": "none", "target": 3, "source": 43}, {"op": "none", "target": 4, "source": 43}, {"op": "none", "target": 5, "source": 43}, {"op": "none", "target": 6, "source": 43}, {"op": "none", "target": 7, "source": 43}, {"op": "none", "target": 8, "source": 33}, {"op": "none", "target": 9, "source": 43}, {"op": "none", "target": 10, "source": 33}, {"op": "none", "target": 11, "source": 43}, {"op": "none", "target": 12, "source": 43}, {"op": "none", "target": 13, "source": 43}, {"op": "none", "target": 14, "source": 43}, {"op": "none", "target": 15, "source": 43}, {"op": "none", "target": 16, "source": 43}, {"op": "none", "target": 17, "source": 43}, {"op": "none", "target": 18, "source": 43}, {"op": "none", "target": 19, "source": 43}, {"op": "none", "target": 20, "source": 43}, {"op": "none", "target": 21, "source": 43}, {"op": "none", "target": 22, "source": 8}, {"op": "none", "target": 23, "source": 43}, {"op": "none", "target": 24, "source": 43}, {"op": "none", "target": 25, "source": 43}, {"op": "none", "target": 26, "source": 43}, {"op": "none", "target": 27, "source": 43}, {"op": "none", "target": 28, "source": 43}, {"op": "none", "target": 29, "source": 43}, {"op": "none", "target": 30, "source": 43}, {"op": "none", "target": 31, "source": 43}, {"op": "none", "target": 32, "source": 23}, {"op": "none", "target": 33, "source": 43}, {"op": "none", "target": 34, "source": 43}, {"op": "none", "target": 35, "source": 43}, {"op": "none", "target": 36, "source": 43}, {"op": "none", "target": 37, "source": 33}, {"op": "none", "target": 38, "source": 8}, {"op": "none", "target": 39, "source": 43}, {"op": "none", "target": 40, "source": 43}, {"op": "none", "target": 41, "source": 22}, {"op": "none", "target": 42, "source": 43}, {"op": "none", "target": 44, "source": 43}, {"op": "none", "target": 45, "source": 43}, {"op": "none", "target": 46, "source": 43}], "title": "_Brazil's_new_finance_minister_with_two_microphones_covering_his_eyes", "nodes": [{"id": "g341_d3gprub", "comment": "[Bees?](http://i.imgur.com/Cs70HYz.jpg)\n\n[I'm old. I like old memes.]", "date": "2016-05-23 14:57:43", "seriesname": "g341_d3gprub", "file": "/media/jbrogan4/scratch2/Reddit_Prov_Dataset_v5/_Brazil's_new_finance_minister_with_two_microphones_covering_his_eyes/g341_d3gprub.jpg", "URL": "http://i.imgur.com/Cs70HYz.jpg", "fileid": "g341_d3gprub.jpg"}, {"id": "g341_d3hjjw6", "comment": "http://i.imgur.com/iCGPcgM.jpg", "date": "2016-05-24 06:34:56", "seriesname": "g341_d3hjjw6", "file": "/media/jbrogan4/scratch2/Reddit_Prov_Dataset_v5/_Brazil's_new_finance_minister_with_two_microphones_covering_his_eyes/g341_d3hjjw6.jpg", "URL": "http://i.imgur.com/iCGPcgM.jpg", "fileid": "g341_d3hjjw6.jpg"}, {"id": "g341_d3gopfp", "comment": "[Guess who am I](http://i.imgur.com/jytiXhr.jpg?1)", "date": "2016-05-23 14:34:09", "seriesname": "g341_d3gopfp", "file": "/media/jbrogan4/scratch2/Reddit_Prov_Dataset_v5/_Brazil's_new_finance_minister_with_two_microphones_covering_his_eyes/g341_d3gopfp.jpg", "URL": "http://i.imgur.com/jytiXhr.jpg?1", "fileid": "g341_d3gopfp.jpg"}, {"id": "g341_d3gl1hk", "comment": "[Camouflage](http://i.imgur.com/FykdB6F.jpg?1)", "date": "2016-05-23 13:11:51", "seriesname": "g341_d3gl1hk", "file": "/media/jbrogan4/scratch2/Reddit_Prov_Dataset_v5/_Brazil's_new_finance_minister_with_two_microphones_covering_his_eyes/g341_d3gl1hk.jpg", "URL": "http://i.imgur.com/FykdB6F.jpg?1", "fileid": "g341_d3gl1hk.jpg"}, {"id": "g341_d3gkfmh", "comment": "[Prepare to die](http://i.imgur.com/ypraz2N.jpg)", "date": "2016-05-23 12:57:59", "seriesname": "g341_d3gkfmh", "file": "/media/jbrogan4/scratch2/Reddit_Prov_Dataset_v5/_Brazil's_new_finance_minister_with_two_microphones_covering_his_eyes/g341_d3gkfmh.jpg", "URL": "http://i.imgur.com/ypraz2N.jpg", "fileid": "g341_d3gkfmh.jpg"}, {"id": "g341_d3hdk1k", "comment": "[The Darkseid of the Moon](http://i.imgur.com/wJeh3Tp.jpg)", "date": "2016-05-24 01:04:03", "seriesname": "g341_d3hdk1k", "file": "/media/jbrogan4/scratch2/Reddit_Prov_Dataset_v5/_Brazil's_new_finance_minister_with_two_microphones_covering_his_eyes/g341_d3hdk1k.jpg", "URL": "http://i.imgur.com/wJeh3Tp.jpg", "fileid": "g341_d3hdk1k.jpg"}, {"id": "g341_d3grun3", "comment": "[Im not saying...](http://i.imgur.com/C6VLy42.png)", "date": "2016-05-23 15:44:08", "seriesname": "g341_d3grun3", "file": "/media/jbrogan4/scratch2/Reddit_Prov_Dataset_v5/_Brazil's_new_finance_minister_with_two_microphones_covering_his_eyes/g341_d3grun3.png", "URL": "http://i.imgur.com/C6VLy42.png", "fileid": "g341_d3grun3.png"}, {"id": "g341_d3gl96q", "comment": "[We hug around here](http://i.imgur.com/bGwMnBY.gif)", "date": "2016-05-23 13:16:42", "seriesname": "g341_d3gl96q", "file": "/media/jbrogan4/scratch2/Reddit_Prov_Dataset_v5/_Brazil's_new_finance_minister_with_two_microphones_covering_his_eyes/g341_d3gl96q.jpg", "URL": "http://i.imgur.com/bGwMnBY.gif", "fileid": "g341_d3gl96q.gif"}, {"id": "g341_d3gpq68", "comment": "[Deep enough?](http://i.imgur.com/ewKjEXB.jpg?1)", "date": "2016-05-23 14:56:41", "seriesname": "g341_d3gpq68", "file": "/media/jbrogan4/scratch2/Reddit_Prov_Dataset_v5/_Brazil's_new_finance_minister_with_two_microphones_covering_his_eyes/g341_d3gpq68.jpg", "URL": "http://i.imgur.com/ewKjEXB.jpg?1", "fileid": "g341_d3gpq68.jpg"}, {"id": "g341_d3gn3c5", "comment": "[\"I... I shall consume. Consume... Consume everything..\"](https://imgur.com/nma0hgB)", "date": "2016-05-23 13:57:52", "seriesname": "g341_d3gn3c5", "file": "/media/jbrogan4/scratch2/Reddit_Prov_Dataset_v5/_Brazil's_new_finance_minister_with_two_microphones_covering_his_eyes/g341_d3gn3c5.png", "URL": "http://i.imgur.com/nma0hgB.png", "fileid": "g341_d3gn3c5.png"}, {"id": "g341_d3hd8c1", "comment": "http://i.imgur.com/NqiZJQf.png", "date": "2016-05-24 00:51:44", "seriesname": "g341_d3hd8c1", "file": "/media/jbrogan4/scratch2/Reddit_Prov_Dataset_v5/_Brazil's_new_finance_minister_with_two_microphones_covering_his_eyes/g341_d3hd8c1.png", "URL": "http://i.imgur.com/NqiZJQf.png", "fileid": "g341_d3hd8c1.png"}, {"id": "g341_d3gs6xu", "comment": "[Limp Bizkit Style!](http://i.imgur.com/nFcLgIG.jpg)", "date": "2016-05-23 15:51:41", "seriesname": "g341_d3gs6xu", "file": "/media/jbrogan4/scratch2/Reddit_Prov_Dataset_v5/_Brazil's_new_finance_minister_with_two_microphones_covering_his_eyes/g341_d3gs6xu.jpg", "URL": "http://i.imgur.com/nFcLgIG.jpg", "fileid": "g341_d3gs6xu.jpg"}, {"id": "g341_d3guo4q", "comment": "[Got the red eyes.](http://imgur.com/hK7zkXv)", "date": "2016-05-23 16:47:05", "seriesname": "g341_d3guo4q", "file": "/media/jbrogan4/scratch2/Reddit_Prov_Dataset_v5/_Brazil's_new_finance_minister_with_two_microphones_covering_his_eyes/g341_d3guo4q.png", "URL": "http://i.imgur.com/hK7zkXv.png", "fileid": "g341_d3guo4q.png"}, {"id": "g341_d3gkj9b", "comment": "[\"There are some things far more frightening than death.\"](http://i.imgur.com/BrXbodr.jpg)", "date": "2016-05-23 13:00:17", "seriesname": "g341_d3gkj9b", "file": "/media/jbrogan4/scratch2/Reddit_Prov_Dataset_v5/_Brazil's_new_finance_minister_with_two_microphones_covering_his_eyes/g341_d3gkj9b.jpg", "URL": "http://i.imgur.com/BrXbodr.jpg", "fileid": "g341_d3gkj9b.jpg"}, {"id": "g341_d3hhoh9", "comment": "[Hellraiser](http://i.imgur.com/amIvAxs.png) ", "date": "2016-05-24 04:38:48", "seriesname": "g341_d3hhoh9", "file": "/media/jbrogan4/scratch2/Reddit_Prov_Dataset_v5/_Brazil's_new_finance_minister_with_two_microphones_covering_his_eyes/g341_d3hhoh9.png", "URL": "http://i.imgur.com/amIvAxs.png", "fileid": "g341_d3hhoh9.png"}, {"id": "g341_d3hh4tx", "comment": "[He'll tear your economy apart](http://i.imgur.com/jQPUNyP.png)", "date": "2016-05-24 04:05:29", "seriesname": "g341_d3hh4tx", "file": "/media/jbrogan4/scratch2/Reddit_Prov_Dataset_v5/_Brazil's_new_finance_minister_with_two_microphones_covering_his_eyes/g341_d3hh4tx.png", "URL": "http://i.imgur.com/jQPUNyP.png", "fileid": "g341_d3hh4tx.png"}, {"id": "g341_d3gitm0", "comment": "\n\n[Sort Of Beautiful](http://i.imgur.com/5oteGQ5.jpg)\n&amp;\n[Sort Of Beautiful- animation with sound](http://loopnroll.com/p/QT5bK)", "date": "2016-05-23 12:21:32", "seriesname": "g341_d3gitm0", "file": "/media/jbrogan4/scratch2/Reddit_Prov_Dataset_v5/_Brazil's_new_finance_minister_with_two_microphones_covering_his_eyes/g341_d3gitm0.jpg", "URL": "http://i.imgur.com/5oteGQ5.jpg", "fileid": "g341_d3gitm0.jpg"}, {"id": "g341_d3ggz5u", "comment": "Dickbut inc. http://i.imgur.com/A9DTaCj.jpg", "date": "2016-05-23 11:38:46", "seriesname": "g341_d3ggz5u", "file": "/media/jbrogan4/scratch2/Reddit_Prov_Dataset_v5/_Brazil's_new_finance_minister_with_two_microphones_covering_his_eyes/g341_d3ggz5u.jpg", "URL": "http://i.imgur.com/A9DTaCj.jpg", "fileid": "g341_d3ggz5u.jpg"}, {"id": "g341_d3gmaqm", "comment": "[Prepare to be DEVOURED in the name of Galactus. Your lives must end so that I may live.](http://i.imgur.com/mTn3DT9.png)\n\nedit: *fixed* the eyes a bit", "date": "2016-05-23 13:40:10", "seriesname": "g341_d3gmaqm", "file": "/media/jbrogan4/scratch2/Reddit_Prov_Dataset_v5/_Brazil's_new_finance_minister_with_two_microphones_covering_his_eyes/g341_d3gmaqm.png", "URL": "http://i.imgur.com/mTn3DT9.png", "fileid": "g341_d3gmaqm.png"}, {"id": "g341_d3gjktp", "comment": "[I want to play a game!](http://i.imgur.com/Fwlh1bq.jpg)", "date": "2016-05-23 12:38:50", "seriesname": "g341_d3gjktp", "file": "/media/jbrogan4/scratch2/Reddit_Prov_Dataset_v5/_Brazil's_new_finance_minister_with_two_microphones_covering_his_eyes/g341_d3gjktp.jpg", "URL": "http://i.imgur.com/Fwlh1bq.jpg", "fileid": "g341_d3gjktp.jpg"}, {"id": "g341_d3gzkpm", "comment": "[Shoopa](http://i.imgur.com/yjjtoGZ.jpg)", "date": "2016-05-23 18:44:38", "seriesname": "g341_d3gzkpm", "file": "/media/jbrogan4/scratch2/Reddit_Prov_Dataset_v5/_Brazil's_new_finance_minister_with_two_microphones_covering_his_eyes/g341_d3gzkpm.jpg", "URL": "http://i.imgur.com/yjjtoGZ.jpg", "fileid": "g341_d3gzkpm.jpg"}, {"id": "g341_d3gy1w0", "comment": "[Brazil's new financing minister frying](http://i.imgur.com/o49002x.jpg) funny-lookin-stalin ", "date": "2016-05-23 18:06:14", "seriesname": "g341_d3gy1w0", "file": "/media/jbrogan4/scratch2/Reddit_Prov_Dataset_v5/_Brazil's_new_finance_minister_with_two_microphones_covering_his_eyes/g341_d3gy1w0.jpg", "URL": "http://i.imgur.com/o49002x.jpg", "fileid": "g341_d3gy1w0.jpg"}, {"id": "g341_d3gt52v", "comment": "[Gotcha!](http://i.imgur.com/evk4z0y.jpg?1)", "date": "2016-05-23 16:12:50", "seriesname": "g341_d3gt52v", "file": "/media/jbrogan4/scratch2/Reddit_Prov_Dataset_v5/_Brazil's_new_finance_minister_with_two_microphones_covering_his_eyes/g341_d3gt52v.jpg", "URL": "http://i.imgur.com/evk4z0y.jpg?1", "fileid": "g341_d3gt52v.jpg"}, {"id": "g341_d3giq3g", "comment": "[Introducing a new supervillain!](https://imgur.com/KczY9MP)", "date": "2016-05-23 12:19:19", "seriesname": "g341_d3giq3g", "file": "/media/jbrogan4/scratch2/Reddit_Prov_Dataset_v5/_Brazil's_new_finance_minister_with_two_microphones_covering_his_eyes/g341_d3giq3g.png", "URL": "http://i.imgur.com/KczY9MP.png", "fileid": "g341_d3giq3g.png"}, {"id": "g341_d3gte98", "comment": "[Wubbalubbadubdub!](http://i.imgur.com/S8o4N1V.jpg)", "date": "2016-05-23 16:18:34", "seriesname": "g341_d3gte98", "file": "/media/jbrogan4/scratch2/Reddit_Prov_Dataset_v5/_Brazil's_new_finance_minister_with_two_microphones_covering_his_eyes/g341_d3gte98.jpg", "URL": "http://i.imgur.com/S8o4N1V.jpg", "fileid": "g341_d3gte98.jpg"}, {"id": "g341_d3gmv2i", "comment": "[Paul sure wears some crazy glasses.](http://i.imgur.com/aawjioK.jpg)", "date": "2016-05-23 13:52:44", "seriesname": "g341_d3gmv2i", "file": "/media/jbrogan4/scratch2/Reddit_Prov_Dataset_v5/_Brazil's_new_finance_minister_with_two_microphones_covering_his_eyes/g341_d3gmv2i.jpg", "URL": "http://i.imgur.com/aawjioK.jpg", "fileid": "g341_d3gmv2i.jpg"}, {"id": "g341_d3gzj1o", "comment": "[r/finance](http://imgur.com/FRbi5Gc)", "date": "2016-05-23 18:43:29", "seriesname": "g341_d3gzj1o", "file": "/media/jbrogan4/scratch2/Reddit_Prov_Dataset_v5/_Brazil's_new_finance_minister_with_two_microphones_covering_his_eyes/g341_d3gzj1o.png", "URL": "http://i.imgur.com/FRbi5Gc.png", "fileid": "g341_d3gzj1o.png"}, {"id": "g341_d3hdgba", "comment": "[I am fear itself -- the terror hidden in your darkest -- check 1 -- sibiliance, sibiliance](http://imgur.com/JDCskTX)", "date": "2016-05-24 01:00:06", "seriesname": "g341_d3hdgba", "file": "/media/jbrogan4/scratch2/Reddit_Prov_Dataset_v5/_Brazil's_new_finance_minister_with_two_microphones_covering_his_eyes/g341_d3hdgba.png", "URL": "http://i.imgur.com/JDCskTX.png", "fileid": "g341_d3hdgba.png"}, {"id": "g341_d3glj88", "comment": "[Remember me, Eddie??!](http://i.imgur.com/tC1yB6j.jpg)", "date": "2016-05-23 13:23:01", "seriesname": "g341_d3glj88", "file": "/media/jbrogan4/scratch2/Reddit_Prov_Dataset_v5/_Brazil's_new_finance_minister_with_two_microphones_covering_his_eyes/g341_d3glj88.jpg", "URL": "http://i.imgur.com/tC1yB6j.jpg", "fileid": "g341_d3glj88.jpg"}, {"id": "g341_d3grkoa", "comment": "[Sonic! Hand over those Chaos emeralds!!](http://imgur.com/AAzuDiK)\n\n[he kinda looked like doctor robotnik to me]", "date": "2016-05-23 15:38:01", "seriesname": "g341_d3grkoa", "file": "/media/jbrogan4/scratch2/Reddit_Prov_Dataset_v5/_Brazil's_new_finance_minister_with_two_microphones_covering_his_eyes/g341_d3grkoa.png", "URL": "http://i.imgur.com/AAzuDiK.png", "fileid": "g341_d3grkoa.png"}, {"id": "g341_d3gv1ze", "comment": "[Der Scorpions](http://i.imgur.com/xIsC1oJ.jpg)", "date": "2016-05-23 16:55:40", "seriesname": "g341_d3gv1ze", "file": "/media/jbrogan4/scratch2/Reddit_Prov_Dataset_v5/_Brazil's_new_finance_minister_with_two_microphones_covering_his_eyes/g341_d3gv1ze.jpg", "URL": "http://i.imgur.com/xIsC1oJ.jpg", "fileid": "g341_d3gv1ze.jpg"}, {"id": "g341_d3ghkza", "comment": "http://i.imgur.com/AxkRExL.jpg", "date": "2016-05-23 11:52:43", "seriesname": "g341_d3ghkza", "file": "/media/jbrogan4/scratch2/Reddit_Prov_Dataset_v5/_Brazil's_new_finance_minister_with_two_microphones_covering_his_eyes/g341_d3ghkza.jpg", "URL": "http://i.imgur.com/AxkRExL.jpg", "fileid": "g341_d3ghkza.jpg"}, {"id": "g341_d3h3u30", "comment": "http://i.imgur.com/lCtbg.gif", "date": "2016-05-23 20:32:35", "seriesname": "g341_d3h3u30", "file": "/media/jbrogan4/scratch2/Reddit_Prov_Dataset_v5/_Brazil's_new_finance_minister_with_two_microphones_covering_his_eyes/g341_d3h3u30.jpg", "URL": "http://i.imgur.com/lCtbg.gif", "fileid": "g341_d3h3u30.gif"}, {"id": "g341_d3gdl6z", "comment": "http://i.imgur.com/zjhIEfw.jpg", "date": "2016-05-23 10:15:12", "seriesname": "g341_d3gdl6z", "file": "/media/jbrogan4/scratch2/Reddit_Prov_Dataset_v5/_Brazil's_new_finance_minister_with_two_microphones_covering_his_eyes/g341_d3gdl6z.jpg", "URL": "http://i.imgur.com/zjhIEfw.jpg", "fileid": "g341_d3gdl6z.jpg"}, {"id": "g341_d3ict0c", "comment": "http://i.imgur.com/wOVkklT.jpg ", "date": "2016-05-24 19:06:55", "seriesname": "g341_d3ict0c", "file": "/media/jbrogan4/scratch2/Reddit_Prov_Dataset_v5/_Brazil's_new_finance_minister_with_two_microphones_covering_his_eyes/g341_d3ict0c.jpg", "URL": "http://i.imgur.com/wOVkklT.jpg", "fileid": "g341_d3ict0c.jpg"}, {"id": "g341_d3gpkf1", "comment": "[Financial Terminator](http://i.imgur.com/oinmSfN.jpg)", "date": "2016-05-23 14:53:11", "seriesname": "g341_d3gpkf1", "file": "/media/jbrogan4/scratch2/Reddit_Prov_Dataset_v5/_Brazil's_new_finance_minister_with_two_microphones_covering_his_eyes/g341_d3gpkf1.jpg", "URL": "http://i.imgur.com/oinmSfN.jpg", "fileid": "g341_d3gpkf1.jpg"}, {"id": "g341_d3ghigo", "comment": "[Resistance is futile.](http://i.imgur.com/7re3kmI.jpg)", "date": "2016-05-23 11:51:06", "seriesname": "g341_d3ghigo", "file": "/media/jbrogan4/scratch2/Reddit_Prov_Dataset_v5/_Brazil's_new_finance_minister_with_two_microphones_covering_his_eyes/g341_d3ghigo.jpg", "URL": "http://i.imgur.com/7re3kmI.jpg", "fileid": "g341_d3ghigo.jpg"}, {"id": "g341_d3hdcq9", "comment": "Done~ http://i.imgur.com/NqiZJQf.png", "date": "2016-05-24 00:56:19", "seriesname": "g341_d3hdcq9", "file": "/media/jbrogan4/scratch2/Reddit_Prov_Dataset_v5/_Brazil's_new_finance_minister_with_two_microphones_covering_his_eyes/g341_d3hdcq9.png", "URL": "http://i.imgur.com/NqiZJQf.png", "fileid": "g341_d3hdcq9.png"}, {"id": "g341_d3gttfx", "comment": "[Totally](http://i.imgur.com/GVH6b64.jpg?1)", "date": "2016-05-23 16:27:54", "seriesname": "g341_d3gttfx", "file": "/media/jbrogan4/scratch2/Reddit_Prov_Dataset_v5/_Brazil's_new_finance_minister_with_two_microphones_covering_his_eyes/g341_d3gttfx.jpg", "URL": "http://i.imgur.com/GVH6b64.jpg?1", "fileid": "g341_d3gttfx.jpg"}, {"id": "g341_d3gk3cp", "comment": "[Googly](http://i.imgur.com/9XoHKJC.png)", "date": "2016-05-23 12:50:18", "seriesname": "g341_d3gk3cp", "file": "/media/jbrogan4/scratch2/Reddit_Prov_Dataset_v5/_Brazil's_new_finance_minister_with_two_microphones_covering_his_eyes/g341_d3gk3cp.png", "URL": "http://i.imgur.com/9XoHKJC.png", "fileid": "g341_d3gk3cp.png"}, {"id": "g341_d3hktn1", "comment": "[Look into my eyes...](http://imgur.com/2w1DJvc)", "date": "2016-05-24 07:38:59", "seriesname": "g341_d3hktn1", "file": "/media/jbrogan4/scratch2/Reddit_Prov_Dataset_v5/_Brazil's_new_finance_minister_with_two_microphones_covering_his_eyes/g341_d3hktn1.png", "URL": "http://i.imgur.com/2w1DJvc.png", "fileid": "g341_d3hktn1.png"}, {"id": "g341_d3gyf5f", "comment": "http://m.imgur.com/gallery/a5CzsYd", "date": "2016-05-23 18:15:28", "seriesname": "g341_d3gyf5f", "file": "/media/jbrogan4/scratch2/Reddit_Prov_Dataset_v5/_Brazil's_new_finance_minister_with_two_microphones_covering_his_eyes/g341_d3gyf5f.png", "URL": "http://i.imgur.com/a5CzsYd.png", "fileid": "g341_d3gyf5f.png"}, {"id": "g341_d3gyv5u", "comment": "[War of the Worlds] (http://imgur.com/RQGNaOc)", "date": "2016-05-23 18:26:41", "seriesname": "g341_d3gyv5u", "file": "/media/jbrogan4/scratch2/Reddit_Prov_Dataset_v5/_Brazil's_new_finance_minister_with_two_microphones_covering_his_eyes/g341_d3gyv5u.png", "URL": "http://i.imgur.com/RQGNaOc.png", "fileid": "g341_d3gyv5u.png"}, {"id": "g341_root", "comment": "", "date": "2016-05-23 10:02:11", "seriesname": "g341_root", "file": "/media/jbrogan4/scratch2/Reddit_Prov_Dataset_v5/_Brazil's_new_finance_minister_with_two_microphones_covering_his_eyes/g341_root.jpg", "URL": "http://i.imgur.com/gQlBWe1.jpg", "fileid": "g341_root.jpg"}, {"id": "g341_d3hi2zs", "comment": "http://imgur.com/L86ROQe", "date": "2016-05-24 05:04:06", "seriesname": "g341_d3hi2zs", "file": "/media/jbrogan4/scratch2/Reddit_Prov_Dataset_v5/_Brazil's_new_finance_minister_with_two_microphones_covering_his_eyes/g341_d3hi2zs.png", "URL": "http://i.imgur.com/L86ROQe.png", "fileid": "g341_d3hi2zs.png"}, {"id": "g341_d3gy84p", "comment": "[Hogarth...](http://imgur.com/urGoNU7)\n\nHe does look like a confused but deadly robot after all.", "date": "2016-05-23 18:10:34", "seriesname": "g341_d3gy84p", "file": "/media/jbrogan4/scratch2/Reddit_Prov_Dataset_v5/_Brazil's_new_finance_minister_with_two_microphones_covering_his_eyes/g341_d3gy84p.png", "URL": "http://i.imgur.com/urGoNU7.png", "fileid": "g341_d3gy84p.png"}, {"id": "g341_d3gkqz8", "comment": "[A Bug's Life](http://i.imgur.com/f6daQyR.png)", "date": "2016-05-23 13:05:13", "seriesname": "g341_d3gkqz8", "file": "/media/jbrogan4/scratch2/Reddit_Prov_Dataset_v5/_Brazil's_new_finance_minister_with_two_microphones_covering_his_eyes/g341_d3gkqz8.png", "URL": "http://i.imgur.com/f6daQyR.png", "fileid": "g341_d3gkqz8.png"}], "graph": {"name": "g341_root"}, "directed": true}