{"links": [{"op": "none", "target": 0, "source": 10}, {"op": "none", "target": 1, "source": 67}, {"op": "none", "target": 2, "source": 67}, {"op": "none", "target": 3, "source": 67}, {"op": "none", "target": 4, "source": 54}, {"op": "none", "target": 5, "source": 67}, {"op": "none", "target": 6, "source": 67}, {"op": "none", "target": 7, "source": 67}, {"op": "none", "target": 8, "source": 67}, {"op": "none", "target": 9, "source": 67}, {"op": "none", "target": 10, "source": 67}, {"op": "none", "target": 11, "source": 67}, {"op": "none", "target": 12, "source": 67}, {"op": "none", "target": 13, "source": 67}, {"op": "none", "target": 14, "source": 67}, {"op": "none", "target": 15, "source": 67}, {"op": "none", "target": 16, "source": 67}, {"op": "none", "target": 17, "source": 67}, {"op": "none", "target": 18, "source": 67}, {"op": "none", "target": 19, "source": 67}, {"op": "none", "target": 20, "source": 67}, {"op": "none", "target": 21, "source": 67}, {"op": "none", "target": 22, "source": 67}, {"op": "none", "target": 23, "source": 67}, {"op": "none", "target": 24, "source": 67}, {"op": "none", "target": 25, "source": 67}, {"op": "none", "target": 26, "source": 67}, {"op": "none", "target": 27, "source": 67}, {"op": "none", "target": 28, "source": 67}, {"op": "none", "target": 29, "source": 67}, {"op": "none", "target": 30, "source": 67}, {"op": "none", "target": 31, "source": 67}, {"op": "none", "target": 32, "source": 67}, {"op": "none", "target": 33, "source": 67}, {"op": "none", "target": 34, "source": 67}, {"op": "none", "target": 35, "source": 67}, {"op": "none", "target": 36, "source": 67}, {"op": "none", "target": 37, "source": 67}, {"op": "none", "target": 38, "source": 67}, {"op": "none", "target": 39, "source": 67}, {"op": "none", "target": 40, "source": 67}, {"op": "none", "target": 41, "source": 16}, {"op": "none", "target": 42, "source": 67}, {"op": "none", "target": 43, "source": 67}, {"op": "none", "target": 44, "source": 67}, {"op": "none", "target": 45, "source": 67}, {"op": "none", "target": 46, "source": 67}, {"op": "none", "target": 47, "source": 58}, {"op": "none", "target": 48, "source": 67}, {"op": "none", "target": 49, "source": 3}, {"op": "none", "target": 50, "source": 67}, {"op": "none", "target": 51, "source": 67}, {"op": "none", "target": 52, "source": 45}, {"op": "none", "target": 53, "source": 67}, {"op": "none", "target": 54, "source": 60}, {"op": "none", "target": 55, "source": 67}, {"op": "none", "target": 56, "source": 67}, {"op": "none", "target": 57, "source": 67}, {"op": "none", "target": 58, "source": 3}, {"op": "none", "target": 59, "source": 60}, {"op": "none", "target": 60, "source": 67}, {"op": "none", "target": 61, "source": 67}, {"op": "none", "target": 62, "source": 67}, {"op": "none", "target": 63, "source": 67}, {"op": "none", "target": 64, "source": 67}, {"op": "none", "target": 65, "source": 10}, {"op": "none", "target": 66, "source": 67}, {"op": "none", "target": 68, "source": 10}], "title": "_This_teacher_from_my_Facebook_feed", "nodes": [{"id": "g342_co99trt", "comment": "Looks like you beat me... :( Now with more [gif.](http://i.imgur.com/sTI8hpc.gif)", "date": "2015-02-02 19:19:26", "seriesname": "g342_co99trt", "file": "/media/jbrogan4/scratch2/Reddit_Prov_Dataset_v6/_This_teacher_from_my_Facebook_feed/g342_co99trt.jpg", "URL": "http://i.imgur.com/sTI8hpc.gif", "fileid": "g342_co99trt.gif"}, {"id": "g342_co93fm2", "comment": "[ And you will know I am the Lord when I lay my sign upon you.](http://i.imgur.com/px6Zvrh.png)\n\nHope I'm not too late to the party.", "date": "2015-02-02 16:12:30", "seriesname": "g342_co93fm2", "file": "/media/jbrogan4/scratch2/Reddit_Prov_Dataset_v6/_This_teacher_from_my_Facebook_feed/g342_co93fm2.png", "URL": "http://i.imgur.com/px6Zvrh.png", "fileid": "g342_co93fm2.png"}, {"id": "g342_co94jy1", "comment": "[Facebook destroyer](http://imgur.com/H4w3KP5)", "date": "2015-02-02 16:43:02", "seriesname": "g342_co94jy1", "file": "/media/jbrogan4/scratch2/Reddit_Prov_Dataset_v6/_This_teacher_from_my_Facebook_feed/g342_co94jy1.png", "URL": "http://i.imgur.com/H4w3KP5.png", "fileid": "g342_co94jy1.png"}, {"id": "g342_co94qwf", "comment": "I cleared the paper for anyone who wants it:  \n[**With** signature](http://i.imgur.com/BbXSAXC.jpg)  \n[**Without** signature](http://i.imgur.com/YBJWaXb.jpg)", "date": "2015-02-02 16:48:20", "seriesname": "g342_co94qwf", "file": "/media/jbrogan4/scratch2/Reddit_Prov_Dataset_v6/_This_teacher_from_my_Facebook_feed/g342_co94qwf.jpg", "URL": "http://i.imgur.com/YBJWaXb.jpg", "fileid": "g342_co94qwf.jpg"}, {"id": "g342_co97zlc", "comment": "am i doing this right? http://i.imgur.com/4U8RVFQ.jpg", "date": "2015-02-02 18:24:37", "seriesname": "g342_co97zlc", "file": "/media/jbrogan4/scratch2/Reddit_Prov_Dataset_v6/_This_teacher_from_my_Facebook_feed/g342_co97zlc.jpg", "URL": "http://i.imgur.com/4U8RVFQ.jpg", "fileid": "g342_co97zlc.jpg"}, {"id": "g342_co8z6qv", "comment": "[Her x-ray invention works!!](http://i.imgur.com/JTSCJ9O.jpg)\nEdit: nsfw", "date": "2015-02-02 14:16:38", "seriesname": "g342_co8z6qv", "file": "/media/jbrogan4/scratch2/Reddit_Prov_Dataset_v6/_This_teacher_from_my_Facebook_feed/g342_co8z6qv.jpg", "URL": "http://i.imgur.com/JTSCJ9O.jpg", "fileid": "g342_co8z6qv.jpg"}, {"id": "g342_co947rh", "comment": "[I remember primary school in Scotland!](http://i.imgur.com/4Vuz3yC.jpg)", "date": "2015-02-02 16:33:45", "seriesname": "g342_co947rh", "file": "/media/jbrogan4/scratch2/Reddit_Prov_Dataset_v6/_This_teacher_from_my_Facebook_feed/g342_co947rh.jpg", "URL": "http://i.imgur.com/4Vuz3yC.jpg", "fileid": "g342_co947rh.jpg"}, {"id": "g342_co951j0", "comment": "[Love You Long Time](http://i.imgur.com/MIkR1Rw.jpg)", "date": "2015-02-02 16:56:34", "seriesname": "g342_co951j0", "file": "/media/jbrogan4/scratch2/Reddit_Prov_Dataset_v6/_This_teacher_from_my_Facebook_feed/g342_co951j0.jpg", "URL": "http://i.imgur.com/MIkR1Rw.jpg", "fileid": "g342_co951j0.jpg"}, {"id": "g342_co946p6", "comment": "[The kids will love it](http://i.imgur.com/iqfEpS9.jpg) ", "date": "2015-02-02 16:32:59", "seriesname": "g342_co946p6", "file": "/media/jbrogan4/scratch2/Reddit_Prov_Dataset_v6/_This_teacher_from_my_Facebook_feed/g342_co946p6.jpg", "URL": "http://i.imgur.com/iqfEpS9.jpg", "fileid": "g342_co946p6.jpg"}, {"id": "g342_co97523", "comment": "[Navy Seal] (http://i.imgur.com/s9WU1fM.jpg)", "date": "2015-02-02 17:59:21", "seriesname": "g342_co97523", "file": "/media/jbrogan4/scratch2/Reddit_Prov_Dataset_v6/_This_teacher_from_my_Facebook_feed/g342_co97523.jpg", "URL": "http://i.imgur.com/s9WU1fM.jpg", "fileid": "g342_co97523.jpg"}, {"id": "g342_co90lii", "comment": "[loop](http://i.imgur.com/72m22W0.jpg)", "date": "2015-02-02 14:55:54", "seriesname": "g342_co90lii", "file": "/media/jbrogan4/scratch2/Reddit_Prov_Dataset_v6/_This_teacher_from_my_Facebook_feed/g342_co90lii.jpg", "URL": "http://i.imgur.com/72m22W0.jpg", "fileid": "g342_co90lii.jpg"}, {"id": "g342_co95jm9", "comment": "[I apologise in advance](http://i.imgur.com/mv4w4cH.png)", "date": "2015-02-02 17:10:35", "seriesname": "g342_co95jm9", "file": "/media/jbrogan4/scratch2/Reddit_Prov_Dataset_v6/_This_teacher_from_my_Facebook_feed/g342_co95jm9.png", "URL": "http://i.imgur.com/mv4w4cH.png", "fileid": "g342_co95jm9.png"}, {"id": "g342_co94o7d", "comment": "[Okay...](http://i.imgur.com/jnLJI3A.jpg)", "date": "2015-02-02 16:46:14", "seriesname": "g342_co94o7d", "file": "/media/jbrogan4/scratch2/Reddit_Prov_Dataset_v6/_This_teacher_from_my_Facebook_feed/g342_co94o7d.jpg", "URL": "http://i.imgur.com/jnLJI3A.jpg", "fileid": "g342_co94o7d.jpg"}, {"id": "g342_co94rng", "comment": "[Scottish](http://i.imgur.com/h2Kkbuw.jpg)", "date": "2015-02-02 16:48:56", "seriesname": "g342_co94rng", "file": "/media/jbrogan4/scratch2/Reddit_Prov_Dataset_v6/_This_teacher_from_my_Facebook_feed/g342_co94rng.jpg", "URL": "http://i.imgur.com/h2Kkbuw.jpg", "fileid": "g342_co94rng.jpg"}, {"id": "g342_co961s7", "comment": "[I took a decidedly different route.](http://imgur.com/ikVSpQO)", "date": "2015-02-02 17:24:56", "seriesname": "g342_co961s7", "file": "/media/jbrogan4/scratch2/Reddit_Prov_Dataset_v6/_This_teacher_from_my_Facebook_feed/g342_co961s7.png", "URL": "http://i.imgur.com/ikVSpQO.png", "fileid": "g342_co961s7.png"}, {"id": "g342_co949cj", "comment": "First time\n[o-o](http://i.imgur.com/QwgB8T7.jpg)", "date": "2015-02-02 16:34:57", "seriesname": "g342_co949cj", "file": "/media/jbrogan4/scratch2/Reddit_Prov_Dataset_v6/_This_teacher_from_my_Facebook_feed/g342_co949cj.jpg", "URL": "http://i.imgur.com/QwgB8T7.jpg", "fileid": "g342_co949cj.jpg"}, {"id": "g342_co913xk", "comment": "[Well class, at least this far!](http://i.imgur.com/nIUwIL3.jpg)", "date": "2015-02-02 15:09:47", "seriesname": "g342_co913xk", "file": "/media/jbrogan4/scratch2/Reddit_Prov_Dataset_v6/_This_teacher_from_my_Facebook_feed/g342_co913xk.jpg", "URL": "http://i.imgur.com/nIUwIL3.jpg", "fileid": "g342_co913xk.jpg"}, {"id": "g342_co9emvh", "comment": "[You got it, dude!](http://imgur.com/cUwmHEZ)", "date": "2015-02-02 21:39:44", "seriesname": "g342_co9emvh", "file": "/media/jbrogan4/scratch2/Reddit_Prov_Dataset_v6/_This_teacher_from_my_Facebook_feed/g342_co9emvh.png", "URL": "http://i.imgur.com/cUwmHEZ.png", "fileid": "g342_co9emvh.png"}, {"id": "g342_co92ygm", "comment": "She really has gone a long way from home: http://i.imgur.com/N8v7SvC.jpg", "date": "2015-02-02 15:59:34", "seriesname": "g342_co92ygm", "file": "/media/jbrogan4/scratch2/Reddit_Prov_Dataset_v6/_This_teacher_from_my_Facebook_feed/g342_co92ygm.jpg", "URL": "http://i.imgur.com/N8v7SvC.jpg", "fileid": "g342_co92ygm.jpg"}, {"id": "g342_co90kou", "comment": "[Increasing boys participation in school](http://i.imgur.com/4B6D8qB.jpg). **NSFW**", "date": "2015-02-02 14:55:17", "seriesname": "g342_co90kou", "file": "/media/jbrogan4/scratch2/Reddit_Prov_Dataset_v6/_This_teacher_from_my_Facebook_feed/g342_co90kou.jpg", "URL": "http://i.imgur.com/4B6D8qB.jpg).", "fileid": "g342_co90kou."}, {"id": "g342_co8xkob", "comment": "http://i.imgur.com/uHUlVCY.jpg -awful, but these kind of pictures make me channel my inner 12-year old. What was \nshe thinking?", "date": "2015-02-02 13:32:52", "seriesname": "g342_co8xkob", "file": "/media/jbrogan4/scratch2/Reddit_Prov_Dataset_v6/_This_teacher_from_my_Facebook_feed/g342_co8xkob.jpg", "URL": "http://i.imgur.com/uHUlVCY.jpg", "fileid": "g342_co8xkob.jpg"}, {"id": "g342_co98yr9", "comment": "[Well, well, well, Michelle](http://i.imgur.com/gpzcW7m.jpg)", "date": "2015-02-02 18:53:29", "seriesname": "g342_co98yr9", "file": "/media/jbrogan4/scratch2/Reddit_Prov_Dataset_v6/_This_teacher_from_my_Facebook_feed/g342_co98yr9.jpg", "URL": "http://i.imgur.com/gpzcW7m.jpg", "fileid": "g342_co98yr9.jpg"}, {"id": "g342_co91umm", "comment": "[Michelle loves communicating by signs](http://imgur.com/OFWQqrK)", "date": "2015-02-02 15:29:48", "seriesname": "g342_co91umm", "file": "/media/jbrogan4/scratch2/Reddit_Prov_Dataset_v6/_This_teacher_from_my_Facebook_feed/g342_co91umm.png", "URL": "http://i.imgur.com/OFWQqrK.png", "fileid": "g342_co91umm.png"}, {"id": "g342_co95qhx", "comment": "[I trusted you...](http://imgur.com/ziRXWAH)", "date": "2015-02-02 17:16:04", "seriesname": "g342_co95qhx", "file": "/media/jbrogan4/scratch2/Reddit_Prov_Dataset_v6/_This_teacher_from_my_Facebook_feed/g342_co95qhx.png", "URL": "http://i.imgur.com/ziRXWAH.png", "fileid": "g342_co95qhx.png"}, {"id": "g342_co93lni", "comment": "http://imgur.com/umgpfdi\n\nFrom \"How the Teach Stole PsBattle\" ", "date": "2015-02-02 16:17:12", "seriesname": "g342_co93lni", "file": "/media/jbrogan4/scratch2/Reddit_Prov_Dataset_v6/_This_teacher_from_my_Facebook_feed/g342_co93lni.png", "URL": "http://i.imgur.com/umgpfdi.png", "fileid": "g342_co93lni.png"}, {"id": "g342_co93vis", "comment": "[I know it's really bad but nobody else had posted it! P.s - done on MS Paint 'cos I don't even have PS.](http://i.imgur.com/yPbJm0O.jpg)", "date": "2015-02-02 16:24:36", "seriesname": "g342_co93vis", "file": "/media/jbrogan4/scratch2/Reddit_Prov_Dataset_v6/_This_teacher_from_my_Facebook_feed/g342_co93vis.jpg", "URL": "http://i.imgur.com/yPbJm0O.jpg", "fileid": "g342_co93vis.jpg"}, {"id": "g342_co93x02", "comment": "Here's a template! [http://i.imgur.com/7z7FyHD.png](http://i.imgur.com/7z7FyHD.png)", "date": "2015-02-02 16:25:44", "seriesname": "g342_co93x02", "file": "/media/jbrogan4/scratch2/Reddit_Prov_Dataset_v6/_This_teacher_from_my_Facebook_feed/g342_co93x02.png", "URL": "http://i.imgur.com/7z7FyHD.png](http://i.imgur.com/7z7FyHD.png", "fileid": "g342_co93x02.png"}, {"id": "g342_co93jod", "comment": "[You know what to do, Photoshop](http://i.imgur.com/ZpTE72P.jpg)", "date": "2015-02-02 16:15:39", "seriesname": "g342_co93jod", "file": "/media/jbrogan4/scratch2/Reddit_Prov_Dataset_v6/_This_teacher_from_my_Facebook_feed/g342_co93jod.jpg", "URL": "http://i.imgur.com/ZpTE72P.jpg", "fileid": "g342_co93jod.jpg"}, {"id": "g342_co940xk", "comment": "[It's a schooner!](http://i.imgur.com/RavRP2A.jpg)\n\nOr actually a bunch of birds on a tree.\n\nSorry, used Pixelmator instead of Photoshop...\n", "date": "2015-02-02 16:28:39", "seriesname": "g342_co940xk", "file": "/media/jbrogan4/scratch2/Reddit_Prov_Dataset_v6/_This_teacher_from_my_Facebook_feed/g342_co940xk.jpg", "URL": "http://i.imgur.com/RavRP2A.jpg", "fileid": "g342_co940xk.jpg"}, {"id": "g342_co91a2a", "comment": "http://imgur.com/7s9XawO\nfirst post... weird as shit", "date": "2015-02-02 15:14:20", "seriesname": "g342_co91a2a", "file": "/media/jbrogan4/scratch2/Reddit_Prov_Dataset_v6/_This_teacher_from_my_Facebook_feed/g342_co91a2a.png", "URL": "http://i.imgur.com/7s9XawO.png", "fileid": "g342_co91a2a.png"}, {"id": "g342_co954hi", "comment": "[Looks like she found the Looking Glass Knight Shield](http://i.imgur.com/TO5xfMU.jpg)", "date": "2015-02-02 16:58:48", "seriesname": "g342_co954hi", "file": "/media/jbrogan4/scratch2/Reddit_Prov_Dataset_v6/_This_teacher_from_my_Facebook_feed/g342_co954hi.jpg", "URL": "http://i.imgur.com/TO5xfMU.jpg", "fileid": "g342_co954hi.jpg"}, {"id": "g342_co94vgd", "comment": "[Repost](https://i.imgur.com/9g125lj.png)", "date": "2015-02-02 16:51:56", "seriesname": "g342_co94vgd", "file": "/media/jbrogan4/scratch2/Reddit_Prov_Dataset_v6/_This_teacher_from_my_Facebook_feed/g342_co94vgd.png", "URL": "https://i.imgur.com/9g125lj.png", "fileid": "g342_co94vgd.png"}, {"id": "g342_co91yc6", "comment": "[The truth is out there!](http://i.imgur.com/oJ4L82V.jpg)", "date": "2015-02-02 15:32:33", "seriesname": "g342_co91yc6", "file": "/media/jbrogan4/scratch2/Reddit_Prov_Dataset_v6/_This_teacher_from_my_Facebook_feed/g342_co91yc6.jpg", "URL": "http://i.imgur.com/oJ4L82V.jpg", "fileid": "g342_co91yc6.jpg"}, {"id": "g342_co8xtoj", "comment": "My first ever [shop](http://i.imgur.com/bF87vdl.jpg)", "date": "2015-02-02 13:39:43", "seriesname": "g342_co8xtoj", "file": "/media/jbrogan4/scratch2/Reddit_Prov_Dataset_v6/_This_teacher_from_my_Facebook_feed/g342_co8xtoj.jpg", "URL": "http://i.imgur.com/bF87vdl.jpg", "fileid": "g342_co8xtoj.jpg"}, {"id": "g342_co96eqh", "comment": "[Is this a threat?](http://imgur.com/7sQWJ5U)\n\nEdit: The point for the students is that these images can be used in other sources, such as CNN, and be twisted in ways you do not want. Becareful what you put online.", "date": "2015-02-02 17:35:03", "seriesname": "g342_co96eqh", "file": "/media/jbrogan4/scratch2/Reddit_Prov_Dataset_v6/_This_teacher_from_my_Facebook_feed/g342_co96eqh.png", "URL": "http://i.imgur.com/7sQWJ5U.png", "fileid": "g342_co96eqh.png"}, {"id": "g342_co96err", "comment": "I'll throw my attempt in there  \nhttp://i.imgur.com/u3g5a3s.png\n", "date": "2015-02-02 17:35:04", "seriesname": "g342_co96err", "file": "/media/jbrogan4/scratch2/Reddit_Prov_Dataset_v6/_This_teacher_from_my_Facebook_feed/g342_co96err.png", "URL": "http://i.imgur.com/u3g5a3s.png", "fileid": "g342_co96err.png"}, {"id": "g342_co95qlx", "comment": "[Watch out, this will get you arrested](http://i.imgur.com/520EXda.jpg)", "date": "2015-02-02 17:16:09", "seriesname": "g342_co95qlx", "file": "/media/jbrogan4/scratch2/Reddit_Prov_Dataset_v6/_This_teacher_from_my_Facebook_feed/g342_co95qlx.jpg", "URL": "http://i.imgur.com/520EXda.jpg", "fileid": "g342_co95qlx.jpg"}, {"id": "g342_co95p5k", "comment": "[Its truly gross how far it can go] (http://i.imgur.com/h3zTTuh.jpg)\n", "date": "2015-02-02 17:14:58", "seriesname": "g342_co95p5k", "file": "/media/jbrogan4/scratch2/Reddit_Prov_Dataset_v6/_This_teacher_from_my_Facebook_feed/g342_co95p5k.jpg", "URL": "http://i.imgur.com/h3zTTuh.jpg", "fileid": "g342_co95p5k.jpg"}, {"id": "g342_co963xk", "comment": "[Concerned miss lobster](http://imgur.com/bFPRSqw)", "date": "2015-02-02 17:26:38", "seriesname": "g342_co963xk", "file": "/media/jbrogan4/scratch2/Reddit_Prov_Dataset_v6/_This_teacher_from_my_Facebook_feed/g342_co963xk.png", "URL": "http://i.imgur.com/bFPRSqw.png", "fileid": "g342_co963xk.png"}, {"id": "g342_co969no", "comment": "[Mandatory photoshop for a teacher person](http://i.imgur.com/ASRMIYM.jpg)\n\n", "date": "2015-02-02 17:31:06", "seriesname": "g342_co969no", "file": "/media/jbrogan4/scratch2/Reddit_Prov_Dataset_v6/_This_teacher_from_my_Facebook_feed/g342_co969no.jpg", "URL": "http://i.imgur.com/ASRMIYM.jpg", "fileid": "g342_co969no.jpg"}, {"id": "g342_co9b613", "comment": "[But seriously, can someone tell me? I had spinach.](http://imgur.com/5zj73q1)", "date": "2015-02-02 19:59:51", "seriesname": "g342_co9b613", "file": "/media/jbrogan4/scratch2/Reddit_Prov_Dataset_v6/_This_teacher_from_my_Facebook_feed/g342_co9b613.png", "URL": "http://i.imgur.com/5zj73q1.png", "fileid": "g342_co9b613.png"}, {"id": "g342_co94pic", "comment": "[That astronaut gets around. Brings it with him everywhere](http://imgur.com/KtRHymT)", "date": "2015-02-02 16:47:14", "seriesname": "g342_co94pic", "file": "/media/jbrogan4/scratch2/Reddit_Prov_Dataset_v6/_This_teacher_from_my_Facebook_feed/g342_co94pic.png", "URL": "http://i.imgur.com/KtRHymT.png", "fileid": "g342_co94pic.png"}, {"id": "g342_co93kb1", "comment": "[Well I tried.](http://i.imgur.com/FXTnffl.jpg)", "date": "2015-02-02 16:16:09", "seriesname": "g342_co93kb1", "file": "/media/jbrogan4/scratch2/Reddit_Prov_Dataset_v6/_This_teacher_from_my_Facebook_feed/g342_co93kb1.jpg", "URL": "http://i.imgur.com/FXTnffl.jpg", "fileid": "g342_co93kb1.jpg"}, {"id": "g342_co96cz5", "comment": "[Kim Jong Un is amused](http://imgur.com/4etFWtM)", "date": "2015-02-02 17:33:42", "seriesname": "g342_co96cz5", "file": "/media/jbrogan4/scratch2/Reddit_Prov_Dataset_v6/_This_teacher_from_my_Facebook_feed/g342_co96cz5.png", "URL": "http://i.imgur.com/4etFWtM.png", "fileid": "g342_co96cz5.png"}, {"id": "g342_co92bwb", "comment": "[sorry kind Scottish lady](http://imgur.com/kzbPhXh)", "date": "2015-02-02 15:42:39", "seriesname": "g342_co92bwb", "file": "/media/jbrogan4/scratch2/Reddit_Prov_Dataset_v6/_This_teacher_from_my_Facebook_feed/g342_co92bwb.png", "URL": "http://i.imgur.com/kzbPhXh.png", "fileid": "g342_co92bwb.png"}, {"id": "g342_co90267", "comment": "[Smile!](https://i.imgur.com/XkPxBP6.jpg)", "date": "2015-02-02 14:41:15", "seriesname": "g342_co90267", "file": "/media/jbrogan4/scratch2/Reddit_Prov_Dataset_v6/_This_teacher_from_my_Facebook_feed/g342_co90267.jpg", "URL": "https://i.imgur.com/XkPxBP6.jpg", "fileid": "g342_co90267.jpg"}, {"id": "g342_co94je8", "comment": "[Did someone mention Oblivion?](http://i.imgur.com/vvbUaCk.jpg)", "date": "2015-02-02 16:42:36", "seriesname": "g342_co94je8", "file": "/media/jbrogan4/scratch2/Reddit_Prov_Dataset_v6/_This_teacher_from_my_Facebook_feed/g342_co94je8.jpg", "URL": "http://i.imgur.com/vvbUaCk.jpg", "fileid": "g342_co94je8.jpg"}, {"id": "g342_co9g5c6", "comment": "If you set the layer to \"multiply\" on images with a white background and black foreground photoshop will remove the white for you. Here's an example, all I did was copy paste the first dickbutt image I could find on google: http://i.imgur.com/ZcQBuA0.jpg", "date": "2015-02-02 22:24:29", "seriesname": "g342_co9g5c6", "file": "/media/jbrogan4/scratch2/Reddit_Prov_Dataset_v6/_This_teacher_from_my_Facebook_feed/g342_co9g5c6.jpg", "URL": "http://i.imgur.com/ZcQBuA0.jpg", "fileid": "g342_co9g5c6.jpg"}, {"id": "g342_co9d9ef", "comment": "http://imgur.com/Tdw68i6", "date": "2015-02-02 21:00:05", "seriesname": "g342_co9d9ef", "file": "/media/jbrogan4/scratch2/Reddit_Prov_Dataset_v6/_This_teacher_from_my_Facebook_feed/g342_co9d9ef.png", "URL": "http://i.imgur.com/Tdw68i6.png", "fileid": "g342_co9d9ef.png"}, {"id": "g342_co98t7l", "comment": "[True](http://i.imgur.com/gpzcW7m.jpg)", "date": "2015-02-02 18:48:48", "seriesname": "g342_co98t7l", "file": "/media/jbrogan4/scratch2/Reddit_Prov_Dataset_v6/_This_teacher_from_my_Facebook_feed/g342_co98t7l.jpg", "URL": "http://i.imgur.com/gpzcW7m.jpg", "fileid": "g342_co98t7l.jpg"}, {"id": "g342_co9b2i8", "comment": "[GUESS WHO!](http://i.imgur.com/KiHvpxI.jpg)", "date": "2015-02-02 19:56:52", "seriesname": "g342_co9b2i8", "file": "/media/jbrogan4/scratch2/Reddit_Prov_Dataset_v6/_This_teacher_from_my_Facebook_feed/g342_co9b2i8.jpg", "URL": "http://i.imgur.com/KiHvpxI.jpg", "fileid": "g342_co9b2i8.jpg"}, {"id": "g342_co97wl1", "comment": "[Michelle + Sherman](http://i.imgur.com/1c2Qp9z.jpg)", "date": "2015-02-02 18:22:08", "seriesname": "g342_co97wl1", "file": "/media/jbrogan4/scratch2/Reddit_Prov_Dataset_v6/_This_teacher_from_my_Facebook_feed/g342_co97wl1.jpg", "URL": "http://i.imgur.com/1c2Qp9z.jpg", "fileid": "g342_co97wl1.jpg"}, {"id": "g342_co947hj", "comment": "[Look!](http://i.imgur.com/Z4oLPfT.jpg)", "date": "2015-02-02 16:33:32", "seriesname": "g342_co947hj", "file": "/media/jbrogan4/scratch2/Reddit_Prov_Dataset_v6/_This_teacher_from_my_Facebook_feed/g342_co947hj.jpg", "URL": "http://i.imgur.com/Z4oLPfT.jpg", "fileid": "g342_co947hj.jpg"}, {"id": "g342_co96w42", "comment": "[Better safe than sorry.](http://i.imgur.com/l54hHHv.png)", "date": "2015-02-02 17:51:58", "seriesname": "g342_co96w42", "file": "/media/jbrogan4/scratch2/Reddit_Prov_Dataset_v6/_This_teacher_from_my_Facebook_feed/g342_co96w42.png", "URL": "http://i.imgur.com/l54hHHv.png", "fileid": "g342_co96w42.png"}, {"id": "g342_co940yz", "comment": "[Tried to do mine in paint, but you beat me to it] (http://imgur.com/GDQTjNq)", "date": "2015-02-02 16:28:40", "seriesname": "g342_co940yz", "file": "/media/jbrogan4/scratch2/Reddit_Prov_Dataset_v6/_This_teacher_from_my_Facebook_feed/g342_co940yz.png", "URL": "http://i.imgur.com/GDQTjNq.png", "fileid": "g342_co940yz.png"}, {"id": "g342_co97rqf", "comment": "[Share it, kids...SHARE IT HAHAHAHAHAHA](http://i.imgur.com/cgSIc8P.jpg)", "date": "2015-02-02 18:18:09", "seriesname": "g342_co97rqf", "file": "/media/jbrogan4/scratch2/Reddit_Prov_Dataset_v6/_This_teacher_from_my_Facebook_feed/g342_co97rqf.jpg", "URL": "http://i.imgur.com/cgSIc8P.jpg", "fileid": "g342_co97rqf.jpg"}, {"id": "g342_co98y7g", "comment": "[It's a pizza time!](http://i.imgur.com/jML6sHC.jpg?1)", "date": "2015-02-02 18:53:00", "seriesname": "g342_co98y7g", "file": "/media/jbrogan4/scratch2/Reddit_Prov_Dataset_v6/_This_teacher_from_my_Facebook_feed/g342_co98y7g.jpg", "URL": "http://i.imgur.com/jML6sHC.jpg?1", "fileid": "g342_co98y7g.jpg"}, {"id": "g342_co993as", "comment": "[in space... everyone will see it](http://i.imgur.com/l8HkcNk.jpg?1)", "date": "2015-02-02 18:57:16", "seriesname": "g342_co993as", "file": "/media/jbrogan4/scratch2/Reddit_Prov_Dataset_v6/_This_teacher_from_my_Facebook_feed/g342_co993as.jpg", "URL": "http://i.imgur.com/l8HkcNk.jpg?1", "fileid": "g342_co993as.jpg"}, {"id": "g342_co99gks", "comment": "[This is my first shop, I'm bad at this.](http://imgur.com/DMny9Ax)", "date": "2015-02-02 19:08:18", "seriesname": "g342_co99gks", "file": "/media/jbrogan4/scratch2/Reddit_Prov_Dataset_v6/_This_teacher_from_my_Facebook_feed/g342_co99gks.png", "URL": "http://i.imgur.com/DMny9Ax.png", "fileid": "g342_co99gks.png"}, {"id": "g342_co94cmk", "comment": "Dude, she's a teacher, [give her some credit](http://i.imgur.com/OlG2ayF.jpg)", "date": "2015-02-02 16:37:22", "seriesname": "g342_co94cmk", "file": "/media/jbrogan4/scratch2/Reddit_Prov_Dataset_v6/_This_teacher_from_my_Facebook_feed/g342_co94cmk.jpg", "URL": "http://i.imgur.com/OlG2ayF.jpg", "fileid": "g342_co94cmk.jpg"}, {"id": "g342_co91p8e", "comment": "http://i.imgur.com/yjGWg7S.png", "date": "2015-02-02 15:25:45", "seriesname": "g342_co91p8e", "file": "/media/jbrogan4/scratch2/Reddit_Prov_Dataset_v6/_This_teacher_from_my_Facebook_feed/g342_co91p8e.png", "URL": "http://i.imgur.com/yjGWg7S.png", "fileid": "g342_co91p8e.png"}, {"id": "g342_co93xef", "comment": "[The Super Bowl awoke something in her](http://i.imgur.com/XEs19PA.jpg)", "date": "2015-02-02 16:26:01", "seriesname": "g342_co93xef", "file": "/media/jbrogan4/scratch2/Reddit_Prov_Dataset_v6/_This_teacher_from_my_Facebook_feed/g342_co93xef.jpg", "URL": "http://i.imgur.com/XEs19PA.jpg", "fileid": "g342_co93xef.jpg"}, {"id": "g342_co94ius", "comment": "[i'm sorry](http://imgur.com/HOiWw0M)\n\nEDIT: GOD DAMNIT SOMEBODY BEAT ME TO IT", "date": "2015-02-02 16:42:12", "seriesname": "g342_co94ius", "file": "/media/jbrogan4/scratch2/Reddit_Prov_Dataset_v6/_This_teacher_from_my_Facebook_feed/g342_co94ius.png", "URL": "http://i.imgur.com/HOiWw0M.png", "fileid": "g342_co94ius.png"}, {"id": "g342_co926i8", "comment": "[Help](http://i.imgur.com/zNqsnc0.jpg) (I hope I'm not too late.)", "date": "2015-02-02 15:38:40", "seriesname": "g342_co926i8", "file": "/media/jbrogan4/scratch2/Reddit_Prov_Dataset_v6/_This_teacher_from_my_Facebook_feed/g342_co926i8.jpg", "URL": "http://i.imgur.com/zNqsnc0.jpg", "fileid": "g342_co926i8.jpg"}, {"id": "g342_co95a6p", "comment": "[things got desperate...](http://i.imgur.com/8pIvZ29.jpg)", "date": "2015-02-02 17:03:13", "seriesname": "g342_co95a6p", "file": "/media/jbrogan4/scratch2/Reddit_Prov_Dataset_v6/_This_teacher_from_my_Facebook_feed/g342_co95a6p.jpg", "URL": "http://i.imgur.com/8pIvZ29.jpg", "fileid": "g342_co95a6p.jpg"}, {"id": "g342_co94muz", "comment": "[I didn't spend nearly enough time on this...](http://i.imgur.com/zp2eci4.gif)", "date": "2015-02-02 16:45:12", "seriesname": "g342_co94muz", "file": "/media/jbrogan4/scratch2/Reddit_Prov_Dataset_v6/_This_teacher_from_my_Facebook_feed/g342_co94muz.jpg", "URL": "http://i.imgur.com/zp2eci4.gif", "fileid": "g342_co94muz.gif"}, {"id": "g342_co9151f", "comment": "[Look, i got that picture from a friend who recently died.](http://i.imgur.com/v2epjlz.jpg)", "date": "2015-02-02 15:10:36", "seriesname": "g342_co9151f", "file": "/media/jbrogan4/scratch2/Reddit_Prov_Dataset_v6/_This_teacher_from_my_Facebook_feed/g342_co9151f.jpg", "URL": "http://i.imgur.com/v2epjlz.jpg", "fileid": "g342_co9151f.jpg"}, {"id": "g342_root", "comment": "", "date": "2015-02-02 13:11:16", "seriesname": "g342_root", "file": "/media/jbrogan4/scratch2/Reddit_Prov_Dataset_v6/_This_teacher_from_my_Facebook_feed/g342_root.jpg", "URL": "http://i.imgur.com/UjVXKGZ.jpg", "fileid": "g342_root.jpg"}, {"id": "g342_co9aq74", "comment": "[loopty loop](http://i.imgur.com/YUpDubj.jpg)", "date": "2015-02-02 19:46:37", "seriesname": "g342_co9aq74", "file": "/media/jbrogan4/scratch2/Reddit_Prov_Dataset_v6/_This_teacher_from_my_Facebook_feed/g342_co9aq74.jpg", "URL": "http://i.imgur.com/YUpDubj.jpg", "fileid": "g342_co9aq74.jpg"}], "graph": {"name": "g342_root"}, "directed": true}