{"links": [{"op": "none", "target": 0, "source": 37}, {"op": "none", "target": 1, "source": 37}, {"op": "none", "target": 2, "source": 37}, {"op": "none", "target": 3, "source": 37}, {"op": "none", "target": 4, "source": 37}, {"op": "none", "target": 5, "source": 37}, {"op": "none", "target": 6, "source": 37}, {"op": "none", "target": 7, "source": 37}, {"op": "none", "target": 8, "source": 37}, {"op": "none", "target": 9, "source": 37}, {"op": "none", "target": 10, "source": 37}, {"op": "none", "target": 11, "source": 19}, {"op": "none", "target": 12, "source": 37}, {"op": "none", "target": 13, "source": 37}, {"op": "none", "target": 14, "source": 37}, {"op": "none", "target": 15, "source": 37}, {"op": "none", "target": 16, "source": 37}, {"op": "none", "target": 17, "source": 37}, {"op": "none", "target": 18, "source": 12}, {"op": "none", "target": 19, "source": 37}, {"op": "none", "target": 20, "source": 37}, {"op": "none", "target": 21, "source": 37}, {"op": "none", "target": 22, "source": 37}, {"op": "none", "target": 23, "source": 37}, {"op": "none", "target": 24, "source": 37}, {"op": "none", "target": 25, "source": 37}, {"op": "none", "target": 26, "source": 35}, {"op": "none", "target": 27, "source": 37}, {"op": "none", "target": 28, "source": 37}, {"op": "none", "target": 29, "source": 37}, {"op": "none", "target": 30, "source": 37}, {"op": "none", "target": 31, "source": 37}, {"op": "none", "target": 32, "source": 37}, {"op": "none", "target": 33, "source": 37}, {"op": "none", "target": 34, "source": 37}, {"op": "none", "target": 35, "source": 37}, {"op": "none", "target": 36, "source": 37}, {"op": "none", "target": 38, "source": 37}, {"op": "none", "target": 39, "source": 37}, {"op": "none", "target": 40, "source": 37}, {"op": "none", "target": 41, "source": 37}, {"op": "none", "target": 42, "source": 37}, {"op": "none", "target": 43, "source": 37}, {"op": "none", "target": 44, "source": 37}, {"op": "none", "target": 45, "source": 37}, {"op": "none", "target": 46, "source": 37}, {"op": "none", "target": 47, "source": 37}, {"op": "none", "target": 48, "source": 37}, {"op": "none", "target": 49, "source": 37}], "title": "_A_hippo_with_its_head_above_water", "nodes": [{"id": "g348_d7jvbuw", "comment": "[Attack on Hippo](http://imgur.com/LthUHzt.jpg)", "date": "2016-09-12 14:26:20", "seriesname": "g348_d7jvbuw", "file": "/media/jbrogan4/scratch2/Reddit_Prov_Dataset_v5/_A_hippo_with_its_head_above_water/g348_d7jvbuw.jpg", "URL": "http://imgur.com/LthUHzt.jpg", "fileid": "g348_d7jvbuw.jpg"}, {"id": "g348_d7kv3sd", "comment": "[HippoBacca - Starawars](http://i.imgur.com/PC9ZhcU.jpg)", "date": "2016-09-13 08:05:38", "seriesname": "g348_d7kv3sd", "file": "/media/jbrogan4/scratch2/Reddit_Prov_Dataset_v5/_A_hippo_with_its_head_above_water/g348_d7kv3sd.jpg", "URL": "http://i.imgur.com/PC9ZhcU.jpg", "fileid": "g348_d7kv3sd.jpg"}, {"id": "g348_d7kai7s", "comment": "[ The hiphopopotamus is gonna serve those Rhymenoceros in this word battle.](http://i.imgur.com/NLnpJfZ.jpg)\n\n[^^For ^^the ^^uninitiated.](https://www.youtube.com/watch?v=BoWfambAi6A)", "date": "2016-09-12 19:59:40", "seriesname": "g348_d7kai7s", "file": "/media/jbrogan4/scratch2/Reddit_Prov_Dataset_v5/_A_hippo_with_its_head_above_water/g348_d7kai7s.jpg", "URL": "http://i.imgur.com/NLnpJfZ.jpg", "fileid": "g348_d7kai7s.jpg"}, {"id": "g348_d7jhvfr", "comment": "[Third-party option](http://i.imgur.com/MH2MPNM.jpg)", "date": "2016-09-12 09:18:18", "seriesname": "g348_d7jhvfr", "file": "/media/jbrogan4/scratch2/Reddit_Prov_Dataset_v5/_A_hippo_with_its_head_above_water/g348_d7jhvfr.jpg", "URL": "http://i.imgur.com/MH2MPNM.jpg", "fileid": "g348_d7jhvfr.jpg"}, {"id": "g348_d7jgzgf", "comment": "[Jaws](https://imgur.com/a/VsMTT)\n\n[Direct Link](https://i.imgur.com/Zdgu5KK.png)", "date": "2016-09-12 08:49:13", "seriesname": "g348_d7jgzgf", "file": "/media/jbrogan4/scratch2/Reddit_Prov_Dataset_v5/_A_hippo_with_its_head_above_water/g348_d7jgzgf.png", "URL": "https://i.imgur.com/Zdgu5KK.png", "fileid": "g348_d7jgzgf.png"}, {"id": "g348_d7jo6mr", "comment": "[This is a mammal. Not a fish.](http://i.imgur.com/ueU7S7U.png)", "date": "2016-09-12 11:55:23", "seriesname": "g348_d7jo6mr", "file": "/media/jbrogan4/scratch2/Reddit_Prov_Dataset_v5/_A_hippo_with_its_head_above_water/g348_d7jo6mr.png", "URL": "http://i.imgur.com/ueU7S7U.png", "fileid": "g348_d7jo6mr.png"}, {"id": "g348_d7kag73", "comment": "[Hippo-Pug](https://i.imgur.com/wogW38z.jpg)", "date": "2016-09-12 19:58:22", "seriesname": "g348_d7kag73", "file": "/media/jbrogan4/scratch2/Reddit_Prov_Dataset_v5/_A_hippo_with_its_head_above_water/g348_d7kag73.jpg", "URL": "https://i.imgur.com/wogW38z.jpg", "fileid": "g348_d7kag73.jpg"}, {"id": "g348_d7kqd08", "comment": "Go Go Hippo Rangers!\n\nhttp://i.imgur.com/5xP5M99.jpg", "date": "2016-09-13 03:45:32", "seriesname": "g348_d7kqd08", "file": "/media/jbrogan4/scratch2/Reddit_Prov_Dataset_v5/_A_hippo_with_its_head_above_water/g348_d7kqd08.jpg", "URL": "http://i.imgur.com/5xP5M99.jpg", "fileid": "g348_d7kqd08.jpg"}, {"id": "g348_d7jicdq", "comment": "http://i.imgur.com/Frt7jbu.jpg\n\nJr. High was an awkward time for us all.", "date": "2016-09-12 09:32:12", "seriesname": "g348_d7jicdq", "file": "/media/jbrogan4/scratch2/Reddit_Prov_Dataset_v5/_A_hippo_with_its_head_above_water/g348_d7jicdq.jpg", "URL": "http://i.imgur.com/Frt7jbu.jpg", "fileid": "g348_d7jicdq.jpg"}, {"id": "g348_d7jlofr", "comment": "[Good hippo, happy hippo!](http://i.imgur.com/97cFvNE.jpg)", "date": "2016-09-12 10:58:30", "seriesname": "g348_d7jlofr", "file": "/media/jbrogan4/scratch2/Reddit_Prov_Dataset_v5/_A_hippo_with_its_head_above_water/g348_d7jlofr.jpg", "URL": "http://i.imgur.com/97cFvNE.jpg", "fileid": "g348_d7jlofr.jpg"}, {"id": "g348_d7ju7dq", "comment": "[Coming soon to a College Basketball game near you](http://i.imgur.com/EjQ2QbM.png)", "date": "2016-09-12 14:02:57", "seriesname": "g348_d7ju7dq", "file": "/media/jbrogan4/scratch2/Reddit_Prov_Dataset_v5/_A_hippo_with_its_head_above_water/g348_d7ju7dq.png", "URL": "http://i.imgur.com/EjQ2QbM.png", "fileid": "g348_d7ju7dq.png"}, {"id": "g348_d7kdut3", "comment": "Hey! just a tip! you can do a hiperlink as a word or words by doing this \\\\\\[reddit!](https://reddit.com)\n\nyou can just copy this one i made with your link too:\n\n[Smash!](http://i.imgur.com/sxY96sr.jpg)", "date": "2016-09-12 21:19:04", "seriesname": "g348_d7kdut3", "file": "/media/jbrogan4/scratch2/Reddit_Prov_Dataset_v5/_A_hippo_with_its_head_above_water/g348_d7kdut3.jpg", "URL": "http://i.imgur.com/sxY96sr.jpg", "fileid": "g348_d7kdut3.jpg"}, {"id": "g348_d7jkmqc", "comment": "[just when you thought it was safe to go back in the water...](http://i.imgur.com/mLpPwBF.png)", "date": "2016-09-12 10:33:26", "seriesname": "g348_d7jkmqc", "file": "/media/jbrogan4/scratch2/Reddit_Prov_Dataset_v5/_A_hippo_with_its_head_above_water/g348_d7jkmqc.png", "URL": "http://i.imgur.com/mLpPwBF.png", "fileid": "g348_d7jkmqc.png"}, {"id": "g348_d7k01ng", "comment": "[Whac-A-Hippo.](http://i.imgur.com/XnnAxqy.jpg)", "date": "2016-09-12 16:03:11", "seriesname": "g348_d7k01ng", "file": "/media/jbrogan4/scratch2/Reddit_Prov_Dataset_v5/_A_hippo_with_its_head_above_water/g348_d7k01ng.jpg", "URL": "http://i.imgur.com/XnnAxqy.jpg", "fileid": "g348_d7k01ng.jpg"}, {"id": "g348_d7ji5l8", "comment": "[Girl gets attacked by Hippo](http://i.imgur.com/ZILuZ9q.png)\n\n[[Orignal](https://www.youtube.com/watch?v=yLmfgK8adXk)]", "date": "2016-09-12 09:26:44", "seriesname": "g348_d7ji5l8", "file": "/media/jbrogan4/scratch2/Reddit_Prov_Dataset_v5/_A_hippo_with_its_head_above_water/g348_d7ji5l8.png", "URL": "http://i.imgur.com/ZILuZ9q.png", "fileid": "g348_d7ji5l8.png"}, {"id": "g348_d7jwylp", "comment": "[Hungry Hungry Hippo](http://i.imgur.com/sqzvERr.jpg)", "date": "2016-09-12 14:59:45", "seriesname": "g348_d7jwylp", "file": "/media/jbrogan4/scratch2/Reddit_Prov_Dataset_v5/_A_hippo_with_its_head_above_water/g348_d7jwylp.jpg", "URL": "http://i.imgur.com/sqzvERr.jpg", "fileid": "g348_d7jwylp.jpg"}, {"id": "g348_d7jgxtx", "comment": "[This is fine.](http://i.imgur.com/naeOIRg.png)", "date": "2016-09-12 08:47:40", "seriesname": "g348_d7jgxtx", "file": "/media/jbrogan4/scratch2/Reddit_Prov_Dataset_v5/_A_hippo_with_its_head_above_water/g348_d7jgxtx.png", "URL": "http://i.imgur.com/naeOIRg.png", "fileid": "g348_d7jgxtx.png"}, {"id": "g348_d7jhhs3", "comment": "[The new Starbucks Macchippo](http://i.imgur.com/Vz1Ykd9.jpg)", "date": "2016-09-12 09:06:15", "seriesname": "g348_d7jhhs3", "file": "/media/jbrogan4/scratch2/Reddit_Prov_Dataset_v5/_A_hippo_with_its_head_above_water/g348_d7jhhs3.jpg", "URL": "http://i.imgur.com/Vz1Ykd9.jpg", "fileid": "g348_d7jhhs3.jpg"}, {"id": "g348_d7karol", "comment": "Instantly reminded me of [this](https://s-media-cache-ak0.pinimg.com/736x/a8/84/ec/a884ecd69bc7065fa8e0d23b29c71f9d.jpg)", "date": "2016-09-12 20:05:55", "seriesname": "g348_d7karol", "file": "/media/jbrogan4/scratch2/Reddit_Prov_Dataset_v5/_A_hippo_with_its_head_above_water/g348_d7karol.jpg", "URL": "https://s-media-cache-ak0.pinimg.com/736x/a8/84/ec/a884ecd69bc7065fa8e0d23b29c71f9d.jpg", "fileid": "g348_d7karol.jpg"}, {"id": "g348_d7jlltv", "comment": "http://i.imgur.com/sxY96sr.jpg", "date": "2016-09-12 10:56:48", "seriesname": "g348_d7jlltv", "file": "/media/jbrogan4/scratch2/Reddit_Prov_Dataset_v5/_A_hippo_with_its_head_above_water/g348_d7jlltv.jpg", "URL": "http://i.imgur.com/sxY96sr.jpg", "fileid": "g348_d7jlltv.jpg"}, {"id": "g348_d7jfzl4", "comment": "http://i.imgur.com/bx2gp7R.jpg Hungry hungy hippo", "date": "2016-09-12 08:12:32", "seriesname": "g348_d7jfzl4", "file": "/media/jbrogan4/scratch2/Reddit_Prov_Dataset_v5/_A_hippo_with_its_head_above_water/g348_d7jfzl4.jpg", "URL": "http://i.imgur.com/bx2gp7R.jpg", "fileid": "g348_d7jfzl4.jpg"}, {"id": "g348_d7jra22", "comment": "For a sec i thought it'd be something like [this.](http://i.imgur.com/BaLIyAf.jpg)", "date": "2016-09-12 13:02:10", "seriesname": "g348_d7jra22", "file": "/media/jbrogan4/scratch2/Reddit_Prov_Dataset_v5/_A_hippo_with_its_head_above_water/g348_d7jra22.jpg", "URL": "http://i.imgur.com/BaLIyAf.jpg", "fileid": "g348_d7jra22.jpg"}, {"id": "g348_d7jhzzn", "comment": "[All Hail Hippotoad](http://i.imgur.com/1kYx6V7.jpg)", "date": "2016-09-12 09:22:02", "seriesname": "g348_d7jhzzn", "file": "/media/jbrogan4/scratch2/Reddit_Prov_Dataset_v5/_A_hippo_with_its_head_above_water/g348_d7jhzzn.jpg", "URL": "http://i.imgur.com/1kYx6V7.jpg", "fileid": "g348_d7jhzzn.jpg"}, {"id": "g348_d7jiz2n", "comment": "[Hippo the Hutt](http://i.imgur.com/xtQMIgp.jpg)", "date": "2016-09-12 09:50:17", "seriesname": "g348_d7jiz2n", "file": "/media/jbrogan4/scratch2/Reddit_Prov_Dataset_v5/_A_hippo_with_its_head_above_water/g348_d7jiz2n.jpg", "URL": "http://i.imgur.com/xtQMIgp.jpg", "fileid": "g348_d7jiz2n.jpg"}, {"id": "g348_d7jphyc", "comment": "Mario's Toughest Enemy\n\nhttp://i.imgur.com/fuO5daX.jpg", "date": "2016-09-12 12:24:03", "seriesname": "g348_d7jphyc", "file": "/media/jbrogan4/scratch2/Reddit_Prov_Dataset_v5/_A_hippo_with_its_head_above_water/g348_d7jphyc.jpg", "URL": "http://i.imgur.com/fuO5daX.jpg", "fileid": "g348_d7jphyc.jpg"}, {"id": "g348_d7jhper", "comment": "[where's Jake?](http://i.imgur.com/HX6ldYY.jpg)", "date": "2016-09-12 09:13:06", "seriesname": "g348_d7jhper", "file": "/media/jbrogan4/scratch2/Reddit_Prov_Dataset_v5/_A_hippo_with_its_head_above_water/g348_d7jhper.jpg", "URL": "http://i.imgur.com/HX6ldYY.jpg", "fileid": "g348_d7jhper.jpg"}, {"id": "g348_d7ji18s", "comment": "\n\n[just for you:) - with  Haddaway - What is Love ](http://loopnroll.com/p/cTTUh)\n\n\n&amp;\n\n\n\n\n[PIC](http://i.imgur.com/QqiXkEO.jpg)\n\n", "date": "2016-09-12 09:23:05", "seriesname": "g348_d7ji18s", "file": "/media/jbrogan4/scratch2/Reddit_Prov_Dataset_v5/_A_hippo_with_its_head_above_water/g348_d7ji18s.jpg", "URL": "http://i.imgur.com/QqiXkEO.jpg", "fileid": "g348_d7ji18s.jpg"}, {"id": "g348_d7jjs7z", "comment": "[Hippo's head](http://i.imgur.com/2JXNlpI.png)", "date": "2016-09-12 10:12:04", "seriesname": "g348_d7jjs7z", "file": "/media/jbrogan4/scratch2/Reddit_Prov_Dataset_v5/_A_hippo_with_its_head_above_water/g348_d7jjs7z.png", "URL": "http://i.imgur.com/2JXNlpI.png", "fileid": "g348_d7jjs7z.png"}, {"id": "g348_d7jhgss", "comment": "[PS exclusive](http://i.imgur.com/gm1crsy.jpg)", "date": "2016-09-12 09:05:22", "seriesname": "g348_d7jhgss", "file": "/media/jbrogan4/scratch2/Reddit_Prov_Dataset_v5/_A_hippo_with_its_head_above_water/g348_d7jhgss.jpg", "URL": "http://i.imgur.com/gm1crsy.jpg", "fileid": "g348_d7jhgss.jpg"}, {"id": "g348_d7jmgz7", "comment": "[New from HASBRO\u2122](http://imgur.com/RqqH02x)", "date": "2016-09-12 11:17:03", "seriesname": "g348_d7jmgz7", "file": "/media/jbrogan4/scratch2/Reddit_Prov_Dataset_v5/_A_hippo_with_its_head_above_water/g348_d7jmgz7.png", "URL": "http://i.imgur.com/RqqH02x.png", "fileid": "g348_d7jmgz7.png"}, {"id": "g348_d7jfuxe", "comment": "[Homer](https://i.imgur.com/ebcOVAH.jpg)", "date": "2016-09-12 08:07:17", "seriesname": "g348_d7jfuxe", "file": "/media/jbrogan4/scratch2/Reddit_Prov_Dataset_v5/_A_hippo_with_its_head_above_water/g348_d7jfuxe.jpg", "URL": "https://i.imgur.com/ebcOVAH.jpg", "fileid": "g348_d7jfuxe.jpg"}, {"id": "g348_d7jysz9", "comment": "[Puttin' on the Hippo](http://i.imgur.com/YUrpF8t.jpg)\n\n[Animated](https://www.youtube.com/watch?v=4MDJEr4tuSU)", "date": "2016-09-12 15:37:50", "seriesname": "g348_d7jysz9", "file": "/media/jbrogan4/scratch2/Reddit_Prov_Dataset_v5/_A_hippo_with_its_head_above_water/g348_d7jysz9.jpg", "URL": "http://i.imgur.com/YUrpF8t.jpg", "fileid": "g348_d7jysz9.jpg"}, {"id": "g348_d7jtmga", "comment": "[Score!](http://i.imgur.com/dANCjyF.png)", "date": "2016-09-12 13:50:58", "seriesname": "g348_d7jtmga", "file": "/media/jbrogan4/scratch2/Reddit_Prov_Dataset_v5/_A_hippo_with_its_head_above_water/g348_d7jtmga.png", "URL": "http://i.imgur.com/dANCjyF.png", "fileid": "g348_d7jtmga.png"}, {"id": "g348_d7jluyz", "comment": "[Hipposer](http://i.imgur.com/B3kADil.jpg)", "date": "2016-09-12 11:02:51", "seriesname": "g348_d7jluyz", "file": "/media/jbrogan4/scratch2/Reddit_Prov_Dataset_v5/_A_hippo_with_its_head_above_water/g348_d7jluyz.jpg", "URL": "http://i.imgur.com/B3kADil.jpg", "fileid": "g348_d7jluyz.jpg"}, {"id": "g348_d7jj1ek", "comment": "Alien (nsfw) http://imgur.com/5TAoKSK", "date": "2016-09-12 09:52:05", "seriesname": "g348_d7jj1ek", "file": "/media/jbrogan4/scratch2/Reddit_Prov_Dataset_v5/_A_hippo_with_its_head_above_water/g348_d7jj1ek.png", "URL": "http://i.imgur.com/5TAoKSK.png", "fileid": "g348_d7jj1ek.png"}, {"id": "g348_d7jgkbj", "comment": "\n[How Many Hippos Can You Fit In A Car?](http://i.imgur.com/GescAsl.jpg)\n\n&amp;\n\n\n[Animated with MUSIC](http://loopnroll.com/p/NwvTp)\n\n\n", "date": "2016-09-12 08:34:30", "seriesname": "g348_d7jgkbj", "file": "/media/jbrogan4/scratch2/Reddit_Prov_Dataset_v5/_A_hippo_with_its_head_above_water/g348_d7jgkbj.jpg", "URL": "http://i.imgur.com/GescAsl.jpg", "fileid": "g348_d7jgkbj.jpg"}, {"id": "g348_d7kk7p7", "comment": "[Neighbor](http://i.imgur.com/UhC0S5M.png)", "date": "2016-09-12 23:54:05", "seriesname": "g348_d7kk7p7", "file": "/media/jbrogan4/scratch2/Reddit_Prov_Dataset_v5/_A_hippo_with_its_head_above_water/g348_d7kk7p7.png", "URL": "http://i.imgur.com/UhC0S5M.png", "fileid": "g348_d7kk7p7.png"}, {"id": "g348_root", "comment": "", "date": "2016-09-12 07:01:49", "seriesname": "g348_root", "file": "/media/jbrogan4/scratch2/Reddit_Prov_Dataset_v5/_A_hippo_with_its_head_above_water/g348_root.jpg", "URL": "https://i.redd.it/vrru78evv2lx.jpg", "fileid": "g348_root.jpg"}, {"id": "g348_d7jiffi", "comment": "[First time flying the SR-71](http://i.imgur.com/5ohvxZJ.jpg)", "date": "2016-09-12 09:34:41", "seriesname": "g348_d7jiffi", "file": "/media/jbrogan4/scratch2/Reddit_Prov_Dataset_v5/_A_hippo_with_its_head_above_water/g348_d7jiffi.jpg", "URL": "http://i.imgur.com/5ohvxZJ.jpg", "fileid": "g348_d7jiffi.jpg"}, {"id": "g348_d7jghfb", "comment": "[Hip ness monster](http://imgur.com/RmGC140.jpg)", "date": "2016-09-12 08:31:29", "seriesname": "g348_d7jghfb", "file": "/media/jbrogan4/scratch2/Reddit_Prov_Dataset_v5/_A_hippo_with_its_head_above_water/g348_d7jghfb.jpg", "URL": "http://imgur.com/RmGC140.jpg", "fileid": "g348_d7jghfb.jpg"}, {"id": "g348_d7jhvi3", "comment": "[Peter](http://i.imgur.com/ji2qQQ3.jpg)", "date": "2016-09-12 09:18:21", "seriesname": "g348_d7jhvi3", "file": "/media/jbrogan4/scratch2/Reddit_Prov_Dataset_v5/_A_hippo_with_its_head_above_water/g348_d7jhvi3.jpg", "URL": "http://i.imgur.com/ji2qQQ3.jpg", "fileid": "g348_d7jhvi3.jpg"}, {"id": "g348_d7jqeg7", "comment": "[It evolved! a wild hippotrio appeared!](http://imgur.com/0LsQbgJ)", "date": "2016-09-12 12:43:33", "seriesname": "g348_d7jqeg7", "file": "/media/jbrogan4/scratch2/Reddit_Prov_Dataset_v5/_A_hippo_with_its_head_above_water/g348_d7jqeg7.png", "URL": "http://i.imgur.com/0LsQbgJ.png", "fileid": "g348_d7jqeg7.png"}, {"id": "g348_d7jw4gu", "comment": "[Horror Movie from Africia](http://i.imgur.com/BVluHGp.jpg) hippos kill more people than sharks(http://i.imgur.com/BVluHGp.jpg)", "date": "2016-09-12 14:42:47", "seriesname": "g348_d7jw4gu", "file": "/media/jbrogan4/scratch2/Reddit_Prov_Dataset_v5/_A_hippo_with_its_head_above_water/g348_d7jw4gu.jpg", "URL": "http://i.imgur.com/BVluHGp.jpg", "fileid": "g348_d7jw4gu.jpg"}, {"id": "g348_d7jxmfu", "comment": "http://i.imgur.com/jiJf6PX.jpg\n\nHippo Mattress Sale", "date": "2016-09-12 15:13:27", "seriesname": "g348_d7jxmfu", "file": "/media/jbrogan4/scratch2/Reddit_Prov_Dataset_v5/_A_hippo_with_its_head_above_water/g348_d7jxmfu.jpg", "URL": "http://i.imgur.com/jiJf6PX.jpg", "fileid": "g348_d7jxmfu.jpg"}, {"id": "g348_d7joxq4", "comment": "[Hungry Hungry](http://i.imgur.com/yhB1hVR.jpg)", "date": "2016-09-12 12:12:00", "seriesname": "g348_d7joxq4", "file": "/media/jbrogan4/scratch2/Reddit_Prov_Dataset_v5/_A_hippo_with_its_head_above_water/g348_d7joxq4.jpg", "URL": "http://i.imgur.com/yhB1hVR.jpg", "fileid": "g348_d7joxq4.jpg"}, {"id": "g348_d7kcsx3", "comment": "SMILE! [Imgur](http://i.imgur.com/UTxa2D1.jpg)", "date": "2016-09-12 20:54:21", "seriesname": "g348_d7kcsx3", "file": "/media/jbrogan4/scratch2/Reddit_Prov_Dataset_v5/_A_hippo_with_its_head_above_water/g348_d7kcsx3.jpg", "URL": "http://i.imgur.com/UTxa2D1.jpg", "fileid": "g348_d7kcsx3.jpg"}, {"id": "g348_d7llq9n", "comment": "[When you are eating food and your hippo smells it](http://imgur.com/vOmq8mV)", "date": "2016-09-13 17:56:40", "seriesname": "g348_d7llq9n", "file": "/media/jbrogan4/scratch2/Reddit_Prov_Dataset_v5/_A_hippo_with_its_head_above_water/g348_d7llq9n.png", "URL": "http://i.imgur.com/vOmq8mV.png", "fileid": "g348_d7llq9n.png"}, {"id": "g348_d7jiw84", "comment": "[Alfoppotamus](http://i.imgur.com/qOPiFqJ.jpg)\n\n(my 1st post on reddit, hope you like it ;)", "date": "2016-09-12 09:48:00", "seriesname": "g348_d7jiw84", "file": "/media/jbrogan4/scratch2/Reddit_Prov_Dataset_v5/_A_hippo_with_its_head_above_water/g348_d7jiw84.jpg", "URL": "http://i.imgur.com/qOPiFqJ.jpg", "fileid": "g348_d7jiw84.jpg"}, {"id": "g348_d7jh0u6", "comment": "[Here you go with Style... OPPAAA....](http://i.imgur.com/OMkXbHo.jpg)", "date": "2016-09-12 08:50:35", "seriesname": "g348_d7jh0u6", "file": "/media/jbrogan4/scratch2/Reddit_Prov_Dataset_v5/_A_hippo_with_its_head_above_water/g348_d7jh0u6.jpg", "URL": "http://i.imgur.com/OMkXbHo.jpg", "fileid": "g348_d7jh0u6.jpg"}, {"id": "g348_d7jlbt8", "comment": "HUNGRY HUNGRY HIPPIE HIPPO\nhttp://i.imgur.com/TORRUU3.png", "date": "2016-09-12 10:50:13", "seriesname": "g348_d7jlbt8", "file": "/media/jbrogan4/scratch2/Reddit_Prov_Dataset_v5/_A_hippo_with_its_head_above_water/g348_d7jlbt8.png", "URL": "http://i.imgur.com/TORRUU3.png", "fileid": "g348_d7jlbt8.png"}], "graph": {"name": "g348_root"}, "directed": true}