{"links": [{"op": "none", "target": 0, "source": 49}, {"op": "none", "target": 1, "source": 49}, {"op": "none", "target": 2, "source": 47}, {"op": "none", "target": 3, "source": 49}, {"op": "none", "target": 4, "source": 49}, {"op": "none", "target": 5, "source": 49}, {"op": "none", "target": 6, "source": 49}, {"op": "none", "target": 7, "source": 49}, {"op": "none", "target": 8, "source": 49}, {"op": "none", "target": 9, "source": 49}, {"op": "none", "target": 10, "source": 49}, {"op": "none", "target": 11, "source": 49}, {"op": "none", "target": 12, "source": 24}, {"op": "none", "target": 13, "source": 49}, {"op": "none", "target": 14, "source": 49}, {"op": "none", "target": 15, "source": 49}, {"op": "none", "target": 16, "source": 49}, {"op": "none", "target": 17, "source": 46}, {"op": "none", "target": 18, "source": 49}, {"op": "none", "target": 19, "source": 49}, {"op": "none", "target": 20, "source": 49}, {"op": "none", "target": 21, "source": 49}, {"op": "none", "target": 22, "source": 49}, {"op": "none", "target": 23, "source": 44}, {"op": "none", "target": 24, "source": 49}, {"op": "none", "target": 25, "source": 49}, {"op": "none", "target": 26, "source": 49}, {"op": "none", "target": 27, "source": 49}, {"op": "none", "target": 28, "source": 49}, {"op": "none", "target": 29, "source": 49}, {"op": "none", "target": 30, "source": 49}, {"op": "none", "target": 31, "source": 49}, {"op": "none", "target": 32, "source": 49}, {"op": "none", "target": 33, "source": 49}, {"op": "none", "target": 34, "source": 49}, {"op": "none", "target": 35, "source": 49}, {"op": "none", "target": 36, "source": 49}, {"op": "none", "target": 37, "source": 49}, {"op": "none", "target": 38, "source": 49}, {"op": "none", "target": 39, "source": 49}, {"op": "none", "target": 40, "source": 49}, {"op": "none", "target": 41, "source": 49}, {"op": "none", "target": 42, "source": 49}, {"op": "none", "target": 43, "source": 49}, {"op": "none", "target": 44, "source": 49}, {"op": "none", "target": 45, "source": 49}, {"op": "none", "target": 46, "source": 49}, {"op": "none", "target": 47, "source": 49}, {"op": "none", "target": 48, "source": 49}, {"op": "none", "target": 50, "source": 49}], "title": "_Foggy_day", "nodes": [{"id": "g368_d7ejhb4", "comment": "[Follow the yellow brick road!](http://i.imgur.com/w2eFron.jpg)", "date": "2016-09-08 14:35:03", "seriesname": "g368_d7ejhb4", "file": "/media/jbrogan4/scratch2/Reddit_Prov_Dataset_v5/_Foggy_day/g368_d7ejhb4.jpg", "URL": "http://i.imgur.com/w2eFron.jpg", "fileid": "g368_d7ejhb4.jpg"}, {"id": "g368_d7epjsd", "comment": "[New film](http://i.imgur.com/rIO87NM.jpg)", "date": "2016-09-08 16:39:52", "seriesname": "g368_d7epjsd", "file": "/media/jbrogan4/scratch2/Reddit_Prov_Dataset_v5/_Foggy_day/g368_d7epjsd.jpg", "URL": "http://i.imgur.com/rIO87NM.jpg", "fileid": "g368_d7epjsd.jpg"}, {"id": "g368_d7en0f0", "comment": "http://i.imgur.com/j3pcgD0.png", "date": "2016-09-08 15:47:55", "seriesname": "g368_d7en0f0", "file": "/media/jbrogan4/scratch2/Reddit_Prov_Dataset_v5/_Foggy_day/g368_d7en0f0.png", "URL": "http://i.imgur.com/j3pcgD0.png", "fileid": "g368_d7en0f0.png"}, {"id": "g368_d7etzzd", "comment": "[None shall pass.](http://i.imgur.com/b0n7jLs.jpg)", "date": "2016-09-08 18:18:39", "seriesname": "g368_d7etzzd", "file": "/media/jbrogan4/scratch2/Reddit_Prov_Dataset_v5/_Foggy_day/g368_d7etzzd.jpg", "URL": "http://i.imgur.com/b0n7jLs.jpg", "fileid": "g368_d7etzzd.jpg"}, {"id": "g368_d7ew3lk", "comment": "[Mist walker](http://i.imgur.com/e6j2sIm.png)", "date": "2016-09-08 19:09:35", "seriesname": "g368_d7ew3lk", "file": "/media/jbrogan4/scratch2/Reddit_Prov_Dataset_v5/_Foggy_day/g368_d7ew3lk.png", "URL": "http://i.imgur.com/e6j2sIm.png", "fileid": "g368_d7ew3lk.png"}, {"id": "g368_d7f733c", "comment": "[Still better than real life](http://imgur.com/vXDaeHw)", "date": "2016-09-08 23:32:38", "seriesname": "g368_d7f733c", "file": "/media/jbrogan4/scratch2/Reddit_Prov_Dataset_v5/_Foggy_day/g368_d7f733c.png", "URL": "http://i.imgur.com/vXDaeHw.png", "fileid": "g368_d7f733c.png"}, {"id": "g368_d7ell93", "comment": "Road To Nowhere\n\nhttp://imgur.com/yJt3EH5", "date": "2016-09-08 15:18:46", "seriesname": "g368_d7ell93", "file": "/media/jbrogan4/scratch2/Reddit_Prov_Dataset_v5/_Foggy_day/g368_d7ell93.png", "URL": "http://i.imgur.com/yJt3EH5.png", "fileid": "g368_d7ell93.png"}, {"id": "g368_d7elv9p", "comment": "[11:55pm - Late night beer run](http://i.imgur.com/29nbMB7.png)", "date": "2016-09-08 15:24:28", "seriesname": "g368_d7elv9p", "file": "/media/jbrogan4/scratch2/Reddit_Prov_Dataset_v5/_Foggy_day/g368_d7elv9p.png", "URL": "http://i.imgur.com/29nbMB7.png", "fileid": "g368_d7elv9p.png"}, {"id": "g368_d7eon5n", "comment": "[Robin Hood: Men In Tights](http://i.imgur.com/lvQd3Yl.jpg)", "date": "2016-09-08 16:21:16", "seriesname": "g368_d7eon5n", "file": "/media/jbrogan4/scratch2/Reddit_Prov_Dataset_v5/_Foggy_day/g368_d7eon5n.jpg", "URL": "http://i.imgur.com/lvQd3Yl.jpg", "fileid": "g368_d7eon5n.jpg"}, {"id": "g368_d7f1k2h", "comment": "[Chopsticks](http://i.imgur.com/Qddffrz.jpg)", "date": "2016-09-08 21:20:03", "seriesname": "g368_d7f1k2h", "file": "/media/jbrogan4/scratch2/Reddit_Prov_Dataset_v5/_Foggy_day/g368_d7f1k2h.jpg", "URL": "http://i.imgur.com/Qddffrz.jpg", "fileid": "g368_d7f1k2h.jpg"}, {"id": "g368_d7f46yx", "comment": "http://i.imgur.com/1uGvj8T.jpg It's just a scratch", "date": "2016-09-08 22:21:36", "seriesname": "g368_d7f46yx", "file": "/media/jbrogan4/scratch2/Reddit_Prov_Dataset_v5/_Foggy_day/g368_d7f46yx.jpg", "URL": "http://i.imgur.com/1uGvj8T.jpg", "fileid": "g368_d7f46yx.jpg"}, {"id": "g368_d7em9je", "comment": "[Look Ma, I found him!](http://i.imgur.com/2qWOWBI.png) (look carefully, there are two things there)", "date": "2016-09-08 15:32:35", "seriesname": "g368_d7em9je", "file": "/media/jbrogan4/scratch2/Reddit_Prov_Dataset_v5/_Foggy_day/g368_d7em9je.png", "URL": "http://i.imgur.com/2qWOWBI.png", "fileid": "g368_d7em9je.png"}, {"id": "g368_d7fjp78", "comment": "You made me realize there is [album cover](http://i.imgur.com/A5llKB1.jpg) possibility here for wistful black metal. [Version](http://imgur.com/mncHxfJ) with your fret board ", "date": "2016-09-09 08:40:01", "seriesname": "g368_d7fjp78", "file": "/media/jbrogan4/scratch2/Reddit_Prov_Dataset_v5/_Foggy_day/g368_d7fjp78.png", "URL": "http://i.imgur.com/mncHxfJ.png", "fileid": "g368_d7fjp78.png"}, {"id": "g368_d7fnjdx", "comment": "[Dr. Jones](http://i.imgur.com/2S7Enq6.png)", "date": "2016-09-09 10:25:12", "seriesname": "g368_d7fnjdx", "file": "/media/jbrogan4/scratch2/Reddit_Prov_Dataset_v5/_Foggy_day/g368_d7fnjdx.png", "URL": "http://i.imgur.com/2S7Enq6.png", "fileid": "g368_d7fnjdx.png"}, {"id": "g368_d7emfaf", "comment": "I had an idea and [here is my attempt.](http://i.imgur.com/p6xJkuW.png)", "date": "2016-09-08 15:35:57", "seriesname": "g368_d7emfaf", "file": "/media/jbrogan4/scratch2/Reddit_Prov_Dataset_v5/_Foggy_day/g368_d7emfaf.png", "URL": "http://i.imgur.com/p6xJkuW.png", "fileid": "g368_d7emfaf.png"}, {"id": "g368_d7f5sgd", "comment": "Bit late to the party, but here's my take\n\n[C&amp;H Foggy Day](http://imgur.com/1GQtwoQ)", "date": "2016-09-08 23:00:15", "seriesname": "g368_d7f5sgd", "file": "/media/jbrogan4/scratch2/Reddit_Prov_Dataset_v5/_Foggy_day/g368_d7f5sgd.png", "URL": "http://i.imgur.com/1GQtwoQ.png", "fileid": "g368_d7f5sgd.png"}, {"id": "g368_d7el19c", "comment": "[The Upside Down](http://i.imgur.com/rZpqqZO.gif)", "date": "2016-09-08 15:07:11", "seriesname": "g368_d7el19c", "file": "/media/jbrogan4/scratch2/Reddit_Prov_Dataset_v5/_Foggy_day/g368_d7el19c.jpg", "URL": "http://i.imgur.com/rZpqqZO.gif", "fileid": "g368_d7el19c.gif"}, {"id": "g368_d7emprl", "comment": "[With Stormtroopers](http://i.imgur.com/uWpYgDi.png)", "date": "2016-09-08 15:41:51", "seriesname": "g368_d7emprl", "file": "/media/jbrogan4/scratch2/Reddit_Prov_Dataset_v5/_Foggy_day/g368_d7emprl.png", "URL": "http://i.imgur.com/uWpYgDi.png", "fileid": "g368_d7emprl.png"}, {"id": "g368_d7efz53", "comment": "[You all knew this was coming](http://i.imgur.com/ROt6AQx.jpg)", "date": "2016-09-08 13:24:09", "seriesname": "g368_d7efz53", "file": "/media/jbrogan4/scratch2/Reddit_Prov_Dataset_v5/_Foggy_day/g368_d7efz53.jpg", "URL": "http://i.imgur.com/ROt6AQx.jpg", "fileid": "g368_d7efz53.jpg"}, {"id": "g368_d7ezebz", "comment": "[Real life Skyrim!](http://i.imgur.com/lWv83G3.jpg)", "date": "2016-09-08 20:30:40", "seriesname": "g368_d7ezebz", "file": "/media/jbrogan4/scratch2/Reddit_Prov_Dataset_v5/_Foggy_day/g368_d7ezebz.jpg", "URL": "http://i.imgur.com/lWv83G3.jpg", "fileid": "g368_d7ezebz.jpg"}, {"id": "g368_d7eoc8p", "comment": "[Octopus](http://i.imgur.com/E2vzGoE.jpg)", "date": "2016-09-08 16:15:01", "seriesname": "g368_d7eoc8p", "file": "/media/jbrogan4/scratch2/Reddit_Prov_Dataset_v5/_Foggy_day/g368_d7eoc8p.jpg", "URL": "http://i.imgur.com/E2vzGoE.jpg", "fileid": "g368_d7eoc8p.jpg"}, {"id": "g368_d7emy6i", "comment": "[Resident Evil](http://i.imgur.com/yMEdoyD.png)", "date": "2016-09-08 15:46:38", "seriesname": "g368_d7emy6i", "file": "/media/jbrogan4/scratch2/Reddit_Prov_Dataset_v5/_Foggy_day/g368_d7emy6i.png", "URL": "http://i.imgur.com/yMEdoyD.png", "fileid": "g368_d7emy6i.png"}, {"id": "g368_d7eoodl", "comment": "[It's Moving!](http://imgur.com/uVc8dsj)", "date": "2016-09-08 16:21:56", "seriesname": "g368_d7eoodl", "file": "/media/jbrogan4/scratch2/Reddit_Prov_Dataset_v5/_Foggy_day/g368_d7eoodl.png", "URL": "http://i.imgur.com/uVc8dsj.png", "fileid": "g368_d7eoodl.png"}, {"id": "g368_d7eozq5", "comment": "[Traitor!](http://i.imgur.com/yw81AYy.jpg)", "date": "2016-09-08 16:28:21", "seriesname": "g368_d7eozq5", "file": "/media/jbrogan4/scratch2/Reddit_Prov_Dataset_v5/_Foggy_day/g368_d7eozq5.jpg", "URL": "http://i.imgur.com/yw81AYy.jpg", "fileid": "g368_d7eozq5.jpg"}, {"id": "g368_d7ena0g", "comment": "[Play that riff!](http://i.imgur.com/5nLt5IT.jpg)", "date": "2016-09-08 15:53:21", "seriesname": "g368_d7ena0g", "file": "/media/jbrogan4/scratch2/Reddit_Prov_Dataset_v5/_Foggy_day/g368_d7ena0g.jpg", "URL": "http://i.imgur.com/5nLt5IT.jpg", "fileid": "g368_d7ena0g.jpg"}, {"id": "g368_d7ew0lz", "comment": "[Vape naysh y'all](https://i.imgur.com/Ga6Z4SY.jpg)", "date": "2016-09-08 19:07:28", "seriesname": "g368_d7ew0lz", "file": "/media/jbrogan4/scratch2/Reddit_Prov_Dataset_v5/_Foggy_day/g368_d7ew0lz.jpg", "URL": "https://i.imgur.com/Ga6Z4SY.jpg", "fileid": "g368_d7ew0lz.jpg"}, {"id": "g368_d7elkqg", "comment": "[Thought I recognized the scene](http://i.imgur.com/yzFpIiP.jpg)", "date": "2016-09-08 15:18:29", "seriesname": "g368_d7elkqg", "file": "/media/jbrogan4/scratch2/Reddit_Prov_Dataset_v5/_Foggy_day/g368_d7elkqg.jpg", "URL": "http://i.imgur.com/yzFpIiP.jpg", "fileid": "g368_d7elkqg.jpg"}, {"id": "g368_d7fi2nm", "comment": "It's fully operational \nhttp://i.imgur.com/3zk3EhC.jpg", "date": "2016-09-09 07:38:36", "seriesname": "g368_d7fi2nm", "file": "/media/jbrogan4/scratch2/Reddit_Prov_Dataset_v5/_Foggy_day/g368_d7fi2nm.jpg", "URL": "http://i.imgur.com/3zk3EhC.jpg", "fileid": "g368_d7fi2nm.jpg"}, {"id": "g368_d7eun3f", "comment": "[you shall not pass!!](http://i.imgur.com/g86X6QN.jpg)\n", "date": "2016-09-08 18:34:05", "seriesname": "g368_d7eun3f", "file": "/media/jbrogan4/scratch2/Reddit_Prov_Dataset_v5/_Foggy_day/g368_d7eun3f.jpg", "URL": "http://i.imgur.com/g86X6QN.jpg", "fileid": "g368_d7eun3f.jpg"}, {"id": "g368_d7empfl", "comment": "[Like this?](http://i.imgur.com/uWpYgDi.png)", "date": "2016-09-08 15:41:39", "seriesname": "g368_d7empfl", "file": "/media/jbrogan4/scratch2/Reddit_Prov_Dataset_v5/_Foggy_day/g368_d7empfl.png", "URL": "http://i.imgur.com/uWpYgDi.png", "fileid": "g368_d7empfl.png"}, {"id": "g368_d7ebijy", "comment": "[Walking on sunshine  -  animated with music]( http://loopnroll.com/p/8KO7t)\n\n&amp;\n\n\n[PIC](http://i.imgur.com/PmU9sYX.jpg)\n\n", "date": "2016-09-08 11:53:30", "seriesname": "g368_d7ebijy", "file": "/media/jbrogan4/scratch2/Reddit_Prov_Dataset_v5/_Foggy_day/g368_d7ebijy.jpg", "URL": "http://i.imgur.com/PmU9sYX.jpg", "fileid": "g368_d7ebijy.jpg"}, {"id": "g368_d7epmos", "comment": "[What is your Quest?](http://i.imgur.com/cGf7XgW.jpg)", "date": "2016-09-08 16:41:31", "seriesname": "g368_d7epmos", "file": "/media/jbrogan4/scratch2/Reddit_Prov_Dataset_v5/_Foggy_day/g368_d7epmos.jpg", "URL": "http://i.imgur.com/cGf7XgW.jpg", "fileid": "g368_d7epmos.jpg"}, {"id": "g368_d7ev6cz", "comment": "Be easy on me I just got photoshop yesterday and mine isn't attempting to be clever at all I am just learning how to use it. \n\n[Out of Place; Out of Time](http://i.imgur.com/iyTKk1y.jpg) ", "date": "2016-09-08 18:46:52", "seriesname": "g368_d7ev6cz", "file": "/media/jbrogan4/scratch2/Reddit_Prov_Dataset_v5/_Foggy_day/g368_d7ev6cz.jpg", "URL": "http://i.imgur.com/iyTKk1y.jpg", "fileid": "g368_d7ev6cz.jpg"}, {"id": "g368_d7em9mt", "comment": "[These Skyrim mods are getting good](http://i.imgur.com/y3Uuzm5.jpg)", "date": "2016-09-08 15:32:39", "seriesname": "g368_d7em9mt", "file": "/media/jbrogan4/scratch2/Reddit_Prov_Dataset_v5/_Foggy_day/g368_d7em9mt.jpg", "URL": "http://i.imgur.com/y3Uuzm5.jpg", "fileid": "g368_d7em9mt.jpg"}, {"id": "g368_d7flxer", "comment": "[None Shall Pass](http://i.imgur.com/FZGuqB0.jpg)", "date": "2016-09-09 09:45:13", "seriesname": "g368_d7flxer", "file": "/media/jbrogan4/scratch2/Reddit_Prov_Dataset_v5/_Foggy_day/g368_d7flxer.jpg", "URL": "http://i.imgur.com/FZGuqB0.jpg", "fileid": "g368_d7flxer.jpg"}, {"id": "g368_d7etc33", "comment": "[Tis but a scratch!](http://imgur.com/Hk78gxV) ", "date": "2016-09-08 18:02:57", "seriesname": "g368_d7etc33", "file": "/media/jbrogan4/scratch2/Reddit_Prov_Dataset_v5/_Foggy_day/g368_d7etc33.png", "URL": "http://i.imgur.com/Hk78gxV.png", "fileid": "g368_d7etc33.png"}, {"id": "g368_d7eqksh", "comment": "http://i.imgur.com/dx4hZO6.jpg", "date": "2016-09-08 17:01:28", "seriesname": "g368_d7eqksh", "file": "/media/jbrogan4/scratch2/Reddit_Prov_Dataset_v5/_Foggy_day/g368_d7eqksh.jpg", "URL": "http://i.imgur.com/dx4hZO6.jpg", "fileid": "g368_d7eqksh.jpg"}, {"id": "g368_d7est3k", "comment": "[Flying back to Westeros](http://imgur.com/67OGQIb)", "date": "2016-09-08 17:50:56", "seriesname": "g368_d7est3k", "file": "/media/jbrogan4/scratch2/Reddit_Prov_Dataset_v5/_Foggy_day/g368_d7est3k.png", "URL": "http://i.imgur.com/67OGQIb.png", "fileid": "g368_d7est3k.png"}, {"id": "g368_d7ec52b", "comment": "[In my restless dreams, I see that town](http://i.imgur.com/1SyCIMr.png)", "date": "2016-09-08 12:06:21", "seriesname": "g368_d7ec52b", "file": "/media/jbrogan4/scratch2/Reddit_Prov_Dataset_v5/_Foggy_day/g368_d7ec52b.png", "URL": "http://i.imgur.com/1SyCIMr.png", "fileid": "g368_d7ec52b.png"}, {"id": "g368_d7g0u6e", "comment": "[Just visiting](http://i.imgur.com/lQxrqYV.jpg)", "date": "2016-09-09 15:11:10", "seriesname": "g368_d7g0u6e", "file": "/media/jbrogan4/scratch2/Reddit_Prov_Dataset_v5/_Foggy_day/g368_d7g0u6e.jpg", "URL": "http://i.imgur.com/lQxrqYV.jpg", "fileid": "g368_d7g0u6e.jpg"}, {"id": "g368_d7en4yz", "comment": "[Crappy quality but you get the idea](http://i.imgur.com/u1pfkGN.jpg)", "date": "2016-09-08 15:50:31", "seriesname": "g368_d7en4yz", "file": "/media/jbrogan4/scratch2/Reddit_Prov_Dataset_v5/_Foggy_day/g368_d7en4yz.jpg", "URL": "http://i.imgur.com/u1pfkGN.jpg", "fileid": "g368_d7en4yz.jpg"}, {"id": "g368_d7f5bpw", "comment": "[The Mist by Stephen King](http://i.imgur.com/Ws9QHfb.jpg)\n", "date": "2016-09-08 22:48:46", "seriesname": "g368_d7f5bpw", "file": "/media/jbrogan4/scratch2/Reddit_Prov_Dataset_v5/_Foggy_day/g368_d7f5bpw.jpg", "URL": "http://i.imgur.com/Ws9QHfb.jpg", "fileid": "g368_d7f5bpw.jpg"}, {"id": "g368_d7fcl38", "comment": "I guess we *could* walk to [Mordor!](http://i.imgur.com/eoRX1wJ.png)", "date": "2016-09-09 02:39:47", "seriesname": "g368_d7fcl38", "file": "/media/jbrogan4/scratch2/Reddit_Prov_Dataset_v5/_Foggy_day/g368_d7fcl38.png", "URL": "http://i.imgur.com/eoRX1wJ.png", "fileid": "g368_d7fcl38.png"}, {"id": "g368_d7f131u", "comment": "[Nope](http://imgur.com/yUEXXU8)", "date": "2016-09-08 21:09:35", "seriesname": "g368_d7f131u", "file": "/media/jbrogan4/scratch2/Reddit_Prov_Dataset_v5/_Foggy_day/g368_d7f131u.png", "URL": "http://i.imgur.com/yUEXXU8.png", "fileid": "g368_d7f131u.png"}, {"id": "g368_d7em2am", "comment": "[Roger that.](http://i.imgur.com/mFu2rb1.jpg)", "date": "2016-09-08 15:28:26", "seriesname": "g368_d7em2am", "file": "/media/jbrogan4/scratch2/Reddit_Prov_Dataset_v5/_Foggy_day/g368_d7em2am.jpg", "URL": "http://i.imgur.com/mFu2rb1.jpg", "fileid": "g368_d7em2am.jpg"}, {"id": "g368_d7epsfa", "comment": "[Xylophone](http://i.imgur.com/HpvkqML.jpg)", "date": "2016-09-08 16:44:50", "seriesname": "g368_d7epsfa", "file": "/media/jbrogan4/scratch2/Reddit_Prov_Dataset_v5/_Foggy_day/g368_d7epsfa.jpg", "URL": "http://i.imgur.com/HpvkqML.jpg", "fileid": "g368_d7epsfa.jpg"}, {"id": "g368_d7emc2x", "comment": "[You can't hide from the Empire](http://i.imgur.com/0vyTe34.png)", "date": "2016-09-08 15:34:04", "seriesname": "g368_d7emc2x", "file": "/media/jbrogan4/scratch2/Reddit_Prov_Dataset_v5/_Foggy_day/g368_d7emc2x.png", "URL": "http://i.imgur.com/0vyTe34.png", "fileid": "g368_d7emc2x.png"}, {"id": "g368_d7eihzn", "comment": "[Trapper Keeper](http://i.imgur.com/V7IJpLZ.jpg)", "date": "2016-09-08 14:15:12", "seriesname": "g368_d7eihzn", "file": "/media/jbrogan4/scratch2/Reddit_Prov_Dataset_v5/_Foggy_day/g368_d7eihzn.jpg", "URL": "http://i.imgur.com/V7IJpLZ.jpg", "fileid": "g368_d7eihzn.jpg"}, {"id": "g368_d7f6q58", "comment": "[Zfighting still in remaster...](http://imgur.com/45t7erI)", "date": "2016-09-08 23:23:21", "seriesname": "g368_d7f6q58", "file": "/media/jbrogan4/scratch2/Reddit_Prov_Dataset_v5/_Foggy_day/g368_d7f6q58.png", "URL": "http://i.imgur.com/45t7erI.png", "fileid": "g368_d7f6q58.png"}, {"id": "g368_root", "comment": "", "date": "2016-09-08 11:19:06", "seriesname": "g368_root", "file": "/media/jbrogan4/scratch2/Reddit_Prov_Dataset_v5/_Foggy_day/g368_root.jpg", "URL": "https://i.redd.it/farndpu9mbkx.jpg", "fileid": "g368_root.jpg"}, {"id": "g368_d7em62z", "comment": "http://i.imgur.com/yOwarhy.png", "date": "2016-09-08 15:30:36", "seriesname": "g368_d7em62z", "file": "/media/jbrogan4/scratch2/Reddit_Prov_Dataset_v5/_Foggy_day/g368_d7em62z.png", "URL": "http://i.imgur.com/yOwarhy.png", "fileid": "g368_d7em62z.png"}], "graph": {"name": "g368_root"}, "directed": true}