{"links": [{"op": "none", "target": 0, "source": 56}, {"op": "none", "target": 1, "source": 56}, {"op": "none", "target": 2, "source": 56}, {"op": "none", "target": 3, "source": 56}, {"op": "none", "target": 4, "source": 56}, {"op": "none", "target": 5, "source": 56}, {"op": "none", "target": 6, "source": 56}, {"op": "none", "target": 7, "source": 56}, {"op": "none", "target": 8, "source": 56}, {"op": "none", "target": 9, "source": 56}, {"op": "none", "target": 10, "source": 56}, {"op": "none", "target": 11, "source": 56}, {"op": "none", "target": 12, "source": 56}, {"op": "none", "target": 13, "source": 56}, {"op": "none", "target": 14, "source": 56}, {"op": "none", "target": 15, "source": 56}, {"op": "none", "target": 16, "source": 3}, {"op": "none", "target": 17, "source": 6}, {"op": "none", "target": 18, "source": 31}, {"op": "none", "target": 19, "source": 56}, {"op": "none", "target": 20, "source": 56}, {"op": "none", "target": 21, "source": 56}, {"op": "none", "target": 22, "source": 56}, {"op": "none", "target": 23, "source": 56}, {"op": "none", "target": 24, "source": 56}, {"op": "none", "target": 25, "source": 56}, {"op": "none", "target": 26, "source": 56}, {"op": "none", "target": 27, "source": 56}, {"op": "none", "target": 28, "source": 56}, {"op": "none", "target": 29, "source": 56}, {"op": "none", "target": 30, "source": 56}, {"op": "none", "target": 31, "source": 8}, {"op": "none", "target": 32, "source": 56}, {"op": "none", "target": 33, "source": 56}, {"op": "none", "target": 34, "source": 56}, {"op": "none", "target": 35, "source": 56}, {"op": "none", "target": 36, "source": 0}, {"op": "none", "target": 37, "source": 56}, {"op": "none", "target": 38, "source": 56}, {"op": "none", "target": 39, "source": 56}, {"op": "none", "target": 40, "source": 51}, {"op": "none", "target": 41, "source": 56}, {"op": "none", "target": 42, "source": 56}, {"op": "none", "target": 43, "source": 56}, {"op": "none", "target": 44, "source": 56}, {"op": "none", "target": 45, "source": 52}, {"op": "none", "target": 46, "source": 56}, {"op": "none", "target": 47, "source": 56}, {"op": "none", "target": 48, "source": 56}, {"op": "none", "target": 49, "source": 56}, {"op": "none", "target": 50, "source": 56}, {"op": "none", "target": 51, "source": 35}, {"op": "none", "target": 52, "source": 56}, {"op": "none", "target": 53, "source": 56}, {"op": "none", "target": 54, "source": 51}, {"op": "none", "target": 55, "source": 56}, {"op": "none", "target": 57, "source": 35}, {"op": "none", "target": 58, "source": 51}], "title": "_Daisy_Ridley_carrying_Mark_Hamill", "nodes": [{"id": "g370_d1xl8nx", "comment": "\n[Fixed:](http://i.imgur.com/BLuYxGC.jpg)\n\n\n", "date": "2016-04-10 15:38:54", "seriesname": "g370_d1xl8nx", "file": "/media/jbrogan4/scratch2/Reddit_Prov_Dataset_v5/_Daisy_Ridley_carrying_Mark_Hamill/g370_d1xl8nx.jpg", "URL": "http://i.imgur.com/BLuYxGC.jpg", "fileid": "g370_d1xl8nx.jpg"}, {"id": "g370_d1xt91y", "comment": "[Trick or Treat](http://imgur.com/9gccQ3j)", "date": "2016-04-10 19:09:11", "seriesname": "g370_d1xt91y", "file": "/media/jbrogan4/scratch2/Reddit_Prov_Dataset_v5/_Daisy_Ridley_carrying_Mark_Hamill/g370_d1xt91y.png", "URL": "http://i.imgur.com/9gccQ3j.png", "fileid": "g370_d1xt91y.png"}, {"id": "g370_d1xq9ws", "comment": "[Finished shopping. Time to meet Yennifer.](http://imgur.com/Wgk1cqk)", "date": "2016-04-10 17:49:02", "seriesname": "g370_d1xq9ws", "file": "/media/jbrogan4/scratch2/Reddit_Prov_Dataset_v5/_Daisy_Ridley_carrying_Mark_Hamill/g370_d1xq9ws.png", "URL": "http://i.imgur.com/Wgk1cqk.png", "fileid": "g370_d1xq9ws.png"}, {"id": "g370_d1xnhcb", "comment": "[Full circle](http://i.imgur.com/QyUt3MA.jpg)", "date": "2016-04-10 16:36:43", "seriesname": "g370_d1xnhcb", "file": "/media/jbrogan4/scratch2/Reddit_Prov_Dataset_v5/_Daisy_Ridley_carrying_Mark_Hamill/g370_d1xnhcb.jpg", "URL": "http://i.imgur.com/QyUt3MA.jpg", "fileid": "g370_d1xnhcb.jpg"}, {"id": "g370_d1xr166", "comment": "[\"You know, Mark, I could just press it for you.\"](http://i.imgur.com/P8TOIOO.jpg)", "date": "2016-04-10 18:09:54", "seriesname": "g370_d1xr166", "file": "/media/jbrogan4/scratch2/Reddit_Prov_Dataset_v5/_Daisy_Ridley_carrying_Mark_Hamill/g370_d1xr166.jpg", "URL": "http://i.imgur.com/P8TOIOO.jpg", "fileid": "g370_d1xr166.jpg"}, {"id": "g370_d1xxsfh", "comment": "[\"Show me the force, brother!](http://imgur.com/sH9OXk1)", "date": "2016-04-10 21:20:23", "seriesname": "g370_d1xxsfh", "file": "/media/jbrogan4/scratch2/Reddit_Prov_Dataset_v5/_Daisy_Ridley_carrying_Mark_Hamill/g370_d1xxsfh.png", "URL": "http://i.imgur.com/sH9OXk1.png", "fileid": "g370_d1xxsfh.png"}, {"id": "g370_d1xns8o", "comment": "[\"The circle is now complete. Now I am the master.\"](http://i.imgur.com/O8mewAJ.png)", "date": "2016-04-10 16:44:32", "seriesname": "g370_d1xns8o", "file": "/media/jbrogan4/scratch2/Reddit_Prov_Dataset_v5/_Daisy_Ridley_carrying_Mark_Hamill/g370_d1xns8o.png", "URL": "http://i.imgur.com/O8mewAJ.png", "fileid": "g370_d1xns8o.png"}, {"id": "g370_d1xqrwc", "comment": "[Dang it..](http://i.imgur.com/pAjsIeF.jpg)\n\nEdit: Green.", "date": "2016-04-10 18:02:50", "seriesname": "g370_d1xqrwc", "file": "/media/jbrogan4/scratch2/Reddit_Prov_Dataset_v5/_Daisy_Ridley_carrying_Mark_Hamill/g370_d1xqrwc.jpg", "URL": "http://i.imgur.com/pAjsIeF.jpg", "fileid": "g370_d1xqrwc.jpg"}, {"id": "g370_d1xom4w", "comment": "[The Spacedock Saints](http://i.imgur.com/S5MoiTD.jpg)", "date": "2016-04-10 17:06:31", "seriesname": "g370_d1xom4w", "file": "/media/jbrogan4/scratch2/Reddit_Prov_Dataset_v5/_Daisy_Ridley_carrying_Mark_Hamill/g370_d1xom4w.jpg", "URL": "http://i.imgur.com/S5MoiTD.jpg", "fileid": "g370_d1xom4w.jpg"}, {"id": "g370_d1xog4s", "comment": "[Training begins now, tauntaun!](http://i.imgur.com/CYWNIqq.jpg)", "date": "2016-04-10 17:02:03", "seriesname": "g370_d1xog4s", "file": "/media/jbrogan4/scratch2/Reddit_Prov_Dataset_v5/_Daisy_Ridley_carrying_Mark_Hamill/g370_d1xog4s.jpg", "URL": "http://i.imgur.com/CYWNIqq.jpg", "fileid": "g370_d1xog4s.jpg"}, {"id": "g370_d1xwbv2", "comment": "[Room for one more there is](http://i.imgur.com/GzAniTa.jpg)", "date": "2016-04-10 20:37:51", "seriesname": "g370_d1xwbv2", "file": "/media/jbrogan4/scratch2/Reddit_Prov_Dataset_v5/_Daisy_Ridley_carrying_Mark_Hamill/g370_d1xwbv2.jpg", "URL": "http://i.imgur.com/GzAniTa.jpg", "fileid": "g370_d1xwbv2.jpg"}, {"id": "g370_d1xwbhw", "comment": "[Time for your checkup Mr. Solo!](http://i.imgur.com/CjyXIMU.jpg) NSFW!\n\n", "date": "2016-04-10 20:37:32", "seriesname": "g370_d1xwbhw", "file": "/media/jbrogan4/scratch2/Reddit_Prov_Dataset_v5/_Daisy_Ridley_carrying_Mark_Hamill/g370_d1xwbhw.jpg", "URL": "http://i.imgur.com/CjyXIMU.jpg", "fileid": "g370_d1xwbhw.jpg"}, {"id": "g370_d1xns6z", "comment": "[Quality time with Uncle Luke](http://i.imgur.com/tpcTVRl.png)", "date": "2016-04-10 16:44:30", "seriesname": "g370_d1xns6z", "file": "/media/jbrogan4/scratch2/Reddit_Prov_Dataset_v5/_Daisy_Ridley_carrying_Mark_Hamill/g370_d1xns6z.png", "URL": "http://i.imgur.com/tpcTVRl.png", "fileid": "g370_d1xns6z.png"}, {"id": "g370_d1xotcn", "comment": "http://i.imgur.com/x4ximUN.jpg", "date": "2016-04-10 17:11:41", "seriesname": "g370_d1xotcn", "file": "/media/jbrogan4/scratch2/Reddit_Prov_Dataset_v5/_Daisy_Ridley_carrying_Mark_Hamill/g370_d1xotcn.jpg", "URL": "http://i.imgur.com/x4ximUN.jpg", "fileid": "g370_d1xotcn.jpg"}, {"id": "g370_d1xs07k", "comment": "[Like father, Luke son.](http://i.imgur.com/9aR5aUD.jpg)", "date": "2016-04-10 18:34:59", "seriesname": "g370_d1xs07k", "file": "/media/jbrogan4/scratch2/Reddit_Prov_Dataset_v5/_Daisy_Ridley_carrying_Mark_Hamill/g370_d1xs07k.jpg", "URL": "http://i.imgur.com/9aR5aUD.jpg", "fileid": "g370_d1xs07k.jpg"}, {"id": "g370_d1xsexr", "comment": "[The Force Awakens: Now on Blu-Rey] (http://i.imgur.com/iyOoIw9.jpg)", "date": "2016-04-10 18:46:01", "seriesname": "g370_d1xsexr", "file": "/media/jbrogan4/scratch2/Reddit_Prov_Dataset_v5/_Daisy_Ridley_carrying_Mark_Hamill/g370_d1xsexr.jpg", "URL": "http://i.imgur.com/iyOoIw9.jpg", "fileid": "g370_d1xsexr.jpg"}, {"id": "g370_d1xntmr", "comment": "[In spirit he is always there.](http://i.imgur.com/i3vYOnD.jpg)", "date": "2016-04-10 16:45:32", "seriesname": "g370_d1xntmr", "file": "/media/jbrogan4/scratch2/Reddit_Prov_Dataset_v5/_Daisy_Ridley_carrying_Mark_Hamill/g370_d1xntmr.jpg", "URL": "http://i.imgur.com/i3vYOnD.jpg", "fileid": "g370_d1xntmr.jpg"}, {"id": "g370_d1xx4az", "comment": "[Woah. The resemblance is striking.](http://i.imgur.com/fv4rym4.jpg)", "date": "2016-04-10 21:01:01", "seriesname": "g370_d1xx4az", "file": "/media/jbrogan4/scratch2/Reddit_Prov_Dataset_v5/_Daisy_Ridley_carrying_Mark_Hamill/g370_d1xx4az.jpg", "URL": "http://i.imgur.com/fv4rym4.jpg", "fileid": "g370_d1xx4az.jpg"}, {"id": "g370_d1xuwgw", "comment": "http://i.imgur.com/0I2oF.gif", "date": "2016-04-10 19:56:06", "seriesname": "g370_d1xuwgw", "file": "/media/jbrogan4/scratch2/Reddit_Prov_Dataset_v5/_Daisy_Ridley_carrying_Mark_Hamill/g370_d1xuwgw.jpg", "URL": "http://i.imgur.com/0I2oF.gif", "fileid": "g370_d1xuwgw.gif"}, {"id": "g370_d1xwbth", "comment": "[Am I the only one who noticed their legs?](http://imgur.com/E00dZbB)", "date": "2016-04-10 20:37:49", "seriesname": "g370_d1xwbth", "file": "/media/jbrogan4/scratch2/Reddit_Prov_Dataset_v5/_Daisy_Ridley_carrying_Mark_Hamill/g370_d1xwbth.png", "URL": "http://i.imgur.com/E00dZbB.png", "fileid": "g370_d1xwbth.png"}, {"id": "g370_d1xn7vd", "comment": "[The floor is lasers!](http://i.imgur.com/DkfqhRR.png)", "date": "2016-04-10 16:30:01", "seriesname": "g370_d1xn7vd", "file": "/media/jbrogan4/scratch2/Reddit_Prov_Dataset_v5/_Daisy_Ridley_carrying_Mark_Hamill/g370_d1xn7vd.png", "URL": "http://i.imgur.com/DkfqhRR.png", "fileid": "g370_d1xn7vd.png"}, {"id": "g370_d1xuxgh", "comment": "[Van Damme!  I'm talking to you!](http://i.imgur.com/dprgjO2.jpg)", "date": "2016-04-10 19:56:53", "seriesname": "g370_d1xuxgh", "file": "/media/jbrogan4/scratch2/Reddit_Prov_Dataset_v5/_Daisy_Ridley_carrying_Mark_Hamill/g370_d1xuxgh.jpg", "URL": "http://i.imgur.com/dprgjO2.jpg", "fileid": "g370_d1xuxgh.jpg"}, {"id": "g370_d1xv64c", "comment": "[This is how it should look](http://imgur.com/6yzKxdY)", "date": "2016-04-10 20:03:49", "seriesname": "g370_d1xv64c", "file": "/media/jbrogan4/scratch2/Reddit_Prov_Dataset_v5/_Daisy_Ridley_carrying_Mark_Hamill/g370_d1xv64c.png", "URL": "http://i.imgur.com/6yzKxdY.png", "fileid": "g370_d1xv64c.png"}, {"id": "g370_d1xtgzo", "comment": "[Luke riding his Reyrey](http://i.imgur.com/PKk8JXx.png)", "date": "2016-04-10 19:15:27", "seriesname": "g370_d1xtgzo", "file": "/media/jbrogan4/scratch2/Reddit_Prov_Dataset_v5/_Daisy_Ridley_carrying_Mark_Hamill/g370_d1xtgzo.png", "URL": "http://i.imgur.com/PKk8JXx.png", "fileid": "g370_d1xtgzo.png"}, {"id": "g370_d1xow27", "comment": "[Thumbs up!](http://i.imgur.com/0z8bzJW.jpg)", "date": "2016-04-10 17:13:32", "seriesname": "g370_d1xow27", "file": "/media/jbrogan4/scratch2/Reddit_Prov_Dataset_v5/_Daisy_Ridley_carrying_Mark_Hamill/g370_d1xow27.jpg", "URL": "http://i.imgur.com/0z8bzJW.jpg", "fileid": "g370_d1xow27.jpg"}, {"id": "g370_d1xtt3y", "comment": "[Look, Rey... It's the Ant-Man](http://i.imgur.com/tdVTVoh.jpg)", "date": "2016-04-10 19:25:06", "seriesname": "g370_d1xtt3y", "file": "/media/jbrogan4/scratch2/Reddit_Prov_Dataset_v5/_Daisy_Ridley_carrying_Mark_Hamill/g370_d1xtt3y.jpg", "URL": "http://i.imgur.com/tdVTVoh.jpg", "fileid": "g370_d1xtt3y.jpg"}, {"id": "g370_d1xp6ka", "comment": "[Another one] (http://i.imgur.com/oLL0Oek.jpg)\n", "date": "2016-04-10 17:20:36", "seriesname": "g370_d1xp6ka", "file": "/media/jbrogan4/scratch2/Reddit_Prov_Dataset_v5/_Daisy_Ridley_carrying_Mark_Hamill/g370_d1xp6ka.jpg", "URL": "http://i.imgur.com/oLL0Oek.jpg", "fileid": "g370_d1xp6ka.jpg"}, {"id": "g370_d1xvm84", "comment": "I've never thought I'm that great with Photoshop, so this is my first ever attempt at a PsBattle. [Hope it's alright](http://i.imgur.com/hqJbust.png).", "date": "2016-04-10 20:16:56", "seriesname": "g370_d1xvm84", "file": "/media/jbrogan4/scratch2/Reddit_Prov_Dataset_v5/_Daisy_Ridley_carrying_Mark_Hamill/g370_d1xvm84.jpg", "URL": "http://i.imgur.com/hqJbust.png).", "fileid": "g370_d1xvm84."}, {"id": "g370_d1xodjw", "comment": "[We were all thinking it](http://imgur.com/Erb7yOP)", "date": "2016-04-10 17:00:08", "seriesname": "g370_d1xodjw", "file": "/media/jbrogan4/scratch2/Reddit_Prov_Dataset_v5/_Daisy_Ridley_carrying_Mark_Hamill/g370_d1xodjw.png", "URL": "http://i.imgur.com/Erb7yOP.png", "fileid": "g370_d1xodjw.png"}, {"id": "g370_d1xsuwr", "comment": "[Added more!](https://i.imgur.com/R2kNbjK.png)\n\nOriginal: [Family picture, maybe?!?](https://i.imgur.com/4GNSops.png?1)\n\nEdit: Slowly adding more\n", "date": "2016-04-10 18:58:12", "seriesname": "g370_d1xsuwr", "file": "/media/jbrogan4/scratch2/Reddit_Prov_Dataset_v5/_Daisy_Ridley_carrying_Mark_Hamill/g370_d1xsuwr.png", "URL": "https://i.imgur.com/4GNSops.png?1", "fileid": "g370_d1xsuwr.png"}, {"id": "g370_d1xomxs", "comment": "[Yoda just posted this on Twitter!](https://i.imgur.com/MFSndGl.png?1)", "date": "2016-04-10 17:07:06", "seriesname": "g370_d1xomxs", "file": "/media/jbrogan4/scratch2/Reddit_Prov_Dataset_v5/_Daisy_Ridley_carrying_Mark_Hamill/g370_d1xomxs.png", "URL": "https://i.imgur.com/MFSndGl.png?1", "fileid": "g370_d1xomxs.png"}, {"id": "g370_d1xrznv", "comment": "But what if it was just [one guy](http://www.jeditemplearchives.com/galleries/2012/Review_GeneralGrievous4LightsaberROTS/Review_GeneralGrievous4LightsaberROTS_stillA.jpg) with 4 light sabers? ", "date": "2016-04-10 18:34:35", "seriesname": "g370_d1xrznv", "file": "/media/jbrogan4/scratch2/Reddit_Prov_Dataset_v5/_Daisy_Ridley_carrying_Mark_Hamill/g370_d1xrznv.jpg", "URL": "http://www.jeditemplearchives.com/galleries/2012/Review_GeneralGrievous4LightsaberROTS/Review_GeneralGrievous4LightsaberROTS_stillA.jpg", "fileid": "g370_d1xrznv.jpg"}, {"id": "g370_d1xsp9p", "comment": "[You may be amazed, I am invited into very few personal homes.](\nhttp://i.imgur.com/0ua39Dmh.jpg)", "date": "2016-04-10 18:53:55", "seriesname": "g370_d1xsp9p", "file": "/media/jbrogan4/scratch2/Reddit_Prov_Dataset_v5/_Daisy_Ridley_carrying_Mark_Hamill/g370_d1xsp9p.jpg", "URL": "http://i.imgur.com/0ua39Dmh.jpg", "fileid": "g370_d1xsp9p.jpg"}, {"id": "g370_d1xv9fv", "comment": "[Daisy Ridley is ripped.](http://imgur.com/obJ8tfi) Decided to go classic.", "date": "2016-04-10 20:06:33", "seriesname": "g370_d1xv9fv", "file": "/media/jbrogan4/scratch2/Reddit_Prov_Dataset_v5/_Daisy_Ridley_carrying_Mark_Hamill/g370_d1xv9fv.png", "URL": "http://i.imgur.com/obJ8tfi.png", "fileid": "g370_d1xv9fv.png"}, {"id": "g370_d1xrphn", "comment": "[Daisy, I think you know what to do...shoot, I forgot my lightsaber](http://i.imgur.com/QezaREi.jpg)", "date": "2016-04-10 18:27:17", "seriesname": "g370_d1xrphn", "file": "/media/jbrogan4/scratch2/Reddit_Prov_Dataset_v5/_Daisy_Ridley_carrying_Mark_Hamill/g370_d1xrphn.jpg", "URL": "http://i.imgur.com/QezaREi.jpg", "fileid": "g370_d1xrphn.jpg"}, {"id": "g370_d1xnuqn", "comment": "[Where we going guys?](http://i.imgur.com/oAJAQr2.jpg)", "date": "2016-04-10 16:46:21", "seriesname": "g370_d1xnuqn", "file": "/media/jbrogan4/scratch2/Reddit_Prov_Dataset_v5/_Daisy_Ridley_carrying_Mark_Hamill/g370_d1xnuqn.jpg", "URL": "http://i.imgur.com/oAJAQr2.jpg", "fileid": "g370_d1xnuqn.jpg"}, {"id": "g370_d1xn2rg", "comment": "Ever heard of a Phantom limb: http://i.imgur.com/qLKMH3V.jpg", "date": "2016-04-10 16:26:25", "seriesname": "g370_d1xn2rg", "file": "/media/jbrogan4/scratch2/Reddit_Prov_Dataset_v5/_Daisy_Ridley_carrying_Mark_Hamill/g370_d1xn2rg.jpg", "URL": "http://i.imgur.com/qLKMH3V.jpg", "fileid": "g370_d1xn2rg.jpg"}, {"id": "g370_d1xosls", "comment": "Deleted scene from Empire\n\nhttp://i.imgur.com/pm37Wwn.jpg", "date": "2016-04-10 17:11:10", "seriesname": "g370_d1xosls", "file": "/media/jbrogan4/scratch2/Reddit_Prov_Dataset_v5/_Daisy_Ridley_carrying_Mark_Hamill/g370_d1xosls.jpg", "URL": "http://i.imgur.com/pm37Wwn.jpg", "fileid": "g370_d1xosls.jpg"}, {"id": "g370_d1xt5yc", "comment": "[The poster you really want] (https://imgur.com/gallery/EjOyQ)", "date": "2016-04-10 19:06:48", "seriesname": "g370_d1xt5yc", "file": "/media/jbrogan4/scratch2/Reddit_Prov_Dataset_v5/_Daisy_Ridley_carrying_Mark_Hamill/g370_d1xt5yc.png", "URL": "http://i.imgur.com/EjOyQ.png", "fileid": "g370_d1xt5yc.png"}, {"id": "g370_d1y6wi7", "comment": "fixed http://imgur.com/XIpRLg2", "date": "2016-04-11 02:39:49", "seriesname": "g370_d1y6wi7", "file": "/media/jbrogan4/scratch2/Reddit_Prov_Dataset_v5/_Daisy_Ridley_carrying_Mark_Hamill/g370_d1y6wi7.png", "URL": "http://i.imgur.com/XIpRLg2.png", "fileid": "g370_d1y6wi7.png"}, {"id": "g370_d1xxf9b", "comment": "[*swagobah*](http://i.imgur.com/XguMq3r.jpg)", "date": "2016-04-10 21:09:54", "seriesname": "g370_d1xxf9b", "file": "/media/jbrogan4/scratch2/Reddit_Prov_Dataset_v5/_Daisy_Ridley_carrying_Mark_Hamill/g370_d1xxf9b.jpg", "URL": "http://i.imgur.com/XguMq3r.jpg", "fileid": "g370_d1xxf9b.jpg"}, {"id": "g370_d1xtuab", "comment": "*[Almost....there...](http://i.imgur.com/0j018M5.jpg)*\n\n(I wonder how many will scroll all the way to the bottom to see this...)", "date": "2016-04-10 19:26:02", "seriesname": "g370_d1xtuab", "file": "/media/jbrogan4/scratch2/Reddit_Prov_Dataset_v5/_Daisy_Ridley_carrying_Mark_Hamill/g370_d1xtuab.jpg", "URL": "http://i.imgur.com/0j018M5.jpg)*", "fileid": "g370_d1xtuab.jpg*"}, {"id": "g370_d1xo0eg", "comment": "[Back to Hoth](http://i.imgur.com/Rkasyn5.jpg)", "date": "2016-04-10 16:50:29", "seriesname": "g370_d1xo0eg", "file": "/media/jbrogan4/scratch2/Reddit_Prov_Dataset_v5/_Daisy_Ridley_carrying_Mark_Hamill/g370_d1xo0eg.jpg", "URL": "http://i.imgur.com/Rkasyn5.jpg", "fileid": "g370_d1xo0eg.jpg"}, {"id": "g370_d1xzdjb", "comment": "https://imgur.com/ukNVUB2.jpg\nSmell the Force Kylo Ren", "date": "2016-04-10 22:04:56", "seriesname": "g370_d1xzdjb", "file": "/media/jbrogan4/scratch2/Reddit_Prov_Dataset_v5/_Daisy_Ridley_carrying_Mark_Hamill/g370_d1xzdjb.jpg", "URL": "https://imgur.com/ukNVUB2.jpg", "fileid": "g370_d1xzdjb.jpg"}, {"id": "g370_d1xo7z8", "comment": "They have coconuts: http://imgur.com/PtiY0rM", "date": "2016-04-10 16:56:03", "seriesname": "g370_d1xo7z8", "file": "/media/jbrogan4/scratch2/Reddit_Prov_Dataset_v5/_Daisy_Ridley_carrying_Mark_Hamill/g370_d1xo7z8.png", "URL": "http://i.imgur.com/PtiY0rM.png", "fileid": "g370_d1xo7z8.png"}, {"id": "g370_d1y6l22", "comment": "[It could happen.](http://i.imgur.com/ceoxunu.jpg)", "date": "2016-04-11 02:23:27", "seriesname": "g370_d1y6l22", "file": "/media/jbrogan4/scratch2/Reddit_Prov_Dataset_v5/_Daisy_Ridley_carrying_Mark_Hamill/g370_d1y6l22.jpg", "URL": "http://i.imgur.com/ceoxunu.jpg", "fileid": "g370_d1y6l22.jpg"}, {"id": "g370_d1y7e82", "comment": "[full circle](http://i.imgur.com/8x0J3g3.jpg)", "date": "2016-04-11 03:06:32", "seriesname": "g370_d1y7e82", "file": "/media/jbrogan4/scratch2/Reddit_Prov_Dataset_v5/_Daisy_Ridley_carrying_Mark_Hamill/g370_d1y7e82.jpg", "URL": "http://i.imgur.com/8x0J3g3.jpg", "fileid": "g370_d1y7e82.jpg"}, {"id": "g370_d1xod43", "comment": "[Go forth, my trusty steed!](http://i.imgur.com/XFbnrLd.png)", "date": "2016-04-10 16:59:48", "seriesname": "g370_d1xod43", "file": "/media/jbrogan4/scratch2/Reddit_Prov_Dataset_v5/_Daisy_Ridley_carrying_Mark_Hamill/g370_d1xod43.png", "URL": "http://i.imgur.com/XFbnrLd.png", "fileid": "g370_d1xod43.png"}, {"id": "g370_d1xlm67", "comment": "[Onward!](http://i.imgur.com/iq2DJt7.jpg)", "date": "2016-04-10 15:48:48", "seriesname": "g370_d1xlm67", "file": "/media/jbrogan4/scratch2/Reddit_Prov_Dataset_v5/_Daisy_Ridley_carrying_Mark_Hamill/g370_d1xlm67.jpg", "URL": "http://i.imgur.com/iq2DJt7.jpg", "fileid": "g370_d1xlm67.jpg"}, {"id": "g370_d1y1sw3", "comment": "Quickly Artoo! To the X-Wing!\nhttp://imgur.com/gallery/6PKBkj4", "date": "2016-04-10 23:18:50", "seriesname": "g370_d1y1sw3", "file": "/media/jbrogan4/scratch2/Reddit_Prov_Dataset_v5/_Daisy_Ridley_carrying_Mark_Hamill/g370_d1y1sw3.png", "URL": "http://i.imgur.com/6PKBkj4.png", "fileid": "g370_d1y1sw3.png"}, {"id": "g370_d1xswgj", "comment": "[Damn Luke](http://i.imgur.com/JbXqHt7.jpg)", "date": "2016-04-10 18:59:25", "seriesname": "g370_d1xswgj", "file": "/media/jbrogan4/scratch2/Reddit_Prov_Dataset_v5/_Daisy_Ridley_carrying_Mark_Hamill/g370_d1xswgj.jpg", "URL": "http://i.imgur.com/JbXqHt7.jpg", "fileid": "g370_d1xswgj.jpg"}, {"id": "g370_d1xoik8", "comment": "https://i.imgur.com/MFSndGl.png\n\nWe even used the same yoda lol", "date": "2016-04-10 17:03:49", "seriesname": "g370_d1xoik8", "file": "/media/jbrogan4/scratch2/Reddit_Prov_Dataset_v5/_Daisy_Ridley_carrying_Mark_Hamill/g370_d1xoik8.png", "URL": "https://i.imgur.com/MFSndGl.png", "fileid": "g370_d1xoik8.png"}, {"id": "g370_d1xr3j6", "comment": "http://i.imgur.com/7cRQWOy.jpg", "date": "2016-04-10 18:11:46", "seriesname": "g370_d1xr3j6", "file": "/media/jbrogan4/scratch2/Reddit_Prov_Dataset_v5/_Daisy_Ridley_carrying_Mark_Hamill/g370_d1xr3j6.jpg", "URL": "http://i.imgur.com/7cRQWOy.jpg", "fileid": "g370_d1xr3j6.jpg"}, {"id": "g370_d1xtv5r", "comment": "[And that, Rey, is how I met your mother.](http://imgur.com/Yq3ZSkD)", "date": "2016-04-10 19:26:45", "seriesname": "g370_d1xtv5r", "file": "/media/jbrogan4/scratch2/Reddit_Prov_Dataset_v5/_Daisy_Ridley_carrying_Mark_Hamill/g370_d1xtv5r.png", "URL": "http://i.imgur.com/Yq3ZSkD.png", "fileid": "g370_d1xtv5r.png"}, {"id": "g370_d1xwguy", "comment": "Is there room for crumb?\n\nhttp://i.imgur.com/xLdKB8I.png", "date": "2016-04-10 20:42:01", "seriesname": "g370_d1xwguy", "file": "/media/jbrogan4/scratch2/Reddit_Prov_Dataset_v5/_Daisy_Ridley_carrying_Mark_Hamill/g370_d1xwguy.png", "URL": "http://i.imgur.com/xLdKB8I.png", "fileid": "g370_d1xwguy.png"}, {"id": "g370_d1xw08v", "comment": "[I want the Doritos](http://i.imgur.com/UfW6gcm.png)", "date": "2016-04-10 20:28:23", "seriesname": "g370_d1xw08v", "file": "/media/jbrogan4/scratch2/Reddit_Prov_Dataset_v5/_Daisy_Ridley_carrying_Mark_Hamill/g370_d1xw08v.png", "URL": "http://i.imgur.com/UfW6gcm.png", "fileid": "g370_d1xw08v.png"}, {"id": "g370_root", "comment": "", "date": "2016-04-10 15:20:18", "seriesname": "g370_root", "file": "/media/jbrogan4/scratch2/Reddit_Prov_Dataset_v5/_Daisy_Ridley_carrying_Mark_Hamill/g370_root.jpg", "URL": "http://i.imgur.com/zI5TR6v.jpg", "fileid": "g370_root.jpg"}, {"id": "g370_d1xtuqx", "comment": "[I think there's a stalker in the parking lot](http://i.imgur.com/2TjLdc1.jpg)", "date": "2016-04-10 19:26:25", "seriesname": "g370_d1xtuqx", "file": "/media/jbrogan4/scratch2/Reddit_Prov_Dataset_v5/_Daisy_Ridley_carrying_Mark_Hamill/g370_d1xtuqx.jpg", "URL": "http://i.imgur.com/2TjLdc1.jpg", "fileid": "g370_d1xtuqx.jpg"}, {"id": "g370_d1xtxy8", "comment": "We havin a party here guys?\n\nhttp://i.imgur.com/u7NfusA.jpg", "date": "2016-04-10 19:29:00", "seriesname": "g370_d1xtxy8", "file": "/media/jbrogan4/scratch2/Reddit_Prov_Dataset_v5/_Daisy_Ridley_carrying_Mark_Hamill/g370_d1xtxy8.jpg", "URL": "http://i.imgur.com/u7NfusA.jpg", "fileid": "g370_d1xtxy8.jpg"}], "graph": {"name": "g370_root"}, "directed": true}