{"links": [{"op": "none", "target": 0, "source": 53}, {"op": "none", "target": 1, "source": 53}, {"op": "none", "target": 2, "source": 53}, {"op": "none", "target": 3, "source": 53}, {"op": "none", "target": 4, "source": 44}, {"op": "none", "target": 5, "source": 53}, {"op": "none", "target": 6, "source": 53}, {"op": "none", "target": 7, "source": 53}, {"op": "none", "target": 8, "source": 53}, {"op": "none", "target": 9, "source": 48}, {"op": "none", "target": 10, "source": 53}, {"op": "none", "target": 11, "source": 53}, {"op": "none", "target": 12, "source": 53}, {"op": "none", "target": 13, "source": 53}, {"op": "none", "target": 14, "source": 47}, {"op": "none", "target": 15, "source": 53}, {"op": "none", "target": 16, "source": 8}, {"op": "none", "target": 17, "source": 53}, {"op": "none", "target": 18, "source": 53}, {"op": "none", "target": 19, "source": 53}, {"op": "none", "target": 20, "source": 53}, {"op": "none", "target": 21, "source": 53}, {"op": "none", "target": 22, "source": 53}, {"op": "none", "target": 23, "source": 53}, {"op": "none", "target": 24, "source": 53}, {"op": "none", "target": 25, "source": 29}, {"op": "none", "target": 26, "source": 53}, {"op": "none", "target": 27, "source": 53}, {"op": "none", "target": 28, "source": 53}, {"op": "none", "target": 29, "source": 53}, {"op": "none", "target": 30, "source": 53}, {"op": "none", "target": 31, "source": 53}, {"op": "none", "target": 32, "source": 36}, {"op": "none", "target": 33, "source": 53}, {"op": "none", "target": 34, "source": 53}, {"op": "none", "target": 35, "source": 53}, {"op": "none", "target": 36, "source": 53}, {"op": "none", "target": 37, "source": 53}, {"op": "none", "target": 38, "source": 53}, {"op": "none", "target": 39, "source": 53}, {"op": "none", "target": 40, "source": 53}, {"op": "none", "target": 41, "source": 53}, {"op": "none", "target": 42, "source": 53}, {"op": "none", "target": 43, "source": 4}, {"op": "none", "target": 44, "source": 53}, {"op": "none", "target": 45, "source": 53}, {"op": "none", "target": 46, "source": 4}, {"op": "none", "target": 47, "source": 25}, {"op": "none", "target": 48, "source": 53}, {"op": "none", "target": 49, "source": 53}, {"op": "none", "target": 50, "source": 53}, {"op": "none", "target": 51, "source": 53}, {"op": "none", "target": 52, "source": 53}, {"op": "none", "target": 54, "source": 53}], "title": "_Posing_Monkey", "nodes": [{"id": "g371_d79f6z9", "comment": "Lost in Translation http://i.imgur.com/IyGIk3T.jpg ", "date": "2016-09-04 15:36:05", "seriesname": "g371_d79f6z9", "file": "/media/jbrogan4/scratch2/Reddit_Prov_Dataset_v5/_Posing_Monkey/g371_d79f6z9.jpg", "URL": "http://i.imgur.com/IyGIk3T.jpg", "fileid": "g371_d79f6z9.jpg"}, {"id": "g371_d79bre2", "comment": "[Alla prima...](http://i.imgur.com/dipvmfl.jpg)", "date": "2016-09-04 14:03:07", "seriesname": "g371_d79bre2", "file": "/media/jbrogan4/scratch2/Reddit_Prov_Dataset_v5/_Posing_Monkey/g371_d79bre2.jpg", "URL": "http://i.imgur.com/dipvmfl.jpg", "fileid": "g371_d79bre2.jpg"}, {"id": "g371_d79bl66", "comment": "[Break the internet] (http://i.imgur.com/gBa9nH3.png)", "date": "2016-09-04 13:58:43", "seriesname": "g371_d79bl66", "file": "/media/jbrogan4/scratch2/Reddit_Prov_Dataset_v5/_Posing_Monkey/g371_d79bl66.png", "URL": "http://i.imgur.com/gBa9nH3.png", "fileid": "g371_d79bl66.png"}, {"id": "g371_d79abpn", "comment": "[Vote him](http://imgur.com/hd4KOlr)", "date": "2016-09-04 13:25:19", "seriesname": "g371_d79abpn", "file": "/media/jbrogan4/scratch2/Reddit_Prov_Dataset_v5/_Posing_Monkey/g371_d79abpn.png", "URL": "http://i.imgur.com/hd4KOlr.png", "fileid": "g371_d79abpn.png"}, {"id": "g371_d799to5", "comment": "Can't believe no-one has seen the [Marilyn Monroe](http://imgc.allpostersimages.com/images/P-473-488-90/65/6534/LHE4100Z/posters/marilyn-monroe-seven-year-itch-white-dress-color.jpg) resemblance. Lots of votes for anyone who does it. I'm but a humble advisor.", "date": "2016-09-04 13:11:41", "seriesname": "g371_d799to5", "file": "/media/jbrogan4/scratch2/Reddit_Prov_Dataset_v5/_Posing_Monkey/g371_d799to5.jpg", "URL": "http://imgc.allpostersimages.com/images/P-473-488-90/65/6534/LHE4100Z/posters/marilyn-monroe-seven-year-itch-white-dress-color.jpg", "fileid": "g371_d799to5.jpg"}, {"id": "g371_d79iv5c", "comment": "nobody's done [the most interesting monkey in the world](http://i.imgur.com/hQ8bHSn.png) yet?", "date": "2016-09-04 17:14:54", "seriesname": "g371_d79iv5c", "file": "/media/jbrogan4/scratch2/Reddit_Prov_Dataset_v5/_Posing_Monkey/g371_d79iv5c.png", "URL": "http://i.imgur.com/hQ8bHSn.png", "fileid": "g371_d79iv5c.png"}, {"id": "g371_d79snp9", "comment": "The Interview: https://i.imgur.com/wBOEU5ml.jpg", "date": "2016-09-04 22:06:50", "seriesname": "g371_d79snp9", "file": "/media/jbrogan4/scratch2/Reddit_Prov_Dataset_v5/_Posing_Monkey/g371_d79snp9.jpg", "URL": "https://i.imgur.com/wBOEU5ml.jpg", "fileid": "g371_d79snp9.jpg"}, {"id": "g371_d79h7wo", "comment": "[Consoling his Friend] (http://imgur.com/opAc5yF)", "date": "2016-09-04 16:30:37", "seriesname": "g371_d79h7wo", "file": "/media/jbrogan4/scratch2/Reddit_Prov_Dataset_v5/_Posing_Monkey/g371_d79h7wo.png", "URL": "http://i.imgur.com/opAc5yF.png", "fileid": "g371_d79h7wo.png"}, {"id": "g371_d79k4sm", "comment": "Looks exactly like the hunter from [Jumanji.](http://s3.vidimg.popscreen.com/original/22/NlROc2ZZbzRUQTQx_o_jumanji---hunter-screams-funny.jpg)", "date": "2016-09-04 17:49:37", "seriesname": "g371_d79k4sm", "file": "/media/jbrogan4/scratch2/Reddit_Prov_Dataset_v5/_Posing_Monkey/g371_d79k4sm.jpg", "URL": "http://s3.vidimg.popscreen.com/original/22/NlROc2ZZbzRUQTQx_o_jumanji---hunter-screams-funny.jpg", "fileid": "g371_d79k4sm.jpg"}, {"id": "g371_d7okidn", "comment": "[This one](http://i.imgur.com/Y1Vof2C.jpg), right? About eight years already IIRC.", "date": "2016-09-15 20:08:00", "seriesname": "g371_d7okidn", "file": "/media/jbrogan4/scratch2/Reddit_Prov_Dataset_v5/_Posing_Monkey/g371_d7okidn.jpg", "URL": "http://i.imgur.com/Y1Vof2C.jpg),", "fileid": "g371_d7okidn.jpg,"}, {"id": "g371_d79ghf4", "comment": "Speaking of posing [Can a monkey fight a man?](https://i.imgur.com/1A5IMPG.png) ^(poorly done)", "date": "2016-09-04 16:10:48", "seriesname": "g371_d79ghf4", "file": "/media/jbrogan4/scratch2/Reddit_Prov_Dataset_v5/_Posing_Monkey/g371_d79ghf4.png", "URL": "https://i.imgur.com/1A5IMPG.png", "fileid": "g371_d79ghf4.png"}, {"id": "g371_d7952ps", "comment": "[Obsession for Monkey](http://i.imgur.com/UOUOqdh.jpg)", "date": "2016-09-04 10:54:58", "seriesname": "g371_d7952ps", "file": "/media/jbrogan4/scratch2/Reddit_Prov_Dataset_v5/_Posing_Monkey/g371_d7952ps.jpg", "URL": "http://i.imgur.com/UOUOqdh.jpg", "fileid": "g371_d7952ps.jpg"}, {"id": "g371_d79xtz4", "comment": "http://i.imgur.com/rLHpjws.jpg", "date": "2016-09-05 00:49:13", "seriesname": "g371_d79xtz4", "file": "/media/jbrogan4/scratch2/Reddit_Prov_Dataset_v5/_Posing_Monkey/g371_d79xtz4.jpg", "URL": "http://i.imgur.com/rLHpjws.jpg", "fileid": "g371_d79xtz4.jpg"}, {"id": "g371_d79aldh", "comment": "[Work it](http://imgur.com/wFqn2Yl.jpg)", "date": "2016-09-04 13:32:36", "seriesname": "g371_d79aldh", "file": "/media/jbrogan4/scratch2/Reddit_Prov_Dataset_v5/_Posing_Monkey/g371_d79aldh.jpg", "URL": "http://imgur.com/wFqn2Yl.jpg", "fileid": "g371_d79aldh.jpg"}, {"id": "g371_d79g37n", "comment": "[Necklace ahoy!](http://i.imgur.com/1DhSRWO.jpg)", "date": "2016-09-04 16:00:07", "seriesname": "g371_d79g37n", "file": "/media/jbrogan4/scratch2/Reddit_Prov_Dataset_v5/_Posing_Monkey/g371_d79g37n.jpg", "URL": "http://i.imgur.com/1DhSRWO.jpg", "fileid": "g371_d79g37n.jpg"}, {"id": "g371_d799pmz", "comment": "[A man and a monkey](http://i.imgur.com/LrVnzcB.jpg)\n\n&amp;\n\n\n[Animated with sound ](http://loopnroll.com/p/61sCa)\n\n\n", "date": "2016-09-04 13:08:37", "seriesname": "g371_d799pmz", "file": "/media/jbrogan4/scratch2/Reddit_Prov_Dataset_v5/_Posing_Monkey/g371_d799pmz.jpg", "URL": "http://i.imgur.com/LrVnzcB.jpg", "fileid": "g371_d799pmz.jpg"}, {"id": "g371_d79v296", "comment": "You mean [this?](http://i.imgur.com/mwsKRCt.jpg)", "date": "2016-09-04 23:18:30", "seriesname": "g371_d79v296", "file": "/media/jbrogan4/scratch2/Reddit_Prov_Dataset_v5/_Posing_Monkey/g371_d79v296.jpg", "URL": "http://i.imgur.com/mwsKRCt.jpg", "fileid": "g371_d79v296.jpg"}, {"id": "g371_d79jgt1", "comment": "[Chiselled by the Gods themselves](http://imgur.com/EGoqByX)", "date": "2016-09-04 17:31:44", "seriesname": "g371_d79jgt1", "file": "/media/jbrogan4/scratch2/Reddit_Prov_Dataset_v5/_Posing_Monkey/g371_d79jgt1.png", "URL": "http://i.imgur.com/EGoqByX.png", "fileid": "g371_d79jgt1.png"}, {"id": "g371_d79epmi", "comment": "[From the pages of Pure Evolution](http://i.imgur.com/dedKma2.jpg)", "date": "2016-09-04 15:23:08", "seriesname": "g371_d79epmi", "file": "/media/jbrogan4/scratch2/Reddit_Prov_Dataset_v5/_Posing_Monkey/g371_d79epmi.jpg", "URL": "http://i.imgur.com/dedKma2.jpg", "fileid": "g371_d79epmi.jpg"}, {"id": "g371_d798z6h", "comment": "[Well, I am just a monkey man](http://i.imgur.com/M7mNv17.png)", "date": "2016-09-04 12:48:43", "seriesname": "g371_d798z6h", "file": "/media/jbrogan4/scratch2/Reddit_Prov_Dataset_v5/_Posing_Monkey/g371_d798z6h.png", "URL": "http://i.imgur.com/M7mNv17.png", "fileid": "g371_d798z6h.png"}, {"id": "g371_d799xqo", "comment": "http://i.imgur.com/bJ3vyVG.jpg", "date": "2016-09-04 13:14:46", "seriesname": "g371_d799xqo", "file": "/media/jbrogan4/scratch2/Reddit_Prov_Dataset_v5/_Posing_Monkey/g371_d799xqo.jpg", "URL": "http://i.imgur.com/bJ3vyVG.jpg", "fileid": "g371_d799xqo.jpg"}, {"id": "g371_d79ents", "comment": "[Beautiful creature spotted in Philadelphia]\n(http://i.imgur.com/oPBtmCQ.png)", "date": "2016-09-04 15:21:47", "seriesname": "g371_d79ents", "file": "/media/jbrogan4/scratch2/Reddit_Prov_Dataset_v5/_Posing_Monkey/g371_d79ents.png", "URL": "http://i.imgur.com/oPBtmCQ.png", "fileid": "g371_d79ents.png"}, {"id": "g371_d79h1e4", "comment": "A real sloppy\n\n[IT Guy](http://i.imgur.com/HjuimK4.png) ", "date": "2016-09-04 16:25:46", "seriesname": "g371_d79h1e4", "file": "/media/jbrogan4/scratch2/Reddit_Prov_Dataset_v5/_Posing_Monkey/g371_d79h1e4.png", "URL": "http://i.imgur.com/HjuimK4.png", "fileid": "g371_d79h1e4.png"}, {"id": "g371_d797190", "comment": "http://i.imgur.com/9ooD5c0.jpg", "date": "2016-09-04 11:54:50", "seriesname": "g371_d797190", "file": "/media/jbrogan4/scratch2/Reddit_Prov_Dataset_v5/_Posing_Monkey/g371_d797190.jpg", "URL": "http://i.imgur.com/9ooD5c0.jpg", "fileid": "g371_d797190.jpg"}, {"id": "g371_d79jysh", "comment": "[King](http://i.imgur.com/QqwBWrP.jpg)", "date": "2016-09-04 17:45:06", "seriesname": "g371_d79jysh", "file": "/media/jbrogan4/scratch2/Reddit_Prov_Dataset_v5/_Posing_Monkey/g371_d79jysh.jpg", "URL": "http://i.imgur.com/QqwBWrP.jpg", "fileid": "g371_d79jysh.jpg"}, {"id": "g371_d7978cl", "comment": "[nsfw-ish](http://i.imgur.com/Xa1T7lC.jpg)", "date": "2016-09-04 12:00:32", "seriesname": "g371_d7978cl", "file": "/media/jbrogan4/scratch2/Reddit_Prov_Dataset_v5/_Posing_Monkey/g371_d7978cl.jpg", "URL": "http://i.imgur.com/Xa1T7lC.jpg", "fileid": "g371_d7978cl.jpg"}, {"id": "g371_d796f2d", "comment": "[CUTOUT](http://i.imgur.com/Nvf4VNj.png)", "date": "2016-09-04 11:36:35", "seriesname": "g371_d796f2d", "file": "/media/jbrogan4/scratch2/Reddit_Prov_Dataset_v5/_Posing_Monkey/g371_d796f2d.png", "URL": "http://i.imgur.com/Nvf4VNj.png", "fileid": "g371_d796f2d.png"}, {"id": "g371_d798sxe", "comment": "[Monkey with a Pearl Earing](http://i.imgur.com/opq1bSG.jpg)", "date": "2016-09-04 12:44:00", "seriesname": "g371_d798sxe", "file": "/media/jbrogan4/scratch2/Reddit_Prov_Dataset_v5/_Posing_Monkey/g371_d798sxe.jpg", "URL": "http://i.imgur.com/opq1bSG.jpg", "fileid": "g371_d798sxe.jpg"}, {"id": "g371_d79dckn", "comment": "[You know nothing, Mon Snow](http://i.imgur.com/Kr0BRdz.jpg)", "date": "2016-09-04 14:46:09", "seriesname": "g371_d79dckn", "file": "/media/jbrogan4/scratch2/Reddit_Prov_Dataset_v5/_Posing_Monkey/g371_d79dckn.jpg", "URL": "http://i.imgur.com/Kr0BRdz.jpg", "fileid": "g371_d79dckn.jpg"}, {"id": "g371_d796wjw", "comment": "[Draw me...](http://i.imgur.com/31rtiBV.jpg)", "date": "2016-09-04 11:51:03", "seriesname": "g371_d796wjw", "file": "/media/jbrogan4/scratch2/Reddit_Prov_Dataset_v5/_Posing_Monkey/g371_d796wjw.jpg", "URL": "http://i.imgur.com/31rtiBV.jpg", "fileid": "g371_d796wjw.jpg"}, {"id": "g371_d79ex5g", "comment": "[Good old days](http://i.imgur.com/LtVJpAR.jpg)", "date": "2016-09-04 15:28:40", "seriesname": "g371_d79ex5g", "file": "/media/jbrogan4/scratch2/Reddit_Prov_Dataset_v5/_Posing_Monkey/g371_d79ex5g.jpg", "URL": "http://i.imgur.com/LtVJpAR.jpg", "fileid": "g371_d79ex5g.jpg"}, {"id": "g371_d7a8t14", "comment": "[The people like damn thats a cold ass honkey](http://m.imgur.com/BG0B32C)", "date": "2016-09-05 09:58:55", "seriesname": "g371_d7a8t14", "file": "/media/jbrogan4/scratch2/Reddit_Prov_Dataset_v5/_Posing_Monkey/g371_d7a8t14.png", "URL": "http://i.imgur.com/BG0B32C.png", "fileid": "g371_d7a8t14.png"}, {"id": "g371_d79979b", "comment": "[ Was so scared my mom would walk in during the making of this... ](http://m.imgur.com/LPfiysg)", "date": "2016-09-04 12:54:47", "seriesname": "g371_d79979b", "file": "/media/jbrogan4/scratch2/Reddit_Prov_Dataset_v5/_Posing_Monkey/g371_d79979b.png", "URL": "http://i.imgur.com/LPfiysg.png", "fileid": "g371_d79979b.png"}, {"id": "g371_d79zbrn", "comment": "[IT Monkey](http://imgur.com/mafBzWJ)", "date": "2016-09-05 01:48:00", "seriesname": "g371_d79zbrn", "file": "/media/jbrogan4/scratch2/Reddit_Prov_Dataset_v5/_Posing_Monkey/g371_d79zbrn.png", "URL": "http://i.imgur.com/mafBzWJ.png", "fileid": "g371_d79zbrn.png"}, {"id": "g371_d79ags6", "comment": "[Vintage Coppertone ad](http://imgur.com/AdRsbeT.jpg)", "date": "2016-09-04 13:29:09", "seriesname": "g371_d79ags6", "file": "/media/jbrogan4/scratch2/Reddit_Prov_Dataset_v5/_Posing_Monkey/g371_d79ags6.jpg", "URL": "http://imgur.com/AdRsbeT.jpg", "fileid": "g371_d79ags6.jpg"}, {"id": "g371_d79hgr7", "comment": "[was that sexual harassment?](http://imgur.com/lVY1rWR)", "date": "2016-09-04 16:37:08", "seriesname": "g371_d79hgr7", "file": "/media/jbrogan4/scratch2/Reddit_Prov_Dataset_v5/_Posing_Monkey/g371_d79hgr7.png", "URL": "http://i.imgur.com/lVY1rWR.png", "fileid": "g371_d79hgr7.png"}, {"id": "g371_d798ru8", "comment": "[ thicc ](http://m.imgur.com/GPFbGPE)", "date": "2016-09-04 12:43:09", "seriesname": "g371_d798ru8", "file": "/media/jbrogan4/scratch2/Reddit_Prov_Dataset_v5/_Posing_Monkey/g371_d798ru8.png", "URL": "http://i.imgur.com/GPFbGPE.png", "fileid": "g371_d798ru8.png"}, {"id": "g371_d79wmru", "comment": "http://i.imgur.com/dRl0a4R.gif", "date": "2016-09-05 00:06:57", "seriesname": "g371_d79wmru", "file": "/media/jbrogan4/scratch2/Reddit_Prov_Dataset_v5/_Posing_Monkey/g371_d79wmru.jpg", "URL": "http://i.imgur.com/dRl0a4R.gif", "fileid": "g371_d79wmru.gif"}, {"id": "g371_d79782z", "comment": "[King of the world](http://i.imgur.com/Jkjhprl.png)", "date": "2016-09-04 12:00:20", "seriesname": "g371_d79782z", "file": "/media/jbrogan4/scratch2/Reddit_Prov_Dataset_v5/_Posing_Monkey/g371_d79782z.png", "URL": "http://i.imgur.com/Jkjhprl.png", "fileid": "g371_d79782z.png"}, {"id": "g371_d7a12nn", "comment": "[Buscemonkeyes](http://i.imgur.com/wHIlC4r.jpg)\n\n\"My eyes are up here\"", "date": "2016-09-05 03:08:42", "seriesname": "g371_d7a12nn", "file": "/media/jbrogan4/scratch2/Reddit_Prov_Dataset_v5/_Posing_Monkey/g371_d7a12nn.jpg", "URL": "http://i.imgur.com/wHIlC4r.jpg", "fileid": "g371_d7a12nn.jpg"}, {"id": "g371_d799r0z", "comment": "[Art Class.](http://i.imgur.com/6umiuRV.png)", "date": "2016-09-04 13:09:40", "seriesname": "g371_d799r0z", "file": "/media/jbrogan4/scratch2/Reddit_Prov_Dataset_v5/_Posing_Monkey/g371_d799r0z.png", "URL": "http://i.imgur.com/6umiuRV.png", "fileid": "g371_d799r0z.png"}, {"id": "g371_d79kp81", "comment": "[Time for a Revolution !](http://i.imgur.com/9o2DHsH.jpg)", "date": "2016-09-04 18:05:37", "seriesname": "g371_d79kp81", "file": "/media/jbrogan4/scratch2/Reddit_Prov_Dataset_v5/_Posing_Monkey/g371_d79kp81.jpg", "URL": "http://i.imgur.com/9o2DHsH.jpg", "fileid": "g371_d79kp81.jpg"}, {"id": "g371_d79ffwu", "comment": "http://imgur.com/xDVg59f ", "date": "2016-09-04 15:42:43", "seriesname": "g371_d79ffwu", "file": "/media/jbrogan4/scratch2/Reddit_Prov_Dataset_v5/_Posing_Monkey/g371_d79ffwu.png", "URL": "http://i.imgur.com/xDVg59f.png", "fileid": "g371_d79ffwu.png"}, {"id": "g371_d79afvx", "comment": "[Glory years](http://i.imgur.com/wghcA7b.jpg)", "date": "2016-09-04 13:28:30", "seriesname": "g371_d79afvx", "file": "/media/jbrogan4/scratch2/Reddit_Prov_Dataset_v5/_Posing_Monkey/g371_d79afvx.jpg", "URL": "http://i.imgur.com/wghcA7b.jpg", "fileid": "g371_d79afvx.jpg"}, {"id": "g371_d797bg4", "comment": "Class of '84 http://i.imgur.com/uFYnD9V.jpg ", "date": "2016-09-04 12:02:57", "seriesname": "g371_d797bg4", "file": "/media/jbrogan4/scratch2/Reddit_Prov_Dataset_v5/_Posing_Monkey/g371_d797bg4.jpg", "URL": "http://i.imgur.com/uFYnD9V.jpg", "fileid": "g371_d797bg4.jpg"}, {"id": "g371_d7a1767", "comment": "[Model monkey](http://i.imgur.com/Edenq3N.png)", "date": "2016-09-05 03:15:12", "seriesname": "g371_d7a1767", "file": "/media/jbrogan4/scratch2/Reddit_Prov_Dataset_v5/_Posing_Monkey/g371_d7a1767.png", "URL": "http://i.imgur.com/Edenq3N.png", "fileid": "g371_d7a1767.png"}, {"id": "g371_d79dk8y", "comment": "[That dress was not made for a Monkey's measurements.](http://i.imgur.com/OxAp8bb.png)", "date": "2016-09-04 14:51:56", "seriesname": "g371_d79dk8y", "file": "/media/jbrogan4/scratch2/Reddit_Prov_Dataset_v5/_Posing_Monkey/g371_d79dk8y.png", "URL": "http://i.imgur.com/OxAp8bb.png", "fileid": "g371_d79dk8y.png"}, {"id": "g371_d799hm0", "comment": "[Oh shit you're right!](http://i.imgur.com/60mtCE9.jpg)", "date": "2016-09-04 13:02:33", "seriesname": "g371_d799hm0", "file": "/media/jbrogan4/scratch2/Reddit_Prov_Dataset_v5/_Posing_Monkey/g371_d799hm0.jpg", "URL": "http://i.imgur.com/60mtCE9.jpg", "fileid": "g371_d799hm0.jpg"}, {"id": "g371_d79btl4", "comment": "[Still no joy](http://i.imgur.com/jusm0fb.png)", "date": "2016-09-04 14:04:42", "seriesname": "g371_d79btl4", "file": "/media/jbrogan4/scratch2/Reddit_Prov_Dataset_v5/_Posing_Monkey/g371_d79btl4.png", "URL": "http://i.imgur.com/jusm0fb.png", "fileid": "g371_d79btl4.png"}, {"id": "g371_d79b40t", "comment": "[butt stuff](http://i.imgur.com/ftArNRb.jpg)", "date": "2016-09-04 13:46:29", "seriesname": "g371_d79b40t", "file": "/media/jbrogan4/scratch2/Reddit_Prov_Dataset_v5/_Posing_Monkey/g371_d79b40t.jpg", "URL": "http://i.imgur.com/ftArNRb.jpg", "fileid": "g371_d79b40t.jpg"}, {"id": "g371_d79cqid", "comment": "[\\(F\\)irst time in a firgure drawing class. Be gentle](http://i.imgur.com/Z1A7UTU.png)", "date": "2016-09-04 14:29:25", "seriesname": "g371_d79cqid", "file": "/media/jbrogan4/scratch2/Reddit_Prov_Dataset_v5/_Posing_Monkey/g371_d79cqid.png", "URL": "http://i.imgur.com/Z1A7UTU.png", "fileid": "g371_d79cqid.png"}, {"id": "g371_d79avrq", "comment": "http://i.imgur.com/2YlzjxX.png\nSomething went wrong with the restoration..", "date": "2016-09-04 13:40:15", "seriesname": "g371_d79avrq", "file": "/media/jbrogan4/scratch2/Reddit_Prov_Dataset_v5/_Posing_Monkey/g371_d79avrq.png", "URL": "http://i.imgur.com/2YlzjxX.png", "fileid": "g371_d79avrq.png"}, {"id": "g371_d795t3b", "comment": "[The Monkey Of Liberty.](http://i.imgur.com/UND9zaW.png)", "date": "2016-09-04 11:18:04", "seriesname": "g371_d795t3b", "file": "/media/jbrogan4/scratch2/Reddit_Prov_Dataset_v5/_Posing_Monkey/g371_d795t3b.png", "URL": "http://i.imgur.com/UND9zaW.png", "fileid": "g371_d795t3b.png"}, {"id": "g371_root", "comment": "", "date": "2016-09-04 10:02:23", "seriesname": "g371_root", "file": "/media/jbrogan4/scratch2/Reddit_Prov_Dataset_v5/_Posing_Monkey/g371_root.jpg", "URL": "http://i.imgur.com/UxTmJlQ.jpg", "fileid": "g371_root.jpg"}, {"id": "g371_d79hcmn", "comment": "http://i.imgur.com/0gWbIlk.jpg planet of the apes", "date": "2016-09-04 16:34:06", "seriesname": "g371_d79hcmn", "file": "/media/jbrogan4/scratch2/Reddit_Prov_Dataset_v5/_Posing_Monkey/g371_d79hcmn.jpg", "URL": "http://i.imgur.com/0gWbIlk.jpg", "fileid": "g371_d79hcmn.jpg"}], "graph": {"name": "g371_root"}, "directed": true}