{"links": [{"op": "none", "target": 0, "source": 57}, {"op": "none", "target": 1, "source": 13}, {"op": "none", "target": 2, "source": 57}, {"op": "none", "target": 3, "source": 57}, {"op": "none", "target": 4, "source": 25}, {"op": "none", "target": 5, "source": 57}, {"op": "none", "target": 6, "source": 35}, {"op": "none", "target": 7, "source": 35}, {"op": "none", "target": 8, "source": 57}, {"op": "none", "target": 9, "source": 57}, {"op": "none", "target": 10, "source": 57}, {"op": "none", "target": 11, "source": 57}, {"op": "none", "target": 12, "source": 58}, {"op": "none", "target": 13, "source": 57}, {"op": "none", "target": 14, "source": 57}, {"op": "none", "target": 15, "source": 57}, {"op": "none", "target": 16, "source": 57}, {"op": "none", "target": 17, "source": 57}, {"op": "none", "target": 18, "source": 57}, {"op": "none", "target": 19, "source": 11}, {"op": "none", "target": 20, "source": 57}, {"op": "none", "target": 21, "source": 57}, {"op": "none", "target": 22, "source": 57}, {"op": "none", "target": 23, "source": 57}, {"op": "none", "target": 24, "source": 57}, {"op": "none", "target": 25, "source": 57}, {"op": "none", "target": 26, "source": 25}, {"op": "none", "target": 27, "source": 57}, {"op": "none", "target": 28, "source": 57}, {"op": "none", "target": 29, "source": 57}, {"op": "none", "target": 30, "source": 57}, {"op": "none", "target": 31, "source": 25}, {"op": "none", "target": 32, "source": 57}, {"op": "none", "target": 33, "source": 57}, {"op": "none", "target": 34, "source": 57}, {"op": "none", "target": 35, "source": 57}, {"op": "none", "target": 36, "source": 57}, {"op": "none", "target": 37, "source": 58}, {"op": "none", "target": 38, "source": 57}, {"op": "none", "target": 39, "source": 57}, {"op": "none", "target": 40, "source": 57}, {"op": "none", "target": 41, "source": 57}, {"op": "none", "target": 42, "source": 57}, {"op": "none", "target": 43, "source": 57}, {"op": "none", "target": 44, "source": 57}, {"op": "none", "target": 45, "source": 57}, {"op": "none", "target": 46, "source": 35}, {"op": "none", "target": 47, "source": 35}, {"op": "none", "target": 48, "source": 57}, {"op": "none", "target": 49, "source": 57}, {"op": "none", "target": 50, "source": 57}, {"op": "none", "target": 51, "source": 58}, {"op": "none", "target": 52, "source": 57}, {"op": "none", "target": 53, "source": 11}, {"op": "none", "target": 54, "source": 57}, {"op": "none", "target": 55, "source": 57}, {"op": "none", "target": 56, "source": 7}, {"op": "none", "target": 58, "source": 57}], "title": "_a_frog_riding_a_beetle", "nodes": [{"id": "g382_d13gyt3", "comment": "[( \u0361\u00b0 \u035c\u0296 \u0361\u00b0)](http://i.imgur.com/chrZ0Ug.jpg)", "date": "2016-03-17 13:26:55", "seriesname": "g382_d13gyt3", "file": "/media/jbrogan4/scratch2/Reddit_Prov_Dataset_v5/_a_frog_riding_a_beetle/g382_d13gyt3.jpg", "URL": "http://i.imgur.com/chrZ0Ug.jpg", "fileid": "g382_d13gyt3.jpg"}, {"id": "g382_d13aswf", "comment": "Dammit beat me to it. Yours is better than [mine.](http://i.imgur.com/bTlMhvW.png)", "date": "2016-03-17 11:04:14", "seriesname": "g382_d13aswf", "file": "/media/jbrogan4/scratch2/Reddit_Prov_Dataset_v5/_a_frog_riding_a_beetle/g382_d13aswf.png", "URL": "http://i.imgur.com/bTlMhvW.png", "fileid": "g382_d13aswf.png"}, {"id": "g382_d136cff", "comment": "[Come on you apes, you wanna live forever?](http://i.imgur.com/CDuAEVi.jpg)", "date": "2016-03-17 08:53:39", "seriesname": "g382_d136cff", "file": "/media/jbrogan4/scratch2/Reddit_Prov_Dataset_v5/_a_frog_riding_a_beetle/g382_d136cff.jpg", "URL": "http://i.imgur.com/CDuAEVi.jpg", "fileid": "g382_d136cff.jpg"}, {"id": "g382_d13cz2a", "comment": "http://imgur.com/MRO4tvV", "date": "2016-03-17 11:56:10", "seriesname": "g382_d13cz2a", "file": "/media/jbrogan4/scratch2/Reddit_Prov_Dataset_v5/_a_frog_riding_a_beetle/g382_d13cz2a.png", "URL": "http://i.imgur.com/MRO4tvV.png", "fileid": "g382_d13cz2a.png"}, {"id": "g382_d13dv2k", "comment": "http://i.imgur.com/oEhVvjZ.gif", "date": "2016-03-17 12:16:41", "seriesname": "g382_d13dv2k", "file": "/media/jbrogan4/scratch2/Reddit_Prov_Dataset_v5/_a_frog_riding_a_beetle/g382_d13dv2k.jpg", "URL": "http://i.imgur.com/oEhVvjZ.gif", "fileid": "g382_d13dv2k.gif"}, {"id": "g382_d13e4nj", "comment": "[Boo! Boo!](http://i.imgur.com/sB8C38G.jpg)", "date": "2016-03-17 12:22:47", "seriesname": "g382_d13e4nj", "file": "/media/jbrogan4/scratch2/Reddit_Prov_Dataset_v5/_a_frog_riding_a_beetle/g382_d13e4nj.jpg", "URL": "http://i.imgur.com/sB8C38G.jpg", "fileid": "g382_d13e4nj.jpg"}, {"id": "g382_d13vtzq", "comment": "[cuz I'm famous](http://i.imgur.com/yfdhfvS.jpg)", "date": "2016-03-17 19:10:48", "seriesname": "g382_d13vtzq", "file": "/media/jbrogan4/scratch2/Reddit_Prov_Dataset_v5/_a_frog_riding_a_beetle/g382_d13vtzq.jpg", "URL": "http://i.imgur.com/yfdhfvS.jpg", "fileid": "g382_d13vtzq.jpg"}, {"id": "g382_d1429mt", "comment": "I drew this little guy a few weeks ago. Amazing the resemblance \n\nhttp://imgur.com/NIZIuLV", "date": "2016-03-17 22:11:13", "seriesname": "g382_d1429mt", "file": "/media/jbrogan4/scratch2/Reddit_Prov_Dataset_v5/_a_frog_riding_a_beetle/g382_d1429mt.png", "URL": "http://i.imgur.com/NIZIuLV.png", "fileid": "g382_d1429mt.png"}, {"id": "g382_d13a3wd", "comment": "http://imgur.com/Kff9LyN\n", "date": "2016-03-17 10:46:42", "seriesname": "g382_d13a3wd", "file": "/media/jbrogan4/scratch2/Reddit_Prov_Dataset_v5/_a_frog_riding_a_beetle/g382_d13a3wd.png", "URL": "http://i.imgur.com/Kff9LyN.png", "fileid": "g382_d13a3wd.png"}, {"id": "g382_d13amv1", "comment": "http://imgur.com/VKbxGGP Charge!", "date": "2016-03-17 10:59:59", "seriesname": "g382_d13amv1", "file": "/media/jbrogan4/scratch2/Reddit_Prov_Dataset_v5/_a_frog_riding_a_beetle/g382_d13amv1.png", "URL": "http://i.imgur.com/VKbxGGP.png", "fileid": "g382_d13amv1.png"}, {"id": "g382_d3h2hzr", "comment": "I'm a bit late but [Riding a bike](http://imgur.com/8DSLjAi)", "date": "2016-05-23 19:56:58", "seriesname": "g382_d3h2hzr", "file": "/media/jbrogan4/scratch2/Reddit_Prov_Dataset_v5/_a_frog_riding_a_beetle/g382_d3h2hzr.png", "URL": "http://i.imgur.com/8DSLjAi.png", "fileid": "g382_d3h2hzr.png"}, {"id": "g382_d135jqb", "comment": "[I have the power!](http://i.imgur.com/jw3laGP.jpg)\n\nEdit: fixed, some kind of weird formatting error", "date": "2016-03-17 08:21:47", "seriesname": "g382_d135jqb", "file": "/media/jbrogan4/scratch2/Reddit_Prov_Dataset_v5/_a_frog_riding_a_beetle/g382_d135jqb.jpg", "URL": "http://i.imgur.com/jw3laGP.jpg", "fileid": "g382_d135jqb.jpg"}, {"id": "g382_d13zqdd", "comment": "http://i.imgur.com/FfUCrZ2.jpg", "date": "2016-03-17 20:59:11", "seriesname": "g382_d13zqdd", "file": "/media/jbrogan4/scratch2/Reddit_Prov_Dataset_v5/_a_frog_riding_a_beetle/g382_d13zqdd.jpg", "URL": "http://i.imgur.com/FfUCrZ2.jpg", "fileid": "g382_d13zqdd.jpg"}, {"id": "g382_d139gj4", "comment": "http://i.imgur.com/cu6SDl9.jpg\n\nAnd as I am terrible with replicating that effect, in color: http://i.imgur.com/mt8ir6k.jpg", "date": "2016-03-17 10:29:42", "seriesname": "g382_d139gj4", "file": "/media/jbrogan4/scratch2/Reddit_Prov_Dataset_v5/_a_frog_riding_a_beetle/g382_d139gj4.jpg", "URL": "http://i.imgur.com/mt8ir6k.jpg", "fileid": "g382_d139gj4.jpg"}, {"id": "g382_d136108", "comment": "[A meeting..](http://i.imgur.com/2NC68iQ.jpg?1)", "date": "2016-03-17 08:41:39", "seriesname": "g382_d136108", "file": "/media/jbrogan4/scratch2/Reddit_Prov_Dataset_v5/_a_frog_riding_a_beetle/g382_d136108.jpg", "URL": "http://i.imgur.com/2NC68iQ.jpg?1", "fileid": "g382_d136108.jpg"}, {"id": "g382_d145ifm", "comment": "Can I get a six pack of crickets\nhttp://i.imgur.com/015uRiU.jpg\n\n", "date": "2016-03-17 23:53:51", "seriesname": "g382_d145ifm", "file": "/media/jbrogan4/scratch2/Reddit_Prov_Dataset_v5/_a_frog_riding_a_beetle/g382_d145ifm.jpg", "URL": "http://i.imgur.com/015uRiU.jpg", "fileid": "g382_d145ifm.jpg"}, {"id": "g382_d1446l6", "comment": "[TONIGHT WE CROAK IN HELL!](http://imgur.com/JypFd1q)\n\n", "date": "2016-03-17 23:09:57", "seriesname": "g382_d1446l6", "file": "/media/jbrogan4/scratch2/Reddit_Prov_Dataset_v5/_a_frog_riding_a_beetle/g382_d1446l6.png", "URL": "http://i.imgur.com/JypFd1q.png", "fileid": "g382_d1446l6.png"}, {"id": "g382_d13gosn", "comment": "[Say cheeseee](http://imgur.com/iDPbz1V)", "date": "2016-03-17 13:20:41", "seriesname": "g382_d13gosn", "file": "/media/jbrogan4/scratch2/Reddit_Prov_Dataset_v5/_a_frog_riding_a_beetle/g382_d13gosn.png", "URL": "http://i.imgur.com/iDPbz1V.png", "fileid": "g382_d13gosn.png"}, {"id": "g382_d137vhs", "comment": "[St. Patrick's Day PSA](http://i.imgur.com/BC3LIIX.jpg)", "date": "2016-03-17 09:44:19", "seriesname": "g382_d137vhs", "file": "/media/jbrogan4/scratch2/Reddit_Prov_Dataset_v5/_a_frog_riding_a_beetle/g382_d137vhs.jpg", "URL": "http://i.imgur.com/BC3LIIX.jpg", "fileid": "g382_d137vhs.jpg"}, {"id": "g382_d1382ih", "comment": "Haha, I assumed it was a reference He-Man 'shops getting 4000+ upvotes recently.\n\nInspired by the top result for \"lion-o and battle cat\": [I dunno, this feels weird, we could be related for all I know.](http://i.imgur.com/MC2W8Fk.jpg)", "date": "2016-03-17 09:50:10", "seriesname": "g382_d1382ih", "file": "/media/jbrogan4/scratch2/Reddit_Prov_Dataset_v5/_a_frog_riding_a_beetle/g382_d1382ih.jpg", "URL": "http://i.imgur.com/MC2W8Fk.jpg", "fileid": "g382_d1382ih.jpg"}, {"id": "g382_d13rryl", "comment": "[Napoleon that you?](https://i.gyazo.com/bc79c5028517e9602da3efaec42d1749.png)", "date": "2016-03-17 17:28:08", "seriesname": "g382_d13rryl", "file": "/media/jbrogan4/scratch2/Reddit_Prov_Dataset_v5/_a_frog_riding_a_beetle/g382_d13rryl.png", "URL": "https://i.gyazo.com/bc79c5028517e9602da3efaec42d1749.png", "fileid": "g382_d13rryl.png"}, {"id": "g382_d13854c", "comment": "[Genuine Frog Rodeo](http://i.imgur.com/rDIDxAh.jpg)", "date": "2016-03-17 09:52:15", "seriesname": "g382_d13854c", "file": "/media/jbrogan4/scratch2/Reddit_Prov_Dataset_v5/_a_frog_riding_a_beetle/g382_d13854c.jpg", "URL": "http://i.imgur.com/rDIDxAh.jpg", "fileid": "g382_d13854c.jpg"}, {"id": "g382_d13j2j2", "comment": "Ole' Ole' http://i.imgur.com/2AYv9AM.jpg", "date": "2016-03-17 14:13:49", "seriesname": "g382_d13j2j2", "file": "/media/jbrogan4/scratch2/Reddit_Prov_Dataset_v5/_a_frog_riding_a_beetle/g382_d13j2j2.jpg", "URL": "http://i.imgur.com/2AYv9AM.jpg", "fileid": "g382_d13j2j2.jpg"}, {"id": "g382_d13crsr", "comment": "[Ready to receive!] (http://i.imgur.com/94s2pn2.jpg)", "date": "2016-03-17 11:51:33", "seriesname": "g382_d13crsr", "file": "/media/jbrogan4/scratch2/Reddit_Prov_Dataset_v5/_a_frog_riding_a_beetle/g382_d13crsr.jpg", "URL": "http://i.imgur.com/94s2pn2.jpg", "fileid": "g382_d13crsr.jpg"}, {"id": "g382_d138geu", "comment": "[Ride the crock](http://i.imgur.com/DJc0LB7.jpg)", "date": "2016-03-17 10:01:30", "seriesname": "g382_d138geu", "file": "/media/jbrogan4/scratch2/Reddit_Prov_Dataset_v5/_a_frog_riding_a_beetle/g382_d138geu.jpg", "URL": "http://i.imgur.com/DJc0LB7.jpg", "fileid": "g382_d138geu.jpg"}, {"id": "g382_d136grm", "comment": "[A Beatle riding a frog, riding a beetle](http://imgur.com/Otb8ncR)", "date": "2016-03-17 08:58:00", "seriesname": "g382_d136grm", "file": "/media/jbrogan4/scratch2/Reddit_Prov_Dataset_v5/_a_frog_riding_a_beetle/g382_d136grm.png", "URL": "http://i.imgur.com/Otb8ncR.png", "fileid": "g382_d136grm.png"}, {"id": "g382_d138i5m", "comment": "This reminds me of the old joke: [what's yellow and lives off a dead beetle?](http://i.imgur.com/hvi9UWB.jpg)", "date": "2016-03-17 10:02:56", "seriesname": "g382_d138i5m", "file": "/media/jbrogan4/scratch2/Reddit_Prov_Dataset_v5/_a_frog_riding_a_beetle/g382_d138i5m.jpg", "URL": "http://i.imgur.com/hvi9UWB.jpg", "fileid": "g382_d138i5m.jpg"}, {"id": "g382_d135a6h", "comment": "[Yeehaw!](http://i.imgur.com/PRTv7wG.jpg)", "date": "2016-03-17 08:09:56", "seriesname": "g382_d135a6h", "file": "/media/jbrogan4/scratch2/Reddit_Prov_Dataset_v5/_a_frog_riding_a_beetle/g382_d135a6h.jpg", "URL": "http://i.imgur.com/PRTv7wG.jpg", "fileid": "g382_d135a6h.jpg"}, {"id": "g382_d13cxxj", "comment": "[what's so funny?](https://imgur.com/BId8BuE)", "date": "2016-03-17 11:55:28", "seriesname": "g382_d13cxxj", "file": "/media/jbrogan4/scratch2/Reddit_Prov_Dataset_v5/_a_frog_riding_a_beetle/g382_d13cxxj.png", "URL": "http://i.imgur.com/BId8BuE.png", "fileid": "g382_d13cxxj.png"}, {"id": "g382_d137nj6", "comment": "[Beetle-Hop always loved parades](http://i.imgur.com/hjGNaOD.jpg)", "date": "2016-03-17 09:37:30", "seriesname": "g382_d137nj6", "file": "/media/jbrogan4/scratch2/Reddit_Prov_Dataset_v5/_a_frog_riding_a_beetle/g382_d137nj6.jpg", "URL": "http://i.imgur.com/hjGNaOD.jpg", "fileid": "g382_d137nj6.jpg"}, {"id": "g382_d13hacx", "comment": "I hope you guys like it, It's my first attempt at this... ah, shucks. [Epic](http://i.imgur.com/xIQOn48.jpg)", "date": "2016-03-17 13:33:59", "seriesname": "g382_d13hacx", "file": "/media/jbrogan4/scratch2/Reddit_Prov_Dataset_v5/_a_frog_riding_a_beetle/g382_d13hacx.jpg", "URL": "http://i.imgur.com/xIQOn48.jpg", "fileid": "g382_d13hacx.jpg"}, {"id": "g382_d13bct5", "comment": "http://i.imgur.com/Ub0n5b4.gif", "date": "2016-03-17 11:17:54", "seriesname": "g382_d13bct5", "file": "/media/jbrogan4/scratch2/Reddit_Prov_Dataset_v5/_a_frog_riding_a_beetle/g382_d13bct5.jpg", "URL": "http://i.imgur.com/Ub0n5b4.gif", "fileid": "g382_d13bct5.gif"}, {"id": "g382_d13curi", "comment": "[Now THIS is bugracing!](http://i.imgur.com/p3lI24z.jpg)", "date": "2016-03-17 11:53:26", "seriesname": "g382_d13curi", "file": "/media/jbrogan4/scratch2/Reddit_Prov_Dataset_v5/_a_frog_riding_a_beetle/g382_d13curi.jpg", "URL": "http://i.imgur.com/p3lI24z.jpg", "fileid": "g382_d13curi.jpg"}, {"id": "g382_d136ofk", "comment": "http://imgur.com/8ZbMs23", "date": "2016-03-17 09:05:44", "seriesname": "g382_d136ofk", "file": "/media/jbrogan4/scratch2/Reddit_Prov_Dataset_v5/_a_frog_riding_a_beetle/g382_d136ofk.png", "URL": "http://i.imgur.com/8ZbMs23.png", "fileid": "g382_d136ofk.png"}, {"id": "g382_d139hx2", "comment": "[:)](http://imgur.com/qoskfUo.gif)", "date": "2016-03-17 10:30:43", "seriesname": "g382_d139hx2", "file": "/media/jbrogan4/scratch2/Reddit_Prov_Dataset_v5/_a_frog_riding_a_beetle/g382_d139hx2.jpg", "URL": "http://imgur.com/qoskfUo.gif", "fileid": "g382_d139hx2.gif"}, {"id": "g382_d136cn9", "comment": "[Honk honk! Beep beep!](http://i.imgur.com/h2FVrFo.jpg)", "date": "2016-03-17 08:53:52", "seriesname": "g382_d136cn9", "file": "/media/jbrogan4/scratch2/Reddit_Prov_Dataset_v5/_a_frog_riding_a_beetle/g382_d136cn9.jpg", "URL": "http://i.imgur.com/h2FVrFo.jpg", "fileid": "g382_d136cn9.jpg"}, {"id": "g382_d137zak", "comment": "[Lead the charge!](http://i.imgur.com/iL9eBwv.jpg)", "date": "2016-03-17 09:47:31", "seriesname": "g382_d137zak", "file": "/media/jbrogan4/scratch2/Reddit_Prov_Dataset_v5/_a_frog_riding_a_beetle/g382_d137zak.jpg", "URL": "http://i.imgur.com/iL9eBwv.jpg", "fileid": "g382_d137zak.jpg"}, {"id": "g382_d142lc0", "comment": "[#2dimensionallifesucks](http://i.imgur.com/O851Kzl.jpg)", "date": "2016-03-17 22:20:39", "seriesname": "g382_d142lc0", "file": "/media/jbrogan4/scratch2/Reddit_Prov_Dataset_v5/_a_frog_riding_a_beetle/g382_d142lc0.jpg", "URL": "http://i.imgur.com/O851Kzl.jpg", "fileid": "g382_d142lc0.jpg"}, {"id": "g382_d1378x2", "comment": "[We're putin' this beetle under control](http://i.imgur.com/uLqAX0D.jpg)", "date": "2016-03-17 09:24:47", "seriesname": "g382_d1378x2", "file": "/media/jbrogan4/scratch2/Reddit_Prov_Dataset_v5/_a_frog_riding_a_beetle/g382_d1378x2.jpg", "URL": "http://i.imgur.com/uLqAX0D.jpg", "fileid": "g382_d1378x2.jpg"}, {"id": "g382_d13pigx", "comment": "[war](http://i.imgur.com/i5j6nYm.jpg)", "date": "2016-03-17 16:37:25", "seriesname": "g382_d13pigx", "file": "/media/jbrogan4/scratch2/Reddit_Prov_Dataset_v5/_a_frog_riding_a_beetle/g382_d13pigx.jpg", "URL": "http://i.imgur.com/i5j6nYm.jpg", "fileid": "g382_d13pigx.jpg"}, {"id": "g382_d13810a", "comment": "[Opposing forces](http://i.imgur.com/2Zinc99.png)", "date": "2016-03-17 09:48:55", "seriesname": "g382_d13810a", "file": "/media/jbrogan4/scratch2/Reddit_Prov_Dataset_v5/_a_frog_riding_a_beetle/g382_d13810a.png", "URL": "http://i.imgur.com/2Zinc99.png", "fileid": "g382_d13810a.png"}, {"id": "g382_d139eyv", "comment": "[Four riders](http://i.imgur.com/najBHKr.jpg)", "date": "2016-03-17 10:28:33", "seriesname": "g382_d139eyv", "file": "/media/jbrogan4/scratch2/Reddit_Prov_Dataset_v5/_a_frog_riding_a_beetle/g382_d139eyv.jpg", "URL": "http://i.imgur.com/najBHKr.jpg", "fileid": "g382_d139eyv.jpg"}, {"id": "g382_d14ocvg", "comment": "[Napoleon Frogaparte](http://i.imgur.com/FmQaTJj.png)", "date": "2016-03-18 12:40:15", "seriesname": "g382_d14ocvg", "file": "/media/jbrogan4/scratch2/Reddit_Prov_Dataset_v5/_a_frog_riding_a_beetle/g382_d14ocvg.png", "URL": "http://i.imgur.com/FmQaTJj.png", "fileid": "g382_d14ocvg.png"}, {"id": "g382_d13a9go", "comment": "[Hells Angel vs Night Wolves](http://i.imgur.com/r7IENt4.jpg?1)", "date": "2016-03-17 10:50:40", "seriesname": "g382_d13a9go", "file": "/media/jbrogan4/scratch2/Reddit_Prov_Dataset_v5/_a_frog_riding_a_beetle/g382_d13a9go.jpg", "URL": "http://i.imgur.com/r7IENt4.jpg?1", "fileid": "g382_d13a9go.jpg"}, {"id": "g382_d13hvr3", "comment": "[Wade Wilson has seen some shit](http://i.imgur.com/5EHejeL.jpg)", "date": "2016-03-17 13:47:10", "seriesname": "g382_d13hvr3", "file": "/media/jbrogan4/scratch2/Reddit_Prov_Dataset_v5/_a_frog_riding_a_beetle/g382_d13hvr3.jpg", "URL": "http://i.imgur.com/5EHejeL.jpg", "fileid": "g382_d13hvr3.jpg"}, {"id": "g382_d13gv40", "comment": "Friedland - 1807 \n\nhttp://i.imgur.com/su85UD7.jpg", "date": "2016-03-17 13:24:37", "seriesname": "g382_d13gv40", "file": "/media/jbrogan4/scratch2/Reddit_Prov_Dataset_v5/_a_frog_riding_a_beetle/g382_d13gv40.jpg", "URL": "http://i.imgur.com/su85UD7.jpg", "fileid": "g382_d13gv40.jpg"}, {"id": "g382_d13b5sk", "comment": "Oops, caught in the act! [Original edit here.](http://i.imgur.com/Jr1mKfn.jpg)\n\nI wasn't satisfied with how it looked so I added the [unnecessarily dramatic lighting adjustments.](http://i.imgur.com/s6zASvN.png)", "date": "2016-03-17 11:13:04", "seriesname": "g382_d13b5sk", "file": "/media/jbrogan4/scratch2/Reddit_Prov_Dataset_v5/_a_frog_riding_a_beetle/g382_d13b5sk.png", "URL": "http://i.imgur.com/s6zASvN.png", "fileid": "g382_d13b5sk.png"}, {"id": "g382_d138rkl", "comment": "[my turn...](http://i.imgur.com/blV9sfQ.jpg)", "date": "2016-03-17 10:10:34", "seriesname": "g382_d138rkl", "file": "/media/jbrogan4/scratch2/Reddit_Prov_Dataset_v5/_a_frog_riding_a_beetle/g382_d138rkl.jpg", "URL": "http://i.imgur.com/blV9sfQ.jpg", "fileid": "g382_d138rkl.jpg"}, {"id": "g382_d137hcc", "comment": "[my turn!](http://i.imgur.com/ZlxPzZ5.jpg)", "date": "2016-03-17 09:32:08", "seriesname": "g382_d137hcc", "file": "/media/jbrogan4/scratch2/Reddit_Prov_Dataset_v5/_a_frog_riding_a_beetle/g382_d137hcc.jpg", "URL": "http://i.imgur.com/ZlxPzZ5.jpg", "fileid": "g382_d137hcc.jpg"}, {"id": "g382_d1386pa", "comment": "[Lost World](http://i.imgur.com/IC5GTNu.jpg)\n\n[Lost World 2](http://i.imgur.com/uzo5rga.jpg)", "date": "2016-03-17 09:53:33", "seriesname": "g382_d1386pa", "file": "/media/jbrogan4/scratch2/Reddit_Prov_Dataset_v5/_a_frog_riding_a_beetle/g382_d1386pa.jpg", "URL": "http://i.imgur.com/uzo5rga.jpg", "fileid": "g382_d1386pa.jpg"}, {"id": "g382_d13g72x", "comment": "Not my finest moment, but... [Dr. Strangelove](http://i.imgur.com/gP02sHb.jpg)", "date": "2016-03-17 13:09:43", "seriesname": "g382_d13g72x", "file": "/media/jbrogan4/scratch2/Reddit_Prov_Dataset_v5/_a_frog_riding_a_beetle/g382_d13g72x.jpg", "URL": "http://i.imgur.com/gP02sHb.jpg", "fileid": "g382_d13g72x.jpg"}, {"id": "g382_d13c87l", "comment": "you inspired me, [Samurai Kaeru](http://i.imgur.com/lTlVnco.jpg)", "date": "2016-03-17 11:38:44", "seriesname": "g382_d13c87l", "file": "/media/jbrogan4/scratch2/Reddit_Prov_Dataset_v5/_a_frog_riding_a_beetle/g382_d13c87l.jpg", "URL": "http://i.imgur.com/lTlVnco.jpg", "fileid": "g382_d13c87l.jpg"}, {"id": "g382_d13fyc1", "comment": "[St. Patty's Day Themed!](http://i.imgur.com/ciwu0iW.jpg)", "date": "2016-03-17 13:04:12", "seriesname": "g382_d13fyc1", "file": "/media/jbrogan4/scratch2/Reddit_Prov_Dataset_v5/_a_frog_riding_a_beetle/g382_d13fyc1.jpg", "URL": "http://i.imgur.com/ciwu0iW.jpg", "fileid": "g382_d13fyc1.jpg"}, {"id": "g382_d143ldw", "comment": "For some reason on mobile, the cross out canceled the link.\n\nFor anybody who cant see it: http://i.imgur.com/jw3laGP.jpg", "date": "2016-03-17 22:51:21", "seriesname": "g382_d143ldw", "file": "/media/jbrogan4/scratch2/Reddit_Prov_Dataset_v5/_a_frog_riding_a_beetle/g382_d143ldw.jpg", "URL": "http://i.imgur.com/jw3laGP.jpg", "fileid": "g382_d143ldw.jpg"}, {"id": "g382_d13dzhy", "comment": "Ride now, Ride now, Ride for ruin and world's ending, [Death!!](http://i.imgur.com/KMk9Feh.jpg?1)\n\n", "date": "2016-03-17 12:19:31", "seriesname": "g382_d13dzhy", "file": "/media/jbrogan4/scratch2/Reddit_Prov_Dataset_v5/_a_frog_riding_a_beetle/g382_d13dzhy.jpg", "URL": "http://i.imgur.com/KMk9Feh.jpg?1", "fileid": "g382_d13dzhy.jpg"}, {"id": "g382_d134o2h", "comment": "[New from EA Games...](https://i.imgur.com/2Rsnxhv.jpg)", "date": "2016-03-17 07:39:36", "seriesname": "g382_d134o2h", "file": "/media/jbrogan4/scratch2/Reddit_Prov_Dataset_v5/_a_frog_riding_a_beetle/g382_d134o2h.jpg", "URL": "https://i.imgur.com/2Rsnxhv.jpg", "fileid": "g382_d134o2h.jpg"}, {"id": "g382_d14cpeq", "comment": "Clearly, there's only one logical explanation: [I've been stalking you and stealing your thoughts.](http://i.imgur.com/Zj8qLP7.jpg)", "date": "2016-03-18 06:16:07", "seriesname": "g382_d14cpeq", "file": "/media/jbrogan4/scratch2/Reddit_Prov_Dataset_v5/_a_frog_riding_a_beetle/g382_d14cpeq.jpg", "URL": "http://i.imgur.com/Zj8qLP7.jpg", "fileid": "g382_d14cpeq.jpg"}, {"id": "g382_root", "comment": "", "date": "2016-03-17 07:07:10", "seriesname": "g382_root", "file": "/media/jbrogan4/scratch2/Reddit_Prov_Dataset_v5/_a_frog_riding_a_beetle/g382_root.jpg", "URL": "http://i.imgur.com/CqMxuhP.jpg", "fileid": "g382_root.jpg"}, {"id": "g382_d136ctc", "comment": "[Battle of Hastings](http://i.imgur.com/HwXqXGR.jpg)\n\nEdit: [Shield included](http://i.imgur.com/iIQSK3o.jpg)", "date": "2016-03-17 08:54:03", "seriesname": "g382_d136ctc", "file": "/media/jbrogan4/scratch2/Reddit_Prov_Dataset_v5/_a_frog_riding_a_beetle/g382_d136ctc.jpg", "URL": "http://i.imgur.com/iIQSK3o.jpg", "fileid": "g382_d136ctc.jpg"}], "graph": {"name": "g382_root"}, "directed": true}