{"links": [{"op": "none", "target": 0, "source": 57}, {"op": "none", "target": 1, "source": 68}, {"op": "none", "target": 2, "source": 68}, {"op": "none", "target": 3, "source": 49}, {"op": "none", "target": 4, "source": 68}, {"op": "none", "target": 5, "source": 68}, {"op": "none", "target": 6, "source": 68}, {"op": "none", "target": 7, "source": 68}, {"op": "none", "target": 8, "source": 68}, {"op": "none", "target": 9, "source": 68}, {"op": "none", "target": 10, "source": 68}, {"op": "none", "target": 11, "source": 68}, {"op": "none", "target": 12, "source": 68}, {"op": "none", "target": 13, "source": 68}, {"op": "none", "target": 14, "source": 68}, {"op": "none", "target": 15, "source": 8}, {"op": "none", "target": 16, "source": 68}, {"op": "none", "target": 17, "source": 68}, {"op": "none", "target": 18, "source": 2}, {"op": "none", "target": 19, "source": 68}, {"op": "none", "target": 20, "source": 68}, {"op": "none", "target": 21, "source": 68}, {"op": "none", "target": 22, "source": 68}, {"op": "none", "target": 23, "source": 68}, {"op": "none", "target": 24, "source": 47}, {"op": "none", "target": 25, "source": 68}, {"op": "none", "target": 26, "source": 68}, {"op": "none", "target": 27, "source": 68}, {"op": "none", "target": 28, "source": 68}, {"op": "none", "target": 29, "source": 68}, {"op": "none", "target": 30, "source": 68}, {"op": "none", "target": 31, "source": 68}, {"op": "none", "target": 32, "source": 68}, {"op": "none", "target": 33, "source": 68}, {"op": "none", "target": 34, "source": 68}, {"op": "none", "target": 35, "source": 68}, {"op": "none", "target": 36, "source": 68}, {"op": "none", "target": 37, "source": 68}, {"op": "none", "target": 38, "source": 68}, {"op": "none", "target": 39, "source": 68}, {"op": "none", "target": 40, "source": 2}, {"op": "none", "target": 41, "source": 68}, {"op": "none", "target": 42, "source": 68}, {"op": "none", "target": 43, "source": 68}, {"op": "none", "target": 44, "source": 68}, {"op": "none", "target": 45, "source": 68}, {"op": "none", "target": 46, "source": 68}, {"op": "none", "target": 47, "source": 52}, {"op": "none", "target": 48, "source": 68}, {"op": "none", "target": 49, "source": 68}, {"op": "none", "target": 50, "source": 68}, {"op": "none", "target": 51, "source": 68}, {"op": "none", "target": 52, "source": 68}, {"op": "none", "target": 53, "source": 68}, {"op": "none", "target": 54, "source": 68}, {"op": "none", "target": 55, "source": 68}, {"op": "none", "target": 56, "source": 68}, {"op": "none", "target": 57, "source": 68}, {"op": "none", "target": 58, "source": 68}, {"op": "none", "target": 59, "source": 68}, {"op": "none", "target": 60, "source": 68}, {"op": "none", "target": 61, "source": 68}, {"op": "none", "target": 62, "source": 68}, {"op": "none", "target": 63, "source": 68}, {"op": "none", "target": 64, "source": 68}, {"op": "none", "target": 65, "source": 68}, {"op": "none", "target": 66, "source": 68}, {"op": "none", "target": 67, "source": 68}, {"op": "none", "target": 69, "source": 68}, {"op": "none", "target": 70, "source": 68}], "title": "_Penguin_posing_in_front_of_a_ship", "nodes": [{"id": "g383_d3tfspl", "comment": "[uncensored](http://imgur.com/0WS7UYa)", "date": "2016-06-02 14:47:46", "seriesname": "g383_d3tfspl", "file": "/media/jbrogan4/scratch2/Reddit_Prov_Dataset_v5/_Penguin_posing_in_front_of_a_ship/g383_d3tfspl.png", "URL": "http://i.imgur.com/0WS7UYa.png", "fileid": "g383_d3tfspl.png"}, {"id": "g383_d3t7apx", "comment": "[Who says the Oscar's aren't diverse?](http://i.imgur.com/LYJwkiY.jpg)", "date": "2016-06-02 11:43:31", "seriesname": "g383_d3t7apx", "file": "/media/jbrogan4/scratch2/Reddit_Prov_Dataset_v5/_Penguin_posing_in_front_of_a_ship/g383_d3t7apx.jpg", "URL": "http://i.imgur.com/LYJwkiY.jpg", "fileid": "g383_d3t7apx.jpg"}, {"id": "g383_d3t9kee", "comment": "[Well...crap](http://i.imgur.com/L4AHkv7.jpg)", "date": "2016-06-02 12:34:02", "seriesname": "g383_d3t9kee", "file": "/media/jbrogan4/scratch2/Reddit_Prov_Dataset_v5/_Penguin_posing_in_front_of_a_ship/g383_d3t9kee.jpg", "URL": "http://i.imgur.com/L4AHkv7.jpg", "fileid": "g383_d3t9kee.jpg"}, {"id": "g383_d3ta6ee", "comment": "[You beat me to it](http://i.imgur.com/zXbJL8Z.jpg)", "date": "2016-06-02 12:47:29", "seriesname": "g383_d3ta6ee", "file": "/media/jbrogan4/scratch2/Reddit_Prov_Dataset_v5/_Penguin_posing_in_front_of_a_ship/g383_d3ta6ee.jpg", "URL": "http://i.imgur.com/zXbJL8Z.jpg", "fileid": "g383_d3ta6ee.jpg"}, {"id": "g383_d3tnoqi", "comment": "[Opposite day](http://i.imgur.com/pmUzOXn.jpg)", "date": "2016-06-02 17:41:10", "seriesname": "g383_d3tnoqi", "file": "/media/jbrogan4/scratch2/Reddit_Prov_Dataset_v5/_Penguin_posing_in_front_of_a_ship/g383_d3tnoqi.jpg", "URL": "http://i.imgur.com/pmUzOXn.jpg", "fileid": "g383_d3tnoqi.jpg"}, {"id": "g383_d3thsc8", "comment": "[Witness!](http://i768.photobucket.com/albums/xx330/presidentjenkins/WITNESS2_zpslc9gjrgf.jpg)\n\nNote: I added onto another shop of mine.", "date": "2016-06-02 15:30:01", "seriesname": "g383_d3thsc8", "file": "/media/jbrogan4/scratch2/Reddit_Prov_Dataset_v5/_Penguin_posing_in_front_of_a_ship/g383_d3thsc8.jpg", "URL": "http://i768.photobucket.com/albums/xx330/presidentjenkins/WITNESS2_zpslc9gjrgf.jpg", "fileid": "g383_d3thsc8.jpg"}, {"id": "g383_d3tiprn", "comment": "[The Legend never dies.](http://i.imgur.com/a0wpAmC.jpg)", "date": "2016-06-02 15:49:31", "seriesname": "g383_d3tiprn", "file": "/media/jbrogan4/scratch2/Reddit_Prov_Dataset_v5/_Penguin_posing_in_front_of_a_ship/g383_d3tiprn.jpg", "URL": "http://i.imgur.com/a0wpAmC.jpg", "fileid": "g383_d3tiprn.jpg"}, {"id": "g383_d3te527", "comment": "[For todeys ekstra content... vi hav dis small penwin... he looks veri adorabel bot estill mey atack at eny time... so vi mast deel vit it](http://imgur.com/fwsIdO5)", "date": "2016-06-02 14:12:32", "seriesname": "g383_d3te527", "file": "/media/jbrogan4/scratch2/Reddit_Prov_Dataset_v5/_Penguin_posing_in_front_of_a_ship/g383_d3te527.png", "URL": "http://i.imgur.com/fwsIdO5.png", "fileid": "g383_d3te527.png"}, {"id": "g383_d3t52ap", "comment": "[Why have you forpenguin me?](http://i.imgur.com/RB2GYgx.jpg)", "date": "2016-06-02 10:52:51", "seriesname": "g383_d3t52ap", "file": "/media/jbrogan4/scratch2/Reddit_Prov_Dataset_v5/_Penguin_posing_in_front_of_a_ship/g383_d3t52ap.jpg", "URL": "http://i.imgur.com/RB2GYgx.jpg", "fileid": "g383_d3t52ap.jpg"}, {"id": "g383_d3t9qq6", "comment": "[Alter Ego](http://i.imgur.com/oFiP6tJ.jpg) ", "date": "2016-06-02 12:37:55", "seriesname": "g383_d3t9qq6", "file": "/media/jbrogan4/scratch2/Reddit_Prov_Dataset_v5/_Penguin_posing_in_front_of_a_ship/g383_d3t9qq6.jpg", "URL": "http://i.imgur.com/oFiP6tJ.jpg", "fileid": "g383_d3t9qq6.jpg"}, {"id": "g383_d3tcr7a", "comment": "[Ship posing in front of a penguin.](http://i.imgur.com/iFZDQFk.jpg)", "date": "2016-06-02 13:43:01", "seriesname": "g383_d3tcr7a", "file": "/media/jbrogan4/scratch2/Reddit_Prov_Dataset_v5/_Penguin_posing_in_front_of_a_ship/g383_d3tcr7a.jpg", "URL": "http://i.imgur.com/iFZDQFk.jpg", "fileid": "g383_d3tcr7a.jpg"}, {"id": "g383_d3tkqjo", "comment": "[Deal with it](http://i.imgur.com/vyCuYuL.jpg)", "date": "2016-06-02 16:33:32", "seriesname": "g383_d3tkqjo", "file": "/media/jbrogan4/scratch2/Reddit_Prov_Dataset_v5/_Penguin_posing_in_front_of_a_ship/g383_d3tkqjo.jpg", "URL": "http://i.imgur.com/vyCuYuL.jpg", "fileid": "g383_d3tkqjo.jpg"}, {"id": "g383_d3t9ouy", "comment": "[Boaty Mcboatface has arrived and I'm ready to do some science!](http://i.imgur.com/VSoXSkP.jpg)\n", "date": "2016-06-02 12:36:44", "seriesname": "g383_d3t9ouy", "file": "/media/jbrogan4/scratch2/Reddit_Prov_Dataset_v5/_Penguin_posing_in_front_of_a_ship/g383_d3t9ouy.jpg", "URL": "http://i.imgur.com/VSoXSkP.jpg", "fileid": "g383_d3t9ouy.jpg"}, {"id": "g383_d3t4idj", "comment": "[Pic with Boaty](http://i.imgur.com/4wGwRfz.jpg)", "date": "2016-06-02 10:40:09", "seriesname": "g383_d3t4idj", "file": "/media/jbrogan4/scratch2/Reddit_Prov_Dataset_v5/_Penguin_posing_in_front_of_a_ship/g383_d3t4idj.jpg", "URL": "http://i.imgur.com/4wGwRfz.jpg", "fileid": "g383_d3t4idj.jpg"}, {"id": "g383_d3tb9a5", "comment": "[I get goosebumps every time I watch this scene](http://i.imgur.com/7SECPrq.png)", "date": "2016-06-02 13:11:00", "seriesname": "g383_d3tb9a5", "file": "/media/jbrogan4/scratch2/Reddit_Prov_Dataset_v5/_Penguin_posing_in_front_of_a_ship/g383_d3tb9a5.png", "URL": "http://i.imgur.com/7SECPrq.png", "fileid": "g383_d3tb9a5.png"}, {"id": "g383_d3t7m2d", "comment": "http://i.imgur.com/3zTe22W.jpg", "date": "2016-06-02 11:50:28", "seriesname": "g383_d3t7m2d", "file": "/media/jbrogan4/scratch2/Reddit_Prov_Dataset_v5/_Penguin_posing_in_front_of_a_ship/g383_d3t7m2d.jpg", "URL": "http://i.imgur.com/3zTe22W.jpg", "fileid": "g383_d3t7m2d.jpg"}, {"id": "g383_d3ue4e3", "comment": "[oh shit waddup!](http://i.imgur.com/JmnR015.png)", "date": "2016-06-03 08:58:26", "seriesname": "g383_d3ue4e3", "file": "/media/jbrogan4/scratch2/Reddit_Prov_Dataset_v5/_Penguin_posing_in_front_of_a_ship/g383_d3ue4e3.png", "URL": "http://i.imgur.com/JmnR015.png", "fileid": "g383_d3ue4e3.png"}, {"id": "g383_d3tiuwf", "comment": "[Shiver me feathers](http://i.imgur.com/FcWL4ov.jpg)", "date": "2016-06-02 15:52:32", "seriesname": "g383_d3tiuwf", "file": "/media/jbrogan4/scratch2/Reddit_Prov_Dataset_v5/_Penguin_posing_in_front_of_a_ship/g383_d3tiuwf.jpg", "URL": "http://i.imgur.com/FcWL4ov.jpg", "fileid": "g383_d3tiuwf.jpg"}, {"id": "g383_d3tlbzv", "comment": "[Disaster Penguin](http://i.imgur.com/V97ma4Z.jpg)", "date": "2016-06-02 16:46:39", "seriesname": "g383_d3tlbzv", "file": "/media/jbrogan4/scratch2/Reddit_Prov_Dataset_v5/_Penguin_posing_in_front_of_a_ship/g383_d3tlbzv.jpg", "URL": "http://i.imgur.com/V97ma4Z.jpg", "fileid": "g383_d3tlbzv.jpg"}, {"id": "g383_d3tjusz", "comment": "[Should piss both cities off](http://imgur.com/9AHfSTM)", "date": "2016-06-02 16:14:13", "seriesname": "g383_d3tjusz", "file": "/media/jbrogan4/scratch2/Reddit_Prov_Dataset_v5/_Penguin_posing_in_front_of_a_ship/g383_d3tjusz.png", "URL": "http://i.imgur.com/9AHfSTM.png", "fileid": "g383_d3tjusz.png"}, {"id": "g383_d3trurj", "comment": "[Thanks for the lift, fellers!](http://i.imgur.com/jTbaAEh.jpg)", "date": "2016-06-02 19:28:03", "seriesname": "g383_d3trurj", "file": "/media/jbrogan4/scratch2/Reddit_Prov_Dataset_v5/_Penguin_posing_in_front_of_a_ship/g383_d3trurj.jpg", "URL": "http://i.imgur.com/jTbaAEh.jpg", "fileid": "g383_d3trurj.jpg"}, {"id": "g383_d3ta6b8", "comment": "[Instructions unclear...](http://i.imgur.com/3CeTHKG.jpg)", "date": "2016-06-02 12:47:25", "seriesname": "g383_d3ta6b8", "file": "/media/jbrogan4/scratch2/Reddit_Prov_Dataset_v5/_Penguin_posing_in_front_of_a_ship/g383_d3ta6b8.jpg", "URL": "http://i.imgur.com/3CeTHKG.jpg", "fileid": "g383_d3ta6b8.jpg"}, {"id": "g383_d3ta54j", "comment": "[my god captain, we're under attack](http://i.imgur.com/bFSA1FI.jpg)\n\n(guardian of the flat earth)", "date": "2016-06-02 12:46:40", "seriesname": "g383_d3ta54j", "file": "/media/jbrogan4/scratch2/Reddit_Prov_Dataset_v5/_Penguin_posing_in_front_of_a_ship/g383_d3ta54j.jpg", "URL": "http://i.imgur.com/bFSA1FI.jpg", "fileid": "g383_d3ta54j.jpg"}, {"id": "g383_d3t7m3y", "comment": "Wassup MTV, welcome to ma Crib http://imgur.com/kUJEhpU", "date": "2016-06-02 11:50:30", "seriesname": "g383_d3t7m3y", "file": "/media/jbrogan4/scratch2/Reddit_Prov_Dataset_v5/_Penguin_posing_in_front_of_a_ship/g383_d3t7m3y.png", "URL": "http://i.imgur.com/kUJEhpU.png", "fileid": "g383_d3t7m3y.png"}, {"id": "g383_d3u3ivk", "comment": "It needed some memes added\n\nhttp://imgur.com/NY9PO46", "date": "2016-06-03 00:44:08", "seriesname": "g383_d3u3ivk", "file": "/media/jbrogan4/scratch2/Reddit_Prov_Dataset_v5/_Penguin_posing_in_front_of_a_ship/g383_d3u3ivk.png", "URL": "http://i.imgur.com/NY9PO46.png", "fileid": "g383_d3u3ivk.png"}, {"id": "g383_d3ted5v", "comment": "[u wot m8!](http://i.imgur.com/eCnN9hl.png)", "date": "2016-06-02 14:17:16", "seriesname": "g383_d3ted5v", "file": "/media/jbrogan4/scratch2/Reddit_Prov_Dataset_v5/_Penguin_posing_in_front_of_a_ship/g383_d3ted5v.png", "URL": "http://i.imgur.com/eCnN9hl.png", "fileid": "g383_d3ted5v.png"}, {"id": "g383_d3tn147", "comment": "[That's one badass penguin](http://imgur.com/fVQYYEw)", "date": "2016-06-02 17:25:42", "seriesname": "g383_d3tn147", "file": "/media/jbrogan4/scratch2/Reddit_Prov_Dataset_v5/_Penguin_posing_in_front_of_a_ship/g383_d3tn147.png", "URL": "http://i.imgur.com/fVQYYEw.png", "fileid": "g383_d3tn147.png"}, {"id": "g383_d3toh8g", "comment": "[Obligatory swap](http://i.imgur.com/7Xedly5.jpg)", "date": "2016-06-02 18:00:32", "seriesname": "g383_d3toh8g", "file": "/media/jbrogan4/scratch2/Reddit_Prov_Dataset_v5/_Penguin_posing_in_front_of_a_ship/g383_d3toh8g.jpg", "URL": "http://i.imgur.com/7Xedly5.jpg", "fileid": "g383_d3toh8g.jpg"}, {"id": "g383_d3ttume", "comment": "[Disapproving penguin](http://i.imgur.com/nR4HPzP.jpg)", "date": "2016-06-02 20:22:39", "seriesname": "g383_d3ttume", "file": "/media/jbrogan4/scratch2/Reddit_Prov_Dataset_v5/_Penguin_posing_in_front_of_a_ship/g383_d3ttume.jpg", "URL": "http://i.imgur.com/nR4HPzP.jpg", "fileid": "g383_d3ttume.jpg"}, {"id": "g383_d3tcq4u", "comment": "[I RESPECT YOU BRO!](http://i.imgur.com/9vuhSxi.jpg)", "date": "2016-06-02 13:42:23", "seriesname": "g383_d3tcq4u", "file": "/media/jbrogan4/scratch2/Reddit_Prov_Dataset_v5/_Penguin_posing_in_front_of_a_ship/g383_d3tcq4u.jpg", "URL": "http://i.imgur.com/9vuhSxi.jpg", "fileid": "g383_d3tcq4u.jpg"}, {"id": "g383_d3tf59j", "comment": "[Shore leave](http://i.imgur.com/nT0HYpx.jpg)", "date": "2016-06-02 14:33:57", "seriesname": "g383_d3tf59j", "file": "/media/jbrogan4/scratch2/Reddit_Prov_Dataset_v5/_Penguin_posing_in_front_of_a_ship/g383_d3tf59j.jpg", "URL": "http://i.imgur.com/nT0HYpx.jpg", "fileid": "g383_d3tf59j.jpg"}, {"id": "g383_d3tdg1k", "comment": "[enough is enough](http://i.imgur.com/ivnehBD.jpg)", "date": "2016-06-02 13:57:45", "seriesname": "g383_d3tdg1k", "file": "/media/jbrogan4/scratch2/Reddit_Prov_Dataset_v5/_Penguin_posing_in_front_of_a_ship/g383_d3tdg1k.jpg", "URL": "http://i.imgur.com/ivnehBD.jpg", "fileid": "g383_d3tdg1k.jpg"}, {"id": "g383_d3tc8qy", "comment": "[RUN AWAAAAAY\n(Pro Paint Skils like wut?)](http://i.imgur.com/IIXlc17.png)", "date": "2016-06-02 13:32:19", "seriesname": "g383_d3tc8qy", "file": "/media/jbrogan4/scratch2/Reddit_Prov_Dataset_v5/_Penguin_posing_in_front_of_a_ship/g383_d3tc8qy.png", "URL": "http://i.imgur.com/IIXlc17.png", "fileid": "g383_d3tc8qy.png"}, {"id": "g383_d3t69ok", "comment": "[Showing off his prize winning photography.](http://i.imgur.com/KBPy7CC.png)", "date": "2016-06-02 11:20:39", "seriesname": "g383_d3t69ok", "file": "/media/jbrogan4/scratch2/Reddit_Prov_Dataset_v5/_Penguin_posing_in_front_of_a_ship/g383_d3t69ok.png", "URL": "http://i.imgur.com/KBPy7CC.png", "fileid": "g383_d3t69ok.png"}, {"id": "g383_d3u8e4b", "comment": "I prefer this [more realistic](http://imgur.com/GhfeocL) approach", "date": "2016-06-03 04:22:18", "seriesname": "g383_d3u8e4b", "file": "/media/jbrogan4/scratch2/Reddit_Prov_Dataset_v5/_Penguin_posing_in_front_of_a_ship/g383_d3u8e4b.png", "URL": "http://i.imgur.com/GhfeocL.png", "fileid": "g383_d3u8e4b.png"}, {"id": "g383_d3ta7q0", "comment": "[Roles reversed (with an added flip)](http://i.imgur.com/wVNZmiE.jpg)", "date": "2016-06-02 12:48:17", "seriesname": "g383_d3ta7q0", "file": "/media/jbrogan4/scratch2/Reddit_Prov_Dataset_v5/_Penguin_posing_in_front_of_a_ship/g383_d3ta7q0.jpg", "URL": "http://i.imgur.com/wVNZmiE.jpg", "fileid": "g383_d3ta7q0.jpg"}, {"id": "g383_d3tf6tx", "comment": " http://i.imgur.com/yGqo5NQ.jpg ", "date": "2016-06-02 14:34:51", "seriesname": "g383_d3tf6tx", "file": "/media/jbrogan4/scratch2/Reddit_Prov_Dataset_v5/_Penguin_posing_in_front_of_a_ship/g383_d3tf6tx.jpg", "URL": "http://i.imgur.com/yGqo5NQ.jpg", "fileid": "g383_d3tf6tx.jpg"}, {"id": "g383_d3u3842", "comment": "[Destructo Penguin](http://i.imgur.com/JC5Qd0u.jpg)", "date": "2016-06-03 00:34:06", "seriesname": "g383_d3u3842", "file": "/media/jbrogan4/scratch2/Reddit_Prov_Dataset_v5/_Penguin_posing_in_front_of_a_ship/g383_d3u3842.jpg", "URL": "http://i.imgur.com/JC5Qd0u.jpg", "fileid": "g383_d3u3842.jpg"}, {"id": "g383_d3t95r8", "comment": "[postcard](http://i.imgur.com/mqhWSar.jpg)", "date": "2016-06-02 12:25:09", "seriesname": "g383_d3t95r8", "file": "/media/jbrogan4/scratch2/Reddit_Prov_Dataset_v5/_Penguin_posing_in_front_of_a_ship/g383_d3t95r8.jpg", "URL": "http://i.imgur.com/mqhWSar.jpg", "fileid": "g383_d3t95r8.jpg"}, {"id": "g383_d3tnunv", "comment": "http://imgur.com/0vUQmi5", "date": "2016-06-02 17:45:08", "seriesname": "g383_d3tnunv", "file": "/media/jbrogan4/scratch2/Reddit_Prov_Dataset_v5/_Penguin_posing_in_front_of_a_ship/g383_d3tnunv.png", "URL": "http://i.imgur.com/0vUQmi5.png", "fileid": "g383_d3tnunv.png"}, {"id": "g383_d3tn7yb", "comment": "[The Crack expert is at it again] (https://imgur.com/B9en7wz) ", "date": "2016-06-02 17:30:11", "seriesname": "g383_d3tn7yb", "file": "/media/jbrogan4/scratch2/Reddit_Prov_Dataset_v5/_Penguin_posing_in_front_of_a_ship/g383_d3tn7yb.png", "URL": "http://i.imgur.com/B9en7wz.png", "fileid": "g383_d3tn7yb.png"}, {"id": "g383_d3targy", "comment": "http://i.imgur.com/yAob1bA.jpg", "date": "2016-06-02 13:00:00", "seriesname": "g383_d3targy", "file": "/media/jbrogan4/scratch2/Reddit_Prov_Dataset_v5/_Penguin_posing_in_front_of_a_ship/g383_d3targy.jpg", "URL": "http://i.imgur.com/yAob1bA.jpg", "fileid": "g383_d3targy.jpg"}, {"id": "g383_d3u8o08", "comment": "http://imgur.com/qpTosGn\nLinux vs Windows", "date": "2016-06-03 04:38:07", "seriesname": "g383_d3u8o08", "file": "/media/jbrogan4/scratch2/Reddit_Prov_Dataset_v5/_Penguin_posing_in_front_of_a_ship/g383_d3u8o08.png", "URL": "http://i.imgur.com/qpTosGn.png", "fileid": "g383_d3u8o08.png"}, {"id": "g383_d3tskyl", "comment": "[We did it, boys!](http://i.imgur.com/kGqLcEv.jpg)", "date": "2016-06-02 19:47:49", "seriesname": "g383_d3tskyl", "file": "/media/jbrogan4/scratch2/Reddit_Prov_Dataset_v5/_Penguin_posing_in_front_of_a_ship/g383_d3tskyl.jpg", "URL": "http://i.imgur.com/kGqLcEv.jpg", "fileid": "g383_d3tskyl.jpg"}, {"id": "g383_d3tado9", "comment": "[Voiced by Shia LaBeouf.](https://i.imgur.com/JJSLnYQ.jpg)", "date": "2016-06-02 12:51:49", "seriesname": "g383_d3tado9", "file": "/media/jbrogan4/scratch2/Reddit_Prov_Dataset_v5/_Penguin_posing_in_front_of_a_ship/g383_d3tado9.jpg", "URL": "https://i.imgur.com/JJSLnYQ.jpg", "fileid": "g383_d3tado9.jpg"}, {"id": "g383_d3td21c", "comment": "http://i.imgur.com/lukI61W.jpg\n\nThis all you need! ", "date": "2016-06-02 13:49:25", "seriesname": "g383_d3td21c", "file": "/media/jbrogan4/scratch2/Reddit_Prov_Dataset_v5/_Penguin_posing_in_front_of_a_ship/g383_d3td21c.jpg", "URL": "http://i.imgur.com/lukI61W.jpg", "fileid": "g383_d3td21c.jpg"}, {"id": "g383_d3tjre8", "comment": "[Pittsburgh Penguin posing in front of a ship](http://i.imgur.com/qAHmmUj.jpg)", "date": "2016-06-02 16:12:11", "seriesname": "g383_d3tjre8", "file": "/media/jbrogan4/scratch2/Reddit_Prov_Dataset_v5/_Penguin_posing_in_front_of_a_ship/g383_d3tjre8.jpg", "URL": "http://i.imgur.com/qAHmmUj.jpg", "fileid": "g383_d3tjre8.jpg"}, {"id": "g383_d3u1lqh", "comment": "It needed some text added.\n\nhttp://imgur.com/hvSz3FR", "date": "2016-06-02 23:44:36", "seriesname": "g383_d3u1lqh", "file": "/media/jbrogan4/scratch2/Reddit_Prov_Dataset_v5/_Penguin_posing_in_front_of_a_ship/g383_d3u1lqh.png", "URL": "http://i.imgur.com/hvSz3FR.png", "fileid": "g383_d3u1lqh.png"}, {"id": "g383_d3tiid4", "comment": "[Mission complete!](http://i.imgur.com/wLEi0R8.jpg)", "date": "2016-06-02 15:45:06", "seriesname": "g383_d3tiid4", "file": "/media/jbrogan4/scratch2/Reddit_Prov_Dataset_v5/_Penguin_posing_in_front_of_a_ship/g383_d3tiid4.jpg", "URL": "http://i.imgur.com/wLEi0R8.jpg", "fileid": "g383_d3tiid4.jpg"}, {"id": "g383_d3t85ab", "comment": "http://i.imgur.com/3HNxRU2.jpg", "date": "2016-06-02 12:02:25", "seriesname": "g383_d3t85ab", "file": "/media/jbrogan4/scratch2/Reddit_Prov_Dataset_v5/_Penguin_posing_in_front_of_a_ship/g383_d3t85ab.jpg", "URL": "http://i.imgur.com/3HNxRU2.jpg", "fileid": "g383_d3t85ab.jpg"}, {"id": "g383_d3tckp6", "comment": "http://i.imgur.com/8H1DyP3.jpg", "date": "2016-06-02 13:39:17", "seriesname": "g383_d3tckp6", "file": "/media/jbrogan4/scratch2/Reddit_Prov_Dataset_v5/_Penguin_posing_in_front_of_a_ship/g383_d3tckp6.jpg", "URL": "http://i.imgur.com/8H1DyP3.jpg", "fileid": "g383_d3tckp6.jpg"}, {"id": "g383_d3td2ww", "comment": "[Fuck me..Fuck me..Fuck me..Fuck me..](http://i.imgur.com/kbfXcKyr.png)", "date": "2016-06-02 13:49:58", "seriesname": "g383_d3td2ww", "file": "/media/jbrogan4/scratch2/Reddit_Prov_Dataset_v5/_Penguin_posing_in_front_of_a_ship/g383_d3td2ww.png", "URL": "http://i.imgur.com/kbfXcKyr.png", "fileid": "g383_d3td2ww.png"}, {"id": "g383_d3tp0ra", "comment": "Here you go.\n\n[**Cinematic Penguin.**](http://i.imgur.com/tt0c0Me.png)", "date": "2016-06-02 18:14:06", "seriesname": "g383_d3tp0ra", "file": "/media/jbrogan4/scratch2/Reddit_Prov_Dataset_v5/_Penguin_posing_in_front_of_a_ship/g383_d3tp0ra.png", "URL": "http://i.imgur.com/tt0c0Me.png", "fileid": "g383_d3tp0ra.png"}, {"id": "g383_d3tckyr", "comment": "[Oh crap! They're here!](http://i.imgur.com/OpbWfoy.jpg)", "date": "2016-06-02 13:39:26", "seriesname": "g383_d3tckyr", "file": "/media/jbrogan4/scratch2/Reddit_Prov_Dataset_v5/_Penguin_posing_in_front_of_a_ship/g383_d3tckyr.jpg", "URL": "http://i.imgur.com/OpbWfoy.jpg", "fileid": "g383_d3tckyr.jpg"}, {"id": "g383_d3t4tf4", "comment": "[ping](http://imgur.com/yCvvITD)\n", "date": "2016-06-02 10:47:10", "seriesname": "g383_d3t4tf4", "file": "/media/jbrogan4/scratch2/Reddit_Prov_Dataset_v5/_Penguin_posing_in_front_of_a_ship/g383_d3t4tf4.png", "URL": "http://i.imgur.com/yCvvITD.png", "fileid": "g383_d3t4tf4.png"}, {"id": "g383_d3tc4ta", "comment": "[Game of Boats](http://i.imgur.com/lrsbyGV.jpg)", "date": "2016-06-02 13:29:59", "seriesname": "g383_d3tc4ta", "file": "/media/jbrogan4/scratch2/Reddit_Prov_Dataset_v5/_Penguin_posing_in_front_of_a_ship/g383_d3tc4ta.jpg", "URL": "http://i.imgur.com/lrsbyGV.jpg", "fileid": "g383_d3tc4ta.jpg"}, {"id": "g383_d3t8kgb", "comment": "[Look Jack! I'm flying!](http://i.imgur.com/T1PEfxf.png)", "date": "2016-06-02 12:12:00", "seriesname": "g383_d3t8kgb", "file": "/media/jbrogan4/scratch2/Reddit_Prov_Dataset_v5/_Penguin_posing_in_front_of_a_ship/g383_d3t8kgb.png", "URL": "http://i.imgur.com/T1PEfxf.png", "fileid": "g383_d3t8kgb.png"}, {"id": "g383_d3tffia", "comment": "[A penguin vacation](http://i.imgur.com/nAfsE6f.jpg)", "date": "2016-06-02 14:39:59", "seriesname": "g383_d3tffia", "file": "/media/jbrogan4/scratch2/Reddit_Prov_Dataset_v5/_Penguin_posing_in_front_of_a_ship/g383_d3tffia.jpg", "URL": "http://i.imgur.com/nAfsE6f.jpg", "fileid": "g383_d3tffia.jpg"}, {"id": "g383_d3try0n", "comment": "When the boat leaves you behind.\nhttp://i.imgur.com/LJKkCVg.jpg", "date": "2016-06-02 19:30:27", "seriesname": "g383_d3try0n", "file": "/media/jbrogan4/scratch2/Reddit_Prov_Dataset_v5/_Penguin_posing_in_front_of_a_ship/g383_d3try0n.jpg", "URL": "http://i.imgur.com/LJKkCVg.jpg", "fileid": "g383_d3try0n.jpg"}, {"id": "g383_d3tepr1", "comment": "[Left Penguin](http://imgur.com/3llMr59)", "date": "2016-06-02 14:24:46", "seriesname": "g383_d3tepr1", "file": "/media/jbrogan4/scratch2/Reddit_Prov_Dataset_v5/_Penguin_posing_in_front_of_a_ship/g383_d3tepr1.png", "URL": "http://i.imgur.com/3llMr59.png", "fileid": "g383_d3tepr1.png"}, {"id": "g383_d3t9iyk", "comment": "[Penguin Lane](http://i.imgur.com/73JEyQX.jpg)", "date": "2016-06-02 12:33:08", "seriesname": "g383_d3t9iyk", "file": "/media/jbrogan4/scratch2/Reddit_Prov_Dataset_v5/_Penguin_posing_in_front_of_a_ship/g383_d3t9iyk.jpg", "URL": "http://i.imgur.com/73JEyQX.jpg", "fileid": "g383_d3t9iyk.jpg"}, {"id": "g383_d3tprda", "comment": "[You have to admit, he's cool.](http://imgur.com/fmpq2MH)", "date": "2016-06-02 18:32:54", "seriesname": "g383_d3tprda", "file": "/media/jbrogan4/scratch2/Reddit_Prov_Dataset_v5/_Penguin_posing_in_front_of_a_ship/g383_d3tprda.png", "URL": "http://i.imgur.com/fmpq2MH.png", "fileid": "g383_d3tprda.png"}, {"id": "g383_d3tcq1z", "comment": "Mother of Penguins http://i.imgur.com/L6dF4cP.jpg", "date": "2016-06-02 13:42:20", "seriesname": "g383_d3tcq1z", "file": "/media/jbrogan4/scratch2/Reddit_Prov_Dataset_v5/_Penguin_posing_in_front_of_a_ship/g383_d3tcq1z.jpg", "URL": "http://i.imgur.com/L6dF4cP.jpg", "fileid": "g383_d3tcq1z.jpg"}, {"id": "g383_d3tmf58", "comment": "[NOOT NOOT](http://i.imgur.com/NCENrYK.jpg)", "date": "2016-06-02 17:11:22", "seriesname": "g383_d3tmf58", "file": "/media/jbrogan4/scratch2/Reddit_Prov_Dataset_v5/_Penguin_posing_in_front_of_a_ship/g383_d3tmf58.jpg", "URL": "http://i.imgur.com/NCENrYK.jpg", "fileid": "g383_d3tmf58.jpg"}, {"id": "g383_d3tc60g", "comment": "[Reddit wins](http://i.imgur.com/R0rT3vJ.jpg)!", "date": "2016-06-02 13:30:43", "seriesname": "g383_d3tc60g", "file": "/media/jbrogan4/scratch2/Reddit_Prov_Dataset_v5/_Penguin_posing_in_front_of_a_ship/g383_d3tc60g.jpg", "URL": "http://i.imgur.com/R0rT3vJ.jpg)!", "fileid": "g383_d3tc60g.jpg!"}, {"id": "g383_d3t683u", "comment": "[Well, look who it is. What's up, Batman?] (http://i.imgur.com/jRARgok.jpg)", "date": "2016-06-02 11:19:40", "seriesname": "g383_d3t683u", "file": "/media/jbrogan4/scratch2/Reddit_Prov_Dataset_v5/_Penguin_posing_in_front_of_a_ship/g383_d3t683u.jpg", "URL": "http://i.imgur.com/jRARgok.jpg", "fileid": "g383_d3t683u.jpg"}, {"id": "g383_d3tjs02", "comment": "[Conor Sheary SCORES!!](http://i.imgur.com/Yv5uBYg.jpg)", "date": "2016-06-02 16:12:33", "seriesname": "g383_d3tjs02", "file": "/media/jbrogan4/scratch2/Reddit_Prov_Dataset_v5/_Penguin_posing_in_front_of_a_ship/g383_d3tjs02.jpg", "URL": "http://i.imgur.com/Yv5uBYg.jpg", "fileid": "g383_d3tjs02.jpg"}, {"id": "g383_d3tlvhk", "comment": "[The Night Penguin](http://i.imgur.com/j6cixcy.png)", "date": "2016-06-02 16:58:29", "seriesname": "g383_d3tlvhk", "file": "/media/jbrogan4/scratch2/Reddit_Prov_Dataset_v5/_Penguin_posing_in_front_of_a_ship/g383_d3tlvhk.png", "URL": "http://i.imgur.com/j6cixcy.png", "fileid": "g383_d3tlvhk.png"}, {"id": "g383_root", "comment": "", "date": "2016-06-02 09:39:48", "seriesname": "g383_root", "file": "/media/jbrogan4/scratch2/Reddit_Prov_Dataset_v5/_Penguin_posing_in_front_of_a_ship/g383_root.jpg", "URL": "http://i.imgur.com/ItQGSgQ.jpg", "fileid": "g383_root.jpg"}, {"id": "g383_d3tmmpl", "comment": "[The \"After\" Photo](http://i.imgur.com/v6ljcEE.jpg)", "date": "2016-06-02 17:16:14", "seriesname": "g383_d3tmmpl", "file": "/media/jbrogan4/scratch2/Reddit_Prov_Dataset_v5/_Penguin_posing_in_front_of_a_ship/g383_d3tmmpl.jpg", "URL": "http://i.imgur.com/v6ljcEE.jpg", "fileid": "g383_d3tmmpl.jpg"}, {"id": "g383_d3tc79t", "comment": "[Game of penguins winter already came!](http://i.imgur.com/uVcD4Tn.jpg)", "date": "2016-06-02 13:31:27", "seriesname": "g383_d3tc79t", "file": "/media/jbrogan4/scratch2/Reddit_Prov_Dataset_v5/_Penguin_posing_in_front_of_a_ship/g383_d3tc79t.jpg", "URL": "http://i.imgur.com/uVcD4Tn.jpg", "fileid": "g383_d3tc79t.jpg"}], "graph": {"name": "g383_root"}, "directed": true}