{"links": [{"op": "none", "target": 0, "source": 74}, {"op": "none", "target": 1, "source": 74}, {"op": "none", "target": 2, "source": 74}, {"op": "none", "target": 3, "source": 74}, {"op": "none", "target": 4, "source": 74}, {"op": "none", "target": 5, "source": 74}, {"op": "none", "target": 6, "source": 20}, {"op": "none", "target": 7, "source": 74}, {"op": "none", "target": 8, "source": 74}, {"op": "none", "target": 9, "source": 74}, {"op": "none", "target": 10, "source": 74}, {"op": "none", "target": 11, "source": 74}, {"op": "none", "target": 12, "source": 74}, {"op": "none", "target": 13, "source": 74}, {"op": "none", "target": 14, "source": 74}, {"op": "none", "target": 15, "source": 74}, {"op": "none", "target": 16, "source": 20}, {"op": "none", "target": 17, "source": 74}, {"op": "none", "target": 18, "source": 2}, {"op": "none", "target": 19, "source": 74}, {"op": "none", "target": 20, "source": 74}, {"op": "none", "target": 21, "source": 74}, {"op": "none", "target": 22, "source": 74}, {"op": "none", "target": 23, "source": 74}, {"op": "none", "target": 24, "source": 74}, {"op": "none", "target": 25, "source": 74}, {"op": "none", "target": 26, "source": 74}, {"op": "none", "target": 27, "source": 74}, {"op": "none", "target": 28, "source": 74}, {"op": "none", "target": 29, "source": 74}, {"op": "none", "target": 30, "source": 74}, {"op": "none", "target": 31, "source": 2}, {"op": "none", "target": 32, "source": 74}, {"op": "none", "target": 33, "source": 74}, {"op": "none", "target": 34, "source": 74}, {"op": "none", "target": 35, "source": 74}, {"op": "none", "target": 36, "source": 74}, {"op": "none", "target": 37, "source": 74}, {"op": "none", "target": 38, "source": 62}, {"op": "none", "target": 39, "source": 74}, {"op": "none", "target": 40, "source": 74}, {"op": "none", "target": 41, "source": 74}, {"op": "none", "target": 42, "source": 74}, {"op": "none", "target": 43, "source": 74}, {"op": "none", "target": 44, "source": 74}, {"op": "none", "target": 45, "source": 74}, {"op": "none", "target": 46, "source": 74}, {"op": "none", "target": 47, "source": 74}, {"op": "none", "target": 48, "source": 74}, {"op": "none", "target": 49, "source": 74}, {"op": "none", "target": 50, "source": 74}, {"op": "none", "target": 51, "source": 74}, {"op": "none", "target": 52, "source": 74}, {"op": "none", "target": 53, "source": 74}, {"op": "none", "target": 54, "source": 74}, {"op": "none", "target": 55, "source": 74}, {"op": "none", "target": 56, "source": 74}, {"op": "none", "target": 57, "source": 74}, {"op": "none", "target": 58, "source": 74}, {"op": "none", "target": 59, "source": 74}, {"op": "none", "target": 60, "source": 74}, {"op": "none", "target": 61, "source": 74}, {"op": "none", "target": 62, "source": 2}, {"op": "none", "target": 63, "source": 74}, {"op": "none", "target": 64, "source": 74}, {"op": "none", "target": 65, "source": 74}, {"op": "none", "target": 66, "source": 74}, {"op": "none", "target": 67, "source": 74}, {"op": "none", "target": 68, "source": 74}, {"op": "none", "target": 69, "source": 74}, {"op": "none", "target": 70, "source": 74}, {"op": "none", "target": 71, "source": 74}, {"op": "none", "target": 72, "source": 74}, {"op": "none", "target": 73, "source": 74}, {"op": "none", "target": 75, "source": 74}, {"op": "none", "target": 76, "source": 74}], "title": "_Cheering_hedgehog_(xpost_from_r_aww)", "nodes": [{"id": "g386_d4sgoaw", "comment": "[I'll be the ~~first~~ I guess: it just lends itself](http://i.imgur.com/oMKOWor.jpg)\n\nedit: second!", "date": "2016-06-29 08:42:24", "seriesname": "g386_d4sgoaw", "file": "/media/jbrogan4/scratch2/Reddit_Prov_Dataset_v6/_Cheering_hedgehog_(xpost_from_r_aww)/g386_d4sgoaw.jpg", "URL": "http://i.imgur.com/oMKOWor.jpg", "fileid": "g386_d4sgoaw.jpg"}, {"id": "g386_d4shsgi", "comment": "[Adrenaline Junky](https://i.imgur.com/4boy6ak.jpg)", "date": "2016-06-29 09:18:00", "seriesname": "g386_d4shsgi", "file": "/media/jbrogan4/scratch2/Reddit_Prov_Dataset_v6/_Cheering_hedgehog_(xpost_from_r_aww)/g386_d4shsgi.jpg", "URL": "https://i.imgur.com/4boy6ak.jpg", "fileid": "g386_d4shsgi.jpg"}, {"id": "g386_d4sd2kf", "comment": "[Liberty](http://i.imgur.com/MDWXl2Q.jpg)", "date": "2016-06-29 05:53:18", "seriesname": "g386_d4sd2kf", "file": "/media/jbrogan4/scratch2/Reddit_Prov_Dataset_v6/_Cheering_hedgehog_(xpost_from_r_aww)/g386_d4sd2kf.jpg", "URL": "http://i.imgur.com/MDWXl2Q.jpg", "fileid": "g386_d4sd2kf.jpg"}, {"id": "g386_d4sli2g", "comment": "[Curveball](http://i.imgur.com/A9r8rt3.jpg)", "date": "2016-06-29 10:53:11", "seriesname": "g386_d4sli2g", "file": "/media/jbrogan4/scratch2/Reddit_Prov_Dataset_v6/_Cheering_hedgehog_(xpost_from_r_aww)/g386_d4sli2g.jpg", "URL": "http://i.imgur.com/A9r8rt3.jpg", "fileid": "g386_d4sli2g.jpg"}, {"id": "g386_d4t1460", "comment": "[fuck-off!](http://i.imgur.com/yqOwRrn.jpg)", "date": "2016-06-29 16:05:23", "seriesname": "g386_d4t1460", "file": "/media/jbrogan4/scratch2/Reddit_Prov_Dataset_v6/_Cheering_hedgehog_(xpost_from_r_aww)/g386_d4t1460.jpg", "URL": "http://i.imgur.com/yqOwRrn.jpg", "fileid": "g386_d4t1460.jpg"}, {"id": "g386_d4shzob", "comment": "http://imgur.com/yNDHdTi\n\nBattle of the prickly bastards", "date": "2016-06-29 09:23:52", "seriesname": "g386_d4shzob", "file": "/media/jbrogan4/scratch2/Reddit_Prov_Dataset_v6/_Cheering_hedgehog_(xpost_from_r_aww)/g386_d4shzob.png", "URL": "http://i.imgur.com/yNDHdTi.png", "fileid": "g386_d4shzob.png"}, {"id": "g386_d4sguhc", "comment": "[Blow on these for good luck bby](http://i.imgur.com/qZNc3ZR.jpg)", "date": "2016-06-29 08:48:09", "seriesname": "g386_d4sguhc", "file": "/media/jbrogan4/scratch2/Reddit_Prov_Dataset_v6/_Cheering_hedgehog_(xpost_from_r_aww)/g386_d4sguhc.jpg", "URL": "http://i.imgur.com/qZNc3ZR.jpg", "fileid": "g386_d4sguhc.jpg"}, {"id": "g386_d4t3cwc", "comment": "http://imgur.com/RjOclq9 action hedgehog", "date": "2016-06-29 16:49:42", "seriesname": "g386_d4t3cwc", "file": "/media/jbrogan4/scratch2/Reddit_Prov_Dataset_v6/_Cheering_hedgehog_(xpost_from_r_aww)/g386_d4t3cwc.png", "URL": "http://i.imgur.com/RjOclq9.png", "fileid": "g386_d4t3cwc.png"}, {"id": "g386_d4ss64s", "comment": "[Yo, yo let me stand in front of the lime green Kia for the crew pic, B.](http://imgur.com/IVnGXXR)", "date": "2016-06-29 13:05:08", "seriesname": "g386_d4ss64s", "file": "/media/jbrogan4/scratch2/Reddit_Prov_Dataset_v6/_Cheering_hedgehog_(xpost_from_r_aww)/g386_d4ss64s.png", "URL": "http://i.imgur.com/IVnGXXR.png", "fileid": "g386_d4ss64s.png"}, {"id": "g386_d4sjbp9", "comment": "[Don't you forget about me.](http://i.imgur.com/JNUF2e8.jpg)", "date": "2016-06-29 10:00:23", "seriesname": "g386_d4sjbp9", "file": "/media/jbrogan4/scratch2/Reddit_Prov_Dataset_v6/_Cheering_hedgehog_(xpost_from_r_aww)/g386_d4sjbp9.jpg", "URL": "http://i.imgur.com/JNUF2e8.jpg", "fileid": "g386_d4sjbp9.jpg"}, {"id": "g386_d4spasa", "comment": "http://imgur.com/sXigiZf", "date": "2016-06-29 12:09:45", "seriesname": "g386_d4spasa", "file": "/media/jbrogan4/scratch2/Reddit_Prov_Dataset_v6/_Cheering_hedgehog_(xpost_from_r_aww)/g386_d4spasa.png", "URL": "http://i.imgur.com/sXigiZf.png", "fileid": "g386_d4spasa.png"}, {"id": "g386_d4t3zih", "comment": "[DESTRUCTO DISK!!](http://i.imgur.com/KjeIY5e.jpg)", "date": "2016-06-29 17:02:39", "seriesname": "g386_d4t3zih", "file": "/media/jbrogan4/scratch2/Reddit_Prov_Dataset_v6/_Cheering_hedgehog_(xpost_from_r_aww)/g386_d4t3zih.jpg", "URL": "http://i.imgur.com/KjeIY5e.jpg", "fileid": "g386_d4t3zih.jpg"}, {"id": "g386_d4tcwo7", "comment": "[LeHog James](http://i.imgur.com/LYOSXeI.jpg)", "date": "2016-06-29 20:39:58", "seriesname": "g386_d4tcwo7", "file": "/media/jbrogan4/scratch2/Reddit_Prov_Dataset_v6/_Cheering_hedgehog_(xpost_from_r_aww)/g386_d4tcwo7.jpg", "URL": "http://i.imgur.com/LYOSXeI.jpg", "fileid": "g386_d4tcwo7.jpg"}, {"id": "g386_d4snu3z", "comment": "My first comment on this sub [Hedgy](http://imgur.com/qlg0fiY)", "date": "2016-06-29 11:41:20", "seriesname": "g386_d4snu3z", "file": "/media/jbrogan4/scratch2/Reddit_Prov_Dataset_v6/_Cheering_hedgehog_(xpost_from_r_aww)/g386_d4snu3z.png", "URL": "http://i.imgur.com/qlg0fiY.png", "fileid": "g386_d4snu3z.png"}, {"id": "g386_d4skby5", "comment": "Mary Hoggins\n\n[Imgur](http://i.imgur.com/SAXDP9u.png)", "date": "2016-06-29 10:25:47", "seriesname": "g386_d4skby5", "file": "/media/jbrogan4/scratch2/Reddit_Prov_Dataset_v6/_Cheering_hedgehog_(xpost_from_r_aww)/g386_d4skby5.png", "URL": "http://i.imgur.com/SAXDP9u.png", "fileid": "g386_d4skby5.png"}, {"id": "g386_d4shhsi", "comment": "[Huh, woah, gotta go fast, bro](https://i.imgur.com/jhBdTCx.jpg)", "date": "2016-06-29 09:09:01", "seriesname": "g386_d4shhsi", "file": "/media/jbrogan4/scratch2/Reddit_Prov_Dataset_v6/_Cheering_hedgehog_(xpost_from_r_aww)/g386_d4shhsi.jpg", "URL": "https://i.imgur.com/jhBdTCx.jpg", "fileid": "g386_d4shhsi.jpg"}, {"id": "g386_d4shegb", "comment": "http://i.imgur.com/3s2LyG2.jpg", "date": "2016-06-29 09:06:08", "seriesname": "g386_d4shegb", "file": "/media/jbrogan4/scratch2/Reddit_Prov_Dataset_v6/_Cheering_hedgehog_(xpost_from_r_aww)/g386_d4shegb.jpg", "URL": "http://i.imgur.com/3s2LyG2.jpg", "fileid": "g386_d4shegb.jpg"}, {"id": "g386_d4t0qnt", "comment": "[Let furrdom ring!](http://i.imgur.com/q6ewFbn.jpg)", "date": "2016-06-29 15:58:01", "seriesname": "g386_d4t0qnt", "file": "/media/jbrogan4/scratch2/Reddit_Prov_Dataset_v6/_Cheering_hedgehog_(xpost_from_r_aww)/g386_d4t0qnt.jpg", "URL": "http://i.imgur.com/q6ewFbn.jpg", "fileid": "g386_d4t0qnt.jpg"}, {"id": "g386_d4tm7jy", "comment": "[True Liberty] (http://imgur.com/voRYo82)", "date": "2016-06-30 01:16:39", "seriesname": "g386_d4tm7jy", "file": "/media/jbrogan4/scratch2/Reddit_Prov_Dataset_v6/_Cheering_hedgehog_(xpost_from_r_aww)/g386_d4tm7jy.png", "URL": "http://i.imgur.com/voRYo82.png", "fileid": "g386_d4tm7jy.png"}, {"id": "g386_d4simoa", "comment": "Up http://i.imgur.com/TyA2VSe.jpg ", "date": "2016-06-29 09:41:56", "seriesname": "g386_d4simoa", "file": "/media/jbrogan4/scratch2/Reddit_Prov_Dataset_v6/_Cheering_hedgehog_(xpost_from_r_aww)/g386_d4simoa.jpg", "URL": "http://i.imgur.com/TyA2VSe.jpg", "fileid": "g386_d4simoa.jpg"}, {"id": "g386_d4scc8x", "comment": "[Sonic wants a brand new pair of sneakers!](http://i.imgur.com/EiOF6db.jpg)", "date": "2016-06-29 05:08:15", "seriesname": "g386_d4scc8x", "file": "/media/jbrogan4/scratch2/Reddit_Prov_Dataset_v6/_Cheering_hedgehog_(xpost_from_r_aww)/g386_d4scc8x.jpg", "URL": "http://i.imgur.com/EiOF6db.jpg", "fileid": "g386_d4scc8x.jpg"}, {"id": "g386_d4slaxe", "comment": "I suck at Photoshop, but.. [Saturday Night Hedgehog](http://i.imgur.com/lGt9Hro.jpg)", "date": "2016-06-29 10:48:41", "seriesname": "g386_d4slaxe", "file": "/media/jbrogan4/scratch2/Reddit_Prov_Dataset_v6/_Cheering_hedgehog_(xpost_from_r_aww)/g386_d4slaxe.jpg", "URL": "http://i.imgur.com/lGt9Hro.jpg", "fileid": "g386_d4slaxe.jpg"}, {"id": "g386_d4t124n", "comment": "http://i.imgur.com/jr5PPxa.jpg", "date": "2016-06-29 16:04:17", "seriesname": "g386_d4t124n", "file": "/media/jbrogan4/scratch2/Reddit_Prov_Dataset_v6/_Cheering_hedgehog_(xpost_from_r_aww)/g386_d4t124n.jpg", "URL": "http://i.imgur.com/jr5PPxa.jpg", "fileid": "g386_d4t124n.jpg"}, {"id": "g386_d4swidf", "comment": "You said [cheering](http://i.imgur.com/ZD3qZ3V.gif), right?", "date": "2016-06-29 14:31:36", "seriesname": "g386_d4swidf", "file": "/media/jbrogan4/scratch2/Reddit_Prov_Dataset_v6/_Cheering_hedgehog_(xpost_from_r_aww)/g386_d4swidf.jpg", "URL": "http://i.imgur.com/ZD3qZ3V.gif),", "fileid": "g386_d4swidf.gif,"}, {"id": "g386_d4semsv", "comment": "Surprised nobody did this yet. [SHORYUKEN!](http://imgur.com/c4NBDer)", "date": "2016-06-29 07:20:07", "seriesname": "g386_d4semsv", "file": "/media/jbrogan4/scratch2/Reddit_Prov_Dataset_v6/_Cheering_hedgehog_(xpost_from_r_aww)/g386_d4semsv.png", "URL": "http://i.imgur.com/c4NBDer.png", "fileid": "g386_d4semsv.png"}, {"id": "g386_d4skss9", "comment": "[To infinity and beyond](http://imgur.com/gP3uVJ7)", "date": "2016-06-29 10:37:00", "seriesname": "g386_d4skss9", "file": "/media/jbrogan4/scratch2/Reddit_Prov_Dataset_v6/_Cheering_hedgehog_(xpost_from_r_aww)/g386_d4skss9.png", "URL": "http://i.imgur.com/gP3uVJ7.png", "fileid": "g386_d4skss9.png"}, {"id": "g386_d4svy4d", "comment": "[Won't you, come see about me?](http://i.imgur.com/BMk31kl.jpg)", "date": "2016-06-29 14:20:19", "seriesname": "g386_d4svy4d", "file": "/media/jbrogan4/scratch2/Reddit_Prov_Dataset_v6/_Cheering_hedgehog_(xpost_from_r_aww)/g386_d4svy4d.jpg", "URL": "http://i.imgur.com/BMk31kl.jpg", "fileid": "g386_d4svy4d.jpg"}, {"id": "g386_d4sfhud", "comment": "[Darcy's new friend!](http://i.imgur.com/5ZfvY25.jpg)\n\n[darcy the hedgehog](https://www.google.com/search?q=darcy+the+hedgehog&amp;biw=1174&amp;bih=629&amp;tbm=isch&amp;tbo=u&amp;source=univ&amp;sa=X&amp;sqi=2&amp;ved=0ahUKEwjWjdDem83NAhWBjZQKHYu8AUsQsAQIGw)", "date": "2016-06-29 07:58:32", "seriesname": "g386_d4sfhud", "file": "/media/jbrogan4/scratch2/Reddit_Prov_Dataset_v6/_Cheering_hedgehog_(xpost_from_r_aww)/g386_d4sfhud.jpg", "URL": "http://i.imgur.com/5ZfvY25.jpg", "fileid": "g386_d4sfhud.jpg"}, {"id": "g386_d4se1fr", "comment": "http://imgur.com/u95jz0x", "date": "2016-06-29 06:49:55", "seriesname": "g386_d4se1fr", "file": "/media/jbrogan4/scratch2/Reddit_Prov_Dataset_v6/_Cheering_hedgehog_(xpost_from_r_aww)/g386_d4se1fr.png", "URL": "http://i.imgur.com/u95jz0x.png", "fileid": "g386_d4se1fr.png"}, {"id": "g386_d4slezv", "comment": "[For the caliphate](http://imgur.com/CI6Saos)", "date": "2016-06-29 10:51:15", "seriesname": "g386_d4slezv", "file": "/media/jbrogan4/scratch2/Reddit_Prov_Dataset_v6/_Cheering_hedgehog_(xpost_from_r_aww)/g386_d4slezv.png", "URL": "http://i.imgur.com/CI6Saos.png", "fileid": "g386_d4slezv.png"}, {"id": "g386_d4si2vw", "comment": "[Hegdehogursson!](http://imgur.com/hDGyWVH)", "date": "2016-06-29 09:26:24", "seriesname": "g386_d4si2vw", "file": "/media/jbrogan4/scratch2/Reddit_Prov_Dataset_v6/_Cheering_hedgehog_(xpost_from_r_aww)/g386_d4si2vw.png", "URL": "http://i.imgur.com/hDGyWVH.png", "fileid": "g386_d4si2vw.png"}, {"id": "g386_d4slqma", "comment": "[Liberty of Libery](http://imgur.com/SSdFOMf)", "date": "2016-06-29 10:58:37", "seriesname": "g386_d4slqma", "file": "/media/jbrogan4/scratch2/Reddit_Prov_Dataset_v6/_Cheering_hedgehog_(xpost_from_r_aww)/g386_d4slqma.png", "URL": "http://i.imgur.com/SSdFOMf.png", "fileid": "g386_d4slqma.png"}, {"id": "g386_d4shaxh", "comment": "[The Creation Of Sega](http://i.imgur.com/DR1MnY1.jpg)", "date": "2016-06-29 09:02:59", "seriesname": "g386_d4shaxh", "file": "/media/jbrogan4/scratch2/Reddit_Prov_Dataset_v6/_Cheering_hedgehog_(xpost_from_r_aww)/g386_d4shaxh.jpg", "URL": "http://i.imgur.com/DR1MnY1.jpg", "fileid": "g386_d4shaxh.jpg"}, {"id": "g386_d4seno2", "comment": "[Making Tony Hawk great again.](https://imgur.com/y4ly31k) ", "date": "2016-06-29 07:21:16", "seriesname": "g386_d4seno2", "file": "/media/jbrogan4/scratch2/Reddit_Prov_Dataset_v6/_Cheering_hedgehog_(xpost_from_r_aww)/g386_d4seno2.png", "URL": "http://i.imgur.com/y4ly31k.png", "fileid": "g386_d4seno2.png"}, {"id": "g386_d4sjll7", "comment": "[*clap clap clap*](http://i.imgur.com/jc2EAnb.png)", "date": "2016-06-29 10:07:35", "seriesname": "g386_d4sjll7", "file": "/media/jbrogan4/scratch2/Reddit_Prov_Dataset_v6/_Cheering_hedgehog_(xpost_from_r_aww)/g386_d4sjll7.png", "URL": "http://i.imgur.com/jc2EAnb.png", "fileid": "g386_d4sjll7.png"}, {"id": "g386_d4stj20", "comment": "I did something before \n\nhttps://i.imgur.com/wrCf9Du.jpg", "date": "2016-06-29 13:31:46", "seriesname": "g386_d4stj20", "file": "/media/jbrogan4/scratch2/Reddit_Prov_Dataset_v6/_Cheering_hedgehog_(xpost_from_r_aww)/g386_d4stj20.jpg", "URL": "https://i.imgur.com/wrCf9Du.jpg", "fileid": "g386_d4stj20.jpg"}, {"id": "g386_d4sgnbd", "comment": "[PIERCE THE HEAVENS!](http://i.imgur.com/6BnhKLt.jpg)", "date": "2016-06-29 08:41:29", "seriesname": "g386_d4sgnbd", "file": "/media/jbrogan4/scratch2/Reddit_Prov_Dataset_v6/_Cheering_hedgehog_(xpost_from_r_aww)/g386_d4sgnbd.jpg", "URL": "http://i.imgur.com/6BnhKLt.jpg", "fileid": "g386_d4sgnbd.jpg"}, {"id": "g386_d4sgs41", "comment": "[The creation of Adam](http://i.imgur.com/LyxmZqo.jpg)", "date": "2016-06-29 08:45:58", "seriesname": "g386_d4sgs41", "file": "/media/jbrogan4/scratch2/Reddit_Prov_Dataset_v6/_Cheering_hedgehog_(xpost_from_r_aww)/g386_d4sgs41.jpg", "URL": "http://i.imgur.com/LyxmZqo.jpg", "fileid": "g386_d4sgs41.jpg"}, {"id": "g386_d4tjig8", "comment": "[FTFY](http://i.imgur.com/r4VdtX5.jpg)", "date": "2016-06-29 23:46:53", "seriesname": "g386_d4tjig8", "file": "/media/jbrogan4/scratch2/Reddit_Prov_Dataset_v6/_Cheering_hedgehog_(xpost_from_r_aww)/g386_d4tjig8.jpg", "URL": "http://i.imgur.com/r4VdtX5.jpg", "fileid": "g386_d4tjig8.jpg"}, {"id": "g386_d4swxza", "comment": "Not a bad fit.\nhttp://imgur.com/9cn17bq", "date": "2016-06-29 14:40:20", "seriesname": "g386_d4swxza", "file": "/media/jbrogan4/scratch2/Reddit_Prov_Dataset_v6/_Cheering_hedgehog_(xpost_from_r_aww)/g386_d4swxza.png", "URL": "http://i.imgur.com/9cn17bq.png", "fileid": "g386_d4swxza.png"}, {"id": "g386_d4szd6e", "comment": "[ZAP TO THE EXTREME!](http://i.imgur.com/aRwre9E.jpg)\n\n\u00a9CWC", "date": "2016-06-29 15:30:27", "seriesname": "g386_d4szd6e", "file": "/media/jbrogan4/scratch2/Reddit_Prov_Dataset_v6/_Cheering_hedgehog_(xpost_from_r_aww)/g386_d4szd6e.jpg", "URL": "http://i.imgur.com/aRwre9E.jpg", "fileid": "g386_d4szd6e.jpg"}, {"id": "g386_d4t58wu", "comment": "[Up up and away!] (http://i.imgur.com/nHrWorh.png)", "date": "2016-06-29 17:30:03", "seriesname": "g386_d4t58wu", "file": "/media/jbrogan4/scratch2/Reddit_Prov_Dataset_v6/_Cheering_hedgehog_(xpost_from_r_aww)/g386_d4t58wu.png", "URL": "http://i.imgur.com/nHrWorh.png", "fileid": "g386_d4t58wu.png"}, {"id": "g386_d4sg5hk", "comment": "[Let me get that for you dawg](http://i.imgur.com/Opf5yqL.jpg)", "date": "2016-06-29 08:23:55", "seriesname": "g386_d4sg5hk", "file": "/media/jbrogan4/scratch2/Reddit_Prov_Dataset_v6/_Cheering_hedgehog_(xpost_from_r_aww)/g386_d4sg5hk.jpg", "URL": "http://i.imgur.com/Opf5yqL.jpg", "fileid": "g386_d4sg5hk.jpg"}, {"id": "g386_d4sf5ov", "comment": "[Breakdancin'](http://imgur.com/y0N9yeu)", "date": "2016-06-29 07:44:12", "seriesname": "g386_d4sf5ov", "file": "/media/jbrogan4/scratch2/Reddit_Prov_Dataset_v6/_Cheering_hedgehog_(xpost_from_r_aww)/g386_d4sf5ov.png", "URL": "http://i.imgur.com/y0N9yeu.png", "fileid": "g386_d4sf5ov.png"}, {"id": "g386_d4sm700", "comment": "http://imgur.com/eO6GE1j The Wizard", "date": "2016-06-29 11:08:20", "seriesname": "g386_d4sm700", "file": "/media/jbrogan4/scratch2/Reddit_Prov_Dataset_v6/_Cheering_hedgehog_(xpost_from_r_aww)/g386_d4sm700.png", "URL": "http://i.imgur.com/eO6GE1j.png", "fileid": "g386_d4sm700.png"}, {"id": "g386_d4tgc4f", "comment": "http://i.imgur.com/ptCOtST.jpg", "date": "2016-06-29 22:15:10", "seriesname": "g386_d4tgc4f", "file": "/media/jbrogan4/scratch2/Reddit_Prov_Dataset_v6/_Cheering_hedgehog_(xpost_from_r_aww)/g386_d4tgc4f.jpg", "URL": "http://i.imgur.com/ptCOtST.jpg", "fileid": "g386_d4tgc4f.jpg"}, {"id": "g386_d4sdwri", "comment": "[I'm shocked nobody else did this](http://imgur.com/9ztNveQ)", "date": "2016-06-29 06:42:57", "seriesname": "g386_d4sdwri", "file": "/media/jbrogan4/scratch2/Reddit_Prov_Dataset_v6/_Cheering_hedgehog_(xpost_from_r_aww)/g386_d4sdwri.png", "URL": "http://i.imgur.com/9ztNveQ.png", "fileid": "g386_d4sdwri.png"}, {"id": "g386_d4se51h", "comment": "Sorry\nhttp://imgur.com/KJcFTfe\n", "date": "2016-06-29 06:55:17", "seriesname": "g386_d4se51h", "file": "/media/jbrogan4/scratch2/Reddit_Prov_Dataset_v6/_Cheering_hedgehog_(xpost_from_r_aww)/g386_d4se51h.png", "URL": "http://i.imgur.com/KJcFTfe.png", "fileid": "g386_d4se51h.png"}, {"id": "g386_d4sjr25", "comment": "[It's the last one!](http://i.imgur.com/FnhMvny.jpg)", "date": "2016-06-29 10:11:26", "seriesname": "g386_d4sjr25", "file": "/media/jbrogan4/scratch2/Reddit_Prov_Dataset_v6/_Cheering_hedgehog_(xpost_from_r_aww)/g386_d4sjr25.jpg", "URL": "http://i.imgur.com/FnhMvny.jpg", "fileid": "g386_d4sjr25.jpg"}, {"id": "g386_d4sdgss", "comment": "[Can i go to the bathroom?](http://i.imgur.com/HqRHubt.jpg)", "date": "2016-06-29 06:17:16", "seriesname": "g386_d4sdgss", "file": "/media/jbrogan4/scratch2/Reddit_Prov_Dataset_v6/_Cheering_hedgehog_(xpost_from_r_aww)/g386_d4sdgss.jpg", "URL": "http://i.imgur.com/HqRHubt.jpg", "fileid": "g386_d4sdgss.jpg"}, {"id": "g386_d4sf408", "comment": "[Pope Hedge I](http://i.imgur.com/g8v3Ypi.jpg) ", "date": "2016-06-29 07:42:03", "seriesname": "g386_d4sf408", "file": "/media/jbrogan4/scratch2/Reddit_Prov_Dataset_v6/_Cheering_hedgehog_(xpost_from_r_aww)/g386_d4sf408.jpg", "URL": "http://i.imgur.com/g8v3Ypi.jpg", "fileid": "g386_d4sf408.jpg"}, {"id": "g386_d4sgnfv", "comment": "[Circle of Life](http://i.imgur.com/oW3teOD.jpg)", "date": "2016-06-29 08:41:36", "seriesname": "g386_d4sgnfv", "file": "/media/jbrogan4/scratch2/Reddit_Prov_Dataset_v6/_Cheering_hedgehog_(xpost_from_r_aww)/g386_d4sgnfv.jpg", "URL": "http://i.imgur.com/oW3teOD.jpg", "fileid": "g386_d4sgnfv.jpg"}, {"id": "g386_d4scvr5", "comment": "[World 1-2](http://i.imgur.com/pCAJykh.jpg)", "date": "2016-06-29 05:41:28", "seriesname": "g386_d4scvr5", "file": "/media/jbrogan4/scratch2/Reddit_Prov_Dataset_v6/_Cheering_hedgehog_(xpost_from_r_aww)/g386_d4scvr5.jpg", "URL": "http://i.imgur.com/pCAJykh.jpg", "fileid": "g386_d4scvr5.jpg"}, {"id": "g386_d4siskq", "comment": "http://imgur.com/t4vgoxS   The show must go on", "date": "2016-06-29 09:46:28", "seriesname": "g386_d4siskq", "file": "/media/jbrogan4/scratch2/Reddit_Prov_Dataset_v6/_Cheering_hedgehog_(xpost_from_r_aww)/g386_d4siskq.png", "URL": "http://i.imgur.com/t4vgoxS.png", "fileid": "g386_d4siskq.png"}, {"id": "g386_d4sfrk3", "comment": "[Gotta get all them rings](http://imgur.com/7cTrUMy)", "date": "2016-06-29 08:09:20", "seriesname": "g386_d4sfrk3", "file": "/media/jbrogan4/scratch2/Reddit_Prov_Dataset_v6/_Cheering_hedgehog_(xpost_from_r_aww)/g386_d4sfrk3.png", "URL": "http://i.imgur.com/7cTrUMy.png", "fileid": "g386_d4sfrk3.png"}, {"id": "g386_d4spdht", "comment": "[Hedgehog\u00b2](http://i.imgur.com/aUbDglO.jpg)", "date": "2016-06-29 12:11:11", "seriesname": "g386_d4spdht", "file": "/media/jbrogan4/scratch2/Reddit_Prov_Dataset_v6/_Cheering_hedgehog_(xpost_from_r_aww)/g386_d4spdht.jpg", "URL": "http://i.imgur.com/aUbDglO.jpg", "fileid": "g386_d4spdht.jpg"}, {"id": "g386_d4sljtl", "comment": "http://imgur.com/jldGOYw\n\nSo sloppy but hey, I'm supposed to be working.", "date": "2016-06-29 10:54:17", "seriesname": "g386_d4sljtl", "file": "/media/jbrogan4/scratch2/Reddit_Prov_Dataset_v6/_Cheering_hedgehog_(xpost_from_r_aww)/g386_d4sljtl.png", "URL": "http://i.imgur.com/jldGOYw.png", "fileid": "g386_d4sljtl.png"}, {"id": "g386_d4si127", "comment": "[Protestor](http://i.imgur.com/F3ltMiB.png)", "date": "2016-06-29 09:24:56", "seriesname": "g386_d4si127", "file": "/media/jbrogan4/scratch2/Reddit_Prov_Dataset_v6/_Cheering_hedgehog_(xpost_from_r_aww)/g386_d4si127.png", "URL": "http://i.imgur.com/F3ltMiB.png", "fileid": "g386_d4si127.png"}, {"id": "g386_d4ses17", "comment": "[Treasure Found](http://i.imgur.com/slNzLs5.jpg)", "date": "2016-06-29 07:26:58", "seriesname": "g386_d4ses17", "file": "/media/jbrogan4/scratch2/Reddit_Prov_Dataset_v6/_Cheering_hedgehog_(xpost_from_r_aww)/g386_d4ses17.jpg", "URL": "http://i.imgur.com/slNzLs5.jpg", "fileid": "g386_d4ses17.jpg"}, {"id": "g386_d4shrlt", "comment": "[It's hedgehogs all the way down.](http://imgur.com/BHu28vy)", "date": "2016-06-29 09:17:17", "seriesname": "g386_d4shrlt", "file": "/media/jbrogan4/scratch2/Reddit_Prov_Dataset_v6/_Cheering_hedgehog_(xpost_from_r_aww)/g386_d4shrlt.png", "URL": "http://i.imgur.com/BHu28vy.png", "fileid": "g386_d4shrlt.png"}, {"id": "g386_d4sewwb", "comment": "[a brain...and an athlete...and a basket case ...a princess.. a criminal..and a hedgehog](http://i.imgur.com/Fcpay7q.jpg)", "date": "2016-06-29 07:33:14", "seriesname": "g386_d4sewwb", "file": "/media/jbrogan4/scratch2/Reddit_Prov_Dataset_v6/_Cheering_hedgehog_(xpost_from_r_aww)/g386_d4sewwb.jpg", "URL": "http://i.imgur.com/Fcpay7q.jpg", "fileid": "g386_d4sewwb.jpg"}, {"id": "g386_d4si3n2", "comment": "[F00tBall] (http://i.imgur.com/l1NWAm4.jpg)", "date": "2016-06-29 09:27:01", "seriesname": "g386_d4si3n2", "file": "/media/jbrogan4/scratch2/Reddit_Prov_Dataset_v6/_Cheering_hedgehog_(xpost_from_r_aww)/g386_d4si3n2.jpg", "URL": "http://i.imgur.com/l1NWAm4.jpg", "fileid": "g386_d4si3n2.jpg"}, {"id": "g386_d4sfqpj", "comment": "https://i.imgur.com/0nMgi1Z.jpg", "date": "2016-06-29 08:08:28", "seriesname": "g386_d4sfqpj", "file": "/media/jbrogan4/scratch2/Reddit_Prov_Dataset_v6/_Cheering_hedgehog_(xpost_from_r_aww)/g386_d4sfqpj.jpg", "URL": "https://i.imgur.com/0nMgi1Z.jpg", "fileid": "g386_d4sfqpj.jpg"}, {"id": "g386_d4skl0b", "comment": "[Nobody is going anywhere until you put another cam in the wall!](http://i.imgur.com/Y85Bn4T.jpg)\n\n", "date": "2016-06-29 10:31:51", "seriesname": "g386_d4skl0b", "file": "/media/jbrogan4/scratch2/Reddit_Prov_Dataset_v6/_Cheering_hedgehog_(xpost_from_r_aww)/g386_d4skl0b.jpg", "URL": "http://i.imgur.com/Y85Bn4T.jpg", "fileid": "g386_d4skl0b.jpg"}, {"id": "g386_d4sotyr", "comment": "I am not throwing away my shot http://imgur.com/xVhcSr2", "date": "2016-06-29 12:00:39", "seriesname": "g386_d4sotyr", "file": "/media/jbrogan4/scratch2/Reddit_Prov_Dataset_v6/_Cheering_hedgehog_(xpost_from_r_aww)/g386_d4sotyr.png", "URL": "http://i.imgur.com/xVhcSr2.png", "fileid": "g386_d4sotyr.png"}, {"id": "g386_d4snf81", "comment": "[Play Freebird!](http://i.imgur.com/GtB44fb.png)", "date": "2016-06-29 11:33:12", "seriesname": "g386_d4snf81", "file": "/media/jbrogan4/scratch2/Reddit_Prov_Dataset_v6/_Cheering_hedgehog_(xpost_from_r_aww)/g386_d4snf81.png", "URL": "http://i.imgur.com/GtB44fb.png", "fileid": "g386_d4snf81.png"}, {"id": "g386_d4sijfh", "comment": "[Rock on little guy!](http://i.imgur.com/1pnYqEY.jpg)", "date": "2016-06-29 09:39:26", "seriesname": "g386_d4sijfh", "file": "/media/jbrogan4/scratch2/Reddit_Prov_Dataset_v6/_Cheering_hedgehog_(xpost_from_r_aww)/g386_d4sijfh.jpg", "URL": "http://i.imgur.com/1pnYqEY.jpg", "fileid": "g386_d4sijfh.jpg"}, {"id": "g386_d4serz4", "comment": "[Valar Morghulis, not headhogs](http://i.imgur.com/aZFsUFT.jpg)", "date": "2016-06-29 07:26:55", "seriesname": "g386_d4serz4", "file": "/media/jbrogan4/scratch2/Reddit_Prov_Dataset_v6/_Cheering_hedgehog_(xpost_from_r_aww)/g386_d4serz4.jpg", "URL": "http://i.imgur.com/aZFsUFT.jpg", "fileid": "g386_d4serz4.jpg"}, {"id": "g386_d4shokc", "comment": "I already did this a year ago. [Lift Your Skinny Hedgehogs Like Antennas to Heaven](http://i.imgur.com/mRqvDXx.jpg )", "date": "2016-06-29 09:14:46", "seriesname": "g386_d4shokc", "file": "/media/jbrogan4/scratch2/Reddit_Prov_Dataset_v6/_Cheering_hedgehog_(xpost_from_r_aww)/g386_d4shokc.jpg", "URL": "http://i.imgur.com/mRqvDXx.jpg", "fileid": "g386_d4shokc.jpg"}, {"id": "g386_d4snptj", "comment": "http://i.imgur.com/AW0OI2h.jpg\n\nSorry for the slop but im at work :P", "date": "2016-06-29 11:39:03", "seriesname": "g386_d4snptj", "file": "/media/jbrogan4/scratch2/Reddit_Prov_Dataset_v6/_Cheering_hedgehog_(xpost_from_r_aww)/g386_d4snptj.jpg", "URL": "http://i.imgur.com/AW0OI2h.jpg", "fileid": "g386_d4snptj.jpg"}, {"id": "g386_d4sthsk", "comment": "[The King in the North!](http://imgur.com/CYug4WB)\n\n*in", "date": "2016-06-29 13:31:04", "seriesname": "g386_d4sthsk", "file": "/media/jbrogan4/scratch2/Reddit_Prov_Dataset_v6/_Cheering_hedgehog_(xpost_from_r_aww)/g386_d4sthsk.png", "URL": "http://i.imgur.com/CYug4WB.png", "fileid": "g386_d4sthsk.png"}, {"id": "g386_d4t1bxi", "comment": "[fuck-off!](http://i.imgur.com/yqOwRrn.jpg)\n", "date": "2016-06-29 16:09:43", "seriesname": "g386_d4t1bxi", "file": "/media/jbrogan4/scratch2/Reddit_Prov_Dataset_v6/_Cheering_hedgehog_(xpost_from_r_aww)/g386_d4t1bxi.jpg", "URL": "http://i.imgur.com/yqOwRrn.jpg", "fileid": "g386_d4t1bxi.jpg"}, {"id": "g386_d4shj9q", "comment": "[State Of Freedom](http://imgur.com/ODoduOv)", "date": "2016-06-29 09:10:17", "seriesname": "g386_d4shj9q", "file": "/media/jbrogan4/scratch2/Reddit_Prov_Dataset_v6/_Cheering_hedgehog_(xpost_from_r_aww)/g386_d4shj9q.png", "URL": "http://i.imgur.com/ODoduOv.png", "fileid": "g386_d4shj9q.png"}, {"id": "g386_d4t05ml", "comment": "[Your drill is the drill that will pierce the Heavens!](http://i.imgur.com/uWKPhC0.jpg)", "date": "2016-06-29 15:46:23", "seriesname": "g386_d4t05ml", "file": "/media/jbrogan4/scratch2/Reddit_Prov_Dataset_v6/_Cheering_hedgehog_(xpost_from_r_aww)/g386_d4t05ml.jpg", "URL": "http://i.imgur.com/uWKPhC0.jpg", "fileid": "g386_d4t05ml.jpg"}, {"id": "g386_root", "comment": "", "date": "2016-06-29 04:28:19", "seriesname": "g386_root", "file": "/media/jbrogan4/scratch2/Reddit_Prov_Dataset_v6/_Cheering_hedgehog_(xpost_from_r_aww)/g386_root.jpg", "URL": "http://i.imgur.com/jxAKfjD.jpg", "fileid": "g386_root.jpg"}, {"id": "g386_d4ssoew", "comment": "Don't make me use this thing http://i.imgur.com/5zVT2yn.jpg", "date": "2016-06-29 13:15:06", "seriesname": "g386_d4ssoew", "file": "/media/jbrogan4/scratch2/Reddit_Prov_Dataset_v6/_Cheering_hedgehog_(xpost_from_r_aww)/g386_d4ssoew.jpg", "URL": "http://i.imgur.com/5zVT2yn.jpg", "fileid": "g386_d4ssoew.jpg"}, {"id": "g386_d4t29ue", "comment": "[Olympic Gold](http://i.imgur.com/S1i7tzJ.jpg)", "date": "2016-06-29 16:28:08", "seriesname": "g386_d4t29ue", "file": "/media/jbrogan4/scratch2/Reddit_Prov_Dataset_v6/_Cheering_hedgehog_(xpost_from_r_aww)/g386_d4t29ue.jpg", "URL": "http://i.imgur.com/S1i7tzJ.jpg", "fileid": "g386_d4t29ue.jpg"}], "graph": {"name": "g386_root"}, "directed": true}