{"links": [{"op": "none", "target": 0, "source": 28}, {"op": "none", "target": 1, "source": 45}, {"op": "none", "target": 2, "source": 20}, {"op": "none", "target": 3, "source": 45}, {"op": "none", "target": 4, "source": 45}, {"op": "none", "target": 5, "source": 46}, {"op": "none", "target": 6, "source": 45}, {"op": "none", "target": 7, "source": 14}, {"op": "none", "target": 8, "source": 45}, {"op": "none", "target": 9, "source": 45}, {"op": "none", "target": 10, "source": 18}, {"op": "none", "target": 11, "source": 45}, {"op": "none", "target": 12, "source": 45}, {"op": "none", "target": 13, "source": 45}, {"op": "none", "target": 14, "source": 10}, {"op": "none", "target": 15, "source": 45}, {"op": "none", "target": 16, "source": 45}, {"op": "none", "target": 17, "source": 27}, {"op": "none", "target": 18, "source": 40}, {"op": "none", "target": 19, "source": 45}, {"op": "none", "target": 20, "source": 44}, {"op": "none", "target": 21, "source": 45}, {"op": "none", "target": 22, "source": 45}, {"op": "none", "target": 23, "source": 45}, {"op": "none", "target": 24, "source": 45}, {"op": "none", "target": 25, "source": 45}, {"op": "none", "target": 26, "source": 45}, {"op": "none", "target": 27, "source": 33}, {"op": "none", "target": 28, "source": 45}, {"op": "none", "target": 29, "source": 45}, {"op": "none", "target": 30, "source": 17}, {"op": "none", "target": 31, "source": 45}, {"op": "none", "target": 32, "source": 45}, {"op": "none", "target": 33, "source": 37}, {"op": "none", "target": 34, "source": 37}, {"op": "none", "target": 35, "source": 45}, {"op": "none", "target": 36, "source": 35}, {"op": "none", "target": 37, "source": 45}, {"op": "none", "target": 38, "source": 45}, {"op": "none", "target": 39, "source": 45}, {"op": "none", "target": 40, "source": 30}, {"op": "none", "target": 41, "source": 45}, {"op": "none", "target": 42, "source": 45}, {"op": "none", "target": 43, "source": 45}, {"op": "none", "target": 44, "source": 45}, {"op": "none", "target": 46, "source": 45}], "title": "_Jeremy_Clarkson_laughing_at_Chris_Evans", "nodes": [{"id": "g398_d508kga", "comment": "It's because he always wears [the same looking shirt(s)](http://www.telegraph.co.uk/content/dam/news/2016/05/30/99420926_29-05-2016_-_Episode_Top_Gear_2016_Blackpool_No_1_-_Picture_Shows_Chris_Evans_Matt_LeB-large_trans++tR1WRZ4lb6BOb1-FBRpn-lFGGjcI28awSNtOPAVs6pc.png) in Top Gear.", "date": "2016-07-05 13:32:38", "seriesname": "g398_d508kga", "file": "/media/jbrogan4/scratch2/Reddit_Prov_Dataset_v6/_Jeremy_Clarkson_laughing_at_Chris_Evans/g398_d508kga.png", "URL": "http://www.telegraph.co.uk/content/dam/news/2016/05/30/99420926_29-05-2016_-_Episode_Top_Gear_2016_Blackpool_No_1_-_Picture_Shows_Chris_Evans_Matt_LeB-large_trans++tR1WRZ4lb6BOb1-FBRpn-lFGGjcI28awSNtOPAVs6pc.png", "fileid": "g398_d508kga.png"}, {"id": "g398_d50azaa", "comment": "[Smug](http://imgur.com/PjHSBSJ)", "date": "2016-07-05 14:22:48", "seriesname": "g398_d50azaa", "file": "/media/jbrogan4/scratch2/Reddit_Prov_Dataset_v6/_Jeremy_Clarkson_laughing_at_Chris_Evans/g398_d50azaa.png", "URL": "http://i.imgur.com/PjHSBSJ.png", "fileid": "g398_d50azaa.png"}, {"id": "g398_d509p4f", "comment": "[Here, you can have it!](http://i.imgur.com/Bs13d6O.jpg)", "date": "2016-07-05 13:56:08", "seriesname": "g398_d509p4f", "file": "/media/jbrogan4/scratch2/Reddit_Prov_Dataset_v6/_Jeremy_Clarkson_laughing_at_Chris_Evans/g398_d509p4f.jpg", "URL": "http://i.imgur.com/Bs13d6O.jpg", "fileid": "g398_d509p4f.jpg"}, {"id": "g398_d50ezpv", "comment": "http://i.imgur.com/0ayuJkU.jpg", "date": "2016-07-05 15:47:19", "seriesname": "g398_d50ezpv", "file": "/media/jbrogan4/scratch2/Reddit_Prov_Dataset_v6/_Jeremy_Clarkson_laughing_at_Chris_Evans/g398_d50ezpv.jpg", "URL": "http://i.imgur.com/0ayuJkU.jpg", "fileid": "g398_d50ezpv.jpg"}, {"id": "g398_d508ob0", "comment": "[The war never ends..](https://i.imgur.com/1D9kLIP.jpg)", "date": "2016-07-05 13:34:53", "seriesname": "g398_d508ob0", "file": "/media/jbrogan4/scratch2/Reddit_Prov_Dataset_v6/_Jeremy_Clarkson_laughing_at_Chris_Evans/g398_d508ob0.jpg", "URL": "https://i.imgur.com/1D9kLIP.jpg", "fileid": "g398_d508ob0.jpg"}, {"id": "g398_d506giu", "comment": "[Chris Evans](http://i.imgur.com/luPS0Mz.jpg)", "date": "2016-07-05 12:48:48", "seriesname": "g398_d506giu", "file": "/media/jbrogan4/scratch2/Reddit_Prov_Dataset_v6/_Jeremy_Clarkson_laughing_at_Chris_Evans/g398_d506giu.jpg", "URL": "http://i.imgur.com/luPS0Mz.jpg", "fileid": "g398_d506giu.jpg"}, {"id": "g398_d506uk5", "comment": "https://i.imgur.com/pR9a5Sp.jpg", "date": "2016-07-05 12:56:51", "seriesname": "g398_d506uk5", "file": "/media/jbrogan4/scratch2/Reddit_Prov_Dataset_v6/_Jeremy_Clarkson_laughing_at_Chris_Evans/g398_d506uk5.jpg", "URL": "https://i.imgur.com/pR9a5Sp.jpg", "fileid": "g398_d506uk5.jpg"}, {"id": "g398_d50d6n6", "comment": "[Aliens?](http://i.imgur.com/QZ1GhAJ.png)", "date": "2016-07-05 15:09:02", "seriesname": "g398_d50d6n6", "file": "/media/jbrogan4/scratch2/Reddit_Prov_Dataset_v6/_Jeremy_Clarkson_laughing_at_Chris_Evans/g398_d50d6n6.png", "URL": "http://i.imgur.com/QZ1GhAJ.png", "fileid": "g398_d50d6n6.png"}, {"id": "g398_d506mcp", "comment": "[Chris Evans crashing Top gears ratings](http://imgur.com/yU0MKww)", "date": "2016-07-05 12:52:07", "seriesname": "g398_d506mcp", "file": "/media/jbrogan4/scratch2/Reddit_Prov_Dataset_v6/_Jeremy_Clarkson_laughing_at_Chris_Evans/g398_d506mcp.png", "URL": "http://i.imgur.com/yU0MKww.png", "fileid": "g398_d506mcp.png"}, {"id": "g398_d50ezq9", "comment": "[Don't kick a man while he's down.](http://i.imgur.com/hC9F7kw.jpg)", "date": "2016-07-05 15:47:20", "seriesname": "g398_d50ezq9", "file": "/media/jbrogan4/scratch2/Reddit_Prov_Dataset_v6/_Jeremy_Clarkson_laughing_at_Chris_Evans/g398_d50ezq9.jpg", "URL": "http://i.imgur.com/hC9F7kw.jpg", "fileid": "g398_d50ezq9.jpg"}, {"id": "g398_d508lov", "comment": "[Deeper...](http://i.imgur.com/wLOgjKO.png)", "date": "2016-07-05 13:33:20", "seriesname": "g398_d508lov", "file": "/media/jbrogan4/scratch2/Reddit_Prov_Dataset_v6/_Jeremy_Clarkson_laughing_at_Chris_Evans/g398_d508lov.png", "URL": "http://i.imgur.com/wLOgjKO.png", "fileid": "g398_d508lov.png"}, {"id": "g398_d508l4i", "comment": "[Dr.Bunsen](http://i.imgur.com/cyyhHRR.jpg)", "date": "2016-07-05 13:33:00", "seriesname": "g398_d508l4i", "file": "/media/jbrogan4/scratch2/Reddit_Prov_Dataset_v6/_Jeremy_Clarkson_laughing_at_Chris_Evans/g398_d508l4i.jpg", "URL": "http://i.imgur.com/cyyhHRR.jpg", "fileid": "g398_d508l4i.jpg"}, {"id": "g398_d5093g0", "comment": "NSFW [Golden Dickbutt](http://i.imgur.com/YnuXpGs.jpg)", "date": "2016-07-05 13:43:32", "seriesname": "g398_d5093g0", "file": "/media/jbrogan4/scratch2/Reddit_Prov_Dataset_v6/_Jeremy_Clarkson_laughing_at_Chris_Evans/g398_d5093g0.jpg", "URL": "http://i.imgur.com/YnuXpGs.jpg", "fileid": "g398_d5093g0.jpg"}, {"id": "g398_d505b3w", "comment": "[This fish](http://i.imgur.com/JQdNtaP.jpg)", "date": "2016-07-05 12:25:00", "seriesname": "g398_d505b3w", "file": "/media/jbrogan4/scratch2/Reddit_Prov_Dataset_v6/_Jeremy_Clarkson_laughing_at_Chris_Evans/g398_d505b3w.jpg", "URL": "http://i.imgur.com/JQdNtaP.jpg", "fileid": "g398_d505b3w.jpg"}, {"id": "g398_d50a83o", "comment": "[Once more unto the breach, dear friends, once more.](https://i.imgur.com/LPf7NLo.png)", "date": "2016-07-05 14:06:57", "seriesname": "g398_d50a83o", "file": "/media/jbrogan4/scratch2/Reddit_Prov_Dataset_v6/_Jeremy_Clarkson_laughing_at_Chris_Evans/g398_d50a83o.png", "URL": "https://i.imgur.com/LPf7NLo.png", "fileid": "g398_d50a83o.png"}, {"id": "g398_d504z4i", "comment": "[Tumblr](http://i.imgur.com/kv0uLWV.png)", "date": "2016-07-05 12:18:01", "seriesname": "g398_d504z4i", "file": "/media/jbrogan4/scratch2/Reddit_Prov_Dataset_v6/_Jeremy_Clarkson_laughing_at_Chris_Evans/g398_d504z4i.png", "URL": "http://i.imgur.com/kv0uLWV.png", "fileid": "g398_d504z4i.png"}, {"id": "g398_d506liq", "comment": "[That famous ginger hair](http://i.imgur.com/Y15Xedq.png)", "date": "2016-07-05 12:51:39", "seriesname": "g398_d506liq", "file": "/media/jbrogan4/scratch2/Reddit_Prov_Dataset_v6/_Jeremy_Clarkson_laughing_at_Chris_Evans/g398_d506liq.png", "URL": "http://i.imgur.com/Y15Xedq.png", "fileid": "g398_d506liq.png"}, {"id": "g398_d504ggh", "comment": "http://i.imgur.com/AyZzsLU.png", "date": "2016-07-05 12:07:07", "seriesname": "g398_d504ggh", "file": "/media/jbrogan4/scratch2/Reddit_Prov_Dataset_v6/_Jeremy_Clarkson_laughing_at_Chris_Evans/g398_d504ggh.png", "URL": "http://i.imgur.com/AyZzsLU.png", "fileid": "g398_d504ggh.png"}, {"id": "g398_d506s63", "comment": "[Not to be outdone](https://i.imgur.com/RTsBpou.png)", "date": "2016-07-05 12:55:29", "seriesname": "g398_d506s63", "file": "/media/jbrogan4/scratch2/Reddit_Prov_Dataset_v6/_Jeremy_Clarkson_laughing_at_Chris_Evans/g398_d506s63.png", "URL": "https://i.imgur.com/RTsBpou.png", "fileid": "g398_d506s63.png"}, {"id": "g398_d504is8", "comment": "\n[May I have that Fries now?](http://i.imgur.com/ZDSbnKa.jpg)\n", "date": "2016-07-05 12:08:31", "seriesname": "g398_d504is8", "file": "/media/jbrogan4/scratch2/Reddit_Prov_Dataset_v6/_Jeremy_Clarkson_laughing_at_Chris_Evans/g398_d504is8.jpg", "URL": "http://i.imgur.com/ZDSbnKa.jpg", "fileid": "g398_d504is8.jpg"}, {"id": "g398_d5056tw", "comment": "[What about a beautiful mermaid?](http://i.imgur.com/7fU7ZXv.png)", "date": "2016-07-05 12:22:31", "seriesname": "g398_d5056tw", "file": "/media/jbrogan4/scratch2/Reddit_Prov_Dataset_v6/_Jeremy_Clarkson_laughing_at_Chris_Evans/g398_d5056tw.png", "URL": "http://i.imgur.com/7fU7ZXv.png", "fileid": "g398_d5056tw.png"}, {"id": "g398_d50dn9f", "comment": "You know deep down they love each other....http://imgur.com/enUK3tn ", "date": "2016-07-05 15:18:52", "seriesname": "g398_d50dn9f", "file": "/media/jbrogan4/scratch2/Reddit_Prov_Dataset_v6/_Jeremy_Clarkson_laughing_at_Chris_Evans/g398_d50dn9f.png", "URL": "http://i.imgur.com/enUK3tn.png", "fileid": "g398_d50dn9f.png"}, {"id": "g398_d50j9si", "comment": "[Jeremy Clarkson makes fun of the guy dressed as a strawberry eating cream at Wimbledon ](http://i.imgur.com/mpIEMts.png)", "date": "2016-07-05 17:19:50", "seriesname": "g398_d50j9si", "file": "/media/jbrogan4/scratch2/Reddit_Prov_Dataset_v6/_Jeremy_Clarkson_laughing_at_Chris_Evans/g398_d50j9si.png", "URL": "http://i.imgur.com/mpIEMts.png", "fileid": "g398_d50j9si.png"}, {"id": "g398_d5032yk", "comment": "[Windy Day](http://i.imgur.com/dlWIm44.png) ", "date": "2016-07-05 11:38:15", "seriesname": "g398_d5032yk", "file": "/media/jbrogan4/scratch2/Reddit_Prov_Dataset_v6/_Jeremy_Clarkson_laughing_at_Chris_Evans/g398_d5032yk.png", "URL": "http://i.imgur.com/dlWIm44.png", "fileid": "g398_d5032yk.png"}, {"id": "g398_d502dxv", "comment": "http://imgur.com/vyFRUHB", "date": "2016-07-05 11:24:05", "seriesname": "g398_d502dxv", "file": "/media/jbrogan4/scratch2/Reddit_Prov_Dataset_v6/_Jeremy_Clarkson_laughing_at_Chris_Evans/g398_d502dxv.png", "URL": "http://i.imgur.com/vyFRUHB.png", "fileid": "g398_d502dxv.png"}, {"id": "g398_d52eppp", "comment": "[Laughing at Ronaldo for loosing against Greece in Euro 2004 final](http://imgur.com/STYDKe4)", "date": "2016-07-07 00:13:09", "seriesname": "g398_d52eppp", "file": "/media/jbrogan4/scratch2/Reddit_Prov_Dataset_v6/_Jeremy_Clarkson_laughing_at_Chris_Evans/g398_d52eppp.png", "URL": "http://i.imgur.com/STYDKe4.png", "fileid": "g398_d52eppp.png"}, {"id": "g398_d505ic1", "comment": "[Ahead of the Curve](http://i.imgur.com/sKegshh.png)", "date": "2016-07-05 12:29:09", "seriesname": "g398_d505ic1", "file": "/media/jbrogan4/scratch2/Reddit_Prov_Dataset_v6/_Jeremy_Clarkson_laughing_at_Chris_Evans/g398_d505ic1.png", "URL": "http://i.imgur.com/sKegshh.png", "fileid": "g398_d505ic1.png"}, {"id": "g398_d5032k7", "comment": "[If we couldn't laugh we would all go insane](https://i.imgur.com/vI6wSX9.png)", "date": "2016-07-05 11:38:01", "seriesname": "g398_d5032k7", "file": "/media/jbrogan4/scratch2/Reddit_Prov_Dataset_v6/_Jeremy_Clarkson_laughing_at_Chris_Evans/g398_d5032k7.png", "URL": "https://i.imgur.com/vI6wSX9.png", "fileid": "g398_d5032k7.png"}, {"id": "g398_d505yaj", "comment": "http://i.imgur.com/Ze6uibZ.jpeg", "date": "2016-07-05 12:38:15", "seriesname": "g398_d505yaj", "file": "/media/jbrogan4/scratch2/Reddit_Prov_Dataset_v6/_Jeremy_Clarkson_laughing_at_Chris_Evans/g398_d505yaj.jpg", "URL": "http://i.imgur.com/Ze6uibZ.jpeg", "fileid": "g398_d505yaj.jpeg"}, {"id": "g398_d50k4ei", "comment": "[I'm a little drunk. Is this funny?](http://i.imgur.com/1F2UIcz.png)", "date": "2016-07-05 17:39:14", "seriesname": "g398_d50k4ei", "file": "/media/jbrogan4/scratch2/Reddit_Prov_Dataset_v6/_Jeremy_Clarkson_laughing_at_Chris_Evans/g398_d50k4ei.png", "URL": "http://i.imgur.com/1F2UIcz.png", "fileid": "g398_d50k4ei.png"}, {"id": "g398_d505894", "comment": "[Let's go real meta on this one](https://i.imgur.com/RHl6KNL.png)", "date": "2016-07-05 12:23:21", "seriesname": "g398_d505894", "file": "/media/jbrogan4/scratch2/Reddit_Prov_Dataset_v6/_Jeremy_Clarkson_laughing_at_Chris_Evans/g398_d505894.png", "URL": "https://i.imgur.com/RHl6KNL.png", "fileid": "g398_d505894.png"}, {"id": "g398_d505wab", "comment": "[Methinks the BBC feel a bit ashamed at the ratings and of Chris.](https://imgur.com/DGaa2xJ)", "date": "2016-07-05 12:37:08", "seriesname": "g398_d505wab", "file": "/media/jbrogan4/scratch2/Reddit_Prov_Dataset_v6/_Jeremy_Clarkson_laughing_at_Chris_Evans/g398_d505wab.png", "URL": "http://i.imgur.com/DGaa2xJ.png", "fileid": "g398_d505wab.png"}, {"id": "g398_d503sky", "comment": "[I couldn't help myself.](http://i.imgur.com/aUC76JI.png)", "date": "2016-07-05 11:53:08", "seriesname": "g398_d503sky", "file": "/media/jbrogan4/scratch2/Reddit_Prov_Dataset_v6/_Jeremy_Clarkson_laughing_at_Chris_Evans/g398_d503sky.png", "URL": "http://i.imgur.com/aUC76JI.png", "fileid": "g398_d503sky.png"}, {"id": "g398_d502mmg", "comment": "[i had to, sorry](http://i.imgur.com/mR6RN0g.png)", "date": "2016-07-05 11:29:02", "seriesname": "g398_d502mmg", "file": "/media/jbrogan4/scratch2/Reddit_Prov_Dataset_v6/_Jeremy_Clarkson_laughing_at_Chris_Evans/g398_d502mmg.png", "URL": "http://i.imgur.com/mR6RN0g.png", "fileid": "g398_d502mmg.png"}, {"id": "g398_d506g9n", "comment": "https://i.imgur.com/Nwj4RpM.jpg", "date": "2016-07-05 12:48:39", "seriesname": "g398_d506g9n", "file": "/media/jbrogan4/scratch2/Reddit_Prov_Dataset_v6/_Jeremy_Clarkson_laughing_at_Chris_Evans/g398_d506g9n.jpg", "URL": "https://i.imgur.com/Nwj4RpM.jpg", "fileid": "g398_d506g9n.jpg"}, {"id": "g398_d503xg5", "comment": "[I have no idea what I'm doing](http://i.imgur.com/iimLIit.jpg)", "date": "2016-07-05 11:56:00", "seriesname": "g398_d503xg5", "file": "/media/jbrogan4/scratch2/Reddit_Prov_Dataset_v6/_Jeremy_Clarkson_laughing_at_Chris_Evans/g398_d503xg5.jpg", "URL": "http://i.imgur.com/iimLIit.jpg", "fileid": "g398_d503xg5.jpg"}, {"id": "g398_d509b9e", "comment": "... [And you didn't go far enough](http://i.imgur.com/phXimJU.jpg)", "date": "2016-07-05 13:48:06", "seriesname": "g398_d509b9e", "file": "/media/jbrogan4/scratch2/Reddit_Prov_Dataset_v6/_Jeremy_Clarkson_laughing_at_Chris_Evans/g398_d509b9e.jpg", "URL": "http://i.imgur.com/phXimJU.jpg", "fileid": "g398_d509b9e.jpg"}, {"id": "g398_d501w88", "comment": "[That's rather mean spirited.](https://i.imgur.com/blOCKay.png)", "date": "2016-07-05 11:13:45", "seriesname": "g398_d501w88", "file": "/media/jbrogan4/scratch2/Reddit_Prov_Dataset_v6/_Jeremy_Clarkson_laughing_at_Chris_Evans/g398_d501w88.png", "URL": "https://i.imgur.com/blOCKay.png", "fileid": "g398_d501w88.png"}, {"id": "g398_d50cncz", "comment": "[With his hamster](http://i.imgur.com/PqeBNGZ.jpg)", "date": "2016-07-05 14:57:39", "seriesname": "g398_d50cncz", "file": "/media/jbrogan4/scratch2/Reddit_Prov_Dataset_v6/_Jeremy_Clarkson_laughing_at_Chris_Evans/g398_d50cncz.jpg", "URL": "http://i.imgur.com/PqeBNGZ.jpg", "fileid": "g398_d50cncz.jpg"}, {"id": "g398_d508xw0", "comment": "[Giant Jeremy fixes the leaning tower of Piza](http://i.imgur.com/iVaKIKq.jpg)", "date": "2016-07-05 13:40:18", "seriesname": "g398_d508xw0", "file": "/media/jbrogan4/scratch2/Reddit_Prov_Dataset_v6/_Jeremy_Clarkson_laughing_at_Chris_Evans/g398_d508xw0.jpg", "URL": "http://i.imgur.com/iVaKIKq.jpg", "fileid": "g398_d508xw0.jpg"}, {"id": "g398_d505xih", "comment": "http://i.imgur.com/uzdXYsb.png\n", "date": "2016-07-05 12:37:50", "seriesname": "g398_d505xih", "file": "/media/jbrogan4/scratch2/Reddit_Prov_Dataset_v6/_Jeremy_Clarkson_laughing_at_Chris_Evans/g398_d505xih.png", "URL": "http://i.imgur.com/uzdXYsb.png", "fileid": "g398_d505xih.png"}, {"id": "g398_d506u89", "comment": "Heh, [immature comedy](http://imgur.com/Tc3jKhr)", "date": "2016-07-05 12:56:39", "seriesname": "g398_d506u89", "file": "/media/jbrogan4/scratch2/Reddit_Prov_Dataset_v6/_Jeremy_Clarkson_laughing_at_Chris_Evans/g398_d506u89.png", "URL": "http://i.imgur.com/Tc3jKhr.png", "fileid": "g398_d506u89.png"}, {"id": "g398_d506onn", "comment": "[Snow Clarkson](https://i.imgur.com/RPV8ztK.jpg)", "date": "2016-07-05 12:53:27", "seriesname": "g398_d506onn", "file": "/media/jbrogan4/scratch2/Reddit_Prov_Dataset_v6/_Jeremy_Clarkson_laughing_at_Chris_Evans/g398_d506onn.jpg", "URL": "https://i.imgur.com/RPV8ztK.jpg", "fileid": "g398_d506onn.jpg"}, {"id": "g398_d509y8l", "comment": "[WTF is wrong with this guy?](http://i.imgur.com/pFKCW8y.png)", "date": "2016-07-05 14:01:21", "seriesname": "g398_d509y8l", "file": "/media/jbrogan4/scratch2/Reddit_Prov_Dataset_v6/_Jeremy_Clarkson_laughing_at_Chris_Evans/g398_d509y8l.png", "URL": "http://i.imgur.com/pFKCW8y.png", "fileid": "g398_d509y8l.png"}, {"id": "g398_d503waj", "comment": "[Centerfold](http://i.imgur.com/ZJggdqm.jpg) ", "date": "2016-07-05 11:55:19", "seriesname": "g398_d503waj", "file": "/media/jbrogan4/scratch2/Reddit_Prov_Dataset_v6/_Jeremy_Clarkson_laughing_at_Chris_Evans/g398_d503waj.jpg", "URL": "http://i.imgur.com/ZJggdqm.jpg", "fileid": "g398_d503waj.jpg"}, {"id": "g398_root", "comment": "", "date": "2016-07-05 10:39:29", "seriesname": "g398_root", "file": "/media/jbrogan4/scratch2/Reddit_Prov_Dataset_v6/_Jeremy_Clarkson_laughing_at_Chris_Evans/g398_root.jpg", "URL": "http://i.dailymail.co.uk/i/pix/2015/07/13/00/28EE1A5D00000578-3158671-image-a-89_1436744956058.jpg", "fileid": "g398_root.jpg"}, {"id": "g398_d505mz2", "comment": "[Kelly](http://i.imgur.com/OeK0Rly.jpg)\n\nShout-out to /r/HybridHumans\n\nAlso, [Here's a higher res version of the source image.](http://i.imgur.com/G4jQGmp.jpg)", "date": "2016-07-05 12:31:49", "seriesname": "g398_d505mz2", "file": "/media/jbrogan4/scratch2/Reddit_Prov_Dataset_v6/_Jeremy_Clarkson_laughing_at_Chris_Evans/g398_d505mz2.jpg", "URL": "http://i.imgur.com/G4jQGmp.jpg", "fileid": "g398_d505mz2.jpg"}], "graph": {"name": "g398_root"}, "directed": true}