{"links": [{"op": "none", "target": 0, "source": 47}, {"op": "none", "target": 1, "source": 33}, {"op": "none", "target": 2, "source": 47}, {"op": "none", "target": 3, "source": 47}, {"op": "none", "target": 4, "source": 39}, {"op": "none", "target": 5, "source": 47}, {"op": "none", "target": 6, "source": 12}, {"op": "none", "target": 7, "source": 47}, {"op": "none", "target": 8, "source": 47}, {"op": "none", "target": 9, "source": 2}, {"op": "none", "target": 10, "source": 47}, {"op": "none", "target": 11, "source": 47}, {"op": "none", "target": 12, "source": 47}, {"op": "none", "target": 13, "source": 47}, {"op": "none", "target": 14, "source": 47}, {"op": "none", "target": 15, "source": 47}, {"op": "none", "target": 16, "source": 6}, {"op": "none", "target": 17, "source": 47}, {"op": "none", "target": 18, "source": 47}, {"op": "none", "target": 19, "source": 47}, {"op": "none", "target": 20, "source": 47}, {"op": "none", "target": 21, "source": 47}, {"op": "none", "target": 22, "source": 47}, {"op": "none", "target": 23, "source": 47}, {"op": "none", "target": 24, "source": 47}, {"op": "none", "target": 25, "source": 47}, {"op": "none", "target": 26, "source": 47}, {"op": "none", "target": 27, "source": 47}, {"op": "none", "target": 28, "source": 47}, {"op": "none", "target": 29, "source": 23}, {"op": "none", "target": 30, "source": 31}, {"op": "none", "target": 31, "source": 47}, {"op": "none", "target": 32, "source": 47}, {"op": "none", "target": 33, "source": 47}, {"op": "none", "target": 34, "source": 47}, {"op": "none", "target": 35, "source": 47}, {"op": "none", "target": 36, "source": 47}, {"op": "none", "target": 37, "source": 47}, {"op": "none", "target": 38, "source": 47}, {"op": "none", "target": 39, "source": 47}, {"op": "none", "target": 40, "source": 47}, {"op": "none", "target": 41, "source": 47}, {"op": "none", "target": 42, "source": 47}, {"op": "none", "target": 43, "source": 47}, {"op": "none", "target": 44, "source": 47}, {"op": "none", "target": 45, "source": 47}, {"op": "none", "target": 46, "source": 47}, {"op": "none", "target": 48, "source": 47}, {"op": "none", "target": 49, "source": 47}], "title": "_Bored_child_waiting_in_line", "nodes": [{"id": "g402_d12cwvk", "comment": "[Courtesy of Snagit Editor](http://imgur.com/Ie9ncOd)", "date": "2016-03-16 15:46:30", "seriesname": "g402_d12cwvk", "file": "/media/jbrogan4/scratch2/Reddit_Prov_Dataset_v6/_Bored_child_waiting_in_line/g402_d12cwvk.png", "URL": "http://i.imgur.com/Ie9ncOd.png", "fileid": "g402_d12cwvk.png"}, {"id": "g402_d12f0gr", "comment": "[If you say so!](http://i.imgur.com/N3shRME.jpg)\n\nEdit: Holy shit. My first Reddit gold. Thanks a lot!", "date": "2016-03-16 16:31:29", "seriesname": "g402_d12f0gr", "file": "/media/jbrogan4/scratch2/Reddit_Prov_Dataset_v6/_Bored_child_waiting_in_line/g402_d12f0gr.jpg", "URL": "http://i.imgur.com/N3shRME.jpg", "fileid": "g402_d12f0gr.jpg"}, {"id": "g402_d11zhzr", "comment": "[daddy!](http://i.imgur.com/T8pB2nG.jpg)", "date": "2016-03-16 10:43:56", "seriesname": "g402_d11zhzr", "file": "/media/jbrogan4/scratch2/Reddit_Prov_Dataset_v6/_Bored_child_waiting_in_line/g402_d11zhzr.jpg", "URL": "http://i.imgur.com/T8pB2nG.jpg", "fileid": "g402_d11zhzr.jpg"}, {"id": "g402_d12rcdc", "comment": "[**DEMENTOR DEMENTOR!**](http://i.imgur.com/2ZKOGCo.png?1)", "date": "2016-03-16 21:41:54", "seriesname": "g402_d12rcdc", "file": "/media/jbrogan4/scratch2/Reddit_Prov_Dataset_v6/_Bored_child_waiting_in_line/g402_d12rcdc.png", "URL": "http://i.imgur.com/2ZKOGCo.png?1", "fileid": "g402_d12rcdc.png"}, {"id": "g402_d124vfq", "comment": "Obviously, here's my [source image.](http://i.imgur.com/tZ96yPq.jpg)", "date": "2016-03-16 12:47:29", "seriesname": "g402_d124vfq", "file": "/media/jbrogan4/scratch2/Reddit_Prov_Dataset_v6/_Bored_child_waiting_in_line/g402_d124vfq.jpg", "URL": "http://i.imgur.com/tZ96yPq.jpg", "fileid": "g402_d124vfq.jpg"}, {"id": "g402_d122xm0", "comment": "[Hurry up!](http://i.imgur.com/nPyKC8Q.jpg)", "date": "2016-03-16 12:04:32", "seriesname": "g402_d122xm0", "file": "/media/jbrogan4/scratch2/Reddit_Prov_Dataset_v6/_Bored_child_waiting_in_line/g402_d122xm0.jpg", "URL": "http://i.imgur.com/nPyKC8Q.jpg", "fileid": "g402_d122xm0.jpg"}, {"id": "g402_d122n8e", "comment": "It looks like it is [this](http://i.imgur.com/dmVIM1B.jpg). The picture OP photoshoped is as far as I know from the Demons and Angels movie. As far as I know the statue is called \"Half angel half demon\".\n\n[Here is the original photo without photoshop](http://i.imgur.com/7HzBtwd.jpg)", "date": "2016-03-16 11:58:09", "seriesname": "g402_d122n8e", "file": "/media/jbrogan4/scratch2/Reddit_Prov_Dataset_v6/_Bored_child_waiting_in_line/g402_d122n8e.jpg", "URL": "http://i.imgur.com/7HzBtwd.jpg", "fileid": "g402_d122n8e.jpg"}, {"id": "g402_d1292u4", "comment": "[demon child](http://imgur.com/TKZDdzs)", "date": "2016-03-16 14:20:35", "seriesname": "g402_d1292u4", "file": "/media/jbrogan4/scratch2/Reddit_Prov_Dataset_v6/_Bored_child_waiting_in_line/g402_d1292u4.png", "URL": "http://i.imgur.com/TKZDdzs.png", "fileid": "g402_d1292u4.png"}, {"id": "g402_d1242fm", "comment": "[Han Solo](http://i1159.photobucket.com/albums/p636/Jake_Jankowski/pshansolo_zpsyu6tjxot.png)", "date": "2016-03-16 12:29:48", "seriesname": "g402_d1242fm", "file": "/media/jbrogan4/scratch2/Reddit_Prov_Dataset_v6/_Bored_child_waiting_in_line/g402_d1242fm.png", "URL": "http://i1159.photobucket.com/albums/p636/Jake_Jankowski/pshansolo_zpsyu6tjxot.png", "fileid": "g402_d1242fm.png"}, {"id": "g402_d122r82", "comment": "[Like father, like daughter.](http://i.imgur.com/3EORezD.jpg)", "date": "2016-03-16 12:00:36", "seriesname": "g402_d122r82", "file": "/media/jbrogan4/scratch2/Reddit_Prov_Dataset_v6/_Bored_child_waiting_in_line/g402_d122r82.jpg", "URL": "http://i.imgur.com/3EORezD.jpg", "fileid": "g402_d122r82.jpg"}, {"id": "g402_d124eqc", "comment": "[First thing that came to mind](http://i.imgur.com/y99cU6j.jpg)", "date": "2016-03-16 12:37:20", "seriesname": "g402_d124eqc", "file": "/media/jbrogan4/scratch2/Reddit_Prov_Dataset_v6/_Bored_child_waiting_in_line/g402_d124eqc.jpg", "URL": "http://i.imgur.com/y99cU6j.jpg", "fileid": "g402_d124eqc.jpg"}, {"id": "g402_d125qzw", "comment": "[Music for the Jilted Generation](http://i.imgur.com/qVUifsx.png)", "date": "2016-03-16 13:06:44", "seriesname": "g402_d125qzw", "file": "/media/jbrogan4/scratch2/Reddit_Prov_Dataset_v6/_Bored_child_waiting_in_line/g402_d125qzw.png", "URL": "http://i.imgur.com/qVUifsx.png", "fileid": "g402_d125qzw.png"}, {"id": "g402_d120y16", "comment": "http://i.imgur.com/4NGwLHI.jpg", "date": "2016-03-16 11:18:47", "seriesname": "g402_d120y16", "file": "/media/jbrogan4/scratch2/Reddit_Prov_Dataset_v6/_Bored_child_waiting_in_line/g402_d120y16.jpg", "URL": "http://i.imgur.com/4NGwLHI.jpg", "fileid": "g402_d120y16.jpg"}, {"id": "g402_d12o7yb", "comment": "Is it a new Silent Hill Movie trailer?\nhttp://i.imgur.com/XLHkGdg.jpg", "date": "2016-03-16 20:16:02", "seriesname": "g402_d12o7yb", "file": "/media/jbrogan4/scratch2/Reddit_Prov_Dataset_v6/_Bored_child_waiting_in_line/g402_d12o7yb.jpg", "URL": "http://i.imgur.com/XLHkGdg.jpg", "fileid": "g402_d12o7yb.jpg"}, {"id": "g402_d120yfs", "comment": "[It's only a state of mind.](http://i.imgur.com/jb1Ajwa.jpg)\n\n*Edit: [Another.](http://i.imgur.com/eyPmWZB.jpg)*\n\n*Now the [theme song](https://www.youtube.com/watch?v=9HtHEgINHO0) is stuck in my mind.*", "date": "2016-03-16 11:19:04", "seriesname": "g402_d120yfs", "file": "/media/jbrogan4/scratch2/Reddit_Prov_Dataset_v6/_Bored_child_waiting_in_line/g402_d120yfs.jpg", "URL": "http://i.imgur.com/eyPmWZB.jpg)*", "fileid": "g402_d120yfs.jpg*"}, {"id": "g402_d12p0a2", "comment": "[The face on Mars](http://i.imgur.com/axDU9ai.jpg)", "date": "2016-03-16 20:37:25", "seriesname": "g402_d12p0a2", "file": "/media/jbrogan4/scratch2/Reddit_Prov_Dataset_v6/_Bored_child_waiting_in_line/g402_d12p0a2.jpg", "URL": "http://i.imgur.com/axDU9ai.jpg", "fileid": "g402_d12p0a2.jpg"}, {"id": "g402_d12dpsk", "comment": "[Larger version for anyone interested.](http://imgur.com/Oe5OVAD.jpg)\n\nAnd someone made [a wallpaper](http://imgur.com/adCZNxu) as well.", "date": "2016-03-16 16:04:06", "seriesname": "g402_d12dpsk", "file": "/media/jbrogan4/scratch2/Reddit_Prov_Dataset_v6/_Bored_child_waiting_in_line/g402_d12dpsk.png", "URL": "http://i.imgur.com/adCZNxu.png", "fileid": "g402_d12dpsk.png"}, {"id": "g402_d121s32", "comment": "http://imgur.com/qdQ6U7z.jpg", "date": "2016-03-16 11:38:27", "seriesname": "g402_d121s32", "file": "/media/jbrogan4/scratch2/Reddit_Prov_Dataset_v6/_Bored_child_waiting_in_line/g402_d121s32.jpg", "URL": "http://imgur.com/qdQ6U7z.jpg", "fileid": "g402_d121s32.jpg"}, {"id": "g402_d122gad", "comment": "[I knew her booty isn't real!](http://i.imgur.com/HeZ49Jl.jpg)", "date": "2016-03-16 11:53:48", "seriesname": "g402_d122gad", "file": "/media/jbrogan4/scratch2/Reddit_Prov_Dataset_v6/_Bored_child_waiting_in_line/g402_d122gad.jpg", "URL": "http://i.imgur.com/HeZ49Jl.jpg", "fileid": "g402_d122gad.jpg"}, {"id": "g402_d129q41", "comment": "You shouldn't be in the restricted section.. http://i.imgur.com/krQ7pYx.png", "date": "2016-03-16 14:35:06", "seriesname": "g402_d129q41", "file": "/media/jbrogan4/scratch2/Reddit_Prov_Dataset_v6/_Bored_child_waiting_in_line/g402_d129q41.png", "URL": "http://i.imgur.com/krQ7pYx.png", "fileid": "g402_d129q41.png"}, {"id": "g402_d126xv0", "comment": "[Calvin and Hobbes](http://i.imgur.com/mxH6nAq.png)\n\noriginal for those who haven't seen it - http://i.imgur.com/3aPaJ12.png", "date": "2016-03-16 13:33:06", "seriesname": "g402_d126xv0", "file": "/media/jbrogan4/scratch2/Reddit_Prov_Dataset_v6/_Bored_child_waiting_in_line/g402_d126xv0.png", "URL": "http://i.imgur.com/3aPaJ12.png", "fileid": "g402_d126xv0.png"}, {"id": "g402_d12cy34", "comment": "http://i.imgur.com/kSI25Xx.jpg?1", "date": "2016-03-16 15:47:14", "seriesname": "g402_d12cy34", "file": "/media/jbrogan4/scratch2/Reddit_Prov_Dataset_v6/_Bored_child_waiting_in_line/g402_d12cy34.jpg", "URL": "http://i.imgur.com/kSI25Xx.jpg?1", "fileid": "g402_d12cy34.jpg"}, {"id": "g402_d12phzb", "comment": "[Go to sleep!](http://imgur.com/K7HfLUF)", "date": "2016-03-16 20:50:53", "seriesname": "g402_d12phzb", "file": "/media/jbrogan4/scratch2/Reddit_Prov_Dataset_v6/_Bored_child_waiting_in_line/g402_d12phzb.png", "URL": "http://i.imgur.com/K7HfLUF.png", "fileid": "g402_d12phzb.png"}, {"id": "g402_d11z7ac", "comment": "[The Scream](http://i.imgur.com/RPThuex.jpg)", "date": "2016-03-16 10:36:26", "seriesname": "g402_d11z7ac", "file": "/media/jbrogan4/scratch2/Reddit_Prov_Dataset_v6/_Bored_child_waiting_in_line/g402_d11z7ac.jpg", "URL": "http://i.imgur.com/RPThuex.jpg", "fileid": "g402_d11z7ac.jpg"}, {"id": "g402_d132y8s", "comment": "http://imgur.com/zMMv7zD", "date": "2016-03-17 05:55:13", "seriesname": "g402_d132y8s", "file": "/media/jbrogan4/scratch2/Reddit_Prov_Dataset_v6/_Bored_child_waiting_in_line/g402_d132y8s.png", "URL": "http://i.imgur.com/zMMv7zD.png", "fileid": "g402_d132y8s.png"}, {"id": "g402_d122bww", "comment": "[Tribute 4 Trump](http://i.imgur.com/rjqcRFk.jpg)", "date": "2016-03-16 11:51:09", "seriesname": "g402_d122bww", "file": "/media/jbrogan4/scratch2/Reddit_Prov_Dataset_v6/_Bored_child_waiting_in_line/g402_d122bww.jpg", "URL": "http://i.imgur.com/rjqcRFk.jpg", "fileid": "g402_d122bww.jpg"}, {"id": "g402_d12bcf3", "comment": "[Damn it Quirrell! I said take ~~of~~ off the turban!!](http://i.imgur.com/lRl8wGr.jpg)\n\n(My first attempt at PSbattles, please be gentle)", "date": "2016-03-16 15:11:15", "seriesname": "g402_d12bcf3", "file": "/media/jbrogan4/scratch2/Reddit_Prov_Dataset_v6/_Bored_child_waiting_in_line/g402_d12bcf3.jpg", "URL": "http://i.imgur.com/lRl8wGr.jpg", "fileid": "g402_d12bcf3.jpg"}, {"id": "g402_d123emp", "comment": "[Contagious](http://i.imgur.com/6w1MGgr.jpg)", "date": "2016-03-16 12:15:13", "seriesname": "g402_d123emp", "file": "/media/jbrogan4/scratch2/Reddit_Prov_Dataset_v6/_Bored_child_waiting_in_line/g402_d123emp.jpg", "URL": "http://i.imgur.com/6w1MGgr.jpg", "fileid": "g402_d123emp.jpg"}, {"id": "g402_d1234ki", "comment": "[The Doof Warrior rides on the Fury Road](http://i.imgur.com/drnxdvT.jpg)", "date": "2016-03-16 12:08:53", "seriesname": "g402_d1234ki", "file": "/media/jbrogan4/scratch2/Reddit_Prov_Dataset_v6/_Bored_child_waiting_in_line/g402_d1234ki.jpg", "URL": "http://i.imgur.com/drnxdvT.jpg", "fileid": "g402_d1234ki.jpg"}, {"id": "g402_d12ruvd", "comment": "Nice! Alternatively: http://imgur.com/IsIAcZw", "date": "2016-03-16 21:56:07", "seriesname": "g402_d12ruvd", "file": "/media/jbrogan4/scratch2/Reddit_Prov_Dataset_v6/_Bored_child_waiting_in_line/g402_d12ruvd.png", "URL": "http://i.imgur.com/IsIAcZw.png", "fileid": "g402_d12ruvd.png"}, {"id": "g402_d1282iu", "comment": "http://i.imgur.com/GRWuAOA.jpg", "date": "2016-03-16 13:57:58", "seriesname": "g402_d1282iu", "file": "/media/jbrogan4/scratch2/Reddit_Prov_Dataset_v6/_Bored_child_waiting_in_line/g402_d1282iu.jpg", "URL": "http://i.imgur.com/GRWuAOA.jpg", "fileid": "g402_d1282iu.jpg"}, {"id": "g402_d122bwf", "comment": "[BUBBLES!](http://i.imgur.com/DVaX3Mx.jpg)", "date": "2016-03-16 11:51:08", "seriesname": "g402_d122bwf", "file": "/media/jbrogan4/scratch2/Reddit_Prov_Dataset_v6/_Bored_child_waiting_in_line/g402_d122bwf.jpg", "URL": "http://i.imgur.com/DVaX3Mx.jpg", "fileid": "g402_d122bwf.jpg"}, {"id": "g402_d120mg9", "comment": "[QUAAAIIID!!](http://i.imgur.com/Ek1zjUz.png)", "date": "2016-03-16 11:11:07", "seriesname": "g402_d120mg9", "file": "/media/jbrogan4/scratch2/Reddit_Prov_Dataset_v6/_Bored_child_waiting_in_line/g402_d120mg9.png", "URL": "http://i.imgur.com/Ek1zjUz.png", "fileid": "g402_d120mg9.png"}, {"id": "g402_d123u9s", "comment": "[It's a boy](http://i.imgur.com/HUuXo2V.jpg)", "date": "2016-03-16 12:24:55", "seriesname": "g402_d123u9s", "file": "/media/jbrogan4/scratch2/Reddit_Prov_Dataset_v6/_Bored_child_waiting_in_line/g402_d123u9s.jpg", "URL": "http://i.imgur.com/HUuXo2V.jpg", "fileid": "g402_d123u9s.jpg"}, {"id": "g402_d120u74", "comment": "[Gib me da pusy b0ss](http://imgur.com/OPlm9na)", "date": "2016-03-16 11:16:17", "seriesname": "g402_d120u74", "file": "/media/jbrogan4/scratch2/Reddit_Prov_Dataset_v6/_Bored_child_waiting_in_line/g402_d120u74.png", "URL": "http://i.imgur.com/OPlm9na.png", "fileid": "g402_d120u74.png"}, {"id": "g402_d14d1s1", "comment": "[Smother and Bail Into Evil](http://imgur.com/gallery/UZ08cj0)", "date": "2016-03-18 06:37:54", "seriesname": "g402_d14d1s1", "file": "/media/jbrogan4/scratch2/Reddit_Prov_Dataset_v6/_Bored_child_waiting_in_line/g402_d14d1s1.png", "URL": "http://i.imgur.com/UZ08cj0.png", "fileid": "g402_d14d1s1.png"}, {"id": "g402_d129d3d", "comment": "[I suck at this](http://i.imgur.com/Gz1pFiJ.png)", "date": "2016-03-16 14:26:58", "seriesname": "g402_d129d3d", "file": "/media/jbrogan4/scratch2/Reddit_Prov_Dataset_v6/_Bored_child_waiting_in_line/g402_d129d3d.png", "URL": "http://i.imgur.com/Gz1pFiJ.png", "fileid": "g402_d129d3d.png"}, {"id": "g402_d121q33", "comment": "[The Frighteners](http://i.imgur.com/2t8v22r.jpg)", "date": "2016-03-16 11:37:09", "seriesname": "g402_d121q33", "file": "/media/jbrogan4/scratch2/Reddit_Prov_Dataset_v6/_Bored_child_waiting_in_line/g402_d121q33.jpg", "URL": "http://i.imgur.com/2t8v22r.jpg", "fileid": "g402_d121q33.jpg"}, {"id": "g402_d122vgh", "comment": "http://imgur.com/tVI84HU  \r\n", "date": "2016-03-16 12:03:13", "seriesname": "g402_d122vgh", "file": "/media/jbrogan4/scratch2/Reddit_Prov_Dataset_v6/_Bored_child_waiting_in_line/g402_d122vgh.png", "URL": "http://i.imgur.com/tVI84HU.png", "fileid": "g402_d122vgh.png"}, {"id": "g402_d120xip", "comment": "[Yummy](http://i.imgur.com/pdanX1h.jpg)\n\nEdit:     I'm working on creating a PS painting based of this image in the style of Best korea's propaganda posters. But I don't have enough time to finish it today. [Here's what I've done so far.](http://i.imgur.com/MzkO234.jpg)", "date": "2016-03-16 11:18:27", "seriesname": "g402_d120xip", "file": "/media/jbrogan4/scratch2/Reddit_Prov_Dataset_v6/_Bored_child_waiting_in_line/g402_d120xip.jpg", "URL": "http://i.imgur.com/MzkO234.jpg", "fileid": "g402_d120xip.jpg"}, {"id": "g402_d13fkka", "comment": "Scary face [Imgur](http://i.imgur.com/cqygfd2.jpg)", "date": "2016-03-17 12:55:34", "seriesname": "g402_d13fkka", "file": "/media/jbrogan4/scratch2/Reddit_Prov_Dataset_v6/_Bored_child_waiting_in_line/g402_d13fkka.jpg", "URL": "http://i.imgur.com/cqygfd2.jpg", "fileid": "g402_d13fkka.jpg"}, {"id": "g402_d12od6a", "comment": "Late to the party and horribly shopped but I can't believe no one did this. \n\n[Hitman monkey finds no joy in his work](http://imgur.com/uqEjw7Z)", "date": "2016-03-16 20:19:56", "seriesname": "g402_d12od6a", "file": "/media/jbrogan4/scratch2/Reddit_Prov_Dataset_v6/_Bored_child_waiting_in_line/g402_d12od6a.png", "URL": "http://i.imgur.com/uqEjw7Z.png", "fileid": "g402_d12od6a.png"}, {"id": "g402_d121ylj", "comment": "[Bucky has really let himself go...](http://i.imgur.com/6hsmEDJ.jpg)", "date": "2016-03-16 11:42:35", "seriesname": "g402_d121ylj", "file": "/media/jbrogan4/scratch2/Reddit_Prov_Dataset_v6/_Bored_child_waiting_in_line/g402_d121ylj.jpg", "URL": "http://i.imgur.com/6hsmEDJ.jpg", "fileid": "g402_d121ylj.jpg"}, {"id": "g402_d12fuzg", "comment": "[manhunt](http://imgur.com/6yT0m04)", "date": "2016-03-16 16:49:51", "seriesname": "g402_d12fuzg", "file": "/media/jbrogan4/scratch2/Reddit_Prov_Dataset_v6/_Bored_child_waiting_in_line/g402_d12fuzg.png", "URL": "http://i.imgur.com/6yT0m04.png", "fileid": "g402_d12fuzg.png"}, {"id": "g402_d12ngdo", "comment": "[Bit of Bob] (http://i.imgur.com/GeUL9Pi.jpg)", "date": "2016-03-16 19:55:28", "seriesname": "g402_d12ngdo", "file": "/media/jbrogan4/scratch2/Reddit_Prov_Dataset_v6/_Bored_child_waiting_in_line/g402_d12ngdo.jpg", "URL": "http://i.imgur.com/GeUL9Pi.jpg", "fileid": "g402_d12ngdo.jpg"}, {"id": "g402_d130wvb", "comment": " http://i.imgur.com/ITi3pBX.jpg ", "date": "2016-03-17 03:35:50", "seriesname": "g402_d130wvb", "file": "/media/jbrogan4/scratch2/Reddit_Prov_Dataset_v6/_Bored_child_waiting_in_line/g402_d130wvb.jpg", "URL": "http://i.imgur.com/ITi3pBX.jpg", "fileid": "g402_d130wvb.jpg"}, {"id": "g402_d1221ey", "comment": "[Handsome strawberry](http://i.imgur.com/rCjdS9R.jpg)", "date": "2016-03-16 11:44:24", "seriesname": "g402_d1221ey", "file": "/media/jbrogan4/scratch2/Reddit_Prov_Dataset_v6/_Bored_child_waiting_in_line/g402_d1221ey.jpg", "URL": "http://i.imgur.com/rCjdS9R.jpg", "fileid": "g402_d1221ey.jpg"}, {"id": "g402_root", "comment": "", "date": "2016-03-16 09:41:24", "seriesname": "g402_root", "file": "/media/jbrogan4/scratch2/Reddit_Prov_Dataset_v6/_Bored_child_waiting_in_line/g402_root.jpg", "URL": "http://i.imgur.com/oXuxmGd.jpg", "fileid": "g402_root.jpg"}, {"id": "g402_d12l3io", "comment": "[Sucked into a black hole](http://i.imgur.com/p8agIdS.jpg)", "date": "2016-03-16 18:52:53", "seriesname": "g402_d12l3io", "file": "/media/jbrogan4/scratch2/Reddit_Prov_Dataset_v6/_Bored_child_waiting_in_line/g402_d12l3io.jpg", "URL": "http://i.imgur.com/p8agIdS.jpg", "fileid": "g402_d12l3io.jpg"}, {"id": "g402_d1275tq", "comment": "[Binding of Isaac Hush fight](http://i.imgur.com/XOCiwjm.png)", "date": "2016-03-16 13:38:01", "seriesname": "g402_d1275tq", "file": "/media/jbrogan4/scratch2/Reddit_Prov_Dataset_v6/_Bored_child_waiting_in_line/g402_d1275tq.png", "URL": "http://i.imgur.com/XOCiwjm.png", "fileid": "g402_d1275tq.png"}], "graph": {"name": "g402_root"}, "directed": true}