{"links": [{"op": "none", "target": 0, "source": 67}, {"op": "none", "target": 1, "source": 67}, {"op": "none", "target": 2, "source": 67}, {"op": "none", "target": 3, "source": 67}, {"op": "none", "target": 4, "source": 66}, {"op": "none", "target": 5, "source": 67}, {"op": "none", "target": 6, "source": 67}, {"op": "none", "target": 7, "source": 67}, {"op": "none", "target": 8, "source": 67}, {"op": "none", "target": 9, "source": 5}, {"op": "none", "target": 10, "source": 67}, {"op": "none", "target": 11, "source": 24}, {"op": "none", "target": 12, "source": 67}, {"op": "none", "target": 13, "source": 67}, {"op": "none", "target": 14, "source": 67}, {"op": "none", "target": 15, "source": 67}, {"op": "none", "target": 16, "source": 67}, {"op": "none", "target": 17, "source": 67}, {"op": "none", "target": 18, "source": 9}, {"op": "none", "target": 19, "source": 67}, {"op": "none", "target": 20, "source": 6}, {"op": "none", "target": 21, "source": 67}, {"op": "none", "target": 22, "source": 67}, {"op": "none", "target": 23, "source": 67}, {"op": "none", "target": 24, "source": 64}, {"op": "none", "target": 25, "source": 67}, {"op": "none", "target": 26, "source": 67}, {"op": "none", "target": 27, "source": 64}, {"op": "none", "target": 28, "source": 67}, {"op": "none", "target": 29, "source": 46}, {"op": "none", "target": 30, "source": 67}, {"op": "none", "target": 31, "source": 61}, {"op": "none", "target": 32, "source": 67}, {"op": "none", "target": 33, "source": 67}, {"op": "none", "target": 34, "source": 67}, {"op": "none", "target": 35, "source": 67}, {"op": "none", "target": 36, "source": 67}, {"op": "none", "target": 37, "source": 67}, {"op": "none", "target": 38, "source": 63}, {"op": "none", "target": 39, "source": 67}, {"op": "none", "target": 40, "source": 67}, {"op": "none", "target": 41, "source": 18}, {"op": "none", "target": 42, "source": 67}, {"op": "none", "target": 43, "source": 67}, {"op": "none", "target": 44, "source": 67}, {"op": "none", "target": 45, "source": 67}, {"op": "none", "target": 46, "source": 67}, {"op": "none", "target": 47, "source": 63}, {"op": "none", "target": 48, "source": 67}, {"op": "none", "target": 49, "source": 67}, {"op": "none", "target": 50, "source": 67}, {"op": "none", "target": 51, "source": 66}, {"op": "none", "target": 52, "source": 67}, {"op": "none", "target": 53, "source": 67}, {"op": "none", "target": 54, "source": 67}, {"op": "none", "target": 55, "source": 67}, {"op": "none", "target": 56, "source": 12}, {"op": "none", "target": 57, "source": 26}, {"op": "none", "target": 58, "source": 67}, {"op": "none", "target": 59, "source": 67}, {"op": "none", "target": 60, "source": 67}, {"op": "none", "target": 61, "source": 51}, {"op": "none", "target": 62, "source": 67}, {"op": "none", "target": 63, "source": 31}, {"op": "none", "target": 64, "source": 38}, {"op": "none", "target": 65, "source": 67}, {"op": "none", "target": 66, "source": 6}, {"op": "none", "target": 68, "source": 27}, {"op": "none", "target": 69, "source": 59}], "title": "_Drinking_Poop_Water", "nodes": [{"id": "g426_co3xswp", "comment": "[But that's none of my business](http://i.imgur.com/YQNEXX2.jpg)", "date": "2015-01-28 16:36:53", "seriesname": "g426_co3xswp", "file": "/media/jbrogan4/scratch2/Reddit_Prov_Dataset_v6/_Drinking_Poop_Water/g426_co3xswp.jpg", "URL": "http://i.imgur.com/YQNEXX2.jpg", "fileid": "g426_co3xswp.jpg"}, {"id": "g426_co3u1hx", "comment": "[Bill, you may want to check that water again!](http://i.imgur.com/GsEB7vc.jpg)", "date": "2015-01-28 15:02:49", "seriesname": "g426_co3u1hx", "file": "/media/jbrogan4/scratch2/Reddit_Prov_Dataset_v6/_Drinking_Poop_Water/g426_co3u1hx.jpg", "URL": "http://i.imgur.com/GsEB7vc.jpg", "fileid": "g426_co3u1hx.jpg"}, {"id": "g426_co3w49l", "comment": "[I think your filtering might need some repairs.](http://i.imgur.com/sHAhrc5.jpg)\n\nalso on a side note, I guess this is my life now... photoshopping poop for  one of the richest men on Earth. ", "date": "2015-01-28 15:54:40", "seriesname": "g426_co3w49l", "file": "/media/jbrogan4/scratch2/Reddit_Prov_Dataset_v6/_Drinking_Poop_Water/g426_co3w49l.jpg", "URL": "http://i.imgur.com/sHAhrc5.jpg", "fileid": "g426_co3w49l.jpg"}, {"id": "g426_co3zgen", "comment": "[Cartman introduces the sweetest drink of all to Bill](http://i.imgur.com/zpkqFBL.jpg)", "date": "2015-01-28 17:19:34", "seriesname": "g426_co3zgen", "file": "/media/jbrogan4/scratch2/Reddit_Prov_Dataset_v6/_Drinking_Poop_Water/g426_co3zgen.jpg", "URL": "http://i.imgur.com/zpkqFBL.jpg", "fileid": "g426_co3zgen.jpg"}, {"id": "g426_co4cs9g", "comment": "[iPeed](http://imgur.com/bgEljsi)", "date": "2015-01-28 23:57:00", "seriesname": "g426_co4cs9g", "file": "/media/jbrogan4/scratch2/Reddit_Prov_Dataset_v6/_Drinking_Poop_Water/g426_co4cs9g.png", "URL": "http://i.imgur.com/bgEljsi.png", "fileid": "g426_co4cs9g.png"}, {"id": "g426_co3uw62", "comment": "[\"Poop Water Martini; shaken, not stirred\"](http://i.imgur.com/lQH9qF1.jpg)", "date": "2015-01-28 15:24:09", "seriesname": "g426_co3uw62", "file": "/media/jbrogan4/scratch2/Reddit_Prov_Dataset_v6/_Drinking_Poop_Water/g426_co3uw62.jpg", "URL": "http://i.imgur.com/lQH9qF1.jpg", "fileid": "g426_co3uw62.jpg"}, {"id": "g426_co3spzz", "comment": "[Oh my God, guys; he actually drank it!](http://i.imgur.com/pwjl1sM.jpg)", "date": "2015-01-28 14:29:29", "seriesname": "g426_co3spzz", "file": "/media/jbrogan4/scratch2/Reddit_Prov_Dataset_v6/_Drinking_Poop_Water/g426_co3spzz.jpg", "URL": "http://i.imgur.com/pwjl1sM.jpg", "fileid": "g426_co3spzz.jpg"}, {"id": "g426_co3tu0r", "comment": "[We can photoshop the lid out later, right? This stuff stinks...](http://i.imgur.com/uaioq71.jpg)", "date": "2015-01-28 14:57:32", "seriesname": "g426_co3tu0r", "file": "/media/jbrogan4/scratch2/Reddit_Prov_Dataset_v6/_Drinking_Poop_Water/g426_co3tu0r.jpg", "URL": "http://i.imgur.com/uaioq71.jpg", "fileid": "g426_co3tu0r.jpg"}, {"id": "g426_co3uvdk", "comment": "[It's a messy process, but poop water goes down smooth.](http://i.imgur.com/L9Ibnyp.jpg)", "date": "2015-01-28 15:23:36", "seriesname": "g426_co3uvdk", "file": "/media/jbrogan4/scratch2/Reddit_Prov_Dataset_v6/_Drinking_Poop_Water/g426_co3uvdk.jpg", "URL": "http://i.imgur.com/L9Ibnyp.jpg", "fileid": "g426_co3uvdk.jpg"}, {"id": "g426_co3xz7r", "comment": "[Just imagine if Bill had continued his roll as James Bond into later movies...](http://i.imgur.com/A3cMMbu.jpg)", "date": "2015-01-28 16:41:26", "seriesname": "g426_co3xz7r", "file": "/media/jbrogan4/scratch2/Reddit_Prov_Dataset_v6/_Drinking_Poop_Water/g426_co3xz7r.jpg", "URL": "http://i.imgur.com/A3cMMbu.jpg", "fileid": "g426_co3xz7r.jpg"}, {"id": "g426_co3w5gw", "comment": "[Hoooooooooowwwwwwdy Hi!](http://imgur.com/kAGbY3l)", "date": "2015-01-28 15:55:32", "seriesname": "g426_co3w5gw", "file": "/media/jbrogan4/scratch2/Reddit_Prov_Dataset_v6/_Drinking_Poop_Water/g426_co3w5gw.png", "URL": "http://i.imgur.com/kAGbY3l.png", "fileid": "g426_co3w5gw.png"}, {"id": "g426_co45ezb", "comment": "[anticipate this](http://i.imgur.com/dxGKF47.jpg)", "date": "2015-01-28 20:09:01", "seriesname": "g426_co45ezb", "file": "/media/jbrogan4/scratch2/Reddit_Prov_Dataset_v6/_Drinking_Poop_Water/g426_co45ezb.jpg", "URL": "http://i.imgur.com/dxGKF47.jpg", "fileid": "g426_co45ezb.jpg"}, {"id": "g426_co3wzun", "comment": "[Yeah we're all outta number 2, irony's a bitch](http://i.imgur.com/dvjoGuh.jpg)", "date": "2015-01-28 16:16:35", "seriesname": "g426_co3wzun", "file": "/media/jbrogan4/scratch2/Reddit_Prov_Dataset_v6/_Drinking_Poop_Water/g426_co3wzun.jpg", "URL": "http://i.imgur.com/dvjoGuh.jpg", "fileid": "g426_co3wzun.jpg"}, {"id": "g426_co3x5k2", "comment": "[Having a drink!](http://imgur.com/zwY54hQ)\t", "date": "2015-01-28 16:20:32", "seriesname": "g426_co3x5k2", "file": "/media/jbrogan4/scratch2/Reddit_Prov_Dataset_v6/_Drinking_Poop_Water/g426_co3x5k2.png", "URL": "http://i.imgur.com/zwY54hQ.png", "fileid": "g426_co3x5k2.png"}, {"id": "g426_co3snqv", "comment": "[HoloLens, Making real water, look like Poop water!](http://i.imgur.com/dhhFJcT.jpg)", "date": "2015-01-28 14:27:53", "seriesname": "g426_co3snqv", "file": "/media/jbrogan4/scratch2/Reddit_Prov_Dataset_v6/_Drinking_Poop_Water/g426_co3snqv.jpg", "URL": "http://i.imgur.com/dhhFJcT.jpg", "fileid": "g426_co3snqv.jpg"}, {"id": "g426_co3wghw", "comment": "[From The Mountains of the Pacific Northwest](http://i.imgur.com/3HS0o0z.jpg)", "date": "2015-01-28 16:03:12", "seriesname": "g426_co3wghw", "file": "/media/jbrogan4/scratch2/Reddit_Prov_Dataset_v6/_Drinking_Poop_Water/g426_co3wghw.jpg", "URL": "http://i.imgur.com/3HS0o0z.jpg", "fileid": "g426_co3wghw.jpg"}, {"id": "g426_co3x42t", "comment": "Complete the circle http://imgur.com/FJlaEDd", "date": "2015-01-28 16:19:30", "seriesname": "g426_co3x42t", "file": "/media/jbrogan4/scratch2/Reddit_Prov_Dataset_v6/_Drinking_Poop_Water/g426_co3x42t.png", "URL": "http://i.imgur.com/FJlaEDd.png", "fileid": "g426_co3x42t.png"}, {"id": "g426_co3wlw5", "comment": "[Go to the whinchester, have a pint and wait for this all to blow over.](http://imgur.com/c9ogX8o.png)\n\nAlso\n\n[This week on Moonshiners!](http://i.imgur.com/VciyCv5.png)\n", "date": "2015-01-28 16:06:54", "seriesname": "g426_co3wlw5", "file": "/media/jbrogan4/scratch2/Reddit_Prov_Dataset_v6/_Drinking_Poop_Water/g426_co3wlw5.png", "URL": "http://i.imgur.com/VciyCv5.png", "fileid": "g426_co3wlw5.png"}, {"id": "g426_co3z3u8", "comment": "[The Man with the Golden Glass](http://i.imgur.com/2MhGmYy.jpg)", "date": "2015-01-28 17:10:17", "seriesname": "g426_co3z3u8", "file": "/media/jbrogan4/scratch2/Reddit_Prov_Dataset_v6/_Drinking_Poop_Water/g426_co3z3u8.jpg", "URL": "http://i.imgur.com/2MhGmYy.jpg", "fileid": "g426_co3z3u8.jpg"}, {"id": "g426_co3uwmx", "comment": "[confirmed](http://i.imgur.com/YVk2k1M.jpg)", "date": "2015-01-28 15:24:28", "seriesname": "g426_co3uwmx", "file": "/media/jbrogan4/scratch2/Reddit_Prov_Dataset_v6/_Drinking_Poop_Water/g426_co3uwmx.jpg", "URL": "http://i.imgur.com/YVk2k1M.jpg", "fileid": "g426_co3uwmx.jpg"}, {"id": "g426_co4a94q", "comment": "Wow what an intense photoshopbattle! I have put all from this thread in one album for everyone to see in one link. I call it \n\n[The most intense battle of /r/photoshopbattles history](http://imgur.com/a/OUqaW#0)", "date": "2015-01-28 22:34:14", "seriesname": "g426_co4a94q", "file": "/media/jbrogan4/scratch2/Reddit_Prov_Dataset_v6/_Drinking_Poop_Water/g426_co4a94q.png", "URL": "http://i.imgur.com/OUqaW.png", "fileid": "g426_co4a94q.png"}, {"id": "g426_co4gls2", "comment": "[This water tastes like shit](http://imgur.com/LOuITkb)", "date": "2015-01-29 02:54:58", "seriesname": "g426_co4gls2", "file": "/media/jbrogan4/scratch2/Reddit_Prov_Dataset_v6/_Drinking_Poop_Water/g426_co4gls2.png", "URL": "http://i.imgur.com/LOuITkb.png", "fileid": "g426_co4gls2.png"}, {"id": "g426_co446md", "comment": "[Pi\u00dfwasser](http://i.imgur.com/p9oGoRc.jpg)", "date": "2015-01-28 19:32:58", "seriesname": "g426_co446md", "file": "/media/jbrogan4/scratch2/Reddit_Prov_Dataset_v6/_Drinking_Poop_Water/g426_co446md.jpg", "URL": "http://i.imgur.com/p9oGoRc.jpg", "fileid": "g426_co446md.jpg"}, {"id": "g426_co3vnd7", "comment": "[Puckered face ](http://i.imgur.com/OefM0ws.png)", "date": "2015-01-28 15:43:06", "seriesname": "g426_co3vnd7", "file": "/media/jbrogan4/scratch2/Reddit_Prov_Dataset_v6/_Drinking_Poop_Water/g426_co3vnd7.png", "URL": "http://i.imgur.com/OefM0ws.png", "fileid": "g426_co3vnd7.png"}, {"id": "g426_co44t0q", "comment": "[anticipated](http://i.imgur.com/OSSHXRt.jpg)", "date": "2015-01-28 19:51:09", "seriesname": "g426_co44t0q", "file": "/media/jbrogan4/scratch2/Reddit_Prov_Dataset_v6/_Drinking_Poop_Water/g426_co44t0q.jpg", "URL": "http://i.imgur.com/OSSHXRt.jpg", "fileid": "g426_co44t0q.jpg"}, {"id": "g426_co3zfid", "comment": "[Let it filter one more time](http://i.imgur.com/PDpXAPT.jpg)", "date": "2015-01-28 17:18:54", "seriesname": "g426_co3zfid", "file": "/media/jbrogan4/scratch2/Reddit_Prov_Dataset_v6/_Drinking_Poop_Water/g426_co3zfid.jpg", "URL": "http://i.imgur.com/PDpXAPT.jpg", "fileid": "g426_co3zfid.jpg"}, {"id": "g426_co3sbw1", "comment": "[Bill no!  It's pee water!](http://imgur.com/55YXxMB.jpg)", "date": "2015-01-28 14:19:52", "seriesname": "g426_co3sbw1", "file": "/media/jbrogan4/scratch2/Reddit_Prov_Dataset_v6/_Drinking_Poop_Water/g426_co3sbw1.jpg", "URL": "http://imgur.com/55YXxMB.jpg", "fileid": "g426_co3sbw1.jpg"}, {"id": "g426_co44lmt", "comment": "[Woz! The great and powerful!](http://i.imgur.com/LNMX50e.jpg)", "date": "2015-01-28 19:45:06", "seriesname": "g426_co44lmt", "file": "/media/jbrogan4/scratch2/Reddit_Prov_Dataset_v6/_Drinking_Poop_Water/g426_co44lmt.jpg", "URL": "http://i.imgur.com/LNMX50e.jpg", "fileid": "g426_co44lmt.jpg"}, {"id": "g426_co3syqp", "comment": "[The filtering system still needs work](http://i.imgur.com/Ddag3cF.jpg)", "date": "2015-01-28 14:35:40", "seriesname": "g426_co3syqp", "file": "/media/jbrogan4/scratch2/Reddit_Prov_Dataset_v6/_Drinking_Poop_Water/g426_co3syqp.jpg", "URL": "http://i.imgur.com/Ddag3cF.jpg", "fileid": "g426_co3syqp.jpg"}, {"id": "g426_co3wjqg", "comment": "[Here you go!](http://i.imgur.com/yBxrCl9.jpg)", "date": "2015-01-28 16:05:28", "seriesname": "g426_co3wjqg", "file": "/media/jbrogan4/scratch2/Reddit_Prov_Dataset_v6/_Drinking_Poop_Water/g426_co3wjqg.jpg", "URL": "http://i.imgur.com/yBxrCl9.jpg", "fileid": "g426_co3wjqg.jpg"}, {"id": "g426_co3x0t8", "comment": "[iJuice](http://i.imgur.com/YdLIu4K.jpg)", "date": "2015-01-28 16:17:15", "seriesname": "g426_co3x0t8", "file": "/media/jbrogan4/scratch2/Reddit_Prov_Dataset_v6/_Drinking_Poop_Water/g426_co3x0t8.jpg", "URL": "http://i.imgur.com/YdLIu4K.jpg", "fileid": "g426_co3x0t8.jpg"}, {"id": "g426_co3zf3e", "comment": "[Bill's response.](http://i.imgur.com/mmneXc2.jpg)", "date": "2015-01-28 17:18:35", "seriesname": "g426_co3zf3e", "file": "/media/jbrogan4/scratch2/Reddit_Prov_Dataset_v6/_Drinking_Poop_Water/g426_co3zf3e.jpg", "URL": "http://i.imgur.com/mmneXc2.jpg", "fileid": "g426_co3zf3e.jpg"}, {"id": "g426_co3wm16", "comment": "[shouldn't have drank that](http://i.imgur.com/UYamsOK.gif)", "date": "2015-01-28 16:07:00", "seriesname": "g426_co3wm16", "file": "/media/jbrogan4/scratch2/Reddit_Prov_Dataset_v6/_Drinking_Poop_Water/g426_co3wm16.jpg", "URL": "http://i.imgur.com/UYamsOK.gif", "fileid": "g426_co3wm16.gif"}, {"id": "g426_co3w7jg", "comment": "[Mmm... tastes like Seahawks.](http://i.imgur.com/ys5G4hk.jpg)", "date": "2015-01-28 15:56:58", "seriesname": "g426_co3w7jg", "file": "/media/jbrogan4/scratch2/Reddit_Prov_Dataset_v6/_Drinking_Poop_Water/g426_co3w7jg.jpg", "URL": "http://i.imgur.com/ys5G4hk.jpg", "fileid": "g426_co3w7jg.jpg"}, {"id": "g426_co3w85h", "comment": "[it's a trap](http://i.imgur.com/OpJpEP1.jpg)", "date": "2015-01-28 15:57:24", "seriesname": "g426_co3w85h", "file": "/media/jbrogan4/scratch2/Reddit_Prov_Dataset_v6/_Drinking_Poop_Water/g426_co3w85h.jpg", "URL": "http://i.imgur.com/OpJpEP1.jpg", "fileid": "g426_co3w85h.jpg"}, {"id": "g426_co41kci", "comment": "[You were gonna drink the fat.](http://i.imgur.com/9wbP6fj.jpg)", "date": "2015-01-28 18:17:24", "seriesname": "g426_co41kci", "file": "/media/jbrogan4/scratch2/Reddit_Prov_Dataset_v6/_Drinking_Poop_Water/g426_co41kci.jpg", "URL": "http://i.imgur.com/9wbP6fj.jpg", "fileid": "g426_co41kci.jpg"}, {"id": "g426_co3tvpv", "comment": "[Triceratops make the best water](http://i.imgur.com/kTNsBIO.jpg)", "date": "2015-01-28 14:58:45", "seriesname": "g426_co3tvpv", "file": "/media/jbrogan4/scratch2/Reddit_Prov_Dataset_v6/_Drinking_Poop_Water/g426_co3tvpv.jpg", "URL": "http://i.imgur.com/kTNsBIO.jpg", "fileid": "g426_co3tvpv.jpg"}, {"id": "g426_co3zmq9", "comment": "[Stay thirsty my friends](http://i.imgur.com/G0TUZRd.jpg)", "date": "2015-01-28 17:24:13", "seriesname": "g426_co3zmq9", "file": "/media/jbrogan4/scratch2/Reddit_Prov_Dataset_v6/_Drinking_Poop_Water/g426_co3zmq9.jpg", "URL": "http://i.imgur.com/G0TUZRd.jpg", "fileid": "g426_co3zmq9.jpg"}, {"id": "g426_co41eag", "comment": "[Bill's revenge.](http://i.imgur.com/r1i2zWg.jpg)", "date": "2015-01-28 18:12:46", "seriesname": "g426_co41eag", "file": "/media/jbrogan4/scratch2/Reddit_Prov_Dataset_v6/_Drinking_Poop_Water/g426_co41eag.jpg", "URL": "http://i.imgur.com/r1i2zWg.jpg", "fileid": "g426_co41eag.jpg"}, {"id": "g426_co3zg8c", "comment": "[He has discovered the fountain of youth!](http://i.imgur.com/rwlTLgE.jpg)", "date": "2015-01-28 17:19:25", "seriesname": "g426_co3zg8c", "file": "/media/jbrogan4/scratch2/Reddit_Prov_Dataset_v6/_Drinking_Poop_Water/g426_co3zg8c.jpg", "URL": "http://i.imgur.com/rwlTLgE.jpg", "fileid": "g426_co3zg8c.jpg"}, {"id": "g426_co449ul", "comment": "pure hydro\n\nhttp://i.imgur.com/NN3Fzy2.jpg", "date": "2015-01-28 19:35:34", "seriesname": "g426_co449ul", "file": "/media/jbrogan4/scratch2/Reddit_Prov_Dataset_v6/_Drinking_Poop_Water/g426_co449ul.jpg", "URL": "http://i.imgur.com/NN3Fzy2.jpg", "fileid": "g426_co449ul.jpg"}, {"id": "g426_co4bo5l", "comment": "[HoloLens?  Never heard of it.](http://i.imgur.com/hvxynQd.jpg)", "date": "2015-01-28 23:18:33", "seriesname": "g426_co4bo5l", "file": "/media/jbrogan4/scratch2/Reddit_Prov_Dataset_v6/_Drinking_Poop_Water/g426_co4bo5l.jpg", "URL": "http://i.imgur.com/hvxynQd.jpg", "fileid": "g426_co4bo5l.jpg"}, {"id": "g426_co4ec92", "comment": "[Mmm... Sweet Lemonade!](http://imgur.com/ybXpqlZ)", "date": "2015-01-29 00:57:10", "seriesname": "g426_co4ec92", "file": "/media/jbrogan4/scratch2/Reddit_Prov_Dataset_v6/_Drinking_Poop_Water/g426_co4ec92.png", "URL": "http://i.imgur.com/ybXpqlZ.png", "fileid": "g426_co4ec92.png"}, {"id": "g426_co3t7t7", "comment": "[The new Fiji water spokesman](http://i.imgur.com/iiUsomD.jpg)", "date": "2015-01-28 14:41:55", "seriesname": "g426_co3t7t7", "file": "/media/jbrogan4/scratch2/Reddit_Prov_Dataset_v6/_Drinking_Poop_Water/g426_co3t7t7.jpg", "URL": "http://i.imgur.com/iiUsomD.jpg", "fileid": "g426_co3t7t7.jpg"}, {"id": "g426_co44q2n", "comment": "http://i.imgur.com/eysMlQ0h.jpg", "date": "2015-01-28 19:48:41", "seriesname": "g426_co44q2n", "file": "/media/jbrogan4/scratch2/Reddit_Prov_Dataset_v6/_Drinking_Poop_Water/g426_co44q2n.jpg", "URL": "http://i.imgur.com/eysMlQ0h.jpg", "fileid": "g426_co44q2n.jpg"}, {"id": "g426_co3u3w1", "comment": "[Dude...](http://imgur.com/UQexkxP)", "date": "2015-01-28 15:04:33", "seriesname": "g426_co3u3w1", "file": "/media/jbrogan4/scratch2/Reddit_Prov_Dataset_v6/_Drinking_Poop_Water/g426_co3u3w1.png", "URL": "http://i.imgur.com/UQexkxP.png", "fileid": "g426_co3u3w1.png"}, {"id": "g426_co3tq9s", "comment": "[Tribal](http://i.imgur.com/qx4Y8nI.jpg)\n\n**edit: [added paint per irishsaltytuna](http://i.imgur.com/yBxrCl9.jpg)*", "date": "2015-01-28 14:54:50", "seriesname": "g426_co3tq9s", "file": "/media/jbrogan4/scratch2/Reddit_Prov_Dataset_v6/_Drinking_Poop_Water/g426_co3tq9s.jpg", "URL": "http://i.imgur.com/yBxrCl9.jpg)*", "fileid": "g426_co3tq9s.jpg*"}, {"id": "g426_co41g1j", "comment": "[You forgot to label everything.](http://i.imgur.com/9qxMHPs.jpg)", "date": "2015-01-28 18:14:04", "seriesname": "g426_co41g1j", "file": "/media/jbrogan4/scratch2/Reddit_Prov_Dataset_v6/_Drinking_Poop_Water/g426_co41g1j.jpg", "URL": "http://i.imgur.com/9qxMHPs.jpg", "fileid": "g426_co41g1j.jpg"}, {"id": "g426_co40g3j", "comment": "Maybe it's just a pipe dream.\nhttp://imgur.com/G8QHJXp", "date": "2015-01-28 17:46:14", "seriesname": "g426_co40g3j", "file": "/media/jbrogan4/scratch2/Reddit_Prov_Dataset_v6/_Drinking_Poop_Water/g426_co40g3j.png", "URL": "http://i.imgur.com/G8QHJXp.png", "fileid": "g426_co40g3j.png"}, {"id": "g426_co3tqxt", "comment": "[Drinking buddies](http://i.imgur.com/1PmPgbh.jpg)", "date": "2015-01-28 14:55:20", "seriesname": "g426_co3tqxt", "file": "/media/jbrogan4/scratch2/Reddit_Prov_Dataset_v6/_Drinking_Poop_Water/g426_co3tqxt.jpg", "URL": "http://i.imgur.com/1PmPgbh.jpg", "fileid": "g426_co3tqxt.jpg"}, {"id": "g426_co3wc1c", "comment": "[I'm not sure I can drink this tea, Mr. Gates.](http://i.imgur.com/08KmxTl.jpg)", "date": "2015-01-28 16:00:04", "seriesname": "g426_co3wc1c", "file": "/media/jbrogan4/scratch2/Reddit_Prov_Dataset_v6/_Drinking_Poop_Water/g426_co3wc1c.jpg", "URL": "http://i.imgur.com/08KmxTl.jpg", "fileid": "g426_co3wc1c.jpg"}, {"id": "g426_co3xm0j", "comment": "[Windows.](http://i.imgur.com/aqqeYRf.jpg)", "date": "2015-01-28 16:32:01", "seriesname": "g426_co3xm0j", "file": "/media/jbrogan4/scratch2/Reddit_Prov_Dataset_v6/_Drinking_Poop_Water/g426_co3xm0j.jpg", "URL": "http://i.imgur.com/aqqeYRf.jpg", "fileid": "g426_co3xm0j.jpg"}, {"id": "g426_co3v6j7", "comment": "[Last Call for Kool-Aid!!](http://i.imgur.com/Az5Yx6a.jpg)", "date": "2015-01-28 15:31:20", "seriesname": "g426_co3v6j7", "file": "/media/jbrogan4/scratch2/Reddit_Prov_Dataset_v6/_Drinking_Poop_Water/g426_co3v6j7.jpg", "URL": "http://i.imgur.com/Az5Yx6a.jpg", "fileid": "g426_co3v6j7.jpg"}, {"id": "g426_co3vp4i", "comment": "[Cheers](http://i.imgur.com/y1zcJsC.jpg)", "date": "2015-01-28 15:44:21", "seriesname": "g426_co3vp4i", "file": "/media/jbrogan4/scratch2/Reddit_Prov_Dataset_v6/_Drinking_Poop_Water/g426_co3vp4i.jpg", "URL": "http://i.imgur.com/y1zcJsC.jpg", "fileid": "g426_co3vp4i.jpg"}, {"id": "g426_co3yi4l", "comment": "[Did they photoshop him into the original image?  Looks like it to me there on the hand.. and the rest of the outlining around his body.  But I don't regular HD images like that..](http://i.imgur.com/3r3c35O.jpg)", "date": "2015-01-28 16:54:44", "seriesname": "g426_co3yi4l", "file": "/media/jbrogan4/scratch2/Reddit_Prov_Dataset_v6/_Drinking_Poop_Water/g426_co3yi4l.jpg", "URL": "http://i.imgur.com/3r3c35O.jpg", "fileid": "g426_co3yi4l.jpg"}, {"id": "g426_co3uebk", "comment": "[Forever Unclean!](http://i.imgur.com/awfRXqC.jpg)", "date": "2015-01-28 15:11:49", "seriesname": "g426_co3uebk", "file": "/media/jbrogan4/scratch2/Reddit_Prov_Dataset_v6/_Drinking_Poop_Water/g426_co3uebk.jpg", "URL": "http://i.imgur.com/awfRXqC.jpg", "fileid": "g426_co3uebk.jpg"}, {"id": "g426_co406dq", "comment": "ha I hoped no one would notice! \n\nIt's a quirk of the original image which is fairly low quality and the line of the bottle is very indistinct. Combined with shrinking it down and being partially masked over by Mr Gates makes it appear behind the board. \n\n[Honest, guv!](http://i.imgur.com/Re2eRd7.jpg)", "date": "2015-01-28 17:38:49", "seriesname": "g426_co406dq", "file": "/media/jbrogan4/scratch2/Reddit_Prov_Dataset_v6/_Drinking_Poop_Water/g426_co406dq.jpg", "URL": "http://i.imgur.com/Re2eRd7.jpg", "fileid": "g426_co406dq.jpg"}, {"id": "g426_co3uwpg", "comment": "[I think I see the problem](http://i.imgur.com/vSNdgMN.jpg)", "date": "2015-01-28 15:24:31", "seriesname": "g426_co3uwpg", "file": "/media/jbrogan4/scratch2/Reddit_Prov_Dataset_v6/_Drinking_Poop_Water/g426_co3uwpg.jpg", "URL": "http://i.imgur.com/vSNdgMN.jpg", "fileid": "g426_co3uwpg.jpg"}, {"id": "g426_co3wui9", "comment": "[Steve Jobs did that too](http://i.imgur.com/qNdQzLC.jpg)", "date": "2015-01-28 16:12:51", "seriesname": "g426_co3wui9", "file": "/media/jbrogan4/scratch2/Reddit_Prov_Dataset_v6/_Drinking_Poop_Water/g426_co3wui9.jpg", "URL": "http://i.imgur.com/qNdQzLC.jpg", "fileid": "g426_co3wui9.jpg"}, {"id": "g426_co3tos3", "comment": "[Boats N' Hoes](http://i.imgur.com/rPlMoI6.jpg)", "date": "2015-01-28 14:53:47", "seriesname": "g426_co3tos3", "file": "/media/jbrogan4/scratch2/Reddit_Prov_Dataset_v6/_Drinking_Poop_Water/g426_co3tos3.jpg", "URL": "http://i.imgur.com/rPlMoI6.jpg", "fileid": "g426_co3tos3.jpg"}, {"id": "g426_co3vvpr", "comment": "Freshly squeezed: http://i.imgur.com/4v12SZM.jpg", "date": "2015-01-28 15:48:52", "seriesname": "g426_co3vvpr", "file": "/media/jbrogan4/scratch2/Reddit_Prov_Dataset_v6/_Drinking_Poop_Water/g426_co3vvpr.jpg", "URL": "http://i.imgur.com/4v12SZM.jpg", "fileid": "g426_co3vvpr.jpg"}, {"id": "g426_co3z02p", "comment": "[Tinted Windows](http://i.imgur.com/uIJJU6m.jpg)", "date": "2015-01-28 17:07:32", "seriesname": "g426_co3z02p", "file": "/media/jbrogan4/scratch2/Reddit_Prov_Dataset_v6/_Drinking_Poop_Water/g426_co3z02p.jpg", "URL": "http://i.imgur.com/uIJJU6m.jpg", "fileid": "g426_co3z02p.jpg"}, {"id": "g426_co3xnr9", "comment": "[Secrets Out](http://i.imgur.com/DuxwAyL.jpg)\n", "date": "2015-01-28 16:33:11", "seriesname": "g426_co3xnr9", "file": "/media/jbrogan4/scratch2/Reddit_Prov_Dataset_v6/_Drinking_Poop_Water/g426_co3xnr9.jpg", "URL": "http://i.imgur.com/DuxwAyL.jpg", "fileid": "g426_co3xnr9.jpg"}, {"id": "g426_co3zw4p", "comment": "[Jailbreak](http://i.imgur.com/fwPUIFq.jpg)", "date": "2015-01-28 17:31:07", "seriesname": "g426_co3zw4p", "file": "/media/jbrogan4/scratch2/Reddit_Prov_Dataset_v6/_Drinking_Poop_Water/g426_co3zw4p.jpg", "URL": "http://i.imgur.com/fwPUIFq.jpg", "fileid": "g426_co3zw4p.jpg"}, {"id": "g426_co42mj8", "comment": "[iCloud, I summon thee](http://i.imgur.com/ozvOj5N.jpg)", "date": "2015-01-28 18:47:36", "seriesname": "g426_co42mj8", "file": "/media/jbrogan4/scratch2/Reddit_Prov_Dataset_v6/_Drinking_Poop_Water/g426_co42mj8.jpg", "URL": "http://i.imgur.com/ozvOj5N.jpg", "fileid": "g426_co42mj8.jpg"}, {"id": "g426_co3vlav", "comment": "[Goals](http://i.imgur.com/g3OXv9R.jpg)", "date": "2015-01-28 15:41:42", "seriesname": "g426_co3vlav", "file": "/media/jbrogan4/scratch2/Reddit_Prov_Dataset_v6/_Drinking_Poop_Water/g426_co3vlav.jpg", "URL": "http://i.imgur.com/g3OXv9R.jpg", "fileid": "g426_co3vlav.jpg"}, {"id": "g426_co3vm5u", "comment": "[\"Apple Juice\"](http://i.imgur.com/7An74ey.jpg)\n\nFTFY", "date": "2015-01-28 15:42:16", "seriesname": "g426_co3vm5u", "file": "/media/jbrogan4/scratch2/Reddit_Prov_Dataset_v6/_Drinking_Poop_Water/g426_co3vm5u.jpg", "URL": "http://i.imgur.com/7An74ey.jpg", "fileid": "g426_co3vm5u.jpg"}, {"id": "g426_root", "comment": "", "date": "2015-01-28 14:09:32", "seriesname": "g426_root", "file": "/media/jbrogan4/scratch2/Reddit_Prov_Dataset_v6/_Drinking_Poop_Water/g426_root.jpg", "URL": "http://i.imgur.com/R9j1gvQ.jpg", "fileid": "g426_root.jpg"}, {"id": "g426_co4505c", "comment": "http://i.imgur.com/27e88Gt.jpg", "date": "2015-01-28 19:56:57", "seriesname": "g426_co4505c", "file": "/media/jbrogan4/scratch2/Reddit_Prov_Dataset_v6/_Drinking_Poop_Water/g426_co4505c.jpg", "URL": "http://i.imgur.com/27e88Gt.jpg", "fileid": "g426_co4505c.jpg"}, {"id": "g426_co3xxwv", "comment": "Thanks! http://imgur.com/de2crmz", "date": "2015-01-28 16:40:30", "seriesname": "g426_co3xxwv", "file": "/media/jbrogan4/scratch2/Reddit_Prov_Dataset_v6/_Drinking_Poop_Water/g426_co3xxwv.png", "URL": "http://i.imgur.com/de2crmz.png", "fileid": "g426_co3xxwv.png"}], "graph": {"name": "g426_root"}, "directed": true}