{"links": [{"op": "none", "target": 0, "source": 45}, {"op": "none", "target": 1, "source": 45}, {"op": "none", "target": 2, "source": 45}, {"op": "none", "target": 3, "source": 45}, {"op": "none", "target": 4, "source": 45}, {"op": "none", "target": 5, "source": 45}, {"op": "none", "target": 6, "source": 45}, {"op": "none", "target": 7, "source": 45}, {"op": "none", "target": 8, "source": 45}, {"op": "none", "target": 9, "source": 45}, {"op": "none", "target": 10, "source": 16}, {"op": "none", "target": 11, "source": 47}, {"op": "none", "target": 12, "source": 45}, {"op": "none", "target": 13, "source": 45}, {"op": "none", "target": 14, "source": 45}, {"op": "none", "target": 15, "source": 45}, {"op": "none", "target": 16, "source": 45}, {"op": "none", "target": 17, "source": 45}, {"op": "none", "target": 18, "source": 38}, {"op": "none", "target": 19, "source": 45}, {"op": "none", "target": 20, "source": 45}, {"op": "none", "target": 21, "source": 50}, {"op": "none", "target": 22, "source": 45}, {"op": "none", "target": 23, "source": 45}, {"op": "none", "target": 24, "source": 45}, {"op": "none", "target": 25, "source": 45}, {"op": "none", "target": 26, "source": 45}, {"op": "none", "target": 27, "source": 45}, {"op": "none", "target": 28, "source": 45}, {"op": "none", "target": 29, "source": 45}, {"op": "none", "target": 30, "source": 45}, {"op": "none", "target": 31, "source": 45}, {"op": "none", "target": 32, "source": 45}, {"op": "none", "target": 33, "source": 45}, {"op": "none", "target": 34, "source": 45}, {"op": "none", "target": 35, "source": 45}, {"op": "none", "target": 36, "source": 45}, {"op": "none", "target": 37, "source": 45}, {"op": "none", "target": 38, "source": 45}, {"op": "none", "target": 39, "source": 45}, {"op": "none", "target": 40, "source": 45}, {"op": "none", "target": 41, "source": 45}, {"op": "none", "target": 42, "source": 45}, {"op": "none", "target": 43, "source": 45}, {"op": "none", "target": 44, "source": 45}, {"op": "none", "target": 46, "source": 45}, {"op": "none", "target": 47, "source": 45}, {"op": "none", "target": 48, "source": 45}, {"op": "none", "target": 49, "source": 45}, {"op": "none", "target": 50, "source": 45}, {"op": "none", "target": 51, "source": 45}, {"op": "none", "target": 52, "source": 3}, {"op": "none", "target": 53, "source": 45}, {"op": "none", "target": 54, "source": 45}, {"op": "none", "target": 55, "source": 45}, {"op": "none", "target": 56, "source": 10}, {"op": "none", "target": 57, "source": 45}, {"op": "none", "target": 58, "source": 45}, {"op": "none", "target": 59, "source": 45}, {"op": "none", "target": 60, "source": 45}, {"op": "none", "target": 61, "source": 45}, {"op": "none", "target": 62, "source": 45}], "title": "_Wombat_in_a_field", "nodes": [{"id": "g457_dlyz3jx", "comment": "[White Wombat] (http://imgur.com/P9JSOSn)", "date": "2017-08-22 11:25:46", "seriesname": "g457_dlyz3jx", "file": "/media/jbrogan4/scratch2/Reddit_Prov_Dataset_v6/_Wombat_in_a_field/g457_dlyz3jx.png", "URL": "http://i.imgur.com/P9JSOSn.png", "fileid": "g457_dlyz3jx.png"}, {"id": "g457_dlz502g", "comment": "[Watch Out Mac!](http://i.imgur.com/puHfMfJ.jpg)", "date": "2017-08-22 13:08:00", "seriesname": "g457_dlz502g", "file": "/media/jbrogan4/scratch2/Reddit_Prov_Dataset_v6/_Wombat_in_a_field/g457_dlz502g.jpg", "URL": "http://i.imgur.com/puHfMfJ.jpg", "fileid": "g457_dlz502g.jpg"}, {"id": "g457_dlytnef", "comment": "[A symbol of Hope](http://i.imgur.com/IotaEad.jpg)", "date": "2017-08-22 09:38:56", "seriesname": "g457_dlytnef", "file": "/media/jbrogan4/scratch2/Reddit_Prov_Dataset_v6/_Wombat_in_a_field/g457_dlytnef.jpg", "URL": "http://i.imgur.com/IotaEad.jpg", "fileid": "g457_dlytnef.jpg"}, {"id": "g457_dlz06v0", "comment": "[prep the adrenaline shot, we're going hard](https://i.imgur.com/Z8ZzgPt.png)", "date": "2017-08-22 11:44:51", "seriesname": "g457_dlz06v0", "file": "/media/jbrogan4/scratch2/Reddit_Prov_Dataset_v6/_Wombat_in_a_field/g457_dlz06v0.png", "URL": "https://i.imgur.com/Z8ZzgPt.png", "fileid": "g457_dlz06v0.png"}, {"id": "g457_dlzo4x6", "comment": "[ouce ouce](http://i.imgur.com/di2T9Bd.jpg)", "date": "2017-08-22 18:58:19", "seriesname": "g457_dlzo4x6", "file": "/media/jbrogan4/scratch2/Reddit_Prov_Dataset_v6/_Wombat_in_a_field/g457_dlzo4x6.jpg", "URL": "http://i.imgur.com/di2T9Bd.jpg", "fileid": "g457_dlzo4x6.jpg"}, {"id": "g457_dlyw48a", "comment": "[world wombat entertainment](http://i.imgur.com/01Y5aEm.jpg)", "date": "2017-08-22 10:30:01", "seriesname": "g457_dlyw48a", "file": "/media/jbrogan4/scratch2/Reddit_Prov_Dataset_v6/_Wombat_in_a_field/g457_dlyw48a.jpg", "URL": "http://i.imgur.com/01Y5aEm.jpg", "fileid": "g457_dlyw48a.jpg"}, {"id": "g457_dlyxmcf", "comment": "[Wombatter up, Motherfucker](http://imgur.com/n1CrGHT) ", "date": "2017-08-22 10:58:35", "seriesname": "g457_dlyxmcf", "file": "/media/jbrogan4/scratch2/Reddit_Prov_Dataset_v6/_Wombat_in_a_field/g457_dlyxmcf.png", "URL": "http://i.imgur.com/n1CrGHT.png", "fileid": "g457_dlyxmcf.png"}, {"id": "g457_dlz3f2d", "comment": "http://imgur.com/dGjsxCk", "date": "2017-08-22 12:40:42", "seriesname": "g457_dlz3f2d", "file": "/media/jbrogan4/scratch2/Reddit_Prov_Dataset_v6/_Wombat_in_a_field/g457_dlz3f2d.png", "URL": "http://i.imgur.com/dGjsxCk.png", "fileid": "g457_dlz3f2d.png"}, {"id": "g457_dlzzvtz", "comment": "[A little late, but here you go](http://i.imgur.com/3EYC3QX.png)", "date": "2017-08-22 22:53:13", "seriesname": "g457_dlzzvtz", "file": "/media/jbrogan4/scratch2/Reddit_Prov_Dataset_v6/_Wombat_in_a_field/g457_dlzzvtz.png", "URL": "http://i.imgur.com/3EYC3QX.png", "fileid": "g457_dlzzvtz.png"}, {"id": "g457_dlyynuu", "comment": " Scrum Down\nhttp://i.imgur.com/JMqdvi7.jpg ", "date": "2017-08-22 11:17:59", "seriesname": "g457_dlyynuu", "file": "/media/jbrogan4/scratch2/Reddit_Prov_Dataset_v6/_Wombat_in_a_field/g457_dlyynuu.jpg", "URL": "http://i.imgur.com/JMqdvi7.jpg", "fileid": "g457_dlyynuu.jpg"}, {"id": "g457_dlyuwqp", "comment": "[The Avatar](http://imgur.com/IrcA6Su.jpg)", "date": "2017-08-22 10:05:48", "seriesname": "g457_dlyuwqp", "file": "/media/jbrogan4/scratch2/Reddit_Prov_Dataset_v6/_Wombat_in_a_field/g457_dlyuwqp.jpg", "URL": "http://imgur.com/IrcA6Su.jpg", "fileid": "g457_dlyuwqp.jpg"}, {"id": "g457_dlz0yuz", "comment": "Aww, I had the same idea. [Too slow :/](http://i.imgur.com/7x9BRsR.jpg)", "date": "2017-08-22 11:58:16", "seriesname": "g457_dlz0yuz", "file": "/media/jbrogan4/scratch2/Reddit_Prov_Dataset_v6/_Wombat_in_a_field/g457_dlz0yuz.jpg", "URL": "http://i.imgur.com/7x9BRsR.jpg", "fileid": "g457_dlz0yuz.jpg"}, {"id": "g457_dlzm8gw", "comment": "[Only she can Control the monster.](http://i.imgur.com/mEr0HoY.png)", "date": "2017-08-22 18:20:12", "seriesname": "g457_dlzm8gw", "file": "/media/jbrogan4/scratch2/Reddit_Prov_Dataset_v6/_Wombat_in_a_field/g457_dlzm8gw.png", "URL": "http://i.imgur.com/mEr0HoY.png", "fileid": "g457_dlzm8gw.png"}, {"id": "g457_dlyx0zv", "comment": "[Catch me if you can](http://imgur.com/PQDzE2x)\n", "date": "2017-08-22 10:47:42", "seriesname": "g457_dlyx0zv", "file": "/media/jbrogan4/scratch2/Reddit_Prov_Dataset_v6/_Wombat_in_a_field/g457_dlyx0zv.png", "URL": "http://i.imgur.com/PQDzE2x.png", "fileid": "g457_dlyx0zv.png"}, {"id": "g457_dlyuo8a", "comment": "[Freestyle](http://i.imgur.com/HvWDe24.jpg)", "date": "2017-08-22 10:00:51", "seriesname": "g457_dlyuo8a", "file": "/media/jbrogan4/scratch2/Reddit_Prov_Dataset_v6/_Wombat_in_a_field/g457_dlyuo8a.jpg", "URL": "http://i.imgur.com/HvWDe24.jpg", "fileid": "g457_dlyuo8a.jpg"}, {"id": "g457_dlyukv4", "comment": "[Had me thinking of Fight Club for whatever reason...](http://i.imgur.com/03vYpXU.png)", "date": "2017-08-22 09:58:54", "seriesname": "g457_dlyukv4", "file": "/media/jbrogan4/scratch2/Reddit_Prov_Dataset_v6/_Wombat_in_a_field/g457_dlyukv4.png", "URL": "http://i.imgur.com/03vYpXU.png", "fileid": "g457_dlyukv4.png"}, {"id": "g457_dlyu3zc", "comment": "[Earthbending](http://imgur.com/ABcuK2j.jpg)", "date": "2017-08-22 09:49:02", "seriesname": "g457_dlyu3zc", "file": "/media/jbrogan4/scratch2/Reddit_Prov_Dataset_v6/_Wombat_in_a_field/g457_dlyu3zc.jpg", "URL": "http://imgur.com/ABcuK2j.jpg", "fileid": "g457_dlyu3zc.jpg"}, {"id": "g457_dlywmsg", "comment": " http://i.imgur.com/QDqYKaw.jpg ", "date": "2017-08-22 10:40:12", "seriesname": "g457_dlywmsg", "file": "/media/jbrogan4/scratch2/Reddit_Prov_Dataset_v6/_Wombat_in_a_field/g457_dlywmsg.jpg", "URL": "http://i.imgur.com/QDqYKaw.jpg", "fileid": "g457_dlywmsg.jpg"}, {"id": "g457_dlyyrao", "comment": "https://i.imgur.com/NCtot8r.jpg", "date": "2017-08-22 11:19:42", "seriesname": "g457_dlyyrao", "file": "/media/jbrogan4/scratch2/Reddit_Prov_Dataset_v6/_Wombat_in_a_field/g457_dlyyrao.jpg", "URL": "https://i.imgur.com/NCtot8r.jpg", "fileid": "g457_dlyyrao.jpg"}, {"id": "g457_dlzfku2", "comment": "[He's gonna do it!](https://i.imgur.com/MHh92sP.jpg) ", "date": "2017-08-22 16:14:58", "seriesname": "g457_dlzfku2", "file": "/media/jbrogan4/scratch2/Reddit_Prov_Dataset_v6/_Wombat_in_a_field/g457_dlzfku2.jpg", "URL": "https://i.imgur.com/MHh92sP.jpg", "fileid": "g457_dlzfku2.jpg"}, {"id": "g457_dlyx2zm", "comment": "[For The Watch (GoT Spoilers just in case)](https://i.imgur.com/jUeklcD.jpg)", "date": "2017-08-22 10:48:44", "seriesname": "g457_dlyx2zm", "file": "/media/jbrogan4/scratch2/Reddit_Prov_Dataset_v6/_Wombat_in_a_field/g457_dlyx2zm.jpg", "URL": "https://i.imgur.com/jUeklcD.jpg", "fileid": "g457_dlyx2zm.jpg"}, {"id": "g457_dlyyilh", "comment": "[Like this?](http://i.imgur.com/SZ2te6e.jpg)", "date": "2017-08-22 11:15:22", "seriesname": "g457_dlyyilh", "file": "/media/jbrogan4/scratch2/Reddit_Prov_Dataset_v6/_Wombat_in_a_field/g457_dlyyilh.jpg", "URL": "http://i.imgur.com/SZ2te6e.jpg", "fileid": "g457_dlyyilh.jpg"}, {"id": "g457_dlyx77n", "comment": "[Not that big of photoshop expert, but I think this needed to be done.](http://i.imgur.com/vt6tbxI.png)\n\nThanks to artunitinc for the cutout.", "date": "2017-08-22 10:50:57", "seriesname": "g457_dlyx77n", "file": "/media/jbrogan4/scratch2/Reddit_Prov_Dataset_v6/_Wombat_in_a_field/g457_dlyx77n.png", "URL": "http://i.imgur.com/vt6tbxI.png", "fileid": "g457_dlyx77n.png"}, {"id": "g457_dlyvkxe", "comment": "[Be gentle with me.  I'm not a photoshopper but this needed to be made.](http://i.imgur.com/2cgNAud.png)", "date": "2017-08-22 10:19:29", "seriesname": "g457_dlyvkxe", "file": "/media/jbrogan4/scratch2/Reddit_Prov_Dataset_v6/_Wombat_in_a_field/g457_dlyvkxe.png", "URL": "http://i.imgur.com/2cgNAud.png", "fileid": "g457_dlyvkxe.png"}, {"id": "g457_dlyvdqt", "comment": "[Wombathor!](http://i.imgur.com/b64KI9z.jpg)\n\n*****\n\n[Timelapse of how this was made](https://www.youtube.com/watch?v=Lsi7360Et7k)", "date": "2017-08-22 10:15:26", "seriesname": "g457_dlyvdqt", "file": "/media/jbrogan4/scratch2/Reddit_Prov_Dataset_v6/_Wombat_in_a_field/g457_dlyvdqt.jpg", "URL": "http://i.imgur.com/b64KI9z.jpg", "fileid": "g457_dlyvdqt.jpg"}, {"id": "g457_dlz2wqy", "comment": "[Adolf Approves](http://i.imgur.com/RsPda6S.jpg)", "date": "2017-08-22 12:31:53", "seriesname": "g457_dlz2wqy", "file": "/media/jbrogan4/scratch2/Reddit_Prov_Dataset_v6/_Wombat_in_a_field/g457_dlz2wqy.jpg", "URL": "http://i.imgur.com/RsPda6S.jpg", "fileid": "g457_dlz2wqy.jpg"}, {"id": "g457_dlyyd46", "comment": "[Saving Private Wombat](http://i.imgur.com/PBfZvZt.jpg)", "date": "2017-08-22 11:12:32", "seriesname": "g457_dlyyd46", "file": "/media/jbrogan4/scratch2/Reddit_Prov_Dataset_v6/_Wombat_in_a_field/g457_dlyyd46.jpg", "URL": "http://i.imgur.com/PBfZvZt.jpg", "fileid": "g457_dlyyd46.jpg"}, {"id": "g457_dlz0ywe", "comment": "[She's gonna do the superhero landing!](https://imgur.com/MhLKdtf) ", "date": "2017-08-22 11:58:18", "seriesname": "g457_dlz0ywe", "file": "/media/jbrogan4/scratch2/Reddit_Prov_Dataset_v6/_Wombat_in_a_field/g457_dlz0ywe.png", "URL": "http://i.imgur.com/MhLKdtf.png", "fileid": "g457_dlz0ywe.png"}, {"id": "g457_dlyys6o", "comment": "[Wrong way buddy](http://i.imgur.com/h7vZmDr.jpg)", "date": "2017-08-22 11:20:08", "seriesname": "g457_dlyys6o", "file": "/media/jbrogan4/scratch2/Reddit_Prov_Dataset_v6/_Wombat_in_a_field/g457_dlyys6o.jpg", "URL": "http://i.imgur.com/h7vZmDr.jpg", "fileid": "g457_dlyys6o.jpg"}, {"id": "g457_dlzipbi", "comment": "[A wild wombat appears!](http://i.imgur.com/AFxuTb4.png)", "date": "2017-08-22 17:11:06", "seriesname": "g457_dlzipbi", "file": "/media/jbrogan4/scratch2/Reddit_Prov_Dataset_v6/_Wombat_in_a_field/g457_dlzipbi.png", "URL": "http://i.imgur.com/AFxuTb4.png", "fileid": "g457_dlzipbi.png"}, {"id": "g457_dlyt5us", "comment": "http://i.imgur.com/EL4HFHI.jpg", "date": "2017-08-22 09:28:01", "seriesname": "g457_dlyt5us", "file": "/media/jbrogan4/scratch2/Reddit_Prov_Dataset_v6/_Wombat_in_a_field/g457_dlyt5us.jpg", "URL": "http://i.imgur.com/EL4HFHI.jpg", "fileid": "g457_dlyt5us.jpg"}, {"id": "g457_dlyz6fa", "comment": "[Wombattlebat](http://imgur.com/G1vCA3O)", "date": "2017-08-22 11:27:11", "seriesname": "g457_dlyz6fa", "file": "/media/jbrogan4/scratch2/Reddit_Prov_Dataset_v6/_Wombat_in_a_field/g457_dlyz6fa.png", "URL": "http://i.imgur.com/G1vCA3O.png", "fileid": "g457_dlyz6fa.png"}, {"id": "g457_dlz2mwp", "comment": "[Mortal Wombat](http://i.imgur.com/CBnDknH.jpg)", "date": "2017-08-22 12:27:17", "seriesname": "g457_dlz2mwp", "file": "/media/jbrogan4/scratch2/Reddit_Prov_Dataset_v6/_Wombat_in_a_field/g457_dlz2mwp.jpg", "URL": "http://i.imgur.com/CBnDknH.jpg", "fileid": "g457_dlz2mwp.jpg"}, {"id": "g457_dlyxayr", "comment": "[SovietWombat](http://i.imgur.com/bkL3q09.jpg)", "date": "2017-08-22 10:52:54", "seriesname": "g457_dlyxayr", "file": "/media/jbrogan4/scratch2/Reddit_Prov_Dataset_v6/_Wombat_in_a_field/g457_dlyxayr.jpg", "URL": "http://i.imgur.com/bkL3q09.jpg", "fileid": "g457_dlyxayr.jpg"}, {"id": "g457_dlywgjr", "comment": "[Wombe-hame-ha!!!!!](http://imgur.com/s1vXkGa) ", "date": "2017-08-22 10:36:48", "seriesname": "g457_dlywgjr", "file": "/media/jbrogan4/scratch2/Reddit_Prov_Dataset_v6/_Wombat_in_a_field/g457_dlywgjr.png", "URL": "http://i.imgur.com/s1vXkGa.png", "fileid": "g457_dlywgjr.png"}, {"id": "g457_dlyz3l6", "comment": "Warrior of the Eclipse\n\nhttp://imgur.com/9f1tTJa", "date": "2017-08-22 11:25:47", "seriesname": "g457_dlyz3l6", "file": "/media/jbrogan4/scratch2/Reddit_Prov_Dataset_v6/_Wombat_in_a_field/g457_dlyz3l6.png", "URL": "http://i.imgur.com/9f1tTJa.png", "fileid": "g457_dlyz3l6.png"}, {"id": "g457_dlzwsjx", "comment": "[Beach Photoshoot Wombat](http://imgur.com/c50OhUP)", "date": "2017-08-22 21:48:53", "seriesname": "g457_dlzwsjx", "file": "/media/jbrogan4/scratch2/Reddit_Prov_Dataset_v6/_Wombat_in_a_field/g457_dlzwsjx.png", "URL": "http://i.imgur.com/c50OhUP.png", "fileid": "g457_dlzwsjx.png"}, {"id": "g457_dlywy5k", "comment": "[Leo in trouble again!] (http://i.imgur.com/eIOhUut.jpg)", "date": "2017-08-22 10:46:12", "seriesname": "g457_dlywy5k", "file": "/media/jbrogan4/scratch2/Reddit_Prov_Dataset_v6/_Wombat_in_a_field/g457_dlywy5k.jpg", "URL": "http://i.imgur.com/eIOhUut.jpg", "fileid": "g457_dlywy5k.jpg"}, {"id": "g457_dlyvb8y", "comment": "[Womby](http://i.imgur.com/ZrOmCvZ.jpg)\n\nUpdated for wombat specialties: https://i.imgur.com/NCtot8r.jpg", "date": "2017-08-22 10:14:02", "seriesname": "g457_dlyvb8y", "file": "/media/jbrogan4/scratch2/Reddit_Prov_Dataset_v6/_Wombat_in_a_field/g457_dlyvb8y.jpg", "URL": "https://i.imgur.com/NCtot8r.jpg", "fileid": "g457_dlyvb8y.jpg"}, {"id": "g457_dlz05l5", "comment": "[Wight bears? Pfft](http://i.imgur.com/7DMM1MY.jpg)", "date": "2017-08-22 11:44:15", "seriesname": "g457_dlz05l5", "file": "/media/jbrogan4/scratch2/Reddit_Prov_Dataset_v6/_Wombat_in_a_field/g457_dlz05l5.jpg", "URL": "http://i.imgur.com/7DMM1MY.jpg", "fileid": "g457_dlz05l5.jpg"}, {"id": "g457_dlz1i6e", "comment": "It had to be done: http://i.imgur.com/Rqq5OzW.jpg", "date": "2017-08-22 12:07:37", "seriesname": "g457_dlz1i6e", "file": "/media/jbrogan4/scratch2/Reddit_Prov_Dataset_v6/_Wombat_in_a_field/g457_dlz1i6e.jpg", "URL": "http://i.imgur.com/Rqq5OzW.jpg", "fileid": "g457_dlz1i6e.jpg"}, {"id": "g457_dlz47uz", "comment": "[Say it!](http://i.imgur.com/QeEphzQ.png)", "date": "2017-08-22 12:54:30", "seriesname": "g457_dlz47uz", "file": "/media/jbrogan4/scratch2/Reddit_Prov_Dataset_v6/_Wombat_in_a_field/g457_dlz47uz.png", "URL": "http://i.imgur.com/QeEphzQ.png", "fileid": "g457_dlz47uz.png"}, {"id": "g457_dlzfif0", "comment": "[Paul, Rampaging Womblord, new EDH commander!](http://i.imgur.com/HjbMjpW.jpg)", "date": "2017-08-22 16:13:48", "seriesname": "g457_dlzfif0", "file": "/media/jbrogan4/scratch2/Reddit_Prov_Dataset_v6/_Wombat_in_a_field/g457_dlzfif0.jpg", "URL": "http://i.imgur.com/HjbMjpW.jpg", "fileid": "g457_dlzfif0.jpg"}, {"id": "g457_dlz6qcv", "comment": "[What will Pikachu do?](http://i.imgur.com/TGCqjdw.jpg)", "date": "2017-08-22 13:38:16", "seriesname": "g457_dlz6qcv", "file": "/media/jbrogan4/scratch2/Reddit_Prov_Dataset_v6/_Wombat_in_a_field/g457_dlz6qcv.jpg", "URL": "http://i.imgur.com/TGCqjdw.jpg", "fileid": "g457_dlz6qcv.jpg"}, {"id": "g457_dlyvydf", "comment": "[Hurt Locker](http://i.imgur.com/KygdmIP.jpg)", "date": "2017-08-22 10:26:54", "seriesname": "g457_dlyvydf", "file": "/media/jbrogan4/scratch2/Reddit_Prov_Dataset_v6/_Wombat_in_a_field/g457_dlyvydf.jpg", "URL": "http://i.imgur.com/KygdmIP.jpg", "fileid": "g457_dlyvydf.jpg"}, {"id": "g457_root", "comment": "", "date": "2017-08-22 08:45:37", "seriesname": "g457_root", "file": "/media/jbrogan4/scratch2/Reddit_Prov_Dataset_v6/_Wombat_in_a_field/g457_root.jpg", "URL": "http://i.imgur.com/DnsEdlY.jpg", "fileid": "g457_root.jpg"}, {"id": "g457_dlz60eb", "comment": "https://i.imgur.com/eGAExvx.png\n\nMy Sumo wombat", "date": "2017-08-22 13:25:40", "seriesname": "g457_dlz60eb", "file": "/media/jbrogan4/scratch2/Reddit_Prov_Dataset_v6/_Wombat_in_a_field/g457_dlz60eb.png", "URL": "https://i.imgur.com/eGAExvx.png", "fileid": "g457_dlz60eb.png"}, {"id": "g457_dlyuj2s", "comment": "[Wumo Wrestler](https://i.imgur.com/PamHPZB.jpg)", "date": "2017-08-22 09:57:51", "seriesname": "g457_dlyuj2s", "file": "/media/jbrogan4/scratch2/Reddit_Prov_Dataset_v6/_Wombat_in_a_field/g457_dlyuj2s.jpg", "URL": "https://i.imgur.com/PamHPZB.jpg", "fileid": "g457_dlyuj2s.jpg"}, {"id": "g457_dlz03u8", "comment": "[A Wombat draws near!]  (http://i.imgur.com/0AlrYT4.jpg)", "date": "2017-08-22 11:43:25", "seriesname": "g457_dlz03u8", "file": "/media/jbrogan4/scratch2/Reddit_Prov_Dataset_v6/_Wombat_in_a_field/g457_dlz03u8.jpg", "URL": "http://i.imgur.com/0AlrYT4.jpg", "fileid": "g457_dlz03u8.jpg"}, {"id": "g457_dlyt9n9", "comment": "[Mortal Wombat](http://i.imgur.com/sm6exyQ.jpg)", "date": "2017-08-22 09:30:24", "seriesname": "g457_dlyt9n9", "file": "/media/jbrogan4/scratch2/Reddit_Prov_Dataset_v6/_Wombat_in_a_field/g457_dlyt9n9.jpg", "URL": "http://i.imgur.com/sm6exyQ.jpg", "fileid": "g457_dlyt9n9.jpg"}, {"id": "g457_dlyum0x", "comment": "[Down. Set. Hut!](http://i.imgur.com/EJppGgQ.jpg)", "date": "2017-08-22 09:59:35", "seriesname": "g457_dlyum0x", "file": "/media/jbrogan4/scratch2/Reddit_Prov_Dataset_v6/_Wombat_in_a_field/g457_dlyum0x.jpg", "URL": "http://i.imgur.com/EJppGgQ.jpg", "fileid": "g457_dlyum0x.jpg"}, {"id": "g457_dlywm90", "comment": "[The wombat scene from The Revenant](https://imgur.com/bDgGgCo)", "date": "2017-08-22 10:39:54", "seriesname": "g457_dlywm90", "file": "/media/jbrogan4/scratch2/Reddit_Prov_Dataset_v6/_Wombat_in_a_field/g457_dlywm90.png", "URL": "http://i.imgur.com/bDgGgCo.png", "fileid": "g457_dlywm90.png"}, {"id": "g457_dlzq1xv", "comment": "[Fuck it. Mask off. ](http://i.imgur.com/lVny1NV.jpg)", "date": "2017-08-22 19:35:58", "seriesname": "g457_dlzq1xv", "file": "/media/jbrogan4/scratch2/Reddit_Prov_Dataset_v6/_Wombat_in_a_field/g457_dlzq1xv.jpg", "URL": "http://i.imgur.com/lVny1NV.jpg", "fileid": "g457_dlzq1xv.jpg"}, {"id": "g457_dlyuur0", "comment": "http://i.imgur.com/CkJxM8N.jpg", "date": "2017-08-22 10:04:38", "seriesname": "g457_dlyuur0", "file": "/media/jbrogan4/scratch2/Reddit_Prov_Dataset_v6/_Wombat_in_a_field/g457_dlyuur0.jpg", "URL": "http://i.imgur.com/CkJxM8N.jpg", "fileid": "g457_dlyuur0.jpg"}, {"id": "g457_dlz3v0n", "comment": "[PUSH IT TO THE LIMIT](http://i.imgur.com/XIkNQA6.png)", "date": "2017-08-22 12:48:20", "seriesname": "g457_dlz3v0n", "file": "/media/jbrogan4/scratch2/Reddit_Prov_Dataset_v6/_Wombat_in_a_field/g457_dlz3v0n.png", "URL": "http://i.imgur.com/XIkNQA6.png", "fileid": "g457_dlz3v0n.png"}, {"id": "g457_dlz9zlf", "comment": "[Graduates from The Prometheus school of running away from things](http://i.imgur.com/w3qMJdt.jpg)", "date": "2017-08-22 14:35:28", "seriesname": "g457_dlz9zlf", "file": "/media/jbrogan4/scratch2/Reddit_Prov_Dataset_v6/_Wombat_in_a_field/g457_dlz9zlf.jpg", "URL": "http://i.imgur.com/w3qMJdt.jpg", "fileid": "g457_dlz9zlf.jpg"}, {"id": "g457_dlyvys9", "comment": "[You mean upvote?](http://imgur.com/fjU2mVN.jpg)", "date": "2017-08-22 10:27:07", "seriesname": "g457_dlyvys9", "file": "/media/jbrogan4/scratch2/Reddit_Prov_Dataset_v6/_Wombat_in_a_field/g457_dlyvys9.jpg", "URL": "http://imgur.com/fjU2mVN.jpg", "fileid": "g457_dlyvys9.jpg"}, {"id": "g457_dlyy34j", "comment": "[Superhero Landing](http://i.imgur.com/JQcoPkq.jpg)", "date": "2017-08-22 11:07:18", "seriesname": "g457_dlyy34j", "file": "/media/jbrogan4/scratch2/Reddit_Prov_Dataset_v6/_Wombat_in_a_field/g457_dlyy34j.jpg", "URL": "http://i.imgur.com/JQcoPkq.jpg", "fileid": "g457_dlyy34j.jpg"}, {"id": "g457_dlz0c3h", "comment": "[Gulliver's Wombat](http://i.imgur.com/at8mizW.jpg)", "date": "2017-08-22 11:47:21", "seriesname": "g457_dlz0c3h", "file": "/media/jbrogan4/scratch2/Reddit_Prov_Dataset_v6/_Wombat_in_a_field/g457_dlz0c3h.jpg", "URL": "http://i.imgur.com/at8mizW.jpg", "fileid": "g457_dlz0c3h.jpg"}, {"id": "g457_dlz6fan", "comment": "[Pretty Wombat](http://i.imgur.com/qTqrxyt.jpg)", "date": "2017-08-22 13:32:51", "seriesname": "g457_dlz6fan", "file": "/media/jbrogan4/scratch2/Reddit_Prov_Dataset_v6/_Wombat_in_a_field/g457_dlz6fan.jpg", "URL": "http://i.imgur.com/qTqrxyt.jpg", "fileid": "g457_dlz6fan.jpg"}, {"id": "g457_dlz6vxf", "comment": "[Race against Usain Bolt, Moscow 2013](http://imgur.com/mmpf151)", "date": "2017-08-22 13:41:01", "seriesname": "g457_dlz6vxf", "file": "/media/jbrogan4/scratch2/Reddit_Prov_Dataset_v6/_Wombat_in_a_field/g457_dlz6vxf.png", "URL": "http://i.imgur.com/mmpf151.png", "fileid": "g457_dlz6vxf.png"}, {"id": "g457_dlyuptv", "comment": "[Sumo](https://i.imgur.com/LcMNFKf.jpg) ", "date": "2017-08-22 10:01:49", "seriesname": "g457_dlyuptv", "file": "/media/jbrogan4/scratch2/Reddit_Prov_Dataset_v6/_Wombat_in_a_field/g457_dlyuptv.jpg", "URL": "https://i.imgur.com/LcMNFKf.jpg", "fileid": "g457_dlyuptv.jpg"}, {"id": "g457_dlyyznd", "comment": "[when people say \"don't stare directly at the sun\"](http://i.imgur.com/hM3d34L.png)", "date": "2017-08-22 11:23:49", "seriesname": "g457_dlyyznd", "file": "/media/jbrogan4/scratch2/Reddit_Prov_Dataset_v6/_Wombat_in_a_field/g457_dlyyznd.png", "URL": "http://i.imgur.com/hM3d34L.png", "fileid": "g457_dlyyznd.png"}], "graph": {"name": "g457_root"}, "directed": true}