{"links": [{"op": "none", "target": 0, "source": 45}, {"op": "none", "target": 1, "source": 40}, {"op": "none", "target": 2, "source": 40}, {"op": "none", "target": 3, "source": 40}, {"op": "none", "target": 4, "source": 40}, {"op": "none", "target": 5, "source": 40}, {"op": "none", "target": 6, "source": 45}, {"op": "none", "target": 7, "source": 40}, {"op": "none", "target": 8, "source": 40}, {"op": "none", "target": 9, "source": 40}, {"op": "none", "target": 10, "source": 40}, {"op": "none", "target": 11, "source": 40}, {"op": "none", "target": 12, "source": 44}, {"op": "none", "target": 13, "source": 40}, {"op": "none", "target": 14, "source": 2}, {"op": "none", "target": 15, "source": 40}, {"op": "none", "target": 16, "source": 40}, {"op": "none", "target": 17, "source": 40}, {"op": "none", "target": 18, "source": 40}, {"op": "none", "target": 19, "source": 40}, {"op": "none", "target": 20, "source": 40}, {"op": "none", "target": 21, "source": 40}, {"op": "none", "target": 22, "source": 40}, {"op": "none", "target": 23, "source": 40}, {"op": "none", "target": 24, "source": 44}, {"op": "none", "target": 25, "source": 40}, {"op": "none", "target": 26, "source": 23}, {"op": "none", "target": 27, "source": 40}, {"op": "none", "target": 28, "source": 40}, {"op": "none", "target": 29, "source": 40}, {"op": "none", "target": 30, "source": 40}, {"op": "none", "target": 31, "source": 40}, {"op": "none", "target": 32, "source": 40}, {"op": "none", "target": 33, "source": 34}, {"op": "none", "target": 34, "source": 40}, {"op": "none", "target": 35, "source": 40}, {"op": "none", "target": 36, "source": 18}, {"op": "none", "target": 37, "source": 40}, {"op": "none", "target": 38, "source": 40}, {"op": "none", "target": 39, "source": 40}, {"op": "none", "target": 41, "source": 18}, {"op": "none", "target": 42, "source": 40}, {"op": "none", "target": 43, "source": 40}, {"op": "none", "target": 44, "source": 40}, {"op": "none", "target": 45, "source": 40}, {"op": "none", "target": 46, "source": 18}], "title": "_Measuring_this_dog", "nodes": [{"id": "g460_dk7rekb", "comment": "[ok. fixed :)](http://i.imgur.com/9cSsHwh.jpg)", "date": "2017-07-14 11:18:53", "seriesname": "g460_dk7rekb", "file": "/media/jbrogan4/scratch2/Reddit_Prov_Dataset_v6/_Measuring_this_dog/g460_dk7rekb.jpg", "URL": "http://i.imgur.com/9cSsHwh.jpg", "fileid": "g460_dk7rekb.jpg"}, {"id": "g460_dk8z6um", "comment": "[the circle of life](http://imgur.com/t2dTdXn)", "date": "2017-07-15 05:32:48", "seriesname": "g460_dk8z6um", "file": "/media/jbrogan4/scratch2/Reddit_Prov_Dataset_v6/_Measuring_this_dog/g460_dk8z6um.png", "URL": "http://i.imgur.com/t2dTdXn.png", "fileid": "g460_dk8z6um.png"}, {"id": "g460_dk7mfk4", "comment": "[You have grown up!](http://i.imgur.com/161vsfl.jpg)\n\n[The little match dog](http://i.imgur.com/IgggR25.jpg)\n\n[new friend!](http://i.imgur.com/rXbhZCl.jpg)", "date": "2017-07-14 09:37:42", "seriesname": "g460_dk7mfk4", "file": "/media/jbrogan4/scratch2/Reddit_Prov_Dataset_v6/_Measuring_this_dog/g460_dk7mfk4.jpg", "URL": "http://i.imgur.com/rXbhZCl.jpg", "fileid": "g460_dk7mfk4.jpg"}, {"id": "g460_dk7yrqy", "comment": "[Harry Potter](http://i.imgur.com/r2Wb3IW.png)", "date": "2017-07-14 13:31:24", "seriesname": "g460_dk7yrqy", "file": "/media/jbrogan4/scratch2/Reddit_Prov_Dataset_v6/_Measuring_this_dog/g460_dk7yrqy.png", "URL": "http://i.imgur.com/r2Wb3IW.png", "fileid": "g460_dk7yrqy.png"}, {"id": "g460_dk7nvbr", "comment": "[Where you start the ruler when she asks you how big you are...](http://i.imgur.com/avvWnvV.jpg)", "date": "2017-07-14 10:09:11", "seriesname": "g460_dk7nvbr", "file": "/media/jbrogan4/scratch2/Reddit_Prov_Dataset_v6/_Measuring_this_dog/g460_dk7nvbr.jpg", "URL": "http://i.imgur.com/avvWnvV.jpg", "fileid": "g460_dk7nvbr.jpg"}, {"id": "g460_dk8mul8", "comment": "[Okay, Sir...](http://imgur.com/XKfiBhR)", "date": "2017-07-14 22:01:48", "seriesname": "g460_dk8mul8", "file": "/media/jbrogan4/scratch2/Reddit_Prov_Dataset_v6/_Measuring_this_dog/g460_dk8mul8.png", "URL": "http://i.imgur.com/XKfiBhR.png", "fileid": "g460_dk8mul8.png"}, {"id": "g460_dk7vok0", "comment": "excellent.\n\n\nI attempted a color fix ;)\n\nhttp://i.imgur.com/vQuHzJe.jpg", "date": "2017-07-14 12:36:41", "seriesname": "g460_dk7vok0", "file": "/media/jbrogan4/scratch2/Reddit_Prov_Dataset_v6/_Measuring_this_dog/g460_dk7vok0.jpg", "URL": "http://i.imgur.com/vQuHzJe.jpg", "fileid": "g460_dk7vok0.jpg"}, {"id": "g460_dk7wi4q", "comment": "[When the clock strikes midnight...](http://imgur.com/Iop6rvo)", "date": "2017-07-14 12:51:16", "seriesname": "g460_dk7wi4q", "file": "/media/jbrogan4/scratch2/Reddit_Prov_Dataset_v6/_Measuring_this_dog/g460_dk7wi4q.png", "URL": "http://i.imgur.com/Iop6rvo.png", "fileid": "g460_dk7wi4q.png"}, {"id": "g460_dk7ptmn", "comment": "[alternate universe](http://i.imgur.com/zsiSVH8.jpg)", "date": "2017-07-14 10:48:39", "seriesname": "g460_dk7ptmn", "file": "/media/jbrogan4/scratch2/Reddit_Prov_Dataset_v6/_Measuring_this_dog/g460_dk7ptmn.jpg", "URL": "http://i.imgur.com/zsiSVH8.jpg", "fileid": "g460_dk7ptmn.jpg"}, {"id": "g460_dk8tuar", "comment": "http://imgur.com/BGGHWdz\nIgnore my horrible photoshop skills ;-;", "date": "2017-07-15 01:29:07", "seriesname": "g460_dk8tuar", "file": "/media/jbrogan4/scratch2/Reddit_Prov_Dataset_v6/_Measuring_this_dog/g460_dk8tuar.png", "URL": "http://i.imgur.com/BGGHWdz.png", "fileid": "g460_dk8tuar.png"}, {"id": "g460_dk7n80l", "comment": "[All rise for King Dog the Third](http://imgur.com/mANDUQ4.jpg)", "date": "2017-07-14 09:55:16", "seriesname": "g460_dk7n80l", "file": "/media/jbrogan4/scratch2/Reddit_Prov_Dataset_v6/_Measuring_this_dog/g460_dk7n80l.jpg", "URL": "http://imgur.com/mANDUQ4.jpg", "fileid": "g460_dk7n80l.jpg"}, {"id": "g460_dk7oetq", "comment": "[How am I looking?](http://i.imgur.com/FDfeVAx.jpg)", "date": "2017-07-14 10:20:34", "seriesname": "g460_dk7oetq", "file": "/media/jbrogan4/scratch2/Reddit_Prov_Dataset_v6/_Measuring_this_dog/g460_dk7oetq.jpg", "URL": "http://i.imgur.com/FDfeVAx.jpg", "fileid": "g460_dk7oetq.jpg"}, {"id": "g460_dk81xv0", "comment": "[Needs more salt.](http://imgur.com/O7X2Jqo)", "date": "2017-07-14 14:28:34", "seriesname": "g460_dk81xv0", "file": "/media/jbrogan4/scratch2/Reddit_Prov_Dataset_v6/_Measuring_this_dog/g460_dk81xv0.png", "URL": "http://i.imgur.com/O7X2Jqo.png", "fileid": "g460_dk81xv0.png"}, {"id": "g460_dk7zbua", "comment": "[\"Stupid dog!\"](http://i.imgur.com/mpWkZIO.jpg)\n\n", "date": "2017-07-14 13:41:22", "seriesname": "g460_dk7zbua", "file": "/media/jbrogan4/scratch2/Reddit_Prov_Dataset_v6/_Measuring_this_dog/g460_dk7zbua.jpg", "URL": "http://i.imgur.com/mpWkZIO.jpg", "fileid": "g460_dk7zbua.jpg"}, {"id": "g460_dk7pczi", "comment": "[lmao](https://i.imgur.com/WLgSDLd.jpg)\n\n", "date": "2017-07-14 10:39:43", "seriesname": "g460_dk7pczi", "file": "/media/jbrogan4/scratch2/Reddit_Prov_Dataset_v6/_Measuring_this_dog/g460_dk7pczi.jpg", "URL": "https://i.imgur.com/WLgSDLd.jpg", "fileid": "g460_dk7pczi.jpg"}, {"id": "g460_dk7ofq3", "comment": "[Please don't hurt me](http://i.imgur.com/QJMVFp3.jpg)", "date": "2017-07-14 10:21:06", "seriesname": "g460_dk7ofq3", "file": "/media/jbrogan4/scratch2/Reddit_Prov_Dataset_v6/_Measuring_this_dog/g460_dk7ofq3.jpg", "URL": "http://i.imgur.com/QJMVFp3.jpg", "fileid": "g460_dk7ofq3.jpg"}, {"id": "g460_dk8bz8x", "comment": "[Ladies Man](http://i.imgur.com/ja8QqDi.png)", "date": "2017-07-14 17:40:16", "seriesname": "g460_dk8bz8x", "file": "/media/jbrogan4/scratch2/Reddit_Prov_Dataset_v6/_Measuring_this_dog/g460_dk8bz8x.png", "URL": "http://i.imgur.com/ja8QqDi.png", "fileid": "g460_dk8bz8x.png"}, {"id": "g460_dk9n6m3", "comment": "[Chinese Food](http://i.imgur.com/8tae8Kx.png)", "date": "2017-07-15 17:03:17", "seriesname": "g460_dk9n6m3", "file": "/media/jbrogan4/scratch2/Reddit_Prov_Dataset_v6/_Measuring_this_dog/g460_dk9n6m3.png", "URL": "http://i.imgur.com/8tae8Kx.png", "fileid": "g460_dk9n6m3.png"}, {"id": "g460_dk7nmgp", "comment": "[\"Please sir, I want some more.\"](http://i.imgur.com/ZEbXs74.png)", "date": "2017-07-14 10:03:57", "seriesname": "g460_dk7nmgp", "file": "/media/jbrogan4/scratch2/Reddit_Prov_Dataset_v6/_Measuring_this_dog/g460_dk7nmgp.png", "URL": "http://i.imgur.com/ZEbXs74.png", "fileid": "g460_dk7nmgp.png"}, {"id": "g460_dk7q2e5", "comment": "[Spider-Man in disguise, held at gunpoint?](http://i.imgur.com/6RpEONI.png)", "date": "2017-07-14 10:53:22", "seriesname": "g460_dk7q2e5", "file": "/media/jbrogan4/scratch2/Reddit_Prov_Dataset_v6/_Measuring_this_dog/g460_dk7q2e5.png", "URL": "http://i.imgur.com/6RpEONI.png", "fileid": "g460_dk7q2e5.png"}, {"id": "g460_dk7w2wo", "comment": "[Circle Of Life](http://i.imgur.com/tRFJL4a.png)", "date": "2017-07-14 12:43:42", "seriesname": "g460_dk7w2wo", "file": "/media/jbrogan4/scratch2/Reddit_Prov_Dataset_v6/_Measuring_this_dog/g460_dk7w2wo.png", "URL": "http://i.imgur.com/tRFJL4a.png", "fileid": "g460_dk7w2wo.png"}, {"id": "g460_dk7thq0", "comment": "[I'll never let go Jack, I promise.](http://i.imgur.com/KlZWH8A.png)", "date": "2017-07-14 11:57:27", "seriesname": "g460_dk7thq0", "file": "/media/jbrogan4/scratch2/Reddit_Prov_Dataset_v6/_Measuring_this_dog/g460_dk7thq0.png", "URL": "http://i.imgur.com/KlZWH8A.png", "fileid": "g460_dk7thq0.png"}, {"id": "g460_dk7owpb", "comment": "[Water doggo](http://imgur.com/pgD2bLx)", "date": "2017-07-14 10:30:48", "seriesname": "g460_dk7owpb", "file": "/media/jbrogan4/scratch2/Reddit_Prov_Dataset_v6/_Measuring_this_dog/g460_dk7owpb.png", "URL": "http://i.imgur.com/pgD2bLx.png", "fileid": "g460_dk7owpb.png"}, {"id": "g460_dk7o814", "comment": "[Wheres my Money?](http://i.imgur.com/0UUSop0.jpg)", "date": "2017-07-14 10:16:37", "seriesname": "g460_dk7o814", "file": "/media/jbrogan4/scratch2/Reddit_Prov_Dataset_v6/_Measuring_this_dog/g460_dk7o814.jpg", "URL": "http://i.imgur.com/0UUSop0.jpg", "fileid": "g460_dk7o814.jpg"}, {"id": "g460_dk7q842", "comment": "[Needs more dog](http://imgur.com/bneFo)", "date": "2017-07-14 10:56:26", "seriesname": "g460_dk7q842", "file": "/media/jbrogan4/scratch2/Reddit_Prov_Dataset_v6/_Measuring_this_dog/g460_dk7q842.png", "URL": "http://i.imgur.com/bneFo.png", "fileid": "g460_dk7q842.png"}, {"id": "g460_dk7wx4z", "comment": "[\"I dub thee Sir Hound...\"](https://i.imgur.com/Z1j2PcX.jpg)", "date": "2017-07-14 12:58:37", "seriesname": "g460_dk7wx4z", "file": "/media/jbrogan4/scratch2/Reddit_Prov_Dataset_v6/_Measuring_this_dog/g460_dk7wx4z.jpg", "URL": "https://i.imgur.com/Z1j2PcX.jpg", "fileid": "g460_dk7wx4z.jpg"}, {"id": "g460_dk7v8cr", "comment": "[directed by steven spielberg](http://i.imgur.com/IEI7oeF.png)", "date": "2017-07-14 12:28:41", "seriesname": "g460_dk7v8cr", "file": "/media/jbrogan4/scratch2/Reddit_Prov_Dataset_v6/_Measuring_this_dog/g460_dk7v8cr.png", "URL": "http://i.imgur.com/IEI7oeF.png", "fileid": "g460_dk7v8cr.png"}, {"id": "g460_dk8b61l", "comment": "[\"That's not Simba!\"](http://imgur.com/oes1mD5)", "date": "2017-07-14 17:23:04", "seriesname": "g460_dk8b61l", "file": "/media/jbrogan4/scratch2/Reddit_Prov_Dataset_v6/_Measuring_this_dog/g460_dk8b61l.png", "URL": "http://i.imgur.com/oes1mD5.png", "fileid": "g460_dk8b61l.png"}, {"id": "g460_dk7opnv", "comment": "http://i.imgur.com/eXIW51W.png", "date": "2017-07-14 10:26:50", "seriesname": "g460_dk7opnv", "file": "/media/jbrogan4/scratch2/Reddit_Prov_Dataset_v6/_Measuring_this_dog/g460_dk7opnv.png", "URL": "http://i.imgur.com/eXIW51W.png", "fileid": "g460_dk7opnv.png"}, {"id": "g460_dk7q4ia", "comment": "[does he look like a bitch?](http://i.imgur.com/Qw8YHbs.png)", "date": "2017-07-14 10:54:30", "seriesname": "g460_dk7q4ia", "file": "/media/jbrogan4/scratch2/Reddit_Prov_Dataset_v6/_Measuring_this_dog/g460_dk7q4ia.png", "URL": "http://i.imgur.com/Qw8YHbs.png", "fileid": "g460_dk7q4ia.png"}, {"id": "g460_dk7rata", "comment": "[Wash those marks off the wall](http://i.imgur.com/UXjQhgE.jpg)", "date": "2017-07-14 11:16:57", "seriesname": "g460_dk7rata", "file": "/media/jbrogan4/scratch2/Reddit_Prov_Dataset_v6/_Measuring_this_dog/g460_dk7rata.jpg", "URL": "http://i.imgur.com/UXjQhgE.jpg", "fileid": "g460_dk7rata.jpg"}, {"id": "g460_dk7puwb", "comment": "[Measuring for my new coat.](http://i.imgur.com/4eNRWC3.jpg)", "date": "2017-07-14 10:49:20", "seriesname": "g460_dk7puwb", "file": "/media/jbrogan4/scratch2/Reddit_Prov_Dataset_v6/_Measuring_this_dog/g460_dk7puwb.jpg", "URL": "http://i.imgur.com/4eNRWC3.jpg", "fileid": "g460_dk7puwb.jpg"}, {"id": "g460_dk7sam6", "comment": "[*My bitch is birthing officer!*](http://i.imgur.com/1D1ACvV.jpg)", "date": "2017-07-14 11:35:27", "seriesname": "g460_dk7sam6", "file": "/media/jbrogan4/scratch2/Reddit_Prov_Dataset_v6/_Measuring_this_dog/g460_dk7sam6.jpg", "URL": "http://i.imgur.com/1D1ACvV.jpg", "fileid": "g460_dk7sam6.jpg"}, {"id": "g460_dk7noa2", "comment": "[Dog Ho!](http://imgur.com/LABpPK1)", "date": "2017-07-14 10:05:00", "seriesname": "g460_dk7noa2", "file": "/media/jbrogan4/scratch2/Reddit_Prov_Dataset_v6/_Measuring_this_dog/g460_dk7noa2.png", "URL": "http://i.imgur.com/LABpPK1.png", "fileid": "g460_dk7noa2.png"}, {"id": "g460_dk7naxf", "comment": "[Measuring *this* dog](http://i.imgur.com/unSm8up.jpg)", "date": "2017-07-14 09:57:00", "seriesname": "g460_dk7naxf", "file": "/media/jbrogan4/scratch2/Reddit_Prov_Dataset_v6/_Measuring_this_dog/g460_dk7naxf.jpg", "URL": "http://i.imgur.com/unSm8up.jpg", "fileid": "g460_dk7naxf.jpg"}, {"id": "g460_dk7nymq", "comment": "[*Sound off like you got a pair! ... I- I- I'm neutered, sir.*](http://i.imgur.com/TcbH8va.jpg)\n\n[Cut](http://i.imgur.com/kEVA0lE.png)", "date": "2017-07-14 10:11:07", "seriesname": "g460_dk7nymq", "file": "/media/jbrogan4/scratch2/Reddit_Prov_Dataset_v6/_Measuring_this_dog/g460_dk7nymq.png", "URL": "http://i.imgur.com/kEVA0lE.png", "fileid": "g460_dk7nymq.png"}, {"id": "g460_dk7ypob", "comment": "http://i.imgur.com/vLiTDO4.png", "date": "2017-07-14 13:30:22", "seriesname": "g460_dk7ypob", "file": "/media/jbrogan4/scratch2/Reddit_Prov_Dataset_v6/_Measuring_this_dog/g460_dk7ypob.png", "URL": "http://i.imgur.com/vLiTDO4.png", "fileid": "g460_dk7ypob.png"}, {"id": "g460_dk812lv", "comment": "[\"Master has given Dobby a sock, Dobby is free!\"](http://imgur.com/Nl9gFIi)", "date": "2017-07-14 14:12:40", "seriesname": "g460_dk812lv", "file": "/media/jbrogan4/scratch2/Reddit_Prov_Dataset_v6/_Measuring_this_dog/g460_dk812lv.png", "URL": "http://i.imgur.com/Nl9gFIi.png", "fileid": "g460_dk812lv.png"}, {"id": "g460_dk7mmv5", "comment": "[Big Ol' Pupper](http://i.imgur.com/wURjyuA.jpg)\n\nedited: fixed color", "date": "2017-07-14 09:42:15", "seriesname": "g460_dk7mmv5", "file": "/media/jbrogan4/scratch2/Reddit_Prov_Dataset_v6/_Measuring_this_dog/g460_dk7mmv5.jpg", "URL": "http://i.imgur.com/wURjyuA.jpg", "fileid": "g460_dk7mmv5.jpg"}, {"id": "g460_dk84tje", "comment": "[DOGG] (https://i.imgur.com/SmvDvWD.jpg)", "date": "2017-07-14 15:21:48", "seriesname": "g460_dk84tje", "file": "/media/jbrogan4/scratch2/Reddit_Prov_Dataset_v6/_Measuring_this_dog/g460_dk84tje.jpg", "URL": "https://i.imgur.com/SmvDvWD.jpg", "fileid": "g460_dk84tje.jpg"}, {"id": "g460_root", "comment": "", "date": "2017-07-14 08:20:01", "seriesname": "g460_root", "file": "/media/jbrogan4/scratch2/Reddit_Prov_Dataset_v6/_Measuring_this_dog/g460_root.jpg", "URL": "https://i.redd.it/fnet20e3wj9z.jpg", "fileid": "g460_root.jpg"}, {"id": "g460_dk7od4v", "comment": "You wouldn't - http://i.imgur.com/38Y1epD.jpg", "date": "2017-07-14 10:19:36", "seriesname": "g460_dk7od4v", "file": "/media/jbrogan4/scratch2/Reddit_Prov_Dataset_v6/_Measuring_this_dog/g460_dk7od4v.jpg", "URL": "http://i.imgur.com/38Y1epD.jpg", "fileid": "g460_dk7od4v.jpg"}, {"id": "g460_dk8cglx", "comment": "[\"Stimpy! ACTIVATE THE PLOT DEVICE!\"](http://i.imgur.com/THHD1Xs.png)", "date": "2017-07-14 17:50:40", "seriesname": "g460_dk8cglx", "file": "/media/jbrogan4/scratch2/Reddit_Prov_Dataset_v6/_Measuring_this_dog/g460_dk8cglx.png", "URL": "http://i.imgur.com/THHD1Xs.png", "fileid": "g460_dk8cglx.png"}, {"id": "g460_dk7xmgp", "comment": "[Harry Potter must not go back to Hogwarts !](http://imgur.com/Di4HskH)", "date": "2017-07-14 13:11:00", "seriesname": "g460_dk7xmgp", "file": "/media/jbrogan4/scratch2/Reddit_Prov_Dataset_v6/_Measuring_this_dog/g460_dk7xmgp.png", "URL": "http://i.imgur.com/Di4HskH.png", "fileid": "g460_dk7xmgp.png"}, {"id": "g460_dk7o2fh", "comment": "[Doggy Soup](http://imgur.com/0ulOrJH.jpg)", "date": "2017-07-14 10:13:19", "seriesname": "g460_dk7o2fh", "file": "/media/jbrogan4/scratch2/Reddit_Prov_Dataset_v6/_Measuring_this_dog/g460_dk7o2fh.jpg", "URL": "http://imgur.com/0ulOrJH.jpg", "fileid": "g460_dk7o2fh.jpg"}, {"id": "g460_dk7nerq", "comment": "[Drawing this dog](http://imgur.com/mBkM9U1)", "date": "2017-07-14 09:59:18", "seriesname": "g460_dk7nerq", "file": "/media/jbrogan4/scratch2/Reddit_Prov_Dataset_v6/_Measuring_this_dog/g460_dk7nerq.png", "URL": "http://i.imgur.com/mBkM9U1.png", "fileid": "g460_dk7nerq.png"}, {"id": "g460_dk7t7sm", "comment": "http://i.imgur.com/mHA1tsq.png", "date": "2017-07-14 11:52:25", "seriesname": "g460_dk7t7sm", "file": "/media/jbrogan4/scratch2/Reddit_Prov_Dataset_v6/_Measuring_this_dog/g460_dk7t7sm.png", "URL": "http://i.imgur.com/mHA1tsq.png", "fileid": "g460_dk7t7sm.png"}], "graph": {"name": "g460_root"}, "directed": true}