{"links": [{"op": "none", "target": 0, "source": 47}, {"op": "none", "target": 1, "source": 37}, {"op": "none", "target": 2, "source": 47}, {"op": "none", "target": 3, "source": 47}, {"op": "none", "target": 4, "source": 47}, {"op": "none", "target": 5, "source": 47}, {"op": "none", "target": 6, "source": 47}, {"op": "none", "target": 7, "source": 47}, {"op": "none", "target": 8, "source": 47}, {"op": "none", "target": 9, "source": 47}, {"op": "none", "target": 10, "source": 47}, {"op": "none", "target": 11, "source": 32}, {"op": "none", "target": 12, "source": 37}, {"op": "none", "target": 13, "source": 47}, {"op": "none", "target": 14, "source": 47}, {"op": "none", "target": 15, "source": 17}, {"op": "none", "target": 16, "source": 47}, {"op": "none", "target": 17, "source": 24}, {"op": "none", "target": 18, "source": 47}, {"op": "none", "target": 19, "source": 47}, {"op": "none", "target": 20, "source": 47}, {"op": "none", "target": 21, "source": 47}, {"op": "none", "target": 22, "source": 37}, {"op": "none", "target": 23, "source": 47}, {"op": "none", "target": 24, "source": 47}, {"op": "none", "target": 25, "source": 47}, {"op": "none", "target": 26, "source": 47}, {"op": "none", "target": 27, "source": 47}, {"op": "none", "target": 28, "source": 47}, {"op": "none", "target": 29, "source": 39}, {"op": "none", "target": 30, "source": 47}, {"op": "none", "target": 31, "source": 47}, {"op": "none", "target": 32, "source": 47}, {"op": "none", "target": 33, "source": 47}, {"op": "none", "target": 34, "source": 47}, {"op": "none", "target": 35, "source": 47}, {"op": "none", "target": 36, "source": 47}, {"op": "none", "target": 37, "source": 47}, {"op": "none", "target": 38, "source": 47}, {"op": "none", "target": 39, "source": 47}, {"op": "none", "target": 40, "source": 47}, {"op": "none", "target": 41, "source": 47}, {"op": "none", "target": 42, "source": 47}, {"op": "none", "target": 43, "source": 47}, {"op": "none", "target": 44, "source": 37}, {"op": "none", "target": 45, "source": 47}, {"op": "none", "target": 46, "source": 47}], "title": "_Nicolas_Cage_in_Kazakhstan_national_costume", "nodes": [{"id": "g463_dkmelsd", "comment": "http://i.imgur.com/mru3AoY.jpg\nTsar Nicholas II and King George V.\n", "date": "2017-07-23 17:47:04", "seriesname": "g463_dkmelsd", "file": "/media/jbrogan4/scratch2/Reddit_Prov_Dataset_v6/_Nicolas_Cage_in_Kazakhstan_national_costume/g463_dkmelsd.jpg", "URL": "http://i.imgur.com/mru3AoY.jpg", "fileid": "g463_dkmelsd.jpg"}, {"id": "g463_dkltedg", "comment": " http://i.imgur.com/YmnSbfS.jpg ", "date": "2017-07-23 09:51:31", "seriesname": "g463_dkltedg", "file": "/media/jbrogan4/scratch2/Reddit_Prov_Dataset_v6/_Nicolas_Cage_in_Kazakhstan_national_costume/g463_dkltedg.jpg", "URL": "http://i.imgur.com/YmnSbfS.jpg", "fileid": "g463_dkltedg.jpg"}, {"id": "g463_dklv0dr", "comment": "http://imgur.com/5ZEuNVG", "date": "2017-07-23 10:36:39", "seriesname": "g463_dklv0dr", "file": "/media/jbrogan4/scratch2/Reddit_Prov_Dataset_v6/_Nicolas_Cage_in_Kazakhstan_national_costume/g463_dklv0dr.png", "URL": "http://i.imgur.com/5ZEuNVG.png", "fileid": "g463_dklv0dr.png"}, {"id": "g463_dklubca", "comment": "http://i.imgur.com/C6eBboz.png\n\n[Cut-out](http://i.imgur.com/RXDK4oh.png)\n\n^^My ^^First ^^PsBattle", "date": "2017-07-23 10:18:03", "seriesname": "g463_dklubca", "file": "/media/jbrogan4/scratch2/Reddit_Prov_Dataset_v6/_Nicolas_Cage_in_Kazakhstan_national_costume/g463_dklubca.png", "URL": "http://i.imgur.com/RXDK4oh.png", "fileid": "g463_dklubca.png"}, {"id": "g463_dklvh5b", "comment": "http://i.imgur.com/UiwpeBR.jpg", "date": "2017-07-23 10:48:47", "seriesname": "g463_dklvh5b", "file": "/media/jbrogan4/scratch2/Reddit_Prov_Dataset_v6/_Nicolas_Cage_in_Kazakhstan_national_costume/g463_dklvh5b.jpg", "URL": "http://i.imgur.com/UiwpeBR.jpg", "fileid": "g463_dklvh5b.jpg"}, {"id": "g463_dklxtig", "comment": "[EnCage](http://i.imgur.com/l8PI52T.png)", "date": "2017-07-23 11:45:16", "seriesname": "g463_dklxtig", "file": "/media/jbrogan4/scratch2/Reddit_Prov_Dataset_v6/_Nicolas_Cage_in_Kazakhstan_national_costume/g463_dklxtig.png", "URL": "http://i.imgur.com/l8PI52T.png", "fileid": "g463_dklxtig.png"}, {"id": "g463_dklqca8", "comment": "[Many cultural learnings](https://i.imgur.com/N846lji.png)", "date": "2017-07-23 08:01:13", "seriesname": "g463_dklqca8", "file": "/media/jbrogan4/scratch2/Reddit_Prov_Dataset_v6/_Nicolas_Cage_in_Kazakhstan_national_costume/g463_dklqca8.png", "URL": "https://i.imgur.com/N846lji.png", "fileid": "g463_dklqca8.png"}, {"id": "g463_dklwoae", "comment": "[http://i.imgur.com/ggZXbtN.jpg](http://i.imgur.com/ggZXbtN.jpg)", "date": "2017-07-23 11:18:26", "seriesname": "g463_dklwoae", "file": "/media/jbrogan4/scratch2/Reddit_Prov_Dataset_v6/_Nicolas_Cage_in_Kazakhstan_national_costume/g463_dklwoae.jpg", "URL": "http://i.imgur.com/ggZXbtN.jpg](http://i.imgur.com/ggZXbtN.jpg", "fileid": "g463_dklwoae.jpg"}, {"id": "g463_dklsk9b", "comment": "[not long enough](http://i.imgur.com/wPc4Ai8.jpg)", "date": "2017-07-23 09:25:05", "seriesname": "g463_dklsk9b", "file": "/media/jbrogan4/scratch2/Reddit_Prov_Dataset_v6/_Nicolas_Cage_in_Kazakhstan_national_costume/g463_dklsk9b.jpg", "URL": "http://i.imgur.com/wPc4Ai8.jpg", "fileid": "g463_dklsk9b.jpg"}, {"id": "g463_dkm7oa5", "comment": "[http://i.imgur.com/njPSVwL.jpg](http://i.imgur.com/njPSVwL.jpg)", "date": "2017-07-23 15:17:40", "seriesname": "g463_dkm7oa5", "file": "/media/jbrogan4/scratch2/Reddit_Prov_Dataset_v6/_Nicolas_Cage_in_Kazakhstan_national_costume/g463_dkm7oa5.jpg", "URL": "http://i.imgur.com/njPSVwL.jpg](http://i.imgur.com/njPSVwL.jpg", "fileid": "g463_dkm7oa5.jpg"}, {"id": "g463_dkouyvw", "comment": "http://i.imgur.com/0JPwXgG.jpg", "date": "2017-07-25 07:02:52", "seriesname": "g463_dkouyvw", "file": "/media/jbrogan4/scratch2/Reddit_Prov_Dataset_v6/_Nicolas_Cage_in_Kazakhstan_national_costume/g463_dkouyvw.jpg", "URL": "http://i.imgur.com/0JPwXgG.jpg", "fileid": "g463_dkouyvw.jpg"}, {"id": "g463_dkmfrfh", "comment": "[Sad time travellers](http://i.imgur.com/gO2eAI5.jpg)", "date": "2017-07-23 18:11:12", "seriesname": "g463_dkmfrfh", "file": "/media/jbrogan4/scratch2/Reddit_Prov_Dataset_v6/_Nicolas_Cage_in_Kazakhstan_national_costume/g463_dkmfrfh.jpg", "URL": "http://i.imgur.com/gO2eAI5.jpg", "fileid": "g463_dkmfrfh.jpg"}, {"id": "g463_dkltx7i", "comment": "http://i.imgur.com/dbJsLlZ.jpg", "date": "2017-07-23 10:07:02", "seriesname": "g463_dkltx7i", "file": "/media/jbrogan4/scratch2/Reddit_Prov_Dataset_v6/_Nicolas_Cage_in_Kazakhstan_national_costume/g463_dkltx7i.jpg", "URL": "http://i.imgur.com/dbJsLlZ.jpg", "fileid": "g463_dkltx7i.jpg"}, {"id": "g463_dkmbst6", "comment": "Reminds me of this  http://i.imgur.com/CCoXxZC.jpg ", "date": "2017-07-23 16:47:22", "seriesname": "g463_dkmbst6", "file": "/media/jbrogan4/scratch2/Reddit_Prov_Dataset_v6/_Nicolas_Cage_in_Kazakhstan_national_costume/g463_dkmbst6.jpg", "URL": "http://i.imgur.com/CCoXxZC.jpg", "fileid": "g463_dkmbst6.jpg"}, {"id": "g463_dkmigs6", "comment": "Russians got very special fur hats for their guests http://imgur.com/2sNrwjs", "date": "2017-07-23 19:09:54", "seriesname": "g463_dkmigs6", "file": "/media/jbrogan4/scratch2/Reddit_Prov_Dataset_v6/_Nicolas_Cage_in_Kazakhstan_national_costume/g463_dkmigs6.png", "URL": "http://i.imgur.com/2sNrwjs.png", "fileid": "g463_dkmigs6.png"}, {"id": "g463_dklx26l", "comment": "[I got you fam](http://i.imgur.com/VDjpXpd.jpg)", "date": "2017-07-23 11:27:34", "seriesname": "g463_dklx26l", "file": "/media/jbrogan4/scratch2/Reddit_Prov_Dataset_v6/_Nicolas_Cage_in_Kazakhstan_national_costume/g463_dklx26l.jpg", "URL": "http://i.imgur.com/VDjpXpd.jpg", "fileid": "g463_dklx26l.jpg"}, {"id": "g463_dklsewd", "comment": "[\u0410\u0440\u0430\u043b\u0430\u0440](http://i.imgur.com/gAaAAod.jpg)", "date": "2017-07-23 09:20:08", "seriesname": "g463_dklsewd", "file": "/media/jbrogan4/scratch2/Reddit_Prov_Dataset_v6/_Nicolas_Cage_in_Kazakhstan_national_costume/g463_dklsewd.jpg", "URL": "http://i.imgur.com/gAaAAod.jpg", "fileid": "g463_dklsewd.jpg"}, {"id": "g463_dklusrj", "comment": "[as you wish](http://i.imgur.com/8grCRKl.jpg)", "date": "2017-07-23 10:31:05", "seriesname": "g463_dklusrj", "file": "/media/jbrogan4/scratch2/Reddit_Prov_Dataset_v6/_Nicolas_Cage_in_Kazakhstan_national_costume/g463_dklusrj.jpg", "URL": "http://i.imgur.com/8grCRKl.jpg", "fileid": "g463_dklusrj.jpg"}, {"id": "g463_dklwosy", "comment": "[Let's Get Down to Business](http://imgur.com/vOICvSo)", "date": "2017-07-23 11:18:47", "seriesname": "g463_dklwosy", "file": "/media/jbrogan4/scratch2/Reddit_Prov_Dataset_v6/_Nicolas_Cage_in_Kazakhstan_national_costume/g463_dklwosy.png", "URL": "http://i.imgur.com/vOICvSo.png", "fileid": "g463_dklwosy.png"}, {"id": "g463_dklu99h", "comment": "[Terracotta Army 2.0](http://i.imgur.com/ZX2O4an.jpg)", "date": "2017-07-23 10:16:28", "seriesname": "g463_dklu99h", "file": "/media/jbrogan4/scratch2/Reddit_Prov_Dataset_v6/_Nicolas_Cage_in_Kazakhstan_national_costume/g463_dklu99h.jpg", "URL": "http://i.imgur.com/ZX2O4an.jpg", "fileid": "g463_dklu99h.jpg"}, {"id": "g463_dklrnpg", "comment": "http://i.imgur.com/kqeFocG.jpg\n\n[bonus shot](http://i.imgur.com/048XXC5.jpg)", "date": "2017-07-23 08:53:55", "seriesname": "g463_dklrnpg", "file": "/media/jbrogan4/scratch2/Reddit_Prov_Dataset_v6/_Nicolas_Cage_in_Kazakhstan_national_costume/g463_dklrnpg.jpg", "URL": "http://i.imgur.com/048XXC5.jpg", "fileid": "g463_dklrnpg.jpg"}, {"id": "g463_dklu0dv", "comment": "[Mingling with the local girls](http://i.imgur.com/QNkdt1L.png)", "date": "2017-07-23 10:09:37", "seriesname": "g463_dklu0dv", "file": "/media/jbrogan4/scratch2/Reddit_Prov_Dataset_v6/_Nicolas_Cage_in_Kazakhstan_national_costume/g463_dklu0dv.png", "URL": "http://i.imgur.com/QNkdt1L.png", "fileid": "g463_dklu0dv.png"}, {"id": "g463_dkltoab", "comment": "http://i.imgur.com/VMYj5Wi.png", "date": "2017-07-23 09:59:48", "seriesname": "g463_dkltoab", "file": "/media/jbrogan4/scratch2/Reddit_Prov_Dataset_v6/_Nicolas_Cage_in_Kazakhstan_national_costume/g463_dkltoab.png", "URL": "http://i.imgur.com/VMYj5Wi.png", "fileid": "g463_dkltoab.png"}, {"id": "g463_dklupl3", "comment": "http://imgur.com/d9wFXHt", "date": "2017-07-23 10:28:45", "seriesname": "g463_dklupl3", "file": "/media/jbrogan4/scratch2/Reddit_Prov_Dataset_v6/_Nicolas_Cage_in_Kazakhstan_national_costume/g463_dklupl3.png", "URL": "http://i.imgur.com/d9wFXHt.png", "fileid": "g463_dklupl3.png"}, {"id": "g463_dklsaiv", "comment": "http://i.imgur.com/jlKc5kG.jpg ", "date": "2017-07-23 09:16:06", "seriesname": "g463_dklsaiv", "file": "/media/jbrogan4/scratch2/Reddit_Prov_Dataset_v6/_Nicolas_Cage_in_Kazakhstan_national_costume/g463_dklsaiv.jpg", "URL": "http://i.imgur.com/jlKc5kG.jpg", "fileid": "g463_dklsaiv.jpg"}, {"id": "g463_dklu1k0", "comment": "[It's over Anakin!](http://i.imgur.com/rBDUpeR.png)\n\nMy first gold :O ty stranger! [improved version](http://i.imgur.com/uYzs8Il.png)", "date": "2017-07-23 10:10:31", "seriesname": "g463_dklu1k0", "file": "/media/jbrogan4/scratch2/Reddit_Prov_Dataset_v6/_Nicolas_Cage_in_Kazakhstan_national_costume/g463_dklu1k0.png", "URL": "http://i.imgur.com/uYzs8Il.png", "fileid": "g463_dklu1k0.png"}, {"id": "g463_dkmorhg", "comment": "[like us!](https://i.imgur.com/mHH241C.jpg) ", "date": "2017-07-23 21:29:44", "seriesname": "g463_dkmorhg", "file": "/media/jbrogan4/scratch2/Reddit_Prov_Dataset_v6/_Nicolas_Cage_in_Kazakhstan_national_costume/g463_dkmorhg.jpg", "URL": "https://i.imgur.com/mHH241C.jpg", "fileid": "g463_dkmorhg.jpg"}, {"id": "g463_dkm791s", "comment": "[The One True God](http://i.imgur.com/67mPMUA.jpg)", "date": "2017-07-23 15:08:29", "seriesname": "g463_dkm791s", "file": "/media/jbrogan4/scratch2/Reddit_Prov_Dataset_v6/_Nicolas_Cage_in_Kazakhstan_national_costume/g463_dkm791s.jpg", "URL": "http://i.imgur.com/67mPMUA.jpg", "fileid": "g463_dkm791s.jpg"}, {"id": "g463_dknxhnm", "comment": "http://imgur.com/QjvxmCu\n\nI tried", "date": "2017-07-24 16:19:08", "seriesname": "g463_dknxhnm", "file": "/media/jbrogan4/scratch2/Reddit_Prov_Dataset_v6/_Nicolas_Cage_in_Kazakhstan_national_costume/g463_dknxhnm.png", "URL": "http://i.imgur.com/QjvxmCu.png", "fileid": "g463_dknxhnm.png"}, {"id": "g463_dknsv06", "comment": "[Indeed](http://i.imgur.com/zbMBXdE.png) :)", "date": "2017-07-24 14:56:35", "seriesname": "g463_dknsv06", "file": "/media/jbrogan4/scratch2/Reddit_Prov_Dataset_v6/_Nicolas_Cage_in_Kazakhstan_national_costume/g463_dknsv06.png", "URL": "http://i.imgur.com/zbMBXdE.png", "fileid": "g463_dknsv06.png"}, {"id": "g463_dklu4k6", "comment": "http://i.imgur.com/Pz79OOl.jpg", "date": "2017-07-23 10:12:51", "seriesname": "g463_dklu4k6", "file": "/media/jbrogan4/scratch2/Reddit_Prov_Dataset_v6/_Nicolas_Cage_in_Kazakhstan_national_costume/g463_dklu4k6.jpg", "URL": "http://i.imgur.com/Pz79OOl.jpg", "fileid": "g463_dklu4k6.jpg"}, {"id": "g463_dklsp53", "comment": "http://i.imgur.com/GswOugn.gif", "date": "2017-07-23 09:29:35", "seriesname": "g463_dklsp53", "file": "/media/jbrogan4/scratch2/Reddit_Prov_Dataset_v6/_Nicolas_Cage_in_Kazakhstan_national_costume/g463_dklsp53.jpg", "URL": "http://i.imgur.com/GswOugn.gif", "fileid": "g463_dklsp53.gif"}, {"id": "g463_dklu2tt", "comment": "[Two time travellers](http://i.imgur.com/1rR0gP8.jpg)", "date": "2017-07-23 10:11:30", "seriesname": "g463_dklu2tt", "file": "/media/jbrogan4/scratch2/Reddit_Prov_Dataset_v6/_Nicolas_Cage_in_Kazakhstan_national_costume/g463_dklu2tt.jpg", "URL": "http://i.imgur.com/1rR0gP8.jpg", "fileid": "g463_dklu2tt.jpg"}, {"id": "g463_dkm0yws", "comment": "[Mistakes were made](http://i.imgur.com/qmlXS0g.png)\n\n[Full image](http://i.imgur.com/p2bpj2G.jpg)", "date": "2017-07-23 12:54:53", "seriesname": "g463_dkm0yws", "file": "/media/jbrogan4/scratch2/Reddit_Prov_Dataset_v6/_Nicolas_Cage_in_Kazakhstan_national_costume/g463_dkm0yws.jpg", "URL": "http://i.imgur.com/p2bpj2G.jpg", "fileid": "g463_dkm0yws.jpg"}, {"id": "g463_dklwtmy", "comment": "[Nothing to see, just normal tourist from kazakhstan](http://photonshop.deviantart.com/art/Nothing-to-see-just-normal-tourist-from-kazakhsta-694302608)\n\n\n[Imgur Mirror](http://i.imgur.com/rA1rViG.jpg)", "date": "2017-07-23 11:21:57", "seriesname": "g463_dklwtmy", "file": "/media/jbrogan4/scratch2/Reddit_Prov_Dataset_v6/_Nicolas_Cage_in_Kazakhstan_national_costume/g463_dklwtmy.jpg", "URL": "http://i.imgur.com/rA1rViG.jpg", "fileid": "g463_dklwtmy.jpg"}, {"id": "g463_dklun4e", "comment": "[Nicolas Cage in actual Kazakhstan national costume](http://i.imgur.com/YKKcslH.jpg)", "date": "2017-07-23 10:26:54", "seriesname": "g463_dklun4e", "file": "/media/jbrogan4/scratch2/Reddit_Prov_Dataset_v6/_Nicolas_Cage_in_Kazakhstan_national_costume/g463_dklun4e.jpg", "URL": "http://i.imgur.com/YKKcslH.jpg", "fileid": "g463_dklun4e.jpg"}, {"id": "g463_dkmahpg", "comment": "[Nicolas Cage in Kazakhstan national costume](http://i.imgur.com/AoyGfJh.jpg)", "date": "2017-07-23 16:19:10", "seriesname": "g463_dkmahpg", "file": "/media/jbrogan4/scratch2/Reddit_Prov_Dataset_v6/_Nicolas_Cage_in_Kazakhstan_national_costume/g463_dkmahpg.jpg", "URL": "http://i.imgur.com/AoyGfJh.jpg", "fileid": "g463_dkmahpg.jpg"}, {"id": "g463_dkls6ia", "comment": "http://i.imgur.com/G13hs2z.jpg?1", "date": "2017-07-23 09:12:22", "seriesname": "g463_dkls6ia", "file": "/media/jbrogan4/scratch2/Reddit_Prov_Dataset_v6/_Nicolas_Cage_in_Kazakhstan_national_costume/g463_dkls6ia.jpg", "URL": "http://i.imgur.com/G13hs2z.jpg?1", "fileid": "g463_dkls6ia.jpg"}, {"id": "g463_dklyzmy", "comment": "[Updated tourism campaign](http://i.imgur.com/Knh5qv3.png)", "date": "2017-07-23 12:11:26", "seriesname": "g463_dklyzmy", "file": "/media/jbrogan4/scratch2/Reddit_Prov_Dataset_v6/_Nicolas_Cage_in_Kazakhstan_national_costume/g463_dklyzmy.png", "URL": "http://i.imgur.com/Knh5qv3.png", "fileid": "g463_dklyzmy.png"}, {"id": "g463_dklsg0z", "comment": "[Original Picture](http://i.imgur.com/A9AccgX.jpg)", "date": "2017-07-23 09:21:09", "seriesname": "g463_dklsg0z", "file": "/media/jbrogan4/scratch2/Reddit_Prov_Dataset_v6/_Nicolas_Cage_in_Kazakhstan_national_costume/g463_dklsg0z.jpg", "URL": "http://i.imgur.com/A9AccgX.jpg", "fileid": "g463_dklsg0z.jpg"}, {"id": "g463_dklw8kb", "comment": "http://i.imgur.com/Nr2ZBz5.png", "date": "2017-07-23 11:07:56", "seriesname": "g463_dklw8kb", "file": "/media/jbrogan4/scratch2/Reddit_Prov_Dataset_v6/_Nicolas_Cage_in_Kazakhstan_national_costume/g463_dklw8kb.png", "URL": "http://i.imgur.com/Nr2ZBz5.png", "fileid": "g463_dklw8kb.png"}, {"id": "g463_dkm6y2a", "comment": "[World renowned bearded singer](http://i.imgur.com/LAyI6yy.jpg) ", "date": "2017-07-23 15:01:59", "seriesname": "g463_dkm6y2a", "file": "/media/jbrogan4/scratch2/Reddit_Prov_Dataset_v6/_Nicolas_Cage_in_Kazakhstan_national_costume/g463_dkm6y2a.jpg", "URL": "http://i.imgur.com/LAyI6yy.jpg", "fileid": "g463_dkm6y2a.jpg"}, {"id": "g463_dklrx4m", "comment": "[slight wardrobe change...](http://i.imgur.com/KfYfIEh.jpg)", "date": "2017-07-23 09:03:11", "seriesname": "g463_dklrx4m", "file": "/media/jbrogan4/scratch2/Reddit_Prov_Dataset_v6/_Nicolas_Cage_in_Kazakhstan_national_costume/g463_dklrx4m.jpg", "URL": "http://i.imgur.com/KfYfIEh.jpg", "fileid": "g463_dklrx4m.jpg"}, {"id": "g463_dklslmk", "comment": "[Not the..](http://i.imgur.com/AYhIPsG.jpg)", "date": "2017-07-23 09:26:23", "seriesname": "g463_dklslmk", "file": "/media/jbrogan4/scratch2/Reddit_Prov_Dataset_v6/_Nicolas_Cage_in_Kazakhstan_national_costume/g463_dklslmk.jpg", "URL": "http://i.imgur.com/AYhIPsG.jpg", "fileid": "g463_dklslmk.jpg"}, {"id": "g463_dkltpsj", "comment": "http://i.imgur.com/hj4GMH8.jpg", "date": "2017-07-23 10:01:02", "seriesname": "g463_dkltpsj", "file": "/media/jbrogan4/scratch2/Reddit_Prov_Dataset_v6/_Nicolas_Cage_in_Kazakhstan_national_costume/g463_dkltpsj.jpg", "URL": "http://i.imgur.com/hj4GMH8.jpg", "fileid": "g463_dkltpsj.jpg"}, {"id": "g463_dklwvgp", "comment": "[Jon Cage](http://i.imgur.com/DbuXIRs.png)", "date": "2017-07-23 11:23:09", "seriesname": "g463_dklwvgp", "file": "/media/jbrogan4/scratch2/Reddit_Prov_Dataset_v6/_Nicolas_Cage_in_Kazakhstan_national_costume/g463_dklwvgp.png", "URL": "http://i.imgur.com/DbuXIRs.png", "fileid": "g463_dklwvgp.png"}, {"id": "g463_dkm694f", "comment": "Original Kazamerican Gothics. http://i.imgur.com/OZMaGuh.jpg", "date": "2017-07-23 14:47:19", "seriesname": "g463_dkm694f", "file": "/media/jbrogan4/scratch2/Reddit_Prov_Dataset_v6/_Nicolas_Cage_in_Kazakhstan_national_costume/g463_dkm694f.jpg", "URL": "http://i.imgur.com/OZMaGuh.jpg", "fileid": "g463_dkm694f.jpg"}, {"id": "g463_root", "comment": "", "date": "2017-07-23 06:41:12", "seriesname": "g463_root", "file": "/media/jbrogan4/scratch2/Reddit_Prov_Dataset_v6/_Nicolas_Cage_in_Kazakhstan_national_costume/g463_root.jpg", "URL": "https://i.redd.it/nsn5s35bmbbz.jpg", "fileid": "g463_root.jpg"}], "graph": {"name": "g463_root"}, "directed": true}