{"links": [{"op": "none", "target": 0, "source": 31}, {"op": "none", "target": 1, "source": 47}, {"op": "none", "target": 2, "source": 47}, {"op": "none", "target": 3, "source": 34}, {"op": "none", "target": 4, "source": 15}, {"op": "none", "target": 5, "source": 47}, {"op": "none", "target": 6, "source": 37}, {"op": "none", "target": 7, "source": 15}, {"op": "none", "target": 8, "source": 47}, {"op": "none", "target": 9, "source": 47}, {"op": "none", "target": 10, "source": 47}, {"op": "none", "target": 11, "source": 35}, {"op": "none", "target": 12, "source": 3}, {"op": "none", "target": 13, "source": 47}, {"op": "none", "target": 14, "source": 47}, {"op": "none", "target": 15, "source": 47}, {"op": "none", "target": 16, "source": 47}, {"op": "none", "target": 17, "source": 47}, {"op": "none", "target": 18, "source": 47}, {"op": "none", "target": 19, "source": 47}, {"op": "none", "target": 20, "source": 47}, {"op": "none", "target": 21, "source": 47}, {"op": "none", "target": 22, "source": 47}, {"op": "none", "target": 23, "source": 47}, {"op": "none", "target": 24, "source": 11}, {"op": "none", "target": 25, "source": 47}, {"op": "none", "target": 26, "source": 47}, {"op": "none", "target": 27, "source": 47}, {"op": "none", "target": 28, "source": 47}, {"op": "none", "target": 29, "source": 47}, {"op": "none", "target": 30, "source": 47}, {"op": "none", "target": 31, "source": 47}, {"op": "none", "target": 32, "source": 47}, {"op": "none", "target": 33, "source": 47}, {"op": "none", "target": 34, "source": 15}, {"op": "none", "target": 35, "source": 47}, {"op": "none", "target": 36, "source": 47}, {"op": "none", "target": 37, "source": 47}, {"op": "none", "target": 38, "source": 47}, {"op": "none", "target": 39, "source": 37}, {"op": "none", "target": 40, "source": 47}, {"op": "none", "target": 41, "source": 47}, {"op": "none", "target": 42, "source": 47}, {"op": "none", "target": 43, "source": 47}, {"op": "none", "target": 44, "source": 47}, {"op": "none", "target": 45, "source": 39}, {"op": "none", "target": 46, "source": 47}, {"op": "none", "target": 48, "source": 47}], "title": "_Burrowing_Owls_spot_a_camera", "nodes": [{"id": "g972_cw22pni", "comment": "http://i.imgur.com/Co525dD.jpg\n\nCredit to /u/workingat7", "date": "2015-10-16 13:48:35", "seriesname": "g972_cw22pni", "file": "/media/jbrogan4/scratch2/Reddit_Prov_Dataset_v6/_Burrowing_Owls_spot_a_camera/g972_cw22pni.jpg", "URL": "http://i.imgur.com/Co525dD.jpg", "fileid": "g972_cw22pni.jpg"}, {"id": "g972_cw28217", "comment": "http://i.imgur.com/5UTWbz3.gif", "date": "2015-10-16 16:01:01", "seriesname": "g972_cw28217", "file": "/media/jbrogan4/scratch2/Reddit_Prov_Dataset_v6/_Burrowing_Owls_spot_a_camera/g972_cw28217.jpg", "URL": "http://i.imgur.com/5UTWbz3.gif", "fileid": "g972_cw28217.gif"}, {"id": "g972_cw22o5s", "comment": "http://imgur.com/a8U6ZCW", "date": "2015-10-16 13:47:36", "seriesname": "g972_cw22o5s", "file": "/media/jbrogan4/scratch2/Reddit_Prov_Dataset_v6/_Burrowing_Owls_spot_a_camera/g972_cw22o5s.png", "URL": "http://i.imgur.com/a8U6ZCW.png", "fileid": "g972_cw22o5s.png"}, {"id": "g972_cw1xqxm", "comment": "[forgot their hole](http://i.imgur.com/U51vSFj.jpg)", "date": "2015-10-16 11:46:06", "seriesname": "g972_cw1xqxm", "file": "/media/jbrogan4/scratch2/Reddit_Prov_Dataset_v6/_Burrowing_Owls_spot_a_camera/g972_cw1xqxm.jpg", "URL": "http://i.imgur.com/U51vSFj.jpg", "fileid": "g972_cw1xqxm.jpg"}, {"id": "g972_cw1zkom", "comment": "http://i.imgur.com/nVyekQd.jpg", "date": "2015-10-16 12:31:53", "seriesname": "g972_cw1zkom", "file": "/media/jbrogan4/scratch2/Reddit_Prov_Dataset_v6/_Burrowing_Owls_spot_a_camera/g972_cw1zkom.jpg", "URL": "http://i.imgur.com/nVyekQd.jpg", "fileid": "g972_cw1zkom.jpg"}, {"id": "g972_cw1y0av", "comment": "[Sandworm](https://imgur.com/0h9w4xC)", "date": "2015-10-16 11:52:37", "seriesname": "g972_cw1y0av", "file": "/media/jbrogan4/scratch2/Reddit_Prov_Dataset_v6/_Burrowing_Owls_spot_a_camera/g972_cw1y0av.png", "URL": "http://i.imgur.com/0h9w4xC.png", "fileid": "g972_cw1y0av.png"}, {"id": "g972_cw29pqp", "comment": "[Nope the Clangers Mars program is going well though.](http://imgur.com/G52kMoQ)", "date": "2015-10-16 16:42:53", "seriesname": "g972_cw29pqp", "file": "/media/jbrogan4/scratch2/Reddit_Prov_Dataset_v6/_Burrowing_Owls_spot_a_camera/g972_cw29pqp.png", "URL": "http://i.imgur.com/G52kMoQ.png", "fileid": "g972_cw29pqp.png"}, {"id": "g972_cw26p49", "comment": "Does anyone have the base image without the photoshop? Looks awesome. \n\nEDIT: [Here](http://i.imgur.com/pkI6M7L.jpg) for anyone else wondering.", "date": "2015-10-16 15:27:16", "seriesname": "g972_cw26p49", "file": "/media/jbrogan4/scratch2/Reddit_Prov_Dataset_v6/_Burrowing_Owls_spot_a_camera/g972_cw26p49.jpg", "URL": "http://i.imgur.com/pkI6M7L.jpg", "fileid": "g972_cw26p49.jpg"}, {"id": "g972_cw1w8tx", "comment": "http://i.imgur.com/C1W2bhs.jpg", "date": "2015-10-16 11:08:20", "seriesname": "g972_cw1w8tx", "file": "/media/jbrogan4/scratch2/Reddit_Prov_Dataset_v6/_Burrowing_Owls_spot_a_camera/g972_cw1w8tx.jpg", "URL": "http://i.imgur.com/C1W2bhs.jpg", "fileid": "g972_cw1w8tx.jpg"}, {"id": "g972_cw1xm3b", "comment": "He's gonna get in that burrow and put boots to asses.\n\nhttp://imgur.com/ZSSOdYR", "date": "2015-10-16 11:42:50", "seriesname": "g972_cw1xm3b", "file": "/media/jbrogan4/scratch2/Reddit_Prov_Dataset_v6/_Burrowing_Owls_spot_a_camera/g972_cw1xm3b.png", "URL": "http://i.imgur.com/ZSSOdYR.png", "fileid": "g972_cw1xm3b.png"}, {"id": "g972_cw1zjfx", "comment": "*[Maximum security](http://i.imgur.com/4PYqyE3.jpg)*", "date": "2015-10-16 12:31:00", "seriesname": "g972_cw1zjfx", "file": "/media/jbrogan4/scratch2/Reddit_Prov_Dataset_v6/_Burrowing_Owls_spot_a_camera/g972_cw1zjfx.jpg", "URL": "http://i.imgur.com/4PYqyE3.jpg)*", "fileid": "g972_cw1zjfx.jpg*"}, {"id": "g972_cw21dnc", "comment": "http://i.imgur.com/39E6qfE.jpg", "date": "2015-10-16 13:16:22", "seriesname": "g972_cw21dnc", "file": "/media/jbrogan4/scratch2/Reddit_Prov_Dataset_v6/_Burrowing_Owls_spot_a_camera/g972_cw21dnc.jpg", "URL": "http://i.imgur.com/39E6qfE.jpg", "fileid": "g972_cw21dnc.jpg"}, {"id": "g972_cw201us", "comment": "http://imgur.com/hBGSS9d", "date": "2015-10-16 12:43:49", "seriesname": "g972_cw201us", "file": "/media/jbrogan4/scratch2/Reddit_Prov_Dataset_v6/_Burrowing_Owls_spot_a_camera/g972_cw201us.png", "URL": "http://i.imgur.com/hBGSS9d.png", "fileid": "g972_cw201us.png"}, {"id": "g972_cw227g2", "comment": "Jailbirds\n\n[You won't say anything, right?](http://imgur.com/0BZm1h1)", "date": "2015-10-16 13:36:11", "seriesname": "g972_cw227g2", "file": "/media/jbrogan4/scratch2/Reddit_Prov_Dataset_v6/_Burrowing_Owls_spot_a_camera/g972_cw227g2.png", "URL": "http://i.imgur.com/0BZm1h1.png", "fileid": "g972_cw227g2.png"}, {"id": "g972_cw24rnf", "comment": "[Fire in the hole!](http://i.imgur.com/9KPuZ32.png)", "date": "2015-10-16 14:39:01", "seriesname": "g972_cw24rnf", "file": "/media/jbrogan4/scratch2/Reddit_Prov_Dataset_v6/_Burrowing_Owls_spot_a_camera/g972_cw24rnf.png", "URL": "http://i.imgur.com/9KPuZ32.png", "fileid": "g972_cw24rnf.png"}, {"id": "g972_cw1vu2f", "comment": "http://i.imgur.com/i6l5pnd.jpg", "date": "2015-10-16 10:57:36", "seriesname": "g972_cw1vu2f", "file": "/media/jbrogan4/scratch2/Reddit_Prov_Dataset_v6/_Burrowing_Owls_spot_a_camera/g972_cw1vu2f.jpg", "URL": "http://i.imgur.com/i6l5pnd.jpg", "fileid": "g972_cw1vu2f.jpg"}, {"id": "g972_cw1wda0", "comment": "http://i.imgur.com/pDBaueX.jpg", "date": "2015-10-16 11:11:33", "seriesname": "g972_cw1wda0", "file": "/media/jbrogan4/scratch2/Reddit_Prov_Dataset_v6/_Burrowing_Owls_spot_a_camera/g972_cw1wda0.jpg", "URL": "http://i.imgur.com/pDBaueX.jpg", "fileid": "g972_cw1wda0.jpg"}, {"id": "g972_cw24vyw", "comment": "[She found the camera.](http://i.imgur.com/dFch2PK.jpg)", "date": "2015-10-16 14:41:59", "seriesname": "g972_cw24vyw", "file": "/media/jbrogan4/scratch2/Reddit_Prov_Dataset_v6/_Burrowing_Owls_spot_a_camera/g972_cw24vyw.jpg", "URL": "http://i.imgur.com/dFch2PK.jpg", "fileid": "g972_cw24vyw.jpg"}, {"id": "g972_cw26yl0", "comment": "http://i.imgur.com/rtVGGeL.png", "date": "2015-10-16 15:33:45", "seriesname": "g972_cw26yl0", "file": "/media/jbrogan4/scratch2/Reddit_Prov_Dataset_v6/_Burrowing_Owls_spot_a_camera/g972_cw26yl0.png", "URL": "http://i.imgur.com/rtVGGeL.png", "fileid": "g972_cw26yl0.png"}, {"id": "g972_cw1yn3z", "comment": "[He's just a little too short](http://i.imgur.com/smwnj76.jpg)", "date": "2015-10-16 12:08:42", "seriesname": "g972_cw1yn3z", "file": "/media/jbrogan4/scratch2/Reddit_Prov_Dataset_v6/_Burrowing_Owls_spot_a_camera/g972_cw1yn3z.jpg", "URL": "http://i.imgur.com/smwnj76.jpg", "fileid": "g972_cw1yn3z.jpg"}, {"id": "g972_cw20hy5", "comment": "http://i.imgur.com/8PUK1S0.jpg", "date": "2015-10-16 12:54:52", "seriesname": "g972_cw20hy5", "file": "/media/jbrogan4/scratch2/Reddit_Prov_Dataset_v6/_Burrowing_Owls_spot_a_camera/g972_cw20hy5.jpg", "URL": "http://i.imgur.com/8PUK1S0.jpg", "fileid": "g972_cw20hy5.jpg"}, {"id": "g972_cw29wpy", "comment": "[Karate Owl](http://i.imgur.com/9sUytqA.jpg)", "date": "2015-10-16 16:47:56", "seriesname": "g972_cw29wpy", "file": "/media/jbrogan4/scratch2/Reddit_Prov_Dataset_v6/_Burrowing_Owls_spot_a_camera/g972_cw29wpy.jpg", "URL": "http://i.imgur.com/9sUytqA.jpg", "fileid": "g972_cw29wpy.jpg"}, {"id": "g972_cw1xk9s", "comment": "[Honey would you fucking relax, we barely got out of the hole... Cool it with your selfies.](http://i.imgur.com/GF1HaUZ.jpg)\n\n/r/Birdswitharms", "date": "2015-10-16 11:41:38", "seriesname": "g972_cw1xk9s", "file": "/media/jbrogan4/scratch2/Reddit_Prov_Dataset_v6/_Burrowing_Owls_spot_a_camera/g972_cw1xk9s.jpg", "URL": "http://i.imgur.com/GF1HaUZ.jpg", "fileid": "g972_cw1xk9s.jpg"}, {"id": "g972_cw21x1s", "comment": "[Silly Cat](https://imgur.com/mEjspb0)", "date": "2015-10-16 13:29:15", "seriesname": "g972_cw21x1s", "file": "/media/jbrogan4/scratch2/Reddit_Prov_Dataset_v6/_Burrowing_Owls_spot_a_camera/g972_cw21x1s.png", "URL": "http://i.imgur.com/mEjspb0.png", "fileid": "g972_cw21x1s.png"}, {"id": "g972_cw24fnu", "comment": "http://i.imgur.com/DM2Nuc2.jpg\n", "date": "2015-10-16 14:30:50", "seriesname": "g972_cw24fnu", "file": "/media/jbrogan4/scratch2/Reddit_Prov_Dataset_v6/_Burrowing_Owls_spot_a_camera/g972_cw24fnu.jpg", "URL": "http://i.imgur.com/DM2Nuc2.jpg", "fileid": "g972_cw24fnu.jpg"}, {"id": "g972_cw25i0w", "comment": "There's something familiar [about this.]  (http://i.imgur.com/zxLWqU5.jpg)", "date": "2015-10-16 14:57:16", "seriesname": "g972_cw25i0w", "file": "/media/jbrogan4/scratch2/Reddit_Prov_Dataset_v6/_Burrowing_Owls_spot_a_camera/g972_cw25i0w.jpg", "URL": "http://i.imgur.com/zxLWqU5.jpg", "fileid": "g972_cw25i0w.jpg"}, {"id": "g972_cw2024f", "comment": "[Many doors, yes?](http://imgur.com/etw3vaf)", "date": "2015-10-16 12:44:00", "seriesname": "g972_cw2024f", "file": "/media/jbrogan4/scratch2/Reddit_Prov_Dataset_v6/_Burrowing_Owls_spot_a_camera/g972_cw2024f.png", "URL": "http://i.imgur.com/etw3vaf.png", "fileid": "g972_cw2024f.png"}, {"id": "g972_cw213j5", "comment": "[Two gnomes in the wild](http://i.imgur.com/XgKP07x.jpg)", "date": "2015-10-16 13:09:40", "seriesname": "g972_cw213j5", "file": "/media/jbrogan4/scratch2/Reddit_Prov_Dataset_v6/_Burrowing_Owls_spot_a_camera/g972_cw213j5.jpg", "URL": "http://i.imgur.com/XgKP07x.jpg", "fileid": "g972_cw213j5.jpg"}, {"id": "g972_cw1zogu", "comment": "Family portrait.\n\nEdit: [Improved version.](http://i.imgur.com/U9gVsTJ.jpg)", "date": "2015-10-16 12:34:35", "seriesname": "g972_cw1zogu", "file": "/media/jbrogan4/scratch2/Reddit_Prov_Dataset_v6/_Burrowing_Owls_spot_a_camera/g972_cw1zogu.jpg", "URL": "http://i.imgur.com/U9gVsTJ.jpg", "fileid": "g972_cw1zogu.jpg"}, {"id": "g972_cw1zn88", "comment": "[http://imgur.com/El1Nrzz](http://imgur.com/El1Nrzz)", "date": "2015-10-16 12:33:42", "seriesname": "g972_cw1zn88", "file": "/media/jbrogan4/scratch2/Reddit_Prov_Dataset_v6/_Burrowing_Owls_spot_a_camera/g972_cw1zn88.png", "URL": "http://i.imgur.com/El1Nrzz.png", "fileid": "g972_cw1zn88.png"}, {"id": "g972_cw23s66", "comment": "[If only Bradley's arm was longer](http://i.imgur.com/zCqGlHG.jpg)", "date": "2015-10-16 14:14:40", "seriesname": "g972_cw23s66", "file": "/media/jbrogan4/scratch2/Reddit_Prov_Dataset_v6/_Burrowing_Owls_spot_a_camera/g972_cw23s66.jpg", "URL": "http://i.imgur.com/zCqGlHG.jpg", "fileid": "g972_cw23s66.jpg"}, {"id": "g972_cw1yh6q", "comment": "http://imgur.com/2AsbcpK\n\nEdit: love that this is my highest rated comment. I'll be slightly more active in this sub now\n\nEdit 2: oh wow, I struck gold! Thanks stranger!", "date": "2015-10-16 12:04:27", "seriesname": "g972_cw1yh6q", "file": "/media/jbrogan4/scratch2/Reddit_Prov_Dataset_v6/_Burrowing_Owls_spot_a_camera/g972_cw1yh6q.png", "URL": "http://i.imgur.com/2AsbcpK.png", "fileid": "g972_cw1yh6q.png"}, {"id": "g972_cw1xdwu", "comment": "[*I smell varmint poontang*](http://i.imgur.com/oLxzFPc.jpg)", "date": "2015-10-16 11:37:09", "seriesname": "g972_cw1xdwu", "file": "/media/jbrogan4/scratch2/Reddit_Prov_Dataset_v6/_Burrowing_Owls_spot_a_camera/g972_cw1xdwu.jpg", "URL": "http://i.imgur.com/oLxzFPc.jpg", "fileid": "g972_cw1xdwu.jpg"}, {"id": "g972_cw1ydj1", "comment": "[http://imgur.com/zHAX6Np](http://imgur.com/zHAX6Np)", "date": "2015-10-16 12:01:50", "seriesname": "g972_cw1ydj1", "file": "/media/jbrogan4/scratch2/Reddit_Prov_Dataset_v6/_Burrowing_Owls_spot_a_camera/g972_cw1ydj1.png", "URL": "http://i.imgur.com/zHAX6Np.png", "fileid": "g972_cw1ydj1.png"}, {"id": "g972_cw1xa4g", "comment": "[forgot his buddy](http://imgur.com/qmxEIJ2)", "date": "2015-10-16 11:34:30", "seriesname": "g972_cw1xa4g", "file": "/media/jbrogan4/scratch2/Reddit_Prov_Dataset_v6/_Burrowing_Owls_spot_a_camera/g972_cw1xa4g.png", "URL": "http://i.imgur.com/qmxEIJ2.png", "fileid": "g972_cw1xa4g.png"}, {"id": "g972_cw1wlya", "comment": "[RUN](http://i.imgur.com/IAvdBS6.jpg)", "date": "2015-10-16 11:17:44", "seriesname": "g972_cw1wlya", "file": "/media/jbrogan4/scratch2/Reddit_Prov_Dataset_v6/_Burrowing_Owls_spot_a_camera/g972_cw1wlya.jpg", "URL": "http://i.imgur.com/IAvdBS6.jpg", "fileid": "g972_cw1wlya.jpg"}, {"id": "g972_cw23v7q", "comment": "[It's time.] (http://i.imgur.com/ss8SbDC.jpg)", "date": "2015-10-16 14:16:46", "seriesname": "g972_cw23v7q", "file": "/media/jbrogan4/scratch2/Reddit_Prov_Dataset_v6/_Burrowing_Owls_spot_a_camera/g972_cw23v7q.jpg", "URL": "http://i.imgur.com/ss8SbDC.jpg", "fileid": "g972_cw23v7q.jpg"}, {"id": "g972_cw20osg", "comment": "[Mars Exploration Team](https://imgur.com/EwcetDN)", "date": "2015-10-16 12:59:29", "seriesname": "g972_cw20osg", "file": "/media/jbrogan4/scratch2/Reddit_Prov_Dataset_v6/_Burrowing_Owls_spot_a_camera/g972_cw20osg.png", "URL": "http://i.imgur.com/EwcetDN.png", "fileid": "g972_cw20osg.png"}, {"id": "g972_cw27vc2", "comment": "[Eye swap.](http://i.imgur.com/MQ1CFyV.jpg)", "date": "2015-10-16 15:56:23", "seriesname": "g972_cw27vc2", "file": "/media/jbrogan4/scratch2/Reddit_Prov_Dataset_v6/_Burrowing_Owls_spot_a_camera/g972_cw27vc2.jpg", "URL": "http://i.imgur.com/MQ1CFyV.jpg", "fileid": "g972_cw27vc2.jpg"}, {"id": "g972_cw22zpz", "comment": "[The Martian](http://i.imgur.com/pfQZY30.jpg)", "date": "2015-10-16 13:55:32", "seriesname": "g972_cw22zpz", "file": "/media/jbrogan4/scratch2/Reddit_Prov_Dataset_v6/_Burrowing_Owls_spot_a_camera/g972_cw22zpz.jpg", "URL": "http://i.imgur.com/pfQZY30.jpg", "fileid": "g972_cw22zpz.jpg"}, {"id": "g972_cw21ups", "comment": "[Taking a break](http://imgur.com/Os6cq37)", "date": "2015-10-16 13:27:41", "seriesname": "g972_cw21ups", "file": "/media/jbrogan4/scratch2/Reddit_Prov_Dataset_v6/_Burrowing_Owls_spot_a_camera/g972_cw21ups.png", "URL": "http://i.imgur.com/Os6cq37.png", "fileid": "g972_cw21ups.png"}, {"id": "g972_cw205r5", "comment": "http://i.imgur.com/TlNYbgZ.gif", "date": "2015-10-16 12:46:27", "seriesname": "g972_cw205r5", "file": "/media/jbrogan4/scratch2/Reddit_Prov_Dataset_v6/_Burrowing_Owls_spot_a_camera/g972_cw205r5.jpg", "URL": "http://i.imgur.com/TlNYbgZ.gif", "fileid": "g972_cw205r5.gif"}, {"id": "g972_cw2ei32", "comment": "You know what Stuart? [I like You!](http://i.imgur.com/NgX9EbL.jpg)", "date": "2015-10-16 18:58:53", "seriesname": "g972_cw2ei32", "file": "/media/jbrogan4/scratch2/Reddit_Prov_Dataset_v6/_Burrowing_Owls_spot_a_camera/g972_cw2ei32.jpg", "URL": "http://i.imgur.com/NgX9EbL.jpg", "fileid": "g972_cw2ei32.jpg"}, {"id": "g972_cw22bku", "comment": "[Minami Kotori](http://i.imgur.com/jzETPYo.jpg?1)", "date": "2015-10-16 13:38:59", "seriesname": "g972_cw22bku", "file": "/media/jbrogan4/scratch2/Reddit_Prov_Dataset_v6/_Burrowing_Owls_spot_a_camera/g972_cw22bku.jpg", "URL": "http://i.imgur.com/jzETPYo.jpg?1", "fileid": "g972_cw22bku.jpg"}, {"id": "g972_cw20q2l", "comment": "[Bugs](http://i.imgur.com/V9Wk728.jpg)", "date": "2015-10-16 13:00:19", "seriesname": "g972_cw20q2l", "file": "/media/jbrogan4/scratch2/Reddit_Prov_Dataset_v6/_Burrowing_Owls_spot_a_camera/g972_cw20q2l.jpg", "URL": "http://i.imgur.com/V9Wk728.jpg", "fileid": "g972_cw20q2l.jpg"}, {"id": "g972_cw2dirp", "comment": "[\"We are far, far, very, very far apart... but it might be that thoughts can overcome time and distance.\" ](https://i.imgur.com/97D2ffZ.jpg)", "date": "2015-10-16 18:29:03", "seriesname": "g972_cw2dirp", "file": "/media/jbrogan4/scratch2/Reddit_Prov_Dataset_v6/_Burrowing_Owls_spot_a_camera/g972_cw2dirp.jpg", "URL": "https://i.imgur.com/97D2ffZ.jpg", "fileid": "g972_cw2dirp.jpg"}, {"id": "g972_cw2027e", "comment": "http://i.imgur.com/3IU7LpI.jpg", "date": "2015-10-16 12:44:03", "seriesname": "g972_cw2027e", "file": "/media/jbrogan4/scratch2/Reddit_Prov_Dataset_v6/_Burrowing_Owls_spot_a_camera/g972_cw2027e.jpg", "URL": "http://i.imgur.com/3IU7LpI.jpg", "fileid": "g972_cw2027e.jpg"}, {"id": "g972_root", "comment": "", "date": "2015-10-16 10:33:27", "seriesname": "g972_root", "file": "/media/jbrogan4/scratch2/Reddit_Prov_Dataset_v6/_Burrowing_Owls_spot_a_camera/g972_root.jpg", "URL": "http://i.imgur.com/HlrR8A4.jpg", "fileid": "g972_root.jpg"}, {"id": "g972_cw1yfrr", "comment": "[\"Your friend is ruining the picture\"](http://i.imgur.com/9Z0YkkM.png)", "date": "2015-10-16 12:03:26", "seriesname": "g972_cw1yfrr", "file": "/media/jbrogan4/scratch2/Reddit_Prov_Dataset_v6/_Burrowing_Owls_spot_a_camera/g972_cw1yfrr.png", "URL": "http://i.imgur.com/9Z0YkkM.png", "fileid": "g972_cw1yfrr.png"}], "graph": {"name": "g972_root"}, "directed": true}