{"directed": true, "graph": {"name": "g977_root"}, "nodes": [{"comment": "[Presidential Portrait](http://imgur.com/LQz20He)", "URL": "http://i.imgur.com/LQz20He.png", "seriesname": "g977_d2od4t2", "file": "/media/jbrogan4/scratch2/Reddit_Prov_Dataset_v6/testdata/_RDJ_in_a_bunny_costume/g977_d2od4t2.png", "date": "2016-05-01 09:01:04", "id": "g977_d2od4t2", "fileid": "g977_d2od4t2.png"}, {"comment": "[Leader](http://i.imgur.com/RjJ2wbp.jpg?1)", "URL": "http://i.imgur.com/RjJ2wbp.jpg?1", "seriesname": "g977_d2ocrts", "file": "/media/jbrogan4/scratch2/Reddit_Prov_Dataset_v6/testdata/_RDJ_in_a_bunny_costume/g977_d2ocrts.jpg", "date": "2016-05-01 08:44:12", "id": "g977_d2ocrts", "fileid": "g977_d2ocrts.jpg"}, {"comment": "http://imgur.com/nTtXf4g", "URL": "http://i.imgur.com/nTtXf4g.png", "seriesname": "g977_d2ojpy7", "file": "/media/jbrogan4/scratch2/Reddit_Prov_Dataset_v6/testdata/_RDJ_in_a_bunny_costume/g977_d2ojpy7.png", "date": "2016-05-01 12:38:51", "id": "g977_d2ojpy7", "fileid": "g977_d2ojpy7.png"}, {"comment": "[Louise's grip on reality continued to decline in adulthood](http://i.imgur.com/FV9K2Zd.jpg)", "URL": "http://i.imgur.com/FV9K2Zd.jpg", "seriesname": "g977_d2ofnf7", "file": "/media/jbrogan4/scratch2/Reddit_Prov_Dataset_v6/testdata/_RDJ_in_a_bunny_costume/g977_d2ofnf7.jpg", "date": "2016-05-01 10:37:12", "id": "g977_d2ofnf7", "fileid": "g977_d2ofnf7.jpg"}, {"comment": "[sister downey](http://i.imgur.com/p1oGais.jpg)", "URL": "http://i.imgur.com/p1oGais.jpg", "seriesname": "g977_d2ofqg1", "file": "/media/jbrogan4/scratch2/Reddit_Prov_Dataset_v6/testdata/_RDJ_in_a_bunny_costume/g977_d2ofqg1.jpg", "date": "2016-05-01 10:40:04", "id": "g977_d2ofqg1", "fileid": "g977_d2ofqg1.jpg"}, {"comment": "[16:9 mobile wallpaper](http://i.imgur.com/5PYgR75.jpg)", "URL": "http://i.imgur.com/5PYgR75.jpg", "seriesname": "g977_d2oi982", "file": "/media/jbrogan4/scratch2/Reddit_Prov_Dataset_v6/testdata/_RDJ_in_a_bunny_costume/g977_d2oi982.jpg", "date": "2016-05-01 11:57:01", "id": "g977_d2oi982", "fileid": "g977_d2oi982.jpg"}, {"comment": "[That rabbit has got a vicious streak a mile wide](http://i.imgur.com/kIsnQII.jpg)", "URL": "http://i.imgur.com/kIsnQII.jpg", "seriesname": "g977_d2ogxy1", "file": "/media/jbrogan4/scratch2/Reddit_Prov_Dataset_v6/testdata/_RDJ_in_a_bunny_costume/g977_d2ogxy1.jpg", "date": "2016-05-01 11:18:16", "id": "g977_d2ogxy1", "fileid": "g977_d2ogxy1.jpg"}, {"comment": "\n\n\n\n[Trippy:](http://i.imgur.com/Xg93QlR.gif)", "URL": "http://i.imgur.com/Xg93QlR.gif", "seriesname": "g977_d2odxys", "file": "/media/jbrogan4/scratch2/Reddit_Prov_Dataset_v6/testdata/_RDJ_in_a_bunny_costume/g977_d2odxys.jpg", "date": "2016-05-01 09:34:48", "id": "g977_d2odxys", "fileid": "g977_d2odxys.gif"}, {"comment": "[Iron Bunny](http://i.imgur.com/brlMxt2.png)", "URL": "http://i.imgur.com/brlMxt2.png", "seriesname": "g977_d2ofmqz", "file": "/media/jbrogan4/scratch2/Reddit_Prov_Dataset_v6/testdata/_RDJ_in_a_bunny_costume/g977_d2ofmqz.png", "date": "2016-05-01 10:36:35", "id": "g977_d2ofmqz", "fileid": "g977_d2ofmqz.png"}, {"comment": "[You haven't seen me in my final form](http://i.imgur.com/8LnMbLs.jpg)", "URL": "http://i.imgur.com/8LnMbLs.jpg", "seriesname": "g977_d2ofmsr", "file": "/media/jbrogan4/scratch2/Reddit_Prov_Dataset_v6/testdata/_RDJ_in_a_bunny_costume/g977_d2ofmsr.jpg", "date": "2016-05-01 10:36:37", "id": "g977_d2ofmsr", "fileid": "g977_d2ofmsr.jpg"}, {"comment": "[Game of Bunnies](http://i.imgur.com/JXz82e8.jpg)", "URL": "http://i.imgur.com/JXz82e8.jpg", "seriesname": "g977_d2ofoh1", "file": "/media/jbrogan4/scratch2/Reddit_Prov_Dataset_v6/testdata/_RDJ_in_a_bunny_costume/g977_d2ofoh1.jpg", "date": "2016-05-01 10:38:13", "id": "g977_d2ofoh1", "fileid": "g977_d2ofoh1.jpg"}, {"comment": "[Reminded me of a certain subreddit.](http://i.imgur.com/FndWybj.jpg)", "URL": "http://i.imgur.com/FndWybj.jpg", "seriesname": "g977_d2ohbja", "file": "/media/jbrogan4/scratch2/Reddit_Prov_Dataset_v6/testdata/_RDJ_in_a_bunny_costume/g977_d2ohbja.jpg", "date": "2016-05-01 11:29:17", "id": "g977_d2ohbja", "fileid": "g977_d2ohbja.jpg"}, {"comment": "[Imgur](http://i.imgur.com/49htjxM.png)", "URL": "http://i.imgur.com/49htjxM.png", "seriesname": "g977_d2p6j52", "file": "/media/jbrogan4/scratch2/Reddit_Prov_Dataset_v6/testdata/_RDJ_in_a_bunny_costume/g977_d2p6j52.png", "date": "2016-05-01 22:37:41", "id": "g977_d2p6j52", "fileid": "g977_d2p6j52.png"}, {"comment": "http://i.imgur.com/E81ROcx.jpg", "URL": "http://i.imgur.com/E81ROcx.jpg", "seriesname": "g977_d2oc4d1", "file": "/media/jbrogan4/scratch2/Reddit_Prov_Dataset_v6/testdata/_RDJ_in_a_bunny_costume/g977_d2oc4d1.jpg", "date": "2016-05-01 08:11:52", "id": "g977_d2oc4d1", "fileid": "g977_d2oc4d1.jpg"}, {"comment": "[RDJ vs SPUDNIK](http://imgur.com/TSibr3p)", "URL": "http://i.imgur.com/TSibr3p.png", "seriesname": "g977_d2oehxg", "file": "/media/jbrogan4/scratch2/Reddit_Prov_Dataset_v6/testdata/_RDJ_in_a_bunny_costume/g977_d2oehxg.png", "date": "2016-05-01 09:55:46", "id": "g977_d2oehxg", "fileid": "g977_d2oehxg.png"}, {"comment": "http://i.imgur.com/eUdgVCU.gif?1", "URL": "http://i.imgur.com/eUdgVCU.gif?1", "seriesname": "g977_d2oce4b", "file": "/media/jbrogan4/scratch2/Reddit_Prov_Dataset_v6/testdata/_RDJ_in_a_bunny_costume/g977_d2oce4b.jpg", "date": "2016-05-01 08:25:23", "id": "g977_d2oce4b", "fileid": "g977_d2oce4b.gif"}, {"comment": "https://m.imgur.com/HLrGwSM", "URL": "http://i.imgur.com/HLrGwSM.png", "seriesname": "g977_d2olbvp", "file": "/media/jbrogan4/scratch2/Reddit_Prov_Dataset_v6/testdata/_RDJ_in_a_bunny_costume/g977_d2olbvp.png", "date": "2016-05-01 13:22:12", "id": "g977_d2olbvp", "fileid": "g977_d2olbvp.png"}, {"comment": "[Safe travels Prince Bunnington](http://i.imgur.com/qv6MpqK.jpg)", "URL": "http://i.imgur.com/qv6MpqK.jpg", "seriesname": "g977_d2oe101", "file": "/media/jbrogan4/scratch2/Reddit_Prov_Dataset_v6/testdata/_RDJ_in_a_bunny_costume/g977_d2oe101.jpg", "date": "2016-05-01 09:38:03", "id": "g977_d2oe101", "fileid": "g977_d2oe101.jpg"}, {"comment": "[Franken Berry Land](http://i.imgur.com/KQETJg1.jpg)", "URL": "http://i.imgur.com/KQETJg1.jpg", "seriesname": "g977_d2ol7ea", "file": "/media/jbrogan4/scratch2/Reddit_Prov_Dataset_v6/testdata/_RDJ_in_a_bunny_costume/g977_d2ol7ea.jpg", "date": "2016-05-01 13:19:01", "id": "g977_d2ol7ea", "fileid": "g977_d2ol7ea.jpg"}, {"comment": "[War...War Never Changes](https://i.imgur.com/2VokcpH.jpg)", "URL": "https://i.imgur.com/2VokcpH.jpg", "seriesname": "g977_d2oddiu", "file": "/media/jbrogan4/scratch2/Reddit_Prov_Dataset_v6/testdata/_RDJ_in_a_bunny_costume/g977_d2oddiu.jpg", "date": "2016-05-01 09:11:56", "id": "g977_d2oddiu", "fileid": "g977_d2oddiu.jpg"}, {"comment": "[You turned Bulma into a carrot!](http://i.imgur.com/jfahpEZ.png)", "URL": "http://i.imgur.com/jfahpEZ.png", "seriesname": "g977_d2ongle", "file": "/media/jbrogan4/scratch2/Reddit_Prov_Dataset_v6/testdata/_RDJ_in_a_bunny_costume/g977_d2ongle.png", "date": "2016-05-01 14:17:29", "id": "g977_d2ongle", "fileid": "g977_d2ongle.png"}, {"comment": "[I present: Robert L Jr.](http://i.imgur.com/sPGX2Ys.jpg?1)", "URL": "http://i.imgur.com/sPGX2Ys.jpg?1", "seriesname": "g977_d2ofvgc", "file": "/media/jbrogan4/scratch2/Reddit_Prov_Dataset_v6/testdata/_RDJ_in_a_bunny_costume/g977_d2ofvgc.jpg", "date": "2016-05-01 10:44:42", "id": "g977_d2ofvgc", "fileid": "g977_d2ofvgc.jpg"}, {"comment": "[You've done it, Robert.](https://i.imgur.com/kpjsKUY.jpg)", "URL": "https://i.imgur.com/kpjsKUY.jpg", "seriesname": "g977_d2olcjs", "file": "/media/jbrogan4/scratch2/Reddit_Prov_Dataset_v6/testdata/_RDJ_in_a_bunny_costume/g977_d2olcjs.jpg", "date": "2016-05-01 13:22:41", "id": "g977_d2olcjs", "fileid": "g977_d2olcjs.jpg"}, {"comment": "[Never go full bunny](http://i.imgur.com/61dnssZ.jpg)", "URL": "http://i.imgur.com/61dnssZ.jpg", "seriesname": "g977_d2oe0bo", "file": "/media/jbrogan4/scratch2/Reddit_Prov_Dataset_v6/testdata/_RDJ_in_a_bunny_costume/g977_d2oe0bo.jpg", "date": "2016-05-01 09:37:20", "id": "g977_d2oe0bo", "fileid": "g977_d2oe0bo.jpg"}, {"comment": "[A new superhero in the franchise](http://i.imgur.com/Xu1v3W6.jpg)", "URL": "http://i.imgur.com/Xu1v3W6.jpg", "seriesname": "g977_d2obob8", "file": "/media/jbrogan4/scratch2/Reddit_Prov_Dataset_v6/testdata/_RDJ_in_a_bunny_costume/g977_d2obob8.jpg", "date": "2016-05-01 07:47:06", "id": "g977_d2obob8", "fileid": "g977_d2obob8.jpg"}, {"comment": "http://i.imgur.com/0uU7zDD.jpg\n\n*Update: Fixed some minor mistakes on the top margin.*", "URL": "http://i.imgur.com/0uU7zDD.jpg", "seriesname": "g977_d2opfwa", "file": "/media/jbrogan4/scratch2/Reddit_Prov_Dataset_v6/testdata/_RDJ_in_a_bunny_costume/g977_d2opfwa.jpg", "date": "2016-05-01 15:08:58", "id": "g977_d2opfwa", "fileid": "g977_d2opfwa.jpg"}, {"comment": "&gt;I'm sure the karma justifies the means.\n\nNo.\n\nI'm happy to share my work with anyone who wishes to print it for personal use. Why wouldn't I\u2014it's extremely flattering. The problem is that my posters and tutorials on reddit are stolen from reddit on a weekly basis and rehosted on other websites without crediting me. \n\nThe top-level image is already more than sufficient for printing from any home or office printer, you'll need a commercial printer to see the benefits of printing at a resolution higher than that. \n\nI've already avoided using obnoxious watermarks on my work and only leave my website as [part of the design on movie posters I make.](http://i.imgur.com/ZUyqgIh.jpg) This makes me wonder about some of the requests I've received in the past for my posters without the creases or text which can also mean \"give me a high resolution and print-worthy image of your work but remove any signs of your authorship\".\n\nThere's nothing I can do about it except to control who gets the high resolution source, because according to Reddit's user agreement: \n\n&gt;By submitting User Content to reddit, you grant us a royalty-free, perpetual, irrevocable, non-exclusive, unrestricted, worldwide license to reproduce, prepare derivative works, distribute copies, perform, or publicly display your User Content in any medium and for any purpose, including commercial purposes, **and to authorize others to do so.**\n\nRight now I'm giving serious thought to switching to a creative career and I see firsthand how damaging it can be to a creator when their work is rehosted without attribution.\n\nWhy would I value a handful of internet points over a potential job, or worse, the ownership of my work?\n", "URL": "http://i.imgur.com/ZUyqgIh.jpg", "seriesname": "g977_d2pcype", "file": "/media/jbrogan4/scratch2/Reddit_Prov_Dataset_v6/testdata/_RDJ_in_a_bunny_costume/g977_d2pcype.jpg", "date": "2016-05-02 02:11:02", "id": "g977_d2pcype", "fileid": "g977_d2pcype.jpg"}, {"comment": "http://i.imgur.com/uZpXC1S.jpg", "URL": "http://i.imgur.com/uZpXC1S.jpg", "seriesname": "g977_d2pnlkw", "file": "/media/jbrogan4/scratch2/Reddit_Prov_Dataset_v6/testdata/_RDJ_in_a_bunny_costume/g977_d2pnlkw.jpg", "date": "2016-05-02 10:28:06", "id": "g977_d2pnlkw", "fileid": "g977_d2pnlkw.jpg"}, {"comment": "[No one can take the place of my Louise, she's awesome.](http://imgur.com/2XtWEPR)  ", "URL": "http://i.imgur.com/2XtWEPR.png", "seriesname": "g977_d2pp96d", "file": "/media/jbrogan4/scratch2/Reddit_Prov_Dataset_v6/testdata/_RDJ_in_a_bunny_costume/g977_d2pp96d.png", "date": "2016-05-02 11:08:48", "id": "g977_d2pp96d", "fileid": "g977_d2pp96d.png"}, {"comment": "[Ooh, I love the look of that hat.. Part Fifty-Nine](https://i.imgur.com/FZKY1VY.png)\n\nPutin spots a new hat while visiting Robert Downey Jr. on a bad acid trip.\n\n[Part Fifty-Eight](https://www.reddit.com/r/photoshopbattles/comments/4h4do2/psbattle_a_portable_tv_concept_from_1967/d2ne9ok)\n\n[Part Sixty](https://www.reddit.com/r/photoshopbattles/comments/4hw330/psbattle_stig_and_fried_pots/d2tc5in)\n\nFor the uninitiated: [Part One](http://www.reddit.com/r/photoshopbattles/comments/1zx3yl/vladimir_putin_entering_a_room/cfxu5hw)\n\n[Full Album Link](https://imgur.com/a/Z8laP#0)", "URL": "http://i.imgur.com/Z8laP.png", "seriesname": "g977_d2odkfr", "file": "/media/jbrogan4/scratch2/Reddit_Prov_Dataset_v6/testdata/_RDJ_in_a_bunny_costume/g977_d2odkfr.png", "date": "2016-05-01 09:19:48", "id": "g977_d2odkfr", "fileid": "g977_d2odkfr.png"}, {"comment": "[Here's Bunny!](http://imgur.com/2edckYN)", "URL": "http://i.imgur.com/2edckYN.png", "seriesname": "g977_d2prilt", "file": "/media/jbrogan4/scratch2/Reddit_Prov_Dataset_v6/testdata/_RDJ_in_a_bunny_costume/g977_d2prilt.png", "date": "2016-05-02 12:18:52", "id": "g977_d2prilt", "fileid": "g977_d2prilt.png"}, {"comment": "http://i.imgur.com/jM2azlt.jpg", "URL": "http://i.imgur.com/jM2azlt.jpg", "seriesname": "g977_d2ogjzb", "file": "/media/jbrogan4/scratch2/Reddit_Prov_Dataset_v6/testdata/_RDJ_in_a_bunny_costume/g977_d2ogjzb.jpg", "date": "2016-05-01 11:06:06", "id": "g977_d2ogjzb", "fileid": "g977_d2ogjzb.jpg"}, {"comment": "[RDJ with his Friends :D](http://imgur.com/wTdmHG6)", "URL": "http://i.imgur.com/wTdmHG6.png", "seriesname": "g977_d2odxzv", "file": "/media/jbrogan4/scratch2/Reddit_Prov_Dataset_v6/testdata/_RDJ_in_a_bunny_costume/g977_d2odxzv.png", "date": "2016-05-01 09:34:50", "id": "g977_d2odxzv", "fileid": "g977_d2odxzv.png"}, {"comment": "[what do you mean \"you rabbits\"](http://i.imgur.com/J5KARAG.jpg)", "URL": "http://i.imgur.com/J5KARAG.jpg", "seriesname": "g977_d2oh98r", "file": "/media/jbrogan4/scratch2/Reddit_Prov_Dataset_v6/testdata/_RDJ_in_a_bunny_costume/g977_d2oh98r.jpg", "date": "2016-05-01 11:27:26", "id": "g977_d2oh98r", "fileid": "g977_d2oh98r.jpg"}, {"comment": "[RDJ Chocolate](http://i.imgur.com/t1bAYv6.jpg?1)", "URL": "http://i.imgur.com/t1bAYv6.jpg?1", "seriesname": "g977_d2ofeyh", "file": "/media/jbrogan4/scratch2/Reddit_Prov_Dataset_v6/testdata/_RDJ_in_a_bunny_costume/g977_d2ofeyh.jpg", "date": "2016-05-01 10:29:09", "id": "g977_d2ofeyh", "fileid": "g977_d2ofeyh.jpg"}, {"comment": "[The resulting RDJ would be greater than the sum of their parts...](http://imgur.com/2EF6bqI)", "URL": "http://i.imgur.com/2EF6bqI.png", "seriesname": "g977_d2oeocp", "file": "/media/jbrogan4/scratch2/Reddit_Prov_Dataset_v6/testdata/_RDJ_in_a_bunny_costume/g977_d2oeocp.png", "date": "2016-05-01 10:02:19", "id": "g977_d2oeocp", "fileid": "g977_d2oeocp.png"}, {"comment": "[RDJ in a bunny costume](http://imgur.com/sWMzhnc)", "URL": "http://i.imgur.com/sWMzhnc.png", "seriesname": "g977_d2omtsa", "file": "/media/jbrogan4/scratch2/Reddit_Prov_Dataset_v6/testdata/_RDJ_in_a_bunny_costume/g977_d2omtsa.png", "date": "2016-05-01 14:00:56", "id": "g977_d2omtsa", "fileid": "g977_d2omtsa.png"}, {"comment": "[Easter egg hunt](http://i.imgur.com/I1y3f77.jpg)", "URL": "http://i.imgur.com/I1y3f77.jpg", "seriesname": "g977_d2ohtak", "file": "/media/jbrogan4/scratch2/Reddit_Prov_Dataset_v6/testdata/_RDJ_in_a_bunny_costume/g977_d2ohtak.jpg", "date": "2016-05-01 11:44:07", "id": "g977_d2ohtak", "fileid": "g977_d2ohtak.jpg"}, {"comment": "[Mystery Indeed](http://i.imgur.com/9Cm7uKq.jpg)", "URL": "http://i.imgur.com/9Cm7uKq.jpg", "seriesname": "g977_d2oeprp", "file": "/media/jbrogan4/scratch2/Reddit_Prov_Dataset_v6/testdata/_RDJ_in_a_bunny_costume/g977_d2oeprp.jpg", "date": "2016-05-01 10:03:48", "id": "g977_d2oeprp", "fileid": "g977_d2oeprp.jpg"}, {"comment": "[He's just reminiscing about the time he got his Christmas wish.](http://i.imgur.com/ipfSJ20.jpg)", "URL": "http://i.imgur.com/ipfSJ20.jpg", "seriesname": "g977_d2odpz1", "file": "/media/jbrogan4/scratch2/Reddit_Prov_Dataset_v6/testdata/_RDJ_in_a_bunny_costume/g977_d2odpz1.jpg", "date": "2016-05-01 09:25:48", "id": "g977_d2odpz1", "fileid": "g977_d2odpz1.jpg"}, {"comment": "[Finally one of the bunnies](http://imgur.com/rSM3Av8)", "URL": "http://i.imgur.com/rSM3Av8.png", "seriesname": "g977_d2odrnm", "file": "/media/jbrogan4/scratch2/Reddit_Prov_Dataset_v6/testdata/_RDJ_in_a_bunny_costume/g977_d2odrnm.png", "date": "2016-05-01 09:27:39", "id": "g977_d2odrnm", "fileid": "g977_d2odrnm.png"}, {"comment": "Im the guy playing a dude disguised in a bunny suit! http://imgur.com/jnxTOtb", "URL": "http://i.imgur.com/jnxTOtb.png", "seriesname": "g977_d2p7pty", "file": "/media/jbrogan4/scratch2/Reddit_Prov_Dataset_v6/testdata/_RDJ_in_a_bunny_costume/g977_d2p7pty.png", "date": "2016-05-01 23:05:14", "id": "g977_d2p7pty", "fileid": "g977_d2p7pty.png"}, {"comment": "http://i.imgur.com/Iz47M2t.jpg", "URL": "http://i.imgur.com/Iz47M2t.jpg", "seriesname": "g977_d2onk7x", "file": "/media/jbrogan4/scratch2/Reddit_Prov_Dataset_v6/testdata/_RDJ_in_a_bunny_costume/g977_d2onk7x.jpg", "date": "2016-05-01 14:20:13", "id": "g977_d2onk7x", "fileid": "g977_d2onk7x.jpg"}, {"comment": "[Robert Downey III](http://i.imgur.com/B6mXGqI.png)", "URL": "http://i.imgur.com/B6mXGqI.png", "seriesname": "g977_d2oxz4p", "file": "/media/jbrogan4/scratch2/Reddit_Prov_Dataset_v6/testdata/_RDJ_in_a_bunny_costume/g977_d2oxz4p.png", "date": "2016-05-01 18:56:29", "id": "g977_d2oxz4p", "fileid": "g977_d2oxz4p.png"}, {"comment": "[RDJ with an indulgent smile](http://i.imgur.com/agRmJKx.jpg)", "URL": "http://i.imgur.com/agRmJKx.jpg", "seriesname": "g977_d2pbn7g", "file": "/media/jbrogan4/scratch2/Reddit_Prov_Dataset_v6/testdata/_RDJ_in_a_bunny_costume/g977_d2pbn7g.jpg", "date": "2016-05-02 01:14:13", "id": "g977_d2pbn7g", "fileid": "g977_d2pbn7g.jpg"}, {"comment": "[Why are you wearing that stupid human suit?](http://imgur.com/zPT9zTg)", "URL": "http://i.imgur.com/zPT9zTg.png", "seriesname": "g977_d2ocncm", "file": "/media/jbrogan4/scratch2/Reddit_Prov_Dataset_v6/testdata/_RDJ_in_a_bunny_costume/g977_d2ocncm.png", "date": "2016-05-01 08:38:06", "id": "g977_d2ocncm", "fileid": "g977_d2ocncm.png"}, {"comment": "[The end is near...](http://i.imgur.com/517mox3.jpg)", "URL": "http://i.imgur.com/517mox3.jpg", "seriesname": "g977_d2od5bc", "file": "/media/jbrogan4/scratch2/Reddit_Prov_Dataset_v6/testdata/_RDJ_in_a_bunny_costume/g977_d2od5bc.jpg", "date": "2016-05-01 09:01:45", "id": "g977_d2od5bc", "fileid": "g977_d2od5bc.jpg"}, {"comment": "http://i.imgur.com/uZdK8lQ.jpg", "URL": "http://i.imgur.com/uZdK8lQ.jpg", "seriesname": "g977_d2onkvr", "file": "/media/jbrogan4/scratch2/Reddit_Prov_Dataset_v6/testdata/_RDJ_in_a_bunny_costume/g977_d2onkvr.jpg", "date": "2016-05-01 14:20:41", "id": "g977_d2onkvr", "fileid": "g977_d2onkvr.jpg"}, {"comment": "[Easter, Halloween, I'm sooo confused](http://i.imgur.com/9XNQr2A.jpg)", "URL": "http://i.imgur.com/9XNQr2A.jpg", "seriesname": "g977_d2oebp6", "file": "/media/jbrogan4/scratch2/Reddit_Prov_Dataset_v6/testdata/_RDJ_in_a_bunny_costume/g977_d2oebp6.jpg", "date": "2016-05-01 09:49:13", "id": "g977_d2oebp6", "fileid": "g977_d2oebp6.jpg"}, {"comment": "http://i.imgur.com/rBR00nh.jpg", "URL": "http://i.imgur.com/rBR00nh.jpg", "seriesname": "g977_d2oeovi", "file": "/media/jbrogan4/scratch2/Reddit_Prov_Dataset_v6/testdata/_RDJ_in_a_bunny_costume/g977_d2oeovi.jpg", "date": "2016-05-01 10:02:52", "id": "g977_d2oeovi", "fileid": "g977_d2oeovi.jpg"}, {"comment": "[Pesky wabbit!](http://imgur.com/BQzkJnL)", "URL": "http://i.imgur.com/BQzkJnL.png", "seriesname": "g977_d2ocf1a", "file": "/media/jbrogan4/scratch2/Reddit_Prov_Dataset_v6/testdata/_RDJ_in_a_bunny_costume/g977_d2ocf1a.png", "date": "2016-05-01 08:26:36", "id": "g977_d2ocf1a", "fileid": "g977_d2ocf1a.png"}, {"comment": "http://i.imgur.com/Xn9ziDf.jpg", "URL": "http://i.imgur.com/Xn9ziDf.jpg", "seriesname": "g977_d2obov2", "file": "/media/jbrogan4/scratch2/Reddit_Prov_Dataset_v6/testdata/_RDJ_in_a_bunny_costume/g977_d2obov2.jpg", "date": "2016-05-01 07:47:58", "id": "g977_d2obov2", "fileid": "g977_d2obov2.jpg"}, {"comment": "http://i.imgur.com/dr1pZKH.jpg", "URL": "http://i.imgur.com/dr1pZKH.jpg", "seriesname": "g977_d2ogxvb", "file": "/media/jbrogan4/scratch2/Reddit_Prov_Dataset_v6/testdata/_RDJ_in_a_bunny_costume/g977_d2ogxvb.jpg", "date": "2016-05-01 11:18:13", "id": "g977_d2ogxvb", "fileid": "g977_d2ogxvb.jpg"}, {"comment": "", "URL": "http://i.imgur.com/AP9DItX.jpg", "seriesname": "g977_root", "file": "/media/jbrogan4/scratch2/Reddit_Prov_Dataset_v6/testdata/_RDJ_in_a_bunny_costume/g977_root.jpg", "date": "2016-05-01 05:20:06", "id": "g977_root", "fileid": "g977_root.jpg"}], "links": [{"source": 53, "target": 0, "op": "none"}, {"source": 53, "target": 1, "op": "none"}, {"source": 53, "target": 2, "op": "none"}, {"source": 53, "target": 3, "op": "none"}, {"source": 53, "target": 4, "op": "none"}, {"source": 49, "target": 5, "op": "none"}, {"source": 53, "target": 6, "op": "none"}, {"source": 53, "target": 7, "op": "none"}, {"source": 23, "target": 8, "op": "none"}, {"source": 53, "target": 9, "op": "none"}, {"source": 53, "target": 10, "op": "none"}, {"source": 53, "target": 11, "op": "none"}, {"source": 53, "target": 12, "op": "none"}, {"source": 53, "target": 13, "op": "none"}, {"source": 53, "target": 14, "op": "none"}, {"source": 53, "target": 15, "op": "none"}, {"source": 53, "target": 16, "op": "none"}, {"source": 53, "target": 17, "op": "none"}, {"source": 53, "target": 18, "op": "none"}, {"source": 53, "target": 19, "op": "none"}, {"source": 53, "target": 20, "op": "none"}, {"source": 53, "target": 21, "op": "none"}, {"source": 53, "target": 22, "op": "none"}, {"source": 53, "target": 23, "op": "none"}, {"source": 53, "target": 24, "op": "none"}, {"source": 42, "target": 25, "op": "none"}, {"source": 49, "target": 26, "op": "none"}, {"source": 42, "target": 27, "op": "none"}, {"source": 53, "target": 28, "op": "none"}, {"source": 53, "target": 29, "op": "none"}, {"source": 53, "target": 30, "op": "none"}, {"source": 53, "target": 31, "op": "none"}, {"source": 53, "target": 32, "op": "none"}, {"source": 53, "target": 33, "op": "none"}, {"source": 53, "target": 34, "op": "none"}, {"source": 53, "target": 35, "op": "none"}, {"source": 53, "target": 36, "op": "none"}, {"source": 53, "target": 37, "op": "none"}, {"source": 53, "target": 38, "op": "none"}, {"source": 53, "target": 39, "op": "none"}, {"source": 53, "target": 40, "op": "none"}, {"source": 53, "target": 41, "op": "none"}, {"source": 52, "target": 42, "op": "none"}, {"source": 53, "target": 43, "op": "none"}, {"source": 53, "target": 44, "op": "none"}, {"source": 53, "target": 45, "op": "none"}, {"source": 53, "target": 46, "op": "none"}, {"source": 5, "target": 47, "op": "none"}, {"source": 53, "target": 48, "op": "none"}, {"source": 53, "target": 49, "op": "none"}, {"source": 53, "target": 50, "op": "none"}, {"source": 53, "target": 51, "op": "none"}, {"source": 49, "target": 52, "op": "none"}], "title": "_RDJ_in_a_bunny_costume"}