{"links": [{"op": "none", "target": 0, "source": 57}, {"op": "none", "target": 1, "source": 57}, {"op": "none", "target": 2, "source": 57}, {"op": "none", "target": 3, "source": 57}, {"op": "none", "target": 4, "source": 57}, {"op": "none", "target": 5, "source": 9}, {"op": "none", "target": 6, "source": 57}, {"op": "none", "target": 7, "source": 57}, {"op": "none", "target": 8, "source": 57}, {"op": "none", "target": 9, "source": 57}, {"op": "none", "target": 10, "source": 57}, {"op": "none", "target": 11, "source": 57}, {"op": "none", "target": 12, "source": 57}, {"op": "none", "target": 13, "source": 57}, {"op": "none", "target": 14, "source": 32}, {"op": "none", "target": 15, "source": 57}, {"op": "none", "target": 16, "source": 57}, {"op": "none", "target": 17, "source": 57}, {"op": "none", "target": 18, "source": 57}, {"op": "none", "target": 19, "source": 57}, {"op": "none", "target": 20, "source": 57}, {"op": "none", "target": 21, "source": 57}, {"op": "none", "target": 22, "source": 57}, {"op": "none", "target": 23, "source": 57}, {"op": "none", "target": 24, "source": 57}, {"op": "none", "target": 25, "source": 57}, {"op": "none", "target": 26, "source": 57}, {"op": "none", "target": 27, "source": 57}, {"op": "none", "target": 28, "source": 37}, {"op": "none", "target": 29, "source": 57}, {"op": "none", "target": 30, "source": 57}, {"op": "none", "target": 31, "source": 57}, {"op": "none", "target": 32, "source": 57}, {"op": "none", "target": 33, "source": 57}, {"op": "none", "target": 34, "source": 57}, {"op": "none", "target": 35, "source": 57}, {"op": "none", "target": 36, "source": 57}, {"op": "none", "target": 37, "source": 6}, {"op": "none", "target": 38, "source": 57}, {"op": "none", "target": 39, "source": 57}, {"op": "none", "target": 40, "source": 57}, {"op": "none", "target": 41, "source": 57}, {"op": "none", "target": 42, "source": 57}, {"op": "none", "target": 43, "source": 57}, {"op": "none", "target": 44, "source": 57}, {"op": "none", "target": 45, "source": 30}, {"op": "none", "target": 46, "source": 57}, {"op": "none", "target": 47, "source": 57}, {"op": "none", "target": 48, "source": 41}, {"op": "none", "target": 49, "source": 36}, {"op": "none", "target": 50, "source": 57}, {"op": "none", "target": 51, "source": 20}, {"op": "none", "target": 52, "source": 57}, {"op": "none", "target": 53, "source": 57}, {"op": "none", "target": 54, "source": 57}, {"op": "none", "target": 55, "source": 57}, {"op": "none", "target": 56, "source": 57}, {"op": "none", "target": 58, "source": 57}], "title": "_An_angry_dog_standing_upright", "nodes": [{"id": "g980_cqghur3", "comment": "[Wile E. Coyote's long lost cousin](http://i.imgur.com/w8zaeI2.jpg)\n\nWile*, not Wild", "date": "2015-04-18 10:17:42", "seriesname": "g980_cqghur3", "file": "/media/jbrogan4/scratch2/Reddit_Prov_Dataset_v6/_An_angry_dog_standing_upright/g980_cqghur3.jpg", "URL": "http://i.imgur.com/w8zaeI2.jpg", "fileid": "g980_cqghur3.jpg"}, {"id": "g980_cqghxxr", "comment": "[Black and White](http://imgur.com/dDEk5yh)", "date": "2015-04-18 10:21:29", "seriesname": "g980_cqghxxr", "file": "/media/jbrogan4/scratch2/Reddit_Prov_Dataset_v6/_An_angry_dog_standing_upright/g980_cqghxxr.png", "URL": "http://i.imgur.com/dDEk5yh.png", "fileid": "g980_cqghxxr.png"}, {"id": "g980_cqguprj", "comment": "[Our car broke Mr. Byrd, we want water and your grand-daughter.](http://i.imgur.com/Y3SK7pS.jpg)", "date": "2015-04-18 17:29:13", "seriesname": "g980_cqguprj", "file": "/media/jbrogan4/scratch2/Reddit_Prov_Dataset_v6/_An_angry_dog_standing_upright/g980_cqguprj.jpg", "URL": "http://i.imgur.com/Y3SK7pS.jpg", "fileid": "g980_cqguprj.jpg"}, {"id": "g980_cqgw4nb", "comment": "scruffy, destroyer of worlds\nhttp://imgur.com/W7UY17i", "date": "2015-04-18 18:18:05", "seriesname": "g980_cqgw4nb", "file": "/media/jbrogan4/scratch2/Reddit_Prov_Dataset_v6/_An_angry_dog_standing_upright/g980_cqgw4nb.png", "URL": "http://i.imgur.com/W7UY17i.png", "fileid": "g980_cqgw4nb.png"}, {"id": "g980_cqgnsit", "comment": "http://i.imgur.com/E6RnyLw.jpg    ", "date": "2015-04-18 13:47:15", "seriesname": "g980_cqgnsit", "file": "/media/jbrogan4/scratch2/Reddit_Prov_Dataset_v6/_An_angry_dog_standing_upright/g980_cqgnsit.jpg", "URL": "http://i.imgur.com/E6RnyLw.jpg", "fileid": "g980_cqgnsit.jpg"}, {"id": "g980_cqgj34r", "comment": "[true origin of pink slime NSFW](http://i.imgur.com/tXTf1Yt.jpg)", "date": "2015-04-18 11:07:33", "seriesname": "g980_cqgj34r", "file": "/media/jbrogan4/scratch2/Reddit_Prov_Dataset_v6/_An_angry_dog_standing_upright/g980_cqgj34r.jpg", "URL": "http://i.imgur.com/tXTf1Yt.jpg", "fileid": "g980_cqgj34r.jpg"}, {"id": "g980_cqgh88x", "comment": "[Bad to the bone](http://i.imgur.com/hj7oumJ.png)\n\n**Edit:** [Minor additions](http://i.imgur.com/wabQaHq.gif)", "date": "2015-04-18 09:49:36", "seriesname": "g980_cqgh88x", "file": "/media/jbrogan4/scratch2/Reddit_Prov_Dataset_v6/_An_angry_dog_standing_upright/g980_cqgh88x.jpg", "URL": "http://i.imgur.com/wabQaHq.gif", "fileid": "g980_cqgh88x.gif"}, {"id": "g980_cqgwr3e", "comment": "He's not angry. He's just in the middle of a [SET](http://i.imgur.com/GaXWYmZ.jpg).", "date": "2015-04-18 18:39:44", "seriesname": "g980_cqgwr3e", "file": "/media/jbrogan4/scratch2/Reddit_Prov_Dataset_v6/_An_angry_dog_standing_upright/g980_cqgwr3e.jpg", "URL": "http://i.imgur.com/GaXWYmZ.jpg).", "fileid": "g980_cqgwr3e."}, {"id": "g980_cqgz78o", "comment": "the first dogvenger\nhttp://i.imgur.com/qwRasTz.png", "date": "2015-04-18 20:06:00", "seriesname": "g980_cqgz78o", "file": "/media/jbrogan4/scratch2/Reddit_Prov_Dataset_v6/_An_angry_dog_standing_upright/g980_cqgz78o.png", "URL": "http://i.imgur.com/qwRasTz.png", "fileid": "g980_cqgz78o.png"}, {"id": "g980_cqghkns", "comment": "[Don't cross the streams.](http://i.imgur.com/kY7Rbqw.jpg)", "date": "2015-04-18 10:05:23", "seriesname": "g980_cqghkns", "file": "/media/jbrogan4/scratch2/Reddit_Prov_Dataset_v6/_An_angry_dog_standing_upright/g980_cqghkns.jpg", "URL": "http://i.imgur.com/kY7Rbqw.jpg", "fileid": "g980_cqghkns.jpg"}, {"id": "g980_cqgxwt0", "comment": "[2016](http://i.imgur.com/RcKfDYy.jpg)", "date": "2015-04-18 19:21:03", "seriesname": "g980_cqgxwt0", "file": "/media/jbrogan4/scratch2/Reddit_Prov_Dataset_v6/_An_angry_dog_standing_upright/g980_cqgxwt0.jpg", "URL": "http://i.imgur.com/RcKfDYy.jpg", "fileid": "g980_cqgxwt0.jpg"}, {"id": "g980_cqh66jr", "comment": "[Poker Face](http://i.imgur.com/HEq2PyZ.jpg)\n\nedit: [Full Body](http://i.imgur.com/jLyGu3B.jpg)", "date": "2015-04-19 00:04:25", "seriesname": "g980_cqh66jr", "file": "/media/jbrogan4/scratch2/Reddit_Prov_Dataset_v6/_An_angry_dog_standing_upright/g980_cqh66jr.jpg", "URL": "http://i.imgur.com/jLyGu3B.jpg", "fileid": "g980_cqh66jr.jpg"}, {"id": "g980_cqgq03c", "comment": "[Sherrif Ed Tom Bell doesn't approve of your shenanigans.](http://i.imgur.com/aTrHL3r.jpg) ", "date": "2015-04-18 14:56:40", "seriesname": "g980_cqgq03c", "file": "/media/jbrogan4/scratch2/Reddit_Prov_Dataset_v6/_An_angry_dog_standing_upright/g980_cqgq03c.jpg", "URL": "http://i.imgur.com/aTrHL3r.jpg", "fileid": "g980_cqgq03c.jpg"}, {"id": "g980_cqgitbc", "comment": "[Unlucky Tom](http://i.imgur.com/htz0DmU.jpg)", "date": "2015-04-18 10:56:49", "seriesname": "g980_cqgitbc", "file": "/media/jbrogan4/scratch2/Reddit_Prov_Dataset_v6/_An_angry_dog_standing_upright/g980_cqgitbc.jpg", "URL": "http://i.imgur.com/htz0DmU.jpg", "fileid": "g980_cqgitbc.jpg"}, {"id": "g980_cqgsiux", "comment": "[Come at us bro.](http://i.imgur.com/j5T8JOf.jpg?1)", "date": "2015-04-18 16:15:58", "seriesname": "g980_cqgsiux", "file": "/media/jbrogan4/scratch2/Reddit_Prov_Dataset_v6/_An_angry_dog_standing_upright/g980_cqgsiux.jpg", "URL": "http://i.imgur.com/j5T8JOf.jpg?1", "fileid": "g980_cqgsiux.jpg"}, {"id": "g980_cqggyv0", "comment": "[It's all I could see...](http://i.imgur.com/YPALEkV.jpg)", "date": "2015-04-18 09:37:05", "seriesname": "g980_cqggyv0", "file": "/media/jbrogan4/scratch2/Reddit_Prov_Dataset_v6/_An_angry_dog_standing_upright/g980_cqggyv0.jpg", "URL": "http://i.imgur.com/YPALEkV.jpg", "fileid": "g980_cqggyv0.jpg"}, {"id": "g980_cqgi3ds", "comment": "The first thing i thought of: [Techno Dogking](http://imgur.com/q8dj1XH)", "date": "2015-04-18 10:27:51", "seriesname": "g980_cqgi3ds", "file": "/media/jbrogan4/scratch2/Reddit_Prov_Dataset_v6/_An_angry_dog_standing_upright/g980_cqgi3ds.png", "URL": "http://i.imgur.com/q8dj1XH.png", "fileid": "g980_cqgi3ds.png"}, {"id": "g980_cqgic0p", "comment": "[as requested:Batdog vs superman] (http://imgur.com/ZUkilRX)", "date": "2015-04-18 10:37:43", "seriesname": "g980_cqgic0p", "file": "/media/jbrogan4/scratch2/Reddit_Prov_Dataset_v6/_An_angry_dog_standing_upright/g980_cqgic0p.png", "URL": "http://i.imgur.com/ZUkilRX.png", "fileid": "g980_cqgic0p.png"}, {"id": "g980_cqgsbib", "comment": "[The Original Boxer](http://imgur.com/SnwiqqT)", "date": "2015-04-18 16:09:14", "seriesname": "g980_cqgsbib", "file": "/media/jbrogan4/scratch2/Reddit_Prov_Dataset_v6/_An_angry_dog_standing_upright/g980_cqgsbib.png", "URL": "http://i.imgur.com/SnwiqqT.png", "fileid": "g980_cqgsbib.png"}, {"id": "g980_cqglfcr", "comment": "[grumpy](http://i.imgur.com/XO6u4Pi.jpg)", "date": "2015-04-18 12:30:03", "seriesname": "g980_cqglfcr", "file": "/media/jbrogan4/scratch2/Reddit_Prov_Dataset_v6/_An_angry_dog_standing_upright/g980_cqglfcr.jpg", "URL": "http://i.imgur.com/XO6u4Pi.jpg", "fileid": "g980_cqglfcr.jpg"}, {"id": "g980_cqgiq8a", "comment": "http://i.imgur.com/wxLsVFk.png", "date": "2015-04-18 10:53:25", "seriesname": "g980_cqgiq8a", "file": "/media/jbrogan4/scratch2/Reddit_Prov_Dataset_v6/_An_angry_dog_standing_upright/g980_cqgiq8a.png", "URL": "http://i.imgur.com/wxLsVFk.png", "fileid": "g980_cqgiq8a.png"}, {"id": "g980_cqgipws", "comment": "[dog of misery](http://i.imgur.com/0nSyBoF.jpg)", "date": "2015-04-18 10:53:03", "seriesname": "g980_cqgipws", "file": "/media/jbrogan4/scratch2/Reddit_Prov_Dataset_v6/_An_angry_dog_standing_upright/g980_cqgipws.jpg", "URL": "http://i.imgur.com/0nSyBoF.jpg", "fileid": "g980_cqgipws.jpg"}, {"id": "g980_cqgljia", "comment": "http://i.imgur.com/0OFs3xa.jpg", "date": "2015-04-18 12:33:58", "seriesname": "g980_cqgljia", "file": "/media/jbrogan4/scratch2/Reddit_Prov_Dataset_v6/_An_angry_dog_standing_upright/g980_cqgljia.jpg", "URL": "http://i.imgur.com/0OFs3xa.jpg", "fileid": "g980_cqgljia.jpg"}, {"id": "g980_cqgqymh", "comment": "http://i.imgur.com/z8qNQpO.jpg", "date": "2015-04-18 15:26:02", "seriesname": "g980_cqgqymh", "file": "/media/jbrogan4/scratch2/Reddit_Prov_Dataset_v6/_An_angry_dog_standing_upright/g980_cqgqymh.jpg", "URL": "http://i.imgur.com/z8qNQpO.jpg", "fileid": "g980_cqgqymh.jpg"}, {"id": "g980_cqgy8vz", "comment": "[one step for man one giant leap for DOGKIND!](http://imgur.com/JmpOhfk)", "date": "2015-04-18 19:32:40", "seriesname": "g980_cqgy8vz", "file": "/media/jbrogan4/scratch2/Reddit_Prov_Dataset_v6/_An_angry_dog_standing_upright/g980_cqgy8vz.png", "URL": "http://i.imgur.com/JmpOhfk.png", "fileid": "g980_cqgy8vz.png"}, {"id": "g980_cqgkdf5", "comment": "http://i.imgur.com/JTkzAIH.png", "date": "2015-04-18 11:54:21", "seriesname": "g980_cqgkdf5", "file": "/media/jbrogan4/scratch2/Reddit_Prov_Dataset_v6/_An_angry_dog_standing_upright/g980_cqgkdf5.png", "URL": "http://i.imgur.com/JTkzAIH.png", "fileid": "g980_cqgkdf5.png"}, {"id": "g980_cqgtdfy", "comment": "[Whatchu call my momma?](http://i.imgur.com/JN2Rbt1.jpg)", "date": "2015-04-18 16:44:00", "seriesname": "g980_cqgtdfy", "file": "/media/jbrogan4/scratch2/Reddit_Prov_Dataset_v6/_An_angry_dog_standing_upright/g980_cqgtdfy.jpg", "URL": "http://i.imgur.com/JN2Rbt1.jpg", "fileid": "g980_cqgtdfy.jpg"}, {"id": "g980_cqgttuu", "comment": "[The Titan](http://i.imgur.com/RHiiSfa.png)", "date": "2015-04-18 16:59:29", "seriesname": "g980_cqgttuu", "file": "/media/jbrogan4/scratch2/Reddit_Prov_Dataset_v6/_An_angry_dog_standing_upright/g980_cqgttuu.png", "URL": "http://i.imgur.com/RHiiSfa.png", "fileid": "g980_cqgttuu.png"}, {"id": "g980_cqgv70a", "comment": "Nice.  Reminds me of my shop for the last [Thanksgiving PSB](http://i.imgur.com/0ia6QLQ.jpg).", "date": "2015-04-18 17:45:46", "seriesname": "g980_cqgv70a", "file": "/media/jbrogan4/scratch2/Reddit_Prov_Dataset_v6/_An_angry_dog_standing_upright/g980_cqgv70a.jpg", "URL": "http://i.imgur.com/0ia6QLQ.jpg).", "fileid": "g980_cqgv70a."}, {"id": "g980_cqh7r6y", "comment": "[The undisputed heavyweight champ](https://i.imgur.com/rPwnViZ.jpg).", "date": "2015-04-19 01:08:52", "seriesname": "g980_cqh7r6y", "file": "/media/jbrogan4/scratch2/Reddit_Prov_Dataset_v6/_An_angry_dog_standing_upright/g980_cqh7r6y.jpg", "URL": "https://i.imgur.com/rPwnViZ.jpg).", "fileid": "g980_cqh7r6y."}, {"id": "g980_cqghrk8", "comment": "['bout to go find the dragon ~~bones~~ balls] (http://i.imgur.com/Qd7bWcm.jpg)", "date": "2015-04-18 10:13:55", "seriesname": "g980_cqghrk8", "file": "/media/jbrogan4/scratch2/Reddit_Prov_Dataset_v6/_An_angry_dog_standing_upright/g980_cqghrk8.jpg", "URL": "http://i.imgur.com/Qd7bWcm.jpg", "fileid": "g980_cqghrk8.jpg"}, {"id": "g980_cqgtkqb", "comment": "[I see you!](http://imgur.com/Wng0RZD)", "date": "2015-04-18 16:50:50", "seriesname": "g980_cqgtkqb", "file": "/media/jbrogan4/scratch2/Reddit_Prov_Dataset_v6/_An_angry_dog_standing_upright/g980_cqgtkqb.png", "URL": "http://i.imgur.com/Wng0RZD.png", "fileid": "g980_cqgtkqb.png"}, {"id": "g980_cqgki0c", "comment": "[Come at me bro.](http://i.imgur.com/kIIlDXA.jpg)", "date": "2015-04-18 11:58:39", "seriesname": "g980_cqgki0c", "file": "/media/jbrogan4/scratch2/Reddit_Prov_Dataset_v6/_An_angry_dog_standing_upright/g980_cqgki0c.jpg", "URL": "http://i.imgur.com/kIIlDXA.jpg", "fileid": "g980_cqgki0c.jpg"}, {"id": "g980_cqghg8m", "comment": "[\"I've long waited for this moment. With your death, I will find peace.\" ](http://i.imgur.com/dxcnLfF.png)", "date": "2015-04-18 09:59:52", "seriesname": "g980_cqghg8m", "file": "/media/jbrogan4/scratch2/Reddit_Prov_Dataset_v6/_An_angry_dog_standing_upright/g980_cqghg8m.png", "URL": "http://i.imgur.com/dxcnLfF.png", "fileid": "g980_cqghg8m.png"}, {"id": "g980_cqgh46y", "comment": "[A Derpy dog standing upright](http://i.imgur.com/VOwWU5Z.jpg)", "date": "2015-04-18 09:44:19", "seriesname": "g980_cqgh46y", "file": "/media/jbrogan4/scratch2/Reddit_Prov_Dataset_v6/_An_angry_dog_standing_upright/g980_cqgh46y.jpg", "URL": "http://i.imgur.com/VOwWU5Z.jpg", "fileid": "g980_cqgh46y.jpg"}, {"id": "g980_cqgu03x", "comment": "[Superdog vs Batman](http://i.imgur.com/8FjHrZ4.png)", "date": "2015-04-18 17:05:21", "seriesname": "g980_cqgu03x", "file": "/media/jbrogan4/scratch2/Reddit_Prov_Dataset_v6/_An_angry_dog_standing_upright/g980_cqgu03x.png", "URL": "http://i.imgur.com/8FjHrZ4.png", "fileid": "g980_cqgu03x.png"}, {"id": "g980_cqghpu0", "comment": "[Down goes Liston!]\n(http://i.imgur.com/kfMrOc2.png)\n\n**EDIT:** [Dog heads...](http://i.imgur.com/aTaYCiz.png)", "date": "2015-04-18 10:11:48", "seriesname": "g980_cqghpu0", "file": "/media/jbrogan4/scratch2/Reddit_Prov_Dataset_v6/_An_angry_dog_standing_upright/g980_cqghpu0.png", "URL": "http://i.imgur.com/aTaYCiz.png", "fileid": "g980_cqghpu0.png"}, {"id": "g980_cqgnodu", "comment": "[I Need Your Clothes, Your Boots, and Your Motorcycle](http://i.imgur.com/oLYmVbL.jpg)\n\n", "date": "2015-04-18 13:43:30", "seriesname": "g980_cqgnodu", "file": "/media/jbrogan4/scratch2/Reddit_Prov_Dataset_v6/_An_angry_dog_standing_upright/g980_cqgnodu.jpg", "URL": "http://i.imgur.com/oLYmVbL.jpg", "fileid": "g980_cqgnodu.jpg"}, {"id": "g980_cqghs44", "comment": "http://i.imgur.com/BoOSWwu.jpg", "date": "2015-04-18 10:14:35", "seriesname": "g980_cqghs44", "file": "/media/jbrogan4/scratch2/Reddit_Prov_Dataset_v6/_An_angry_dog_standing_upright/g980_cqghs44.jpg", "URL": "http://i.imgur.com/BoOSWwu.jpg", "fileid": "g980_cqghs44.jpg"}, {"id": "g980_cqgt2cd", "comment": "Doggy Style (NSFW)\n\nhttp://imgur.com/DDcYSAl", "date": "2015-04-18 16:33:45", "seriesname": "g980_cqgt2cd", "file": "/media/jbrogan4/scratch2/Reddit_Prov_Dataset_v6/_An_angry_dog_standing_upright/g980_cqgt2cd.png", "URL": "http://i.imgur.com/DDcYSAl.png", "fileid": "g980_cqgt2cd.png"}, {"id": "g980_cqghulv", "comment": "[Dog with a cat's attitude](http://i.imgur.com/hwAUqfA.jpg)", "date": "2015-04-18 10:17:32", "seriesname": "g980_cqghulv", "file": "/media/jbrogan4/scratch2/Reddit_Prov_Dataset_v6/_An_angry_dog_standing_upright/g980_cqghulv.jpg", "URL": "http://i.imgur.com/hwAUqfA.jpg", "fileid": "g980_cqghulv.jpg"}, {"id": "g980_cqghsoo", "comment": "[tell me... do you bleed?](http://i.imgur.com/0LIr8mw.jpg)", "date": "2015-04-18 10:15:17", "seriesname": "g980_cqghsoo", "file": "/media/jbrogan4/scratch2/Reddit_Prov_Dataset_v6/_An_angry_dog_standing_upright/g980_cqghsoo.jpg", "URL": "http://i.imgur.com/0LIr8mw.jpg", "fileid": "g980_cqghsoo.jpg"}, {"id": "g980_cqgivj5", "comment": "[The Good, the Bad, and the Puppy](http://i.imgur.com/yX6g79a.jpg)", "date": "2015-04-18 10:59:19", "seriesname": "g980_cqgivj5", "file": "/media/jbrogan4/scratch2/Reddit_Prov_Dataset_v6/_An_angry_dog_standing_upright/g980_cqgivj5.jpg", "URL": "http://i.imgur.com/yX6g79a.jpg", "fileid": "g980_cqgivj5.jpg"}, {"id": "g980_cqgzbpw", "comment": "I'm a little late to this one, but [he's been working out](http://i.imgur.com/aPpZ08y.jpg).", "date": "2015-04-18 20:10:11", "seriesname": "g980_cqgzbpw", "file": "/media/jbrogan4/scratch2/Reddit_Prov_Dataset_v6/_An_angry_dog_standing_upright/g980_cqgzbpw.jpg", "URL": "http://i.imgur.com/aPpZ08y.jpg).", "fileid": "g980_cqgzbpw."}, {"id": "g980_cqhraws", "comment": "[Rocket](http://i.imgur.com/lVClqzl.jpg?1)", "date": "2015-04-19 16:17:01", "seriesname": "g980_cqhraws", "file": "/media/jbrogan4/scratch2/Reddit_Prov_Dataset_v6/_An_angry_dog_standing_upright/g980_cqhraws.jpg", "URL": "http://i.imgur.com/lVClqzl.jpg?1", "fileid": "g980_cqhraws.jpg"}, {"id": "g980_cqgtd1p", "comment": "Lol did a better job than i did:\n\nhttp://imgur.com/y6DEBTG", "date": "2015-04-18 16:43:38", "seriesname": "g980_cqgtd1p", "file": "/media/jbrogan4/scratch2/Reddit_Prov_Dataset_v6/_An_angry_dog_standing_upright/g980_cqgtd1p.png", "URL": "http://i.imgur.com/y6DEBTG.png", "fileid": "g980_cqgtd1p.png"}, {"id": "g980_cqgrrvp", "comment": "I am the night!\n\nhttp://imgur.com/pNEWmwv", "date": "2015-04-18 15:52:01", "seriesname": "g980_cqgrrvp", "file": "/media/jbrogan4/scratch2/Reddit_Prov_Dataset_v6/_An_angry_dog_standing_upright/g980_cqgrrvp.png", "URL": "http://i.imgur.com/pNEWmwv.png", "fileid": "g980_cqgrrvp.png"}, {"id": "g980_cqgim18", "comment": "[There! It's fucking done, ok.](http://imgur.com/gallery/46ueHGr)\n\n**EDITED:** Because Australians don't know how to hold guns.", "date": "2015-04-18 10:48:50", "seriesname": "g980_cqgim18", "file": "/media/jbrogan4/scratch2/Reddit_Prov_Dataset_v6/_An_angry_dog_standing_upright/g980_cqgim18.png", "URL": "http://i.imgur.com/46ueHGr.png", "fileid": "g980_cqgim18.png"}, {"id": "g980_cqgl14m", "comment": "[Tell me... Do you blaze?](http://i.imgur.com/XPdN1gA.jpg)", "date": "2015-04-18 12:16:36", "seriesname": "g980_cqgl14m", "file": "/media/jbrogan4/scratch2/Reddit_Prov_Dataset_v6/_An_angry_dog_standing_upright/g980_cqgl14m.jpg", "URL": "http://i.imgur.com/XPdN1gA.jpg", "fileid": "g980_cqgl14m.jpg"}, {"id": "g980_cqgk1wo", "comment": "[I tried too!](http://imgur.com/yxhTeQj)", "date": "2015-04-18 11:43:10", "seriesname": "g980_cqgk1wo", "file": "/media/jbrogan4/scratch2/Reddit_Prov_Dataset_v6/_An_angry_dog_standing_upright/g980_cqgk1wo.png", "URL": "http://i.imgur.com/yxhTeQj.png", "fileid": "g980_cqgk1wo.png"}, {"id": "g980_cqh0fw7", "comment": "[Crash Bandicoot](http://imgur.com/eouYyiv)", "date": "2015-04-18 20:45:17", "seriesname": "g980_cqh0fw7", "file": "/media/jbrogan4/scratch2/Reddit_Prov_Dataset_v6/_An_angry_dog_standing_upright/g980_cqh0fw7.png", "URL": "http://i.imgur.com/eouYyiv.png", "fileid": "g980_cqh0fw7.png"}, {"id": "g980_cqgucdx", "comment": "Oh speaking of Carter I made this before I saw yours.\n\nhttp://i.imgur.com/wDN04NF.png", "date": "2015-04-18 17:16:49", "seriesname": "g980_cqgucdx", "file": "/media/jbrogan4/scratch2/Reddit_Prov_Dataset_v6/_An_angry_dog_standing_upright/g980_cqgucdx.png", "URL": "http://i.imgur.com/wDN04NF.png", "fileid": "g980_cqgucdx.png"}, {"id": "g980_cqghsef", "comment": "[\"I said, No Brown Triangles! Now, I have to teach you a lesson, human.\"](http://i.imgur.com/xi231jE.jpg)\n\n---\n[Reference meme](http://weknowmemes.com/wp-content/uploads/2013/08/dog-meme-24.jpg)", "date": "2015-04-18 10:14:58", "seriesname": "g980_cqghsef", "file": "/media/jbrogan4/scratch2/Reddit_Prov_Dataset_v6/_An_angry_dog_standing_upright/g980_cqghsef.jpg", "URL": "http://weknowmemes.com/wp-content/uploads/2013/08/dog-meme-24.jpg", "fileid": "g980_cqghsef.jpg"}, {"id": "g980_cqgj5a7", "comment": "[\"Got a light?\"](http://imgur.com/1xfFn5y)", "date": "2015-04-18 11:09:49", "seriesname": "g980_cqgj5a7", "file": "/media/jbrogan4/scratch2/Reddit_Prov_Dataset_v6/_An_angry_dog_standing_upright/g980_cqgj5a7.png", "URL": "http://i.imgur.com/1xfFn5y.png", "fileid": "g980_cqgj5a7.png"}, {"id": "g980_cqgtyt7", "comment": "[Mad Dog loves to surf but hates water.](http://i.imgur.com/tXMKuZu.jpg)", "date": "2015-04-18 17:04:09", "seriesname": "g980_cqgtyt7", "file": "/media/jbrogan4/scratch2/Reddit_Prov_Dataset_v6/_An_angry_dog_standing_upright/g980_cqgtyt7.jpg", "URL": "http://i.imgur.com/tXMKuZu.jpg", "fileid": "g980_cqgtyt7.jpg"}, {"id": "g980_cqghvd0", "comment": "[Daredevil hypetrain, its Stick](http://imgur.com/l30304e)", "date": "2015-04-18 10:18:26", "seriesname": "g980_cqghvd0", "file": "/media/jbrogan4/scratch2/Reddit_Prov_Dataset_v6/_An_angry_dog_standing_upright/g980_cqghvd0.png", "URL": "http://i.imgur.com/l30304e.png", "fileid": "g980_cqghvd0.png"}, {"id": "g980_cqhrh4v", "comment": "[It's all about prespective...](http://imgur.com/JtwTA4j)", "date": "2015-04-19 16:21:56", "seriesname": "g980_cqhrh4v", "file": "/media/jbrogan4/scratch2/Reddit_Prov_Dataset_v6/_An_angry_dog_standing_upright/g980_cqhrh4v.png", "URL": "http://i.imgur.com/JtwTA4j.png", "fileid": "g980_cqhrh4v.png"}, {"id": "g980_root", "comment": "", "date": "2015-04-18 08:05:55", "seriesname": "g980_root", "file": "/media/jbrogan4/scratch2/Reddit_Prov_Dataset_v6/_An_angry_dog_standing_upright/g980_root.jpg", "URL": "http://i.imgur.com/1FO7aMh.jpg", "fileid": "g980_root.jpg"}, {"id": "g980_cqgss5w", "comment": "[Ready for the ring](http://imgur.com/iKIdMeG)", "date": "2015-04-18 16:24:22", "seriesname": "g980_cqgss5w", "file": "/media/jbrogan4/scratch2/Reddit_Prov_Dataset_v6/_An_angry_dog_standing_upright/g980_cqgss5w.png", "URL": "http://i.imgur.com/iKIdMeG.png", "fileid": "g980_cqgss5w.png"}], "graph": {"name": "g980_root"}, "directed": true}