{"links": [{"op": "none", "target": 0, "source": 49}, {"op": "none", "target": 1, "source": 49}, {"op": "none", "target": 2, "source": 49}, {"op": "none", "target": 3, "source": 49}, {"op": "none", "target": 4, "source": 49}, {"op": "none", "target": 5, "source": 49}, {"op": "none", "target": 6, "source": 49}, {"op": "none", "target": 7, "source": 49}, {"op": "none", "target": 8, "source": 49}, {"op": "none", "target": 9, "source": 49}, {"op": "none", "target": 10, "source": 38}, {"op": "none", "target": 11, "source": 49}, {"op": "none", "target": 12, "source": 49}, {"op": "none", "target": 13, "source": 49}, {"op": "none", "target": 14, "source": 49}, {"op": "none", "target": 15, "source": 49}, {"op": "none", "target": 16, "source": 49}, {"op": "none", "target": 17, "source": 49}, {"op": "none", "target": 18, "source": 49}, {"op": "none", "target": 19, "source": 49}, {"op": "none", "target": 20, "source": 49}, {"op": "none", "target": 21, "source": 49}, {"op": "none", "target": 22, "source": 49}, {"op": "none", "target": 23, "source": 49}, {"op": "none", "target": 24, "source": 49}, {"op": "none", "target": 25, "source": 49}, {"op": "none", "target": 26, "source": 49}, {"op": "none", "target": 27, "source": 49}, {"op": "none", "target": 28, "source": 49}, {"op": "none", "target": 29, "source": 49}, {"op": "none", "target": 30, "source": 49}, {"op": "none", "target": 31, "source": 49}, {"op": "none", "target": 32, "source": 3}, {"op": "none", "target": 33, "source": 49}, {"op": "none", "target": 34, "source": 49}, {"op": "none", "target": 35, "source": 38}, {"op": "none", "target": 36, "source": 49}, {"op": "none", "target": 37, "source": 49}, {"op": "none", "target": 38, "source": 49}, {"op": "none", "target": 39, "source": 38}, {"op": "none", "target": 40, "source": 49}, {"op": "none", "target": 41, "source": 49}, {"op": "none", "target": 42, "source": 49}, {"op": "none", "target": 43, "source": 40}, {"op": "none", "target": 44, "source": 49}, {"op": "none", "target": 45, "source": 49}, {"op": "none", "target": 46, "source": 38}, {"op": "none", "target": 47, "source": 49}, {"op": "none", "target": 48, "source": 49}, {"op": "none", "target": 50, "source": 49}], "title": "_This_smug_little_bastard_of_a_goat", "nodes": [{"id": "g989_czesqsz", "comment": "[Yeah, I'm thinkin' I'm back!](http://imgur.com/4dTHDxg)", "date": "2016-01-27 23:54:14", "seriesname": "g989_czesqsz", "file": "/media/jbrogan4/scratch2/Reddit_Prov_Dataset_v6/_This_smug_little_bastard_of_a_goat/g989_czesqsz.png", "URL": "http://i.imgur.com/4dTHDxg.png", "fileid": "g989_czesqsz.png"}, {"id": "g989_czf4rai", "comment": "[Goatler](http://imgur.com/zAyfJX5)", "date": "2016-01-28 09:42:06", "seriesname": "g989_czf4rai", "file": "/media/jbrogan4/scratch2/Reddit_Prov_Dataset_v6/_This_smug_little_bastard_of_a_goat/g989_czf4rai.png", "URL": "http://i.imgur.com/zAyfJX5.png", "fileid": "g989_czf4rai.png"}, {"id": "g989_czf96u4", "comment": "[Dun dun duuuunnnn...](http://i.imgur.com/KCNlQC0.png)", "date": "2016-01-28 11:36:59", "seriesname": "g989_czf96u4", "file": "/media/jbrogan4/scratch2/Reddit_Prov_Dataset_v6/_This_smug_little_bastard_of_a_goat/g989_czf96u4.png", "URL": "http://i.imgur.com/KCNlQC0.png", "fileid": "g989_czf96u4.png"}, {"id": "g989_czeqma4", "comment": "[Dr. Baah - 7 mana, 7/7 neutral legendary minion, Battlecry: Summon two 1/1 Baah Bots (warning: bots may explode)](http://i.imgur.com/QsatML3.jpg)", "date": "2016-01-27 22:48:12", "seriesname": "g989_czeqma4", "file": "/media/jbrogan4/scratch2/Reddit_Prov_Dataset_v6/_This_smug_little_bastard_of_a_goat/g989_czeqma4.jpg", "URL": "http://i.imgur.com/QsatML3.jpg", "fileid": "g989_czeqma4.jpg"}, {"id": "g989_czem2pq", "comment": "[Chav](http://i.imgur.com/i8SEdKi.jpg)", "date": "2016-01-27 20:41:51", "seriesname": "g989_czem2pq", "file": "/media/jbrogan4/scratch2/Reddit_Prov_Dataset_v6/_This_smug_little_bastard_of_a_goat/g989_czem2pq.jpg", "URL": "http://i.imgur.com/i8SEdKi.jpg", "fileid": "g989_czem2pq.jpg"}, {"id": "g989_czevhtq", "comment": "Ok so I don't have PS and I don't know how to do this well but I tried my best!\n\nI also couldn't find a high rez picture...\n\nhttp://i.imgur.com/DhZimhF.jpg", "date": "2016-01-28 01:40:28", "seriesname": "g989_czevhtq", "file": "/media/jbrogan4/scratch2/Reddit_Prov_Dataset_v6/_This_smug_little_bastard_of_a_goat/g989_czevhtq.jpg", "URL": "http://i.imgur.com/DhZimhF.jpg", "fileid": "g989_czevhtq.jpg"}, {"id": "g989_czf2msp", "comment": "[Mimsyyyyy!](http://imgur.com/mAE49CS)", "date": "2016-01-28 08:29:40", "seriesname": "g989_czf2msp", "file": "/media/jbrogan4/scratch2/Reddit_Prov_Dataset_v6/_This_smug_little_bastard_of_a_goat/g989_czf2msp.png", "URL": "http://i.imgur.com/mAE49CS.png", "fileid": "g989_czf2msp.png"}, {"id": "g989_czex7yv", "comment": "[Lets see how many smug looking animals can be fit into one picture] (http://imgur.com/IvcrO49)", "date": "2016-01-28 03:09:54", "seriesname": "g989_czex7yv", "file": "/media/jbrogan4/scratch2/Reddit_Prov_Dataset_v6/_This_smug_little_bastard_of_a_goat/g989_czex7yv.png", "URL": "http://i.imgur.com/IvcrO49.png", "fileid": "g989_czex7yv.png"}, {"id": "g989_czeqqm0", "comment": "[awww, who loves a good scratchy?](http://imgur.com/jdJ3ggj)", "date": "2016-01-27 22:51:38", "seriesname": "g989_czeqqm0", "file": "/media/jbrogan4/scratch2/Reddit_Prov_Dataset_v6/_This_smug_little_bastard_of_a_goat/g989_czeqqm0.png", "URL": "http://i.imgur.com/jdJ3ggj.png", "fileid": "g989_czeqqm0.png"}, {"id": "g989_czes09r", "comment": "[\"I said hey, what's go^*ating* on?\"](http://i.imgur.com/tJeVFAB.jpg)", "date": "2016-01-27 23:29:59", "seriesname": "g989_czes09r", "file": "/media/jbrogan4/scratch2/Reddit_Prov_Dataset_v6/_This_smug_little_bastard_of_a_goat/g989_czes09r.jpg", "URL": "http://i.imgur.com/tJeVFAB.jpg", "fileid": "g989_czes09r.jpg"}, {"id": "g989_czes9tn", "comment": "[As requested.](http://i.imgur.com/ZrMEXrL.jpg)", "date": "2016-01-27 23:38:32", "seriesname": "g989_czes9tn", "file": "/media/jbrogan4/scratch2/Reddit_Prov_Dataset_v6/_This_smug_little_bastard_of_a_goat/g989_czes9tn.jpg", "URL": "http://i.imgur.com/ZrMEXrL.jpg", "fileid": "g989_czes9tn.jpg"}, {"id": "g989_czettjj", "comment": "[I'd like to thank the Academy...](http://imgur.com/D9dkKRZ)", "date": "2016-01-28 00:32:19", "seriesname": "g989_czettjj", "file": "/media/jbrogan4/scratch2/Reddit_Prov_Dataset_v6/_This_smug_little_bastard_of_a_goat/g989_czettjj.png", "URL": "http://i.imgur.com/D9dkKRZ.png", "fileid": "g989_czettjj.png"}, {"id": "g989_czerr83", "comment": "[I am intellectually superior to all you sheep.](http://i.imgur.com/hnAsehn.png)", "date": "2016-01-27 23:22:18", "seriesname": "g989_czerr83", "file": "/media/jbrogan4/scratch2/Reddit_Prov_Dataset_v6/_This_smug_little_bastard_of_a_goat/g989_czerr83.png", "URL": "http://i.imgur.com/hnAsehn.png", "fileid": "g989_czerr83.png"}, {"id": "g989_czfcdcq", "comment": "I'm kind of late to the party, but here's my submission: http://i.imgur.com/QMCtY1a.png", "date": "2016-01-28 12:50:34", "seriesname": "g989_czfcdcq", "file": "/media/jbrogan4/scratch2/Reddit_Prov_Dataset_v6/_This_smug_little_bastard_of_a_goat/g989_czfcdcq.png", "URL": "http://i.imgur.com/QMCtY1a.png", "fileid": "g989_czfcdcq.png"}, {"id": "g989_czexoa9", "comment": "http://imgur.com/Pq2FQn5", "date": "2016-01-28 03:37:31", "seriesname": "g989_czexoa9", "file": "/media/jbrogan4/scratch2/Reddit_Prov_Dataset_v6/_This_smug_little_bastard_of_a_goat/g989_czexoa9.png", "URL": "http://i.imgur.com/Pq2FQn5.png", "fileid": "g989_czexoa9.png"}, {"id": "g989_czemtxs", "comment": "https://i.imgur.com/KkfLXDe.png", "date": "2016-01-27 21:02:24", "seriesname": "g989_czemtxs", "file": "/media/jbrogan4/scratch2/Reddit_Prov_Dataset_v6/_This_smug_little_bastard_of_a_goat/g989_czemtxs.png", "URL": "https://i.imgur.com/KkfLXDe.png", "fileid": "g989_czemtxs.png"}, {"id": "g989_czeumq1", "comment": "[May contain Undertale spoilers](http://i.imgur.com/pfISVfE.png)", "date": "2016-01-28 01:03:20", "seriesname": "g989_czeumq1", "file": "/media/jbrogan4/scratch2/Reddit_Prov_Dataset_v6/_This_smug_little_bastard_of_a_goat/g989_czeumq1.png", "URL": "http://i.imgur.com/pfISVfE.png", "fileid": "g989_czeumq1.png"}, {"id": "g989_czf3vbo", "comment": "[Determination](http://imgur.com/LcZu2Ms)", "date": "2016-01-28 09:14:25", "seriesname": "g989_czf3vbo", "file": "/media/jbrogan4/scratch2/Reddit_Prov_Dataset_v6/_This_smug_little_bastard_of_a_goat/g989_czf3vbo.png", "URL": "http://i.imgur.com/LcZu2Ms.png", "fileid": "g989_czf3vbo.png"}, {"id": "g989_czewfq0", "comment": "http://imgur.com/lPpNcYY", "date": "2016-01-28 02:26:36", "seriesname": "g989_czewfq0", "file": "/media/jbrogan4/scratch2/Reddit_Prov_Dataset_v6/_This_smug_little_bastard_of_a_goat/g989_czewfq0.png", "URL": "http://i.imgur.com/lPpNcYY.png", "fileid": "g989_czewfq0.png"}, {"id": "g989_czesaur", "comment": "[Coldest in the game..](http://i.imgur.com/K8jAdpc.png)", "date": "2016-01-27 23:39:30", "seriesname": "g989_czesaur", "file": "/media/jbrogan4/scratch2/Reddit_Prov_Dataset_v6/_This_smug_little_bastard_of_a_goat/g989_czesaur.png", "URL": "http://i.imgur.com/K8jAdpc.png", "fileid": "g989_czesaur.png"}, {"id": "g989_czes38d", "comment": "[Farfetch models](http://i.imgur.com/3TW85vz.jpg)", "date": "2016-01-27 23:32:40", "seriesname": "g989_czes38d", "file": "/media/jbrogan4/scratch2/Reddit_Prov_Dataset_v6/_This_smug_little_bastard_of_a_goat/g989_czes38d.jpg", "URL": "http://i.imgur.com/3TW85vz.jpg", "fileid": "g989_czes38d.jpg"}, {"id": "g989_czet67n", "comment": "[The guy's other \"kid\" wasn't nearly so happy about being balanced.](http://i.imgur.com/nnFlM9l.jpg)\n", "date": "2016-01-28 00:08:48", "seriesname": "g989_czet67n", "file": "/media/jbrogan4/scratch2/Reddit_Prov_Dataset_v6/_This_smug_little_bastard_of_a_goat/g989_czet67n.jpg", "URL": "http://i.imgur.com/nnFlM9l.jpg", "fileid": "g989_czet67n.jpg"}, {"id": "g989_czewlrp", "comment": "[Goatseph Stalin, the Great Communist Leader](http://i.imgur.com/1kOIL0v.jpeg)\n\n[Baaahdolf Hitler](http://i.imgur.com/83pKsa1.jpeg)\n\n\n\nEdit: Added Hitler goat, improved Stalin goat coloring, made links go straight to image instead of to imgur", "date": "2016-01-28 02:35:30", "seriesname": "g989_czewlrp", "file": "/media/jbrogan4/scratch2/Reddit_Prov_Dataset_v6/_This_smug_little_bastard_of_a_goat/g989_czewlrp.jpg", "URL": "http://i.imgur.com/83pKsa1.jpeg", "fileid": "g989_czewlrp.jpeg"}, {"id": "g989_czemg56", "comment": "http://i.imgur.com/hrDWt2E.jpg\n\nedit: minor fix around the finger", "date": "2016-01-27 20:51:58", "seriesname": "g989_czemg56", "file": "/media/jbrogan4/scratch2/Reddit_Prov_Dataset_v6/_This_smug_little_bastard_of_a_goat/g989_czemg56.jpg", "URL": "http://i.imgur.com/hrDWt2E.jpg", "fileid": "g989_czemg56.jpg"}, {"id": "g989_czex5n3", "comment": "[Mary had a lil Friend](http://i.imgur.com/8nAVg6M.png)", "date": "2016-01-28 03:06:10", "seriesname": "g989_czex5n3", "file": "/media/jbrogan4/scratch2/Reddit_Prov_Dataset_v6/_This_smug_little_bastard_of_a_goat/g989_czex5n3.png", "URL": "http://i.imgur.com/8nAVg6M.png", "fileid": "g989_czex5n3.png"}, {"id": "g989_czf7s2p", "comment": "[Come on Billy!  Bring it!!](http://i.imgur.com/bWNl9NQ.jpg)", "date": "2016-01-28 11:03:09", "seriesname": "g989_czf7s2p", "file": "/media/jbrogan4/scratch2/Reddit_Prov_Dataset_v6/_This_smug_little_bastard_of_a_goat/g989_czf7s2p.jpg", "URL": "http://i.imgur.com/bWNl9NQ.jpg", "fileid": "g989_czf7s2p.jpg"}, {"id": "g989_czeo4q4", "comment": "http://i.imgur.com/gcNxUXN.jpg", "date": "2016-01-27 21:38:25", "seriesname": "g989_czeo4q4", "file": "/media/jbrogan4/scratch2/Reddit_Prov_Dataset_v6/_This_smug_little_bastard_of_a_goat/g989_czeo4q4.jpg", "URL": "http://i.imgur.com/gcNxUXN.jpg", "fileid": "g989_czeo4q4.jpg"}, {"id": "g989_czezgpo", "comment": "Freehand off my new tablet, but I couldn't help turning him into a [posh little goat.](http://imgur.com/ovnOknp) \n\nI know I suck, but shit will get better eventually.", "date": "2016-01-28 05:36:32", "seriesname": "g989_czezgpo", "file": "/media/jbrogan4/scratch2/Reddit_Prov_Dataset_v6/_This_smug_little_bastard_of_a_goat/g989_czezgpo.png", "URL": "http://i.imgur.com/ovnOknp.png", "fileid": "g989_czezgpo.png"}, {"id": "g989_czepa79", "comment": "[Sheep go to heaven...](http://i.imgur.com/qsNvwbT.png)\n\n[goats go to hell.](http://i.imgur.com/suzQzsZ.png)\n\n[cutout](http://i.imgur.com/RSXR79d.png)\n\n[Edit: higher res cutout](http://i.imgur.com/3HzjEjX.png)", "date": "2016-01-27 22:10:21", "seriesname": "g989_czepa79", "file": "/media/jbrogan4/scratch2/Reddit_Prov_Dataset_v6/_This_smug_little_bastard_of_a_goat/g989_czepa79.png", "URL": "http://i.imgur.com/3HzjEjX.png", "fileid": "g989_czepa79.png"}, {"id": "g989_czemt4n", "comment": "[Smug little goaticken](http://i.imgur.com/JbkgEcL.jpg)", "date": "2016-01-27 21:01:47", "seriesname": "g989_czemt4n", "file": "/media/jbrogan4/scratch2/Reddit_Prov_Dataset_v6/_This_smug_little_bastard_of_a_goat/g989_czemt4n.jpg", "URL": "http://i.imgur.com/JbkgEcL.jpg", "fileid": "g989_czemt4n.jpg"}, {"id": "g989_czemsl8", "comment": "This snooty rich [goat](http://imgur.com/lIz3nBV)", "date": "2016-01-27 21:01:21", "seriesname": "g989_czemsl8", "file": "/media/jbrogan4/scratch2/Reddit_Prov_Dataset_v6/_This_smug_little_bastard_of_a_goat/g989_czemsl8.png", "URL": "http://i.imgur.com/lIz3nBV.png", "fileid": "g989_czemsl8.png"}, {"id": "g989_czes44x", "comment": "[Pardon me, do you have any...](http://i.imgur.com/xR16kSg.jpg)", "date": "2016-01-27 23:33:29", "seriesname": "g989_czes44x", "file": "/media/jbrogan4/scratch2/Reddit_Prov_Dataset_v6/_This_smug_little_bastard_of_a_goat/g989_czes44x.jpg", "URL": "http://i.imgur.com/xR16kSg.jpg", "fileid": "g989_czes44x.jpg"}, {"id": "g989_czf3if1", "comment": "[Balanced the bots a bit.](http://i.imgur.com/ZzZErwU.png) ", "date": "2016-01-28 09:02:24", "seriesname": "g989_czf3if1", "file": "/media/jbrogan4/scratch2/Reddit_Prov_Dataset_v6/_This_smug_little_bastard_of_a_goat/g989_czf3if1.png", "URL": "http://i.imgur.com/ZzZErwU.png", "fileid": "g989_czf3if1.png"}, {"id": "g989_czeudp5", "comment": "[Oh hey, I didn't see you there!](http://i.imgur.com/FzryNqX.jpg)", "date": "2016-01-28 00:53:35", "seriesname": "g989_czeudp5", "file": "/media/jbrogan4/scratch2/Reddit_Prov_Dataset_v6/_This_smug_little_bastard_of_a_goat/g989_czeudp5.jpg", "URL": "http://i.imgur.com/FzryNqX.jpg", "fileid": "g989_czeudp5.jpg"}, {"id": "g989_czeqpl6", "comment": "All Hail Caesar!\n\nhttp://i.imgur.com/Fngm6fP.jpg", "date": "2016-01-27 22:50:47", "seriesname": "g989_czeqpl6", "file": "/media/jbrogan4/scratch2/Reddit_Prov_Dataset_v6/_This_smug_little_bastard_of_a_goat/g989_czeqpl6.jpg", "URL": "http://i.imgur.com/Fngm6fP.jpg", "fileid": "g989_czeqpl6.jpg"}, {"id": "g989_czesen9", "comment": "I'm either really happy right now, [or I'm having a pretty bad donkey spell.](http://i.imgur.com/YGENhgj.jpg)", "date": "2016-01-27 23:42:59", "seriesname": "g989_czesen9", "file": "/media/jbrogan4/scratch2/Reddit_Prov_Dataset_v6/_This_smug_little_bastard_of_a_goat/g989_czesen9.jpg", "URL": "http://i.imgur.com/YGENhgj.jpg", "fileid": "g989_czesen9.jpg"}, {"id": "g989_czemvg0", "comment": "[Willis](http://i.imgur.com/JNmHhGl.jpg)", "date": "2016-01-27 21:03:36", "seriesname": "g989_czemvg0", "file": "/media/jbrogan4/scratch2/Reddit_Prov_Dataset_v6/_This_smug_little_bastard_of_a_goat/g989_czemvg0.jpg", "URL": "http://i.imgur.com/JNmHhGl.jpg", "fileid": "g989_czemvg0.jpg"}, {"id": "g989_czey21d", "comment": "[Can you smell what the goat is cooking](http://i.imgur.com/NqQfqNs.jpg)", "date": "2016-01-28 04:01:19", "seriesname": "g989_czey21d", "file": "/media/jbrogan4/scratch2/Reddit_Prov_Dataset_v6/_This_smug_little_bastard_of_a_goat/g989_czey21d.jpg", "URL": "http://i.imgur.com/NqQfqNs.jpg", "fileid": "g989_czey21d.jpg"}, {"id": "g989_czenbyz", "comment": "[\"You goat nothin' on me, pig!\"](https://imgur.com/XTRqcjg)", "date": "2016-01-27 21:16:25", "seriesname": "g989_czenbyz", "file": "/media/jbrogan4/scratch2/Reddit_Prov_Dataset_v6/_This_smug_little_bastard_of_a_goat/g989_czenbyz.png", "URL": "http://i.imgur.com/XTRqcjg.png", "fileid": "g989_czenbyz.png"}, {"id": "g989_czerlnp", "comment": "Wow, did you just pull out a Night Court reference?\n\nEdit:  [Alright, I had to do it. I learned Pixlr just to pull this off.](http://i.imgur.com/0I9u8Bz.jpg)", "date": "2016-01-27 23:17:39", "seriesname": "g989_czerlnp", "file": "/media/jbrogan4/scratch2/Reddit_Prov_Dataset_v6/_This_smug_little_bastard_of_a_goat/g989_czerlnp.jpg", "URL": "http://i.imgur.com/0I9u8Bz.jpg", "fileid": "g989_czerlnp.jpg"}, {"id": "g989_czen7zx", "comment": "[Shut up, Mimsy](http://i.imgur.com/Pj8sREl.jpg)", "date": "2016-01-27 21:13:18", "seriesname": "g989_czen7zx", "file": "/media/jbrogan4/scratch2/Reddit_Prov_Dataset_v6/_This_smug_little_bastard_of_a_goat/g989_czen7zx.jpg", "URL": "http://i.imgur.com/Pj8sREl.jpg", "fileid": "g989_czen7zx.jpg"}, {"id": "g989_czewwlw", "comment": "[Which one of you took my Zucchetto?](http://imgur.com/d7TJnXV) ", "date": "2016-01-28 02:51:44", "seriesname": "g989_czewwlw", "file": "/media/jbrogan4/scratch2/Reddit_Prov_Dataset_v6/_This_smug_little_bastard_of_a_goat/g989_czewwlw.png", "URL": "http://i.imgur.com/d7TJnXV.png", "fileid": "g989_czewwlw.png"}, {"id": "g989_czeu1hs", "comment": "[don't touch the floor](http://i.imgur.com/a68wNrI.png)", "date": "2016-01-28 00:40:39", "seriesname": "g989_czeu1hs", "file": "/media/jbrogan4/scratch2/Reddit_Prov_Dataset_v6/_This_smug_little_bastard_of_a_goat/g989_czeu1hs.png", "URL": "http://i.imgur.com/a68wNrI.png", "fileid": "g989_czeu1hs.png"}, {"id": "g989_czf2s8n", "comment": "Totally only saw this after doing my own, bravo sir http://imgur.com/mAE49CS", "date": "2016-01-28 08:35:40", "seriesname": "g989_czf2s8n", "file": "/media/jbrogan4/scratch2/Reddit_Prov_Dataset_v6/_This_smug_little_bastard_of_a_goat/g989_czf2s8n.png", "URL": "http://i.imgur.com/mAE49CS.png", "fileid": "g989_czf2s8n.png"}, {"id": "g989_czeqwcv", "comment": "[Bright Light](http://i.imgur.com/K3x8Cf7.png)", "date": "2016-01-27 22:56:25", "seriesname": "g989_czeqwcv", "file": "/media/jbrogan4/scratch2/Reddit_Prov_Dataset_v6/_This_smug_little_bastard_of_a_goat/g989_czeqwcv.png", "URL": "http://i.imgur.com/K3x8Cf7.png", "fileid": "g989_czeqwcv.png"}, {"id": "g989_czev4l8", "comment": "[Not a dinosaur](http://i.imgur.com/yUdLLdL.jpg)", "date": "2016-01-28 01:24:00", "seriesname": "g989_czev4l8", "file": "/media/jbrogan4/scratch2/Reddit_Prov_Dataset_v6/_This_smug_little_bastard_of_a_goat/g989_czev4l8.jpg", "URL": "http://i.imgur.com/yUdLLdL.jpg", "fileid": "g989_czev4l8.jpg"}, {"id": "g989_czerugc", "comment": "http://i.imgur.com/sqVhcYn.jpg", "date": "2016-01-27 23:24:59", "seriesname": "g989_czerugc", "file": "/media/jbrogan4/scratch2/Reddit_Prov_Dataset_v6/_This_smug_little_bastard_of_a_goat/g989_czerugc.jpg", "URL": "http://i.imgur.com/sqVhcYn.jpg", "fileid": "g989_czerugc.jpg"}, {"id": "g989_czfjvlk", "comment": "Goat peeing - http://imgur.com/MsB7wld\n", "date": "2016-01-28 15:41:56", "seriesname": "g989_czfjvlk", "file": "/media/jbrogan4/scratch2/Reddit_Prov_Dataset_v6/_This_smug_little_bastard_of_a_goat/g989_czfjvlk.png", "URL": "http://i.imgur.com/MsB7wld.png", "fileid": "g989_czfjvlk.png"}, {"id": "g989_czes8zd", "comment": "[Goda](http://i.imgur.com/ETCVb8e.jpg)", "date": "2016-01-27 23:37:47", "seriesname": "g989_czes8zd", "file": "/media/jbrogan4/scratch2/Reddit_Prov_Dataset_v6/_This_smug_little_bastard_of_a_goat/g989_czes8zd.jpg", "URL": "http://i.imgur.com/ETCVb8e.jpg", "fileid": "g989_czes8zd.jpg"}, {"id": "g989_root", "comment": "", "date": "2016-01-27 19:49:26", "seriesname": "g989_root", "file": "/media/jbrogan4/scratch2/Reddit_Prov_Dataset_v6/_This_smug_little_bastard_of_a_goat/g989_root.jpg", "URL": "http://i.imgur.com/C09JMHd.jpg", "fileid": "g989_root.jpg"}, {"id": "g989_czes68i", "comment": "http://imgur.com/qqK5sbw\n\nrecently started using photoshop", "date": "2016-01-27 23:35:22", "seriesname": "g989_czes68i", "file": "/media/jbrogan4/scratch2/Reddit_Prov_Dataset_v6/_This_smug_little_bastard_of_a_goat/g989_czes68i.png", "URL": "http://i.imgur.com/qqK5sbw.png", "fileid": "g989_czes68i.png"}], "graph": {"name": "g989_root"}, "directed": true}