<xml version="1.0" encoding="utf-8">
  <!-- 
  thresholds.xml is part of the pestudio (www.winitor.com)
  It contains the thresholds used by pestudio.-->

  <thresholds>
    <minimums>
      <Image id="0" enable="1">4096</Image>
      <dos-header id="1" enable="1">64</dos-header>
      <dos-stub id="2" enable="1">20</dos-stub>
      <file-header id="3" enable="1">20</file-header>
      <optional-header id="4" enable="1">224</optional-header>
      <SizeDataDirectory id="5" enable="1">16</SizeDataDirectory>
      <String id="6" enable="1">4</String>
      <VersionInfo id="7" enable="1">100</VersionInfo>
      <BuiltinResource id="8" enable="1">4</BuiltinResource>
      <Code id="9" enable="1">256</Code>
      <Manifest id="10" enable="1">80</Manifest>
      <ResourceHtml id="11" enable="1">128</ResourceHtml>
      <CustomResource id="12" enable="1">20</CustomResource>
      <CustomDefault id="13" enable="1">10</CustomDefault>
      <DiskSection id="14" enable="1">10</DiskSection>
      <Certificate id="15" enable="1">100</Certificate>
      <InitializedData id="16" enable="1">0</InitializedData>
      <ProcentOverlay id="17" enable="1">0</ProcentOverlay>
      <ProcentResource id="18" enable="1">0</ProcentResource>

      <Libraries id="30" enable="1">2</Libraries>
      <Imports id="31" enable="1">10</Imports>
      <Sections id="32" enable="1">1</Sections>
      <Exports id="33" enable="1">0</Exports>
      <Strings id="34" enable="1">100</Strings>
      <DirectoriesItems id="35" enable="1">1</DirectoriesItems>
      <XY id="36" enable="0">2</XY>
      <EmptyDirectories id="37" enable="1">15</EmptyDirectories>
      <BlackListedStrings id="38" enable="1">20</BlackListedStrings>
      <VirustotalFileEnginesPositiv id="39" enable="1">1</VirustotalFileEnginesPositiv>
      <BlackListedImports id="40" enable="1">10</BlackListedImports>
      <BlackListedSectionNames id="41" enable="1">1</BlackListedSectionNames>

      <HttpStrings id="43" enable="1">0</HttpStrings>
      <BlackListedExports id="44" enable="1">1</BlackListedExports>
      <UndocumentedFunctions id="45" enable="1">1</UndocumentedFunctions>
      <WritableAndExecutableSections id="46" enable="1">0</WritableAndExecutableSections>
      <ExecutableSections id="47" enable="1">0</ExecutableSections>
      <AntidebugFunctions id="48" enable="1">0</AntidebugFunctions>
      <OrdinalFunctions id="49" enable="1">0</OrdinalFunctions>
      <DeprecatedFunctions id="50" enable="1">0</DeprecatedFunctions>
      <ElevatedFunctions id="51" enable="1">0</ElevatedFunctions>
      <EmbeddedPeFiles id="52" enable="1">0</EmbeddedPeFiles>
      <ExceptionHandlers id="53" enable="1">0</ExceptionHandlers>
      <NamelessSections id="54" enable="1">0</NamelessSections>
      <SharedSections id="55" enable="1">0</SharedSections>
      <ResourceLanguages id="56" enable="1">0</ResourceLanguages>
      <SmtpStrings id="57" enable="1">0</SmtpStrings>
      <FtpStrings id="58" enable="1">0</FtpStrings>
      <RegexStrings id="59" enable="1">0</RegexStrings>
      <WindowsPrivilegesStrings id="60" enable="1">0</WindowsPrivilegesStrings>
      <OIDsStrings id="61" enable="1">0</OIDsStrings>
      <AntivirusStrings id="62" enable="1">0</AntivirusStrings>
      <VirustotalOverlayEnginesPositiv id="63" enable="1">2</VirustotalOverlayEnginesPositiv>
      <AvStrings id="64" enable="1">0</AvStrings>
      <PrivilegesStrings id="65" enable="1">0</PrivilegesStrings>
      <OidStrings id="66" enable="1">0</OidStrings>
      <AgentStrings id="67" enable="1">0</AgentStrings>
      <ExtensionStrings id="68" enable="1">0</ExtensionStrings>
      <SddlStrings id="69" enable="1">0</SddlStrings>
      <FolderStrings id="70" enable="1">0</FolderStrings>
      <GuidStrings id="71" enable="1">0</GuidStrings>
      <RegistryStrings id="72" enable="1">0</RegistryStrings>
      <OsStrings id="73" enable="1">0</OsStrings>
      <ProductsStrings id="74" enable="1">0</ProductsStrings>
      <SidStrings id="75" enable="1">0</SidStrings>
      <ProtocolStrings id="76" enable="1">0</ProtocolStrings>
      <FileExtensions id="77" enable="1">0</FileExtensions>
      <KeyboardKeys id="78" enable="1">0</KeyboardKeys>
      <Insults id="79" enable="1">0</Insults>
      <FileExtensionsRansomware id="80" enable="1">20</FileExtensionsRansomware>
      
      <DebugAge id="100" enable="1">1</DebugAge>
      <DebugStampYear id="101" enable="1">2007</DebugStampYear>
      <CompilerStampYear id="102" enable="1">2007</CompilerStampYear>
      <CertificateIssuerYear id="103" enable="1">2006</CertificateIssuerYear>
      <CertificateSubjectYear id="104" enable="1">2006</CertificateSubjectYear>
      <Pipes id="105" enable="1">0</Pipes>
      <Entropy id="106" enable="1">0</Entropy>

      <SecurityManagement id="150" enable="1">0</SecurityManagement>
      <Authorization id="151" enable="1">0</Authorization>
      <Registry id="152" enable="1">0</Registry>
      <MemoryManagement id="153" enable="1">0</MemoryManagement>
      <ToolHelp id="154" enable="1">0</ToolHelp>
      <Backup id="155" enable="1">0</Backup>
      <EventLogging id="156" enable="1">0</EventLogging>
      <EventTracing id="157" enable="1">0</EventTracing>
      <ErrorHandling id="158" enable="1">0</ErrorHandling>
      <DirectoryManagement id="159" enable="1">0</DirectoryManagement>
      <Debugging id="160" enable="1">0</Debugging>
      <Console id="161" enable="1">0</Console>
      <ImageHlp id="162" enable="1">0</ImageHlp>
      <Communication id="163" enable="1">0</Communication>
      <COM id="164" enable="1">0</COM>
      <SystemInformation id="165" enable="1">0</SystemInformation>
      <PackageQuery id="166" enable="1">0</PackageQuery>
      <Setup id="167" enable="1">0</Setup>
      <StructuredStorage id="168" enable="1">0</StructuredStorage>
      <Ddeml id="169" enable="1">0</Ddeml>
      <Clipboard id="170" enable="1">0</Clipboard>
      <WinINet id="171" enable="1">0</WinINet>
      <DynamicLibrary id="172" enable="1">0</DynamicLibrary>
      <ProcessAndThread id="173" enable="1">1</ProcessAndThread>
      <WinHttp id="174" enable="1">1</WinHttp>
      <Zw id="175" enable="1">0</Zw>
      <Rtl id="176" enable="1">0</Rtl>
      <Nt id="177" enable="1">0</Nt>
      <DhcpServerManagement id="178" enable="1">0</DhcpServerManagement>
      <NetworkManagement id="179" enable="1">0</NetworkManagement>
      <Dns id="180" enable="1">0</Dns>
      <MailSlot id="181" enable="1">0</MailSlot>
      <Rpc id="182" enable="1">0</Rpc>
      <Seh id="183" enable="1">0</Seh>
      <Service id="184" enable="1">0</Service>
      <FileManagement id="185" enable="1">0</FileManagement>
      <VideoCapture id="186" enable="1">0</VideoCapture>
      <Cabinet id="187" enable="1">0</Cabinet>
      <SingleInstanceStore id="188" enable="1">0</SingleInstanceStore>
      <PerformanceCounters id="189" enable="1">0</PerformanceCounters>
      <Atom id="190" enable="1">0</Atom>
      <DeviceManagement id="191" enable="1">0</DeviceManagement>
      <Ras id="192" enable="1">0</Ras>
      <RasScripting id="193" enable="1">0</RasScripting>
      <WinSnmp id="194" enable="1">0</WinSnmp>
      <RouterInformation id="195" enable="1">0</RouterInformation>
      <Ndr id="196" enable="1">0</Ndr>
      <PowerManagement id="197" enable="1">0</PowerManagement>
      <RemoteDesktop id="198" enable="1">0</RemoteDesktop>
      <Wlan id="199" enable="1">0</Wlan>
      <Snmp id="200" enable="1">0</Snmp>
      <WinDbgExt id="201" enable="1">0</WinDbgExt>
      <Dde id="202" enable="1">0</Dde>
    </minimums>

    <maximums>
      <Image id="0" enable="1">10485760</Image>
      <dos-header id="1" enable="1">64</dos-header>
      <dos-stub id="2" enable="1">2048</dos-stub>
      <file-header id="3" enable="1">20</file-header>
      <optional-header id="4" enable="1">260</optional-header>
      <SizeDataDirectory id="5" enable="1">16</SizeDataDirectory>
      <String id="6" enable="1">256</String>
      <VersionInfo id="7" enable="1">6144</VersionInfo>
      <BuiltinResource id="8" enable="1">2000</BuiltinResource>
      <Code id="9" enable="1">-1</Code>
      <Manifest id="10" enable="1">4096</Manifest>
      <ResourceHtml id="11" enable="1">4096</ResourceHtml>
      <CustomResource id="12" enable="1">512000</CustomResource>
      <CustomDefault id="13" enable="1">512000</CustomDefault>
      <DiskSection id="14" enable="1">-1</DiskSection>
      <Certificate id="15" enable="1">9216</Certificate>
      <InitializedData id="16" enable="1">1648576</InitializedData>
      <ProcentOverlay id="17" enable="1">50</ProcentOverlay>
      <ProcentResource id="18" enable="1">45</ProcentResource>

      <Libraries id="30" enable="1">50</Libraries>
      <Imports id="31" enable="1">500</Imports>
      <Sections id="32" enable="1">15</Sections>
      <Exports id="33" enable="1">3000</Exports>
      <Strings id="34" enable="1">2000</Strings>
      <DirectoriesItems id="35" enable="1">16</DirectoriesItems>
      <XY id="36" enable="0">24</XY>
      <EmptyDirectories id="37" enable="1">15</EmptyDirectories>
      <BlackListedStrings id="38" enable="1">50</BlackListedStrings>
      <VirustotalEnginesPositiv id="39" enable="1">1</VirustotalEnginesPositiv>
      <BlackListedImports id="40" enable="1">1</BlackListedImports>
      <BlackListedSectionNames id="41" enable="1">1</BlackListedSectionNames>

      <HttpStrings id="43" enable="1">5</HttpStrings>
      <BlackListedExports id="44" enable="1">1</BlackListedExports>
      <UndocumentedFunctions id="45" enable="1">3</UndocumentedFunctions>
      <WritableAndExecutableSections id="46" enable="1">0</WritableAndExecutableSections>
      <ExecutableSections id="47" enable="1">1</ExecutableSections>
      <AntidebugFunctions id="48" enable="1">1</AntidebugFunctions>
      <OrdinalFunctions id="49" enable="1">10</OrdinalFunctions>
      <DeprecatedFunctions id="50" enable="1">5</DeprecatedFunctions>
      <ElevatedFunctions id="51" enable="1">5</ElevatedFunctions>
      <EmbeddedPeFiles id="52" enable="1">1</EmbeddedPeFiles>
      <ExceptionHandlers id="53" enable="1">10</ExceptionHandlers>
      <NamelessSections id="54" enable="1">1</NamelessSections>
      <SharedSections id="55" enable="1">1</SharedSections>
      <ResourceLanguages id="56" enable="1">3</ResourceLanguages>
      <SmtpStrings id="57" enable="1">1</SmtpStrings>
      <FtpStrings id="58" enable="1">1</FtpStrings>
      <RegexStrings id="59" enable="1">0</RegexStrings>
      <WindowsPrivilegesStrings id="60" enable="1">1</WindowsPrivilegesStrings>
      <OIDsStrings id="61" enable="1">1</OIDsStrings>
      <AntivirusStrings id="62" enable="1">1</AntivirusStrings>
      <VirustotalOverlayEnginesPositiv id="63" enable="1">1</VirustotalOverlayEnginesPositiv>
      <AvStrings id="64" enable="1">1</AvStrings>
      <PrivilegesStrings id="65" enable="1">1</PrivilegesStrings>
      <OidStrings id="66" enable="1">1</OidStrings>
      <AgentStrings id="67" enable="1">1</AgentStrings>
      <ExtensionStrings id="68" enable="1">7</ExtensionStrings>
      <SddlStrings id="69" enable="1">1</SddlStrings>
      <FolderStrings id="70" enable="1">1</FolderStrings>
      <GuidStrings id="71" enable="1">1</GuidStrings>
      <RegistryStrings id="72" enable="1">1</RegistryStrings>
      <OsStrings id="73" enable="1">1</OsStrings>
      <ProductsStrings id="74" enable="1">1</ProductsStrings>
      <SidStrings id="75" enable="1">1</SidStrings>
      <ProtocolStrings id="76" enable="1">1</ProtocolStrings>
      <FileExtensions id="77" enable="1">5</FileExtensions>
      <KeyboardKeys id="78" enable="1">2</KeyboardKeys>
      <Insults id="79" enable="1">0</Insults>
      <FileExtensionsRansomware id="80" enable="1">20</FileExtensionsRansomware>

      <DebugAge id="100" enable="1">30</DebugAge>
      <DebugStampYear id="101" enable="1">2018</DebugStampYear>
      <CompilerStampYear id="102" enable="1">2018</CompilerStampYear>
      <CertificateIssuerYear id="103" enable="1">2018</CertificateIssuerYear>
      <CertificateSubjectYear id="104" enable="1">2018</CertificateSubjectYear>
      <Pipes id="105" enable="1">2</Pipes>
      <Entropy id="106" enable="1">7</Entropy>

      <SecurityManagement id="150" enable="1">1</SecurityManagement>
      <Authorization id="151" enable="1">1</Authorization>
      <Registry id="152" enable="1">1</Registry>
      <MemoryManagement id="153" enable="1">1</MemoryManagement>
      <ToolHelp id="154" enable="1">1</ToolHelp>
      <Backup id="155" enable="1">1</Backup>
      <EventLogging id="156" enable="1">1</EventLogging>
      <EventTracing id="157" enable="1">0</EventTracing>
      <ErrorHandling id="158" enable="1">1</ErrorHandling>
      <DirectoryManagement id="159" enable="1">1</DirectoryManagement>
      <Debugging id="160" enable="1">1</Debugging>
      <Console id="161" enable="1">1</Console>
      <ImageHlp id="162" enable="1">1</ImageHlp>
      <Communication id="163" enable="1">1</Communication>
      <COM id="164" enable="1">10</COM>
      <SystemInformation id="165" enable="1">5</SystemInformation>
      <PackageQuery id="166" enable="1">2</PackageQuery>
      <Setup id="167" enable="1">1</Setup>
      <StructuredStorage id="168" enable="1">3</StructuredStorage>
      <Ddeml id="169" enable="1">3</Ddeml>
      <Clipboard id="170" enable="1">3</Clipboard>
      <WinINet id="171" enable="1">3</WinINet>
      <DynamicLibrary id="172" enable="1">1</DynamicLibrary>
      <ProcessAndThread id="173" enable="1">1</ProcessAndThread>
      <WinHttp id="174" enable="1">1</WinHttp>
      <Zw id="175" enable="1">1</Zw>
      <Rtl id="176" enable="1">1</Rtl>
      <Nt id="177" enable="1">1</Nt>
      <DhcpServerManagement id="178" enable="1">1</DhcpServerManagement>
      <NetworkManagement id="179" enable="1">1</NetworkManagement>
      <Dns id="180" enable="1">1</Dns>
      <MailSlot id="181" enable="1">1</MailSlot>
      <Rpc id="182" enable="1">1</Rpc>
      <Seh id="183" enable="1">1</Seh>
      <Service id="184" enable="1">1</Service>
      <FileManagement id="185" enable="1">1</FileManagement>
      <VideoCapture id="186" enable="1">1</VideoCapture>
      <Cabinet id="187" enable="1">1</Cabinet>
      <SingleInstanceStore id="188" enable="1">1</SingleInstanceStore>
      <PerformanceCounters id="189" enable="1">1</PerformanceCounters>
      <Atom id="190" enable="1">1</Atom>
      <DeviceManagement id="191" enable="1">1</DeviceManagement>
      <Ras id="192" enable="1">1</Ras>
      <RasScripting id="193" enable="1">1</RasScripting>
      <WinSnmp id="194" enable="1">1</WinSnmp>
      <RouterInformation id="195" enable="1">1</RouterInformation>
      <Ndr id="196" enable="1">1</Ndr>
      <PowerManagement id="197" enable="1">1</PowerManagement>
      <RemoteDesktop id="198" enable="1">1</RemoteDesktop>
      <Wlan id="199" enable="1">1</Wlan>
      <Snmp id="200" enable="1">1</Snmp>
      <WinDbgExt id="201" enable="1">1</WinDbgExt>
      <Dde id="202" enable="1">1</Dde>
    </maximums>

    <percents>
      <Libraries id="300" enable="1">75</Libraries>
      <Imports id="301" enable="1">75</Imports>
    </percents>
    
  </thresholds>
</xml>
